batch_id,group_id,task_id,task_pl_node,task_dl_node,batch_position,batch_size,r1_next_x,r1_next_y,r1_tuf,r2_next_x,r2_next_y,r2_tuf,r1_queue_length,r2_queue_length,tuf_difference,task_pl_x,task_pl_y,task_dl_x,task_dl_y,r1_dist_to_pickup,r2_dist_to_pickup,task_dist_to_dropoff,task_type,pickup_time,dropoff_time,deadline,assigned_robot,sequence_rank,group_size,avg_pickup_distance_to_others,nearest_pickup_distance,avg_dropoff_to_pickup_distance,nearest_dropoff_to_pickup_distance,assigned_robot_tuf,other_robot_tuf,assigned_robot_queue_length,other_robot_queue_length,assigned_robot_dist_to_pickup,other_robot_dist_to_pickup,assigned_queue_minus_other_queue,assigned_tuf_minus_other_tuf,pickup_distance_advantage,total_direct_task_distance,total_direct_task_time,estimated_completion_time,deadline_margin,deadline_margin_difference,estimated_lateness_if_next,deadline_margin_ratio,urgency_per_meter,queue_context_load,best_successor_distance,average_successor_distance,best_predecessor_distance,average_predecessor_distance,best_successor_time,average_successor_time,best_predecessor_time,average_predecessor_time,current_base_to_pickup,current_base_to_pickup_time,finish_if_next,finish_if_last,remaining_queue_time_after_task,future_transition_cost,predecessor_transition_cost,finish_position_span,rank_label
B00001,B00001_R1,1,Gate_2,Purple_4,1,1,1.3716,0.2032,0,1.3716,2.54,0,0,0,0,0.2032,1.143,0.762,2.032,2.1082,2.5654,1.9558,1,3,3,300,0,1,1,0,0,0,0,0,0,0,0,2.1082,2.5654,0,0,0.4572,4.064,22.04231635,22.04231635,277.9576837,0,0,0.926525612,73.81889764,0,0,0,0,0,0,0,0,0,2.1082,8.321951605,22.04231635,13.72036474,0,0,0,-8.321951605,0
B00002,B00002_R2,2,Gate_2,Yellow_3,1,1,0.762,2.032,9.72,1.3716,2.54,0,1,0,9.72,0.2032,1.143,1.0668,0.2032,1.9558,2.5654,1.8034,1,3,3,300,1,1,1,0,0,0,0,0,9.72,0,1,2.5654,1.9558,-1,-9.72,-0.6096,4.3688,23.24549007,23.24549007,276.7545099,0,0,0.922515033,68.66874199,0,0,0,0,0,0,0,0,0,2.5654,10.12671219,23.24549007,13.11877788,0,0,0,-10.12671219,0
B00003,B00003_R1,3,Gate_1,Yellow_3,1,1,0.762,2.032,0,1.0668,0.2032,10.12,0,1,-10.12,0.2032,0.762,1.0668,0.2032,2.3368,1.4224,1.4224,1,3,3,300,0,1,1,0,0,0,0,0,10.12,0,1,2.3368,1.4224,-1,-10.12,-0.9144,3.7592,20.83914262,20.83914262,279.1608574,0,0,0.930536191,79.80421366,0,0,0,0,0,0,0,0,0,2.3368,9.224331899,20.83914262,11.61481072,0,0,0,-9.224331899,0
B00004,B00004_R2,4,Yellow_4,Orange_3,1,1,1.0668,0.2032,12.62,1.0668,0.2032,0,1,0,12.62,0.762,0.7112,2.286,2.54,0.8128,0.8128,3.8608,3,3,3,300,1,1,1,0,0,0,0,0,12.62,0,1,0.8128,0.8128,-1,-12.62,0,4.6736,24.4486638,24.4486638,275.5513362,0,0,0.918504454,64.19034577,0,0,0,0,0,0,0,0,0,0.8128,3.208463269,24.4486638,21.24020053,0,0,0,-3.208463269,0
B00005,B00005_R1,5,Yellow_3,Gate_3,1,1,1.0668,0.2032,4,2.286,2.54,21.04,1,1,-17.04,1.0668,0.2032,0.2032,1.6002,0,3.556,2.2606,2,3,3,300,0,1,1,0,0,0,0,4,21.04,1,1,0,3.556,0,-17.04,3.556,2.2606,14.92353847,18.92353847,281.0764615,0,0,0.936921538,132.7081306,5,0,0,0,0,0,0,0,0,0,0,18.92353847,18.92353847,0,0,0,0,0
B00006,B00006_R2,6,Gate_1,Green_1,1,1,0.2032,1.6002,14.64,2.286,2.54,4,1,1,10.64,0.2032,0.762,1.6764,0.2032,1.3462,3.8608,2.032,1,3,3,300,1,1,1,0,0,0,0,4,14.64,1,1,3.8608,1.3462,0,-10.64,-2.5146,5.8928,29.2613587,33.2613587,266.7386413,0,0,0.889128804,50.90958458,5,0,0,0,0,0,0,0,0,3.8608,15.24020053,33.2613587,18.02115817,0,0,0,-15.24020053,0
B00007,B00007_R1,7,Gate_1,Orange_4,1,1,0.2032,1.6002,0,1.6764,0.2032,23.75,0,1,-23.75,0.2032,0.762,1.6764,2.032,1.3462,2.032,3.2512,1,3,3,300,0,1,1,0,0,0,0,0,23.75,0,1,1.3462,2.032,-1,-23.75,0.6858,4.5974,24.14787037,24.14787037,275.8521296,0,0,0.919507099,65.25427415,0,0,0,0,0,0,0,0,0,1.3462,5.31401729,24.14787037,18.83385308,0,0,0,-5.31401729,0
B00008,B00008_R2,8,Green_2,Gate_3,1,1,1.6764,2.032,18.71,1.6764,0.2032,10.02,1,1,8.7,1.9812,0.2032,0.2032,1.6002,3.2512,0.8128,3.175,2,3,3,300,1,1,1,0,0,0,0,10.02,18.71,1,1,0.8128,3.2512,0,-8.69,2.4384,3.9878,21.74152291,31.76152291,268.2384771,0,0,0.894128257,75.22944982,11.02,0,0,0,0,0,0,0,0,0.8128,3.208463269,31.76152291,28.55305965,0,0,0,-3.208463269,0
B00009,B00009_R1,9,Purple_1,Gate_3,1,1,1.6764,2.032,0,0.2032,1.6002,21.82,1,1,-21.82,0.4572,2.54,0.2032,1.6002,1.7272,1.1938,1.1938,2,3,3,300,0,1,1,0,0,0,0,0,21.82,1,1,1.7272,1.1938,0,-21.82,-0.5334,2.921,17.53041487,17.53041487,282.4695851,0,0,0.941565284,102.7045532,1,0,0,0,0,0,0,0,0,1.7272,6.817984447,17.53041487,10.71243043,0,0,0,-6.817984447,0
B00010,B00010_R1,10,Purple_2,Green_3,1,1,0.2032,1.6002,11.72,0.2032,1.6002,14.53,1,1,-2.82,0.762,2.54,2.286,0.2032,1.4986,1.4986,3.8608,3,3,3,300,0,1,1,0,0,0,0,11.72,14.53,1,1,1.4986,1.4986,0,-2.81,0,5.3594,27.15580468,38.87580468,261.1241953,0,0,0.870413984,55.97641527,12.72,0,0,0,0,0,0,0,0,1.4986,5.915604153,38.87580468,32.96020053,0,0,0,-5.915604153,0
B00011,B00011_R2,11,Green_7,Gate_3,1,1,2.286,0.2032,27.16,0.2032,1.6002,0,2,0,27.16,2.54,1.143,0.2032,1.6002,1.1938,2.794,2.794,2,3,3,300,1,1,1,0,0,0,0,0,27.16,0,2,2.794,1.1938,-2,-27.16,-1.6002,5.588,28.05818498,28.05818498,271.941815,0,0,0.906472717,53.68647101,0,0,0,0,0,0,0,0,0,2.794,11.02909249,28.05818498,17.02909249,0,0,0,-11.02909249,0
B00012,B00012_R2,12,Gate_2,Purple_2,1,1,2.286,0.2032,21.24,0.2032,1.6002,16.99,1,1,4.25,0.2032,1.143,0.762,2.54,3.0226,0.9652,1.9558,1,3,3,300,1,1,1,0,0,0,0,16.99,21.24,1,1,0.9652,3.0226,0,-4.25,2.0574,2.921,17.53041487,34.52041487,265.4795851,0,0,0.88493195,102.7045532,17.99,0,0,0,0,0,0,0,0,0.9652,3.810050132,34.52041487,30.71036474,0,0,0,-3.810050132,0
B00013,B00013_R1,13,Gate_2,Purple_3,1,1,2.286,0.2032,10.32,0.762,2.54,17.53,1,1,-7.21,0.2032,1.143,1.0668,2.54,3.0226,1.9558,2.2606,1,3,3,300,0,1,1,0,0,0,0,10.32,17.53,1,1,3.0226,1.9558,0,-7.21,-1.0668,5.2832,26.85501125,37.17501125,262.8249887,0,0,0.876083296,56.78376741,11.32,0,0,0,0,0,0,0,0,3.0226,11.93147278,37.17501125,25.24353847,0,0,0,-11.93147278,0
B00014,B00014_R2,14,Gate_1,Yellow_4,1,1,1.0668,2.54,25.85,0.762,2.54,13.52,1,1,12.33,0.2032,0.762,0.762,0.7112,2.6416,2.3368,1.1176,1,3,3,300,1,1,1,0,0,0,0,13.52,25.85,1,1,2.3368,2.6416,0,-12.33,0.3048,3.4544,19.63596889,33.15596889,266.8440311,0,0,0.889480104,86.84576193,14.52,0,0,0,0,0,0,0,0,2.3368,9.224331899,33.15596889,23.931637,0,0,0,-9.224331899,0
B00015,B00015_R1,15,Gate_1,Green_1,1,1,1.0668,2.54,11.92,0.762,0.7112,22.52,1,1,-10.59,0.2032,0.762,1.6764,0.2032,2.6416,1.1176,2.032,1,3,3,300,0,1,1,0,0,0,0,11.92,22.52,1,1,2.6416,1.1176,0,-10.6,-1.524,4.6736,24.4486638,36.3686638,263.6313362,0,0,0.878771121,64.19034577,12.92,0,0,0,0,0,0,0,0,2.6416,10.42750563,36.3686638,25.94115817,0,0,0,-10.42750563,0
B00016,B00016_R2,16,Gate_1,Green_5,1,1,1.6764,0.2032,24.61,0.762,0.7112,10.41,1,1,14.2,0.2032,0.762,1.9812,0.7112,2.032,1.1176,2.3368,1,3,3,300,1,1,1,0,0,0,0,10.41,24.61,1,1,1.1176,2.032,0,-14.2,0.9144,3.4544,19.63596889,30.04596889,269.9540311,0,0,0.89984677,86.84576193,11.41,0,0,0,0,0,0,0,0,1.1176,4.411636995,30.04596889,25.6343319,0,0,0,-4.411636995,0
B00017,B00017_R1,17,Orange_5,Orange_3,1,1,1.6764,0.2032,11.42,1.9812,0.7112,19.64,1,1,-8.21,1.9812,2.032,2.286,2.54,3.2512,2.9464,0.8128,3,3,3,300,0,1,1,0,0,0,0,11.42,19.64,1,1,3.2512,2.9464,0,-8.22,-0.3048,4.064,22.04231635,33.46231635,266.5376837,0,0,0.888458946,73.81889764,12.42,0,0,0,0,0,0,0,0,3.2512,12.83385308,33.46231635,20.62846327,0,0,0,-12.83385308,0
B00018,B00018_R2,18,Gate_1,Green_7,1,1,2.286,2.54,22.6,1.9812,0.7112,15.1,1,1,7.5,0.2032,0.762,2.54,1.143,3.8608,2.3368,2.7178,1,3,3,300,1,1,1,0,0,0,0,15.1,22.6,1,1,2.3368,3.8608,0,-7.5,1.524,5.0546,25.95263096,41.05263096,258.947369,0,0,0.863157897,59.3518775,16.1,0,0,0,0,0,0,0,0,2.3368,9.224331899,41.05263096,31.82829906,0,0,0,-9.224331899,0
B00019,B00019_R1,19,Purple_1,Purple_3,1,1,2.286,2.54,7.17,2.54,1.143,29.96,1,2,-22.79,0.4572,2.54,1.0668,2.54,2.3368,3.4798,1.1176,3,3,3,300,0,1,1,0,0,0,0,7.17,29.96,1,2,2.3368,3.4798,-1,-22.79,1.143,3.4544,19.63596889,26.80596889,273.1940311,0,0,0.91064677,86.84576193,8.17,0,0,0,0,0,0,0,0,2.3368,9.224331899,26.80596889,17.581637,0,0,0,-9.224331899,0
B00020,B00020_R1,20,Gate_2,Orange_6,1,1,1.0668,2.54,20.44,2.54,1.143,21.34,1,1,-0.9,0.2032,1.143,2.54,1.9812,2.2606,2.3368,3.175,1,3,3,300,0,1,1,0,0,0,0,20.44,21.34,1,1,2.2606,2.3368,0,-0.9,0.0762,5.4356,27.45659811,47.89659811,252.1034019,0,0,0.840344673,55.19169917,21.44,0,0,0,0,0,0,0,0,2.2606,8.923538468,47.89659811,38.97305965,0,0,0,-8.923538468,0
B00021,B00021_R2,21,Gate_1,Purple_4,1,1,2.54,1.9812,35.91,2.54,1.143,12.73,2,1,23.18,0.2032,0.762,0.762,2.032,3.556,2.7178,2.3368,1,3,3,300,1,1,1,0,0,0,0,12.73,35.91,1,2,2.7178,3.556,-1,-23.18,0.8382,5.0546,25.95263096,38.68263096,261.317369,0,0,0.871057897,59.3518775,13.73,0,0,0,0,0,0,0,0,2.7178,10.72829906,38.68263096,27.9543319,0,0,0,-10.72829906,0
B00022,B00022_R2,22,Purple_1,Gate_4,1,1,2.54,1.9812,28.42,0.762,2.032,24.95,1,1,3.47,0.4572,2.54,0.2032,1.9812,2.6416,0.8128,0.8128,2,3,3,300,1,1,1,0,0,0,0,24.95,28.42,1,1,0.8128,2.6416,0,-3.47,1.8288,1.6256,12.41692654,37.36692654,262.6330735,0,0,0.875443578,184.5472441,25.95,0,0,0,0,0,0,0,0,0.8128,3.208463269,37.36692654,34.15846327,0,0,0,-3.208463269,0
B00023,B00023_R1,23,Green_6,Gate_4,1,1,2.54,1.9812,16.65,0.2032,1.9812,23.64,1,2,-6.99,2.54,0.762,0.2032,1.9812,1.7272,3.556,3.556,2,3,3,300,0,1,1,0,0,0,0,16.65,23.64,1,2,1.7272,3.556,-1,-6.99,1.8288,5.2832,26.85501125,43.50501125,256.4949887,0,0,0.854983296,56.78376741,17.65,0,0,0,0,0,0,0,0,1.7272,6.817984447,43.50501125,36.6870268,0,0,0,-6.817984447,0
B00024,B00024_R2,24,Yellow_3,Gate_3,1,1,0.2032,1.9812,28.06,0.2032,1.9812,12.5,1,1,15.56,1.0668,0.2032,0.2032,1.6002,2.6416,2.6416,2.2606,2,3,3,300,1,1,1,0,0,0,0,12.5,28.06,1,1,2.6416,2.6416,0,-15.56,0,4.9022,25.35104409,37.85104409,262.1489559,0,0,0.873829853,61.19701359,13.5,0,0,0,0,0,0,0,0,2.6416,10.42750563,37.85104409,27.42353847,0,0,0,-10.42750563,0
B00025,B00025_R1,25,Purple_1,Gate_3,1,1,0.2032,1.9812,18.24,0.2032,1.6002,30.56,1,2,-12.32,0.4572,2.54,0.2032,1.6002,0.8128,1.1938,1.1938,2,3,3,300,0,1,1,0,0,0,0,18.24,30.56,1,2,0.8128,1.1938,-1,-12.32,0.381,2.0066,13.9208937,32.1608937,267.8391063,0,0,0.892797021,149.5066281,19.24,0,0,0,0,0,0,0,0,0.8128,3.208463269,32.1608937,28.95243043,0,0,0,-3.208463269,0
B00026,B00026_R1,26,Orange_2,Gate_4,1,1,0.2032,1.6002,15.28,0.2032,1.6002,21.04,1,1,-5.76,1.9812,2.54,0.2032,1.9812,2.7178,2.7178,2.3368,2,3,3,300,0,1,1,0,0,0,0,15.28,21.04,1,1,2.7178,2.7178,0,-5.76,0,5.0546,25.95263096,41.23263096,258.767369,0,0,0.862557897,59.3518775,16.28,0,0,0,0,0,0,0,0,2.7178,10.72829906,41.23263096,30.5043319,0,0,0,-10.72829906,0
B00027,B00027_R2,27,Yellow_2,Gate_4,1,1,0.2032,1.9812,34.87,0.2032,1.6002,11.92,2,1,22.94,0.762,0.2032,0.2032,1.9812,2.3368,1.9558,2.3368,2,3,3,300,1,1,1,0,0,0,0,11.92,34.87,1,2,1.9558,2.3368,-1,-22.95,0.381,4.2926,22.94469664,34.86469664,265.1353034,0,0,0.883784345,69.88771374,12.92,0,0,0,0,0,0,0,0,1.9558,7.720364742,34.86469664,27.1443319,0,0,0,-7.720364742,0
B00028,B00028_R2,28,Gate_2,Yellow_1,1,1,0.2032,1.9812,27.07,0.2032,1.9812,23.1,1,1,3.97,0.2032,1.143,0.4572,0.2032,1.3462,1.3462,1.1938,1,3,3,300,1,1,1,0,0,0,0,23.1,27.07,1,1,1.3462,1.3462,0,-3.97,0,2.54,16.02644772,39.12644772,260.8735523,0,0,0.869578508,118.1102362,24.1,0,0,0,0,0,0,0,0,1.3462,5.31401729,39.12644772,33.81243043,0,0,0,-5.31401729,0
B00029,B00029_R1,29,Green_3,Gate_4,1,1,0.2032,1.9812,13.42,0.4572,0.2032,28.49,1,2,-15.07,2.286,0.2032,0.2032,1.9812,3.8608,2.3368,3.8608,2,3,3,300,0,1,1,0,0,0,0,13.42,28.49,1,2,3.8608,2.3368,-1,-15.07,-1.524,7.7216,36.48040106,49.90040106,250.0995989,0,0,0.83366533,38.85205139,14.42,0,0,0,0,0,0,0,0,3.8608,15.24020053,49.90040106,34.66020053,0,0,0,-15.24020053,0
B00030,B00030_R2,30,Orange_4,Gate_3,1,1,0.2032,1.9812,37.92,0.4572,0.2032,16.43,1,1,21.49,1.6764,2.032,0.2032,1.6002,2.032,3.556,2.413,2,3,3,300,1,1,1,0,0,0,0,16.43,37.92,1,1,3.556,2.032,0,-21.49,-1.524,5.969,29.56215213,45.99215213,254.0078479,0,0,0.846692826,50.25967499,17.43,0,0,0,0,0,0,0,0,3.556,14.0370268,45.99215213,31.95512533,0,0,0,-14.0370268,0
B00031,B00031_R1,31,Gate_1,Yellow_1,1,1,0.2032,1.9812,19.92,0.2032,1.6002,37.59,1,2,-17.67,0.2032,0.762,0.4572,0.2032,1.7272,1.3462,0.8128,1,3,3,300,0,1,1,0,0,0,0,19.92,37.59,1,2,1.7272,1.3462,-1,-17.67,-0.381,2.54,16.02644772,35.94644772,264.0535523,0,0,0.880178508,118.1102362,20.92,0,0,0,0,0,0,0,0,1.7272,6.817984447,35.94644772,29.12846327,0,0,0,-6.817984447,0
B00032,B00032_R1,32,Purple_2,Gate_3,1,1,0.4572,0.2032,17.95,0.2032,1.6002,29.8,1,1,-11.86,0.762,2.54,0.2032,1.6002,2.6416,1.4986,1.4986,2,3,3,300,0,1,1,0,0,0,0,17.95,29.8,1,1,2.6416,1.4986,0,-11.85,-1.143,4.1402,22.34310978,40.29310978,259.7068902,0,0,0.865689634,72.46026762,18.95,0,0,0,0,0,0,0,0,2.6416,10.42750563,40.29310978,29.86560415,0,0,0,-10.42750563,0
B00033,B00033_R2,33,Gate_1,Green_6,1,1,0.2032,1.6002,30.47,0.2032,1.6002,13.01,2,1,17.47,0.2032,0.762,2.54,0.762,1.3462,1.3462,2.9464,1,3,3,300,1,1,1,0,0,0,0,13.01,30.47,1,2,1.3462,1.3462,-1,-17.46,0,4.2926,22.94469664,35.95469664,264.0453034,0,0,0.880151011,69.88771374,14.01,0,0,0,0,0,0,0,0,1.3462,5.31401729,35.95469664,30.64067935,0,0,0,-5.31401729,0
B00034,B00034_R1,34,Gate_2,Orange_3,1,1,0.2032,1.6002,24.1,2.54,0.762,23.42,1,1,0.68,0.2032,1.143,2.286,2.54,0.9652,2.7178,3.4798,1,3,3,300,0,1,1,0,0,0,0,24.1,23.42,1,1,0.9652,2.7178,0,0.68,1.7526,4.445,23.5462835,47.6462835,252.3537165,0,0,0.841179055,67.49156355,25.1,0,0,0,0,0,0,0,0,0.9652,3.810050132,47.6462835,43.83623337,0,0,0,-3.810050132,0
B00035,B00035_R2,35,Gate_2,Yellow_2,1,1,2.286,2.54,34.46,2.54,0.762,15.03,2,1,19.43,0.2032,1.143,0.762,0.2032,3.4798,2.7178,1.4986,1,3,3,300,1,1,1,0,0,0,0,15.03,34.46,1,2,2.7178,3.4798,-1,-19.43,0.762,4.2164,22.64390321,37.67390321,262.3260968,0,0,0.874420323,71.15074471,16.03,0,0,0,0,0,0,0,0,2.7178,10.72829906,37.67390321,26.94560415,0,0,0,-10.72829906,0
B00036,B00036_R1,36,Purple_5,Gate_3,1,1,2.286,2.54,25.55,0.762,0.2032,23.44,1,1,2.1,1.0668,2.032,0.2032,1.6002,1.7272,3.2512,1.8034,2,3,3,300,0,1,1,0,0,0,0,25.55,23.44,1,1,1.7272,3.2512,0,2.11,1.524,3.5306,19.93676233,45.48676233,254.5132377,0,0,0.848377459,84.97139296,26.55,0,0,0,0,0,0,0,0,1.7272,6.817984447,45.48676233,38.66877788,0,0,0,-6.817984447,0
B00037,B00037_R2,37,Orange_5,Gate_4,1,1,0.2032,1.6002,38.51,0.762,0.2032,9.72,2,1,28.8,1.9812,2.032,0.2032,1.9812,2.7178,3.556,2.3368,2,3,3,300,1,1,1,0,0,0,0,9.72,38.51,1,2,3.556,2.7178,-1,-28.79,-0.8382,5.8928,29.2613587,38.9813587,261.0186413,0,0,0.870062138,50.90958458,10.72,0,0,0,0,0,0,0,0,3.556,14.0370268,38.9813587,24.9443319,0,0,0,-14.0370268,0
B00038,B00038_R1,38,Orange_5,Green_4,1,1,0.2032,1.6002,21.94,0.2032,1.9812,30.06,1,1,-8.12,1.9812,2.032,1.6764,0.7112,2.7178,2.3368,3.2512,3,3,3,300,0,1,1,0,0,0,0,21.94,30.06,1,1,2.7178,2.3368,0,-8.12,-0.381,5.969,29.56215213,51.50215213,248.4978479,0,0,0.82832616,50.25967499,22.94,0,0,0,0,0,0,0,0,2.7178,10.72829906,51.50215213,40.77385308,0,0,0,-10.72829906,0
B00039,B00039_R2,39,Gate_1,Yellow_4,1,1,1.6764,0.7112,41.76,0.2032,1.9812,13.34,2,1,28.42,0.2032,0.762,0.762,0.7112,2.032,1.7272,1.1176,1,3,3,300,1,1,1,0,0,0,0,13.34,41.76,1,2,1.7272,2.032,-1,-28.42,0.3048,2.8448,17.22962144,30.56962144,269.4303786,0,0,0.898101262,105.4555681,14.34,0,0,0,0,0,0,0,0,1.7272,6.817984447,30.56962144,23.751637,0,0,0,-6.817984447,0
B00040,B00040_R2,40,Purple_4,Gate_4,1,1,1.6764,0.7112,31.72,0.762,0.7112,18.59,1,1,13.13,0.762,2.032,0.2032,1.9812,3.2512,2.9464,1.1176,2,3,3,300,1,1,1,0,0,0,0,18.59,31.72,1,1,2.9464,3.2512,0,-13.13,0.3048,4.064,22.04231635,40.63231635,259.3676837,0,0,0.864558946,73.81889764,19.59,0,0,0,0,0,0,0,0,2.9464,11.63067935,40.63231635,29.001637,0,0,0,-11.63067935,0
B00041,B00041_R1,41,Gate_1,Purple_3,1,1,1.6764,0.7112,18.07,0.2032,1.9812,30.81,1,2,-12.74,0.2032,0.762,1.0668,2.54,2.032,1.7272,2.6416,1,3,3,300,0,1,1,0,0,0,0,18.07,30.81,1,2,2.032,1.7272,-1,-12.74,-0.3048,4.6736,24.4486638,42.5186638,257.4813362,0,0,0.858271121,64.19034577,19.07,0,0,0,0,0,0,0,0,2.032,8.021158173,42.5186638,34.49750563,0,0,0,-8.021158173,0
B00042,B00042_R2,42,Gate_2,Yellow_1,1,1,1.0668,2.54,26.93,0.2032,1.9812,23.32,1,1,3.61,0.2032,1.143,0.4572,0.2032,2.2606,1.3462,1.1938,1,3,3,300,1,1,1,0,0,0,0,23.32,26.93,1,1,1.3462,2.2606,0,-3.61,0.9144,2.54,16.02644772,39.34644772,260.6535523,0,0,0.868845174,118.1102362,24.32,0,0,0,0,0,0,0,0,1.3462,5.31401729,39.34644772,34.03243043,0,0,0,-5.31401729,0
B00043,B00043_R2,42,Gate_2,Yellow_1,1,2,1.0668,2.54,16.07,0.4572,0.2032,25.04,1,2,-8.97,0.2032,1.143,0.4572,0.2032,2.2606,1.1938,1.1938,1,3,3,300,1,1,2,1.4986,1.4986,0.8128,0.8128,25.04,16.07,2,1,1.1938,2.2606,1,8.97,1.0668,2.3876,15.42486085,40.46486085,259.5351391,3.007934315,0,0.86511713,125.6491875,27.04,0.8128,0.8128,1.3462,1.3462,3.208463269,3.208463269,5.31401729,5.31401729,1.1938,4.712430427,40.46486085,59.49924288,21.64125844,3.208463269,5.31401729,19.03438203,1
B00043,B00043_R2,43,Yellow_4,Gate_4,2,2,1.0668,2.54,16.07,0.4572,0.2032,25.04,1,2,-8.97,0.762,0.7112,0.2032,1.9812,3.2512,0.8128,2.3368,2,3,3,300,1,2,2,1.4986,1.4986,1.3462,1.3462,25.04,16.07,2,1,0.8128,3.2512,1,8.97,2.4384,3.1496,18.43279517,43.47279517,256.5272048,0,0,0.855090683,95.2501905,27.04,1.3462,1.3462,0.8128,0.8128,5.31401729,5.31401729,3.208463269,3.208463269,0.8128,3.208463269,43.47279517,58.89765602,20.73887814,5.31401729,3.208463269,15.42486085,0
B00044,B00044_R1,44,Gate_2,Orange_7,1,1,1.0668,2.54,0,0.2032,1.9812,35.98,0,2,-35.98,0.2032,1.143,2.54,1.6002,2.2606,1.3462,2.794,1,3,3,300,0,1,1,0,0,0,0,0,35.98,0,2,2.2606,1.3462,-2,-35.98,-0.9144,5.0546,25.95263096,25.95263096,274.047369,0,0,0.91349123,59.3518775,0,0,0,0,0,0,0,0,0,2.2606,8.923538468,25.95263096,17.02909249,0,0,0,-8.923538468,0
B00045,B00045_R1,45,Gate_1,Green_5,1,1,2.54,1.6002,18.03,0.2032,1.9812,27.59,1,2,-9.55,0.2032,0.762,1.9812,0.7112,3.175,1.7272,2.3368,1,3,3,300,0,1,1,0,0,0,0,18.03,27.59,1,2,3.175,1.7272,-1,-9.56,-1.4478,5.5118,27.75739154,45.78739154,254.2126085,0,0,0.847375362,54.42868029,19.03,0,0,0,0,0,0,0,0,3.175,12.53305965,45.78739154,33.2543319,0,0,0,-12.53305965,0
B00046,B00046_R2,46,Gate_1,Green_6,1,1,1.9812,0.7112,31.76,0.2032,1.9812,19.79,2,1,11.97,0.2032,0.762,2.54,0.762,2.3368,1.7272,2.9464,1,3,3,300,1,1,1,0,0,0,0,19.79,31.76,1,2,1.7272,2.3368,-1,-11.97,0.6096,4.6736,24.4486638,44.2386638,255.7613362,0,0,0.852537787,64.19034577,20.79,0,0,0,0,0,0,0,0,1.7272,6.817984447,44.2386638,37.42067935,0,0,0,-6.817984447,0
B00047,B00047_R1,47,Green_2,Green_6,1,1,1.9812,0.7112,17.73,2.54,0.762,37.87,1,2,-20.14,1.9812,0.2032,2.54,0.762,0.508,1.1176,1.1176,3,3,3,300,0,1,1,0,0,0,0,17.73,37.87,1,2,0.508,1.1176,-1,-20.14,0.6096,1.6256,12.41692654,30.14692654,269.8530735,0,0,0.899510245,184.5472441,18.73,0,0,0,0,0,0,0,0,0.508,2.005289543,30.14692654,28.141637,0,0,0,-2.005289543,0
B00048,B00048_R1,47,Green_2,Green_6,1,2,2.54,0.762,21.23,2.54,0.762,25.81,2,1,-4.58,1.9812,0.2032,2.54,0.762,1.1176,1.1176,1.1176,3,3,3,300,0,1,2,1.9558,1.9558,1.3462,1.3462,21.23,25.81,2,1,1.1176,1.1176,1,-4.58,0,2.2352,14.82327399,36.05327399,263.946726,3.007934315,0,0.87982242,134.2161775,23.23,1.3462,1.3462,0.8128,0.8128,5.31401729,5.31401729,3.208463269,3.208463269,1.1176,4.411636995,36.05327399,52.68130857,23.1452256,5.31401729,3.208463269,16.62803458,1
B00048,B00048_R1,48,Orange_7,Green_3,2,2,2.54,0.762,21.23,2.54,0.762,25.81,2,1,-4.58,2.54,1.6002,2.286,0.2032,1.3462,1.3462,1.651,3,3,3,300,0,2,2,1.9558,1.9558,0.8128,0.8128,21.23,25.81,2,1,1.3462,1.3462,1,-4.58,0,2.9972,17.83120831,39.06120831,260.9387917,0,0,0.869795972,100.0934205,23.23,0.8128,0.8128,1.3462,1.3462,3.208463269,3.208463269,5.31401729,5.31401729,1.3462,5.31401729,39.06120831,53.8844823,18.03173726,3.208463269,5.31401729,14.82327399,0
B00049,B00049_R2,49,Purple_4,Gate_4,1,1,2.286,0.2032,30.25,2.54,0.762,15.99,2,1,14.26,0.762,2.032,0.2032,1.9812,3.8608,3.556,1.1176,2,3,3,300,1,1,1,0,0,0,0,15.99,30.25,1,2,3.556,3.8608,-1,-14.26,0.3048,4.6736,24.4486638,40.4386638,259.5613362,0,0,0.865204454,64.19034577,16.99,0,0,0,0,0,0,0,0,3.556,14.0370268,40.4386638,26.401637,0,0,0,-14.0370268,0
B00050,B00050_R1,48,Orange_7,Green_3,1,2,2.286,0.2032,21.83,0.2032,1.9812,26.21,2,1,-4.37,2.54,1.6002,2.286,0.2032,1.651,2.7178,1.651,3,3,3,300,0,1,2,1.4986,1.4986,2.6416,2.6416,21.83,26.21,2,1,1.651,2.7178,1,-4.38,1.0668,3.302,19.03438203,40.86438203,259.135618,8.12142265,0,0.863785393,90.85402786,23.83,2.6416,2.6416,2.3368,2.3368,10.42750563,10.42750563,9.224331899,9.224331899,1.651,6.517191016,40.86438203,70.7273276,37.58331031,10.42750563,9.224331899,29.86294557,1
B00050,B00050_R1,50,Orange_5,Gate_3,2,2,2.286,0.2032,21.83,0.2032,1.9812,26.21,2,1,-4.37,1.9812,2.032,0.2032,1.6002,2.6416,2.3368,2.7178,2,3,3,300,0,2,2,1.4986,1.4986,2.3368,2.3368,21.83,26.21,2,1,2.6416,2.3368,1,-4.38,-0.3048,5.3594,27.15580468,48.98580468,251.0141953,0,0,0.836713984,55.97641527,23.83,2.3368,2.3368,2.6416,2.6416,9.224331899,9.224331899,10.42750563,10.42750563,2.6416,10.42750563,48.98580468,68.02018671,28.25871393,9.224331899,10.42750563,19.03438203,0
B00051,B00051_R2,51,Gate_2,Yellow_5,1,1,0.2032,1.6002,39.67,0.2032,1.9812,9.41,2,1,30.26,0.2032,1.143,1.0668,0.7112,0.9652,1.3462,1.8034,1,3,3,300,1,1,1,0,0,0,0,9.41,39.67,1,2,1.3462,0.9652,-1,-30.26,-0.381,3.1496,18.43279517,27.84279517,272.1572048,0,0,0.907190683,95.2501905,10.41,0,0,0,0,0,0,0,0,1.3462,5.31401729,27.84279517,22.52877788,0,0,0,-5.31401729,0
B00052,B00052_R2,52,Orange_2,Green_2,1,1,0.2032,1.6002,27.16,1.0668,0.7112,20.35,2,1,6.8,1.9812,2.54,1.9812,0.2032,2.7178,3.2512,2.9464,3,3,3,300,1,1,1,0,0,0,0,20.35,27.16,1,2,3.2512,2.7178,-1,-6.81,-0.5334,6.1976,30.46453243,50.81453243,249.1854676,0,0,0.830618225,48.40583452,21.35,0,0,0,0,0,0,0,0,3.2512,12.83385308,50.81453243,37.98067935,0,0,0,-12.83385308,0
B00053,B00053_R1,53,Gate_2,Orange_6,1,1,0.2032,1.6002,20.14,1.9812,0.2032,42.42,1,2,-22.29,0.2032,1.143,2.54,1.9812,0.9652,2.7178,3.175,1,3,3,300,0,1,1,0,0,0,0,20.14,42.42,1,2,0.9652,2.7178,-1,-22.28,1.7526,4.1402,22.34310978,42.48310978,257.5168902,0,0,0.858389634,72.46026762,21.14,0,0,0,0,0,0,0,0,0.9652,3.810050132,42.48310978,38.67305965,0,0,0,-3.810050132,0
B00054,B00054_R1,54,Purple_1,Gate_3,1,2,2.54,1.9812,33.87,1.9812,0.2032,32.38,2,1,1.48,0.4572,2.54,0.2032,1.6002,2.6416,3.8608,1.1938,2,3,3,300,0,1,2,1.651,1.651,0.9652,0.9652,33.87,32.38,2,1,2.6416,3.8608,1,1.49,1.2192,3.8354,21.13993605,55.00993605,244.9900639,9.926183239,0,0.816633546,78.21869948,35.87,0.9652,0.9652,2.6416,2.6416,3.810050132,3.810050132,10.42750563,10.42750563,2.6416,10.42750563,55.00993605,86.07605534,34.87616942,3.810050132,10.42750563,31.06611929,1
B00054,B00054_R1,53,Gate_2,Orange_6,2,2,2.54,1.9812,33.87,1.9812,0.2032,32.38,2,1,1.48,0.2032,1.143,2.54,1.9812,3.175,2.7178,3.175,1,3,3,300,0,2,2,1.651,1.651,2.6416,2.6416,33.87,32.38,2,1,3.175,2.7178,1,1.49,-0.4572,6.35,31.06611929,64.93611929,235.0638807,0,0,0.783546269,47.24409449,35.87,2.6416,2.6416,0.9652,0.9652,10.42750563,10.42750563,3.810050132,3.810050132,3.175,12.53305965,64.93611929,77.35304583,31.56744168,10.42750563,3.810050132,12.41692654,0
B00055,B00055_R2,55,Yellow_4,Gate_3,1,1,2.54,1.9812,36.77,1.9812,0.2032,16.79,2,1,19.97,0.762,0.7112,0.2032,1.6002,3.556,1.7272,1.9558,2,3,3,300,1,1,1,0,0,0,0,16.79,36.77,1,2,1.7272,3.556,-1,-19.98,1.8288,3.683,20.53834919,37.32834919,262.6716508,0,0,0.875572169,81.45533532,17.79,0,0,0,0,0,0,0,0,1.7272,6.817984447,37.32834919,30.51036474,0,0,0,-6.817984447,0
B00056,B00056_R1,53,Gate_2,Orange_6,1,2,2.54,1.9812,27.85,0.2032,1.6002,23.02,2,1,4.83,0.2032,1.143,2.54,1.9812,3.175,0.9652,3.175,1,3,3,300,0,1,2,2.794,2.794,0.889,0.889,27.85,23.02,2,1,3.175,0.9652,1,4.83,-2.2098,6.35,31.06611929,58.91611929,241.0838807,0,0,0.803612936,47.24409449,29.85,0.889,0.889,0.9652,0.9652,3.509256701,3.509256701,3.810050132,3.810050132,3.175,12.53305965,58.91611929,68.92669838,22.2428453,3.509256701,3.810050132,10.01057909,1
B00056,B00056_R1,56,Orange_7,Gate_3,2,2,2.54,1.9812,27.85,0.2032,1.6002,23.02,2,1,4.83,2.54,1.6002,0.2032,1.6002,0.889,2.3368,2.3368,2,3,3,300,0,2,2,2.794,2.794,0.9652,0.9652,27.85,23.02,2,1,0.889,2.3368,1,4.83,1.4478,3.2258,18.7335886,46.5835886,253.4164114,12.33253069,0,0.844721371,93.000186,29.85,0.9652,0.9652,0.889,0.889,3.810050132,3.810050132,3.509256701,3.509256701,0.889,3.509256701,46.5835886,77.64970789,34.87616942,3.810050132,3.509256701,31.06611929,0
B00057,B00057_R2,57,Gate_1,Purple_4,1,1,0.2032,1.6002,37.27,0.2032,1.6002,13.28,2,1,23.99,0.2032,0.762,0.762,2.032,1.3462,1.3462,2.3368,1,3,3,300,1,1,1,0,0,0,0,13.28,37.27,1,2,1.3462,1.3462,-1,-23.99,0,3.683,20.53834919,33.81834919,266.1816508,0,0,0.887272169,81.45533532,14.28,0,0,0,0,0,0,0,0,1.3462,5.31401729,33.81834919,28.5043319,0,0,0,-5.31401729,0
B00058,B00058_R1,58,Green_6,Green_5,1,2,0.2032,1.6002,22.74,0.762,2.032,23.18,2,1,-0.44,2.54,0.762,1.9812,0.7112,3.175,3.556,1.1176,3,3,3,300,0,1,2,1.3462,1.3462,1.9558,1.9558,22.74,23.18,2,1,3.175,3.556,1,-0.44,0.381,4.2926,22.94469664,45.68469664,254.3153034,1.503967157,0,0.847717678,69.88771374,24.74,1.9558,1.9558,3.175,3.175,7.720364742,7.720364742,12.53305965,12.53305965,3.175,12.53305965,45.68469664,70.13336044,32.16902854,7.720364742,12.53305965,24.4486638,1
B00058,B00058_R1,56,Orange_7,Gate_3,2,2,0.2032,1.6002,22.74,0.762,2.032,23.18,2,1,-0.44,2.54,1.6002,0.2032,1.6002,2.3368,2.7178,2.3368,2,3,3,300,0,2,2,1.3462,1.3462,3.175,3.175,22.74,23.18,2,1,2.3368,2.7178,1,-0.44,0.381,4.6736,24.4486638,47.1886638,252.8113362,0,0,0.842704454,64.19034577,24.74,3.175,3.175,1.9558,1.9558,12.53305965,12.53305965,7.720364742,7.720364742,2.3368,9.224331899,47.1886638,68.62939328,35.47775629,12.53305965,7.720364742,21.44072948,0
B00059,B00059_R2,59,Green_5,Gate_4,1,1,0.2032,1.6002,34.36,0.762,2.032,14.78,2,1,19.57,1.9812,0.7112,0.2032,1.9812,3.175,3.556,3.556,2,3,3,300,1,1,1,0,0,0,0,14.78,34.36,1,2,3.556,3.175,-1,-19.58,-0.381,7.112,34.07405361,48.85405361,251.1459464,0,0,0.837153155,42.18222722,15.78,0,0,0,0,0,0,0,0,3.556,14.0370268,48.85405361,34.8170268,0,0,0,-14.0370268,0
B00060,B00060_R1,60,Orange_4,Orange_7,1,2,0.2032,1.6002,22.94,0.2032,1.9812,36.79,2,1,-13.85,1.6764,2.032,2.54,1.6002,2.413,2.032,1.8034,3,3,3,300,0,1,2,1.8034,1.8034,0,0,22.94,36.79,2,1,2.413,2.032,1,-13.85,-0.381,4.2164,22.64390321,45.58390321,254.4160968,1.804760589,0,0.848053656,71.15074471,24.94,0,0,2.413,2.413,0,0,9.525125331,9.525125331,2.413,9.525125331,45.58390321,70.03256701,24.4486638,0,9.525125331,24.4486638,1
B00060,B00060_R1,56,Orange_7,Gate_3,2,2,0.2032,1.6002,22.94,0.2032,1.9812,36.79,2,1,-13.85,2.54,1.6002,0.2032,1.6002,2.3368,2.7178,2.3368,2,3,3,300,0,2,2,1.8034,1.8034,2.413,2.413,22.94,36.79,2,1,2.3368,2.7178,1,-13.85,0.381,4.6736,24.4486638,47.3886638,252.6113362,0,0,0.842037787,64.19034577,24.94,2.413,2.413,0,0,9.525125331,9.525125331,0,0,2.3368,9.224331899,47.3886638,60.80823511,32.16902854,9.525125331,0,13.41957131,0
B00061,B00061_R2,61,Gate_2,Green_4,1,1,0.2032,1.6002,33.26,0.2032,1.9812,20.04,2,1,13.22,0.2032,1.143,1.6764,0.7112,0.9652,1.3462,2.413,1,3,3,300,1,1,1,0,0,0,0,20.04,33.26,1,2,1.3462,0.9652,-1,-13.22,-0.381,3.7592,20.83914262,40.87914262,259.1208574,0,0,0.863736191,79.80421366,21.04,0,0,0,0,0,0,0,0,1.3462,5.31401729,40.87914262,35.56512533,0,0,0,-5.31401729,0
B00062,B00062_R1,56,Orange_7,Gate_3,1,2,0.2032,1.6002,23.14,1.6764,0.7112,29.96,2,2,-6.82,2.54,1.6002,0.2032,1.6002,2.3368,2.2606,2.3368,2,3,3,300,0,1,2,2.8702,2.8702,2.2606,2.2606,23.14,29.96,2,2,2.3368,2.2606,0,-6.82,-0.0762,4.6736,24.4486638,47.5886638,252.4113362,0,0,0.841371121,64.19034577,25.14,2.2606,2.2606,2.3368,2.3368,8.923538468,8.923538468,9.224331899,9.224331899,2.3368,9.224331899,47.5886638,71.43574073,32.7706154,8.923538468,9.224331899,23.84707694,1
B00062,B00062_R1,62,Yellow_5,Gate_3,2,2,0.2032,1.6002,23.14,1.6764,0.7112,29.96,2,2,-6.82,1.0668,0.7112,0.2032,1.6002,2.2606,1.1176,2.2606,2,3,3,300,0,2,2,2.8702,2.8702,2.3368,2.3368,23.14,29.96,2,2,2.2606,1.1176,0,-6.82,-1.143,4.5212,23.84707694,46.98707694,253.0129231,0.601586863,0,0.84337641,66.35406529,25.14,2.3368,2.3368,2.2606,2.2606,9.224331899,9.224331899,8.923538468,8.923538468,2.2606,8.923538468,46.98707694,71.43574073,33.6729957,9.224331899,8.923538468,24.4486638,0
B00063,B00063_R2,63,Gate_2,Green_2,1,1,0.2032,1.6002,39.03,1.6764,0.7112,18.33,2,1,20.7,0.2032,1.143,1.9812,0.2032,0.9652,2.413,2.7178,1,3,3,300,1,1,1,0,0,0,0,18.33,39.03,1,2,2.413,0.9652,-1,-20.7,-1.4478,5.1308,26.25342439,44.58342439,255.4165756,0,0,0.851388585,58.47041397,19.33,0,0,0,0,0,0,0,0,2.413,9.525125331,44.58342439,35.05829906,0,0,0,-9.525125331,0
B00064,B00064_R1,64,Purple_5,Yellow_5,1,1,0.2032,1.6002,26.73,1.9812,0.2032,31.46,1,2,-4.73,1.0668,2.032,1.0668,0.7112,1.8034,3.2512,2.9464,3,3,3,300,0,1,1,0,0,0,0,26.73,31.46,1,2,1.8034,3.2512,-1,-4.73,1.4478,4.7498,24.74945723,51.47945723,248.5205428,0,0,0.828401809,63.16055413,27.73,0,0,0,0,0,0,0,0,1.8034,7.118777879,51.47945723,44.36067935,0,0,0,-7.118777879,0
B00065,B00065_R2,65,Gate_1,Purple_3,1,1,1.0668,0.7112,39.67,1.9812,0.2032,21.34,2,1,18.33,0.2032,0.762,1.0668,2.54,1.4224,2.3368,2.6416,1,3,3,300,1,1,1,0,0,0,0,21.34,39.67,1,2,2.3368,1.4224,-1,-18.33,-0.9144,4.9784,25.65183752,46.99183752,253.0081625,0,0,0.843360542,60.2603246,22.34,0,0,0,0,0,0,0,0,2.3368,9.224331899,46.99183752,37.76750563,0,0,0,-9.224331899,0
B00066,B00066_R2,65,Gate_1,Purple_3,1,2,1.0668,0.7112,30.56,1.0668,2.54,32.06,2,2,-1.5,0.2032,0.762,1.0668,2.54,1.4224,2.6416,2.6416,1,3,3,300,1,1,2,2.6416,2.6416,0,0,32.06,30.56,2,2,2.6416,1.4224,0,1.5,-1.2192,5.2832,26.85501125,58.91501125,241.0849887,0,0,0.803616629,56.78376741,34.06,0,0,1.3462,1.3462,0,0,5.31401729,5.31401729,2.6416,10.42750563,58.91501125,66.92030079,13.11877788,0,5.31401729,8.005289543,1
B00066,B00066_R2,66,Purple_3,Gate_3,2,2,1.0668,0.7112,30.56,1.0668,2.54,32.06,2,2,-1.5,1.0668,2.54,0.2032,1.6002,2.9464,0,1.8034,2,3,3,300,1,2,2,2.6416,2.6416,1.3462,1.3462,32.06,30.56,2,2,0,2.9464,0,1.5,2.9464,1.8034,13.11877788,45.17877788,254.8212221,13.73623337,0,0.849404074,166.3524454,34.06,1.3462,1.3462,0,0,5.31401729,5.31401729,0,0,0,0,45.17877788,72.03378913,32.16902854,5.31401729,0,26.85501125,0
B00067,B00067_R1,67,Gate_1,Orange_1,1,1,1.0668,0.7112,21.04,0.2032,1.6002,36.56,1,2,-15.53,0.2032,0.762,1.6764,2.54,1.4224,1.3462,3.2512,1,3,3,300,0,1,1,0,0,0,0,21.04,36.56,1,2,1.4224,1.3462,-1,-15.52,-0.0762,4.6736,24.4486638,45.4886638,254.5113362,0,0,0.848371121,64.19034577,22.04,0,0,0,0,0,0,0,0,1.4224,5.614810721,45.4886638,39.87385308,0,0,0,-5.614810721,0
B00068,B00068_R2,66,Purple_3,Gate_3,1,2,1.6764,2.54,36.87,0.2032,1.6002,26.63,2,2,10.25,1.0668,2.54,0.2032,1.6002,1.1176,1.8034,1.8034,2,3,3,300,1,1,2,3.2512,3.2512,1.9558,1.9558,26.63,36.87,2,2,1.8034,1.1176,0,-10.24,-0.6858,3.6068,20.23755576,46.86755576,253.1324442,2.707140883,0,0.843774814,83.17622269,28.63,1.9558,1.9558,1.4224,1.4224,7.720364742,7.720364742,5.614810721,5.614810721,1.8034,7.118777879,46.86755576,68.30828524,30.66506138,7.720364742,5.614810721,21.44072948,1
B00068,B00068_R2,68,Yellow_2,Gate_4,2,2,1.6764,2.54,36.87,0.2032,1.6002,26.63,2,2,10.25,0.762,0.2032,0.2032,1.9812,3.2512,1.9558,2.3368,2,3,3,300,1,2,2,3.2512,3.2512,1.4224,1.4224,26.63,36.87,2,2,1.9558,3.2512,0,-10.24,1.2954,4.2926,22.94469664,49.57469664,250.4253034,0,0,0.834751011,69.88771374,28.63,1.4224,1.4224,1.9558,1.9558,5.614810721,5.614810721,7.720364742,7.720364742,1.9558,7.720364742,49.57469664,69.8122524,25.85236648,5.614810721,7.720364742,20.23755576,0
B00069,B00069_R2,69,Gate_1,Yellow_4,1,2,1.6764,2.54,24.45,0.2032,1.9812,36.38,1,2,-11.93,0.2032,0.762,0.762,0.7112,3.2512,1.7272,1.1176,1,3,3,300,1,1,2,1.1176,1.1176,0.508,0.508,36.38,24.45,2,1,1.7272,3.2512,1,11.93,1.524,2.8448,17.22962144,53.60962144,246.3903786,7.219042356,0,0.821301262,105.4555681,38.38,0.508,0.508,1.7272,1.7272,2.005289543,2.005289543,6.817984447,6.817984447,1.7272,6.817984447,53.60962144,78.05828524,26.45395334,2.005289543,6.817984447,24.4486638,1
B00069,B00069_R2,68,Yellow_2,Gate_4,2,2,1.6764,2.54,24.45,0.2032,1.9812,36.38,1,2,-11.93,0.762,0.2032,0.2032,1.9812,3.2512,2.3368,2.3368,2,3,3,300,1,2,2,1.1176,1.1176,1.7272,1.7272,36.38,24.45,2,1,2.3368,3.2512,1,11.93,0.9144,4.6736,24.4486638,60.8286638,239.1713362,0,0,0.797237787,64.19034577,38.38,1.7272,1.7272,0.508,0.508,6.817984447,6.817984447,2.005289543,2.005289543,2.3368,9.224331899,60.8286638,70.83924288,24.04760589,6.817984447,2.005289543,10.01057909,0
B00070,B00070_R1,70,Green_6,Gate_4,1,1,1.6764,2.54,15.83,0.2032,1.9812,42.07,1,3,-26.24,2.54,0.762,0.2032,1.9812,2.6416,3.556,3.556,2,3,3,300,0,1,1,0,0,0,0,15.83,42.07,1,3,2.6416,3.556,-2,-26.24,0.9144,6.1976,30.46453243,46.29453243,253.7054676,0,0,0.845684892,48.40583452,16.83,0,0,0,0,0,0,0,0,2.6416,10.42750563,46.29453243,35.8670268,0,0,0,-10.42750563,0
B00071,B00071_R1,71,Gate_1,Green_4,1,1,0.2032,1.9812,30.62,0.2032,1.9812,32.96,1,2,-2.33,0.2032,0.762,1.6764,0.7112,1.7272,1.7272,2.032,1,3,3,300,0,1,1,0,0,0,0,30.62,32.96,1,2,1.7272,1.7272,-1,-2.34,0,3.7592,20.83914262,51.45914262,248.5408574,0,0,0.828469525,79.80421366,31.62,0,0,0,0,0,0,0,0,1.7272,6.817984447,51.45914262,44.64115817,0,0,0,-6.817984447,0
B00072,B00072_R2,68,Yellow_2,Gate_4,1,2,1.6764,0.7112,38.28,0.2032,1.9812,23.64,2,2,14.64,0.762,0.2032,0.2032,1.9812,1.4224,2.3368,2.3368,2,3,3,300,1,1,2,3.556,3.556,2.9464,2.9464,23.64,38.28,2,2,2.3368,1.4224,0,-14.64,-0.9144,4.6736,24.4486638,48.0886638,251.9113362,1.203173726,0,0.839704454,64.19034577,25.64,2.9464,2.9464,2.032,2.032,11.63067935,11.63067935,8.021158173,8.021158173,2.3368,9.224331899,48.0886638,72.5373276,37.28251688,11.63067935,8.021158173,24.4486638,1
B00072,B00072_R2,72,Orange_6,Green_3,2,2,1.6764,0.7112,38.28,0.2032,1.9812,23.64,2,2,14.64,2.54,1.9812,2.286,0.2032,2.6416,2.9464,2.032,3,3,3,300,1,2,2,3.556,3.556,2.032,2.032,23.64,38.28,2,2,2.9464,2.6416,0,-14.64,-0.3048,4.9784,25.65183752,49.29183752,250.7081625,0,0,0.835693875,60.2603246,25.64,2.032,2.032,2.9464,2.9464,8.021158173,8.021158173,11.63067935,11.63067935,2.9464,11.63067935,49.29183752,73.74050132,32.46982197,8.021158173,11.63067935,24.4486638,0
B00073,B00073_R1,73,Yellow_1,Orange_3,1,1,1.6764,0.7112,21.4,2.286,0.2032,40.88,1,2,-19.48,0.4572,0.2032,2.286,2.54,1.7272,2.3368,4.1656,3,3,3,300,0,1,1,0,0,0,0,21.4,40.88,1,2,1.7272,2.3368,-1,-19.48,0.6096,5.8928,29.2613587,50.6613587,249.3386413,0,0,0.831128804,50.90958458,22.4,0,0,0,0,0,0,0,0,1.7272,6.817984447,50.6613587,43.84337425,0,0,0,-6.817984447,0
B00074,B00074_R2,74,Purple_1,Orange_6,1,2,2.286,2.54,40.84,2.286,0.2032,31.16,2,2,9.68,0.4572,2.54,2.54,1.9812,2.3368,4.1656,2.6416,3,3,3,300,1,1,2,2.6416,2.6416,0,0,31.16,40.84,2,2,4.1656,2.3368,0,-9.68,-1.8288,6.8072,32.87087988,64.03087988,235.9691201,0,0,0.786563734,44.07098366,33.16,0,0,4.1656,4.1656,0,0,16.44337425,16.44337425,4.1656,16.44337425,64.03087988,86.07319623,22.04231635,0,16.44337425,22.04231635,1
B00074,B00074_R2,72,Orange_6,Green_3,2,2,2.286,2.54,40.84,2.286,0.2032,31.16,2,2,9.68,2.54,1.9812,2.286,0.2032,0.8128,2.032,2.032,3,3,3,300,1,2,2,2.6416,2.6416,4.1656,4.1656,31.16,40.84,2,2,2.032,0.8128,0,-9.68,-1.2192,4.064,22.04231635,53.20231635,246.7976837,10.82856353,0,0.822658946,73.81889764,33.16,4.1656,4.1656,0,0,16.44337425,16.44337425,0,0,2.032,8.021158173,53.20231635,78.05203805,49.31425413,16.44337425,0,24.84972171,0
B00075,B00075_R2,72,Orange_6,Green_3,1,2,2.286,2.54,29.98,2.286,0.2032,30.45,1,2,-0.47,2.54,1.9812,2.286,0.2032,0.8128,2.032,2.032,3,3,3,300,1,1,2,3.556,3.556,2.6416,2.6416,30.45,29.98,2,1,2.032,0.8128,1,0.47,-1.2192,4.064,22.04231635,52.49231635,247.5076837,3.609521178,0,0.825025612,73.81889764,32.45,2.6416,2.6416,2.3368,2.3368,10.42750563,10.42750563,9.224331899,9.224331899,2.032,8.021158173,52.49231635,79.3473276,36.07934315,10.42750563,9.224331899,26.85501125,1
B00075,B00075_R2,75,Gate_1,Purple_4,2,2,2.286,2.54,29.98,2.286,0.2032,30.45,1,2,-0.47,0.2032,0.762,0.762,2.032,3.8608,2.6416,2.3368,1,3,3,300,1,2,2,3.556,3.556,2.3368,2.3368,30.45,29.98,2,1,2.6416,3.8608,1,0.47,1.2192,4.9784,25.65183752,56.10183752,243.8981625,0,0,0.812993875,60.2603246,32.45,2.3368,2.3368,2.6416,2.6416,9.224331899,9.224331899,10.42750563,10.42750563,2.6416,10.42750563,56.10183752,78.14415387,31.26664825,9.224331899,10.42750563,22.04231635,0
B00076,B00076_R1,76,Gate_2,Purple_2,1,1,2.286,2.54,20.24,0.762,2.032,47.29,1,3,-27.04,0.2032,1.143,0.762,2.54,3.4798,1.9558,1.9558,1,3,3,300,0,1,1,0,0,0,0,20.24,47.29,1,3,3.4798,1.9558,-2,-27.05,-1.524,5.4356,27.45659811,47.69659811,252.3034019,0,0,0.84101134,55.19169917,21.24,0,0,0,0,0,0,0,0,3.4798,13.73623337,47.69659811,33.96036474,0,0,0,-13.73623337,0
B00077,B00077_R1,77,Purple_3,Gate_4,1,1,0.762,2.54,28.58,0.762,2.032,39.63,1,2,-11.06,1.0668,2.54,0.2032,1.9812,0.8128,0.8128,1.4224,2,3,3,300,0,1,1,0,0,0,0,28.58,39.63,1,2,0.8128,0.8128,-1,-11.05,0,2.2352,14.82327399,43.40327399,256.596726,0,0,0.85532242,134.2161775,29.58,0,0,0,0,0,0,0,0,0.8128,3.208463269,43.40327399,40.19481072,0,0,0,-3.208463269,0
B00078,B00078_R2,78,Green_6,Green_7,1,2,0.2032,1.9812,26.82,0.762,2.032,25.65,2,2,1.17,2.54,0.762,2.54,1.143,3.556,3.556,0.889,3,3,3,300,1,1,2,2.9464,2.9464,2.7178,2.7178,25.65,26.82,2,2,3.556,3.556,0,-1.17,0,4.445,23.5462835,49.1962835,250.8037165,0.902380294,0,0.836012388,67.49156355,27.65,2.7178,2.7178,3.556,3.556,10.72829906,10.72829906,14.0370268,14.0370268,3.556,14.0370268,49.1962835,73.6449473,35.17696285,10.72829906,14.0370268,24.4486638,1
B00078,B00078_R2,75,Gate_1,Purple_4,2,2,0.2032,1.9812,26.82,0.762,2.032,25.65,2,2,1.17,0.2032,0.762,0.762,2.032,1.7272,2.3368,2.3368,1,3,3,300,1,2,2,2.9464,2.9464,3.556,3.556,25.65,26.82,2,2,2.3368,1.7272,0,-1.17,-0.6096,4.6736,24.4486638,50.0986638,249.9013362,0,0,0.833004454,64.19034577,27.65,3.556,3.556,2.7178,2.7178,14.0370268,14.0370268,10.72829906,10.72829906,2.3368,9.224331899,50.0986638,75.14891446,37.58331031,14.0370268,10.72829906,25.05025066,0
B00079,B00079_R1,79,Gate_1,Purple_3,1,1,0.2032,1.9812,16.18,0.762,2.032,35.34,1,2,-19.16,0.2032,0.762,1.0668,2.54,1.7272,2.3368,2.6416,1,3,3,300,0,1,1,0,0,0,0,16.18,35.34,1,2,1.7272,2.3368,-1,-19.16,0.6096,4.3688,23.24549007,39.42549007,260.5745099,0,0,0.8685817,68.66874199,17.18,0,0,0,0,0,0,0,0,1.7272,6.817984447,39.42549007,32.60750563,0,0,0,-6.817984447,0
B00080,B00080_R2,80,Green_1,Gate_3,1,1,1.0668,2.54,33.06,0.762,2.032,28.67,2,1,4.39,1.6764,0.2032,0.2032,1.6002,2.9464,3.2512,2.8702,2,3,3,300,1,1,1,0,0,0,0,28.67,33.06,1,2,3.2512,2.9464,-1,-4.39,-0.3048,6.1214,30.163739,58.833739,241.166261,0,0,0.803887537,49.00839677,29.67,0,0,0,0,0,0,0,0,3.2512,12.83385308,58.833739,45.99988592,0,0,0,-12.83385308,0
B00081,B00081_R1,81,Green_2,Yellow_3,1,1,1.0668,2.54,24.45,0.2032,1.6002,45.11,1,2,-20.66,1.9812,0.2032,1.0668,0.2032,3.2512,3.175,1.4224,3,3,3,300,0,1,1,0,0,0,0,24.45,45.11,1,2,3.2512,3.175,-1,-20.66,-0.0762,4.6736,24.4486638,48.8986638,251.1013362,0,0,0.837004454,64.19034577,25.45,0,0,0,0,0,0,0,0,3.2512,12.83385308,48.8986638,36.06481072,0,0,0,-12.83385308,0
B00082,B00082_R2,82,Gate_1,Green_4,1,1,1.0668,0.2032,39.08,0.2032,1.6002,33.04,2,1,6.03,0.2032,0.762,1.6764,0.7112,1.4224,1.3462,2.032,1,3,3,300,1,1,1,0,0,0,0,33.04,39.08,1,2,1.3462,1.4224,-1,-6.04,0.0762,3.3782,19.33517546,52.37517546,247.6248245,0,0,0.825416082,88.80468889,34.04,0,0,0,0,0,0,0,0,1.3462,5.31401729,52.37517546,47.06115817,0,0,0,-5.31401729,0
B00083,B00083_R1,83,Orange_5,Purple_2,1,1,1.0668,0.2032,25.89,1.6764,0.7112,37.67,1,2,-11.78,1.9812,2.032,0.762,2.54,3.2512,3.2512,1.7272,3,3,3,300,0,1,1,0,0,0,0,25.89,37.67,1,2,3.2512,3.2512,-1,-11.78,0,4.9784,25.65183752,51.54183752,248.4581625,0,0,0.828193875,60.2603246,26.89,0,0,0,0,0,0,0,0,3.2512,12.83385308,51.54183752,38.70798445,0,0,0,-12.83385308,0
B00084,B00084_R2,82,Gate_1,Green_4,1,2,0.762,2.54,35.95,1.6764,0.7112,26.95,2,2,9,0.2032,0.762,1.6764,0.7112,2.3368,2.032,2.032,1,3,3,300,1,1,2,1.4224,1.4224,1.1176,1.1176,26.95,35.95,2,2,2.032,2.3368,0,-9,0.3048,4.064,22.04231635,48.99231635,251.0076837,0,0,0.836692279,73.81889764,28.95,1.1176,1.1176,1.7272,1.7272,4.411636995,4.411636995,6.817984447,6.817984447,2.032,8.021158173,48.99231635,68.62828524,25.25077962,4.411636995,6.817984447,19.63596889,1
B00084,B00084_R2,84,Yellow_5,Gate_4,2,2,0.762,2.54,35.95,1.6764,0.7112,26.95,2,2,9,1.0668,0.7112,0.2032,1.9812,3.2512,1.1176,2.6416,2,3,3,300,1,2,2,1.4224,1.4224,1.7272,1.7272,26.95,35.95,2,2,1.1176,3.2512,0,-9,2.1336,3.7592,20.83914262,47.78914262,252.2108574,1.203173726,0,0.840702858,79.80421366,28.95,1.7272,1.7272,1.1176,1.1176,6.817984447,6.817984447,4.411636995,4.411636995,1.1176,4.411636995,47.78914262,69.83145897,28.86030079,6.817984447,4.411636995,22.04231635,0
B00085,B00085_R1,85,Gate_2,Orange_1,1,1,0.762,2.54,27.33,0.2032,1.9812,35.86,1,2,-8.53,0.2032,1.143,1.6764,2.54,1.9558,1.3462,2.8702,1,3,3,300,0,1,1,0,0,0,0,27.33,35.86,1,2,1.9558,1.3462,-1,-8.53,-0.6096,4.826,25.05025066,52.38025066,247.6197493,0,0,0.825399164,62.16328222,28.33,0,0,0,0,0,0,0,0,1.9558,7.720364742,52.38025066,44.65988592,0,0,0,-7.720364742,0
B00086,B00086_R2,86,Green_3,Gate_3,1,2,1.6764,2.54,36.79,0.2032,1.9812,27.25,2,2,9.54,2.286,0.2032,0.2032,1.6002,2.9464,3.8608,3.4798,2,3,3,300,1,1,2,1.7272,1.7272,2.2606,2.2606,27.25,36.79,2,2,3.8608,2.9464,0,-9.54,-0.9144,7.3406,34.9764339,62.2264339,237.7735661,0,0,0.792578554,40.86859385,29.25,2.2606,2.2606,3.8608,3.8608,8.923538468,8.923538468,15.24020053,15.24020053,3.8608,15.24020053,62.2264339,89.08144515,35.77854972,8.923538468,15.24020053,26.85501125,1
B00086,B00086_R2,84,Yellow_5,Gate_4,2,2,1.6764,2.54,36.79,0.2032,1.9812,27.25,2,2,9.54,1.0668,0.7112,0.2032,1.9812,2.9464,2.6416,2.6416,2,3,3,300,1,2,2,1.7272,1.7272,3.8608,3.8608,27.25,36.79,2,2,2.6416,2.9464,0,-9.54,0.3048,5.2832,26.85501125,54.10501125,245.8949887,8.12142265,0,0.819649962,56.78376741,29.25,3.8608,3.8608,2.2606,2.2606,15.24020053,15.24020053,8.923538468,8.923538468,2.6416,10.42750563,54.10501125,87.57747799,50.21663443,15.24020053,8.923538468,33.47246674,0
B00087,B00087_R1,87,Gate_2,Purple_5,1,1,1.6764,2.54,27.05,0.2032,1.9812,47.29,1,2,-20.24,0.2032,1.143,1.0668,2.032,2.8702,1.3462,2.2606,1,3,3,300,0,1,1,0,0,0,0,27.05,47.29,1,2,2.8702,1.3462,-1,-20.24,-1.524,5.1308,26.25342439,53.30342439,246.6965756,0,0,0.822321919,58.47041397,28.05,0,0,0,0,0,0,0,0,2.8702,11.32988592,53.30342439,41.97353847,0,0,0,-11.32988592,0
B00088,B00088_R2,84,Yellow_5,Gate_4,1,2,1.0668,2.032,42.66,0.2032,1.9812,38.38,2,2,4.29,1.0668,0.7112,0.2032,1.9812,2.9464,2.6416,2.6416,2,3,3,300,1,1,2,1.8034,1.8034,1.3462,1.3462,38.38,42.66,2,2,2.6416,2.9464,0,-4.28,0.3048,5.2832,26.85501125,65.23501125,234.7649887,0,0,0.782549962,56.78376741,40.38,1.3462,1.3462,2.9464,2.9464,5.31401729,5.31401729,11.63067935,11.63067935,2.6416,10.42750563,65.23501125,89.08208819,27.9579205,5.31401729,11.63067935,23.84707694,1
B00088,B00088_R2,88,Gate_2,Orange_4,2,2,1.0668,2.032,42.66,0.2032,1.9812,38.38,2,2,4.29,0.2032,1.143,1.6764,2.032,2.2606,1.3462,2.8702,1,3,3,300,1,2,2,1.8034,1.8034,2.9464,2.9464,38.38,42.66,2,2,1.3462,2.2606,0,-4.28,0.9144,4.2164,22.64390321,61.02390321,238.9760968,4.211108041,0,0.796586989,71.15074471,40.38,2.9464,2.9464,1.3462,1.3462,11.63067935,11.63067935,5.31401729,5.31401729,1.3462,5.31401729,61.02390321,87.87891446,38.4856906,11.63067935,5.31401729,26.85501125,0
B00089,B00089_R1,89,Green_5,Gate_3,1,1,1.0668,2.032,28.41,1.6764,2.032,46.99,1,2,-18.58,1.9812,0.7112,0.2032,1.6002,3.2512,3.2512,3.175,2,3,3,300,0,1,1,0,0,0,0,28.41,46.99,1,2,3.2512,3.2512,-1,-18.58,0,6.4262,31.36691272,59.77691272,240.2230873,0,0,0.800743624,46.68388783,29.41,0,0,0,0,0,0,0,0,3.2512,12.83385308,59.77691272,46.94305965,0,0,0,-12.83385308,0
B00090,B00090_R2,90,Purple_3,Gate_3,1,2,0.2032,1.6002,45.53,1.6764,2.032,36.15,2,2,9.38,1.0668,2.54,0.2032,1.6002,1.8034,1.1176,1.8034,2,3,3,300,1,1,2,2.2606,2.2606,0.9652,0.9652,36.15,45.53,2,2,1.1176,1.8034,0,-9.38,0.6858,2.921,17.53041487,53.68041487,246.3195851,11.12935697,0,0.821065284,102.7045532,38.15,0.9652,0.9652,1.1176,1.1176,3.810050132,3.810050132,4.411636995,4.411636995,1.1176,4.411636995,53.68041487,82.34018671,32.46982197,3.810050132,4.411636995,28.65977184,1
B00090,B00090_R2,88,Gate_2,Orange_4,2,2,0.2032,1.6002,45.53,1.6764,2.032,36.15,2,2,9.38,0.2032,1.143,1.6764,2.032,0.9652,2.8702,2.8702,1,3,3,300,1,2,2,2.2606,2.2606,1.1176,1.1176,36.15,45.53,2,2,2.8702,0.9652,0,-9.38,-1.905,5.7404,28.65977184,64.80977184,235.1902282,0,0,0.783967427,52.26116647,38.15,1.1176,1.1176,0.9652,0.9652,4.411636995,4.411636995,3.810050132,3.810050132,2.8702,11.32988592,64.80977184,74.82035093,21.94205187,4.411636995,3.810050132,10.01057909,0
B00091,B00091_R1,91,Gate_2,Green_6,1,1,0.2032,1.6002,33.77,1.6764,2.032,40.19,1,2,-6.43,0.2032,1.143,2.54,0.762,0.9652,2.8702,2.7178,1,3,3,300,0,1,1,0,0,0,0,33.77,40.19,1,2,0.9652,2.8702,-1,-6.42,1.905,3.683,20.53834919,54.30834919,245.6916508,0,0,0.818972169,81.45533532,34.77,0,0,0,0,0,0,0,0,0.9652,3.810050132,54.30834919,50.49829906,0,0,0,-3.810050132,0
B00092,B00092_R2,88,Gate_2,Orange_4,1,2,2.54,0.762,38.71,1.6764,2.032,31.58,2,2,7.13,0.2032,1.143,1.6764,2.032,2.7178,2.8702,2.8702,1,3,3,300,1,1,2,1.9558,1.9558,1.4224,1.4224,31.58,38.71,2,2,2.8702,2.7178,0,-7.13,-0.1524,5.7404,28.65977184,60.23977184,239.7602282,0,0,0.799200761,52.26116647,33.58,1.4224,1.4224,0.9652,0.9652,5.614810721,5.614810721,3.810050132,3.810050132,2.8702,11.32988592,60.23977184,70.25035093,23.1452256,5.614810721,3.810050132,10.01057909,1
B00092,B00092_R2,92,Purple_4,Gate_3,2,2,2.54,0.762,38.71,1.6764,2.032,31.58,2,2,7.13,0.762,2.032,0.2032,1.6002,3.556,1.4224,1.4986,2,3,3,300,1,2,2,1.9558,1.9558,0.9652,0.9652,31.58,38.71,2,2,1.4224,3.556,0,-7.13,2.1336,2.921,17.53041487,49.11041487,250.8895851,11.12935697,0,0.836298617,102.7045532,33.58,0.9652,0.9652,1.4224,1.4224,3.810050132,3.810050132,5.614810721,5.614810721,1.4224,5.614810721,49.11041487,77.77018671,32.46982197,3.810050132,5.614810721,28.65977184,0
B00093,B00093_R1,93,Orange_4,Yellow_2,1,1,2.54,0.762,23.34,0.2032,1.6002,39.07,1,2,-15.73,1.6764,2.032,0.762,0.2032,2.6416,2.413,3.2512,3,3,3,300,0,1,1,0,0,0,0,23.34,39.07,1,2,2.6416,2.413,-1,-15.73,-0.2286,5.8928,29.2613587,52.6013587,247.3986413,0,0,0.824662138,50.90958458,24.34,0,0,0,0,0,0,0,0,2.6416,10.42750563,52.6013587,42.17385308,0,0,0,-10.42750563,0
B00094,B00094_R2,92,Purple_4,Gate_3,1,2,0.762,0.2032,45.63,0.2032,1.6002,32.1,2,2,13.53,0.762,2.032,0.2032,1.6002,2.9464,1.4986,1.4986,2,3,3,300,1,1,2,2.3368,2.3368,1.3462,1.3462,32.1,45.63,2,2,1.4986,2.9464,0,-13.53,1.4478,2.9972,17.83120831,49.93120831,250.0687917,1.503967157,0,0.833562639,100.0934205,34.1,1.3462,1.3462,0.8128,0.8128,5.31401729,5.31401729,3.208463269,3.208463269,1.4986,5.915604153,49.93120831,66.55924288,24.64919275,5.31401729,3.208463269,16.62803458,1
B00094,B00094_R2,94,Gate_1,Purple_1,2,2,0.762,0.2032,45.63,0.2032,1.6002,32.1,2,2,13.53,0.2032,0.762,0.4572,2.54,1.1176,1.3462,2.032,1,3,3,300,1,2,2,2.3368,2.3368,0.8128,0.8128,32.1,45.63,2,2,1.3462,1.1176,0,-13.53,-0.2286,3.3782,19.33517546,51.43517546,248.5648245,0,0,0.828549415,88.80468889,34.1,0.8128,0.8128,1.3462,1.3462,3.208463269,3.208463269,5.31401729,5.31401729,1.3462,5.31401729,51.43517546,69.26638377,21.03967157,3.208463269,5.31401729,17.83120831,0
B00095,B00095_R1,95,Green_1,Green_6,1,1,0.762,0.2032,31.9,0.4572,2.54,37.19,1,2,-5.28,1.6764,0.2032,2.54,0.762,1.4224,3.556,1.4224,3,3,3,300,0,1,1,0,0,0,0,31.9,37.19,1,2,1.4224,3.556,-1,-5.29,2.1336,2.8448,17.22962144,49.12962144,250.8703786,0,0,0.836234595,105.4555681,32.9,0,0,0,0,0,0,0,0,1.4224,5.614810721,49.12962144,43.51481072,0,0,0,-5.614810721,0
B00096,B00096_R2,94,Gate_1,Purple_1,1,2,2.54,0.762,35.94,0.4572,2.54,28.57,2,2,7.37,0.2032,0.762,0.4572,2.54,2.9464,2.032,2.032,1,3,3,300,1,1,2,0,0,2.032,2.032,28.57,35.94,2,2,2.032,2.9464,0,-7.37,0.9144,4.064,22.04231635,50.61231635,249.3876837,6.01586863,0,0.831292279,73.81889764,30.57,2.032,2.032,3.556,3.556,8.021158173,8.021158173,14.0370268,14.0370268,2.032,8.021158173,50.61231635,84.68636995,36.07934315,8.021158173,14.0370268,34.07405361,1
B00096,B00096_R2,96,Gate_1,Orange_5,2,2,2.54,0.762,35.94,0.4572,2.54,28.57,2,2,7.37,0.2032,0.762,1.9812,2.032,2.9464,2.032,3.556,1,3,3,300,1,2,2,0,0,3.556,3.556,28.57,35.94,2,2,2.032,2.9464,0,-7.37,0.9144,5.588,28.05818498,56.62818498,243.371815,0,0,0.811239383,53.68647101,30.57,3.556,3.556,2.032,2.032,14.0370268,14.0370268,8.021158173,8.021158173,2.032,8.021158173,56.62818498,78.67050132,36.07934315,14.0370268,8.021158173,22.04231635,0
B00097,B00097_R1,97,Gate_1,Purple_5,1,2,2.54,0.762,21.23,1.9812,2.032,47.71,2,2,-26.48,0.2032,0.762,1.0668,2.032,2.9464,3.556,2.6416,1,3,3,300,0,1,2,2.032,2.032,2.9464,2.9464,21.23,47.71,2,2,2.9464,3.556,0,-26.48,0.6096,5.588,28.05818498,49.28818498,250.711815,0,0,0.83570605,53.68647101,23.23,2.9464,2.9464,2.9464,2.9464,11.63067935,11.63067935,11.63067935,11.63067935,2.9464,11.63067935,49.28818498,66.51780642,28.86030079,11.63067935,11.63067935,17.22962144,1
B00097,B00097_R1,95,Green_1,Green_6,2,2,2.54,0.762,21.23,1.9812,2.032,47.71,2,2,-26.48,1.6764,0.2032,2.54,0.762,1.4224,3.2512,1.4224,3,3,3,300,0,2,2,2.032,2.032,2.9464,2.9464,21.23,47.71,2,2,1.4224,3.2512,0,-26.48,1.8288,2.8448,17.22962144,38.45962144,261.5403786,10.82856353,0,0.871801262,105.4555681,23.23,2.9464,2.9464,2.9464,2.9464,11.63067935,11.63067935,11.63067935,11.63067935,1.4224,5.614810721,38.45962144,72.53367505,39.68886433,11.63067935,11.63067935,34.07405361,0
B00098,B00098_R1,98,Gate_1,Green_4,1,2,2.54,0.762,39.67,1.9812,2.032,39.32,2,2,0.35,0.2032,0.762,1.6764,0.7112,2.9464,3.556,2.032,1,3,3,300,0,1,2,2.032,2.032,0.508,0.508,39.67,39.32,2,2,2.9464,3.556,0,0.35,0.6096,4.9784,25.65183752,65.32183752,234.6781625,0,0,0.782260542,60.2603246,41.67,0.508,0.508,2.9464,2.9464,2.005289543,2.005289543,11.63067935,11.63067935,2.9464,11.63067935,65.32183752,82.55145897,19.23491099,2.005289543,11.63067935,17.22962144,1
B00098,B00098_R1,95,Green_1,Green_6,2,2,2.54,0.762,39.67,1.9812,2.032,39.32,2,2,0.35,1.6764,0.2032,2.54,0.762,1.4224,3.2512,1.4224,3,3,3,300,0,2,2,2.032,2.032,2.9464,2.9464,39.67,39.32,2,2,1.4224,3.2512,0,0.35,1.8288,2.8448,17.22962144,56.89962144,243.1003786,8.422216082,0,0.810334595,105.4555681,41.67,2.9464,2.9464,0.508,0.508,11.63067935,11.63067935,2.005289543,2.005289543,1.4224,5.614810721,56.89962144,78.94193779,37.28251688,11.63067935,2.005289543,22.04231635,0
B00099,B00099_R2,99,Purple_4,Gate_3,1,1,2.54,0.762,44.48,1.9812,2.032,28.38,3,1,16.1,0.762,2.032,0.2032,1.6002,3.556,1.7272,1.4986,2,3,3,300,1,1,1,0,0,0,0,28.38,44.48,1,3,1.7272,3.556,-2,-16.1,1.8288,3.2258,18.7335886,47.1135886,252.8864114,0,0,0.842954705,93.000186,29.38,0,0,0,0,0,0,0,0,1.7272,6.817984447,47.1135886,40.29560415,0,0,0,-6.817984447,0
B00100,B00100_R2,100,Orange_6,Orange_2,1,2,2.54,0.762,35.86,0.2032,1.6002,36.17,2,2,-0.31,2.54,1.9812,1.9812,2.54,1.7272,2.7178,1.1176,3,3,3,300,1,1,2,2.3368,2.3368,1.7272,1.7272,36.17,35.86,2,2,2.7178,1.7272,0,0.31,-0.9906,3.8354,21.13993605,57.30993605,242.6900639,0,0,0.80896688,78.21869948,38.17,1.7272,1.7272,2.7178,2.7178,6.817984447,6.817984447,10.72829906,10.72829906,2.7178,10.72829906,57.30993605,75.14114436,24.64919275,6.817984447,10.72829906,17.83120831,1
B00100,B00100_R2,99,Purple_4,Gate_3,2,2,2.54,0.762,35.86,0.2032,1.6002,36.17,2,2,-0.31,0.762,2.032,0.2032,1.6002,3.556,1.4986,1.4986,2,3,3,300,1,2,2,2.3368,2.3368,2.7178,2.7178,36.17,35.86,2,2,1.4986,3.556,0,0.31,2.0574,2.9972,17.83120831,54.00120831,245.9987917,3.308727746,0,0.819995972,100.0934205,38.17,2.7178,2.7178,1.7272,1.7272,10.72829906,10.72829906,6.817984447,6.817984447,1.4986,5.915604153,54.00120831,76.04352465,31.86823511,10.72829906,6.817984447,22.04231635,0
B00101,B00101_R1,95,Green_1,Green_6,1,2,2.54,0.762,24.72,0.2032,1.6002,34.2,2,2,-9.48,1.6764,0.2032,2.54,0.762,1.4224,2.8702,1.4224,3,3,3,300,0,1,2,2.9464,2.9464,3.2512,3.2512,24.72,34.2,2,2,1.4224,2.8702,0,-9.48,1.4478,2.8448,17.22962144,41.94962144,258.0503786,8.723009513,0,0.860167929,105.4555681,26.72,3.2512,3.2512,2.8702,2.8702,12.83385308,12.83385308,11.32988592,11.32988592,1.4224,5.614810721,41.94962144,73.6173276,38.78648403,12.83385308,11.32988592,31.66770615,1
B00101,B00101_R1,101,Purple_3,Gate_3,2,2,2.54,0.762,24.72,0.2032,1.6002,34.2,2,2,-9.48,1.0668,2.54,0.2032,1.6002,3.2512,1.8034,1.8034,2,3,3,300,0,2,2,2.9464,2.9464,2.8702,2.8702,24.72,34.2,2,2,3.2512,1.8034,0,-9.48,-1.4478,5.0546,25.95263096,50.67263096,249.327369,0,0,0.83109123,59.3518775,26.72,2.8702,2.8702,3.2512,3.2512,11.32988592,11.32988592,12.83385308,12.83385308,3.2512,12.83385308,50.67263096,67.9022524,28.55950736,11.32988592,12.83385308,17.22962144,0
B00102,B00102_R2,102,Green_5,Gate_3,1,2,0.2032,1.6002,39.81,0.2032,1.6002,26.71,2,2,13.11,1.9812,0.7112,0.2032,1.6002,3.175,3.175,3.175,2,3,3,300,1,1,2,3.556,3.556,1.4986,1.4986,26.71,39.81,2,2,3.175,3.175,0,-13.1,0,6.35,31.06611929,57.77611929,242.2238807,0,0,0.807412936,47.24409449,28.71,1.4986,1.4986,3.175,3.175,5.915604153,5.915604153,12.53305965,12.53305965,3.175,12.53305965,57.77611929,75.6073276,23.74681246,5.915604153,12.53305965,17.83120831,1
B00102,B00102_R2,99,Purple_4,Gate_3,2,2,0.2032,1.6002,39.81,0.2032,1.6002,26.71,2,2,13.11,0.762,2.032,0.2032,1.6002,1.4986,1.4986,1.4986,2,3,3,300,1,2,2,3.556,3.556,3.175,3.175,26.71,39.81,2,2,1.4986,1.4986,0,-13.1,0,2.9972,17.83120831,44.54120831,255.4587917,13.23491099,0,0.851529306,100.0934205,28.71,3.175,3.175,1.4986,1.4986,12.53305965,12.53305965,5.915604153,5.915604153,1.4986,5.915604153,44.54120831,75.6073276,43.59917894,12.53305965,5.915604153,31.06611929,0
B00103,B00103_R1,103,Orange_5,Gate_3,1,2,0.2032,1.6002,34.57,0.2032,1.6002,48.47,2,2,-13.91,1.9812,2.032,0.2032,1.6002,2.7178,2.7178,2.7178,2,3,3,300,0,1,2,1.4224,1.4224,1.8034,1.8034,34.57,48.47,2,2,2.7178,2.7178,0,-13.9,0,5.4356,27.45659811,62.02659811,237.9734019,0,0,0.793244673,55.19169917,36.57,1.8034,1.8034,2.7178,2.7178,7.118777879,7.118777879,10.72829906,10.72829906,2.7178,10.72829906,62.02659811,82.26415387,27.35633364,7.118777879,10.72829906,20.23755576,1
B00103,B00103_R1,101,Purple_3,Gate_3,2,2,0.2032,1.6002,34.57,0.2032,1.6002,48.47,2,2,-13.91,1.0668,2.54,0.2032,1.6002,1.8034,1.8034,1.8034,2,3,3,300,0,2,2,1.4224,1.4224,2.7178,2.7178,34.57,48.47,2,2,1.8034,1.8034,0,-13.9,0,3.6068,20.23755576,54.80755576,245.1924442,7.219042356,0,0.817308147,83.17622269,36.57,2.7178,2.7178,1.8034,1.8034,10.72829906,10.72829906,7.118777879,7.118777879,1.8034,7.118777879,54.80755576,82.26415387,38.18489717,10.72829906,7.118777879,27.45659811,0
B00104,B00104_R2,104,Orange_7,Gate_3,1,2,0.2032,1.6002,46.19,0.2032,1.6002,34.16,2,2,12.03,2.54,1.6002,0.2032,1.6002,2.3368,2.3368,2.3368,2,3,3,300,1,1,2,2.7178,2.7178,1.4986,1.4986,34.16,46.19,2,2,2.3368,2.3368,0,-12.03,0,4.6736,24.4486638,58.6086638,241.3913362,0,0,0.804637787,64.19034577,36.16,1.4986,1.4986,2.3368,2.3368,5.915604153,5.915604153,9.224331899,9.224331899,2.3368,9.224331899,58.6086638,76.4398721,23.74681246,5.915604153,9.224331899,17.83120831,1
B00104,B00104_R2,99,Purple_4,Gate_3,2,2,0.2032,1.6002,46.19,0.2032,1.6002,34.16,2,2,12.03,0.762,2.032,0.2032,1.6002,1.4986,1.4986,1.4986,2,3,3,300,1,2,2,2.7178,2.7178,2.3368,2.3368,34.16,46.19,2,2,1.4986,1.4986,0,-12.03,0,2.9972,17.83120831,51.99120831,248.0087917,6.617455493,0,0.826695972,100.0934205,36.16,2.3368,2.3368,1.4986,1.4986,9.224331899,9.224331899,5.915604153,5.915604153,1.4986,5.915604153,51.99120831,76.4398721,33.6729957,9.224331899,5.915604153,24.4486638,0
B00105,B00105_R1,105,Orange_6,Orange_4,1,2,0.2032,1.6002,34.13,0.2032,1.6002,43.24,2,2,-9.11,2.54,1.9812,1.6764,2.032,2.7178,2.7178,1.4224,3,3,3,300,0,1,2,2.032,2.032,1.1176,1.1176,34.13,43.24,2,2,2.7178,2.7178,0,-9.11,0,4.1402,22.34310978,56.47310978,243.5268902,0,0,0.811756301,72.46026762,36.13,1.1176,1.1176,2.7178,2.7178,4.411636995,4.411636995,10.72829906,10.72829906,2.7178,10.72829906,56.47310978,76.71066554,24.64919275,4.411636995,10.72829906,20.23755576,1
B00105,B00105_R1,101,Purple_3,Gate_3,2,2,0.2032,1.6002,34.13,0.2032,1.6002,43.24,2,2,-9.11,1.0668,2.54,0.2032,1.6002,1.8034,1.8034,1.8034,2,3,3,300,0,2,2,2.032,2.032,2.7178,2.7178,34.13,43.24,2,2,1.8034,1.8034,0,-9.11,0,3.6068,20.23755576,54.36755576,245.6324442,2.10555402,0,0.818774814,83.17622269,36.13,2.7178,2.7178,1.1176,1.1176,10.72829906,10.72829906,4.411636995,4.411636995,1.8034,7.118777879,54.36755576,74.00352465,33.07140883,10.72829906,4.411636995,19.63596889,0
B00106,B00106_R2,99,Purple_4,Gate_3,1,2,0.2032,1.6002,40.11,0.2032,1.6002,30.94,2,2,9.18,0.762,2.032,0.2032,1.6002,1.4986,1.4986,1.4986,2,3,3,300,1,1,2,2.3368,2.3368,1.3462,1.3462,30.94,40.11,2,2,1.4986,1.4986,0,-9.17,0,2.9972,17.83120831,48.77120831,251.2287917,7.519835787,0,0.837429306,100.0934205,32.94,1.3462,1.3462,2.3368,2.3368,5.31401729,5.31401729,9.224331899,9.224331899,1.4986,5.915604153,48.77120831,77.43098014,30.66506138,5.31401729,9.224331899,28.65977184,1
B00106,B00106_R2,106,Gate_1,Orange_6,2,2,0.2032,1.6002,40.11,0.2032,1.6002,30.94,2,2,9.18,0.2032,0.762,2.54,1.9812,1.3462,1.3462,3.556,1,3,3,300,1,2,2,2.3368,2.3368,2.3368,2.3368,30.94,40.11,2,2,1.3462,1.3462,0,-9.17,0,4.9022,25.35104409,56.29104409,243.7089559,0,0,0.812363186,61.19701359,32.94,2.3368,2.3368,1.3462,1.3462,9.224331899,9.224331899,5.31401729,5.31401729,1.3462,5.31401729,56.29104409,74.1222524,27.0555402,9.224331899,5.31401729,17.83120831,0
B00107,B00107_R1,101,Purple_3,Gate_3,1,2,0.2032,1.6002,26.39,2.54,1.9812,43.98,2,2,-17.6,1.0668,2.54,0.2032,1.6002,1.8034,2.032,1.8034,2,3,3,300,0,1,2,3.2512,3.2512,3.175,3.175,26.39,43.98,2,2,1.8034,2.032,0,-17.59,0.2286,3.6068,20.23755576,46.62755576,253.3724442,2.707140883,0,0.844574814,83.17622269,28.39,3.175,3.175,3.2512,3.2512,12.53305965,12.53305965,12.83385308,12.83385308,1.8034,7.118777879,46.62755576,75.2873276,35.47775629,12.53305965,12.83385308,28.65977184,1
B00107,B00107_R1,107,Green_2,Green_6,2,2,0.2032,1.6002,26.39,2.54,1.9812,43.98,2,2,-17.6,1.9812,0.2032,2.54,0.762,3.175,2.3368,1.1176,3,3,3,300,0,2,2,3.2512,3.2512,3.2512,3.2512,26.39,43.98,2,2,3.175,2.3368,0,-17.59,-0.8382,4.2926,22.94469664,49.33469664,250.6653034,0,0,0.835551011,69.88771374,28.39,3.2512,3.2512,3.175,3.175,12.83385308,12.83385308,12.53305965,12.53305965,3.175,12.53305965,49.33469664,69.5722524,33.07140883,12.83385308,12.53305965,20.23755576,0
B00108,B00108_R2,108,Yellow_5,Gate_3,1,2,2.54,0.762,40.72,2.54,1.9812,35.07,2,2,5.65,1.0668,0.7112,0.2032,1.6002,2.032,3.2512,2.2606,2,3,3,300,1,1,2,1.4224,1.4224,1.3462,1.3462,35.07,40.72,2,2,3.2512,2.032,0,-5.65,-1.2192,5.5118,27.75739154,62.82739154,237.1726085,6.316662061,0,0.790575362,54.42868029,37.07,1.3462,1.3462,3.2512,3.2512,5.31401729,5.31401729,12.83385308,12.83385308,3.2512,12.83385308,62.82739154,96.90144515,39.3880709,5.31401729,12.83385308,34.07405361,1
B00108,B00108_R2,106,Gate_1,Orange_6,2,2,2.54,0.762,40.72,2.54,1.9812,35.07,2,2,5.65,0.2032,0.762,2.54,1.9812,2.9464,3.556,3.556,1,3,3,300,1,2,2,1.4224,1.4224,3.2512,3.2512,35.07,40.72,2,2,3.556,2.9464,0,-5.65,-0.6096,7.112,34.07405361,69.14405361,230.8559464,0,0,0.769519821,42.18222722,37.07,3.2512,3.2512,1.3462,1.3462,12.83385308,12.83385308,5.31401729,5.31401729,3.556,14.0370268,69.14405361,88.17843564,40.59124462,12.83385308,5.31401729,19.03438203,0
B00109,B00109_R1,109,Green_5,Green_4,1,2,2.54,0.762,33.22,2.54,1.9812,50,2,2,-16.77,1.9812,0.7112,1.6764,0.7112,1.1176,2.3368,0.8128,3,3,3,300,0,1,2,0.508,0.508,0.8128,0.8128,33.22,50,2,2,1.1176,2.3368,0,-16.78,1.2192,1.9304,13.62010026,46.84010026,253.1598997,1.203173726,0,0.843866332,155.4082056,35.22,0.8128,0.8128,1.1176,1.1176,3.208463269,3.208463269,4.411636995,4.411636995,1.1176,4.411636995,46.84010026,61.66337425,18.03173726,3.208463269,4.411636995,14.82327399,1
B00109,B00109_R1,107,Green_2,Green_6,2,2,2.54,0.762,33.22,2.54,1.9812,50,2,2,-16.77,1.9812,0.2032,2.54,0.762,1.1176,2.3368,1.1176,3,3,3,300,0,2,2,0.508,0.508,1.1176,1.1176,33.22,50,2,2,1.1176,2.3368,0,-16.78,1.2192,2.2352,14.82327399,48.04327399,251.956726,0,0,0.839855753,134.2161775,35.22,1.1176,1.1176,0.8128,0.8128,4.411636995,4.411636995,3.208463269,3.208463269,1.1176,4.411636995,48.04327399,60.46020053,18.03173726,4.411636995,3.208463269,12.41692654,0
B00110,B00110_R2,110,Purple_3,Gate_3,1,2,2.54,0.762,35.6,2.54,1.9812,38.23,2,2,-2.63,1.0668,2.54,0.2032,1.6002,3.2512,2.032,1.8034,2,3,3,300,1,1,2,2.6416,2.6416,1.3462,1.3462,38.23,35.6,2,2,2.032,3.2512,0,2.63,1.2192,3.8354,21.13993605,59.36993605,240.6300639,12.93411755,0,0.802100213,78.21869948,40.23,1.3462,1.3462,2.032,2.032,5.31401729,5.31401729,8.021158173,8.021158173,2.032,8.021158173,59.36993605,93.44398966,39.3880709,5.31401729,8.021158173,34.07405361,1
B00110,B00110_R2,106,Gate_1,Orange_6,2,2,2.54,0.762,35.6,2.54,1.9812,38.23,2,2,-2.63,0.2032,0.762,2.54,1.9812,2.9464,3.556,3.556,1,3,3,300,1,2,2,2.6416,2.6416,2.032,2.032,38.23,35.6,2,2,3.556,2.9464,0,2.63,-0.6096,7.112,34.07405361,72.30405361,227.6959464,0,0,0.758986488,42.18222722,40.23,2.032,2.032,1.3462,1.3462,8.021158173,8.021158173,5.31401729,5.31401729,3.556,14.0370268,72.30405361,84.72098014,29.16109422,8.021158173,5.31401729,12.41692654,0
B00111,B00111_R1,107,Green_2,Green_6,1,2,2.54,0.762,20.23,2.54,1.9812,46.71,2,2,-26.48,1.9812,0.2032,2.54,0.762,1.1176,2.3368,1.1176,3,3,3,300,0,1,2,1.7272,1.7272,2.3368,2.3368,20.23,46.71,2,2,1.1176,2.3368,0,-26.48,1.2192,2.2352,14.82327399,35.05327399,264.946726,9.625389808,0,0.883155753,134.2161775,22.23,2.3368,2.3368,3.556,3.556,9.224331899,9.224331899,14.0370268,14.0370268,1.1176,4.411636995,35.05327399,69.1273276,33.6729957,9.224331899,14.0370268,34.07405361,1
B00111,B00111_R1,111,Yellow_4,Gate_4,2,2,2.54,0.762,20.23,2.54,1.9812,46.71,2,2,-26.48,0.762,0.7112,0.2032,1.9812,2.3368,3.556,2.3368,2,3,3,300,0,2,2,1.7272,1.7272,3.556,3.556,20.23,46.71,2,2,2.3368,3.556,0,-26.48,1.2192,4.6736,24.4486638,44.6786638,255.3213362,0,0,0.851071121,64.19034577,22.23,3.556,3.556,2.3368,2.3368,14.0370268,14.0370268,9.224331899,9.224331899,2.3368,9.224331899,44.6786638,59.50193779,28.86030079,14.0370268,9.224331899,14.82327399,0
B00112,B00112_R1,111,Yellow_4,Gate_4,1,2,0.2032,1.9812,38.31,2.54,1.9812,36.67,2,2,1.64,0.762,0.7112,0.2032,1.9812,2.3368,3.556,2.3368,2,3,3,300,0,1,2,1.4986,1.4986,1.3462,1.3462,38.31,36.67,2,2,2.3368,3.556,0,1.64,1.2192,4.6736,24.4486638,62.7586638,237.2413362,0,0,0.790804454,64.19034577,40.31,1.3462,1.3462,3.2512,3.2512,5.31401729,5.31401729,12.83385308,12.83385308,2.3368,9.224331899,62.7586638,89.01208819,27.9579205,5.31401729,12.83385308,26.25342439,1
B00112,B00112_R1,112,Gate_2,Orange_4,2,2,0.2032,1.9812,38.31,2.54,1.9812,36.67,2,2,1.64,0.2032,1.143,1.6764,2.032,1.3462,3.175,2.8702,1,3,3,300,0,2,2,1.4986,1.4986,3.2512,3.2512,38.31,36.67,2,2,1.3462,3.175,0,1.64,1.8288,4.2164,22.64390321,60.95390321,239.0460968,1.804760589,0,0.796820323,71.15074471,40.31,3.2512,3.2512,1.3462,1.3462,12.83385308,12.83385308,5.31401729,5.31401729,1.3462,5.31401729,60.95390321,85.40256701,37.28251688,12.83385308,5.31401729,24.4486638,0
B00113,B00113_R2,113,Green_4,Orange_7,1,1,1.6764,2.032,54.58,2.54,1.9812,26.63,3,1,27.95,1.6764,0.7112,2.54,1.6002,2.9464,2.6416,2.2606,3,3,3,300,1,1,1,0,0,0,0,26.63,54.58,1,3,2.6416,2.9464,-2,-27.95,0.3048,4.9022,25.35104409,51.98104409,248.0189559,0,0,0.826729853,61.19701359,27.63,0,0,0,0,0,0,0,0,2.6416,10.42750563,51.98104409,41.55353847,0,0,0,-10.42750563,0
B00114,B00114_R2,114,Gate_1,Orange_7,1,2,1.6764,2.032,47.09,2.54,1.6002,43.59,2,2,3.5,0.2032,0.762,2.54,1.6002,3.2512,3.175,3.175,1,3,3,300,1,1,2,2.032,2.032,2.2606,2.2606,43.59,47.09,2,2,3.175,3.2512,0,-3.5,0.0762,6.35,31.06611929,74.65611929,225.3438807,0,0,0.751146269,47.24409449,45.59,2.2606,2.2606,3.175,3.175,8.923538468,8.923538468,12.53305965,12.53305965,3.175,12.53305965,74.65611929,98.50319623,32.7706154,8.923538468,12.53305965,23.84707694,1
B00114,B00114_R2,113,Green_4,Orange_7,2,2,1.6764,2.032,47.09,2.54,1.6002,43.59,2,2,3.5,1.6764,0.7112,2.54,1.6002,2.9464,2.2606,2.2606,3,3,3,300,1,2,2,2.032,2.032,3.175,3.175,43.59,47.09,2,2,2.2606,2.9464,0,-3.5,0.6858,4.5212,23.84707694,67.43707694,232.5629231,7.219042356,0,0.775209744,66.35406529,45.59,3.175,3.175,2.2606,2.2606,12.53305965,12.53305965,8.923538468,8.923538468,2.2606,8.923538468,67.43707694,98.50319623,43.59917894,12.53305965,8.923538468,31.06611929,0
B00115,B00115_R1,115,Purple_1,Gate_4,1,2,1.6764,2.032,35.11,2.54,1.6002,57.78,2,2,-22.67,0.4572,2.54,0.2032,1.9812,1.7272,3.0226,0.8128,2,3,3,300,0,1,2,1.651,1.651,1.3462,1.3462,35.11,57.78,2,2,1.7272,3.0226,0,-22.67,1.2954,2.54,16.02644772,51.13644772,248.8635523,12.63332412,0,0.829545174,118.1102362,37.11,1.3462,1.3462,1.7272,1.7272,5.31401729,5.31401729,6.817984447,6.817984447,1.7272,6.817984447,51.13644772,79.79621956,33.97378913,5.31401729,6.817984447,28.65977184,1
B00115,B00115_R1,112,Gate_2,Orange_4,2,2,1.6764,2.032,35.11,2.54,1.6002,57.78,2,2,-22.67,0.2032,1.143,1.6764,2.032,2.8702,2.794,2.8702,1,3,3,300,0,2,2,1.651,1.651,1.7272,1.7272,35.11,57.78,2,2,2.8702,2.794,0,-22.67,-0.0762,5.7404,28.65977184,63.76977184,236.2302282,0,0,0.787434094,52.26116647,37.11,1.7272,1.7272,1.3462,1.3462,6.817984447,6.817984447,5.31401729,5.31401729,2.8702,11.32988592,63.76977184,73.78035093,22.84443216,6.817984447,5.31401729,10.01057909,0
B00116,B00116_R1,112,Gate_2,Orange_4,1,2,1.6764,2.032,35.46,2.54,1.6002,40.9,2,2,-5.44,0.2032,1.143,1.6764,2.032,2.8702,2.794,2.8702,1,3,3,300,0,1,2,1.8034,1.8034,2.9464,2.9464,35.46,40.9,2,2,2.8702,2.794,0,-5.44,-0.0762,5.7404,28.65977184,64.11977184,235.8802282,0,0,0.786267427,52.26116647,37.46,2.9464,2.9464,3.0226,3.0226,11.63067935,11.63067935,11.93147278,11.93147278,2.8702,11.32988592,64.11977184,89.1700225,36.07934315,11.63067935,11.93147278,25.05025066,1
B00116,B00116_R1,116,Yellow_3,Green_3,2,2,1.6764,2.032,35.46,2.54,1.6002,40.9,2,2,-5.44,1.0668,0.2032,2.286,0.2032,2.9464,2.8702,1.7272,3,3,3,300,0,2,2,1.8034,1.8034,3.0226,3.0226,35.46,40.9,2,2,2.9464,2.8702,0,-5.44,-0.0762,4.6736,24.4486638,59.9086638,240.0913362,4.211108041,0,0.800304454,64.19034577,37.46,3.0226,3.0226,2.9464,2.9464,11.93147278,11.93147278,11.63067935,11.63067935,2.9464,11.63067935,59.9086638,88.56843564,40.59124462,11.93147278,11.63067935,28.65977184,0
B00117,B00117_R2,117,Gate_2,Yellow_5,1,1,2.286,0.2032,53.54,2.54,1.6002,25.45,3,1,28.09,0.2032,1.143,1.0668,0.7112,3.0226,2.794,1.8034,1,3,3,300,1,1,1,0,0,0,0,25.45,53.54,1,3,2.794,3.0226,-2,-28.09,0.2286,4.5974,24.14787037,49.59787037,250.4021296,0,0,0.834673765,65.25427415,26.45,0,0,0,0,0,0,0,0,2.794,11.02909249,49.59787037,38.56877788,0,0,0,-11.02909249,0
B00118,B00118_R1,118,Purple_1,Green_1,1,2,2.286,0.2032,47.17,1.0668,0.7112,37.83,2,2,9.34,0.4572,2.54,1.6764,0.2032,4.1656,2.9464,3.556,3,3,3,300,0,1,2,2.9464,2.9464,1.1176,1.1176,47.17,37.83,2,2,4.1656,2.9464,0,9.34,-1.2192,7.7216,36.48040106,83.65040106,216.3495989,0,0,0.72116533,38.85205139,49.17,1.1176,1.1176,4.1656,4.1656,4.411636995,4.411636995,16.44337425,16.44337425,4.1656,16.44337425,83.65040106,103.28637,24.04760589,4.411636995,16.44337425,19.63596889,1
B00118,B00118_R1,116,Yellow_3,Green_3,2,2,2.286,0.2032,47.17,1.0668,0.7112,37.83,2,2,9.34,1.0668,0.2032,2.286,0.2032,1.7272,0.508,1.7272,3,3,3,300,0,2,2,2.9464,2.9464,4.1656,4.1656,47.17,37.83,2,2,1.7272,0.508,0,9.34,-1.2192,3.4544,19.63596889,66.80596889,233.1940311,16.84443216,0,0.777313437,86.84576193,49.17,4.1656,4.1656,1.1176,1.1176,16.44337425,16.44337425,4.411636995,4.411636995,1.7272,6.817984447,66.80596889,100.8800225,52.92377531,16.44337425,4.411636995,34.07405361,0
B00119,B00119_R2,119,Gate_1,Orange_1,1,1,2.286,0.2032,58.41,1.0668,0.7112,26.07,3,1,32.35,0.2032,0.762,1.6764,2.54,2.6416,1.4224,3.2512,1,3,3,300,1,1,1,0,0,0,0,26.07,58.41,1,3,1.4224,2.6416,-2,-32.34,1.2192,4.6736,24.4486638,50.5186638,249.4813362,0,0,0.831604454,64.19034577,27.07,0,0,0,0,0,0,0,0,1.4224,5.614810721,50.5186638,44.90385308,0,0,0,-5.614810721,0
B00120,B00120_R2,120,Gate_2,Green_4,1,2,2.286,0.2032,44.16,1.6764,2.54,36.49,2,2,7.68,0.2032,1.143,1.6764,0.7112,3.0226,2.8702,2.413,1,3,3,300,1,1,2,0.889,0.889,2.032,2.032,36.49,44.16,2,2,2.8702,3.0226,0,-7.67,0.1524,5.2832,26.85501125,63.34501125,236.6549887,4.812694904,0,0.788849962,56.78376741,38.49,2.032,2.032,2.8702,2.8702,8.021158173,8.021158173,11.32988592,11.32988592,2.8702,11.32988592,63.34501125,95.0127174,39.68886433,8.021158173,11.32988592,31.66770615,1
B00120,B00120_R2,119,Gate_1,Orange_1,2,2,2.286,0.2032,44.16,1.6764,2.54,36.49,2,2,7.68,0.2032,0.762,1.6764,2.54,2.6416,3.2512,3.2512,1,3,3,300,1,2,2,0.889,0.889,2.8702,2.8702,36.49,44.16,2,2,3.2512,2.6416,0,-7.67,-0.6096,6.5024,31.66770615,68.15770615,231.8422938,0,0,0.772807646,46.13681102,38.49,2.8702,2.8702,2.032,2.032,11.32988592,11.32988592,8.021158173,8.021158173,3.2512,12.83385308,68.15770615,90.2000225,38.18489717,11.32988592,8.021158173,22.04231635,0
B00121,B00121_R1,121,Gate_2,Green_2,1,2,2.286,0.2032,34.43,1.6764,2.54,51.5,2,2,-17.07,0.2032,1.143,1.9812,0.2032,3.0226,2.8702,2.7178,1,3,3,300,0,1,2,1.8034,1.8034,1.4224,1.4224,34.43,51.5,2,2,3.0226,2.8702,0,-17.07,-0.1524,5.7404,28.65977184,63.08977184,236.9102282,0,0,0.789700761,52.26116647,36.43,1.4224,1.4224,3.0226,3.0226,5.614810721,5.614810721,11.93147278,11.93147278,3.0226,11.93147278,63.08977184,82.72574073,25.25077962,5.614810721,11.93147278,19.63596889,1
B00121,B00121_R1,116,Yellow_3,Green_3,2,2,2.286,0.2032,34.43,1.6764,2.54,51.5,2,2,-17.07,1.0668,0.2032,2.286,0.2032,1.7272,2.9464,1.7272,3,3,3,300,0,2,2,1.8034,1.8034,3.0226,3.0226,34.43,51.5,2,2,1.7272,2.9464,0,-17.07,1.2192,3.4544,19.63596889,54.06596889,245.9340311,9.023802945,0,0.819780104,86.84576193,36.43,3.0226,3.0226,1.4224,1.4224,11.93147278,11.93147278,5.614810721,5.614810721,1.7272,6.817984447,54.06596889,81.52256701,40.59124462,11.93147278,5.614810721,27.45659811,0
B00122,B00122_R2,122,Gate_1,Purple_3,1,2,2.286,0.2032,45.09,1.6764,2.54,41.46,2,2,3.63,0.2032,0.762,1.0668,2.54,2.6416,3.2512,2.6416,1,3,3,300,1,1,2,0,0,2.6416,2.6416,41.46,45.09,2,2,3.2512,2.6416,0,-3.63,-0.6096,5.8928,29.2613587,70.7213587,229.2786413,2.406347452,0,0.764262138,50.90958458,43.46,2.6416,2.6416,3.2512,3.2512,10.42750563,10.42750563,12.83385308,12.83385308,3.2512,12.83385308,70.7213587,102.3890649,42.09521178,10.42750563,12.83385308,31.66770615,1
B00122,B00122_R2,119,Gate_1,Orange_1,2,2,2.286,0.2032,45.09,1.6764,2.54,41.46,2,2,3.63,0.2032,0.762,1.6764,2.54,2.6416,3.2512,3.2512,1,3,3,300,1,2,2,0,0,3.2512,3.2512,41.46,45.09,2,2,3.2512,2.6416,0,-3.63,-0.6096,6.5024,31.66770615,73.12770615,226.8722938,0,0,0.756240979,46.13681102,43.46,3.2512,3.2512,2.6416,2.6416,12.83385308,12.83385308,10.42750563,10.42750563,3.2512,12.83385308,73.12770615,99.9827174,42.09521178,12.83385308,10.42750563,26.85501125,0
B00123,B00123_R1,123,Gate_1,Green_1,1,2,2.286,0.2032,32.56,1.6764,2.54,55.79,2,2,-23.23,0.2032,0.762,1.6764,0.2032,2.6416,3.2512,2.032,1,3,3,300,0,1,2,1.4224,1.4224,1.1176,1.1176,32.56,55.79,2,2,2.6416,3.2512,0,-23.23,0.6096,4.6736,24.4486638,57.0086638,242.9913362,0,0,0.809971121,64.19034577,34.56,1.1176,1.1176,2.6416,2.6416,4.411636995,4.411636995,10.42750563,10.42750563,2.6416,10.42750563,57.0086638,76.64463269,24.04760589,4.411636995,10.42750563,19.63596889,1
B00123,B00123_R1,116,Yellow_3,Green_3,2,2,2.286,0.2032,32.56,1.6764,2.54,55.79,2,2,-23.23,1.0668,0.2032,2.286,0.2032,1.7272,2.9464,1.7272,3,3,3,300,0,2,2,1.4224,1.4224,2.6416,2.6416,32.56,55.79,2,2,1.7272,2.9464,0,-23.23,1.2192,3.4544,19.63596889,52.19596889,247.8040311,4.812694904,0,0.826013437,86.84576193,34.56,2.6416,2.6416,1.1176,1.1176,10.42750563,10.42750563,4.411636995,4.411636995,1.7272,6.817984447,52.19596889,74.23828524,34.87616942,10.42750563,4.411636995,22.04231635,0
B00124,B00124_R1,116,Yellow_3,Green_3,1,2,2.286,0.2032,40.96,1.6764,2.54,44.93,2,2,-3.97,1.0668,0.2032,2.286,0.2032,1.7272,2.9464,1.7272,3,3,3,300,0,1,2,3.2512,3.2512,2.032,2.032,40.96,44.93,2,2,1.7272,2.9464,0,-3.97,1.2192,3.4544,19.63596889,60.59596889,239.4040311,6.01586863,0,0.798013437,86.84576193,42.96,2.032,2.032,2.6416,2.6416,8.021158173,8.021158173,10.42750563,10.42750563,1.7272,6.817984447,60.59596889,89.8573276,33.6729957,8.021158173,10.42750563,29.2613587,1
B00124,B00124_R1,124,Orange_6,Gate_4,2,2,2.286,0.2032,40.96,1.6764,2.54,44.93,2,2,-3.97,2.54,1.9812,0.2032,1.9812,2.032,1.4224,2.9464,2,3,3,300,0,2,2,3.2512,3.2512,2.6416,2.6416,40.96,44.93,2,2,2.032,1.4224,0,-3.97,-0.6096,4.9784,25.65183752,66.61183752,233.3881625,0,0,0.777960542,60.2603246,42.96,2.6416,2.6416,2.032,2.032,10.42750563,10.42750563,8.021158173,8.021158173,2.032,8.021158173,66.61183752,86.24780642,30.06347452,10.42750563,8.021158173,19.63596889,0
B00125,B00125_R2,125,Gate_1,Purple_3,1,1,0.2032,1.9812,54.62,1.6764,2.54,31.74,3,1,22.88,0.2032,0.762,1.0668,2.54,1.7272,3.2512,2.6416,1,3,3,300,1,1,1,0,0,0,0,31.74,54.62,1,3,3.2512,1.7272,-2,-22.88,-1.524,5.8928,29.2613587,61.0013587,238.9986413,0,0,0.796662138,50.90958458,32.74,0,0,0,0,0,0,0,0,3.2512,12.83385308,61.0013587,48.16750563,0,0,0,-12.83385308,0
B00126,B00126_R1,124,Orange_6,Gate_4,1,2,0.2032,1.9812,43.76,1.0668,2.54,47.82,2,2,-4.05,2.54,1.9812,0.2032,1.9812,2.9464,2.032,2.9464,2,3,3,300,0,1,2,3.556,3.556,1.7272,1.7272,43.76,47.82,2,2,2.9464,2.032,0,-4.06,-0.9144,5.8928,29.2613587,73.0213587,226.9786413,0,0,0.756595471,50.90958458,45.76,1.7272,1.7272,1.4224,1.4224,6.817984447,6.817984447,5.614810721,5.614810721,2.9464,11.63067935,73.0213587,92.6573276,32.46982197,6.817984447,5.614810721,19.63596889,1
B00126,B00126_R1,126,Gate_1,Orange_4,2,2,0.2032,1.9812,43.76,1.0668,2.54,47.82,2,2,-4.05,0.2032,0.762,1.6764,2.032,1.7272,2.6416,3.2512,1,3,3,300,0,2,2,3.556,3.556,1.4224,1.4224,43.76,47.82,2,2,1.7272,2.6416,0,-4.06,0.9144,4.9784,25.65183752,69.41183752,230.5881625,3.609521178,0,0.768627208,60.2603246,45.76,1.4224,1.4224,1.7272,1.7272,5.614810721,5.614810721,6.817984447,6.817984447,1.7272,6.817984447,69.41183752,98.67319623,34.87616942,5.614810721,6.817984447,29.2613587,0
B00127,B00127_R2,127,Gate_1,Green_4,1,1,1.6764,2.032,61.92,1.0668,2.54,32.14,3,1,29.78,0.2032,0.762,1.6764,0.7112,3.2512,2.6416,2.032,1,3,3,300,1,1,1,0,0,0,0,32.14,61.92,1,3,2.6416,3.2512,-2,-29.78,0.6096,4.6736,24.4486638,56.5886638,243.4113362,0,0,0.811371121,64.19034577,33.14,0,0,0,0,0,0,0,0,2.6416,10.42750563,56.5886638,46.16115817,0,0,0,-10.42750563,0
B00128,B00128_R2,128,Gate_1,Purple_1,1,2,1.6764,2.032,52.18,1.6764,0.7112,40.88,2,2,11.31,0.2032,0.762,0.4572,2.54,3.2512,2.032,2.032,1,3,3,300,1,1,2,0,0,2.032,2.032,40.88,52.18,2,2,2.032,3.2512,0,-11.3,1.2192,4.064,22.04231635,62.92231635,237.0776837,0,0,0.790258946,73.81889764,42.88,2.032,2.032,2.032,2.032,8.021158173,8.021158173,8.021158173,8.021158173,2.032,8.021158173,62.92231635,84.96463269,30.06347452,8.021158173,8.021158173,22.04231635,1
B00128,B00128_R2,127,Gate_1,Green_4,2,2,1.6764,2.032,52.18,1.6764,0.7112,40.88,2,2,11.31,0.2032,0.762,1.6764,0.7112,3.2512,2.032,2.032,1,3,3,300,1,2,2,0,0,2.032,2.032,40.88,52.18,2,2,2.032,3.2512,0,-11.3,1.2192,4.064,22.04231635,62.92231635,237.0776837,0,0,0.790258946,73.81889764,42.88,2.032,2.032,2.032,2.032,8.021158173,8.021158173,8.021158173,8.021158173,2.032,8.021158173,62.92231635,84.96463269,30.06347452,8.021158173,8.021158173,22.04231635,0
B00129,B00129_R1,126,Gate_1,Orange_4,1,2,1.6764,2.032,41.24,1.6764,0.7112,52.9,2,3,-11.66,0.2032,0.762,1.6764,2.032,3.2512,2.032,3.2512,1,3,3,300,0,1,2,2.3368,2.3368,3.2512,3.2512,41.24,52.9,2,3,3.2512,2.032,-1,-11.66,-1.2192,6.5024,31.66770615,72.90770615,227.0922938,1.203173726,0,0.756974313,46.13681102,43.24,3.2512,3.2512,1.7272,1.7272,12.83385308,12.83385308,6.817984447,6.817984447,3.2512,12.83385308,72.90770615,99.7627174,45.70473296,12.83385308,6.817984447,26.85501125,1
B00129,B00129_R1,129,Green_5,Gate_4,2,2,1.6764,2.032,41.24,1.6764,0.7112,52.9,2,3,-11.66,1.9812,0.7112,0.2032,1.9812,3.2512,0.8128,3.556,2,3,3,300,0,2,2,2.3368,2.3368,1.7272,1.7272,41.24,52.9,2,3,3.2512,0.8128,-1,-11.66,-2.4384,6.8072,32.87087988,74.11087988,225.8891201,0,0,0.752963734,44.07098366,43.24,1.7272,1.7272,3.2512,3.2512,6.817984447,6.817984447,12.83385308,12.83385308,3.2512,12.83385308,74.11087988,105.778586,38.4856906,6.817984447,12.83385308,31.66770615,0
B00130,B00130_R2,127,Gate_1,Green_4,1,2,0.2032,1.9812,59.88,1.6764,0.7112,44.29,2,2,15.6,0.2032,0.762,1.6764,0.7112,1.7272,2.032,2.032,1,3,3,300,1,1,2,2.9464,2.9464,1.4224,1.4224,44.29,59.88,2,2,2.032,1.7272,0,-15.59,-0.3048,4.064,22.04231635,66.33231635,233.6676837,0,0,0.778892279,73.81889764,46.29,1.4224,1.4224,3.556,3.556,5.614810721,5.614810721,14.0370268,14.0370268,2.032,8.021158173,66.33231635,93.1873276,26.45395334,5.614810721,14.0370268,26.85501125,1
B00130,B00130_R2,130,Green_6,Orange_2,2,2,0.2032,1.9812,59.88,1.6764,0.7112,44.29,2,2,15.6,2.54,0.762,1.9812,2.54,3.556,1.4224,2.3368,3,3,3,300,1,2,2,2.9464,2.9464,3.556,3.556,44.29,59.88,2,2,1.4224,3.556,0,-15.59,2.1336,3.7592,20.83914262,65.12914262,234.8708574,1.203173726,0,0.782902858,79.80421366,46.29,3.556,3.556,1.4224,1.4224,14.0370268,14.0370268,5.614810721,5.614810721,1.4224,5.614810721,65.12914262,87.17145897,36.07934315,14.0370268,5.614810721,22.04231635,0
B00131,B00131_R1,129,Green_5,Gate_4,1,2,0.2032,1.9812,50.06,1.9812,2.54,53.98,2,3,-3.92,1.9812,0.7112,0.2032,1.9812,3.556,2.9464,3.556,2,3,3,300,0,1,2,1.7272,1.7272,2.3368,2.3368,50.06,53.98,2,3,3.556,2.9464,-1,-3.92,-0.6096,7.112,34.07405361,84.13405361,215.8659464,0,0,0.719553155,42.18222722,52.06,2.3368,2.3368,2.6416,2.6416,9.224331899,9.224331899,10.42750563,10.42750563,3.556,14.0370268,84.13405361,110.9890649,39.68886433,9.224331899,10.42750563,26.85501125,1
B00131,B00131_R1,131,Yellow_4,Orange_3,2,2,0.2032,1.9812,50.06,1.9812,2.54,53.98,2,3,-3.92,0.762,0.7112,2.286,2.54,2.3368,3.556,3.8608,3,3,3,300,0,2,2,1.7272,1.7272,2.6416,2.6416,50.06,53.98,2,3,2.3368,3.556,-1,-3.92,1.2192,6.1976,30.46453243,80.52453243,219.4754676,3.609521178,0,0.731584892,48.40583452,52.06,2.6416,2.6416,2.3368,2.3368,10.42750563,10.42750563,9.224331899,9.224331899,2.3368,9.224331899,80.52453243,114.598586,44.50155923,10.42750563,9.224331899,34.07405361,0
B00132,B00132_R2,130,Green_6,Orange_2,1,2,2.286,2.54,64.86,1.9812,2.54,43.04,2,2,21.81,2.54,0.762,1.9812,2.54,2.032,2.3368,2.3368,3,3,3,300,1,1,2,2.7178,2.7178,3.175,3.175,43.04,64.86,2,2,2.3368,2.032,0,-21.82,-0.3048,4.6736,24.4486638,67.4886638,232.5113362,6.617455493,0,0.775037787,64.19034577,45.04,3.175,3.175,2.3368,2.3368,12.53305965,12.53305965,9.224331899,9.224331899,2.3368,9.224331899,67.4886638,98.55478309,43.59917894,12.53305965,9.224331899,31.06611929,1
B00132,B00132_R2,132,Gate_2,Orange_2,2,2,2.286,2.54,64.86,1.9812,2.54,43.04,2,2,21.81,0.2032,1.143,1.9812,2.54,3.4798,3.175,3.175,1,3,3,300,1,2,2,2.7178,2.7178,2.3368,2.3368,43.04,64.86,2,2,3.175,3.4798,0,-21.82,0.3048,6.35,31.06611929,74.10611929,225.8938807,0,0,0.752979602,47.24409449,45.04,2.3368,2.3368,3.175,3.175,9.224331899,9.224331899,12.53305965,12.53305965,3.175,12.53305965,74.10611929,98.55478309,33.6729957,9.224331899,12.53305965,24.4486638,0
B00133,B00133_R1,133,Gate_2,Green_5,1,2,2.286,2.54,49.42,1.9812,2.54,63.17,2,3,-13.74,0.2032,1.143,1.9812,0.7112,3.4798,3.175,2.7178,1,3,3,300,0,1,2,1.4986,1.4986,1.7272,1.7272,49.42,63.17,2,3,3.4798,3.175,-1,-13.75,-0.3048,6.1976,30.46453243,79.88453243,220.1154676,6.01586863,0,0.733718225,48.40583452,51.42,1.7272,1.7272,3.4798,3.4798,6.817984447,6.817984447,13.73623337,13.73623337,3.4798,13.73623337,79.88453243,116.3649335,43.29838551,6.817984447,13.73623337,36.48040106,1
B00133,B00133_R1,131,Yellow_4,Orange_3,2,2,2.286,2.54,49.42,1.9812,2.54,63.17,2,3,-13.74,0.762,0.7112,2.286,2.54,3.8608,3.556,3.8608,3,3,3,300,0,2,2,1.4986,1.4986,3.4798,3.4798,49.42,63.17,2,3,3.8608,3.556,-1,-13.75,-0.3048,7.7216,36.48040106,85.90040106,214.0995989,0,0,0.71366533,38.85205139,51.42,3.4798,3.4798,1.7272,1.7272,13.73623337,13.73623337,6.817984447,6.817984447,3.8608,15.24020053,85.90040106,107.9427174,44.2007658,13.73623337,6.817984447,22.04231635,0
B00134,B00134_R1,134,Gate_2,Yellow_5,1,2,2.286,2.54,52.26,1.9812,2.54,52.31,2,2,-0.04,0.2032,1.143,1.0668,0.7112,3.4798,3.175,1.8034,1,3,3,300,0,1,2,1.4986,1.4986,0.8128,0.8128,52.26,52.31,2,2,3.4798,3.175,0,-0.05,-0.3048,5.2832,26.85501125,79.11501125,220.8849887,9.625389808,0,0.736283296,56.78376741,54.26,0.8128,0.8128,3.4798,3.4798,3.208463269,3.208463269,13.73623337,13.73623337,3.4798,13.73623337,79.11501125,115.5954123,39.68886433,3.208463269,13.73623337,36.48040106,1
B00134,B00134_R1,131,Yellow_4,Orange_3,2,2,2.286,2.54,52.26,1.9812,2.54,52.31,2,2,-0.04,0.762,0.7112,2.286,2.54,3.8608,3.556,3.8608,3,3,3,300,0,2,2,1.4986,1.4986,3.4798,3.4798,52.26,52.31,2,2,3.8608,3.556,0,-0.05,-0.3048,7.7216,36.48040106,88.74040106,211.2595989,0,0,0.704198663,38.85205139,54.26,3.4798,3.4798,0.8128,0.8128,13.73623337,13.73623337,3.208463269,3.208463269,3.8608,15.24020053,88.74040106,103.563675,40.59124462,13.73623337,3.208463269,14.82327399,0
B00135,B00135_R2,135,Green_5,Purple_4,1,2,2.286,2.54,64.1,1.9812,2.54,43.69,3,2,20.41,1.9812,0.7112,0.762,2.032,2.6416,2.9464,3.556,3,3,3,300,1,1,2,2.7178,2.7178,1.9558,1.9558,43.69,64.1,2,3,2.9464,2.6416,-1,-20.41,-0.3048,6.5024,31.66770615,75.35770615,224.6422938,0,0,0.748807646,46.13681102,45.69,1.9558,1.9558,2.9464,2.9464,7.720364742,7.720364742,11.63067935,11.63067935,2.9464,11.63067935,75.35770615,106.4238254,38.78648403,7.720364742,11.63067935,31.06611929,1
B00135,B00135_R2,132,Gate_2,Orange_2,2,2,2.286,2.54,64.1,1.9812,2.54,43.69,3,2,20.41,0.2032,1.143,1.9812,2.54,3.4798,3.175,3.175,1,3,3,300,1,2,2,2.7178,2.7178,2.9464,2.9464,43.69,64.1,2,3,3.175,3.4798,-1,-20.41,0.3048,6.35,31.06611929,74.75611929,225.2438807,0.601586863,0,0.750812936,47.24409449,45.69,2.9464,2.9464,1.9558,1.9558,11.63067935,11.63067935,7.720364742,7.720364742,3.175,12.53305965,74.75611929,101.6111305,43.29838551,11.63067935,7.720364742,26.85501125,0
B00136,B00136_R2,136,Purple_2,Gate_4,1,2,2.286,2.54,50.46,1.9812,2.54,58.48,2,2,-8.03,0.762,2.54,0.2032,1.9812,2.032,1.7272,1.1176,2,3,3,300,1,1,2,1.9558,1.9558,1.3462,1.3462,58.48,50.46,2,2,1.7272,2.032,0,8.02,0.3048,2.8448,17.22962144,75.70962144,224.2903786,13.83649785,0,0.747634595,105.4555681,60.48,1.3462,1.3462,1.7272,1.7272,5.31401729,5.31401729,6.817984447,6.817984447,1.7272,6.817984447,75.70962144,106.7757407,36.38013658,5.31401729,6.817984447,31.06611929,1
B00136,B00136_R2,132,Gate_2,Orange_2,2,2,2.286,2.54,50.46,1.9812,2.54,58.48,2,2,-8.03,0.2032,1.143,1.9812,2.54,3.4798,3.175,3.175,1,3,3,300,1,2,2,1.9558,1.9558,1.7272,1.7272,58.48,50.46,2,2,3.175,3.4798,0,8.02,0.3048,6.35,31.06611929,89.54611929,210.4538807,0,0,0.701512936,47.24409449,60.48,1.7272,1.7272,1.3462,1.3462,6.817984447,6.817984447,5.31401729,5.31401729,3.175,12.53305965,89.54611929,99.55669838,24.04760589,6.817984447,5.31401729,10.01057909,0
B00137,B00137_R1,131,Yellow_4,Orange_3,1,2,2.286,2.54,36.81,1.9812,2.54,54.18,2,3,-17.37,0.762,0.7112,2.286,2.54,3.8608,3.556,3.8608,3,3,3,300,0,1,2,3.2512,3.2512,1.1176,1.1176,36.81,54.18,2,3,3.8608,3.556,-1,-17.37,-0.3048,7.7216,36.48040106,73.29040106,226.7095989,0,0,0.755698663,38.85205139,38.81,1.1176,1.1176,1.9558,1.9558,4.411636995,4.411636995,7.720364742,7.720364742,3.8608,15.24020053,73.29040106,85.7073276,24.34839932,4.411636995,7.720364742,12.41692654,1
B00137,B00137_R1,137,Orange_4,Gate_3,2,2,2.286,2.54,36.81,1.9812,2.54,54.18,2,3,-17.37,1.6764,2.032,0.2032,1.6002,1.1176,0.8128,2.413,2,3,3,300,0,2,2,3.2512,3.2512,1.9558,1.9558,36.81,54.18,2,3,1.1176,0.8128,-1,-17.37,-0.3048,3.5306,19.93676233,56.74676233,243.2532377,16.54363873,0,0.810844126,84.97139296,38.81,1.9558,1.9558,1.1176,1.1176,7.720364742,7.720364742,4.411636995,4.411636995,1.1176,4.411636995,56.74676233,93.22716338,44.2007658,7.720364742,4.411636995,36.48040106,0
B00138,B00138_R2,132,Gate_2,Orange_2,1,2,0.2032,1.6002,46.71,1.9812,2.54,37.46,2,2,9.24,0.2032,1.143,1.9812,2.54,0.9652,3.175,3.175,1,3,3,300,1,1,2,2.2606,2.2606,1.4224,1.4224,37.46,46.71,2,2,3.175,0.9652,0,-9.25,-2.2098,6.35,31.06611929,68.52611929,231.4738807,0,0,0.771579602,47.24409449,39.46,1.4224,1.4224,2.8702,2.8702,5.614810721,5.614810721,11.32988592,11.32988592,3.175,12.53305965,68.52611929,83.34939328,21.64125844,5.614810721,11.32988592,14.82327399,1
B00138,B00138_R2,138,Purple_5,Orange_4,2,2,0.2032,1.6002,46.71,1.9812,2.54,37.46,2,2,9.24,1.0668,2.032,1.6764,2.032,1.8034,1.4224,1.1176,3,3,3,300,1,2,2,2.2606,2.2606,2.8702,2.8702,37.46,46.71,2,2,1.4224,1.8034,0,-9.25,0.381,2.54,16.02644772,53.48644772,246.5135523,15.03967157,0,0.821711841,118.1102362,39.46,2.8702,2.8702,1.4224,1.4224,11.32988592,11.32988592,5.614810721,5.614810721,1.4224,5.614810721,53.48644772,84.55256701,42.39600521,11.32988592,5.614810721,31.06611929,0
B00139,B00139_R1,139,Orange_3,Gate_3,1,2,0.2032,1.6002,40.34,1.6764,2.032,48.25,2,3,-7.91,2.286,2.54,0.2032,1.6002,3.0226,1.1176,3.0226,2,3,3,300,0,1,2,1.1176,1.1176,2.413,2.413,40.34,48.25,2,3,3.0226,1.1176,-1,-7.91,-1.905,6.0452,29.86294557,70.20294557,229.7970544,0,0,0.765990181,49.62614967,42.34,2.413,2.413,3.0226,3.0226,9.525125331,9.525125331,11.93147278,11.93147278,3.0226,11.93147278,70.20294557,95.25319623,34.57537599,9.525125331,11.93147278,25.05025066,1
B00139,B00139_R1,137,Orange_4,Gate_3,2,2,0.2032,1.6002,40.34,1.6764,2.032,48.25,2,3,-7.91,1.6764,2.032,0.2032,1.6002,2.413,0,2.413,2,3,3,300,0,2,2,1.1176,1.1176,3.0226,3.0226,40.34,48.25,2,3,2.413,0,-1,-7.91,-2.413,4.826,25.05025066,65.39025066,234.6097493,4.812694904,0,0.782032498,62.16328222,42.34,3.0226,3.0226,2.413,2.413,11.93147278,11.93147278,9.525125331,9.525125331,2.413,9.525125331,65.39025066,95.25319623,41.79441835,11.93147278,9.525125331,29.86294557,0
B00140,B00140_R2,140,Orange_6,Gate_4,1,2,0.2032,1.6002,45.46,1.6764,2.032,40.75,2,2,4.71,2.54,1.9812,0.2032,1.9812,2.7178,1.4224,2.9464,2,3,3,300,1,1,2,2.032,2.032,1.4224,1.4224,40.75,45.46,2,2,1.4224,2.7178,0,-4.71,1.2954,4.3688,23.24549007,63.99549007,236.0045099,0,0,0.7866817,68.66874199,42.75,1.4224,1.4224,1.4224,1.4224,5.614810721,5.614810721,5.614810721,5.614810721,1.4224,5.614810721,63.99549007,78.81876406,20.43808471,5.614810721,5.614810721,14.82327399,1
B00140,B00140_R2,138,Purple_5,Orange_4,2,2,0.2032,1.6002,45.46,1.6764,2.032,40.75,2,2,4.71,1.0668,2.032,1.6764,2.032,1.8034,1.1176,1.1176,3,3,3,300,1,2,2,2.032,2.032,1.4224,1.4224,40.75,45.46,2,2,1.1176,1.8034,0,-4.71,0.6858,2.2352,14.82327399,55.57327399,244.426726,8.422216082,0,0.814755753,134.2161775,42.75,1.4224,1.4224,1.4224,1.4224,5.614810721,5.614810721,5.614810721,5.614810721,1.1176,4.411636995,55.57327399,80.02193779,28.86030079,5.614810721,5.614810721,24.4486638,0
B00141,B00141_R1,137,Orange_4,Gate_3,1,2,0.2032,1.6002,42.06,1.6764,2.032,54.4,2,3,-12.34,1.6764,2.032,0.2032,1.6002,2.413,0,2.413,2,3,3,300,0,1,2,3.2512,3.2512,1.3462,1.3462,42.06,54.4,2,3,2.413,0,-1,-12.34,-2.413,4.826,25.05025066,67.11025066,232.8897493,0,0,0.776299164,62.16328222,44.06,1.3462,1.3462,3.2512,3.2512,5.31401729,5.31401729,12.83385308,12.83385308,2.413,9.525125331,67.11025066,86.14463269,21.03967157,5.31401729,12.83385308,19.03438203,1
B00141,B00141_R1,141,Gate_1,Yellow_2,2,2,0.2032,1.6002,42.06,1.6764,2.032,54.4,2,3,-12.34,0.2032,0.762,0.762,0.2032,1.3462,3.2512,1.1176,1,3,3,300,0,2,2,3.2512,3.2512,3.2512,3.2512,42.06,54.4,2,3,1.3462,3.2512,-1,-12.34,1.905,2.4638,15.72565428,57.78565428,242.2143457,9.324596376,0,0.807381152,121.7631301,44.06,3.2512,3.2512,1.3462,1.3462,12.83385308,12.83385308,5.31401729,5.31401729,1.3462,5.31401729,57.78565428,82.83590495,37.88410374,12.83385308,5.31401729,25.05025066,0
B00142,B00142_R2,142,Green_7,Purple_3,1,2,0.762,0.2032,42.94,1.6764,2.032,39.03,2,2,3.91,2.54,1.143,1.0668,2.54,2.7178,2.2606,2.8702,3,3,3,300,1,1,2,2.8702,2.8702,0.508,0.508,39.03,42.94,2,2,2.2606,2.7178,0,-3.91,0.4572,5.1308,26.25342439,65.28342439,234.7165756,0,0,0.782388585,58.47041397,41.03,0.508,0.508,2.2606,2.2606,2.005289543,2.005289543,8.923538468,8.923538468,2.2606,8.923538468,65.28342439,80.10669838,16.82856353,2.005289543,8.923538468,14.82327399,1
B00142,B00142_R2,138,Purple_5,Orange_4,2,2,0.762,0.2032,42.94,1.6764,2.032,39.03,2,2,3.91,1.0668,2.032,1.6764,2.032,3.2512,1.1176,1.1176,3,3,3,300,1,2,2,2.8702,2.8702,2.2606,2.2606,39.03,42.94,2,2,1.1176,3.2512,0,-3.91,2.1336,2.2352,14.82327399,53.85327399,246.146726,11.4301504,0,0.820489087,134.2161775,41.03,2.2606,2.2606,0.508,0.508,8.923538468,8.923538468,2.005289543,2.005289543,1.1176,4.411636995,53.85327399,77.70035093,35.17696285,8.923538468,2.005289543,23.84707694,0
B00143,B00143_R1,143,Yellow_1,Green_1,1,2,0.762,0.2032,30.41,1.6764,2.032,57.79,2,3,-27.38,0.4572,0.2032,1.6764,0.2032,0.8128,3.556,1.7272,3,3,3,300,0,1,2,0.8128,0.8128,2.032,2.032,30.41,57.79,2,3,0.8128,3.556,-1,-27.38,2.7432,2.54,16.02644772,46.43644772,253.5635523,0,0,0.845211841,118.1102362,32.41,2.032,2.032,0.8128,0.8128,8.021158173,8.021158173,3.208463269,3.208463269,0.8128,3.208463269,46.43644772,61.25972171,22.84443216,8.021158173,3.208463269,14.82327399,1
B00143,B00143_R1,141,Gate_1,Yellow_2,2,2,0.762,0.2032,30.41,1.6764,2.032,57.79,2,3,-27.38,0.2032,0.762,0.762,0.2032,1.1176,3.2512,1.1176,1,3,3,300,0,2,2,0.8128,0.8128,0.8128,0.8128,30.41,57.79,2,3,1.1176,3.2512,-1,-27.38,2.1336,2.2352,14.82327399,45.23327399,254.766726,1.203173726,0,0.84922242,134.2161775,32.41,0.8128,0.8128,2.032,2.032,3.208463269,3.208463269,8.021158173,8.021158173,1.1176,4.411636995,45.23327399,64.86924288,19.23491099,3.208463269,8.021158173,19.63596889,0
B00144,B00144_R2,138,Purple_5,Orange_4,1,2,0.762,0.2032,39.93,1.6764,2.032,43.56,2,2,-3.63,1.0668,2.032,1.6764,2.032,3.2512,1.1176,1.1176,3,3,3,300,1,1,2,1.7272,1.7272,1.1176,1.1176,43.56,39.93,2,2,1.1176,3.2512,0,3.63,2.1336,2.2352,14.82327399,58.38327399,241.616726,7.519835787,0,0.805389087,134.2161775,45.56,1.1176,1.1176,1.8034,1.8034,4.411636995,4.411636995,7.118777879,7.118777879,1.1176,4.411636995,58.38327399,83.43352465,26.75474677,4.411636995,7.118777879,25.05025066,1
B00144,B00144_R2,144,Orange_3,Gate_3,2,2,0.762,0.2032,39.93,1.6764,2.032,43.56,2,2,-3.63,2.286,2.54,0.2032,1.6002,3.8608,1.1176,3.0226,2,3,3,300,1,2,2,1.7272,1.7272,1.8034,1.8034,43.56,39.93,2,2,1.1176,3.8608,0,3.63,2.7432,4.1402,22.34310978,65.90310978,234.0968902,0,0,0.780322967,72.46026762,45.56,1.8034,1.8034,1.1176,1.1176,7.118777879,7.118777879,4.411636995,4.411636995,1.1176,4.411636995,65.90310978,80.72638377,21.94205187,7.118777879,4.411636995,14.82327399,0
B00145,B00145_R1,145,Orange_3,Gate_3,1,2,0.762,0.2032,30.41,0.2032,1.6002,50.45,2,3,-20.04,2.286,2.54,0.2032,1.6002,3.8608,3.0226,3.0226,2,3,3,300,0,1,2,3.8608,3.8608,1.3462,1.3462,30.41,50.45,2,3,3.8608,3.0226,-1,-20.04,-0.8382,6.8834,33.17167331,63.58167331,236.4183267,0,0,0.788061089,43.583113,32.41,1.3462,1.3462,3.8608,3.8608,5.31401729,5.31401729,15.24020053,15.24020053,3.8608,15.24020053,63.58167331,78.4049473,20.13729128,5.31401729,15.24020053,14.82327399,1
B00145,B00145_R1,141,Gate_1,Yellow_2,2,2,0.762,0.2032,30.41,0.2032,1.6002,50.45,2,3,-20.04,0.2032,0.762,0.762,0.2032,1.1176,1.3462,1.1176,1,3,3,300,0,2,2,3.8608,3.8608,3.8608,3.8608,30.41,50.45,2,3,1.1176,1.3462,-1,-20.04,0.2286,2.2352,14.82327399,45.23327399,254.766726,18.34839932,0,0.84922242,134.2161775,32.41,3.8608,3.8608,1.3462,1.3462,15.24020053,15.24020053,5.31401729,5.31401729,1.1176,4.411636995,45.23327399,79.3073276,48.41187384,15.24020053,5.31401729,34.07405361,0
B00146,B00146_R2,144,Orange_3,Gate_3,1,2,0.762,0.2032,47.53,0.2032,1.6002,36.2,2,2,11.33,2.286,2.54,0.2032,1.6002,3.8608,3.0226,3.0226,2,3,3,300,1,1,2,3.556,3.556,2.2606,2.2606,36.2,47.53,2,2,3.0226,3.8608,0,-11.33,0.8382,6.0452,29.86294557,66.06294557,233.9370544,0,0,0.779790181,49.62614967,38.2,2.2606,2.2606,2.032,2.032,8.923538468,8.923538468,8.021158173,8.021158173,3.0226,11.93147278,66.06294557,89.9100225,36.68093001,8.923538468,8.021158173,23.84707694,1
B00146,B00146_R2,146,Yellow_3,Purple_4,2,2,0.762,0.2032,47.53,0.2032,1.6002,36.2,2,2,11.33,1.0668,0.2032,0.762,2.032,0.8128,2.2606,3.2512,3,3,3,300,1,2,2,3.556,3.556,2.032,2.032,36.2,47.53,2,2,2.2606,0.8128,0,-11.33,-1.4478,5.5118,27.75739154,63.95739154,236.0426085,2.10555402,0,0.786808695,54.42868029,38.2,2.032,2.032,2.2606,2.2606,8.021158173,8.021158173,8.923538468,8.923538468,2.2606,8.923538468,63.95739154,93.82033711,37.88410374,8.021158173,8.923538468,29.86294557,0
B00147,B00147_R1,147,Yellow_1,Gate_4,1,2,0.762,0.2032,33.22,0.762,2.032,58.71,2,3,-25.5,0.4572,0.2032,0.2032,1.9812,0.8128,2.6416,2.032,2,3,3,300,0,1,2,0.8128,0.8128,1.7272,1.7272,33.22,58.71,2,3,0.8128,2.6416,-1,-25.49,1.8288,2.8448,17.22962144,50.44962144,249.5503786,0,0,0.831834595,105.4555681,35.22,1.7272,1.7272,0.8128,0.8128,6.817984447,6.817984447,3.208463269,3.208463269,0.8128,3.208463269,50.44962144,65.27289543,21.64125844,6.817984447,3.208463269,14.82327399,1
B00147,B00147_R1,141,Gate_1,Yellow_2,2,2,0.762,0.2032,33.22,0.762,2.032,58.71,2,3,-25.5,0.2032,0.762,0.762,0.2032,1.1176,2.3368,1.1176,1,3,3,300,0,2,2,0.8128,0.8128,0.8128,0.8128,33.22,58.71,2,3,1.1176,2.3368,-1,-25.49,1.2192,2.2352,14.82327399,48.04327399,251.956726,2.406347452,0,0.839855753,134.2161775,35.22,0.8128,0.8128,1.7272,1.7272,3.208463269,3.208463269,6.817984447,6.817984447,1.1176,4.411636995,48.04327399,67.67924288,20.43808471,3.208463269,6.817984447,19.63596889,0
B00148,B00148_R1,141,Gate_1,Yellow_2,1,2,0.762,0.2032,40.41,0.762,2.032,51.22,2,2,-10.81,0.2032,0.762,0.762,0.2032,1.1176,2.3368,1.1176,1,3,3,300,0,1,2,1.4224,1.4224,0.8128,0.8128,40.41,51.22,2,2,1.1176,2.3368,0,-10.81,1.2192,2.2352,14.82327399,55.23327399,244.766726,3.308727746,0,0.815889087,134.2161775,42.41,0.8128,0.8128,1.3462,1.3462,3.208463269,3.208463269,5.31401729,5.31401729,1.1176,4.411636995,55.23327399,74.26765602,21.34046501,3.208463269,5.31401729,19.03438203,1
B00148,B00148_R1,148,Yellow_3,Gate_3,2,2,0.762,0.2032,40.41,0.762,2.032,51.22,2,2,-10.81,1.0668,0.2032,0.2032,1.6002,0.8128,3.2512,2.2606,2,3,3,300,0,2,2,1.4224,1.4224,1.3462,1.3462,40.41,51.22,2,2,0.8128,3.2512,0,-10.81,2.4384,3.0734,18.13200174,58.54200174,241.4579983,0,0,0.804859994,97.61176547,42.41,1.3462,1.3462,0.8128,0.8128,5.31401729,5.31401729,3.208463269,3.208463269,0.8128,3.208463269,58.54200174,73.36527573,20.13729128,5.31401729,3.208463269,14.82327399,0
B00149,B00149_R2,149,Orange_7,Gate_4,1,2,0.2032,1.6002,49.02,0.762,2.032,43.73,3,2,5.29,2.54,1.6002,0.2032,1.9812,2.3368,2.7178,2.7178,2,3,3,300,1,1,2,2.8702,2.8702,2.6416,2.6416,43.73,49.02,2,3,2.7178,2.3368,-1,-5.29,-0.381,5.4356,27.45659811,71.18659811,228.8134019,4.211108041,0,0.76271134,55.19169917,45.73,2.6416,2.6416,2.7178,2.7178,10.42750563,10.42750563,10.72829906,10.72829906,2.7178,10.72829906,71.18659811,102.8543043,42.09521178,10.42750563,10.72829906,31.66770615,1
B00149,B00149_R2,146,Yellow_3,Purple_4,2,2,0.2032,1.6002,49.02,0.762,2.032,43.73,3,2,5.29,1.0668,0.2032,0.762,2.032,2.2606,3.2512,3.2512,3,3,3,300,1,2,2,2.8702,2.8702,2.7178,2.7178,43.73,49.02,2,3,3.2512,2.2606,-1,-5.29,-0.9906,6.5024,31.66770615,75.39770615,224.6022938,0,0,0.748674313,46.13681102,45.73,2.7178,2.7178,2.6416,2.6416,10.72829906,10.72829906,10.42750563,10.42750563,3.2512,12.83385308,75.39770615,100.4479568,38.18489717,10.72829906,10.42750563,25.05025066,0
B00150,B00150_R1,150,Yellow_5,Green_2,1,2,0.2032,1.6002,38.08,0.762,2.032,56.33,2,2,-18.25,1.0668,0.7112,1.9812,0.2032,2.2606,3.2512,1.4224,3,3,3,300,0,1,2,0.508,0.508,1.4224,1.4224,38.08,56.33,2,2,2.2606,3.2512,0,-18.25,0.9906,3.683,20.53834919,58.61834919,241.3816508,3.308727746,0,0.804605503,81.45533532,40.08,1.4224,1.4224,2.2606,2.2606,5.614810721,5.614810721,8.923538468,8.923538468,2.2606,8.923538468,58.61834919,82.46542612,29.46188766,5.614810721,8.923538468,23.84707694,1
B00150,B00150_R1,148,Yellow_3,Gate_3,2,2,0.2032,1.6002,38.08,0.762,2.032,56.33,2,2,-18.25,1.0668,0.2032,0.2032,1.6002,2.2606,3.2512,2.2606,2,3,3,300,0,2,2,0.508,0.508,2.2606,2.2606,38.08,56.33,2,2,2.2606,3.2512,0,-18.25,0.9906,4.5212,23.84707694,61.92707694,238.0729231,0,0,0.79357641,66.35406529,40.08,2.2606,2.2606,1.4224,1.4224,8.923538468,8.923538468,5.614810721,5.614810721,2.2606,8.923538468,61.92707694,79.15669838,29.46188766,8.923538468,5.614810721,17.22962144,0
B00151,B00151_R1,150,Yellow_5,Green_2,1,3,0.2032,1.6002,45.49,0.762,2.032,44.03,3,2,1.46,1.0668,0.7112,1.9812,0.2032,2.2606,3.2512,1.4224,3,3,3,300,0,1,3,1.1557,0.508,2.0701,1.4224,45.49,44.03,3,2,2.2606,3.2512,1,1.46,0.9906,3.683,20.53834919,66.02834919,233.9716508,3.308727746,0,0.779905503,81.45533532,48.49,1.4224,2.0701,2.2606,2.7559,5.614810721,8.171554889,8.923538468,10.87869577,2.2606,8.923538468,66.02834919,112.2185359,62.53329649,8.171554889,10.87869577,46.19018671,2
B00151,B00151_R1,148,Yellow_3,Gate_3,2,3,0.2032,1.6002,45.49,0.762,2.032,44.03,3,2,1.46,1.0668,0.2032,0.2032,1.6002,2.2606,3.2512,2.2606,2,3,3,300,0,2,3,1.1557,0.508,1.6129,0.9652,45.49,44.03,3,2,2.2606,3.2512,1,1.46,0.9906,4.5212,23.84707694,69.33707694,230.6629231,0,0,0.76887641,66.35406529,48.49,0.9652,1.6129,1.4224,2.3368,3.810050132,6.3667943,5.614810721,9.224331899,2.2606,8.923538468,69.33707694,108.9098082,55.61504757,6.3667943,9.224331899,39.57273122,1
B00151,B00151_R1,151,Gate_2,Orange_5,3,3,0.2032,1.6002,45.49,0.762,2.032,44.03,3,2,1.46,0.2032,1.143,1.9812,2.032,0.9652,1.9558,3.175,1,3,3,300,0,3,3,1.8034,1.8034,3.2512,3.2512,45.49,44.03,3,2,0.9652,1.9558,1,1.46,0.9906,4.1402,22.34310978,67.83310978,232.1668902,1.503967157,0,0.773889634,72.46026762,48.49,3.2512,3.2512,0.9652,1.8415,12.83385308,12.83385308,3.810050132,7.269174594,0.9652,3.810050132,67.83310978,112.2185359,70.05313228,12.83385308,7.269174594,44.38542612,0
B00152,B00152_R2,152,Gate_1,Orange_1,1,1,1.9812,2.032,60.34,0.762,2.032,30.3,3,1,30.04,0.2032,0.762,1.6764,2.54,3.556,2.3368,3.2512,1,3,3,300,1,1,1,0,0,0,0,30.3,60.34,1,3,2.3368,3.556,-2,-30.04,1.2192,5.588,28.05818498,58.35818498,241.641815,0,0,0.805472717,53.68647101,31.3,0,0,0,0,0,0,0,0,2.3368,9.224331899,58.35818498,49.13385308,0,0,0,-9.224331899,0
B00153,B00153_R2,153,Yellow_3,Gate_3,1,2,1.9812,2.032,53.98,1.6764,2.54,45.17,3,2,8.8,1.0668,0.2032,0.2032,1.6002,3.2512,2.9464,2.2606,2,3,3,300,1,1,2,1.4224,1.4224,1.3462,1.3462,45.17,53.98,2,3,2.9464,3.2512,-1,-8.81,0.3048,5.207,26.55421782,71.72421782,228.2757822,5.113488335,0,0.760919274,57.61474938,47.17,1.3462,1.3462,2.9464,2.9464,5.31401729,5.31401729,11.63067935,11.63067935,2.9464,11.63067935,71.72421782,103.391924,36.98172344,5.31401729,11.63067935,31.66770615,1
B00153,B00153_R2,152,Gate_1,Orange_1,2,2,1.9812,2.032,53.98,1.6764,2.54,45.17,3,2,8.8,0.2032,0.762,1.6764,2.54,3.556,3.2512,3.2512,1,3,3,300,1,2,2,1.4224,1.4224,2.9464,2.9464,45.17,53.98,2,3,3.2512,3.556,-1,-8.81,0.3048,6.5024,31.66770615,76.83770615,223.1622938,0,0,0.743874313,46.13681102,47.17,2.9464,2.9464,1.3462,1.3462,11.63067935,11.63067935,5.31401729,5.31401729,3.2512,12.83385308,76.83770615,95.87208819,38.18489717,11.63067935,5.31401729,19.03438203,0
B00154,B00154_R1,151,Gate_2,Orange_5,1,2,1.9812,2.032,45.36,1.6764,2.54,53.59,2,2,-8.22,0.2032,1.143,1.9812,2.032,3.175,2.8702,3.175,1,3,3,300,0,1,2,2.7178,2.7178,2.9464,2.9464,45.36,53.59,2,2,3.175,2.8702,0,-8.23,-0.3048,6.35,31.06611929,76.42611929,223.5738807,0,0,0.745246269,47.24409449,47.36,2.9464,2.9464,3.175,3.175,11.63067935,11.63067935,12.53305965,12.53305965,3.175,12.53305965,76.42611929,103.2811305,38.4856906,11.63067935,12.53305965,26.85501125,1
B00154,B00154_R1,154,Green_5,Orange_6,2,2,1.9812,2.032,45.36,1.6764,2.54,53.59,2,2,-8.22,1.9812,0.7112,2.54,1.9812,2.9464,3.2512,2.3368,3,3,3,300,0,2,2,2.7178,2.7178,3.175,3.175,45.36,53.59,2,2,2.9464,3.2512,0,-8.23,0.3048,5.2832,26.85501125,72.21501125,227.7849887,4.211108041,0,0.759283296,56.78376741,47.36,3.175,3.175,2.9464,2.9464,12.53305965,12.53305965,11.63067935,11.63067935,2.9464,11.63067935,72.21501125,103.2811305,43.59917894,12.53305965,11.63067935,31.06611929,0
B00155,B00155_R2,155,Gate_1,Yellow_2,1,2,2.54,1.9812,63.6,1.6764,2.54,37.99,3,2,25.61,0.2032,0.762,0.762,0.2032,3.556,3.2512,1.1176,1,3,3,300,1,1,2,0,0,1.1176,1.1176,37.99,63.6,2,3,3.2512,3.556,-1,-25.61,0.3048,4.3688,23.24549007,61.23549007,238.7645099,8.422216082,0,0.7958817,68.66874199,39.99,1.1176,1.1176,3.2512,3.2512,4.411636995,4.411636995,12.83385308,12.83385308,3.2512,12.83385308,61.23549007,92.90319623,36.07934315,4.411636995,12.83385308,31.66770615,1
B00155,B00155_R2,152,Gate_1,Orange_1,2,2,2.54,1.9812,63.6,1.6764,2.54,37.99,3,2,25.61,0.2032,0.762,1.6764,2.54,3.556,3.2512,3.2512,1,3,3,300,1,2,2,0,0,3.2512,3.2512,37.99,63.6,2,3,3.2512,3.556,-1,-25.61,0.3048,6.5024,31.66770615,69.65770615,230.3422938,0,0,0.767807646,46.13681102,39.99,3.2512,3.2512,1.1176,1.1176,12.83385308,12.83385308,4.411636995,4.411636995,3.2512,12.83385308,69.65770615,84.48098014,36.07934315,12.83385308,4.411636995,14.82327399,0
B00156,B00156_R2,156,Gate_1,Yellow_5,1,2,2.54,1.9812,51.84,1.6764,2.54,41.05,2,2,10.79,0.2032,0.762,1.0668,0.7112,3.556,3.2512,1.4224,1,3,3,300,1,1,2,0,0,1.4224,1.4224,41.05,51.84,2,2,3.2512,3.556,0,-10.79,0.3048,4.6736,24.4486638,65.4986638,234.5013362,7.219042356,0,0.781671121,64.19034577,43.05,1.4224,1.4224,3.2512,3.2512,5.614810721,5.614810721,12.83385308,12.83385308,3.2512,12.83385308,65.4986638,97.16636995,37.28251688,5.614810721,12.83385308,31.66770615,1
B00156,B00156_R2,152,Gate_1,Orange_1,2,2,2.54,1.9812,51.84,1.6764,2.54,41.05,2,2,10.79,0.2032,0.762,1.6764,2.54,3.556,3.2512,3.2512,1,3,3,300,1,2,2,0,0,3.2512,3.2512,41.05,51.84,2,2,3.2512,3.556,0,-10.79,0.3048,6.5024,31.66770615,72.71770615,227.2822938,0,0,0.757607646,46.13681102,43.05,3.2512,3.2512,1.4224,1.4224,12.83385308,12.83385308,5.614810721,5.614810721,3.2512,12.83385308,72.71770615,89.9473276,37.28251688,12.83385308,5.614810721,17.22962144,0
B00157,B00157_R1,154,Green_5,Orange_6,1,2,2.54,1.9812,44.87,1.6764,2.54,49.89,2,3,-5.02,1.9812,0.7112,2.54,1.9812,2.3368,3.2512,2.3368,3,3,3,300,0,1,2,2.3368,2.3368,3.556,3.556,44.87,49.89,2,3,2.3368,3.2512,-1,-5.02,0.9144,4.6736,24.4486638,69.3186638,230.6813362,8.422216082,0,0.768937787,64.19034577,46.87,3.556,3.556,3.2512,3.2512,14.0370268,14.0370268,12.83385308,12.83385308,2.3368,9.224331899,69.3186638,105.7990649,46.90790668,14.0370268,12.83385308,36.48040106,1
B00157,B00157_R1,157,Gate_1,Orange_4,2,2,2.54,1.9812,44.87,1.6764,2.54,49.89,2,3,-5.02,0.2032,0.762,1.6764,2.032,3.556,3.2512,3.2512,1,3,3,300,0,2,2,2.3368,2.3368,3.2512,3.2512,44.87,49.89,2,3,3.556,3.2512,-1,-5.02,-0.3048,6.8072,32.87087988,77.74087988,222.2591201,0,0,0.740863734,44.07098366,46.87,3.2512,3.2512,3.556,3.556,12.83385308,12.83385308,14.0370268,14.0370268,3.556,14.0370268,77.74087988,102.1895437,37.28251688,12.83385308,14.0370268,24.4486638,0
B00158,B00158_R2,152,Gate_1,Orange_1,1,2,1.6764,2.032,62.37,1.6764,2.54,42.4,2,2,19.97,0.2032,0.762,1.6764,2.54,3.2512,3.2512,3.2512,1,3,3,300,1,1,2,3.556,3.556,0.8128,0.8128,42.4,62.37,2,2,3.2512,3.2512,0,-19.97,0,6.5024,31.66770615,74.06770615,225.9322938,0,0,0.753107646,46.13681102,44.4,0.8128,0.8128,1.3462,1.3462,3.208463269,3.208463269,5.31401729,5.31401729,3.2512,12.83385308,74.06770615,86.48463269,23.1452256,3.208463269,5.31401729,12.41692654,1
B00158,B00158_R2,158,Orange_2,Gate_3,2,2,1.6764,2.032,62.37,1.6764,2.54,42.4,2,2,19.97,1.9812,2.54,0.2032,1.6002,0.8128,0.8128,2.7178,2,3,3,300,1,2,2,3.556,3.556,1.3462,1.3462,42.4,62.37,2,2,0.8128,0.8128,0,-19.97,0,3.5306,19.93676233,62.33676233,237.6632377,11.73094383,0,0.792210792,84.97139296,44.4,1.3462,1.3462,0.8128,0.8128,5.31401729,5.31401729,3.208463269,3.208463269,0.8128,3.208463269,62.33676233,94.00446848,36.98172344,5.31401729,3.208463269,31.66770615,0
B00159,B00159_R1,159,Gate_1,Green_3,1,2,1.6764,2.032,48.06,0.2032,1.6002,54.84,2,3,-6.79,0.2032,0.762,2.286,0.2032,3.2512,1.3462,2.6416,1,3,3,300,0,1,2,0,0,2.6416,2.6416,48.06,54.84,2,3,3.2512,1.3462,-1,-6.78,-1.905,5.8928,29.2613587,77.3213587,222.6786413,2.406347452,0,0.742262138,50.90958458,50.06,2.6416,2.6416,3.2512,3.2512,10.42750563,10.42750563,12.83385308,12.83385308,3.2512,12.83385308,77.3213587,108.9890649,42.09521178,10.42750563,12.83385308,31.66770615,1
B00159,B00159_R1,157,Gate_1,Orange_4,2,2,1.6764,2.032,48.06,0.2032,1.6002,54.84,2,3,-6.79,0.2032,0.762,1.6764,2.032,3.2512,1.3462,3.2512,1,3,3,300,0,2,2,0,0,3.2512,3.2512,48.06,54.84,2,3,3.2512,1.3462,-1,-6.78,-1.905,6.5024,31.66770615,79.72770615,220.2722938,0,0,0.734240979,46.13681102,50.06,3.2512,3.2512,2.6416,2.6416,12.83385308,12.83385308,10.42750563,10.42750563,3.2512,12.83385308,79.72770615,106.5827174,42.09521178,12.83385308,10.42750563,26.85501125,0
B00160,B00160_R2,158,Orange_2,Gate_3,1,2,1.6764,2.032,63.73,0.2032,1.6002,46.23,3,2,17.5,1.9812,2.54,0.2032,1.6002,0.8128,2.7178,2.7178,2,3,3,300,1,1,2,3.175,3.175,0.9652,0.9652,46.23,63.73,2,3,2.7178,0.8128,-1,-17.5,-1.905,5.4356,27.45659811,73.68659811,226.3134019,0,0,0.754378006,55.19169917,48.23,0.9652,0.9652,2.3368,2.3368,3.810050132,3.810050132,9.224331899,9.224331899,2.7178,10.72829906,73.68659811,92.72098014,24.34839932,3.810050132,9.224331899,19.03438203,1
B00160,B00160_R2,160,Gate_2,Green_6,2,2,1.6764,2.032,63.73,0.2032,1.6002,46.23,3,2,17.5,0.2032,1.143,2.54,0.762,2.8702,0.9652,2.7178,1,3,3,300,1,2,2,3.175,3.175,2.3368,2.3368,46.23,63.73,2,3,0.9652,2.8702,-1,-17.5,1.905,3.683,20.53834919,66.76834919,233.2316508,6.918248924,0,0.777438836,81.45533532,48.23,2.3368,2.3368,0.9652,0.9652,9.224331899,9.224331899,3.810050132,3.810050132,0.9652,3.810050132,66.76834919,94.2249473,36.68093001,9.224331899,3.810050132,27.45659811,0
B00161,B00161_R1,161,Yellow_2,Orange_1,1,2,1.6764,2.032,51.8,2.54,0.762,58.15,2,3,-6.34,0.762,0.2032,1.6764,2.54,3.2512,2.3368,3.2512,3,3,3,300,0,1,2,1.1176,1.1176,3.2512,3.2512,51.8,58.15,2,3,3.2512,2.3368,-1,-6.35,-0.9144,6.5024,31.66770615,83.46770615,216.5322938,0,0,0.721774313,46.13681102,53.8,3.2512,3.2512,3.2512,3.2512,12.83385308,12.83385308,12.83385308,12.83385308,3.2512,12.83385308,83.46770615,115.1354123,44.50155923,12.83385308,12.83385308,31.66770615,1
B00161,B00161_R1,157,Gate_1,Orange_4,2,2,1.6764,2.032,51.8,2.54,0.762,58.15,2,3,-6.34,0.2032,0.762,1.6764,2.032,3.2512,2.9464,3.2512,1,3,3,300,0,2,2,1.1176,1.1176,3.2512,3.2512,51.8,58.15,2,3,3.2512,2.9464,-1,-6.35,-0.3048,6.5024,31.66770615,83.46770615,216.5322938,0,0,0.721774313,46.13681102,53.8,3.2512,3.2512,3.2512,3.2512,12.83385308,12.83385308,12.83385308,12.83385308,3.2512,12.83385308,83.46770615,115.1354123,44.50155923,12.83385308,12.83385308,31.66770615,0
B00162,B00162_R2,160,Gate_2,Green_6,1,2,1.6764,2.032,69.74,2.54,0.762,42.48,3,2,27.27,0.2032,1.143,2.54,0.762,2.8702,2.7178,2.7178,1,3,3,300,1,1,2,0.889,0.889,2.9464,2.9464,42.48,69.74,2,3,2.7178,2.8702,-1,-27.26,0.1524,5.4356,27.45659811,69.93659811,230.0634019,0,0,0.766878006,55.19169917,44.48,2.9464,2.9464,2.7178,2.7178,11.63067935,11.63067935,10.72829906,10.72829906,2.7178,10.72829906,69.93659811,96.79160936,38.4856906,11.63067935,10.72829906,26.85501125,1
B00162,B00162_R2,162,Gate_1,Green_5,2,2,1.6764,2.032,69.74,2.54,0.762,42.48,3,2,27.27,0.2032,0.762,1.9812,0.7112,3.2512,2.9464,2.3368,1,3,3,300,1,2,2,0.889,0.889,2.7178,2.7178,42.48,69.74,2,3,2.9464,3.2512,-1,-27.26,0.3048,5.2832,26.85501125,69.33501125,230.6649887,0.601586863,0,0.768883296,56.78376741,44.48,2.7178,2.7178,2.9464,2.9464,10.72829906,10.72829906,11.63067935,11.63067935,2.9464,11.63067935,69.33501125,96.79160936,38.18489717,10.72829906,11.63067935,27.45659811,0
B00163,B00163_R2,162,Gate_1,Green_5,1,3,1.6764,2.032,58.68,1.9812,0.7112,62.96,2,3,-4.28,0.2032,0.762,1.9812,0.7112,3.2512,2.3368,2.3368,1,3,3,300,1,1,3,1.0033,0.889,2.2225,1.7272,62.96,58.68,3,2,2.3368,3.2512,1,4.28,0.9144,4.6736,24.4486638,87.4086638,212.5913362,3.007934315,0,0.708637787,64.19034577,65.96,1.7272,2.2225,2.6416,2.794,6.817984447,8.773141752,10.42750563,11.02909249,2.3368,9.224331899,87.4086638,141.7202732,70.65471914,8.773141752,11.02909249,54.31160936,2
B00163,B00163_R2,163,Yellow_4,Purple_3,2,3,1.6764,2.032,58.68,1.9812,0.7112,62.96,2,3,-4.28,0.762,0.7112,1.0668,2.54,3.2512,1.7272,3.2512,3,3,3,300,1,2,3,1.3081,1.1176,2.4511,2.2606,62.96,58.68,3,2,1.7272,3.2512,1,4.28,1.524,4.9784,25.65183752,88.61183752,211.3881625,1.804760589,0,0.704627208,60.2603246,65.96,2.2606,2.4511,1.7272,2.032,8.923538468,9.675522046,6.817984447,8.021158173,1.7272,6.817984447,88.61183752,140.5170994,71.256306,9.675522046,8.021158173,51.90526191,1
B00163,B00163_R2,160,Gate_2,Green_6,3,3,1.6764,2.032,58.68,1.9812,0.7112,62.96,2,3,-4.28,0.2032,1.143,2.54,0.762,2.8702,2.7178,2.7178,1,3,3,300,1,3,3,1.1938,0.889,2.6416,2.3368,62.96,58.68,3,2,2.7178,2.8702,1,4.28,0.1524,5.4356,27.45659811,90.41659811,209.5834019,0,0,0.69861134,55.19169917,65.96,2.3368,2.6416,2.2606,2.4892,9.224331899,10.42750563,8.923538468,9.825918762,2.7178,10.72829906,90.41659811,138.7123388,70.95551257,10.42750563,9.825918762,48.29574073,0
B00164,B00164_R1,164,Gate_1,Yellow_2,1,2,1.6764,2.032,47.82,2.54,0.762,73.76,2,3,-25.94,0.2032,0.762,0.762,0.2032,3.2512,2.9464,1.1176,1,3,3,300,0,1,2,0,0,1.1176,1.1176,47.82,73.76,2,3,3.2512,2.9464,-1,-25.94,-0.3048,4.3688,23.24549007,71.06549007,228.9345099,8.422216082,0,0.763115033,68.66874199,49.82,1.1176,1.1176,3.2512,3.2512,4.411636995,4.411636995,12.83385308,12.83385308,3.2512,12.83385308,71.06549007,102.7331962,36.07934315,4.411636995,12.83385308,31.66770615,1
B00164,B00164_R1,157,Gate_1,Orange_4,2,2,1.6764,2.032,47.82,2.54,0.762,73.76,2,3,-25.94,0.2032,0.762,1.6764,2.032,3.2512,2.9464,3.2512,1,3,3,300,0,2,2,0,0,3.2512,3.2512,47.82,73.76,2,3,3.2512,2.9464,-1,-25.94,-0.3048,6.5024,31.66770615,79.48770615,220.5122938,0,0,0.735040979,46.13681102,49.82,3.2512,3.2512,1.1176,1.1176,12.83385308,12.83385308,4.411636995,4.411636995,3.2512,12.83385308,79.48770615,94.31098014,36.07934315,12.83385308,4.411636995,14.82327399,0
B00165,B00165_R1,157,Gate_1,Orange_4,1,2,1.6764,2.032,47.05,2.54,0.762,65.37,2,3,-18.32,0.2032,0.762,1.6764,2.032,3.2512,2.9464,3.2512,1,3,3,300,0,1,2,0.889,0.889,2.8702,2.8702,47.05,65.37,2,3,3.2512,2.9464,-1,-18.32,-0.3048,6.5024,31.66770615,78.71770615,221.2822938,0,0,0.737607646,46.13681102,49.05,2.8702,2.8702,3.2512,3.2512,11.32988592,11.32988592,12.83385308,12.83385308,3.2512,12.83385308,78.71770615,107.377478,39.98965776,11.32988592,12.83385308,28.65977184,1
B00165,B00165_R1,165,Gate_2,Orange_4,2,2,1.6764,2.032,47.05,2.54,0.762,65.37,2,3,-18.32,0.2032,1.143,1.6764,2.032,2.8702,2.7178,2.8702,1,3,3,300,0,2,2,0.889,0.889,3.2512,3.2512,47.05,65.37,2,3,2.8702,2.7178,-1,-18.32,-0.1524,5.7404,28.65977184,75.70977184,224.2902282,3.007934315,0,0.747634094,52.26116647,49.05,3.2512,3.2512,2.8702,2.8702,12.83385308,12.83385308,11.32988592,11.32988592,2.8702,11.32988592,75.70977184,107.377478,44.50155923,12.83385308,11.32988592,31.66770615,0
B00166,B00166_R1,166,Yellow_2,Gate_4,1,3,1.6764,2.032,60.04,2.54,0.762,53.38,3,2,6.65,0.762,0.2032,0.2032,1.9812,3.2512,2.3368,2.3368,2,3,3,300,0,1,3,1.3081,1.1176,1.5367,1.3462,60.04,53.38,3,2,3.2512,2.3368,1,6.66,-0.9144,5.588,28.05818498,88.09818498,211.901815,3.609521178,0,0.706339383,53.68647101,63.04,1.3462,1.5367,3.2512,3.2512,5.31401729,6.066000868,12.83385308,12.83385308,3.2512,12.83385308,88.09818498,148.425663,72.45947973,6.066000868,12.83385308,60.32747799,2
B00166,B00166_R1,165,Gate_2,Orange_4,2,3,1.6764,2.032,60.04,2.54,0.762,53.38,3,2,6.65,0.2032,1.143,1.6764,2.032,2.8702,2.7178,2.8702,1,3,3,300,0,2,3,1.1938,0.889,3.2512,3.2512,60.04,53.38,3,2,2.8702,2.7178,1,6.66,-0.1524,5.7404,28.65977184,88.69977184,211.3002282,3.007934315,0,0.704334094,52.26116647,63.04,3.2512,3.2512,1.3462,2.1082,12.83385308,12.83385308,5.31401729,8.321951605,2.8702,11.32988592,88.69977184,142.4097943,85.39359728,12.83385308,8.321951605,53.7100225,1
B00166,B00166_R1,157,Gate_1,Orange_4,3,3,1.6764,2.032,60.04,2.54,0.762,53.38,3,2,6.65,0.2032,0.762,1.6764,2.032,3.2512,2.9464,3.2512,1,3,3,300,0,3,3,1.0033,0.889,3.0607,2.8702,60.04,53.38,3,2,3.2512,2.9464,1,6.66,-0.3048,6.5024,31.66770615,91.70770615,208.2922938,0,0,0.694307646,46.13681102,63.04,2.8702,3.0607,1.7272,2.4892,11.32988592,12.0818695,6.817984447,9.825918762,3.2512,12.83385308,91.70770615,142.4097943,80.88169581,12.0818695,9.825918762,50.70208819,0
B00167,B00167_R2,167,Gate_1,Green_1,1,2,1.6764,2.032,70.18,2.54,0.762,43.65,3,2,26.53,0.2032,0.762,1.6764,0.2032,3.2512,2.9464,2.032,1,3,3,300,1,1,2,0.889,0.889,2.413,2.413,43.65,70.18,2,3,2.9464,3.2512,-1,-26.53,0.3048,4.9784,25.65183752,69.30183752,230.6981625,1.804760589,0,0.768993875,60.2603246,45.65,2.413,2.413,2.9464,2.9464,9.525125331,9.525125331,11.63067935,11.63067935,2.9464,11.63067935,69.30183752,96.75843564,36.98172344,9.525125331,11.63067935,27.45659811,1
B00167,B00167_R2,160,Gate_2,Green_6,2,2,1.6764,2.032,70.18,2.54,0.762,43.65,3,2,26.53,0.2032,1.143,2.54,0.762,2.8702,2.7178,2.7178,1,3,3,300,1,2,2,0.889,0.889,2.9464,2.9464,43.65,70.18,2,3,2.7178,2.8702,-1,-26.53,0.1524,5.4356,27.45659811,71.10659811,228.8934019,0,0,0.762978006,55.19169917,45.65,2.9464,2.9464,2.413,2.413,11.63067935,11.63067935,9.525125331,9.525125331,2.7178,10.72829906,71.10659811,95.55526191,37.28251688,11.63067935,9.525125331,24.4486638,0
B00168,B00168_R2,168,Purple_5,Purple_2,1,2,1.6764,2.032,66.78,2.54,0.762,53.1,3,2,13.67,1.0668,2.032,0.762,2.54,1.1176,3.2512,0.8128,3,3,3,300,1,1,2,2.2606,2.2606,1.9558,1.9558,53.1,66.78,2,3,3.2512,1.1176,-1,-13.68,-2.1336,4.064,22.04231635,75.14231635,224.8576837,5.414281767,0,0.749525612,73.81889764,55.1,1.9558,1.9558,3.2512,3.2512,7.720364742,7.720364742,12.83385308,12.83385308,3.2512,12.83385308,75.14231635,102.5989145,35.17696285,7.720364742,12.83385308,27.45659811,1
B00168,B00168_R2,160,Gate_2,Green_6,2,2,1.6764,2.032,66.78,2.54,0.762,53.1,3,2,13.67,0.2032,1.143,2.54,0.762,2.8702,2.7178,2.7178,1,3,3,300,1,2,2,2.2606,2.2606,3.2512,3.2512,53.1,66.78,2,3,2.7178,2.8702,-1,-13.68,0.1524,5.4356,27.45659811,80.55659811,219.4434019,0,0,0.731478006,55.19169917,55.1,3.2512,3.2512,1.9558,1.9558,12.83385308,12.83385308,7.720364742,7.720364742,2.7178,10.72829906,80.55659811,99.59098014,34.87616942,12.83385308,7.720364742,19.03438203,0
B00169,B00169_R2,169,Green_4,Gate_3,1,3,1.6764,2.032,54.71,2.54,0.762,58.95,2,3,-4.24,1.6764,0.7112,0.2032,1.6002,2.9464,1.4224,2.8702,2,3,3,300,1,1,3,2.6797,2.413,1.3843,0.9652,58.95,54.71,3,2,1.4224,2.9464,1,4.24,1.524,4.2926,22.94469664,81.89469664,218.1053034,4.511901472,0,0.727017678,69.88771374,61.95,0.9652,1.3843,1.4224,2.3368,3.810050132,5.464414005,5.614810721,9.224331899,1.4224,5.614810721,81.89469664,131.3936111,60.42774247,5.464414005,9.224331899,49.49891446,2
B00169,B00169_R2,168,Purple_5,Purple_2,2,3,1.6764,2.032,54.71,2.54,0.762,58.95,2,3,-4.24,1.0668,2.032,0.762,2.54,1.1176,3.2512,0.8128,3,3,3,300,1,2,3,2.6035,2.2606,2.6035,1.9558,58.95,54.71,3,2,3.2512,1.1176,1,4.24,-2.1336,4.064,22.04231635,80.99231635,219.0076837,5.414281767,0,0.730025612,73.81889764,61.95,1.9558,2.6035,1.8034,2.5273,7.720364742,10.27710891,7.118777879,9.976315478,3.2512,12.83385308,80.99231635,125.6785359,70.95551257,10.27710891,9.976315478,44.68621956,1
B00169,B00169_R2,160,Gate_2,Green_6,3,3,1.6764,2.032,54.71,2.54,0.762,58.95,2,3,-4.24,0.2032,1.143,2.54,0.762,2.8702,2.7178,2.7178,1,3,3,300,1,3,3,2.3368,2.2606,2.3368,1.4224,58.95,54.71,3,2,2.7178,2.8702,1,4.24,0.1524,5.4356,27.45659811,86.40659811,213.5934019,0,0,0.711978006,55.19169917,61.95,1.4224,2.3368,0.9652,1.4605,5.614810721,9.224331899,3.810050132,5.765207437,2.7178,10.72829906,86.40659811,124.4753622,63.43567679,9.224331899,5.765207437,38.06876406,0
B00170,B00170_R1,170,Purple_4,Gate_3,1,2,1.6764,2.032,46.32,2.54,0.762,62.91,2,3,-16.59,0.762,2.032,0.2032,1.6002,1.4224,3.556,1.4986,2,3,3,300,0,1,2,2.3368,2.3368,1.3462,1.3462,46.32,62.91,2,3,1.4224,3.556,-1,-16.59,2.1336,2.921,17.53041487,63.85041487,236.1495851,14.13729128,0,0.787165284,102.7045532,48.32,1.3462,1.3462,1.4224,1.4224,5.31401729,5.31401729,5.614810721,5.614810721,1.4224,5.614810721,63.85041487,95.51812103,36.98172344,5.31401729,5.614810721,31.66770615,1
B00170,B00170_R1,157,Gate_1,Orange_4,2,2,1.6764,2.032,46.32,2.54,0.762,62.91,2,3,-16.59,0.2032,0.762,1.6764,2.032,3.2512,2.9464,3.2512,1,3,3,300,0,2,2,2.3368,2.3368,1.4224,1.4224,46.32,62.91,2,3,3.2512,2.9464,-1,-16.59,-0.3048,6.5024,31.66770615,77.98770615,222.0122938,0,0,0.740040979,46.13681102,48.32,1.4224,1.4224,1.3462,1.3462,5.614810721,5.614810721,5.31401729,5.31401729,3.2512,12.83385308,77.98770615,87.99828524,23.1452256,5.614810721,5.31401729,10.01057909,0
B00171,B00171_R1,157,Gate_1,Orange_4,1,2,1.6764,2.032,42.08,2.54,0.762,57.67,2,3,-15.59,0.2032,0.762,1.6764,2.032,3.2512,2.9464,3.2512,1,3,3,300,0,1,2,2.6416,2.6416,1.1176,1.1176,42.08,57.67,2,3,3.2512,2.9464,-1,-15.59,-0.3048,6.5024,31.66770615,73.74770615,226.2522938,0,0,0.754174313,46.13681102,44.08,1.1176,1.1176,2.032,2.032,4.411636995,4.411636995,8.021158173,8.021158173,3.2512,12.83385308,73.74770615,90.9773276,26.45395334,4.411636995,8.021158173,17.22962144,1
B00171,B00171_R1,171,Purple_5,Green_1,2,2,1.6764,2.032,42.08,2.54,0.762,57.67,2,3,-15.59,1.0668,2.032,1.6764,0.2032,1.1176,3.2512,2.9464,3,3,3,300,0,2,2,2.6416,2.6416,2.032,2.032,42.08,57.67,2,3,1.1176,3.2512,-1,-15.59,2.1336,4.064,22.04231635,64.12231635,235.8776837,9.625389808,0,0.786258946,73.81889764,44.08,2.032,2.032,1.1176,1.1176,8.021158173,8.021158173,4.411636995,4.411636995,1.1176,4.411636995,64.12231635,95.7900225,39.68886433,8.021158173,4.411636995,31.66770615,0
B00172,B00172_R2,160,Gate_2,Green_6,1,2,1.6764,0.2032,55.51,2.54,0.762,43.42,3,2,12.09,0.2032,1.143,2.54,0.762,2.413,2.7178,2.7178,1,3,3,300,1,1,2,2.794,2.794,1.3462,1.3462,43.42,55.51,2,3,2.7178,2.413,-1,-12.09,-0.3048,5.4356,27.45659811,70.87659811,229.1234019,0,0,0.763744673,55.19169917,45.42,1.3462,1.3462,0.9652,0.9652,5.31401729,5.31401729,3.810050132,3.810050132,2.7178,10.72829906,70.87659811,84.49669838,25.85236648,5.31401729,3.810050132,13.62010026,1
B00172,B00172_R2,172,Orange_7,Gate_3,2,2,1.6764,0.2032,55.51,2.54,0.762,43.42,3,2,12.09,2.54,1.6002,0.2032,1.6002,2.2606,1.3462,2.3368,2,3,3,300,1,2,2,2.794,2.794,0.9652,0.9652,43.42,55.51,2,3,1.3462,2.2606,-1,-12.09,0.9144,3.683,20.53834919,63.95834919,236.0416508,6.918248924,0,0.786805503,81.45533532,45.42,0.9652,0.9652,1.3462,1.3462,3.810050132,3.810050132,5.31401729,5.31401729,1.3462,5.31401729,63.95834919,91.4149473,31.26664825,3.810050132,5.31401729,27.45659811,0
B00173,B00173_R1,173,Gate_2,Purple_3,1,2,1.6764,0.2032,46.59,0.2032,1.6002,53.92,2,3,-7.33,0.2032,1.143,1.0668,2.54,2.413,0.9652,2.2606,1,3,3,300,0,1,2,2.2606,2.2606,0.508,0.508,46.59,53.92,2,3,2.413,0.9652,-1,-7.33,-1.4478,4.6736,24.4486638,71.0386638,228.9613362,4.812694904,0,0.763204454,64.19034577,48.59,0.508,0.508,2.413,2.413,2.005289543,2.005289543,9.525125331,9.525125331,2.413,9.525125331,71.0386638,100.3000225,31.26664825,2.005289543,9.525125331,29.2613587,1
B00173,B00173_R1,171,Purple_5,Green_1,2,2,1.6764,0.2032,46.59,0.2032,1.6002,53.92,2,3,-7.33,1.0668,2.032,1.6764,0.2032,2.9464,1.8034,2.9464,3,3,3,300,0,2,2,2.2606,2.2606,2.413,2.413,46.59,53.92,2,3,2.9464,1.8034,-1,-7.33,-1.143,5.8928,29.2613587,75.8513587,224.1486413,0,0,0.747162138,50.90958458,48.59,2.413,2.413,0.508,0.508,9.525125331,9.525125331,2.005289543,2.005289543,2.9464,11.63067935,75.8513587,90.67463269,33.97378913,9.525125331,2.005289543,14.82327399,0
B00174,B00174_R1,174,Orange_4,Gate_4,1,3,1.6764,0.2032,62.04,0.2032,1.6002,47.55,3,2,14.5,1.6764,2.032,0.2032,1.9812,2.9464,2.413,2.032,2,3,3,300,0,1,3,1.9939,1.1176,1.3843,1.3462,62.04,47.55,3,2,2.9464,2.413,1,14.49,-0.5334,4.9784,25.65183752,87.69183752,212.3081625,3.609521178,0,0.707693875,60.2603246,65.04,1.3462,1.3843,1.1176,2.032,5.31401729,5.464414005,4.411636995,8.021158173,2.9464,11.63067935,87.69183752,134.1828177,64.63885051,5.464414005,8.021158173,46.49098014,2
B00174,B00174_R1,173,Gate_2,Purple_3,2,3,1.6764,0.2032,62.04,0.2032,1.6002,47.55,3,2,14.5,0.2032,1.143,1.0668,2.54,2.413,0.9652,2.2606,1,3,3,300,0,2,3,2.5654,2.2606,0.8128,0.508,62.04,47.55,3,2,2.413,0.9652,1,14.49,-1.4478,4.6736,24.4486638,86.4886638,213.5113362,4.812694904,0,0.711704454,64.19034577,65.04,0.508,0.8128,1.3462,1.8796,2.005289543,3.208463269,5.31401729,7.41957131,2.413,9.525125331,86.4886638,137.190752,61.33012276,3.208463269,7.41957131,50.70208819,1
B00174,B00174_R1,171,Purple_5,Green_1,3,3,1.6764,0.2032,62.04,0.2032,1.6002,47.55,3,2,14.5,1.0668,2.032,1.6764,0.2032,2.9464,1.8034,2.9464,3,3,3,300,0,3,3,1.6891,1.1176,2.6797,2.413,62.04,47.55,3,2,2.9464,1.8034,1,14.49,-1.143,5.8928,29.2613587,91.3013587,208.6986413,0,0,0.695662138,50.90958458,65.04,2.413,2.6797,0.508,0.9652,9.525125331,10.57790234,2.005289543,3.810050132,2.9464,11.63067935,91.3013587,131.7764702,71.256306,10.57790234,3.810050132,40.47511151,0
B00175,B00175_R2,175,Orange_6,Gate_3,1,2,1.6764,0.2032,54.37,0.2032,1.6002,36.91,3,2,17.47,2.54,1.9812,0.2032,1.6002,2.6416,2.7178,2.7178,2,3,3,300,1,1,2,0.889,0.889,2.3368,2.3368,36.91,54.37,2,3,2.7178,2.6416,-1,-17.46,-0.0762,5.4356,27.45659811,64.36659811,235.6334019,0,0,0.785444673,55.19169917,38.91,2.3368,2.3368,2.7178,2.7178,9.224331899,9.224331899,10.72829906,10.72829906,2.7178,10.72829906,64.36659811,88.81526191,33.6729957,9.224331899,10.72829906,24.4486638,1
B00175,B00175_R2,172,Orange_7,Gate_3,2,2,1.6764,0.2032,54.37,0.2032,1.6002,36.91,3,2,17.47,2.54,1.6002,0.2032,1.6002,2.2606,2.3368,2.3368,2,3,3,300,1,2,2,0.889,0.889,2.7178,2.7178,36.91,54.37,2,3,2.3368,2.2606,-1,-17.46,-0.0762,4.6736,24.4486638,61.3586638,238.6413362,3.007934315,0,0.795471121,64.19034577,38.91,2.7178,2.7178,2.3368,2.3368,10.72829906,10.72829906,9.224331899,9.224331899,2.3368,9.224331899,61.3586638,88.81526191,38.18489717,10.72829906,9.224331899,27.45659811,0
B00176,B00176_R1,176,Orange_1,Gate_4,1,3,1.6764,0.2032,50.97,0.2032,1.6002,50.63,3,2,0.34,1.6764,2.54,0.2032,1.9812,2.9464,2.413,2.032,2,3,3,300,0,1,3,1.9939,1.1176,1.3843,1.3462,50.97,50.63,3,2,2.9464,2.413,1,0.34,-0.5334,4.9784,25.65183752,76.62183752,223.3781625,3.609521178,0,0.744593875,60.2603246,53.97,1.3462,1.3843,1.1176,2.032,5.31401729,5.464414005,4.411636995,8.021158173,2.9464,11.63067935,76.62183752,123.1128177,64.63885051,5.464414005,8.021158173,46.49098014,2
B00176,B00176_R1,173,Gate_2,Purple_3,2,3,1.6764,0.2032,50.97,0.2032,1.6002,50.63,3,2,0.34,0.2032,1.143,1.0668,2.54,2.413,0.9652,2.2606,1,3,3,300,0,2,3,2.5654,2.2606,0.8128,0.508,50.97,50.63,3,2,2.413,0.9652,1,0.34,-1.4478,4.6736,24.4486638,75.4186638,224.5813362,4.812694904,0,0.748604454,64.19034577,53.97,0.508,0.8128,1.3462,1.8796,2.005289543,3.208463269,5.31401729,7.41957131,2.413,9.525125331,75.4186638,126.120752,61.33012276,3.208463269,7.41957131,50.70208819,1
B00176,B00176_R1,171,Purple_5,Green_1,3,3,1.6764,0.2032,50.97,0.2032,1.6002,50.63,3,2,0.34,1.0668,2.032,1.6764,0.2032,2.9464,1.8034,2.9464,3,3,3,300,0,3,3,1.6891,1.1176,2.6797,2.413,50.97,50.63,3,2,2.9464,1.8034,1,0.34,-1.143,5.8928,29.2613587,80.2313587,219.7686413,0,0,0.732562138,50.90958458,53.97,2.413,2.6797,0.508,0.9652,9.525125331,10.57790234,2.005289543,3.810050132,2.9464,11.63067935,80.2313587,120.7064702,71.256306,10.57790234,3.810050132,40.47511151,0
B00177,B00177_R2,177,Orange_1,Gate_3,1,2,1.6764,0.2032,62.16,0.2032,1.6002,40.82,3,2,21.34,1.6764,2.54,0.2032,1.6002,2.9464,2.413,2.413,2,3,3,300,1,1,2,1.8034,1.8034,2.3368,2.3368,40.82,62.16,2,3,2.413,2.9464,-1,-21.34,0.5334,4.826,25.05025066,65.87025066,234.1297493,0,0,0.780432498,62.16328222,42.82,2.3368,2.3368,2.413,2.413,9.224331899,9.224331899,9.525125331,9.525125331,2.413,9.525125331,65.87025066,90.31891446,33.6729957,9.224331899,9.525125331,24.4486638,1
B00177,B00177_R2,172,Orange_7,Gate_3,2,2,1.6764,0.2032,62.16,0.2032,1.6002,40.82,3,2,21.34,2.54,1.6002,0.2032,1.6002,2.2606,2.3368,2.3368,2,3,3,300,1,2,2,1.8034,1.8034,2.413,2.413,40.82,62.16,2,3,2.3368,2.2606,-1,-21.34,-0.0762,4.6736,24.4486638,65.2686638,234.7313362,0.601586863,0,0.782437787,64.19034577,42.82,2.413,2.413,2.3368,2.3368,9.525125331,9.525125331,9.224331899,9.224331899,2.3368,9.224331899,65.2686638,90.31891446,34.57537599,9.525125331,9.224331899,25.05025066,0
B00178,B00178_R1,173,Gate_2,Purple_3,1,3,1.6764,0.2032,51.29,0.2032,1.6002,52.14,3,2,-0.84,0.2032,1.143,1.0668,2.54,2.413,0.9652,2.2606,1,3,3,300,0,1,3,2.032,1.8034,1.7272,0.508,51.29,52.14,3,2,2.413,0.9652,1,-0.85,-1.4478,4.6736,24.4486638,75.7386638,224.2613362,4.812694904,0,0.747537787,64.19034577,54.29,0.508,1.7272,1.3462,1.8796,2.005289543,6.817984447,5.31401729,7.41957131,2.413,9.525125331,75.7386638,121.6280571,63.73647022,6.817984447,7.41957131,45.88939328,2
B00178,B00178_R1,171,Purple_5,Green_1,2,3,1.6764,0.2032,51.29,0.2032,1.6002,52.14,3,2,-0.84,1.0668,2.032,1.6764,0.2032,2.9464,1.8034,2.9464,3,3,3,300,0,2,3,2.6035,2.2606,1.7653,1.1176,51.29,52.14,3,2,2.9464,1.8034,1,-0.85,-1.143,5.8928,29.2613587,80.5513587,219.4486413,0,0,0.731495471,50.90958458,54.29,1.1176,1.7653,0.508,0.9652,4.411636995,6.968381163,2.005289543,3.810050132,2.9464,11.63067935,80.5513587,116.2137753,59.22456874,6.968381163,3.810050132,35.66241661,1
B00178,B00178_R1,178,Yellow_3,Gate_4,3,3,1.6764,0.2032,51.29,0.2032,1.6002,52.14,3,2,-0.84,1.0668,0.2032,0.2032,1.9812,1.1176,2.2606,2.6416,2,3,3,300,0,3,3,2.3749,1.8034,1.3843,1.3462,51.29,52.14,3,2,1.1176,2.2606,1,-0.85,1.143,3.7592,20.83914262,72.12914262,227.8708574,8.422216082,0,0.759569525,79.80421366,54.29,1.3462,1.3843,1.1176,2.032,5.31401729,5.464414005,4.411636995,8.021158173,1.1176,4.411636995,72.12914262,125.8391651,64.63885051,5.464414005,8.021158173,53.7100225,0
B00179,B00179_R2,179,Yellow_1,Gate_3,1,2,0.2032,1.9812,61.27,0.2032,1.6002,39.61,3,2,21.66,0.4572,0.2032,0.2032,1.6002,2.032,1.651,1.651,2,3,3,300,1,1,2,3.4798,3.4798,2.3368,2.3368,39.61,61.27,2,3,1.651,2.032,-1,-21.66,0.381,3.302,19.03438203,58.64438203,241.355618,5.414281767,0,0.804518727,90.85402786,41.61,2.3368,2.3368,1.651,1.651,9.224331899,9.224331899,6.517191016,6.517191016,1.651,6.517191016,58.64438203,83.09304583,33.6729957,9.224331899,6.517191016,24.4486638,1
B00179,B00179_R2,172,Orange_7,Gate_3,2,2,0.2032,1.9812,61.27,0.2032,1.6002,39.61,3,2,21.66,2.54,1.6002,0.2032,1.6002,2.7178,2.3368,2.3368,2,3,3,300,1,2,2,3.4798,3.4798,1.651,1.651,39.61,61.27,2,3,2.3368,2.7178,-1,-21.66,0.381,4.6736,24.4486638,64.0586638,235.9413362,0,0,0.786471121,64.19034577,41.61,1.651,1.651,2.3368,2.3368,6.517191016,6.517191016,9.224331899,9.224331899,2.3368,9.224331899,64.0586638,83.09304583,25.55157305,6.517191016,9.224331899,19.03438203,0
B00180,B00180_R2,172,Orange_7,Gate_3,1,2,0.2032,1.9812,52.88,0.2032,1.6002,46.12,3,2,6.76,2.54,1.6002,0.2032,1.6002,2.7178,2.3368,2.3368,2,3,3,300,1,1,2,3.175,3.175,1.3462,1.3462,46.12,52.88,2,3,2.3368,2.7178,-1,-6.76,0.381,4.6736,24.4486638,70.5686638,229.4313362,0,0,0.764771121,64.19034577,48.12,1.3462,1.3462,2.8702,2.8702,5.31401729,5.31401729,11.32988592,11.32988592,2.3368,9.224331899,70.5686638,89.60304583,22.2428453,5.31401729,11.32988592,19.03438203,1
B00180,B00180_R2,180,Gate_1,Yellow_5,2,2,0.2032,1.9812,52.88,0.2032,1.6002,46.12,3,2,6.76,0.2032,0.762,1.0668,0.7112,1.7272,1.3462,1.4224,1,3,3,300,1,2,2,3.175,3.175,2.8702,2.8702,46.12,52.88,2,3,1.3462,1.7272,-1,-6.76,0.381,2.7686,16.92882801,63.04882801,236.951172,7.519835787,0,0.78983724,108.3580149,48.12,2.8702,2.8702,1.3462,1.3462,11.32988592,11.32988592,5.31401729,5.31401729,1.3462,5.31401729,63.04882801,87.49749181,35.77854972,11.32988592,5.31401729,24.4486638,0
B00181,B00181_R1,178,Yellow_3,Gate_4,1,2,0.2032,1.9812,41.12,1.0668,0.7112,53.53,2,3,-12.42,1.0668,0.2032,0.2032,1.9812,2.6416,0.508,2.6416,2,3,3,300,0,1,2,1.4224,1.4224,1.7272,1.7272,41.12,53.53,2,3,2.6416,0.508,-1,-12.41,-2.1336,5.2832,26.85501125,67.97501125,232.0249887,0,0,0.773416629,56.78376741,43.12,1.7272,1.7272,1.7272,1.7272,6.817984447,6.817984447,6.817984447,6.817984447,2.6416,10.42750563,67.97501125,87.61098014,30.06347452,6.817984447,6.817984447,19.63596889,1
B00181,B00181_R1,181,Gate_1,Green_3,2,2,0.2032,1.9812,41.12,1.0668,0.7112,53.53,2,3,-12.42,0.2032,0.762,2.286,0.2032,1.7272,1.4224,2.6416,1,3,3,300,0,2,2,1.4224,1.4224,1.7272,1.7272,41.12,53.53,2,3,1.7272,1.4224,-1,-12.41,-0.3048,4.3688,23.24549007,64.36549007,235.6345099,3.609521178,0,0.785448366,68.66874199,43.12,1.7272,1.7272,1.7272,1.7272,6.817984447,6.817984447,6.817984447,6.817984447,1.7272,6.817984447,64.36549007,91.22050132,33.6729957,6.817984447,6.817984447,26.85501125,0
B00182,B00182_R2,180,Gate_1,Yellow_5,1,2,2.286,0.2032,59.12,1.0668,0.7112,44.02,3,2,15.1,0.2032,0.762,1.0668,0.7112,2.6416,1.4224,1.4224,1,3,3,300,1,1,2,0,0,1.4224,1.4224,44.02,59.12,2,3,1.4224,2.6416,-1,-15.1,1.2192,2.8448,17.22962144,61.24962144,238.7503786,6.918248924,0,0.795834595,105.4555681,46.02,1.4224,1.4224,3.175,3.175,5.614810721,5.614810721,12.53305965,12.53305965,1.4224,5.614810721,61.24962144,92.31574073,29.76268109,5.614810721,12.53305965,31.06611929,1
B00182,B00182_R2,182,Gate_1,Orange_7,2,2,2.286,0.2032,59.12,1.0668,0.7112,44.02,3,2,15.1,0.2032,0.762,2.54,1.6002,2.6416,1.4224,3.175,1,3,3,300,1,2,2,0,0,3.175,3.175,44.02,59.12,2,3,1.4224,2.6416,-1,-15.1,1.2192,4.5974,24.14787037,68.16787037,231.8321296,0,0,0.772773765,65.25427415,46.02,3.175,3.175,1.4224,1.4224,12.53305965,12.53305965,5.614810721,5.614810721,1.4224,5.614810721,68.16787037,85.39749181,29.76268109,12.53305965,5.614810721,17.22962144,0
B00183,B00183_R1,183,Gate_2,Yellow_2,1,2,2.286,0.2032,44.64,2.54,1.6002,55.86,2,3,-11.22,0.2032,1.143,0.762,0.2032,3.0226,2.794,1.4986,1,3,3,300,0,1,2,0.889,0.889,1.1176,1.1176,44.64,55.86,2,3,3.0226,2.794,-1,-11.22,-0.2286,4.5212,23.84707694,68.48707694,231.5129231,3.007934315,0,0.771709744,66.35406529,46.64,1.1176,1.1176,3.0226,3.0226,4.411636995,4.411636995,11.93147278,11.93147278,3.0226,11.93147278,68.48707694,95.34208819,31.26664825,4.411636995,11.93147278,26.85501125,1
B00183,B00183_R1,181,Gate_1,Green_3,2,2,2.286,0.2032,44.64,2.54,1.6002,55.86,2,3,-11.22,0.2032,0.762,2.286,0.2032,2.6416,3.175,2.6416,1,3,3,300,0,2,2,0.889,0.889,3.0226,3.0226,44.64,55.86,2,3,2.6416,3.175,-1,-11.22,0.5334,5.2832,26.85501125,71.49501125,228.5049887,0,0,0.761683296,56.78376741,46.64,3.0226,3.0226,1.1176,1.1176,11.93147278,11.93147278,4.411636995,4.411636995,2.6416,10.42750563,71.49501125,89.32621956,35.77854972,11.93147278,4.411636995,17.83120831,0
B00184,B00184_R2,184,Gate_2,Green_5,1,2,2.286,0.2032,51.98,2.54,1.6002,43.56,3,2,8.42,0.2032,1.143,1.9812,0.7112,3.0226,2.794,2.7178,1,3,3,300,1,1,2,0.889,0.889,2.3368,2.3368,43.56,51.98,2,3,2.794,3.0226,-1,-8.42,0.2286,5.5118,27.75739154,71.31739154,228.6826085,3.308727746,0,0.762275362,54.42868029,45.56,2.3368,2.3368,2.794,2.794,9.224331899,9.224331899,11.02909249,11.02909249,2.794,11.02909249,71.31739154,102.3835108,40.29045119,9.224331899,11.02909249,31.06611929,1
B00184,B00184_R2,182,Gate_1,Orange_7,2,2,2.286,0.2032,51.98,2.54,1.6002,43.56,3,2,8.42,0.2032,0.762,2.54,1.6002,2.6416,3.175,3.175,1,3,3,300,1,2,2,0.889,0.889,2.794,2.794,43.56,51.98,2,3,3.175,2.6416,-1,-8.42,-0.5334,6.35,31.06611929,74.62611929,225.3738807,0,0,0.751246269,47.24409449,45.56,2.794,2.794,2.3368,2.3368,11.02909249,11.02909249,9.224331899,9.224331899,3.175,12.53305965,74.62611929,99.07478309,38.78648403,11.02909249,9.224331899,24.4486638,0
B00185,B00185_R1,181,Gate_1,Green_3,1,2,2.286,0.2032,38.79,2.54,1.6002,62.62,2,3,-23.83,0.2032,0.762,2.286,0.2032,2.6416,3.175,2.6416,1,3,3,300,0,1,2,2.3368,2.3368,0.8128,0.8128,38.79,62.62,2,3,2.6416,3.175,-1,-23.83,0.5334,5.2832,26.85501125,65.64501125,234.3549887,0,0,0.781183296,56.78376741,40.79,0.8128,0.8128,1.3462,1.3462,3.208463269,3.208463269,5.31401729,5.31401729,2.6416,10.42750563,65.64501125,82.27304583,24.94998618,3.208463269,5.31401729,16.62803458,1
B00185,B00185_R1,185,Green_2,Gate_3,2,2,2.286,0.2032,38.79,2.54,1.6002,62.62,2,3,-23.83,1.9812,0.2032,0.2032,1.6002,0.8128,1.9558,3.175,2,3,3,300,0,2,2,2.3368,2.3368,1.3462,1.3462,38.79,62.62,2,3,0.8128,1.9558,-1,-23.83,1.143,3.9878,21.74152291,60.53152291,239.4684771,5.113488335,0,0.798228257,75.22944982,40.79,1.3462,1.3462,0.8128,0.8128,5.31401729,5.31401729,3.208463269,3.208463269,0.8128,3.208463269,60.53152291,87.38653416,32.16902854,5.31401729,3.208463269,26.85501125,0
B00186,B00186_R1,186,Yellow_4,Gate_4,1,3,0.2032,1.6002,52.14,2.54,1.6002,54,3,2,-1.87,0.762,0.7112,0.2032,1.9812,1.9558,3.175,2.3368,2,3,3,300,0,1,3,1.4224,1.1176,2.6416,1.7272,52.14,54,3,2,1.9558,3.175,1,-1.86,1.2192,4.2926,22.94469664,75.08469664,224.9153034,8.12142265,0,0.749717678,69.88771374,55.14,1.7272,2.6416,1.9558,1.9939,6.817984447,10.42750563,7.720364742,7.870761457,1.9558,7.720364742,75.08469664,127.8923388,73.66265346,10.42750563,7.870761457,52.80764221,2
B00186,B00186_R1,181,Gate_1,Green_3,2,3,0.2032,1.6002,52.14,2.54,1.6002,54,3,2,-1.87,0.2032,0.762,2.286,0.2032,1.3462,3.175,2.6416,1,3,3,300,0,2,3,1.7272,1.1176,1.4224,0.8128,52.14,54,3,2,1.3462,3.175,1,-1.86,1.8288,3.9878,21.74152291,73.88152291,226.1184771,9.324596376,0,0.753728257,75.22944982,55.14,0.8128,1.4224,1.3462,1.5367,3.208463269,5.614810721,5.31401729,6.066000868,1.3462,5.31401729,73.88152291,127.8923388,65.24043737,5.614810721,6.066000868,54.01081593,1
B00186,B00186_R1,185,Green_2,Gate_3,3,3,0.2032,1.6002,52.14,2.54,1.6002,54,3,2,-1.87,1.9812,0.2032,0.2032,1.6002,3.175,1.9558,3.175,2,3,3,300,0,3,3,2.032,1.7272,1.651,1.3462,52.14,54,3,2,3.175,1.9558,1,-1.86,-1.2192,6.35,31.06611929,83.20611929,216.7938807,0,0,0.722646269,47.24409449,55.14,1.3462,1.651,0.8128,2.1844,5.31401729,6.517191016,3.208463269,8.622745036,3.175,12.53305965,83.20611929,118.5677425,57.72060159,6.517191016,8.622745036,35.36162318,0
B00187,B00187_R2,187,Green_7,Gate_4,1,2,0.2032,1.6002,62.86,2.54,1.6002,43.97,3,2,18.89,2.54,1.143,0.2032,1.9812,2.794,0.9652,3.175,2,3,3,300,1,1,2,2.7178,2.7178,1.7272,1.7272,43.97,62.86,2,3,0.9652,2.794,-1,-18.89,1.8288,4.1402,22.34310978,66.31310978,233.6868902,8.723009513,0,0.778956301,72.46026762,45.97,1.7272,1.7272,0.9652,0.9652,6.817984447,6.817984447,3.810050132,3.810050132,0.9652,3.810050132,66.31310978,97.37922907,37.88410374,6.817984447,3.810050132,31.06611929,1
B00187,B00187_R2,182,Gate_1,Orange_7,2,2,0.2032,1.6002,62.86,2.54,1.6002,43.97,3,2,18.89,0.2032,0.762,2.54,1.6002,1.3462,3.175,3.175,1,3,3,300,1,2,2,2.7178,2.7178,0.9652,0.9652,43.97,62.86,2,3,3.175,1.3462,-1,-18.89,-1.8288,6.35,31.06611929,75.03611929,224.9638807,0,0,0.749879602,47.24409449,45.97,0.9652,0.9652,1.7272,1.7272,3.810050132,3.810050132,6.817984447,6.817984447,3.175,12.53305965,75.03611929,91.66415387,26.15315991,3.810050132,6.817984447,16.62803458,0
B00188,B00188_R2,188,Gate_1,Purple_3,1,2,0.2032,1.6002,57.61,2.54,1.6002,52.36,3,2,5.25,0.2032,0.762,1.0668,2.54,1.3462,3.175,2.6416,1,3,3,300,1,1,2,0,0,2.6416,2.6416,52.36,57.61,2,3,3.175,1.3462,-1,-5.25,-1.8288,5.8166,28.96056527,81.32056527,218.6794347,2.10555402,0,0.728931449,51.57652237,54.36,2.6416,2.6416,3.175,3.175,10.42750563,10.42750563,12.53305965,12.53305965,3.175,12.53305965,81.32056527,112.3866846,41.49362492,10.42750563,12.53305965,31.06611929,1
B00188,B00188_R2,182,Gate_1,Orange_7,2,2,0.2032,1.6002,57.61,2.54,1.6002,52.36,3,2,5.25,0.2032,0.762,2.54,1.6002,1.3462,3.175,3.175,1,3,3,300,1,2,2,0,0,3.175,3.175,52.36,57.61,2,3,3.175,1.3462,-1,-5.25,-1.8288,6.35,31.06611929,83.42611929,216.5738807,0,0,0.721912936,47.24409449,54.36,3.175,3.175,2.6416,2.6416,12.53305965,12.53305965,10.42750563,10.42750563,3.175,12.53305965,83.42611929,110.2811305,41.49362492,12.53305965,10.42750563,26.85501125,0
B00189,B00189_R1,185,Green_2,Gate_3,1,2,0.2032,1.6002,45.55,2.54,1.6002,70.3,2,3,-24.75,1.9812,0.2032,0.2032,1.6002,3.175,1.9558,3.175,2,3,3,300,0,1,2,1.9558,1.9558,2.3368,2.3368,45.55,70.3,2,3,3.175,1.9558,-1,-24.75,-1.2192,6.35,31.06611929,76.61611929,223.3838807,0,0,0.744612936,47.24409449,47.55,2.3368,2.3368,3.556,3.556,9.224331899,9.224331899,14.0370268,14.0370268,3.175,12.53305965,76.61611929,104.0727174,35.17696285,9.224331899,14.0370268,27.45659811,1
B00189,B00189_R1,189,Orange_7,Gate_4,2,2,0.2032,1.6002,45.55,2.54,1.6002,70.3,2,3,-24.75,2.54,1.6002,0.2032,1.9812,2.3368,0,2.7178,2,3,3,300,0,2,2,1.9558,1.9558,3.556,3.556,45.55,70.3,2,3,2.3368,0,-1,-24.75,-2.3368,5.0546,25.95263096,71.50263096,228.497369,5.113488335,0,0.761657897,59.3518775,47.55,3.556,3.556,2.3368,2.3368,14.0370268,14.0370268,9.224331899,9.224331899,2.3368,9.224331899,71.50263096,102.5687502,45.10314609,14.0370268,9.224331899,31.06611929,0
B00190,B00190_R1,185,Green_2,Gate_3,1,3,0.2032,1.9812,61.68,2.54,1.6002,54.85,3,2,6.84,1.9812,0.2032,0.2032,1.6002,3.556,1.9558,3.175,2,3,3,300,0,1,3,2.1463,1.9558,1.8415,1.3462,61.68,54.85,3,2,3.556,1.9558,1,6.83,-1.6002,6.731,32.57008645,94.25008645,205.7499136,0,0,0.685833045,44.56990046,64.68,1.3462,1.8415,2.9464,3.2512,5.31401729,7.269174594,11.63067935,12.83385308,3.556,14.0370268,94.25008645,146.1553484,68.84995855,7.269174594,12.83385308,51.90526191,2
B00190,B00190_R1,190,Gate_1,Orange_5,2,3,0.2032,1.9812,61.68,2.54,1.6002,54.85,3,2,6.84,0.2032,0.762,1.9812,2.032,1.7272,3.175,3.556,1,3,3,300,0,2,3,2.7559,2.3368,2.2225,1.4986,61.68,54.85,3,2,1.7272,3.175,1,6.83,1.4478,5.2832,26.85501125,88.53501125,211.4649887,5.715075198,0,0.704883296,56.78376741,64.68,1.4986,2.2225,1.3462,1.5367,5.915604153,8.773141752,5.31401729,6.066000868,1.7272,6.817984447,88.53501125,147.0577287,77.57296807,8.773141752,6.066000868,58.5227174,1
B00190,B00190_R1,189,Orange_7,Gate_4,3,3,0.2032,1.9812,61.68,2.54,1.6002,54.85,3,2,6.84,2.54,1.6002,0.2032,1.9812,2.7178,0,2.7178,2,3,3,300,0,3,3,2.5654,1.9558,2.6416,1.7272,61.68,54.85,3,2,2.7178,0,1,6.83,-2.7178,5.4356,27.45659811,89.13659811,210.8634019,5.113488335,0,0.702878006,55.19169917,64.68,1.7272,2.6416,1.4986,1.9177,6.817984447,10.42750563,5.915604153,7.569968026,2.7178,10.72829906,89.13659811,143.7490009,80.28010895,10.42750563,7.569968026,54.61240279,0
B00191,B00191_R2,191,Gate_1,Yellow_5,1,2,0.2032,1.9812,70.62,2.54,1.6002,45.03,3,2,25.59,0.2032,0.762,1.0668,0.7112,1.7272,3.175,1.4224,1,3,3,300,1,1,2,0,0,1.4224,1.4224,45.03,70.62,2,3,3.175,1.7272,-1,-25.59,-1.4478,4.5974,24.14787037,69.17787037,230.8221296,6.918248924,0,0.769407099,65.25427415,47.03,1.4224,1.4224,3.175,3.175,5.614810721,5.614810721,12.53305965,12.53305965,3.175,12.53305965,69.17787037,100.2439897,36.68093001,5.614810721,12.53305965,31.06611929,1
B00191,B00191_R2,182,Gate_1,Orange_7,2,2,0.2032,1.9812,70.62,2.54,1.6002,45.03,3,2,25.59,0.2032,0.762,2.54,1.6002,1.7272,3.175,3.175,1,3,3,300,1,2,2,0,0,3.175,3.175,45.03,70.62,2,3,3.175,1.7272,-1,-25.59,-1.4478,6.35,31.06611929,76.09611929,223.9038807,0,0,0.746346269,47.24409449,47.03,3.175,3.175,1.4224,1.4224,12.53305965,12.53305965,5.614810721,5.614810721,3.175,12.53305965,76.09611929,93.32574073,36.68093001,12.53305965,5.614810721,17.22962144,0
B00192,B00192_R2,192,Gate_1,Yellow_2,1,2,0.2032,1.9812,64.25,2.54,1.6002,49.07,3,2,15.18,0.2032,0.762,0.762,0.2032,1.7272,3.175,1.1176,1,3,3,300,1,1,2,0,0,1.1176,1.1176,49.07,64.25,2,3,3.175,1.7272,-1,-15.18,-1.4478,4.2926,22.94469664,72.01469664,227.9853034,8.12142265,0,0.759951011,69.88771374,51.07,1.1176,1.1176,3.175,3.175,4.411636995,4.411636995,12.53305965,12.53305965,3.175,12.53305965,72.01469664,103.0808159,35.47775629,4.411636995,12.53305965,31.06611929,1
B00192,B00192_R2,182,Gate_1,Orange_7,2,2,0.2032,1.9812,64.25,2.54,1.6002,49.07,3,2,15.18,0.2032,0.762,2.54,1.6002,1.7272,3.175,3.175,1,3,3,300,1,2,2,0,0,3.175,3.175,49.07,64.25,2,3,3.175,1.7272,-1,-15.18,-1.4478,6.35,31.06611929,80.13611929,219.8638807,0,0,0.732879602,47.24409449,51.07,3.175,3.175,1.1176,1.1176,12.53305965,12.53305965,4.411636995,4.411636995,3.175,12.53305965,80.13611929,94.95939328,35.47775629,12.53305965,4.411636995,14.82327399,0
B00193,B00193_R2,192,Gate_1,Yellow_2,1,3,0.2032,1.9812,48.87,2.54,1.6002,51.59,2,3,-2.71,0.2032,0.762,0.762,0.2032,1.7272,3.175,1.1176,1,3,3,300,1,1,3,1.3208,0,1.5748,1.1176,51.59,48.87,3,2,3.175,1.7272,1,2.72,-1.4478,4.2926,22.94469664,74.53469664,225.4653034,8.12142265,0,0.751551011,69.88771374,54.59,1.1176,1.5748,1.7272,2.4511,4.411636995,6.216397584,6.817984447,9.675522046,3.175,12.53305965,74.53469664,127.6431323,71.256306,6.216397584,9.675522046,53.10843564,2
B00193,B00193_R2,182,Gate_1,Orange_7,2,3,0.2032,1.9812,48.87,2.54,1.6002,51.59,2,3,-2.71,0.2032,0.762,2.54,1.6002,1.7272,3.175,3.175,1,3,3,300,1,2,3,1.3208,0,2.413,1.651,51.59,48.87,3,2,3.175,1.7272,1,2.72,-1.4478,6.35,31.06611929,82.65611929,217.3438807,0,0,0.724479602,47.24409449,54.59,1.651,2.413,1.1176,1.4224,6.517191016,9.525125331,4.411636995,5.614810721,3.175,12.53305965,82.65611929,125.2367848,69.75233885,9.525125331,5.614810721,42.58066554,1
B00193,B00193_R2,193,Green_3,Gate_4,3,3,0.2032,1.9812,48.87,2.54,1.6002,51.59,2,3,-2.71,2.286,0.2032,0.2032,1.9812,3.8608,1.651,3.8608,2,3,3,300,1,3,3,2.6416,2.6416,1.7272,1.7272,51.59,48.87,3,2,1.651,3.8608,1,2.72,2.2098,5.5118,27.75739154,79.34739154,220.6526085,3.308727746,0,0.735508695,54.42868029,54.59,1.7272,1.7272,1.651,1.8415,6.817984447,6.817984447,6.517191016,7.269174594,1.651,6.517191016,79.34739154,133.3582075,67.64678483,6.817984447,7.269174594,54.01081593,0
B00194,B00194_R1,194,Purple_4,Gate_4,1,2,0.2032,1.9812,40.48,0.2032,1.9812,70.73,2,4,-30.25,0.762,2.032,0.2032,1.9812,1.1176,1.1176,1.1176,2,3,3,300,0,1,2,2.7178,2.7178,2.7178,2.7178,40.48,70.73,2,4,1.1176,1.1176,-2,-30.25,0,2.2352,14.82327399,55.30327399,244.696726,12.63332412,0,0.815655753,134.2161775,42.48,2.7178,2.7178,1.1176,1.1176,10.72829906,10.72829906,4.411636995,4.411636995,1.1176,4.411636995,55.30327399,82.7598721,38.18489717,10.72829906,4.411636995,27.45659811,1
B00194,B00194_R1,189,Orange_7,Gate_4,2,2,0.2032,1.9812,40.48,0.2032,1.9812,70.73,2,4,-30.25,2.54,1.6002,0.2032,1.9812,2.7178,2.7178,2.7178,2,3,3,300,0,2,2,2.7178,2.7178,1.1176,1.1176,40.48,70.73,2,4,2.7178,2.7178,-2,-30.25,0,5.4356,27.45659811,67.93659811,232.0634019,0,0,0.773544673,55.19169917,42.48,1.1176,1.1176,2.7178,2.7178,4.411636995,4.411636995,10.72829906,10.72829906,2.7178,10.72829906,67.93659811,82.7598721,19.23491099,4.411636995,10.72829906,14.82327399,0
B00195,B00195_R1,195,Gate_1,Orange_7,1,2,0.2032,1.9812,45.73,0.2032,1.9812,62.12,2,3,-16.39,0.2032,0.762,2.54,1.6002,1.7272,1.7272,3.175,1,3,3,300,0,1,2,3.175,3.175,0,0,45.73,62.12,2,3,1.7272,1.7272,-1,-16.39,0,4.9022,25.35104409,71.08104409,228.9189559,2.10555402,0,0.763063186,61.19701359,47.73,0,0,1.7272,1.7272,0,0,6.817984447,6.817984447,1.7272,6.817984447,71.08104409,98.53764221,27.45659811,0,6.817984447,27.45659811,1
B00195,B00195_R1,189,Orange_7,Gate_4,2,2,0.2032,1.9812,45.73,0.2032,1.9812,62.12,2,3,-16.39,2.54,1.6002,0.2032,1.9812,2.7178,2.7178,2.7178,2,3,3,300,0,2,2,3.175,3.175,1.7272,1.7272,45.73,62.12,2,3,2.7178,2.7178,-1,-16.39,0,5.4356,27.45659811,73.18659811,226.8134019,0,0,0.756044673,55.19169917,47.73,1.7272,1.7272,0,0,6.817984447,6.817984447,0,0,2.7178,10.72829906,73.18659811,87.80934315,32.16902854,6.817984447,0,14.62274504,0
B00196,B00196_R2,196,Gate_1,Green_3,1,3,0.2032,1.9812,50.61,0.2032,1.9812,50.7,3,3,-0.09,0.2032,0.762,2.286,0.2032,1.7272,1.7272,2.6416,1,3,3,300,1,1,3,1.3208,0,1.3208,0,50.7,50.61,3,3,1.7272,1.7272,0,0.09,0,4.3688,23.24549007,73.94549007,226.0545099,13.23491099,0,0.753515033,68.66874199,53.7,0,1.3208,1.7272,2.4511,0,5.213752813,6.817984447,9.675522046,1.7272,6.817984447,73.94549007,135.7769352,72.25895078,5.213752813,9.675522046,61.83144515,2
B00196,B00196_R2,193,Green_3,Gate_4,2,3,0.2032,1.9812,50.61,0.2032,1.9812,50.7,3,3,-0.09,2.286,0.2032,0.2032,1.9812,3.8608,3.8608,3.8608,2,3,3,300,1,2,3,2.6416,2.6416,1.7272,1.7272,50.7,50.61,3,3,3.8608,3.8608,0,0.09,0,7.7216,36.48040106,87.18040106,212.8195989,0,0,0.709398663,38.85205139,53.7,1.7272,1.7272,0,0.8255,6.817984447,6.817984447,0,3.258595508,3.8608,15.24020053,87.18040106,120.5367347,62.23250306,6.817984447,3.258595508,33.35633364,1
B00196,B00196_R2,182,Gate_1,Orange_7,3,3,0.2032,1.9812,50.61,0.2032,1.9812,50.7,3,3,-0.09,0.2032,0.762,2.54,1.6002,1.7272,1.7272,3.175,1,3,3,300,1,3,3,1.3208,0,2.413,1.651,50.7,50.61,3,3,1.7272,1.7272,0,0.09,0,4.9022,25.35104409,76.05104409,223.9489559,11.12935697,0,0.74649652,61.19701359,53.7,1.651,2.413,1.7272,2.1844,6.517191016,9.525125331,6.817984447,8.622745036,1.7272,6.817984447,76.05104409,135.7769352,78.77614179,9.525125331,8.622745036,59.72589113,0
B00197,B00197_R1,189,Orange_7,Gate_4,1,2,0.2032,1.9812,43.12,2.54,1.6002,62.98,2,3,-19.86,2.54,1.6002,0.2032,1.9812,2.7178,0,2.7178,2,3,3,300,0,1,2,2.794,2.794,1.3462,1.3462,43.12,62.98,2,3,2.7178,0,-1,-19.86,-2.7178,5.4356,27.45659811,70.57659811,229.4234019,0,0,0.764744673,55.19169917,45.12,1.3462,1.3462,3.0226,3.0226,5.31401729,5.31401729,11.93147278,11.93147278,2.7178,10.72829906,70.57659811,89.61098014,23.1452256,5.31401729,11.93147278,19.03438203,1
B00197,B00197_R1,197,Gate_2,Purple_1,2,2,0.2032,1.9812,43.12,2.54,1.6002,62.98,2,3,-19.86,0.2032,1.143,0.4572,2.54,1.3462,2.794,1.651,1,3,3,300,0,2,2,2.794,2.794,3.0226,3.0226,43.12,62.98,2,3,1.3462,2.794,-1,-19.86,1.4478,2.9972,17.83120831,60.95120831,239.0487917,9.625389808,0,0.796829306,100.0934205,45.12,3.0226,3.0226,1.3462,1.3462,11.93147278,11.93147278,5.31401729,5.31401729,1.3462,5.31401729,60.95120831,88.40780642,39.3880709,11.93147278,5.31401729,27.45659811,0
B00198,B00198_R1,189,Orange_7,Gate_4,1,3,0.4572,2.54,51.13,2.54,1.6002,53,3,3,-1.87,2.54,1.6002,0.2032,1.9812,3.0226,0,2.7178,2,3,3,300,0,1,3,2.8321,2.794,1.9939,1.3462,51.13,53,3,3,3.0226,0,0,-1.87,-3.0226,5.7404,28.65977184,79.78977184,220.2102282,1.804760589,0,0.734034094,52.26116647,54.13,1.3462,1.9939,0.889,1.9558,5.31401729,7.870761457,3.509256701,7.720364742,3.0226,11.93147278,79.78977184,120.8664702,65.24043737,7.870761457,7.720364742,41.07669838,2
B00198,B00198_R1,197,Gate_2,Purple_1,2,3,0.4572,2.54,51.13,2.54,1.6002,53,3,3,-1.87,0.2032,1.143,0.4572,2.54,1.651,2.794,1.651,1,3,3,300,0,2,3,2.2987,1.8034,2.9845,2.9464,51.13,53,3,3,1.651,2.794,0,-1.87,1.143,3.302,19.03438203,70.16438203,229.835618,11.4301504,0,0.766118727,90.85402786,54.13,2.9464,2.9845,1.3462,2.2606,11.63067935,11.78107607,5.31401729,8.923538468,1.651,6.517191016,70.16438203,128.0855126,82.6864564,11.78107607,8.923538468,57.92113054,1
B00198,B00198_R1,198,Yellow_3,Orange_6,3,3,0.4572,2.54,51.13,2.54,1.6002,53,3,3,-1.87,1.0668,0.2032,2.54,1.9812,2.9464,2.8702,3.2512,3,3,3,300,0,3,3,2.3368,1.8034,2.032,0.889,51.13,53,3,3,2.9464,2.8702,0,-1.87,-0.0762,6.1976,30.46453243,81.59453243,218.4054676,0,0,0.728018225,48.40583452,54.13,0.889,2.032,2.6416,2.794,3.509256701,8.021158173,10.42750563,11.02909249,2.9464,11.63067935,81.59453243,128.0855126,63.73647022,8.021158173,11.02909249,46.49098014,0
B00199,B00199_R2,182,Gate_1,Orange_7,1,2,2.54,1.9812,66.14,2.54,1.6002,46.47,3,2,19.67,0.2032,0.762,2.54,1.6002,3.556,3.175,3.175,1,3,3,300,1,1,2,2.3368,2.3368,1.9558,1.9558,46.47,66.14,2,3,3.175,3.556,-1,-19.67,0.381,6.35,31.06611929,77.53611929,222.4638807,0,0,0.741546269,47.24409449,48.47,1.9558,1.9558,2.032,2.032,7.720364742,7.720364742,8.021158173,8.021158173,3.175,12.53305965,77.53611929,89.95304583,24.64919275,7.720364742,8.021158173,12.41692654,1
B00199,B00199_R2,199,Green_5,Green_4,2,2,2.54,1.9812,66.14,2.54,1.6002,46.47,3,2,19.67,1.9812,0.7112,1.6764,0.7112,2.3368,1.9558,0.8128,3,3,3,300,1,2,2,2.3368,2.3368,2.032,2.032,46.47,66.14,2,3,1.9558,2.3368,-1,-19.67,0.381,2.7686,16.92882801,63.39882801,236.601172,14.13729128,0,0.788670573,108.3580149,48.47,2.032,2.032,1.9558,1.9558,8.021158173,8.021158173,7.720364742,7.720364742,1.9558,7.720364742,63.39882801,94.4649473,39.08727746,8.021158173,7.720364742,31.06611929,0
B00200,B00200_R2,200,Purple_2,Gate_3,1,3,2.54,1.9812,62.74,1.6764,0.7112,46.28,3,3,16.46,0.762,2.54,0.2032,1.6002,2.3368,3.2512,1.4986,2,3,3,300,1,1,3,2.9464,2.3368,2.2606,1.3462,46.28,62.74,3,3,3.2512,2.3368,0,-16.46,-0.9144,4.7498,24.74945723,71.02945723,228.9705428,1.804760589,0,0.763235143,63.16055413,49.28,1.3462,2.2606,2.7178,2.9845,5.31401729,8.923538468,10.72829906,11.78107607,3.2512,12.83385308,71.02945723,107.8950476,56.81822129,8.923538468,11.78107607,36.86559034,2
B00200,B00200_R2,182,Gate_1,Orange_7,2,3,2.54,1.9812,62.74,1.6764,0.7112,46.28,3,3,16.46,0.2032,0.762,2.54,1.6002,3.556,2.032,3.175,1,3,3,300,1,2,3,2.3368,2.3368,2.3368,1.9558,46.28,62.74,3,3,2.032,3.556,0,-16.46,1.524,5.207,26.55421782,72.83421782,227.1657822,0,0,0.757219274,57.61474938,49.28,1.9558,2.3368,1.3462,1.6891,7.720364742,9.224331899,5.31401729,6.667587731,2.032,8.021158173,72.83421782,107.2934607,55.61504757,9.224331899,6.667587731,34.45924288,1
B00200,B00200_R2,199,Green_5,Green_4,3,3,2.54,1.9812,62.74,1.6764,0.7112,46.28,3,3,16.46,1.9812,0.7112,1.6764,0.7112,2.3368,0.8128,0.8128,3,3,3,300,1,3,3,2.9464,2.3368,2.6416,2.032,46.28,62.74,3,3,0.8128,2.3368,0,-16.46,1.524,1.6256,12.41692654,58.69692654,241.3030735,14.13729128,0,0.804343578,184.5472441,49.28,2.032,2.6416,1.9558,2.5654,8.021158173,10.42750563,7.720364742,10.12671219,0.8128,3.208463269,58.69692654,114.5125031,72.1586863,10.42750563,10.12671219,55.81557652,0
B00201,B00201_R2,182,Gate_1,Orange_7,1,3,2.54,1.9812,49.02,1.6764,0.7112,52.69,2,3,-3.68,0.2032,0.762,2.54,1.6002,3.556,2.032,3.175,1,3,3,300,1,1,3,2.1844,2.032,2.1082,1.9558,52.69,49.02,3,2,2.032,3.556,1,3.67,1.524,5.207,26.55421782,79.24421782,220.7557822,0,0,0.735852607,57.61474938,55.69,1.9558,2.1082,2.032,2.1844,7.720364742,8.321951605,8.021158173,8.622745036,2.032,8.021158173,79.24421782,100.8696076,38.26929302,8.321951605,8.622745036,21.62538981,2
B00201,B00201_R2,199,Green_5,Green_4,2,3,2.54,1.9812,49.02,1.6764,0.7112,52.69,2,3,-3.68,1.9812,0.7112,1.6764,0.7112,2.3368,0.8128,0.8128,3,3,3,300,1,2,3,1.5748,0.8128,1.016,0,52.69,49.02,3,2,0.8128,2.3368,1,3.67,1.524,1.6256,12.41692654,65.10692654,234.8930735,14.13729128,0,0.782976912,184.5472441,55.69,0,1.016,0,0.9779,0,4.010579087,0,3.860182371,0.8128,3.208463269,65.10692654,97.66114436,43.78383926,4.010579087,3.860182371,32.55421782,1
B00201,B00201_R2,201,Green_4,Green_5,3,3,2.54,1.9812,49.02,1.6764,0.7112,52.69,2,3,-3.68,1.6764,0.7112,1.9812,0.7112,2.6416,0,0.8128,3,3,3,300,1,3,3,1.4224,0.8128,1.1684,0,52.69,49.02,3,2,0,2.6416,1,3.67,2.6416,0.8128,9.208463269,61.89846327,238.1015367,17.34575455,0,0.793671789,369.0944882,55.69,0,1.1684,0,1.1303,0,4.61216595,0,4.461769234,0,0,61.89846327,100.8696076,48.19547626,4.61216595,4.461769234,38.97114436,0
B00202,B00202_R1,202,Yellow_2,Gate_4,1,2,2.54,1.9812,40.62,1.9812,0.7112,49.98,2,4,-9.36,0.762,0.2032,0.2032,1.9812,3.556,1.7272,2.3368,2,3,3,300,0,1,2,0.8128,0.8128,2.6416,2.6416,40.62,49.98,2,4,3.556,1.7272,-2,-9.36,-1.8288,5.8928,29.2613587,69.8813587,230.1186413,2.406347452,0,0.767062138,50.90958458,42.62,2.6416,2.6416,3.556,3.556,10.42750563,10.42750563,14.0370268,14.0370268,3.556,14.0370268,69.8813587,101.5490649,42.09521178,10.42750563,14.0370268,31.66770615,1
B00202,B00202_R1,198,Yellow_3,Orange_6,2,2,2.54,1.9812,40.62,1.9812,0.7112,49.98,2,4,-9.36,1.0668,0.2032,2.54,1.9812,3.2512,1.4224,3.2512,3,3,3,300,0,2,2,0.8128,0.8128,3.556,3.556,40.62,49.98,2,4,3.2512,1.4224,-2,-9.36,-1.8288,6.5024,31.66770615,72.28770615,227.7122938,0,0,0.759040979,46.13681102,42.62,3.556,3.556,2.6416,2.6416,14.0370268,14.0370268,10.42750563,10.42750563,3.2512,12.83385308,72.28770615,99.1427174,43.29838551,14.0370268,10.42750563,26.85501125,0
B00203,B00203_R2,199,Green_5,Green_4,1,3,2.54,1.9812,55.55,1.9812,0.7112,44.63,2,3,10.92,1.9812,0.7112,1.6764,0.7112,2.3368,0,0.8128,3,3,3,300,1,1,3,1.7653,0.8128,1.2065,0,44.63,55.55,3,2,0,2.3368,1,-10.92,2.3368,0.8128,9.208463269,53.83846327,246.1615367,18.84972171,0,0.820538456,369.0944882,47.63,0,1.2065,0,1.6256,0,4.762562665,0,6.416926539,0,0,53.83846327,94.31357478,50.00023685,4.762562665,6.416926539,40.47511151,2
B00203,B00203_R2,201,Green_4,Green_5,2,3,2.54,1.9812,55.55,1.9812,0.7112,44.63,2,3,10.92,1.6764,0.7112,1.9812,0.7112,2.6416,0.8128,0.8128,3,3,3,300,1,2,3,1.6129,0.8128,1.3589,0,44.63,55.55,3,2,0.8128,2.6416,1,-10.92,1.8288,1.6256,12.41692654,57.04692654,242.9530735,15.64125844,0,0.809843578,184.5472441,47.63,0,1.3589,0,1.4732,0,5.364149528,0,5.815339676,0.8128,3.208463269,57.04692654,91.10511151,47.9949473,5.364149528,5.815339676,34.05818498,1
B00203,B00203_R2,203,Gate_2,Orange_1,3,3,2.54,1.9812,55.55,1.9812,0.7112,44.63,2,3,10.92,0.2032,1.143,1.6764,2.54,3.175,2.7178,2.8702,1,3,3,300,1,3,3,2.5654,2.413,3.0988,2.9464,44.63,55.55,3,2,2.7178,3.175,1,-10.92,0.4572,5.588,28.05818498,72.68818498,227.311815,0,0,0.75770605,53.68647101,47.63,2.9464,3.0988,2.413,2.5654,11.63067935,12.23226621,9.525125331,10.12671219,2.7178,10.72829906,72.68818498,93.11040106,46.08992224,12.23226621,10.12671219,20.42221608,0
B00204,B00204_R1,204,Gate_1,Purple_1,1,2,2.54,1.9812,42.37,1.6764,2.54,54.2,2,4,-11.83,0.2032,0.762,0.4572,2.54,3.556,3.2512,2.032,1,3,3,300,0,1,2,1.4224,1.4224,2.9464,2.9464,42.37,54.2,2,4,3.556,3.2512,-2,-11.83,-0.3048,5.588,28.05818498,70.42818498,229.571815,3.609521178,0,0.765239383,53.68647101,44.37,2.9464,2.9464,3.556,3.556,11.63067935,11.63067935,14.0370268,14.0370268,3.556,14.0370268,70.42818498,102.0958911,43.29838551,11.63067935,14.0370268,31.66770615,1
B00204,B00204_R1,198,Yellow_3,Orange_6,2,2,2.54,1.9812,42.37,1.6764,2.54,54.2,2,4,-11.83,1.0668,0.2032,2.54,1.9812,3.2512,2.9464,3.2512,3,3,3,300,0,2,2,1.4224,1.4224,3.556,3.556,42.37,54.2,2,4,3.2512,2.9464,-2,-11.83,-0.3048,6.5024,31.66770615,74.03770615,225.9622938,0,0,0.753207646,46.13681102,44.37,3.556,3.556,2.9464,2.9464,14.0370268,14.0370268,11.63067935,11.63067935,3.2512,12.83385308,74.03770615,100.8927174,42.09521178,14.0370268,11.63067935,26.85501125,0
B00205,B00205_R2,201,Green_4,Green_5,1,3,2.54,1.9812,52.34,1.6764,2.54,47.48,2,3,4.87,1.6764,0.7112,1.9812,0.7112,2.6416,2.9464,0.8128,3,3,3,300,1,1,3,2.2225,2.032,2.5273,2.3368,47.48,52.34,3,2,2.9464,2.6416,1,-4.86,-0.3048,3.7592,20.83914262,68.31914262,231.6808574,7.820629219,0,0.772269525,79.80421366,50.48,2.3368,2.5273,1.7272,2.3368,9.224331899,9.976315478,6.817984447,9.224331899,2.9464,11.63067935,68.31914262,114.2085359,70.65471914,9.976315478,9.224331899,45.88939328,2
B00205,B00205_R2,205,Gate_1,Yellow_1,2,3,2.54,1.9812,52.34,1.6764,2.54,47.48,2,3,4.87,0.2032,0.762,0.4572,0.2032,3.556,3.2512,0.8128,1,3,3,300,1,2,3,1.4605,0.889,1.4605,1.1938,47.48,52.34,3,2,3.2512,3.556,1,-4.86,0.3048,4.064,22.04231635,69.52231635,230.4776837,6.617455493,0,0.768258946,73.81889764,50.48,1.1938,1.4605,2.3368,2.794,4.712430427,5.765207437,9.224331899,11.02909249,3.2512,12.83385308,69.52231635,115.4117096,61.02932933,5.765207437,11.02909249,45.88939328,1
B00205,B00205_R2,203,Gate_2,Orange_1,3,3,2.54,1.9812,52.34,1.6764,2.54,47.48,2,3,4.87,0.2032,1.143,1.6764,2.54,3.175,2.8702,2.8702,1,3,3,300,1,3,3,1.651,0.889,3.0988,2.9464,47.48,52.34,3,2,2.8702,3.175,1,-4.86,0.3048,5.7404,28.65977184,76.13977184,223.8602282,0,0,0.746200761,52.26116647,50.48,2.9464,3.0988,1.1938,1.9558,11.63067935,12.23226621,4.712430427,7.720364742,2.8702,11.32988592,76.13977184,112.4037753,67.34599139,12.23226621,7.720364742,36.26400347,0
B00206,B00206_R1,198,Yellow_3,Orange_6,1,2,2.54,1.9812,42.53,1.6764,2.54,49.68,2,3,-7.16,1.0668,0.2032,2.54,1.9812,3.2512,2.9464,3.2512,3,3,3,300,0,1,2,2.032,2.032,1.7272,1.7272,42.53,49.68,2,3,3.2512,2.9464,-1,-7.15,-0.3048,6.5024,31.66770615,74.19770615,225.8022938,0,0,0.752674313,46.13681102,44.53,1.7272,1.7272,2.9464,2.9464,6.817984447,6.817984447,11.63067935,11.63067935,3.2512,12.83385308,74.19770615,96.2400225,30.06347452,6.817984447,11.63067935,22.04231635,1
B00206,B00206_R1,206,Green_6,Orange_1,2,2,2.54,1.9812,42.53,1.6764,2.54,49.68,2,3,-7.16,2.54,0.762,1.6764,2.54,1.7272,2.6416,2.6416,3,3,3,300,0,2,2,2.032,2.032,2.9464,2.9464,42.53,49.68,2,3,1.7272,2.6416,-1,-7.15,0.9144,4.3688,23.24549007,65.77549007,234.2245099,8.422216082,0,0.780748366,68.66874199,44.53,2.9464,2.9464,1.7272,1.7272,11.63067935,11.63067935,6.817984447,6.817984447,1.7272,6.817984447,65.77549007,97.44319623,43.29838551,11.63067935,6.817984447,31.66770615,0
B00207,B00207_R2,207,Green_5,Gate_3,1,3,1.6764,2.54,54.83,1.6764,2.54,49.24,2,3,5.59,1.9812,0.7112,0.2032,1.6002,3.2512,3.2512,3.175,2,3,3,300,1,1,3,2.5273,2.3368,1.1557,0.9652,49.24,54.83,3,2,3.2512,3.2512,1,-5.59,0,6.4262,31.36691272,80.60691272,219.3930873,0,0,0.731310291,46.68388783,52.24,0.9652,1.1557,2.032,2.6416,3.810050132,4.562033711,8.021158173,10.42750563,3.2512,12.83385308,80.60691272,126.496306,59.82615561,4.562033711,10.42750563,45.88939328,2
B00207,B00207_R2,205,Gate_1,Yellow_1,2,3,1.6764,2.54,54.83,1.6764,2.54,49.24,2,3,5.59,0.2032,0.762,0.4572,0.2032,3.2512,3.2512,0.8128,1,3,3,300,1,2,3,1.6129,0.889,1.6129,1.1938,49.24,54.83,3,2,3.2512,3.2512,1,-5.59,0,4.064,22.04231635,71.28231635,228.7176837,9.324596376,0,0.762392279,73.81889764,52.24,1.1938,1.6129,1.3462,2.2987,4.712430427,6.3667943,5.31401729,9.073935183,3.2512,12.83385308,71.28231635,123.7891651,72.76027316,6.3667943,9.073935183,52.50684877,1
B00207,B00207_R2,203,Gate_2,Orange_1,3,3,1.6764,2.54,54.83,1.6764,2.54,49.24,2,3,5.59,0.2032,1.143,1.6764,2.54,2.8702,2.8702,2.8702,1,3,3,300,1,3,3,1.8034,0.889,3.2512,3.2512,49.24,54.83,3,2,2.8702,2.8702,1,-5.59,0,5.7404,28.65977184,77.89977184,222.1002282,2.707140883,0,0.740334094,52.26116647,52.24,3.2512,3.2512,0.9652,1.0795,12.83385308,12.83385308,3.810050132,4.261240279,2.8702,11.32988592,77.89977184,123.7891651,79.07693522,12.83385308,4.261240279,45.88939328,0
B00208,B00208_R1,206,Green_6,Orange_1,1,2,1.6764,2.54,40.52,1.6764,2.54,57.5,2,3,-16.98,2.54,0.762,1.6764,2.54,2.6416,2.6416,2.6416,3,3,3,300,0,1,2,2.032,2.032,2.9464,2.9464,40.52,57.5,2,3,2.6416,2.6416,-1,-16.98,0,5.2832,26.85501125,67.37501125,232.6249887,1.203173726,0,0.775416629,56.78376741,42.52,2.9464,2.9464,3.556,3.556,11.63067935,11.63067935,14.0370268,14.0370268,2.6416,10.42750563,67.37501125,99.0427174,39.68886433,11.63067935,14.0370268,31.66770615,1
B00208,B00208_R1,208,Yellow_5,Gate_4,2,2,1.6764,2.54,40.52,1.6764,2.54,57.5,2,3,-16.98,1.0668,0.7112,0.2032,1.9812,2.9464,2.9464,2.6416,2,3,3,300,0,2,2,2.032,2.032,3.556,3.556,40.52,57.5,2,3,2.9464,2.9464,-1,-16.98,0,5.588,28.05818498,68.57818498,231.421815,0,0,0.77140605,53.68647101,42.52,3.556,3.556,2.9464,2.9464,14.0370268,14.0370268,11.63067935,11.63067935,2.9464,11.63067935,68.57818498,95.43319623,40.89203805,14.0370268,11.63067935,26.85501125,0
B00209,B00209_R2,205,Gate_1,Yellow_1,1,3,0.2032,1.9812,52.9,1.6764,2.54,54.1,2,3,-1.19,0.2032,0.762,0.4572,0.2032,1.7272,3.2512,0.8128,1,3,3,300,1,1,3,1.6129,0.889,1.6129,1.1938,54.1,52.9,3,2,3.2512,1.7272,1,1.2,-1.524,4.064,22.04231635,76.14231635,223.8576837,8.422216082,0,0.746192279,73.81889764,57.1,1.1938,1.6129,3.2512,3.4036,4.712430427,6.3667943,12.83385308,13.43543994,3.2512,12.83385308,76.14231635,135.2666206,71.85789287,6.3667943,13.43543994,59.12430427,2
B00209,B00209_R2,203,Gate_2,Orange_1,2,3,0.2032,1.9812,52.9,1.6764,2.54,54.1,2,3,-1.19,0.2032,1.143,1.6764,2.54,1.3462,2.8702,2.8702,1,3,3,300,1,2,3,1.8034,0.889,3.2512,3.2512,54.1,52.9,3,2,2.8702,1.3462,1,1.2,-1.524,5.7404,28.65977184,82.75977184,217.2402282,1.804760589,0,0.724134094,52.26116647,57.1,3.2512,3.2512,1.1938,2.1844,12.83385308,12.83385308,4.712430427,8.622745036,2.8702,11.32988592,82.75977184,128.6491651,78.17455493,12.83385308,8.622745036,45.88939328,1
B00209,B00209_R2,209,Green_5,Orange_5,3,3,0.2032,1.9812,52.9,1.6764,2.54,54.1,2,3,-1.19,1.9812,0.7112,1.9812,2.032,3.556,3.2512,2.9464,3,3,3,300,1,3,3,2.5273,2.3368,3.3655,3.175,54.1,52.9,3,2,3.2512,3.556,1,1.2,0.3048,6.1976,30.46453243,84.56453243,215.4354676,0,0,0.718118225,48.40583452,57.1,3.175,3.3655,2.032,2.6416,12.53305965,13.28504322,8.021158173,10.42750563,3.2512,12.83385308,84.56453243,130.4539257,77.27217463,13.28504322,10.42750563,45.88939328,0
B00210,B00210_R1,208,Yellow_5,Gate_4,1,2,0.2032,1.9812,43.09,1.9812,2.032,69.19,2,3,-26.1,1.0668,0.7112,0.2032,1.9812,2.6416,3.2512,2.6416,2,3,3,300,0,1,2,1.8034,1.8034,1.3462,1.3462,43.09,69.19,2,3,2.6416,3.2512,-1,-26.1,0.6096,5.2832,26.85501125,69.94501125,230.0549887,0,0,0.766849962,56.78376741,45.09,1.3462,1.3462,2.9464,2.9464,5.31401729,5.31401729,11.63067935,11.63067935,2.6416,10.42750563,69.94501125,93.79208819,27.9579205,5.31401729,11.63067935,23.84707694,1
B00210,B00210_R1,210,Gate_2,Orange_4,2,2,0.2032,1.9812,43.09,1.9812,2.032,69.19,2,3,-26.1,0.2032,1.143,1.6764,2.032,1.3462,3.175,2.8702,1,3,3,300,0,2,2,1.8034,1.8034,2.9464,2.9464,43.09,69.19,2,3,1.3462,3.175,-1,-26.1,1.8288,4.2164,22.64390321,65.73390321,234.2660968,4.211108041,0,0.780886989,71.15074471,45.09,2.9464,2.9464,1.3462,1.3462,11.63067935,11.63067935,5.31401729,5.31401729,1.3462,5.31401729,65.73390321,92.58891446,38.4856906,11.63067935,5.31401729,26.85501125,0
B00211,B00211_R1,210,Gate_2,Orange_4,1,2,1.6764,2.032,52.54,1.9812,2.032,60.8,2,3,-8.25,0.2032,1.143,1.6764,2.032,2.8702,3.175,2.8702,1,3,3,300,0,1,2,1.9558,1.9558,1.4224,1.4224,52.54,60.8,2,3,2.8702,3.175,-1,-8.26,0.3048,5.7404,28.65977184,81.19977184,218.8002282,0,0,0.729334094,52.26116647,54.54,1.4224,1.4224,1.8034,1.8034,5.614810721,5.614810721,7.118777879,7.118777879,2.8702,11.32988592,81.19977184,101.4373276,30.06347452,5.614810721,7.118777879,20.23755576,1
B00211,B00211_R1,211,Purple_4,Yellow_3,2,2,1.6764,2.032,52.54,1.9812,2.032,60.8,2,3,-8.25,0.762,2.032,1.0668,0.2032,1.4224,1.7272,3.2512,3,3,3,300,0,2,2,1.9558,1.9558,1.8034,1.8034,52.54,60.8,2,3,1.4224,1.7272,-1,-8.26,0.3048,4.6736,24.4486638,76.9886638,223.0113362,4.211108041,0,0.743371121,64.19034577,54.54,1.8034,1.8034,1.4224,1.4224,7.118777879,7.118777879,5.614810721,5.614810721,1.4224,5.614810721,76.9886638,105.6484356,35.77854972,7.118777879,5.614810721,28.65977184,0
B00212,B00212_R2,212,Green_4,Green_6,1,2,1.0668,0.2032,62.52,1.9812,2.032,54.43,3,2,8.09,1.6764,0.7112,2.54,0.762,1.1176,3.2512,1.4224,3,3,3,300,1,1,2,0.8128,0.8128,1.1176,1.1176,54.43,62.52,2,3,3.2512,1.1176,-1,-8.09,-2.1336,4.6736,24.4486638,78.8786638,221.1213362,4.812694904,0,0.737071121,64.19034577,56.43,1.1176,1.1176,3.2512,3.2512,4.411636995,4.411636995,12.83385308,12.83385308,3.2512,12.83385308,78.8786638,108.1400225,33.6729957,4.411636995,12.83385308,29.2613587,1
B00212,B00212_R2,209,Green_5,Orange_5,2,2,1.0668,0.2032,62.52,1.9812,2.032,54.43,3,2,8.09,1.9812,0.7112,1.9812,2.032,1.4224,2.9464,2.9464,3,3,3,300,1,2,2,0.8128,0.8128,3.2512,3.2512,54.43,62.52,2,3,2.9464,1.4224,-1,-8.09,-1.524,5.8928,29.2613587,83.6913587,216.3086413,0,0,0.721028804,50.90958458,56.43,3.2512,3.2512,1.1176,1.1176,12.83385308,12.83385308,4.411636995,4.411636995,2.9464,11.63067935,83.6913587,100.9209801,37.28251688,12.83385308,4.411636995,17.22962144,0
B00213,B00213_R2,213,Purple_5,Green_4,1,3,1.0668,0.2032,49.33,1.9812,2.032,61.46,2,3,-12.13,1.0668,2.032,1.6764,0.7112,2.9464,1.4224,2.9464,3,3,3,300,1,1,3,3.0988,2.9464,0.4064,0,61.46,49.33,3,2,1.4224,2.9464,1,12.13,1.524,4.3688,23.24549007,84.70549007,215.2945099,6.01586863,0,0.717648366,68.66874199,64.46,0,0.4064,1.4224,2.3368,0,1.604231635,5.614810721,9.224331899,1.4224,5.614810721,84.70549007,138.4155126,56.91848577,1.604231635,9.224331899,53.7100225,2
B00213,B00213_R2,212,Green_4,Green_6,2,3,1.0668,0.2032,49.33,1.9812,2.032,61.46,2,3,-12.13,1.6764,0.7112,2.54,0.762,1.1176,3.2512,1.4224,3,3,3,300,1,2,3,1.8796,0.8128,2.1844,1.1176,61.46,49.33,3,2,3.2512,1.1176,1,12.13,-2.1336,4.6736,24.4486638,85.9086638,214.0913362,4.812694904,0,0.713637787,64.19034577,64.46,1.1176,2.1844,0,1.6256,4.411636995,8.622745036,0,6.416926539,3.2512,12.83385308,85.9086638,125.5816595,69.75233885,8.622745036,6.416926539,39.6729957,1
B00213,B00213_R2,209,Green_5,Orange_5,3,3,1.0668,0.2032,49.33,1.9812,2.032,61.46,2,3,-12.13,1.9812,0.7112,1.9812,2.032,1.4224,2.9464,2.9464,3,3,3,300,1,3,3,2.032,0.8128,2.3368,1.4224,61.46,49.33,3,2,2.9464,1.4224,1,12.13,-1.524,5.8928,29.2613587,90.7213587,209.2786413,0,0,0.697595471,50.90958458,64.46,1.4224,2.3368,0.8128,0.9652,5.614810721,9.224331899,3.208463269,3.810050132,2.9464,11.63067935,90.7213587,129.9932965,66.14281767,9.224331899,3.810050132,39.27193779,0
B00214,B00214_R1,211,Purple_4,Yellow_3,1,2,1.0668,0.2032,40.94,1.9812,2.032,57.62,2,3,-16.68,0.762,2.032,1.0668,0.2032,3.2512,1.7272,3.2512,3,3,3,300,0,1,2,2.9464,2.9464,0.8128,0.8128,40.94,57.62,2,3,3.2512,1.7272,-1,-16.68,-1.524,6.5024,31.66770615,72.60770615,227.3922938,0,0,0.757974313,46.13681102,42.94,0.8128,0.8128,1.4986,1.4986,3.208463269,3.208463269,5.915604153,5.915604153,3.2512,12.83385308,72.60770615,82.61828524,20.13729128,3.208463269,5.915604153,10.01057909,1
B00214,B00214_R1,214,Yellow_2,Gate_3,2,2,1.0668,0.2032,40.94,1.9812,2.032,57.62,2,3,-16.68,0.762,0.2032,0.2032,1.6002,0.8128,3.556,1.9558,2,3,3,300,0,2,2,2.9464,2.9464,1.4986,1.4986,40.94,57.62,2,3,0.8128,3.556,-1,-16.68,2.7432,2.7686,16.92882801,57.86882801,242.131172,14.73887814,0,0.807103907,108.3580149,42.94,1.4986,1.4986,0.8128,0.8128,5.915604153,5.915604153,3.208463269,3.208463269,0.8128,3.208463269,57.86882801,89.53653416,37.58331031,5.915604153,3.208463269,31.66770615,0
B00215,B00215_R1,214,Yellow_2,Gate_3,1,2,0.2032,1.6002,43.62,1.9812,2.032,50.13,2,3,-6.51,0.762,0.2032,0.2032,1.6002,1.9558,3.556,1.9558,2,3,3,300,0,1,2,1.1176,1.1176,1.3462,1.3462,43.62,50.13,2,3,1.9558,3.556,-1,-6.51,1.6002,3.9116,21.44072948,65.06072948,234.9392705,2.707140883,0,0.783130902,76.69495858,45.62,1.3462,1.3462,3.2512,3.2512,5.31401729,5.31401729,12.83385308,12.83385308,1.9558,7.720364742,65.06072948,94.32208819,29.46188766,5.31401729,12.83385308,29.2613587,1
B00215,B00215_R1,215,Gate_1,Orange_1,2,2,0.2032,1.6002,43.62,1.9812,2.032,50.13,2,3,-6.51,0.2032,0.762,1.6764,2.54,1.3462,3.556,3.2512,1,3,3,300,0,2,2,1.1176,1.1176,3.2512,3.2512,43.62,50.13,2,3,1.3462,3.556,-1,-6.51,2.2098,4.5974,24.14787037,67.76787037,232.2321296,0,0,0.774107099,65.25427415,45.62,3.2512,3.2512,1.3462,1.3462,12.83385308,12.83385308,5.31401729,5.31401729,1.3462,5.31401729,67.76787037,89.20859985,34.27458256,12.83385308,5.31401729,21.44072948,0
B00216,B00216_R2,216,Gate_2,Yellow_3,1,2,1.6764,2.54,59.15,1.9812,2.032,35.66,3,2,23.49,0.2032,1.143,1.0668,0.2032,2.8702,3.175,1.8034,1,3,3,300,1,1,2,2.7178,2.7178,1.4224,1.4224,35.66,59.15,2,3,3.175,2.8702,-1,-23.49,-0.3048,4.9784,25.65183752,61.31183752,238.6881625,3.609521178,0,0.795627208,60.2603246,37.66,1.4224,1.4224,3.175,3.175,5.614810721,5.614810721,12.53305965,12.53305965,3.175,12.53305965,61.31183752,90.57319623,34.87616942,5.614810721,12.53305965,29.2613587,1
B00216,B00216_R2,209,Green_5,Orange_5,2,2,1.6764,2.54,59.15,1.9812,2.032,35.66,3,2,23.49,1.9812,0.7112,1.9812,2.032,3.2512,2.9464,2.9464,3,3,3,300,1,2,2,2.7178,2.7178,3.175,3.175,35.66,59.15,2,3,2.9464,3.2512,-1,-23.49,0.3048,5.8928,29.2613587,64.9213587,235.0786413,0,0,0.783595471,50.90958458,37.66,3.175,3.175,1.4224,1.4224,12.53305965,12.53305965,5.614810721,5.614810721,2.9464,11.63067935,64.9213587,84.5573276,38.18489717,12.53305965,5.614810721,19.63596889,0
B00217,B00217_R1,215,Gate_1,Orange_1,1,2,1.6764,2.54,43.56,1.9812,2.032,57.31,2,3,-13.75,0.2032,0.762,1.6764,2.54,3.2512,3.556,3.2512,1,3,3,300,0,1,2,2.3368,2.3368,1.4224,1.4224,43.56,57.31,2,3,3.2512,3.556,-1,-13.75,0.3048,6.5024,31.66770615,75.22770615,224.7722938,0,0,0.749240979,46.13681102,45.56,1.4224,1.4224,1.7272,1.7272,5.614810721,5.614810721,6.817984447,6.817984447,3.2512,12.83385308,75.22770615,85.23828524,21.64125844,5.614810721,6.817984447,10.01057909,1
B00217,B00217_R1,217,Purple_4,Gate_4,2,2,1.6764,2.54,43.56,1.9812,2.032,57.31,2,3,-13.75,0.762,2.032,0.2032,1.9812,1.4224,1.7272,1.1176,2,3,3,300,0,2,2,2.3368,2.3368,1.7272,1.7272,43.56,57.31,2,3,1.4224,1.7272,-1,-13.75,0.3048,2.54,16.02644772,59.58644772,240.4135523,15.64125844,0,0.801378508,118.1102362,45.56,1.7272,1.7272,1.4224,1.4224,6.817984447,6.817984447,5.614810721,5.614810721,1.4224,5.614810721,59.58644772,91.25415387,38.4856906,6.817984447,5.614810721,31.66770615,0
B00218,B00218_R2,209,Green_5,Orange_5,1,2,0.2032,1.9812,53.21,1.9812,2.032,48.69,3,2,4.52,1.9812,0.7112,1.9812,2.032,3.556,2.9464,2.9464,3,3,3,300,1,1,2,3.556,3.556,1.7272,1.7272,48.69,53.21,2,3,2.9464,3.556,-1,-4.52,0.6096,5.8928,29.2613587,77.9513587,222.0486413,0,0,0.740162138,50.90958458,50.69,1.7272,1.7272,3.175,3.175,6.817984447,6.817984447,12.53305965,12.53305965,2.9464,11.63067935,77.9513587,97.5873276,25.55157305,6.817984447,12.53305965,19.63596889,1
B00218,B00218_R2,218,Purple_2,Gate_3,2,2,0.2032,1.9812,53.21,1.9812,2.032,48.69,3,2,4.52,0.762,2.54,0.2032,1.6002,1.1176,1.7272,1.4986,2,3,3,300,1,2,2,3.556,3.556,3.175,3.175,48.69,53.21,2,3,1.7272,1.1176,-1,-4.52,-0.6096,3.2258,18.7335886,67.4235886,232.5764114,10.5277701,0,0.775254705,93.000186,50.69,3.175,3.175,1.7272,1.7272,12.53305965,12.53305965,6.817984447,6.817984447,1.7272,6.817984447,67.4235886,96.6849473,41.79441835,12.53305965,6.817984447,29.2613587,0
B00219,B00219_R1,219,Orange_4,Gate_4,1,2,0.2032,1.9812,42.57,0.2032,1.6002,53.7,2,3,-11.12,1.6764,2.032,0.2032,1.9812,2.032,2.413,2.032,2,3,3,300,0,1,2,1.4224,1.4224,1.1176,1.1176,42.57,53.7,2,3,2.032,2.413,-1,-11.13,0.381,4.064,22.04231635,64.61231635,235.3876837,0,0,0.784625612,73.81889764,44.57,1.1176,1.1176,2.032,2.032,4.411636995,4.411636995,8.021158173,8.021158173,2.032,8.021158173,64.61231635,79.43559034,19.23491099,4.411636995,8.021158173,14.82327399,1
B00219,B00219_R1,217,Purple_4,Gate_4,2,2,0.2032,1.9812,42.57,0.2032,1.6002,53.7,2,3,-11.12,0.762,2.032,0.2032,1.9812,1.1176,1.4986,1.1176,2,3,3,300,0,2,2,1.4224,1.4224,2.032,2.032,42.57,53.7,2,3,1.1176,1.4986,-1,-11.13,0.381,2.2352,14.82327399,57.39327399,242.606726,7.219042356,0,0.808689087,134.2161775,44.57,2.032,2.032,1.1176,1.1176,8.021158173,8.021158173,4.411636995,4.411636995,1.1176,4.411636995,57.39327399,79.43559034,30.06347452,8.021158173,4.411636995,22.04231635,0
B00220,B00220_R2,218,Purple_2,Gate_3,1,2,0.2032,1.9812,49,0.2032,1.6002,43.66,3,2,5.34,0.762,2.54,0.2032,1.6002,1.1176,1.4986,1.4986,2,3,3,300,1,1,2,2.9464,2.9464,1.9558,1.9558,43.66,49,2,3,1.4986,1.1176,-1,-5.34,-0.381,2.9972,17.83120831,61.49120831,238.5087917,8.723009513,0,0.795029306,100.0934205,45.66,1.9558,1.9558,1.4224,1.4224,7.720364742,7.720364742,5.614810721,5.614810721,1.4986,5.915604153,61.49120831,87.74463269,34.27458256,7.720364742,5.614810721,26.25342439,1
B00220,B00220_R2,220,Yellow_2,Orange_1,2,2,0.2032,1.9812,49,0.2032,1.6002,43.66,3,2,5.34,0.762,0.2032,1.6764,2.54,2.3368,1.9558,3.2512,3,3,3,300,1,2,2,2.9464,2.9464,1.4224,1.4224,43.66,49,2,3,1.9558,2.3368,-1,-5.34,0.381,5.207,26.55421782,70.21421782,229.7857822,0,0,0.765952607,57.61474938,45.66,1.4224,1.4224,1.9558,1.9558,5.614810721,5.614810721,7.720364742,7.720364742,1.9558,7.720364742,70.21421782,88.04542612,23.44601903,5.614810721,7.720364742,17.83120831,0
B00221,B00221_R1,221,Gate_2,Orange_1,1,2,0.2032,1.9812,33.33,1.6764,2.54,61.6,2,3,-28.27,0.2032,1.143,1.6764,2.54,1.3462,2.8702,2.8702,1,3,3,300,0,1,2,1.9558,1.9558,1.4224,1.4224,33.33,61.6,2,3,1.3462,2.8702,-1,-28.27,1.524,4.2164,22.64390321,55.97390321,244.0260968,0,0,0.813420323,71.15074471,35.33,1.4224,1.4224,1.3462,1.3462,5.614810721,5.614810721,5.31401729,5.31401729,1.3462,5.31401729,55.97390321,70.7971772,20.43808471,5.614810721,5.31401729,14.82327399,1
B00221,B00221_R1,217,Purple_4,Gate_4,2,2,0.2032,1.9812,33.33,1.6764,2.54,61.6,2,3,-28.27,0.762,2.032,0.2032,1.9812,1.1176,1.4224,1.1176,2,3,3,300,0,2,2,1.9558,1.9558,1.3462,1.3462,33.33,61.6,2,3,1.1176,1.4224,-1,-28.27,0.3048,2.2352,14.82327399,48.15327399,251.846726,7.820629219,0,0.839489087,134.2161775,35.33,1.3462,1.3462,1.4224,1.4224,5.31401729,5.31401729,5.614810721,5.614810721,1.1176,4.411636995,48.15327399,72.00035093,27.9579205,5.31401729,5.614810721,23.84707694,0
B00222,B00222_R1,221,Gate_2,Orange_1,1,3,0.2032,1.9812,51.93,1.6764,2.54,47.29,3,2,4.64,0.2032,1.143,1.6764,2.54,1.3462,2.8702,2.8702,1,3,3,300,0,1,3,1.4224,0.889,2.3368,1.4224,51.93,47.29,3,2,1.3462,2.8702,1,4.64,1.524,4.2164,22.64390321,74.57390321,225.4260968,4.211108041,0,0.751420323,71.15074471,54.93,1.4224,2.3368,1.3462,2.2606,5.614810721,9.224331899,5.31401729,8.923538468,1.3462,5.31401729,74.57390321,116.2521884,60.12694904,9.224331899,8.923538468,41.67828524,2
B00222,B00222_R1,217,Purple_4,Gate_4,2,3,0.2032,1.9812,51.93,1.6764,2.54,47.29,3,2,4.64,0.762,2.032,0.2032,1.9812,1.1176,1.4224,1.1176,2,3,3,300,0,2,3,2.1463,1.9558,1.5367,1.3462,51.93,47.29,3,2,1.1176,1.4224,1,4.64,0.3048,2.2352,14.82327399,66.75327399,233.246726,12.03173726,0,0.777489087,134.2161775,54.93,1.3462,1.5367,1.4224,1.5748,5.31401729,6.066000868,5.614810721,6.216397584,1.1176,4.411636995,66.75327399,117.4553622,61.6309162,6.066000868,6.216397584,50.70208819,1
B00222,B00222_R1,222,Gate_1,Orange_2,3,3,0.2032,1.9812,51.93,1.6764,2.54,47.29,3,2,4.64,0.2032,0.762,1.9812,2.54,1.7272,3.2512,3.556,1,3,3,300,0,3,3,1.6129,0.889,2.4511,1.7272,51.93,47.29,3,2,1.7272,3.2512,1,4.64,1.524,5.2832,26.85501125,78.78501125,221.2149887,0,0,0.737383296,56.78376741,54.93,1.7272,2.4511,1.7272,2.4892,6.817984447,9.675522046,6.817984447,9.825918762,1.7272,6.817984447,78.78501125,116.2521884,56.81822129,9.675522046,9.825918762,37.4671772,0
B00223,B00223_R2,220,Yellow_2,Orange_1,1,2,1.9812,2.54,67.93,1.6764,2.54,37.55,3,2,30.38,0.762,0.2032,1.6764,2.54,3.556,3.2512,3.2512,3,3,3,300,1,1,2,1.7272,1.7272,3.2512,3.2512,37.55,67.93,2,3,3.2512,3.556,-1,-30.38,0.3048,6.5024,31.66770615,69.21770615,230.7822938,1.203173726,0,0.769274313,46.13681102,39.55,3.2512,3.2512,2.3368,2.3368,12.83385308,12.83385308,9.224331899,9.224331899,3.2512,12.83385308,69.21770615,98.47906486,45.70473296,12.83385308,9.224331899,29.2613587,1
B00223,B00223_R2,223,Green_5,Gate_4,2,2,1.9812,2.54,67.93,1.6764,2.54,37.55,3,2,30.38,1.9812,0.7112,0.2032,1.9812,2.9464,3.2512,3.556,2,3,3,300,1,2,2,1.7272,1.7272,2.3368,2.3368,37.55,67.93,2,3,3.2512,2.9464,-1,-30.38,-0.3048,6.8072,32.87087988,70.42087988,229.5791201,0,0,0.765263734,44.07098366,39.55,2.3368,2.3368,3.2512,3.2512,9.224331899,9.224331899,12.83385308,12.83385308,3.2512,12.83385308,70.42087988,102.088586,40.89203805,9.224331899,12.83385308,31.66770615,0
B00224,B00224_R1,217,Purple_4,Gate_4,1,3,1.9812,2.54,59.53,0.2032,1.9812,61.51,3,2,-1.97,0.762,2.032,0.2032,1.9812,1.7272,1.1176,1.1176,2,3,3,300,0,1,3,2.5273,2.3368,2.2225,1.7272,59.53,61.51,3,2,1.7272,1.1176,1,-1.98,-0.6096,2.8448,17.22962144,76.75962144,223.2403786,16.84443216,0,0.744134595,105.4555681,62.53,1.7272,2.2225,1.4986,1.6129,6.817984447,8.773141752,5.915604153,6.3667943,1.7272,6.817984447,76.75962144,131.0712308,72.76027316,8.773141752,6.3667943,54.31160936,2
B00224,B00224_R1,222,Gate_1,Orange_2,2,3,1.9812,2.54,59.53,0.2032,1.9812,61.51,3,2,-1.97,0.2032,0.762,1.9812,2.54,3.556,1.7272,3.556,1,3,3,300,0,2,3,2.7559,2.3368,1.6129,1.4986,59.53,61.51,3,2,3.556,1.7272,1,-1.98,-1.8288,7.112,34.07405361,93.60405361,206.3959464,0,0,0.687986488,42.18222722,62.53,1.4986,1.6129,1.3462,1.5367,5.915604153,6.3667943,5.31401729,6.066000868,3.556,14.0370268,93.60405361,123.2506016,51.10314609,6.3667943,6.066000868,29.64654798,1
B00224,B00224_R1,224,Orange_7,Gate_3,3,3,1.9812,2.54,59.53,0.2032,1.9812,61.51,3,2,-1.97,2.54,1.6002,0.2032,1.6002,1.4986,2.7178,2.3368,2,3,3,300,0,3,3,2.9464,2.7178,1.4224,1.3462,59.53,61.51,3,2,1.4986,2.7178,1,-1.98,1.2192,3.8354,21.13993605,80.66993605,219.3300639,12.93411755,0,0.731100213,78.21869948,62.53,1.3462,1.4224,1.4986,2.1082,5.31401729,5.614810721,5.915604153,8.321951605,1.4986,5.915604153,80.66993605,131.9736111,62.53329649,5.614810721,8.321951605,51.30367505,0
B00225,B00225_R2,225,Purple_5,Green_4,1,2,0.2032,1.6002,66.42,0.2032,1.9812,50.86,3,2,15.56,1.0668,2.032,1.6764,0.7112,1.8034,1.4224,2.9464,3,3,3,300,1,1,2,3.2512,3.2512,0.8128,0.8128,50.86,66.42,2,3,1.4224,1.8034,-1,-15.56,0.381,4.3688,23.24549007,74.10549007,225.8945099,10.82856353,0,0.7529817,68.66874199,52.86,0.8128,0.8128,1.4224,1.4224,3.208463269,3.208463269,5.614810721,5.614810721,1.4224,5.614810721,74.10549007,108.1795437,37.28251688,3.208463269,5.614810721,34.07405361,1
B00225,B00225_R2,223,Green_5,Gate_4,2,2,0.2032,1.6002,66.42,0.2032,1.9812,50.86,3,2,15.56,1.9812,0.7112,0.2032,1.9812,3.175,3.556,3.556,2,3,3,300,1,2,2,3.2512,3.2512,1.4224,1.4224,50.86,66.42,2,3,3.556,3.175,-1,-15.56,-0.381,7.112,34.07405361,84.93405361,215.0659464,0,0,0.716886488,42.18222722,52.86,1.4224,1.4224,0.8128,0.8128,5.614810721,5.614810721,3.208463269,3.208463269,3.556,14.0370268,84.93405361,97.35098014,28.86030079,5.614810721,3.208463269,12.41692654,0
B00226,B00226_R2,223,Green_5,Gate_4,1,2,0.2032,1.6002,57.81,0.2032,1.9812,47.69,3,2,10.12,1.9812,0.7112,0.2032,1.9812,3.175,3.556,3.556,2,3,3,300,1,1,2,1.7272,1.7272,2.3368,2.3368,47.69,57.81,2,3,3.556,3.175,-1,-10.12,-0.381,7.112,34.07405361,81.76405361,218.2359464,0,0,0.727453155,42.18222722,49.69,2.3368,2.3368,3.2512,3.2512,9.224331899,9.224331899,12.83385308,12.83385308,3.556,14.0370268,81.76405361,108.6190649,37.28251688,9.224331899,12.83385308,26.85501125,1
B00226,B00226_R2,226,Yellow_4,Orange_1,2,2,0.2032,1.6002,57.81,0.2032,1.9812,47.69,3,2,10.12,0.762,0.7112,1.6764,2.54,1.9558,2.3368,3.2512,3,3,3,300,1,2,2,1.7272,1.7272,3.2512,3.2512,47.69,57.81,2,3,2.3368,1.9558,-1,-10.12,-0.381,5.588,28.05818498,75.74818498,224.251815,6.01586863,0,0.74750605,53.68647101,49.69,3.2512,3.2512,2.3368,2.3368,12.83385308,12.83385308,9.224331899,9.224331899,2.3368,9.224331899,75.74818498,109.8222386,46.90790668,12.83385308,9.224331899,34.07405361,0
B00227,B00227_R1,227,Orange_3,Gate_3,1,2,0.2032,1.6002,50.31,1.6764,2.54,68.25,2,3,-17.94,2.286,2.54,0.2032,1.6002,3.0226,1.1176,3.0226,2,3,3,300,0,1,2,1.1938,1.1938,2.3368,2.3368,50.31,68.25,2,3,3.0226,1.1176,-1,-17.94,-1.905,6.0452,29.86294557,80.17294557,219.8270544,0,0,0.732756848,49.62614967,52.31,2.3368,2.3368,3.0226,3.0226,9.224331899,9.224331899,11.93147278,11.93147278,3.0226,11.93147278,80.17294557,104.6216094,33.6729957,9.224331899,11.93147278,24.4486638,1
B00227,B00227_R1,224,Orange_7,Gate_3,2,2,0.2032,1.6002,50.31,1.6764,2.54,68.25,2,3,-17.94,2.54,1.6002,0.2032,1.6002,2.3368,1.8034,2.3368,2,3,3,300,0,2,2,1.1938,1.1938,3.0226,3.0226,50.31,68.25,2,3,2.3368,1.8034,-1,-17.94,-0.5334,4.6736,24.4486638,74.7586638,225.2413362,5.414281767,0,0.750804454,64.19034577,52.31,3.0226,3.0226,2.3368,2.3368,11.93147278,11.93147278,9.224331899,9.224331899,2.3368,9.224331899,74.7586638,104.6216094,41.79441835,11.93147278,9.224331899,29.86294557,0
B00228,B00228_R2,228,Gate_1,Yellow_4,1,2,0.2032,1.6002,64.95,1.6764,2.54,53.78,3,2,11.16,0.2032,0.762,0.762,0.7112,1.3462,3.2512,1.1176,1,3,3,300,1,1,2,1.1176,1.1176,0,0,53.78,64.95,2,3,3.2512,1.3462,-1,-11.17,-1.905,4.3688,23.24549007,77.02549007,222.9745099,8.422216082,0,0.743248366,68.66874199,55.78,0,0,3.2512,3.2512,0,0,12.83385308,12.83385308,3.2512,12.83385308,77.02549007,108.6931962,31.66770615,0,12.83385308,31.66770615,1
B00228,B00228_R2,226,Yellow_4,Orange_1,2,2,0.2032,1.6002,64.95,1.6764,2.54,53.78,3,2,11.16,0.762,0.7112,1.6764,2.54,1.9558,3.2512,3.2512,3,3,3,300,1,2,2,1.1176,1.1176,3.2512,3.2512,53.78,64.95,2,3,3.2512,1.9558,-1,-11.17,-1.2954,6.5024,31.66770615,85.44770615,214.5522938,0,0,0.715174313,46.13681102,55.78,3.2512,3.2512,0,0,12.83385308,12.83385308,0,0,3.2512,12.83385308,85.44770615,95.85934315,36.07934315,12.83385308,0,10.411637,0
B00229,B00229_R1,224,Orange_7,Gate_3,1,2,0.2032,1.6002,48.15,1.6764,2.54,55.42,2,3,-7.27,2.54,1.6002,0.2032,1.6002,2.3368,1.8034,2.3368,2,3,3,300,0,1,2,3.175,3.175,1.9558,1.9558,48.15,55.42,2,3,2.3368,1.8034,-1,-7.27,-0.5334,4.6736,24.4486638,72.5986638,227.4013362,0,0,0.758004454,64.19034577,50.15,1.9558,1.9558,3.4798,3.4798,7.720364742,7.720364742,13.73623337,13.73623337,2.3368,9.224331899,72.5986638,94.03939328,24.64919275,7.720364742,13.73623337,21.44072948,1
B00229,B00229_R1,229,Yellow_2,Yellow_1,2,2,0.2032,1.6002,48.15,1.6764,2.54,55.42,2,3,-7.27,0.762,0.2032,0.4572,0.2032,1.9558,3.2512,0.8128,3,3,3,300,0,2,2,3.175,3.175,3.4798,3.4798,48.15,55.42,2,3,1.9558,3.2512,-1,-7.27,1.2954,2.7686,16.92882801,65.07882801,234.921172,7.519835787,0,0.783070573,108.3580149,50.15,3.4798,3.4798,1.9558,1.9558,13.73623337,13.73623337,7.720364742,7.720364742,1.9558,7.720364742,65.07882801,89.52749181,38.18489717,13.73623337,7.720364742,24.4486638,0
B00230,B00230_R2,226,Yellow_4,Orange_1,1,2,0.4572,0.2032,58.71,1.6764,2.54,38.62,3,2,20.09,0.762,0.7112,1.6764,2.54,0.8128,3.2512,3.2512,3,3,3,300,1,1,2,0.8128,0.8128,2.9464,2.9464,38.62,58.71,2,3,3.2512,0.8128,-1,-20.09,-2.4384,6.5024,31.66770615,70.28770615,229.7122938,0,0,0.765707646,46.13681102,40.62,2.9464,2.9464,2.3368,2.3368,11.63067935,11.63067935,9.224331899,9.224331899,3.2512,12.83385308,70.28770615,94.73636995,39.68886433,11.63067935,9.224331899,24.4486638,1
B00230,B00230_R2,230,Yellow_3,Gate_4,2,2,0.4572,0.2032,58.71,1.6764,2.54,38.62,3,2,20.09,1.0668,0.2032,0.2032,1.9812,1.1176,2.9464,2.6416,2,3,3,300,1,2,2,0.8128,0.8128,2.3368,2.3368,38.62,58.71,2,3,2.9464,1.1176,-1,-20.09,-1.8288,5.588,28.05818498,66.67818498,233.321815,3.609521178,0,0.777739383,53.68647101,40.62,2.3368,2.3368,2.9464,2.9464,9.224331899,9.224331899,11.63067935,11.63067935,2.9464,11.63067935,66.67818498,98.34589113,40.89203805,9.224331899,11.63067935,31.66770615,0
B00231,B00231_R1,231,Gate_1,Yellow_3,1,2,0.4572,0.2032,43.86,0.2032,1.9812,56.86,2,3,-13.01,0.2032,0.762,1.0668,0.2032,0.8128,1.7272,1.4224,1,3,3,300,0,1,2,1.1176,1.1176,0.8128,0.8128,43.86,56.86,2,3,0.8128,1.7272,-1,-13,0.9144,2.2352,14.82327399,58.68327399,241.316726,0,0,0.804389087,134.2161775,45.86,0.8128,0.8128,0.8128,0.8128,3.208463269,3.208463269,3.208463269,3.208463269,0.8128,3.208463269,58.68327399,71.10020053,15.62538981,3.208463269,3.208463269,12.41692654,1
B00231,B00231_R1,229,Yellow_2,Yellow_1,2,2,0.4572,0.2032,43.86,0.2032,1.9812,56.86,2,3,-13.01,0.762,0.2032,0.4572,0.2032,0.8128,2.3368,0.8128,3,3,3,300,0,2,2,1.1176,1.1176,0.8128,0.8128,43.86,56.86,2,3,0.8128,2.3368,-1,-13,1.524,1.6256,12.41692654,56.27692654,243.7230735,2.406347452,0,0.812410245,184.5472441,45.86,0.8128,0.8128,0.8128,0.8128,3.208463269,3.208463269,3.208463269,3.208463269,0.8128,3.208463269,56.27692654,71.10020053,18.03173726,3.208463269,3.208463269,14.82327399,0
B00232,B00232_R1,232,Gate_1,Yellow_2,1,3,0.4572,0.2032,43.97,0.2032,1.9812,49.37,3,2,-5.4,0.2032,0.762,0.762,0.2032,0.8128,1.7272,1.1176,1,3,3,300,0,1,3,0.5588,0,0.5588,0,43.97,49.37,3,2,0.8128,1.7272,1,-5.4,0.9144,1.9304,13.62010026,57.59010026,242.4098997,1.203173726,0,0.808032999,155.4082056,46.97,0,0.5588,0.8128,1.1176,0,2.205818498,3.208463269,4.411636995,0.8128,3.208463269,57.59010026,84.83030079,31.65183752,2.205818498,4.411636995,27.24020053,2
B00232,B00232_R1,229,Yellow_2,Yellow_1,2,3,0.4572,0.2032,43.97,0.2032,1.9812,49.37,3,2,-5.4,0.762,0.2032,0.4572,0.2032,0.8128,2.3368,0.8128,3,3,3,300,0,2,3,1.1176,1.1176,0.8128,0.8128,43.97,49.37,3,2,0.8128,2.3368,1,-5.4,1.524,1.6256,12.41692654,56.38692654,243.6130735,2.406347452,0,0.812043578,184.5472441,46.97,0.8128,0.8128,0,0.4064,3.208463269,3.208463269,0,1.604231635,0.8128,3.208463269,56.38692654,81.62183752,34.86030079,3.208463269,1.604231635,25.23491099,1
B00232,B00232_R1,231,Gate_1,Yellow_3,3,3,0.4572,0.2032,43.97,0.2032,1.9812,49.37,3,2,-5.4,0.2032,0.762,1.0668,0.2032,0.8128,1.7272,1.4224,1,3,3,300,0,3,3,0.5588,0,1.1176,0.8128,43.97,49.37,3,2,0.8128,1.7272,1,-5.4,0.9144,2.2352,14.82327399,58.79327399,241.206726,0,0,0.80402242,134.2161775,46.97,0.8128,1.1176,0.8128,0.9652,3.208463269,4.411636995,3.208463269,3.810050132,0.8128,3.208463269,58.79327399,84.83030079,34.86030079,4.411636995,3.810050132,26.0370268,0
B00233,B00233_R1,229,Yellow_2,Yellow_1,1,3,1.0668,0.2032,42.08,0.2032,1.9812,45.97,3,2,-3.89,0.762,0.2032,0.4572,0.2032,0.8128,2.3368,0.8128,3,3,3,300,0,1,3,1.1176,1.1176,0.8128,0.8128,42.08,45.97,3,2,0.8128,2.3368,1,-3.89,1.524,1.6256,12.41692654,54.49692654,245.5030735,10.82856353,0,0.818343578,184.5472441,45.08,0.8128,0.8128,0.8128,1.5748,3.208463269,3.208463269,3.208463269,6.216397584,0.8128,3.208463269,54.49692654,94.97203805,46.89203805,3.208463269,6.216397584,40.47511151,2
B00233,B00233_R1,231,Gate_1,Yellow_3,2,3,1.0668,0.2032,42.08,0.2032,1.9812,45.97,3,2,-3.89,0.2032,0.762,1.0668,0.2032,1.4224,1.7272,1.4224,1,3,3,300,0,2,3,0.5588,0,1.1176,0.8128,42.08,45.97,3,2,1.4224,1.7272,1,-3.89,0.3048,2.8448,17.22962144,59.30962144,240.6903786,6.01586863,0,0.802301262,105.4555681,45.08,0.8128,1.1176,0.8128,1.8796,3.208463269,4.411636995,3.208463269,7.41957131,1.4224,5.614810721,59.30962144,92.5656906,44.4856906,4.411636995,7.41957131,33.25606916,1
B00233,B00233_R1,233,Gate_1,Green_6,3,3,1.0668,0.2032,42.08,0.2032,1.9812,45.97,3,2,-3.89,0.2032,0.762,2.54,0.762,1.4224,1.7272,2.9464,1,3,3,300,0,3,3,0.5588,0,2.6416,2.3368,42.08,45.97,3,2,1.4224,1.7272,1,-3.89,0.3048,4.3688,23.24549007,65.32549007,234.6745099,0,0,0.782248366,68.66874199,45.08,2.3368,2.6416,0.8128,1.1176,9.224331899,10.42750563,3.208463269,4.411636995,1.4224,5.614810721,65.32549007,92.5656906,50.50155923,10.42750563,4.411636995,27.24020053,0
B00234,B00234_R2,234,Gate_1,Orange_5,1,1,2.54,0.762,56.93,0.2032,1.9812,30.38,4,1,26.55,0.2032,0.762,1.9812,2.032,2.9464,1.7272,3.556,1,3,3,300,1,1,1,0,0,0,0,30.38,56.93,1,4,1.7272,2.9464,-3,-26.55,1.2192,5.2832,26.85501125,57.23501125,242.7649887,0,0,0.809216629,56.78376741,31.38,0,0,0,0,0,0,0,0,1.7272,6.817984447,57.23501125,50.4170268,0,0,0,-6.817984447,0
B00235,B00235_R2,235,Yellow_2,Gate_3,1,2,2.54,0.762,49.44,1.9812,2.032,42.76,3,2,6.67,0.762,0.2032,0.2032,1.6002,2.3368,3.556,1.9558,2,3,3,300,1,1,2,1.1176,1.1176,1.3462,1.3462,42.76,49.44,2,3,3.556,2.3368,-1,-6.68,-1.2192,5.5118,27.75739154,70.51739154,229.4826085,6.316662061,0,0.764942028,54.42868029,44.76,1.3462,1.3462,3.556,3.556,5.31401729,5.31401729,14.0370268,14.0370268,3.556,14.0370268,70.51739154,104.5914452,39.3880709,5.31401729,14.0370268,34.07405361,1
B00235,B00235_R2,234,Gate_1,Orange_5,2,2,2.54,0.762,49.44,1.9812,2.032,42.76,3,2,6.67,0.2032,0.762,1.9812,2.032,2.9464,3.556,3.556,1,3,3,300,1,2,2,1.1176,1.1176,3.556,3.556,42.76,49.44,2,3,3.556,2.9464,-1,-6.68,-0.6096,7.112,34.07405361,76.83405361,223.1659464,0,0,0.743886488,42.18222722,44.76,3.556,3.556,1.3462,1.3462,14.0370268,14.0370268,5.31401729,5.31401729,3.556,14.0370268,76.83405361,95.86843564,41.79441835,14.0370268,5.31401729,19.03438203,0
B00236,B00236_R2,234,Gate_1,Orange_5,1,2,2.54,0.762,46.04,1.9812,2.032,51.02,3,2,-4.98,0.2032,0.762,1.9812,2.032,2.9464,3.556,3.556,1,3,3,300,1,1,2,3.556,3.556,0,0,51.02,46.04,2,3,3.556,2.9464,-1,4.98,-0.6096,7.112,34.07405361,85.09405361,214.9059464,0,0,0.716353155,42.18222722,53.02,0,0,1.7272,1.7272,0,0,6.817984447,6.817984447,3.556,14.0370268,85.09405361,93.09934315,15.2243319,0,6.817984447,8.005289543,1
B00236,B00236_R2,236,Orange_5,Gate_4,2,2,2.54,0.762,46.04,1.9812,2.032,51.02,3,2,-4.98,1.9812,2.032,0.2032,1.9812,2.3368,0,2.3368,2,3,3,300,1,2,2,3.556,3.556,1.7272,1.7272,51.02,46.04,2,3,0,2.3368,-1,4.98,2.3368,2.3368,15.2243319,66.2443319,233.7556681,18.84972171,0,0.77918556,128.3806915,53.02,1.7272,1.7272,0,0,6.817984447,6.817984447,0,0,0,0,66.2443319,100.3183855,40.89203805,6.817984447,0,34.07405361,0
B00237,B00237_R1,237,Gate_1,Yellow_5,1,2,2.54,0.762,39.67,0.2032,1.9812,54.18,2,3,-14.51,0.2032,0.762,1.0668,0.7112,2.9464,1.7272,1.4224,1,3,3,300,0,1,2,0,0,1.4224,1.4224,39.67,54.18,2,3,2.9464,1.7272,-1,-14.51,-1.2192,4.3688,23.24549007,62.91549007,237.0845099,6.01586863,0,0.7902817,68.66874199,41.67,1.4224,1.4224,2.9464,2.9464,5.614810721,5.614810721,11.63067935,11.63067935,2.9464,11.63067935,62.91549007,92.17684877,34.87616942,5.614810721,11.63067935,29.2613587,1
B00237,B00237_R1,233,Gate_1,Green_6,2,2,2.54,0.762,39.67,0.2032,1.9812,54.18,2,3,-14.51,0.2032,0.762,2.54,0.762,2.9464,1.7272,2.9464,1,3,3,300,0,2,2,0,0,2.9464,2.9464,39.67,54.18,2,3,2.9464,1.7272,-1,-14.51,-1.2192,5.8928,29.2613587,68.9313587,231.0686413,0,0,0.770228804,50.90958458,41.67,2.9464,2.9464,1.4224,1.4224,11.63067935,11.63067935,5.614810721,5.614810721,2.9464,11.63067935,68.9313587,86.16098014,34.87616942,11.63067935,5.614810721,17.22962144,0
B00238,B00238_R2,234,Gate_1,Orange_5,1,3,2.54,0.762,50.53,0.2032,1.9812,40.58,3,2,9.95,0.2032,0.762,1.9812,2.032,2.9464,1.7272,3.556,1,3,3,300,1,1,3,2.2225,0.889,1.5875,0,40.58,50.53,2,3,1.7272,2.9464,-1,-9.95,1.2192,5.2832,26.85501125,67.43501125,232.5649887,0,0,0.775216629,56.78376741,42.58,0,1.5875,1.7272,2.4892,0,6.266529823,6.817984447,9.825918762,1.7272,6.817984447,67.43501125,114.5275783,59.62562665,6.266529823,9.825918762,47.09256701,2
B00238,B00238_R2,236,Orange_5,Gate_4,2,3,2.54,0.762,50.53,0.2032,1.9812,40.58,3,2,9.95,1.9812,2.032,0.2032,1.9812,2.3368,2.3368,2.3368,2,3,3,300,1,2,3,3.3655,3.175,1.5367,1.3462,40.58,50.53,2,3,2.3368,2.3368,-1,-9.95,0,4.6736,24.4486638,65.0286638,234.9713362,2.406347452,0,0.783237787,64.19034577,42.58,1.3462,1.5367,0,0.4064,5.31401729,6.066000868,0,1.604231635,2.3368,9.224331899,65.0286638,105.3032464,61.6309162,6.066000868,1.604231635,40.27458256,1
B00238,B00238_R2,238,Gate_2,Orange_4,3,3,2.54,0.762,50.53,0.2032,1.9812,40.58,3,2,9.95,0.2032,1.143,1.6764,2.032,2.7178,1.3462,2.8702,1,3,3,300,1,3,3,2.032,0.889,2.032,0.8128,40.58,50.53,2,3,1.3462,2.7178,-1,-9.95,1.3716,4.2164,22.64390321,63.22390321,236.7760968,4.211108041,0,0.789253656,71.15074471,42.58,0.8128,2.032,1.3462,2.2606,3.208463269,8.021158173,5.31401729,8.923538468,1.3462,5.31401729,63.22390321,114.5275783,67.34599139,8.021158173,8.923538468,51.30367505,0
B00239,B00239_R1,233,Gate_1,Green_6,1,2,2.54,0.762,41.92,1.6764,2.032,57.79,2,3,-15.87,0.2032,0.762,2.54,0.762,2.9464,3.2512,2.9464,1,3,3,300,0,1,2,3.556,3.556,1.7272,1.7272,41.92,57.79,2,3,2.9464,3.2512,-1,-15.87,0.3048,5.8928,29.2613587,71.1813587,228.8186413,0,0,0.762728804,50.90958458,43.92,1.7272,1.7272,1.3462,1.3462,6.817984447,6.817984447,5.31401729,5.31401729,2.9464,11.63067935,71.1813587,88.41098014,30.36426795,6.817984447,5.31401729,17.22962144,1
B00239,B00239_R1,239,Orange_6,Gate_3,2,2,2.54,0.762,41.92,1.6764,2.032,57.79,2,3,-15.87,2.54,1.9812,0.2032,1.6002,1.7272,1.4224,2.7178,2,3,3,300,0,2,2,3.556,3.556,1.3462,1.3462,41.92,57.79,2,3,1.7272,1.4224,-1,-15.87,-0.3048,4.445,23.5462835,65.4662835,234.5337165,5.715075198,0,0.781779055,67.49156355,43.92,1.3462,1.3462,1.7272,1.7272,5.31401729,5.31401729,6.817984447,6.817984447,1.7272,6.817984447,65.4662835,94.72764221,34.57537599,5.31401729,6.817984447,29.2613587,0
B00240,B00240_R2,236,Orange_5,Gate_4,1,3,0.2032,1.6002,56.85,1.6764,2.032,41.87,3,3,14.98,1.9812,2.032,0.2032,1.9812,2.7178,0.8128,2.3368,2,3,3,300,1,1,3,3.3655,3.175,1.5367,1.3462,41.87,56.85,3,3,0.8128,2.7178,0,-14.98,1.905,3.1496,18.43279517,60.30279517,239.6972048,13.23491099,0,0.798990683,95.2501905,44.87,1.3462,1.5367,0.8128,0.8128,5.31401729,6.066000868,3.208463269,3.208463269,0.8128,3.208463269,60.30279517,120.6302732,72.45947973,6.066000868,3.208463269,60.32747799,2
B00240,B00240_R2,238,Gate_2,Orange_4,2,3,0.2032,1.6002,56.85,1.6764,2.032,41.87,3,3,14.98,0.2032,1.143,1.6764,2.032,0.9652,2.8702,2.8702,1,3,3,300,1,2,3,2.032,0.889,2.032,0.8128,41.87,56.85,3,3,2.8702,0.9652,0,-14.98,-1.905,5.7404,28.65977184,70.52977184,229.4702282,3.007934315,0,0.764900761,52.26116647,44.87,0.8128,2.032,1.3462,2.1082,3.208463269,8.021158173,5.31401729,8.321951605,2.8702,11.32988592,70.52977184,114.6144045,66.14281767,8.021158173,8.321951605,44.08463269,1
B00240,B00240_R2,240,Gate_1,Orange_4,3,3,0.2032,1.6002,56.85,1.6764,2.032,41.87,3,3,14.98,0.2032,0.762,1.6764,2.032,1.3462,3.2512,3.2512,1,3,3,300,1,3,3,2.2225,0.889,1.8415,0.8128,41.87,56.85,3,3,3.2512,1.3462,0,-14.98,-1.905,6.5024,31.66770615,73.53770615,226.4622938,0,0,0.754874313,46.13681102,44.87,0.8128,1.8415,1.7272,2.4892,3.208463269,7.269174594,6.817984447,9.825918762,3.2512,12.83385308,73.53770615,114.6144045,61.6309162,7.269174594,9.825918762,41.07669838,0
B00241,B00241_R1,239,Orange_6,Gate_3,1,2,0.2032,1.6002,48.23,1.6764,2.032,69.26,2,3,-21.02,2.54,1.9812,0.2032,1.6002,2.7178,1.4224,2.7178,2,3,3,300,0,1,2,3.556,3.556,1.3462,1.3462,48.23,69.26,2,3,2.7178,1.4224,-1,-21.03,-1.2954,5.4356,27.45659811,75.68659811,224.3134019,0,0,0.74771134,55.19169917,50.23,1.3462,1.3462,0.889,0.889,5.31401729,5.31401729,3.509256701,3.509256701,2.7178,10.72829906,75.68659811,92.31463269,29.16109422,5.31401729,3.509256701,16.62803458,1
B00241,B00241_R1,241,Gate_1,Orange_7,2,2,0.2032,1.6002,48.23,1.6764,2.032,69.26,2,3,-21.02,0.2032,0.762,2.54,1.6002,1.3462,3.2512,3.175,1,3,3,300,0,2,2,3.556,3.556,0.889,0.889,48.23,69.26,2,3,1.3462,3.2512,-1,-21.03,1.905,4.5212,23.84707694,72.07707694,227.9229231,3.609521178,0,0.759743077,66.35406529,50.23,0.889,0.889,1.3462,1.3462,3.509256701,3.509256701,5.31401729,5.31401729,1.3462,5.31401729,72.07707694,99.53367505,30.96585481,3.509256701,5.31401729,27.45659811,0
B00242,B00242_R2,238,Gate_2,Orange_4,1,3,2.54,1.6002,63.46,1.6764,2.032,54.31,3,2,9.15,0.2032,1.143,1.6764,2.032,2.794,2.8702,2.8702,1,3,3,300,1,1,3,1.6129,0.889,2.7559,2.2606,54.31,63.46,2,3,2.8702,2.794,-1,-9.15,-0.0762,5.7404,28.65977184,82.96977184,217.0302282,3.007934315,0,0.723434094,52.26116647,56.31,2.2606,2.7559,2.794,2.8321,8.923538468,10.87869577,11.02909249,11.1794892,2.8702,11.32988592,82.96977184,133.0702732,72.1586863,10.87869577,11.1794892,50.10050132,2
B00242,B00242_R2,242,Green_7,Orange_7,2,3,2.54,1.6002,63.46,1.6764,2.032,54.31,3,2,9.15,2.54,1.143,2.54,1.6002,0.9652,2.2606,0.9652,3,3,3,300,1,2,3,2.5273,2.3368,2.9845,2.794,54.31,63.46,2,3,2.2606,0.9652,-1,-9.15,-1.2954,3.2258,18.7335886,73.0435886,226.9564114,12.93411755,0,0.756521371,93.000186,56.31,2.794,2.9845,2.2606,2.2606,11.02909249,11.78107607,8.923538468,8.923538468,2.2606,8.923538468,73.0435886,133.3710666,83.88963013,11.78107607,8.923538468,60.32747799,1
B00242,B00242_R2,240,Gate_1,Orange_4,3,3,2.54,1.6002,63.46,1.6764,2.032,54.31,3,2,9.15,0.2032,0.762,1.6764,2.032,3.175,3.2512,3.2512,1,3,3,300,1,3,3,1.8034,0.889,2.5654,2.2606,54.31,63.46,2,3,3.2512,3.175,-1,-9.15,-0.0762,6.5024,31.66770615,85.97770615,214.0222938,0,0,0.713407646,46.13681102,56.31,2.2606,2.5654,3.175,3.2131,8.923538468,10.12671219,12.53305965,12.68345636,3.2512,12.83385308,85.97770615,133.0702732,67.64678483,10.12671219,12.68345636,47.09256701,0
B00243,B00243_R1,241,Gate_1,Orange_7,1,2,2.54,1.6002,49.23,1.6764,2.032,67.31,2,3,-18.08,0.2032,0.762,2.54,1.6002,3.175,3.2512,3.175,1,3,3,300,0,1,2,2.6416,2.6416,1.651,1.651,49.23,67.31,2,3,3.175,3.2512,-1,-18.08,0.0762,6.35,31.06611929,80.29611929,219.7038807,0,0,0.732346269,47.24409449,51.23,1.651,1.651,1.7272,1.7272,6.517191016,6.517191016,6.817984447,6.817984447,3.175,12.53305965,80.29611929,102.3384356,34.27458256,6.517191016,6.817984447,22.04231635,1
B00243,B00243_R1,243,Green_3,Gate_4,2,2,2.54,1.6002,49.23,1.6764,2.032,67.31,2,3,-18.08,2.286,0.2032,0.2032,1.9812,1.651,2.9464,3.8608,2,3,3,300,0,2,2,2.6416,2.6416,1.7272,1.7272,49.23,67.31,2,3,1.651,2.9464,-1,-18.08,1.2954,5.5118,27.75739154,76.98739154,223.0126085,3.308727746,0,0.743375362,54.42868029,51.23,1.7272,1.7272,1.651,1.651,6.817984447,6.817984447,6.517191016,6.517191016,1.651,6.517191016,76.98739154,108.0535108,37.88410374,6.817984447,6.517191016,31.06611929,0
B00244,B00244_R2,242,Green_7,Orange_7,1,3,0.2032,1.9812,67.17,1.6764,2.032,50.1,3,2,17.07,2.54,1.143,2.54,1.6002,3.175,2.2606,0.9652,3,3,3,300,1,1,3,2.7178,2.7178,3.175,3.175,50.1,67.17,2,3,2.2606,3.175,-1,-17.07,0.9144,3.2258,18.7335886,68.8335886,231.1664114,12.93411755,0,0.770554705,93.000186,52.1,3.175,3.175,2.2606,2.7178,12.53305965,12.53305965,8.923538468,10.72829906,2.2606,8.923538468,68.8335886,128.5594797,84.79201042,12.53305965,10.72829906,59.72589113,2
B00244,B00244_R2,244,Gate_1,Purple_4,2,3,0.2032,1.9812,67.17,1.6764,2.032,50.1,3,2,17.07,0.2032,0.762,0.762,2.032,1.7272,3.2512,2.3368,1,3,3,300,1,2,3,1.3589,0,2.7559,2.3368,50.1,67.17,2,3,3.2512,1.7272,-1,-17.07,-1.524,5.588,28.05818498,78.15818498,221.841815,3.609521178,0,0.739472717,53.68647101,52.1,2.3368,2.7559,3.175,3.2131,9.224331899,10.87869577,12.53305965,12.68345636,3.2512,12.83385308,78.15818498,128.2586863,72.1586863,10.87869577,12.68345636,50.10050132,1
B00244,B00244_R2,240,Gate_1,Orange_4,3,3,0.2032,1.9812,67.17,1.6764,2.032,50.1,3,2,17.07,0.2032,0.762,1.6764,2.032,1.7272,3.2512,3.2512,1,3,3,300,1,3,3,1.3589,0,2.7559,2.2606,50.1,67.17,2,3,3.2512,1.7272,-1,-17.07,-1.524,6.5024,31.66770615,81.76770615,218.2322938,0,0,0.727440979,46.13681102,52.1,2.2606,2.7559,2.3368,2.7559,8.923538468,10.87869577,9.224331899,10.87869577,3.2512,12.83385308,81.76770615,124.9499586,68.54916512,10.87869577,10.87869577,43.1822524,0
B00245,B00245_R1,243,Green_3,Gate_4,1,2,0.2032,1.9812,53.44,1.6764,2.032,66.63,2,3,-13.18,2.286,0.2032,0.2032,1.9812,3.8608,2.9464,3.8608,2,3,3,300,0,1,2,2.6416,2.6416,1.7272,1.7272,53.44,66.63,2,3,3.8608,2.9464,-1,-13.19,-0.9144,7.7216,36.48040106,89.92040106,210.0795989,0,0,0.70026533,38.85205139,55.44,1.7272,1.7272,3.8608,3.8608,6.817984447,6.817984447,15.24020053,15.24020053,3.8608,15.24020053,89.92040106,111.9627174,28.86030079,6.817984447,15.24020053,22.04231635,1
B00245,B00245_R1,245,Gate_1,Purple_4,2,2,0.2032,1.9812,53.44,1.6764,2.032,66.63,2,3,-13.18,0.2032,0.762,0.762,2.032,1.7272,3.2512,2.3368,1,3,3,300,0,2,2,2.6416,2.6416,3.8608,3.8608,53.44,66.63,2,3,1.7272,3.2512,-1,-13.19,1.524,4.064,22.04231635,75.48231635,224.5176837,14.43808471,0,0.748392279,73.81889764,55.44,3.8608,3.8608,1.7272,1.7272,15.24020053,15.24020053,6.817984447,6.817984447,1.7272,6.817984447,75.48231635,111.9627174,51.72060159,15.24020053,6.817984447,36.48040106,0
B00246,B00246_R2,246,Green_5,Gate_3,1,3,0.762,2.032,67.09,1.6764,2.032,55.82,3,2,11.28,1.9812,0.7112,0.2032,1.6002,3.556,3.2512,3.175,2,3,3,300,1,1,3,2.3368,2.3368,1.3462,1.3462,55.82,67.09,2,3,3.2512,3.556,-1,-11.27,0.3048,6.4262,31.36691272,87.18691272,212.8130873,0.300793431,0,0.709376958,46.68388783,57.82,1.3462,1.3462,3.2512,3.4036,5.31401729,5.31401729,12.83385308,13.43543994,3.2512,12.83385308,87.18691272,146.9128039,70.35392571,5.31401729,13.43543994,59.72589113,2
B00246,B00246_R2,244,Gate_1,Purple_4,2,3,0.762,2.032,67.09,1.6764,2.032,55.82,3,2,11.28,0.2032,0.762,0.762,2.032,2.3368,3.2512,2.3368,1,3,3,300,1,2,3,1.1684,0,2.9464,2.3368,55.82,67.09,2,3,3.2512,2.3368,-1,-11.27,-0.9144,5.588,28.05818498,83.87818498,216.121815,3.609521178,0,0.72040605,53.68647101,57.82,2.3368,2.9464,1.3462,2.2987,9.224331899,11.63067935,5.31401729,9.073935183,3.2512,12.83385308,83.87818498,139.3929681,86.29597758,11.63067935,9.073935183,55.51478309,1
B00246,B00246_R2,240,Gate_1,Orange_4,3,3,0.762,2.032,67.09,1.6764,2.032,55.82,3,2,11.28,0.2032,0.762,1.6764,2.032,2.3368,3.2512,3.2512,1,3,3,300,1,3,3,1.1684,0,3.2512,3.2512,55.82,67.09,2,3,3.2512,2.3368,-1,-11.27,-0.9144,6.5024,31.66770615,87.48770615,212.5122938,0,0,0.708374313,46.13681102,57.82,3.2512,3.2512,1.3462,1.8415,12.83385308,12.83385308,5.31401729,7.269174594,3.2512,12.83385308,87.48770615,139.3929681,85.09280385,12.83385308,7.269174594,51.90526191,0
B00247,B00247_R1,247,Green_7,Gate_4,1,2,0.762,2.032,51.64,1.6764,2.032,67.13,2,3,-15.49,2.54,1.143,0.2032,1.9812,3.175,2.2606,3.175,2,3,3,300,0,1,2,2.7178,2.7178,1.7272,1.7272,51.64,67.13,2,3,3.175,2.2606,-1,-15.49,-0.9144,6.35,31.06611929,82.70611929,217.2938807,0,0,0.724312936,47.24409449,53.64,1.7272,1.7272,3.175,3.175,6.817984447,6.817984447,12.53305965,12.53305965,3.175,12.53305965,82.70611929,107.1547831,31.26664825,6.817984447,12.53305965,24.4486638,1
B00247,B00247_R1,245,Gate_1,Purple_4,2,2,0.762,2.032,51.64,1.6764,2.032,67.13,2,3,-15.49,0.2032,0.762,0.762,2.032,2.3368,3.2512,2.3368,1,3,3,300,0,2,2,2.7178,2.7178,3.175,3.175,51.64,67.13,2,3,2.3368,3.2512,-1,-15.49,0.9144,4.6736,24.4486638,76.0886638,223.9113362,6.617455493,0,0.746371121,64.19034577,53.64,3.175,3.175,1.7272,1.7272,12.53305965,12.53305965,6.817984447,6.817984447,2.3368,9.224331899,76.0886638,104.7484356,43.59917894,12.53305965,6.817984447,28.65977184,0
B00248,B00248_R2,240,Gate_1,Orange_4,1,3,0.762,2.032,73.19,1.6764,2.032,56.21,3,3,16.98,0.2032,0.762,1.6764,2.032,2.3368,3.2512,3.2512,1,3,3,300,1,1,3,1.3208,0,3.0988,2.9464,56.21,73.19,3,3,3.2512,2.3368,0,-16.98,-0.9144,6.5024,31.66770615,87.87770615,212.1222938,0,0,0.707074313,46.13681102,59.21,2.9464,3.0988,1.3462,1.8415,11.63067935,12.23226621,5.31401729,7.269174594,3.2512,12.83385308,87.87770615,139.7829681,83.88963013,12.23226621,7.269174594,51.90526191,2
B00248,B00248_R2,248,Green_3,Gate_3,2,3,0.762,2.032,73.19,1.6764,2.032,56.21,3,3,16.98,2.286,0.2032,0.2032,1.6002,3.8608,2.9464,3.4798,2,3,3,300,1,2,3,2.6416,2.6416,1.3462,1.3462,56.21,73.19,3,3,2.9464,3.8608,0,-16.98,0.9144,6.4262,31.36691272,87.57691272,212.4230873,0.300793431,0,0.708076958,46.68388783,59.21,1.3462,1.3462,2.9464,3.4036,5.31401729,5.31401729,11.63067935,13.43543994,2.9464,11.63067935,87.57691272,147.3028039,70.35392571,5.31401729,13.43543994,59.72589113,1
B00248,B00248_R2,244,Gate_1,Purple_4,3,3,0.762,2.032,73.19,1.6764,2.032,56.21,3,3,16.98,0.2032,0.762,0.762,2.032,2.3368,3.2512,2.3368,1,3,3,300,1,3,3,1.3208,0,3.0988,2.3368,56.21,73.19,3,3,3.2512,2.3368,0,-16.98,-0.9144,5.588,28.05818498,84.26818498,215.731815,3.609521178,0,0.71910605,53.68647101,59.21,2.3368,3.0988,1.3462,2.2987,9.224331899,12.23226621,5.31401729,9.073935183,3.2512,12.83385308,84.26818498,139.7829681,87.4991513,12.23226621,9.073935183,55.51478309,0
B00249,B00249_R1,245,Gate_1,Purple_4,1,2,0.762,2.032,55.19,0.762,2.032,71.74,2,3,-16.55,0.2032,0.762,0.762,2.032,2.3368,2.3368,2.3368,1,3,3,300,0,1,2,0,0,2.3368,2.3368,55.19,71.74,2,3,2.3368,2.3368,-1,-16.55,0,4.6736,24.4486638,79.6386638,220.3613362,4.812694904,0,0.734537787,64.19034577,57.19,2.3368,2.3368,3.556,3.556,9.224331899,9.224331899,14.0370268,14.0370268,2.3368,9.224331899,79.6386638,113.7127174,38.4856906,9.224331899,14.0370268,34.07405361,1
B00249,B00249_R1,249,Gate_1,Orange_2,2,2,0.762,2.032,55.19,0.762,2.032,71.74,2,3,-16.55,0.2032,0.762,1.9812,2.54,2.3368,2.3368,3.556,1,3,3,300,0,2,2,0,0,3.556,3.556,55.19,71.74,2,3,2.3368,2.3368,-1,-16.55,0,5.8928,29.2613587,84.4513587,215.5486413,0,0,0.718495471,50.90958458,57.19,3.556,3.556,2.3368,2.3368,14.0370268,14.0370268,9.224331899,9.224331899,2.3368,9.224331899,84.4513587,108.9000225,38.4856906,14.0370268,9.224331899,24.4486638,0
B00250,B00250_R2,250,Orange_6,Yellow_4,1,3,1.9812,2.54,69,0.762,2.032,59.82,3,3,9.18,2.54,1.9812,0.762,0.7112,1.1176,2.3368,3.556,3,3,3,300,1,1,3,2.794,2.032,1.5748,1.1176,59.82,69,3,3,2.3368,1.1176,0,-9.18,-1.2192,5.8928,29.2613587,89.0813587,210.9186413,5.715075198,0,0.703062138,50.90958458,62.82,1.1176,1.5748,2.3368,2.5273,4.411636995,6.216397584,9.224331899,9.976315478,2.3368,9.224331899,89.0813587,148.5064564,71.85789287,6.216397584,9.976315478,59.4250977,2
B00250,B00250_R2,248,Green_3,Gate_3,2,3,1.9812,2.54,69,0.762,2.032,59.82,3,3,9.18,2.286,0.2032,0.2032,1.6002,2.6416,3.8608,3.4798,2,3,3,300,1,2,3,2.3368,2.032,2.032,1.3462,59.82,69,3,3,3.8608,2.6416,0,-9.18,-1.2192,7.3406,34.9764339,94.7964339,205.2035661,0,0,0.684011887,40.86859385,62.82,1.3462,2.032,2.032,2.9464,5.31401729,8.021158173,8.021158173,11.63067935,3.8608,15.24020053,94.7964339,141.287414,69.75233885,8.021158173,11.63067935,46.49098014,1
B00250,B00250_R2,244,Gate_1,Purple_4,3,3,1.9812,2.54,69,0.762,2.032,59.82,3,3,9.18,0.2032,0.762,0.762,2.032,3.556,2.3368,2.3368,1,3,3,300,1,3,3,3.0988,2.6416,3.0988,2.3368,59.82,69,3,3,2.3368,3.556,0,-9.18,1.2192,4.6736,24.4486638,84.2686638,215.7313362,10.5277701,0,0.719104454,64.19034577,62.82,2.3368,3.0988,1.1176,1.2319,9.224331899,12.23226621,4.411636995,4.862827142,2.3368,9.224331899,84.2686638,143.6937615,88.70232503,12.23226621,4.862827142,59.4250977,0
B00251,B00251_R1,251,Gate_2,Yellow_4,1,2,1.9812,2.54,53.54,0.762,2.032,71.74,2,3,-18.2,0.2032,1.143,0.762,0.7112,3.175,1.9558,1.4986,1,3,3,300,0,1,2,0.889,0.889,1.1176,1.1176,53.54,71.74,2,3,3.175,1.9558,-1,-18.2,-1.2192,4.6736,24.4486638,77.9886638,222.0113362,9.625389808,0,0.740037787,64.19034577,55.54,1.1176,1.1176,3.175,3.175,4.411636995,4.411636995,12.53305965,12.53305965,3.175,12.53305965,77.9886638,112.0627174,38.4856906,4.411636995,12.53305965,34.07405361,1
B00251,B00251_R1,249,Gate_1,Orange_2,2,2,1.9812,2.54,53.54,0.762,2.032,71.74,2,3,-18.2,0.2032,0.762,1.9812,2.54,3.556,2.3368,3.556,1,3,3,300,0,2,2,0.889,0.889,3.175,3.175,53.54,71.74,2,3,3.556,2.3368,-1,-18.2,-1.2192,7.112,34.07405361,87.61405361,212.3859464,0,0,0.707953155,42.18222722,55.54,3.175,3.175,1.1176,1.1176,12.53305965,12.53305965,4.411636995,4.411636995,3.556,14.0370268,87.61405361,102.4373276,36.98172344,12.53305965,4.411636995,14.82327399,0
B00252,B00252_R1,251,Gate_2,Yellow_4,1,3,1.9812,2.54,58.55,0.762,2.032,62.83,3,3,-4.28,0.2032,1.143,0.762,0.7112,3.175,1.9558,1.4986,1,3,3,300,0,1,3,2.032,0.889,2.3368,1.1176,58.55,62.83,3,3,3.175,1.9558,0,-4.28,-1.2192,4.6736,24.4486638,82.9986638,217.0013362,9.625389808,0,0.723337787,64.19034577,61.55,1.1176,2.3368,2.7178,2.9464,4.411636995,9.224331899,10.72829906,11.63067935,3.175,12.53305965,82.9986638,132.8986362,70.15339676,9.224331899,11.63067935,49.89997237,2
B00252,B00252_R1,249,Gate_1,Orange_2,2,3,1.9812,2.54,58.55,0.762,2.032,62.83,3,3,-4.28,0.2032,0.762,1.9812,2.54,3.556,2.3368,3.556,1,3,3,300,0,2,3,2.2225,0.889,1.5875,0,58.55,62.83,3,3,3.556,2.3368,0,-4.28,-1.2192,7.112,34.07405361,92.62405361,207.3759464,0,0,0.691253155,42.18222722,61.55,0,1.5875,1.1176,1.7272,0,6.266529823,4.411636995,6.817984447,3.556,14.0370268,92.62405361,125.0780069,54.61240279,6.266529823,6.817984447,32.45395334,1
B00252,B00252_R1,252,Orange_2,Green_2,3,3,1.9812,2.54,58.55,0.762,2.032,62.83,3,3,-4.28,1.9812,2.54,1.9812,0.2032,0,1.7272,2.9464,3,3,3,300,0,3,3,3.3655,3.175,2.5273,2.3368,58.55,62.83,3,3,0,1.7272,0,-4.28,1.7272,2.9464,17.63067935,76.18067935,223.8193206,16.44337425,0,0.746064402,101.8191692,61.55,2.3368,2.5273,0,1.778,9.224331899,9.976315478,0,7.018513401,0,0,76.18067935,134.7033968,78.47534836,9.976315478,7.018513401,58.5227174,0
B00253,B00253_R2,244,Gate_1,Purple_4,1,2,1.9812,0.2032,64.12,0.762,2.032,48.38,3,2,15.74,0.2032,0.762,0.762,2.032,2.3368,2.3368,2.3368,1,3,3,300,1,1,2,2.6416,2.6416,0.8128,0.8128,48.38,64.12,2,3,2.3368,2.3368,-1,-15.74,0,4.6736,24.4486638,72.8286638,227.1713362,0,0,0.757237787,64.19034577,50.38,0.8128,0.8128,1.7272,1.7272,3.208463269,3.208463269,6.817984447,6.817984447,2.3368,9.224331899,72.8286638,85.24559034,18.03173726,3.208463269,6.817984447,12.41692654,1
B00253,B00253_R2,253,Purple_3,Gate_4,2,2,1.9812,0.2032,64.12,0.762,2.032,48.38,3,2,15.74,1.0668,2.54,0.2032,1.9812,3.2512,0.8128,1.4224,2,3,3,300,1,2,2,2.6416,2.6416,1.7272,1.7272,48.38,64.12,2,3,0.8128,3.2512,-1,-15.74,2.4384,2.2352,14.82327399,63.20327399,236.796726,9.625389808,0,0.78932242,134.2161775,50.38,1.7272,1.7272,0.8128,0.8128,6.817984447,6.817984447,3.208463269,3.208463269,0.8128,3.208463269,63.20327399,87.65193779,31.26664825,6.817984447,3.208463269,24.4486638,0
B00254,B00254_R2,244,Gate_1,Purple_4,1,3,1.9812,0.2032,53.47,0.2032,1.9812,52.34,3,3,1.14,0.2032,0.762,0.762,2.032,2.3368,1.7272,2.3368,1,3,3,300,1,1,3,2.6416,2.6416,0.8128,0.8128,52.34,53.47,3,3,1.7272,2.3368,0,-1.13,0.6096,4.064,22.04231635,74.38231635,225.6176837,0,0,0.752058946,73.81889764,55.34,0.8128,0.8128,1.7272,2.032,3.208463269,3.208463269,6.817984447,8.021158173,1.7272,6.817984447,74.38231635,106.4352118,38.46982197,3.208463269,8.021158173,32.05289543,2
B00254,B00254_R2,254,Purple_5,Purple_4,2,3,1.9812,0.2032,53.47,0.2032,1.9812,52.34,3,3,1.14,1.0668,2.032,0.762,2.032,3.2512,1.4224,0.8128,3,3,3,300,1,2,3,1.5748,0.508,1.5748,0.8128,52.34,53.47,3,3,1.4224,3.2512,0,-1.13,1.8288,2.2352,14.82327399,67.16327399,232.836726,7.219042356,0,0.77612242,134.2161775,55.34,0.8128,1.5748,0.8128,1.1176,3.208463269,6.216397584,3.208463269,4.411636995,1.4224,5.614810721,67.16327399,104.0288643,51.70473296,6.216397584,4.411636995,36.86559034,1
B00254,B00254_R2,253,Purple_3,Gate_4,3,3,1.9812,0.2032,53.47,0.2032,1.9812,52.34,3,3,1.14,1.0668,2.54,0.2032,1.9812,3.2512,1.4224,1.4224,2,3,3,300,1,3,3,1.5748,0.508,1.5748,1.4224,52.34,53.47,3,3,1.4224,3.2512,0,-1.13,1.8288,2.8448,17.22962144,69.56962144,230.4303786,4.812694904,0,0.768101262,105.4555681,55.34,1.4224,1.5748,0.8128,0.8128,5.614810721,6.216397584,3.208463269,3.208463269,1.4224,5.614810721,69.56962144,104.0288643,49.29838551,6.216397584,3.208463269,34.45924288,0
B00255,B00255_R1,252,Orange_2,Green_2,1,2,1.9812,0.2032,44.56,0.2032,1.9812,48.18,2,3,-3.62,1.9812,2.54,1.9812,0.2032,2.9464,2.3368,2.9464,3,3,3,300,0,1,2,1.9558,1.9558,1.4986,1.4986,44.56,48.18,2,3,2.9464,2.3368,-1,-3.62,-0.6096,5.8928,29.2613587,73.8213587,226.1786413,0,0,0.753928804,50.90958458,46.56,1.4986,1.4986,2.3368,2.3368,5.915604153,5.915604153,9.224331899,9.224331899,2.9464,11.63067935,73.8213587,95.86367505,30.36426795,5.915604153,9.224331899,22.04231635,1
B00255,B00255_R1,255,Green_7,Gate_4,2,2,1.9812,0.2032,44.56,0.2032,1.9812,48.18,2,3,-3.62,2.54,1.143,0.2032,1.9812,1.4986,3.175,3.175,2,3,3,300,0,2,2,1.9558,1.9558,2.3368,2.3368,44.56,48.18,2,3,1.4986,3.175,-1,-3.62,1.6764,4.6736,24.4486638,69.0086638,230.9913362,4.812694904,0,0.769971121,64.19034577,46.56,2.3368,2.3368,1.4986,1.4986,9.224331899,9.224331899,5.915604153,5.915604153,1.4986,5.915604153,69.0086638,98.2700225,38.4856906,9.224331899,5.915604153,29.2613587,0
B00256,B00256_R2,254,Purple_5,Purple_4,1,3,0.2032,1.9812,61.52,0.2032,1.9812,39.78,3,3,21.73,1.0668,2.032,0.762,2.032,1.4224,1.4224,0.8128,3,3,3,300,1,1,3,0.8128,0.508,1.1176,0.8128,39.78,61.52,3,3,1.4224,1.4224,0,-21.74,0,2.2352,14.82327399,54.60327399,245.396726,7.219042356,0,0.817989087,134.2161775,42.78,0.8128,1.1176,1.4224,1.4224,3.208463269,4.411636995,5.614810721,5.614810721,1.4224,5.614810721,54.60327399,93.87521178,48.09521178,4.411636995,5.614810721,39.27193779,2
B00256,B00256_R2,253,Purple_3,Gate_4,2,3,0.2032,1.9812,61.52,0.2032,1.9812,39.78,3,3,21.73,1.0668,2.54,0.2032,1.9812,1.4224,1.4224,1.4224,2,3,3,300,1,2,3,0.8128,0.508,1.7272,1.4224,39.78,61.52,3,3,1.4224,1.4224,0,-21.74,0,2.8448,17.22962144,57.00962144,242.9903786,4.812694904,0,0.809967929,105.4555681,42.78,1.4224,1.7272,0.8128,1.1176,5.614810721,6.817984447,3.208463269,4.411636995,1.4224,5.614810721,57.00962144,91.46886433,50.50155923,6.817984447,4.411636995,34.45924288,1
B00256,B00256_R2,256,Orange_1,Gate_4,3,3,0.2032,1.9812,61.52,0.2032,1.9812,39.78,3,3,21.73,1.6764,2.54,0.2032,1.9812,2.032,2.032,2.032,2,3,3,300,1,3,3,1.1176,1.1176,1.4224,1.4224,39.78,61.52,3,3,2.032,2.032,0,-21.74,0,4.064,22.04231635,61.82231635,238.1776837,0,0,0.793925612,73.81889764,42.78,1.4224,1.4224,1.4224,1.7272,5.614810721,5.614810721,5.614810721,6.817984447,2.032,8.021158173,61.82231635,91.46886433,43.28251688,5.614810721,6.817984447,29.64654798,0
B00257,B00257_R1,255,Green_7,Gate_4,1,2,0.2032,1.9812,44.72,0.2032,1.9812,49.76,2,3,-5.04,2.54,1.143,0.2032,1.9812,3.175,3.175,3.175,2,3,3,300,0,1,2,2.7178,2.7178,1.7272,1.7272,44.72,49.76,2,3,3.175,3.175,-1,-5.04,0,6.35,31.06611929,75.78611929,224.2138807,0,0,0.747379602,47.24409449,46.72,1.7272,1.7272,2.413,2.413,6.817984447,6.817984447,9.525125331,9.525125331,3.175,12.53305965,75.78611929,91.21098014,25.25077962,6.817984447,9.525125331,15.42486085,1
B00257,B00257_R1,257,Gate_1,Yellow_3,2,2,0.2032,1.9812,44.72,0.2032,1.9812,49.76,2,3,-5.04,0.2032,0.762,1.0668,0.2032,1.7272,1.7272,1.4224,1,3,3,300,0,2,2,2.7178,2.7178,2.413,2.413,44.72,49.76,2,3,1.7272,1.7272,-1,-5.04,0,3.1496,18.43279517,63.15279517,236.8472048,12.63332412,0,0.789490683,95.2501905,46.72,2.413,2.413,1.7272,1.7272,9.525125331,9.525125331,6.817984447,6.817984447,1.7272,6.817984447,63.15279517,94.21891446,40.59124462,9.525125331,6.817984447,31.06611929,0
B00258,B00258_R2,253,Purple_3,Gate_4,1,3,1.0668,0.2032,59.75,0.2032,1.9812,43.39,3,3,16.36,1.0668,2.54,0.2032,1.9812,2.9464,1.4224,1.4224,2,3,3,300,1,1,3,1.27,1.1176,2.1844,2.032,43.39,59.75,3,3,1.4224,2.9464,0,-16.36,1.524,2.8448,17.22962144,60.61962144,239.3803786,8.723009513,0,0.797934595,105.4555681,46.39,2.032,2.1844,1.4224,1.6129,8.021158173,8.622745036,5.614810721,6.3667943,1.4224,5.614810721,60.61962144,108.6145687,65.24043737,8.622745036,6.3667943,47.9949473,2
B00258,B00258_R2,256,Orange_1,Gate_4,2,3,1.0668,0.2032,59.75,0.2032,1.9812,43.39,3,3,16.36,1.6764,2.54,0.2032,1.9812,2.9464,2.032,2.032,2,3,3,300,1,2,3,0.9652,0.8128,1.8796,1.4224,43.39,59.75,3,3,2.032,2.9464,0,-16.36,0.9144,4.064,22.04231635,65.43231635,234.5676837,3.910314609,0,0.781892279,73.81889764,46.39,1.4224,1.8796,2.032,2.2225,5.614810721,7.41957131,8.021158173,8.773141752,2.032,8.021158173,65.43231635,108.6145687,58.02139502,7.41957131,8.773141752,43.1822524,1
B00258,B00258_R2,258,Orange_2,Gate_3,3,3,1.0668,0.2032,59.75,0.2032,1.9812,43.39,3,3,16.36,1.9812,2.54,0.2032,1.6002,3.2512,2.3368,2.7178,2,3,3,300,1,3,3,1.1176,0.8128,2.1082,1.8034,43.39,59.75,3,3,2.3368,3.2512,0,-16.36,0.9144,5.0546,25.95263096,69.34263096,230.657369,0,0,0.768857897,59.3518775,46.39,1.8034,2.1082,2.3368,2.3368,7.118777879,8.321951605,9.224331899,9.224331899,2.3368,9.224331899,69.34263096,108.6145687,55.915841,8.321951605,9.224331899,39.27193779,0
B00259,B00259_R1,257,Gate_1,Yellow_3,1,2,1.0668,0.2032,45.44,0.2032,1.6002,62.98,2,3,-17.54,0.2032,0.762,1.0668,0.2032,1.4224,1.3462,1.4224,1,3,3,300,0,1,2,0,0,1.4224,1.4224,45.44,62.98,2,3,1.4224,1.3462,-1,-17.54,-0.0762,2.8448,17.22962144,62.66962144,237.3303786,3.609521178,0,0.791101262,105.4555681,47.44,1.4224,1.4224,2.3368,2.3368,5.614810721,5.614810721,9.224331899,9.224331899,1.4224,5.614810721,62.66962144,87.11828524,26.45395334,5.614810721,9.224331899,24.4486638,1
B00259,B00259_R1,259,Gate_1,Purple_2,2,2,1.0668,0.2032,45.44,0.2032,1.6002,62.98,2,3,-17.54,0.2032,0.762,0.762,2.54,1.4224,1.3462,2.3368,1,3,3,300,0,2,2,0,0,2.3368,2.3368,45.44,62.98,2,3,1.4224,1.3462,-1,-17.54,-0.0762,3.7592,20.83914262,66.27914262,233.7208574,0,0,0.779069525,79.80421366,47.44,2.3368,2.3368,1.4224,1.4224,9.224331899,9.224331899,5.614810721,5.614810721,1.4224,5.614810721,66.27914262,83.50876406,26.45395334,9.224331899,5.614810721,17.22962144,0
B00260,B00260_R1,257,Gate_1,Yellow_3,1,3,0.762,2.54,57.36,0.2032,1.6002,56.61,3,3,0.76,0.2032,0.762,1.0668,0.2032,2.3368,1.3462,1.4224,1,3,3,300,0,1,3,1.016,0,1.27,1.1176,57.36,56.61,3,3,2.3368,1.3462,0,0.75,-0.9906,3.7592,20.83914262,78.19914262,221.8008574,10.82856353,0,0.739336191,79.80421366,60.36,1.1176,1.27,1.7272,2.032,4.411636995,5.013223858,6.817984447,8.021158173,2.3368,9.224331899,78.19914262,131.9091651,66.14281767,5.013223858,8.021158173,53.7100225,2
B00260,B00260_R1,260,Green_1,Gate_4,2,3,0.762,2.54,57.36,0.2032,1.6002,56.61,3,3,0.76,1.6764,0.2032,0.2032,1.9812,3.2512,2.8702,3.2512,2,3,3,300,0,2,3,2.032,2.032,1.7272,1.7272,57.36,56.61,3,3,3.2512,2.8702,0,0.75,-0.381,6.5024,31.66770615,89.02770615,210.9722938,0,0,0.703240979,46.13681102,60.36,1.7272,1.7272,1.1176,2.1844,6.817984447,6.817984447,4.411636995,8.622745036,3.2512,12.83385308,89.02770615,125.8932965,58.92377531,6.817984447,8.622745036,36.86559034,1
B00260,B00260_R1,259,Gate_1,Purple_2,3,3,0.762,2.54,57.36,0.2032,1.6002,56.61,3,3,0.76,0.2032,0.762,0.762,2.54,2.3368,1.3462,2.3368,1,3,3,300,0,3,3,1.016,0,2.794,2.3368,57.36,56.61,3,3,2.3368,1.3462,0,0.75,-0.9906,4.6736,24.4486638,81.8086638,218.1913362,7.219042356,0,0.727304454,64.19034577,60.36,2.3368,2.794,1.4224,1.5748,9.224331899,11.02909249,5.614810721,6.216397584,2.3368,9.224331899,81.8086638,130.7059914,74.56503375,11.02909249,6.216397584,48.8973276,0
B00261,B00261_R2,258,Orange_2,Gate_3,1,2,0.762,2.54,66.36,0.2032,1.6002,47.99,3,2,18.37,1.9812,2.54,0.2032,1.6002,1.7272,2.7178,2.7178,2,3,3,300,1,1,2,2.3368,2.3368,3.175,3.175,47.99,66.36,2,3,2.7178,1.7272,-1,-18.37,-0.9906,5.4356,27.45659811,75.44659811,224.5534019,5.113488335,0,0.74851134,55.19169917,49.99,3.175,3.175,2.3368,2.3368,12.53305965,12.53305965,9.224331899,9.224331899,2.7178,10.72829906,75.44659811,106.5127174,45.10314609,12.53305965,9.224331899,31.06611929,1
B00261,B00261_R2,261,Green_6,Gate_4,2,2,0.762,2.54,66.36,0.2032,1.6002,47.99,3,2,18.37,2.54,0.762,0.2032,1.9812,3.556,3.175,3.556,2,3,3,300,1,2,2,2.3368,2.3368,2.3368,2.3368,47.99,66.36,2,3,3.175,3.556,-1,-18.37,0.381,6.731,32.57008645,80.56008645,219.4399136,0,0,0.731466379,44.56990046,49.99,2.3368,2.3368,3.175,3.175,9.224331899,9.224331899,12.53305965,12.53305965,3.175,12.53305965,80.56008645,108.0166846,36.68093001,9.224331899,12.53305965,27.45659811,0
B00262,B00262_R1,260,Green_1,Gate_4,1,3,0.762,2.54,56.54,0.2032,1.9812,69.7,3,3,-13.16,1.6764,0.2032,0.2032,1.9812,3.2512,3.2512,3.2512,2,3,3,300,0,1,3,2.1463,2.032,2.2225,1.7272,56.54,69.7,3,3,3.2512,3.2512,0,-13.16,0,6.5024,31.66770615,88.20770615,211.7922938,0,0,0.705974313,46.13681102,59.54,1.7272,2.2225,3.2512,3.2512,6.817984447,8.773141752,12.83385308,12.83385308,3.2512,12.83385308,88.20770615,140.1129681,69.45154542,8.773141752,12.83385308,51.90526191,2
B00262,B00262_R1,262,Orange_7,Gate_4,2,3,0.762,2.54,56.54,0.2032,1.9812,69.7,3,3,-13.16,2.54,1.6002,0.2032,1.9812,2.7178,2.7178,2.7178,2,3,3,300,0,2,3,2.7178,2.2606,2.4892,1.7272,56.54,69.7,3,3,2.7178,2.7178,0,-13.16,0,5.4356,27.45659811,83.99659811,216.0034019,4.211108041,0,0.72001134,55.19169917,59.54,1.7272,2.4892,2.7178,2.7178,6.817984447,9.825918762,10.72829906,10.72829906,2.7178,10.72829906,83.99659811,140.1129681,75.76820748,9.825918762,10.72829906,56.11636995,1
B00262,B00262_R1,259,Gate_1,Purple_2,3,3,0.762,2.54,56.54,0.2032,1.9812,69.7,3,3,-13.16,0.2032,0.762,0.762,2.54,2.3368,1.7272,2.3368,1,3,3,300,0,3,3,2.6035,2.032,2.9845,2.7178,56.54,69.7,3,3,2.3368,1.7272,0,-13.16,-0.6096,4.6736,24.4486638,80.9886638,219.0113362,7.219042356,0,0.730037787,64.19034577,59.54,2.7178,2.9845,1.7272,1.7272,10.72829906,11.78107607,6.817984447,6.817984447,2.3368,9.224331899,80.9886638,137.7066206,82.6864564,11.78107607,6.817984447,56.71795682,0
B00263,B00263_R2,263,Gate_1,Orange_4,1,2,0.762,2.54,75.38,0.2032,1.9812,58.84,3,2,16.54,0.2032,0.762,1.6764,2.032,2.3368,1.7272,3.2512,1,3,3,300,1,1,2,2.9464,2.9464,2.6416,2.6416,58.84,75.38,2,3,1.7272,2.3368,-1,-16.54,0.6096,4.9784,25.65183752,84.49183752,215.5081625,8.422216082,0,0.718360542,60.2603246,60.84,2.6416,2.6416,1.7272,1.7272,10.42750563,10.42750563,6.817984447,6.817984447,1.7272,6.817984447,84.49183752,118.5658911,44.50155923,10.42750563,6.817984447,34.07405361,1
B00263,B00263_R2,261,Green_6,Gate_4,2,2,0.762,2.54,75.38,0.2032,1.9812,58.84,3,2,16.54,2.54,0.762,0.2032,1.9812,3.556,3.556,3.556,2,3,3,300,1,2,2,2.9464,2.9464,1.7272,1.7272,58.84,75.38,2,3,3.556,3.556,-1,-16.54,0,7.112,34.07405361,92.91405361,207.0859464,0,0,0.690286488,42.18222722,60.84,1.7272,1.7272,2.6416,2.6416,6.817984447,6.817984447,10.42750563,10.42750563,3.556,14.0370268,92.91405361,114.95637,32.46982197,6.817984447,10.42750563,22.04231635,0
B00264,B00264_R2,264,Gate_2,Green_4,1,3,0.762,2.54,67.89,0.2032,1.9812,68.9,3,3,-1.01,0.2032,1.143,1.6764,0.7112,1.9558,1.3462,2.413,1,3,3,300,1,1,3,1.8034,0.889,1.7272,1.4224,68.9,67.89,3,3,1.3462,1.9558,0,1.01,0.6096,3.7592,20.83914262,89.73914262,210.2608574,13.23491099,0,0.700869525,79.80421366,71.9,1.4224,1.7272,1.3462,2.1082,5.614810721,6.817984447,5.31401729,8.321951605,1.3462,5.31401729,89.73914262,149.4650338,73.36186002,6.817984447,8.321951605,59.72589113,2
B00264,B00264_R2,261,Green_6,Gate_4,2,3,0.762,2.54,67.89,0.2032,1.9812,68.9,3,3,-1.01,2.54,0.762,0.2032,1.9812,3.556,3.556,3.556,2,3,3,300,1,2,3,2.8321,2.7178,1.5367,1.3462,68.9,67.89,3,3,3.556,3.556,0,1.01,0,7.112,34.07405361,102.9740536,197.0259464,0,0,0.656753155,42.18222722,71.9,1.3462,1.5367,1.4224,2.032,5.31401729,6.066000868,5.614810721,8.021158173,3.556,14.0370268,102.9740536,141.0428177,58.62298188,6.066000868,8.021158173,38.06876406,1
B00264,B00264_R2,263,Gate_1,Orange_4,3,3,0.762,2.54,67.89,0.2032,1.9812,68.9,3,3,-1.01,0.2032,0.762,1.6764,2.032,2.3368,1.7272,3.2512,1,3,3,300,1,3,3,1.9177,0.889,2.7559,2.6416,68.9,67.89,3,3,1.7272,2.3368,0,1.01,0.6096,4.9784,25.65183752,94.55183752,205.4481625,8.422216082,0,0.684827208,60.2603246,71.9,2.6416,2.7559,1.7272,1.8796,10.42750563,10.87869577,6.817984447,7.41957131,1.7272,6.817984447,94.55183752,149.4650338,76.67058777,10.87869577,7.41957131,54.91319623,0
B00265,B00265_R1,259,Gate_1,Purple_2,1,2,0.762,2.54,52.22,1.6764,2.032,71.28,2,3,-19.06,0.2032,0.762,0.762,2.54,2.3368,3.2512,2.3368,1,3,3,300,0,1,2,2.7178,2.7178,3.175,3.175,52.22,71.28,2,3,2.3368,3.2512,-1,-19.06,0.9144,4.6736,24.4486638,76.6686638,223.3313362,1.203173726,0,0.744437787,64.19034577,54.22,3.175,3.175,2.032,2.032,12.53305965,12.53305965,8.021158173,8.021158173,2.3368,9.224331899,76.6686638,101.1173276,38.18489717,12.53305965,8.021158173,24.4486638,1
B00265,B00265_R1,265,Green_7,Green_1,2,2,0.762,2.54,52.22,1.6764,2.032,71.28,2,3,-19.06,2.54,1.143,1.6764,0.2032,3.175,2.2606,1.8034,3,3,3,300,0,2,2,2.7178,2.7178,2.032,2.032,52.22,71.28,2,3,3.175,2.2606,-1,-19.06,-0.9144,4.9784,25.65183752,77.87183752,222.1281625,0,0,0.740427208,60.2603246,54.22,2.032,2.032,3.175,3.175,8.021158173,8.021158173,12.53305965,12.53305965,3.175,12.53305965,77.87183752,102.3205013,32.46982197,8.021158173,12.53305965,24.4486638,0
B00266,B00266_R1,266,Gate_1,Orange_2,1,3,1.6764,0.2032,64.14,1.6764,2.032,64.31,3,3,-0.17,0.2032,0.762,1.9812,2.54,2.032,3.2512,3.556,1,3,3,300,0,1,3,1.3589,0,2.7559,1.9558,64.14,64.31,3,3,2.032,3.2512,0,-0.17,1.2192,5.588,28.05818498,92.19818498,207.801815,0,0,0.692672717,53.68647101,67.14,1.9558,2.7559,2.032,2.1844,7.720364742,10.87869577,8.021158173,8.622745036,2.032,8.021158173,92.19818498,135.6812308,65.24043737,10.87869577,8.622745036,43.48304583,2
B00266,B00266_R1,265,Green_7,Green_1,2,3,1.6764,0.2032,64.14,1.6764,2.032,64.31,3,3,-0.17,2.54,1.143,1.6764,0.2032,1.8034,2.2606,1.8034,3,3,3,300,0,2,3,2.7178,2.7178,2.032,2.032,64.14,64.31,3,3,1.8034,2.2606,0,-0.17,0.4572,3.6068,20.23755576,84.37755576,215.6224442,7.820629219,0,0.718741481,83.17622269,67.14,2.032,2.032,1.9558,2.5654,8.021158173,8.021158173,7.720364742,10.12671219,1.8034,7.118777879,84.37755576,136.2828177,67.34599139,8.021158173,10.12671219,51.90526191,1
B00266,B00266_R1,259,Gate_1,Purple_2,3,3,1.6764,0.2032,64.14,1.6764,2.032,64.31,3,3,-0.17,0.2032,0.762,0.762,2.54,2.032,3.2512,2.3368,1,3,3,300,0,3,3,1.3589,0,2.7559,2.3368,64.14,64.31,3,3,2.032,3.2512,0,-0.17,1.2192,4.3688,23.24549007,87.38549007,212.6145099,4.812694904,0,0.708715033,68.66874199,67.14,2.3368,2.7559,2.032,2.794,9.224331899,10.87869577,8.021158173,11.02909249,2.032,8.021158173,87.38549007,135.6812308,70.05313228,10.87869577,11.02909249,48.29574073,0
B00267,B00267_R2,267,Yellow_2,Gate_4,1,2,0.762,2.54,73.66,1.6764,2.032,51.78,3,2,21.88,0.762,0.2032,0.2032,1.9812,2.9464,3.2512,2.3368,2,3,3,300,1,1,2,1.1176,1.1176,1.7272,1.7272,51.78,73.66,2,3,3.2512,2.9464,-1,-21.88,-0.3048,5.588,28.05818498,79.83818498,220.161815,3.609521178,0,0.733872717,53.68647101,53.78,1.7272,1.7272,3.2512,3.2512,6.817984447,6.817984447,12.83385308,12.83385308,3.2512,12.83385308,79.83818498,111.5058911,38.4856906,6.817984447,12.83385308,31.66770615,1
B00267,B00267_R2,263,Gate_1,Orange_4,2,2,0.762,2.54,73.66,1.6764,2.032,51.78,3,2,21.88,0.2032,0.762,1.6764,2.032,2.3368,3.2512,3.2512,1,3,3,300,1,2,2,1.1176,1.1176,3.2512,3.2512,51.78,73.66,2,3,3.2512,2.3368,-1,-21.88,-0.9144,6.5024,31.66770615,83.44770615,216.5522938,0,0,0.721840979,46.13681102,53.78,3.2512,3.2512,1.7272,1.7272,12.83385308,12.83385308,6.817984447,6.817984447,3.2512,12.83385308,83.44770615,105.4900225,40.89203805,12.83385308,6.817984447,22.04231635,0
B00268,B00268_R2,263,Gate_1,Orange_4,1,3,0.762,2.54,63.84,1.6764,2.032,67.62,3,3,-3.78,0.2032,0.762,1.6764,2.032,2.3368,3.2512,3.2512,1,3,3,300,1,1,3,2.4892,1.1176,2.1844,1.1176,67.62,63.84,3,3,3.2512,2.3368,0,3.78,-0.9144,6.5024,31.66770615,99.28770615,200.7122938,0,0,0.669040979,46.13681102,70.62,1.1176,2.1844,1.1176,1.4224,4.411636995,8.622745036,4.411636995,5.614810721,3.2512,12.83385308,99.28770615,144.5755126,70.95551257,8.622745036,5.614810721,45.28780642,2
B00268,B00268_R2,268,Orange_3,Yellow_4,2,3,0.762,2.54,63.84,1.6764,2.032,67.62,3,3,-3.78,2.286,2.54,0.762,0.7112,2.032,1.1176,3.8608,3,3,3,300,1,2,3,3.8608,3.8608,0.8128,0.508,67.62,63.84,3,3,1.1176,2.032,0,3.78,0.9144,4.9784,25.65183752,93.27183752,206.7281625,6.01586863,0,0.689093875,60.2603246,70.62,0.508,0.8128,1.1176,1.8796,2.005289543,3.208463269,4.411636995,7.41957131,1.1176,4.411636995,93.27183752,152.9977287,66.14281767,3.208463269,7.41957131,59.72589113,1
B00268,B00268_R2,267,Yellow_2,Gate_4,3,3,0.762,2.54,63.84,1.6764,2.032,67.62,3,3,-3.78,0.762,0.2032,0.2032,1.9812,2.9464,3.2512,2.3368,2,3,3,300,1,3,3,2.4892,1.1176,2.1844,1.7272,67.62,63.84,3,3,3.2512,2.9464,0,3.78,-0.3048,5.588,28.05818498,95.67818498,204.321815,3.609521178,0,0.681072717,53.68647101,70.62,1.7272,2.1844,0.508,1.8796,6.817984447,8.622745036,2.005289543,7.41957131,3.2512,12.83385308,95.67818498,142.1691651,74.56503375,8.622745036,7.41957131,46.49098014,0
B00269,B00269_R1,265,Green_7,Green_1,1,3,0.762,2.54,44.08,0.2032,1.9812,69.17,2,3,-25.09,2.54,1.143,1.6764,0.2032,3.175,3.175,1.8034,3,3,3,300,0,1,3,1.9558,1.1938,1.5748,1.1176,44.08,69.17,2,3,3.175,3.175,-1,-25.09,0,4.9784,25.65183752,69.73183752,230.2681625,9.324596376,0,0.767560542,60.2603246,46.08,1.1176,1.5748,2.794,2.9845,4.411636995,6.216397584,11.02909249,11.78107607,3.175,12.53305965,69.73183752,127.6529681,71.85789287,6.216397584,11.78107607,57.92113054,2
B00269,B00269_R1,269,Green_3,Gate_3,2,3,0.762,2.54,44.08,0.2032,1.9812,69.17,2,3,-25.09,2.286,0.2032,0.2032,1.6002,3.8608,3.8608,3.4798,2,3,3,300,0,2,3,1.9177,1.1938,2.0701,1.3462,44.08,69.17,2,3,3.8608,3.8608,-1,-25.09,0,7.3406,34.9764339,79.0564339,220.9435661,0,0,0.736478554,40.86859385,46.08,1.3462,2.0701,1.1176,2.4892,5.31401729,8.171554889,4.411636995,9.825918762,3.8608,15.24020053,79.0564339,118.3283717,66.4436111,8.171554889,9.825918762,39.27193779,1
B00269,B00269_R1,259,Gate_1,Purple_2,3,3,0.762,2.54,44.08,0.2032,1.9812,69.17,2,3,-25.09,0.2032,0.762,0.762,2.54,2.3368,1.7272,2.3368,1,3,3,300,0,3,3,2.6797,2.6416,3.5179,3.175,44.08,69.17,2,3,2.3368,1.7272,-1,-25.09,-0.6096,4.6736,24.4486638,68.5286638,231.4713362,10.5277701,0,0.771571121,64.19034577,46.08,3.175,3.5179,1.3462,1.6891,12.53305965,13.88663009,5.31401729,6.667587731,2.3368,9.224331899,68.5286638,125.2466206,88.4015316,13.88663009,6.667587731,56.71795682,0
B00270,B00270_R1,270,Gate_1,Green_7,1,3,0.762,2.54,57.8,0.2032,1.9812,59.36,3,3,-1.55,0.2032,0.762,2.54,1.143,2.3368,1.7272,2.7178,1,3,3,300,0,1,3,1.3208,0,1.9558,1.1938,57.8,59.36,3,3,2.3368,1.7272,0,-1.56,-0.6096,5.0546,25.95263096,83.75263096,216.247369,9.023802945,0,0.720824563,59.3518775,60.8,1.1938,1.9558,1.3462,1.8415,4.712430427,7.720364742,5.31401729,7.269174594,2.3368,9.224331899,83.75263096,139.267414,74.86582718,7.720364742,7.269174594,55.51478309,2
B00270,B00270_R1,269,Green_3,Gate_3,2,3,0.762,2.54,57.8,0.2032,1.9812,59.36,3,3,-1.55,2.286,0.2032,0.2032,1.6002,3.8608,3.8608,3.4798,2,3,3,300,0,2,3,2.6416,2.6416,1.3462,1.3462,57.8,59.36,3,3,3.8608,3.8608,0,-1.56,0,7.3406,34.9764339,92.7764339,207.2235661,0,0,0.69074522,40.86859385,60.8,1.3462,1.3462,1.1938,2.5273,5.31401729,5.31401729,4.712430427,9.976315478,3.8608,15.24020053,92.7764339,132.6499586,61.02932933,5.31401729,9.976315478,39.87352465,1
B00270,B00270_R1,259,Gate_1,Purple_2,3,3,0.762,2.54,57.8,0.2032,1.9812,59.36,3,3,-1.55,0.2032,0.762,0.762,2.54,2.3368,1.7272,2.3368,1,3,3,300,0,3,3,1.3208,0,3.0988,2.3368,57.8,59.36,3,3,2.3368,1.7272,0,-1.56,-0.6096,4.6736,24.4486638,82.2486638,217.7513362,10.5277701,0,0.725837787,64.19034577,60.8,2.3368,3.0988,1.3462,2.032,9.224331899,12.23226621,5.31401729,8.021158173,2.3368,9.224331899,82.2486638,139.267414,85.39359728,12.23226621,8.021158173,57.01875025,0
B00271,B00271_R2,267,Yellow_2,Gate_4,1,2,0.762,2.54,73.74,0.2032,1.9812,43.68,4,2,30.06,0.762,0.2032,0.2032,1.9812,2.9464,2.3368,2.3368,2,3,3,300,1,1,2,3.556,3.556,2.3368,2.3368,43.68,73.74,2,4,2.3368,2.9464,-2,-30.06,0.6096,4.6736,24.4486638,68.1286638,231.8713362,0,0,0.772904454,64.19034577,45.68,2.3368,2.3368,3.2512,3.2512,9.224331899,9.224331899,12.83385308,12.83385308,2.3368,9.224331899,68.1286638,90.17098014,27.65712707,9.224331899,12.83385308,22.04231635,1
B00271,B00271_R2,271,Orange_5,Orange_1,2,2,0.762,2.54,73.74,0.2032,1.9812,43.68,4,2,30.06,1.9812,2.032,1.6764,2.54,1.7272,2.3368,0.8128,3,3,3,300,1,2,2,3.556,3.556,3.2512,3.2512,43.68,73.74,2,4,2.3368,1.7272,-2,-30.06,-0.6096,3.1496,18.43279517,62.11279517,237.8872048,6.01586863,0,0.792957349,95.2501905,45.68,3.2512,3.2512,2.3368,2.3368,12.83385308,12.83385308,9.224331899,9.224331899,2.3368,9.224331899,62.11279517,86.56145897,37.28251688,12.83385308,9.224331899,24.4486638,0
B00272,B00272_R2,267,Yellow_2,Gate_4,1,3,0.762,2.54,65.12,1.6764,2.54,54.62,3,3,10.5,0.762,0.2032,0.2032,1.9812,2.9464,3.2512,2.3368,2,3,3,300,1,1,3,3.1369,2.7178,2.7559,2.3368,54.62,65.12,3,3,3.2512,2.9464,0,-10.5,-0.3048,5.588,28.05818498,82.67818498,217.321815,0,0,0.72440605,53.68647101,57.62,2.3368,2.7559,2.3368,2.794,9.224331899,10.87869577,9.224331899,11.02909249,3.2512,12.83385308,82.67818498,118.9421884,61.6309162,10.87869577,11.02909249,36.26400347,2
B00272,B00272_R2,271,Orange_5,Orange_1,2,3,0.762,2.54,65.12,1.6764,2.54,54.62,3,3,10.5,1.9812,2.032,1.6764,2.54,1.7272,0.8128,0.8128,3,3,3,300,1,2,3,2.7559,1.9558,2.7559,2.2606,54.62,65.12,3,3,0.8128,1.7272,0,-10.5,0.9144,1.6256,12.41692654,67.03692654,232.9630735,15.64125844,0,0.776543578,184.5472441,57.62,2.2606,2.7559,2.3368,2.3368,8.923538468,10.87869577,9.224331899,9.224331899,0.8128,3.208463269,67.03692654,128.5675783,77.27217463,10.87869577,9.224331899,61.53065172,1
B00272,B00272_R2,272,Green_7,Gate_4,3,3,0.762,2.54,65.12,1.6764,2.54,54.62,3,3,10.5,2.54,1.143,0.2032,1.9812,3.175,2.2606,3.175,2,3,3,300,1,3,3,2.3368,1.9558,2.3368,2.3368,54.62,65.12,3,3,2.2606,3.175,0,-10.5,0.9144,5.4356,27.45659811,82.07659811,217.9234019,0.601586863,0,0.72641134,55.19169917,57.62,2.3368,2.3368,2.2606,2.7178,9.224331899,9.224331899,8.923538468,10.72829906,2.2606,8.923538468,82.07659811,122.5517096,58.92377531,9.224331899,10.72829906,40.47511151,0
B00273,B00273_R1,269,Green_3,Gate_3,1,3,0.762,2.54,56.21,0.2032,1.9812,64.16,3,3,-7.95,2.286,0.2032,0.2032,1.6002,3.8608,3.8608,3.4798,2,3,3,300,0,1,3,3.4036,2.6416,1.27,1.1938,56.21,64.16,3,3,3.8608,3.8608,0,-7.95,0,7.3406,34.9764339,91.1864339,208.8135661,0,0,0.69604522,40.86859385,59.21,1.1938,1.27,3.8608,3.8608,4.712430427,5.013223858,15.24020053,15.24020053,3.8608,15.24020053,91.1864339,128.0520242,46.89203805,5.013223858,15.24020053,36.86559034,2
B00273,B00273_R1,259,Gate_1,Purple_2,2,3,0.762,2.54,56.21,0.2032,1.9812,64.16,3,3,-7.95,0.2032,0.762,0.762,2.54,2.3368,1.7272,2.3368,1,3,3,300,0,2,3,2.3368,2.032,2.3368,0.8128,56.21,64.16,3,3,2.3368,1.7272,0,-7.95,-0.6096,4.6736,24.4486638,80.6586638,219.3413362,10.5277701,0,0.731137787,64.19034577,59.21,0.8128,2.3368,1.3462,1.5367,3.208463269,9.224331899,5.31401729,6.066000868,2.3368,9.224331899,80.6586638,124.1417096,65.84202424,9.224331899,6.066000868,43.48304583,1
B00273,B00273_R1,273,Purple_1,Gate_4,3,3,0.762,2.54,56.21,0.2032,1.9812,64.16,3,3,-7.95,0.4572,2.54,0.2032,1.9812,0.8128,0.8128,0.8128,2,3,3,300,0,3,3,3.0988,2.032,2.794,1.7272,56.21,64.16,3,3,0.8128,0.8128,0,-7.95,0,1.6256,12.41692654,68.62692654,231.3730735,22.55950736,0,0.771243578,184.5472441,59.21,1.7272,2.794,0.8128,1.0033,6.817984447,11.02909249,3.208463269,3.960446848,0.8128,3.208463269,68.62692654,128.0520242,81.48328267,11.02909249,3.960446848,59.4250977,0
B00274,B00274_R1,274,Green_5,Gate_3,1,3,0.2032,1.9812,54.9,0.2032,1.9812,58.91,3,3,-4.02,1.9812,0.7112,0.2032,1.6002,3.556,3.556,3.175,2,3,3,300,0,1,3,3.0988,2.3368,1.27,1.1938,54.9,58.91,3,3,3.556,3.556,0,-4.01,0,6.731,32.57008645,87.47008645,212.5299136,0,0,0.708433045,44.56990046,57.9,1.1938,1.27,3.556,3.556,4.712430427,5.013223858,14.0370268,14.0370268,3.556,14.0370268,87.47008645,121.9293293,44.4856906,5.013223858,14.0370268,34.45924288,2
B00274,B00274_R1,259,Gate_1,Purple_2,2,3,0.2032,1.9812,54.9,0.2032,1.9812,58.91,3,3,-4.02,0.2032,0.762,0.762,2.54,1.7272,1.7272,2.3368,1,3,3,300,0,2,3,2.1844,2.032,2.1844,0.8128,54.9,58.91,3,3,1.7272,1.7272,0,-4.01,0,4.064,22.04231635,76.94231635,223.0576837,10.5277701,0,0.743525612,73.81889764,57.9,0.8128,2.1844,1.3462,1.5367,3.208463269,8.622745036,5.31401729,6.066000868,1.7272,6.817984447,76.94231635,120.4253622,62.23250306,8.622745036,6.066000868,43.48304583,1
B00274,B00274_R1,273,Purple_1,Gate_4,3,3,0.2032,1.9812,54.9,0.2032,1.9812,58.91,3,3,-4.02,0.4572,2.54,0.2032,1.9812,0.8128,0.8128,0.8128,2,3,3,300,0,3,3,2.9464,2.032,2.6416,1.7272,54.9,58.91,3,3,0.8128,0.8128,0,-4.01,0,1.6256,12.41692654,67.31692654,232.6830735,20.15315991,0,0.775610245,184.5472441,57.9,1.7272,2.6416,0.8128,1.0033,6.817984447,10.42750563,3.208463269,3.960446848,0.8128,3.208463269,67.31692654,121.9293293,75.46741404,10.42750563,3.960446848,54.61240279,0
B00275,B00275_R2,275,Purple_1,Gate_3,1,2,0.2032,1.9812,77.05,0.2032,1.9812,46.85,4,2,30.2,0.4572,2.54,0.2032,1.6002,0.8128,0.8128,1.1938,2,3,3,300,1,1,2,3.4798,3.4798,2.794,2.794,46.85,77.05,2,4,0.8128,0.8128,-2,-30.2,0,2.0066,13.9208937,60.7708937,239.2291063,17.1452256,0,0.797430354,149.5066281,48.85,2.794,2.794,0.8128,0.8128,11.02909249,11.02909249,3.208463269,3.208463269,0.8128,3.208463269,60.7708937,91.83701299,42.09521178,11.02909249,3.208463269,31.06611929,1
B00275,B00275_R2,272,Green_7,Gate_4,2,2,0.2032,1.9812,77.05,0.2032,1.9812,46.85,4,2,30.2,2.54,1.143,0.2032,1.9812,3.175,3.175,3.175,2,3,3,300,1,2,2,3.4798,3.4798,0.8128,0.8128,46.85,77.05,2,4,3.175,3.175,-2,-30.2,0,6.35,31.06611929,77.91611929,222.0838807,0,0,0.740279602,47.24409449,48.85,0.8128,0.8128,2.794,2.794,3.208463269,3.208463269,11.02909249,11.02909249,3.175,12.53305965,77.91611929,90.33304583,17.12935697,3.208463269,11.02909249,12.41692654,0
B00276,B00276_R2,272,Green_7,Gate_4,1,3,0.2032,1.9812,63.02,0.2032,1.9812,54.5,3,3,8.52,2.54,1.143,0.2032,1.9812,3.175,3.175,3.175,2,3,3,300,1,1,3,3.0988,2.7178,1.27,0.8128,54.5,63.02,3,3,3.175,3.175,0,-8.52,0,6.35,31.06611929,85.56611929,214.4338807,0,0,0.714779602,47.24409449,57.5,0.8128,1.27,2.794,3.1369,3.208463269,5.013223858,11.02909249,12.38266293,3.175,12.53305965,85.56611929,118.8221884,44.78648403,5.013223858,12.38266293,33.25606916,2
B00276,B00276_R2,276,Gate_1,Purple_1,2,3,0.2032,1.9812,63.02,0.2032,1.9812,54.5,3,3,8.52,0.2032,0.762,0.4572,2.54,1.7272,1.7272,2.032,1,3,3,300,1,2,3,2.3749,2.032,1.7399,0,54.5,63.02,3,3,1.7272,1.7272,0,-8.52,0,3.7592,20.83914262,75.33914262,224.6608574,10.22697667,0,0.748869525,79.80421366,57.5,0,1.7399,1.3462,1.5367,0,6.868116686,5.31401729,6.066000868,1.7272,6.817984447,75.33914262,118.8221884,58.72324636,6.868116686,6.066000868,43.48304583,1
B00276,B00276_R2,275,Purple_1,Gate_3,3,3,0.2032,1.9812,63.02,0.2032,1.9812,54.5,3,3,8.52,0.4572,2.54,0.2032,1.6002,0.8128,0.8128,1.1938,2,3,3,300,1,3,3,2.7559,2.032,2.0701,1.3462,54.5,63.02,3,3,0.8128,0.8128,0,-8.52,0,2.0066,13.9208937,68.4208937,231.5791063,17.1452256,0,0.771930354,149.5066281,57.5,1.3462,2.0701,0,0.4064,5.31401729,8.171554889,0,1.604231635,0.8128,3.208463269,68.4208937,117.1176923,68.24837169,8.171554889,1.604231635,48.69679864,0
B00277,B00277_R1,259,Gate_1,Purple_2,1,3,0.2032,1.9812,48.57,0.2032,1.6002,60.05,3,3,-11.48,0.2032,0.762,0.762,2.54,1.7272,1.3462,2.3368,1,3,3,300,0,1,3,1.016,0,1.5748,0.8128,48.57,60.05,3,3,1.7272,1.3462,0,-11.48,-0.381,4.064,22.04231635,70.61231635,229.3876837,1.203173726,0,0.764625612,73.81889764,51.57,0.8128,1.5748,1.7272,2.1844,3.208463269,6.216397584,6.817984447,8.622745036,1.7272,6.817984447,70.61231635,106.274733,48.09521178,6.216397584,8.622745036,35.66241661,2
B00277,B00277_R1,273,Purple_1,Gate_4,2,3,0.2032,1.9812,48.57,0.2032,1.6002,60.05,3,3,-11.48,0.4572,2.54,0.2032,1.9812,0.8128,1.1938,0.8128,2,3,3,300,0,2,3,2.032,2.032,1.7272,1.7272,48.57,60.05,3,3,0.8128,1.1938,0,-11.48,0.381,1.6256,12.41692654,60.98692654,239.0130735,10.82856353,0,0.796710245,184.5472441,51.57,1.7272,1.7272,0.8128,0.9652,6.817984447,6.817984447,3.208463269,3.810050132,0.8128,3.208463269,60.98692654,106.274733,58.92377531,6.817984447,3.810050132,45.28780642,1
B00277,B00277_R1,277,Gate_1,Purple_5,3,3,0.2032,1.9812,48.57,0.2032,1.6002,60.05,3,3,-11.48,0.2032,0.762,1.0668,2.032,1.7272,1.3462,2.6416,1,3,3,300,0,3,3,1.016,0,1.8796,1.1176,48.57,60.05,3,3,1.7272,1.3462,0,-11.48,-0.381,4.3688,23.24549007,71.81549007,228.1845099,0,0,0.760615033,68.66874199,51.57,1.1176,1.8796,1.7272,2.032,4.411636995,7.41957131,6.817984447,8.021158173,1.7272,6.817984447,71.81549007,106.274733,49.29838551,7.41957131,8.021158173,34.45924288,0
B00278,B00278_R2,276,Gate_1,Purple_1,1,3,1.0668,2.032,56.44,0.2032,1.6002,48.28,3,3,8.16,0.2032,0.762,0.4572,2.54,2.6416,1.3462,2.032,1,3,3,300,1,1,3,2.6035,2.032,1.5113,0,48.28,56.44,3,3,1.3462,2.6416,0,-8.16,1.2954,3.3782,19.33517546,67.61517546,232.3848245,5.113488335,0,0.774616082,88.80468889,51.28,0,1.5113,1.3462,1.3462,0,5.965736391,5.31401729,5.31401729,1.3462,5.31401729,67.61517546,107.4887001,51.80499743,5.965736391,5.31401729,39.87352465,2
B00278,B00278_R2,275,Purple_1,Gate_3,2,3,1.0668,2.032,56.44,0.2032,1.6002,48.28,3,3,8.16,0.4572,2.54,0.2032,1.6002,1.1176,1.1938,1.1938,2,3,3,300,1,2,3,2.5273,2.032,1.8415,1.3462,48.28,56.44,3,3,1.1938,1.1176,0,-8.16,-0.0762,2.3876,15.42486085,63.70486085,236.2951391,9.023802945,0,0.787650464,125.6491875,51.28,1.3462,1.8415,0,0.5969,5.31401729,7.269174594,0,2.356215213,1.1938,4.712430427,63.70486085,102.7762697,58.32218845,7.269174594,2.356215213,39.07140883,1
B00278,B00278_R2,278,Orange_7,Gate_3,3,3,1.0668,2.032,56.44,0.2032,1.6002,48.28,3,3,8.16,2.54,1.6002,0.2032,1.6002,2.413,2.3368,2.3368,2,3,3,300,1,3,3,3.0988,3.0226,1.27,1.1938,48.28,56.44,3,3,2.3368,2.413,0,-8.16,0.0762,4.6736,24.4486638,72.7286638,227.2713362,0,0,0.757571121,64.19034577,51.28,1.1938,1.27,2.3368,2.6797,4.712430427,5.013223858,9.224331899,10.57790234,2.3368,9.224331899,72.7286638,107.4887001,44.78648403,5.013223858,10.57790234,34.76003632,0
B00279,B00279_R1,273,Purple_1,Gate_4,1,3,1.0668,2.032,48.05,0.2032,1.6002,57.28,3,3,-9.23,0.4572,2.54,0.2032,1.9812,1.1176,1.1938,0.8128,2,3,3,300,0,1,3,2.5273,2.032,2.2225,1.7272,48.05,57.28,3,3,1.1176,1.1938,0,-9.23,0.0762,1.9304,13.62010026,61.67010026,238.3298997,13.23491099,0,0.794432999,155.4082056,51.05,1.7272,2.2225,0.8128,0.9652,6.817984447,8.773141752,3.208463269,3.810050132,1.1176,4.411636995,61.67010026,113.5753622,70.65471914,8.773141752,3.810050132,51.90526191,2
B00279,B00279_R1,277,Gate_1,Purple_5,2,3,1.0668,2.032,48.05,0.2032,1.6002,57.28,3,3,-9.23,0.2032,0.762,1.0668,2.032,2.6416,1.3462,2.6416,1,3,3,300,0,2,3,2.6035,2.032,1.7653,1.1176,48.05,57.28,3,3,2.6416,1.3462,0,-9.23,-1.2954,5.2832,26.85501125,74.90501125,225.0949887,0,0,0.750316629,56.78376741,51.05,1.1176,1.7653,1.7272,1.7272,4.411636995,6.968381163,6.817984447,6.817984447,2.6416,10.42750563,74.90501125,111.1690147,53.81028698,6.968381163,6.817984447,36.26400347,1
B00279,B00279_R1,279,Orange_7,Gate_4,3,3,1.0668,2.032,48.05,0.2032,1.6002,57.28,3,3,-9.23,2.54,1.6002,0.2032,1.9812,2.413,2.3368,2.7178,2,3,3,300,0,3,3,3.0988,3.0226,1.27,0.8128,48.05,57.28,3,3,2.413,2.3368,0,-9.23,-0.0762,5.1308,26.25342439,74.30342439,225.6965756,0.601586863,0,0.752321919,58.47041397,51.05,0.8128,1.27,2.413,2.5654,3.208463269,5.013223858,9.525125331,10.12671219,2.413,9.525125331,74.30342439,114.7785359,50.50155923,5.013223858,10.12671219,40.47511151,0
B00280,B00280_R2,275,Purple_1,Gate_3,1,3,0.2032,1.9812,62.24,0.2032,1.6002,47.46,3,3,14.77,0.4572,2.54,0.2032,1.6002,0.8128,1.1938,1.1938,2,3,3,300,1,1,3,2.3749,1.7272,2.3749,2.3368,47.46,62.24,3,3,1.1938,0.8128,0,-14.78,-0.381,2.3876,15.42486085,62.88486085,237.1151391,12.93411755,0,0.790383797,125.6491875,50.46,2.3368,2.3749,1.1938,1.9177,9.224331899,9.374728615,4.712430427,7.569968026,1.1938,4.712430427,62.88486085,115.6925031,71.55709944,9.374728615,7.569968026,52.80764221,2
B00280,B00280_R2,278,Orange_7,Gate_3,2,3,0.2032,1.9812,62.24,0.2032,1.6002,47.46,3,3,14.77,2.54,1.6002,0.2032,1.6002,2.7178,2.3368,2.3368,2,3,3,300,1,2,3,2.413,1.8034,1.8034,1.1938,47.46,62.24,3,3,2.3368,2.7178,0,-14.78,0.381,4.6736,24.4486638,71.9086638,228.0913362,3.910314609,0,0.760304454,64.19034577,50.46,1.1938,1.8034,2.3368,2.7559,4.712430427,7.118777879,9.224331899,10.87869577,2.3368,9.224331899,71.9086638,115.6925031,58.02139502,7.118777879,10.87869577,43.78383926,1
B00280,B00280_R2,280,Orange_1,Yellow_4,3,3,0.2032,1.9812,62.24,0.2032,1.6002,47.46,3,3,14.77,1.6764,2.54,0.762,0.7112,2.032,2.413,3.2512,3,3,3,300,1,3,3,1.7653,1.7272,2.9083,2.6416,47.46,62.24,3,3,2.413,2.032,0,-14.78,-0.381,5.6642,28.35897841,75.81897841,224.1810216,0,0,0.747270072,52.96423149,50.46,2.6416,2.9083,2.413,2.413,10.42750563,11.48028264,9.525125331,9.525125331,2.413,9.525125331,75.81897841,115.6925031,62.83408992,11.48028264,9.525125331,39.87352465,0
B00281,B00281_R1,281,Green_6,Gate_3,1,3,0.2032,1.9812,55.87,0.762,0.7112,64.88,3,3,-9.01,2.54,0.762,0.2032,1.6002,3.556,2.3368,3.175,2,3,3,300,0,1,3,2.1463,1.3462,1.8415,1.3462,55.87,64.88,3,3,3.556,2.3368,0,-9.01,-1.2192,6.731,32.57008645,88.44008645,211.5599136,0,0,0.705199712,44.56990046,58.87,1.3462,1.8415,3.2512,3.4036,5.31401729,7.269174594,12.83385308,13.43543994,3.556,14.0370268,88.44008645,137.9390009,65.24043737,7.269174594,13.43543994,49.49891446,2
B00281,B00281_R1,277,Gate_1,Purple_5,2,3,0.2032,1.9812,55.87,0.762,0.7112,64.88,3,3,-9.01,0.2032,0.762,1.0668,2.032,1.7272,1.1176,2.6416,1,3,3,300,0,2,3,3.0607,2.9464,2.8321,2.413,55.87,64.88,3,3,1.7272,1.1176,0,-9.01,-0.6096,4.3688,23.24549007,79.11549007,220.8845099,9.324596376,0,0.7362817,68.66874199,58.87,2.413,2.8321,1.3462,1.5367,9.525125331,11.1794892,5.31401729,6.066000868,1.7272,6.817984447,79.11549007,137.6382075,82.38566297,11.1794892,6.066000868,58.5227174,1
B00281,B00281_R1,279,Orange_7,Gate_4,3,3,0.2032,1.9812,55.87,0.762,0.7112,64.88,3,3,-9.01,2.54,1.6002,0.2032,1.9812,2.7178,3.175,2.7178,2,3,3,300,0,3,3,2.2606,1.3462,2.6416,1.7272,55.87,64.88,3,3,2.7178,3.175,0,-9.01,0.4572,5.4356,27.45659811,83.32659811,216.6734019,5.113488335,0,0.722244673,55.19169917,58.87,1.7272,2.6416,2.3368,2.3749,6.817984447,10.42750563,9.224331899,9.374728615,2.7178,10.72829906,83.32659811,137.6382075,76.67058777,10.42750563,9.374728615,54.31160936,0
B00282,B00282_R2,278,Orange_7,Gate_3,1,3,0.2032,1.9812,80.57,0.762,0.7112,61.48,3,3,19.08,2.54,1.6002,0.2032,1.6002,2.7178,3.175,2.3368,2,3,3,300,1,1,3,2.1082,1.8034,2.1082,1.8034,61.48,80.57,3,3,3.175,2.7178,0,-19.09,-0.4572,5.5118,27.75739154,89.23739154,210.7626085,3.910314609,0,0.702542028,54.42868029,64.48,1.8034,2.1082,2.7178,2.9464,7.118777879,8.321951605,10.72829906,11.63067935,3.175,12.53305965,89.23739154,143.5490009,72.76027316,8.321951605,11.63067935,54.31160936,2
B00282,B00282_R2,282,Purple_5,Gate_4,2,3,0.2032,1.9812,80.57,0.762,0.7112,61.48,3,3,19.08,1.0668,2.032,0.2032,1.9812,1.4224,3.2512,1.4224,2,3,3,300,1,2,3,1.7653,1.1176,2.3749,2.032,61.48,80.57,3,3,3.2512,1.4224,0,-19.09,-1.8288,4.6736,24.4486638,85.9286638,214.0713362,7.219042356,0,0.713571121,64.19034577,64.48,2.032,2.3749,1.8034,2.5273,8.021158173,9.374728615,7.118777879,9.976315478,3.2512,12.83385308,85.9286638,139.6386863,78.17455493,9.374728615,9.976315478,53.7100225,1
B00282,B00282_R2,280,Orange_1,Yellow_4,3,3,0.2032,1.9812,80.57,0.762,0.7112,61.48,3,3,19.08,1.6764,2.54,0.762,0.7112,2.032,3.2512,3.2512,3,3,3,300,1,3,3,1.4605,1.1176,3.2131,3.175,61.48,80.57,3,3,3.2512,2.032,0,-19.09,-1.2192,6.5024,31.66770615,93.14770615,206.8522938,0,0,0.689507646,46.13681102,64.48,3.175,3.2131,2.032,2.2225,12.53305965,12.68345636,8.021158173,8.773141752,3.2512,12.83385308,93.14770615,140.5410666,77.57296807,12.68345636,8.773141752,47.39336044,0
B00283,B00283_R1,277,Gate_1,Purple_5,1,3,0.2032,1.9812,63.69,0.762,0.7112,70.92,3,3,-7.23,0.2032,0.762,1.0668,2.032,1.7272,1.1176,2.6416,1,3,3,300,0,1,3,3.3655,3.175,1.9177,1.4224,63.69,70.92,3,3,1.7272,1.1176,0,-7.23,-0.6096,4.3688,23.24549007,86.93549007,213.0645099,4.211108041,0,0.710215033,68.66874199,66.69,1.4224,1.9177,1.3462,1.5367,5.614810721,7.569968026,5.31401729,6.066000868,1.7272,6.817984447,86.93549007,138.840752,68.54916512,7.569968026,6.066000868,51.90526191,2
B00283,B00283_R1,283,Orange_2,Gate_3,2,3,0.2032,1.9812,63.69,0.762,0.7112,70.92,3,3,-7.23,1.9812,2.54,0.2032,1.6002,2.3368,3.556,2.7178,2,3,3,300,0,2,3,2.5273,1.4986,1.8415,1.3462,63.69,70.92,3,3,2.3368,3.556,0,-7.23,1.2192,5.0546,25.95263096,89.64263096,210.357369,1.503967157,0,0.70119123,59.3518775,66.69,1.3462,1.8415,1.4224,1.8796,5.31401729,7.269174594,5.614810721,7.41957131,2.3368,9.224331899,89.64263096,136.735198,65.24043737,7.269174594,7.41957131,47.09256701,1
B00283,B00283_R1,279,Orange_7,Gate_4,3,3,0.2032,1.9812,63.69,0.762,0.7112,70.92,3,3,-7.23,2.54,1.6002,0.2032,1.9812,2.7178,3.175,2.7178,2,3,3,300,0,3,3,2.3368,1.4986,2.032,1.7272,63.69,70.92,3,3,2.7178,3.175,0,-7.23,0.4572,5.4356,27.45659811,91.14659811,208.8534019,0,0,0.696178006,55.19169917,66.69,1.7272,2.032,2.3368,2.3749,6.817984447,8.021158173,9.224331899,9.374728615,2.7178,10.72829906,91.14659811,138.840752,65.24043737,8.021158173,9.374728615,47.69415387,0
B00284,B00284_R2,282,Purple_5,Gate_4,1,3,0.2032,1.9812,70.28,0.762,0.7112,58.61,3,3,11.66,1.0668,2.032,0.2032,1.9812,1.4224,3.2512,1.4224,2,3,3,300,1,1,3,1.6891,1.1176,1.6891,1.3462,58.61,70.28,3,3,3.2512,1.4224,0,-11.67,-1.8288,4.6736,24.4486638,83.0586638,216.9413362,7.219042356,0,0.723137787,64.19034577,61.61,1.3462,1.6891,2.9464,3.0988,5.31401729,6.667587731,11.63067935,12.23226621,3.2512,12.83385308,83.0586638,134.9639257,66.4436111,6.667587731,12.23226621,51.90526191,2
B00284,B00284_R2,280,Orange_1,Yellow_4,2,3,0.2032,1.9812,70.28,0.762,0.7112,58.61,3,3,11.66,1.6764,2.54,0.762,0.7112,2.032,3.2512,3.2512,3,3,3,300,1,2,3,1.9939,1.1176,2.3749,1.4986,58.61,70.28,3,3,3.2512,2.032,0,-11.67,-1.2192,6.5024,31.66770615,90.27770615,209.7222938,0,0,0.699074313,46.13681102,61.61,1.4986,2.3749,2.032,2.4892,5.915604153,9.374728615,8.021158173,9.825918762,3.2512,12.83385308,90.27770615,131.3544045,64.63885051,9.374728615,9.825918762,41.07669838,1
B00284,B00284_R2,284,Gate_2,Green_1,3,3,0.2032,1.9812,70.28,0.762,0.7112,58.61,3,3,11.66,0.2032,1.143,1.6764,0.2032,1.3462,1.4986,2.413,1,3,3,300,1,3,3,2.5654,2.2606,2.9464,2.9464,58.61,70.28,3,3,1.4986,1.3462,0,-11.67,-0.1524,3.9116,21.44072948,80.05072948,219.9492705,10.22697667,0,0.733164235,76.69495858,61.61,2.9464,2.9464,1.3462,1.4224,11.63067935,11.63067935,5.31401729,5.614810721,1.4986,5.915604153,80.05072948,135.5655126,79.37772865,11.63067935,5.614810721,55.51478309,0
B00285,B00285_R1,283,Orange_2,Gate_3,1,3,0.2032,1.9812,61.88,1.6764,0.2032,67.75,3,3,-5.87,1.9812,2.54,0.2032,1.6002,2.3368,3.2512,2.7178,2,3,3,300,0,1,3,1.7653,1.4986,1.7653,1.1938,61.88,67.75,3,3,2.3368,3.2512,0,-5.87,0.9144,5.0546,25.95263096,87.83263096,212.167369,1.503967157,0,0.707224563,59.3518775,64.88,1.1938,1.7653,2.3368,2.3368,4.712430427,6.968381163,9.224331899,9.224331899,2.3368,9.224331899,87.83263096,127.7061556,53.81028698,6.968381163,9.224331899,39.87352465,2
B00285,B00285_R1,279,Orange_7,Gate_4,2,3,0.2032,1.9812,61.88,1.6764,0.2032,67.75,3,3,-5.87,2.54,1.6002,0.2032,1.9812,2.7178,2.2606,2.7178,2,3,3,300,0,2,3,2.2606,1.4986,1.5748,0.8128,61.88,67.75,3,3,2.7178,2.2606,0,-5.87,-0.4572,5.4356,27.45659811,89.33659811,210.6634019,0,0,0.70221134,55.19169917,64.88,0.8128,1.5748,2.3368,2.5273,3.208463269,6.216397584,9.224331899,9.976315478,2.7178,10.72829906,89.33659811,126.2021884,50.80235266,6.216397584,9.976315478,36.86559034,1
B00285,B00285_R1,285,Purple_1,Gate_4,3,3,0.2032,1.9812,61.88,1.6764,0.2032,67.75,3,3,-5.87,0.4572,2.54,0.2032,1.9812,0.8128,3.556,0.8128,2,3,3,300,0,3,3,2.5273,2.032,2.5273,2.3368,61.88,67.75,3,3,0.8128,3.556,0,-5.87,2.7432,1.6256,12.41692654,74.29692654,225.7030735,15.03967157,0,0.752343578,184.5472441,64.88,2.3368,2.5273,0.8128,1.0033,9.224331899,9.976315478,3.208463269,3.960446848,0.8128,3.208463269,74.29692654,127.7061556,73.36186002,9.976315478,3.960446848,53.40922907,0
B00286,B00286_R2,280,Orange_1,Yellow_4,1,3,0.2032,1.9812,61.11,1.6764,0.2032,57.71,3,3,3.4,1.6764,2.54,0.762,0.7112,2.032,2.9464,3.2512,3,3,3,300,1,1,3,2.8702,2.8702,1.4986,1.4986,57.71,61.11,3,3,2.9464,2.032,0,-3.4,-0.9144,6.1976,30.46453243,88.17453243,211.8254676,0,0,0.706084892,48.40583452,60.71,1.4986,1.4986,2.9464,3.2512,5.915604153,5.915604153,11.63067935,12.83385308,2.9464,11.63067935,88.17453243,133.4623388,57.11901472,5.915604153,12.83385308,45.28780642,2
B00286,B00286_R2,286,Gate_2,Yellow_1,2,3,0.2032,1.9812,61.11,1.6764,0.2032,57.71,3,3,3.4,0.2032,1.143,0.4572,0.2032,1.3462,2.413,1.1938,1,3,3,300,1,2,3,1.4351,0,2.3749,1.1938,57.71,61.11,3,3,2.413,1.3462,0,-3.4,-1.0668,3.6068,20.23755576,77.94755576,222.0524442,10.22697667,0,0.740174814,83.17622269,60.71,1.1938,2.3749,1.4986,1.9558,4.712430427,9.374728615,5.915604153,7.720364742,2.413,9.525125331,77.94755576,129.8528177,74.26424032,9.374728615,7.720364742,51.90526191,1
B00286,B00286_R2,284,Gate_2,Green_1,3,3,0.2032,1.9812,61.11,1.6764,0.2032,57.71,3,3,3.4,0.2032,1.143,1.6764,0.2032,1.3462,2.413,2.413,1,3,3,300,1,3,3,1.4351,0,2.6797,2.413,57.71,61.11,3,3,2.413,1.3462,0,-3.4,-1.0668,4.826,25.05025066,82.76025066,217.2397493,5.414281767,0,0.724132498,62.16328222,60.71,2.413,2.6797,1.1938,1.3462,9.525125331,10.57790234,4.712430427,5.31401729,2.413,9.525125331,82.76025066,128.6496439,71.85789287,10.57790234,5.31401729,45.88939328,0
B00287,B00287_R1,287,Gate_2,Green_6,1,3,0.2032,1.9812,52.5,1.6764,0.2032,64.52,3,3,-12.02,0.2032,1.143,2.54,0.762,1.3462,2.413,2.7178,1,3,3,300,0,1,3,2.2225,1.651,2.6035,1.3462,52.5,64.52,3,3,1.3462,2.413,0,-12.02,1.0668,4.064,22.04231635,74.54231635,225.4576837,5.414281767,0,0.751525612,73.81889764,55.5,1.3462,2.6035,1.3462,1.3462,5.31401729,10.27710891,5.31401729,5.31401729,1.3462,5.31401729,74.54231635,114.415841,60.42774247,10.27710891,5.31401729,39.87352465,2
B00287,B00287_R1,279,Orange_7,Gate_4,2,3,0.2032,1.9812,52.5,1.6764,0.2032,64.52,3,3,-12.02,2.54,1.6002,0.2032,1.9812,2.7178,2.2606,2.7178,2,3,3,300,0,2,3,2.9083,2.794,1.0795,0.8128,52.5,64.52,3,3,2.7178,2.2606,0,-12.02,-0.4572,5.4356,27.45659811,79.95659811,220.0434019,0,0,0.733478006,55.19169917,55.5,0.8128,1.0795,1.3462,2.032,3.208463269,4.261240279,5.31401729,8.021158173,2.7178,10.72829906,79.95659811,109.0015592,42.98172344,4.261240279,8.021158173,29.04496112,1
B00287,B00287_R1,285,Purple_1,Gate_4,3,3,0.2032,1.9812,52.5,1.6764,0.2032,64.52,3,3,-12.02,0.4572,2.54,0.2032,1.9812,0.8128,3.556,0.8128,2,3,3,300,0,3,3,2.3368,1.651,2.032,1.3462,52.5,64.52,3,3,0.8128,3.556,0,-12.02,2.7432,1.6256,12.41692654,64.91692654,235.0830735,15.03967157,0,0.783610245,184.5472441,55.5,1.3462,2.032,0.8128,2.3368,5.31401729,8.021158173,3.208463269,9.224331899,0.8128,3.208463269,64.91692654,114.415841,65.54123081,8.021158173,9.224331899,49.49891446,0
B00288,B00288_R2,286,Gate_2,Yellow_1,1,3,0.2032,1.9812,55.48,1.6764,0.2032,53.66,3,3,1.82,0.2032,1.143,0.4572,0.2032,1.3462,2.413,1.1938,1,3,3,300,1,1,3,0.4445,0,1.0033,0.8128,53.66,55.48,3,3,2.413,1.3462,0,-1.82,-1.0668,3.6068,20.23755576,73.89755576,226.1024442,5.414281767,0,0.753674814,83.17622269,56.66,0.8128,1.0033,2.413,2.5654,3.208463269,3.960446848,9.525125331,10.12671219,2.413,9.525125331,73.89755576,124.5996439,58.62298188,3.960446848,10.12671219,50.70208819,2
B00288,B00288_R2,284,Gate_2,Green_1,2,3,0.2032,1.9812,55.48,1.6764,0.2032,53.66,3,3,1.82,0.2032,1.143,1.6764,0.2032,1.3462,2.413,2.413,1,3,3,300,1,2,3,0.4445,0,2.2225,2.032,53.66,55.48,3,3,2.413,1.3462,0,-1.82,-1.0668,4.826,25.05025066,78.71025066,221.2897493,0.601586863,0,0.737632498,62.16328222,56.66,2.032,2.2225,1.1938,1.9558,8.021158173,8.773141752,4.712430427,7.720364742,2.413,9.525125331,78.71025066,119.786949,63.43567679,8.773141752,7.720364742,41.07669838,1
B00288,B00288_R2,288,Gate_1,Green_6,3,3,0.2032,1.9812,55.48,1.6764,0.2032,53.66,3,3,1.82,0.2032,0.762,2.54,0.762,1.7272,2.032,2.9464,1,3,3,300,1,3,3,0.889,0.889,2.7178,2.7178,53.66,55.48,3,3,2.032,1.7272,0,-1.82,-0.3048,4.9784,25.65183752,79.31183752,220.6881625,0,0,0.735627208,60.2603246,56.66,2.7178,2.7178,0.8128,1.4224,10.72829906,10.72829906,3.208463269,5.614810721,2.032,8.021158173,79.31183752,119.786949,66.74440453,10.72829906,5.614810721,40.47511151,0
B00289,B00289_R1,289,Green_3,Orange_2,1,3,0.2032,1.9812,48.51,2.54,0.762,63.72,3,3,-15.21,2.286,0.2032,1.9812,2.54,3.8608,0.8128,2.6416,3,3,3,300,0,1,3,2.9083,1.651,1.7653,1.4986,48.51,63.72,3,3,3.8608,0.8128,0,-15.21,-3.048,6.5024,31.66770615,80.17770615,219.8222938,0,0,0.732740979,46.13681102,51.51,1.4986,1.7653,3.8608,3.8608,5.915604153,6.968381163,15.24020053,15.24020053,3.8608,15.24020053,80.17770615,120.0512308,53.81028698,6.968381163,15.24020053,39.87352465,2
B00289,B00289_R1,279,Orange_7,Gate_4,2,3,0.2032,1.9812,48.51,2.54,0.762,63.72,3,3,-15.21,2.54,1.6002,0.2032,1.9812,2.7178,1.3462,2.7178,2,3,3,300,0,2,3,2.3368,1.651,2.3368,0.8128,48.51,63.72,3,3,2.7178,1.3462,0,-15.21,-1.3716,5.4356,27.45659811,75.96659811,224.0334019,4.211108041,0,0.746778006,55.19169917,51.51,0.8128,2.3368,1.4986,2.1082,3.208463269,9.224331899,5.915604153,8.321951605,2.7178,10.72829906,75.96659811,115.2385359,62.53329649,9.224331899,8.321951605,39.27193779,1
B00289,B00289_R1,285,Purple_1,Gate_4,3,3,0.2032,1.9812,48.51,2.54,0.762,63.72,3,3,-15.21,0.4572,2.54,0.2032,1.9812,0.8128,3.8608,0.8128,2,3,3,300,0,3,3,3.5941,3.0226,3.2893,2.7178,48.51,63.72,3,3,0.8128,3.8608,0,-15.21,3.048,1.6256,12.41692654,60.92692654,239.0730735,19.25077962,0,0.796910245,184.5472441,51.51,2.7178,3.2893,0.8128,1.4224,10.72829906,12.98424979,3.208463269,5.614810721,0.8128,3.208463269,60.92692654,120.0512308,85.09280385,12.98424979,5.614810721,59.12430427,0
B00290,B00290_R1,279,Orange_7,Gate_4,1,3,0.2032,1.9812,55.02,2.54,0.762,54.8,3,3,0.21,2.54,1.6002,0.2032,1.9812,2.7178,1.3462,2.7178,2,3,3,300,0,1,3,3.0988,3.0226,1.27,0.8128,55.02,54.8,3,3,2.7178,1.3462,0,0.22,-1.3716,5.4356,27.45659811,82.47659811,217.5234019,0,0,0.725078006,55.19169917,58.02,0.8128,1.27,2.413,2.5654,3.208463269,5.013223858,9.525125331,10.12671219,2.7178,10.72829906,82.47659811,116.935841,45.68886433,5.013223858,10.12671219,34.45924288,2
B00290,B00290_R1,285,Purple_1,Gate_4,2,3,0.2032,1.9812,55.02,2.54,0.762,54.8,3,3,0.21,0.4572,2.54,0.2032,1.9812,0.8128,3.8608,0.8128,2,3,3,300,0,2,3,2.5273,2.032,2.2225,1.7272,55.02,54.8,3,3,0.8128,3.8608,0,0.22,3.048,1.6256,12.41692654,67.43692654,232.5630735,15.03967157,0,0.775210245,184.5472441,58.02,1.7272,2.2225,0.8128,0.9652,6.817984447,8.773141752,3.208463269,3.810050132,0.8128,3.208463269,67.43692654,118.1390147,68.24837169,8.773141752,3.810050132,50.70208819,1
B00290,B00290_R1,290,Gate_1,Purple_5,3,3,0.2032,1.9812,55.02,2.54,0.762,54.8,3,3,0.21,0.2032,0.762,1.0668,2.032,1.7272,2.9464,2.6416,1,3,3,300,0,3,3,2.6035,2.032,1.7653,1.1176,55.02,54.8,3,3,1.7272,2.9464,0,0.22,1.2192,4.3688,23.24549007,78.26549007,221.7345099,4.211108041,0,0.739115033,68.66874199,58.02,1.1176,1.7653,1.7272,1.7272,4.411636995,6.968381163,6.817984447,6.817984447,1.7272,6.817984447,78.26549007,118.1390147,53.81028698,6.968381163,6.817984447,39.87352465,0
B00291,B00291_R2,291,Gate_2,Yellow_5,1,2,1.0668,2.032,71.89,2.54,0.762,47.01,4,2,24.88,0.2032,1.143,1.0668,0.7112,2.2606,2.7178,1.8034,1,3,3,300,1,1,2,0.889,0.889,1.4224,1.4224,47.01,71.89,2,4,2.7178,2.2606,-2,-24.88,-0.4572,4.5212,23.84707694,70.85707694,229.1429231,5.414281767,0,0.763809744,66.35406529,49.01,1.4224,1.4224,2.7178,2.7178,5.614810721,5.614810721,10.72829906,10.72829906,2.7178,10.72829906,70.85707694,100.1184356,34.87616942,5.614810721,10.72829906,29.2613587,1
B00291,B00291_R2,288,Gate_1,Green_6,2,2,1.0668,2.032,71.89,2.54,0.762,47.01,4,2,24.88,0.2032,0.762,2.54,0.762,2.6416,2.9464,2.9464,1,3,3,300,1,2,2,0.889,0.889,2.7178,2.7178,47.01,71.89,2,4,2.9464,2.6416,-2,-24.88,-0.3048,5.8928,29.2613587,76.2713587,223.7286413,0,0,0.745762138,50.90958458,49.01,2.7178,2.7178,1.4224,1.4224,10.72829906,10.72829906,5.614810721,5.614810721,2.9464,11.63067935,76.2713587,94.10256701,34.57537599,10.72829906,5.614810721,17.83120831,0
B00292,B00292_R1,292,Gate_2,Purple_1,1,3,1.0668,2.032,58.71,2.54,0.762,59.45,3,3,-0.75,0.2032,1.143,0.4572,2.54,2.2606,2.7178,1.651,1,3,3,300,0,1,3,1.27,0.889,1.016,0,58.71,59.45,3,3,2.2606,2.7178,0,-0.74,0.4572,3.9116,21.44072948,80.15072948,219.8492705,5.414281767,0,0.732830902,76.69495858,61.71,0,1.016,1.3462,1.8034,0,4.010579087,5.31401729,7.118777879,2.2606,8.923538468,80.15072948,117.0163198,48.49626969,4.010579087,7.118777879,36.86559034,2
B00292,B00292_R1,285,Purple_1,Gate_4,2,3,1.0668,2.032,58.71,2.54,0.762,59.45,3,3,-0.75,0.4572,2.54,0.2032,1.9812,1.1176,3.8608,0.8128,2,3,3,300,0,2,3,1.8415,1.651,1.5367,1.3462,58.71,59.45,3,3,1.1176,3.8608,0,-0.74,2.7432,1.9304,13.62010026,72.33010026,227.6698997,13.23491099,0,0.758899666,155.4082056,61.71,1.3462,1.5367,0,0.5588,5.31401729,6.066000868,0,2.205818498,1.1176,4.411636995,72.33010026,116.214204,60.42774247,6.066000868,2.205818498,43.88410374,1
B00292,B00292_R1,290,Gate_1,Purple_5,3,3,1.0668,2.032,58.71,2.54,0.762,59.45,3,3,-0.75,0.2032,0.762,1.0668,2.032,2.6416,2.9464,2.6416,1,3,3,300,0,3,3,1.4605,0.889,1.6891,1.1176,58.71,59.45,3,3,2.6416,2.9464,0,-0.74,0.3048,5.2832,26.85501125,85.56501125,214.4349887,0,0,0.714783296,56.78376741,61.71,1.1176,1.6891,1.7272,1.8796,4.411636995,6.667587731,6.817984447,7.41957131,2.6416,10.42750563,85.56501125,117.0163198,48.39600521,6.667587731,7.41957131,31.45130857,0
B00293,B00293_R2,288,Gate_1,Green_6,1,2,1.0668,2.032,64.41,2.54,0.762,46.93,4,2,17.48,0.2032,0.762,2.54,0.762,2.6416,2.9464,2.9464,1,3,3,300,1,1,2,0,0,2.9464,2.9464,46.93,64.41,2,4,2.9464,2.6416,-2,-17.48,-0.3048,5.8928,29.2613587,76.1913587,223.8086413,2.406347452,0,0.746028804,50.90958458,48.93,2.9464,2.9464,3.556,3.556,11.63067935,11.63067935,14.0370268,14.0370268,2.9464,11.63067935,76.1913587,110.2654123,43.29838551,11.63067935,14.0370268,34.07405361,1
B00293,B00293_R2,293,Gate_1,Orange_2,2,2,1.0668,2.032,64.41,2.54,0.762,46.93,4,2,17.48,0.2032,0.762,1.9812,2.54,2.6416,2.9464,3.556,1,3,3,300,1,2,2,0,0,3.556,3.556,46.93,64.41,2,4,2.9464,2.6416,-2,-17.48,-0.3048,6.5024,31.66770615,78.59770615,221.4022938,0,0,0.738007646,46.13681102,48.93,3.556,3.556,2.9464,2.9464,14.0370268,14.0370268,11.63067935,11.63067935,2.9464,11.63067935,78.59770615,107.8590649,43.29838551,14.0370268,11.63067935,29.2613587,0
B00294,B00294_R1,285,Purple_1,Gate_4,1,3,1.0668,2.032,50.69,1.9812,2.54,66.07,3,3,-15.39,0.4572,2.54,0.2032,1.9812,1.1176,2.032,0.8128,2,3,3,300,0,1,3,2.032,2.032,1.7272,1.7272,50.69,66.07,3,3,1.1176,2.032,0,-15.38,0.9144,1.9304,13.62010026,64.31010026,235.6898997,13.23491099,0,0.785632999,155.4082056,53.69,1.7272,1.7272,1.1176,2.032,6.817984447,6.817984447,4.411636995,8.021158173,1.1176,4.411636995,64.31010026,113.2074279,62.53329649,6.817984447,8.021158173,48.8973276,2
B00294,B00294_R1,294,Gate_1,Yellow_3,2,3,1.0668,2.032,50.69,1.9812,2.54,66.07,3,3,-15.39,0.2032,0.762,1.0668,0.2032,2.6416,3.556,1.4224,1,3,3,300,0,2,3,1.016,0,2.1844,1.4224,50.69,66.07,3,3,2.6416,3.556,0,-15.38,0.9144,4.064,22.04231635,72.73231635,227.2676837,4.812694904,0,0.757558946,73.81889764,53.69,1.4224,2.1844,1.7272,2.1844,5.614810721,8.622745036,6.817984447,8.622745036,2.6416,10.42750563,72.73231635,109.5979067,57.72060159,8.622745036,8.622745036,36.86559034,1
B00294,B00294_R1,290,Gate_1,Purple_5,3,3,1.0668,2.032,50.69,1.9812,2.54,66.07,3,3,-15.39,0.2032,0.762,1.0668,2.032,2.6416,3.556,2.6416,1,3,3,300,0,3,3,1.016,0,1.8796,1.1176,50.69,66.07,3,3,2.6416,3.556,0,-15.38,0.9144,5.2832,26.85501125,77.54501125,222.4549887,0,0,0.741516629,56.78376741,53.69,1.1176,1.8796,1.4224,1.5748,4.411636995,7.41957131,5.614810721,6.216397584,2.6416,10.42750563,77.54501125,108.394733,50.50155923,7.41957131,6.216397584,30.84972171,0
B00295,B00295_R2,295,Green_6,Yellow_2,1,2,1.0668,2.032,59.52,1.9812,2.54,56.03,4,2,3.49,2.54,0.762,0.762,0.2032,3.2512,2.3368,2.3368,3,3,3,300,1,1,2,2.9464,2.9464,1.1176,1.1176,56.03,59.52,2,4,2.3368,3.2512,-2,-3.49,0.9144,4.6736,24.4486638,80.4786638,219.5213362,9.625389808,0,0.731737787,64.19034577,58.03,1.1176,1.1176,2.3368,2.3368,4.411636995,4.411636995,9.224331899,9.224331899,2.3368,9.224331899,80.4786638,114.5527174,38.4856906,4.411636995,9.224331899,34.07405361,1
B00295,B00295_R2,293,Gate_1,Orange_2,2,2,1.0668,2.032,59.52,1.9812,2.54,56.03,4,2,3.49,0.2032,0.762,1.9812,2.54,2.6416,3.556,3.556,1,3,3,300,1,2,2,2.9464,2.9464,2.3368,2.3368,56.03,59.52,2,4,3.556,2.6416,-2,-3.49,-0.9144,7.112,34.07405361,90.10405361,209.8959464,0,0,0.699653155,42.18222722,58.03,2.3368,2.3368,1.1176,1.1176,9.224331899,9.224331899,4.411636995,4.411636995,3.556,14.0370268,90.10405361,104.9273276,33.6729957,9.224331899,4.411636995,14.82327399,0
B00296,B00296_R1,294,Gate_1,Yellow_3,1,3,1.0668,2.032,50,1.9812,2.54,55.42,3,3,-5.42,0.2032,0.762,1.0668,0.2032,2.6416,3.556,1.4224,1,3,3,300,0,1,3,0,0,1.4224,1.4224,50,55.42,3,3,2.6416,3.556,0,-5.42,0.9144,4.064,22.04231635,72.04231635,227.9576837,4.812694904,0,0.759858946,73.81889764,53,1.4224,1.4224,1.1176,1.8796,5.614810721,5.614810721,4.411636995,7.41957131,2.6416,10.42750563,72.04231635,113.7206016,58.92377531,5.614810721,7.41957131,41.67828524,2
B00296,B00296_R1,296,Gate_1,Yellow_4,2,3,1.0668,2.032,50,1.9812,2.54,55.42,3,3,-5.42,0.2032,0.762,0.762,0.7112,2.6416,3.556,1.1176,1,3,3,300,0,2,3,0,0,1.1176,1.1176,50,55.42,3,3,2.6416,3.556,0,-5.42,0.9144,3.7592,20.83914262,70.83914262,229.1608574,6.01586863,0,0.763869525,79.80421366,53,1.1176,1.1176,1.4224,2.032,4.411636995,4.411636995,5.614810721,8.021158173,2.6416,10.42750563,70.83914262,114.9237753,57.72060159,4.411636995,8.021158173,44.08463269,1
B00296,B00296_R1,290,Gate_1,Purple_5,3,3,1.0668,2.032,50,1.9812,2.54,55.42,3,3,-5.42,0.2032,0.762,1.0668,2.032,2.6416,3.556,2.6416,1,3,3,300,0,3,3,0,0,2.6416,2.6416,50,55.42,3,3,2.6416,3.556,0,-5.42,0.9144,5.2832,26.85501125,76.85501125,223.1449887,0,0,0.743816629,56.78376741,53,2.6416,2.6416,1.1176,1.27,10.42750563,10.42750563,4.411636995,5.013223858,2.6416,10.42750563,76.85501125,113.7206016,63.73647022,10.42750563,5.013223858,36.86559034,0
B00297,B00297_R2,297,Gate_1,Orange_5,1,2,1.0668,2.032,60.5,1.9812,2.54,41.19,4,2,19.31,0.2032,0.762,1.9812,2.032,2.6416,3.556,3.556,1,3,3,300,1,1,2,0,0,3.556,3.556,41.19,60.5,2,4,3.556,2.6416,-2,-19.31,-0.9144,7.112,34.07405361,75.26405361,224.7359464,0,0,0.749119821,42.18222722,43.19,3.556,3.556,3.556,3.556,14.0370268,14.0370268,14.0370268,14.0370268,3.556,14.0370268,75.26405361,109.3381072,48.11108041,14.0370268,14.0370268,34.07405361,1
B00297,B00297_R2,293,Gate_1,Orange_2,2,2,1.0668,2.032,60.5,1.9812,2.54,41.19,4,2,19.31,0.2032,0.762,1.9812,2.54,2.6416,3.556,3.556,1,3,3,300,1,2,2,0,0,3.556,3.556,41.19,60.5,2,4,3.556,2.6416,-2,-19.31,-0.9144,7.112,34.07405361,75.26405361,224.7359464,0,0,0.749119821,42.18222722,43.19,3.556,3.556,3.556,3.556,14.0370268,14.0370268,14.0370268,14.0370268,3.556,14.0370268,75.26405361,109.3381072,48.11108041,14.0370268,14.0370268,34.07405361,0
B00298,B00298_R1,296,Gate_1,Yellow_4,1,3,1.0668,2.032,50.99,1.9812,2.54,71.87,3,3,-20.88,0.2032,0.762,0.762,0.7112,2.6416,3.556,1.1176,1,3,3,300,0,1,3,1.778,0,2.3368,1.1176,50.99,71.87,3,3,2.6416,3.556,0,-20.88,0.9144,3.7592,20.83914262,71.82914262,228.1708574,6.01586863,0,0.760569525,79.80421366,53.99,1.1176,2.3368,1.3462,1.9939,4.411636995,9.224331899,5.31401729,7.870761457,2.6416,10.42750563,71.82914262,115.9137753,67.64678483,9.224331899,7.870761457,44.08463269,2
B00298,B00298_R1,290,Gate_1,Purple_5,2,3,1.0668,2.032,50.99,1.9812,2.54,71.87,3,3,-20.88,0.2032,0.762,1.0668,2.032,2.6416,3.556,2.6416,1,3,3,300,0,2,3,1.778,0,2.032,1.4224,50.99,71.87,3,3,2.6416,3.556,0,-20.88,0.9144,5.2832,26.85501125,77.84501125,222.1549887,0,0,0.740516629,56.78376741,53.99,1.4224,2.032,1.1176,1.2319,5.614810721,8.021158173,4.411636995,4.862827142,2.6416,10.42750563,77.84501125,115.011395,59.22456874,8.021158173,4.862827142,37.16638377,1
B00298,B00298_R1,298,Orange_2,Gate_3,3,3,1.0668,2.032,50.99,1.9812,2.54,71.87,3,3,-20.88,1.9812,2.54,0.2032,1.6002,1.4224,0,2.7178,2,3,3,300,0,3,3,3.556,3.556,1.3462,1.3462,50.99,71.87,3,3,1.4224,0,0,-20.88,-1.4224,4.1402,22.34310978,73.33310978,226.6668902,4.511901472,0,0.755556301,72.46026762,53.99,1.3462,1.3462,1.4224,2.4892,5.31401729,5.31401729,5.614810721,9.825918762,1.4224,5.614810721,73.33310978,121.0272636,58.32218845,5.31401729,9.825918762,47.69415387,0
B00299,B00299_R2,299,Green_4,Gate_3,1,2,0.2032,1.6002,64.41,1.9812,2.54,59.88,4,2,4.53,1.6764,0.7112,0.2032,1.6002,2.8702,3.2512,2.8702,2,3,3,300,1,1,2,2.032,2.032,1.3462,1.3462,59.88,64.41,2,4,3.2512,2.8702,-2,-4.53,-0.381,6.1214,30.163739,90.043739,209.956261,3.910314609,0,0.699854203,49.00839677,61.88,1.3462,1.3462,3.2512,3.2512,5.31401729,5.31401729,12.83385308,12.83385308,3.2512,12.83385308,90.043739,124.1177926,39.3880709,5.31401729,12.83385308,34.07405361,1
B00299,B00299_R2,293,Gate_1,Orange_2,2,2,0.2032,1.6002,64.41,1.9812,2.54,59.88,4,2,4.53,0.2032,0.762,1.9812,2.54,1.3462,3.556,3.556,1,3,3,300,1,2,2,2.032,2.032,3.2512,3.2512,59.88,64.41,2,4,3.556,1.3462,-2,-4.53,-2.2098,7.112,34.07405361,93.95405361,206.0459464,0,0,0.686819821,42.18222722,61.88,3.2512,3.2512,1.3462,1.3462,12.83385308,12.83385308,5.31401729,5.31401729,3.556,14.0370268,93.95405361,115.3947831,42.99759207,12.83385308,5.31401729,21.44072948,0
B00300,B00300_R1,300,Gate_1,Orange_3,1,3,0.2032,1.6002,55.8,1.9812,2.54,73.83,3,3,-18.03,0.2032,0.762,2.286,2.54,1.3462,3.556,3.8608,1,3,3,300,0,1,3,1.778,0,2.3368,0.8128,55.8,73.83,3,3,1.3462,3.556,0,-18.03,2.2098,5.207,26.55421782,82.35421782,217.6457822,0.902380294,0,0.725485941,57.61474938,58.8,0.8128,2.3368,1.3462,1.9939,3.208463269,9.224331899,5.31401729,7.870761457,1.3462,5.31401729,82.35421782,131.5523388,67.64678483,9.224331899,7.870761457,49.19812103,2
B00300,B00300_R1,298,Orange_2,Gate_3,2,3,0.2032,1.6002,55.8,1.9812,2.54,73.83,3,3,-18.03,1.9812,2.54,0.2032,1.6002,2.7178,0,2.7178,2,3,3,300,0,2,3,3.556,3.556,1.3462,1.3462,55.8,73.83,3,3,2.7178,0,0,-18.03,-2.7178,5.4356,27.45659811,83.25659811,216.7434019,0,0,0.722478006,55.19169917,58.8,1.3462,1.3462,0.8128,1.1176,5.31401729,5.31401729,3.208463269,4.411636995,2.7178,10.72829906,83.25659811,124.0325031,58.92377531,5.31401729,4.411636995,40.77590495,1
B00300,B00300_R1,290,Gate_1,Purple_5,3,3,0.2032,1.6002,55.8,1.9812,2.54,73.83,3,3,-18.03,0.2032,0.762,1.0668,2.032,1.3462,3.556,2.6416,1,3,3,300,0,3,3,1.778,0,2.032,1.4224,55.8,73.83,3,3,1.3462,3.556,0,-18.03,2.2098,3.9878,21.74152291,77.54152291,222.4584771,5.715075198,0,0.741528257,75.22944982,58.8,1.4224,2.032,1.3462,2.6035,5.614810721,8.021158173,5.31401729,10.27710891,1.3462,5.31401729,77.54152291,131.5523388,70.05313228,8.021158173,10.27710891,54.01081593,0
B00301,B00301_R2,293,Gate_1,Orange_2,1,2,1.0668,2.032,71.33,1.9812,2.54,57.03,4,2,14.3,0.2032,0.762,1.9812,2.54,2.6416,3.556,3.556,1,3,3,300,1,1,2,2.3368,2.3368,1.7272,1.7272,57.03,71.33,2,4,3.556,2.6416,-2,-14.3,-0.9144,7.112,34.07405361,91.10405361,208.8959464,0,0,0.696319821,42.18222722,59.03,1.7272,1.7272,1.7272,1.7272,6.817984447,6.817984447,6.817984447,6.817984447,3.556,14.0370268,91.10405361,101.1146327,24.04760589,6.817984447,6.817984447,10.01057909,1
B00301,B00301_R2,301,Purple_2,Gate_4,2,2,1.0668,2.032,71.33,1.9812,2.54,57.03,4,2,14.3,0.762,2.54,0.2032,1.9812,0.8128,1.7272,1.1176,2,3,3,300,1,2,2,2.3368,2.3368,1.7272,1.7272,57.03,71.33,2,4,1.7272,0.8128,-2,-14.3,-0.9144,2.8448,17.22962144,74.25962144,225.7403786,16.84443216,0,0.752467929,105.4555681,59.03,1.7272,1.7272,1.7272,1.7272,6.817984447,6.817984447,6.817984447,6.817984447,1.7272,6.817984447,74.25962144,108.333675,40.89203805,6.817984447,6.817984447,34.07405361,0
B00302,B00302_R2,302,Gate_1,Yellow_1,1,3,1.0668,2.032,62.92,0.2032,1.9812,58.67,3,3,4.25,0.2032,0.762,0.4572,0.2032,2.6416,1.7272,0.8128,1,3,3,300,1,1,3,1.1684,0,1.7272,0.8128,58.67,62.92,3,3,1.7272,2.6416,0,-4.25,0.9144,2.54,16.02644772,74.69644772,225.3035523,10.82856353,0,0.751011841,118.1102362,61.67,0.8128,1.7272,1.7272,2.6416,3.208463269,6.817984447,6.817984447,10.42750563,1.7272,6.817984447,74.69644772,116.374733,55.31425413,6.817984447,10.42750563,41.67828524,2
B00302,B00302_R2,293,Gate_1,Orange_2,2,3,1.0668,2.032,62.92,0.2032,1.9812,58.67,3,3,4.25,0.2032,0.762,1.9812,2.54,2.6416,1.7272,3.556,1,3,3,300,1,2,3,1.1684,0,2.6416,1.7272,58.67,62.92,3,3,1.7272,2.6416,0,-4.25,0.9144,5.2832,26.85501125,85.52501125,214.4749887,0,0,0.714916629,56.78376741,61.67,1.7272,2.6416,0.8128,1.27,6.817984447,10.42750563,3.208463269,5.013223858,1.7272,6.817984447,85.52501125,112.7652118,51.70473296,10.42750563,5.013223858,27.24020053,1
B00302,B00302_R2,301,Purple_2,Gate_4,3,3,1.0668,2.032,62.92,0.2032,1.9812,58.67,3,3,4.25,0.762,2.54,0.2032,1.9812,0.8128,1.1176,1.1176,2,3,3,300,1,3,3,2.3368,2.3368,1.7272,1.7272,58.67,62.92,3,3,1.1176,0.8128,0,-4.25,-0.3048,2.2352,14.82327399,73.49327399,226.506726,12.03173726,0,0.75502242,134.2161775,61.67,1.7272,1.7272,1.7272,2.1844,6.817984447,6.817984447,6.817984447,8.622745036,1.1176,4.411636995,73.49327399,118.7810804,56.51742786,6.817984447,8.622745036,45.28780642,0
B00303,B00303_R1,298,Orange_2,Gate_3,1,3,1.0668,2.032,48.39,0.2032,1.9812,56.84,3,3,-8.45,1.9812,2.54,0.2032,1.6002,1.4224,2.3368,2.7178,2,3,3,300,0,1,3,2.1844,0.8128,1.8796,1.3462,48.39,56.84,3,3,1.4224,2.3368,0,-8.45,0.9144,4.1402,22.34310978,70.73310978,229.2668902,4.511901472,0,0.764222967,72.46026762,51.39,1.3462,1.8796,1.4224,1.8796,5.31401729,7.41957131,5.614810721,7.41957131,1.4224,5.614810721,70.73310978,116.0209162,60.12694904,7.41957131,7.41957131,45.28780642,2
B00303,B00303_R1,290,Gate_1,Purple_5,2,3,1.0668,2.032,48.39,0.2032,1.9812,56.84,3,3,-8.45,0.2032,0.762,1.0668,2.032,2.6416,1.7272,2.6416,1,3,3,300,0,2,3,3.4036,3.2512,1.27,1.1176,48.39,56.84,3,3,2.6416,1.7272,0,-8.45,-0.9144,5.2832,26.85501125,75.24501125,224.7549887,0,0,0.749183296,56.78376741,51.39,1.1176,1.27,1.3462,1.5367,4.411636995,5.013223858,5.31401729,6.066000868,2.6416,10.42750563,75.24501125,110.9074279,50.80235266,5.013223858,6.066000868,35.66241661,1
B00303,B00303_R1,303,Orange_1,Gate_4,3,3,1.0668,2.032,48.39,0.2032,1.9812,56.84,3,3,-8.45,1.6764,2.54,0.2032,1.9812,1.1176,2.032,2.032,2,3,3,300,0,3,3,2.032,0.8128,2.032,1.7272,48.39,56.84,3,3,1.1176,2.032,0,-8.45,0.9144,3.1496,18.43279517,66.82279517,233.1772048,8.422216082,0,0.777257349,95.2501905,51.39,1.7272,2.032,1.1176,1.7653,6.817984447,8.021158173,4.411636995,6.968381163,1.1176,4.411636995,66.82279517,116.0209162,65.24043737,8.021158173,6.968381163,49.19812103,0
B00304,B00304_R2,293,Gate_1,Orange_2,1,3,0.2032,1.9812,57.91,0.2032,1.9812,48.44,3,3,9.46,0.2032,0.762,1.9812,2.54,1.7272,1.7272,3.556,1,3,3,300,1,1,3,2.7559,2.3368,1.6129,1.4986,48.44,57.91,3,3,1.7272,1.7272,0,-9.47,0,5.2832,26.85501125,75.29501125,224.7049887,0.601586863,0,0.749016629,56.78376741,51.44,1.4986,1.6129,1.7272,1.7272,5.915604153,6.3667943,6.817984447,6.817984447,1.7272,6.817984447,75.29501125,117.5748834,55.0134607,6.3667943,6.817984447,42.2798721,2
B00304,B00304_R2,304,Orange_7,Gate_4,2,3,0.2032,1.9812,57.91,0.2032,1.9812,48.44,3,3,9.46,2.54,1.6002,0.2032,1.9812,2.7178,2.7178,2.7178,2,3,3,300,1,2,3,2.9464,2.7178,1.4224,1.1176,48.44,57.91,3,3,2.7178,2.7178,0,-9.47,0,5.4356,27.45659811,75.89659811,224.1034019,0,0,0.74701134,55.19169917,51.44,1.1176,1.4224,1.4986,2.1082,4.411636995,5.614810721,5.915604153,8.321951605,2.7178,10.72829906,75.89659811,112.7621884,52.90790668,5.614810721,8.321951605,36.86559034,1
B00304,B00304_R2,301,Purple_2,Gate_4,3,3,0.2032,1.9812,57.91,0.2032,1.9812,48.44,3,3,9.46,0.762,2.54,0.2032,1.9812,1.1176,1.1176,1.1176,2,3,3,300,1,3,3,2.5273,2.3368,2.2225,1.7272,48.44,57.91,3,3,1.1176,1.1176,0,-9.47,0,2.2352,14.82327399,63.26327399,236.736726,12.63332412,0,0.78912242,134.2161775,51.44,1.7272,2.2225,1.1176,1.4224,6.817984447,8.773141752,4.411636995,5.614810721,1.1176,4.411636995,63.26327399,117.5748834,71.85789287,8.773141752,5.614810721,54.31160936,0
B00305,B00305_R1,305,Gate_1,Purple_5,1,3,0.2032,1.9812,47.79,0.2032,1.9812,62.31,3,3,-14.53,0.2032,0.762,1.0668,2.032,1.7272,1.7272,2.6416,1,3,3,300,0,1,3,1.6256,0,1.8796,1.1176,47.79,62.31,3,3,1.7272,1.7272,0,-14.52,0,4.3688,23.24549007,71.03549007,228.9645099,0,0,0.763215033,68.66874199,50.79,1.1176,1.8796,1.7272,2.1844,4.411636995,7.41957131,6.817984447,8.622745036,1.7272,6.817984447,71.03549007,116.3232965,60.12694904,7.41957131,8.622745036,45.28780642,2
B00305,B00305_R1,303,Orange_1,Gate_4,2,3,0.2032,1.9812,47.79,0.2032,1.9812,62.31,3,3,-14.53,1.6764,2.54,0.2032,1.9812,2.032,2.032,2.032,2,3,3,300,0,2,3,3.2512,3.2512,1.7272,1.7272,47.79,62.31,3,3,2.032,2.032,0,-14.52,0,4.064,22.04231635,69.83231635,230.1676837,1.203173726,0,0.767225612,73.81889764,50.79,1.7272,1.7272,1.1176,1.1176,6.817984447,6.817984447,4.411636995,4.411636995,2.032,8.021158173,69.83231635,112.7137753,60.12694904,6.817984447,4.411636995,42.88145897,1
B00305,B00305_R1,290,Gate_1,Purple_5,3,3,0.2032,1.9812,47.79,0.2032,1.9812,62.31,3,3,-14.53,0.2032,0.762,1.0668,2.032,1.7272,1.7272,2.6416,1,3,3,300,0,3,3,1.6256,0,1.8796,1.1176,47.79,62.31,3,3,1.7272,1.7272,0,-14.52,0,4.3688,23.24549007,71.03549007,228.9645099,0,0,0.763215033,68.66874199,50.79,1.1176,1.8796,1.7272,2.1844,4.411636995,7.41957131,6.817984447,8.622745036,1.7272,6.817984447,71.03549007,116.3232965,60.12694904,7.41957131,8.622745036,45.28780642,0
B00306,B00306_R2,304,Orange_7,Gate_4,1,3,1.0668,2.032,59.11,0.2032,1.9812,55.94,3,3,3.16,2.54,1.6002,0.2032,1.9812,2.413,2.7178,2.7178,2,3,3,300,1,1,3,2.7178,2.7178,1.1176,1.1176,55.94,59.11,3,3,2.7178,2.413,0,-3.17,-0.3048,5.4356,27.45659811,83.39659811,216.6034019,0,0,0.72201134,55.19169917,58.94,1.1176,1.1176,2.3368,2.5273,4.411636995,4.411636995,9.224331899,9.976315478,2.7178,10.72829906,83.39659811,113.0431461,39.97378913,4.411636995,9.976315478,29.64654798,2
B00306,B00306_R2,301,Purple_2,Gate_4,2,3,1.0668,2.032,59.11,0.2032,1.9812,55.94,3,3,3.16,0.762,2.54,0.2032,1.9812,0.8128,1.1176,1.1176,2,3,3,300,1,2,3,1.3589,0,1.9177,1.1176,55.94,59.11,3,3,1.1176,0.8128,0,-3.17,-0.3048,2.2352,14.82327399,70.76327399,229.236726,12.63332412,0,0.76412242,134.2161775,58.94,1.1176,1.9177,1.1176,1.3081,4.411636995,7.569968026,4.411636995,5.163620574,1.1176,4.411636995,70.76327399,114.5471133,58.92377531,7.569968026,5.163620574,43.78383926,1
B00306,B00306_R2,306,Purple_2,Gate_3,3,3,1.0668,2.032,59.11,0.2032,1.9812,55.94,3,3,3.16,0.762,2.54,0.2032,1.6002,0.8128,1.1176,1.4986,2,3,3,300,1,3,3,1.3589,0,1.9177,1.4986,55.94,59.11,3,3,1.1176,0.8128,0,-3.17,-0.3048,2.6162,16.32724115,72.26724115,227.7327589,11.12935697,0,0.759109196,114.6701323,58.94,1.4986,1.9177,1.1176,1.1176,5.915604153,7.569968026,4.411636995,4.411636995,1.1176,4.411636995,72.26724115,114.5471133,57.41980816,7.569968026,4.411636995,42.2798721,0
B00307,B00307_R1,303,Orange_1,Gate_4,1,3,1.0668,2.032,49.29,0.2032,1.6002,55.47,3,3,-6.18,1.6764,2.54,0.2032,1.9812,1.1176,2.413,2.032,2,3,3,300,0,1,3,3.0607,2.8702,1.5367,1.3462,49.29,55.47,3,3,1.1176,2.413,0,-6.18,1.2954,3.1496,18.43279517,67.72279517,232.2772048,8.422216082,0,0.774257349,95.2501905,52.29,1.3462,1.5367,1.1176,1.4224,5.31401729,6.066000868,4.411636995,5.614810721,1.1176,4.411636995,67.72279517,116.0185359,60.42774247,6.066000868,5.614810721,48.29574073,2
B00307,B00307_R1,307,Gate_2,Purple_1,2,3,1.0668,2.032,49.29,0.2032,1.6002,55.47,3,3,-6.18,0.2032,1.143,0.4572,2.54,2.2606,0.9652,1.651,1,3,3,300,0,2,3,1.8796,0.889,1.8796,1.7272,49.29,55.47,3,3,2.2606,0.9652,0,-6.18,-1.2954,3.9116,21.44072948,70.73072948,229.2692705,5.414281767,0,0.764230902,76.69495858,52.29,1.7272,1.8796,1.3462,1.8034,6.817984447,7.41957131,5.31401729,7.118777879,2.2606,8.923538468,70.73072948,112.4090147,60.12694904,7.41957131,7.118777879,41.67828524,1
B00307,B00307_R1,290,Gate_1,Purple_5,3,3,1.0668,2.032,49.29,0.2032,1.6002,55.47,3,3,-6.18,0.2032,0.762,1.0668,2.032,2.6416,1.3462,2.6416,1,3,3,300,0,3,3,2.0701,0.889,1.6891,1.1176,49.29,55.47,3,3,2.6416,1.3462,0,-6.18,-1.2954,5.2832,26.85501125,76.14501125,223.8549887,0,0,0.746183296,56.78376741,52.29,1.1176,1.6891,1.7272,1.8796,4.411636995,6.667587731,6.817984447,7.41957131,2.6416,10.42750563,76.14501125,112.4090147,53.20870011,6.667587731,7.41957131,36.26400347,0
B00308,B00308_R2,301,Purple_2,Gate_4,1,3,1.0668,2.032,59.71,0.2032,1.6002,46.56,3,3,13.15,0.762,2.54,0.2032,1.9812,0.8128,1.4986,1.1176,2,3,3,300,1,1,3,1.016,0,1.8796,1.1176,46.56,59.71,3,3,1.4986,0.8128,0,-13.15,-0.6858,2.6162,16.32724115,62.88724115,237.1127589,6.316662061,0,0.790375863,114.6701323,49.56,1.1176,1.8796,1.4986,2.1082,4.411636995,7.41957131,5.915604153,8.321951605,1.4986,5.915604153,62.88724115,103.3623527,55.31425413,7.41957131,8.321951605,40.47511151,2
B00308,B00308_R2,306,Purple_2,Gate_3,2,3,1.0668,2.032,59.71,0.2032,1.6002,46.56,3,3,13.15,0.762,2.54,0.2032,1.6002,0.8128,1.4986,1.4986,2,3,3,300,1,2,3,1.016,0,2.2606,1.4986,46.56,59.71,3,3,1.4986,0.8128,0,-13.15,-0.6858,2.9972,17.83120831,64.39120831,235.6087917,4.812694904,0,0.785362639,100.0934205,49.56,1.4986,2.2606,1.1176,1.9177,5.915604153,8.923538468,4.411636995,7.569968026,1.4986,5.915604153,64.39120831,101.8583855,56.81822129,8.923538468,7.569968026,37.4671772,1
B00308,B00308_R2,308,Orange_3,Orange_7,3,3,1.0668,2.032,59.71,0.2032,1.6002,46.56,3,3,13.15,2.286,2.54,2.54,1.6002,1.7272,3.0226,1.1938,3,3,3,300,1,3,3,2.032,2.032,2.7178,2.7178,46.56,59.71,3,3,3.0226,1.7272,0,-13.15,-1.2954,4.2164,22.64390321,69.20390321,230.7960968,0,0,0.769320323,71.15074471,49.56,2.7178,2.7178,2.6416,2.8321,10.72829906,10.72829906,10.42750563,11.1794892,3.0226,11.93147278,69.20390321,101.8583855,55.61504757,10.72829906,11.1794892,32.6544823,0
B00309,B00309_R1,290,Gate_1,Purple_5,1,3,1.0668,2.032,51.1,2.54,1.6002,55.47,3,3,-4.38,0.2032,0.762,1.0668,2.032,2.6416,3.175,2.6416,1,3,3,300,0,1,3,1.1557,0.889,2.6035,2.2606,51.1,55.47,3,3,2.6416,3.175,0,-4.37,0.5334,5.2832,26.85501125,77.95501125,222.0449887,1.203173726,0,0.740149962,56.78376741,54.1,2.2606,2.6035,1.7272,1.8796,8.923538468,10.27710891,6.817984447,7.41957131,2.6416,10.42750563,77.95501125,123.8444045,70.05313228,10.27710891,7.41957131,45.88939328,2
B00309,B00309_R1,309,Yellow_3,Gate_4,2,3,1.0668,2.032,51.1,2.54,1.6002,55.47,3,3,-4.38,1.0668,0.2032,0.2032,1.9812,2.9464,2.8702,2.6416,2,3,3,300,0,2,3,1.6129,1.4224,1.5367,1.3462,51.1,55.47,3,3,2.9464,2.8702,0,-4.37,-0.0762,5.588,28.05818498,79.15818498,220.841815,0,0,0.736139383,53.68647101,54.1,1.3462,1.5367,2.9464,2.9464,5.31401729,6.066000868,11.63067935,11.63067935,2.9464,11.63067935,79.15818498,127.4539257,60.42774247,6.066000868,11.63067935,48.29574073,1
B00309,B00309_R1,307,Gate_2,Purple_1,3,3,1.0668,2.032,51.1,2.54,1.6002,55.47,3,3,-4.38,0.2032,1.143,0.4572,2.54,2.2606,2.794,1.651,1,3,3,300,0,3,3,1.3462,0.889,2.4892,2.032,51.1,55.47,3,3,2.2606,2.794,0,-4.37,0.5334,3.9116,21.44072948,72.54072948,227.4592705,6.617455493,0,0.758197568,76.69495858,54.1,2.032,2.4892,1.3462,1.8034,8.021158173,9.825918762,5.31401729,7.118777879,2.2606,8.923538468,72.54072948,123.8444045,74.56503375,9.825918762,7.118777879,51.30367505,0
B00310,B00310_R2,306,Purple_2,Gate_3,1,3,0.4572,2.54,69.13,2.54,1.6002,47.98,3,3,21.15,0.762,2.54,0.2032,1.6002,0.8128,2.7178,1.4986,2,3,3,300,1,1,3,2.3749,2.032,2.6797,2.3368,47.98,69.13,3,3,2.7178,0.8128,0,-21.15,-1.905,4.2164,22.64390321,70.62390321,229.3760968,0,0,0.764586989,71.15074471,50.98,2.3368,2.6797,2.7178,2.8321,9.224331899,10.57790234,10.72829906,11.1794892,2.7178,10.72829906,70.62390321,104.5818237,55.11372518,10.57790234,11.1794892,33.9579205,2
B00310,B00310_R2,308,Orange_3,Orange_7,2,3,0.4572,2.54,69.13,2.54,1.6002,47.98,3,3,21.15,2.286,2.54,2.54,1.6002,2.3368,1.1938,1.1938,3,3,3,300,1,2,3,1.6129,1.1938,1.3589,0,47.98,69.13,3,3,1.1938,2.3368,0,-21.15,1.143,2.3876,15.42486085,63.40486085,236.5951391,7.219042356,0,0.788650464,125.6491875,50.98,0,1.3589,3.0226,3.4417,0,5.364149528,11.93147278,13.58583666,1.1938,4.712430427,63.40486085,111.8008661,51.90526191,5.364149528,13.58583666,48.39600521,1
B00310,B00310_R2,310,Orange_7,Yellow_4,3,3,0.4572,2.54,69.13,2.54,1.6002,47.98,3,3,21.15,2.54,1.6002,0.762,0.7112,3.0226,0,3.175,3,3,3,300,1,3,3,1.9558,1.1938,3.4036,2.9464,47.98,69.13,3,3,0,3.0226,0,-21.15,3.0226,3.175,18.53305965,66.51305965,233.4869404,4.110843564,0,0.778289801,94.48818898,50.98,2.9464,3.4036,0,1.1684,11.63067935,13.43543994,0,4.61216595,0,0,66.51305965,104.5818237,64.93964394,13.43543994,4.61216595,38.06876406,0
B00311,B00311_R1,311,Gate_2,Yellow_2,1,3,0.4572,2.54,59.32,0.762,0.7112,59.02,3,3,0.29,0.2032,1.143,0.762,0.2032,1.651,1.4986,1.4986,1,3,3,300,0,1,3,0.9017,0,1.1557,0.8128,59.32,59.02,3,3,1.651,1.4986,0,0.3,-0.1524,3.1496,18.43279517,77.75279517,222.2472048,9.625389808,0,0.740824016,95.2501905,62.32,0.8128,1.1557,1.3462,1.4986,3.208463269,4.562033711,5.31401729,5.915604153,1.651,6.517191016,77.75279517,123.6421884,56.21663443,4.562033711,5.915604153,45.88939328,2
B00311,B00311_R1,309,Yellow_3,Gate_4,2,3,0.4572,2.54,59.32,0.762,0.7112,59.02,3,3,0.29,1.0668,0.2032,0.2032,1.9812,2.9464,0.8128,2.6416,2,3,3,300,0,2,3,1.8034,1.8034,1.3462,1.3462,59.32,59.02,3,3,2.9464,0.8128,0,0.3,-2.1336,5.588,28.05818498,87.37818498,212.621815,0,0,0.708739383,53.68647101,62.32,1.3462,1.3462,0.8128,1.8796,5.31401729,5.31401729,3.208463269,7.41957131,2.9464,11.63067935,87.37818498,116.4231461,48.09521178,5.31401729,7.41957131,29.04496112,1
B00311,B00311_R1,307,Gate_2,Purple_1,3,3,0.4572,2.54,59.32,0.762,0.7112,59.02,3,3,0.29,0.2032,1.143,0.4572,2.54,1.651,1.4986,1.651,1,3,3,300,0,3,3,0.9017,0,2.2987,1.651,59.32,59.02,3,3,1.651,1.4986,0,0.3,-0.1524,3.302,19.03438203,78.35438203,221.645618,9.023802945,0,0.738818727,90.85402786,62.32,1.651,2.2987,1.3462,1.4224,6.517191016,9.073935183,5.31401729,5.614810721,1.651,6.517191016,78.35438203,123.6421884,64.63885051,9.073935183,5.614810721,45.28780642,0
B00312,B00312_R2,312,Orange_4,Gate_4,1,3,0.4572,2.54,58.55,0.762,0.7112,51.53,3,3,7.01,1.6764,2.032,0.2032,1.9812,1.7272,3.2512,2.032,2,3,3,300,1,1,3,1.4605,1.1176,2.6797,2.6416,51.53,58.55,3,3,3.2512,1.7272,0,-7.02,-1.524,5.2832,26.85501125,78.38501125,221.6149887,4.211108041,0,0.738716629,56.78376741,54.53,2.6416,2.6797,1.8034,2.5273,10.42750563,10.57790234,7.118777879,9.976315478,3.2512,12.83385308,78.38501125,129.6886863,78.17455493,10.57790234,9.976315478,51.30367505,2
B00312,B00312_R2,308,Orange_3,Orange_7,2,3,0.4572,2.54,58.55,0.762,0.7112,51.53,3,3,7.01,2.286,2.54,2.54,1.6002,2.3368,3.8608,1.1938,3,3,3,300,1,2,3,1.1557,1.1176,0.9017,0,51.53,58.55,3,3,3.8608,2.3368,0,-7.02,-1.524,5.0546,25.95263096,77.48263096,222.517369,5.113488335,0,0.741724563,59.3518775,54.53,0,0.9017,2.6416,3.2512,0,3.559388939,10.42750563,12.83385308,3.8608,15.24020053,77.48263096,130.5910666,65.03990842,3.559388939,12.83385308,53.10843564,1
B00312,B00312_R2,310,Orange_7,Yellow_4,3,3,0.4572,2.54,58.55,0.762,0.7112,51.53,3,3,7.01,2.54,1.6002,0.762,0.7112,3.0226,3.175,3.175,3,3,3,300,1,3,3,1.4986,1.1938,3.556,3.2512,51.53,58.55,3,3,3.175,3.0226,0,-7.02,-0.1524,6.35,31.06611929,82.59611929,217.4038807,0,0,0.724679602,47.24409449,54.53,3.2512,3.556,0,1.3589,12.83385308,14.0370268,0,5.364149528,3.175,12.53305965,82.59611929,122.8707019,80.88169581,14.0370268,5.364149528,40.27458256,0
B00313,B00313_R1,309,Yellow_3,Gate_4,1,3,0.4572,2.54,46.78,0.762,0.7112,64.66,3,3,-17.88,1.0668,0.2032,0.2032,1.9812,2.9464,0.8128,2.6416,2,3,3,300,0,1,3,1.7653,1.7272,2.6035,1.3462,46.78,64.66,3,3,2.9464,0.8128,0,-17.88,-2.1336,5.588,28.05818498,74.83818498,225.161815,9.625389808,0,0.750539383,53.68647101,49.78,1.3462,2.6035,2.6416,2.794,5.31401729,10.27710891,10.42750563,11.02909249,2.9464,11.63067935,74.83818498,130.3529681,77.27217463,10.27710891,11.02909249,55.51478309,2
B00313,B00313_R1,313,Green_3,Gate_4,2,3,0.4572,2.54,46.78,0.762,0.7112,64.66,3,3,-17.88,2.286,0.2032,0.2032,1.9812,4.1656,2.032,3.8608,2,3,3,300,0,2,3,2.3749,1.7272,1.9939,1.3462,46.78,64.66,3,3,4.1656,2.032,0,-17.88,-2.1336,8.0264,37.68357478,84.46357478,215.5364252,0,0,0.718454751,37.37665703,49.78,1.3462,1.9939,3.8608,4.0132,5.31401729,7.870761457,15.24020053,15.84178739,4.1656,16.44337425,84.46357478,130.3529681,62.83408992,7.870761457,15.84178739,45.88939328,1
B00313,B00313_R1,307,Gate_2,Purple_1,3,3,0.4572,2.54,46.78,0.762,0.7112,64.66,3,3,-17.88,0.2032,1.143,0.4572,2.54,1.651,1.4986,1.651,1,3,3,300,0,3,3,2.413,1.8034,3.556,2.9464,46.78,64.66,3,3,1.651,1.4986,0,-17.88,-0.1524,3.302,19.03438203,65.81438203,234.185618,18.64919275,0,0.780618727,90.85402786,49.78,2.9464,3.556,1.3462,1.3462,11.63067935,14.0370268,5.31401729,5.31401729,1.651,6.517191016,65.81438203,130.3529681,93.81581337,14.0370268,5.31401729,64.53858603,0
B00314,B00314_R2,314,Purple_2,Gate_3,1,3,0.4572,2.54,74.35,0.762,0.7112,52.13,3,3,22.21,0.762,2.54,0.2032,1.6002,0.8128,2.9464,1.4986,2,3,3,300,1,1,3,2.3749,2.032,2.6797,2.3368,52.13,74.35,3,3,2.9464,0.8128,0,-22.22,-2.1336,4.445,23.5462835,75.6762835,224.3237165,7.519835787,0,0.747745722,67.49156355,55.13,2.3368,2.6797,2.7178,2.8321,9.224331899,10.57790234,10.72829906,11.1794892,2.9464,11.63067935,75.6762835,131.7926535,78.17455493,10.57790234,11.1794892,56.11636995,2
B00314,B00314_R2,308,Orange_3,Orange_7,2,3,0.4572,2.54,74.35,0.762,0.7112,52.13,3,3,22.21,2.286,2.54,2.54,1.6002,2.3368,3.8608,1.1938,3,3,3,300,1,2,3,1.6129,1.1938,1.3589,0,52.13,74.35,3,3,3.8608,2.3368,0,-22.22,-1.524,5.0546,25.95263096,78.08263096,221.917369,5.113488335,0,0.739724563,59.3518775,55.13,0,1.3589,3.0226,3.4417,0,5.364149528,11.93147278,13.58583666,3.8608,15.24020053,78.08263096,129.386306,65.34070185,5.364149528,13.58583666,51.30367505,1
B00314,B00314_R2,310,Orange_7,Yellow_4,3,3,0.4572,2.54,74.35,0.762,0.7112,52.13,3,3,22.21,2.54,1.6002,0.762,0.7112,3.0226,3.175,3.175,3,3,3,300,1,3,3,1.9558,1.1938,3.4036,2.9464,52.13,74.35,3,3,3.175,3.0226,0,-22.22,-0.1524,6.35,31.06611929,83.19611929,216.8038807,0,0,0.722679602,47.24409449,55.13,2.9464,3.4036,0,1.1684,11.63067935,13.43543994,0,4.61216595,3.175,12.53305965,83.19611929,120.1619741,76.36979434,13.43543994,4.61216595,36.96585481,0
B00315,B00315_R2,308,Orange_3,Orange_7,1,3,0.4572,2.54,67.98,0.762,0.7112,59.1,3,3,8.87,2.286,2.54,2.54,1.6002,2.3368,3.8608,1.1938,3,3,3,300,1,1,3,2.3749,1.1938,1.4351,0,59.1,67.98,3,3,3.8608,2.3368,0,-8.88,-1.524,5.0546,25.95263096,85.05263096,214.947369,5.113488335,0,0.71649123,59.3518775,62.1,0,1.4351,2.6416,3.2512,0,5.66494296,10.42750563,12.83385308,3.8608,15.24020053,85.05263096,130.9420242,62.0319741,5.66494296,12.83385308,45.88939328,2
B00315,B00315_R2,310,Orange_7,Yellow_4,2,3,0.4572,2.54,67.98,0.762,0.7112,59.1,3,3,8.87,2.54,1.6002,0.762,0.7112,3.0226,3.175,3.175,3,3,3,300,1,2,3,2.032,1.1938,2.3368,0.8128,59.1,67.98,3,3,3.175,3.0226,0,-8.88,-0.1524,6.35,31.06611929,90.16611929,209.8338807,0,0,0.699446269,47.24409449,62.1,0.8128,2.3368,0,1.3589,3.208463269,9.224331899,0,5.364149528,3.175,12.53305965,90.16611929,123.2216595,64.03726365,9.224331899,5.364149528,33.0555402,1
B00315,B00315_R2,315,Yellow_5,Gate_4,3,3,0.4572,2.54,67.98,0.762,0.7112,59.1,3,3,8.87,1.0668,0.7112,0.2032,1.9812,2.9464,0.8128,2.6416,2,3,3,300,1,3,3,3.2131,2.8702,2.6797,2.6416,59.1,67.98,3,3,0.8128,2.9464,0,-8.88,2.1336,3.4544,19.63596889,78.73596889,221.2640311,11.4301504,0,0.73754677,86.84576193,62.1,2.6416,2.6797,0.8128,1.8415,10.42750563,10.57790234,3.208463269,7.269174594,0.8128,3.208463269,78.73596889,135.7547191,78.17455493,10.57790234,7.269174594,57.01875025,0
B00316,B00316_R1,307,Gate_2,Purple_1,1,2,0.4572,2.54,54.79,0.2032,1.9812,71.25,2,4,-16.46,0.2032,1.143,0.4572,2.54,1.651,1.3462,1.651,1,3,3,300,0,1,2,0,0,1.651,1.651,54.79,71.25,2,4,1.651,1.3462,-2,-16.46,-0.3048,3.302,19.03438203,73.82438203,226.175618,6.01586863,0,0.753918727,90.85402786,56.79,1.651,1.651,3.175,3.175,6.517191016,6.517191016,12.53305965,12.53305965,1.651,6.517191016,73.82438203,104.8905013,31.56744168,6.517191016,12.53305965,31.06611929,1
B00316,B00316_R1,316,Gate_2,Orange_5,2,2,0.4572,2.54,54.79,0.2032,1.9812,71.25,2,4,-16.46,0.2032,1.143,1.9812,2.032,1.651,1.3462,3.175,1,3,3,300,0,2,2,0,0,3.175,3.175,54.79,71.25,2,4,1.651,1.3462,-2,-16.46,-0.3048,4.826,25.05025066,79.84025066,220.1597493,0,0,0.733865831,62.16328222,56.79,3.175,3.175,1.651,1.651,12.53305965,12.53305965,6.517191016,6.517191016,1.651,6.517191016,79.84025066,98.87463269,31.56744168,12.53305965,6.517191016,19.03438203,0
B00317,B00317_R1,307,Gate_2,Purple_1,1,3,1.9812,2.032,61.84,0.2032,1.9812,62.33,3,3,-0.49,0.2032,1.143,0.4572,2.54,3.175,1.3462,1.651,1,3,3,300,0,1,3,1.397,0,2.3368,1.651,61.84,62.33,3,3,3.175,1.3462,0,-0.49,-1.8288,4.826,25.05025066,86.89025066,213.1097493,6.01586863,0,0.710365831,62.16328222,64.84,1.651,2.3368,1.8034,2.4892,6.517191016,9.224331899,7.118777879,9.825918762,3.175,12.53305965,86.89025066,135.7875783,72.76027316,9.224331899,9.825918762,48.8973276,2
B00317,B00317_R1,316,Gate_2,Orange_5,2,3,1.9812,2.032,61.84,0.2032,1.9812,62.33,3,3,-0.49,0.2032,1.143,1.9812,2.032,3.175,1.3462,3.175,1,3,3,300,0,2,3,1.397,0,2.3368,1.4986,61.84,62.33,3,3,3.175,1.3462,0,-0.49,-1.8288,6.35,31.06611929,92.90611929,207.0938807,0,0,0.690312936,47.24409449,64.84,1.4986,2.3368,1.651,1.7272,5.915604153,9.224331899,6.517191016,6.817984447,3.175,12.53305965,92.90611929,135.1859914,66.74440453,9.224331899,6.817984447,42.2798721,1
B00317,B00317_R1,317,Orange_7,Yellow_3,3,3,1.9812,2.032,61.84,0.2032,1.9812,62.33,3,3,-0.49,2.54,1.6002,1.0668,0.2032,1.4986,2.7178,2.8702,3,3,3,300,0,3,3,2.794,2.794,1.8034,1.8034,61.84,62.33,3,3,1.4986,2.7178,0,-0.49,1.2192,4.3688,23.24549007,85.08549007,214.9145099,7.820629219,0,0.7163817,68.66874199,64.84,1.8034,1.8034,1.4986,2.2606,7.118777879,7.118777879,5.915604153,8.923538468,1.4986,5.915604153,85.08549007,141.20186,70.35392571,7.118777879,8.923538468,56.11636995,0
B00318,B00318_R2,310,Orange_7,Yellow_4,1,3,1.0668,0.2032,67.09,0.2032,1.9812,47.48,3,3,19.61,2.54,1.6002,0.762,0.7112,2.8702,2.7178,3.175,3,3,3,300,1,1,3,3.0226,2.8702,0.9652,0.8128,47.48,67.09,3,3,2.7178,2.8702,0,-19.61,0.1524,5.8928,29.2613587,76.7413587,223.2586413,0,0,0.744195471,50.90958458,50.48,0.8128,0.9652,1.4986,2.1082,3.208463269,3.810050132,5.915604153,8.321951605,2.7178,10.72829906,76.7413587,125.6386863,61.33012276,3.810050132,8.321951605,48.8973276,2
B00318,B00318_R2,315,Yellow_5,Gate_4,2,3,1.0668,0.2032,67.09,0.2032,1.9812,47.48,3,3,19.61,1.0668,0.7112,0.2032,1.9812,0.508,2.6416,2.6416,2,3,3,300,1,2,3,2.1463,1.4224,2.2225,1.7272,47.48,67.09,3,3,2.6416,0.508,0,-19.61,-2.1336,5.2832,26.85501125,74.33501125,225.6649887,2.406347452,0,0.752216629,56.78376741,50.48,1.7272,2.2225,0.8128,2.032,6.817984447,8.773141752,3.208463269,8.021158173,2.6416,10.42750563,74.33501125,123.2323388,73.66265346,8.773141752,8.021158173,48.8973276,1
B00318,B00318_R2,318,Gate_1,Orange_2,3,3,1.0668,0.2032,67.09,0.2032,1.9812,47.48,3,3,19.61,0.2032,0.762,1.9812,2.54,1.4224,1.7272,3.556,1,3,3,300,1,3,3,2.2987,1.4224,2.3749,1.4986,47.48,67.09,3,3,1.7272,1.4224,0,-19.61,-0.3048,5.2832,26.85501125,74.33501125,225.6649887,2.406347452,0,0.752216629,56.78376741,50.48,1.4986,2.3749,1.1176,1.4224,5.915604153,9.374728615,4.411636995,5.614810721,1.7272,6.817984447,74.33501125,128.0450338,74.86582718,9.374728615,5.614810721,53.7100225,0
B00319,B00319_R1,316,Gate_2,Orange_5,1,3,1.0668,0.2032,58.69,1.9812,2.54,66.54,3,3,-7.85,0.2032,1.143,1.9812,2.032,1.8034,3.175,3.175,1,3,3,300,0,1,3,2.9845,2.794,0.7493,0,58.69,66.54,3,3,1.8034,3.175,0,-7.85,1.3716,4.9784,25.65183752,84.34183752,215.6581625,3.007934315,0,0.718860542,60.2603246,61.69,0,0.7493,1.3462,1.5748,0,2.957802076,5.31401729,6.216397584,1.8034,7.118777879,84.34183752,139.2550338,62.63356097,2.957802076,6.216397584,54.91319623,2
B00319,B00319_R1,319,Orange_5,Gate_4,2,3,1.0668,0.2032,58.69,1.9812,2.54,66.54,3,3,-7.85,1.9812,2.032,0.2032,1.9812,3.2512,0.508,2.3368,2,3,3,300,0,2,3,2.3368,1.4986,2.032,1.3462,58.69,66.54,3,3,3.2512,0.508,0,-7.85,-2.7432,5.588,28.05818498,86.74818498,213.251815,0.601586863,0,0.710839383,53.68647101,61.69,1.3462,2.032,0,1.6256,5.31401729,8.021158173,0,6.416926539,3.2512,12.83385308,86.74818498,128.2259413,70.35392571,8.021158173,6.416926539,41.47775629,1
B00319,B00319_R1,317,Orange_7,Yellow_3,3,3,1.0668,0.2032,58.69,1.9812,2.54,66.54,3,3,-7.85,2.54,1.6002,1.0668,0.2032,2.8702,1.4986,2.8702,3,3,3,300,0,3,3,2.1463,1.4986,2.5273,1.8034,58.69,66.54,3,3,2.8702,1.4986,0,-7.85,-1.3716,5.7404,28.65977184,87.34977184,212.6502282,0,0,0.708834094,52.26116647,61.69,1.8034,2.5273,1.4986,2.1082,7.118777879,9.976315478,5.915604153,8.321951605,2.8702,11.32988592,87.34977184,135.6455126,73.66265346,9.976315478,8.321951605,48.29574073,0
B00320,B00320_R2,318,Gate_1,Orange_2,1,3,1.0668,0.2032,69.21,1.9812,2.54,63.14,3,3,6.07,0.2032,0.762,1.9812,2.54,1.4224,3.556,3.556,1,3,3,300,1,1,3,2.032,1.4224,2.3368,1.4224,63.14,69.21,3,3,3.556,1.4224,0,-6.07,-2.1336,7.112,34.07405361,97.21405361,202.7859464,0,0,0.675953155,42.18222722,66.14,1.4224,2.3368,1.4224,1.5748,5.614810721,9.224331899,5.614810721,6.216397584,3.556,14.0370268,97.21405361,141.2986863,70.95551257,9.224331899,6.216397584,44.08463269,2
B00320,B00320_R2,320,Purple_3,Yellow_5,2,3,1.0668,0.2032,69.21,1.9812,2.54,63.14,3,3,6.07,1.0668,2.54,1.0668,0.7112,2.9464,1.4224,2.9464,3,3,3,300,1,2,3,2.794,2.6416,0.7112,0,63.14,69.21,3,3,1.4224,2.9464,0,-6.07,1.524,4.3688,23.24549007,86.38549007,213.6145099,10.82856353,0,0.712048366,68.66874199,66.14,0,0.7112,1.4224,1.4224,0,2.807405361,5.614810721,5.614810721,1.4224,5.614810721,86.38549007,149.7209024,68.95022303,2.807405361,5.614810721,63.33541231,1
B00320,B00320_R2,315,Yellow_5,Gate_4,3,3,1.0668,0.2032,69.21,1.9812,2.54,63.14,3,3,6.07,1.0668,0.7112,0.2032,1.9812,0.508,3.2512,2.6416,2,3,3,300,1,3,3,2.1844,1.4224,1.5748,1.4224,63.14,69.21,3,3,3.2512,0.508,0,-6.07,-2.7432,5.8928,29.2613587,92.4013587,207.5986413,4.812694904,0,0.691995471,50.90958458,66.14,1.4224,1.5748,0,1.6256,5.614810721,6.216397584,0,6.416926539,3.2512,12.83385308,92.4013587,136.8870493,69.75233885,6.216397584,6.416926539,44.4856906,0
B00321,B00321_R1,319,Orange_5,Gate_4,1,3,1.0668,0.2032,59.7,0.2032,1.9812,65.4,3,3,-5.71,1.9812,2.032,0.2032,1.9812,3.2512,2.3368,2.3368,2,3,3,300,0,1,3,1.1557,0.8128,2.3749,2.032,59.7,65.4,3,3,3.2512,2.3368,0,-5.7,-0.9144,5.588,28.05818498,87.75818498,212.241815,0.601586863,0,0.707472717,53.68647101,62.7,2.032,2.3749,0.8128,2.032,8.021158173,9.374728615,3.208463269,8.021158173,3.2512,12.83385308,87.75818498,126.4285359,67.04519796,9.374728615,8.021158173,38.67035093,2
B00321,B00321_R1,321,Orange_4,Orange_1,2,3,1.0668,0.2032,59.7,0.2032,1.9812,65.4,3,3,-5.71,1.6764,2.032,1.6764,2.54,2.9464,2.032,0.508,3,3,3,300,0,2,3,1.3081,0.8128,1.3081,0.8128,59.7,65.4,3,3,2.9464,2.032,0,-5.7,-0.9144,3.4544,19.63596889,79.33596889,220.6640311,9.023802945,0,0.73554677,86.84576193,62.7,0.8128,1.3081,2.032,2.4892,3.208463269,5.163620574,8.021158173,9.825918762,2.9464,11.63067935,79.33596889,132.4444045,67.04519796,5.163620574,9.825918762,53.10843564,1
B00321,B00321_R1,317,Orange_7,Yellow_3,3,3,1.0668,0.2032,59.7,0.2032,1.9812,65.4,3,3,-5.71,2.54,1.6002,1.0668,0.2032,2.8702,2.7178,2.8702,3,3,3,300,0,3,3,1.651,1.4986,3.0988,2.9464,59.7,65.4,3,3,2.8702,2.7178,0,-5.7,-0.1524,5.7404,28.65977184,88.35977184,211.6402282,0,0,0.705467427,52.26116647,62.7,2.9464,3.0988,1.8034,2.2606,11.63067935,12.23226621,7.118777879,8.923538468,2.8702,11.32988592,88.35977184,131.8428177,72.1586863,12.23226621,8.923538468,43.48304583,0
B00322,B00322_R2,320,Purple_3,Yellow_5,1,3,1.0668,0.2032,56.74,0.2032,1.9812,57.91,3,3,-1.17,1.0668,2.54,1.0668,0.7112,2.9464,1.4224,2.9464,3,3,3,300,1,1,3,1.4732,0,1.4732,0,57.91,56.74,3,3,1.4224,2.9464,0,1.17,1.524,4.3688,23.24549007,81.15549007,218.8445099,3.609521178,0,0.7294817,68.66874199,60.91,0,1.4732,1.4224,2.1844,0,5.815339676,5.614810721,8.622745036,1.4224,5.614810721,81.15549007,131.2559914,61.73118067,5.815339676,8.622745036,50.10050132,2
B00322,B00322_R2,315,Yellow_5,Gate_4,2,3,1.0668,0.2032,56.74,0.2032,1.9812,57.91,3,3,-1.17,1.0668,0.7112,0.2032,1.9812,0.508,2.6416,2.6416,2,3,3,300,1,2,3,2.9464,2.9464,1.4224,1.4224,57.91,56.74,3,3,2.6416,0.508,0,1.17,-2.1336,5.2832,26.85501125,84.76501125,215.2349887,0,0,0.717449962,56.78376741,60.91,1.4224,1.4224,0,0.5588,5.614810721,5.614810721,0,2.205818498,2.6416,10.42750563,84.76501125,120.8284858,57.72060159,5.614810721,2.205818498,36.06347452,1
B00322,B00322_R2,322,Purple_3,Yellow_1,3,3,1.0668,0.2032,56.74,0.2032,1.9812,57.91,3,3,-1.17,1.0668,2.54,0.4572,0.2032,2.9464,1.4224,2.9464,3,3,3,300,1,3,3,1.4732,0,2.032,1.1176,57.91,56.74,3,3,1.4224,2.9464,0,1.17,1.524,4.3688,23.24549007,81.15549007,218.8445099,3.609521178,0,0.7294817,68.66874199,60.91,1.1176,2.032,1.4224,2.1844,4.411636995,8.021158173,5.614810721,8.622745036,1.4224,5.614810721,81.15549007,131.2559914,66.14281767,8.021158173,8.622745036,50.10050132,0
B00323,B00323_R1,323,Purple_1,Yellow_5,1,3,1.0668,0.2032,53.34,0.4572,0.2032,64.36,3,3,-11.02,0.4572,2.54,1.0668,0.7112,2.9464,2.3368,2.9464,3,3,3,300,0,1,3,2.3749,1.7272,2.9083,2.8702,53.34,64.36,3,3,2.9464,2.3368,0,-11.02,-0.6096,5.8928,29.2613587,82.6013587,217.3986413,0,0,0.724662138,50.90958458,56.34,2.8702,2.9083,1.7272,2.3368,11.32988592,11.48028264,6.817984447,9.224331899,2.9464,11.63067935,82.6013587,126.0844045,71.256306,11.48028264,9.224331899,43.48304583,2
B00323,B00323_R1,321,Orange_4,Orange_1,2,3,1.0668,0.2032,53.34,0.4572,0.2032,64.36,3,3,-11.02,1.6764,2.032,1.6764,2.54,2.9464,3.556,0.508,3,3,3,300,0,2,3,1.7653,1.7272,1.7653,1.7272,53.34,64.36,3,3,2.9464,3.556,0,-11.02,0.6096,3.4544,19.63596889,72.97596889,227.0240311,9.625389808,0,0.75674677,86.84576193,56.34,1.7272,1.7653,2.9464,2.9464,6.817984447,6.968381163,11.63067935,11.63067935,2.9464,11.63067935,72.97596889,130.8970994,71.85789287,6.968381163,11.63067935,57.92113054,1
B00323,B00323_R1,317,Orange_7,Yellow_3,3,3,1.0668,0.2032,53.34,0.4572,0.2032,64.36,3,3,-11.02,2.54,1.6002,1.0668,0.2032,2.8702,3.4798,2.8702,3,3,3,300,0,3,3,2.413,1.8034,2.9464,2.9464,53.34,64.36,3,3,2.8702,3.4798,0,-11.02,0.6096,5.7404,28.65977184,81.99977184,218.0002282,0.601586863,0,0.726667427,52.26116647,56.34,2.9464,2.9464,1.8034,2.3368,11.63067935,11.63067935,7.118777879,9.224331899,2.8702,11.32988592,81.99977184,126.6859914,72.1586863,11.63067935,9.224331899,44.68621956,0
B00324,B00324_R2,315,Yellow_5,Gate_4,1,3,1.0668,0.2032,65.8,0.4572,0.2032,55.74,3,3,10.06,1.0668,0.7112,0.2032,1.9812,0.508,1.1176,2.6416,2,3,3,300,1,1,3,3.0988,2.9464,2.1844,1.4224,55.74,65.8,3,3,1.1176,0.508,0,-10.06,-0.6096,3.7592,20.83914262,76.57914262,223.4208574,9.625389808,0,0.744736191,79.80421366,58.74,1.4224,2.1844,1.1176,2.1844,5.614810721,8.622745036,4.411636995,8.622745036,1.1176,4.411636995,76.57914262,136.3050338,76.9713812,8.622745036,8.622745036,59.72589113,2
B00324,B00324_R2,324,Orange_6,Purple_2,2,3,1.0668,0.2032,65.8,0.4572,0.2032,55.74,3,3,10.06,2.54,1.9812,0.762,2.54,3.2512,3.8608,2.3368,3,3,3,300,1,2,3,2.6416,2.032,2.032,0.8128,55.74,65.8,3,3,3.8608,3.2512,0,-10.06,-0.6096,6.1976,30.46453243,86.20453243,213.7954676,0,0,0.712651559,48.40583452,58.74,0.8128,2.032,2.9464,3.4036,3.208463269,8.021158173,11.63067935,13.43543994,3.8608,15.24020053,86.20453243,132.6955126,66.14281767,8.021158173,13.43543994,46.49098014,1
B00324,B00324_R2,322,Purple_3,Yellow_1,3,3,1.0668,0.2032,65.8,0.4572,0.2032,55.74,3,3,10.06,1.0668,2.54,0.4572,0.2032,2.9464,2.9464,2.9464,3,3,3,300,1,3,3,2.4892,2.032,2.4892,1.1176,55.74,65.8,3,3,2.9464,2.9464,0,-10.06,0,5.8928,29.2613587,85.0013587,214.9986413,1.203173726,0,0.716662138,50.90958458,58.74,1.1176,2.4892,0.8128,1.1176,4.411636995,9.825918762,3.208463269,4.411636995,2.9464,11.63067935,85.0013587,127.8828177,70.95551257,9.825918762,4.411636995,42.88145897,0
B00325,B00325_R1,325,Orange_6,Orange_1,1,3,1.0668,0.2032,59.44,0.4572,0.2032,65.72,3,3,-6.29,2.54,1.9812,1.6764,2.54,3.2512,3.8608,1.4224,3,3,3,300,0,1,3,1.1557,0.889,1.1557,0.508,59.44,65.72,3,3,3.2512,3.8608,0,-6.28,0.6096,4.6736,24.4486638,83.8886638,216.1113362,4.211108041,0,0.720371121,64.19034577,62.44,0.508,1.1557,1.4224,2.3368,2.005289543,4.562033711,5.614810721,9.224331899,3.2512,12.83385308,83.8886638,124.9653622,57.41980816,4.562033711,9.224331899,41.07669838,2
B00325,B00325_R1,321,Orange_4,Orange_1,2,3,1.0668,0.2032,59.44,0.4572,0.2032,65.72,3,3,-6.29,1.6764,2.032,1.6764,2.54,2.9464,3.556,0.508,3,3,3,300,0,2,3,1.6129,1.4224,1.6129,1.4224,59.44,65.72,3,3,2.9464,3.556,0,-6.28,0.6096,3.4544,19.63596889,79.07596889,220.9240311,9.023802945,0,0.736413437,86.84576193,62.44,1.4224,1.6129,0.508,1.7272,5.614810721,6.3667943,2.005289543,6.817984447,2.9464,11.63067935,79.07596889,122.5590147,65.84202424,6.3667943,6.817984447,43.48304583,1
B00325,B00325_R1,317,Orange_7,Yellow_3,3,3,1.0668,0.2032,59.44,0.4572,0.2032,65.72,3,3,-6.29,2.54,1.6002,1.0668,0.2032,2.8702,3.4798,2.8702,3,3,3,300,0,3,3,1.3462,0.889,3.0988,2.9464,59.44,65.72,3,3,2.8702,3.4798,0,-6.28,0.6096,5.7404,28.65977184,88.09977184,211.9002282,0,0,0.706334094,52.26116647,62.44,2.9464,3.0988,1.8034,1.8034,11.63067935,12.23226621,7.118777879,7.118777879,2.8702,11.32988592,88.09977184,127.9732965,68.54916512,12.23226621,7.118777879,39.87352465,0
B00326,B00326_R1,321,Orange_4,Orange_1,1,3,1.0668,0.2032,59.95,0.4572,0.2032,62.32,3,3,-2.37,1.6764,2.032,1.6764,2.54,2.9464,3.556,0.508,3,3,3,300,0,1,3,1.4605,1.1176,1.4605,1.1176,59.95,62.32,3,3,2.9464,3.556,0,-2.37,0.6096,3.4544,19.63596889,79.58596889,220.4140311,10.82856353,0,0.734713437,86.84576193,62.95,1.1176,1.4605,2.032,2.4892,4.411636995,5.765207437,8.021158173,9.825918762,2.9464,11.63067935,79.58596889,135.100752,70.65471914,5.765207437,9.825918762,55.51478309,2
B00326,B00326_R1,326,Orange_3,Gate_4,2,3,1.0668,0.2032,59.95,0.4572,0.2032,62.32,3,3,-2.37,2.286,2.54,0.2032,1.9812,3.556,4.1656,2.6416,2,3,3,300,0,2,3,1.1557,1.1176,2.3749,2.032,59.95,62.32,3,3,3.556,4.1656,0,-2.37,0.6096,6.1976,30.46453243,90.41453243,209.5854676,0,0,0.698618225,48.40583452,62.95,2.032,2.3749,1.1176,2.3368,8.021158173,9.374728615,4.411636995,9.224331899,3.556,14.0370268,90.41453243,129.0848834,67.04519796,9.374728615,9.224331899,38.67035093,1
B00326,B00326_R1,317,Orange_7,Yellow_3,3,3,1.0668,0.2032,59.95,0.4572,0.2032,62.32,3,3,-2.37,2.54,1.6002,1.0668,0.2032,2.8702,3.4798,2.8702,3,3,3,300,0,3,3,1.4986,1.1938,3.2512,2.9464,59.95,62.32,3,3,2.8702,3.4798,0,-2.37,0.6096,5.7404,28.65977184,88.60977184,211.3902282,1.804760589,0,0.704634094,52.26116647,62.95,2.9464,3.2512,1.8034,2.2606,11.63067935,12.83385308,7.118777879,8.923538468,2.8702,11.32988592,88.60977184,134.4991651,75.76820748,12.83385308,8.923538468,45.88939328,0
B00327,B00327_R2,322,Purple_3,Yellow_1,1,2,1.0668,0.2032,68.72,0.4572,0.2032,49.13,4,2,19.59,1.0668,2.54,0.4572,0.2032,2.9464,2.9464,2.9464,3,3,3,300,1,1,2,2.9464,2.9464,1.1176,1.1176,49.13,68.72,2,4,2.9464,2.9464,-2,-19.59,0,5.8928,29.2613587,78.3913587,221.6086413,0,0,0.738695471,50.90958458,51.13,1.1176,1.1176,2.8702,2.8702,4.411636995,4.411636995,11.32988592,11.32988592,2.9464,11.63067935,78.3913587,98.0273276,24.34839932,4.411636995,11.32988592,19.63596889,1
B00327,B00327_R2,327,Yellow_5,Green_7,2,2,1.0668,0.2032,68.72,0.4572,0.2032,49.13,4,2,19.59,1.0668,0.7112,2.54,1.143,0.508,1.1176,2.413,3,3,3,300,1,2,2,2.9464,2.9464,2.8702,2.8702,49.13,68.72,2,4,1.1176,0.508,-2,-19.59,-0.6096,3.5306,19.93676233,69.06676233,230.9332377,9.324596376,0,0.769777459,84.97139296,51.13,2.8702,2.8702,1.1176,1.1176,11.32988592,11.32988592,4.411636995,4.411636995,1.1176,4.411636995,69.06676233,98.32812103,40.59124462,11.32988592,4.411636995,29.2613587,0
B00328,B00328_R2,328,Purple_2,Gate_3,1,3,1.0668,0.2032,60.11,2.54,1.143,54.84,3,3,5.27,0.762,2.54,0.2032,1.6002,3.2512,3.175,1.4986,2,3,3,300,1,1,3,2.032,0.8128,2.032,1.8034,54.84,60.11,3,3,3.175,3.2512,0,-5.27,0.0762,4.6736,24.4486638,79.2886638,220.7113362,4.511901472,0,0.735704454,64.19034577,57.84,1.8034,2.032,2.6416,2.9083,7.118777879,8.021158173,10.42750563,11.48028264,3.175,12.53305965,79.2886638,131.1939257,70.05313228,8.021158173,11.48028264,51.90526191,2
B00328,B00328_R2,322,Purple_3,Yellow_1,2,3,1.0668,0.2032,60.11,2.54,1.143,54.84,3,3,5.27,1.0668,2.54,0.4572,0.2032,2.9464,2.8702,2.9464,3,3,3,300,1,2,3,1.8796,0.8128,1.8796,1.1176,54.84,60.11,3,3,2.8702,2.9464,0,-5.27,0.0762,5.8166,28.96056527,83.80056527,216.1994347,0,0,0.720664782,51.57652237,57.84,1.1176,1.8796,1.8034,2.3368,4.411636995,7.41957131,7.118777879,9.224331899,2.8702,11.32988592,83.80056527,129.0883717,64.33805708,7.41957131,9.224331899,45.28780642,1
B00328,B00328_R2,327,Yellow_5,Green_7,3,3,1.0668,0.2032,60.11,2.54,1.143,54.84,3,3,5.27,1.0668,0.7112,2.54,1.143,0.508,2.413,2.413,3,3,3,300,1,3,3,3.0988,2.9464,3.0226,2.8702,54.84,60.11,3,3,2.413,0.508,0,-5.27,-1.905,4.826,25.05025066,79.89025066,220.1097493,3.910314609,0,0.733699164,62.16328222,57.84,2.8702,3.0226,1.1176,1.6891,11.32988592,11.93147278,4.411636995,6.667587731,2.413,9.525125331,79.89025066,128.1859914,77.27217463,11.93147278,6.667587731,48.29574073,0
B00329,B00329_R2,329,Gate_2,Purple_4,1,3,1.0668,0.2032,54.86,2.54,1.143,58.68,3,3,-3.82,0.2032,1.143,0.762,2.032,1.8034,2.3368,1.9558,1,3,3,300,1,1,3,2.032,1.8034,2.032,0.8128,58.68,54.86,3,3,2.3368,1.8034,0,3.82,-0.5334,4.2926,22.94469664,81.62469664,218.3753034,6.01586863,0,0.727917678,69.88771374,61.68,0.8128,2.032,1.1938,1.7653,3.208463269,8.021158173,4.712430427,6.968381163,2.3368,9.224331899,81.62469664,131.1236111,70.05313228,8.021158173,6.968381163,49.49891446,2
B00329,B00329_R2,322,Purple_3,Yellow_1,2,3,1.0668,0.2032,54.86,2.54,1.143,58.68,3,3,-3.82,1.0668,2.54,0.4572,0.2032,2.9464,2.8702,2.9464,3,3,3,300,1,2,3,2.6035,2.2606,1.1557,1.1176,58.68,54.86,3,3,2.8702,2.9464,0,3.82,0.0762,5.8166,28.96056527,87.64056527,212.3594347,0,0,0.707864782,51.57652237,61.68,1.1176,1.1557,0.8128,1.8415,4.411636995,4.562033711,3.208463269,7.269174594,2.8702,11.32988592,87.64056527,127.5140899,57.11901472,4.562033711,7.269174594,39.87352465,1
B00329,B00329_R2,327,Yellow_5,Green_7,3,3,1.0668,0.2032,54.86,2.54,1.143,58.68,3,3,-3.82,1.0668,0.7112,2.54,1.143,0.508,2.413,2.413,3,3,3,300,1,3,3,2.3749,1.8034,2.6035,2.3368,58.68,54.86,3,3,2.413,0.508,0,3.82,-1.905,4.826,25.05025066,83.73025066,216.2697493,3.910314609,0,0.720899164,62.16328222,61.68,2.3368,2.6035,1.1176,2.1844,9.224331899,10.27710891,4.411636995,8.622745036,2.413,9.525125331,83.73025066,130.5220242,72.45947973,10.27710891,8.622745036,46.79177358,0
B00330,B00330_R1,330,Purple_4,Gate_4,1,2,1.0668,0.2032,49.62,2.54,1.143,68.9,2,4,-19.28,0.762,2.032,0.2032,1.9812,3.2512,3.175,1.1176,2,3,3,300,0,1,2,2.7178,2.7178,2.7178,2.7178,49.62,68.9,2,4,3.2512,3.175,-2,-19.28,-0.0762,4.3688,23.24549007,72.86549007,227.1345099,5.414281767,0,0.757115033,68.66874199,51.62,2.7178,2.7178,3.2512,3.2512,10.72829906,10.72829906,12.83385308,12.83385308,3.2512,12.83385308,72.86549007,101.5252619,39.3880709,10.72829906,12.83385308,28.65977184,1
B00330,B00330_R1,317,Orange_7,Yellow_3,2,2,1.0668,0.2032,49.62,2.54,1.143,68.9,2,4,-19.28,2.54,1.6002,1.0668,0.2032,2.8702,0.9652,2.8702,3,3,3,300,0,2,2,2.7178,2.7178,3.2512,3.2512,49.62,68.9,2,4,2.8702,0.9652,-2,-19.28,-1.905,5.7404,28.65977184,78.27977184,221.7202282,0,0,0.739067427,52.26116647,51.62,3.2512,3.2512,2.7178,2.7178,12.83385308,12.83385308,10.72829906,10.72829906,2.8702,11.32988592,78.27977184,100.923675,36.07934315,12.83385308,10.72829906,22.64390321,0
B00331,B00331_R1,330,Purple_4,Gate_4,1,3,1.0668,0.2032,56.95,2.54,1.143,59.99,3,3,-3.04,0.762,2.032,0.2032,1.9812,3.2512,3.175,1.1176,2,3,3,300,0,1,3,2.5273,2.3368,2.2225,1.7272,56.95,59.99,3,3,3.2512,3.175,0,-3.04,-0.0762,4.3688,23.24549007,80.19549007,219.8045099,5.414281767,0,0.7326817,68.66874199,59.95,1.7272,2.2225,3.2512,3.2512,6.817984447,8.773141752,12.83385308,12.83385308,3.2512,12.83385308,80.19549007,128.4912308,65.84202424,8.773141752,12.83385308,48.29574073,2
B00331,B00331_R1,331,Gate_1,Green_1,2,3,1.0668,0.2032,56.95,2.54,1.143,59.99,3,3,-3.04,0.2032,0.762,1.6764,0.2032,1.4224,2.7178,2.032,1,3,3,300,0,2,3,2.7559,2.3368,2.7559,2.2606,56.95,59.99,3,3,1.4224,2.7178,0,-3.04,1.2954,3.4544,19.63596889,76.58596889,223.4140311,9.023802945,0,0.744713437,86.84576193,59.95,2.2606,2.7559,1.4224,1.5748,8.923538468,10.87869577,5.614810721,6.216397584,1.4224,5.614810721,76.58596889,128.4912308,73.66265346,10.87869577,6.216397584,51.90526191,1
B00331,B00331_R1,317,Orange_7,Yellow_3,3,3,1.0668,0.2032,56.95,2.54,1.143,59.99,3,3,-3.04,2.54,1.6002,1.0668,0.2032,2.8702,0.9652,2.8702,3,3,3,300,0,3,3,2.9464,2.7178,2.3368,1.4224,56.95,59.99,3,3,2.8702,0.9652,0,-3.04,-1.905,5.7404,28.65977184,85.60977184,214.3902282,0,0,0.714634094,52.26116647,59.95,1.4224,2.3368,2.2606,2.4892,5.614810721,9.224331899,8.923538468,9.825918762,2.8702,11.32988592,85.60977184,126.0848834,61.33012276,9.224331899,9.825918762,40.47511151,0
B00332,B00332_R2,322,Purple_3,Yellow_1,1,3,1.0668,0.2032,62.88,2.54,1.143,53.02,3,3,9.86,1.0668,2.54,0.4572,0.2032,2.9464,2.8702,2.9464,3,3,3,300,1,1,3,2.794,2.6416,0.9652,0.8128,53.02,62.88,3,3,2.8702,2.9464,0,-9.86,0.0762,5.8166,28.96056527,81.98056527,218.0194347,1.804760589,0,0.726731449,51.57652237,56.02,0.8128,0.9652,1.4224,2.1463,3.208463269,3.810050132,5.614810721,8.47234832,2.8702,11.32988592,81.98056527,132.0810666,63.43567679,3.810050132,8.47234832,50.10050132,2
B00332,B00332_R2,327,Yellow_5,Green_7,2,3,1.0668,0.2032,62.88,2.54,1.143,53.02,3,3,9.86,1.0668,0.7112,2.54,1.143,0.508,2.413,2.413,3,3,3,300,1,2,3,2.1844,1.4224,2.794,2.7178,53.02,62.88,3,3,2.413,0.508,0,-9.86,-1.905,4.826,25.05025066,78.07025066,221.9297493,5.715075198,0,0.739765831,62.16328222,56.02,2.7178,2.794,1.1176,2.1844,10.72829906,11.02909249,4.411636995,8.622745036,2.413,9.525125331,78.07025066,132.6826535,81.78407611,11.02909249,8.622745036,54.61240279,1
B00332,B00332_R2,332,Gate_1,Orange_5,3,3,1.0668,0.2032,62.88,2.54,1.143,53.02,3,3,9.86,0.2032,0.762,1.9812,2.032,1.4224,2.7178,3.556,1,3,3,300,1,3,3,2.032,1.4224,2.3368,1.4224,53.02,62.88,3,3,2.7178,1.4224,0,-9.86,-1.2954,6.2738,30.76532586,83.78532586,216.2146741,0,0,0.72071558,47.8179094,56.02,1.4224,2.3368,0.8128,1.7653,5.614810721,9.224331899,3.208463269,6.968381163,2.7178,10.72829906,83.78532586,130.276306,72.45947973,9.224331899,6.968381163,46.49098014,0
B00333,B00333_R1,331,Gate_1,Green_1,1,3,1.0668,0.2032,55.38,1.9812,2.032,73.14,3,3,-17.76,0.2032,0.762,1.6764,0.2032,1.4224,3.556,2.032,1,3,3,300,0,1,3,1.5875,0,2.1463,2.032,55.38,73.14,3,3,1.4224,3.556,0,-17.76,2.1336,3.4544,19.63596889,75.01596889,224.9840311,9.023802945,0,0.74994677,86.84576193,58.38,2.032,2.1463,0.8128,1.1176,8.021158173,8.47234832,3.208463269,4.411636995,1.4224,5.614810721,75.01596889,116.0926673,60.42774247,8.47234832,4.411636995,41.07669838,2
B00333,B00333_R1,317,Orange_7,Yellow_3,2,3,1.0668,0.2032,55.38,1.9812,2.032,73.14,3,3,-17.76,2.54,1.6002,1.0668,0.2032,2.8702,1.4986,2.8702,3,3,3,300,0,2,3,3.175,3.175,1.4224,1.4224,55.38,73.14,3,3,2.8702,1.4986,0,-17.76,-1.3716,5.7404,28.65977184,84.03977184,215.9602282,0,0,0.719867427,52.26116647,58.38,1.4224,1.4224,2.2606,2.8702,5.614810721,5.614810721,8.923538468,11.32988592,2.8702,11.32988592,84.03977184,116.0926673,45.68886433,5.614810721,11.32988592,32.05289543,1
B00333,B00333_R1,333,Gate_1,Yellow_1,3,3,1.0668,0.2032,55.38,1.9812,2.032,73.14,3,3,-17.76,0.2032,0.762,0.4572,0.2032,1.4224,3.556,0.8128,1,3,3,300,0,3,3,1.5875,0,2.1463,0.8128,55.38,73.14,3,3,1.4224,3.556,0,-17.76,2.1336,2.2352,14.82327399,70.20327399,229.796726,13.83649785,0,0.765989087,134.2161775,58.38,0.8128,2.1463,1.4224,1.7272,3.208463269,8.47234832,5.614810721,6.817984447,1.4224,5.614810721,70.20327399,118.4990147,65.24043737,8.47234832,6.817984447,48.29574073,0
B00334,B00334_R2,327,Yellow_5,Green_7,1,3,0.4572,0.2032,62.72,1.9812,2.032,66.77,3,3,-4.06,1.0668,0.7112,2.54,1.143,1.1176,3.2512,2.413,3,3,3,300,1,1,3,1.4224,1.4224,2.1082,1.4986,66.77,62.72,3,3,3.2512,1.1176,0,4.05,-2.1336,5.6642,28.35897841,95.12897841,204.8710216,5.715075198,0,0.682903405,52.96423149,69.77,1.4986,2.1082,0.508,1.8796,5.915604153,8.321951605,2.005289543,7.41957131,3.2512,12.83385308,95.12897841,141.6199586,73.96344689,8.321951605,7.41957131,46.49098014,2
B00334,B00334_R2,334,Green_2,Yellow_3,2,3,0.4572,0.2032,62.72,1.9812,2.032,66.77,3,3,-4.06,1.9812,0.2032,1.0668,0.2032,2.032,2.9464,1.4224,3,3,3,300,1,2,3,1.8796,1.4224,0.9652,0.508,66.77,62.72,3,3,2.9464,2.032,0,4.05,-0.9144,4.3688,23.24549007,90.01549007,209.9845099,10.82856353,0,0.699948366,68.66874199,69.77,0.508,0.9652,1.4986,2.2225,2.005289543,3.810050132,5.915604153,8.773141752,2.9464,11.63067935,90.01549007,146.7334469,70.05313228,3.810050132,8.773141752,56.71795682,1
B00334,B00334_R2,332,Gate_1,Orange_5,3,3,0.4572,0.2032,62.72,1.9812,2.032,66.77,3,3,-4.06,0.2032,0.762,1.9812,2.032,0.8128,3.556,3.556,1,3,3,300,1,3,3,1.8796,1.4224,3.0988,2.9464,66.77,62.72,3,3,3.556,0.8128,0,4.05,-2.7432,7.112,34.07405361,100.8440536,199.1559464,0,0,0.663853155,42.18222722,69.77,2.9464,3.0988,1.4224,2.0701,11.63067935,12.23226621,5.614810721,8.171554889,3.556,14.0370268,100.8440536,144.026306,76.06900091,12.23226621,8.171554889,43.1822524,0
B00335,B00335_R1,333,Gate_1,Yellow_1,1,3,0.4572,0.2032,52.9,1.9812,2.032,64.88,3,3,-11.98,0.2032,0.762,0.4572,0.2032,0.8128,3.556,0.8128,1,3,3,300,0,1,3,2.032,0.889,2.3368,1.1938,52.9,64.88,3,3,0.8128,3.556,0,-11.98,2.7432,1.6256,12.41692654,65.31692654,234.6830735,18.64919275,0,0.782276912,184.5472441,55.9,1.1938,2.3368,1.4224,2.4892,4.712430427,9.224331899,5.614810721,9.825918762,0.8128,3.208463269,65.31692654,122.0348834,72.76027316,9.224331899,9.825918762,56.71795682,2
B00335,B00335_R1,335,Gate_2,Orange_5,2,3,0.4572,0.2032,52.9,1.9812,2.032,64.88,3,3,-11.98,0.2032,1.143,1.9812,2.032,1.1938,3.175,3.175,1,3,3,300,0,2,3,1.8415,0.889,2.5273,1.4986,52.9,64.88,3,3,1.1938,3.175,0,-11.98,1.9812,4.3688,23.24549007,76.14549007,223.8545099,7.820629219,0,0.7461817,68.66874199,55.9,1.4986,2.5273,1.1938,1.4986,5.915604153,9.976315478,4.712430427,5.915604153,1.1938,4.712430427,76.14549007,119.6285359,63.43567679,9.976315478,5.915604153,43.48304583,1
B00335,B00335_R1,317,Orange_7,Yellow_3,3,3,0.4572,0.2032,52.9,1.9812,2.032,64.88,3,3,-11.98,2.54,1.6002,1.0668,0.2032,3.4798,1.4986,2.8702,3,3,3,300,0,3,3,2.9845,2.794,1.6129,1.4224,52.9,64.88,3,3,3.4798,1.4986,0,-11.98,-1.9812,6.35,31.06611929,83.96611929,216.0338807,0,0,0.720112936,47.24409449,55.9,1.4224,1.6129,1.4986,2.4892,5.614810721,6.3667943,5.915604153,9.825918762,3.4798,13.73623337,83.96611929,111.8079067,48.39600521,6.3667943,9.825918762,27.84178739,0
B00336,B00336_R2,334,Green_2,Yellow_3,1,3,1.0668,0.2032,64.68,1.9812,2.032,57.39,3,3,7.29,1.9812,0.2032,1.0668,0.2032,1.4224,2.9464,1.4224,3,3,3,300,1,1,3,2.3368,2.3368,1.4224,1.4224,57.39,64.68,3,3,2.9464,1.4224,0,-7.29,-1.524,4.3688,23.24549007,80.63549007,219.3645099,10.82856353,0,0.731215033,68.66874199,60.39,1.4224,1.4224,2.9464,3.0988,5.614810721,5.614810721,11.63067935,12.23226621,2.9464,11.63067935,80.63549007,145.1740761,75.76820748,5.614810721,12.23226621,64.53858603,2
B00336,B00336_R2,336,Gate_1,Purple_3,2,3,1.0668,0.2032,64.68,1.9812,2.032,57.39,3,3,7.29,0.2032,0.762,1.0668,2.54,1.4224,3.556,2.6416,1,3,3,300,1,2,3,1.1684,0,2.9464,2.6416,57.39,64.68,3,3,3.556,1.4224,0,-7.29,-2.1336,6.1976,30.46453243,87.85453243,212.1454676,3.609521178,0,0.707151559,48.40583452,60.39,2.6416,2.9464,1.4224,2.4892,10.42750563,11.63067935,5.614810721,9.825918762,3.556,14.0370268,87.85453243,136.75186,80.58090238,11.63067935,9.825918762,48.8973276,1
B00336,B00336_R2,332,Gate_1,Orange_5,3,3,1.0668,0.2032,64.68,1.9812,2.032,57.39,3,3,7.29,0.2032,0.762,1.9812,2.032,1.4224,3.556,3.556,1,3,3,300,1,3,3,1.1684,0,3.2512,2.9464,57.39,64.68,3,3,3.556,1.4224,0,-7.29,-2.1336,7.112,34.07405361,91.46405361,208.5359464,0,0,0.695119821,42.18222722,60.39,2.9464,3.2512,1.4224,2.032,11.63067935,12.83385308,5.614810721,8.021158173,3.556,14.0370268,91.46405361,136.75186,79.37772865,12.83385308,8.021158173,45.28780642,0
B00337,B00337_R1,337,Gate_1,Yellow_5,1,3,1.0668,0.2032,53.82,1.9812,2.032,71.72,3,3,-17.9,0.2032,0.762,1.0668,0.7112,1.4224,3.556,1.4224,1,3,3,300,0,1,3,2.032,0.889,2.3368,1.8034,53.82,71.72,3,3,1.4224,3.556,0,-17.9,2.1336,2.8448,17.22962144,71.04962144,228.9503786,11.4301504,0,0.763167929,105.4555681,56.82,1.8034,2.3368,1.4224,2.4892,7.118777879,9.224331899,5.614810721,9.825918762,1.4224,5.614810721,71.04962144,125.3612308,72.76027316,9.224331899,9.825918762,54.31160936,2
B00337,B00337_R1,335,Gate_2,Orange_5,2,3,1.0668,0.2032,53.82,1.9812,2.032,71.72,3,3,-17.9,0.2032,1.143,1.9812,2.032,1.8034,3.175,3.175,1,3,3,300,0,2,3,1.8415,0.889,2.5273,1.4986,53.82,71.72,3,3,1.8034,3.175,0,-17.9,1.3716,4.9784,25.65183752,79.47183752,220.5281625,3.007934315,0,0.735093875,60.2603246,56.82,1.4986,2.5273,1.8034,1.8034,5.915604153,9.976315478,7.118777879,7.118777879,1.8034,7.118777879,79.47183752,125.3612308,65.84202424,9.976315478,7.118777879,45.88939328,1
B00337,B00337_R1,317,Orange_7,Yellow_3,3,3,1.0668,0.2032,53.82,1.9812,2.032,71.72,3,3,-17.9,2.54,1.6002,1.0668,0.2032,2.8702,1.4986,2.8702,3,3,3,300,0,3,3,2.9845,2.794,1.6129,1.4224,53.82,71.72,3,3,2.8702,1.4986,0,-17.9,-1.3716,5.7404,28.65977184,82.47977184,217.5202282,0,0,0.725067427,52.26116647,56.82,1.4224,1.6129,1.4986,2.1844,5.614810721,6.3667943,5.915604153,8.622745036,2.8702,11.32988592,82.47977184,119.946949,55.61504757,6.3667943,8.622745036,37.4671772,0
B00338,B00338_R1,338,Gate_2,Orange_3,1,3,1.0668,0.2032,64.68,1.9812,2.032,62.8,3,3,1.88,0.2032,1.143,2.286,2.54,1.8034,3.175,3.4798,1,3,3,300,0,1,3,1.397,0,2.3368,1.1938,64.68,62.8,3,3,1.8034,3.175,0,1.88,1.3716,5.2832,26.85501125,91.53501125,208.4649887,1.804760589,0,0.694883296,56.78376741,67.68,1.1938,2.3368,1.8034,2.4892,4.712430427,9.224331899,7.118777879,9.825918762,1.8034,7.118777879,91.53501125,145.8466206,72.76027316,9.224331899,9.825918762,54.31160936,2
B00338,B00338_R1,317,Orange_7,Yellow_3,2,3,1.0668,0.2032,64.68,1.9812,2.032,62.8,3,3,1.88,2.54,1.6002,1.0668,0.2032,2.8702,1.4986,2.8702,3,3,3,300,0,2,3,2.794,2.794,1.8034,1.8034,64.68,62.8,3,3,2.8702,1.4986,0,1.88,-1.3716,5.7404,28.65977184,93.33977184,206.6602282,0,0,0.688867427,52.26116647,67.68,1.8034,1.8034,1.1938,1.3462,7.118777879,7.118777879,4.712430427,5.31401729,2.8702,11.32988592,93.33977184,139.2291651,66.74440453,7.118777879,5.31401729,45.88939328,1
B00338,B00338_R1,335,Gate_2,Orange_5,3,3,1.0668,0.2032,64.68,1.9812,2.032,62.8,3,3,1.88,0.2032,1.143,1.9812,2.032,1.8034,3.175,3.175,1,3,3,300,0,3,3,1.397,0,2.3368,1.4986,64.68,62.8,3,3,1.8034,3.175,0,1.88,1.3716,4.9784,25.65183752,90.33183752,209.6681625,3.007934315,0,0.698893875,60.2603246,67.68,1.4986,2.3368,1.8034,2.6416,5.915604153,9.224331899,7.118777879,10.42750563,1.8034,7.118777879,90.33183752,145.8466206,73.96344689,9.224331899,10.42750563,55.51478309,0
B00339,B00339_R2,339,Orange_2,Gate_4,1,2,1.9812,2.032,83.96,1.9812,2.032,54.19,4,2,29.78,1.9812,2.54,0.2032,1.9812,0.508,0.508,2.3368,2,3,3,300,1,1,2,3.556,3.556,1.7272,1.7272,54.19,83.96,2,4,0.508,0.508,-2,-29.77,0,2.8448,17.22962144,71.41962144,228.5803786,16.84443216,0,0.761934595,105.4555681,56.19,1.7272,1.7272,0.508,0.508,6.817984447,6.817984447,2.005289543,2.005289543,0.508,2.005289543,71.41962144,105.493675,40.89203805,6.817984447,2.005289543,34.07405361,1
B00339,B00339_R2,332,Gate_1,Orange_5,2,2,1.9812,2.032,83.96,1.9812,2.032,54.19,4,2,29.78,0.2032,0.762,1.9812,2.032,3.556,3.556,3.556,1,3,3,300,1,2,2,3.556,3.556,0.508,0.508,54.19,83.96,2,4,3.556,3.556,-2,-29.77,0,7.112,34.07405361,88.26405361,211.7359464,0,0,0.705786488,42.18222722,56.19,0.508,0.508,1.7272,1.7272,2.005289543,2.005289543,6.817984447,6.817984447,3.556,14.0370268,88.26405361,98.27463269,19.23491099,2.005289543,6.817984447,10.01057909,0
B00340,B00340_R2,332,Gate_1,Orange_5,1,3,1.9812,2.032,75.35,1.9812,2.032,62.8,3,3,12.55,0.2032,0.762,1.9812,2.032,3.556,3.556,3.556,1,3,3,300,1,1,3,1.778,0,2.032,0.508,62.8,75.35,3,3,3.556,3.556,0,-12.55,0,7.112,34.07405361,96.87405361,203.1259464,0,0,0.677086488,42.18222722,65.8,0.508,2.032,1.7272,2.3368,2.005289543,8.021158173,6.817984447,9.224331899,3.556,14.0370268,96.87405361,138.5523388,64.93964394,8.021158173,9.224331899,41.67828524,2
B00340,B00340_R2,339,Orange_2,Gate_4,2,3,1.9812,2.032,75.35,1.9812,2.032,62.8,3,3,12.55,1.9812,2.54,0.2032,1.9812,0.508,0.508,2.3368,2,3,3,300,1,2,3,3.556,3.556,1.7272,1.7272,62.8,75.35,3,3,0.508,0.508,0,-12.55,0,2.8448,17.22962144,80.02962144,219.9703786,16.84443216,0,0.733234595,105.4555681,65.8,1.7272,1.7272,0.508,1.4224,6.817984447,6.817984447,2.005289543,5.614810721,0.508,2.005289543,80.02962144,145.7713812,79.37772865,6.817984447,5.614810721,65.74175976,1
B00340,B00340_R2,340,Gate_1,Green_6,3,3,1.9812,2.032,75.35,1.9812,2.032,62.8,3,3,12.55,0.2032,0.762,2.54,0.762,3.556,3.556,2.9464,1,3,3,300,1,3,3,1.778,0,2.6416,2.3368,62.8,75.35,3,3,3.556,3.556,0,-12.55,0,6.5024,31.66770615,94.46770615,205.5322938,2.406347452,0,0.685107646,46.13681102,65.8,2.3368,2.6416,1.7272,2.6416,9.224331899,10.42750563,6.817984447,10.42750563,3.556,14.0370268,94.46770615,138.5523388,72.1586863,10.42750563,10.42750563,44.08463269,0
B00341,B00341_R1,317,Orange_7,Yellow_3,1,3,1.9812,2.032,65.31,2.54,0.762,74.06,3,3,-8.75,2.54,1.6002,1.0668,0.2032,1.4986,1.3462,2.8702,3,3,3,300,0,1,3,2.6035,2.413,2.3749,1.8034,65.31,74.06,3,3,1.4986,1.3462,0,-8.75,-0.1524,4.3688,23.24549007,88.55549007,211.4445099,7.820629219,0,0.704815033,68.66874199,68.31,1.8034,2.3749,1.4986,1.9558,7.118777879,9.374728615,5.915604153,7.720364742,1.4986,5.915604153,88.55549007,133.2417096,63.43567679,9.374728615,7.720364742,44.68621956,2
B00341,B00341_R1,335,Gate_2,Orange_5,2,3,1.9812,2.032,65.31,2.54,0.762,74.06,3,3,-8.75,0.2032,1.143,1.9812,2.032,3.175,2.7178,3.175,1,3,3,300,0,2,3,2.5273,2.2606,1.4605,1.4224,65.31,74.06,3,3,3.175,2.7178,0,-8.75,-0.4572,6.35,31.06611929,96.37611929,203.6238807,0,0,0.678746269,47.24409449,68.31,1.4224,1.4605,1.8034,2.032,5.614810721,5.765207437,7.118777879,8.021158173,3.175,12.53305965,96.37611929,127.8274279,48.39600521,5.765207437,8.021158173,31.45130857,1
B00341,B00341_R1,341,Purple_3,Purple_5,3,3,1.9812,2.032,65.31,2.54,0.762,74.06,3,3,-8.75,1.0668,2.54,1.0668,2.032,1.4224,3.2512,0.508,3,3,3,300,0,3,3,2.3368,2.2606,2.3368,2.2606,65.31,74.06,3,3,1.4224,3.2512,0,-8.75,1.8288,1.9304,13.62010026,78.93010026,221.0698997,17.44601903,0,0.736899666,155.4082056,68.31,2.2606,2.3368,1.4224,2.1844,8.923538468,9.224331899,5.614810721,8.622745036,1.4224,5.614810721,78.93010026,133.2417096,72.76027316,9.224331899,8.622745036,54.31160936,0
B00342,B00342_R2,339,Orange_2,Gate_4,1,3,1.0668,2.032,62.35,2.54,0.762,60.88,3,3,1.48,1.9812,2.54,0.2032,1.9812,1.4224,2.3368,2.3368,2,3,3,300,1,1,3,2.5273,1.4986,2.2225,1.7272,60.88,62.35,3,3,2.3368,1.4224,0,-1.47,-0.9144,4.6736,24.4486638,85.3286638,214.6713362,4.812694904,0,0.715571121,64.19034577,63.88,1.7272,2.2225,2.3368,2.3368,6.817984447,8.773141752,9.224331899,9.224331899,2.3368,9.224331899,85.3286638,136.6323388,68.84995855,8.773141752,9.224331899,51.30367505,2
B00342,B00342_R2,340,Gate_1,Green_6,2,3,1.0668,2.032,62.35,2.54,0.762,60.88,3,3,1.48,0.2032,0.762,2.54,0.762,2.6416,2.9464,2.9464,1,3,3,300,1,2,3,3.3655,3.175,1.8415,1.3462,60.88,62.35,3,3,2.9464,2.6416,0,-1.47,-0.3048,5.8928,29.2613587,90.1413587,209.8586413,0,0,0.699528804,50.90958458,63.88,1.3462,1.8415,1.7272,1.7272,5.31401729,7.269174594,6.817984447,6.817984447,2.9464,11.63067935,90.1413587,131.8196439,61.02932933,7.269174594,6.817984447,41.67828524,1
B00342,B00342_R2,342,Orange_7,Gate_4,3,3,1.0668,2.032,62.35,2.54,0.762,60.88,3,3,1.48,2.54,1.6002,0.2032,1.9812,2.413,1.3462,2.7178,2,3,3,300,1,3,3,2.3368,1.4986,2.032,1.7272,60.88,62.35,3,3,1.3462,2.413,0,-1.47,1.0668,4.064,22.04231635,82.92231635,217.0776837,7.219042356,0,0.723592279,73.81889764,63.88,1.7272,2.032,1.3462,2.032,6.817984447,8.021158173,5.31401729,8.021158173,1.3462,5.31401729,82.92231635,136.6323388,69.75233885,8.021158173,8.021158173,53.7100225,0
B00343,B00343_R1,335,Gate_2,Orange_5,1,3,1.0668,2.032,54.56,0.2032,1.9812,66.12,3,3,-11.56,0.2032,1.143,1.9812,2.032,2.2606,1.3462,3.175,1,3,3,300,0,1,3,2.7178,2.2606,1.27,1.1176,54.56,66.12,3,3,2.2606,1.3462,0,-11.56,-0.9144,5.4356,27.45659811,82.01659811,217.9834019,0,0,0.72661134,55.19169917,57.56,1.1176,1.27,2.2606,2.2987,4.411636995,5.013223858,8.923538468,9.073935183,2.2606,8.923538468,82.01659811,111.3623527,39.37220227,5.013223858,9.073935183,29.34575455,2
B00343,B00343_R1,341,Purple_3,Purple_5,2,3,1.0668,2.032,54.56,0.2032,1.9812,66.12,3,3,-11.56,1.0668,2.54,1.0668,2.032,0.508,1.4224,0.508,3,3,3,300,0,2,3,2.1463,2.032,2.1463,2.032,54.56,66.12,3,3,0.508,1.4224,0,-11.56,0.9144,1.016,10.01057909,64.57057909,235.4294209,17.44601903,0,0.784764736,295.2755906,57.56,2.032,2.1463,1.4224,2.1463,8.021158173,8.47234832,5.614810721,8.47234832,0.508,2.005289543,64.57057909,114.9718738,63.73647022,8.47234832,8.47234832,50.40129475,1
B00343,B00343_R1,343,Orange_6,Green_7,3,3,1.0668,2.032,54.56,0.2032,1.9812,66.12,3,3,-11.56,2.54,1.9812,2.54,1.143,2.032,2.9464,1.3462,3,3,3,300,0,3,3,2.6035,2.032,2.6035,2.3368,54.56,66.12,3,3,2.032,2.9464,0,-11.56,0.9144,3.3782,19.33517546,73.89517546,226.1048245,8.12142265,0,0.753682748,88.80468889,57.56,2.3368,2.6035,1.1176,1.5748,9.224331899,10.27710891,4.411636995,6.216397584,2.032,8.021158173,73.89517546,107.7528315,58.02139502,10.27710891,6.216397584,33.85765602,0
B00344,B00344_R1,343,Orange_6,Green_7,1,3,2.54,1.143,59.65,0.2032,1.9812,60.88,3,3,-1.23,2.54,1.9812,2.54,1.143,1.3462,2.9464,1.3462,3,3,3,300,0,1,3,2.6035,2.032,2.6035,2.3368,59.65,60.88,3,3,1.3462,2.9464,0,-1.23,1.6002,2.6924,16.62803458,76.27803458,223.7219654,5.113488335,0,0.745739885,111.4247512,62.65,2.3368,2.6035,2.032,2.3368,9.224331899,10.27710891,8.021158173,9.224331899,1.3462,5.31401729,76.27803458,120.0618738,61.6309162,10.27710891,9.224331899,43.78383926,2
B00344,B00344_R1,344,Gate_2,Purple_1,2,3,2.54,1.143,59.65,0.2032,1.9812,60.88,3,3,-1.23,0.2032,1.143,0.4572,2.54,2.3368,1.3462,1.651,1,3,3,300,0,2,3,2.7178,2.2606,1.8796,1.1176,59.65,60.88,3,3,2.3368,1.3462,0,-1.23,-0.9906,3.9878,21.74152291,81.39152291,218.6084771,0,0,0.728694924,75.22944982,62.65,1.1176,1.8796,2.2606,2.2987,4.411636995,7.41957131,8.923538468,9.073935183,2.3368,9.224331899,81.39152291,117.0539395,50.80235266,7.41957131,9.073935183,35.66241661,1
B00344,B00344_R1,341,Purple_3,Purple_5,3,3,2.54,1.143,59.65,0.2032,1.9812,60.88,3,3,-1.23,1.0668,2.54,1.0668,2.032,2.8702,1.4224,0.508,3,3,3,300,0,3,3,2.1463,2.032,2.1463,2.032,59.65,60.88,3,3,2.8702,1.4224,0,-1.23,-1.4478,3.3782,19.33517546,78.98517546,221.0148245,2.406347452,0,0.736716082,88.80468889,62.65,2.032,2.1463,1.1176,1.9939,8.021158173,8.47234832,4.411636995,7.870761457,2.8702,11.32988592,78.98517546,110.436484,55.31425413,8.47234832,7.870761457,31.45130857,0
B00345,B00345_R2,342,Orange_7,Gate_4,1,2,1.0668,2.032,66.54,0.2032,1.9812,48.89,4,2,17.65,2.54,1.6002,0.2032,1.9812,2.413,2.7178,2.7178,2,3,3,300,1,1,2,2.7178,2.7178,1.1176,1.1176,48.89,66.54,2,4,2.7178,2.413,-2,-17.65,-0.3048,5.4356,27.45659811,76.34659811,223.6534019,0,0,0.74551134,55.19169917,50.89,1.1176,1.1176,2.3368,2.3368,4.411636995,4.411636995,9.224331899,9.224331899,2.7178,10.72829906,76.34659811,91.1698721,20.73887814,4.411636995,9.224331899,14.82327399,1
B00345,B00345_R2,345,Purple_2,Gate_3,2,2,1.0668,2.032,66.54,0.2032,1.9812,48.89,4,2,17.65,0.762,2.54,0.2032,1.6002,0.8128,1.1176,1.4986,2,3,3,300,1,2,2,2.7178,2.7178,2.3368,2.3368,48.89,66.54,2,4,1.1176,0.8128,-2,-17.65,-0.3048,2.6162,16.32724115,65.21724115,234.7827589,11.12935697,0,0.782609196,114.6701323,50.89,2.3368,2.3368,1.1176,1.1176,9.224331899,9.224331899,4.411636995,4.411636995,1.1176,4.411636995,65.21724115,92.67383926,36.68093001,9.224331899,4.411636995,27.45659811,0
B00346,B00346_R1,344,Gate_2,Purple_1,1,3,1.0668,2.032,51.16,0.2032,1.6002,55.4,3,3,-4.24,0.2032,1.143,0.4572,2.54,2.2606,0.9652,1.651,1,3,3,300,0,1,3,1.1303,0,1.3843,1.1176,51.16,55.4,3,3,2.2606,0.9652,0,-4.24,-1.2954,3.9116,21.44072948,72.60072948,227.3992705,4.812694904,0,0.757997568,76.69495858,54.16,1.1176,1.3843,2.2606,2.5654,4.411636995,5.464414005,8.923538468,10.12671219,2.2606,8.923538468,72.60072948,108.864733,47.19283148,5.464414005,10.12671219,36.26400347,2
B00346,B00346_R1,346,Gate_2,Orange_1,2,3,1.0668,2.032,51.16,0.2032,1.6002,55.4,3,3,-4.24,0.2032,1.143,1.6764,2.54,2.2606,0.9652,2.8702,1,3,3,300,0,2,3,1.1303,0,1.9939,1.1176,51.16,55.4,3,3,2.2606,0.9652,0,-4.24,-1.2954,5.1308,26.25342439,77.41342439,222.5865756,0,0,0.741955252,58.47041397,54.16,1.1176,1.9939,1.651,1.9558,4.411636995,7.870761457,6.517191016,7.720364742,2.2606,8.923538468,77.41342439,106.4583855,47.19283148,7.870761457,7.720364742,29.04496112,1
B00346,B00346_R1,341,Purple_3,Purple_5,3,3,1.0668,2.032,51.16,0.2032,1.6002,55.4,3,3,-4.24,1.0668,2.54,1.0668,2.032,0.508,1.8034,0.508,3,3,3,300,0,3,3,2.2606,2.2606,2.2606,2.2606,51.16,55.4,3,3,0.508,1.8034,0,-4.24,1.2954,1.016,10.01057909,61.17057909,238.8294209,16.2428453,0,0.79609807,295.2755906,54.16,2.2606,2.2606,1.1176,1.1176,8.923538468,8.923538468,4.411636995,4.411636995,0.508,2.005289543,61.17057909,111.2710804,65.54123081,8.923538468,4.411636995,50.10050132,0
B00347,B00347_R2,345,Purple_2,Gate_3,1,2,1.0668,2.032,67.52,0.2032,1.6002,41.17,4,2,26.35,0.762,2.54,0.2032,1.6002,0.8128,1.4986,1.4986,2,3,3,300,1,1,2,2.3368,2.3368,2.7178,2.7178,41.17,67.52,2,4,1.4986,0.8128,-2,-26.35,-0.6858,2.9972,17.83120831,59.00120831,240.9987917,8.12142265,0,0.803329306,100.0934205,43.17,2.7178,2.7178,3.556,3.556,10.72829906,10.72829906,14.0370268,14.0370268,1.4986,5.915604153,59.00120831,93.07526191,36.68093001,10.72829906,14.0370268,34.07405361,1
B00347,B00347_R2,347,Orange_6,Green_2,2,2,1.0668,2.032,67.52,0.2032,1.6002,41.17,4,2,26.35,2.54,1.9812,1.9812,0.2032,2.032,2.7178,2.3368,3,3,3,300,1,2,2,2.3368,2.3368,3.556,3.556,41.17,67.52,2,4,2.7178,2.032,-2,-26.35,-0.6858,5.0546,25.95263096,67.12263096,232.877369,0,0,0.776257897,59.3518775,43.17,3.556,3.556,2.7178,2.7178,14.0370268,14.0370268,10.72829906,10.72829906,2.7178,10.72829906,67.12263096,84.95383926,31.86823511,14.0370268,10.72829906,17.83120831,0
B00348,B00348_R1,348,Purple_1,Gate_3,1,3,1.0668,2.032,59.13,1.9812,0.2032,58.73,3,3,0.4,0.4572,2.54,0.2032,1.6002,1.1176,3.8608,1.1938,2,3,3,300,0,1,3,1.3843,1.1176,1.3843,0.9652,59.13,58.73,3,3,1.1176,3.8608,0,0.4,2.7432,2.3114,15.12406742,74.25406742,225.7459326,11.12935697,0,0.752486442,129.7914684,62.13,0.9652,1.3843,1.1176,1.4224,3.810050132,5.464414005,4.411636995,5.614810721,1.1176,4.411636995,74.25406742,110.5180709,47.19283148,5.464414005,5.614810721,36.26400347,2
B00348,B00348_R1,346,Gate_2,Orange_1,2,3,1.0668,2.032,59.13,1.9812,0.2032,58.73,3,3,0.4,0.2032,1.143,1.6764,2.54,2.2606,2.7178,2.8702,1,3,3,300,0,2,3,1.9558,1.651,1.4224,1.1176,59.13,58.73,3,3,2.2606,2.7178,0,0.4,0.4572,5.1308,26.25342439,85.38342439,214.6165756,0,0,0.715388585,58.47041397,62.13,1.1176,1.4224,0.9652,1.6129,4.411636995,5.614810721,3.810050132,6.3667943,2.2606,8.923538468,85.38342439,105.4045826,36.36426795,5.614810721,6.3667943,20.02115817,1
B00348,B00348_R1,341,Purple_3,Purple_5,3,3,1.0668,2.032,59.13,1.9812,0.2032,58.73,3,3,0.4,1.0668,2.54,1.0668,2.032,0.508,3.2512,0.508,3,3,3,300,0,3,3,1.6891,1.1176,1.6891,1.1176,59.13,58.73,3,3,0.508,3.2512,0,0.4,2.7432,1.016,10.01057909,69.14057909,230.8594209,16.2428453,0,0.769531403,295.2755906,62.13,1.1176,1.6891,1.1176,1.4605,4.411636995,6.667587731,4.411636995,5.765207437,0.508,2.005289543,69.14057909,112.9244183,54.71266727,6.667587731,5.765207437,43.78383926,0
B00349,B00349_R2,349,Gate_1,Orange_7,1,2,1.0668,2.032,54.83,1.9812,0.2032,45,4,2,9.83,0.2032,0.762,2.54,1.6002,2.6416,2.3368,3.175,1,3,3,300,1,1,2,3.556,3.556,0.889,0.889,45,54.83,2,4,2.3368,2.6416,-2,-9.83,0.3048,5.5118,27.75739154,72.75739154,227.2426085,0,0,0.757475362,54.42868029,47,0.889,0.889,2.3368,2.3368,3.509256701,3.509256701,9.224331899,9.224331899,2.3368,9.224331899,72.75739154,97.20605534,27.9579205,3.509256701,9.224331899,24.4486638,1
B00349,B00349_R2,347,Orange_6,Green_2,2,2,1.0668,2.032,54.83,1.9812,0.2032,45,4,2,9.83,2.54,1.9812,1.9812,0.2032,2.032,2.3368,2.3368,3,3,3,300,1,2,2,3.556,3.556,2.3368,2.3368,45,54.83,2,4,2.3368,2.032,-2,-9.83,-0.3048,4.6736,24.4486638,69.4486638,230.5513362,3.308727746,0,0.768504454,64.19034577,47,2.3368,2.3368,0.889,0.889,9.224331899,9.224331899,3.509256701,3.509256701,2.3368,9.224331899,69.4486638,91.49098014,36.98172344,9.224331899,3.509256701,22.04231635,0
B00350,B00350_R1,346,Gate_2,Orange_1,1,3,1.0668,2.032,45.31,1.9812,0.2032,54.14,3,3,-8.83,0.2032,1.143,1.6764,2.54,2.2606,2.7178,2.8702,1,3,3,300,0,1,3,1.1303,0,1.9939,1.1176,45.31,54.14,3,3,2.2606,2.7178,0,-8.83,0.4572,5.1308,26.25342439,71.56342439,228.4365756,2.406347452,0,0.761455252,58.47041397,48.31,1.1176,1.9939,2.2606,2.8702,4.411636995,7.870761457,8.923538468,11.32988592,2.2606,8.923538468,71.56342439,110.2337753,54.41187384,7.870761457,11.32988592,38.67035093,2
B00350,B00350_R1,341,Purple_3,Purple_5,2,3,1.0668,2.032,45.31,1.9812,0.2032,54.14,3,3,-8.83,1.0668,2.54,1.0668,2.032,0.508,3.2512,0.508,3,3,3,300,0,2,3,2.2606,2.2606,2.2606,2.2606,45.31,54.14,3,3,0.508,3.2512,0,-8.83,2.7432,1.016,10.01057909,55.32057909,244.6794209,18.64919275,0,0.81559807,295.2755906,48.31,2.2606,2.2606,1.1176,1.4224,8.923538468,8.923538468,4.411636995,5.614810721,0.508,2.005289543,55.32057909,112.6401228,72.76027316,8.923538468,5.614810721,57.31954368,1
B00350,B00350_R1,350,Gate_2,Orange_3,3,3,1.0668,2.032,45.31,1.9812,0.2032,54.14,3,3,-8.83,0.2032,1.143,2.286,2.54,2.2606,2.7178,3.4798,1,3,3,300,0,3,3,1.1303,0,2.6035,1.7272,45.31,54.14,3,3,2.2606,2.7178,0,-8.83,0.4572,5.7404,28.65977184,73.96977184,226.0302282,0,0,0.753434094,52.26116647,48.31,1.7272,2.6035,2.2606,2.5654,6.817984447,10.27710891,8.923538468,10.12671219,2.2606,8.923538468,73.96977184,110.2337753,56.81822129,10.27710891,10.12671219,36.26400347,0
B00351,B00351_R2,351,Gate_2,Orange_3,1,2,2.286,2.54,70.57,1.9812,0.2032,45.22,4,2,25.35,0.2032,1.143,2.286,2.54,3.4798,2.7178,3.4798,1,3,3,300,1,1,2,3.175,3.175,0.8128,0.8128,45.22,70.57,2,4,2.7178,3.4798,-2,-25.35,0.762,6.1976,30.46453243,75.68453243,224.3154676,0,0,0.747718225,48.40583452,47.22,0.8128,0.8128,2.7178,2.7178,3.208463269,3.208463269,10.72829906,10.72829906,2.7178,10.72829906,75.68453243,100.1331962,27.65712707,3.208463269,10.72829906,24.4486638,1
B00351,B00351_R2,347,Orange_6,Green_2,2,2,2.286,2.54,70.57,1.9812,0.2032,45.22,4,2,25.35,2.54,1.9812,1.9812,0.2032,0.8128,2.3368,2.3368,3,3,3,300,1,2,2,3.175,3.175,2.7178,2.7178,45.22,70.57,2,4,2.3368,0.8128,-2,-25.35,-1.524,4.6736,24.4486638,69.6686638,230.3313362,6.01586863,0,0.767771121,64.19034577,47.22,2.7178,2.7178,0.8128,0.8128,10.72829906,10.72829906,3.208463269,3.208463269,2.3368,9.224331899,69.6686638,94.1173276,41.19283148,10.72829906,3.208463269,24.4486638,0
B00352,B00352_R1,352,Orange_5,Gate_4,1,3,2.286,2.54,62.78,1.9812,0.2032,67.29,3,3,-4.51,1.9812,2.032,0.2032,1.9812,0.8128,2.9464,2.3368,2,3,3,300,0,1,3,2.2987,1.4224,1.3843,1.3462,62.78,67.29,3,3,0.8128,2.9464,0,-4.51,2.1336,3.1496,18.43279517,81.21279517,218.7872048,15.03967157,0,0.729290683,95.2501905,65.78,1.3462,1.3843,0.8128,1.1176,5.31401729,5.464414005,3.208463269,4.411636995,0.8128,3.208463269,81.21279517,129.5085359,59.22456874,5.464414005,4.411636995,48.29574073,2
B00352,B00352_R1,350,Gate_2,Orange_3,2,3,2.286,2.54,62.78,1.9812,0.2032,67.29,3,3,-4.51,0.2032,1.143,2.286,2.54,3.4798,2.7178,3.4798,1,3,3,300,0,2,3,2.7178,2.2606,1.27,0.8128,62.78,67.29,3,3,3.4798,2.7178,0,-4.51,-0.762,6.9596,33.47246674,96.25246674,203.7475333,0,0,0.679158444,43.10592563,65.78,0.8128,1.27,1.3462,1.8034,3.208463269,5.013223858,5.31401729,7.118777879,3.4798,13.73623337,96.25246674,121.0863198,43.28251688,5.013223858,7.118777879,24.83385308,1
B00352,B00352_R1,341,Purple_3,Purple_5,3,3,2.286,2.54,62.78,1.9812,0.2032,67.29,3,3,-4.51,1.0668,2.54,1.0668,2.032,1.7272,3.2512,0.508,3,3,3,300,0,3,3,1.8415,1.4224,1.8415,1.4224,62.78,67.29,3,3,1.7272,3.2512,0,-4.51,1.524,2.2352,14.82327399,77.60327399,222.396726,18.64919275,0,0.74132242,134.2161775,65.78,1.4224,1.8415,1.4224,1.5748,5.614810721,7.269174594,5.614810721,6.216397584,1.7272,6.817984447,77.60327399,128.3053622,66.4436111,7.269174594,6.216397584,50.70208819,0
B00353,B00353_R2,347,Orange_6,Green_2,1,2,1.0668,2.032,73.04,1.9812,0.2032,51.84,4,2,21.2,2.54,1.9812,1.9812,0.2032,2.032,2.3368,2.3368,3,3,3,300,1,1,2,1.7272,1.7272,1.1176,1.1176,51.84,73.04,2,4,2.3368,2.032,-2,-21.2,-0.3048,4.6736,24.4486638,76.2886638,223.7113362,0,0,0.745704454,64.19034577,53.84,1.1176,1.1176,2.7178,2.7178,4.411636995,4.411636995,10.72829906,10.72829906,2.3368,9.224331899,76.2886638,100.7373276,27.35633364,4.411636995,10.72829906,24.4486638,1
B00353,B00353_R2,353,Green_6,Gate_3,2,2,1.0668,2.032,73.04,1.9812,0.2032,51.84,4,2,21.2,2.54,0.762,0.2032,1.6002,3.2512,1.1176,3.175,2,3,3,300,1,2,2,1.7272,1.7272,2.7178,2.7178,51.84,73.04,2,4,1.1176,3.2512,-2,-21.2,2.1336,4.2926,22.94469664,74.78469664,225.2153034,1.503967157,0,0.750717678,69.88771374,53.84,2.7178,2.7178,1.1176,1.1176,10.72829906,10.72829906,4.411636995,4.411636995,1.1176,4.411636995,74.78469664,99.23336044,35.17696285,10.72829906,4.411636995,24.4486638,0
B00354,B00354_R1,350,Gate_2,Orange_3,1,3,1.0668,2.032,58.79,0.2032,1.6002,60.75,3,3,-1.97,0.2032,1.143,2.286,2.54,2.2606,0.9652,3.4798,1,3,3,300,0,1,3,2.4892,2.2606,1.8796,1.7272,58.79,60.75,3,3,2.2606,0.9652,0,-1.96,-1.2954,5.7404,28.65977184,87.44977184,212.5502282,2.707140883,0,0.708500761,52.26116647,61.79,1.7272,1.8796,0.9652,1.6129,6.817984447,7.41957131,3.810050132,6.3667943,2.2606,8.923538468,87.44977184,123.7137753,56.21663443,7.41957131,6.3667943,36.26400347,2
B00354,B00354_R1,354,Green_6,Gate_3,2,3,1.0668,2.032,58.79,0.2032,1.6002,60.75,3,3,-1.97,2.54,0.762,0.2032,1.6002,3.2512,3.175,3.175,2,3,3,300,0,2,3,2.9845,2.7178,1.3843,0.9652,58.79,60.75,3,3,3.2512,3.175,0,-1.96,-0.0762,6.4262,31.36691272,90.15691272,209.8430873,0,0,0.699476958,46.68388783,61.79,0.9652,1.3843,2.032,2.6416,3.810050132,5.464414005,8.021158173,10.42750563,3.2512,12.83385308,90.15691272,124.0145687,49.59917894,5.464414005,10.42750563,33.85765602,1
B00354,B00354_R1,341,Purple_3,Purple_5,3,3,1.0668,2.032,58.79,0.2032,1.6002,60.75,3,3,-1.97,1.0668,2.54,1.0668,2.032,0.508,1.8034,0.508,3,3,3,300,0,3,3,2.7559,2.2606,2.7559,2.2606,58.79,60.75,3,3,0.508,1.8034,0,-1.96,1.2954,1.016,10.01057909,68.80057909,231.1994209,21.35633364,0,0.770664736,295.2755906,61.79,2.2606,2.7559,1.7272,1.7653,8.923538468,10.87869577,6.817984447,6.968381163,0.508,2.005289543,68.80057909,133.6399586,81.78407611,10.87869577,6.968381163,64.83937947,0
B00355,B00355_R2,353,Green_6,Gate_3,1,2,1.0668,2.032,79.27,0.2032,1.6002,44.18,4,2,35.1,2.54,0.762,0.2032,1.6002,3.2512,3.175,3.175,2,3,3,300,1,1,2,2.032,2.032,3.0226,3.0226,44.18,79.27,2,4,3.175,3.2512,-2,-35.09,0.0762,6.35,31.06611929,75.24611929,224.7538807,0,0,0.749179602,47.24409449,46.18,3.0226,3.0226,3.175,3.175,11.93147278,11.93147278,12.53305965,12.53305965,3.175,12.53305965,75.24611929,105.1090649,41.79441835,11.93147278,12.53305965,29.86294557,1
B00355,B00355_R2,355,Orange_3,Gate_3,2,2,1.0668,2.032,79.27,0.2032,1.6002,44.18,4,2,35.1,2.286,2.54,0.2032,1.6002,1.7272,3.0226,3.0226,2,3,3,300,1,2,2,2.032,2.032,3.175,3.175,44.18,79.27,2,4,3.0226,1.7272,-2,-35.09,-1.2954,6.0452,29.86294557,74.04294557,225.9570544,1.203173726,0,0.753190181,49.62614967,46.18,3.175,3.175,3.0226,3.0226,12.53305965,12.53305965,11.93147278,11.93147278,3.0226,11.93147278,74.04294557,105.1090649,43.59917894,12.53305965,11.93147278,31.06611929,0
B00356,B00356_R2,356,Green_3,Gate_4,1,3,1.0668,2.032,67.29,0.2032,1.6002,67.67,3,3,-0.38,2.286,0.2032,0.2032,1.9812,3.556,3.4798,3.8608,2,3,3,300,1,1,3,1.5748,0.8128,3.0988,2.6416,67.67,67.29,3,3,3.4798,3.556,0,0.38,0.0762,7.3406,34.9764339,102.6464339,197.3535661,0,0,0.65784522,40.86859385,70.67,2.6416,3.0988,3.4798,3.4798,10.42750563,12.23226621,13.73623337,13.73623337,3.4798,13.73623337,102.6464339,163.5754988,85.39359728,12.23226621,13.73623337,60.92906486,2
B00356,B00356_R2,355,Orange_3,Gate_3,2,3,1.0668,2.032,67.29,0.2032,1.6002,67.67,3,3,-0.38,2.286,2.54,0.2032,1.6002,1.7272,3.0226,3.0226,2,3,3,300,1,2,3,2.1844,2.032,3.3274,3.175,67.67,67.29,3,3,3.0226,1.7272,0,0.38,-1.2954,6.0452,29.86294557,97.53294557,202.4670544,5.113488335,0,0.674890181,49.62614967,70.67,3.175,3.3274,2.6416,2.8321,12.53305965,13.13464651,10.42750563,11.1794892,3.0226,11.93147278,97.53294557,162.0715316,92.31184621,13.13464651,11.1794892,64.53858603,1
B00356,B00356_R2,353,Green_6,Gate_3,3,3,1.0668,2.032,67.29,0.2032,1.6002,67.67,3,3,-0.38,2.54,0.762,0.2032,1.6002,3.2512,3.175,3.175,2,3,3,300,1,3,3,1.4224,0.8128,3.2512,3.0226,67.67,67.29,3,3,3.175,3.2512,0,0.38,0.0762,6.35,31.06611929,98.73611929,201.2638807,3.910314609,0,0.670879602,47.24409449,70.67,3.0226,3.2512,3.175,3.3655,11.93147278,12.83385308,12.53305965,13.28504322,3.175,12.53305965,98.73611929,163.5754988,90.50708562,12.83385308,13.28504322,64.83937947,0
B00357,B00357_R1,354,Green_6,Gate_3,1,3,1.0668,2.032,58.89,0.2032,1.6002,86.67,3,3,-27.78,2.54,0.762,0.2032,1.6002,3.2512,3.175,3.175,2,3,3,300,0,1,3,3.0988,2.9464,1.5748,1.3462,58.89,86.67,3,3,3.2512,3.175,0,-27.78,-0.0762,6.4262,31.36691272,90.25691272,209.7430873,0.300793431,0,0.699143624,46.68388783,61.89,1.3462,1.5748,2.032,2.6416,5.31401729,6.216397584,8.021158173,10.42750563,3.2512,12.83385308,90.25691272,127.1225031,54.11108041,6.216397584,10.42750563,36.86559034,2
B00357,B00357_R1,357,Gate_1,Orange_3,2,3,1.0668,2.032,58.89,0.2032,1.6002,86.67,3,3,-27.78,0.2032,0.762,2.286,2.54,2.6416,1.3462,3.8608,1,3,3,300,0,2,3,2.794,2.6416,1.8796,1.7272,58.89,86.67,3,3,2.6416,1.3462,0,-27.78,-1.2954,6.5024,31.66770615,90.55770615,209.4422938,0,0,0.698140979,46.13681102,61.89,1.7272,1.8796,1.3462,1.9939,6.817984447,7.41957131,5.31401729,7.870761457,2.6416,10.42750563,90.55770615,126.8217096,56.21663443,7.41957131,7.870761457,36.26400347,1
B00357,B00357_R1,341,Purple_3,Purple_5,3,3,1.0668,2.032,58.89,0.2032,1.6002,86.67,3,3,-27.78,1.0668,2.54,1.0668,2.032,0.508,1.8034,0.508,3,3,3,300,0,3,3,2.9464,2.6416,2.9464,2.6416,58.89,86.67,3,3,0.508,1.8034,0,-27.78,1.2954,1.016,10.01057909,68.90057909,231.0994209,21.65712707,0,0.770331403,295.2755906,61.89,2.6416,2.9464,1.7272,1.7653,10.42750563,11.63067935,6.817984447,6.968381163,0.508,2.005289543,68.90057909,136.7478929,86.29597758,11.63067935,6.968381163,67.84731378,0
B00358,B00358_R1,357,Gate_1,Orange_3,1,3,1.0668,2.032,68.57,0.2032,1.6002,80.31,3,3,-11.73,0.2032,0.762,2.286,2.54,2.6416,1.3462,3.8608,1,3,3,300,0,1,3,2.794,2.6416,1.8796,1.7272,68.57,80.31,3,3,2.6416,1.3462,0,-11.74,-1.2954,6.5024,31.66770615,100.2377062,199.7622938,1.203173726,0,0.665874313,46.13681102,71.57,1.7272,1.8796,2.3368,2.4892,6.817984447,7.41957131,9.224331899,9.825918762,2.6416,10.42750563,100.2377062,141.9159914,57.72060159,7.41957131,9.825918762,41.67828524,2
B00358,B00358_R1,358,Green_6,Purple_2,2,3,1.0668,2.032,68.57,0.2032,1.6002,80.31,3,3,-11.73,2.54,0.762,0.762,2.54,3.2512,3.175,3.556,3,3,3,300,0,2,3,3.0988,2.9464,1.5748,0.8128,68.57,80.31,3,3,3.2512,3.175,0,-11.74,-0.0762,6.8072,32.87087988,101.4408799,198.5591201,0,0,0.661863734,44.07098366,71.57,0.8128,1.5748,2.032,2.6416,3.208463269,6.216397584,8.021158173,10.42750563,3.2512,12.83385308,101.4408799,138.3064702,54.11108041,6.216397584,10.42750563,36.86559034,1
B00358,B00358_R1,341,Purple_3,Purple_5,3,3,1.0668,2.032,68.57,0.2032,1.6002,80.31,3,3,-11.73,1.0668,2.54,1.0668,2.032,0.508,1.8034,0.508,3,3,3,300,0,3,3,2.9464,2.6416,2.9464,2.6416,68.57,80.31,3,3,0.508,1.8034,0,-11.74,1.2954,1.016,10.01057909,78.58057909,221.4194209,22.86030079,0,0.738064736,295.2755906,71.57,2.6416,2.9464,0.8128,1.27,10.42750563,11.63067935,3.208463269,5.013223858,0.508,2.005289543,78.58057909,144.3223388,87.79994474,11.63067935,5.013223858,65.74175976,0
B00359,B00359_R2,359,Gate_2,Purple_4,1,2,1.0668,2.032,82.08,0.2032,1.6002,62.31,4,2,19.77,0.2032,1.143,0.762,2.032,2.2606,0.9652,1.9558,1,3,3,300,1,1,2,2.7178,2.7178,3.556,3.556,62.31,82.08,2,4,0.9652,2.2606,-2,-19.77,1.2954,2.921,17.53041487,79.84041487,220.1595851,13.53570442,0,0.733865284,102.7045532,64.31,3.556,3.556,0.9652,0.9652,14.0370268,14.0370268,3.810050132,3.810050132,0.9652,3.810050132,79.84041487,110.9065342,45.10314609,14.0370268,3.810050132,31.06611929,1
B00359,B00359_R2,353,Green_6,Gate_3,2,2,1.0668,2.032,82.08,0.2032,1.6002,62.31,4,2,19.77,2.54,0.762,0.2032,1.6002,3.2512,3.175,3.175,2,3,3,300,1,2,2,2.7178,2.7178,0.9652,0.9652,62.31,82.08,2,4,3.175,3.2512,-2,-19.77,0.0762,6.35,31.06611929,93.37611929,206.6238807,0,0,0.688746269,47.24409449,64.31,0.9652,0.9652,3.556,3.556,3.810050132,3.810050132,14.0370268,14.0370268,3.175,12.53305965,93.37611929,112.4105013,21.34046501,3.810050132,14.0370268,19.03438203,0
B00360,B00360_R2,360,Gate_1,Green_7,1,3,1.0668,2.032,66.63,0.2032,1.6002,70.24,3,3,-3.61,0.2032,0.762,2.54,1.143,2.6416,1.3462,2.7178,1,3,3,300,1,1,3,1.9177,0.889,1.6129,0.889,70.24,66.63,3,3,1.3462,2.6416,0,3.61,1.2954,4.064,22.04231635,92.28231635,207.7176837,9.023802945,0,0.692392279,73.81889764,73.24,0.889,1.6129,1.3462,1.8415,3.509256701,6.3667943,5.31401729,7.269174594,1.3462,5.31401729,92.28231635,140.8788505,61.33012276,6.3667943,7.269174594,48.59653416,2
B00360,B00360_R2,353,Green_6,Gate_3,2,3,1.0668,2.032,66.63,0.2032,1.6002,70.24,3,3,-3.61,2.54,0.762,0.2032,1.6002,3.2512,3.175,3.175,2,3,3,300,1,2,3,2.8321,2.7178,1.1557,0.9652,70.24,66.63,3,3,3.175,3.2512,0,3.61,0.0762,6.35,31.06611929,101.3061193,198.6938807,0,0,0.662312936,47.24409449,73.24,0.9652,1.1557,0.889,2.2225,3.810050132,4.562033711,3.509256701,8.773141752,3.175,12.53305965,101.3061193,131.8550476,48.69679864,4.562033711,8.773141752,30.54892828,1
B00360,B00360_R2,359,Gate_2,Purple_4,3,3,1.0668,2.032,66.63,0.2032,1.6002,70.24,3,3,-3.61,0.2032,1.143,0.762,2.032,2.2606,0.9652,1.9558,1,3,3,300,1,3,3,1.8034,0.889,2.9464,2.3368,70.24,66.63,3,3,0.9652,2.2606,0,3.61,1.2954,2.921,17.53041487,87.77041487,212.2295851,13.53570442,0,0.70743195,102.7045532,73.24,2.3368,2.9464,0.9652,1.651,9.224331899,11.63067935,3.810050132,6.517191016,0.9652,3.810050132,87.77041487,140.8788505,76.36979434,11.63067935,6.517191016,53.10843564,0
B00361,B00361_R1,358,Green_6,Purple_2,1,3,1.0668,2.032,58.23,0.762,2.032,72.84,3,4,-14.6,2.54,0.762,0.762,2.54,3.2512,3.556,3.556,3,3,3,300,0,1,3,3.556,3.2512,0.8128,0.8128,58.23,72.84,3,4,3.2512,3.556,-1,-14.61,0.3048,6.8072,32.87087988,91.10087988,208.8991201,0,0,0.6963304,44.07098366,61.23,0.8128,0.8128,3.2512,3.4036,3.208463269,3.208463269,12.83385308,13.43543994,3.2512,12.83385308,91.10087988,114.7315592,30.04760589,3.208463269,13.43543994,23.63067935,2
B00361,B00361_R1,341,Purple_3,Purple_5,2,3,1.0668,2.032,58.23,0.762,2.032,72.84,3,4,-14.6,1.0668,2.54,1.0668,2.032,0.508,0.8128,0.508,3,3,3,300,0,2,3,2.1844,1.1176,2.1844,1.1176,58.23,72.84,3,4,0.508,0.8128,-1,-14.61,0.3048,1.016,10.01057909,68.24057909,231.7594209,22.86030079,0,0.772531403,295.2755906,61.23,1.1176,2.1844,0.8128,1.1176,4.411636995,8.622745036,3.208463269,4.411636995,0.508,2.005289543,68.24057909,115.934733,63.73647022,8.622745036,4.411636995,47.69415387,1
B00361,B00361_R1,361,Purple_1,Gate_4,3,3,1.0668,2.032,58.23,0.762,2.032,72.84,3,4,-14.6,0.4572,2.54,0.2032,1.9812,1.1176,0.8128,0.8128,2,3,3,300,0,3,3,2.4892,1.1176,2.4892,1.4224,58.23,72.84,3,4,1.1176,0.8128,-1,-14.61,-0.3048,1.9304,13.62010026,71.85010026,228.1498997,19.25077962,0,0.760499666,155.4082056,61.23,1.4224,2.4892,0.8128,0.9652,5.614810721,9.825918762,3.208463269,3.810050132,1.1176,4.411636995,71.85010026,113.5283855,62.53329649,9.825918762,3.810050132,41.67828524,0
B00362,B00362_R1,341,Purple_3,Purple_5,1,3,0.2032,1.9812,53.85,0.762,2.032,58.81,3,3,-4.96,1.0668,2.54,1.0668,2.032,1.4224,0.8128,0.508,3,3,3,300,0,1,3,2.1844,1.1176,2.1844,1.1176,53.85,58.81,3,3,1.4224,0.8128,0,-4.96,-0.6096,1.9304,13.62010026,67.47010026,232.5298997,12.03173726,0,0.775099666,155.4082056,56.85,1.1176,2.1844,1.1176,1.27,4.411636995,8.622745036,4.411636995,5.013223858,1.4224,5.614810721,67.47010026,104.3356906,55.31425413,8.622745036,5.013223858,36.86559034,2
B00362,B00362_R1,362,Yellow_2,Purple_1,2,3,0.2032,1.9812,53.85,0.762,2.032,58.81,3,3,-4.96,0.762,0.2032,0.4572,2.54,2.3368,2.9464,2.6416,3,3,3,300,0,2,3,2.9464,2.6416,0.5588,0,53.85,58.81,3,3,2.3368,2.9464,0,-4.96,0.6096,4.9784,25.65183752,79.50183752,220.4981625,0,0,0.734993875,60.2603246,56.85,0,0.5588,2.3368,2.794,0,2.205818498,9.224331899,11.02909249,2.3368,9.224331899,79.50183752,105.5388643,30.4486638,2.205818498,11.02909249,26.0370268,1
B00362,B00362_R1,361,Purple_1,Gate_4,3,3,0.2032,1.9812,53.85,0.762,2.032,58.81,3,3,-4.96,0.4572,2.54,0.2032,1.9812,0.8128,0.8128,0.8128,2,3,3,300,0,3,3,1.8796,1.1176,1.8796,1.4224,53.85,58.81,3,3,0.8128,0.8128,0,-4.96,0,1.6256,12.41692654,66.26692654,233.7330735,13.23491099,0,0.779110245,184.5472441,56.85,1.4224,1.8796,0,0.5588,5.614810721,7.41957131,0,2.205818498,0.8128,3.208463269,66.26692654,102.3304011,54.11108041,7.41957131,2.205818498,36.06347452,0
B00363,B00363_R2,363,Green_2,Yellow_1,1,3,0.2032,1.9812,67.76,0.762,2.032,47.18,4,3,20.58,1.9812,0.2032,0.4572,0.2032,3.556,3.556,2.032,3,3,3,300,1,1,3,1.9177,1.1176,1.9177,1.1938,47.18,67.76,3,4,3.556,3.556,-1,-20.58,0,5.588,28.05818498,75.23818498,224.761815,4.511901472,0,0.74920605,53.68647101,50.18,1.1938,1.9177,3.175,3.3655,4.712430427,7.569968026,12.53305965,13.28504322,3.556,14.0370268,75.23818498,127.7450338,69.15075198,7.569968026,13.28504322,52.50684877,2
B00363,B00363_R2,353,Green_6,Gate_3,2,3,0.2032,1.9812,67.76,0.762,2.032,47.18,4,3,20.58,2.54,0.762,0.2032,1.6002,3.556,3.556,3.175,2,3,3,300,1,2,3,1.9177,1.1176,2.0701,0.9652,47.18,67.76,3,4,3.556,3.556,-1,-20.58,0,6.731,32.57008645,79.75008645,220.2499136,0,0,0.734166379,44.56990046,50.18,0.9652,2.0701,2.6416,3.0988,3.810050132,8.171554889,10.42750563,12.23226621,3.556,14.0370268,79.75008645,125.6394797,65.84202424,8.171554889,12.23226621,45.88939328,1
B00363,B00363_R2,359,Gate_2,Purple_4,3,3,0.2032,1.9812,67.76,0.762,2.032,47.18,4,3,20.58,0.2032,1.143,0.762,2.032,1.3462,1.9558,1.9558,1,3,3,300,1,3,3,2.7178,2.7178,3.556,3.556,47.18,67.76,3,4,1.9558,1.3462,-1,-20.58,-0.6096,3.9116,21.44072948,68.62072948,231.3792705,11.12935697,0,0.771264235,76.69495858,50.18,3.556,3.556,0.9652,1.0795,14.0370268,14.0370268,3.810050132,4.261240279,1.9558,7.720364742,68.62072948,125.3386863,88.70232503,14.0370268,4.261240279,56.71795682,0
B00364,B00364_R1,362,Yellow_2,Purple_1,1,3,0.2032,1.9812,50.96,0.762,2.032,62.72,3,3,-11.75,0.762,0.2032,0.4572,2.54,2.3368,2.9464,2.6416,3,3,3,300,0,1,3,2.0701,1.4986,0.8255,0,50.96,62.72,3,3,2.3368,2.9464,0,-11.76,0.6096,4.9784,25.65183752,76.61183752,223.3881625,0,0,0.744627208,60.2603246,53.96,0,0.8255,2.3368,2.794,0,3.258595508,9.224331899,11.02909249,2.3368,9.224331899,76.61183752,111.6726673,41.57802076,3.258595508,11.02909249,35.06082975,2
B00364,B00364_R1,361,Purple_1,Gate_4,2,3,0.2032,1.9812,50.96,0.762,2.032,62.72,3,3,-11.75,0.4572,2.54,0.2032,1.9812,0.8128,0.8128,0.8128,2,3,3,300,0,2,3,2.1463,1.651,1.8415,1.3462,50.96,62.72,3,3,0.8128,0.8128,0,-11.76,0,1.6256,12.41692654,63.37692654,236.6230735,13.23491099,0,0.788743578,184.5472441,53.96,1.3462,1.8415,0,0.8636,5.31401729,7.269174594,0,3.408992224,0.8128,3.208463269,63.37692654,108.464204,62.83408992,7.269174594,3.408992224,45.08727746,1
B00364,B00364_R1,364,Gate_2,Orange_1,3,3,0.2032,1.9812,50.96,0.762,2.032,62.72,3,3,-11.75,0.2032,1.143,1.6764,2.54,1.3462,1.9558,2.8702,1,3,3,300,0,3,3,1.5748,1.4986,2.4892,1.7272,50.96,62.72,3,3,1.3462,1.9558,0,-11.76,0.6096,4.2164,22.64390321,73.60390321,226.3960968,3.007934315,0,0.754653656,71.15074471,53.96,1.7272,2.4892,1.3462,1.4986,6.817984447,9.825918762,5.31401729,5.915604153,1.3462,5.31401729,73.60390321,111.6726673,57.72060159,9.825918762,5.915604153,38.06876406,0
B00365,B00365_R2,365,Gate_1,Purple_4,1,3,1.6764,2.54,67.24,0.762,2.032,54.1,4,3,13.14,0.2032,0.762,0.762,2.032,3.2512,2.3368,2.3368,1,3,3,300,1,1,3,1.9177,0.889,2.7559,1.9558,54.1,67.24,3,4,2.3368,3.2512,-1,-13.14,0.9144,4.6736,24.4486638,78.5486638,221.4513362,8.12142265,0,0.738171121,64.19034577,57.1,1.9558,2.7559,1.3462,1.8415,7.720364742,10.87869577,5.31401729,7.269174594,2.3368,9.224331899,78.5486638,128.6491651,75.76820748,10.87869577,7.269174594,50.10050132,2
B00365,B00365_R2,353,Green_6,Gate_3,2,3,1.6764,2.54,67.24,0.762,2.032,54.1,4,3,13.14,2.54,0.762,0.2032,1.6002,2.6416,3.556,3.175,2,3,3,300,1,2,3,2.8321,2.7178,1.1557,0.9652,54.1,67.24,3,4,3.556,2.6416,-1,-13.14,-0.9144,6.731,32.57008645,86.67008645,213.3299136,0,0,0.711099712,44.56990046,57.1,0.9652,1.1557,3.556,3.556,3.810050132,4.562033711,14.0370268,14.0370268,3.556,14.0370268,86.67008645,132.5594797,55.0134607,4.562033711,14.0370268,45.88939328,1
B00365,B00365_R2,359,Gate_2,Purple_4,3,3,1.6764,2.54,67.24,0.762,2.032,54.1,4,3,13.14,0.2032,1.143,0.762,2.032,2.8702,1.9558,1.9558,1,3,3,300,1,3,3,1.8034,0.889,2.9464,2.3368,54.1,67.24,3,4,1.9558,2.8702,-1,-13.14,0.9144,3.9116,21.44072948,75.54072948,224.4592705,11.12935697,0,0.748197568,76.69495858,57.1,2.3368,2.9464,0.9652,1.4605,9.224331899,11.63067935,3.810050132,5.765207437,1.9558,7.720364742,75.54072948,128.6491651,80.28010895,11.63067935,5.765207437,53.10843564,0
B00366,B00366_R1,361,Purple_1,Gate_4,1,3,1.6764,2.54,61.99,0.762,2.032,67.53,3,3,-5.54,0.4572,2.54,0.2032,1.9812,1.7272,0.8128,0.8128,2,3,3,300,0,1,3,1.651,1.651,1.3462,1.3462,61.99,67.53,3,3,1.7272,0.8128,0,-5.54,-0.9144,2.54,16.02644772,78.01644772,221.9835523,12.63332412,0,0.739945174,118.1102362,64.99,1.3462,1.3462,1.7272,2.1844,5.31401729,5.31401729,6.817984447,8.622745036,1.7272,6.817984447,78.01644772,129.9217096,62.53329649,5.31401729,8.622745036,51.90526191,2
B00366,B00366_R1,366,Gate_2,Yellow_4,2,3,1.6764,2.54,61.99,0.762,2.032,67.53,3,3,-5.54,0.2032,1.143,0.762,0.7112,2.8702,1.9558,1.4986,1,3,3,300,0,2,3,0.8255,0,2.0701,1.4986,61.99,67.53,3,3,2.8702,1.9558,0,-5.54,-0.9144,4.3688,23.24549007,85.23549007,214.7645099,5.414281767,0,0.7158817,68.66874199,64.99,1.4986,2.0701,1.3462,2.1082,5.915604153,8.171554889,5.31401729,8.321951605,2.8702,11.32988592,85.23549007,123.905841,61.02932933,8.171554889,8.321951605,38.67035093,1
B00366,B00366_R1,364,Gate_2,Orange_1,3,3,1.6764,2.54,61.99,0.762,2.032,67.53,3,3,-5.54,0.2032,1.143,1.6764,2.54,2.8702,1.9558,2.8702,1,3,3,300,0,3,3,0.8255,0,2.2987,1.7272,61.99,67.53,3,3,2.8702,1.9558,0,-5.54,-0.9144,5.7404,28.65977184,90.64977184,209.3502282,0,0,0.697834094,52.26116647,64.99,1.7272,2.2987,1.3462,1.4224,6.817984447,9.073935183,5.31401729,5.614810721,2.8702,11.32988592,90.64977184,123.905841,57.41980816,9.073935183,5.614810721,33.25606916,0
B00367,B00367_R2,367,Gate_2,Green_7,1,3,1.6764,2.54,64.23,0.762,2.032,58.01,4,3,6.22,0.2032,1.143,2.54,1.143,2.8702,1.9558,2.3368,1,3,3,300,1,1,3,1.3589,0,1.6129,0.889,58.01,64.23,3,4,1.9558,2.8702,-1,-6.22,0.9144,4.2926,22.94469664,80.95469664,219.0453034,9.625389808,0,0.730151011,69.88771374,61.01,0.889,1.6129,0.9652,1.4605,3.509256701,6.3667943,3.810050132,5.765207437,1.9558,7.720364742,80.95469664,131.055198,66.74440453,6.3667943,5.765207437,50.10050132,2
B00367,B00367_R2,353,Green_6,Gate_3,2,3,1.6764,2.54,64.23,0.762,2.032,58.01,4,3,6.22,2.54,0.762,0.2032,1.6002,2.6416,3.556,3.175,2,3,3,300,1,2,3,2.7178,2.7178,0.9652,0.9652,58.01,64.23,3,4,3.556,2.6416,-1,-6.22,-0.9144,6.731,32.57008645,90.58008645,209.4199136,0,0,0.698066379,44.56990046,61.01,0.9652,0.9652,0.889,2.2225,3.810050132,3.810050132,3.509256701,8.773141752,3.556,14.0370268,90.58008645,124.4377425,52.00552639,3.810050132,8.773141752,33.85765602,1
B00367,B00367_R2,359,Gate_2,Purple_4,3,3,1.6764,2.54,64.23,0.762,2.032,58.01,4,3,6.22,0.2032,1.143,0.762,2.032,2.8702,1.9558,1.9558,1,3,3,300,1,3,3,1.3589,0,2.7559,1.9558,58.01,64.23,3,4,1.9558,2.8702,-1,-6.22,0.9144,3.9116,21.44072948,79.45072948,220.5492705,11.12935697,0,0.735164235,76.69495858,61.01,1.9558,2.7559,0.9652,1.651,7.720364742,10.87869577,3.810050132,6.517191016,1.9558,7.720364742,79.45072948,131.055198,77.27217463,10.87869577,6.517191016,51.60446848,0
B00368,B00368_R1,366,Gate_2,Yellow_4,1,3,1.6764,2.54,51.04,0.762,2.032,61.51,3,3,-10.47,0.2032,1.143,0.762,0.7112,2.8702,1.9558,1.4986,1,3,3,300,0,1,3,1.3589,0,1.6129,1.4986,51.04,61.51,3,3,2.8702,1.9558,0,-10.47,-0.9144,4.3688,23.24549007,74.28549007,225.7145099,5.414281767,0,0.7523817,68.66874199,54.04,1.4986,1.6129,2.7178,2.794,5.915604153,6.3667943,10.72829906,11.02909249,2.8702,11.32988592,74.28549007,123.1828177,62.23250306,6.3667943,11.02909249,48.8973276,2
B00368,B00368_R1,368,Green_2,Green_5,2,3,1.6764,2.54,51.04,0.762,2.032,61.51,3,3,-10.47,1.9812,0.2032,1.9812,0.7112,3.2512,3.556,0.508,3,3,3,300,0,2,3,2.7178,2.7178,2.7178,2.7178,51.04,61.51,3,3,3.2512,3.556,0,-10.47,0.3048,3.7592,20.83914262,71.87914262,228.1208574,7.820629219,0,0.760402858,79.80421366,54.04,2.7178,2.7178,1.7272,2.4892,10.72829906,10.72829906,6.817984447,9.825918762,3.2512,12.83385308,71.87914262,117.7685359,73.36186002,10.72829906,9.825918762,45.88939328,1
B00368,B00368_R1,364,Gate_2,Orange_1,3,3,1.6764,2.54,51.04,0.762,2.032,61.51,3,3,-10.47,0.2032,1.143,1.6764,2.54,2.8702,1.9558,2.8702,1,3,3,300,0,3,3,1.3589,0,3.0607,2.8702,51.04,61.51,3,3,2.8702,1.9558,0,-10.47,-0.9144,5.7404,28.65977184,79.69977184,220.3002282,0,0,0.734334094,52.26116647,54.04,2.8702,3.0607,1.4986,2.1082,11.32988592,12.0818695,5.915604153,8.321951605,2.8702,11.32988592,79.69977184,118.3701228,68.24837169,12.0818695,8.321951605,38.67035093,0
B00369,B00369_R2,353,Green_6,Gate_3,1,3,1.6764,2.54,67.28,0.762,2.032,51.8,4,3,15.48,2.54,0.762,0.2032,1.6002,2.6416,3.556,3.175,2,3,3,300,1,1,3,2.5273,2.3368,1.8415,0.9652,51.8,67.28,3,4,3.556,2.6416,-1,-15.48,-0.9144,6.731,32.57008645,84.37008645,215.6299136,0,0,0.718766379,44.56990046,54.8,0.9652,1.8415,3.175,3.3655,3.810050132,7.269174594,12.53305965,13.28504322,3.556,14.0370268,84.37008645,127.8531323,59.52536218,7.269174594,13.28504322,43.48304583,2
B00369,B00369_R2,359,Gate_2,Purple_4,2,3,1.6764,2.54,67.28,0.762,2.032,51.8,4,3,15.48,0.2032,1.143,0.762,2.032,2.8702,1.9558,1.9558,1,3,3,300,1,2,3,2.9464,2.7178,2.6416,1.7272,51.8,67.28,3,4,1.9558,2.8702,-1,-15.48,0.9144,3.9116,21.44072948,73.24072948,226.7592705,11.12935697,0,0.755864235,76.69495858,54.8,1.7272,2.6416,0.9652,0.9652,6.817984447,10.42750563,3.810050132,3.810050132,1.9558,7.720364742,73.24072948,125.4467848,76.9713812,10.42750563,3.810050132,52.20605534,1
B00369,B00369_R2,369,Orange_2,Gate_3,3,3,1.6764,2.54,67.28,0.762,2.032,51.8,4,3,15.48,1.9812,2.54,0.2032,1.6002,0.8128,1.7272,2.7178,2,3,3,300,1,3,3,2.7559,2.3368,2.0701,0.9652,51.8,67.28,3,4,1.7272,0.8128,-1,-15.48,-0.9144,4.445,23.5462835,75.3462835,224.6537165,9.023802945,0,0.748845722,67.49156355,54.8,0.9652,2.0701,1.7272,2.2225,3.810050132,8.171554889,6.817984447,8.773141752,1.7272,6.817984447,75.3462835,129.3570994,70.35392571,8.171554889,8.773141752,54.01081593,0
B00370,B00370_R1,368,Green_2,Green_5,1,3,1.6764,2.54,60.91,0.2032,1.6002,62.12,3,3,-1.21,1.9812,0.2032,1.9812,0.7112,3.2512,3.175,0.508,3,3,3,300,0,1,3,1.7653,0.8128,1.7653,0.8128,60.91,62.12,3,3,3.2512,3.175,0,-1.21,-0.0762,3.7592,20.83914262,81.74914262,218.2508574,9.625389808,0,0.727502858,79.80421366,63.91,0.8128,1.7653,3.2512,3.4036,3.208463269,6.968381163,12.83385308,13.43543994,3.2512,12.83385308,81.74914262,140.8734469,73.06106659,6.968381163,13.43543994,59.12430427,2
B00370,B00370_R1,370,Green_4,Purple_2,2,3,1.6764,2.54,60.91,0.2032,1.6002,62.12,3,3,-1.21,1.6764,0.7112,0.762,2.54,2.9464,2.8702,3.2512,3,3,3,300,0,2,3,1.6129,0.8128,2.7559,1.9558,60.91,62.12,3,3,2.9464,2.8702,0,-1.21,-0.0762,6.1976,30.46453243,91.37453243,208.6254676,0,0,0.695418225,48.40583452,63.91,1.9558,2.7559,0.8128,1.8796,7.720364742,10.87869577,3.208463269,7.41957131,2.9464,11.63067935,91.37453243,132.4512308,71.256306,10.87869577,7.41957131,41.07669838,1
B00370,B00370_R1,364,Gate_2,Orange_1,3,3,1.6764,2.54,60.91,0.2032,1.6002,62.12,3,3,-1.21,0.2032,1.143,1.6764,2.54,2.8702,0.9652,2.8702,1,3,3,300,0,3,3,2.5654,2.413,3.0988,2.9464,60.91,62.12,3,3,2.8702,0.9652,0,-1.21,-1.905,5.7404,28.65977184,89.56977184,210.4302282,1.804760589,0,0.701434094,52.26116647,63.91,2.9464,3.0988,1.9558,2.3368,11.63067935,12.23226621,7.720364742,9.224331899,2.8702,11.32988592,89.56977184,137.2639257,75.76820748,12.23226621,9.224331899,47.69415387,0
B00371,B00371_R2,371,Gate_1,Orange_4,1,3,1.6764,2.54,71.55,0.2032,1.6002,52.3,4,3,19.25,0.2032,0.762,1.6764,2.032,3.2512,1.3462,3.2512,1,3,3,300,1,1,3,2.2225,0.889,1.8415,0.8128,52.3,71.55,3,4,1.3462,3.2512,-1,-19.25,1.905,4.5974,24.14787037,76.44787037,223.5521296,3.308727746,0,0.745173765,65.25427415,55.3,0.8128,1.8415,1.3462,1.8415,3.208463269,7.269174594,5.31401729,7.269174594,1.3462,5.31401729,76.44787037,121.4348834,59.52536218,7.269174594,7.269174594,44.98701299,2
B00371,B00371_R2,369,Orange_2,Gate_3,2,3,1.6764,2.54,71.55,0.2032,1.6002,52.3,4,3,19.25,1.9812,2.54,0.2032,1.6002,0.8128,2.7178,2.7178,2,3,3,300,1,2,3,3.3655,3.175,1.1557,0.9652,52.3,71.55,3,4,2.7178,0.8128,-1,-19.25,-1.905,5.4356,27.45659811,79.75659811,220.2434019,0,0,0.734144673,55.19169917,55.3,0.9652,1.1557,0.8128,1.27,3.810050132,4.562033711,3.208463269,5.013223858,2.7178,10.72829906,79.75659811,113.9150476,50.80235266,4.562033711,5.013223858,34.15844945,1
B00371,B00371_R2,359,Gate_2,Purple_4,3,3,1.6764,2.54,71.55,0.2032,1.6002,52.3,4,3,19.25,0.2032,1.143,0.762,2.032,2.8702,0.9652,1.9558,1,3,3,300,1,3,3,2.032,0.889,2.032,1.7272,52.3,71.55,3,4,0.9652,2.8702,-1,-19.25,1.905,2.921,17.53041487,69.83041487,230.1695851,9.926183239,0,0.76723195,102.7045532,55.3,1.7272,2.032,0.9652,1.9177,6.817984447,8.021158173,3.810050132,7.569968026,0.9652,3.810050132,69.83041487,121.4348834,67.64678483,8.021158173,7.569968026,51.60446848,0
B00372,B00372_R2,369,Orange_2,Gate_3,1,3,1.6764,2.54,62.64,0.762,2.032,58.81,3,3,3.83,1.9812,2.54,0.2032,1.6002,0.8128,1.7272,2.7178,2,3,3,300,1,1,3,3.3655,3.175,1.1557,0.9652,58.81,62.64,3,3,1.7272,0.8128,0,-3.83,-0.9144,4.445,23.5462835,82.3562835,217.6437165,0,0,0.725479055,67.49156355,61.81,0.9652,1.1557,1.7272,2.4892,3.810050132,4.562033711,6.817984447,9.825918762,1.7272,6.817984447,82.3562835,127.0425031,53.81028698,4.562033711,9.825918762,44.68621956,2
B00372,B00372_R2,359,Gate_2,Purple_4,2,3,1.6764,2.54,62.64,0.762,2.032,58.81,3,3,3.83,0.2032,1.143,0.762,2.032,2.8702,1.9558,1.9558,1,3,3,300,1,2,3,2.032,0.889,2.032,1.7272,58.81,62.64,3,3,1.9558,2.8702,0,-3.83,0.9144,3.9116,21.44072948,80.25072948,219.7492705,2.10555402,0,0.732497568,76.69495858,61.81,1.7272,2.032,0.9652,1.6891,6.817984447,8.021158173,3.810050132,6.667587731,1.9558,7.720364742,80.25072948,123.1321884,62.83408992,8.021158173,6.667587731,42.88145897,1
B00372,B00372_R2,372,Gate_1,Green_1,3,3,1.6764,2.54,62.64,0.762,2.032,58.81,3,3,3.83,0.2032,0.762,1.6764,0.2032,3.2512,2.3368,2.032,1,3,3,300,1,3,3,2.2225,0.889,2.8321,2.413,58.81,62.64,3,3,2.3368,3.2512,0,-3.83,0.9144,4.3688,23.24549007,82.05549007,217.9445099,0.300793431,0,0.7264817,68.66874199,61.81,2.413,2.8321,1.3462,1.8415,9.525125331,11.1794892,5.31401729,7.269174594,2.3368,9.224331899,82.05549007,123.1321884,67.34599139,11.1794892,7.269174594,41.07669838,0
B00373,B00373_R1,370,Green_4,Purple_2,1,3,1.6764,2.54,52.9,1.6764,0.2032,72.24,3,4,-19.34,1.6764,0.7112,0.762,2.54,2.9464,0.508,3.2512,3,3,3,300,0,1,3,2.2225,2.032,2.1463,1.9558,52.9,72.24,3,4,2.9464,0.508,-1,-19.34,-2.4384,6.1976,30.46453243,83.36453243,216.6354676,0,0,0.722118225,48.40583452,55.9,1.9558,2.1463,1.4224,2.1844,7.720364742,8.47234832,5.614810721,8.622745036,2.9464,11.63067935,83.36453243,129.2539257,68.84995855,8.47234832,8.622745036,45.88939328,2
B00373,B00373_R1,373,Gate_1,Yellow_2,2,3,1.6764,2.54,52.9,1.6764,0.2032,72.24,3,4,-19.34,0.2032,0.762,0.762,0.2032,3.2512,2.032,1.1176,1,3,3,300,0,2,3,1.4605,0.889,1.4605,1.4224,52.9,72.24,3,4,3.2512,2.032,-1,-19.34,-1.2192,4.3688,23.24549007,76.14549007,223.8545099,7.219042356,0,0.7461817,68.66874199,55.9,1.4224,1.4605,2.3368,2.794,5.614810721,5.765207437,9.224331899,11.02909249,3.2512,12.83385308,76.14549007,131.6602732,70.65471914,5.765207437,11.02909249,55.51478309,1
B00373,B00373_R1,364,Gate_2,Orange_1,3,3,1.6764,2.54,52.9,1.6764,0.2032,72.24,3,4,-19.34,0.2032,1.143,1.6764,2.54,2.8702,2.413,2.8702,1,3,3,300,0,3,3,1.651,0.889,3.0988,2.9464,52.9,72.24,3,4,2.8702,2.413,-1,-19.34,-0.4572,5.7404,28.65977184,81.55977184,218.4402282,1.804760589,0,0.728134094,52.26116647,55.9,2.9464,3.0988,1.4986,1.7272,11.63067935,12.23226621,5.915604153,6.817984447,2.8702,11.32988592,81.55977184,129.8555126,78.17455493,12.23226621,6.817984447,48.29574073,0
B00374,B00374_R2,359,Gate_2,Purple_4,1,3,1.6764,2.54,65.48,1.6764,0.2032,59.71,3,3,5.77,0.2032,1.143,0.762,2.032,2.8702,2.413,1.9558,1,3,3,300,1,1,3,2.032,0.889,2.3368,2.3368,59.71,65.48,3,3,2.413,2.8702,0,-5.77,0.4572,4.3688,23.24549007,82.95549007,217.0445099,4.812694904,0,0.7234817,68.66874199,62.71,2.3368,2.3368,1.3462,1.8796,9.224331899,9.224331899,5.31401729,7.41957131,2.413,9.525125331,82.95549007,128.8448834,68.54916512,9.224331899,7.41957131,45.88939328,2
B00374,B00374_R2,374,Orange_6,Gate_4,2,3,1.6764,2.54,65.48,1.6764,0.2032,59.71,3,3,5.77,2.54,1.9812,0.2032,1.9812,1.4224,2.6416,2.9464,2,3,3,300,1,2,3,3.3655,3.175,1.5367,1.3462,59.71,65.48,3,3,2.6416,1.4224,0,-5.77,-1.2192,5.588,28.05818498,87.76818498,212.231815,0,0,0.707439383,53.68647101,62.71,1.3462,1.5367,2.3368,2.4892,5.31401729,6.066000868,9.224331899,9.825918762,2.6416,10.42750563,87.76818498,131.8528177,57.41980816,6.066000868,9.825918762,44.08463269,1
B00374,B00374_R2,372,Gate_1,Green_1,3,3,1.6764,2.54,65.48,1.6764,0.2032,59.71,3,3,5.77,0.2032,0.762,1.6764,0.2032,3.2512,2.032,2.032,1,3,3,300,1,3,3,2.2225,0.889,2.5273,2.413,59.71,65.48,3,3,2.032,3.2512,0,-5.77,1.2192,4.064,22.04231635,81.75231635,218.2476837,6.01586863,0,0.727492279,73.81889764,62.71,2.413,2.5273,1.7272,2.032,9.525125331,9.976315478,6.817984447,8.021158173,2.032,8.021158173,81.75231635,131.8528177,71.256306,9.976315478,8.021158173,50.10050132,0
B00375,B00375_R1,373,Gate_1,Yellow_2,1,3,1.6764,2.54,59.12,1.6764,0.2032,75.54,3,4,-16.43,0.2032,0.762,0.762,0.2032,3.2512,2.032,1.1176,1,3,3,300,0,1,3,1.9177,0.889,1.9177,1.4986,59.12,75.54,3,4,3.2512,2.032,-1,-16.42,-1.2192,4.3688,23.24549007,82.36549007,217.6345099,5.414281767,0,0.725448366,68.66874199,62.12,1.4986,1.9177,3.175,3.2131,5.915604153,7.569968026,12.53305965,12.68345636,3.2512,12.83385308,82.36549007,132.4659914,65.54123081,7.569968026,12.68345636,50.10050132,2
B00375,B00375_R1,364,Gate_2,Orange_1,2,3,1.6764,2.54,59.12,1.6764,0.2032,75.54,3,4,-16.43,0.2032,1.143,1.6764,2.54,2.8702,2.413,2.8702,1,3,3,300,0,2,3,1.8034,0.889,2.9464,2.6416,59.12,75.54,3,4,2.8702,2.413,-1,-16.42,-0.4572,5.7404,28.65977184,87.77977184,212.2202282,0,0,0.707400761,52.26116647,62.12,2.6416,2.9464,1.4986,2.1463,10.42750563,11.63067935,5.915604153,8.47234832,2.8702,11.32988592,87.77977184,127.3525031,68.24837169,11.63067935,8.47234832,39.57273122,1
B00375,B00375_R1,375,Green_6,Orange_7,3,3,1.6764,2.54,59.12,1.6764,0.2032,75.54,3,4,-16.43,2.54,0.762,2.54,1.6002,2.6416,1.4224,1.3462,3,3,3,300,0,3,3,2.8321,2.7178,2.9845,2.794,59.12,75.54,3,4,2.6416,1.4224,-1,-16.42,-1.2192,3.9878,21.74152291,80.86152291,219.1384771,6.918248924,0,0.73046159,75.22944982,62.12,2.794,2.9845,2.3368,2.4892,11.02909249,11.78107607,9.224331899,9.825918762,2.6416,10.42750563,80.86152291,131.5636111,75.46741404,11.78107607,9.825918762,50.70208819,0
B00376,B00376_R2,376,Purple_3,Gate_3,1,3,2.54,1.6002,65.26,1.6764,0.2032,62.42,3,3,2.85,1.0668,2.54,0.2032,1.6002,2.413,2.9464,1.8034,2,3,3,300,1,1,3,2.3368,2.032,2.032,1.3462,62.42,65.26,3,3,2.9464,2.413,0,-2.84,-0.5334,4.7498,24.74945723,87.16945723,212.8305428,3.308727746,0,0.709435143,63.16055413,65.42,1.3462,2.032,1.4224,2.1844,5.31401729,8.021158173,5.614810721,8.622745036,2.9464,11.63067935,87.16945723,131.2540899,66.14281767,8.021158173,8.622745036,44.08463269,2
B00376,B00376_R2,372,Gate_1,Green_1,2,3,2.54,1.6002,65.26,1.6764,0.2032,62.42,3,3,2.85,0.2032,0.762,1.6764,0.2032,3.175,2.032,2.032,1,3,3,300,1,2,3,3.0988,2.6416,2.794,2.6416,62.42,65.26,3,3,2.032,3.175,0,-2.84,1.143,4.064,22.04231635,84.46231635,215.5376837,6.01586863,0,0.718458946,73.81889764,65.42,2.6416,2.794,1.3462,1.5367,10.42750563,11.02909249,5.31401729,6.066000868,2.032,8.021158173,84.46231635,134.5628177,74.86582718,11.02909249,6.066000868,50.10050132,1
B00376,B00376_R2,374,Orange_6,Gate_4,3,3,2.54,1.6002,65.26,1.6764,0.2032,62.42,3,3,2.85,2.54,1.9812,0.2032,1.9812,0.889,2.6416,2.9464,2,3,3,300,1,3,3,2.794,2.032,1.5748,1.4224,62.42,65.26,3,3,2.6416,0.889,0,-2.84,-1.7526,5.588,28.05818498,90.47818498,209.521815,0,0,0.69840605,53.68647101,65.42,1.4224,1.5748,2.6416,2.6797,5.614810721,6.216397584,10.42750563,10.57790234,2.6416,10.42750563,90.47818498,137.2699586,59.22456874,6.216397584,10.57790234,46.79177358,0
B00377,B00377_R1,377,Gate_1,Green_7,1,3,2.54,1.6002,53.2,0.2032,1.9812,68.93,3,4,-15.73,0.2032,0.762,2.54,1.143,3.175,1.7272,2.7178,1,3,3,300,0,1,3,1.9177,0.889,1.6129,0.889,53.2,68.93,3,4,3.175,1.7272,-1,-15.73,-1.4478,5.8928,29.2613587,82.4613587,217.5386413,0,0,0.725128804,50.90958458,56.2,0.889,1.6129,3.175,3.2131,3.509256701,6.3667943,12.53305965,12.68345636,3.175,12.53305965,82.4613587,127.4483717,57.72060159,6.3667943,12.68345636,44.98701299,2
B00377,B00377_R1,375,Green_6,Orange_7,2,3,2.54,1.6002,53.2,0.2032,1.9812,68.93,3,4,-15.73,2.54,0.762,2.54,1.6002,1.3462,3.556,1.3462,3,3,3,300,0,2,3,2.8321,2.7178,2.9845,2.794,53.2,68.93,3,4,1.3462,3.556,-1,-15.73,2.2098,2.6924,16.62803458,69.82803458,230.1719654,12.63332412,0,0.767239885,111.4247512,56.2,2.794,2.9845,0.889,1.7653,11.02909249,11.78107607,3.509256701,6.968381163,1.3462,5.31401729,69.82803458,125.6436111,81.18248924,11.78107607,6.968381163,55.81557652,1
B00377,B00377_R1,364,Gate_2,Orange_1,3,3,2.54,1.6002,53.2,0.2032,1.9812,68.93,3,4,-15.73,0.2032,1.143,1.6764,2.54,2.794,1.3462,2.8702,1,3,3,300,0,3,3,1.8034,0.889,2.9464,2.6416,53.2,68.93,3,4,2.794,1.3462,-1,-15.73,-1.4478,5.6642,28.35897841,81.55897841,218.4410216,0.902380294,0,0.728136739,52.96423149,56.2,2.6416,2.9464,2.3368,2.5654,10.42750563,11.63067935,9.224331899,10.12671219,2.794,11.02909249,81.55897841,125.6436111,69.15075198,11.63067935,10.12671219,44.08463269,0
B00378,B00378_R2,372,Gate_1,Green_1,1,3,1.6764,2.54,65.04,0.2032,1.9812,60.51,3,3,4.53,0.2032,0.762,1.6764,0.2032,3.2512,1.7272,2.032,1,3,3,300,1,1,3,2.794,2.032,1.5748,0.508,60.51,65.04,3,3,1.7272,3.2512,0,-4.53,1.524,3.7592,20.83914262,81.34914262,218.6508574,8.422216082,0,0.728836191,79.80421366,63.51,0.508,1.5748,1.7272,2.6416,2.005289543,6.216397584,6.817984447,10.42750563,1.7272,6.817984447,81.34914262,139.87186,70.95551257,6.216397584,10.42750563,58.5227174,2
B00378,B00378_R2,378,Green_4,Orange_6,2,3,1.6764,2.54,65.04,0.2032,1.9812,60.51,3,3,4.53,1.6764,0.7112,2.54,1.9812,2.9464,3.2512,2.6416,3,3,3,300,1,2,3,2.3368,2.032,1.778,0,60.51,65.04,3,3,3.2512,2.9464,0,-4.53,-0.3048,5.8928,29.2613587,89.7713587,210.2286413,0,0,0.700762138,50.90958458,63.51,0,1.778,0.508,1.8796,0,7.018513401,2.005289543,7.41957131,3.2512,12.83385308,89.7713587,129.0432965,64.13752813,7.018513401,7.41957131,39.27193779,1
B00378,B00378_R2,374,Orange_6,Gate_4,3,3,1.6764,2.54,65.04,0.2032,1.9812,60.51,3,3,4.53,2.54,1.9812,0.2032,1.9812,1.4224,2.9464,2.9464,2,3,3,300,1,3,3,3.0988,2.6416,2.4892,1.7272,60.51,65.04,3,3,2.9464,1.4224,0,-4.53,-1.524,5.8928,29.2613587,89.7713587,210.2286413,0,0,0.700762138,50.90958458,63.51,1.7272,2.4892,0,1.3208,6.817984447,9.825918762,0,5.213752813,2.9464,11.63067935,89.7713587,128.2411807,69.75233885,9.825918762,5.213752813,38.46982197,0
B00379,B00379_R2,379,Gate_1,Yellow_1,1,4,1.6764,2.54,57.55,0.2032,1.9812,59.4,3,4,-1.85,0.2032,0.762,0.4572,0.2032,3.2512,1.7272,0.8128,1,3,3,300,1,1,4,1.862666667,0,2.1336,0.8128,59.4,57.55,4,3,1.7272,3.2512,1,1.85,1.524,2.54,16.02644772,75.42644772,224.5735523,13.23491099,0,0.748578508,118.1102362,63.4,0.8128,2.1336,1.7272,2.4384,3.208463269,8.422216082,6.817984447,9.625389808,1.7272,6.817984447,75.42644772,154.7883077,104.6285083,8.422216082,9.625389808,79.36186002,3
B00379,B00379_R2,372,Gate_1,Green_1,2,4,1.6764,2.54,57.55,0.2032,1.9812,59.4,3,4,-1.85,0.2032,0.762,1.6764,0.2032,3.2512,1.7272,2.032,1,3,3,300,1,2,4,1.862666667,0,1.7272,0.508,59.4,57.55,4,3,1.7272,3.2512,1,1.85,1.524,3.7592,20.83914262,80.23914262,219.7608574,8.422216082,0,0.732536191,79.80421366,63.4,0.508,1.7272,0.8128,2.032,2.005289543,6.817984447,3.208463269,8.021158173,1.7272,6.817984447,80.23914262,151.1787866,95.00311846,6.817984447,8.021158173,70.93964394,2
B00379,B00379_R2,378,Green_4,Orange_6,3,4,1.6764,2.54,57.55,0.2032,1.9812,59.4,3,4,-1.85,1.6764,0.7112,2.54,1.9812,2.9464,3.2512,2.6416,3,3,3,300,1,3,4,2.2352,2.032,2.370666667,0,59.4,57.55,4,3,3.2512,2.9464,1,1.85,-0.3048,5.8928,29.2613587,88.6613587,211.3386413,0,0,0.704462138,50.90958458,63.4,0,2.370666667,0.508,1.8288,0,9.358017869,2.005289543,7.219042356,3.2512,12.83385308,88.6613587,143.9597442,94.20100264,9.358017869,7.219042356,55.29838551,1
B00379,B00379_R2,374,Orange_6,Gate_4,4,4,1.6764,2.54,57.55,0.2032,1.9812,59.4,3,4,-1.85,2.54,1.9812,0.2032,1.9812,1.4224,2.9464,2.9464,2,3,3,300,1,4,4,3.2512,2.6416,2.2352,1.7272,59.4,57.55,4,3,2.9464,1.4224,1,1.85,-1.524,5.8928,29.2613587,88.6613587,211.3386413,0,0,0.704462138,50.90958458,63.4,1.7272,2.2352,0,2.167466667,6.817984447,8.82327399,0,8.555902051,2.9464,11.63067935,88.6613587,143.1576284,92.59677101,8.82327399,8.555902051,54.49626969,0
B00380,B00380_R1,380,Gate_1,Green_6,1,2,1.6764,2.54,43.82,0.2032,1.9812,62.5,2,4,-18.68,0.2032,0.762,2.54,0.762,3.2512,1.7272,2.9464,1,3,3,300,0,1,2,0.889,0.889,2.7178,2.7178,43.82,62.5,2,4,3.2512,1.7272,-2,-18.68,-1.524,6.1976,30.46453243,74.28453243,225.7154676,0,0,0.752384892,48.40583452,45.82,2.7178,2.7178,3.2512,3.2512,10.72829906,10.72829906,12.83385308,12.83385308,3.2512,12.83385308,74.28453243,102.9443043,39.3880709,10.72829906,12.83385308,28.65977184,1
B00380,B00380_R1,364,Gate_2,Orange_1,2,2,1.6764,2.54,43.82,0.2032,1.9812,62.5,2,4,-18.68,0.2032,1.143,1.6764,2.54,2.8702,1.3462,2.8702,1,3,3,300,0,2,2,0.889,0.889,3.2512,3.2512,43.82,62.5,2,4,2.8702,1.3462,-2,-18.68,-1.524,5.7404,28.65977184,72.47977184,227.5202282,1.804760589,0,0.758400761,52.26116647,45.82,3.2512,3.2512,2.7178,2.7178,12.83385308,12.83385308,10.72829906,10.72829906,2.8702,11.32988592,72.47977184,102.3427174,43.29838551,12.83385308,10.72829906,29.86294557,0
B00381,B00381_R2,378,Green_4,Orange_6,1,3,1.6764,2.54,67.02,0.2032,1.9812,56.17,3,3,10.84,1.6764,0.7112,2.54,1.9812,2.9464,3.2512,2.6416,3,3,3,300,1,1,3,2.3368,2.032,1.778,0,56.17,67.02,3,3,3.2512,2.9464,0,-10.85,-0.3048,5.8928,29.2613587,85.4313587,214.5686413,0,0,0.715228804,50.90958458,59.17,0,1.778,1.4224,2.3368,0,7.018513401,5.614810721,9.224331899,3.2512,12.83385308,85.4313587,124.7032965,60.52800695,7.018513401,9.224331899,39.27193779,2
B00381,B00381_R2,374,Orange_6,Gate_4,2,3,1.6764,2.54,67.02,0.2032,1.9812,56.17,3,3,10.84,2.54,1.9812,0.2032,1.9812,1.4224,2.9464,2.9464,2,3,3,300,1,2,3,3.0988,2.6416,2.4892,1.7272,56.17,67.02,3,3,2.9464,1.4224,0,-10.85,-1.524,5.8928,29.2613587,85.4313587,214.5686413,0,0,0.715228804,50.90958458,59.17,1.7272,2.4892,0,1.778,6.817984447,9.825918762,0,7.018513401,2.9464,11.63067935,85.4313587,120.2916595,66.14281767,9.825918762,7.018513401,34.86030079,1
B00381,B00381_R2,381,Gate_1,Yellow_4,3,3,1.6764,2.54,67.02,0.2032,1.9812,56.17,3,3,10.84,0.2032,0.762,0.762,0.7112,3.2512,1.7272,1.1176,1,3,3,300,1,3,3,2.794,2.032,2.4892,1.4224,56.17,67.02,3,3,1.7272,3.2512,0,-10.85,1.524,2.8448,17.22962144,73.39962144,226.6003786,12.03173726,0,0.755334595,105.4555681,59.17,1.4224,2.4892,1.7272,2.6416,5.614810721,9.825918762,6.817984447,10.42750563,1.7272,6.817984447,73.39962144,131.9223388,78.17455493,9.825918762,10.42750563,58.5227174,0
B00382,B00382_R1,382,Yellow_4,Yellow_3,1,2,1.6764,2.54,58.62,0.762,0.7112,67.03,2,4,-8.41,0.762,0.7112,1.0668,0.2032,3.2512,0,0.8128,3,3,3,300,0,1,2,1.4986,1.4986,1.8034,1.8034,58.62,67.03,2,4,3.2512,0,-2,-8.41,-3.2512,4.064,22.04231635,80.66231635,219.3376837,6.617455493,0,0.731125612,73.81889764,60.62,1.8034,1.8034,3.2512,3.2512,7.118777879,7.118777879,12.83385308,12.83385308,3.2512,12.83385308,80.66231635,109.3220882,35.77854972,7.118777879,12.83385308,28.65977184,1
B00382,B00382_R1,364,Gate_2,Orange_1,2,2,1.6764,2.54,58.62,0.762,0.7112,67.03,2,4,-8.41,0.2032,1.143,1.6764,2.54,2.8702,1.4986,2.8702,1,3,3,300,0,2,2,1.4986,1.4986,3.2512,3.2512,58.62,67.03,2,4,2.8702,1.4986,-2,-8.41,-1.3716,5.7404,28.65977184,87.27977184,212.7202282,0,0,0.709067427,52.26116647,60.62,3.2512,3.2512,1.8034,1.8034,12.83385308,12.83385308,7.118777879,7.118777879,2.8702,11.32988592,87.27977184,105.1109801,34.87616942,12.83385308,7.118777879,17.83120831,0
B00383,B00383_R1,382,Yellow_4,Yellow_3,1,3,1.6764,2.54,57.99,0.762,0.7112,56.17,3,3,1.82,0.762,0.7112,1.0668,0.2032,3.2512,0,0.8128,3,3,3,300,0,1,3,2.5273,1.4986,2.5273,1.8034,57.99,56.17,3,3,3.2512,0,0,1.82,-3.2512,4.064,22.04231635,80.03231635,219.9676837,6.617455493,0,0.733225612,73.81889764,60.99,1.8034,2.5273,2.3368,2.794,7.118777879,9.976315478,9.224331899,11.02909249,3.2512,12.83385308,80.03231635,123.5153622,67.04519796,9.976315478,11.02909249,43.48304583,2
B00383,B00383_R1,364,Gate_2,Orange_1,2,3,1.6764,2.54,57.99,0.762,0.7112,56.17,3,3,1.82,0.2032,1.143,1.6764,2.54,2.8702,1.4986,2.8702,1,3,3,300,0,2,3,2.3368,1.4986,2.032,0.8128,57.99,56.17,3,3,2.8702,1.4986,0,1.82,-1.3716,5.7404,28.65977184,86.64977184,213.3502282,0,0,0.711167427,52.26116647,60.99,0.8128,2.032,1.3462,1.5748,3.208463269,8.021158173,5.31401729,6.216397584,2.8702,11.32988592,86.64977184,121.1090147,56.51742786,8.021158173,6.216397584,34.45924288,1
B00383,B00383_R1,383,Orange_2,Gate_4,3,3,1.6764,2.54,57.99,0.762,0.7112,56.17,3,3,1.82,1.9812,2.54,0.2032,1.9812,0.8128,3.556,2.3368,2,3,3,300,0,3,3,3.3655,3.175,1.8415,1.3462,57.99,56.17,3,3,0.8128,3.556,0,1.82,2.7432,3.1496,18.43279517,76.42279517,223.5772048,10.22697667,0,0.745257349,95.2501905,60.99,1.3462,1.8415,0.8128,2.032,5.31401729,7.269174594,3.208463269,8.021158173,0.8128,3.208463269,76.42279517,127.1248834,65.24043737,7.269174594,8.021158173,50.70208819,0
B00384,B00384_R2,374,Orange_6,Gate_4,1,3,0.2032,1.9812,62.19,0.762,0.7112,50.93,3,3,11.27,2.54,1.9812,0.2032,1.9812,2.9464,3.556,2.9464,2,3,3,300,1,1,3,2.4511,1.3462,2.4511,1.7272,50.93,62.19,3,3,3.556,2.9464,0,-11.26,-0.6096,6.5024,31.66770615,82.59770615,217.4022938,0,0,0.724674313,46.13681102,53.93,1.7272,2.4511,3.556,3.556,6.817984447,9.675522046,14.0370268,14.0370268,3.556,14.0370268,82.59770615,124.8775783,61.6309162,9.675522046,14.0370268,42.2798721,2
B00384,B00384_R2,384,Green_7,Yellow_2,2,3,0.2032,1.9812,62.19,0.762,0.7112,50.93,3,3,11.27,2.54,1.143,0.762,0.2032,3.175,2.7178,2.7178,3,3,3,300,1,2,3,2.032,1.3462,2.3368,1.1176,50.93,62.19,3,3,2.7178,3.175,0,-11.26,0.4572,5.4356,27.45659811,78.38659811,221.6134019,4.211108041,0,0.73871134,55.19169917,53.93,1.1176,2.3368,2.7178,2.9464,4.411636995,9.224331899,10.72829906,11.63067935,2.7178,10.72829906,78.38659811,124.8775783,64.93964394,9.224331899,11.63067935,46.49098014,1
B00384,B00384_R2,381,Gate_1,Yellow_4,3,3,0.2032,1.9812,62.19,0.762,0.7112,50.93,3,3,11.27,0.2032,0.762,0.762,0.7112,1.7272,1.1176,1.1176,1,3,3,300,1,3,3,3.1369,2.7178,3.1369,2.7178,50.93,62.19,3,3,1.1176,1.7272,0,-11.26,0.6096,2.2352,14.82327399,65.75327399,234.246726,16.84443216,0,0.78082242,134.2161775,53.93,2.7178,3.1369,1.1176,1.4224,10.72829906,12.38266293,4.411636995,5.614810721,1.1176,4.411636995,65.75327399,124.8775783,83.88963013,12.38266293,5.614810721,59.12430427,0
B00385,B00385_R1,364,Gate_2,Orange_1,1,3,0.2032,1.9812,50.21,0.762,0.7112,64.6,3,3,-14.39,0.2032,1.143,1.6764,2.54,1.3462,1.4986,2.8702,1,3,3,300,0,1,3,1.5875,0,1.8415,0.8128,50.21,64.6,3,3,1.3462,1.4986,0,-14.39,0.1524,4.2164,22.64390321,72.85390321,227.1460968,1.804760589,0,0.757153656,71.15074471,53.21,0.8128,1.8415,1.3462,2.2606,3.208463269,7.269174594,5.31401729,8.923538468,1.3462,5.31401729,72.85390321,121.1496439,62.83408992,7.269174594,8.923538468,48.29574073,2
B00385,B00385_R1,383,Orange_2,Gate_4,2,3,0.2032,1.9812,50.21,0.762,0.7112,64.6,3,3,-14.39,1.9812,2.54,0.2032,1.9812,2.3368,3.556,2.3368,2,3,3,300,0,2,3,3.175,3.175,1.3462,1.3462,50.21,64.6,3,3,2.3368,3.556,0,-14.39,1.2192,4.6736,24.4486638,74.6586638,225.3413362,0,0,0.751137787,64.19034577,53.21,1.3462,1.3462,0.8128,0.9652,5.31401729,5.31401729,3.208463269,3.810050132,2.3368,9.224331899,74.6586638,115.1337753,57.11901472,5.31401729,3.810050132,40.47511151,1
B00385,B00385_R1,385,Gate_2,Orange_6,3,3,0.2032,1.9812,50.21,0.762,0.7112,64.6,3,3,-14.39,0.2032,1.143,2.54,1.9812,1.3462,1.4986,3.175,1,3,3,300,0,3,3,1.5875,0,2.1463,1.1176,50.21,64.6,3,3,1.3462,1.4986,0,-14.39,0.1524,4.5212,23.84707694,74.05707694,225.9429231,0.601586863,0,0.753143077,66.35406529,53.21,1.1176,2.1463,1.3462,2.1082,4.411636995,8.47234832,5.31401729,8.321951605,1.3462,5.31401729,74.05707694,121.1496439,64.03726365,8.47234832,8.321951605,47.09256701,0
B00386,B00386_R2,381,Gate_1,Yellow_4,1,3,2.54,1.9812,67.69,0.762,0.7112,61.2,3,3,6.49,0.2032,0.762,0.762,0.7112,3.556,1.1176,1.1176,1,3,3,300,1,1,3,1.9177,1.1176,1.6129,0.508,61.2,67.69,3,3,1.1176,3.556,0,-6.49,2.4384,2.2352,14.82327399,76.02327399,223.976726,12.63332412,0,0.746589087,134.2161775,64.2,0.508,1.6129,1.1176,1.8796,2.005289543,6.3667943,4.411636995,7.41957131,1.1176,4.411636995,76.02327399,124.3190147,61.02932933,6.3667943,7.41957131,48.29574073,2
B00386,B00386_R2,384,Green_7,Yellow_2,2,3,2.54,1.9812,67.69,0.762,0.7112,61.2,3,3,6.49,2.54,1.143,0.762,0.2032,1.3462,2.7178,2.7178,3,3,3,300,1,2,3,2.7178,2.7178,0.5588,0,61.2,67.69,3,3,2.7178,1.3462,0,-6.49,-1.3716,5.4356,27.45659811,88.65659811,211.3434019,0,0,0.704478006,55.19169917,64.2,0,0.5588,2.7178,2.794,0,2.205818498,10.72829906,11.02909249,2.7178,10.72829906,88.65659811,124.3190147,40.07405361,2.205818498,11.02909249,35.66241661,1
B00386,B00386_R2,386,Yellow_2,Purple_3,3,3,2.54,1.9812,67.69,0.762,0.7112,61.2,3,3,6.49,0.762,0.2032,1.0668,2.54,3.556,0.508,3.2512,3,3,3,300,1,3,3,1.9177,1.1176,2.7559,2.6416,61.2,67.69,3,3,0.508,3.556,0,-6.49,3.048,3.7592,20.83914262,82.03914262,217.9608574,6.617455493,0,0.726536191,79.80421366,64.2,2.6416,2.7559,0,0.254,10.42750563,10.87869577,0,1.002644772,0.508,2.005289543,82.03914262,122.3137252,64.03726365,10.87869577,1.002644772,40.27458256,0
B00387,B00387_R1,383,Orange_2,Gate_4,1,3,2.54,1.9812,57.65,1.0668,2.54,66.4,3,3,-8.75,1.9812,2.54,0.2032,1.9812,1.1176,1.4224,2.3368,2,3,3,300,0,1,3,3.3655,3.175,1.8415,1.3462,57.65,66.4,3,3,1.1176,1.4224,0,-8.75,0.3048,3.4544,19.63596889,77.28596889,222.7140311,11.4301504,0,0.742380104,86.84576193,60.65,1.3462,1.8415,1.1176,1.9177,5.31401729,7.269174594,4.411636995,7.569968026,1.1176,4.411636995,77.28596889,136.1094797,73.36186002,7.269174594,7.569968026,58.82351084,2
B00387,B00387_R1,387,Yellow_2,Gate_3,2,3,2.54,1.9812,57.65,1.0668,2.54,66.4,3,3,-8.75,0.762,0.2032,0.2032,1.6002,3.556,3.2512,1.9558,2,3,3,300,0,2,3,2.5273,1.4986,1.8415,0.9652,57.65,66.4,3,3,3.556,3.2512,0,-8.75,-0.3048,5.5118,27.75739154,85.40739154,214.5926085,3.308727746,0,0.715308695,54.42868029,60.65,0.9652,1.8415,2.3368,2.9464,3.810050132,7.269174594,9.224331899,11.63067935,3.556,14.0370268,85.40739154,131.2967848,65.24043737,7.269174594,11.63067935,45.88939328,1
B00387,B00387_R1,385,Gate_2,Orange_6,3,3,2.54,1.9812,57.65,1.0668,2.54,66.4,3,3,-8.75,0.2032,1.143,2.54,1.9812,3.175,2.2606,3.175,1,3,3,300,0,3,3,2.3368,1.4986,2.3368,1.1176,57.65,66.4,3,3,3.175,2.2606,0,-8.75,-0.9144,6.35,31.06611929,88.71611929,211.2838807,0,0,0.704279602,47.24409449,60.65,1.1176,2.3368,0.9652,1.1557,4.411636995,9.224331899,3.810050132,4.562033711,3.175,12.53305965,88.71611929,127.3864702,65.84202424,9.224331899,4.562033711,38.67035093,0
B00388,B00388_R2,386,Yellow_2,Purple_3,1,3,2.54,1.9812,64.84,1.0668,2.54,56.58,3,3,8.26,0.762,0.2032,1.0668,2.54,3.556,3.2512,3.2512,3,3,3,300,1,1,3,2.9845,2.7178,1.6891,0.508,56.58,64.84,3,3,3.2512,3.556,0,-8.26,0.3048,6.5024,31.66770615,88.24770615,211.7522938,0,0,0.705840979,46.13681102,59.58,0.508,1.6891,0,1.016,2.005289543,6.667587731,0,4.010579087,3.2512,12.83385308,88.24770615,125.5143544,63.43567679,6.667587731,4.010579087,37.26664825,2
B00388,B00388_R2,388,Purple_5,Green_3,2,3,2.54,1.9812,64.84,1.0668,2.54,56.58,3,3,8.26,1.0668,2.032,2.286,0.2032,2.032,0.508,3.556,3,3,3,300,1,2,3,3.0607,2.8702,1.6129,1.1938,56.58,64.84,3,3,0.508,2.032,0,-8.26,1.524,4.064,22.04231635,78.62231635,221.3776837,9.625389808,0,0.737925612,73.81889764,59.58,1.1938,1.6129,0.508,1.8796,4.712430427,6.3667943,2.005289543,7.41957131,0.508,2.005289543,78.62231635,138.3482075,72.45947973,6.3667943,7.41957131,59.72589113,1
B00388,B00388_R2,384,Green_7,Yellow_2,3,3,2.54,1.9812,64.84,1.0668,2.54,56.58,3,3,8.26,2.54,1.143,0.762,0.2032,1.3462,2.8702,2.7178,3,3,3,300,1,3,3,2.794,2.7178,1.6256,0,56.58,64.84,3,3,2.8702,1.3462,0,-8.26,-1.524,5.588,28.05818498,84.63818498,215.361815,3.609521178,0,0.717872717,53.68647101,59.58,0,1.6256,1.1938,2.032,0,6.416926539,4.712430427,8.021158173,2.8702,11.32988592,84.63818498,131.730752,66.54387558,6.416926539,8.021158173,47.09256701,0
B00389,B00389_R1,389,Gate_1,Green_4,1,3,2.54,1.9812,58.47,0.762,0.2032,67.12,3,3,-8.65,0.2032,0.762,1.6764,0.7112,3.556,1.1176,2.032,1,3,3,300,0,1,3,1.0033,0.889,1.9177,1.4224,58.47,67.12,3,3,3.556,1.1176,0,-8.65,-2.4384,5.588,28.05818498,86.52818498,213.471815,3.007934315,0,0.711572717,53.68647101,61.47,1.4224,1.9177,1.3462,2.4511,5.614810721,7.569968026,5.31401729,9.675522046,3.556,14.0370268,86.52818498,136.6286863,73.96344689,7.569968026,9.675522046,50.10050132,2
B00389,B00389_R1,387,Yellow_2,Gate_3,2,3,2.54,1.9812,58.47,0.762,0.2032,67.12,3,3,-8.65,0.762,0.2032,0.2032,1.6002,3.556,0,1.9558,2,3,3,300,0,2,3,1.3081,1.1176,1.1557,0.9652,58.47,67.12,3,3,3.556,0,0,-8.65,-3.556,5.5118,27.75739154,86.22739154,213.7726085,3.308727746,0,0.712575362,54.42868029,61.47,0.9652,1.1557,1.4224,2.4892,3.810050132,4.562033711,5.614810721,9.825918762,3.556,14.0370268,86.22739154,136.9294797,68.24837169,4.562033711,9.825918762,50.70208819,1
B00389,B00389_R1,385,Gate_2,Orange_6,3,3,2.54,1.9812,58.47,0.762,0.2032,67.12,3,3,-8.65,0.2032,1.143,2.54,1.9812,3.175,1.4986,3.175,1,3,3,300,0,3,3,1.1938,0.889,3.556,3.556,58.47,67.12,3,3,3.175,1.4986,0,-8.65,-1.6764,6.35,31.06611929,89.53611929,210.4638807,0,0,0.701546269,47.24409449,61.47,3.556,3.556,0.9652,1.6891,14.0370268,14.0370268,3.810050132,6.667587731,3.175,12.53305965,89.53611929,136.6286863,83.88963013,14.0370268,6.667587731,47.09256701,0
B00390,B00390_R2,388,Purple_5,Green_3,1,3,2.54,1.9812,63.72,0.762,0.2032,61.88,3,3,1.84,1.0668,2.032,2.286,0.2032,2.032,3.2512,3.556,3,3,3,300,1,1,3,2.7559,2.6416,1.9177,1.1938,61.88,63.72,3,3,3.2512,2.032,0,-1.84,-1.2192,6.8072,32.87087988,94.75087988,205.2491201,0,0,0.684163734,44.07098366,64.88,1.1938,1.9177,0.508,1.8796,4.712430427,7.569968026,2.005289543,7.41957131,3.2512,12.83385308,94.75087988,132.2180571,63.43567679,7.569968026,7.41957131,37.4671772,2
B00390,B00390_R2,384,Green_7,Yellow_2,2,3,2.54,1.9812,63.72,0.762,0.2032,61.88,3,3,1.84,2.54,1.143,0.762,0.2032,1.3462,2.7178,2.7178,3,3,3,300,1,2,3,2.794,2.7178,2.1844,1.1176,61.88,63.72,3,3,2.7178,1.3462,0,-1.84,-1.3716,5.4356,27.45659811,89.33659811,210.6634019,5.414281767,0,0.70221134,55.19169917,64.88,1.1176,2.1844,1.1938,2.032,4.411636995,8.622745036,4.712430427,8.021158173,2.7178,10.72829906,89.33659811,137.030752,70.95551257,8.622745036,8.021158173,47.69415387,1
B00390,B00390_R2,390,Gate_1,Purple_3,3,3,2.54,1.9812,63.72,0.762,0.2032,61.88,3,3,1.84,0.2032,0.762,1.0668,2.54,3.556,1.1176,2.6416,1,3,3,300,1,3,3,2.6797,2.6416,1.6891,0.508,61.88,63.72,3,3,1.1176,3.556,0,-1.84,2.4384,3.7592,20.83914262,82.71914262,217.2808574,12.03173726,0,0.724269525,79.80421366,64.88,0.508,1.6891,1.1176,1.8796,2.005289543,6.667587731,4.411636995,7.41957131,1.1176,4.411636995,82.71914262,143.0466206,73.66265346,6.667587731,7.41957131,60.32747799,0
B00391,B00391_R1,391,Gate_1,Yellow_4,1,3,2.54,1.9812,53.9,1.0668,2.54,67.12,3,3,-13.22,0.2032,0.762,0.762,0.7112,3.556,2.6416,1.1176,1,3,3,300,0,1,3,1.0033,0.889,1.0033,0.508,53.9,67.12,3,3,3.556,2.6416,0,-13.22,-0.9144,4.6736,24.4486638,78.3486638,221.6513362,6.617455493,0,0.738837787,64.19034577,56.9,0.508,1.0033,1.3462,2.4511,2.005289543,3.960446848,5.31401729,9.675522046,3.556,14.0370268,78.3486638,128.4491651,66.74440453,3.960446848,9.675522046,50.10050132,2
B00391,B00391_R1,387,Yellow_2,Gate_3,2,3,2.54,1.9812,53.9,1.0668,2.54,67.12,3,3,-13.22,0.762,0.2032,0.2032,1.6002,3.556,3.2512,1.9558,2,3,3,300,0,2,3,1.3081,1.1176,1.1557,0.9652,53.9,67.12,3,3,3.556,3.2512,0,-13.22,-0.3048,5.5118,27.75739154,81.65739154,218.3426085,3.308727746,0,0.727808695,54.42868029,56.9,0.9652,1.1557,0.508,2.032,3.810050132,4.562033711,2.005289543,8.021158173,3.556,14.0370268,81.65739154,125.1404374,64.63885051,4.562033711,8.021158173,43.48304583,1
B00391,B00391_R1,385,Gate_2,Orange_6,3,3,2.54,1.9812,53.9,1.0668,2.54,67.12,3,3,-13.22,0.2032,1.143,2.54,1.9812,3.175,2.2606,3.175,1,3,3,300,0,3,3,1.1938,0.889,3.556,3.556,53.9,67.12,3,3,3.175,2.2606,0,-13.22,-0.9144,6.35,31.06611929,84.96611929,215.0338807,0,0,0.716779602,47.24409449,56.9,3.556,3.556,0.9652,1.2319,14.0370268,14.0370268,3.810050132,4.862827142,3.175,12.53305965,84.96611929,128.4491651,80.28010895,14.0370268,4.862827142,43.48304583,0
B00392,B00392_R1,392,Gate_1,Yellow_3,1,3,2.54,1.9812,57.86,1.0668,2.54,61.88,3,3,-4.02,0.2032,0.762,1.0668,0.2032,3.556,2.6416,1.4224,1,3,3,300,0,1,3,1.0033,0.889,1.3081,0.8128,57.86,61.88,3,3,3.556,2.6416,0,-4.02,-0.9144,4.9784,25.65183752,83.51183752,216.4881625,5.414281767,0,0.721627208,60.2603246,60.86,0.8128,1.3081,1.3462,2.4511,3.208463269,5.163620574,5.31401729,9.675522046,3.556,14.0370268,83.51183752,133.6123388,69.15075198,5.163620574,9.675522046,50.10050132,2
B00392,B00392_R1,387,Yellow_2,Gate_3,2,3,2.54,1.9812,57.86,1.0668,2.54,61.88,3,3,-4.02,0.762,0.2032,0.2032,1.6002,3.556,3.2512,1.9558,2,3,3,300,0,2,3,1.3081,1.1176,1.1557,0.9652,57.86,61.88,3,3,3.556,3.2512,0,-4.02,-0.3048,5.5118,27.75739154,85.61739154,214.3826085,3.308727746,0,0.714608695,54.42868029,60.86,0.9652,1.1557,0.8128,2.1844,3.810050132,4.562033711,3.208463269,8.622745036,3.556,14.0370268,85.61739154,131.5067848,65.84202424,4.562033711,8.622745036,45.88939328,1
B00392,B00392_R1,385,Gate_2,Orange_6,3,3,2.54,1.9812,57.86,1.0668,2.54,61.88,3,3,-4.02,0.2032,1.143,2.54,1.9812,3.175,2.2606,3.175,1,3,3,300,0,3,3,1.1938,0.889,3.556,3.556,57.86,61.88,3,3,3.175,2.2606,0,-4.02,-0.9144,6.35,31.06611929,88.92611929,211.0738807,0,0,0.703579602,47.24409449,60.86,3.556,3.556,0.9652,1.3843,14.0370268,14.0370268,3.810050132,5.464414005,3.175,12.53305965,88.92611929,133.6123388,81.48328267,14.0370268,5.464414005,44.68621956,0
B00393,B00393_R2,393,Gate_1,Purple_5,1,2,2.54,1.9812,64.23,1.0668,2.54,45.08,4,2,19.15,0.2032,0.762,1.0668,2.032,3.556,2.6416,2.6416,1,3,3,300,1,1,2,0,0,2.6416,2.6416,45.08,64.23,2,4,2.6416,3.556,-2,-19.15,0.9144,5.2832,26.85501125,71.93501125,228.0649887,0,0,0.760216629,56.78376741,47.08,2.6416,2.6416,2.6416,2.6416,10.42750563,10.42750563,10.42750563,10.42750563,2.6416,10.42750563,71.93501125,98.7900225,37.28251688,10.42750563,10.42750563,26.85501125,1
B00393,B00393_R2,390,Gate_1,Purple_3,2,2,2.54,1.9812,64.23,1.0668,2.54,45.08,4,2,19.15,0.2032,0.762,1.0668,2.54,3.556,2.6416,2.6416,1,3,3,300,1,2,2,0,0,2.6416,2.6416,45.08,64.23,2,4,2.6416,3.556,-2,-19.15,0.9144,5.2832,26.85501125,71.93501125,228.0649887,0,0,0.760216629,56.78376741,47.08,2.6416,2.6416,2.6416,2.6416,10.42750563,10.42750563,10.42750563,10.42750563,2.6416,10.42750563,71.93501125,98.7900225,37.28251688,10.42750563,10.42750563,26.85501125,0
B00394,B00394_R1,394,Gate_2,Yellow_2,1,3,2.54,1.9812,56.74,1.0668,2.54,64.14,3,3,-7.4,0.2032,1.143,0.762,0.2032,3.175,2.2606,1.4986,1,3,3,300,0,1,3,0.7493,0,0.7493,0,56.74,64.14,3,3,3.175,2.2606,0,-7.4,-0.9144,4.6736,24.4486638,81.1886638,218.8113362,6.617455493,0,0.729371121,64.19034577,59.74,0,0.7493,0.9652,2.0701,0,2.957802076,3.810050132,8.171554889,3.175,12.53305965,81.1886638,131.2891651,64.73911499,2.957802076,8.171554889,50.10050132,2
B00394,B00394_R1,387,Yellow_2,Gate_3,2,3,2.54,1.9812,56.74,1.0668,2.54,64.14,3,3,-7.4,0.762,0.2032,0.2032,1.6002,3.556,3.2512,1.9558,2,3,3,300,0,2,3,1.4986,1.4986,0.9652,0.9652,56.74,64.14,3,3,3.556,3.2512,0,-7.4,-0.3048,5.5118,27.75739154,84.49739154,215.5026085,3.308727746,0,0.718342028,54.42868029,59.74,0.9652,0.9652,0,1.778,3.810050132,3.810050132,0,7.018513401,3.556,14.0370268,84.49739154,125.9751478,63.13488335,3.810050132,7.018513401,41.47775629,1
B00394,B00394_R1,385,Gate_2,Orange_6,3,3,2.54,1.9812,56.74,1.0668,2.54,64.14,3,3,-7.4,0.2032,1.143,2.54,1.9812,3.175,2.2606,3.175,1,3,3,300,0,3,3,0.7493,0,3.3655,3.175,56.74,64.14,3,3,3.175,2.2606,0,-7.4,-0.9144,6.35,31.06611929,87.80611929,212.1938807,0,0,0.707312936,47.24409449,59.74,3.175,3.3655,0.9652,1.2319,12.53305965,13.28504322,3.810050132,4.862827142,3.175,12.53305965,87.80611929,131.2891651,78.77614179,13.28504322,4.862827142,43.48304583,0
B00395,B00395_R2,395,Purple_2,Gate_3,1,2,2.54,1.9812,65.07,1.0668,2.54,50.49,4,2,14.58,0.762,2.54,0.2032,1.6002,2.3368,0.8128,1.4986,2,3,3,300,1,1,2,2.3368,2.3368,1.3462,1.3462,50.49,65.07,2,4,0.8128,2.3368,-2,-14.58,1.524,2.3114,15.12406742,65.61406742,234.3859326,11.73094383,0,0.781286442,129.7914684,52.49,1.3462,1.3462,0.8128,0.8128,5.31401729,5.31401729,3.208463269,3.208463269,0.8128,3.208463269,65.61406742,92.46907867,32.16902854,5.31401729,3.208463269,26.85501125,1
B00395,B00395_R2,390,Gate_1,Purple_3,2,2,2.54,1.9812,65.07,1.0668,2.54,50.49,4,2,14.58,0.2032,0.762,1.0668,2.54,3.556,2.6416,2.6416,1,3,3,300,1,2,2,2.3368,2.3368,0.8128,0.8128,50.49,65.07,2,4,2.6416,3.556,-2,-14.58,0.9144,5.2832,26.85501125,77.34501125,222.6549887,0,0,0.742183296,56.78376741,52.49,0.8128,0.8128,1.3462,1.3462,3.208463269,3.208463269,5.31401729,5.31401729,2.6416,10.42750563,77.34501125,87.35559034,18.33253069,3.208463269,5.31401729,10.01057909,0
B00396,B00396_R2,395,Purple_2,Gate_3,1,3,2.54,1.9812,56.46,1.0668,2.54,53.01,3,3,3.44,0.762,2.54,0.2032,1.6002,2.3368,0.8128,1.4986,2,3,3,300,1,1,3,2.1463,1.9558,1.1557,0.9652,53.01,56.46,3,3,0.8128,2.3368,0,-3.45,1.524,2.3114,15.12406742,68.13406742,231.8659326,11.73094383,0,0.772886442,129.7914684,56.01,0.9652,1.1557,0.8128,2.032,3.810050132,4.562033711,3.208463269,8.021158173,0.8128,3.208463269,68.13406742,119.4377425,60.42774247,4.562033711,8.021158173,51.30367505,2
B00396,B00396_R2,396,Gate_2,Green_4,2,3,2.54,1.9812,56.46,1.0668,2.54,53.01,3,3,3.44,0.2032,1.143,1.6764,0.7112,3.175,2.2606,2.413,1,3,3,300,1,2,3,1.4224,0.889,2.6416,2.032,53.01,56.46,3,3,2.2606,3.175,0,-3.45,0.9144,4.6736,24.4486638,77.4586638,222.5413362,2.406347452,0,0.741804454,64.19034577,56.01,2.032,2.6416,0.9652,1.6129,8.021158173,10.42750563,3.810050132,6.3667943,2.2606,8.923538468,77.4586638,114.3242541,62.83408992,10.42750563,6.3667943,36.86559034,1
B00396,B00396_R2,390,Gate_1,Purple_3,3,3,2.54,1.9812,56.46,1.0668,2.54,53.01,3,3,3.44,0.2032,0.762,1.0668,2.54,3.556,2.6416,2.6416,1,3,3,300,1,3,3,1.6129,0.889,1.5367,0.8128,53.01,56.46,3,3,2.6416,3.556,0,-3.45,0.9144,5.2832,26.85501125,79.86501125,220.1349887,0,0,0.733783296,56.78376741,56.01,0.8128,1.5367,1.3462,1.6891,3.208463269,6.066000868,5.31401729,6.667587731,2.6416,10.42750563,79.86501125,114.3242541,51.70473296,6.066000868,6.667587731,34.45924288,0
B00397,B00397_R1,397,Yellow_2,Green_4,1,3,2.54,1.9812,46.42,1.0668,2.54,58.91,3,3,-12.49,0.762,0.2032,1.6764,0.7112,3.556,3.2512,1.4224,3,3,3,300,0,1,3,0.7493,0,1.9177,1.4224,46.42,58.91,3,3,3.556,3.2512,0,-12.49,-0.3048,4.9784,25.65183752,72.07183752,227.9281625,5.414281767,0,0.759760542,60.2603246,49.42,1.4224,1.9177,1.9558,2.7559,5.614810721,7.569968026,7.720364742,10.87869577,3.556,14.0370268,72.07183752,124.5786863,73.96344689,7.569968026,10.87869577,52.50684877,2
B00397,B00397_R1,387,Yellow_2,Gate_3,2,3,2.54,1.9812,46.42,1.0668,2.54,58.91,3,3,-12.49,0.762,0.2032,0.2032,1.6002,3.556,3.2512,1.9558,2,3,3,300,0,2,3,0.7493,0,1.4605,0.9652,46.42,58.91,3,3,3.556,3.2512,0,-12.49,-0.3048,5.5118,27.75739154,74.17739154,225.8226085,3.308727746,0,0.752742028,54.42868029,49.42,0.9652,1.4605,1.4224,2.4892,3.810050132,5.765207437,5.614810721,9.825918762,3.556,14.0370268,74.17739154,122.4731323,68.24837169,5.765207437,9.825918762,48.29574073,1
B00397,B00397_R1,385,Gate_2,Orange_6,3,3,2.54,1.9812,46.42,1.0668,2.54,58.91,3,3,-12.49,0.2032,1.143,2.54,1.9812,3.175,2.2606,3.175,1,3,3,300,0,3,3,1.4986,1.4986,3.556,3.556,46.42,58.91,3,3,3.175,2.2606,0,-12.49,-0.9144,6.35,31.06611929,77.48611929,222.5138807,0,0,0.741712936,47.24409449,49.42,3.556,3.556,0.9652,1.6891,14.0370268,14.0370268,3.810050132,6.667587731,3.175,12.53305965,77.48611929,122.1723388,81.48328267,14.0370268,6.667587731,44.68621956,0
B00398,B00398_R2,396,Gate_2,Green_4,1,3,2.54,1.9812,54.73,1.0668,2.54,55.5,3,3,-0.77,0.2032,1.143,1.6764,0.7112,3.175,2.2606,2.413,1,3,3,300,1,1,3,1.8034,0.889,1.4224,0.8128,55.5,54.73,3,3,2.2606,3.175,0,0.77,0.9144,4.6736,24.4486638,79.9486638,220.0513362,6.918248924,0,0.733504454,64.19034577,58.5,0.8128,1.4224,0.9652,1.6129,3.208463269,5.614810721,3.810050132,6.3667943,2.2606,8.923538468,79.9486638,133.0570994,69.45154542,5.614810721,6.3667943,53.10843564,2
B00398,B00398_R2,398,Green_5,Gate_3,2,3,2.54,1.9812,54.73,1.0668,2.54,55.5,3,3,-0.77,1.9812,0.7112,0.2032,1.6002,2.3368,3.2512,3.175,2,3,3,300,1,2,3,2.5273,2.3368,1.1557,0.9652,55.5,54.73,3,3,3.2512,2.3368,0,0.77,-0.9144,6.4262,31.36691272,86.86691272,213.1330873,0,0,0.710443624,46.68388783,58.5,0.9652,1.1557,0.8128,2.032,3.810050132,4.562033711,3.208463269,8.021158173,3.2512,12.83385308,86.86691272,128.545198,60.42774247,4.562033711,8.021158173,41.67828524,1
B00398,B00398_R2,390,Gate_1,Purple_3,3,3,2.54,1.9812,54.73,1.0668,2.54,55.5,3,3,-0.77,0.2032,0.762,1.0668,2.54,3.556,2.6416,2.6416,1,3,3,300,1,3,3,1.6129,0.889,2.7559,2.2606,55.5,54.73,3,3,2.6416,3.556,0,0.77,0.9144,5.2832,26.85501125,82.35501125,217.6449887,4.511901472,0,0.725483296,56.78376741,58.5,2.2606,2.7559,1.3462,1.6891,8.923538468,10.87869577,5.31401729,6.667587731,2.6416,10.42750563,82.35501125,133.0570994,77.57296807,10.87869577,6.667587731,50.70208819,0
B00399,B00399_R1,399,Yellow_5,Gate_3,1,3,2.54,1.9812,51.33,1.0668,2.54,65.62,3,3,-14.29,1.0668,0.7112,0.2032,1.6002,3.2512,2.9464,2.2606,2,3,3,300,0,1,3,1.3081,0.8128,1.4605,0.9652,51.33,65.62,3,3,3.2512,2.9464,0,-14.29,-0.3048,5.5118,27.75739154,79.08739154,220.9126085,3.308727746,0,0.736375362,54.42868029,54.33,0.9652,1.4605,2.2606,2.7559,3.810050132,5.765207437,8.923538468,10.87869577,3.2512,12.83385308,79.08739154,134.0005878,70.35392571,5.765207437,10.87869577,54.91319623,2
B00399,B00399_R1,387,Yellow_2,Gate_3,2,3,2.54,1.9812,51.33,1.0668,2.54,65.62,3,3,-14.29,0.762,0.2032,0.2032,1.6002,3.556,3.2512,1.9558,2,3,3,300,0,2,3,1.1557,0.8128,1.6129,0.9652,51.33,65.62,3,3,3.556,3.2512,0,-14.29,-0.3048,5.5118,27.75739154,79.08739154,220.9126085,3.308727746,0,0.736375362,54.42868029,54.33,0.9652,1.6129,1.9558,2.7559,3.810050132,6.3667943,7.720364742,10.87869577,3.556,14.0370268,79.08739154,131.5942403,71.55709944,6.3667943,10.87869577,52.50684877,1
B00399,B00399_R1,385,Gate_2,Orange_6,3,3,2.54,1.9812,51.33,1.0668,2.54,65.62,3,3,-14.29,0.2032,1.143,2.54,1.9812,3.175,2.2606,3.175,1,3,3,300,0,3,3,1.651,1.4986,3.4036,3.2512,51.33,65.62,3,3,3.175,2.2606,0,-14.29,-0.9144,6.35,31.06611929,82.39611929,217.6038807,0,0,0.725346269,47.24409449,54.33,3.2512,3.4036,0.9652,0.9652,12.83385308,13.43543994,3.810050132,3.810050132,3.175,12.53305965,82.39611929,129.1878929,82.38566297,13.43543994,3.810050132,46.79177358,0
B00400,B00400_R2,398,Green_5,Gate_3,1,3,2.54,1.9812,64.16,1.0668,2.54,58.65,3,3,5.51,1.9812,0.7112,0.2032,1.6002,2.3368,3.2512,3.175,2,3,3,300,1,1,3,2.3368,2.3368,1.3462,1.3462,58.65,64.16,3,3,3.2512,2.3368,0,-5.51,-0.9144,6.4262,31.36691272,90.01691272,209.9830873,0,0,0.699943624,46.68388783,61.65,1.3462,1.3462,3.2512,3.4036,5.31401729,5.31401729,12.83385308,13.43543994,3.2512,12.83385308,90.01691272,142.5237615,63.13488335,5.31401729,13.43543994,52.50684877,2
B00400,B00400_R2,400,Gate_1,Purple_2,2,3,2.54,1.9812,64.16,1.0668,2.54,58.65,3,3,5.51,0.2032,0.762,0.762,2.54,3.556,2.6416,2.3368,1,3,3,300,1,2,3,1.1684,0,2.9464,2.3368,58.65,64.16,3,3,2.6416,3.556,0,-5.51,0.9144,4.9784,25.65183752,84.30183752,215.6981625,5.715075198,0,0.718993875,60.2603246,61.65,2.3368,2.9464,1.3462,1.9939,9.224331899,11.63067935,5.31401729,7.870761457,2.6416,10.42750563,84.30183752,137.4102732,81.48328267,11.63067935,7.870761457,53.10843564,1
B00400,B00400_R2,390,Gate_1,Purple_3,3,3,2.54,1.9812,64.16,1.0668,2.54,58.65,3,3,5.51,0.2032,0.762,1.0668,2.54,3.556,2.6416,2.6416,1,3,3,300,1,3,3,1.1684,0,2.9464,2.6416,58.65,64.16,3,3,2.6416,3.556,0,-5.51,0.9144,5.2832,26.85501125,85.50501125,214.4949887,4.511901472,0,0.714983296,56.78376741,61.65,2.6416,2.9464,1.3462,1.8415,10.42750563,11.63067935,5.31401729,7.269174594,2.6416,10.42750563,85.50501125,137.4102732,80.28010895,11.63067935,7.269174594,51.90526191,0
B00401,B00401_R1,401,Gate_2,Orange_2,1,3,2.54,1.9812,56.67,1.0668,2.54,70.57,3,3,-13.9,0.2032,1.143,1.9812,2.54,3.175,2.2606,3.175,1,3,3,300,0,1,3,0.7493,0,3.3655,3.175,56.67,70.57,3,3,3.175,2.2606,0,-13.9,-0.9144,6.35,31.06611929,87.73611929,212.2638807,0,0,0.707546269,47.24409449,59.67,3.175,3.3655,0.9652,2.0701,12.53305965,13.28504322,3.810050132,8.171554889,3.175,12.53305965,87.73611929,137.8366206,85.39359728,13.28504322,8.171554889,50.10050132,2
B00401,B00401_R1,387,Yellow_2,Gate_3,2,3,2.54,1.9812,56.67,1.0668,2.54,70.57,3,3,-13.9,0.762,0.2032,0.2032,1.6002,3.556,3.2512,1.9558,2,3,3,300,0,2,3,1.4986,1.4986,0.9652,0.9652,56.67,70.57,3,3,3.556,3.2512,0,-13.9,-0.3048,5.5118,27.75739154,84.42739154,215.5726085,3.308727746,0,0.718575362,54.42868029,59.67,0.9652,0.9652,3.556,3.556,3.810050132,3.810050132,14.0370268,14.0370268,3.556,14.0370268,84.42739154,146.5596301,69.75233885,3.810050132,14.0370268,62.13223858,1
B00401,B00401_R1,385,Gate_2,Orange_6,3,3,2.54,1.9812,56.67,1.0668,2.54,70.57,3,3,-13.9,0.2032,1.143,2.54,1.9812,3.175,2.2606,3.175,1,3,3,300,0,3,3,0.7493,0,3.3655,3.175,56.67,70.57,3,3,3.175,2.2606,0,-13.9,-0.9144,6.35,31.06611929,87.73611929,212.2638807,0,0,0.707546269,47.24409449,59.67,3.175,3.3655,0.9652,2.0701,12.53305965,13.28504322,3.810050132,8.171554889,3.175,12.53305965,87.73611929,137.8366206,85.39359728,13.28504322,8.171554889,50.10050132,0
B00402,B00402_R2,390,Gate_1,Purple_3,1,3,2.54,1.9812,73.56,1.0668,2.54,64.2,3,3,9.36,0.2032,0.762,1.0668,2.54,3.556,2.6416,2.6416,1,3,3,300,1,1,3,1.1684,0,2.9464,2.6416,64.2,73.56,3,3,2.6416,3.556,0,-9.36,0.9144,5.2832,26.85501125,91.05501125,208.9449887,4.511901472,0,0.696483296,56.78376741,67.2,2.6416,2.9464,1.3462,1.8415,10.42750563,11.63067935,5.31401729,7.269174594,2.6416,10.42750563,91.05501125,142.9602732,80.28010895,11.63067935,7.269174594,51.90526191,2
B00402,B00402_R2,402,Green_2,Gate_3,2,3,2.54,1.9812,73.56,1.0668,2.54,64.2,3,3,9.36,1.9812,0.2032,0.2032,1.6002,2.3368,3.2512,3.175,2,3,3,300,1,2,3,2.3368,2.3368,1.3462,1.3462,64.2,73.56,3,3,3.2512,2.3368,0,-9.36,-0.9144,6.4262,31.36691272,95.56691272,204.4330873,0,0,0.681443624,46.68388783,67.2,1.3462,1.3462,3.2512,3.4036,5.31401729,5.31401729,12.83385308,13.43543994,3.2512,12.83385308,95.56691272,148.0737615,63.13488335,5.31401729,13.43543994,52.50684877,1
B00402,B00402_R2,400,Gate_1,Purple_2,3,3,2.54,1.9812,73.56,1.0668,2.54,64.2,3,3,9.36,0.2032,0.762,0.762,2.54,3.556,2.6416,2.3368,1,3,3,300,1,3,3,1.1684,0,2.9464,2.3368,64.2,73.56,3,3,2.6416,3.556,0,-9.36,0.9144,4.9784,25.65183752,89.85183752,210.1481625,5.715075198,0,0.700493875,60.2603246,67.2,2.3368,2.9464,1.3462,1.9939,9.224331899,11.63067935,5.31401729,7.870761457,2.6416,10.42750563,89.85183752,142.9602732,81.48328267,11.63067935,7.870761457,53.10843564,0
B00403,B00403_R1,403,Orange_4,Green_6,1,3,2.54,1.9812,66.59,0.762,2.54,76.29,3,3,-9.69,1.6764,2.032,2.54,0.762,1.4224,1.4224,2.6416,3,3,3,300,0,1,3,3.0607,2.8702,2.5273,2.3368,66.59,76.29,3,3,1.4224,1.4224,0,-9.7,0,4.064,22.04231635,88.63231635,211.3676837,9.023802945,0,0.704558946,73.81889764,69.59,2.3368,2.5273,1.4224,1.9177,9.224331899,9.976315478,5.614810721,7.569968026,1.4224,5.614810721,88.63231635,147.4558272,78.77614179,9.976315478,7.569968026,58.82351084,2
B00403,B00403_R1,387,Yellow_2,Gate_3,2,3,2.54,1.9812,66.59,0.762,2.54,76.29,3,3,-9.69,0.762,0.2032,0.2032,1.6002,3.556,2.9464,1.9558,2,3,3,300,0,2,3,2.3749,1.4986,1.6891,0.9652,66.59,76.29,3,3,3.556,2.9464,0,-9.7,-0.6096,5.5118,27.75739154,94.34739154,205.6526085,3.308727746,0,0.685508695,54.42868029,69.59,0.9652,1.6891,2.3368,2.9464,3.810050132,6.667587731,9.224331899,11.63067935,3.556,14.0370268,94.34739154,142.6431323,66.4436111,6.667587731,11.63067935,48.29574073,1
B00403,B00403_R1,385,Gate_2,Orange_6,3,3,2.54,1.9812,66.59,0.762,2.54,76.29,3,3,-9.69,0.2032,1.143,2.54,1.9812,3.175,1.9558,3.175,1,3,3,300,0,3,3,2.1844,1.4986,2.4892,1.4224,66.59,76.29,3,3,3.175,1.9558,0,-9.7,-1.2192,6.35,31.06611929,97.65611929,202.3438807,0,0,0.674479602,47.24409449,69.59,1.4224,2.4892,0.9652,1.8415,5.614810721,9.825918762,3.810050132,7.269174594,3.175,12.53305965,97.65611929,138.7328177,69.45154542,9.825918762,7.269174594,41.07669838,0
B00404,B00404_R2,404,Gate_2,Orange_7,1,3,2.54,1.9812,66.04,0.762,2.54,67.89,3,3,-1.85,0.2032,1.143,2.54,1.6002,3.175,1.9558,2.794,1,3,3,300,1,1,3,1.8034,0.889,2.5654,1.9558,67.89,66.04,3,3,1.9558,3.175,0,1.85,1.2192,4.7498,24.74945723,92.63945723,207.3605428,7.820629219,0,0.691201809,63.16055413,70.89,1.9558,2.5654,0.9652,1.4605,7.720364742,10.12671219,3.810050132,5.765207437,1.9558,7.720364742,92.63945723,145.7478929,77.27217463,10.12671219,5.765207437,53.10843564,2
B00404,B00404_R2,402,Green_2,Gate_3,2,3,2.54,1.9812,66.04,0.762,2.54,67.89,3,3,-1.85,1.9812,0.2032,0.2032,1.6002,2.3368,3.556,3.175,2,3,3,300,1,2,3,2.5273,2.3368,1.1557,0.9652,67.89,66.04,3,3,3.556,2.3368,0,1.85,-1.2192,6.731,32.57008645,100.4600864,199.5399136,0,0,0.665133045,44.56990046,70.89,0.9652,1.1557,1.9558,2.7559,3.810050132,4.562033711,7.720364742,10.87869577,3.556,14.0370268,100.4600864,143.3415454,58.32218845,4.562033711,10.87869577,42.88145897,1
B00404,B00404_R2,400,Gate_1,Purple_2,3,3,2.54,1.9812,66.04,0.762,2.54,67.89,3,3,-1.85,0.2032,0.762,0.762,2.54,3.556,2.3368,2.3368,1,3,3,300,1,3,3,1.6129,0.889,2.7559,1.9558,67.89,66.04,3,3,2.3368,3.556,0,1.85,1.2192,4.6736,24.4486638,92.3386638,207.6613362,8.12142265,0,0.692204454,64.19034577,70.89,1.9558,2.7559,1.3462,2.2606,7.720364742,10.87869577,5.31401729,8.923538468,2.3368,9.224331899,92.3386638,145.7478929,79.07693522,10.87869577,8.923538468,53.40922907,0
B00405,B00405_R1,387,Yellow_2,Gate_3,1,3,2.54,1.9812,59.68,0.762,2.54,75.54,3,3,-15.87,0.762,0.2032,0.2032,1.6002,3.556,2.9464,1.9558,2,3,3,300,0,1,3,0.7493,0,1.4605,0.9652,59.68,75.54,3,3,3.556,2.9464,0,-15.86,-0.6096,5.5118,27.75739154,87.43739154,212.5626085,3.308727746,0,0.708542028,54.42868029,62.68,0.9652,1.4605,2.3368,2.9464,3.810050132,5.765207437,9.224331899,11.63067935,3.556,14.0370268,87.43739154,142.9521746,71.85789287,5.765207437,11.63067935,55.51478309,2
B00405,B00405_R1,405,Yellow_2,Gate_4,2,3,2.54,1.9812,59.68,0.762,2.54,75.54,3,3,-15.87,0.762,0.2032,0.2032,1.9812,3.556,2.9464,2.3368,2,3,3,300,0,2,3,0.7493,0,1.8415,1.3462,59.68,75.54,3,3,3.556,2.9464,0,-15.86,-0.6096,5.8928,29.2613587,88.9413587,211.0586413,1.804760589,0,0.703528804,50.90958458,62.68,1.3462,1.8415,1.9558,2.7559,5.31401729,7.269174594,7.720364742,10.87869577,3.556,14.0370268,88.9413587,141.4482075,73.36186002,7.269174594,10.87869577,52.50684877,1
B00405,B00405_R1,385,Gate_2,Orange_6,3,3,2.54,1.9812,59.68,0.762,2.54,75.54,3,3,-15.87,0.2032,1.143,2.54,1.9812,3.175,1.9558,3.175,1,3,3,300,0,3,3,1.4986,1.4986,3.556,3.556,59.68,75.54,3,3,3.175,1.9558,0,-15.86,-1.2192,6.35,31.06611929,90.74611929,209.2538807,0,0,0.697512936,47.24409449,62.68,3.556,3.556,0.9652,1.1557,14.0370268,14.0370268,3.810050132,4.562033711,3.175,12.53305965,90.74611929,139.04186,85.09280385,14.0370268,4.562033711,48.29574073,0
B00406,B00406_R2,402,Green_2,Gate_3,1,3,2.54,1.9812,70.94,0.762,2.54,63.78,3,3,7.16,1.9812,0.2032,0.2032,1.6002,2.3368,3.556,3.175,2,3,3,300,1,1,3,2.3368,2.3368,1.3462,1.3462,63.78,70.94,3,3,3.556,2.3368,0,-7.16,-1.2192,6.731,32.57008645,96.35008645,203.6499136,0,0,0.678833045,44.56990046,66.78,1.3462,1.3462,1.9558,2.7559,5.31401729,5.31401729,7.720364742,10.87869577,3.556,14.0370268,96.35008645,142.2394797,62.83408992,5.31401729,10.87869577,45.88939328,2
B00406,B00406_R2,400,Gate_1,Purple_2,2,3,2.54,1.9812,70.94,0.762,2.54,63.78,3,3,7.16,0.2032,0.762,0.762,2.54,3.556,2.3368,2.3368,1,3,3,300,1,2,3,1.1684,0,2.9464,2.3368,63.78,70.94,3,3,2.3368,3.556,0,-7.16,1.2192,4.6736,24.4486638,88.2286638,211.7713362,8.12142265,0,0.705904454,64.19034577,66.78,2.3368,2.9464,1.3462,2.2606,9.224331899,11.63067935,5.31401729,8.923538468,2.3368,9.224331899,88.2286638,144.6458272,83.5888367,11.63067935,8.923538468,56.41716338,1
B00406,B00406_R2,406,Gate_1,Orange_7,3,3,2.54,1.9812,70.94,0.762,2.54,63.78,3,3,7.16,0.2032,0.762,2.54,1.6002,3.556,2.3368,3.175,1,3,3,300,1,3,3,1.1684,0,2.5654,1.9558,63.78,70.94,3,3,2.3368,3.556,0,-7.16,1.2192,5.5118,27.75739154,91.53739154,208.4626085,4.812694904,0,0.694875362,54.42868029,66.78,1.9558,2.5654,1.3462,1.8415,7.720364742,10.12671219,5.31401729,7.269174594,2.3368,9.224331899,91.53739154,144.6458272,77.27217463,10.12671219,7.269174594,53.10843564,0
B00407,B00407_R1,385,Gate_2,Orange_6,1,3,2.54,1.9812,58.95,2.54,1.6002,74.55,3,3,-15.6,0.2032,1.143,2.54,1.9812,3.175,2.794,3.175,1,3,3,300,0,1,3,2.1082,1.4986,2.9464,2.3368,58.95,74.55,3,3,3.175,2.794,0,-15.6,-0.381,6.35,31.06611929,90.01611929,209.9838807,0,0,0.699946269,47.24409449,61.95,2.3368,2.9464,0.9652,1.1557,9.224331899,11.63067935,3.810050132,4.562033711,3.175,12.53305965,90.01611929,138.31186,80.28010895,11.63067935,4.562033711,48.29574073,2
B00407,B00407_R1,407,Green_2,Gate_3,2,3,2.54,1.9812,58.95,2.54,1.6002,74.55,3,3,-15.6,1.9812,0.2032,0.2032,1.6002,2.3368,1.9558,3.175,2,3,3,300,0,2,3,2.2225,1.7272,1.4605,0.9652,58.95,74.55,3,3,2.3368,1.9558,0,-15.6,-0.381,5.5118,27.75739154,86.70739154,213.2926085,3.308727746,0,0.710975362,54.42868029,61.95,0.9652,1.4605,2.3368,2.9464,3.810050132,5.765207437,9.224331899,11.63067935,2.3368,9.224331899,86.70739154,147.0348695,71.85789287,5.765207437,11.63067935,60.32747799,1
B00407,B00407_R1,405,Yellow_2,Gate_4,3,3,2.54,1.9812,58.95,2.54,1.6002,74.55,3,3,-15.6,0.762,0.2032,0.2032,1.9812,3.556,3.175,2.3368,2,3,3,300,0,3,3,1.6129,1.4986,2.4511,1.3462,58.95,74.55,3,3,3.556,3.175,0,-15.6,-0.381,5.8928,29.2613587,88.2113587,211.7886413,1.804760589,0,0.705962138,50.90958458,61.95,1.3462,2.4511,1.9558,2.7559,5.31401729,9.675522046,7.720364742,10.87869577,3.556,14.0370268,88.2113587,140.7182075,78.17455493,9.675522046,10.87869577,52.50684877,0
B00408,B00408_R2,408,Gate_2,Green_2,1,3,0.2032,1.9812,74.57,2.54,1.6002,66.83,3,3,7.74,0.2032,1.143,1.9812,0.2032,1.3462,2.794,2.7178,1,3,3,300,1,1,3,0.889,0.889,2.3368,2.3368,66.83,74.57,3,3,2.794,1.3462,0,-7.74,-1.4478,5.5118,27.75739154,94.58739154,205.4126085,3.308727746,0,0.684708695,54.42868029,69.83,2.3368,2.3368,1.9558,2.3749,9.224331899,9.224331899,7.720364742,9.374728615,2.794,11.02909249,94.58739154,150.1021746,77.27217463,9.224331899,9.374728615,55.51478309,2
B00408,B00408_R2,400,Gate_1,Purple_2,2,3,0.2032,1.9812,74.57,2.54,1.6002,66.83,3,3,7.74,0.2032,0.762,0.762,2.54,1.7272,3.175,2.3368,1,3,3,300,1,2,3,0.4445,0,2.1463,1.9558,66.83,74.57,3,3,3.175,1.7272,0,-7.74,-1.4478,5.5118,27.75739154,94.58739154,205.4126085,3.308727746,0,0.684708695,54.42868029,69.83,1.9558,2.1463,2.3368,2.7559,7.720364742,8.47234832,9.224331899,10.87869577,3.175,12.53305965,94.58739154,150.1021746,75.76820748,8.47234832,10.87869577,55.51478309,1
B00408,B00408_R2,406,Gate_1,Orange_7,3,3,0.2032,1.9812,74.57,2.54,1.6002,66.83,3,3,7.74,0.2032,0.762,2.54,1.6002,1.7272,3.175,3.175,1,3,3,300,1,3,3,0.4445,0,2.9845,2.794,66.83,74.57,3,3,3.175,1.7272,0,-7.74,-1.4478,6.35,31.06611929,97.89611929,202.1038807,0,0,0.673679602,47.24409449,69.83,2.794,2.9845,2.3368,2.3368,11.02909249,11.78107607,9.224331899,9.224331899,3.175,12.53305965,97.89611929,150.1021746,79.07693522,11.78107607,9.224331899,52.20605534,0
B00409,B00409_R1,407,Green_2,Gate_3,1,3,0.2032,1.9812,67.6,2.54,1.6002,80.36,3,4,-12.76,1.9812,0.2032,0.2032,1.6002,3.556,1.9558,3.175,2,3,3,300,0,1,3,2.032,1.7272,1.651,1.3462,67.6,80.36,3,4,3.556,1.9558,-1,-12.76,-1.6002,6.731,32.57008645,100.1700864,199.8299136,0,0,0.666099712,44.56990046,70.6,1.3462,1.651,3.556,3.556,5.31401729,6.517191016,14.0370268,14.0370268,3.556,14.0370268,100.1700864,146.6610666,59.52536218,6.517191016,14.0370268,46.49098014,2
B00409,B00409_R1,405,Yellow_2,Gate_4,2,3,0.2032,1.9812,67.6,2.54,1.6002,80.36,3,4,-12.76,0.762,0.2032,0.2032,1.9812,2.3368,3.175,2.3368,2,3,3,300,0,2,3,1.4224,1.1176,2.6416,1.7272,67.6,80.36,3,4,2.3368,3.175,-1,-12.76,0.8382,4.6736,24.4486638,92.0486638,207.9513362,8.12142265,0,0.693171121,64.19034577,70.6,1.7272,2.6416,1.9558,2.4511,6.817984447,10.42750563,7.720364742,9.675522046,2.3368,9.224331899,92.0486638,145.1570994,75.46741404,10.42750563,9.675522046,53.10843564,1
B00409,B00409_R1,409,Gate_1,Purple_2,3,3,0.2032,1.9812,67.6,2.54,1.6002,80.36,3,4,-12.76,0.2032,0.762,0.762,2.54,1.7272,3.175,2.3368,1,3,3,300,0,3,3,1.7272,1.1176,3.2512,2.9464,67.6,80.36,3,4,1.7272,3.175,-1,-12.76,1.4478,4.064,22.04231635,89.64231635,210.3576837,10.5277701,0,0.701192279,73.81889764,70.6,2.9464,3.2512,1.3462,1.5367,11.63067935,12.83385308,5.31401729,6.066000868,1.7272,6.817984447,89.64231635,145.1570994,82.6864564,12.83385308,6.066000868,55.51478309,0
B00410,B00410_R2,400,Gate_1,Purple_2,1,3,0.762,2.54,74.18,2.54,1.6002,68.93,3,3,5.25,0.2032,0.762,0.762,2.54,2.3368,3.175,2.3368,1,3,3,300,1,1,3,0.4445,0,2.1463,1.9558,68.93,74.18,3,3,3.175,2.3368,0,-5.25,-0.8382,5.5118,27.75739154,96.68739154,203.3126085,3.308727746,0,0.677708695,54.42868029,71.93,1.9558,2.1463,2.3368,2.7559,7.720364742,8.47234832,9.224331899,10.87869577,3.175,12.53305965,96.68739154,149.1942403,72.76027316,8.47234832,10.87869577,52.50684877,2
B00410,B00410_R2,410,Gate_2,Purple_4,2,3,0.762,2.54,74.18,2.54,1.6002,68.93,3,3,5.25,0.2032,1.143,0.762,2.032,1.9558,2.794,1.9558,1,3,3,300,1,2,3,0.889,0.889,2.3368,2.3368,68.93,74.18,3,3,2.794,1.9558,0,-5.25,-0.8382,4.7498,24.74945723,93.67945723,206.3205428,6.316662061,0,0.687735143,63.16055413,71.93,2.3368,2.3368,1.9558,2.3749,9.224331899,9.224331899,7.720364742,9.374728615,2.794,11.02909249,93.67945723,149.1942403,77.27217463,9.224331899,9.374728615,55.51478309,1
B00410,B00410_R2,406,Gate_1,Orange_7,3,3,0.762,2.54,74.18,2.54,1.6002,68.93,3,3,5.25,0.2032,0.762,2.54,1.6002,2.3368,3.175,3.175,1,3,3,300,1,3,3,0.4445,0,2.9845,2.794,68.93,74.18,3,3,3.175,2.3368,0,-5.25,-0.8382,6.35,31.06611929,99.99611929,200.0038807,0,0,0.666679602,47.24409449,71.93,2.794,2.9845,2.3368,2.3368,11.02909249,11.78107607,9.224331899,9.224331899,3.175,12.53305965,99.99611929,149.1942403,76.06900091,11.78107607,9.224331899,49.19812103,0
B00411,B00411_R1,405,Yellow_2,Gate_4,1,3,0.762,2.54,62.12,2.54,1.6002,77.65,3,4,-15.53,0.762,0.2032,0.2032,1.9812,2.9464,3.175,2.3368,2,3,3,300,0,1,3,1.27,1.1176,2.4892,1.7272,62.12,77.65,3,4,2.9464,3.175,-1,-15.53,0.2286,5.2832,26.85501125,88.97501125,211.0249887,4.812694904,0,0.703416629,56.78376741,65.12,1.7272,2.4892,2.9464,2.9464,6.817984447,9.825918762,11.63067935,11.63067935,2.9464,11.63067935,88.97501125,145.0913812,75.76820748,9.825918762,11.63067935,56.11636995,2
B00411,B00411_R1,409,Gate_1,Purple_2,2,3,0.762,2.54,62.12,2.54,1.6002,77.65,3,4,-15.53,0.2032,0.762,0.762,2.54,2.3368,3.175,2.3368,1,3,3,300,0,2,3,1.5748,1.1176,3.0988,2.9464,62.12,77.65,3,4,2.3368,3.175,-1,-15.53,0.8382,4.6736,24.4486638,86.5686638,213.4313362,7.219042356,0,0.711437787,64.19034577,65.12,2.9464,3.0988,1.7272,2.032,11.63067935,12.23226621,6.817984447,8.021158173,2.3368,9.224331899,86.5686638,142.6850338,82.98724983,12.23226621,8.021158173,56.11636995,1
B00411,B00411_R1,411,Green_1,Purple_2,3,3,0.762,2.54,62.12,2.54,1.6002,77.65,3,4,-15.53,1.6764,0.2032,0.762,2.54,3.2512,2.2606,3.2512,3,3,3,300,0,3,3,1.7272,1.4224,2.6416,2.3368,62.12,77.65,3,4,3.2512,2.2606,-1,-15.53,-0.9906,6.5024,31.66770615,93.78770615,206.2122938,0,0,0.687374313,46.13681102,65.12,2.3368,2.6416,3.2512,3.2512,9.224331899,10.42750563,12.83385308,12.83385308,3.2512,12.83385308,93.78770615,145.0913812,72.1586863,10.42750563,12.83385308,51.30367505,0
B00412,B00412_R2,412,Purple_5,Gate_4,1,3,0.762,2.54,78.41,2.54,1.6002,69.03,3,3,9.38,1.0668,2.032,0.2032,1.9812,0.8128,2.413,1.4224,2,3,3,300,1,1,3,2.4511,2.2606,1.5367,1.3462,69.03,78.41,3,3,2.413,0.8128,0,-9.38,-1.6002,3.8354,21.13993605,90.16993605,209.8300639,9.926183239,0,0.699433546,78.21869948,72.03,1.3462,1.5367,0.8128,1.6129,5.31401729,6.066000868,3.208463269,6.3667943,2.413,9.525125331,90.16993605,139.6688505,67.94757826,6.066000868,6.3667943,49.49891446,2
B00412,B00412_R2,410,Gate_2,Purple_4,2,3,0.762,2.54,78.41,2.54,1.6002,69.03,3,3,9.38,0.2032,1.143,0.762,2.032,1.9558,2.794,1.9558,1,3,3,300,1,2,3,1.5748,0.889,1.5748,0.8128,69.03,78.41,3,3,2.794,1.9558,0,-9.38,-0.8382,4.7498,24.74945723,93.77945723,206.2205428,6.316662061,0,0.687401809,63.16055413,72.03,0.8128,1.5748,1.3462,2.0701,3.208463269,6.216397584,5.31401729,8.171554889,2.794,11.02909249,93.77945723,140.2704374,64.63885051,6.216397584,8.171554889,46.49098014,1
B00412,B00412_R2,406,Gate_1,Orange_7,3,3,0.762,2.54,78.41,2.54,1.6002,69.03,3,3,9.38,0.2032,0.762,2.54,1.6002,2.3368,3.175,3.175,1,3,3,300,1,3,3,1.7653,0.889,2.6035,2.413,69.03,78.41,3,3,3.175,2.3368,0,-9.38,-0.8382,6.35,31.06611929,100.0961193,199.9038807,0,0,0.666346269,47.24409449,72.03,2.413,2.6035,1.7272,2.032,9.525125331,10.27710891,6.817984447,8.021158173,3.175,12.53305965,100.0961193,140.2704374,66.4436111,10.27710891,8.021158173,40.17431808,0
B00413,B00413_R1,409,Gate_1,Purple_2,1,3,0.762,2.54,67.77,2.54,1.6002,72.84,3,4,-5.06,0.2032,0.762,0.762,2.54,2.3368,3.175,2.3368,1,3,3,300,0,1,3,2.1844,2.032,1.6256,0,67.77,72.84,3,4,2.3368,3.175,-1,-5.07,0.8382,4.6736,24.4486638,92.2186638,207.7813362,7.219042356,0,0.692604454,64.19034577,70.77,0,1.6256,2.3368,2.794,0,6.416926539,9.224331899,11.02909249,2.3368,9.224331899,92.2186638,135.5011807,56.11636995,6.416926539,11.02909249,43.28251688,2
B00413,B00413_R1,413,Purple_2,Orange_1,2,3,0.762,2.54,67.77,2.54,1.6002,72.84,3,4,-5.06,0.762,2.54,1.6764,2.54,0,2.7178,1.4224,3,3,3,300,0,2,3,2.794,2.3368,3.0988,2.9464,67.77,72.84,3,4,0,2.7178,-1,-5.07,2.7178,1.4224,11.61481072,79.38481072,220.6151893,20.05289543,0,0.735383964,210.9111361,70.77,2.9464,3.0988,0,0,11.63067935,12.23226621,0,0,0,0,79.38481072,135.5011807,80.58090238,12.23226621,0,56.11636995,1
B00413,B00413_R1,411,Green_1,Purple_2,3,3,0.762,2.54,67.77,2.54,1.6002,72.84,3,4,-5.06,1.6764,0.2032,0.762,2.54,3.2512,2.2606,3.2512,3,3,3,300,0,3,3,2.6416,2.032,1.1684,0,67.77,72.84,3,4,3.2512,2.2606,-1,-5.07,-0.9906,6.5024,31.66770615,99.43770615,200.5622938,0,0,0.668540979,46.13681102,70.77,0,1.1684,2.9464,3.0988,0,4.61216595,11.63067935,12.23226621,3.2512,12.83385308,99.43770615,134.2980069,45.28780642,4.61216595,12.23226621,34.86030079,0
B00414,B00414_R2,410,Gate_2,Purple_4,1,3,0.762,2.54,66.12,2.54,1.6002,61.7,3,3,4.43,0.2032,1.143,0.762,2.032,1.9558,2.794,1.9558,1,3,3,300,1,1,3,0.889,0.889,2.3368,2.3368,61.7,66.12,3,3,2.794,1.9558,0,-4.42,-0.8382,4.7498,24.74945723,86.44945723,213.5505428,6.316662061,0,0.711835143,63.16055413,64.7,2.3368,2.3368,1.4986,2.1463,9.224331899,9.224331899,5.915604153,8.47234832,2.794,11.02909249,86.44945723,135.3467848,72.45947973,9.224331899,8.47234832,48.8973276,2
B00414,B00414_R2,414,Gate_1,Yellow_2,2,3,0.762,2.54,66.12,2.54,1.6002,61.7,3,3,4.43,0.2032,0.762,0.762,0.2032,2.3368,3.175,1.1176,1,3,3,300,1,2,3,0.4445,0,1.3081,1.1176,61.7,66.12,3,3,3.175,2.3368,0,-4.42,-0.8382,4.2926,22.94469664,84.64469664,215.3553034,8.12142265,0,0.717851011,69.88771374,64.7,1.1176,1.3081,2.3368,2.7559,4.411636995,5.163620574,9.224331899,10.87869577,3.175,12.53305965,84.64469664,137.1515454,66.14281767,5.163620574,10.87869577,52.50684877,1
B00414,B00414_R2,406,Gate_1,Orange_7,3,3,0.762,2.54,66.12,2.54,1.6002,61.7,3,3,4.43,0.2032,0.762,2.54,1.6002,2.3368,3.175,3.175,1,3,3,300,1,3,3,0.4445,0,2.9845,2.794,61.7,66.12,3,3,3.175,2.3368,0,-4.42,-0.8382,6.35,31.06611929,92.76611929,207.2338807,0,0,0.690779602,47.24409449,64.7,2.794,2.9845,1.1176,1.7272,11.02909249,11.78107607,4.411636995,6.817984447,3.175,12.53305965,92.76611929,132.3388505,71.256306,11.78107607,6.817984447,39.57273122,0
B00415,B00415_R1,415,Yellow_1,Gate_3,1,3,0.762,2.54,56.3,2.54,1.6002,69.23,3,4,-12.92,0.4572,0.2032,0.2032,1.6002,2.6416,3.4798,1.651,2,3,3,300,0,1,3,2.1844,1.7272,2.1844,1.4986,56.3,69.23,3,4,2.6416,3.4798,-1,-12.93,0.8382,4.2926,22.94469664,79.24469664,220.7553034,8.723009513,0,0.735851011,69.88771374,59.3,1.4986,2.1844,2.6416,3.0988,5.915604153,8.622745036,10.42750563,12.23226621,2.6416,10.42750563,79.24469664,122.5272135,60.52800695,8.622745036,12.23226621,43.28251688,2
B00415,B00415_R1,411,Green_1,Purple_2,2,3,0.762,2.54,56.3,2.54,1.6002,69.23,3,4,-12.92,1.6764,0.2032,0.762,2.54,3.2512,2.2606,3.2512,3,3,3,300,0,2,3,2.4892,1.7272,1.3208,0,56.3,69.23,3,4,3.2512,2.2606,-1,-12.93,-0.9906,6.5024,31.66770615,87.96770615,212.0322938,0,0,0.706774313,46.13681102,59.3,0,1.3208,2.8702,2.9083,0,5.213752813,11.32988592,11.48028264,3.2512,12.83385308,87.96770615,121.0232464,44.98701299,5.213752813,11.48028264,33.0555402,1
B00415,B00415_R1,413,Purple_2,Orange_1,3,3,0.762,2.54,56.3,2.54,1.6002,69.23,3,4,-12.92,0.762,2.54,1.6764,2.54,0,2.7178,1.4224,3,3,3,300,0,3,3,2.9464,2.6416,3.2512,2.9464,56.3,69.23,3,4,0,2.7178,-1,-12.93,2.7178,1.4224,11.61481072,67.91481072,232.0851893,20.05289543,0,0.773617298,210.9111361,59.3,2.9464,3.2512,0,0.7493,11.63067935,12.83385308,0,2.957802076,0,0,67.91481072,122.5272135,80.28010895,12.83385308,2.957802076,54.61240279,0
B00416,B00416_R2,414,Gate_1,Yellow_2,1,3,1.6764,2.54,66.88,2.54,1.6002,60.61,3,3,6.27,0.2032,0.762,0.762,0.2032,3.2512,3.175,1.1176,1,3,3,300,1,1,3,1.3208,0,1.5748,1.1176,60.61,66.88,3,3,3.175,3.2512,0,-6.27,0.0762,4.2926,22.94469664,83.55469664,216.4453034,8.12142265,0,0.721484345,69.88771374,63.61,1.1176,1.5748,1.3462,2.2606,4.411636995,6.216397584,5.31401729,8.923538468,3.175,12.53305965,83.55469664,133.655198,69.75233885,6.216397584,8.923538468,50.10050132,2
B00416,B00416_R2,406,Gate_1,Orange_7,2,3,1.6764,2.54,66.88,2.54,1.6002,60.61,3,3,6.27,0.2032,0.762,2.54,1.6002,3.2512,3.175,3.175,1,3,3,300,1,2,3,1.3208,0,2.413,1.651,60.61,66.88,3,3,3.175,3.2512,0,-6.27,0.0762,6.35,31.06611929,91.67611929,208.3238807,0,0,0.694412936,47.24409449,63.61,1.651,2.413,1.1176,1.2319,6.517191016,9.525125331,4.411636995,4.862827142,3.175,12.53305965,91.67611929,132.7528177,68.24837169,9.525125331,4.862827142,41.07669838,1
B00416,B00416_R2,416,Green_3,Gate_3,3,3,1.6764,2.54,66.88,2.54,1.6002,60.61,3,3,6.27,2.286,0.2032,0.2032,1.6002,2.9464,1.651,3.4798,2,3,3,300,1,3,3,2.6416,2.6416,1.3462,1.3462,60.61,66.88,3,3,1.651,2.9464,0,-6.27,1.2954,5.1308,26.25342439,86.86342439,213.1365756,4.812694904,0,0.710455252,58.47041397,63.61,1.3462,1.3462,1.651,1.8415,5.31401729,5.31401729,6.517191016,7.269174594,1.651,6.517191016,86.86342439,140.8742403,64.63885051,5.31401729,7.269174594,54.01081593,0
B00417,B00417_R1,411,Green_1,Purple_2,1,3,1.6764,2.54,53.7,0.2032,1.6002,76.75,3,4,-23.05,1.6764,0.2032,0.762,2.54,2.9464,2.8702,3.2512,3,3,3,300,0,1,3,2.5273,1.8034,1.5875,0,53.7,76.75,3,4,2.9464,2.8702,-1,-23.05,-0.0762,6.1976,30.46453243,84.16453243,215.8354676,0,0,0.719451559,48.40583452,56.7,0,1.5875,2.8702,2.9083,0,6.266529823,11.32988592,11.48028264,2.9464,11.63067935,84.16453243,127.0459914,55.71531204,6.266529823,11.48028264,42.88145897,2
B00417,B00417_R1,413,Purple_2,Orange_1,2,3,1.6764,2.54,53.7,0.2032,1.6002,76.75,3,4,-23.05,0.762,2.54,1.6764,2.54,1.4224,1.4986,1.4224,3,3,3,300,0,2,3,3.2131,3.175,2.6035,2.2606,53.7,76.75,3,4,1.4224,1.4986,-1,-23.05,0.0762,2.8448,17.22962144,70.92962144,229.0703786,13.23491099,0,0.763567929,105.4555681,56.7,2.2606,2.6035,0,0.7493,8.923538468,10.27710891,0,2.957802076,1.4224,5.614810721,70.92962144,121.7319741,76.9713812,10.27710891,2.957802076,50.80235266,1
B00417,B00417_R1,417,Green_7,Gate_3,3,3,1.6764,2.54,53.7,0.2032,1.6002,76.75,3,4,-23.05,2.54,1.143,0.2032,1.6002,2.2606,2.794,2.794,2,3,3,300,0,3,3,2.4892,1.8034,2.1844,1.4986,53.7,76.75,3,4,2.2606,2.794,-1,-23.05,0.5334,5.0546,25.95263096,79.65263096,220.347369,4.511901472,0,0.73449123,59.3518775,56.7,1.4986,2.1844,2.2606,2.7178,5.915604153,8.622745036,8.923538468,10.72829906,2.2606,8.923538468,79.65263096,127.3467848,64.93964394,8.622745036,10.72829906,47.69415387,0
B00418,B00418_R2,418,Yellow_1,Gate_3,1,3,0.2032,1.6002,70.13,0.2032,1.6002,67.83,3,3,2.3,0.4572,0.2032,0.2032,1.6002,1.651,1.651,1.651,2,3,3,300,1,1,3,1.5748,0.8128,2.413,1.3462,67.83,70.13,3,3,1.651,1.651,0,-2.3,0,3.302,19.03438203,86.86438203,213.135618,14.43808471,0,0.71045206,90.85402786,70.83,1.3462,2.413,1.651,2.5654,5.31401729,9.525125331,6.517191016,10.12671219,1.651,6.517191016,86.86438203,144.1839257,76.36979434,9.525125331,10.12671219,57.31954368,2
B00418,B00418_R2,406,Gate_1,Orange_7,2,3,0.2032,1.6002,70.13,0.2032,1.6002,67.83,3,3,2.3,0.2032,0.762,2.54,1.6002,1.3462,1.3462,3.175,1,3,3,300,1,2,3,1.7272,0.8128,2.5654,1.651,67.83,70.13,3,3,1.3462,1.3462,0,-2.3,0,4.5212,23.84707694,91.67707694,208.3229231,9.625389808,0,0.694409744,66.35406529,70.83,1.651,2.5654,1.3462,1.3462,6.517191016,10.12671219,5.31401729,5.31401729,1.3462,5.31401729,91.67707694,144.1839257,72.76027316,10.12671219,5.31401729,52.50684877,1
B00418,B00418_R2,416,Green_3,Gate_3,3,3,0.2032,1.6002,70.13,0.2032,1.6002,67.83,3,3,2.3,2.286,0.2032,0.2032,1.6002,3.4798,3.4798,3.4798,2,3,3,300,1,3,3,2.4892,2.3368,1.4986,1.3462,67.83,70.13,3,3,3.4798,3.4798,0,-2.3,0,6.9596,33.47246674,101.3024667,198.6975333,0,0,0.662325111,43.10592563,70.83,1.3462,1.4986,1.651,2.5654,5.31401729,5.915604153,6.517191016,10.12671219,3.4798,13.73623337,101.3024667,136.9648834,54.71266727,5.915604153,10.12671219,35.66241661,0
B00419,B00419_R1,413,Purple_2,Orange_1,1,3,0.2032,1.6002,55.88,0.2032,1.6002,73.32,3,4,-17.44,0.762,2.54,1.6764,2.54,1.4986,1.4986,1.4224,3,3,3,300,0,1,3,2.9464,2.7178,2.032,1.8034,55.88,73.32,3,4,1.4986,1.4986,-1,-17.44,0,2.921,17.53041487,73.41041487,226.5895851,10.5277701,0,0.755298617,102.7045532,58.88,1.8034,2.032,1.4986,1.6129,7.118777879,8.021158173,5.915604153,6.3667943,1.4986,5.915604153,73.41041487,122.6085359,65.24043737,8.021158173,6.3667943,49.19812103,2
B00419,B00419_R1,419,Orange_7,Orange_5,2,3,0.2032,1.6002,55.88,0.2032,1.6002,73.32,3,4,-17.44,2.54,1.6002,1.9812,2.032,2.3368,2.3368,1.4986,3,3,3,300,0,2,3,1.8415,0.9652,1.8415,1.7272,55.88,73.32,3,4,2.3368,2.3368,-1,-17.44,0,3.8354,21.13993605,77.01993605,222.9800639,6.918248924,0,0.74326688,78.21869948,58.88,1.7272,1.8415,1.8034,2.0701,6.817984447,7.269174594,7.118777879,8.171554889,2.3368,9.224331899,77.01993605,120.5029819,60.12694904,7.269174594,8.171554889,43.48304583,1
B00419,B00419_R1,417,Green_7,Gate_3,3,3,0.2032,1.6002,55.88,0.2032,1.6002,73.32,3,4,-17.44,2.54,1.143,0.2032,1.6002,2.794,2.794,2.794,2,3,3,300,0,3,3,2.0701,0.9652,1.9177,1.4986,55.88,73.32,3,4,2.794,2.794,-1,-17.44,0,5.588,28.05818498,83.93818498,216.061815,0,0,0.72020605,53.68647101,58.88,1.4986,1.9177,1.9558,2.1082,5.915604153,7.569968026,7.720364742,8.321951605,2.794,11.02909249,83.93818498,119.2998082,53.81028698,7.569968026,8.321951605,35.36162318,0
B00420,B00420_R1,417,Green_7,Gate_3,1,3,0.2032,1.6002,58.12,0.2032,1.6002,65.83,3,3,-7.71,2.54,1.143,0.2032,1.6002,2.794,2.794,2.794,2,3,3,300,0,1,3,1.8415,0.9652,1.8415,1.3462,58.12,65.83,3,3,2.794,2.794,0,-7.71,0,5.588,28.05818498,86.17818498,213.821815,0,0,0.712739383,53.68647101,61.12,1.3462,1.8415,1.9558,1.9558,5.31401729,7.269174594,7.720364742,7.720364742,2.794,11.02909249,86.17818498,129.3604374,61.02932933,7.269174594,7.720364742,43.1822524,2
B00420,B00420_R1,420,Gate_1,Orange_2,2,3,0.2032,1.6002,58.12,0.2032,1.6002,65.83,3,3,-7.71,0.2032,0.762,1.9812,2.54,1.3462,1.3462,3.556,1,3,3,300,0,2,3,2.9464,2.7178,1.7272,1.4986,58.12,65.83,3,3,1.3462,1.3462,0,-7.71,0,4.9022,25.35104409,83.47104409,216.5289559,2.707140883,0,0.721763186,61.19701359,61.12,1.4986,1.7272,1.3462,2.4511,5.915604153,6.817984447,5.31401729,9.675522046,1.3462,5.31401729,83.47104409,132.6691651,62.83408992,6.817984447,9.675522046,49.19812103,1
B00420,B00420_R1,419,Orange_7,Orange_5,3,3,0.2032,1.6002,58.12,0.2032,1.6002,65.83,3,3,-7.71,2.54,1.6002,1.9812,2.032,2.3368,2.3368,1.4986,3,3,3,300,0,3,3,2.0701,0.9652,2.7559,1.9558,58.12,65.83,3,3,2.3368,2.3368,0,-7.71,0,3.8354,21.13993605,79.25993605,220.7400639,6.918248924,0,0.735800213,78.21869948,61.12,1.9558,2.7559,1.4986,1.9177,7.720364742,10.87869577,5.915604153,7.569968026,2.3368,9.224331899,79.25993605,129.3604374,75.16662061,10.87869577,7.569968026,50.10050132,0
B00421,B00421_R2,406,Gate_1,Orange_7,1,3,1.9812,2.032,80.07,0.2032,1.6002,57.41,4,3,22.66,0.2032,0.762,2.54,1.6002,3.556,1.3462,3.175,1,3,3,300,1,1,3,1.3208,0,2.413,1.651,57.41,80.07,3,4,1.3462,3.556,-1,-22.66,2.2098,4.5212,23.84707694,81.25707694,218.7429231,9.625389808,0,0.729143077,66.35406529,60.41,1.651,2.413,1.3462,2.2987,6.517191016,9.525125331,5.31401729,9.073935183,1.3462,5.31401729,81.25707694,138.877414,76.67058777,9.525125331,9.073935183,57.62033711,2
B00421,B00421_R2,416,Green_3,Gate_3,2,3,1.9812,2.032,80.07,0.2032,1.6002,57.41,4,3,22.66,2.286,0.2032,0.2032,1.6002,2.6416,3.4798,3.4798,2,3,3,300,1,2,3,2.6416,2.6416,1.3462,1.3462,57.41,80.07,3,4,3.4798,2.6416,-1,-22.66,-0.8382,6.9596,33.47246674,90.88246674,209.1175333,0,0,0.697058444,43.10592563,60.41,1.3462,1.3462,1.651,2.2987,5.31401729,5.31401729,6.517191016,9.073935183,3.4798,13.73623337,90.88246674,131.6583717,58.62298188,5.31401729,9.073935183,40.77590495,1
B00421,B00421_R2,421,Gate_1,Orange_4,3,3,1.9812,2.032,80.07,0.2032,1.6002,57.41,4,3,22.66,0.2032,0.762,1.6764,2.032,3.556,1.3462,3.2512,1,3,3,300,1,3,3,1.3208,0,3.0988,2.9464,57.41,80.07,3,4,1.3462,3.556,-1,-22.66,2.2098,4.5974,24.14787037,81.55787037,218.4421296,9.324596376,0,0.728140432,65.25427415,60.41,2.9464,3.0988,1.3462,2.2606,11.63067935,12.23226621,5.31401729,8.923538468,1.3462,5.31401729,81.55787037,138.877414,81.78407611,12.23226621,8.923538468,57.31954368,0
B00422,B00422_R2,416,Green_3,Gate_3,1,3,1.9812,2.032,71.45,1.6764,2.032,71.44,3,3,0.01,2.286,0.2032,0.2032,1.6002,2.6416,2.9464,3.4798,2,3,3,300,1,1,3,3.0988,2.6416,1.5748,1.3462,71.44,71.45,3,3,2.9464,2.6416,0,-0.01,-0.3048,6.4262,31.36691272,102.8069127,197.1930873,0.300793431,0,0.657310291,46.68388783,74.44,1.3462,1.5748,2.9464,3.2131,5.31401729,6.216397584,11.63067935,12.68345636,2.9464,11.63067935,102.8069127,152.0050338,61.6309162,6.216397584,12.68345636,49.19812103,2
B00422,B00422_R2,421,Gate_1,Orange_4,2,3,1.9812,2.032,71.45,1.6764,2.032,71.44,3,3,0.01,0.2032,0.762,1.6764,2.032,3.556,3.2512,3.2512,1,3,3,300,1,2,3,2.6416,2.6416,2.032,1.1176,71.44,71.45,3,3,3.2512,3.556,0,-0.01,0.3048,6.5024,31.66770615,103.1077062,196.8922938,0,0,0.656307646,46.13681102,74.44,1.1176,2.032,1.3462,1.3462,4.411636995,8.021158173,5.31401729,5.31401729,3.2512,12.83385308,103.1077062,144.485198,64.93964394,8.021158173,5.31401729,41.37749181,1
B00422,B00422_R2,422,Purple_3,Gate_3,3,3,1.9812,2.032,71.45,1.6764,2.032,71.44,3,3,0.01,1.0668,2.54,0.2032,1.6002,1.4224,1.1176,1.8034,2,3,3,300,1,3,3,3.0988,2.6416,2.413,1.3462,71.44,71.45,3,3,1.1176,1.4224,0,-0.01,0.3048,2.921,17.53041487,88.97041487,211.0295851,14.13729128,0,0.70343195,102.7045532,74.44,1.3462,2.413,1.1176,1.4605,5.31401729,9.525125331,4.411636995,5.765207437,1.1176,4.411636995,88.97041487,152.0050338,82.08486954,9.525125331,5.765207437,63.03461888,0
B00423,B00423_R1,423,Green_4,Gate_3,1,3,1.9812,2.032,59.69,0.2032,1.6002,79.15,3,4,-19.46,1.6764,0.7112,0.2032,1.6002,3.2512,2.8702,2.8702,2,3,3,300,0,1,3,2.1463,2.032,1.8415,1.3462,59.69,79.15,3,4,3.2512,2.8702,-1,-19.46,-0.381,6.1214,30.163739,89.853739,210.146261,3.910314609,0,0.700487537,49.00839677,62.69,1.3462,1.8415,3.2512,3.2512,5.31401729,7.269174594,12.83385308,12.83385308,3.2512,12.83385308,89.853739,141.7590009,66.4436111,7.269174594,12.83385308,51.90526191,2
B00423,B00423_R1,420,Gate_1,Orange_2,2,3,1.9812,2.032,59.69,0.2032,1.6002,79.15,3,4,-19.46,0.2032,0.762,1.9812,2.54,3.556,1.3462,3.556,1,3,3,300,0,2,3,2.6035,2.032,2.3749,1.4986,59.69,79.15,3,4,3.556,1.3462,-1,-19.46,-2.2098,7.112,34.07405361,93.76405361,206.2359464,0,0,0.687453155,42.18222722,62.69,1.4986,2.3749,1.3462,2.4511,5.915604153,9.374728615,5.31401729,9.675522046,3.556,14.0370268,93.76405361,133.0359914,66.74440453,9.374728615,9.675522046,39.27193779,1
B00423,B00423_R1,419,Orange_7,Orange_5,3,3,1.9812,2.032,59.69,0.2032,1.6002,79.15,3,4,-19.46,2.54,1.6002,1.9812,2.032,1.4986,2.3368,1.4986,3,3,3,300,0,3,3,2.7178,2.2606,3.4036,3.2512,59.69,79.15,3,4,1.4986,2.3368,-1,-19.46,0.8382,2.9972,17.83120831,77.52120831,222.4787917,16.2428453,0,0.741595972,100.0934205,62.69,3.2512,3.4036,1.4986,1.9177,12.83385308,13.43543994,5.915604153,7.569968026,1.4986,5.915604153,77.52120831,141.7590009,91.10867248,13.43543994,7.569968026,64.2377926,0
B00424,B00424_R2,421,Gate_1,Orange_4,1,3,1.9812,2.032,74.32,0.2032,1.6002,65.12,3,3,9.2,0.2032,0.762,1.6764,2.032,3.556,1.3462,3.2512,1,3,3,300,1,1,3,2.032,1.4224,2.032,1.1176,65.12,74.32,3,3,1.3462,3.556,0,-9.2,2.2098,4.5974,24.14787037,89.26787037,210.7321296,1.203173726,0,0.702440432,65.25427415,68.12,1.1176,2.032,1.3462,1.5367,4.411636995,8.021158173,5.31401729,6.066000868,1.3462,5.31401729,89.26787037,134.8564702,61.6309162,8.021158173,6.066000868,45.58859985,2
B00424,B00424_R2,422,Purple_3,Gate_3,2,3,1.9812,2.032,74.32,0.2032,1.6002,65.12,3,3,9.2,1.0668,2.54,0.2032,1.6002,1.4224,1.8034,1.8034,2,3,3,300,1,2,3,2.794,2.6416,1.8034,1.3462,65.12,74.32,3,3,1.8034,1.4224,0,-9.2,-0.381,3.6068,20.23755576,85.35755576,214.6424442,5.113488335,0,0.715474814,83.17622269,68.12,1.3462,1.8034,1.1176,1.27,5.31401729,7.118777879,4.411636995,5.013223858,1.8034,7.118777879,85.35755576,132.1493293,63.73647022,7.118777879,5.013223858,46.79177358,1
B00424,B00424_R2,424,Yellow_5,Gate_4,3,3,1.9812,2.032,74.32,0.2032,1.6002,65.12,3,3,9.2,1.0668,0.7112,0.2032,1.9812,3.2512,2.2606,2.6416,2,3,3,300,1,3,3,2.1844,1.4224,1.5748,1.4224,65.12,74.32,3,3,2.2606,3.2512,0,-9.2,0.9906,4.9022,25.35104409,90.47104409,209.5289559,0,0,0.698429853,61.19701359,68.12,1.4224,1.5748,2.2606,2.6035,5.614810721,6.216397584,8.923538468,10.27710891,2.2606,8.923538468,90.47104409,134.8564702,56.81822129,6.216397584,10.27710891,44.38542612,0
B00425,B00425_R1,420,Gate_1,Orange_2,1,3,1.9812,2.032,60.07,0.2032,1.9812,81.56,3,4,-21.49,0.2032,0.762,1.9812,2.54,3.556,1.7272,3.556,1,3,3,300,0,1,3,2.7559,2.3368,2.2225,1.4986,60.07,81.56,3,4,3.556,1.7272,-1,-21.49,-1.8288,7.112,34.07405361,94.14405361,205.8559464,0,0,0.686186488,42.18222722,63.07,1.4986,2.2225,3.556,3.556,5.915604153,8.773141752,14.0370268,14.0370268,3.556,14.0370268,94.14405361,138.8302732,62.23250306,8.773141752,14.0370268,44.68621956,2
B00425,B00425_R1,425,Green_5,Orange_6,2,3,1.9812,2.032,60.07,0.2032,1.9812,81.56,3,4,-21.49,1.9812,0.7112,2.54,1.9812,2.9464,3.556,2.3368,3,3,3,300,0,2,3,2.1463,1.9558,2.2225,0.889,60.07,81.56,3,4,2.9464,3.556,-1,-21.49,0.6096,5.2832,26.85501125,86.92501125,213.0749887,7.219042356,0,0.710249962,56.78376741,63.07,0.889,2.2225,2.9464,2.9464,3.509256701,8.773141752,11.63067935,11.63067935,2.9464,11.63067935,86.92501125,138.8302732,69.45154542,8.773141752,11.63067935,51.90526191,1
B00425,B00425_R1,419,Orange_7,Orange_5,3,3,1.9812,2.032,60.07,0.2032,1.9812,81.56,3,4,-21.49,2.54,1.6002,1.9812,2.032,1.4986,2.7178,1.4986,3,3,3,300,0,3,3,2.5654,1.9558,3.2512,2.9464,60.07,81.56,3,4,1.4986,2.7178,-1,-21.49,1.2192,2.9972,17.83120831,77.90120831,222.0987917,16.2428453,0,0.740329306,100.0934205,63.07,2.9464,3.2512,0.889,1.1938,11.63067935,12.83385308,3.509256701,4.712430427,1.4986,5.915604153,77.90120831,136.4239257,86.59677101,12.83385308,4.712430427,58.5227174,0
B00426,B00426_R2,422,Purple_3,Gate_3,1,3,1.9812,2.032,70.27,0.2032,1.9812,67.03,3,3,3.24,1.0668,2.54,0.2032,1.6002,1.4224,1.4224,1.8034,2,3,3,300,1,1,3,3.0988,2.9464,2.1082,1.9558,67.03,70.27,3,3,1.4224,1.4224,0,-3.24,0,3.2258,18.7335886,85.7635886,214.2364114,8.12142265,0,0.714121371,93.000186,70.03,1.9558,2.1082,1.4224,1.4224,7.720364742,8.321951605,5.614810721,5.614810721,1.4224,5.614810721,85.7635886,137.0672636,67.94757826,8.321951605,5.614810721,51.30367505,2
B00426,B00426_R2,426,Yellow_2,Gate_4,2,3,1.9812,2.032,70.27,0.2032,1.9812,67.03,3,3,3.24,0.762,0.2032,0.2032,1.9812,3.556,2.3368,2.3368,2,3,3,300,1,2,3,2.032,0.8128,2.032,1.4224,67.03,70.27,3,3,2.3368,3.556,0,-3.24,1.2192,4.6736,24.4486638,91.4786638,208.5213362,2.406347452,0,0.695071121,64.19034577,70.03,1.4224,2.032,1.9558,2.1463,5.614810721,8.021158173,7.720364742,8.47234832,2.3368,9.224331899,91.4786638,135.5632965,61.6309162,8.021158173,8.47234832,44.08463269,1
B00426,B00426_R2,424,Yellow_5,Gate_4,3,3,1.9812,2.032,70.27,0.2032,1.9812,67.03,3,3,3.24,1.0668,0.7112,0.2032,1.9812,3.2512,2.6416,2.6416,2,3,3,300,1,3,3,1.8796,0.8128,1.8796,1.4224,67.03,70.27,3,3,2.6416,3.2512,0,-3.24,0.6096,5.2832,26.85501125,93.88501125,206.1149887,0,0,0.687049962,56.78376741,70.03,1.4224,1.8796,2.2606,2.4511,5.614810721,7.41957131,8.923538468,9.675522046,2.6416,10.42750563,93.88501125,135.5632965,58.02139502,7.41957131,9.675522046,41.67828524,0
B00427,B00427_R1,427,Gate_2,Green_1,1,3,1.9812,2.032,61.88,0.2032,1.9812,82.16,3,4,-20.28,0.2032,1.143,1.6764,0.2032,3.175,1.3462,2.413,1,3,3,300,0,1,3,2.7559,2.7178,1.5367,0.8128,61.88,82.16,3,4,3.175,1.3462,-1,-20.28,-1.8288,5.588,28.05818498,89.93818498,210.061815,0,0,0.70020605,53.68647101,64.88,0.8128,1.5367,3.175,3.175,3.208463269,6.066000868,12.53305965,12.53305965,3.175,12.53305965,89.93818498,134.6244045,56.81822129,6.066000868,12.53305965,44.68621956,2
B00427,B00427_R1,425,Green_5,Orange_6,2,3,1.9812,2.032,61.88,0.2032,1.9812,82.16,3,4,-20.28,1.9812,0.7112,2.54,1.9812,2.9464,3.556,2.3368,3,3,3,300,0,2,3,2.3368,1.9558,2.032,0.889,61.88,82.16,3,4,2.9464,3.556,-1,-20.28,0.6096,5.2832,26.85501125,88.73501125,211.2649887,1.203173726,0,0.704216629,56.78376741,64.88,0.889,2.032,0.8128,1.8796,3.509256701,8.021158173,3.208463269,7.41957131,2.9464,11.63067935,88.73501125,126.2021884,61.93170963,8.021158173,7.41957131,37.4671772,1
B00427,B00427_R1,419,Orange_7,Orange_5,3,3,1.9812,2.032,61.88,0.2032,1.9812,82.16,3,4,-20.28,2.54,1.6002,1.9812,2.032,1.4986,2.7178,1.4986,3,3,3,300,0,3,3,2.3749,1.9558,3.0607,2.9464,61.88,82.16,3,4,1.4986,2.7178,-1,-20.28,1.2192,2.9972,17.83120831,79.71120831,220.2887917,10.22697667,0,0.734295972,100.0934205,64.88,2.9464,3.0607,0.889,1.5748,11.63067935,12.0818695,3.509256701,6.216397584,1.4986,5.915604153,79.71120831,132.2180571,79.07693522,12.0818695,6.216397584,52.50684877,0
B00428,B00428_R1,425,Green_5,Orange_6,1,3,1.9812,2.032,64.72,0.2032,1.9812,67.41,3,3,-2.69,1.9812,0.7112,2.54,1.9812,2.9464,3.556,2.3368,3,3,3,300,0,1,3,1.3843,0.8128,1.4605,0.889,64.72,67.41,3,3,2.9464,3.556,0,-2.69,0.6096,5.2832,26.85501125,91.57501125,208.4249887,3.308727746,0,0.694749962,56.78376741,67.72,0.889,1.4605,2.9464,3.0607,3.509256701,5.765207437,11.63067935,12.0818695,2.9464,11.63067935,91.57501125,139.5699586,59.52536218,5.765207437,12.0818695,47.9949473,2
B00428,B00428_R1,419,Orange_7,Orange_5,2,3,1.9812,2.032,64.72,0.2032,1.9812,67.41,3,3,-2.69,2.54,1.6002,1.9812,2.032,1.4986,2.7178,1.4986,3,3,3,300,0,2,3,1.8034,1.651,2.794,2.6416,64.72,67.41,3,3,1.4986,2.7178,0,-2.69,1.2192,2.9972,17.83120831,82.55120831,217.4487917,12.33253069,0,0.724829306,100.0934205,67.72,2.6416,2.794,0.889,1.6129,10.42750563,11.02909249,3.509256701,6.3667943,1.4986,5.915604153,82.55120831,137.1636111,79.07693522,11.02909249,6.3667943,54.61240279,1
B00428,B00428_R1,428,Green_3,Gate_3,3,3,1.9812,2.032,64.72,0.2032,1.9812,67.41,3,3,-2.69,2.286,0.2032,0.2032,1.6002,2.6416,3.8608,3.4798,2,3,3,300,0,3,3,1.2319,0.8128,2.7559,2.3368,64.72,67.41,3,3,2.6416,3.8608,0,-2.69,1.2192,6.1214,30.163739,94.883739,205.116261,0,0,0.68372087,49.00839677,67.72,2.3368,2.7559,2.032,2.3368,9.224331899,10.87869577,8.021158173,9.224331899,2.6416,10.42750563,94.883739,137.1636111,66.4436111,10.87869577,9.224331899,42.2798721,0
B00429,B00429_R2,424,Yellow_5,Gate_4,1,3,0.2032,1.6002,79.51,0.2032,1.9812,59.92,4,3,19.59,1.0668,0.7112,0.2032,1.9812,2.2606,2.6416,2.6416,2,3,3,300,1,1,3,0.9652,0.8128,2.794,2.3368,59.92,79.51,3,4,2.6416,2.2606,-1,-19.59,-0.381,5.2832,26.85501125,86.77501125,213.2249887,4.812694904,0,0.710749962,56.78376741,62.92,2.3368,2.794,2.6416,2.6416,9.224331899,11.02909249,10.42750563,10.42750563,2.6416,10.42750563,86.77501125,142.8913812,78.17455493,11.02909249,10.42750563,56.11636995,2
B00429,B00429_R2,429,Green_4,Gate_4,2,3,0.2032,1.6002,79.51,0.2032,1.9812,59.92,4,3,19.59,1.6764,0.7112,0.2032,1.9812,2.8702,3.2512,3.2512,2,3,3,300,1,2,3,1.27,1.1176,2.4892,2.3368,59.92,79.51,3,4,3.2512,2.8702,-1,-19.59,-0.381,6.5024,31.66770615,91.58770615,208.4122938,0,0,0.694707646,46.13681102,62.92,2.3368,2.4892,3.2512,3.2512,9.224331899,9.825918762,12.83385308,12.83385308,3.2512,12.83385308,91.58770615,142.8913812,70.95551257,9.825918762,12.83385308,51.30367505,1
B00429,B00429_R2,426,Yellow_2,Gate_4,3,3,0.2032,1.6002,79.51,0.2032,1.9812,59.92,4,3,19.59,0.762,0.2032,0.2032,1.9812,1.9558,2.3368,2.3368,2,3,3,300,1,3,3,1.1176,0.8128,2.9464,2.6416,59.92,79.51,3,4,2.3368,1.9558,-1,-19.59,-0.381,4.6736,24.4486638,84.3686638,215.6313362,7.219042356,0,0.718771121,64.19034577,62.92,2.6416,2.9464,2.3368,2.3368,10.42750563,11.63067935,9.224331899,9.224331899,2.3368,9.224331899,84.3686638,142.8913812,81.78407611,11.63067935,9.224331899,58.5227174,0
B00430,B00430_R1,425,Green_5,Orange_6,1,4,0.2032,1.6002,64.02,0.2032,1.9812,81.55,3,3,-17.53,1.9812,0.7112,2.54,1.9812,3.175,3.556,2.3368,3,3,3,300,0,1,4,1.7018,0.8128,0.973666667,0,64.02,81.55,3,3,3.175,3.556,0,-17.53,0.381,5.5118,27.75739154,91.77739154,208.2226085,5.715075198,0,0.694075362,54.42868029,67.02,0,0.973666667,2.9464,3.1242,0,3.843471625,11.63067935,12.33253069,3.175,12.53305965,91.77739154,170.2368713,90.8922749,3.843471625,12.33253069,78.45947973,3
B00430,B00430_R1,430,Orange_6,Purple_5,2,4,0.2032,1.6002,64.02,0.2032,1.9812,81.55,3,3,-17.53,2.54,1.9812,1.0668,2.032,2.7178,2.9464,2.032,3,3,3,300,0,2,4,1.7526,0.889,3.0734,2.413,64.02,81.55,3,3,2.7178,2.9464,0,-17.53,0.2286,4.7498,24.74945723,88.76945723,211.2305428,8.723009513,0,0.704101809,63.16055413,67.02,2.413,3.0734,0,1.278466667,9.525125331,12.13200174,0,5.046645351,2.7178,10.72829906,88.76945723,160.4109525,118.7657995,12.13200174,5.046645351,71.64149528,2
B00430,B00430_R1,419,Orange_7,Orange_5,3,4,0.2032,1.6002,64.02,0.2032,1.9812,81.55,3,3,-17.53,2.54,1.6002,1.9812,2.032,2.3368,2.7178,1.4986,3,3,3,300,0,3,4,1.4986,0.889,2.2352,1.1176,64.02,81.55,3,3,2.3368,2.7178,0,-17.53,0.381,3.8354,21.13993605,85.15993605,214.8400639,12.33253069,0,0.716133546,78.21869948,67.02,1.1176,2.2352,0.889,1.8796,4.411636995,8.82327399,3.509256701,7.41957131,2.3368,9.224331899,85.15993605,165.4241764,112.4491375,8.82327399,7.41957131,80.26424032,1
B00430,B00430_R1,428,Green_3,Gate_3,4,4,0.2032,1.6002,64.02,0.2032,1.9812,81.55,3,3,-17.53,2.286,0.2032,0.2032,1.6002,3.4798,3.8608,3.4798,2,3,3,300,0,4,4,1.4986,0.8128,2.7432,2.3368,64.02,81.55,3,3,3.4798,3.8608,0,-17.53,0.381,6.9596,33.47246674,97.49246674,202.5075333,0,0,0.675025111,43.10592563,67.02,2.3368,2.7432,2.032,2.7432,9.224331899,10.82856353,8.021158173,10.82856353,3.4798,13.73623337,97.49246674,165.4241764,106.1324754,10.82856353,10.82856353,67.93170963,0
B00431,B00431_R2,426,Yellow_2,Gate_4,1,3,0.2032,1.6002,80.65,0.2032,1.9812,69.78,4,3,10.87,0.762,0.2032,0.2032,1.9812,1.9558,2.3368,2.3368,2,3,3,300,1,1,3,1.27,1.1176,2.4892,1.7272,69.78,80.65,3,4,2.3368,1.9558,-1,-10.87,-0.381,4.6736,24.4486638,94.2286638,205.7713362,7.219042356,0,0.685904454,64.19034577,72.78,1.7272,2.4892,2.3368,2.6416,6.817984447,9.825918762,9.224331899,10.42750563,2.3368,9.224331899,94.2286638,147.9386863,73.36186002,9.825918762,10.42750563,53.7100225,2
B00431,B00431_R2,429,Green_4,Gate_4,2,3,0.2032,1.6002,80.65,0.2032,1.9812,69.78,4,3,10.87,1.6764,0.7112,0.2032,1.9812,2.8702,3.2512,3.2512,2,3,3,300,1,2,3,1.7272,1.4224,2.032,1.7272,69.78,80.65,3,4,3.2512,2.8702,-1,-10.87,-0.381,6.5024,31.66770615,101.4477062,198.5522938,0,0,0.661840979,46.13681102,72.78,1.7272,2.032,3.2512,3.2512,6.817984447,8.021158173,12.83385308,12.83385308,3.2512,12.83385308,101.4477062,147.9386863,62.53329649,8.021158173,12.83385308,46.49098014,1
B00431,B00431_R2,431,Gate_1,Purple_4,3,3,0.2032,1.6002,80.65,0.2032,1.9812,69.78,4,3,10.87,0.2032,0.762,0.762,2.032,1.3462,1.7272,2.3368,1,3,3,300,1,3,3,1.5748,1.1176,3.0988,2.9464,69.78,80.65,3,4,1.7272,1.3462,-1,-10.87,-0.381,4.064,22.04231635,91.82231635,208.1776837,9.625389808,0,0.693925612,73.81889764,72.78,2.9464,3.0988,1.7272,1.7272,11.63067935,12.23226621,6.817984447,6.817984447,1.7272,6.817984447,91.82231635,147.9386863,80.58090238,12.23226621,6.817984447,56.11636995,0
B00432,B00432_R1,430,Orange_6,Purple_5,1,4,0.2032,1.6002,65.63,0.762,2.032,78.64,3,3,-13.01,2.54,1.9812,1.0668,2.032,2.7178,2.3368,2.032,3,3,3,300,0,1,4,1.4478,0.889,2.3622,1.1176,65.63,78.64,3,3,2.7178,2.3368,0,-13.01,-0.381,4.7498,24.74945723,90.37945723,209.6205428,8.723009513,0,0.698735143,63.16055413,68.63,1.1176,2.3622,1.1176,1.9558,4.411636995,9.324596376,4.411636995,7.720364742,2.7178,10.72829906,90.37945723,158.6119603,102.5229542,9.324596376,7.720364742,68.23250306,3
B00432,B00432_R1,432,Orange_1,Purple_3,2,4,0.2032,1.6002,65.63,0.762,2.032,78.64,3,3,-13.01,1.6764,2.54,1.0668,2.54,2.413,1.4224,1.1176,3,3,3,300,0,2,4,2.0574,1.4224,2.667,2.032,65.63,78.64,3,3,2.413,1.4224,0,-13.01,-0.9906,3.5306,19.93676233,85.56676233,214.4332377,13.53570442,0,0.714777459,84.97139296,68.63,2.032,2.667,0.8128,1.4478,8.021158173,10.5277701,3.208463269,5.715075198,2.413,9.525125331,85.56676233,158.6119603,110.9451703,10.5277701,5.715075198,73.04519796,2
B00432,B00432_R1,419,Orange_7,Orange_5,3,4,0.2032,1.6002,65.63,0.762,2.032,78.64,3,3,-13.01,2.54,1.6002,1.9812,2.032,2.3368,2.7178,1.4986,3,3,3,300,0,3,4,1.4478,0.889,1.524,0.8128,65.63,78.64,3,3,2.3368,2.7178,0,-13.01,0.381,3.8354,21.13993605,86.76993605,213.2300639,12.33253069,0,0.71076688,78.21869948,68.63,0.8128,1.524,2.3368,2.3876,3.208463269,6.01586863,9.224331899,9.424860853,2.3368,9.224331899,86.76993605,164.9286224,96.20629219,6.01586863,9.424860853,78.1586863,1
B00432,B00432_R1,428,Green_3,Gate_3,4,4,0.2032,1.6002,65.63,0.762,2.032,78.64,3,3,-13.01,2.286,0.2032,0.2032,1.6002,3.4798,3.8608,3.4798,2,3,3,300,0,4,4,2.2098,1.651,2.4892,2.3368,65.63,78.64,3,3,3.4798,3.8608,0,-13.01,0.381,6.9596,33.47246674,99.10246674,200.8975333,0,0,0.669658444,43.10592563,68.63,2.3368,2.4892,2.6416,3.2512,9.224331899,9.825918762,10.42750563,12.83385308,3.4798,13.73623337,99.10246674,161.6198946,95.30391189,9.825918762,12.83385308,62.51742786,0
B00433,B00433_R2,433,Gate_1,Orange_7,1,3,0.2032,1.6002,80.01,0.762,2.032,66.57,4,3,13.43,0.2032,0.762,2.54,1.6002,1.3462,2.3368,3.175,1,3,3,300,1,1,3,1.016,0,2.7178,2.2606,66.57,80.01,3,4,2.3368,1.3462,-1,-13.44,-0.9906,5.5118,27.75739154,94.32739154,205.6726085,3.910314609,0,0.685575362,54.42868029,69.57,2.2606,2.7178,1.7272,2.032,8.923538468,10.72829906,6.817984447,8.021158173,2.3368,9.224331899,94.32739154,148.037414,77.57296807,10.72829906,8.021158173,53.7100225,2
B00433,B00433_R2,429,Green_4,Gate_4,2,3,0.2032,1.6002,80.01,0.762,2.032,66.57,4,3,13.43,1.6764,0.7112,0.2032,1.9812,2.8702,3.2512,3.2512,2,3,3,300,1,2,3,2.032,2.032,1.7272,1.7272,66.57,80.01,3,4,3.2512,2.8702,-1,-13.44,-0.381,6.5024,31.66770615,98.23770615,201.7622938,0,0,0.672540979,46.13681102,69.57,1.7272,1.7272,2.2606,2.7559,6.817984447,6.817984447,8.923538468,10.87869577,3.2512,12.83385308,98.23770615,146.5334469,65.84202424,6.817984447,10.87869577,48.29574073,1
B00433,B00433_R2,431,Gate_1,Purple_4,3,3,0.2032,1.6002,80.01,0.762,2.032,66.57,4,3,13.43,0.2032,0.762,0.762,2.032,1.3462,2.3368,2.3368,1,3,3,300,1,3,3,1.016,0,2.794,2.3368,66.57,80.01,3,4,2.3368,1.3462,-1,-13.44,-0.9906,4.6736,24.4486638,91.0186638,208.9813362,7.219042356,0,0.696604454,64.19034577,69.57,2.3368,2.794,1.7272,2.4511,9.224331899,11.02909249,6.817984447,9.675522046,2.3368,9.224331899,91.0186638,148.037414,81.48328267,11.02909249,9.675522046,57.01875025,0
B00434,B00434_R1,428,Green_3,Gate_3,1,3,0.2032,1.6002,69.15,0.762,2.032,75.95,3,3,-6.8,2.286,0.2032,0.2032,1.6002,3.4798,3.8608,3.4798,2,3,3,300,0,1,3,2.1463,1.651,1.8415,1.3462,69.15,75.95,3,3,3.4798,3.8608,0,-6.8,0.381,6.9596,33.47246674,102.6224667,197.3775333,0,0,0.657925111,43.10592563,72.15,1.3462,1.8415,2.6416,2.6416,5.31401729,7.269174594,10.42750563,10.42750563,3.4798,13.73623337,102.6224667,145.8047191,61.02932933,7.269174594,10.42750563,43.1822524,2
B00434,B00434_R1,434,Gate_1,Orange_2,2,3,0.2032,1.6002,69.15,0.762,2.032,75.95,3,3,-6.8,0.2032,0.762,1.9812,2.54,1.3462,2.3368,3.556,1,3,3,300,0,2,3,2.9083,2.6416,2.0701,1.4986,69.15,75.95,3,3,1.3462,2.3368,0,-6.8,0.9906,4.9022,25.35104409,94.50104409,205.4989559,8.12142265,0,0.68499652,61.19701359,72.15,1.4986,2.0701,1.3462,2.4511,5.915604153,8.171554889,5.31401729,9.675522046,1.3462,5.31401729,94.50104409,149.1134469,70.95551257,8.171554889,9.675522046,54.61240279,1
B00434,B00434_R1,419,Orange_7,Orange_5,3,3,0.2032,1.6002,69.15,0.762,2.032,75.95,3,3,-6.8,2.54,1.6002,1.9812,2.032,2.3368,2.7178,1.4986,3,3,3,300,0,3,3,2.413,1.651,3.0988,2.6416,69.15,75.95,3,3,2.3368,2.7178,0,-6.8,0.381,3.8354,21.13993605,90.28993605,209.7100639,12.33253069,0,0.699033546,78.21869948,72.15,2.6416,3.0988,1.4986,1.9177,10.42750563,12.23226621,5.915604153,7.569968026,2.3368,9.224331899,90.28993605,145.8047191,83.28804326,12.23226621,7.569968026,55.51478309,0
B00435,B00435_R2,429,Green_4,Gate_4,1,3,1.9812,2.032,87.01,0.762,2.032,66.13,4,3,20.87,1.6764,0.7112,0.2032,1.9812,3.2512,3.2512,3.2512,2,3,3,300,1,1,3,2.6416,2.032,1.4224,1.1176,66.13,87.01,3,4,3.2512,3.2512,-1,-20.88,0,6.5024,31.66770615,97.79770615,202.2022938,0,0,0.674007646,46.13681102,69.13,1.1176,1.4224,3.2512,3.2512,4.411636995,5.614810721,12.83385308,12.83385308,3.2512,12.83385308,97.79770615,130.2516595,43.68357478,5.614810721,12.83385308,32.45395334,2
B00435,B00435_R2,435,Purple_4,Purple_2,2,3,1.9812,2.032,87.01,0.762,2.032,66.13,4,3,20.87,0.762,2.032,0.762,2.54,1.7272,0,0.508,3,3,3,300,1,2,3,2.794,2.3368,2.794,2.3368,66.13,87.01,3,4,0,1.7272,-1,-20.88,1.7272,0.508,8.005289543,74.13528954,225.8647105,23.66241661,0,0.752882368,590.5511811,69.13,2.3368,2.794,0,0.5588,9.224331899,11.02909249,0,2.205818498,0,0,74.13528954,130.2516595,78.17455493,11.02909249,2.205818498,56.11636995,1
B00435,B00435_R2,431,Gate_1,Purple_4,3,3,1.9812,2.032,87.01,0.762,2.032,66.13,4,3,20.87,0.2032,0.762,0.762,2.032,3.556,2.3368,2.3368,1,3,3,300,1,3,3,2.1844,2.032,1.6256,0,66.13,87.01,3,4,2.3368,3.556,-1,-20.88,1.2192,4.6736,24.4486638,90.5786638,209.4213362,7.219042356,0,0.698071121,64.19034577,69.13,0,1.6256,1.7272,2.032,0,6.416926539,6.817984447,8.021158173,2.3368,9.224331899,90.5786638,127.845312,52.50684877,6.416926539,8.021158173,37.26664825,0
B00436,B00436_R2,431,Gate_1,Purple_4,1,3,1.9812,2.032,79.52,0.762,2.032,65.5,3,3,14.01,0.2032,0.762,0.762,2.032,3.556,2.3368,2.3368,1,3,3,300,1,1,3,1.6129,0.889,0.9779,0,65.5,79.52,3,3,2.3368,3.556,0,-14.02,1.2192,4.6736,24.4486638,89.9486638,210.0513362,1.804760589,0,0.700171121,64.19034577,68.5,0,0.9779,2.3368,2.9464,0,3.860182371,9.224331899,11.63067935,2.3368,9.224331899,89.9486638,124.2073777,41.97907867,3.860182371,11.63067935,34.25871393,2
B00436,B00436_R2,435,Purple_4,Purple_2,2,3,1.9812,2.032,79.52,0.762,2.032,65.5,3,3,14.01,0.762,2.032,0.762,2.54,1.7272,0,0.508,3,3,3,300,1,2,3,2.1463,1.9558,2.1463,1.9558,65.5,79.52,3,3,0,1.7272,0,-14.02,1.7272,0.508,8.005289543,73.50528954,226.4947105,18.24813484,0,0.754982368,590.5511811,68.5,1.9558,2.1463,0,0.8636,7.720364742,8.47234832,0,3.408992224,0,0,73.50528954,124.2073777,67.64678483,8.47234832,3.408992224,50.70208819,1
B00436,B00436_R2,436,Gate_2,Orange_2,3,3,1.9812,2.032,79.52,0.762,2.032,65.5,3,3,14.01,0.2032,1.143,1.9812,2.54,3.175,1.9558,3.175,1,3,3,300,1,3,3,1.4224,0.889,2.6416,1.7272,65.5,79.52,3,3,1.9558,3.175,0,-14.02,1.2192,5.1308,26.25342439,91.75342439,208.2465756,0,0,0.694155252,58.47041397,68.5,1.7272,2.6416,1.9558,1.9558,6.817984447,10.42750563,7.720364742,7.720364742,1.9558,7.720364742,91.75342439,124.2073777,53.30896459,10.42750563,7.720364742,32.45395334,0
B00437,B00437_R1,437,Purple_1,Gate_4,1,3,1.9812,2.032,62.72,1.9812,2.54,73.17,3,4,-10.46,0.4572,2.54,0.2032,1.9812,2.032,2.032,0.8128,2,3,3,300,0,1,3,2.5273,2.032,2.2225,1.7272,62.72,73.17,3,4,2.032,2.032,-1,-10.45,0,2.8448,17.22962144,79.94962144,220.0503786,16.84443216,0,0.733501262,105.4555681,65.72,1.7272,2.2225,2.032,2.032,6.817984447,8.773141752,8.021158173,8.021158173,2.032,8.021158173,79.94962144,131.8548834,69.45154542,8.773141752,8.021158173,51.90526191,2
B00437,B00437_R1,434,Gate_1,Orange_2,2,3,1.9812,2.032,62.72,1.9812,2.54,73.17,3,4,-10.46,0.2032,0.762,1.9812,2.54,3.556,3.556,3.556,1,3,3,300,0,2,3,2.6035,2.032,1.7653,1.4986,62.72,73.17,3,4,3.556,3.556,-1,-10.45,0,7.112,34.07405361,96.79405361,203.2059464,0,0,0.677353155,42.18222722,65.72,1.4986,1.7653,1.7272,2.6416,5.915604153,6.968381163,6.817984447,10.42750563,3.556,14.0370268,96.79405361,124.635841,48.99759207,6.968381163,10.42750563,27.84178739,1
B00437,B00437_R1,419,Orange_7,Orange_5,3,3,1.9812,2.032,62.72,1.9812,2.54,73.17,3,4,-10.46,2.54,1.6002,1.9812,2.032,1.4986,1.4986,1.4986,3,3,3,300,0,3,3,3.0988,3.0226,2.794,2.032,62.72,73.17,3,4,1.4986,1.4986,-1,-10.45,0,2.9972,17.83120831,80.55120831,219.4487917,16.2428453,0,0.731495972,100.0934205,65.72,2.032,2.794,1.4986,2.1082,8.021158173,11.02909249,5.915604153,8.321951605,1.4986,5.915604153,80.55120831,131.8548834,73.36186002,11.02909249,8.321951605,51.30367505,0
B00438,B00438_R2,435,Purple_4,Purple_2,1,3,1.9812,2.032,58.61,1.9812,2.54,57.5,3,3,1.11,0.762,2.032,0.762,2.54,1.7272,1.7272,0.508,3,3,3,300,1,1,3,1.2319,0.508,0.9779,0,57.5,58.61,3,3,1.7272,1.7272,0,-1.11,0,2.2352,14.82327399,72.32327399,227.676726,16.2428453,0,0.75892242,134.2161775,60.5,0,0.9779,1.4986,1.6129,0,3.860182371,5.915604153,6.3667943,1.7272,6.817984447,72.32327399,121.2206016,57.52007263,3.860182371,6.3667943,48.8973276,2
B00438,B00438_R2,438,Purple_2,Gate_3,2,3,1.9812,2.032,58.61,1.9812,2.54,57.5,3,3,1.11,0.762,2.54,0.2032,1.6002,1.7272,1.7272,1.4986,2,3,3,300,1,2,3,1.2319,0.508,1.2319,0.9652,57.5,58.61,3,3,1.7272,1.7272,0,-1.11,0,3.2258,18.7335886,76.2335886,223.7664114,12.33253069,0,0.745888038,93.000186,60.5,0.9652,1.2319,0,0.8636,3.810050132,4.862827142,0,3.408992224,1.7272,6.817984447,76.2335886,115.3049974,55.61504757,4.862827142,3.408992224,39.07140883,1
B00438,B00438_R2,436,Gate_2,Orange_2,3,3,1.9812,2.032,58.61,1.9812,2.54,57.5,3,3,1.11,0.2032,1.143,1.9812,2.54,3.175,3.175,3.175,1,3,3,300,1,3,3,1.9558,1.9558,1.7272,1.7272,57.5,58.61,3,3,3.175,3.175,0,-1.11,0,6.35,31.06611929,88.56611929,211.4338807,0,0,0.704779602,47.24409449,60.5,1.7272,1.7272,0.9652,1.4605,6.817984447,6.817984447,3.810050132,5.765207437,3.175,12.53305965,88.56611929,113.3999724,47.19283148,6.817984447,5.765207437,24.83385308,0
B00439,B00439_R1,439,Yellow_1,Yellow_4,1,3,1.9812,2.032,53.77,1.9812,2.54,55.69,3,4,-1.91,0.4572,0.2032,0.762,0.7112,3.8608,3.8608,0.8128,3,3,3,300,0,1,3,2.1463,0.8128,2.1463,1.1176,53.77,55.69,3,4,3.8608,3.8608,-1,-1.92,0,4.6736,24.4486638,78.2186638,221.7813362,9.625389808,0,0.739271121,64.19034577,56.77,1.1176,2.1463,3.8608,3.8608,4.411636995,8.47234832,15.24020053,15.24020053,3.8608,15.24020053,78.2186638,130.1239257,68.84995855,8.47234832,15.24020053,51.90526191,2
B00439,B00439_R1,434,Gate_1,Orange_2,2,3,1.9812,2.032,53.77,1.9812,2.54,55.69,3,4,-1.91,0.2032,0.762,1.9812,2.54,3.556,3.556,3.556,1,3,3,300,0,2,3,1.9939,0.8128,2.6797,1.4986,53.77,55.69,3,4,3.556,3.556,-1,-1.92,0,7.112,34.07405361,87.84405361,212.1559464,0,0,0.707186488,42.18222722,56.77,1.4986,2.6797,1.1176,2.3368,5.915604153,10.57790234,4.411636995,9.224331899,3.556,14.0370268,87.84405361,120.4985359,63.43567679,10.57790234,9.224331899,32.6544823,1
B00439,B00439_R1,419,Orange_7,Orange_5,3,3,1.9812,2.032,53.77,1.9812,2.54,55.69,3,4,-1.91,2.54,1.6002,1.9812,2.032,1.4986,1.4986,1.4986,3,3,3,300,0,3,3,3.3274,3.175,3.7084,3.556,53.77,55.69,3,4,1.4986,1.4986,-1,-1.92,0,2.9972,17.83120831,71.60120831,228.3987917,16.2428453,0,0.761329306,100.0934205,56.77,3.556,3.7084,1.4986,2.3368,14.0370268,14.63861367,5.915604153,9.224331899,1.4986,5.915604153,71.60120831,130.1239257,87.79994474,14.63861367,9.224331899,58.5227174,0
B00440,B00440_R2,438,Purple_2,Gate_3,1,3,1.9812,2.032,62.23,1.9812,2.54,43.62,3,3,18.61,0.762,2.54,0.2032,1.6002,1.7272,1.7272,1.4986,2,3,3,300,1,1,3,0.9779,0,1.2319,0.9652,43.62,62.23,3,3,1.7272,1.7272,0,-18.61,0,3.2258,18.7335886,62.3535886,237.6464114,12.33253069,0,0.792154705,93.000186,46.62,0.9652,1.2319,1.1176,1.4224,3.810050132,4.862827142,4.411636995,5.614810721,1.7272,6.817984447,62.3535886,108.2429819,58.02139502,4.862827142,5.614810721,45.88939328,2
B00440,B00440_R2,440,Purple_2,Gate_4,2,3,1.9812,2.032,62.23,1.9812,2.54,43.62,3,3,18.61,0.762,2.54,0.2032,1.9812,1.7272,1.7272,1.1176,2,3,3,300,1,2,3,0.9779,0,1.2319,1.1176,43.62,62.23,3,3,1.7272,1.7272,0,-18.61,0,2.8448,17.22962144,60.84962144,239.1503786,13.83649785,0,0.797167929,105.4555681,46.62,1.1176,1.2319,1.4986,1.6129,4.411636995,4.862827142,5.915604153,6.3667943,1.7272,6.817984447,60.84962144,109.746949,59.52536218,4.862827142,6.3667943,48.8973276,1
B00440,B00440_R2,436,Gate_2,Orange_2,3,3,1.9812,2.032,62.23,1.9812,2.54,43.62,3,3,18.61,0.2032,1.143,1.9812,2.54,3.175,3.175,3.175,1,3,3,300,1,3,3,1.9558,1.9558,1.7272,1.7272,43.62,62.23,3,3,3.175,3.175,0,-18.61,0,6.35,31.06611929,74.68611929,225.3138807,0,0,0.751046269,47.24409449,46.62,1.7272,1.7272,0.9652,1.1557,6.817984447,6.817984447,3.810050132,4.562033711,3.175,12.53305965,74.68611929,101.9263198,49.59917894,6.817984447,4.562033711,27.24020053,0
B00441,B00441_R1,434,Gate_1,Orange_2,1,3,1.9812,2.032,51.29,1.9812,2.54,58.06,3,4,-6.77,0.2032,0.762,1.9812,2.54,3.556,3.556,3.556,1,3,3,300,0,1,3,3.0607,2.9464,1.9177,1.4986,51.29,58.06,3,4,3.556,3.556,-1,-6.77,0,7.112,34.07405361,85.36405361,214.6359464,0,0,0.715453155,42.18222722,54.29,1.4986,1.9177,1.3462,2.4511,5.915604153,7.569968026,5.31401729,9.675522046,3.556,14.0370268,85.36405361,122.2296439,60.7285359,7.569968026,9.675522046,36.86559034,2
B00441,B00441_R1,419,Orange_7,Orange_5,2,3,1.9812,2.032,51.29,1.9812,2.54,58.06,3,4,-6.77,2.54,1.6002,1.9812,2.032,1.4986,1.4986,1.4986,3,3,3,300,0,2,3,2.2606,1.3462,2.9464,2.3368,51.29,58.06,3,4,1.4986,1.4986,-1,-6.77,0,2.9972,17.83120831,69.12120831,230.8787917,16.2428453,0,0.769595972,100.0934205,54.29,2.3368,2.9464,1.4986,1.9177,9.224331899,11.63067935,5.915604153,7.569968026,1.4986,5.915604153,69.12120831,130.9526535,85.09280385,11.63067935,7.569968026,61.83144515,1
B00441,B00441_R1,441,Green_6,Gate_3,3,3,1.9812,2.032,51.29,1.9812,2.54,58.06,3,4,-6.77,2.54,0.762,0.2032,1.6002,2.3368,2.3368,3.175,2,3,3,300,0,3,3,2.1463,1.3462,1.8415,1.3462,51.29,58.06,3,4,2.3368,2.3368,-1,-6.77,0,5.5118,27.75739154,79.04739154,220.9526085,6.316662061,0,0.736508695,54.42868029,54.29,1.3462,1.8415,2.3368,2.3368,5.31401729,7.269174594,9.224331899,9.224331899,2.3368,9.224331899,79.04739154,130.9526535,66.4436111,7.269174594,9.224331899,51.90526191,0
B00442,B00442_R2,436,Gate_2,Orange_2,1,3,0.2032,1.6002,72.68,1.9812,2.54,52.81,3,3,19.87,0.2032,1.143,1.9812,2.54,0.9652,3.175,3.175,1,3,3,300,1,1,3,2.3368,1.9558,2.032,1.7272,52.81,72.68,3,3,3.175,0.9652,0,-19.87,-2.2098,6.35,31.06611929,83.87611929,216.1238807,0,0,0.720412936,47.24409449,55.81,1.7272,2.032,0.9652,1.1557,6.817984447,8.021158173,3.810050132,4.562033711,3.175,12.53305965,83.87611929,120.1401228,61.02932933,8.021158173,4.562033711,36.26400347,2
B00442,B00442_R2,442,Green_6,Gate_3,2,3,0.2032,1.6002,72.68,1.9812,2.54,52.81,3,3,19.87,2.54,0.762,0.2032,1.6002,3.175,2.3368,3.175,2,3,3,300,1,2,3,3.1369,2.7178,1.2319,0.9652,52.81,72.68,3,3,2.3368,3.175,0,-19.87,0.8382,5.5118,27.75739154,80.56739154,219.4326085,3.308727746,0,0.731442028,54.42868029,55.81,0.9652,1.2319,2.3368,2.9464,3.810050132,4.862827142,9.224331899,11.63067935,2.3368,9.224331899,80.56739154,128.8631323,58.02139502,4.862827142,11.63067935,48.29574073,1
B00442,B00442_R2,440,Purple_2,Gate_4,3,3,0.2032,1.6002,72.68,1.9812,2.54,52.81,3,3,19.87,0.762,2.54,0.2032,1.9812,1.4986,1.7272,1.1176,2,3,3,300,1,3,3,2.7559,1.9558,2.4511,1.3462,52.81,72.68,3,3,1.7272,1.4986,0,-19.87,-0.2286,2.8448,17.22962144,70.03962144,229.9603786,13.83649785,0,0.766534595,105.4555681,55.81,1.3462,2.4511,1.4986,1.6129,5.31401729,9.675522046,5.915604153,6.3667943,1.7272,6.817984447,70.03962144,127.960752,78.17455493,9.675522046,6.3667943,57.92113054,0
B00443,B00443_R1,443,Green_6,Orange_6,1,3,0.2032,1.6002,65.19,0.2032,1.9812,75.66,3,4,-10.48,2.54,0.762,2.54,1.9812,3.175,3.556,1.7272,3,3,3,300,0,1,3,0.6731,0,1.3081,0.889,65.19,75.66,3,4,3.175,3.556,-1,-10.47,0.381,4.9022,25.35104409,90.54104409,209.4589559,5.715075198,0,0.69819652,61.19701359,68.19,0.889,1.3081,2.3368,2.7559,3.509256701,5.163620574,9.224331899,10.87869577,3.175,12.53305965,90.54104409,139.4383717,62.53329649,5.163620574,10.87869577,48.8973276,2
B00443,B00443_R1,419,Orange_7,Orange_5,2,3,0.2032,1.6002,65.19,0.2032,1.9812,75.66,3,4,-10.48,2.54,1.6002,1.9812,2.032,2.3368,2.7178,1.4986,3,3,3,300,0,2,3,1.3462,1.3462,2.3368,2.3368,65.19,75.66,3,4,2.3368,2.7178,-1,-10.47,0.381,3.8354,21.13993605,86.32993605,213.6700639,9.926183239,0,0.712233546,78.21869948,68.19,2.3368,2.3368,0.889,1.6129,9.224331899,9.224331899,3.509256701,6.3667943,2.3368,9.224331899,86.32993605,137.0320242,74.86582718,9.224331899,6.3667943,50.70208819,1
B00443,B00443_R1,441,Green_6,Gate_3,3,3,0.2032,1.6002,65.19,0.2032,1.9812,75.66,3,4,-10.48,2.54,0.762,0.2032,1.6002,3.175,3.556,3.175,2,3,3,300,0,3,3,0.6731,0,2.7559,2.3368,65.19,75.66,3,4,3.175,3.556,-1,-10.47,0.381,6.35,31.06611929,96.25611929,203.7438807,0,0,0.679146269,47.24409449,68.19,2.3368,2.7559,1.7272,2.032,9.224331899,10.87869577,6.817984447,8.021158173,3.175,12.53305965,96.25611929,137.0320242,68.24837169,10.87869577,8.021158173,40.77590495,0
B00444,B00444_R2,442,Green_6,Gate_3,1,3,0.2032,1.6002,68.02,0.2032,1.9812,66.75,3,3,1.28,2.54,0.762,0.2032,1.6002,3.175,3.556,3.175,2,3,3,300,1,1,3,3.556,3.556,1.4986,1.4986,66.75,68.02,3,3,3.556,3.175,0,-1.27,-0.381,6.731,32.57008645,99.32008645,200.6799136,0,0,0.668933045,44.56990046,69.75,1.4986,1.4986,3.556,3.556,5.915604153,5.915604153,14.0370268,14.0370268,3.556,14.0370268,99.32008645,128.9666344,41.47775629,5.915604153,14.0370268,29.64654798,2
B00444,B00444_R2,440,Purple_2,Gate_4,2,3,0.2032,1.6002,68.02,0.2032,1.9812,66.75,3,3,1.28,0.762,2.54,0.2032,1.9812,1.4986,1.1176,1.1176,2,3,3,300,1,2,3,1.778,0,2.3368,1.1176,66.75,68.02,3,3,1.1176,1.4986,0,-1.27,0.381,2.2352,14.82327399,81.57327399,218.426726,17.74681246,0,0.728089087,134.2161775,69.75,1.1176,2.3368,1.1176,1.3081,4.411636995,9.224331899,4.411636995,5.163620574,1.1176,4.411636995,81.57327399,128.9666344,65.84202424,9.224331899,5.163620574,47.39336044,1
B00444,B00444_R2,444,Purple_2,Gate_4,3,3,0.2032,1.6002,68.02,0.2032,1.9812,66.75,3,3,1.28,0.762,2.54,0.2032,1.9812,1.4986,1.1176,1.1176,2,3,3,300,1,3,3,1.778,0,2.3368,1.1176,66.75,68.02,3,3,1.1176,1.4986,0,-1.27,0.381,2.2352,14.82327399,81.57327399,218.426726,17.74681246,0,0.728089087,134.2161775,69.75,1.1176,2.3368,1.1176,1.3081,4.411636995,9.224331899,4.411636995,5.163620574,1.1176,4.411636995,81.57327399,128.9666344,65.84202424,9.224331899,5.163620574,47.39336044,0