batch_id,group_id,task_id,batch_position,batch_size,r1_next_x,r1_next_y,r1_tuf,r2_next_x,r2_next_y,r2_tuf,r1_queue_length,r2_queue_length,tuf_difference,task_pl_x,task_pl_y,task_dl_x,task_dl_y,r1_dist_to_pickup,r2_dist_to_pickup,task_dist_to_dropoff,task_type,deadline,assigned_robot,sequence_rank
B00001,B00001_R2,1,1,10,1.3716,0.2032,0,1.3716,2.54,0,0,0,0,1.9812,0.7112,0.2032,1.6002,1.1176,2.9464,3.175,2,300,1,4
B00001,B00001_R2,2,2,10,1.3716,0.2032,0,1.3716,2.54,0,0,0,0,1.0668,0.7112,0.2032,1.9812,0.8128,2.6416,2.6416,2,300,1,5
B00001,B00001_R1,3,3,10,1.3716,0.2032,0,1.3716,2.54,0,0,0,0,2.54,1.6002,0.2032,1.9812,2.5654,2.1082,2.7178,2,300,0,3
B00001,B00001_R1,4,4,10,1.3716,0.2032,0,1.3716,2.54,0,0,0,0,0.4572,0.2032,0.2032,1.9812,1.4224,3.2512,2.032,2,300,0,4
B00001,B00001_R2,5,5,10,1.3716,0.2032,0,1.3716,2.54,0,0,0,0,2.54,0.762,1.6764,0.2032,1.7272,2.9464,1.4224,3,300,1,3
B00001,B00001_R1,6,6,10,1.3716,0.2032,0,1.3716,2.54,0,0,0,0,1.0668,0.7112,0.2032,1.6002,0.8128,2.6416,2.2606,2,300,0,1
B00001,B00001_R2,7,7,10,1.3716,0.2032,0,1.3716,2.54,0,0,0,0,2.286,2.54,0.2032,1.9812,3.2512,1.4224,2.6416,2,300,1,1
B00001,B00001_R2,8,8,10,1.3716,0.2032,0,1.3716,2.54,0,0,0,0,0.2032,1.143,1.6764,0.2032,2.1082,2.5654,2.413,1,300,1,2
B00001,B00001_R1,9,9,10,1.3716,0.2032,0,1.3716,2.54,0,0,0,0,0.2032,1.143,1.6764,2.54,2.1082,2.5654,2.8702,1,300,0,2
B00001,B00001_R1,10,10,10,1.3716,0.2032,0,1.3716,2.54,0,0,0,0,0.2032,0.762,1.0668,2.032,1.7272,2.9464,2.6416,1,300,0,5
B00002,B00002_R1,11,1,10,1.0668,2.032,34.27,0.2032,1.9812,40.88,2,2,-6.61,2.54,1.143,2.54,0.762,2.8702,3.175,0.889,3,300,0,3
B00002,B00002_R2,12,2,10,1.0668,2.032,34.27,0.2032,1.9812,40.88,2,2,-6.61,1.6764,0.2032,0.2032,1.9812,2.9464,3.2512,3.2512,2,300,1,5
B00002,B00002_R2,13,3,10,1.0668,2.032,34.27,0.2032,1.9812,40.88,2,2,-6.61,0.2032,0.762,1.9812,0.2032,2.6416,1.7272,2.3368,1,300,1,4
B00002,B00002_R1,14,4,10,1.0668,2.032,34.27,0.2032,1.9812,40.88,2,2,-6.61,1.9812,2.032,0.2032,1.9812,1.4224,2.3368,2.3368,2,300,0,1
B00002,B00002_R2,15,5,10,1.0668,2.032,34.27,0.2032,1.9812,40.88,2,2,-6.61,0.762,2.54,0.2032,1.6002,0.8128,1.1176,1.4986,2,300,1,1
B00002,B00002_R2,16,6,10,1.0668,2.032,34.27,0.2032,1.9812,40.88,2,2,-6.61,1.6764,2.032,0.2032,1.6002,1.1176,2.032,2.413,2,300,1,3
B00002,B00002_R1,17,7,10,1.0668,2.032,34.27,0.2032,1.9812,40.88,2,2,-6.61,1.6764,0.7112,0.2032,1.9812,2.9464,3.2512,3.2512,2,300,0,4
B00002,B00002_R2,18,8,10,1.0668,2.032,34.27,0.2032,1.9812,40.88,2,2,-6.61,0.2032,1.143,2.54,1.6002,2.2606,1.3462,2.794,1,300,1,2
B00002,B00002_R1,19,9,10,1.0668,2.032,34.27,0.2032,1.9812,40.88,2,2,-6.61,1.0668,0.7112,2.54,1.143,2.9464,2.6416,2.413,3,300,0,2
B00002,B00002_R1,20,10,10,1.0668,2.032,34.27,0.2032,1.9812,40.88,2,2,-6.61,0.2032,0.762,2.286,2.54,2.6416,1.7272,3.8608,1,300,0,5
B00003,B00003_R2,21,1,9,2.286,2.54,0,0.2032,1.9812,0,0,0,0,0.762,2.032,0.2032,1.9812,2.032,1.1176,1.1176,2,300,1,4
B00003,B00003_R2,22,2,9,2.286,2.54,0,0.2032,1.9812,0,0,0,0,0.762,0.2032,1.6764,2.032,3.8608,2.3368,3.2512,3,300,1,1
B00003,B00003_R2,23,3,9,2.286,2.54,0,0.2032,1.9812,0,0,0,0,0.4572,2.54,0.762,0.7112,2.3368,0.8128,2.6416,3,300,1,2
B00003,B00003_R1,24,4,9,2.286,2.54,0,0.2032,1.9812,0,0,0,0,1.9812,0.7112,0.2032,1.9812,2.6416,3.556,3.556,2,300,0,1
B00003,B00003_R2,25,5,9,2.286,2.54,0,0.2032,1.9812,0,0,0,0,0.2032,0.762,0.762,2.54,3.8608,1.7272,2.3368,1,300,1,3
B00003,B00003_R1,26,6,9,2.286,2.54,0,0.2032,1.9812,0,0,0,0,0.2032,1.143,1.9812,2.032,3.4798,1.3462,3.175,1,300,0,4
B00003,B00003_R1,27,7,9,2.286,2.54,0,0.2032,1.9812,0,0,0,0,0.4572,0.2032,0.2032,1.9812,4.1656,2.032,2.032,2,300,0,2
B00003,B00003_R2,28,8,9,2.286,2.54,0,0.2032,1.9812,0,0,0,0,0.2032,1.143,1.9812,2.032,3.4798,1.3462,3.175,1,300,1,5
B00003,B00003_R1,29,9,9,2.286,2.54,0,0.2032,1.9812,0,0,0,0,0.2032,0.762,2.54,1.6002,3.8608,1.7272,3.175,1,300,0,3
B00004,B00004_R1,30,1,10,1.9812,2.032,65.93,1.9812,2.032,69.34,3,4,-3.41,0.2032,1.143,1.6764,2.032,3.175,3.175,2.8702,1,300,0,5
B00004,B00004_R2,31,2,10,1.9812,2.032,65.93,1.9812,2.032,69.34,3,4,-3.41,0.2032,0.762,0.762,2.54,3.556,3.556,2.3368,1,300,1,4
B00004,B00004_R1,32,3,10,1.9812,2.032,65.93,1.9812,2.032,69.34,3,4,-3.41,1.9812,0.2032,0.2032,1.9812,2.9464,2.9464,3.556,2,300,0,4
B00004,B00004_R1,33,4,10,1.9812,2.032,65.93,1.9812,2.032,69.34,3,4,-3.41,0.2032,0.762,2.54,0.762,3.556,3.556,2.9464,1,300,0,3
B00004,B00004_R2,34,5,10,1.9812,2.032,65.93,1.9812,2.032,69.34,3,4,-3.41,0.762,2.032,1.6764,2.54,1.7272,1.7272,1.4224,3,300,1,5
B00004,B00004_R1,35,6,10,1.9812,2.032,65.93,1.9812,2.032,69.34,3,4,-3.41,0.4572,2.54,0.2032,1.6002,2.032,2.032,1.1938,2,300,0,2
B00004,B00004_R2,36,7,10,1.9812,2.032,65.93,1.9812,2.032,69.34,3,4,-3.41,0.2032,1.143,1.0668,2.032,3.175,3.175,2.2606,1,300,1,1
B00004,B00004_R2,37,8,10,1.9812,2.032,65.93,1.9812,2.032,69.34,3,4,-3.41,1.6764,0.7112,0.2032,1.6002,3.2512,3.2512,2.8702,2,300,1,3
B00004,B00004_R2,38,9,10,1.9812,2.032,65.93,1.9812,2.032,69.34,3,4,-3.41,0.2032,1.143,2.54,0.762,3.175,3.175,2.7178,1,300,1,2
B00004,B00004_R1,39,10,10,1.9812,2.032,65.93,1.9812,2.032,69.34,3,4,-3.41,0.2032,0.762,0.762,2.54,3.556,3.556,2.3368,1,300,0,1
B00005,B00005_R1,40,1,9,1.6764,2.032,83.95,1.6764,2.54,110.21,4,5,-26.26,2.54,1.143,0.4572,2.54,2.2606,2.2606,3.4798,3,300,0,5
B00005,B00005_R1,41,2,9,1.6764,2.032,83.95,1.6764,2.54,110.21,4,5,-26.26,2.286,2.54,0.2032,1.6002,1.1176,1.1176,3.0226,2,300,0,1
B00005,B00005_R1,42,3,9,1.6764,2.032,83.95,1.6764,2.54,110.21,4,5,-26.26,0.2032,1.143,1.9812,0.2032,2.8702,2.8702,2.7178,1,300,0,4
B00005,B00005_R2,43,4,9,1.6764,2.032,83.95,1.6764,2.54,110.21,4,5,-26.26,1.6764,2.032,0.2032,1.6002,0,0.508,2.413,2,300,1,1
B00005,B00005_R2,44,5,9,1.6764,2.032,83.95,1.6764,2.54,110.21,4,5,-26.26,1.9812,2.54,0.2032,1.6002,0.8128,0.8128,2.7178,2,300,1,4
B00005,B00005_R1,45,6,9,1.6764,2.032,83.95,1.6764,2.54,110.21,4,5,-26.26,0.762,0.2032,1.6764,0.7112,3.2512,3.2512,1.4224,3,300,0,2
B00005,B00005_R1,46,7,9,1.6764,2.032,83.95,1.6764,2.54,110.21,4,5,-26.26,1.0668,0.2032,0.2032,1.6002,2.9464,2.9464,2.2606,2,300,0,3
B00005,B00005_R2,47,8,9,1.6764,2.032,83.95,1.6764,2.54,110.21,4,5,-26.26,2.54,1.143,0.762,2.032,2.2606,2.2606,3.175,3,300,1,3
B00005,B00005_R2,48,9,9,1.6764,2.032,83.95,1.6764,2.54,110.21,4,5,-26.26,0.2032,0.762,2.54,1.143,3.2512,3.2512,2.7178,1,300,1,2
B00006,B00006_R2,49,1,10,0.4572,2.54,121.54,0.2032,1.6002,107.49,6,6,14.05,0.2032,0.762,1.0668,0.7112,2.032,1.3462,1.4224,1,300,1,4
B00006,B00006_R2,50,2,10,0.4572,2.54,121.54,0.2032,1.6002,107.49,6,6,14.05,0.2032,1.143,2.54,0.762,1.651,0.9652,2.7178,1,300,1,3
B00006,B00006_R2,51,3,10,0.4572,2.54,121.54,0.2032,1.6002,107.49,6,6,14.05,0.762,2.54,1.6764,2.032,0.8128,1.4986,1.4224,3,300,1,6
B00006,B00006_R1,52,4,10,0.4572,2.54,121.54,0.2032,1.6002,107.49,6,6,14.05,2.54,1.143,1.0668,2.54,3.4798,2.794,2.8702,3,300,0,2
B00006,B00006_R2,53,5,10,0.4572,2.54,121.54,0.2032,1.6002,107.49,6,6,14.05,0.762,0.2032,0.2032,1.6002,2.6416,1.9558,1.9558,2,300,1,2
B00006,B00006_R2,54,6,10,0.4572,2.54,121.54,0.2032,1.6002,107.49,6,6,14.05,0.2032,0.762,0.762,2.54,2.032,1.3462,2.3368,1,300,1,5
B00006,B00006_R2,55,7,10,0.4572,2.54,121.54,0.2032,1.6002,107.49,6,6,14.05,0.2032,0.762,1.0668,0.7112,2.032,1.3462,1.4224,1,300,1,1
B00006,B00006_R1,56,8,10,0.4572,2.54,121.54,0.2032,1.6002,107.49,6,6,14.05,0.2032,1.143,2.54,1.6002,1.651,0.9652,2.794,1,300,0,1
B00006,B00006_R1,57,9,10,0.4572,2.54,121.54,0.2032,1.6002,107.49,6,6,14.05,0.2032,1.143,1.6764,0.2032,1.651,0.9652,2.413,1,300,0,3
B00006,B00006_R1,58,10,10,0.4572,2.54,121.54,0.2032,1.6002,107.49,6,6,14.05,0.2032,0.762,1.6764,2.032,2.032,1.3462,3.2512,1,300,0,4
B00007,B00007_R1,59,1,10,1.6764,2.032,148,1.6764,2.032,152.18,7,8,-4.18,0.2032,0.762,1.0668,0.7112,3.2512,3.2512,1.4224,1,300,0,5
B00007,B00007_R2,60,2,10,1.6764,2.032,148,1.6764,2.032,152.18,7,8,-4.18,0.2032,1.143,0.762,0.7112,2.8702,2.8702,1.4986,1,300,1,4
B00007,B00007_R1,61,3,10,1.6764,2.032,148,1.6764,2.032,152.18,7,8,-4.18,0.2032,1.143,0.4572,2.54,2.8702,2.8702,1.651,1,300,0,3
B00007,B00007_R2,62,4,10,1.6764,2.032,148,1.6764,2.032,152.18,7,8,-4.18,2.54,1.6002,0.2032,1.6002,1.8034,1.8034,2.3368,2,300,1,3
B00007,B00007_R2,63,5,10,1.6764,2.032,148,1.6764,2.032,152.18,7,8,-4.18,0.2032,1.143,1.6764,0.2032,2.8702,2.8702,2.413,1,300,1,2
B00007,B00007_R2,64,6,10,1.6764,2.032,148,1.6764,2.032,152.18,7,8,-4.18,0.2032,0.762,1.0668,0.2032,3.2512,3.2512,1.4224,1,300,1,5
B00007,B00007_R2,65,7,10,1.6764,2.032,148,1.6764,2.032,152.18,7,8,-4.18,2.286,2.54,0.2032,1.9812,1.1176,1.1176,2.6416,2,300,1,1
B00007,B00007_R1,66,8,10,1.6764,2.032,148,1.6764,2.032,152.18,7,8,-4.18,2.54,1.6002,0.2032,1.6002,1.8034,1.8034,2.3368,2,300,0,2
B00007,B00007_R1,67,9,10,1.6764,2.032,148,1.6764,2.032,152.18,7,8,-4.18,2.286,2.54,0.4572,0.2032,1.1176,1.1176,4.1656,3,300,0,4
B00007,B00007_R1,68,10,10,1.6764,2.032,148,1.6764,2.032,152.18,7,8,-4.18,1.6764,2.032,0.2032,1.9812,0,0,2.032,2,300,0,1
B00008,B00008_R2,69,1,10,1.0668,0.7112,215.53,1.0668,0.2032,221.42,10,12,-5.89,0.2032,0.762,1.6764,0.7112,1.4224,1.4224,2.032,1,300,1,5
B00008,B00008_R1,70,2,10,1.0668,0.7112,215.53,1.0668,0.2032,221.42,10,12,-5.89,0.2032,1.143,2.54,1.143,1.8034,1.8034,2.3368,1,300,0,3
B00008,B00008_R1,71,3,10,1.0668,0.7112,215.53,1.0668,0.2032,221.42,10,12,-5.89,1.9812,0.2032,0.2032,1.6002,1.4224,1.4224,3.175,2,300,0,2
B00008,B00008_R1,72,4,10,1.0668,0.7112,215.53,1.0668,0.2032,221.42,10,12,-5.89,0.2032,0.762,1.9812,0.2032,1.4224,1.4224,2.3368,1,300,0,1
B00008,B00008_R2,73,5,10,1.0668,0.7112,215.53,1.0668,0.2032,221.42,10,12,-5.89,0.2032,1.143,0.4572,0.2032,1.8034,1.8034,1.1938,1,300,1,4
B00008,B00008_R2,74,6,10,1.0668,0.7112,215.53,1.0668,0.2032,221.42,10,12,-5.89,2.286,0.2032,0.2032,1.9812,1.7272,1.7272,3.8608,2,300,1,2
B00008,B00008_R1,75,7,10,1.0668,0.7112,215.53,1.0668,0.2032,221.42,10,12,-5.89,1.9812,2.54,1.0668,2.032,3.2512,3.2512,1.4224,3,300,0,4
B00008,B00008_R1,76,8,10,1.0668,0.7112,215.53,1.0668,0.2032,221.42,10,12,-5.89,0.762,2.032,0.2032,1.9812,3.2512,3.2512,1.1176,2,300,0,5
B00008,B00008_R2,77,9,10,1.0668,0.7112,215.53,1.0668,0.2032,221.42,10,12,-5.89,0.2032,0.762,2.286,0.2032,1.4224,1.4224,2.6416,1,300,1,1
B00008,B00008_R2,78,10,10,1.0668,0.7112,215.53,1.0668,0.2032,221.42,10,12,-5.89,0.4572,2.54,0.2032,1.9812,2.9464,2.9464,0.8128,2,300,1,3
B00009,B00009_R2,79,1,10,0.2032,1.9812,265.6,1.6764,0.7112,273.51,13,15,-7.91,0.2032,0.762,2.286,2.54,1.7272,2.032,3.8608,1,300,1,5
B00009,B00009_R2,80,2,10,0.2032,1.9812,265.6,1.6764,0.7112,273.51,13,15,-7.91,0.2032,0.762,1.9812,2.54,1.7272,2.032,3.556,1,300,1,3
B00009,B00009_R2,81,3,10,0.2032,1.9812,265.6,1.6764,0.7112,273.51,13,15,-7.91,1.9812,2.54,0.2032,1.6002,2.3368,3.2512,2.7178,2,300,1,4
B00009,B00009_R1,82,4,10,0.2032,1.9812,265.6,1.6764,0.7112,273.51,13,15,-7.91,0.2032,0.762,1.9812,2.032,1.7272,2.032,3.556,1,300,0,5
B00009,B00009_R1,83,5,10,0.2032,1.9812,265.6,1.6764,0.7112,273.51,13,15,-7.91,0.4572,0.2032,0.2032,1.9812,2.032,1.7272,2.032,2,300,0,2
B00009,B00009_R2,84,6,10,0.2032,1.9812,265.6,1.6764,0.7112,273.51,13,15,-7.91,1.6764,0.7112,0.2032,1.9812,3.2512,0,3.2512,2,300,1,2
B00009,B00009_R1,85,7,10,0.2032,1.9812,265.6,1.6764,0.7112,273.51,13,15,-7.91,0.2032,1.143,1.0668,2.54,1.3462,2.413,2.2606,1,300,0,3
B00009,B00009_R1,86,8,10,0.2032,1.9812,265.6,1.6764,0.7112,273.51,13,15,-7.91,0.2032,1.143,1.0668,0.7112,1.3462,2.413,1.8034,1,300,0,1
B00009,B00009_R2,87,9,10,0.2032,1.9812,265.6,1.6764,0.7112,273.51,13,15,-7.91,1.9812,0.7112,2.286,0.2032,3.556,0.8128,0.8128,3,300,1,1
B00009,B00009_R1,88,10,10,0.2032,1.9812,265.6,1.6764,0.7112,273.51,13,15,-7.91,0.2032,1.143,2.54,1.9812,1.3462,2.413,3.175,1,300,0,4
B00010,B00010_R2,89,1,9,1.9812,2.032,339.64,2.286,2.54,348.06,16,18,-8.42,0.2032,0.762,2.54,1.9812,3.556,3.8608,3.556,1,300,1,4
B00010,B00010_R1,90,2,9,1.9812,2.032,339.64,2.286,2.54,348.06,16,18,-8.42,1.0668,0.2032,0.2032,1.6002,3.2512,3.556,2.2606,2,300,0,3
B00010,B00010_R2,91,3,9,1.9812,2.032,339.64,2.286,2.54,348.06,16,18,-8.42,1.0668,2.032,1.0668,0.7112,1.4224,1.7272,2.9464,3,300,1,1
B00010,B00010_R1,92,4,9,1.9812,2.032,339.64,2.286,2.54,348.06,16,18,-8.42,0.762,2.032,0.2032,1.6002,1.7272,2.032,1.4986,2,300,0,1
B00010,B00010_R1,93,5,9,1.9812,2.032,339.64,2.286,2.54,348.06,16,18,-8.42,0.2032,0.762,1.6764,0.7112,3.556,3.8608,2.032,1,300,0,2
B00010,B00010_R1,94,6,9,1.9812,2.032,339.64,2.286,2.54,348.06,16,18,-8.42,0.762,0.7112,0.2032,1.9812,3.556,3.8608,2.3368,2,300,0,5
B00010,B00010_R2,95,7,9,1.9812,2.032,339.64,2.286,2.54,348.06,16,18,-8.42,1.0668,0.7112,1.9812,0.7112,3.2512,3.556,1.4224,3,300,1,2
B00010,B00010_R1,96,8,9,1.9812,2.032,339.64,2.286,2.54,348.06,16,18,-8.42,0.4572,0.2032,0.2032,1.9812,3.8608,4.1656,2.032,2,300,0,4
B00010,B00010_R2,97,9,9,1.9812,2.032,339.64,2.286,2.54,348.06,16,18,-8.42,2.286,0.2032,0.2032,1.6002,2.6416,2.3368,3.4798,2,300,1,3
B00011,B00011_R2,98,1,10,0.2032,1.9812,412.18,2.54,1.9812,388.32,20,20,23.86,1.9812,0.7112,1.6764,2.032,3.556,2.3368,3.2512,3,300,1,6
B00011,B00011_R2,99,2,10,0.2032,1.9812,412.18,2.54,1.9812,388.32,20,20,23.86,1.0668,2.54,0.2032,1.6002,1.4224,2.032,1.8034,2,300,1,2
B00011,B00011_R1,100,3,10,0.2032,1.9812,412.18,2.54,1.9812,388.32,20,20,23.86,0.762,0.7112,0.2032,1.9812,2.3368,3.556,2.3368,2,300,0,4
B00011,B00011_R2,101,4,10,0.2032,1.9812,412.18,2.54,1.9812,388.32,20,20,23.86,1.6764,0.7112,2.54,1.9812,3.2512,2.6416,2.6416,3,300,1,4
B00011,B00011_R2,102,5,10,0.2032,1.9812,412.18,2.54,1.9812,388.32,20,20,23.86,2.286,2.54,0.2032,1.6002,2.6416,0.8128,3.0226,2,300,1,5
B00011,B00011_R1,103,6,10,0.2032,1.9812,412.18,2.54,1.9812,388.32,20,20,23.86,0.2032,0.762,1.6764,2.032,1.7272,3.556,3.2512,1,300,0,1
B00011,B00011_R2,104,7,10,0.2032,1.9812,412.18,2.54,1.9812,388.32,20,20,23.86,2.54,1.9812,0.2032,1.9812,2.9464,0,2.9464,2,300,1,1
B00011,B00011_R1,105,8,10,0.2032,1.9812,412.18,2.54,1.9812,388.32,20,20,23.86,1.6764,2.54,0.762,0.2032,2.032,1.4224,3.2512,3,300,0,2
B00011,B00011_R2,106,9,10,0.2032,1.9812,412.18,2.54,1.9812,388.32,20,20,23.86,0.2032,0.762,1.6764,0.7112,1.7272,3.556,2.032,1,300,1,3
B00011,B00011_R1,107,10,10,0.2032,1.9812,412.18,2.54,1.9812,388.32,20,20,23.86,0.762,0.2032,0.2032,1.6002,2.3368,3.556,1.9558,2,300,0,3
B00012,B00012_R2,108,1,9,0.2032,1.9812,451.55,1.6764,2.032,493.94,22,25,-42.39,1.6764,2.032,0.2032,1.6002,2.032,0,2.413,2,300,1,1
B00012,B00012_R2,109,2,9,0.2032,1.9812,451.55,1.6764,2.032,493.94,22,25,-42.39,2.286,2.54,0.2032,1.6002,2.6416,1.1176,3.0226,2,300,1,3
B00012,B00012_R1,110,3,9,0.2032,1.9812,451.55,1.6764,2.032,493.94,22,25,-42.39,0.762,2.032,0.2032,1.9812,1.1176,1.4224,1.1176,2,300,0,1
B00012,B00012_R1,111,4,9,0.2032,1.9812,451.55,1.6764,2.032,493.94,22,25,-42.39,2.54,1.143,0.2032,1.9812,3.175,2.2606,3.175,2,300,0,6
B00012,B00012_R2,112,5,9,0.2032,1.9812,451.55,1.6764,2.032,493.94,22,25,-42.39,0.2032,1.143,1.9812,2.54,1.3462,2.8702,3.175,1,300,1,2
B00012,B00012_R1,113,6,9,0.2032,1.9812,451.55,1.6764,2.032,493.94,22,25,-42.39,1.0668,2.032,0.2032,1.6002,1.4224,1.1176,1.8034,2,300,0,2
B00012,B00012_R1,114,7,9,0.2032,1.9812,451.55,1.6764,2.032,493.94,22,25,-42.39,1.0668,0.2032,1.6764,0.7112,2.6416,2.9464,1.1176,3,300,0,4
B00012,B00012_R1,115,8,9,0.2032,1.9812,451.55,1.6764,2.032,493.94,22,25,-42.39,0.2032,0.762,1.9812,0.2032,1.7272,3.2512,2.3368,1,300,0,3
B00012,B00012_R1,116,9,9,0.2032,1.9812,451.55,1.6764,2.032,493.94,22,25,-42.39,0.762,0.7112,1.6764,0.7112,2.3368,3.2512,1.4224,3,300,0,5
B00013,B00013_R2,117,1,10,0.2032,1.9812,523.36,0.2032,1.6002,506.75,26,26,16.61,0.2032,1.143,1.0668,2.54,1.3462,0.9652,2.2606,1,300,1,3
B00013,B00013_R2,118,2,10,0.2032,1.9812,523.36,0.2032,1.6002,506.75,26,26,16.61,1.0668,2.032,0.2032,1.9812,1.4224,1.8034,1.4224,2,300,1,4
B00013,B00013_R1,119,3,10,0.2032,1.9812,523.36,0.2032,1.6002,506.75,26,26,16.61,0.2032,0.762,0.762,2.032,1.7272,1.3462,2.3368,1,300,0,1
B00013,B00013_R1,120,4,10,0.2032,1.9812,523.36,0.2032,1.6002,506.75,26,26,16.61,0.2032,0.762,1.6764,2.54,1.7272,1.3462,3.2512,1,300,0,4
B00013,B00013_R1,121,5,10,0.2032,1.9812,523.36,0.2032,1.6002,506.75,26,26,16.61,1.0668,2.032,2.54,1.6002,1.4224,1.8034,2.413,3,300,0,2
B00013,B00013_R1,122,6,10,0.2032,1.9812,523.36,0.2032,1.6002,506.75,26,26,16.61,1.9812,2.032,0.2032,1.9812,2.3368,2.7178,2.3368,2,300,0,3
B00013,B00013_R2,123,7,10,0.2032,1.9812,523.36,0.2032,1.6002,506.75,26,26,16.61,0.2032,1.143,0.762,0.7112,1.3462,0.9652,1.4986,1,300,1,1
B00013,B00013_R2,124,8,10,0.2032,1.9812,523.36,0.2032,1.6002,506.75,26,26,16.61,0.2032,0.762,1.6764,2.032,1.7272,1.3462,3.2512,1,300,1,6
B00013,B00013_R2,125,9,10,0.2032,1.9812,523.36,0.2032,1.6002,506.75,26,26,16.61,0.2032,1.143,2.54,1.6002,1.3462,0.9652,2.794,1,300,1,5
B00013,B00013_R2,126,10,10,0.2032,1.9812,523.36,0.2032,1.6002,506.75,26,26,16.61,0.762,0.7112,0.2032,1.9812,2.3368,1.9558,2.3368,2,300,1,2
B00014,B00014_R1,127,1,10,1.6764,2.54,575.26,1.6764,2.032,597.32,28,30,-22.06,0.762,2.032,0.2032,1.9812,1.4224,1.4224,1.1176,2,300,0,2
B00014,B00014_R2,128,2,10,1.6764,2.54,575.26,1.6764,2.032,597.32,28,30,-22.06,0.4572,0.2032,1.9812,0.2032,3.556,3.556,2.032,3,300,1,2
B00014,B00014_R1,129,3,10,1.6764,2.54,575.26,1.6764,2.032,597.32,28,30,-22.06,0.2032,1.143,2.54,0.762,2.8702,2.8702,2.7178,1,300,0,4
B00014,B00014_R1,130,4,10,1.6764,2.54,575.26,1.6764,2.032,597.32,28,30,-22.06,1.9812,0.7112,0.2032,1.9812,3.2512,3.2512,3.556,2,300,0,5
B00014,B00014_R2,131,5,10,1.6764,2.54,575.26,1.6764,2.032,597.32,28,30,-22.06,0.2032,0.762,2.286,2.54,3.2512,3.2512,3.8608,1,300,1,4
B00014,B00014_R2,132,6,10,1.6764,2.54,575.26,1.6764,2.032,597.32,28,30,-22.06,1.9812,2.54,1.6764,0.2032,0.8128,0.8128,3.2512,3,300,1,1
B00014,B00014_R1,133,7,10,1.6764,2.54,575.26,1.6764,2.032,597.32,28,30,-22.06,1.9812,2.54,0.2032,1.9812,0.8128,0.8128,2.3368,2,300,0,1
B00014,B00014_R1,134,8,10,1.6764,2.54,575.26,1.6764,2.032,597.32,28,30,-22.06,0.2032,0.762,1.6764,2.032,3.2512,3.2512,3.2512,1,300,0,6
B00014,B00014_R1,135,9,10,1.6764,2.54,575.26,1.6764,2.032,597.32,28,30,-22.06,0.4572,0.2032,0.2032,1.6002,3.556,3.556,1.651,2,300,0,3
B00014,B00014_R2,136,10,10,1.6764,2.54,575.26,1.6764,2.032,597.32,28,30,-22.06,1.9812,0.2032,0.2032,1.9812,3.2512,3.2512,3.556,2,300,1,3
B00015,B00015_R2,137,1,9,1.6764,2.032,674.35,2.286,2.54,650.23,33,32,24.12,0.2032,1.143,1.6764,0.7112,2.8702,3.4798,2.413,1,300,1,2
B00015,B00015_R1,138,2,9,1.6764,2.032,674.35,2.286,2.54,650.23,33,32,24.12,0.4572,2.54,1.0668,0.7112,1.7272,2.3368,2.9464,3,300,0,1
B00015,B00015_R2,139,3,9,1.6764,2.032,674.35,2.286,2.54,650.23,33,32,24.12,1.6764,0.2032,0.2032,1.6002,2.9464,2.9464,2.8702,2,300,1,3
B00015,B00015_R1,140,4,9,1.6764,2.032,674.35,2.286,2.54,650.23,33,32,24.12,0.4572,0.2032,1.9812,0.2032,3.556,4.1656,2.032,3,300,0,2
B00015,B00015_R2,141,5,9,1.6764,2.032,674.35,2.286,2.54,650.23,33,32,24.12,0.2032,0.762,2.54,1.6002,3.2512,3.8608,3.175,1,300,1,5
B00015,B00015_R1,142,6,9,1.6764,2.032,674.35,2.286,2.54,650.23,33,32,24.12,1.0668,0.2032,0.2032,1.9812,2.9464,3.556,2.6416,2,300,0,3
B00015,B00015_R1,143,7,9,1.6764,2.032,674.35,2.286,2.54,650.23,33,32,24.12,0.4572,2.54,1.9812,2.54,1.7272,2.3368,2.032,3,300,0,4
B00015,B00015_R2,144,8,9,1.6764,2.032,674.35,2.286,2.54,650.23,33,32,24.12,0.2032,1.143,2.286,0.2032,2.8702,3.4798,3.0226,1,300,1,4
B00015,B00015_R2,145,9,9,1.6764,2.032,674.35,2.286,2.54,650.23,33,32,24.12,1.9812,2.54,0.2032,1.9812,0.8128,0.8128,2.3368,2,300,1,1
B00016,B00016_R1,146,1,10,1.9812,2.54,609.73,2.54,1.6002,630.09,30,30,-20.36,1.0668,2.032,0.2032,1.6002,1.4224,2.413,1.8034,2,300,0,3
B00016,B00016_R2,147,2,10,1.9812,2.54,609.73,2.54,1.6002,630.09,30,30,-20.36,0.2032,0.762,1.9812,2.032,3.556,3.175,3.556,1,300,1,4
B00016,B00016_R1,148,3,10,1.9812,2.54,609.73,2.54,1.6002,630.09,30,30,-20.36,0.2032,0.762,1.9812,2.54,3.556,3.175,3.556,1,300,0,6
B00016,B00016_R1,149,4,10,1.9812,2.54,609.73,2.54,1.6002,630.09,30,30,-20.36,1.0668,2.032,0.2032,1.9812,1.4224,2.413,1.4224,2,300,0,2
B00016,B00016_R1,150,5,10,1.9812,2.54,609.73,2.54,1.6002,630.09,30,30,-20.36,0.2032,1.143,1.0668,0.2032,3.175,2.794,1.8034,1,300,0,4
B00016,B00016_R2,151,6,10,1.9812,2.54,609.73,2.54,1.6002,630.09,30,30,-20.36,0.2032,1.143,2.54,1.143,3.175,2.794,2.3368,1,300,1,2
B00016,B00016_R1,152,7,10,1.9812,2.54,609.73,2.54,1.6002,630.09,30,30,-20.36,0.2032,0.762,1.9812,0.7112,3.556,3.175,2.3368,1,300,0,5
B00016,B00016_R1,153,8,10,1.9812,2.54,609.73,2.54,1.6002,630.09,30,30,-20.36,1.6764,2.54,0.2032,1.9812,0.8128,1.8034,2.032,2,300,0,1
B00016,B00016_R2,154,9,10,1.9812,2.54,609.73,2.54,1.6002,630.09,30,30,-20.36,2.54,1.143,0.2032,1.9812,1.9558,0.9652,3.175,2,300,1,3
B00016,B00016_R2,155,10,10,1.9812,2.54,609.73,2.54,1.6002,630.09,30,30,-20.36,1.9812,2.54,0.2032,1.6002,0,1.4986,2.7178,2,300,1,1
B00017,B00017_R1,156,1,9,1.9812,2.54,685.86,1.9812,2.032,692.11,34,33,-6.25,2.54,1.9812,0.2032,1.9812,1.1176,1.1176,2.9464,2,300,0,4
B00017,B00017_R1,157,2,9,1.9812,2.54,685.86,1.9812,2.032,692.11,34,33,-6.25,1.6764,0.7112,0.2032,1.9812,3.2512,3.2512,3.2512,2,300,0,5
B00017,B00017_R2,158,3,9,1.9812,2.54,685.86,1.9812,2.032,692.11,34,33,-6.25,2.54,0.762,2.286,0.2032,2.3368,2.3368,0.8128,3,300,1,1
B00017,B00017_R2,159,4,9,1.9812,2.54,685.86,1.9812,2.032,692.11,34,33,-6.25,1.0668,0.7112,0.2032,1.6002,3.2512,3.2512,2.2606,2,300,1,3
B00017,B00017_R2,160,5,9,1.9812,2.54,685.86,1.9812,2.032,692.11,34,33,-6.25,2.286,0.2032,0.2032,1.9812,2.6416,2.6416,3.8608,2,300,1,2
B00017,B00017_R1,161,6,9,1.9812,2.54,685.86,1.9812,2.032,692.11,34,33,-6.25,0.2032,1.143,1.9812,2.54,3.175,3.175,3.175,1,300,0,3
B00017,B00017_R1,162,7,9,1.9812,2.54,685.86,1.9812,2.032,692.11,34,33,-6.25,1.6764,2.032,1.6764,2.54,0.8128,0.8128,0.508,3,300,0,1
B00017,B00017_R2,163,8,9,1.9812,2.54,685.86,1.9812,2.032,692.11,34,33,-6.25,1.6764,0.7112,0.2032,1.9812,3.2512,3.2512,3.2512,2,300,1,4
B00017,B00017_R1,164,9,9,1.9812,2.54,685.86,1.9812,2.032,692.11,34,33,-6.25,1.6764,2.54,0.2032,1.6002,0.8128,0.8128,2.413,2,300,0,2
B00018,B00018_R2,165,1,10,0.2032,1.9812,758.29,0.2032,1.9812,741.6,37,35,16.69,0.2032,0.762,1.9812,0.7112,1.7272,1.7272,2.3368,1,300,1,3
B00018,B00018_R1,166,2,10,0.2032,1.9812,758.29,0.2032,1.9812,741.6,37,35,16.69,1.0668,2.54,0.2032,1.9812,1.4224,1.4224,1.4224,2,300,0,1
B00018,B00018_R1,167,3,10,0.2032,1.9812,758.29,0.2032,1.9812,741.6,37,35,16.69,2.286,0.2032,0.762,0.7112,3.8608,3.8608,2.032,3,300,0,3
B00018,B00018_R2,168,4,10,0.2032,1.9812,758.29,0.2032,1.9812,741.6,37,35,16.69,1.0668,2.032,0.2032,1.6002,1.4224,1.4224,1.8034,2,300,1,2
B00018,B00018_R2,169,5,10,0.2032,1.9812,758.29,0.2032,1.9812,741.6,37,35,16.69,1.9812,2.54,0.2032,1.9812,2.3368,2.3368,2.3368,2,300,1,6
B00018,B00018_R1,170,6,10,0.2032,1.9812,758.29,0.2032,1.9812,741.6,37,35,16.69,0.2032,0.762,1.6764,2.54,1.7272,1.7272,3.2512,1,300,0,4
B00018,B00018_R2,171,7,10,0.2032,1.9812,758.29,0.2032,1.9812,741.6,37,35,16.69,1.6764,0.2032,1.0668,0.2032,3.2512,3.2512,1.1176,3,300,1,4
B00018,B00018_R1,172,8,10,0.2032,1.9812,758.29,0.2032,1.9812,741.6,37,35,16.69,0.4572,2.54,1.9812,0.7112,0.8128,0.8128,3.8608,3,300,0,2
B00018,B00018_R2,173,9,10,0.2032,1.9812,758.29,0.2032,1.9812,741.6,37,35,16.69,1.0668,0.7112,0.2032,1.9812,2.6416,2.6416,2.6416,2,300,1,5
B00018,B00018_R2,174,10,10,0.2032,1.9812,758.29,0.2032,1.9812,741.6,37,35,16.69,0.4572,2.54,1.6764,2.54,0.8128,0.8128,1.7272,3,300,1,1
B00019,B00019_R1,175,1,10,1.6764,2.54,764.8,0.2032,1.9812,777.67,38,37,-12.87,0.2032,1.143,1.9812,0.7112,2.8702,1.3462,2.7178,1,300,0,2
B00019,B00019_R1,176,2,10,1.6764,2.54,764.8,0.2032,1.9812,777.67,38,37,-12.87,0.762,0.7112,0.2032,1.9812,3.2512,2.3368,2.3368,2,300,0,4
B00019,B00019_R2,177,3,10,1.6764,2.54,764.8,0.2032,1.9812,777.67,38,37,-12.87,0.4572,0.2032,2.286,0.2032,3.556,2.032,2.3368,3,300,1,2
B00019,B00019_R1,178,4,10,1.6764,2.54,764.8,0.2032,1.9812,777.67,38,37,-12.87,2.54,1.143,0.2032,1.6002,2.2606,3.175,2.794,2,300,0,3
B00019,B00019_R1,179,5,10,1.6764,2.54,764.8,0.2032,1.9812,777.67,38,37,-12.87,2.286,2.54,0.2032,1.6002,1.1176,2.6416,3.0226,2,300,0,5
B00019,B00019_R2,180,6,10,1.6764,2.54,764.8,0.2032,1.9812,777.67,38,37,-12.87,2.54,0.762,0.2032,1.9812,2.6416,3.556,3.556,2,300,1,5
B00019,B00019_R2,181,7,10,1.6764,2.54,764.8,0.2032,1.9812,777.67,38,37,-12.87,2.54,1.6002,1.6764,0.2032,1.8034,2.7178,2.2606,3,300,1,4
B00019,B00019_R2,182,8,10,1.6764,2.54,764.8,0.2032,1.9812,777.67,38,37,-12.87,2.54,0.762,0.2032,1.6002,2.6416,3.556,3.175,2,300,1,3
B00019,B00019_R1,183,9,10,1.6764,2.54,764.8,0.2032,1.9812,777.67,38,37,-12.87,1.6764,2.54,0.2032,1.6002,0,2.032,2.413,2,300,0,1
B00019,B00019_R2,184,10,10,1.6764,2.54,764.8,0.2032,1.9812,777.67,38,37,-12.87,1.6764,2.54,0.2032,1.6002,0,2.032,2.413,2,300,1,1
B00020,B00020_R1,185,1,9,0.2032,1.6002,743.88,0.2032,1.9812,749.62,36,35,-5.74,2.54,1.9812,0.2032,1.9812,2.7178,2.9464,2.9464,2,300,0,5
B00020,B00020_R2,186,2,9,0.2032,1.6002,743.88,0.2032,1.9812,749.62,36,35,-5.74,0.2032,0.762,1.6764,0.7112,1.3462,1.7272,2.032,1,300,1,1
B00020,B00020_R2,187,3,9,0.2032,1.6002,743.88,0.2032,1.9812,749.62,36,35,-5.74,0.2032,1.143,1.0668,2.032,0.9652,1.3462,2.2606,1,300,1,3
B00020,B00020_R1,188,4,9,0.2032,1.6002,743.88,0.2032,1.9812,749.62,36,35,-5.74,1.6764,0.2032,2.286,2.54,2.8702,3.2512,2.9464,3,300,0,4
B00020,B00020_R2,189,5,9,0.2032,1.6002,743.88,0.2032,1.9812,749.62,36,35,-5.74,0.2032,1.143,1.6764,2.54,0.9652,1.3462,2.8702,1,300,1,4
B00020,B00020_R1,190,6,9,0.2032,1.6002,743.88,0.2032,1.9812,749.62,36,35,-5.74,0.762,0.2032,0.2032,1.6002,1.9558,2.3368,1.9558,2,300,0,2
B00020,B00020_R1,191,7,9,0.2032,1.6002,743.88,0.2032,1.9812,749.62,36,35,-5.74,0.2032,0.762,2.286,0.2032,1.3462,1.7272,2.6416,1,300,0,3
B00020,B00020_R2,192,8,9,0.2032,1.6002,743.88,0.2032,1.9812,749.62,36,35,-5.74,1.0668,0.7112,0.2032,1.6002,2.2606,2.6416,2.2606,2,300,1,2
B00020,B00020_R1,193,9,9,0.2032,1.6002,743.88,0.2032,1.9812,749.62,36,35,-5.74,0.2032,0.762,0.762,0.7112,1.3462,1.7272,1.1176,1,300,0,1
B00021,B00021_R1,194,1,10,0.2032,1.9812,805.7,1.6764,2.54,806.83,39,38,-1.13,0.2032,1.143,1.9812,0.7112,1.3462,2.8702,2.7178,1,300,0,3
B00021,B00021_R2,195,2,10,0.2032,1.9812,805.7,1.6764,2.54,806.83,39,38,-1.13,0.762,0.7112,1.6764,0.7112,2.3368,3.2512,1.4224,3,300,1,2
B00021,B00021_R2,196,3,10,0.2032,1.9812,805.7,1.6764,2.54,806.83,39,38,-1.13,0.2032,0.762,2.286,0.2032,1.7272,3.2512,2.6416,1,300,1,3
B00021,B00021_R2,197,4,10,0.2032,1.9812,805.7,1.6764,2.54,806.83,39,38,-1.13,0.2032,0.762,2.286,2.54,1.7272,3.2512,3.8608,1,300,1,5
B00021,B00021_R1,198,5,10,0.2032,1.9812,805.7,1.6764,2.54,806.83,39,38,-1.13,0.2032,1.143,1.9812,0.7112,1.3462,2.8702,2.7178,1,300,0,1
B00021,B00021_R1,199,6,10,0.2032,1.9812,805.7,1.6764,2.54,806.83,39,38,-1.13,1.0668,0.7112,0.2032,1.9812,2.6416,2.9464,2.6416,2,300,0,2
B00021,B00021_R1,200,7,10,0.2032,1.9812,805.7,1.6764,2.54,806.83,39,38,-1.13,0.2032,1.143,1.9812,2.54,1.3462,2.8702,3.175,1,300,0,5
B00021,B00021_R2,201,8,10,0.2032,1.9812,805.7,1.6764,2.54,806.83,39,38,-1.13,2.54,1.9812,2.54,0.762,2.9464,1.4224,1.7272,3,300,1,1
B00021,B00021_R2,202,9,10,0.2032,1.9812,805.7,1.6764,2.54,806.83,39,38,-1.13,0.2032,1.143,2.54,1.6002,1.3462,2.8702,2.794,1,300,1,4
B00021,B00021_R1,203,10,10,0.2032,1.9812,805.7,1.6764,2.54,806.83,39,38,-1.13,0.4572,0.2032,1.6764,2.032,2.032,3.556,3.556,3,300,0,4
B00022,B00022_R1,204,1,9,1.9812,2.54,858.01,2.286,2.54,872.78,41,39,-14.77,2.54,0.762,1.6764,2.54,2.3368,2.032,2.6416,3,300,0,5
B00022,B00022_R2,205,2,9,1.9812,2.54,858.01,2.286,2.54,872.78,41,39,-14.77,1.0668,0.7112,0.2032,1.9812,3.2512,3.556,2.6416,2,300,1,2
B00022,B00022_R2,206,3,9,1.9812,2.54,858.01,2.286,2.54,872.78,41,39,-14.77,1.9812,0.2032,0.2032,1.6002,2.9464,2.6416,3.175,2,300,1,4
B00022,B00022_R1,207,4,9,1.9812,2.54,858.01,2.286,2.54,872.78,41,39,-14.77,0.2032,0.762,0.762,0.2032,3.556,3.8608,1.1176,1,300,0,3
B00022,B00022_R2,208,5,9,1.9812,2.54,858.01,2.286,2.54,872.78,41,39,-14.77,1.6764,0.7112,0.762,0.7112,3.2512,2.9464,1.4224,3,300,1,1
B00022,B00022_R1,209,6,9,1.9812,2.54,858.01,2.286,2.54,872.78,41,39,-14.77,0.2032,0.762,2.54,1.9812,3.556,3.8608,3.556,1,300,0,4
B00022,B00022_R1,210,7,9,1.9812,2.54,858.01,2.286,2.54,872.78,41,39,-14.77,0.4572,2.54,0.2032,1.9812,2.032,2.3368,0.8128,2,300,0,2
B00022,B00022_R1,211,8,9,1.9812,2.54,858.01,2.286,2.54,872.78,41,39,-14.77,1.6764,2.032,0.2032,1.9812,0.8128,1.1176,2.032,2,300,0,1
B00022,B00022_R2,212,9,9,1.9812,2.54,858.01,2.286,2.54,872.78,41,39,-14.77,0.2032,1.143,1.0668,2.54,3.175,3.4798,2.2606,1,300,1,3
B00023,B00023_R1,213,1,10,1.6764,2.54,910.92,0.2032,1.6002,916.07,44,41,-5.15,1.6764,2.032,0.2032,1.6002,0.508,2.413,2.413,2,300,0,1
B00023,B00023_R2,214,2,10,1.6764,2.54,910.92,0.2032,1.6002,916.07,44,41,-5.15,0.2032,0.762,1.6764,0.7112,3.2512,1.3462,2.032,1,300,1,1
B00023,B00023_R1,215,3,10,1.6764,2.54,910.92,0.2032,1.6002,916.07,44,41,-5.15,0.2032,0.762,1.0668,2.54,3.2512,1.3462,2.6416,1,300,0,4
B00023,B00023_R2,216,4,10,1.6764,2.54,910.92,0.2032,1.6002,916.07,44,41,-5.15,0.2032,1.143,1.6764,0.7112,2.8702,0.9652,2.413,1,300,1,4
B00023,B00023_R2,217,5,10,1.6764,2.54,910.92,0.2032,1.6002,916.07,44,41,-5.15,1.0668,0.7112,0.762,2.54,2.9464,2.2606,3.2512,3,300,1,2
B00023,B00023_R1,218,6,10,1.6764,2.54,910.92,0.2032,1.6002,916.07,44,41,-5.15,2.286,2.54,0.2032,1.9812,1.1176,3.0226,2.6416,2,300,0,5
B00023,B00023_R2,219,7,10,1.6764,2.54,910.92,0.2032,1.6002,916.07,44,41,-5.15,0.762,2.54,0.2032,1.6002,1.4224,1.4986,1.4986,2,300,1,3
B00023,B00023_R1,220,8,10,1.6764,2.54,910.92,0.2032,1.6002,916.07,44,41,-5.15,1.0668,0.2032,0.2032,1.6002,2.9464,2.2606,2.2606,2,300,0,3
B00023,B00023_R1,221,9,10,1.6764,2.54,910.92,0.2032,1.6002,916.07,44,41,-5.15,0.2032,0.762,1.9812,0.7112,3.2512,1.3462,2.3368,1,300,0,2
B00023,B00023_R2,222,10,10,1.6764,2.54,910.92,0.2032,1.6002,916.07,44,41,-5.15,1.6764,0.2032,0.2032,1.9812,2.9464,2.8702,3.2512,2,300,1,5
B00024,B00024_R2,223,1,9,0.2032,1.9812,986.57,0.2032,1.9812,978.9,47,45,7.67,1.6764,0.7112,1.6764,2.032,3.2512,3.2512,2.9464,3,300,1,5
B00024,B00024_R1,224,2,9,0.2032,1.9812,986.57,0.2032,1.9812,978.9,47,45,7.67,0.2032,0.762,2.54,1.143,1.7272,1.7272,2.7178,1,300,0,2
B00024,B00024_R1,225,3,9,0.2032,1.9812,986.57,0.2032,1.9812,978.9,47,45,7.67,2.54,1.9812,0.762,0.7112,2.9464,2.9464,3.556,3,300,0,3
B00024,B00024_R1,226,4,9,0.2032,1.9812,986.57,0.2032,1.9812,978.9,47,45,7.67,1.6764,0.2032,0.762,2.54,3.2512,3.2512,3.2512,3,300,0,4
B00024,B00024_R1,227,5,9,0.2032,1.9812,986.57,0.2032,1.9812,978.9,47,45,7.67,1.6764,2.54,0.2032,1.6002,2.032,2.032,2.413,2,300,0,1
B00024,B00024_R2,228,6,9,0.2032,1.9812,986.57,0.2032,1.9812,978.9,47,45,7.67,0.762,2.54,0.2032,1.6002,1.1176,1.1176,1.4986,2,300,1,1
B00024,B00024_R2,229,7,9,0.2032,1.9812,986.57,0.2032,1.9812,978.9,47,45,7.67,1.0668,2.032,2.286,0.2032,1.4224,1.4224,3.556,3,300,1,4
B00024,B00024_R2,230,8,9,0.2032,1.9812,986.57,0.2032,1.9812,978.9,47,45,7.67,0.2032,1.143,1.9812,2.54,1.3462,1.3462,3.175,1,300,1,2
B00024,B00024_R2,231,9,9,0.2032,1.9812,986.57,0.2032,1.9812,978.9,47,45,7.67,2.54,1.9812,0.762,2.54,2.9464,2.9464,2.3368,3,300,1,3
B00025,B00025_R2,232,1,10,0.762,2.54,1001.5,1.6764,2.032,1004.95,48,46,-3.45,1.0668,2.54,0.2032,1.9812,0.8128,1.1176,1.4224,2,300,1,3
B00025,B00025_R2,233,2,10,0.762,2.54,1001.5,1.6764,2.032,1004.95,48,46,-3.45,0.4572,0.2032,0.2032,1.6002,2.6416,3.556,1.651,2,300,1,4
B00025,B00025_R1,234,3,10,0.762,2.54,1001.5,1.6764,2.032,1004.95,48,46,-3.45,0.4572,0.2032,0.2032,1.6002,2.6416,3.556,1.651,2,300,0,3
B00025,B00025_R1,235,4,10,0.762,2.54,1001.5,1.6764,2.032,1004.95,48,46,-3.45,0.2032,0.762,1.6764,0.2032,2.3368,3.2512,2.032,1,300,0,4
B00025,B00025_R1,236,5,10,0.762,2.54,1001.5,1.6764,2.032,1004.95,48,46,-3.45,2.54,1.6002,0.2032,1.6002,2.7178,1.8034,2.3368,2,300,0,2
B00025,B00025_R2,237,6,10,0.762,2.54,1001.5,1.6764,2.032,1004.95,48,46,-3.45,1.0668,2.032,0.2032,1.6002,0.8128,1.1176,1.8034,2,300,1,1
B00025,B00025_R1,238,7,10,0.762,2.54,1001.5,1.6764,2.032,1004.95,48,46,-3.45,0.762,0.7112,0.2032,1.6002,2.9464,3.2512,1.9558,2,300,0,5
B00025,B00025_R2,239,8,10,0.762,2.54,1001.5,1.6764,2.032,1004.95,48,46,-3.45,0.2032,1.143,1.0668,2.54,1.9558,2.8702,2.2606,1,300,1,2
B00025,B00025_R1,240,9,10,0.762,2.54,1001.5,1.6764,2.032,1004.95,48,46,-3.45,0.4572,2.54,2.286,2.54,0.8128,1.7272,2.3368,3,300,0,1
B00025,B00025_R2,241,10,10,0.762,2.54,1001.5,1.6764,2.032,1004.95,48,46,-3.45,0.2032,1.143,2.54,1.6002,1.9558,2.8702,2.794,1,300,1,5
B00026,B00026_R1,242,1,10,0.2032,1.6002,934.29,2.54,1.6002,897.83,44,42,36.46,0.2032,1.143,2.286,2.54,0.9652,2.794,3.4798,1,300,0,4
B00026,B00026_R2,243,2,10,0.2032,1.6002,934.29,2.54,1.6002,897.83,44,42,36.46,2.54,0.762,0.2032,1.9812,3.175,1.3462,3.556,2,300,1,4
B00026,B00026_R2,244,3,10,0.2032,1.6002,934.29,2.54,1.6002,897.83,44,42,36.46,0.2032,0.762,1.9812,0.7112,1.3462,3.175,2.3368,1,300,1,2
B00026,B00026_R1,245,4,10,0.2032,1.6002,934.29,2.54,1.6002,897.83,44,42,36.46,0.2032,0.762,1.0668,0.7112,1.3462,3.175,1.4224,1,300,0,2
B00026,B00026_R2,246,5,10,0.2032,1.6002,934.29,2.54,1.6002,897.83,44,42,36.46,1.9812,0.2032,2.54,1.143,3.175,1.9558,1.4986,3,300,1,3
B00026,B00026_R2,247,6,10,0.2032,1.6002,934.29,2.54,1.6002,897.83,44,42,36.46,0.2032,1.143,0.4572,0.2032,0.9652,2.794,1.1938,1,300,1,1
B00026,B00026_R2,248,7,10,0.2032,1.6002,934.29,2.54,1.6002,897.83,44,42,36.46,0.2032,1.143,2.286,2.54,0.9652,2.794,3.4798,1,300,1,6
B00026,B00026_R2,249,8,10,0.2032,1.6002,934.29,2.54,1.6002,897.83,44,42,36.46,0.2032,0.762,1.0668,2.032,1.3462,3.175,2.6416,1,300,1,5
B00026,B00026_R1,250,9,10,0.2032,1.6002,934.29,2.54,1.6002,897.83,44,42,36.46,0.2032,0.762,0.762,0.7112,1.3462,3.175,1.1176,1,300,0,1
B00026,B00026_R1,251,10,10,0.2032,1.6002,934.29,2.54,1.6002,897.83,44,42,36.46,0.2032,0.762,1.6764,2.54,1.3462,3.175,3.2512,1,300,0,3
B00027,B00027_R2,252,1,9,2.286,2.54,905.35,2.286,2.54,917.07,43,43,-11.72,0.2032,1.143,2.54,1.6002,3.4798,3.4798,2.794,1,300,1,3
B00027,B00027_R2,253,2,9,2.286,2.54,905.35,2.286,2.54,917.07,43,43,-11.72,0.2032,0.762,0.4572,0.2032,3.8608,3.8608,0.8128,1,300,1,2
B00027,B00027_R1,254,3,9,2.286,2.54,905.35,2.286,2.54,917.07,43,43,-11.72,0.2032,1.143,2.286,2.54,3.4798,3.4798,3.4798,1,300,0,5
B00027,B00027_R1,255,4,9,2.286,2.54,905.35,2.286,2.54,917.07,43,43,-11.72,1.0668,0.2032,0.2032,1.9812,3.556,3.556,2.6416,2,300,0,4
B00027,B00027_R2,256,5,9,2.286,2.54,905.35,2.286,2.54,917.07,43,43,-11.72,2.54,1.6002,0.2032,1.6002,1.1938,1.1938,2.3368,2,300,1,1
B00027,B00027_R1,257,6,9,2.286,2.54,905.35,2.286,2.54,917.07,43,43,-11.72,0.4572,2.54,0.2032,1.6002,2.3368,2.3368,1.1938,2,300,0,2
B00027,B00027_R2,258,7,9,2.286,2.54,905.35,2.286,2.54,917.07,43,43,-11.72,0.2032,1.143,1.9812,2.032,3.4798,3.4798,3.175,1,300,1,4
B00027,B00027_R1,259,8,9,2.286,2.54,905.35,2.286,2.54,917.07,43,43,-11.72,0.2032,1.143,0.762,0.7112,3.4798,3.4798,1.4986,1,300,0,3
B00027,B00027_R1,260,9,9,2.286,2.54,905.35,2.286,2.54,917.07,43,43,-11.72,0.4572,2.54,0.2032,1.9812,2.3368,2.3368,0.8128,2,300,0,1
B00028,B00028_R2,261,1,10,2.286,2.54,897.13,1.9812,2.032,902.24,43,42,-5.11,0.2032,0.762,1.0668,0.7112,3.8608,3.556,1.4224,1,300,1,2
B00028,B00028_R1,262,2,10,2.286,2.54,897.13,1.9812,2.032,902.24,43,42,-5.11,0.2032,1.143,2.54,1.143,3.4798,3.175,2.3368,1,300,0,3
B00028,B00028_R2,263,3,10,2.286,2.54,897.13,1.9812,2.032,902.24,43,42,-5.11,0.2032,1.143,2.286,2.54,3.4798,3.175,3.4798,1,300,1,5
B00028,B00028_R1,264,4,10,2.286,2.54,897.13,1.9812,2.032,902.24,43,42,-5.11,2.54,1.143,0.2032,1.6002,1.651,1.9558,2.794,2,300,0,1
B00028,B00028_R1,265,5,10,2.286,2.54,897.13,1.9812,2.032,902.24,43,42,-5.11,0.2032,1.143,2.54,1.9812,3.4798,3.175,3.175,1,300,0,5
B00028,B00028_R2,266,6,10,2.286,2.54,897.13,1.9812,2.032,902.24,43,42,-5.11,0.2032,0.762,0.762,0.2032,3.8608,3.556,1.1176,1,300,1,3
B00028,B00028_R2,267,7,10,2.286,2.54,897.13,1.9812,2.032,902.24,43,42,-5.11,0.762,2.54,0.2032,1.6002,2.032,1.7272,1.4986,2,300,1,1
B00028,B00028_R1,268,8,10,2.286,2.54,897.13,1.9812,2.032,902.24,43,42,-5.11,2.286,0.2032,0.2032,1.9812,2.3368,2.6416,3.8608,2,300,0,4
B00028,B00028_R1,269,9,10,2.286,2.54,897.13,1.9812,2.032,902.24,43,42,-5.11,0.2032,1.143,0.4572,2.54,3.4798,3.175,1.651,1,300,0,2
B00028,B00028_R2,270,10,10,2.286,2.54,897.13,1.9812,2.032,902.24,43,42,-5.11,0.762,0.2032,0.2032,1.9812,3.8608,3.556,2.3368,2,300,1,4
B00029,B00029_R2,271,1,10,2.54,1.9812,861.47,2.286,2.54,842.01,41,40,19.46,0.2032,0.762,1.0668,2.032,3.556,3.8608,2.6416,1,300,1,5
B00029,B00029_R2,272,2,10,2.54,1.9812,861.47,2.286,2.54,842.01,41,40,19.46,0.2032,1.143,1.6764,0.2032,3.175,3.4798,2.413,1,300,1,4
B00029,B00029_R1,273,3,10,2.54,1.9812,861.47,2.286,2.54,842.01,41,40,19.46,0.2032,0.762,2.286,2.54,3.556,3.8608,3.8608,1,300,0,4
B00029,B00029_R1,274,4,10,2.54,1.9812,861.47,2.286,2.54,842.01,41,40,19.46,0.2032,1.143,2.54,1.6002,3.175,3.4798,2.794,1,300,0,3
B00029,B00029_R2,275,5,10,2.54,1.9812,861.47,2.286,2.54,842.01,41,40,19.46,2.286,2.54,0.2032,1.9812,0.8128,0,2.6416,2,300,1,1
B00029,B00029_R2,276,6,10,2.54,1.9812,861.47,2.286,2.54,842.01,41,40,19.46,0.4572,2.54,2.54,1.143,2.6416,2.3368,3.4798,3,300,1,3
B00029,B00029_R1,277,7,10,2.54,1.9812,861.47,2.286,2.54,842.01,41,40,19.46,0.2032,1.143,0.762,2.032,3.175,3.4798,1.9558,1,300,0,2
B00029,B00029_R2,278,8,10,2.54,1.9812,861.47,2.286,2.54,842.01,41,40,19.46,0.2032,1.143,1.9812,2.54,3.175,3.4798,3.175,1,300,1,6
B00029,B00029_R2,279,9,10,2.54,1.9812,861.47,2.286,2.54,842.01,41,40,19.46,0.2032,1.143,0.4572,2.54,3.175,3.4798,1.651,1,300,1,2
B00029,B00029_R1,280,10,10,2.54,1.9812,861.47,2.286,2.54,842.01,41,40,19.46,2.286,2.54,0.2032,1.9812,0.8128,0,2.6416,2,300,0,1
B00030,B00030_R2,281,1,10,2.286,2.54,923.19,1.9812,2.54,927.99,43,44,-4.8,0.4572,2.54,0.2032,1.6002,2.3368,2.032,1.1938,2,300,1,1
B00030,B00030_R1,282,2,10,2.286,2.54,923.19,1.9812,2.54,927.99,43,44,-4.8,1.0668,2.032,0.2032,1.9812,1.7272,1.4224,1.4224,2,300,0,3
B00030,B00030_R2,283,3,10,2.286,2.54,923.19,1.9812,2.54,927.99,43,44,-4.8,2.286,0.2032,0.2032,1.9812,2.3368,2.6416,3.8608,2,300,1,5
B00030,B00030_R1,284,4,10,2.286,2.54,923.19,1.9812,2.54,927.99,43,44,-4.8,1.6764,0.2032,1.6764,2.54,2.9464,3.2512,2.9464,3,300,0,2
B00030,B00030_R1,285,5,10,2.286,2.54,923.19,1.9812,2.54,927.99,43,44,-4.8,1.6764,2.54,1.6764,0.2032,1.1176,0.8128,2.9464,3,300,0,1
B00030,B00030_R2,286,6,10,2.286,2.54,923.19,1.9812,2.54,927.99,43,44,-4.8,0.2032,0.762,0.762,0.7112,3.8608,3.556,1.1176,1,300,1,2
B00030,B00030_R2,287,7,10,2.286,2.54,923.19,1.9812,2.54,927.99,43,44,-4.8,0.762,0.7112,0.2032,1.9812,3.8608,3.556,2.3368,2,300,1,3
B00030,B00030_R2,288,8,10,2.286,2.54,923.19,1.9812,2.54,927.99,43,44,-4.8,0.2032,1.143,1.6764,2.032,3.4798,3.175,2.8702,1,300,1,4
B00030,B00030_R1,289,9,10,2.286,2.54,923.19,1.9812,2.54,927.99,43,44,-4.8,0.762,0.2032,0.2032,1.9812,3.8608,3.556,2.3368,2,300,0,4
B00030,B00030_R1,290,10,10,2.286,2.54,923.19,1.9812,2.54,927.99,43,44,-4.8,0.2032,0.762,1.9812,2.54,3.8608,3.556,3.556,1,300,0,5
B00031,B00031_R2,291,1,10,1.9812,2.54,987.32,0.2032,1.9812,1001.32,46,48,-14,0.2032,1.143,1.6764,2.032,3.175,1.3462,2.8702,1,300,1,2
B00031,B00031_R1,292,2,10,1.9812,2.54,987.32,0.2032,1.9812,1001.32,46,48,-14,0.762,0.7112,0.2032,1.6002,3.556,2.3368,1.9558,2,300,0,4
B00031,B00031_R1,293,3,10,1.9812,2.54,987.32,0.2032,1.9812,1001.32,46,48,-14,1.9812,2.54,0.2032,1.9812,0,2.3368,2.3368,2,300,0,1
B00031,B00031_R1,294,4,10,1.9812,2.54,987.32,0.2032,1.9812,1001.32,46,48,-14,2.54,0.762,0.2032,1.9812,2.3368,3.556,3.556,2,300,0,6
B00031,B00031_R1,295,5,10,1.9812,2.54,987.32,0.2032,1.9812,1001.32,46,48,-14,1.0668,0.7112,1.0668,0.2032,3.2512,2.6416,0.508,3,300,0,3
B00031,B00031_R1,296,6,10,1.9812,2.54,987.32,0.2032,1.9812,1001.32,46,48,-14,0.762,2.54,1.0668,0.7112,1.7272,1.1176,3.2512,3,300,0,2
B00031,B00031_R2,297,7,10,1.9812,2.54,987.32,0.2032,1.9812,1001.32,46,48,-14,1.6764,2.032,0.2032,1.6002,0.8128,2.032,2.413,2,300,1,4
B00031,B00031_R2,298,8,10,1.9812,2.54,987.32,0.2032,1.9812,1001.32,46,48,-14,1.9812,2.032,2.54,1.6002,0.508,2.3368,1.4986,3,300,1,3
B00031,B00031_R2,299,9,10,1.9812,2.54,987.32,0.2032,1.9812,1001.32,46,48,-14,0.762,2.032,0.2032,1.9812,1.7272,1.1176,1.1176,2,300,1,1
B00031,B00031_R1,300,10,10,1.9812,2.54,987.32,0.2032,1.9812,1001.32,46,48,-14,0.2032,0.762,1.6764,0.7112,3.556,1.7272,2.032,1,300,0,5
B00032,B00032_R2,301,1,9,0.2032,1.9812,1013.26,0.2032,1.6002,977.13,49,48,36.13,1.6764,0.2032,0.2032,1.9812,3.2512,2.8702,3.2512,2,300,1,6
B00032,B00032_R2,302,2,9,0.2032,1.9812,1013.26,0.2032,1.6002,977.13,49,48,36.13,1.9812,0.2032,2.54,0.762,3.556,3.175,1.1176,3,300,1,2
B00032,B00032_R2,303,3,9,0.2032,1.9812,1013.26,0.2032,1.6002,977.13,49,48,36.13,2.54,0.762,0.2032,1.6002,3.556,3.175,3.175,2,300,1,3
B00032,B00032_R2,304,4,9,0.2032,1.9812,1013.26,0.2032,1.6002,977.13,49,48,36.13,0.2032,1.143,1.0668,2.54,1.3462,0.9652,2.2606,1,300,1,5
B00032,B00032_R1,305,5,9,0.2032,1.9812,1013.26,0.2032,1.6002,977.13,49,48,36.13,1.0668,0.7112,0.2032,1.9812,2.6416,2.2606,2.6416,2,300,0,2
B00032,B00032_R1,306,6,9,0.2032,1.9812,1013.26,0.2032,1.6002,977.13,49,48,36.13,0.2032,1.143,1.0668,2.032,1.3462,0.9652,2.2606,1,300,0,1
B00032,B00032_R2,307,7,9,0.2032,1.9812,1013.26,0.2032,1.6002,977.13,49,48,36.13,0.2032,0.762,0.762,0.7112,1.7272,1.3462,1.1176,1,300,1,1
B00032,B00032_R2,308,8,9,0.2032,1.9812,1013.26,0.2032,1.6002,977.13,49,48,36.13,0.2032,0.762,0.762,2.54,1.7272,1.3462,2.3368,1,300,1,4
B00032,B00032_R1,309,9,9,0.2032,1.9812,1013.26,0.2032,1.6002,977.13,49,48,36.13,0.2032,0.762,1.0668,2.032,1.7272,1.3462,2.6416,1,300,0,3
B00033,B00033_R2,310,1,10,1.0668,2.032,912.08,0.2032,1.9812,928.91,43,46,-16.83,1.6764,0.7112,0.2032,1.6002,2.9464,3.2512,2.8702,2,300,1,3
B00033,B00033_R1,311,2,10,1.0668,2.032,912.08,0.2032,1.9812,928.91,43,46,-16.83,1.6764,2.032,0.2032,1.9812,1.1176,2.032,2.032,2,300,0,4
B00033,B00033_R1,312,3,10,1.0668,2.032,912.08,0.2032,1.9812,928.91,43,46,-16.83,2.54,1.9812,1.9812,2.54,2.032,2.9464,1.1176,3,300,0,3
B00033,B00033_R1,313,4,10,1.0668,2.032,912.08,0.2032,1.9812,928.91,43,46,-16.83,2.54,1.6002,2.54,1.9812,2.413,2.7178,0.889,3,300,0,2
B00033,B00033_R2,314,5,10,1.0668,2.032,912.08,0.2032,1.9812,928.91,43,46,-16.83,0.2032,0.762,0.762,0.2032,2.6416,1.7272,1.1176,1,300,1,2
B00033,B00033_R1,315,6,10,1.0668,2.032,912.08,0.2032,1.9812,928.91,43,46,-16.83,1.0668,2.032,1.6764,2.032,0,1.4224,1.1176,3,300,0,1
B00033,B00033_R2,316,7,10,1.0668,2.032,912.08,0.2032,1.9812,928.91,43,46,-16.83,1.9812,0.2032,0.4572,2.54,3.2512,3.556,3.8608,3,300,1,4
B00033,B00033_R2,317,8,10,1.0668,2.032,912.08,0.2032,1.9812,928.91,43,46,-16.83,0.4572,2.54,0.2032,1.9812,1.1176,0.8128,0.8128,2,300,1,1
B00033,B00033_R1,318,9,10,1.0668,2.032,912.08,0.2032,1.9812,928.91,43,46,-16.83,1.0668,2.032,0.2032,1.6002,0,1.4224,1.8034,2,300,0,5
B00033,B00033_R1,319,10,10,1.0668,2.032,912.08,0.2032,1.9812,928.91,43,46,-16.83,1.6764,0.2032,0.2032,1.9812,2.9464,3.2512,3.2512,2,300,0,6
B00034,B00034_R1,320,1,9,0.2032,1.9812,899.72,0.4572,2.54,911.67,44,45,-11.95,2.54,1.6002,0.2032,1.9812,2.7178,3.0226,2.7178,2,300,0,5
B00034,B00034_R1,321,2,9,0.2032,1.9812,899.72,0.4572,2.54,911.67,44,45,-11.95,2.54,0.762,0.4572,0.2032,3.556,3.8608,2.6416,3,300,0,2
B00034,B00034_R1,322,3,9,0.2032,1.9812,899.72,0.4572,2.54,911.67,44,45,-11.95,0.2032,0.762,1.6764,0.2032,1.7272,2.032,2.032,1,300,0,3
B00034,B00034_R2,323,4,9,0.2032,1.9812,899.72,0.4572,2.54,911.67,44,45,-11.95,0.2032,1.143,2.286,0.2032,1.3462,1.651,3.0226,1,300,1,1
B00034,B00034_R1,324,5,9,0.2032,1.9812,899.72,0.4572,2.54,911.67,44,45,-11.95,0.2032,1.143,2.286,0.2032,1.3462,1.651,3.0226,1,300,0,1
B00034,B00034_R2,325,6,9,0.2032,1.9812,899.72,0.4572,2.54,911.67,44,45,-11.95,0.762,0.2032,0.2032,1.9812,2.3368,2.6416,2.3368,2,300,1,3
B00034,B00034_R2,326,7,9,0.2032,1.9812,899.72,0.4572,2.54,911.67,44,45,-11.95,0.2032,1.143,1.0668,2.032,1.3462,1.651,2.2606,1,300,1,4
B00034,B00034_R2,327,8,9,0.2032,1.9812,899.72,0.4572,2.54,911.67,44,45,-11.95,2.54,1.6002,1.6764,0.2032,2.7178,3.0226,2.2606,3,300,1,2
B00034,B00034_R1,328,9,9,0.2032,1.9812,899.72,0.4572,2.54,911.67,44,45,-11.95,0.762,0.2032,1.9812,2.54,2.3368,2.6416,3.556,3,300,0,4
B00035,B00035_R2,329,1,9,0.2032,1.9812,968.25,1.0668,2.032,966.79,48,47,1.46,1.9812,2.032,0.2032,1.6002,2.3368,1.4224,2.7178,2,300,1,3
B00035,B00035_R1,330,2,9,0.2032,1.9812,968.25,1.0668,2.032,966.79,48,47,1.46,2.54,1.9812,0.762,0.2032,2.9464,2.032,3.556,3,300,0,4
B00035,B00035_R2,331,3,9,0.2032,1.9812,968.25,1.0668,2.032,966.79,48,47,1.46,0.762,2.032,1.9812,2.032,1.1176,0.8128,1.7272,3,300,1,2
B00035,B00035_R1,332,4,9,0.2032,1.9812,968.25,1.0668,2.032,966.79,48,47,1.46,0.4572,2.54,0.2032,1.6002,0.8128,1.1176,1.1938,2,300,0,1
B00035,B00035_R2,333,5,9,0.2032,1.9812,968.25,1.0668,2.032,966.79,48,47,1.46,1.9812,2.54,0.2032,1.9812,2.3368,1.4224,2.3368,2,300,1,5
B00035,B00035_R1,334,6,9,0.2032,1.9812,968.25,1.0668,2.032,966.79,48,47,1.46,1.0668,0.2032,0.2032,1.9812,2.6416,2.9464,2.6416,2,300,0,3
B00035,B00035_R1,335,7,9,0.2032,1.9812,968.25,1.0668,2.032,966.79,48,47,1.46,0.2032,0.762,0.4572,0.2032,1.7272,2.6416,0.8128,1,300,0,2
B00035,B00035_R2,336,8,9,0.2032,1.9812,968.25,1.0668,2.032,966.79,48,47,1.46,0.2032,0.762,1.0668,2.54,1.7272,2.6416,2.6416,1,300,1,4
B00035,B00035_R2,337,9,9,0.2032,1.9812,968.25,1.0668,2.032,966.79,48,47,1.46,0.762,2.032,0.2032,1.9812,1.1176,0.8128,1.1176,2,300,1,1
B00036,B00036_R2,338,1,10,0.762,0.2032,982.27,0.2032,1.9812,985.22,48,48,-2.95,2.286,2.54,0.2032,1.6002,3.8608,2.6416,3.0226,2,300,1,5
B00036,B00036_R1,339,2,10,0.762,0.2032,982.27,0.2032,1.9812,985.22,48,48,-2.95,2.286,2.54,1.6764,0.7112,3.8608,2.6416,2.9464,3,300,0,5
B00036,B00036_R2,340,3,10,0.762,0.2032,982.27,0.2032,1.9812,985.22,48,48,-2.95,0.762,2.54,0.2032,1.9812,2.9464,1.1176,1.1176,2,300,1,1
B00036,B00036_R1,341,4,10,0.762,0.2032,982.27,0.2032,1.9812,985.22,48,48,-2.95,0.762,0.2032,0.2032,1.9812,0,2.3368,2.3368,2,300,0,1
B00036,B00036_R2,342,5,10,0.762,0.2032,982.27,0.2032,1.9812,985.22,48,48,-2.95,2.54,1.6002,0.2032,1.6002,3.175,2.7178,2.3368,2,300,1,4
B00036,B00036_R1,343,6,10,0.762,0.2032,982.27,0.2032,1.9812,985.22,48,48,-2.95,0.2032,1.143,1.6764,0.7112,1.4986,1.3462,2.413,1,300,0,2
B00036,B00036_R1,344,7,10,0.762,0.2032,982.27,0.2032,1.9812,985.22,48,48,-2.95,1.9812,2.032,0.2032,1.9812,3.556,2.3368,2.3368,2,300,0,4
B00036,B00036_R2,345,8,10,0.762,0.2032,982.27,0.2032,1.9812,985.22,48,48,-2.95,0.2032,0.762,2.54,1.143,1.1176,1.7272,2.7178,1,300,1,3
B00036,B00036_R2,346,9,10,0.762,0.2032,982.27,0.2032,1.9812,985.22,48,48,-2.95,0.2032,0.762,1.0668,0.7112,1.1176,1.7272,1.4224,1,300,1,2
B00036,B00036_R1,347,10,10,0.762,0.2032,982.27,0.2032,1.9812,985.22,48,48,-2.95,2.54,0.762,1.0668,2.032,2.3368,3.556,3.2512,3,300,0,3
B00037,B00037_R1,348,1,9,1.6764,0.7112,887.39,0.2032,1.6002,869.08,43,43,18.31,0.762,2.032,2.54,1.9812,3.2512,1.4986,2.3368,3,300,0,2
B00037,B00037_R2,349,2,9,1.6764,0.7112,887.39,0.2032,1.6002,869.08,43,43,18.31,0.2032,0.762,0.762,0.2032,2.032,1.3462,1.1176,1,300,1,1
B00037,B00037_R2,350,3,9,1.6764,0.7112,887.39,0.2032,1.6002,869.08,43,43,18.31,0.2032,0.762,1.9812,0.2032,2.032,1.3462,2.3368,1,300,1,4
B00037,B00037_R1,351,4,9,1.6764,0.7112,887.39,0.2032,1.6002,869.08,43,43,18.31,2.54,1.6002,0.2032,1.6002,2.2606,2.3368,2.3368,2,300,0,3
B00037,B00037_R2,352,5,9,1.6764,0.7112,887.39,0.2032,1.6002,869.08,43,43,18.31,1.9812,0.2032,0.2032,1.6002,0.8128,3.175,3.175,2,300,1,5
B00037,B00037_R2,353,6,9,1.6764,0.7112,887.39,0.2032,1.6002,869.08,43,43,18.31,0.2032,0.762,2.54,1.143,2.032,1.3462,2.7178,1,300,1,2
B00037,B00037_R1,354,7,9,1.6764,0.7112,887.39,0.2032,1.6002,869.08,43,43,18.31,0.2032,0.762,2.286,2.54,2.032,1.3462,3.8608,1,300,0,4
B00037,B00037_R2,355,8,9,1.6764,0.7112,887.39,0.2032,1.6002,869.08,43,43,18.31,2.54,1.143,0.2032,1.6002,1.8034,2.794,2.794,2,300,1,3
B00037,B00037_R1,356,9,9,1.6764,0.7112,887.39,0.2032,1.6002,869.08,43,43,18.31,2.54,1.6002,1.9812,2.54,2.2606,2.3368,1.4986,3,300,0,1
B00038,B00038_R1,357,1,10,2.286,2.54,855.01,0.2032,1.6002,866.88,41,43,-11.87,0.762,0.2032,0.2032,1.9812,3.8608,1.9558,2.3368,2,300,0,6
B00038,B00038_R1,358,2,10,2.286,2.54,855.01,0.2032,1.6002,866.88,41,43,-11.87,2.54,1.9812,1.6764,2.54,0.8128,2.7178,1.4224,3,300,0,2
B00038,B00038_R2,359,3,10,2.286,2.54,855.01,0.2032,1.6002,866.88,41,43,-11.87,2.286,0.2032,0.2032,1.9812,2.3368,3.4798,3.8608,2,300,1,3
B00038,B00038_R1,360,4,10,2.286,2.54,855.01,0.2032,1.6002,866.88,41,43,-11.87,1.6764,2.032,0.2032,1.9812,1.1176,2.413,2.032,2,300,0,3
B00038,B00038_R1,361,5,10,2.286,2.54,855.01,0.2032,1.6002,866.88,41,43,-11.87,0.762,0.7112,0.2032,1.9812,3.8608,1.9558,2.3368,2,300,0,5
B00038,B00038_R1,362,6,10,2.286,2.54,855.01,0.2032,1.6002,866.88,41,43,-11.87,2.286,2.54,2.54,1.9812,0,3.0226,0.8128,3,300,0,1
B00038,B00038_R2,363,7,10,2.286,2.54,855.01,0.2032,1.6002,866.88,41,43,-11.87,2.54,0.762,1.9812,0.7112,2.032,3.175,1.1176,3,300,1,2
B00038,B00038_R1,364,8,10,2.286,2.54,855.01,0.2032,1.6002,866.88,41,43,-11.87,0.762,0.2032,0.4572,0.2032,3.8608,1.9558,0.8128,3,300,0,4
B00038,B00038_R2,365,9,10,2.286,2.54,855.01,0.2032,1.6002,866.88,41,43,-11.87,0.2032,1.143,1.9812,0.2032,3.4798,0.9652,2.7178,1,300,1,1
B00038,B00038_R2,366,10,10,2.286,2.54,855.01,0.2032,1.6002,866.88,41,43,-11.87,1.0668,0.7112,0.2032,1.9812,3.556,2.2606,2.6416,2,300,1,4
B00039,B00039_R2,367,1,10,0.2032,1.9812,795.47,0.2032,1.9812,812.29,40,40,-16.82,1.6764,2.54,0.2032,1.6002,2.032,2.032,2.413,2,300,1,2
B00039,B00039_R1,368,2,10,0.2032,1.9812,795.47,0.2032,1.9812,812.29,40,40,-16.82,2.54,1.6002,2.54,1.9812,2.7178,2.7178,0.889,3,300,0,3
B00039,B00039_R1,369,3,10,0.2032,1.9812,795.47,0.2032,1.9812,812.29,40,40,-16.82,0.2032,1.143,0.762,0.7112,1.3462,1.3462,1.4986,1,300,0,1
B00039,B00039_R2,370,4,10,0.2032,1.9812,795.47,0.2032,1.9812,812.29,40,40,-16.82,1.9812,0.7112,0.2032,1.6002,3.556,3.556,3.175,2,300,1,4
B00039,B00039_R1,371,5,10,0.2032,1.9812,795.47,0.2032,1.9812,812.29,40,40,-16.82,0.2032,0.762,1.9812,0.2032,1.7272,1.7272,2.3368,1,300,0,2
B00039,B00039_R1,372,6,10,0.2032,1.9812,795.47,0.2032,1.9812,812.29,40,40,-16.82,1.6764,2.032,0.2032,1.6002,2.032,2.032,2.413,2,300,0,6
B00039,B00039_R2,373,7,10,0.2032,1.9812,795.47,0.2032,1.9812,812.29,40,40,-16.82,0.2032,1.143,1.6764,0.2032,1.3462,1.3462,2.413,1,300,1,3
B00039,B00039_R2,374,8,10,0.2032,1.9812,795.47,0.2032,1.9812,812.29,40,40,-16.82,0.2032,1.143,1.0668,2.032,1.3462,1.3462,2.2606,1,300,1,1
B00039,B00039_R1,375,9,10,0.2032,1.9812,795.47,0.2032,1.9812,812.29,40,40,-16.82,1.9812,0.2032,0.2032,1.6002,3.556,3.556,3.175,2,300,0,5
B00039,B00039_R1,376,10,10,0.2032,1.9812,795.47,0.2032,1.9812,812.29,40,40,-16.82,2.54,1.143,2.286,0.2032,3.175,3.175,1.1938,3,300,0,4
B00040,B00040_R1,377,1,10,0.2032,1.6002,822.12,0.2032,1.6002,776.64,41,38,45.48,0.4572,0.2032,0.762,0.2032,1.651,1.651,0.8128,3,300,0,1
B00040,B00040_R1,378,2,10,0.2032,1.6002,822.12,0.2032,1.6002,776.64,41,38,45.48,0.2032,1.143,2.286,2.54,0.9652,0.9652,3.4798,1,300,0,4
B00040,B00040_R1,379,3,10,0.2032,1.6002,822.12,0.2032,1.6002,776.64,41,38,45.48,0.2032,0.762,2.286,0.2032,1.3462,1.3462,2.6416,1,300,0,2
B00040,B00040_R1,380,4,10,0.2032,1.6002,822.12,0.2032,1.6002,776.64,41,38,45.48,2.54,1.6002,0.2032,1.6002,2.3368,2.3368,2.3368,2,300,0,3
B00040,B00040_R2,381,5,10,0.2032,1.6002,822.12,0.2032,1.6002,776.64,41,38,45.48,0.762,2.54,0.2032,1.9812,1.4986,1.4986,1.1176,2,300,1,1
B00040,B00040_R2,382,6,10,0.2032,1.6002,822.12,0.2032,1.6002,776.64,41,38,45.48,1.0668,2.032,1.9812,2.54,1.8034,1.8034,1.4224,3,300,1,2
B00040,B00040_R2,383,7,10,0.2032,1.6002,822.12,0.2032,1.6002,776.64,41,38,45.48,0.2032,1.143,1.9812,2.032,0.9652,0.9652,3.175,1,300,1,6
B00040,B00040_R2,384,8,10,0.2032,1.6002,822.12,0.2032,1.6002,776.64,41,38,45.48,0.2032,0.762,2.286,0.2032,1.3462,1.3462,2.6416,1,300,1,5
B00040,B00040_R2,385,9,10,0.2032,1.6002,822.12,0.2032,1.6002,776.64,41,38,45.48,1.6764,2.54,0.2032,1.9812,2.413,2.413,2.032,2,300,1,3
B00040,B00040_R2,386,10,10,0.2032,1.6002,822.12,0.2032,1.6002,776.64,41,38,45.48,0.4572,2.54,1.6764,0.7112,1.1938,1.1938,3.556,3,300,1,4
B00041,B00041_R1,387,1,10,2.286,2.54,858.99,1.9812,2.032,874.63,43,43,-15.64,1.6764,2.032,0.2032,1.6002,1.1176,0.8128,2.413,2,300,0,4
B00041,B00041_R1,388,2,10,2.286,2.54,858.99,1.9812,2.032,874.63,43,43,-15.64,0.2032,0.762,1.0668,2.54,3.8608,3.556,2.6416,1,300,0,2
B00041,B00041_R1,389,3,10,2.286,2.54,858.99,1.9812,2.032,874.63,43,43,-15.64,2.286,2.54,0.4572,0.2032,0,0.8128,4.1656,3,300,0,1
B00041,B00041_R2,390,4,10,2.286,2.54,858.99,1.9812,2.032,874.63,43,43,-15.64,2.54,1.143,0.2032,1.9812,1.651,1.9558,3.175,2,300,1,4
B00041,B00041_R1,391,5,10,2.286,2.54,858.99,1.9812,2.032,874.63,43,43,-15.64,0.762,0.7112,0.2032,1.9812,3.8608,3.556,2.3368,2,300,0,5
B00041,B00041_R2,392,6,10,2.286,2.54,858.99,1.9812,2.032,874.63,43,43,-15.64,0.2032,1.143,0.4572,2.54,3.4798,3.175,1.651,1,300,1,2
B00041,B00041_R1,393,7,10,2.286,2.54,858.99,1.9812,2.032,874.63,43,43,-15.64,1.0668,2.032,0.2032,1.9812,1.7272,1.4224,1.4224,2,300,0,3
B00041,B00041_R2,394,8,10,2.286,2.54,858.99,1.9812,2.032,874.63,43,43,-15.64,1.9812,2.54,0.2032,1.9812,0.8128,0.508,2.3368,2,300,1,5
B00041,B00041_R2,395,9,10,2.286,2.54,858.99,1.9812,2.032,874.63,43,43,-15.64,0.4572,2.54,1.9812,0.7112,2.3368,2.032,3.8608,3,300,1,3
B00041,B00041_R2,396,10,10,2.286,2.54,858.99,1.9812,2.032,874.63,43,43,-15.64,1.9812,2.032,0.2032,1.6002,0.8128,0,2.7178,2,300,1,1
B00042,B00042_R1,397,1,9,0.2032,1.9812,926.31,0.2032,1.9812,950.19,47,46,-23.88,0.2032,1.143,1.0668,2.54,1.3462,1.3462,2.2606,1,300,0,1
B00042,B00042_R2,398,2,9,0.2032,1.9812,926.31,0.2032,1.9812,950.19,47,46,-23.88,0.2032,1.143,0.4572,0.2032,1.3462,1.3462,1.1938,1,300,1,1
B00042,B00042_R1,399,3,9,0.2032,1.9812,926.31,0.2032,1.9812,950.19,47,46,-23.88,0.2032,1.143,1.9812,2.54,1.3462,1.3462,3.175,1,300,0,4
B00042,B00042_R2,400,4,9,0.2032,1.9812,926.31,0.2032,1.9812,950.19,47,46,-23.88,1.9812,0.7112,0.762,0.2032,3.556,3.556,1.7272,3,300,1,2
B00042,B00042_R2,401,5,9,0.2032,1.9812,926.31,0.2032,1.9812,950.19,47,46,-23.88,0.2032,0.762,1.9812,2.54,1.7272,1.7272,3.556,1,300,1,3
B00042,B00042_R2,402,6,9,0.2032,1.9812,926.31,0.2032,1.9812,950.19,47,46,-23.88,1.6764,2.54,0.2032,1.9812,2.032,2.032,2.032,2,300,1,4
B00042,B00042_R1,403,7,9,0.2032,1.9812,926.31,0.2032,1.9812,950.19,47,46,-23.88,2.54,1.9812,0.2032,1.9812,2.9464,2.9464,2.9464,2,300,0,5
B00042,B00042_R1,404,8,9,0.2032,1.9812,926.31,0.2032,1.9812,950.19,47,46,-23.88,1.0668,2.032,0.2032,1.6002,1.4224,1.4224,1.8034,2,300,0,3
B00042,B00042_R1,405,9,9,0.2032,1.9812,926.31,0.2032,1.9812,950.19,47,46,-23.88,1.0668,2.032,0.2032,1.9812,1.4224,1.4224,1.4224,2,300,0,2
B00043,B00043_R1,406,1,10,0.2032,1.9812,983.6,0.2032,1.9812,992.67,50,48,-9.07,1.6764,2.54,0.2032,1.6002,2.032,2.032,2.413,2,300,0,4
B00043,B00043_R1,407,2,10,0.2032,1.9812,983.6,0.2032,1.9812,992.67,50,48,-9.07,0.2032,0.762,0.762,0.2032,1.7272,1.7272,1.1176,1,300,0,1
B00043,B00043_R2,408,3,10,0.2032,1.9812,983.6,0.2032,1.9812,992.67,50,48,-9.07,1.9812,2.54,0.2032,1.6002,2.3368,2.3368,2.7178,2,300,1,4
B00043,B00043_R1,409,4,10,0.2032,1.9812,983.6,0.2032,1.9812,992.67,50,48,-9.07,0.2032,0.762,0.762,2.032,1.7272,1.7272,2.3368,1,300,0,3
B00043,B00043_R2,410,5,10,0.2032,1.9812,983.6,0.2032,1.9812,992.67,50,48,-9.07,0.4572,0.2032,0.2032,1.9812,2.032,2.032,2.032,2,300,1,5
B00043,B00043_R2,411,6,10,0.2032,1.9812,983.6,0.2032,1.9812,992.67,50,48,-9.07,0.2032,1.143,1.0668,0.2032,1.3462,1.3462,1.8034,1,300,1,1
B00043,B00043_R2,412,7,10,0.2032,1.9812,983.6,0.2032,1.9812,992.67,50,48,-9.07,1.9812,0.7112,1.9812,2.032,3.556,3.556,2.9464,3,300,1,3
B00043,B00043_R1,413,8,10,0.2032,1.9812,983.6,0.2032,1.9812,992.67,50,48,-9.07,1.6764,0.2032,0.2032,1.9812,3.2512,3.2512,3.2512,2,300,0,5
B00043,B00043_R1,414,9,10,0.2032,1.9812,983.6,0.2032,1.9812,992.67,50,48,-9.07,0.762,0.7112,0.2032,1.9812,2.3368,2.3368,2.3368,2,300,0,2
B00043,B00043_R2,415,10,10,0.2032,1.9812,983.6,0.2032,1.9812,992.67,50,48,-9.07,0.4572,0.2032,2.54,0.762,2.032,2.032,2.6416,3,300,1,2
B00044,B00044_R1,416,1,9,0.2032,1.9812,1067.36,0.2032,1.9812,1040.15,53,51,27.21,0.2032,0.762,1.9812,0.7112,1.7272,1.7272,2.3368,1,300,0,1
B00044,B00044_R2,417,2,9,0.2032,1.9812,1067.36,0.2032,1.9812,1040.15,53,51,27.21,2.54,1.9812,0.762,2.032,2.9464,2.9464,2.3368,3,300,1,2
B00044,B00044_R1,418,3,9,0.2032,1.9812,1067.36,0.2032,1.9812,1040.15,53,51,27.21,0.2032,0.762,0.762,2.54,1.7272,1.7272,2.3368,1,300,0,3
B00044,B00044_R2,419,4,9,0.2032,1.9812,1067.36,0.2032,1.9812,1040.15,53,51,27.21,0.2032,1.143,2.54,1.143,1.3462,1.3462,2.3368,1,300,1,1
B00044,B00044_R1,420,5,9,0.2032,1.9812,1067.36,0.2032,1.9812,1040.15,53,51,27.21,0.4572,2.54,2.54,1.143,0.8128,0.8128,3.4798,3,300,0,4
B00044,B00044_R1,421,6,9,0.2032,1.9812,1067.36,0.2032,1.9812,1040.15,53,51,27.21,1.9812,0.7112,0.2032,1.6002,3.556,3.556,3.175,2,300,0,2
B00044,B00044_R2,422,7,9,0.2032,1.9812,1067.36,0.2032,1.9812,1040.15,53,51,27.21,0.2032,1.143,1.9812,2.54,1.3462,1.3462,3.175,1,300,1,5
B00044,B00044_R2,423,8,9,0.2032,1.9812,1067.36,0.2032,1.9812,1040.15,53,51,27.21,0.762,0.7112,0.2032,1.6002,2.3368,2.3368,1.9558,2,300,1,4
B00044,B00044_R2,424,9,9,0.2032,1.9812,1067.36,0.2032,1.9812,1040.15,53,51,27.21,1.0668,2.54,0.2032,1.9812,1.4224,1.4224,1.4224,2,300,1,3
B00045,B00045_R1,425,1,10,2.54,1.143,1123.77,1.9812,2.54,1119.09,55,55,4.68,0.2032,0.762,2.54,0.762,2.7178,3.556,2.9464,1,300,0,5
B00045,B00045_R2,426,2,10,2.54,1.143,1123.77,1.9812,2.54,1119.09,55,55,4.68,0.762,2.54,0.2032,1.9812,3.175,1.7272,1.1176,2,300,1,3
B00045,B00045_R1,427,3,10,2.54,1.143,1123.77,1.9812,2.54,1119.09,55,55,4.68,0.2032,0.762,1.6764,2.032,2.7178,3.556,3.2512,1,300,0,3
B00045,B00045_R2,428,4,10,2.54,1.143,1123.77,1.9812,2.54,1119.09,55,55,4.68,1.0668,0.2032,0.2032,1.9812,2.413,3.2512,2.6416,2,300,1,5
B00045,B00045_R1,429,5,10,2.54,1.143,1123.77,1.9812,2.54,1119.09,55,55,4.68,0.2032,1.143,0.762,0.7112,2.3368,3.175,1.4986,1,300,0,1
B00045,B00045_R2,430,6,10,2.54,1.143,1123.77,1.9812,2.54,1119.09,55,55,4.68,1.9812,0.7112,0.2032,1.9812,1.4986,2.9464,3.556,2,300,1,2
B00045,B00045_R1,431,7,10,2.54,1.143,1123.77,1.9812,2.54,1119.09,55,55,4.68,1.0668,0.7112,0.762,0.7112,2.413,3.2512,0.8128,3,300,0,2
B00045,B00045_R2,432,8,10,2.54,1.143,1123.77,1.9812,2.54,1119.09,55,55,4.68,1.9812,2.54,1.9812,0.2032,1.9558,0,2.9464,3,300,1,1
B00045,B00045_R1,433,9,10,2.54,1.143,1123.77,1.9812,2.54,1119.09,55,55,4.68,1.6764,2.032,0.2032,1.6002,2.2606,0.8128,2.413,2,300,0,4
B00045,B00045_R2,434,10,10,2.54,1.143,1123.77,1.9812,2.54,1119.09,55,55,4.68,0.2032,1.143,2.54,0.762,2.3368,3.175,2.7178,1,300,1,4
B00046,B00046_R2,435,1,9,2.54,0.762,1140.7,0.2032,1.9812,1131.5,57,56,9.2,0.762,2.54,0.2032,1.6002,3.556,1.1176,1.4986,2,300,1,3
B00046,B00046_R1,436,2,9,2.54,0.762,1140.7,0.2032,1.9812,1131.5,57,56,9.2,0.2032,0.762,0.4572,0.2032,2.9464,1.7272,0.8128,1,300,0,3
B00046,B00046_R2,437,3,9,2.54,0.762,1140.7,0.2032,1.9812,1131.5,57,56,9.2,0.4572,2.54,0.2032,1.9812,3.8608,0.8128,0.8128,2,300,1,1
B00046,B00046_R1,438,4,9,2.54,0.762,1140.7,0.2032,1.9812,1131.5,57,56,9.2,2.54,1.6002,0.2032,1.9812,1.3462,2.7178,2.7178,2,300,0,2
B00046,B00046_R2,439,5,9,2.54,0.762,1140.7,0.2032,1.9812,1131.5,57,56,9.2,0.762,2.54,0.2032,1.9812,3.556,1.1176,1.1176,2,300,1,2
B00046,B00046_R2,440,6,9,2.54,0.762,1140.7,0.2032,1.9812,1131.5,57,56,9.2,0.2032,1.143,1.0668,0.2032,2.7178,1.3462,1.8034,1,300,1,4
B00046,B00046_R1,441,7,9,2.54,0.762,1140.7,0.2032,1.9812,1131.5,57,56,9.2,0.2032,1.143,0.762,2.032,2.7178,1.3462,1.9558,1,300,0,4
B00046,B00046_R2,442,8,9,2.54,0.762,1140.7,0.2032,1.9812,1131.5,57,56,9.2,0.762,0.7112,0.2032,1.9812,2.3368,2.3368,2.3368,2,300,1,5
B00046,B00046_R1,443,9,9,2.54,0.762,1140.7,0.2032,1.9812,1131.5,57,56,9.2,1.9812,0.7112,2.54,1.6002,1.1176,3.556,1.9558,3,300,0,1
B00047,B00047_R2,444,1,10,0.762,2.032,1108.84,0.2032,1.9812,1114.06,56,56,-5.22,0.2032,0.762,2.54,0.762,2.3368,1.7272,2.9464,1,300,1,5
B00047,B00047_R1,445,2,10,0.762,2.032,1108.84,0.2032,1.9812,1114.06,56,56,-5.22,1.0668,2.032,1.6764,2.54,0.8128,1.4224,1.1176,3,300,0,1
B00047,B00047_R2,446,3,10,0.762,2.032,1108.84,0.2032,1.9812,1114.06,56,56,-5.22,0.2032,1.143,0.4572,2.54,1.9558,1.3462,1.651,1,300,1,1
B00047,B00047_R1,447,4,10,0.762,2.032,1108.84,0.2032,1.9812,1114.06,56,56,-5.22,2.286,2.54,0.2032,1.9812,2.032,2.6416,2.6416,2,300,0,3
B00047,B00047_R1,448,5,10,0.762,2.032,1108.84,0.2032,1.9812,1114.06,56,56,-5.22,0.2032,0.762,1.6764,0.2032,2.3368,1.7272,2.032,1,300,0,4
B00047,B00047_R1,449,6,10,0.762,2.032,1108.84,0.2032,1.9812,1114.06,56,56,-5.22,1.0668,2.032,1.6764,2.54,0.8128,1.4224,1.1176,3,300,0,2
B00047,B00047_R2,450,7,10,0.762,2.032,1108.84,0.2032,1.9812,1114.06,56,56,-5.22,0.2032,0.762,1.0668,0.2032,2.3368,1.7272,1.4224,1,300,1,2
B00047,B00047_R2,451,8,10,0.762,2.032,1108.84,0.2032,1.9812,1114.06,56,56,-5.22,0.2032,0.762,0.762,2.032,2.3368,1.7272,2.3368,1,300,1,3
B00047,B00047_R1,452,9,10,0.762,2.032,1108.84,0.2032,1.9812,1114.06,56,56,-5.22,0.2032,0.762,2.54,1.6002,2.3368,1.7272,3.175,1,300,0,5
B00047,B00047_R2,453,10,10,0.762,2.032,1108.84,0.2032,1.9812,1114.06,56,56,-5.22,0.2032,1.143,1.9812,0.7112,1.9558,1.3462,2.7178,1,300,1,4
B00048,B00048_R1,454,1,10,2.54,1.6002,1171.44,2.54,0.762,1188.21,59,59,-16.77,1.6764,2.54,1.9812,2.032,1.8034,2.6416,0.8128,3,300,0,1
B00048,B00048_R1,455,2,10,2.54,1.6002,1171.44,2.54,0.762,1188.21,59,59,-16.77,1.9812,2.032,1.9812,2.54,1.4986,2.3368,0.508,3,300,0,2
B00048,B00048_R1,456,3,10,2.54,1.6002,1171.44,2.54,0.762,1188.21,59,59,-16.77,0.2032,1.143,1.9812,2.54,2.794,2.7178,3.175,1,300,0,6
B00048,B00048_R1,457,4,10,2.54,1.6002,1171.44,2.54,0.762,1188.21,59,59,-16.77,1.0668,0.7112,0.2032,1.6002,2.8702,2.032,2.2606,2,300,0,3
B00048,B00048_R2,458,5,10,2.54,1.6002,1171.44,2.54,0.762,1188.21,59,59,-16.77,0.2032,1.143,1.9812,2.032,2.794,2.7178,3.175,1,300,1,3
B00048,B00048_R2,459,6,10,2.54,1.6002,1171.44,2.54,0.762,1188.21,59,59,-16.77,1.9812,0.2032,0.2032,1.6002,1.9558,1.1176,3.175,2,300,1,1
B00048,B00048_R1,460,7,10,2.54,1.6002,1171.44,2.54,0.762,1188.21,59,59,-16.77,1.0668,0.2032,0.2032,1.9812,2.8702,2.032,2.6416,2,300,0,5
B00048,B00048_R1,461,8,10,2.54,1.6002,1171.44,2.54,0.762,1188.21,59,59,-16.77,0.2032,1.143,2.54,1.6002,2.794,2.7178,2.794,1,300,0,4
B00048,B00048_R2,462,9,10,2.54,1.6002,1171.44,2.54,0.762,1188.21,59,59,-16.77,1.9812,0.7112,1.0668,2.54,1.9558,1.1176,3.2512,3,300,1,4
B00048,B00048_R2,463,10,10,2.54,1.6002,1171.44,2.54,0.762,1188.21,59,59,-16.77,0.762,0.7112,0.2032,1.9812,3.175,2.3368,2.3368,2,300,1,2
B00049,B00049_R2,464,1,9,1.9812,2.54,1225.66,1.0668,2.54,1225.7,62,60,-0.04,0.2032,1.143,1.0668,0.2032,3.175,2.2606,1.8034,1,300,1,1
B00049,B00049_R2,465,2,9,1.9812,2.54,1225.66,1.0668,2.54,1225.7,62,60,-0.04,1.0668,0.2032,1.9812,0.7112,3.2512,2.9464,1.4224,3,300,1,2
B00049,B00049_R1,466,3,9,1.9812,2.54,1225.66,1.0668,2.54,1225.7,62,60,-0.04,2.54,0.762,0.2032,1.9812,2.3368,3.2512,3.556,2,300,0,3
B00049,B00049_R2,467,4,9,1.9812,2.54,1225.66,1.0668,2.54,1225.7,62,60,-0.04,1.9812,0.2032,0.2032,1.9812,2.9464,3.2512,3.556,2,300,1,4
B00049,B00049_R2,468,5,9,1.9812,2.54,1225.66,1.0668,2.54,1225.7,62,60,-0.04,0.2032,1.143,1.0668,2.54,3.175,2.2606,2.2606,1,300,1,5
B00049,B00049_R1,469,6,9,1.9812,2.54,1225.66,1.0668,2.54,1225.7,62,60,-0.04,2.54,1.6002,0.2032,1.6002,1.4986,2.413,2.3368,2,300,0,1
B00049,B00049_R1,470,7,9,1.9812,2.54,1225.66,1.0668,2.54,1225.7,62,60,-0.04,2.54,1.143,0.2032,1.6002,1.9558,2.8702,2.794,2,300,0,4
B00049,B00049_R1,471,8,9,1.9812,2.54,1225.66,1.0668,2.54,1225.7,62,60,-0.04,0.2032,1.143,1.9812,0.7112,3.175,2.2606,2.7178,1,300,0,2
B00049,B00049_R2,472,9,9,1.9812,2.54,1225.66,1.0668,2.54,1225.7,62,60,-0.04,2.286,0.2032,1.6764,0.7112,2.6416,3.556,1.1176,3,300,1,3
B00050,B00050_R2,473,1,10,0.2032,1.6002,1236.78,1.0668,2.54,1238.11,62,61,-1.33,1.6764,0.2032,0.2032,1.9812,2.8702,2.9464,3.2512,2,300,1,3
B00050,B00050_R2,474,2,10,0.2032,1.6002,1236.78,1.0668,2.54,1238.11,62,61,-1.33,0.2032,0.762,1.6764,2.54,1.3462,2.6416,3.2512,1,300,1,5
B00050,B00050_R1,475,3,10,0.2032,1.6002,1236.78,1.0668,2.54,1238.11,62,61,-1.33,0.762,0.2032,1.0668,2.032,1.9558,3.2512,3.2512,3,300,0,5
B00050,B00050_R1,476,4,10,0.2032,1.6002,1236.78,1.0668,2.54,1238.11,62,61,-1.33,0.2032,0.762,2.286,2.54,1.3462,2.6416,3.8608,1,300,0,3
B00050,B00050_R2,477,5,10,0.2032,1.6002,1236.78,1.0668,2.54,1238.11,62,61,-1.33,0.4572,0.2032,1.0668,2.54,1.651,2.9464,2.9464,3,300,1,4
B00050,B00050_R2,478,6,10,0.2032,1.6002,1236.78,1.0668,2.54,1238.11,62,61,-1.33,1.0668,2.032,0.2032,1.9812,1.8034,0.508,1.4224,2,300,1,1
B00050,B00050_R1,479,7,10,0.2032,1.6002,1236.78,1.0668,2.54,1238.11,62,61,-1.33,0.762,0.2032,0.2032,1.6002,1.9558,3.2512,1.9558,2,300,0,2
B00050,B00050_R2,480,8,10,0.2032,1.6002,1236.78,1.0668,2.54,1238.11,62,61,-1.33,0.2032,1.143,1.6764,0.2032,0.9652,2.2606,2.413,1,300,1,2
B00050,B00050_R1,481,9,10,0.2032,1.6002,1236.78,1.0668,2.54,1238.11,62,61,-1.33,2.54,1.6002,0.2032,1.6002,2.3368,2.413,2.3368,2,300,0,4
B00050,B00050_R1,482,10,10,0.2032,1.6002,1236.78,1.0668,2.54,1238.11,62,61,-1.33,0.2032,0.762,0.762,0.2032,1.3462,2.6416,1.1176,1,300,0,1
B00051,B00051_R2,483,1,9,1.0668,2.032,1246.12,1.6764,2.54,1241.12,62,61,5,0.2032,1.143,1.6764,2.54,2.2606,2.8702,2.8702,1,300,1,5
B00051,B00051_R2,484,2,9,1.0668,2.032,1246.12,1.6764,2.54,1241.12,62,61,5,0.2032,0.762,2.54,1.6002,2.6416,3.2512,3.175,1,300,1,4
B00051,B00051_R1,485,3,9,1.0668,2.032,1246.12,1.6764,2.54,1241.12,62,61,5,0.2032,0.762,2.54,1.9812,2.6416,3.2512,3.556,1,300,0,4
B00051,B00051_R2,486,4,9,1.0668,2.032,1246.12,1.6764,2.54,1241.12,62,61,5,0.2032,0.762,1.9812,0.7112,2.6416,3.2512,2.3368,1,300,1,3
B00051,B00051_R1,487,5,9,1.0668,2.032,1246.12,1.6764,2.54,1241.12,62,61,5,1.0668,0.2032,2.54,1.6002,2.9464,2.9464,2.8702,3,300,0,3
B00051,B00051_R2,488,6,9,1.0668,2.032,1246.12,1.6764,2.54,1241.12,62,61,5,1.9812,2.032,0.4572,2.54,1.4224,0.8128,2.032,3,300,1,1
B00051,B00051_R2,489,7,9,1.0668,2.032,1246.12,1.6764,2.54,1241.12,62,61,5,0.2032,1.143,0.762,0.2032,2.2606,2.8702,1.4986,1,300,1,2
B00051,B00051_R1,490,8,9,1.0668,2.032,1246.12,1.6764,2.54,1241.12,62,61,5,0.2032,1.143,1.9812,0.7112,2.2606,2.8702,2.7178,1,300,0,2
B00051,B00051_R1,491,9,9,1.0668,2.032,1246.12,1.6764,2.54,1241.12,62,61,5,0.2032,0.762,0.4572,2.54,2.6416,3.2512,2.032,1,300,0,1
B00052,B00052_R2,492,1,9,2.54,1.9812,1319.88,1.6764,2.54,1320.68,64,64,-0.8,0.4572,0.2032,1.6764,0.7112,3.8608,3.556,1.7272,3,300,1,2
B00052,B00052_R2,493,2,9,2.54,1.9812,1319.88,1.6764,2.54,1320.68,64,64,-0.8,1.0668,0.2032,0.2032,1.6002,3.2512,2.9464,2.2606,2,300,1,3
B00052,B00052_R1,494,3,9,2.54,1.9812,1319.88,1.6764,2.54,1320.68,64,64,-0.8,0.2032,0.762,1.9812,0.7112,3.556,3.2512,2.3368,1,300,0,2
B00052,B00052_R2,495,4,9,2.54,1.9812,1319.88,1.6764,2.54,1320.68,64,64,-0.8,1.6764,2.54,0.2032,1.9812,1.4224,0,2.032,2,300,1,1
B00052,B00052_R1,496,5,9,2.54,1.9812,1319.88,1.6764,2.54,1320.68,64,64,-0.8,1.9812,0.2032,1.6764,2.54,2.3368,3.2512,3.2512,3,300,0,3
B00052,B00052_R2,497,6,9,2.54,1.9812,1319.88,1.6764,2.54,1320.68,64,64,-0.8,0.762,0.2032,1.9812,2.032,3.556,3.2512,3.556,3,300,1,5
B00052,B00052_R1,498,7,9,2.54,1.9812,1319.88,1.6764,2.54,1320.68,64,64,-0.8,2.286,0.2032,0.2032,1.9812,2.032,2.9464,3.8608,2,300,0,4
B00052,B00052_R1,499,8,9,2.54,1.9812,1319.88,1.6764,2.54,1320.68,64,64,-0.8,1.0668,0.7112,0.2032,1.6002,3.2512,2.9464,2.2606,2,300,0,1
B00052,B00052_R2,500,9,9,2.54,1.9812,1319.88,1.6764,2.54,1320.68,64,64,-0.8,0.2032,1.143,0.762,2.032,3.175,2.8702,1.9558,1,300,1,4
B00053,B00053_R1,501,1,9,0.2032,1.9812,1354.36,1.9812,2.032,1350.23,65,66,4.13,1.0668,2.54,0.2032,1.6002,1.4224,1.4224,1.8034,2,300,0,1
B00053,B00053_R1,502,2,9,0.2032,1.9812,1354.36,1.9812,2.032,1350.23,65,66,4.13,0.762,0.2032,0.2032,1.9812,2.3368,3.556,2.3368,2,300,0,2
B00053,B00053_R2,503,3,9,0.2032,1.9812,1354.36,1.9812,2.032,1350.23,65,66,4.13,2.54,1.6002,0.2032,1.6002,2.7178,1.4986,2.3368,2,300,1,1
B00053,B00053_R1,504,4,9,0.2032,1.9812,1354.36,1.9812,2.032,1350.23,65,66,4.13,1.0668,0.2032,0.2032,1.9812,2.6416,3.2512,2.6416,2,300,0,4
B00053,B00053_R2,505,5,9,0.2032,1.9812,1354.36,1.9812,2.032,1350.23,65,66,4.13,2.54,0.762,0.2032,1.6002,3.556,2.3368,3.175,2,300,1,3
B00053,B00053_R2,506,6,9,0.2032,1.9812,1354.36,1.9812,2.032,1350.23,65,66,4.13,0.2032,0.762,2.54,0.762,1.7272,3.556,2.9464,1,300,1,4
B00053,B00053_R2,507,7,9,0.2032,1.9812,1354.36,1.9812,2.032,1350.23,65,66,4.13,0.2032,1.143,2.54,0.762,1.3462,3.175,2.7178,1,300,1,2
B00053,B00053_R2,508,8,9,0.2032,1.9812,1354.36,1.9812,2.032,1350.23,65,66,4.13,2.286,0.2032,0.2032,1.9812,3.8608,2.6416,3.8608,2,300,1,5
B00053,B00053_R1,509,9,9,0.2032,1.9812,1354.36,1.9812,2.032,1350.23,65,66,4.13,0.762,2.032,1.6764,0.2032,1.1176,1.7272,3.2512,3,300,0,3
B00054,B00054_R1,510,1,10,0.2032,1.9812,1301.76,0.2032,1.9812,1310.14,62,64,-8.38,1.6764,2.54,0.2032,1.9812,2.032,2.032,2.032,2,300,0,2
B00054,B00054_R1,511,2,10,0.2032,1.9812,1301.76,0.2032,1.9812,1310.14,62,64,-8.38,0.2032,0.762,2.54,1.143,1.7272,1.7272,2.7178,1,300,0,3
B00054,B00054_R2,512,3,10,0.2032,1.9812,1301.76,0.2032,1.9812,1310.14,62,64,-8.38,0.4572,2.54,2.54,1.9812,0.8128,0.8128,2.6416,3,300,1,1
B00054,B00054_R2,513,4,10,0.2032,1.9812,1301.76,0.2032,1.9812,1310.14,62,64,-8.38,2.54,0.762,0.2032,1.9812,3.556,3.556,3.556,2,300,1,5
B00054,B00054_R1,514,5,10,0.2032,1.9812,1301.76,0.2032,1.9812,1310.14,62,64,-8.38,1.0668,2.54,0.2032,1.9812,1.4224,1.4224,1.4224,2,300,0,1
B00054,B00054_R2,515,6,10,0.2032,1.9812,1301.76,0.2032,1.9812,1310.14,62,64,-8.38,2.54,1.143,0.2032,1.9812,3.175,3.175,3.175,2,300,1,3
B00054,B00054_R2,516,7,10,0.2032,1.9812,1301.76,0.2032,1.9812,1310.14,62,64,-8.38,0.2032,1.143,1.9812,2.032,1.3462,1.3462,3.175,1,300,1,4
B00054,B00054_R1,517,8,10,0.2032,1.9812,1301.76,0.2032,1.9812,1310.14,62,64,-8.38,1.9812,0.2032,0.2032,1.9812,3.556,3.556,3.556,2,300,0,5
B00054,B00054_R1,518,9,10,0.2032,1.9812,1301.76,0.2032,1.9812,1310.14,62,64,-8.38,2.54,1.143,0.2032,1.6002,3.175,3.175,2.794,2,300,0,4
B00054,B00054_R2,519,10,10,0.2032,1.9812,1301.76,0.2032,1.9812,1310.14,62,64,-8.38,2.54,1.6002,2.54,1.143,2.7178,2.7178,0.9652,3,300,1,2
B00055,B00055_R1,520,1,9,0.2032,1.9812,1375.41,0.2032,1.9812,1381.47,65,67,-6.06,0.762,2.54,0.4572,2.54,1.1176,1.1176,0.8128,3,300,0,1
B00055,B00055_R2,521,2,9,0.2032,1.9812,1375.41,0.2032,1.9812,1381.47,65,67,-6.06,1.6764,2.032,2.54,1.9812,2.032,2.032,1.4224,3,300,1,4
B00055,B00055_R1,522,3,9,0.2032,1.9812,1375.41,0.2032,1.9812,1381.47,65,67,-6.06,0.2032,0.762,0.762,0.2032,1.7272,1.7272,1.1176,1,300,0,3
B00055,B00055_R1,523,4,9,0.2032,1.9812,1375.41,0.2032,1.9812,1381.47,65,67,-6.06,0.762,2.032,0.2032,1.6002,1.1176,1.1176,1.4986,2,300,0,2
B00055,B00055_R2,524,5,9,0.2032,1.9812,1375.41,0.2032,1.9812,1381.47,65,67,-6.06,0.2032,1.143,0.4572,2.54,1.3462,1.3462,1.651,1,300,1,1
B00055,B00055_R1,525,6,9,0.2032,1.9812,1375.41,0.2032,1.9812,1381.47,65,67,-6.06,0.2032,0.762,1.9812,0.7112,1.7272,1.7272,2.3368,1,300,0,4
B00055,B00055_R2,526,7,9,0.2032,1.9812,1375.41,0.2032,1.9812,1381.47,65,67,-6.06,0.4572,2.54,0.4572,0.2032,0.8128,0.8128,2.3368,3,300,1,2
B00055,B00055_R2,527,8,9,0.2032,1.9812,1375.41,0.2032,1.9812,1381.47,65,67,-6.06,0.4572,0.2032,0.762,2.032,2.032,2.032,2.6416,3,300,1,3
B00055,B00055_R1,528,9,9,0.2032,1.9812,1375.41,0.2032,1.9812,1381.47,65,67,-6.06,1.9812,0.7112,0.2032,1.9812,3.556,3.556,3.556,2,300,0,5
B00056,B00056_R1,529,1,9,0.2032,1.9812,1219.12,2.54,1.9812,1194.61,58,59,24.51,0.4572,2.54,0.2032,1.6002,0.8128,2.6416,1.1938,2,300,0,2
B00056,B00056_R1,530,2,9,0.2032,1.9812,1219.12,2.54,1.9812,1194.61,58,59,24.51,0.4572,2.54,0.2032,1.9812,0.8128,2.6416,0.8128,2,300,0,1
B00056,B00056_R2,531,3,9,0.2032,1.9812,1219.12,2.54,1.9812,1194.61,58,59,24.51,0.2032,1.143,1.9812,2.54,1.3462,3.175,3.175,1,300,1,5
B00056,B00056_R1,532,4,9,0.2032,1.9812,1219.12,2.54,1.9812,1194.61,58,59,24.51,0.2032,1.143,1.6764,2.032,1.3462,3.175,2.8702,1,300,0,3
B00056,B00056_R2,533,5,9,0.2032,1.9812,1219.12,2.54,1.9812,1194.61,58,59,24.51,1.9812,2.54,0.2032,1.9812,2.3368,1.1176,2.3368,2,300,1,1
B00056,B00056_R1,534,6,9,0.2032,1.9812,1219.12,2.54,1.9812,1194.61,58,59,24.51,1.0668,2.54,0.2032,1.9812,1.4224,2.032,1.4224,2,300,0,4
B00056,B00056_R2,535,7,9,0.2032,1.9812,1219.12,2.54,1.9812,1194.61,58,59,24.51,1.0668,0.2032,0.2032,1.6002,2.6416,3.2512,2.2606,2,300,1,4
B00056,B00056_R2,536,8,9,0.2032,1.9812,1219.12,2.54,1.9812,1194.61,58,59,24.51,2.54,1.143,2.54,0.762,3.175,1.3462,0.889,3,300,1,3
B00056,B00056_R2,537,9,9,0.2032,1.9812,1219.12,2.54,1.9812,1194.61,58,59,24.51,0.2032,1.143,2.54,1.143,1.3462,3.175,2.3368,1,300,1,2
B00057,B00057_R1,538,1,10,0.2032,1.9812,1249.27,1.9812,2.54,1258.02,60,62,-8.75,1.6764,0.2032,0.2032,1.9812,3.2512,3.2512,3.2512,2,300,0,4
B00057,B00057_R2,539,2,10,0.2032,1.9812,1249.27,1.9812,2.54,1258.02,60,62,-8.75,2.54,0.762,0.2032,1.9812,3.556,2.3368,3.556,2,300,1,3
B00057,B00057_R2,540,3,10,0.2032,1.9812,1249.27,1.9812,2.54,1258.02,60,62,-8.75,0.2032,0.762,1.9812,2.032,1.7272,3.556,3.556,1,300,1,5
B00057,B00057_R1,541,4,10,0.2032,1.9812,1249.27,1.9812,2.54,1258.02,60,62,-8.75,0.2032,1.143,1.9812,0.7112,1.3462,3.175,2.7178,1,300,0,3
B00057,B00057_R1,542,5,10,0.2032,1.9812,1249.27,1.9812,2.54,1258.02,60,62,-8.75,0.4572,2.54,1.6764,2.54,0.8128,2.032,1.7272,3,300,0,1
B00057,B00057_R2,543,6,10,0.2032,1.9812,1249.27,1.9812,2.54,1258.02,60,62,-8.75,1.9812,2.032,0.2032,1.9812,2.3368,0.508,2.3368,2,300,1,1
B00057,B00057_R2,544,7,10,0.2032,1.9812,1249.27,1.9812,2.54,1258.02,60,62,-8.75,0.2032,0.762,1.0668,2.032,1.7272,3.556,2.6416,1,300,1,4
B00057,B00057_R1,545,8,10,0.2032,1.9812,1249.27,1.9812,2.54,1258.02,60,62,-8.75,0.2032,1.143,1.9812,2.54,1.3462,3.175,3.175,1,300,0,5
B00057,B00057_R1,546,9,10,0.2032,1.9812,1249.27,1.9812,2.54,1258.02,60,62,-8.75,2.54,1.143,0.2032,1.9812,3.175,1.9558,3.175,2,300,0,2
B00057,B00057_R2,547,10,10,0.2032,1.9812,1249.27,1.9812,2.54,1258.02,60,62,-8.75,0.2032,1.143,2.54,1.6002,1.3462,3.175,2.794,1,300,1,2
B00058,B00058_R2,548,1,9,1.9812,2.54,1212.92,1.9812,2.032,1241.52,58,60,-28.6,0.4572,2.54,1.6764,2.032,2.032,2.032,1.7272,3,300,1,1
B00058,B00058_R1,549,2,9,1.9812,2.54,1212.92,1.9812,2.032,1241.52,58,60,-28.6,0.2032,0.762,1.9812,2.032,3.556,3.556,3.556,1,300,0,5
B00058,B00058_R2,550,3,9,1.9812,2.54,1212.92,1.9812,2.032,1241.52,58,60,-28.6,0.2032,1.143,2.286,2.54,3.175,3.175,3.4798,1,300,1,4
B00058,B00058_R1,551,4,9,1.9812,2.54,1212.92,1.9812,2.032,1241.52,58,60,-28.6,2.286,2.54,0.2032,1.6002,0.8128,0.8128,3.0226,2,300,0,1
B00058,B00058_R2,552,5,9,1.9812,2.54,1212.92,1.9812,2.032,1241.52,58,60,-28.6,0.2032,0.762,2.54,1.6002,3.556,3.556,3.175,1,300,1,3
B00058,B00058_R2,553,6,9,1.9812,2.54,1212.92,1.9812,2.032,1241.52,58,60,-28.6,0.762,2.032,0.2032,1.6002,1.7272,1.7272,1.4986,2,300,1,2
B00058,B00058_R1,554,7,9,1.9812,2.54,1212.92,1.9812,2.032,1241.52,58,60,-28.6,2.54,0.762,2.54,1.9812,2.3368,2.3368,1.7272,3,300,0,3
B00058,B00058_R1,555,8,9,1.9812,2.54,1212.92,1.9812,2.032,1241.52,58,60,-28.6,1.9812,0.2032,0.2032,1.6002,2.9464,2.9464,3.175,2,300,0,4
B00058,B00058_R1,556,9,9,1.9812,2.54,1212.92,1.9812,2.032,1241.52,58,60,-28.6,0.2032,0.762,2.54,0.762,3.556,3.556,2.9464,1,300,0,2
B00059,B00059_R1,557,1,9,1.9812,2.032,1284.15,2.286,2.54,1295.33,61,63,-11.18,0.2032,1.143,2.286,0.2032,3.175,3.4798,3.0226,1,300,0,5
B00059,B00059_R2,558,2,9,1.9812,2.032,1284.15,2.286,2.54,1295.33,61,63,-11.18,0.2032,0.762,1.6764,2.54,3.556,3.8608,3.2512,1,300,1,4
B00059,B00059_R1,559,3,9,1.9812,2.032,1284.15,2.286,2.54,1295.33,61,63,-11.18,1.9812,2.54,0.2032,1.6002,0.508,0.8128,2.7178,2,300,0,1
B00059,B00059_R2,560,4,9,1.9812,2.032,1284.15,2.286,2.54,1295.33,61,63,-11.18,1.6764,2.54,0.2032,1.9812,0.8128,1.1176,2.032,2,300,1,1
B00059,B00059_R2,561,5,9,1.9812,2.032,1284.15,2.286,2.54,1295.33,61,63,-11.18,1.0668,2.54,0.2032,1.6002,1.4224,1.7272,1.8034,2,300,1,2
B00059,B00059_R2,562,6,9,1.9812,2.032,1284.15,2.286,2.54,1295.33,61,63,-11.18,0.2032,0.762,0.762,0.2032,3.556,3.8608,1.1176,1,300,1,3
B00059,B00059_R1,563,7,9,1.9812,2.032,1284.15,2.286,2.54,1295.33,61,63,-11.18,0.2032,0.762,0.762,2.54,3.556,3.8608,2.3368,1,300,0,3
B00059,B00059_R1,564,8,9,1.9812,2.032,1284.15,2.286,2.54,1295.33,61,63,-11.18,1.0668,2.032,0.2032,1.9812,1.4224,1.7272,1.4224,2,300,0,4
B00059,B00059_R1,565,9,9,1.9812,2.032,1284.15,2.286,2.54,1295.33,61,63,-11.18,0.2032,1.143,0.4572,0.2032,3.175,3.4798,1.1938,1,300,0,2
B00060,B00060_R2,566,1,9,2.286,0.2032,1253.2,1.6764,2.54,1247.76,59,59,5.44,0.2032,0.762,1.6764,0.2032,2.6416,3.2512,2.032,1,300,1,4
B00060,B00060_R1,567,2,9,2.286,0.2032,1253.2,1.6764,2.54,1247.76,59,59,5.44,0.2032,1.143,2.54,1.9812,3.0226,2.8702,3.175,1,300,0,4
B00060,B00060_R2,568,3,9,2.286,0.2032,1253.2,1.6764,2.54,1247.76,59,59,5.44,1.0668,2.54,0.4572,0.2032,3.556,1.1176,2.9464,3,300,1,3
B00060,B00060_R1,569,4,9,2.286,0.2032,1253.2,1.6764,2.54,1247.76,59,59,5.44,0.2032,1.143,2.54,1.143,3.0226,2.8702,2.3368,1,300,0,3
B00060,B00060_R2,570,5,9,2.286,0.2032,1253.2,1.6764,2.54,1247.76,59,59,5.44,0.2032,1.143,1.9812,0.7112,3.0226,2.8702,2.7178,1,300,1,5
B00060,B00060_R2,571,6,9,2.286,0.2032,1253.2,1.6764,2.54,1247.76,59,59,5.44,0.2032,0.762,0.762,2.032,2.6416,3.2512,2.3368,1,300,1,2
B00060,B00060_R1,572,7,9,2.286,0.2032,1253.2,1.6764,2.54,1247.76,59,59,5.44,1.0668,0.7112,1.9812,0.7112,1.7272,2.9464,1.4224,3,300,0,1
B00060,B00060_R1,573,8,9,2.286,0.2032,1253.2,1.6764,2.54,1247.76,59,59,5.44,1.6764,0.7112,0.2032,1.6002,1.1176,2.9464,2.8702,2,300,0,2
B00060,B00060_R2,574,9,9,2.286,0.2032,1253.2,1.6764,2.54,1247.76,59,59,5.44,1.6764,2.54,0.2032,1.9812,2.9464,0,2.032,2,300,1,1
B00061,B00061_R2,575,1,9,2.54,1.9812,1233.55,1.9812,0.7112,1230.11,58,59,3.44,0.2032,1.143,1.9812,2.032,3.175,2.7178,3.175,1,300,1,3
B00061,B00061_R2,576,2,9,2.54,1.9812,1233.55,1.9812,0.7112,1230.11,58,59,3.44,0.762,0.7112,0.2032,1.9812,3.556,1.7272,2.3368,2,300,1,2
B00061,B00061_R1,577,3,9,2.54,1.9812,1233.55,1.9812,0.7112,1230.11,58,59,3.44,1.9812,2.032,0.762,0.7112,1.1176,2.9464,3.556,3,300,0,4
B00061,B00061_R1,578,4,9,2.54,1.9812,1233.55,1.9812,0.7112,1230.11,58,59,3.44,2.286,2.54,0.2032,1.9812,0.8128,2.6416,2.6416,2,300,0,1
B00061,B00061_R2,579,5,9,2.54,1.9812,1233.55,1.9812,0.7112,1230.11,58,59,3.44,0.2032,0.762,1.0668,0.7112,3.556,2.3368,1.4224,1,300,1,1
B00061,B00061_R2,580,6,9,2.54,1.9812,1233.55,1.9812,0.7112,1230.11,58,59,3.44,0.2032,0.762,1.0668,2.032,3.556,2.3368,2.6416,1,300,1,5
B00061,B00061_R2,581,7,9,2.54,1.9812,1233.55,1.9812,0.7112,1230.11,58,59,3.44,1.9812,2.032,0.2032,1.6002,1.1176,2.9464,2.7178,2,300,1,4
B00061,B00061_R1,582,8,9,2.54,1.9812,1233.55,1.9812,0.7112,1230.11,58,59,3.44,0.2032,1.143,0.762,2.032,3.175,2.7178,1.9558,1,300,0,2
B00061,B00061_R1,583,9,9,2.54,1.9812,1233.55,1.9812,0.7112,1230.11,58,59,3.44,0.2032,1.143,1.0668,2.54,3.175,2.7178,2.2606,1,300,0,3
B00062,B00062_R2,584,1,10,0.762,0.7112,1284.75,1.0668,2.032,1293.22,60,63,-8.47,1.0668,2.54,0.2032,1.9812,3.2512,0.508,1.4224,2,300,1,2
B00062,B00062_R1,585,2,10,0.762,0.7112,1284.75,1.0668,2.032,1293.22,60,63,-8.47,1.0668,0.7112,0.2032,1.9812,0.8128,2.9464,2.6416,2,300,0,4
B00062,B00062_R2,586,3,10,0.762,0.7112,1284.75,1.0668,2.032,1293.22,60,63,-8.47,1.6764,2.032,0.2032,1.9812,3.2512,1.1176,2.032,2,300,1,3
B00062,B00062_R2,587,4,10,0.762,0.7112,1284.75,1.0668,2.032,1293.22,60,63,-8.47,0.2032,0.762,2.54,1.6002,1.1176,2.6416,3.175,1,300,1,4
B00062,B00062_R2,588,5,10,0.762,0.7112,1284.75,1.0668,2.032,1293.22,60,63,-8.47,1.6764,2.54,1.0668,2.54,3.2512,1.1176,1.1176,3,300,1,1
B00062,B00062_R2,589,6,10,0.762,0.7112,1284.75,1.0668,2.032,1293.22,60,63,-8.47,1.9812,0.2032,0.4572,2.54,1.7272,3.2512,3.8608,3,300,1,5
B00062,B00062_R1,590,7,10,0.762,0.7112,1284.75,1.0668,2.032,1293.22,60,63,-8.47,1.0668,0.2032,2.286,0.2032,0.8128,2.9464,1.7272,3,300,0,1
B00062,B00062_R1,591,8,10,0.762,0.7112,1284.75,1.0668,2.032,1293.22,60,63,-8.47,2.286,0.2032,0.2032,1.9812,2.032,3.556,3.8608,2,300,0,2
B00062,B00062_R1,592,9,10,0.762,0.7112,1284.75,1.0668,2.032,1293.22,60,63,-8.47,0.762,2.032,0.2032,1.9812,2.9464,0.8128,1.1176,2,300,0,3
B00062,B00062_R1,593,10,10,0.762,0.7112,1284.75,1.0668,2.032,1293.22,60,63,-8.47,0.4572,0.2032,1.9812,2.54,0.8128,2.9464,3.8608,3,300,0,5
B00063,B00063_R2,594,1,10,1.9812,2.54,1275.22,0.4572,2.54,1292.41,60,63,-17.19,0.2032,1.143,1.9812,2.54,3.175,1.651,3.175,1,300,1,5
B00063,B00063_R2,595,2,10,1.9812,2.54,1275.22,0.4572,2.54,1292.41,60,63,-17.19,0.4572,2.54,0.2032,1.9812,2.032,0,0.8128,2,300,1,1
B00063,B00063_R1,596,3,10,1.9812,2.54,1275.22,0.4572,2.54,1292.41,60,63,-17.19,0.2032,0.762,0.4572,2.54,3.556,2.032,2.032,1,300,0,3
B00063,B00063_R2,597,4,10,1.9812,2.54,1275.22,0.4572,2.54,1292.41,60,63,-17.19,1.9812,0.2032,0.2032,1.6002,2.9464,3.8608,3.175,2,300,1,4
B00063,B00063_R1,598,5,10,1.9812,2.54,1275.22,0.4572,2.54,1292.41,60,63,-17.19,0.2032,1.143,0.762,0.2032,3.175,1.651,1.4986,1,300,0,2
B00063,B00063_R1,599,6,10,1.9812,2.54,1275.22,0.4572,2.54,1292.41,60,63,-17.19,1.6764,2.54,0.2032,1.6002,0.8128,1.7272,2.413,2,300,0,1
B00063,B00063_R2,600,7,10,1.9812,2.54,1275.22,0.4572,2.54,1292.41,60,63,-17.19,0.2032,0.762,1.0668,0.7112,3.556,2.032,1.4224,1,300,1,2
B00063,B00063_R2,601,8,10,1.9812,2.54,1275.22,0.4572,2.54,1292.41,60,63,-17.19,0.2032,0.762,2.54,0.762,3.556,2.032,2.9464,1,300,1,3
B00063,B00063_R1,602,9,10,1.9812,2.54,1275.22,0.4572,2.54,1292.41,60,63,-17.19,0.2032,0.762,2.286,2.54,3.556,2.032,3.8608,1,300,0,5
B00063,B00063_R1,603,10,10,1.9812,2.54,1275.22,0.4572,2.54,1292.41,60,63,-17.19,0.2032,1.143,1.9812,2.54,3.175,1.651,3.175,1,300,0,4
B00064,B00064_R2,604,1,9,2.286,2.54,1231.94,1.9812,2.54,1250.64,58,61,-18.7,0.762,0.7112,0.2032,1.6002,3.8608,3.556,1.9558,2,300,1,2
B00064,B00064_R1,605,2,9,2.286,2.54,1231.94,1.9812,2.54,1250.64,58,61,-18.7,2.54,1.143,0.2032,1.9812,1.651,1.9558,3.175,2,300,0,5
B00064,B00064_R1,606,3,9,2.286,2.54,1231.94,1.9812,2.54,1250.64,58,61,-18.7,0.2032,1.143,1.0668,2.032,3.4798,3.175,2.2606,1,300,0,3
B00064,B00064_R2,607,4,9,2.286,2.54,1231.94,1.9812,2.54,1250.64,58,61,-18.7,2.54,0.762,0.2032,1.6002,2.032,2.3368,3.175,2,300,1,4
B00064,B00064_R2,608,5,9,2.286,2.54,1231.94,1.9812,2.54,1250.64,58,61,-18.7,0.2032,0.762,0.762,2.54,3.8608,3.556,2.3368,1,300,1,3
B00064,B00064_R1,609,6,9,2.286,2.54,1231.94,1.9812,2.54,1250.64,58,61,-18.7,0.762,0.7112,0.2032,1.6002,3.8608,3.556,1.9558,2,300,0,2
B00064,B00064_R1,610,7,9,2.286,2.54,1231.94,1.9812,2.54,1250.64,58,61,-18.7,2.54,1.9812,0.2032,1.6002,0.8128,1.1176,2.7178,2,300,0,1
B00064,B00064_R1,611,8,9,2.286,2.54,1231.94,1.9812,2.54,1250.64,58,61,-18.7,1.6764,0.7112,0.2032,1.6002,2.9464,3.2512,2.8702,2,300,0,4
B00064,B00064_R2,612,9,9,2.286,2.54,1231.94,1.9812,2.54,1250.64,58,61,-18.7,1.6764,2.032,0.2032,1.9812,1.1176,0.8128,2.032,2,300,1,1
B00065,B00065_R1,613,1,9,0.2032,1.9812,1218.5,0.2032,1.6002,1224.38,58,59,-5.88,0.2032,1.143,1.0668,2.032,1.3462,0.9652,2.2606,1,300,0,1
B00065,B00065_R2,614,2,9,0.2032,1.9812,1218.5,0.2032,1.6002,1224.38,58,59,-5.88,0.2032,0.762,2.54,1.6002,1.7272,1.3462,3.175,1,300,1,3
B00065,B00065_R2,615,3,9,0.2032,1.9812,1218.5,0.2032,1.6002,1224.38,58,59,-5.88,2.286,0.2032,2.54,0.762,3.8608,3.4798,0.8128,3,300,1,4
B00065,B00065_R1,616,4,9,0.2032,1.9812,1218.5,0.2032,1.6002,1224.38,58,59,-5.88,1.9812,2.54,0.2032,1.6002,2.3368,2.7178,2.7178,2,300,0,2
B00065,B00065_R2,617,5,9,0.2032,1.9812,1218.5,0.2032,1.6002,1224.38,58,59,-5.88,1.6764,0.7112,1.9812,2.032,3.2512,2.8702,3.2512,3,300,1,5
B00065,B00065_R2,618,6,9,0.2032,1.9812,1218.5,0.2032,1.6002,1224.38,58,59,-5.88,0.762,0.2032,0.2032,1.6002,2.3368,1.9558,1.9558,2,300,1,2
B00065,B00065_R1,619,7,9,0.2032,1.9812,1218.5,0.2032,1.6002,1224.38,58,59,-5.88,0.2032,0.762,2.54,1.9812,1.7272,1.3462,3.556,1,300,0,4
B00065,B00065_R2,620,8,9,0.2032,1.9812,1218.5,0.2032,1.6002,1224.38,58,59,-5.88,0.2032,0.762,0.762,0.7112,1.7272,1.3462,1.1176,1,300,1,1
B00065,B00065_R1,621,9,9,0.2032,1.9812,1218.5,0.2032,1.6002,1224.38,58,59,-5.88,1.0668,0.7112,0.2032,1.9812,2.6416,2.2606,2.6416,2,300,0,3
B00066,B00066_R1,622,1,10,2.54,1.9812,1192.26,1.9812,2.032,1209.65,57,59,-17.39,1.6764,2.54,1.6764,2.032,1.4224,0.8128,0.508,3,300,0,2
B00066,B00066_R2,623,2,10,2.54,1.9812,1192.26,1.9812,2.032,1209.65,57,59,-17.39,0.2032,0.762,1.0668,0.2032,3.556,3.556,1.4224,1,300,1,2
B00066,B00066_R1,624,3,10,2.54,1.9812,1192.26,1.9812,2.032,1209.65,57,59,-17.39,0.4572,2.54,0.2032,1.9812,2.6416,2.032,0.8128,2,300,0,3
B00066,B00066_R2,625,4,10,2.54,1.9812,1192.26,1.9812,2.032,1209.65,57,59,-17.39,0.2032,0.762,1.6764,0.2032,3.556,3.556,2.032,1,300,1,3
B00066,B00066_R1,626,5,10,2.54,1.9812,1192.26,1.9812,2.032,1209.65,57,59,-17.39,0.2032,0.762,1.6764,2.032,3.556,3.556,3.2512,1,300,0,6
B00066,B00066_R2,627,6,10,2.54,1.9812,1192.26,1.9812,2.032,1209.65,57,59,-17.39,1.6764,0.2032,2.286,2.54,2.6416,3.2512,2.9464,3,300,1,4
B00066,B00066_R1,628,7,10,2.54,1.9812,1192.26,1.9812,2.032,1209.65,57,59,-17.39,0.2032,0.762,1.6764,0.7112,3.556,3.556,2.032,1,300,0,4
B00066,B00066_R1,629,8,10,2.54,1.9812,1192.26,1.9812,2.032,1209.65,57,59,-17.39,1.9812,0.7112,1.9812,2.54,2.3368,2.9464,2.9464,3,300,0,5
B00066,B00066_R1,630,9,10,2.54,1.9812,1192.26,1.9812,2.032,1209.65,57,59,-17.39,2.54,1.143,2.54,1.6002,1.3462,1.9558,0.9652,3,300,0,1
B00066,B00066_R2,631,10,10,2.54,1.9812,1192.26,1.9812,2.032,1209.65,57,59,-17.39,1.9812,2.54,0.2032,1.9812,1.1176,0.508,2.3368,2,300,1,1
B00067,B00067_R1,632,1,9,1.6764,2.032,1282.42,2.286,2.54,1241.11,61,61,41.31,2.286,0.2032,0.2032,1.9812,2.9464,2.3368,3.8608,2,300,0,3
B00067,B00067_R1,633,2,9,1.6764,2.032,1282.42,2.286,2.54,1241.11,61,61,41.31,0.2032,0.762,1.6764,2.032,3.2512,3.8608,3.2512,1,300,0,2
B00067,B00067_R2,634,3,9,1.6764,2.032,1282.42,2.286,2.54,1241.11,61,61,41.31,0.762,0.2032,0.2032,1.6002,3.2512,3.8608,1.9558,2,300,1,3
B00067,B00067_R2,635,4,9,1.6764,2.032,1282.42,2.286,2.54,1241.11,61,61,41.31,1.9812,0.7112,0.2032,1.6002,3.2512,2.6416,3.175,2,300,1,5
B00067,B00067_R1,636,5,9,1.6764,2.032,1282.42,2.286,2.54,1241.11,61,61,41.31,1.9812,0.2032,0.2032,1.6002,3.2512,2.6416,3.175,2,300,0,1
B00067,B00067_R2,637,6,9,1.6764,2.032,1282.42,2.286,2.54,1241.11,61,61,41.31,0.2032,0.762,2.54,0.762,3.2512,3.8608,2.9464,1,300,1,4
B00067,B00067_R2,638,7,9,1.6764,2.032,1282.42,2.286,2.54,1241.11,61,61,41.31,0.2032,1.143,0.4572,0.2032,2.8702,3.4798,1.1938,1,300,1,2
B00067,B00067_R2,639,8,9,1.6764,2.032,1282.42,2.286,2.54,1241.11,61,61,41.31,2.54,0.762,0.2032,1.6002,2.6416,2.032,3.175,2,300,1,1
B00067,B00067_R2,640,9,9,1.6764,2.032,1282.42,2.286,2.54,1241.11,61,61,41.31,1.9812,0.7112,0.2032,1.9812,3.2512,2.6416,3.556,2,300,1,6
B00068,B00068_R1,641,1,10,0.2032,1.9812,1332.83,0.2032,1.9812,1346.9,63,66,-14.07,1.9812,2.54,1.0668,2.032,2.3368,2.3368,1.4224,3,300,0,1
B00068,B00068_R2,642,2,10,0.2032,1.9812,1332.83,0.2032,1.9812,1346.9,63,66,-14.07,1.0668,2.54,0.2032,1.6002,1.4224,1.4224,1.8034,2,300,1,1
B00068,B00068_R2,643,3,10,0.2032,1.9812,1332.83,0.2032,1.9812,1346.9,63,66,-14.07,1.0668,2.032,2.286,0.2032,1.4224,1.4224,3.556,3,300,1,3
B00068,B00068_R1,644,4,10,0.2032,1.9812,1332.83,0.2032,1.9812,1346.9,63,66,-14.07,1.6764,2.54,0.2032,1.9812,2.032,2.032,2.032,2,300,0,5
B00068,B00068_R2,645,5,10,0.2032,1.9812,1332.83,0.2032,1.9812,1346.9,63,66,-14.07,2.54,0.762,0.2032,1.6002,3.556,3.556,3.175,2,300,1,4
B00068,B00068_R1,646,6,10,0.2032,1.9812,1332.83,0.2032,1.9812,1346.9,63,66,-14.07,0.2032,1.143,1.9812,0.7112,1.3462,1.3462,2.7178,1,300,0,6
B00068,B00068_R1,647,7,10,0.2032,1.9812,1332.83,0.2032,1.9812,1346.9,63,66,-14.07,0.762,0.7112,0.4572,0.2032,2.3368,2.3368,0.8128,3,300,0,3
B00068,B00068_R1,648,8,10,0.2032,1.9812,1332.83,0.2032,1.9812,1346.9,63,66,-14.07,0.2032,0.762,1.9812,2.032,1.7272,1.7272,3.556,1,300,0,4
B00068,B00068_R2,649,9,10,0.2032,1.9812,1332.83,0.2032,1.9812,1346.9,63,66,-14.07,0.2032,1.143,1.0668,2.032,1.3462,1.3462,2.2606,1,300,1,2
B00068,B00068_R1,650,10,10,0.2032,1.9812,1332.83,0.2032,1.9812,1346.9,63,66,-14.07,1.0668,2.032,0.762,0.7112,1.4224,1.4224,3.2512,3,300,0,2
B00069,B00069_R1,651,1,10,1.9812,0.7112,1302.87,0.2032,1.6002,1291.7,61,63,11.17,0.2032,0.762,0.762,2.032,2.3368,1.3462,2.3368,1,300,0,5
B00069,B00069_R2,652,2,10,1.9812,0.7112,1302.87,0.2032,1.6002,1291.7,61,63,11.17,0.2032,0.762,2.54,1.9812,2.3368,1.3462,3.556,1,300,1,5
B00069,B00069_R1,653,3,10,1.9812,0.7112,1302.87,0.2032,1.6002,1291.7,61,63,11.17,1.9812,2.032,0.2032,1.9812,2.9464,2.7178,2.3368,2,300,0,4
B00069,B00069_R2,654,4,10,1.9812,0.7112,1302.87,0.2032,1.6002,1291.7,61,63,11.17,1.0668,0.7112,0.2032,1.6002,1.4224,2.2606,2.2606,2,300,1,3
B00069,B00069_R1,655,5,10,1.9812,0.7112,1302.87,0.2032,1.6002,1291.7,61,63,11.17,0.2032,1.143,1.9812,2.032,2.7178,0.9652,3.175,1,300,0,3
B00069,B00069_R1,656,6,10,1.9812,0.7112,1302.87,0.2032,1.6002,1291.7,61,63,11.17,2.286,0.2032,2.54,0.762,0.8128,3.4798,0.8128,3,300,0,1
B00069,B00069_R2,657,7,10,1.9812,0.7112,1302.87,0.2032,1.6002,1291.7,61,63,11.17,0.2032,1.143,2.286,0.2032,2.7178,0.9652,3.0226,1,300,1,4
B00069,B00069_R2,658,8,10,1.9812,0.7112,1302.87,0.2032,1.6002,1291.7,61,63,11.17,0.2032,1.143,0.762,0.7112,2.7178,0.9652,1.4986,1,300,1,1
B00069,B00069_R2,659,9,10,1.9812,0.7112,1302.87,0.2032,1.6002,1291.7,61,63,11.17,0.2032,0.762,1.9812,0.7112,2.3368,1.3462,2.3368,1,300,1,2
B00069,B00069_R1,660,10,10,1.9812,0.7112,1302.87,0.2032,1.6002,1291.7,61,63,11.17,1.6764,0.7112,0.2032,1.6002,0.8128,2.8702,2.8702,2,300,0,2
B00070,B00070_R2,661,1,9,0.762,2.032,1379.2,2.54,1.9812,1361.73,65,66,17.47,1.9812,2.032,0.2032,1.6002,1.7272,1.1176,2.7178,2,300,1,1
B00070,B00070_R1,662,2,9,0.762,2.032,1379.2,2.54,1.9812,1361.73,65,66,17.47,0.2032,0.762,1.9812,2.54,2.3368,3.556,3.556,1,300,0,4
B00070,B00070_R2,663,3,9,0.762,2.032,1379.2,2.54,1.9812,1361.73,65,66,17.47,0.2032,1.143,2.286,2.54,1.9558,3.175,3.4798,1,300,1,4
B00070,B00070_R2,664,4,9,0.762,2.032,1379.2,2.54,1.9812,1361.73,65,66,17.47,1.9812,2.032,0.2032,1.6002,1.7272,1.1176,2.7178,2,300,1,3
B00070,B00070_R1,665,5,9,0.762,2.032,1379.2,2.54,1.9812,1361.73,65,66,17.47,0.4572,0.2032,0.2032,1.9812,2.6416,3.8608,2.032,2,300,0,2
B00070,B00070_R1,666,6,9,0.762,2.032,1379.2,2.54,1.9812,1361.73,65,66,17.47,0.2032,1.143,0.762,2.032,1.9558,3.175,1.9558,1,300,0,1
B00070,B00070_R1,667,7,9,0.762,2.032,1379.2,2.54,1.9812,1361.73,65,66,17.47,0.2032,0.762,1.0668,2.54,2.3368,3.556,2.6416,1,300,0,3
B00070,B00070_R2,668,8,9,0.762,2.032,1379.2,2.54,1.9812,1361.73,65,66,17.47,0.2032,1.143,1.6764,2.032,1.9558,3.175,2.8702,1,300,1,2
B00070,B00070_R2,669,9,9,0.762,2.032,1379.2,2.54,1.9812,1361.73,65,66,17.47,1.6764,0.2032,0.2032,1.9812,3.2512,2.6416,3.2512,2,300,1,5
B00071,B00071_R1,670,1,10,1.9812,2.54,1442.53,0.2032,1.9812,1445.2,67,69,-2.67,2.286,2.54,0.2032,1.6002,0.8128,2.6416,3.0226,2,300,0,5
B00071,B00071_R2,671,2,10,1.9812,2.54,1442.53,0.2032,1.9812,1445.2,67,69,-2.67,2.54,0.762,0.2032,1.6002,2.3368,3.556,3.175,2,300,1,3
B00071,B00071_R1,672,3,10,1.9812,2.54,1442.53,0.2032,1.9812,1445.2,67,69,-2.67,2.286,2.54,0.2032,1.9812,0.8128,2.6416,2.6416,2,300,0,4
B00071,B00071_R2,673,4,10,1.9812,2.54,1442.53,0.2032,1.9812,1445.2,67,69,-2.67,0.2032,1.143,1.9812,0.2032,3.175,1.3462,2.7178,1,300,1,4
B00071,B00071_R2,674,5,10,1.9812,2.54,1442.53,0.2032,1.9812,1445.2,67,69,-2.67,0.762,2.54,0.2032,1.9812,1.7272,1.1176,1.1176,2,300,1,1
B00071,B00071_R1,675,6,10,1.9812,2.54,1442.53,0.2032,1.9812,1445.2,67,69,-2.67,0.2032,1.143,2.54,1.143,3.175,1.3462,2.3368,1,300,0,2
B00071,B00071_R1,676,7,10,1.9812,2.54,1442.53,0.2032,1.9812,1445.2,67,69,-2.67,2.54,1.143,0.2032,1.9812,1.9558,3.175,3.175,2,300,0,3
B00071,B00071_R2,677,8,10,1.9812,2.54,1442.53,0.2032,1.9812,1445.2,67,69,-2.67,0.2032,0.762,1.6764,0.7112,3.556,1.7272,2.032,1,300,1,2
B00071,B00071_R2,678,9,10,1.9812,2.54,1442.53,0.2032,1.9812,1445.2,67,69,-2.67,1.9812,0.7112,0.2032,1.9812,2.9464,3.556,3.556,2,300,1,5
B00071,B00071_R1,679,10,10,1.9812,2.54,1442.53,0.2032,1.9812,1445.2,67,69,-2.67,1.6764,2.032,0.2032,1.6002,0.8128,2.032,2.413,2,300,0,1
B00072,B00072_R1,680,1,9,0.2032,1.6002,1529.4,0.2032,1.9812,1515.14,70,72,14.26,0.762,0.7112,0.2032,1.9812,1.9558,2.3368,2.3368,2,300,0,2
B00072,B00072_R1,681,2,9,0.2032,1.6002,1529.4,0.2032,1.9812,1515.14,70,72,14.26,0.2032,1.143,0.4572,0.2032,0.9652,1.3462,1.1938,1,300,0,3
B00072,B00072_R1,682,3,9,0.2032,1.6002,1529.4,0.2032,1.9812,1515.14,70,72,14.26,0.2032,1.143,0.762,0.7112,0.9652,1.3462,1.4986,1,300,0,1
B00072,B00072_R2,683,4,9,0.2032,1.6002,1529.4,0.2032,1.9812,1515.14,70,72,14.26,0.4572,2.54,0.762,0.2032,1.1938,0.8128,2.6416,3,300,1,3
B00072,B00072_R2,684,5,9,0.2032,1.6002,1529.4,0.2032,1.9812,1515.14,70,72,14.26,0.2032,0.762,1.0668,2.54,1.3462,1.7272,2.6416,1,300,1,4
B00072,B00072_R2,685,6,9,0.2032,1.6002,1529.4,0.2032,1.9812,1515.14,70,72,14.26,0.762,2.032,0.4572,2.54,1.4986,1.1176,0.8128,3,300,1,2
B00072,B00072_R1,686,7,9,0.2032,1.6002,1529.4,0.2032,1.9812,1515.14,70,72,14.26,0.2032,0.762,1.9812,0.7112,1.3462,1.7272,2.3368,1,300,0,4
B00072,B00072_R2,687,8,9,0.2032,1.6002,1529.4,0.2032,1.9812,1515.14,70,72,14.26,1.0668,2.032,0.762,2.54,1.8034,1.4224,0.8128,3,300,1,1
B00072,B00072_R2,688,9,9,0.2032,1.6002,1529.4,0.2032,1.9812,1515.14,70,72,14.26,1.9812,2.54,0.2032,1.9812,2.7178,2.3368,2.3368,2,300,1,5
B00073,B00073_R1,689,1,9,1.9812,0.7112,1469.97,0.2032,1.9812,1488.77,69,72,-18.8,0.2032,1.143,1.6764,2.032,2.7178,1.3462,2.8702,1,300,0,3
B00073,B00073_R1,690,2,9,1.9812,0.7112,1469.97,0.2032,1.9812,1488.77,69,72,-18.8,2.286,0.2032,1.9812,0.7112,0.8128,3.8608,0.8128,3,300,0,1
B00073,B00073_R2,691,3,9,1.9812,0.7112,1469.97,0.2032,1.9812,1488.77,69,72,-18.8,1.0668,0.7112,0.2032,1.6002,1.4224,2.6416,2.2606,2,300,1,2
B00073,B00073_R2,692,4,9,1.9812,0.7112,1469.97,0.2032,1.9812,1488.77,69,72,-18.8,2.54,1.6002,0.762,2.032,1.9558,2.7178,2.7178,3,300,1,4
B00073,B00073_R2,693,5,9,1.9812,0.7112,1469.97,0.2032,1.9812,1488.77,69,72,-18.8,0.2032,1.143,2.54,1.6002,2.7178,1.3462,2.794,1,300,1,3
B00073,B00073_R1,694,6,9,1.9812,0.7112,1469.97,0.2032,1.9812,1488.77,69,72,-18.8,1.9812,2.54,0.2032,1.9812,2.9464,2.3368,2.3368,2,300,0,5
B00073,B00073_R1,695,7,9,1.9812,0.7112,1469.97,0.2032,1.9812,1488.77,69,72,-18.8,1.6764,2.032,2.54,1.143,3.2512,2.032,2.2606,3,300,0,4
B00073,B00073_R1,696,8,9,1.9812,0.7112,1469.97,0.2032,1.9812,1488.77,69,72,-18.8,1.6764,0.2032,0.2032,1.6002,0.8128,3.2512,2.8702,2,300,0,2
B00073,B00073_R2,697,9,9,1.9812,0.7112,1469.97,0.2032,1.9812,1488.77,69,72,-18.8,0.4572,2.54,0.762,0.7112,3.8608,0.8128,2.6416,3,300,1,1
B00074,B00074_R2,698,1,9,0.2032,1.9812,1534.48,0.762,2.032,1522.63,72,75,11.85,0.2032,0.762,2.54,1.9812,1.7272,2.3368,3.556,1,300,1,4
B00074,B00074_R1,699,2,9,0.2032,1.9812,1534.48,0.762,2.032,1522.63,72,75,11.85,0.2032,1.143,2.286,0.2032,1.3462,1.9558,3.0226,1,300,0,3
B00074,B00074_R1,700,3,9,0.2032,1.9812,1534.48,0.762,2.032,1522.63,72,75,11.85,1.6764,0.7112,0.2032,1.9812,3.2512,3.2512,3.2512,2,300,0,4
B00074,B00074_R1,701,4,9,0.2032,1.9812,1534.48,0.762,2.032,1522.63,72,75,11.85,1.0668,2.54,2.286,2.54,1.4224,0.8128,1.7272,3,300,0,1
B00074,B00074_R2,702,5,9,0.2032,1.9812,1534.48,0.762,2.032,1522.63,72,75,11.85,1.6764,0.2032,0.2032,1.6002,3.2512,3.2512,2.8702,2,300,1,5
B00074,B00074_R2,703,6,9,0.2032,1.9812,1534.48,0.762,2.032,1522.63,72,75,11.85,2.286,0.2032,0.2032,1.6002,3.8608,3.8608,3.4798,2,300,1,3
B00074,B00074_R2,704,7,9,0.2032,1.9812,1534.48,0.762,2.032,1522.63,72,75,11.85,0.2032,1.143,2.286,0.2032,1.3462,1.9558,3.0226,1,300,1,2
B00074,B00074_R1,705,8,9,0.2032,1.9812,1534.48,0.762,2.032,1522.63,72,75,11.85,2.54,1.143,0.2032,1.6002,3.175,3.175,2.794,2,300,0,2
B00074,B00074_R2,706,9,9,0.2032,1.9812,1534.48,0.762,2.032,1522.63,72,75,11.85,0.762,2.032,0.2032,1.6002,1.1176,0,1.4986,2,300,1,1
B00075,B00075_R1,707,1,10,0.2032,1.9812,1568.34,0.2032,1.6002,1593.47,74,78,-25.13,0.2032,0.762,0.762,2.032,1.7272,1.3462,2.3368,1,300,0,2
B00075,B00075_R1,708,2,10,0.2032,1.9812,1568.34,0.2032,1.6002,1593.47,74,78,-25.13,1.6764,2.54,0.2032,1.9812,2.032,2.413,2.032,2,300,0,3
B00075,B00075_R2,709,3,10,0.2032,1.9812,1568.34,0.2032,1.6002,1593.47,74,78,-25.13,0.2032,0.762,2.54,0.762,1.7272,1.3462,2.9464,1,300,1,3
B00075,B00075_R1,710,4,10,0.2032,1.9812,1568.34,0.2032,1.6002,1593.47,74,78,-25.13,1.9812,2.032,0.2032,1.9812,2.3368,2.7178,2.3368,2,300,0,6
B00075,B00075_R2,711,5,10,0.2032,1.9812,1568.34,0.2032,1.6002,1593.47,74,78,-25.13,1.6764,0.7112,1.9812,2.54,3.2512,2.8702,3.2512,3,300,1,4
B00075,B00075_R2,712,6,10,0.2032,1.9812,1568.34,0.2032,1.6002,1593.47,74,78,-25.13,1.9812,2.032,0.2032,1.6002,2.3368,2.7178,2.7178,2,300,1,2
B00075,B00075_R1,713,7,10,0.2032,1.9812,1568.34,0.2032,1.6002,1593.47,74,78,-25.13,2.54,1.6002,0.2032,1.9812,2.7178,2.3368,2.7178,2,300,0,5
B00075,B00075_R2,714,8,10,0.2032,1.9812,1568.34,0.2032,1.6002,1593.47,74,78,-25.13,0.2032,0.762,1.9812,2.032,1.7272,1.3462,3.556,1,300,1,1
B00075,B00075_R1,715,9,10,0.2032,1.9812,1568.34,0.2032,1.6002,1593.47,74,78,-25.13,0.4572,2.54,0.2032,1.6002,0.8128,1.1938,1.1938,2,300,0,1
B00075,B00075_R1,716,10,10,0.2032,1.9812,1568.34,0.2032,1.6002,1593.47,74,78,-25.13,0.2032,0.762,2.54,1.6002,1.7272,1.3462,3.175,1,300,0,4
B00076,B00076_R1,717,1,10,0.2032,1.9812,1663.43,1.9812,2.54,1636.64,79,80,26.79,0.4572,2.54,0.2032,1.9812,0.8128,2.032,0.8128,2,300,0,1
B00076,B00076_R1,718,2,10,0.2032,1.9812,1663.43,1.9812,2.54,1636.64,79,80,26.79,0.2032,0.762,1.0668,0.2032,1.7272,3.556,1.4224,1,300,0,3
B00076,B00076_R2,719,3,10,0.2032,1.9812,1663.43,1.9812,2.54,1636.64,79,80,26.79,1.6764,2.032,1.6764,0.7112,2.032,0.8128,2.9464,3,300,1,2
B00076,B00076_R1,720,4,10,0.2032,1.9812,1663.43,1.9812,2.54,1636.64,79,80,26.79,0.2032,0.762,1.0668,0.2032,1.7272,3.556,1.4224,1,300,0,4
B00076,B00076_R2,721,5,10,0.2032,1.9812,1663.43,1.9812,2.54,1636.64,79,80,26.79,1.6764,0.2032,0.2032,1.6002,3.2512,3.2512,2.8702,2,300,1,3
B00076,B00076_R2,722,6,10,0.2032,1.9812,1663.43,1.9812,2.54,1636.64,79,80,26.79,0.2032,0.762,2.54,0.762,1.7272,3.556,2.9464,1,300,1,5
B00076,B00076_R2,723,7,10,0.2032,1.9812,1663.43,1.9812,2.54,1636.64,79,80,26.79,0.2032,0.762,1.0668,0.2032,1.7272,3.556,1.4224,1,300,1,4
B00076,B00076_R1,724,8,10,0.2032,1.9812,1663.43,1.9812,2.54,1636.64,79,80,26.79,0.2032,1.143,1.0668,0.2032,1.3462,3.175,1.8034,1,300,0,2
B00076,B00076_R1,725,9,10,0.2032,1.9812,1663.43,1.9812,2.54,1636.64,79,80,26.79,0.2032,1.143,1.0668,2.54,1.3462,3.175,2.2606,1,300,0,5
B00076,B00076_R2,726,10,10,0.2032,1.9812,1663.43,1.9812,2.54,1636.64,79,80,26.79,2.54,1.6002,1.9812,2.54,2.7178,1.4986,1.4986,3,300,1,1
B00077,B00077_R1,727,1,9,1.0668,2.54,1718.43,2.54,0.762,1697.67,82,83,20.76,0.2032,1.143,1.0668,0.7112,2.2606,2.7178,1.8034,1,300,0,3
B00077,B00077_R1,728,2,9,1.0668,2.54,1718.43,2.54,0.762,1697.67,82,83,20.76,1.0668,2.54,0.4572,2.54,0,3.2512,1.1176,3,300,0,1
B00077,B00077_R2,729,3,9,1.0668,2.54,1718.43,2.54,0.762,1697.67,82,83,20.76,0.2032,0.762,2.54,1.143,2.6416,2.9464,2.7178,1,300,1,5
B00077,B00077_R2,730,4,9,1.0668,2.54,1718.43,2.54,0.762,1697.67,82,83,20.76,2.54,1.143,0.2032,1.9812,2.8702,0.889,3.175,2,300,1,1
B00077,B00077_R1,731,5,9,1.0668,2.54,1718.43,2.54,0.762,1697.67,82,83,20.76,0.762,2.032,0.2032,1.6002,0.8128,3.556,1.4986,2,300,0,2
B00077,B00077_R1,732,6,9,1.0668,2.54,1718.43,2.54,0.762,1697.67,82,83,20.76,0.2032,1.143,1.0668,2.032,2.2606,2.7178,2.2606,1,300,0,4
B00077,B00077_R2,733,7,9,1.0668,2.54,1718.43,2.54,0.762,1697.67,82,83,20.76,0.2032,0.762,0.762,0.7112,2.6416,2.9464,1.1176,1,300,1,2
B00077,B00077_R2,734,8,9,1.0668,2.54,1718.43,2.54,0.762,1697.67,82,83,20.76,0.2032,0.762,1.0668,0.7112,2.6416,2.9464,1.4224,1,300,1,3
B00077,B00077_R2,735,9,9,1.0668,2.54,1718.43,2.54,0.762,1697.67,82,83,20.76,0.2032,0.762,1.6764,0.2032,2.6416,2.9464,2.032,1,300,1,4
B00078,B00078_R1,736,1,10,1.0668,2.032,1751.07,2.54,1.143,1774.21,84,87,-23.14,1.0668,0.2032,0.2032,1.6002,2.9464,2.413,2.2606,2,300,0,3
B00078,B00078_R2,737,2,10,1.0668,2.032,1751.07,2.54,1.143,1774.21,84,87,-23.14,2.54,0.762,0.4572,0.2032,3.2512,0.889,2.6416,3,300,1,2
B00078,B00078_R2,738,3,10,1.0668,2.032,1751.07,2.54,1.143,1774.21,84,87,-23.14,1.6764,0.2032,2.286,0.2032,2.9464,1.8034,1.1176,3,300,1,1
B00078,B00078_R2,739,4,10,1.0668,2.032,1751.07,2.54,1.143,1774.21,84,87,-23.14,0.762,0.7112,0.2032,1.9812,3.2512,2.7178,2.3368,2,300,1,3
B00078,B00078_R1,740,5,10,1.0668,2.032,1751.07,2.54,1.143,1774.21,84,87,-23.14,0.2032,0.762,2.54,0.762,2.6416,2.7178,2.9464,1,300,0,5
B00078,B00078_R2,741,6,10,1.0668,2.032,1751.07,2.54,1.143,1774.21,84,87,-23.14,0.2032,1.143,0.4572,2.54,2.2606,2.3368,1.651,1,300,1,4
B00078,B00078_R1,742,7,10,1.0668,2.032,1751.07,2.54,1.143,1774.21,84,87,-23.14,0.2032,1.143,0.4572,0.2032,2.2606,2.3368,1.1938,1,300,0,1
B00078,B00078_R1,743,8,10,1.0668,2.032,1751.07,2.54,1.143,1774.21,84,87,-23.14,1.9812,0.7112,0.2032,1.6002,3.2512,1.4986,3.175,2,300,0,6
B00078,B00078_R1,744,9,10,1.0668,2.032,1751.07,2.54,1.143,1774.21,84,87,-23.14,0.2032,1.143,0.762,0.2032,2.2606,2.3368,1.4986,1,300,0,4
B00078,B00078_R1,745,10,10,1.0668,2.032,1751.07,2.54,1.143,1774.21,84,87,-23.14,0.2032,1.143,1.0668,0.7112,2.2606,2.3368,1.8034,1,300,0,2
B00079,B00079_R1,746,1,10,0.2032,1.6002,1827.21,0.4572,2.54,1807.97,88,89,19.24,0.2032,1.143,1.0668,0.2032,0.9652,1.651,1.8034,1,300,0,1
B00079,B00079_R2,747,2,10,0.2032,1.6002,1827.21,0.4572,2.54,1807.97,88,89,19.24,0.2032,0.762,1.0668,0.2032,1.3462,2.032,1.4224,1,300,1,2
B00079,B00079_R2,748,3,10,0.2032,1.6002,1827.21,0.4572,2.54,1807.97,88,89,19.24,1.6764,0.7112,1.0668,0.7112,2.8702,3.556,1.1176,3,300,1,3
B00079,B00079_R1,749,4,10,0.2032,1.6002,1827.21,0.4572,2.54,1807.97,88,89,19.24,0.2032,1.143,1.9812,0.2032,0.9652,1.651,2.7178,1,300,0,3
B00079,B00079_R2,750,5,10,0.2032,1.6002,1827.21,0.4572,2.54,1807.97,88,89,19.24,1.9812,0.7112,1.0668,2.54,3.175,3.8608,3.2512,3,300,1,4
B00079,B00079_R1,751,6,10,0.2032,1.6002,1827.21,0.4572,2.54,1807.97,88,89,19.24,0.2032,0.762,1.0668,0.7112,1.3462,2.032,1.4224,1,300,0,2
B00079,B00079_R2,752,7,10,0.2032,1.6002,1827.21,0.4572,2.54,1807.97,88,89,19.24,1.0668,2.54,0.2032,1.9812,1.8034,1.1176,1.4224,2,300,1,5
B00079,B00079_R2,753,8,10,0.2032,1.6002,1827.21,0.4572,2.54,1807.97,88,89,19.24,0.4572,2.54,0.2032,1.9812,1.1938,0,0.8128,2,300,1,1
B00079,B00079_R2,754,9,10,0.2032,1.6002,1827.21,0.4572,2.54,1807.97,88,89,19.24,0.2032,1.143,2.286,0.2032,0.9652,1.651,3.0226,1,300,1,6
B00079,B00079_R1,755,10,10,0.2032,1.6002,1827.21,0.4572,2.54,1807.97,88,89,19.24,0.2032,1.143,1.9812,2.54,0.9652,1.651,3.175,1,300,0,4
B00080,B00080_R2,756,1,10,1.9812,2.54,1883.22,2.286,0.2032,1876.68,91,93,6.54,1.9812,0.2032,0.2032,1.6002,2.9464,0.8128,3.175,2,300,1,1
B00080,B00080_R1,757,2,10,1.9812,2.54,1883.22,2.286,0.2032,1876.68,91,93,6.54,0.762,2.54,0.762,0.7112,1.7272,3.8608,2.9464,3,300,0,2
B00080,B00080_R1,758,3,10,1.9812,2.54,1883.22,2.286,0.2032,1876.68,91,93,6.54,1.0668,0.2032,0.2032,1.6002,3.2512,1.7272,2.2606,2,300,0,3
B00080,B00080_R2,759,4,10,1.9812,2.54,1883.22,2.286,0.2032,1876.68,91,93,6.54,1.6764,0.2032,1.0668,2.54,3.2512,1.1176,2.9464,3,300,1,5
B00080,B00080_R2,760,5,10,1.9812,2.54,1883.22,2.286,0.2032,1876.68,91,93,6.54,0.2032,1.143,1.9812,0.7112,3.175,3.0226,2.7178,1,300,1,4
B00080,B00080_R1,761,6,10,1.9812,2.54,1883.22,2.286,0.2032,1876.68,91,93,6.54,2.54,1.143,0.2032,1.9812,1.9558,1.1938,3.175,2,300,0,1
B00080,B00080_R2,762,7,10,1.9812,2.54,1883.22,2.286,0.2032,1876.68,91,93,6.54,2.54,1.143,0.2032,1.9812,1.9558,1.1938,3.175,2,300,1,3
B00080,B00080_R1,763,8,10,1.9812,2.54,1883.22,2.286,0.2032,1876.68,91,93,6.54,2.54,1.143,0.2032,1.9812,1.9558,1.1938,3.175,2,300,0,5
B00080,B00080_R1,764,9,10,1.9812,2.54,1883.22,2.286,0.2032,1876.68,91,93,6.54,0.2032,0.762,1.6764,2.032,3.556,2.6416,3.2512,1,300,0,4
B00080,B00080_R2,765,10,10,1.9812,2.54,1883.22,2.286,0.2032,1876.68,91,93,6.54,0.2032,0.762,2.54,0.762,3.556,2.6416,2.9464,1,300,1,2
B00081,B00081_R1,766,1,10,0.2032,1.9812,1924.41,1.0668,2.54,1915.75,92,95,8.66,1.0668,0.7112,0.2032,1.9812,2.6416,2.9464,2.6416,2,300,0,2
B00081,B00081_R1,767,2,10,0.2032,1.9812,1924.41,1.0668,2.54,1915.75,92,95,8.66,2.54,0.762,1.0668,2.54,3.556,3.2512,3.2512,3,300,0,4
B00081,B00081_R2,768,3,10,0.2032,1.9812,1924.41,1.0668,2.54,1915.75,92,95,8.66,0.2032,0.762,1.9812,2.032,1.7272,2.6416,3.556,1,300,1,3
B00081,B00081_R2,769,4,10,0.2032,1.9812,1924.41,1.0668,2.54,1915.75,92,95,8.66,0.2032,0.762,2.286,2.54,1.7272,2.6416,3.8608,1,300,1,5
B00081,B00081_R2,770,5,10,0.2032,1.9812,1924.41,1.0668,2.54,1915.75,92,95,8.66,1.9812,0.7112,0.2032,1.6002,3.556,3.2512,3.175,2,300,1,4
B00081,B00081_R1,771,6,10,0.2032,1.9812,1924.41,1.0668,2.54,1915.75,92,95,8.66,0.2032,0.762,1.0668,0.7112,1.7272,2.6416,1.4224,1,300,0,1
B00081,B00081_R1,772,7,10,0.2032,1.9812,1924.41,1.0668,2.54,1915.75,92,95,8.66,1.9812,0.7112,0.2032,1.9812,3.556,3.2512,3.556,2,300,0,5
B00081,B00081_R2,773,8,10,0.2032,1.9812,1924.41,1.0668,2.54,1915.75,92,95,8.66,0.762,0.2032,0.2032,1.6002,2.3368,3.2512,1.9558,2,300,1,2
B00081,B00081_R2,774,9,10,0.2032,1.9812,1924.41,1.0668,2.54,1915.75,92,95,8.66,0.762,2.032,0.2032,1.9812,1.1176,0.8128,1.1176,2,300,1,1
B00081,B00081_R1,775,10,10,0.2032,1.9812,1924.41,1.0668,2.54,1915.75,92,95,8.66,0.2032,1.143,2.286,2.54,1.3462,2.2606,3.4798,1,300,0,3
B00082,B00082_R1,776,1,9,0.2032,1.9812,2006.37,2.286,2.54,1995.3,96,98,11.07,0.4572,0.2032,2.54,0.762,2.032,4.1656,2.6416,3,300,0,4
B00082,B00082_R2,777,2,9,0.2032,1.9812,2006.37,2.286,2.54,1995.3,96,98,11.07,0.4572,0.2032,0.2032,1.9812,2.032,4.1656,2.032,2,300,1,2
B00082,B00082_R2,778,3,9,0.2032,1.9812,2006.37,2.286,2.54,1995.3,96,98,11.07,0.2032,1.143,1.9812,0.2032,1.3462,3.4798,2.7178,1,300,1,3
B00082,B00082_R2,779,4,9,0.2032,1.9812,2006.37,2.286,2.54,1995.3,96,98,11.07,1.0668,0.7112,1.0668,2.032,2.6416,3.556,2.9464,3,300,1,4
B00082,B00082_R1,780,5,9,0.2032,1.9812,2006.37,2.286,2.54,1995.3,96,98,11.07,0.762,2.032,0.2032,1.6002,1.1176,2.032,1.4986,2,300,0,2
B00082,B00082_R1,781,6,9,0.2032,1.9812,2006.37,2.286,2.54,1995.3,96,98,11.07,0.2032,0.762,0.762,2.032,1.7272,3.8608,2.3368,1,300,0,1
B00082,B00082_R2,782,7,9,0.2032,1.9812,2006.37,2.286,2.54,1995.3,96,98,11.07,0.2032,1.143,2.54,0.762,1.3462,3.4798,2.7178,1,300,1,5
B00082,B00082_R1,783,8,9,0.2032,1.9812,2006.37,2.286,2.54,1995.3,96,98,11.07,0.2032,0.762,1.0668,2.54,1.7272,3.8608,2.6416,1,300,0,3
B00082,B00082_R2,784,9,9,0.2032,1.9812,2006.37,2.286,2.54,1995.3,96,98,11.07,2.54,1.143,2.54,0.762,3.175,1.651,0.889,3,300,1,1
B00083,B00083_R1,785,1,9,2.54,0.762,1952.08,2.54,0.762,1965.47,93,96,-13.39,0.2032,1.143,1.9812,0.7112,2.7178,2.7178,2.7178,1,300,0,3
B00083,B00083_R2,786,2,9,2.54,0.762,1952.08,2.54,0.762,1965.47,93,96,-13.39,0.2032,1.143,1.6764,2.032,2.7178,2.7178,2.8702,1,300,1,4
B00083,B00083_R1,787,3,9,2.54,0.762,1952.08,2.54,0.762,1965.47,93,96,-13.39,1.9812,0.7112,0.2032,1.6002,1.1176,1.1176,3.175,2,300,0,2
B00083,B00083_R2,788,4,9,2.54,0.762,1952.08,2.54,0.762,1965.47,93,96,-13.39,2.54,1.143,0.762,0.2032,0.889,0.889,2.7178,3,300,1,1
B00083,B00083_R1,789,5,9,2.54,0.762,1952.08,2.54,0.762,1965.47,93,96,-13.39,2.54,1.6002,1.9812,0.2032,1.3462,1.3462,1.9558,3,300,0,1
B00083,B00083_R2,790,6,9,2.54,0.762,1952.08,2.54,0.762,1965.47,93,96,-13.39,0.2032,0.762,0.762,0.2032,2.9464,2.9464,1.1176,1,300,1,2
B00083,B00083_R2,791,7,9,2.54,0.762,1952.08,2.54,0.762,1965.47,93,96,-13.39,0.2032,0.762,0.762,2.032,2.9464,2.9464,2.3368,1,300,1,3
B00083,B00083_R1,792,8,9,2.54,0.762,1952.08,2.54,0.762,1965.47,93,96,-13.39,2.54,1.143,0.4572,0.2032,0.889,0.889,3.0226,3,300,0,4
B00083,B00083_R1,793,9,9,2.54,0.762,1952.08,2.54,0.762,1965.47,93,96,-13.39,0.2032,0.762,1.9812,2.032,2.9464,2.9464,3.556,1,300,0,5
B00084,B00084_R1,794,1,9,1.9812,2.032,2006.18,1.6764,2.032,2020.58,96,98,-14.4,0.4572,2.54,0.2032,1.9812,2.032,1.7272,0.8128,2,300,0,3
B00084,B00084_R1,795,2,9,1.9812,2.032,2006.18,1.6764,2.032,2020.58,96,98,-14.4,0.2032,1.143,0.4572,2.54,3.175,2.8702,1.651,1,300,0,2
B00084,B00084_R1,796,3,9,1.9812,2.032,2006.18,1.6764,2.032,2020.58,96,98,-14.4,0.2032,1.143,1.6764,2.54,3.175,2.8702,2.8702,1,300,0,4
B00084,B00084_R2,797,4,9,1.9812,2.032,2006.18,1.6764,2.032,2020.58,96,98,-14.4,0.2032,0.762,0.4572,0.2032,3.556,3.2512,0.8128,1,300,1,2
B00084,B00084_R2,798,5,9,1.9812,2.032,2006.18,1.6764,2.032,2020.58,96,98,-14.4,0.2032,0.762,2.54,1.6002,3.556,3.2512,3.175,1,300,1,3
B00084,B00084_R1,799,6,9,1.9812,2.032,2006.18,1.6764,2.032,2020.58,96,98,-14.4,0.2032,0.762,2.286,2.54,3.556,3.2512,3.8608,1,300,0,5
B00084,B00084_R1,800,7,9,1.9812,2.032,2006.18,1.6764,2.032,2020.58,96,98,-14.4,1.9812,2.032,2.54,1.143,0,0.8128,1.9558,3,300,0,1
B00084,B00084_R2,801,8,9,1.9812,2.032,2006.18,1.6764,2.032,2020.58,96,98,-14.4,0.762,2.032,0.2032,1.6002,1.7272,1.4224,1.4986,2,300,1,1
B00084,B00084_R2,802,9,9,1.9812,2.032,2006.18,1.6764,2.032,2020.58,96,98,-14.4,1.6764,0.2032,1.9812,2.032,3.2512,2.9464,3.2512,3,300,1,4
B00085,B00085_R1,803,1,9,2.286,2.54,1986.22,1.9812,2.032,1993.43,96,97,-7.21,1.0668,0.2032,2.54,1.6002,3.556,3.2512,2.8702,3,300,0,3
B00085,B00085_R2,804,2,9,2.286,2.54,1986.22,1.9812,2.032,1993.43,96,97,-7.21,1.6764,0.2032,0.2032,1.9812,2.9464,3.2512,3.2512,2,300,1,4
B00085,B00085_R1,805,3,9,2.286,2.54,1986.22,1.9812,2.032,1993.43,96,97,-7.21,2.286,0.2032,1.0668,2.032,2.3368,2.6416,3.556,3,300,0,1
B00085,B00085_R2,806,4,9,2.286,2.54,1986.22,1.9812,2.032,1993.43,96,97,-7.21,1.9812,0.2032,0.2032,1.9812,2.6416,2.9464,3.556,2,300,1,2
B00085,B00085_R1,807,5,9,2.286,2.54,1986.22,1.9812,2.032,1993.43,96,97,-7.21,1.6764,0.2032,0.2032,1.9812,2.9464,3.2512,3.2512,2,300,0,4
B00085,B00085_R1,808,6,9,2.286,2.54,1986.22,1.9812,2.032,1993.43,96,97,-7.21,1.6764,0.2032,0.2032,1.9812,2.9464,3.2512,3.2512,2,300,0,5
B00085,B00085_R2,809,7,9,2.286,2.54,1986.22,1.9812,2.032,1993.43,96,97,-7.21,1.9812,2.54,2.54,1.9812,0.8128,0.508,1.1176,3,300,1,1
B00085,B00085_R2,810,8,9,2.286,2.54,1986.22,1.9812,2.032,1993.43,96,97,-7.21,1.0668,0.2032,0.2032,1.9812,3.556,3.2512,2.6416,2,300,1,3
B00085,B00085_R1,811,9,9,2.286,2.54,1986.22,1.9812,2.032,1993.43,96,97,-7.21,0.762,2.54,0.2032,1.6002,2.032,1.7272,1.4986,2,300,0,2
B00086,B00086_R2,812,1,9,0.2032,1.9812,1997.65,0.2032,1.9812,1975.7,96,96,21.95,0.2032,0.762,1.9812,0.7112,1.7272,1.7272,2.3368,1,300,1,1
B00086,B00086_R1,813,2,9,0.2032,1.9812,1997.65,0.2032,1.9812,1975.7,96,96,21.95,0.762,0.2032,0.762,0.7112,2.3368,2.3368,0.508,3,300,0,1
B00086,B00086_R1,814,3,9,0.2032,1.9812,1997.65,0.2032,1.9812,1975.7,96,96,21.95,2.286,0.2032,2.54,1.143,3.8608,3.8608,1.1938,3,300,0,2
B00086,B00086_R2,815,4,9,0.2032,1.9812,1997.65,0.2032,1.9812,1975.7,96,96,21.95,0.2032,0.762,2.286,2.54,1.7272,1.7272,3.8608,1,300,1,4
B00086,B00086_R2,816,5,9,0.2032,1.9812,1997.65,0.2032,1.9812,1975.7,96,96,21.95,1.6764,0.7112,0.762,2.54,3.2512,3.2512,3.2512,3,300,1,5
B00086,B00086_R2,817,6,9,0.2032,1.9812,1997.65,0.2032,1.9812,1975.7,96,96,21.95,1.9812,0.7112,0.2032,1.6002,3.556,3.556,3.175,2,300,1,2
B00086,B00086_R2,818,7,9,0.2032,1.9812,1997.65,0.2032,1.9812,1975.7,96,96,21.95,0.2032,1.143,0.762,2.032,1.3462,1.3462,1.9558,1,300,1,3
B00086,B00086_R1,819,8,9,0.2032,1.9812,1997.65,0.2032,1.9812,1975.7,96,96,21.95,0.2032,0.762,1.9812,2.032,1.7272,1.7272,3.556,1,300,0,4
B00086,B00086_R1,820,9,9,0.2032,1.9812,1997.65,0.2032,1.9812,1975.7,96,96,21.95,1.9812,0.2032,0.2032,1.9812,3.556,3.556,3.556,2,300,0,3
B00087,B00087_R2,821,1,9,1.9812,2.032,2054.67,0.762,2.54,2064.06,98,99,-9.39,1.9812,0.2032,2.286,2.54,2.9464,3.556,2.6416,3,300,1,3
B00087,B00087_R2,822,2,9,1.9812,2.032,2054.67,0.762,2.54,2064.06,98,99,-9.39,0.2032,1.143,0.762,0.7112,3.175,1.9558,1.4986,1,300,1,2
B00087,B00087_R2,823,3,9,1.9812,2.032,2054.67,0.762,2.54,2064.06,98,99,-9.39,1.0668,2.032,0.2032,1.9812,1.4224,0.8128,1.4224,2,300,1,1
B00087,B00087_R1,824,4,9,1.9812,2.032,2054.67,0.762,2.54,2064.06,98,99,-9.39,0.2032,1.143,1.6764,2.032,3.175,1.9558,2.8702,1,300,0,4
B00087,B00087_R1,825,5,9,1.9812,2.032,2054.67,0.762,2.54,2064.06,98,99,-9.39,1.6764,0.7112,0.2032,1.9812,3.2512,3.2512,3.2512,2,300,0,3
B00087,B00087_R1,826,6,9,1.9812,2.032,2054.67,0.762,2.54,2064.06,98,99,-9.39,1.6764,0.7112,1.6764,2.032,3.2512,3.2512,2.9464,3,300,0,5
B00087,B00087_R1,827,7,9,1.9812,2.032,2054.67,0.762,2.54,2064.06,98,99,-9.39,1.6764,2.032,0.2032,1.6002,0.8128,1.4224,2.413,2,300,0,1
B00087,B00087_R2,828,8,9,1.9812,2.032,2054.67,0.762,2.54,2064.06,98,99,-9.39,1.9812,0.2032,1.9812,2.032,2.9464,3.556,2.9464,3,300,1,4
B00087,B00087_R1,829,9,9,1.9812,2.032,2054.67,0.762,2.54,2064.06,98,99,-9.39,0.2032,0.762,1.6764,0.2032,3.556,2.3368,2.032,1,300,0,2
B00088,B00088_R2,830,1,9,1.6764,2.032,2084.72,1.9812,2.032,2089.12,99,100,-4.4,2.54,1.143,0.762,2.54,2.2606,1.9558,3.175,3,300,1,4
B00088,B00088_R1,831,2,9,1.6764,2.032,2084.72,1.9812,2.032,2089.12,99,100,-4.4,1.0668,2.032,2.54,1.6002,1.1176,1.4224,2.413,3,300,0,1
B00088,B00088_R1,832,3,9,1.6764,2.032,2084.72,1.9812,2.032,2089.12,99,100,-4.4,2.54,1.6002,0.2032,1.6002,1.8034,1.4986,2.3368,2,300,0,2
B00088,B00088_R1,833,4,9,1.6764,2.032,2084.72,1.9812,2.032,2089.12,99,100,-4.4,0.2032,0.762,1.6764,2.032,3.2512,3.556,3.2512,1,300,0,5
B00088,B00088_R1,834,5,9,1.6764,2.032,2084.72,1.9812,2.032,2089.12,99,100,-4.4,0.2032,1.143,1.0668,0.2032,2.8702,3.175,1.8034,1,300,0,3
B00088,B00088_R2,835,6,9,1.6764,2.032,2084.72,1.9812,2.032,2089.12,99,100,-4.4,2.54,1.143,0.2032,1.6002,2.2606,1.9558,2.794,2,300,1,3
B00088,B00088_R2,836,7,9,1.6764,2.032,2084.72,1.9812,2.032,2089.12,99,100,-4.4,0.2032,0.762,2.286,0.2032,3.2512,3.556,2.6416,1,300,1,2
B00088,B00088_R1,837,8,9,1.6764,2.032,2084.72,1.9812,2.032,2089.12,99,100,-4.4,0.4572,0.2032,0.2032,1.9812,3.556,3.8608,2.032,2,300,0,4
B00088,B00088_R2,838,9,9,1.6764,2.032,2084.72,1.9812,2.032,2089.12,99,100,-4.4,2.54,1.9812,0.2032,1.6002,1.4224,1.1176,2.7178,2,300,1,1
B00089,B00089_R2,839,1,10,1.6764,2.032,2141.2,0.762,2.54,2135.31,103,102,5.89,0.2032,1.143,1.6764,2.032,2.8702,1.9558,2.8702,1,300,1,3
B00089,B00089_R2,840,2,10,1.6764,2.032,2141.2,0.762,2.54,2135.31,103,102,5.89,1.9812,2.54,1.9812,0.7112,0.8128,1.7272,2.9464,3,300,1,4
B00089,B00089_R1,841,3,10,1.6764,2.032,2141.2,0.762,2.54,2135.31,103,102,5.89,0.2032,1.143,2.54,1.6002,2.8702,1.9558,2.794,1,300,0,6
B00089,B00089_R2,842,4,10,1.6764,2.032,2141.2,0.762,2.54,2135.31,103,102,5.89,0.762,2.032,1.9812,0.2032,1.4224,0.508,3.556,3,300,1,1
B00089,B00089_R1,843,5,10,1.6764,2.032,2141.2,0.762,2.54,2135.31,103,102,5.89,1.0668,2.032,0.2032,1.9812,1.1176,0.8128,1.4224,2,300,0,2
B00089,B00089_R1,844,6,10,1.6764,2.032,2141.2,0.762,2.54,2135.31,103,102,5.89,1.9812,2.54,0.2032,1.6002,0.8128,1.7272,2.7178,2,300,0,5
B00089,B00089_R1,845,7,10,1.6764,2.032,2141.2,0.762,2.54,2135.31,103,102,5.89,0.2032,0.762,0.762,2.54,3.2512,2.3368,2.3368,1,300,0,4
B00089,B00089_R1,846,8,10,1.6764,2.032,2141.2,0.762,2.54,2135.31,103,102,5.89,0.4572,2.54,0.762,0.7112,1.7272,0.8128,2.6416,3,300,0,3
B00089,B00089_R2,847,9,10,1.6764,2.032,2141.2,0.762,2.54,2135.31,103,102,5.89,2.54,0.762,0.2032,1.6002,2.6416,3.556,3.175,2,300,1,2
B00089,B00089_R1,848,10,10,1.6764,2.032,2141.2,0.762,2.54,2135.31,103,102,5.89,1.6764,2.032,1.0668,2.032,0,1.4224,1.1176,3,300,0,1
B00090,B00090_R2,849,1,9,2.54,1.6002,2158.52,1.9812,0.7112,2151.75,105,102,6.77,1.0668,0.7112,1.0668,2.54,2.8702,1.4224,2.9464,3,300,1,1
B00090,B00090_R1,850,2,9,2.54,1.6002,2158.52,1.9812,0.7112,2151.75,105,102,6.77,2.286,2.54,0.2032,1.6002,1.1938,2.6416,3.0226,2,300,0,3
B00090,B00090_R1,851,3,9,2.54,1.6002,2158.52,1.9812,0.7112,2151.75,105,102,6.77,2.54,0.762,2.54,1.9812,1.3462,1.1176,1.7272,3,300,0,1
B00090,B00090_R2,852,4,9,2.54,1.6002,2158.52,1.9812,0.7112,2151.75,105,102,6.77,1.6764,2.54,0.4572,2.54,1.8034,3.2512,1.7272,3,300,1,4
B00090,B00090_R2,853,5,9,2.54,1.6002,2158.52,1.9812,0.7112,2151.75,105,102,6.77,0.2032,1.143,1.6764,2.032,2.794,2.7178,2.8702,1,300,1,3
B00090,B00090_R2,854,6,9,2.54,1.6002,2158.52,1.9812,0.7112,2151.75,105,102,6.77,2.54,1.9812,0.2032,1.9812,0.889,2.3368,2.9464,2,300,1,5
B00090,B00090_R1,855,7,9,2.54,1.6002,2158.52,1.9812,0.7112,2151.75,105,102,6.77,2.286,0.2032,0.2032,1.6002,1.651,0.8128,3.4798,2,300,0,4
B00090,B00090_R1,856,8,9,2.54,1.6002,2158.52,1.9812,0.7112,2151.75,105,102,6.77,2.54,1.9812,0.2032,1.9812,0.889,2.3368,2.9464,2,300,0,2
B00090,B00090_R2,857,9,9,2.54,1.6002,2158.52,1.9812,0.7112,2151.75,105,102,6.77,1.0668,2.54,0.2032,1.6002,2.413,3.2512,1.8034,2,300,1,2
B00091,B00091_R2,858,1,9,0.2032,1.6002,2167.35,0.2032,1.9812,2140.33,104,102,27.02,2.286,2.54,0.762,0.7112,3.0226,2.6416,3.8608,3,300,1,3
B00091,B00091_R2,859,2,9,0.2032,1.6002,2167.35,0.2032,1.9812,2140.33,104,102,27.02,1.0668,0.7112,0.2032,1.6002,2.2606,2.6416,2.2606,2,300,1,4
B00091,B00091_R1,860,3,9,0.2032,1.6002,2167.35,0.2032,1.9812,2140.33,104,102,27.02,1.0668,0.2032,0.4572,0.2032,2.2606,2.6416,1.1176,3,300,0,2
B00091,B00091_R2,861,4,9,0.2032,1.6002,2167.35,0.2032,1.9812,2140.33,104,102,27.02,1.6764,2.032,0.2032,1.6002,2.413,2.032,2.413,2,300,1,5
B00091,B00091_R2,862,5,9,0.2032,1.6002,2167.35,0.2032,1.9812,2140.33,104,102,27.02,1.9812,2.032,2.286,2.54,2.7178,2.3368,0.8128,3,300,1,2
B00091,B00091_R1,863,6,9,0.2032,1.6002,2167.35,0.2032,1.9812,2140.33,104,102,27.02,1.0668,0.2032,0.2032,1.6002,2.2606,2.6416,2.2606,2,300,0,3
B00091,B00091_R1,864,7,9,0.2032,1.6002,2167.35,0.2032,1.9812,2140.33,104,102,27.02,0.4572,2.54,2.54,1.143,1.1938,0.8128,3.4798,3,300,0,4
B00091,B00091_R2,865,8,9,0.2032,1.6002,2167.35,0.2032,1.9812,2140.33,104,102,27.02,0.762,2.032,0.2032,1.9812,1.4986,1.1176,1.1176,2,300,1,1
B00091,B00091_R1,866,9,9,0.2032,1.6002,2167.35,0.2032,1.9812,2140.33,104,102,27.02,0.2032,0.762,1.6764,0.2032,1.3462,1.7272,2.032,1,300,0,1
B00092,B00092_R2,867,1,10,2.54,1.143,2132.5,0.2032,1.6002,2129.89,103,102,2.61,0.2032,1.143,1.0668,0.7112,2.3368,0.9652,1.8034,1,300,1,1
B00092,B00092_R2,868,2,10,2.54,1.143,2132.5,0.2032,1.6002,2129.89,103,102,2.61,0.2032,1.143,2.286,2.54,2.3368,0.9652,3.4798,1,300,1,5
B00092,B00092_R1,869,3,10,2.54,1.143,2132.5,0.2032,1.6002,2129.89,103,102,2.61,0.2032,1.143,2.286,0.2032,2.3368,0.9652,3.0226,1,300,0,2
B00092,B00092_R2,870,4,10,2.54,1.143,2132.5,0.2032,1.6002,2129.89,103,102,2.61,1.0668,0.7112,0.2032,1.6002,2.413,2.2606,2.2606,2,300,1,2
B00092,B00092_R2,871,5,10,2.54,1.143,2132.5,0.2032,1.6002,2129.89,103,102,2.61,0.2032,0.762,1.6764,2.032,2.7178,1.3462,3.2512,1,300,1,3
B00092,B00092_R1,872,6,10,2.54,1.143,2132.5,0.2032,1.6002,2129.89,103,102,2.61,0.2032,0.762,1.6764,0.2032,2.7178,1.3462,2.032,1,300,0,4
B00092,B00092_R1,873,7,10,2.54,1.143,2132.5,0.2032,1.6002,2129.89,103,102,2.61,0.2032,0.762,1.6764,2.54,2.7178,1.3462,3.2512,1,300,0,5
B00092,B00092_R1,874,8,10,2.54,1.143,2132.5,0.2032,1.6002,2129.89,103,102,2.61,2.286,0.2032,2.54,0.762,1.1938,3.4798,0.8128,3,300,0,3
B00092,B00092_R2,875,9,10,2.54,1.143,2132.5,0.2032,1.6002,2129.89,103,102,2.61,1.6764,2.032,0.2032,1.6002,2.2606,2.413,2.413,2,300,1,4
B00092,B00092_R1,876,10,10,2.54,1.143,2132.5,0.2032,1.6002,2129.89,103,102,2.61,2.54,1.143,0.2032,1.6002,0,2.794,2.794,2,300,0,1
B00093,B00093_R1,877,1,9,1.6764,2.54,2149.53,2.286,2.54,2155.94,104,104,-6.41,0.4572,2.54,0.2032,1.6002,1.7272,2.3368,1.1938,2,300,0,3
B00093,B00093_R1,878,2,9,1.6764,2.54,2149.53,2.286,2.54,2155.94,104,104,-6.41,1.0668,0.2032,0.2032,1.9812,2.9464,3.556,2.6416,2,300,0,4
B00093,B00093_R1,879,3,9,1.6764,2.54,2149.53,2.286,2.54,2155.94,104,104,-6.41,1.6764,2.54,0.2032,1.6002,0,1.1176,2.413,2,300,0,1
B00093,B00093_R1,880,4,9,1.6764,2.54,2149.53,2.286,2.54,2155.94,104,104,-6.41,0.2032,1.143,2.286,2.54,2.8702,3.4798,3.4798,1,300,0,5
B00093,B00093_R2,881,5,9,1.6764,2.54,2149.53,2.286,2.54,2155.94,104,104,-6.41,1.6764,2.54,0.2032,1.9812,0,1.1176,2.032,2,300,1,1
B00093,B00093_R2,882,6,9,1.6764,2.54,2149.53,2.286,2.54,2155.94,104,104,-6.41,0.2032,0.762,2.286,2.54,3.2512,3.8608,3.8608,1,300,1,4
B00093,B00093_R2,883,7,9,1.6764,2.54,2149.53,2.286,2.54,2155.94,104,104,-6.41,0.2032,1.143,2.54,1.9812,2.8702,3.4798,3.175,1,300,1,2
B00093,B00093_R2,884,8,9,1.6764,2.54,2149.53,2.286,2.54,2155.94,104,104,-6.41,2.54,1.6002,0.2032,1.6002,1.8034,1.1938,2.3368,2,300,1,3
B00093,B00093_R1,885,9,9,1.6764,2.54,2149.53,2.286,2.54,2155.94,104,104,-6.41,0.2032,1.143,0.4572,2.54,2.8702,3.4798,1.651,1,300,0,2
B00094,B00094_R1,886,1,9,2.286,2.54,2220.47,2.286,2.54,2188.89,108,106,31.58,0.2032,0.762,1.0668,2.54,3.8608,3.8608,2.6416,1,300,0,3
B00094,B00094_R2,887,2,9,2.286,2.54,2220.47,2.286,2.54,2188.89,108,106,31.58,0.2032,0.762,0.762,2.032,3.8608,3.8608,2.3368,1,300,1,6
B00094,B00094_R2,888,3,9,2.286,2.54,2220.47,2.286,2.54,2188.89,108,106,31.58,0.2032,1.143,0.762,0.7112,3.4798,3.4798,1.4986,1,300,1,2
B00094,B00094_R2,889,4,9,2.286,2.54,2220.47,2.286,2.54,2188.89,108,106,31.58,1.0668,0.2032,0.2032,1.9812,3.556,3.556,2.6416,2,300,1,5
B00094,B00094_R2,890,5,9,2.286,2.54,2220.47,2.286,2.54,2188.89,108,106,31.58,0.762,0.7112,0.2032,1.9812,3.8608,3.8608,2.3368,2,300,1,3
B00094,B00094_R1,891,6,9,2.286,2.54,2220.47,2.286,2.54,2188.89,108,106,31.58,0.2032,0.762,1.6764,0.7112,3.8608,3.8608,2.032,1,300,0,2
B00094,B00094_R2,892,7,9,2.286,2.54,2220.47,2.286,2.54,2188.89,108,106,31.58,1.6764,2.54,0.2032,1.6002,1.1176,1.1176,2.413,2,300,1,1
B00094,B00094_R1,893,8,9,2.286,2.54,2220.47,2.286,2.54,2188.89,108,106,31.58,0.2032,1.143,0.762,0.2032,3.4798,3.4798,1.4986,1,300,0,1
B00094,B00094_R2,894,9,9,2.286,2.54,2220.47,2.286,2.54,2188.89,108,106,31.58,0.2032,0.762,1.0668,0.7112,3.8608,3.8608,1.4224,1,300,1,4
B00095,B00095_R2,895,1,10,1.0668,2.54,2238.39,0.762,2.032,2270.43,109,110,-32.04,0.2032,1.143,0.762,2.032,2.2606,1.9558,1.9558,1,300,1,4
B00095,B00095_R1,896,2,10,1.0668,2.54,2238.39,0.762,2.032,2270.43,109,110,-32.04,1.6764,2.54,2.286,2.54,1.1176,1.4224,1.1176,3,300,0,2
B00095,B00095_R2,897,3,10,1.0668,2.54,2238.39,0.762,2.032,2270.43,109,110,-32.04,0.2032,1.143,0.762,0.2032,2.2606,1.9558,1.4986,1,300,1,2
B00095,B00095_R2,898,4,10,1.0668,2.54,2238.39,0.762,2.032,2270.43,109,110,-32.04,0.2032,0.762,0.4572,0.2032,2.6416,2.3368,0.8128,1,300,1,3
B00095,B00095_R1,899,5,10,1.0668,2.54,2238.39,0.762,2.032,2270.43,109,110,-32.04,1.0668,2.54,1.6764,2.032,0,0.8128,1.1176,3,300,0,1
B00095,B00095_R2,900,6,10,1.0668,2.54,2238.39,0.762,2.032,2270.43,109,110,-32.04,0.762,2.032,0.2032,1.6002,0.8128,0,1.4986,2,300,1,1
B00095,B00095_R1,901,7,10,1.0668,2.54,2238.39,0.762,2.032,2270.43,109,110,-32.04,0.2032,0.762,1.6764,0.7112,2.6416,2.3368,2.032,1,300,0,5
B00095,B00095_R1,902,8,10,1.0668,2.54,2238.39,0.762,2.032,2270.43,109,110,-32.04,1.6764,0.7112,0.2032,1.9812,2.9464,3.2512,3.2512,2,300,0,6
B00095,B00095_R1,903,9,10,1.0668,2.54,2238.39,0.762,2.032,2270.43,109,110,-32.04,1.0668,2.032,0.2032,1.9812,0.508,0.8128,1.4224,2,300,0,3
B00095,B00095_R1,904,10,10,1.0668,2.54,2238.39,0.762,2.032,2270.43,109,110,-32.04,0.2032,1.143,1.0668,0.2032,2.2606,1.9558,1.8034,1,300,0,4
B00096,B00096_R2,905,1,10,0.2032,1.9812,2269.43,0.762,2.032,2254.79,111,111,14.64,2.54,0.762,1.0668,0.7112,3.556,3.556,2.032,3,300,1,4
B00096,B00096_R1,906,2,10,0.2032,1.9812,2269.43,0.762,2.032,2254.79,111,111,14.64,0.2032,0.762,1.6764,0.2032,1.7272,2.3368,2.032,1,300,0,4
B00096,B00096_R1,907,3,10,0.2032,1.9812,2269.43,0.762,2.032,2254.79,111,111,14.64,0.2032,0.762,0.762,0.2032,1.7272,2.3368,1.1176,1,300,0,1
B00096,B00096_R2,908,4,10,0.2032,1.9812,2269.43,0.762,2.032,2254.79,111,111,14.64,1.9812,2.54,2.286,2.54,2.3368,1.7272,0.8128,3,300,1,1
B00096,B00096_R1,909,5,10,0.2032,1.9812,2269.43,0.762,2.032,2254.79,111,111,14.64,0.4572,0.2032,1.9812,0.2032,2.032,2.6416,2.032,3,300,0,2
B00096,B00096_R2,910,6,10,0.2032,1.9812,2269.43,0.762,2.032,2254.79,111,111,14.64,0.2032,0.762,2.54,1.143,1.7272,2.3368,2.7178,1,300,1,3
B00096,B00096_R2,911,7,10,0.2032,1.9812,2269.43,0.762,2.032,2254.79,111,111,14.64,0.2032,0.762,2.54,1.9812,1.7272,2.3368,3.556,1,300,1,5
B00096,B00096_R1,912,8,10,0.2032,1.9812,2269.43,0.762,2.032,2254.79,111,111,14.64,2.286,0.2032,0.4572,0.2032,3.8608,3.8608,2.3368,3,300,0,3
B00096,B00096_R2,913,9,10,0.2032,1.9812,2269.43,0.762,2.032,2254.79,111,111,14.64,1.6764,2.032,0.2032,1.6002,2.032,1.4224,2.413,2,300,1,2
B00096,B00096_R1,914,10,10,0.2032,1.9812,2269.43,0.762,2.032,2254.79,111,111,14.64,0.2032,0.762,2.54,1.9812,1.7272,2.3368,3.556,1,300,0,5
B00097,B00097_R2,915,1,10,2.54,1.9812,2280.16,2.54,1.9812,2260.81,111,110,19.35,1.6764,0.7112,0.2032,1.9812,2.6416,2.6416,3.2512,2,300,1,3
B00097,B00097_R2,916,2,10,2.54,1.9812,2280.16,2.54,1.9812,2260.81,111,110,19.35,2.54,0.762,0.2032,1.9812,1.7272,1.7272,3.556,2,300,1,5
B00097,B00097_R1,917,3,10,2.54,1.9812,2280.16,2.54,1.9812,2260.81,111,110,19.35,1.6764,2.032,0.762,0.7112,1.4224,1.4224,3.2512,3,300,0,1
B00097,B00097_R1,918,4,10,2.54,1.9812,2280.16,2.54,1.9812,2260.81,111,110,19.35,1.6764,2.032,1.6764,0.7112,1.4224,1.4224,2.9464,3,300,0,3
B00097,B00097_R1,919,5,10,2.54,1.9812,2280.16,2.54,1.9812,2260.81,111,110,19.35,2.286,0.2032,0.762,2.54,2.032,2.032,3.8608,3,300,0,4
B00097,B00097_R2,920,6,10,2.54,1.9812,2280.16,2.54,1.9812,2260.81,111,110,19.35,0.2032,1.143,2.286,2.54,3.175,3.175,3.4798,1,300,1,6
B00097,B00097_R2,921,7,10,2.54,1.9812,2280.16,2.54,1.9812,2260.81,111,110,19.35,1.0668,2.54,0.2032,1.6002,2.032,2.032,1.8034,2,300,1,1
B00097,B00097_R2,922,8,10,2.54,1.9812,2280.16,2.54,1.9812,2260.81,111,110,19.35,0.2032,1.143,1.6764,0.7112,3.175,3.175,2.413,1,300,1,2
B00097,B00097_R2,923,9,10,2.54,1.9812,2280.16,2.54,1.9812,2260.81,111,110,19.35,0.2032,1.143,1.0668,0.2032,3.175,3.175,1.8034,1,300,1,4
B00097,B00097_R1,924,10,10,2.54,1.9812,2280.16,2.54,1.9812,2260.81,111,110,19.35,0.2032,0.762,1.9812,2.032,3.556,3.556,3.556,1,300,0,2
B00098,B00098_R1,925,1,9,0.762,2.54,2334.18,2.286,2.54,2366.72,113,115,-32.54,0.2032,1.143,0.762,0.7112,1.9558,3.4798,1.4986,1,300,0,2
B00098,B00098_R1,926,2,9,0.762,2.54,2334.18,2.286,2.54,2366.72,113,115,-32.54,1.9812,0.2032,0.762,2.54,3.556,2.6416,3.556,3,300,0,6
B00098,B00098_R2,927,3,9,0.762,2.54,2334.18,2.286,2.54,2366.72,113,115,-32.54,1.6764,2.54,1.0668,2.54,1.4224,1.1176,1.1176,3,300,1,1
B00098,B00098_R1,928,4,9,0.762,2.54,2334.18,2.286,2.54,2366.72,113,115,-32.54,0.2032,1.143,1.6764,0.2032,1.9558,3.4798,2.413,1,300,0,4
B00098,B00098_R2,929,5,9,0.762,2.54,2334.18,2.286,2.54,2366.72,113,115,-32.54,0.2032,0.762,2.286,0.2032,2.3368,3.8608,2.6416,1,300,1,2
B00098,B00098_R2,930,6,9,0.762,2.54,2334.18,2.286,2.54,2366.72,113,115,-32.54,1.9812,0.2032,0.762,2.54,3.556,2.6416,3.556,3,300,1,3
B00098,B00098_R1,931,7,9,0.762,2.54,2334.18,2.286,2.54,2366.72,113,115,-32.54,0.762,2.54,0.762,2.032,0,2.032,0.508,3,300,0,1
B00098,B00098_R1,932,8,9,0.762,2.54,2334.18,2.286,2.54,2366.72,113,115,-32.54,0.762,0.7112,0.2032,1.9812,2.9464,3.8608,2.3368,2,300,0,3
B00098,B00098_R1,933,9,9,0.762,2.54,2334.18,2.286,2.54,2366.72,113,115,-32.54,1.6764,0.2032,0.2032,1.9812,3.2512,2.9464,3.2512,2,300,0,5
B00099,B00099_R2,934,1,9,0.762,2.54,2347.79,0.762,2.54,2322.14,114,112,25.65,0.762,2.54,0.2032,1.6002,0,0,1.4986,2,300,1,1
B00099,B00099_R1,935,2,9,0.762,2.54,2347.79,0.762,2.54,2322.14,114,112,25.65,0.2032,0.762,1.6764,2.54,2.3368,2.3368,3.2512,1,300,0,3
B00099,B00099_R2,936,3,9,0.762,2.54,2347.79,0.762,2.54,2322.14,114,112,25.65,0.762,0.7112,1.9812,2.032,2.9464,2.9464,3.556,3,300,1,6
B00099,B00099_R2,937,4,9,0.762,2.54,2347.79,0.762,2.54,2322.14,114,112,25.65,0.762,0.2032,1.6764,0.2032,2.9464,2.9464,1.4224,3,300,1,4
B00099,B00099_R1,938,5,9,0.762,2.54,2347.79,0.762,2.54,2322.14,114,112,25.65,0.2032,1.143,1.9812,2.54,1.9558,1.9558,3.175,1,300,0,1
B00099,B00099_R1,939,6,9,0.762,2.54,2347.79,0.762,2.54,2322.14,114,112,25.65,2.54,1.143,0.2032,1.9812,3.175,3.175,3.175,2,300,0,2
B00099,B00099_R2,940,7,9,0.762,2.54,2347.79,0.762,2.54,2322.14,114,112,25.65,2.54,0.762,0.762,0.7112,3.556,3.556,2.3368,3,300,1,3
B00099,B00099_R2,941,8,9,0.762,2.54,2347.79,0.762,2.54,2322.14,114,112,25.65,0.762,0.2032,1.9812,0.7112,2.9464,2.9464,1.7272,3,300,1,5
B00099,B00099_R2,942,9,9,0.762,2.54,2347.79,0.762,2.54,2322.14,114,112,25.65,0.2032,0.762,2.54,0.762,2.3368,2.3368,2.9464,1,300,1,2
B00100,B00100_R2,943,1,10,1.6764,2.54,2380.95,1.9812,2.032,2395.06,115,117,-14.11,1.0668,2.54,2.286,2.54,1.1176,1.4224,1.7272,3,300,1,3
B00100,B00100_R2,944,2,10,1.6764,2.54,2380.95,1.9812,2.032,2395.06,115,117,-14.11,0.2032,0.762,1.0668,2.54,3.2512,3.556,2.6416,1,300,1,2
B00100,B00100_R1,945,3,10,1.6764,2.54,2380.95,1.9812,2.032,2395.06,115,117,-14.11,0.2032,0.762,1.0668,2.032,3.2512,3.556,2.6416,1,300,0,4
B00100,B00100_R1,946,4,10,1.6764,2.54,2380.95,1.9812,2.032,2395.06,115,117,-14.11,1.0668,0.2032,0.2032,1.6002,2.9464,3.2512,2.2606,2,300,0,3
B00100,B00100_R2,947,5,10,1.6764,2.54,2380.95,1.9812,2.032,2395.06,115,117,-14.11,2.54,1.9812,0.2032,1.6002,1.4224,1.1176,2.7178,2,300,1,1
B00100,B00100_R2,948,6,10,1.6764,2.54,2380.95,1.9812,2.032,2395.06,115,117,-14.11,0.2032,0.762,2.286,0.2032,3.2512,3.556,2.6416,1,300,1,5
B00100,B00100_R1,949,7,10,1.6764,2.54,2380.95,1.9812,2.032,2395.06,115,117,-14.11,0.2032,1.143,2.54,1.6002,2.8702,3.175,2.794,1,300,0,5
B00100,B00100_R1,950,8,10,1.6764,2.54,2380.95,1.9812,2.032,2395.06,115,117,-14.11,1.9812,0.2032,1.6764,0.7112,3.2512,2.9464,0.8128,3,300,0,2
B00100,B00100_R1,951,9,10,1.6764,2.54,2380.95,1.9812,2.032,2395.06,115,117,-14.11,1.0668,2.54,1.6764,0.7112,1.1176,1.4224,2.9464,3,300,0,1
B00100,B00100_R2,952,10,10,1.6764,2.54,2380.95,1.9812,2.032,2395.06,115,117,-14.11,2.54,1.143,0.2032,1.6002,2.2606,1.9558,2.794,2,300,1,4
B00101,B00101_R1,953,1,10,2.54,1.6002,2357.91,2.286,0.2032,2348.56,114,115,9.35,1.9812,2.54,0.2032,1.9812,1.4986,2.6416,2.3368,2,300,0,5
B00101,B00101_R2,954,2,10,2.54,1.6002,2357.91,2.286,0.2032,2348.56,114,115,9.35,0.4572,0.2032,0.762,0.7112,3.4798,2.3368,0.8128,3,300,1,3
B00101,B00101_R2,955,3,10,2.54,1.6002,2357.91,2.286,0.2032,2348.56,114,115,9.35,2.54,1.6002,0.2032,1.9812,0,1.651,2.7178,2,300,1,5
B00101,B00101_R1,956,4,10,2.54,1.6002,2357.91,2.286,0.2032,2348.56,114,115,9.35,0.2032,1.143,2.54,1.9812,2.794,3.0226,3.175,1,300,0,4
B00101,B00101_R2,957,5,10,2.54,1.6002,2357.91,2.286,0.2032,2348.56,114,115,9.35,0.2032,1.143,0.762,0.2032,2.794,3.0226,1.4986,1,300,1,2
B00101,B00101_R1,958,6,10,2.54,1.6002,2357.91,2.286,0.2032,2348.56,114,115,9.35,0.762,2.54,0.2032,1.9812,2.7178,3.8608,1.1176,2,300,0,3
B00101,B00101_R2,959,7,10,2.54,1.6002,2357.91,2.286,0.2032,2348.56,114,115,9.35,0.2032,0.762,1.0668,0.7112,3.175,2.6416,1.4224,1,300,1,4
B00101,B00101_R1,960,8,10,2.54,1.6002,2357.91,2.286,0.2032,2348.56,114,115,9.35,1.9812,2.54,1.6764,2.032,1.4986,2.6416,0.8128,3,300,0,1
B00101,B00101_R2,961,9,10,2.54,1.6002,2357.91,2.286,0.2032,2348.56,114,115,9.35,2.54,1.143,0.2032,1.6002,0.9652,1.1938,2.794,2,300,1,1
B00101,B00101_R1,962,10,10,2.54,1.6002,2357.91,2.286,0.2032,2348.56,114,115,9.35,1.9812,2.54,0.2032,1.9812,1.4986,2.6416,2.3368,2,300,0,2
B00102,B00102_R2,963,1,9,0.2032,1.9812,2393.19,0.2032,1.9812,2371.41,115,116,21.78,0.2032,1.143,1.0668,2.54,1.3462,1.3462,2.2606,1,300,1,2
B00102,B00102_R1,964,2,9,0.2032,1.9812,2393.19,0.2032,1.9812,2371.41,115,116,21.78,2.54,0.762,0.2032,1.6002,3.556,3.556,3.175,2,300,0,3
B00102,B00102_R2,965,3,9,0.2032,1.9812,2393.19,0.2032,1.9812,2371.41,115,116,21.78,2.54,0.762,0.2032,1.9812,3.556,3.556,3.556,2,300,1,5
B00102,B00102_R2,966,4,9,0.2032,1.9812,2393.19,0.2032,1.9812,2371.41,115,116,21.78,0.4572,2.54,0.2032,1.6002,0.8128,0.8128,1.1938,2,300,1,1
B00102,B00102_R1,967,5,9,0.2032,1.9812,2393.19,0.2032,1.9812,2371.41,115,116,21.78,0.762,2.54,0.2032,1.6002,1.1176,1.1176,1.4986,2,300,0,1
B00102,B00102_R2,968,6,9,0.2032,1.9812,2393.19,0.2032,1.9812,2371.41,115,116,21.78,1.0668,2.54,0.2032,1.9812,1.4224,1.4224,1.4224,2,300,1,3
B00102,B00102_R2,969,7,9,0.2032,1.9812,2393.19,0.2032,1.9812,2371.41,115,116,21.78,1.9812,2.54,0.2032,1.9812,2.3368,2.3368,2.3368,2,300,1,4
B00102,B00102_R1,970,8,9,0.2032,1.9812,2393.19,0.2032,1.9812,2371.41,115,116,21.78,0.2032,1.143,2.54,0.762,1.3462,1.3462,2.7178,1,300,0,2
B00102,B00102_R1,971,9,9,0.2032,1.9812,2393.19,0.2032,1.9812,2371.41,115,116,21.78,1.9812,0.2032,0.2032,1.6002,3.556,3.556,3.175,2,300,0,4
B00103,B00103_R2,972,1,10,0.2032,1.6002,2448.1,0.2032,1.9812,2438.52,117,119,9.58,0.2032,1.143,0.762,0.2032,0.9652,1.3462,1.4986,1,300,1,2
B00103,B00103_R1,973,2,10,0.2032,1.6002,2448.1,0.2032,1.9812,2438.52,117,119,9.58,0.2032,1.143,2.54,1.143,0.9652,1.3462,2.3368,1,300,0,3
B00103,B00103_R1,974,3,10,0.2032,1.6002,2448.1,0.2032,1.9812,2438.52,117,119,9.58,0.2032,1.143,2.54,1.9812,0.9652,1.3462,3.175,1,300,0,5
B00103,B00103_R2,975,4,10,0.2032,1.6002,2448.1,0.2032,1.9812,2438.52,117,119,9.58,0.762,2.032,2.286,0.2032,1.4986,1.1176,3.8608,3,300,1,5
B00103,B00103_R1,976,5,10,0.2032,1.6002,2448.1,0.2032,1.9812,2438.52,117,119,9.58,0.2032,1.143,1.9812,0.2032,0.9652,1.3462,2.7178,1,300,0,4
B00103,B00103_R2,977,6,10,0.2032,1.6002,2448.1,0.2032,1.9812,2438.52,117,119,9.58,1.0668,0.7112,1.9812,2.032,2.2606,2.6416,3.2512,3,300,1,4
B00103,B00103_R1,978,7,10,0.2032,1.6002,2448.1,0.2032,1.9812,2438.52,117,119,9.58,0.2032,1.143,0.762,0.7112,0.9652,1.3462,1.4986,1,300,0,2
B00103,B00103_R2,979,8,10,0.2032,1.6002,2448.1,0.2032,1.9812,2438.52,117,119,9.58,0.762,2.032,0.2032,1.6002,1.4986,1.1176,1.4986,2,300,1,1
B00103,B00103_R1,980,9,10,0.2032,1.6002,2448.1,0.2032,1.9812,2438.52,117,119,9.58,0.2032,1.143,0.762,0.7112,0.9652,1.3462,1.4986,1,300,0,1
B00103,B00103_R2,981,10,10,0.2032,1.6002,2448.1,0.2032,1.9812,2438.52,117,119,9.58,0.2032,0.762,1.9812,0.7112,1.3462,1.7272,2.3368,1,300,1,3
B00104,B00104_R2,982,1,10,2.54,1.9812,2523.25,2.286,0.2032,2507.86,120,123,15.39,0.2032,0.762,0.762,2.54,3.556,2.6416,2.3368,1,300,1,5
B00104,B00104_R2,983,2,10,2.54,1.9812,2523.25,2.286,0.2032,2507.86,120,123,15.39,0.2032,0.762,2.286,2.54,3.556,2.6416,3.8608,1,300,1,6
B00104,B00104_R1,984,3,10,2.54,1.9812,2523.25,2.286,0.2032,2507.86,120,123,15.39,1.0668,0.7112,1.9812,2.54,3.2512,1.7272,3.2512,3,300,0,4
B00104,B00104_R2,985,4,10,2.54,1.9812,2523.25,2.286,0.2032,2507.86,120,123,15.39,2.54,0.762,0.2032,1.6002,1.7272,0.8128,3.175,2,300,1,2
B00104,B00104_R1,986,5,10,2.54,1.9812,2523.25,2.286,0.2032,2507.86,120,123,15.39,2.54,1.6002,0.2032,1.6002,0.889,1.651,2.3368,2,300,0,1
B00104,B00104_R1,987,6,10,2.54,1.9812,2523.25,2.286,0.2032,2507.86,120,123,15.39,1.9812,2.54,0.2032,1.9812,1.1176,2.6416,2.3368,2,300,0,3
B00104,B00104_R1,988,7,10,2.54,1.9812,2523.25,2.286,0.2032,2507.86,120,123,15.39,0.2032,0.762,1.0668,2.032,3.556,2.6416,2.6416,1,300,0,2
B00104,B00104_R2,989,8,10,2.54,1.9812,2523.25,2.286,0.2032,2507.86,120,123,15.39,1.6764,0.2032,2.54,0.762,2.6416,1.1176,1.4224,3,300,1,1
B00104,B00104_R2,990,9,10,2.54,1.9812,2523.25,2.286,0.2032,2507.86,120,123,15.39,0.2032,1.143,1.9812,2.032,3.175,3.0226,3.175,1,300,1,3
B00104,B00104_R2,991,10,10,2.54,1.9812,2523.25,2.286,0.2032,2507.86,120,123,15.39,1.9812,2.032,0.2032,1.6002,1.1176,2.6416,2.7178,2,300,1,4
B00105,B00105_R1,992,1,10,1.9812,2.54,2590.68,2.286,2.54,2599.23,123,127,-8.55,1.6764,2.54,1.9812,0.7112,0.8128,1.1176,3.2512,3,300,0,1
B00105,B00105_R1,993,2,10,1.9812,2.54,2590.68,2.286,2.54,2599.23,123,127,-8.55,0.2032,1.143,1.0668,2.032,3.175,3.4798,2.2606,1,300,0,4
B00105,B00105_R2,994,3,10,1.9812,2.54,2590.68,2.286,2.54,2599.23,123,127,-8.55,1.6764,0.2032,0.2032,1.6002,3.2512,2.9464,2.8702,2,300,1,2
B00105,B00105_R2,995,4,10,1.9812,2.54,2590.68,2.286,2.54,2599.23,123,127,-8.55,0.2032,1.143,0.4572,2.54,3.175,3.4798,1.651,1,300,1,3
B00105,B00105_R1,996,5,10,1.9812,2.54,2590.68,2.286,2.54,2599.23,123,127,-8.55,0.2032,0.762,1.6764,0.7112,3.556,3.8608,2.032,1,300,0,3
B00105,B00105_R2,997,6,10,1.9812,2.54,2590.68,2.286,2.54,2599.23,123,127,-8.55,0.762,0.2032,2.54,1.9812,3.556,3.8608,3.556,3,300,1,5
B00105,B00105_R2,998,7,10,1.9812,2.54,2590.68,2.286,2.54,2599.23,123,127,-8.55,0.2032,1.143,2.54,0.762,3.175,3.4798,2.7178,1,300,1,4
B00105,B00105_R2,999,8,10,1.9812,2.54,2590.68,2.286,2.54,2599.23,123,127,-8.55,1.6764,2.032,1.9812,0.7112,0.8128,1.1176,3.2512,3,300,1,1
B00105,B00105_R1,1000,9,10,1.9812,2.54,2590.68,2.286,2.54,2599.23,123,127,-8.55,0.2032,0.762,0.762,0.2032,3.556,3.8608,1.1176,1,300,0,2
B00105,B00105_R1,1001,10,10,1.9812,2.54,2590.68,2.286,2.54,2599.23,123,127,-8.55,0.2032,1.143,2.54,1.9812,3.175,3.4798,3.175,1,300,0,5