batch_id,group_id,task_id,task_pl_node,task_dl_node,batch_position,batch_size,r1_next_x,r1_next_y,r1_tuf,r2_next_x,r2_next_y,r2_tuf,r1_queue_length,r2_queue_length,tuf_difference,task_pl_x,task_pl_y,task_dl_x,task_dl_y,r1_dist_to_pickup,r2_dist_to_pickup,task_dist_to_dropoff,task_type,pickup_time,dropoff_time,deadline,assigned_robot,sequence_rank,group_size,avg_pickup_distance_to_others,nearest_pickup_distance,avg_dropoff_to_pickup_distance,nearest_dropoff_to_pickup_distance,assigned_robot_tuf,other_robot_tuf,assigned_robot_queue_length,other_robot_queue_length,assigned_robot_dist_to_pickup,other_robot_dist_to_pickup,assigned_queue_minus_other_queue,assigned_tuf_minus_other_tuf,pickup_distance_advantage,total_direct_task_distance,total_direct_task_time,estimated_completion_time,deadline_margin,deadline_margin_difference,estimated_lateness_if_next,deadline_margin_ratio,urgency_per_meter,queue_context_load,best_successor_distance,average_successor_distance,best_predecessor_distance,average_predecessor_distance,best_successor_time,average_successor_time,best_predecessor_time,average_predecessor_time,current_base_to_pickup,current_base_to_pickup_time,finish_if_next,finish_if_last,remaining_queue_time_after_task,future_transition_cost,predecessor_transition_cost,finish_position_span,rank_label
B00001,B00001_R1,1,Yellow_1,Gate_3,1,1,1.3716,0.2032,0,1.3716,2.54,0,0,0,0,0.4572,0.2032,0.2032,1.6002,1.4224,3.2512,1.651,2,3,3,300,0,1,1,0,0,0,0,0,0,0,0,1.4224,3.2512,0,0,1.8288,3.0734,18.13200174,18.13200174,281.8679983,0,0,0.939559994,97.61176547,0,0,0,0,0,0,0,0,0,1.4224,5.614810721,18.13200174,12.51719102,0,0,0,-5.614810721,0
B00002,B00002_R2,2,Purple_5,Gate_4,1,1,0.2032,1.6002,9.6,1.3716,2.54,0,1,0,9.6,1.0668,2.032,0.2032,1.9812,1.8034,0.8128,1.4224,2,3,3,300,1,1,1,0,0,0,0,0,9.6,0,1,0.8128,1.8034,-1,-9.6,0.9906,2.2352,14.82327399,14.82327399,285.176726,0,0,0.950589087,134.2161775,0,0,0,0,0,0,0,0,0,0.8128,3.208463269,14.82327399,11.61481072,0,0,0,-3.208463269,0
B00003,B00003_R1,3,Yellow_5,Orange_7,1,1,0.2032,1.6002,0,0.2032,1.9812,7.61,0,1,-7.61,1.0668,0.7112,2.54,1.6002,2.2606,2.6416,2.8702,3,3,3,300,0,1,1,0,0,0,0,0,7.61,0,1,2.2606,2.6416,-1,-7.61,0.381,5.1308,26.25342439,26.25342439,273.7465756,0,0,0.912488585,58.47041397,0,0,0,0,0,0,0,0,0,2.2606,8.923538468,26.25342439,17.32988592,0,0,0,-8.923538468,0
B00004,B00004_R2,4,Gate_2,Green_2,1,1,2.54,1.6002,19.54,0.2032,1.9812,0,1,0,19.54,0.2032,1.143,1.9812,0.2032,2.794,1.3462,2.7178,1,3,3,300,1,1,1,0,0,0,0,0,19.54,0,1,1.3462,2.794,-1,-19.54,1.4478,4.064,22.04231635,22.04231635,277.9576837,0,0,0.926525612,73.81889764,0,0,0,0,0,0,0,0,0,1.3462,5.31401729,22.04231635,16.72829906,0,0,0,-5.31401729,0
B00005,B00005_R1,5,Orange_6,Gate_3,1,1,2.54,1.6002,12.12,1.9812,0.2032,16.69,1,1,-4.56,2.54,1.9812,0.2032,1.6002,0.889,2.3368,2.7178,2,3,3,300,0,1,1,0,0,0,0,12.12,16.69,1,1,0.889,2.3368,0,-4.57,1.4478,3.6068,20.23755576,32.35755576,267.6424442,0,0,0.892141481,83.17622269,13.12,0,0,0,0,0,0,0,0,0.889,3.509256701,32.35755576,28.84829906,0,0,0,-3.509256701,0
B00006,B00006_R2,6,Purple_4,Yellow_3,1,1,0.2032,1.6002,20.24,1.9812,0.2032,4,1,1,16.23,0.762,2.032,1.0668,0.2032,1.4986,3.556,3.2512,3,3,3,300,1,1,1,0,0,0,0,4,20.24,1,1,3.556,1.4986,0,-16.24,-2.0574,6.8072,32.87087988,36.87087988,263.1291201,0,0,0.877097067,44.07098366,5,0,0,0,0,0,0,0,0,3.556,14.0370268,36.87087988,22.83385308,0,0,0,-14.0370268,0
B00007,B00007_R1,7,Gate_1,Purple_5,1,1,0.2032,1.6002,12.73,1.0668,0.2032,29.46,1,1,-16.74,0.2032,0.762,1.0668,2.032,1.3462,1.4224,2.6416,1,3,3,300,0,1,1,0,0,0,0,12.73,29.46,1,1,1.3462,1.4224,0,-16.73,0.0762,3.9878,21.74152291,34.47152291,265.5284771,0,0,0.885094924,75.22944982,13.73,0,0,0,0,0,0,0,0,1.3462,5.31401729,34.47152291,29.15750563,0,0,0,-5.31401729,0
B00008,B00008_R2,8,Gate_1,Yellow_3,1,1,1.0668,2.032,21.74,1.0668,0.2032,15.99,1,1,5.75,0.2032,0.762,1.0668,0.2032,2.6416,1.4224,1.4224,1,3,3,300,1,1,1,0,0,0,0,15.99,21.74,1,1,1.4224,2.6416,0,-5.75,1.2192,2.8448,17.22962144,33.21962144,266.7803786,0,0,0.889267929,105.4555681,16.99,0,0,0,0,0,0,0,0,1.4224,5.614810721,33.21962144,27.60481072,0,0,0,-5.614810721,0
B00009,B00009_R1,9,Gate_2,Purple_5,1,1,1.0668,2.032,13.43,1.0668,0.2032,17.71,1,1,-4.28,0.2032,1.143,1.0668,2.032,2.2606,1.8034,2.2606,1,3,3,300,0,1,1,0,0,0,0,13.43,17.71,1,1,2.2606,1.8034,0,-4.28,-0.4572,4.5212,23.84707694,37.27707694,262.7229231,0,0,0.875743077,66.35406529,14.43,0,0,0,0,0,0,0,0,2.2606,8.923538468,37.27707694,28.35353847,0,0,0,-8.923538468,0
B00010,B00010_R2,10,Gate_1,Green_7,1,1,1.0668,2.032,24.17,1.0668,0.2032,9.17,1,1,14.99,0.2032,0.762,2.54,1.143,2.6416,1.4224,2.7178,1,3,3,300,1,1,1,0,0,0,0,9.17,24.17,1,1,1.4224,2.6416,0,-15,1.2192,4.1402,22.34310978,31.51310978,268.4868902,0,0,0.894956301,72.46026762,10.17,0,0,0,0,0,0,0,0,1.4224,5.614810721,31.51310978,25.89829906,0,0,0,-5.614810721,0
B00011,B00011_R2,11,Green_7,Gate_4,1,1,1.0668,2.032,12.48,2.54,1.143,22.98,1,1,-10.5,2.54,1.143,0.2032,1.9812,2.8702,0,3.175,2,3,3,300,1,1,1,0,0,0,0,22.98,12.48,1,1,0,2.8702,0,10.5,2.8702,3.175,18.53305965,41.51305965,258.4869404,0,0,0.861623135,94.48818898,23.98,0,0,0,0,0,0,0,0,0,0,41.51305965,41.51305965,0,0,0,0,0
B00012,B00012_R1,12,Purple_5,Gate_4,1,1,1.0668,2.032,0,0.2032,1.9812,32.98,0,2,-32.98,1.0668,2.032,0.2032,1.9812,0,1.4224,1.4224,2,3,3,300,0,1,1,0,0,0,0,0,32.98,0,2,0,1.4224,-2,-32.98,1.4224,1.4224,11.61481072,11.61481072,288.3851893,0,0,0.961283964,210.9111361,0,0,0,0,0,0,0,0,0,0,0,11.61481072,11.61481072,0,0,0,0,0
B00013,B00013_R1,13,Orange_5,Gate_3,1,1,0.2032,1.9812,11.25,0.2032,1.9812,19.33,1,1,-8.08,1.9812,2.032,0.2032,1.6002,2.3368,2.3368,2.7178,2,3,3,300,0,1,1,0,0,0,0,11.25,19.33,1,1,2.3368,2.3368,0,-8.08,0,5.0546,25.95263096,37.20263096,262.797369,0,0,0.87599123,59.3518775,12.25,0,0,0,0,0,0,0,0,2.3368,9.224331899,37.20263096,27.97829906,0,0,0,-9.224331899,0
B00014,B00014_R2,14,Orange_4,Orange_6,1,1,0.2032,1.6002,28.67,0.2032,1.9812,16.01,1,1,12.66,1.6764,2.032,2.54,1.9812,2.413,2.032,1.4224,3,3,3,300,1,1,1,0,0,0,0,16.01,28.67,1,1,2.032,2.413,0,-12.66,0.381,3.4544,19.63596889,35.64596889,264.3540311,0,0,0.881180104,86.84576193,17.01,0,0,0,0,0,0,0,0,2.032,8.021158173,35.64596889,27.62481072,0,0,0,-8.021158173,0
B00015,B00015_R1,15,Gate_2,Purple_1,1,1,0.2032,1.6002,16.73,2.54,1.9812,20.28,1,1,-3.55,0.2032,1.143,0.4572,2.54,0.9652,3.175,1.651,1,3,3,300,0,1,1,0,0,0,0,16.73,20.28,1,1,0.9652,3.175,0,-3.55,2.2098,2.6162,16.32724115,33.05724115,266.9427589,0,0,0.889809196,114.6701323,17.73,0,0,0,0,0,0,0,0,0.9652,3.810050132,33.05724115,29.24719102,0,0,0,-3.810050132,0
B00016,B00016_R2,16,Orange_4,Orange_6,1,1,0.4572,2.54,23.94,2.54,1.9812,9.49,2,1,14.44,1.6764,2.032,2.54,1.9812,1.7272,1.4224,1.4224,3,3,3,300,1,1,1,0,0,0,0,9.49,23.94,1,2,1.4224,1.7272,-1,-14.45,0.3048,2.8448,17.22962144,26.71962144,273.2803786,0,0,0.910934595,105.4555681,10.49,0,0,0,0,0,0,0,0,1.4224,5.614810721,26.71962144,21.10481072,0,0,0,-5.614810721,0
B00017,B00017_R1,17,Gate_1,Orange_1,1,1,0.4572,2.54,13.52,2.54,1.9812,18.19,1,1,-4.67,0.2032,0.762,1.6764,2.54,2.032,3.556,3.2512,1,3,3,300,0,1,1,0,0,0,0,13.52,18.19,1,1,2.032,3.556,0,-4.67,1.524,5.2832,26.85501125,40.37501125,259.6249887,0,0,0.865416629,56.78376741,14.52,0,0,0,0,0,0,0,0,2.032,8.021158173,40.37501125,32.35385308,0,0,0,-8.021158173,0
B00018,B00018_R2,18,Orange_2,Gate_4,1,1,1.6764,2.54,32.06,2.54,1.9812,9.65,2,1,22.41,1.9812,2.54,0.2032,1.9812,0.8128,1.1176,2.3368,2,3,3,300,1,1,1,0,0,0,0,9.65,32.06,1,2,1.1176,0.8128,-1,-22.41,-0.3048,3.4544,19.63596889,29.28596889,270.7140311,0,0,0.902380104,86.84576193,10.65,0,0,0,0,0,0,0,0,1.1176,4.411636995,29.28596889,24.8743319,0,0,0,-4.411636995,0
B00019,B00019_R2,19,Gate_2,Yellow_2,1,1,1.6764,2.54,24.65,0.2032,1.9812,20.76,1,1,3.89,0.2032,1.143,0.762,0.2032,2.8702,1.3462,1.4986,1,3,3,300,1,1,1,0,0,0,0,20.76,24.65,1,1,1.3462,2.8702,0,-3.89,1.524,2.8448,17.22962144,37.98962144,262.0103786,0,0,0.873367929,105.4555681,21.76,0,0,0,0,0,0,0,0,1.3462,5.31401729,37.98962144,32.67560415,0,0,0,-5.31401729,0
B00020,B00020_R1,20,Green_3,Gate_3,1,1,1.6764,2.54,15.83,0.762,0.2032,30.57,1,2,-14.74,2.286,0.2032,0.2032,1.6002,2.9464,2.032,3.4798,2,3,3,300,0,1,1,0,0,0,0,15.83,30.57,1,2,2.9464,2.032,-1,-14.74,-0.9144,6.4262,31.36691272,47.19691272,252.8030873,0,0,0.842676958,46.68388783,16.83,0,0,0,0,0,0,0,0,2.9464,11.63067935,47.19691272,35.56623337,0,0,0,-11.63067935,0
B00021,B00021_R2,21,Purple_3,Gate_4,1,1,0.2032,1.6002,31.61,0.762,0.2032,18.67,1,1,12.94,1.0668,2.54,0.2032,1.9812,1.8034,3.2512,1.4224,2,3,3,300,1,1,1,0,0,0,0,18.67,31.61,1,1,3.2512,1.8034,0,-12.94,-1.4478,4.6736,24.4486638,43.1186638,256.8813362,0,0,0.856271121,64.19034577,19.67,0,0,0,0,0,0,0,0,3.2512,12.83385308,43.1186638,30.28481072,0,0,0,-12.83385308,0
B00022,B00022_R1,22,Yellow_4,Yellow_5,1,1,0.2032,1.6002,17.38,0.2032,1.9812,34.8,1,2,-17.43,0.762,0.7112,1.0668,0.7112,1.9558,2.3368,0.8128,3,3,3,300,0,1,1,0,0,0,0,17.38,34.8,1,2,1.9558,2.3368,-1,-17.42,0.381,2.7686,16.92882801,34.30882801,265.691172,0,0,0.88563724,108.3580149,18.38,0,0,0,0,0,0,0,0,1.9558,7.720364742,34.30882801,26.58846327,0,0,0,-7.720364742,0
B00023,B00023_R1,23,Gate_2,Orange_4,1,1,1.0668,0.7112,17.81,0.2032,1.9812,25.97,1,1,-8.16,0.2032,1.143,1.6764,2.032,1.8034,1.3462,2.8702,1,3,3,300,0,1,1,0,0,0,0,17.81,25.97,1,1,1.8034,1.3462,0,-8.16,-0.4572,4.6736,24.4486638,42.2586638,257.7413362,0,0,0.859137787,64.19034577,18.81,0,0,0,0,0,0,0,0,1.8034,7.118777879,42.2586638,35.13988592,0,0,0,-7.118777879,0
B00024,B00024_R2,24,Yellow_5,Gate_3,1,1,1.6764,2.032,31.7,0.2032,1.9812,10.45,2,1,21.24,1.0668,0.7112,0.2032,1.6002,2.9464,2.6416,2.2606,2,3,3,300,1,1,1,0,0,0,0,10.45,31.7,1,2,2.6416,2.9464,-1,-21.25,0.3048,4.9022,25.35104409,35.80104409,264.1989559,0,0,0.880663186,61.19701359,11.45,0,0,0,0,0,0,0,0,2.6416,10.42750563,35.80104409,25.37353847,0,0,0,-10.42750563,0
B00025,B00025_R1,25,Orange_3,Green_2,1,1,1.6764,2.032,25.41,0.2032,1.6002,27.27,1,1,-1.86,2.286,2.54,1.9812,0.2032,1.1176,3.0226,2.6416,3,3,3,300,0,1,1,0,0,0,0,25.41,27.27,1,1,1.1176,3.0226,0,-1.86,1.905,3.7592,20.83914262,46.24914262,253.7508574,0,0,0.845836191,79.80421366,26.41,0,0,0,0,0,0,0,0,1.1176,4.411636995,46.24914262,41.83750563,0,0,0,-4.411636995,0
B00026,B00026_R2,26,Orange_1,Gate_4,1,1,1.9812,0.2032,36.29,0.2032,1.6002,14.16,2,1,22.13,1.6764,2.54,0.2032,1.9812,3.2512,2.413,2.032,2,3,3,300,1,1,1,0,0,0,0,14.16,36.29,1,2,2.413,3.2512,-1,-22.13,0.8382,4.445,23.5462835,37.7062835,262.2937165,0,0,0.874312388,67.49156355,15.16,0,0,0,0,0,0,0,0,2.413,9.525125331,37.7062835,28.18115817,0,0,0,-9.525125331,0
B00027,B00027_R2,27,Purple_2,Gate_4,1,1,1.9812,0.2032,22.12,0.2032,1.9812,26.03,1,1,-3.91,0.762,2.54,0.2032,1.9812,3.556,1.1176,1.1176,2,3,3,300,1,1,1,0,0,0,0,26.03,22.12,1,1,1.1176,3.556,0,3.91,2.4384,2.2352,14.82327399,40.85327399,259.146726,0,0,0.86382242,134.2161775,27.03,0,0,0,0,0,0,0,0,1.1176,4.411636995,40.85327399,36.441637,0,0,0,-4.411636995,0
B00028,B00028_R1,28,Yellow_3,Green_7,1,1,1.9812,0.2032,14.71,0.2032,1.9812,28.4,1,2,-13.7,1.0668,0.2032,2.54,1.143,1.4224,2.6416,2.413,3,3,3,300,0,1,1,0,0,0,0,14.71,28.4,1,2,1.4224,2.6416,-1,-13.69,1.2192,3.8354,21.13993605,35.84993605,264.1500639,0,0,0.880500213,78.21869948,15.71,0,0,0,0,0,0,0,0,1.4224,5.614810721,35.84993605,30.23512533,0,0,0,-5.614810721,0
B00029,B00029_R2,29,Orange_2,Gate_3,1,1,2.54,1.143,22.74,0.2032,1.9812,17.62,1,1,5.12,1.9812,2.54,0.2032,1.6002,1.9558,2.3368,2.7178,2,3,3,300,1,1,1,0,0,0,0,17.62,22.74,1,1,2.3368,1.9558,0,-5.12,-0.381,5.0546,25.95263096,43.57263096,256.427369,0,0,0.854757897,59.3518775,18.62,0,0,0,0,0,0,0,0,2.3368,9.224331899,43.57263096,34.34829906,0,0,0,-9.224331899,0
B00030,B00030_R1,30,Orange_2,Gate_3,1,1,2.54,1.143,14.21,0.2032,1.6002,36.16,1,2,-21.96,1.9812,2.54,0.2032,1.6002,1.9558,2.7178,2.7178,2,3,3,300,0,1,1,0,0,0,0,14.21,36.16,1,2,1.9558,2.7178,-1,-21.95,0.762,4.6736,24.4486638,38.6586638,261.3413362,0,0,0.871137787,64.19034577,15.21,0,0,0,0,0,0,0,0,1.9558,7.720364742,38.6586638,30.93829906,0,0,0,-7.720364742,0
B00031,B00031_R1,31,Orange_4,Gate_4,1,1,0.2032,1.6002,26.21,0.2032,1.6002,28.75,1,1,-2.54,1.6764,2.032,0.2032,1.9812,2.413,2.413,2.032,2,3,3,300,0,1,1,0,0,0,0,26.21,28.75,1,1,2.413,2.413,0,-2.54,0,4.445,23.5462835,49.7562835,250.2437165,0,0,0.834145722,67.49156355,27.21,0,0,0,0,0,0,0,0,2.413,9.525125331,49.7562835,40.23115817,0,0,0,-9.525125331,0
B00032,B00032_R2,32,Orange_6,Orange_4,1,1,0.2032,1.9812,39.19,0.2032,1.6002,17.73,2,1,21.46,2.54,1.9812,1.6764,2.032,2.9464,2.7178,1.4224,3,3,3,300,1,1,1,0,0,0,0,17.73,39.19,1,2,2.7178,2.9464,-1,-21.46,0.2286,4.1402,22.34310978,40.07310978,259.9268902,0,0,0.866422967,72.46026762,18.73,0,0,0,0,0,0,0,0,2.7178,10.72829906,40.07310978,29.34481072,0,0,0,-10.72829906,0
B00033,B00033_R2,33,Gate_1,Orange_6,1,2,0.2032,1.9812,25.63,1.6764,2.032,32.66,1,2,-7.04,0.2032,0.762,2.54,1.9812,1.7272,3.2512,3.556,1,3,3,300,1,1,2,3.556,3.556,0,0,32.66,25.63,2,1,3.2512,1.7272,1,7.03,-1.524,6.8072,32.87087988,65.53087988,234.4691201,0,0,0.781563734,44.07098366,34.66,0,0,3.2512,3.2512,0,0,12.83385308,12.83385308,3.2512,12.83385308,65.53087988,82.76050132,17.22962144,0,12.83385308,17.22962144,1
B00033,B00033_R2,32,Orange_6,Orange_4,2,2,0.2032,1.9812,25.63,1.6764,2.032,32.66,1,2,-7.04,2.54,1.9812,1.6764,2.032,2.9464,1.4224,1.4224,3,3,3,300,1,2,2,3.556,3.556,3.2512,3.2512,32.66,25.63,2,1,1.4224,2.9464,1,7.03,1.524,2.8448,17.22962144,49.88962144,250.1103786,15.64125844,0,0.833701262,105.4555681,34.66,3.2512,3.2512,0,0,12.83385308,12.83385308,0,0,1.4224,5.614810721,49.88962144,77.1456906,45.70473296,12.83385308,0,27.25606916,0
B00034,B00034_R1,34,Purple_5,Orange_7,1,1,0.2032,1.9812,13.18,1.6764,2.032,35.96,1,2,-22.78,1.0668,2.032,2.54,1.6002,1.4224,1.1176,2.413,3,3,3,300,0,1,1,0,0,0,0,13.18,35.96,1,2,1.4224,1.1176,-1,-22.78,-0.3048,3.8354,21.13993605,34.31993605,265.6800639,0,0,0.885600213,78.21869948,14.18,0,0,0,0,0,0,0,0,1.4224,5.614810721,34.31993605,28.70512533,0,0,0,-5.614810721,0
B00035,B00035_R1,35,Orange_6,Orange_1,1,1,2.54,1.6002,23.54,1.6764,2.032,27.65,1,2,-4.11,2.54,1.9812,1.6764,2.54,0.889,1.4224,1.4224,3,3,3,300,0,1,1,0,0,0,0,23.54,27.65,1,2,0.889,1.4224,-1,-4.11,0.5334,2.3114,15.12406742,38.66406742,261.3359326,0,0,0.871119775,129.7914684,24.54,0,0,0,0,0,0,0,0,0.889,3.509256701,38.66406742,35.15481072,0,0,0,-3.509256701,0
B00036,B00036_R2,36,Gate_2,Orange_5,1,1,1.6764,2.54,30.13,1.6764,2.032,11.77,2,1,18.35,0.2032,1.143,1.9812,2.032,2.8702,2.8702,3.175,1,3,3,300,1,1,1,0,0,0,0,11.77,30.13,1,2,2.8702,2.8702,-1,-18.36,0,6.0452,29.86294557,41.63294557,258.3670544,0,0,0.861223515,49.62614967,12.77,0,0,0,0,0,0,0,0,2.8702,11.32988592,41.63294557,30.30305965,0,0,0,-11.32988592,0
B00037,B00037_R1,37,Purple_4,Gate_3,1,1,1.6764,2.54,17.68,1.9812,2.032,36.27,1,2,-18.59,0.762,2.032,0.2032,1.6002,1.4224,1.7272,1.4986,2,3,3,300,0,1,1,0,0,0,0,17.68,36.27,1,2,1.4224,1.7272,-1,-18.59,0.3048,2.921,17.53041487,35.21041487,264.7895851,0,0,0.88263195,102.7045532,18.68,0,0,0,0,0,0,0,0,1.4224,5.614810721,35.21041487,29.59560415,0,0,0,-5.614810721,0
B00038,B00038_R1,37,Purple_4,Gate_3,1,2,0.2032,1.6002,28.63,1.9812,2.032,28.86,2,1,-0.24,0.762,2.032,0.2032,1.6002,1.4986,1.7272,1.4986,2,3,3,300,0,1,2,2.3368,2.3368,1.3462,1.3462,28.63,28.86,2,1,1.4986,1.7272,1,-0.23,0.2286,2.9972,17.83120831,46.46120831,253.5387917,6.01586863,0,0.845129306,100.0934205,30.63,1.3462,1.3462,2.7178,2.7178,5.31401729,5.31401729,10.72829906,10.72829906,1.4986,5.915604153,46.46120831,75.12098014,29.16109422,5.31401729,10.72829906,28.65977184,1
B00038,B00038_R1,38,Gate_1,Orange_7,2,2,0.2032,1.6002,28.63,1.9812,2.032,28.86,2,1,-0.24,0.2032,0.762,2.54,1.6002,1.3462,3.556,3.175,1,3,3,300,0,2,2,2.3368,2.3368,2.7178,2.7178,28.63,28.86,2,1,1.3462,3.556,1,-0.23,2.2098,4.5212,23.84707694,52.47707694,247.5229231,0,0,0.82507641,66.35406529,30.63,2.7178,2.7178,1.3462,1.3462,10.72829906,10.72829906,5.31401729,5.31401729,1.3462,5.31401729,52.47707694,70.30828524,28.55950736,10.72829906,5.31401729,17.83120831,0
B00039,B00039_R2,39,Purple_3,Gate_4,1,1,2.54,1.6002,43.94,1.9812,2.032,15.61,2,1,28.32,1.0668,2.54,0.2032,1.9812,2.413,1.4224,1.4224,2,3,3,300,1,1,1,0,0,0,0,15.61,43.94,1,2,1.4224,2.413,-1,-28.33,0.9906,2.8448,17.22962144,32.83962144,267.1603786,0,0,0.890534595,105.4555681,16.61,0,0,0,0,0,0,0,0,1.4224,5.614810721,32.83962144,27.22481072,0,0,0,-5.614810721,0
B00040,B00040_R2,40,Orange_5,Gate_3,1,1,2.54,1.6002,35.4,0.2032,1.9812,17.55,2,1,17.85,1.9812,2.032,0.2032,1.6002,1.4986,2.3368,2.7178,2,3,3,300,1,1,1,0,0,0,0,17.55,35.4,1,2,2.3368,1.4986,-1,-17.85,-0.8382,5.0546,25.95263096,43.50263096,256.497369,0,0,0.85499123,59.3518775,18.55,0,0,0,0,0,0,0,0,2.3368,9.224331899,43.50263096,34.27829906,0,0,0,-9.224331899,0
B00041,B00041_R1,41,Gate_1,Yellow_4,1,1,2.54,1.6002,26.57,0.2032,1.6002,34.97,1,2,-8.4,0.2032,0.762,0.762,0.7112,3.175,1.3462,1.1176,1,3,3,300,0,1,1,0,0,0,0,26.57,34.97,1,2,3.175,1.3462,-1,-8.4,-1.8288,4.2926,22.94469664,49.51469664,250.4853034,0,0,0.834951011,69.88771374,27.57,0,0,0,0,0,0,0,0,3.175,12.53305965,49.51469664,36.981637,0,0,0,-12.53305965,0
B00042,B00042_R2,42,Yellow_4,Orange_2,1,1,0.762,0.7112,41.2,0.2032,1.6002,26.43,2,1,14.77,0.762,0.7112,1.9812,2.54,0,1.9558,3.556,3,3,3,300,1,1,1,0,0,0,0,26.43,41.2,1,2,1.9558,0,-1,-14.77,-1.9558,5.5118,27.75739154,54.18739154,245.8126085,0,0,0.819375362,54.42868029,27.43,0,0,0,0,0,0,0,0,1.9558,7.720364742,54.18739154,46.4670268,0,0,0,-7.720364742,0
B00043,B00043_R1,43,Yellow_4,Gate_4,1,1,0.762,0.7112,25.82,1.9812,2.54,42.29,1,2,-16.46,0.762,0.7112,0.2032,1.9812,0,3.556,2.3368,2,3,3,300,0,1,1,0,0,0,0,25.82,42.29,1,2,0,3.556,-1,-16.47,3.556,2.3368,15.2243319,41.0443319,258.9556681,0,0,0.86318556,128.3806915,26.82,0,0,0,0,0,0,0,0,0,0,41.0443319,41.0443319,0,0,0,0,0
B00044,B00044_R1,43,Yellow_4,Gate_4,1,2,0.2032,1.9812,25.64,1.9812,2.54,28.72,2,1,-3.08,0.762,0.7112,0.2032,1.9812,2.3368,3.556,2.3368,2,3,3,300,0,1,2,1.4224,1.4224,3.2512,3.2512,25.64,28.72,2,1,2.3368,3.556,1,-3.08,1.2192,4.6736,24.4486638,50.0886638,249.9113362,7.219042356,0,0.833037787,64.19034577,27.64,3.2512,3.2512,2.3368,2.3368,12.83385308,12.83385308,9.224331899,9.224331899,2.3368,9.224331899,50.0886638,81.75636995,44.50155923,12.83385308,9.224331899,31.66770615,1
B00044,B00044_R1,44,Green_4,Gate_4,2,2,0.2032,1.9812,25.64,1.9812,2.54,28.72,2,1,-3.08,1.6764,0.7112,0.2032,1.9812,3.2512,3.2512,3.2512,2,3,3,300,0,2,2,1.4224,1.4224,2.3368,2.3368,25.64,28.72,2,1,3.2512,3.2512,1,-3.08,0,6.5024,31.66770615,57.30770615,242.6922938,0,0,0.808974313,46.13681102,27.64,2.3368,2.3368,3.2512,3.2512,9.224331899,9.224331899,12.83385308,12.83385308,3.2512,12.83385308,57.30770615,81.75636995,33.6729957,9.224331899,12.83385308,24.4486638,0
B00045,B00045_R2,45,Orange_5,Gate_3,1,1,0.2032,1.9812,46.89,1.9812,2.54,18.16,3,1,28.74,1.9812,2.032,0.2032,1.6002,2.3368,0.508,2.7178,2,3,3,300,1,1,1,0,0,0,0,18.16,46.89,1,3,0.508,2.3368,-2,-28.73,1.8288,3.2258,18.7335886,36.8935886,263.1064114,0,0,0.877021371,93.000186,19.16,0,0,0,0,0,0,0,0,0.508,2.005289543,36.8935886,34.88829906,0,0,0,-2.005289543,0
B00046,B00046_R2,46,Green_7,Gate_4,1,1,0.2032,1.9812,46.61,0.2032,1.6002,20.25,2,1,26.36,2.54,1.143,0.2032,1.9812,3.175,2.794,3.175,2,3,3,300,1,1,1,0,0,0,0,20.25,46.61,1,2,2.794,3.175,-1,-26.36,0.381,5.969,29.56215213,49.81215213,250.1878479,0,0,0.833959493,50.25967499,21.25,0,0,0,0,0,0,0,0,2.794,11.02909249,49.81215213,38.78305965,0,0,0,-11.02909249,0
B00047,B00047_R1,47,Gate_2,Green_3,1,2,0.2032,1.9812,31.67,0.2032,1.9812,44.65,1,2,-12.98,0.2032,1.143,2.286,0.2032,1.3462,1.3462,3.0226,1,3,3,300,0,1,2,2.413,2.413,1.1176,1.1176,31.67,44.65,1,2,1.3462,1.3462,-1,-12.98,0,4.3688,23.24549007,54.91549007,245.0845099,8.422216082,0,0.816948366,68.66874199,32.67,1.1176,1.1176,1.3462,1.3462,4.411636995,4.411636995,5.31401729,5.31401729,1.3462,5.31401729,54.91549007,86.58319623,36.07934315,4.411636995,5.31401729,31.66770615,1
B00047,B00047_R1,44,Green_4,Gate_4,2,2,0.2032,1.9812,31.67,0.2032,1.9812,44.65,1,2,-12.98,1.6764,0.7112,0.2032,1.9812,3.2512,3.2512,3.2512,2,3,3,300,0,2,2,2.413,2.413,1.3462,1.3462,31.67,44.65,1,2,3.2512,3.2512,-1,-12.98,0,6.5024,31.66770615,63.33770615,236.6622938,0,0,0.788874313,46.13681102,32.67,1.3462,1.3462,1.1176,1.1176,5.31401729,5.31401729,4.411636995,4.411636995,3.2512,12.83385308,63.33770615,78.16098014,28.55950736,5.31401729,4.411636995,14.82327399,0
B00048,B00048_R2,48,Gate_1,Orange_5,1,1,0.2032,1.9812,41.14,0.2032,1.9812,31.08,2,1,10.05,0.2032,0.762,1.9812,2.032,1.7272,1.7272,3.556,1,3,3,300,1,1,1,0,0,0,0,31.08,41.14,1,2,1.7272,1.7272,-1,-10.06,0,5.2832,26.85501125,57.93501125,242.0649887,0,0,0.806883296,56.78376741,32.08,0,0,0,0,0,0,0,0,1.7272,6.817984447,57.93501125,51.1170268,0,0,0,-6.817984447,0
B00049,B00049_R1,44,Green_4,Gate_4,1,2,0.2032,1.9812,27.25,1.9812,2.032,43.99,2,2,-16.74,1.6764,0.7112,0.2032,1.9812,3.2512,3.2512,3.2512,2,3,3,300,0,1,2,3.2512,3.2512,2.3368,2.3368,27.25,43.99,2,2,3.2512,3.2512,0,-16.74,0,6.5024,31.66770615,58.91770615,241.0822938,0,0,0.803607646,46.13681102,29.25,2.3368,2.3368,3.2512,3.2512,9.224331899,9.224331899,12.83385308,12.83385308,3.2512,12.83385308,58.91770615,83.36636995,33.6729957,9.224331899,12.83385308,24.4486638,1
B00049,B00049_R1,49,Orange_5,Gate_4,2,2,0.2032,1.9812,27.25,1.9812,2.032,43.99,2,2,-16.74,1.9812,2.032,0.2032,1.9812,2.3368,0,2.3368,2,3,3,300,0,2,2,3.2512,3.2512,3.2512,3.2512,27.25,43.99,2,2,2.3368,0,0,-16.74,-2.3368,4.6736,24.4486638,51.6986638,248.3013362,7.219042356,0,0.827671121,64.19034577,29.25,3.2512,3.2512,2.3368,2.3368,12.83385308,12.83385308,9.224331899,9.224331899,2.3368,9.224331899,51.6986638,83.36636995,44.50155923,12.83385308,9.224331899,31.66770615,0
B00050,B00050_R2,50,Gate_1,Yellow_5,1,1,0.2032,1.9812,44.29,1.9812,2.032,28.62,2,1,15.67,0.2032,0.762,1.0668,0.7112,1.7272,3.556,1.4224,1,3,3,300,1,1,1,0,0,0,0,28.62,44.29,1,2,3.556,1.7272,-1,-15.67,-1.8288,4.9784,25.65183752,54.27183752,245.7281625,0,0,0.819093875,60.2603246,29.62,0,0,0,0,0,0,0,0,3.556,14.0370268,54.27183752,40.23481072,0,0,0,-14.0370268,0
B00051,B00051_R1,51,Gate_1,Orange_2,1,2,0.2032,1.9812,35.37,1.0668,0.7112,44.53,2,2,-9.16,0.2032,0.762,1.9812,2.54,1.7272,1.4224,3.556,1,3,3,300,0,1,2,3.556,3.556,0.508,0.508,35.37,44.53,2,2,1.7272,1.4224,0,-9.16,-0.3048,5.2832,26.85501125,62.22501125,237.7749887,0,0,0.792583296,56.78376741,37.37,0.508,0.508,1.7272,1.7272,2.005289543,2.005289543,6.817984447,6.817984447,1.7272,6.817984447,62.22501125,86.67367505,26.45395334,2.005289543,6.817984447,24.4486638,1
B00051,B00051_R1,49,Orange_5,Gate_4,2,2,0.2032,1.9812,35.37,1.0668,0.7112,44.53,2,2,-9.16,1.9812,2.032,0.2032,1.9812,2.3368,3.2512,2.3368,2,3,3,300,0,2,2,3.556,3.556,1.7272,1.7272,35.37,44.53,2,2,2.3368,3.2512,0,-9.16,0.9144,4.6736,24.4486638,59.8186638,240.1813362,2.406347452,0,0.800604454,64.19034577,37.37,1.7272,1.7272,0.508,0.508,6.817984447,6.817984447,2.005289543,2.005289543,2.3368,9.224331899,59.8186638,79.45463269,33.6729957,6.817984447,2.005289543,19.63596889,0
B00052,B00052_R2,52,Purple_5,Orange_4,1,1,0.2032,1.9812,44.08,1.0668,0.7112,27.81,2,1,16.27,1.0668,2.032,1.6764,2.032,1.4224,2.9464,1.1176,3,3,3,300,1,1,1,0,0,0,0,27.81,44.08,1,2,2.9464,1.4224,-1,-16.27,-1.524,4.064,22.04231635,49.85231635,250.1476837,0,0,0.833825612,73.81889764,28.81,0,0,0,0,0,0,0,0,2.9464,11.63067935,49.85231635,38.221637,0,0,0,-11.63067935,0
B00053,B00053_R2,52,Purple_5,Orange_4,1,2,0.2032,1.9812,34.35,1.6764,2.032,33.14,2,2,1.21,1.0668,2.032,1.6764,2.032,1.4224,1.1176,1.1176,3,3,3,300,1,1,2,2.032,2.032,1.4224,1.4224,33.14,34.35,2,2,1.1176,1.4224,0,-1.21,0.3048,2.2352,14.82327399,47.96327399,252.036726,8.422216082,0,0.84012242,134.2161775,35.14,1.4224,1.4224,1.4224,1.4224,5.614810721,5.614810721,5.614810721,5.614810721,1.1176,4.411636995,47.96327399,72.41193779,28.86030079,5.614810721,5.614810721,24.4486638,1
B00053,B00053_R2,53,Orange_6,Gate_4,2,2,0.2032,1.9812,34.35,1.6764,2.032,33.14,2,2,1.21,2.54,1.9812,0.2032,1.9812,2.9464,1.4224,2.9464,2,3,3,300,1,2,2,2.032,2.032,1.4224,1.4224,33.14,34.35,2,2,1.4224,2.9464,0,-1.21,1.524,4.3688,23.24549007,56.38549007,243.6145099,0,0,0.812048366,68.66874199,35.14,1.4224,1.4224,1.4224,1.4224,5.614810721,5.614810721,5.614810721,5.614810721,1.4224,5.614810721,56.38549007,71.20876406,20.43808471,5.614810721,5.614810721,14.82327399,0
B00054,B00054_R1,54,Green_1,Gate_4,1,1,0.2032,1.9812,17.63,0.2032,1.9812,47.85,1,2,-30.22,1.6764,0.2032,0.2032,1.9812,3.2512,3.2512,3.2512,2,3,3,300,0,1,1,0,0,0,0,17.63,47.85,1,2,3.2512,3.2512,-1,-30.22,0,6.5024,31.66770615,49.29770615,250.7022938,0,0,0.835674313,46.13681102,18.63,0,0,0,0,0,0,0,0,3.2512,12.83385308,49.29770615,36.46385308,0,0,0,-12.83385308,0
B00055,B00055_R2,53,Orange_6,Gate_4,1,2,0.2032,1.9812,44.13,0.2032,1.9812,33.46,2,2,10.67,2.54,1.9812,0.2032,1.9812,2.9464,2.9464,2.9464,2,3,3,300,1,1,2,3.175,3.175,1.3462,1.3462,33.46,44.13,2,2,2.9464,2.9464,0,-10.67,0,5.8928,29.2613587,62.7213587,237.2786413,0,0,0.790928804,50.90958458,35.46,1.3462,1.3462,2.032,2.032,5.31401729,5.31401729,8.021158173,8.021158173,2.9464,11.63067935,62.7213587,79.34939328,25.55157305,5.31401729,8.021158173,16.62803458,1
B00055,B00055_R2,55,Gate_2,Purple_5,2,2,0.2032,1.9812,44.13,0.2032,1.9812,33.46,2,2,10.67,0.2032,1.143,1.0668,2.032,1.3462,1.3462,2.2606,1,3,3,300,1,2,2,3.175,3.175,2.032,2.032,33.46,44.13,2,2,1.3462,1.3462,0,-10.67,0,3.6068,20.23755576,53.69755576,246.3024442,9.023802945,0,0.821008147,83.17622269,35.46,2.032,2.032,1.3462,1.3462,8.021158173,8.021158173,5.31401729,5.31401729,1.3462,5.31401729,53.69755576,82.95891446,37.28251688,8.021158173,5.31401729,29.2613587,0
B00056,B00056_R1,56,Gate_2,Green_3,1,1,0.2032,1.9812,32.23,1.0668,2.032,46.28,1,2,-14.06,0.2032,1.143,2.286,0.2032,1.3462,2.2606,3.0226,1,3,3,300,0,1,1,0,0,0,0,32.23,46.28,1,2,1.3462,2.2606,-1,-14.05,0.9144,4.3688,23.24549007,55.47549007,244.5245099,0,0,0.8150817,68.66874199,33.23,0,0,0,0,0,0,0,0,1.3462,5.31401729,55.47549007,50.16147278,0,0,0,-5.31401729,0
B00057,B00057_R2,55,Gate_2,Purple_5,1,2,2.286,0.2032,39.88,1.0668,2.032,37.75,2,2,2.13,0.2032,1.143,1.0668,2.032,3.0226,2.2606,2.2606,1,3,3,300,1,1,2,2.8702,2.8702,1.1176,1.1176,37.75,39.88,2,2,2.2606,3.0226,0,-2.13,0.762,4.5212,23.84707694,61.59707694,238.4029231,0,0,0.79467641,66.35406529,39.75,1.1176,1.1176,1.3462,1.3462,4.411636995,4.411636995,5.31401729,5.31401729,2.2606,8.923538468,61.59707694,76.42035093,22.84443216,4.411636995,5.31401729,14.82327399,1
B00057,B00057_R2,57,Orange_1,Gate_4,2,2,2.286,0.2032,39.88,1.0668,2.032,37.75,2,2,2.13,1.6764,2.54,0.2032,1.9812,2.9464,1.1176,2.032,2,3,3,300,1,2,2,2.8702,2.8702,1.3462,1.3462,37.75,39.88,2,2,1.1176,2.9464,0,-2.13,1.8288,3.1496,18.43279517,56.18279517,243.8172048,5.414281767,0,0.812724016,95.2501905,39.75,1.3462,1.3462,1.1176,1.1176,5.31401729,5.31401729,4.411636995,4.411636995,1.1176,4.411636995,56.18279517,80.0298721,29.16109422,5.31401729,4.411636995,23.84707694,0
B00058,B00058_R1,58,Gate_1,Green_7,1,1,2.286,0.2032,24.29,0.2032,1.9812,46.28,1,3,-22,0.2032,0.762,2.54,1.143,2.6416,1.7272,2.7178,1,3,3,300,0,1,1,0,0,0,0,24.29,46.28,1,3,2.6416,1.7272,-2,-21.99,-0.9144,5.3594,27.15580468,51.44580468,248.5541953,0,0,0.828513984,55.97641527,25.29,0,0,0,0,0,0,0,0,2.6416,10.42750563,51.44580468,41.01829906,0,0,0,-10.42750563,0
B00059,B00059_R1,59,Green_6,Green_7,1,2,2.54,1.143,43.13,0.2032,1.9812,38.67,2,2,4.46,2.54,0.762,2.54,1.143,0.889,3.556,0.889,3,3,3,300,0,1,2,2.9464,2.9464,2.7178,2.7178,43.13,38.67,2,2,0.889,3.556,0,4.46,2.667,1.778,13.0185134,56.1485134,243.8514866,14.43808471,0,0.812838289,168.7289089,45.13,2.7178,2.7178,0.889,0.889,10.72829906,10.72829906,3.509256701,3.509256701,0.889,3.509256701,56.1485134,83.60511151,38.18489717,10.72829906,3.509256701,27.45659811,1
B00059,B00059_R1,58,Gate_1,Green_7,2,2,2.54,1.143,43.13,0.2032,1.9812,38.67,2,2,4.46,0.2032,0.762,2.54,1.143,2.7178,1.7272,2.7178,1,3,3,300,0,2,2,2.9464,2.9464,0.889,0.889,43.13,38.67,2,2,2.7178,1.7272,0,4.46,-0.9906,5.4356,27.45659811,70.58659811,229.4134019,0,0,0.76471134,55.19169917,45.13,0.889,0.889,2.7178,2.7178,3.509256701,3.509256701,10.72829906,10.72829906,2.7178,10.72829906,70.58659811,83.60511151,16.5277701,3.509256701,10.72829906,13.0185134,0
B00060,B00060_R2,57,Orange_1,Gate_4,1,2,2.54,1.143,41.37,0.2032,1.9812,30.36,2,2,11.02,1.6764,2.54,0.2032,1.9812,2.2606,2.032,2.032,2,3,3,300,1,1,2,1.1176,1.1176,2.6416,2.6416,30.36,41.37,2,2,2.032,2.2606,0,-11.01,0.2286,4.064,22.04231635,52.40231635,247.5976837,9.625389808,0,0.825325612,73.81889764,32.36,2.6416,2.6416,3.2512,3.2512,10.42750563,10.42750563,12.83385308,12.83385308,2.032,8.021158173,52.40231635,88.8827174,42.09521178,10.42750563,12.83385308,36.48040106,1
B00060,B00060_R2,60,Orange_3,Yellow_2,2,2,2.54,1.143,41.37,0.2032,1.9812,30.36,2,2,11.02,2.286,2.54,0.762,0.2032,1.651,2.6416,3.8608,3,3,3,300,1,2,2,1.1176,1.1176,3.2512,3.2512,30.36,41.37,2,2,2.6416,1.651,0,-11.01,-0.9906,6.5024,31.66770615,62.02770615,237.9722938,0,0,0.793240979,46.13681102,32.36,3.2512,3.2512,2.6416,2.6416,12.83385308,12.83385308,10.42750563,10.42750563,2.6416,10.42750563,62.02770615,84.0700225,34.87616942,12.83385308,10.42750563,22.04231635,0
B00061,B00061_R1,61,Purple_5,Gate_4,1,2,2.54,1.143,35.09,0.762,0.2032,50.34,2,2,-15.25,1.0668,2.032,0.2032,1.9812,2.8702,3.2512,1.4224,2,3,3,300,0,1,2,2.6416,2.6416,1.7272,1.7272,35.09,50.34,2,2,2.8702,3.2512,0,-15.25,0.381,4.2926,22.94469664,58.03469664,241.9653034,4.511901472,0,0.806551011,69.88771374,37.09,1.7272,1.7272,2.8702,2.8702,6.817984447,6.817984447,11.32988592,11.32988592,2.8702,11.32988592,58.03469664,85.49129475,34.27458256,6.817984447,11.32988592,27.45659811,1
B00061,B00061_R1,58,Gate_1,Green_7,2,2,2.54,1.143,35.09,0.762,0.2032,50.34,2,2,-15.25,0.2032,0.762,2.54,1.143,2.7178,1.1176,2.7178,1,3,3,300,0,2,2,2.6416,2.6416,2.8702,2.8702,35.09,50.34,2,2,2.7178,1.1176,0,-15.25,-1.6002,5.4356,27.45659811,62.54659811,237.4534019,0,0,0.79151134,55.19169917,37.09,2.8702,2.8702,1.7272,1.7272,11.32988592,11.32988592,6.817984447,6.817984447,2.7178,10.72829906,62.54659811,81.58098014,34.27458256,11.32988592,6.817984447,19.03438203,0
B00062,B00062_R2,60,Orange_3,Yellow_2,1,2,2.54,1.143,47.53,0.762,0.2032,42.93,2,2,4.6,2.286,2.54,0.762,0.2032,1.651,3.8608,3.8608,3,3,3,300,1,1,2,2.6416,2.6416,1.7272,1.7272,42.93,47.53,2,2,3.8608,1.651,0,-4.6,-2.2098,7.7216,36.48040106,79.41040106,220.5895989,0,0,0.735298663,38.85205139,44.93,1.7272,1.7272,3.0226,3.0226,6.817984447,6.817984447,11.93147278,11.93147278,3.8608,15.24020053,79.41040106,101.4527174,32.16902854,6.817984447,11.93147278,22.04231635,1
B00062,B00062_R2,62,Green_5,Gate_3,2,2,2.54,1.143,47.53,0.762,0.2032,42.93,2,2,4.6,1.9812,0.7112,0.2032,1.6002,1.4986,1.7272,3.175,2,3,3,300,1,2,2,2.6416,2.6416,3.0226,3.0226,42.93,47.53,2,2,1.7272,1.4986,0,-4.6,-0.2286,4.9022,25.35104409,68.28104409,231.7189559,11.12935697,0,0.77239652,61.19701359,44.93,3.0226,3.0226,1.7272,1.7272,11.93147278,11.93147278,6.817984447,6.817984447,1.7272,6.817984447,68.28104409,104.7614452,48.41187384,11.93147278,6.817984447,36.48040106,0
B00063,B00063_R1,63,Green_4,Green_1,1,2,2.54,1.143,33.36,0.2032,1.6002,57.5,2,2,-24.14,1.6764,0.7112,1.6764,0.2032,1.8034,2.8702,0.508,3,3,3,300,0,1,2,2.032,2.032,2.032,2.032,33.36,57.5,2,2,1.8034,2.8702,0,-24.14,1.0668,2.3114,15.12406742,48.48406742,251.5159326,12.33253069,0,0.838386442,129.7914684,35.36,2.032,2.032,1.8034,1.8034,8.021158173,8.021158173,7.118777879,7.118777879,1.8034,7.118777879,48.48406742,75.94066554,35.47775629,8.021158173,7.118777879,27.45659811,1
B00063,B00063_R1,58,Gate_1,Green_7,2,2,2.54,1.143,33.36,0.2032,1.6002,57.5,2,2,-24.14,0.2032,0.762,2.54,1.143,2.7178,1.3462,2.7178,1,3,3,300,0,2,2,2.032,2.032,1.8034,1.8034,33.36,57.5,2,2,2.7178,1.3462,0,-24.14,-1.3716,5.4356,27.45659811,60.81659811,239.1834019,0,0,0.797278006,55.19169917,35.36,1.8034,1.8034,2.032,2.032,7.118777879,7.118777879,8.021158173,8.021158173,2.7178,10.72829906,60.81659811,73.23352465,22.2428453,7.118777879,8.021158173,12.41692654,0
B00064,B00064_R1,58,Gate_1,Green_7,1,2,2.54,1.143,46.87,0.2032,1.6002,44.47,2,2,2.4,0.2032,0.762,2.54,1.143,2.7178,1.3462,2.7178,1,3,3,300,0,1,2,3.556,3.556,1.3462,1.3462,46.87,44.47,2,2,2.7178,1.3462,0,2.4,-1.3716,5.4356,27.45659811,74.32659811,225.6734019,0,0,0.752244673,55.19169917,48.87,1.3462,1.3462,1.7272,1.7272,5.31401729,5.31401729,6.817984447,6.817984447,2.7178,10.72829906,74.32659811,93.36098014,28.25871393,5.31401729,6.817984447,19.03438203,1
B00064,B00064_R1,64,Orange_6,Gate_4,2,2,2.54,1.143,46.87,0.2032,1.6002,44.47,2,2,2.4,2.54,1.9812,0.2032,1.9812,1.3462,2.7178,2.9464,2,3,3,300,0,2,2,3.556,3.556,1.7272,1.7272,46.87,44.47,2,2,1.3462,2.7178,0,2.4,1.3716,4.2926,22.94469664,69.81469664,230.1853034,4.511901472,0,0.767284345,69.88771374,48.87,1.7272,1.7272,1.3462,1.3462,6.817984447,6.817984447,5.31401729,5.31401729,1.3462,5.31401729,69.81469664,97.27129475,34.27458256,6.817984447,5.31401729,27.45659811,0
B00065,B00065_R2,65,Gate_2,Green_1,1,1,0.2032,1.9812,54.22,0.2032,1.6002,26.63,3,1,27.59,0.2032,1.143,1.6764,0.2032,1.3462,0.9652,2.413,1,3,3,300,1,1,1,0,0,0,0,26.63,54.22,1,3,0.9652,1.3462,-2,-27.59,0.381,3.3782,19.33517546,45.96517546,254.0348245,0,0,0.846782748,88.80468889,27.63,0,0,0,0,0,0,0,0,0.9652,3.810050132,45.96517546,42.15512533,0,0,0,-3.810050132,0
B00066,B00066_R2,66,Gate_2,Purple_1,1,2,0.2032,1.9812,49.05,1.6764,0.2032,36.31,2,2,12.75,0.2032,1.143,0.4572,2.54,1.3462,2.413,1.651,1,3,3,300,1,1,2,0,0,1.651,1.651,36.31,49.05,2,2,2.413,1.3462,0,-12.74,-1.0668,4.064,22.04231635,58.35231635,241.6476837,3.007934315,0,0.805492279,73.81889764,38.31,1.651,1.651,2.413,2.413,6.517191016,6.517191016,9.525125331,9.525125331,2.413,9.525125331,58.35231635,83.40256701,31.56744168,6.517191016,9.525125331,25.05025066,1
B00066,B00066_R2,65,Gate_2,Green_1,2,2,0.2032,1.9812,49.05,1.6764,0.2032,36.31,2,2,12.75,0.2032,1.143,1.6764,0.2032,1.3462,2.413,2.413,1,3,3,300,1,2,2,0,0,2.413,2.413,36.31,49.05,2,2,2.413,1.3462,0,-12.74,-1.0668,4.826,25.05025066,61.36025066,238.6397493,0,0,0.795465831,62.16328222,38.31,2.413,2.413,1.651,1.651,9.525125331,9.525125331,6.517191016,6.517191016,2.413,9.525125331,61.36025066,80.39463269,31.56744168,9.525125331,6.517191016,19.03438203,0
B00067,B00067_R2,67,Purple_2,Gate_3,1,2,0.2032,1.9812,38.27,1.6764,0.2032,40.05,2,2,-1.78,0.762,2.54,0.2032,1.6002,1.1176,3.2512,1.4986,2,3,3,300,1,1,2,1.9558,1.9558,0.9652,0.9652,40.05,38.27,2,2,3.2512,1.1176,0,1.78,-2.1336,4.7498,24.74945723,64.79945723,235.2005428,0.300793431,0,0.784001809,63.16055413,42.05,0.9652,0.9652,3.2512,3.2512,3.810050132,3.810050132,12.83385308,12.83385308,3.2512,12.83385308,64.79945723,89.84970789,28.86030079,3.810050132,12.83385308,25.05025066,1
B00067,B00067_R2,65,Gate_2,Green_1,2,2,0.2032,1.9812,38.27,1.6764,0.2032,40.05,2,2,-1.78,0.2032,1.143,1.6764,0.2032,1.3462,2.413,2.413,1,3,3,300,1,2,2,1.9558,1.9558,3.2512,3.2512,40.05,38.27,2,2,2.413,1.3462,0,1.78,-1.0668,4.826,25.05025066,65.10025066,234.8997493,0,0,0.782999164,62.16328222,42.05,3.2512,3.2512,0.9652,0.9652,12.83385308,12.83385308,3.810050132,3.810050132,2.413,9.525125331,65.10025066,84.13463269,37.58331031,12.83385308,3.810050132,19.03438203,0
B00068,B00068_R1,68,Orange_5,Gate_3,1,1,0.2032,1.9812,24.62,1.6764,0.2032,45.58,1,3,-20.95,1.9812,2.032,0.2032,1.6002,2.3368,3.2512,2.7178,2,3,3,300,0,1,1,0,0,0,0,24.62,45.58,1,3,2.3368,3.2512,-2,-20.96,0.9144,5.0546,25.95263096,50.57263096,249.427369,0,0,0.831424563,59.3518775,25.62,0,0,0,0,0,0,0,0,2.3368,9.224331899,50.57263096,41.34829906,0,0,0,-9.224331899,0
B00069,B00069_R1,69,Purple_3,Purple_4,1,2,0.2032,1.6002,42.26,1.6764,0.2032,36.14,2,2,6.12,1.0668,2.54,0.762,2.032,1.8034,2.9464,0.8128,3,3,3,300,0,1,2,1.4224,1.4224,1.7272,1.7272,42.26,36.14,2,2,1.8034,2.9464,0,6.12,1.143,2.6162,16.32724115,58.58724115,241.4127589,11.12935697,0,0.804709196,114.6701323,44.26,1.7272,1.7272,1.8034,1.8034,6.817984447,6.817984447,7.118777879,7.118777879,1.8034,7.118777879,58.58724115,86.04383926,34.27458256,6.817984447,7.118777879,27.45659811,1
B00069,B00069_R1,68,Orange_5,Gate_3,2,2,0.2032,1.6002,42.26,1.6764,0.2032,36.14,2,2,6.12,1.9812,2.032,0.2032,1.6002,2.7178,3.2512,2.7178,2,3,3,300,0,2,2,1.4224,1.4224,1.8034,1.8034,42.26,36.14,2,2,2.7178,3.2512,0,6.12,0.5334,5.4356,27.45659811,69.71659811,230.2834019,0,0,0.76761134,55.19169917,44.26,1.8034,1.8034,1.7272,1.7272,7.118777879,7.118777879,6.817984447,6.817984447,2.7178,10.72829906,69.71659811,82.13352465,23.44601903,7.118777879,6.817984447,12.41692654,0
B00070,B00070_R2,65,Gate_2,Green_1,1,2,0.2032,1.6002,40.53,1.6764,0.2032,29.85,2,2,10.68,0.2032,1.143,1.6764,0.2032,0.9652,2.413,2.413,1,3,3,300,1,1,2,1.4986,1.4986,1.4224,1.4224,29.85,40.53,2,2,2.413,0.9652,0,-10.68,-1.4478,4.826,25.05025066,54.90025066,245.0997493,0,0,0.816999164,62.16328222,31.85,1.4224,1.4224,1.3462,1.3462,5.614810721,5.614810721,5.31401729,5.31401729,2.413,9.525125331,54.90025066,71.52828524,26.45395334,5.614810721,5.31401729,16.62803458,1
B00070,B00070_R2,70,Yellow_4,Gate_4,2,2,0.2032,1.6002,40.53,1.6764,0.2032,29.85,2,2,10.68,0.762,0.7112,0.2032,1.9812,1.9558,1.4224,2.3368,2,3,3,300,1,2,2,1.4986,1.4986,1.3462,1.3462,29.85,40.53,2,2,1.4224,1.9558,0,-10.68,0.5334,3.7592,20.83914262,50.68914262,249.3108574,4.211108041,0,0.831036191,79.80421366,31.85,1.3462,1.3462,1.4224,1.4224,5.31401729,5.31401729,5.614810721,5.614810721,1.4224,5.614810721,50.68914262,75.73939328,30.36426795,5.31401729,5.614810721,25.05025066,0
B00071,B00071_R1,71,Purple_5,Gate_4,1,2,0.2032,1.6002,31.99,0.2032,1.9812,41.85,2,2,-9.86,1.0668,2.032,0.2032,1.9812,1.8034,1.4224,1.4224,2,3,3,300,0,1,2,1.4224,1.4224,2.3368,2.3368,31.99,41.85,2,2,1.8034,1.4224,0,-9.86,-0.381,3.2258,18.7335886,50.7235886,249.2764114,8.723009513,0,0.830921371,93.000186,33.99,2.3368,2.3368,1.8034,1.8034,9.224331899,9.224331899,7.118777879,7.118777879,1.8034,7.118777879,50.7235886,78.18018671,36.68093001,9.224331899,7.118777879,27.45659811,1
B00071,B00071_R1,68,Orange_5,Gate_3,2,2,0.2032,1.6002,31.99,0.2032,1.9812,41.85,2,2,-9.86,1.9812,2.032,0.2032,1.6002,2.7178,2.3368,2.7178,2,3,3,300,0,2,2,1.4224,1.4224,1.8034,1.8034,31.99,41.85,2,2,2.7178,2.3368,0,-9.86,-0.381,5.4356,27.45659811,59.44659811,240.5534019,0,0,0.801844673,55.19169917,33.99,1.8034,1.8034,2.3368,2.3368,7.118777879,7.118777879,9.224331899,9.224331899,2.7178,10.72829906,59.44659811,76.67621956,25.85236648,7.118777879,9.224331899,17.22962144,0
B00072,B00072_R2,70,Yellow_4,Gate_4,1,2,0.2032,1.6002,42.94,0.2032,1.9812,34.96,2,2,7.97,0.762,0.7112,0.2032,1.9812,1.9558,2.3368,2.3368,2,3,3,300,1,1,2,1.1176,1.1176,1.7272,1.7272,34.96,42.94,2,2,2.3368,1.9558,0,-7.98,-0.381,4.6736,24.4486638,59.4086638,240.5913362,0,0,0.801971121,64.19034577,36.96,1.7272,1.7272,2.7178,2.7178,6.817984447,6.817984447,10.72829906,10.72829906,2.3368,9.224331899,59.4086638,84.45891446,30.36426795,6.817984447,10.72829906,25.05025066,1
B00072,B00072_R2,72,Gate_1,Green_7,2,2,0.2032,1.6002,42.94,0.2032,1.9812,34.96,2,2,7.97,0.2032,0.762,2.54,1.143,1.3462,1.7272,2.7178,1,3,3,300,1,2,2,1.1176,1.1176,2.7178,2.7178,34.96,42.94,2,2,1.7272,1.3462,0,-7.98,-0.381,4.445,23.5462835,58.5062835,241.4937165,0.902380294,0,0.804979055,67.49156355,36.96,2.7178,2.7178,1.7272,1.7272,10.72829906,10.72829906,6.817984447,6.817984447,1.7272,6.817984447,58.5062835,82.9549473,35.17696285,10.72829906,6.817984447,24.4486638,0
B00073,B00073_R1,68,Orange_5,Gate_3,1,2,0.2032,1.6002,36.65,2.54,1.143,46.07,2,2,-9.42,1.9812,2.032,0.2032,1.6002,2.7178,1.9558,2.7178,2,3,3,300,0,1,2,3.556,3.556,1.3462,1.3462,36.65,46.07,2,2,2.7178,1.9558,0,-9.42,-0.762,5.4356,27.45659811,64.10659811,235.8934019,0,0,0.78631134,55.19169917,38.65,1.3462,1.3462,3.556,3.556,5.31401729,5.31401729,14.0370268,14.0370268,2.7178,10.72829906,64.10659811,83.14098014,21.03967157,5.31401729,14.0370268,19.03438203,1
B00073,B00073_R1,73,Gate_1,Yellow_2,2,2,0.2032,1.6002,36.65,2.54,1.143,46.07,2,2,-9.42,0.2032,0.762,0.762,0.2032,1.3462,2.7178,1.1176,1,3,3,300,0,2,2,3.556,3.556,3.556,3.556,36.65,46.07,2,2,1.3462,2.7178,0,-9.42,1.3716,2.4638,15.72565428,52.37565428,247.6243457,11.73094383,0,0.825414486,121.7631301,38.65,3.556,3.556,1.3462,1.3462,14.0370268,14.0370268,5.31401729,5.31401729,1.3462,5.31401729,52.37565428,79.8322524,41.49362492,14.0370268,5.31401729,27.45659811,0
B00074,B00074_R2,72,Gate_1,Green_7,1,2,0.762,0.2032,43.84,2.54,1.143,37.53,2,2,6.31,0.2032,0.762,2.54,1.143,1.1176,2.7178,2.7178,1,3,3,300,1,1,2,2.7178,2.7178,0,0,37.53,43.84,2,2,2.7178,1.1176,0,-6.31,-1.6002,5.4356,27.45659811,64.98659811,235.0134019,0,0,0.783378006,55.19169917,39.53,0,0,2.3368,2.3368,0,0,9.224331899,9.224331899,2.7178,10.72829906,64.98659811,75.39823511,11.91560415,0,9.224331899,10.411637,1
B00074,B00074_R2,74,Green_7,Green_2,2,2,0.762,0.2032,43.84,2.54,1.143,37.53,2,2,6.31,2.54,1.143,1.9812,0.2032,2.7178,0,1.4986,3,3,3,300,1,2,2,2.7178,2.7178,2.3368,2.3368,37.53,43.84,2,2,0,2.7178,0,-6.31,2.7178,1.4986,11.91560415,49.44560415,250.5543958,15.54099396,0,0.835181319,200.1868411,39.53,2.3368,2.3368,0,0,9.224331899,9.224331899,0,0,0,0,49.44560415,76.90220227,36.68093001,9.224331899,0,27.45659811,0
B00075,B00075_R1,73,Gate_1,Yellow_2,1,2,0.762,0.2032,31.93,1.9812,0.2032,37.46,2,2,-5.53,0.2032,0.762,0.762,0.2032,1.1176,2.3368,1.1176,1,3,3,300,0,1,2,0,0,1.1176,1.1176,31.93,37.46,2,2,1.1176,2.3368,0,-5.53,1.2192,2.2352,14.82327399,46.75327399,253.246726,1.203173726,0,0.844155753,134.2161775,33.93,1.1176,1.1176,1.4224,1.4224,4.411636995,4.411636995,5.614810721,5.614810721,1.1176,4.411636995,46.75327399,63.98289543,20.43808471,4.411636995,5.614810721,17.22962144,1
B00075,B00075_R1,75,Gate_1,Yellow_3,2,2,0.762,0.2032,31.93,1.9812,0.2032,37.46,2,2,-5.53,0.2032,0.762,1.0668,0.2032,1.1176,2.3368,1.4224,1,3,3,300,0,2,2,0,0,1.4224,1.4224,31.93,37.46,2,2,1.1176,2.3368,0,-5.53,1.2192,2.54,16.02644772,47.95644772,252.0435523,0,0,0.840145174,118.1102362,33.93,1.4224,1.4224,1.1176,1.1176,5.614810721,5.614810721,4.411636995,4.411636995,1.1176,4.411636995,47.95644772,62.77972171,20.43808471,5.614810721,4.411636995,14.82327399,0
B00076,B00076_R2,74,Green_7,Green_2,1,2,1.0668,0.2032,34.39,1.9812,0.2032,27.72,2,2,6.67,2.54,1.143,1.9812,0.2032,2.413,1.4986,1.4986,3,3,3,300,1,1,2,2.2606,2.2606,3.2512,3.2512,27.72,34.39,2,2,1.4986,2.413,0,-6.67,0.9144,2.9972,17.83120831,45.55120831,254.4487917,10.5277701,0,0.848162639,100.0934205,29.72,3.2512,3.2512,2.794,2.794,12.83385308,12.83385308,11.02909249,11.02909249,1.4986,5.915604153,45.55120831,79.02367505,41.19283148,12.83385308,11.02909249,33.47246674,1
B00076,B00076_R2,76,Orange_4,Gate_3,2,2,1.0668,0.2032,34.39,1.9812,0.2032,27.72,2,2,6.67,1.6764,2.032,0.2032,1.6002,2.9464,3.2512,2.413,2,3,3,300,1,2,2,2.2606,2.2606,2.794,2.794,27.72,34.39,2,2,3.2512,2.9464,0,-6.67,-0.3048,5.6642,28.35897841,56.07897841,243.9210216,0,0,0.813070072,52.96423149,29.72,2.794,2.794,3.2512,3.2512,11.02909249,11.02909249,12.83385308,12.83385308,3.2512,12.83385308,56.07897841,73.91018671,28.86030079,11.02909249,12.83385308,17.83120831,0
B00077,B00077_R1,75,Gate_1,Yellow_3,1,2,1.0668,0.2032,26.08,0.2032,1.6002,42.43,2,2,-16.36,0.2032,0.762,1.0668,0.2032,1.4224,1.3462,1.4224,1,3,3,300,0,1,2,3.556,3.556,3.2512,3.2512,26.08,42.43,2,2,1.4224,1.3462,0,-16.35,-0.0762,2.8448,17.22962144,43.30962144,256.6903786,12.33253069,0,0.855634595,105.4555681,28.08,3.2512,3.2512,1.3462,1.3462,12.83385308,12.83385308,5.31401729,5.31401729,1.4224,5.614810721,43.30962144,72.57098014,42.39600521,12.83385308,5.31401729,29.2613587,1
B00077,B00077_R1,77,Orange_6,Gate_3,2,2,1.0668,0.2032,26.08,0.2032,1.6002,42.43,2,2,-16.36,2.54,1.9812,0.2032,1.6002,3.2512,2.7178,2.7178,2,3,3,300,0,2,2,3.556,3.556,1.3462,1.3462,26.08,42.43,2,2,3.2512,2.7178,0,-16.35,-0.5334,5.969,29.56215213,55.64215213,244.3578479,0,0,0.81452616,50.25967499,28.08,1.3462,1.3462,3.2512,3.2512,5.31401729,5.31401729,12.83385308,12.83385308,3.2512,12.83385308,55.64215213,72.87177358,22.54363873,5.31401729,12.83385308,17.22962144,0
B00078,B00078_R2,76,Orange_4,Gate_3,1,2,0.2032,1.6002,48.23,0.2032,1.6002,39.11,2,2,9.11,1.6764,2.032,0.2032,1.6002,2.413,2.413,2.413,2,3,3,300,1,1,2,3.2512,3.2512,1.3462,1.3462,39.11,48.23,2,2,2.413,2.413,0,-9.12,0,4.826,25.05025066,64.16025066,235.8397493,0,0,0.786132498,62.16328222,41.11,1.3462,1.3462,2.9464,2.9464,5.31401729,5.31401729,11.63067935,11.63067935,2.413,9.525125331,64.16025066,88.0073276,27.0555402,5.31401729,11.63067935,23.84707694,1
B00078,B00078_R2,78,Gate_1,Green_3,2,2,0.2032,1.6002,48.23,0.2032,1.6002,39.11,2,2,9.11,0.2032,0.762,2.286,0.2032,1.3462,1.3462,2.6416,1,3,3,300,1,2,2,3.2512,3.2512,2.9464,2.9464,39.11,48.23,2,2,1.3462,1.3462,0,-9.12,0,3.9878,21.74152291,60.85152291,239.1484771,3.308727746,0,0.79716159,75.22944982,41.11,2.9464,2.9464,1.3462,1.3462,11.63067935,11.63067935,5.31401729,5.31401729,1.3462,5.31401729,60.85152291,85.90177358,36.68093001,11.63067935,5.31401729,25.05025066,0
B00079,B00079_R1,79,Orange_6,Gate_3,1,2,0.2032,1.6002,40.82,2.286,0.2032,52.02,2,2,-11.2,2.54,1.9812,0.2032,1.6002,2.7178,2.032,2.7178,2,3,3,300,0,1,2,0,0,2.7178,2.7178,40.82,52.02,2,2,2.7178,2.032,0,-11.2,-0.6858,5.4356,27.45659811,68.27659811,231.7234019,0,0,0.77241134,55.19169917,42.82,2.7178,2.7178,2.7178,2.7178,10.72829906,10.72829906,10.72829906,10.72829906,2.7178,10.72829906,68.27659811,95.73319623,38.18489717,10.72829906,10.72829906,27.45659811,1
B00079,B00079_R1,77,Orange_6,Gate_3,2,2,0.2032,1.6002,40.82,2.286,0.2032,52.02,2,2,-11.2,2.54,1.9812,0.2032,1.6002,2.7178,2.032,2.7178,2,3,3,300,0,2,2,0,0,2.7178,2.7178,40.82,52.02,2,2,2.7178,2.032,0,-11.2,-0.6858,5.4356,27.45659811,68.27659811,231.7234019,0,0,0.77241134,55.19169917,42.82,2.7178,2.7178,2.7178,2.7178,10.72829906,10.72829906,10.72829906,10.72829906,2.7178,10.72829906,68.27659811,95.73319623,38.18489717,10.72829906,10.72829906,27.45659811,0
B00080,B00080_R2,80,Orange_4,Gate_3,1,2,0.2032,1.6002,59.74,2.286,0.2032,36.51,2,2,23.23,1.6764,2.032,0.2032,1.6002,2.413,2.9464,2.413,2,3,3,300,1,1,2,3.2512,3.2512,1.3462,1.3462,36.51,59.74,2,2,2.9464,2.413,0,-23.23,-0.5334,5.3594,27.15580468,63.66580468,236.3341953,0,0,0.787780651,55.97641527,38.51,1.3462,1.3462,2.9464,2.9464,5.31401729,5.31401729,11.63067935,11.63067935,2.9464,11.63067935,63.66580468,90.52081593,32.16902854,5.31401729,11.63067935,26.85501125,1
B00080,B00080_R2,78,Gate_1,Green_3,2,2,0.2032,1.6002,59.74,2.286,0.2032,36.51,2,2,23.23,0.2032,0.762,2.286,0.2032,1.3462,2.6416,2.6416,1,3,3,300,1,2,2,3.2512,3.2512,2.9464,2.9464,36.51,59.74,2,2,2.6416,1.3462,0,-23.23,-1.2954,5.2832,26.85501125,63.36501125,236.6349887,0.300793431,0,0.788783296,56.78376741,38.51,2.9464,2.9464,1.3462,1.3462,11.63067935,11.63067935,5.31401729,5.31401729,2.6416,10.42750563,63.36501125,85.4073276,38.78648403,11.63067935,5.31401729,22.04231635,0
B00081,B00081_R2,78,Gate_1,Green_3,1,2,0.2032,1.6002,44.14,2.286,0.2032,49.11,2,2,-4.97,0.2032,0.762,2.286,0.2032,1.3462,2.6416,2.6416,1,3,3,300,1,1,2,2.3368,2.3368,0.8128,0.8128,49.11,44.14,2,2,2.6416,1.3462,0,4.97,-1.2954,5.2832,26.85501125,75.96501125,224.0349887,0,0,0.746783296,56.78376741,51.11,0.8128,0.8128,1.3462,1.3462,3.208463269,3.208463269,5.31401729,5.31401729,2.6416,10.42750563,75.96501125,92.59304583,24.94998618,3.208463269,5.31401729,16.62803458,1
B00081,B00081_R2,81,Green_5,Gate_3,2,2,0.2032,1.6002,44.14,2.286,0.2032,49.11,2,2,-4.97,1.9812,0.7112,0.2032,1.6002,3.175,0.8128,3.175,2,3,3,300,1,2,2,2.3368,2.3368,1.3462,1.3462,49.11,44.14,2,2,0.8128,3.175,0,4.97,2.3622,3.9878,21.74152291,70.85152291,229.1484771,5.113488335,0,0.763828257,75.22944982,51.11,1.3462,1.3462,0.8128,0.8128,5.31401729,5.31401729,3.208463269,3.208463269,0.8128,3.208463269,70.85152291,97.70653416,32.16902854,5.31401729,3.208463269,26.85501125,0
B00082,B00082_R1,82,Orange_6,Gate_4,1,2,0.2032,1.6002,27.46,0.2032,1.6002,58.41,2,3,-30.95,2.54,1.9812,0.2032,1.9812,2.7178,2.7178,2.9464,2,3,3,300,0,1,2,0,0,2.9464,2.9464,27.46,58.41,2,3,2.7178,2.7178,-1,-30.95,0,5.6642,28.35897841,55.81897841,244.1810216,0,0,0.813936739,52.96423149,29.46,2.9464,2.9464,2.7178,2.7178,11.63067935,11.63067935,10.72829906,10.72829906,2.7178,10.72829906,55.81897841,83.27557652,39.08727746,11.63067935,10.72829906,27.45659811,1
B00082,B00082_R1,77,Orange_6,Gate_3,2,2,0.2032,1.6002,27.46,0.2032,1.6002,58.41,2,3,-30.95,2.54,1.9812,0.2032,1.6002,2.7178,2.7178,2.7178,2,3,3,300,0,2,2,0,0,2.7178,2.7178,27.46,58.41,2,3,2.7178,2.7178,-1,-30.95,0,5.4356,27.45659811,54.91659811,245.0834019,0.902380294,0,0.816944673,55.19169917,29.46,2.7178,2.7178,2.9464,2.9464,10.72829906,10.72829906,11.63067935,11.63067935,2.7178,10.72829906,54.91659811,84.17795682,39.08727746,10.72829906,11.63067935,29.2613587,0
B00083,B00083_R2,81,Green_5,Gate_3,1,2,0.2032,1.6002,46.99,0.2032,1.6002,45.96,2,2,1.03,1.9812,0.7112,0.2032,1.6002,3.175,3.175,3.175,2,3,3,300,1,1,2,1.4986,1.4986,2.794,2.794,45.96,46.99,2,2,3.175,3.175,0,-1.03,0,6.35,31.06611929,77.02611929,222.9738807,0,0,0.743246269,47.24409449,47.96,2.794,2.794,3.556,3.556,11.02909249,11.02909249,14.0370268,14.0370268,3.175,12.53305965,77.02611929,108.0922386,40.59124462,11.02909249,14.0370268,31.06611929,1
B00083,B00083_R2,83,Green_7,Gate_4,2,2,0.2032,1.6002,46.99,0.2032,1.6002,45.96,2,2,1.03,2.54,1.143,0.2032,1.9812,2.794,2.794,3.175,2,3,3,300,1,2,2,1.4986,1.4986,3.556,3.556,45.96,46.99,2,2,2.794,2.794,0,-1.03,0,5.969,29.56215213,75.52215213,224.4778479,1.503967157,0,0.748259493,50.25967499,47.96,3.556,3.556,2.794,2.794,14.0370268,14.0370268,11.02909249,11.02909249,2.794,11.02909249,75.52215213,106.5882714,45.10314609,14.0370268,11.02909249,31.06611929,0
B00084,B00084_R1,84,Gate_1,Yellow_1,1,2,0.2032,1.6002,39.58,0.2032,1.9812,67.21,2,3,-27.63,0.2032,0.762,0.4572,0.2032,1.3462,1.7272,0.8128,1,3,3,300,0,1,2,3.556,3.556,3.8608,3.8608,39.58,67.21,2,3,1.3462,1.7272,-1,-27.63,0.381,2.159,14.52248056,54.10248056,245.8975194,12.93411755,0,0.819658398,138.9532191,41.58,3.8608,3.8608,1.3462,1.3462,15.24020053,15.24020053,5.31401729,5.31401729,1.3462,5.31401729,54.10248056,81.55907867,42.69679864,15.24020053,5.31401729,27.45659811,1
B00084,B00084_R1,77,Orange_6,Gate_3,2,2,0.2032,1.6002,39.58,0.2032,1.9812,67.21,2,3,-27.63,2.54,1.9812,0.2032,1.6002,2.7178,2.9464,2.7178,2,3,3,300,0,2,2,3.556,3.556,1.3462,1.3462,39.58,67.21,2,3,2.7178,2.9464,-1,-27.63,0.2286,5.4356,27.45659811,67.03659811,232.9634019,0,0,0.776544673,55.19169917,41.58,1.3462,1.3462,3.8608,3.8608,5.31401729,5.31401729,15.24020053,15.24020053,2.7178,10.72829906,67.03659811,86.07098014,19.83649785,5.31401729,15.24020053,19.03438203,0
B00085,B00085_R1,85,Purple_5,Gate_3,1,2,0.2032,1.6002,48.23,0.2032,1.9812,54.18,2,2,-5.95,1.0668,2.032,0.2032,1.6002,1.8034,1.4224,1.8034,2,3,3,300,0,1,2,2.032,2.032,2.7178,2.7178,48.23,54.18,2,2,1.8034,1.4224,0,-5.95,-0.381,3.6068,20.23755576,68.46755576,231.5324442,7.219042356,0,0.771774814,83.17622269,50.23,2.7178,2.7178,1.8034,1.8034,10.72829906,10.72829906,7.118777879,7.118777879,1.8034,7.118777879,68.46755576,95.92415387,38.18489717,10.72829906,7.118777879,27.45659811,1
B00085,B00085_R1,77,Orange_6,Gate_3,2,2,0.2032,1.6002,48.23,0.2032,1.9812,54.18,2,2,-5.95,2.54,1.9812,0.2032,1.6002,2.7178,2.9464,2.7178,2,3,3,300,0,2,2,2.032,2.032,1.8034,1.8034,48.23,54.18,2,2,2.7178,2.9464,0,-5.95,0.2286,5.4356,27.45659811,75.68659811,224.3134019,0,0,0.74771134,55.19169917,50.23,1.8034,1.8034,2.7178,2.7178,7.118777879,7.118777879,10.72829906,10.72829906,2.7178,10.72829906,75.68659811,95.92415387,27.35633364,7.118777879,10.72829906,20.23755576,0
B00086,B00086_R2,86,Orange_7,Gate_4,1,2,0.2032,1.6002,58.73,0.2032,1.9812,47.9,3,2,10.84,2.54,1.6002,0.2032,1.9812,2.3368,2.7178,2.7178,2,3,3,300,1,1,2,0.9652,0.9652,3.175,3.175,47.9,58.73,2,3,2.7178,2.3368,-1,-10.83,-0.381,5.4356,27.45659811,75.35659811,224.6434019,3.609521178,0,0.74881134,55.19169917,49.9,3.175,3.175,2.7178,2.7178,12.53305965,12.53305965,10.72829906,10.72829906,2.7178,10.72829906,75.35659811,106.4227174,43.59917894,12.53305965,10.72829906,31.06611929,1
B00086,B00086_R2,83,Green_7,Gate_4,2,2,0.2032,1.6002,58.73,0.2032,1.9812,47.9,3,2,10.84,2.54,1.143,0.2032,1.9812,2.794,3.175,3.175,2,3,3,300,1,2,2,0.9652,0.9652,2.7178,2.7178,47.9,58.73,2,3,3.175,2.794,-1,-10.83,-0.381,6.35,31.06611929,78.96611929,221.0338807,0,0,0.736779602,47.24409449,49.9,2.7178,2.7178,3.175,3.175,10.72829906,10.72829906,12.53305965,12.53305965,3.175,12.53305965,78.96611929,106.4227174,38.18489717,10.72829906,12.53305965,27.45659811,0
B00087,B00087_R1,77,Orange_6,Gate_3,1,2,0.2032,1.6002,52.45,0.2032,1.9812,57.02,2,3,-4.57,2.54,1.9812,0.2032,1.6002,2.7178,2.9464,2.7178,2,3,3,300,0,1,2,2.3368,2.3368,1.4986,1.4986,52.45,57.02,2,3,2.7178,2.9464,-1,-4.57,0.2286,5.4356,27.45659811,79.90659811,220.0934019,0,0,0.733644673,55.19169917,54.45,1.4986,1.4986,2.9464,2.9464,5.915604153,5.915604153,11.63067935,11.63067935,2.7178,10.72829906,79.90659811,97.13621956,22.2428453,5.915604153,11.63067935,17.22962144,1
B00087,B00087_R1,87,Purple_4,Gate_4,2,2,0.2032,1.6002,52.45,0.2032,1.9812,57.02,2,3,-4.57,0.762,2.032,0.2032,1.9812,1.4986,1.1176,1.1176,2,3,3,300,0,2,2,2.3368,2.3368,2.9464,2.9464,52.45,57.02,2,3,1.4986,1.1176,-1,-4.57,-0.381,2.6162,16.32724115,68.77724115,231.2227589,11.12935697,0,0.77074253,114.6701323,54.45,2.9464,2.9464,1.4986,1.4986,11.63067935,11.63067935,5.915604153,5.915604153,1.4986,5.915604153,68.77724115,96.23383926,39.08727746,11.63067935,5.915604153,27.45659811,0
B00088,B00088_R2,88,Purple_2,Gate_3,1,2,0.2032,1.9812,54.54,0.2032,1.9812,47.79,3,2,6.75,0.762,2.54,0.2032,1.6002,1.1176,1.1176,1.4986,2,3,3,300,1,1,2,3.175,3.175,2.794,2.794,47.79,54.54,2,3,1.1176,1.1176,-1,-6.75,0,2.6162,16.32724115,64.11724115,235.8827589,14.73887814,0,0.786275863,114.6701323,49.79,2.794,2.794,1.1176,1.1176,11.02909249,11.02909249,4.411636995,4.411636995,1.1176,4.411636995,64.11724115,95.18336044,42.09521178,11.02909249,4.411636995,31.06611929,1
B00088,B00088_R2,83,Green_7,Gate_4,2,2,0.2032,1.9812,54.54,0.2032,1.9812,47.79,3,2,6.75,2.54,1.143,0.2032,1.9812,3.175,3.175,3.175,2,3,3,300,1,2,2,3.175,3.175,1.1176,1.1176,47.79,54.54,2,3,3.175,3.175,-1,-6.75,0,6.35,31.06611929,78.85611929,221.1438807,0,0,0.737146269,47.24409449,49.79,1.1176,1.1176,2.794,2.794,4.411636995,4.411636995,11.02909249,11.02909249,3.175,12.53305965,78.85611929,93.67939328,20.73887814,4.411636995,11.02909249,14.82327399,0
B00089,B00089_R1,89,Orange_7,Gate_4,1,2,0.2032,1.9812,44.58,0.2032,1.9812,49.89,2,3,-5.31,2.54,1.6002,0.2032,1.9812,2.7178,2.7178,2.7178,2,3,3,300,0,1,2,2.7178,2.7178,1.1176,1.1176,44.58,49.89,2,3,2.7178,2.7178,-1,-5.31,0,5.4356,27.45659811,72.03659811,227.9634019,0,0,0.759878006,55.19169917,46.58,1.1176,1.1176,2.7178,2.7178,4.411636995,4.411636995,10.72829906,10.72829906,2.7178,10.72829906,72.03659811,86.8598721,19.23491099,4.411636995,10.72829906,14.82327399,1
B00089,B00089_R1,87,Purple_4,Gate_4,2,2,0.2032,1.9812,44.58,0.2032,1.9812,49.89,2,3,-5.31,0.762,2.032,0.2032,1.9812,1.1176,1.1176,1.1176,2,3,3,300,0,2,2,2.7178,2.7178,2.7178,2.7178,44.58,49.89,2,3,1.1176,1.1176,-1,-5.31,0,2.2352,14.82327399,59.40327399,240.596726,12.63332412,0,0.801989087,134.2161775,46.58,2.7178,2.7178,1.1176,1.1176,10.72829906,10.72829906,4.411636995,4.411636995,1.1176,4.411636995,59.40327399,86.8598721,38.18489717,10.72829906,4.411636995,27.45659811,0
B00090,B00090_R2,90,Yellow_3,Gate_4,1,2,0.2032,1.9812,55.38,0.2032,1.9812,42.48,3,2,12.9,1.0668,0.2032,0.2032,1.9812,2.6416,2.6416,2.6416,2,3,3,300,1,1,2,2.413,2.413,3.175,3.175,42.48,55.38,2,3,2.6416,2.6416,-1,-12.9,0,5.2832,26.85501125,69.33501125,230.6649887,4.211108041,0,0.768883296,56.78376741,44.48,3.175,3.175,2.6416,2.6416,12.53305965,12.53305965,10.42750563,10.42750563,2.6416,10.42750563,69.33501125,100.4011305,43.59917894,12.53305965,10.42750563,31.06611929,1
B00090,B00090_R2,83,Green_7,Gate_4,2,2,0.2032,1.9812,55.38,0.2032,1.9812,42.48,3,2,12.9,2.54,1.143,0.2032,1.9812,3.175,3.175,3.175,2,3,3,300,1,2,2,2.413,2.413,2.6416,2.6416,42.48,55.38,2,3,3.175,3.175,-1,-12.9,0,6.35,31.06611929,73.54611929,226.4538807,0,0,0.754846269,47.24409449,44.48,2.6416,2.6416,3.175,3.175,10.42750563,10.42750563,12.53305965,12.53305965,3.175,12.53305965,73.54611929,100.4011305,37.28251688,10.42750563,12.53305965,26.85501125,0
B00091,B00091_R1,91,Green_6,Gate_4,1,2,0.2032,1.9812,41.74,0.2032,1.9812,61.92,2,3,-20.19,2.54,0.762,0.2032,1.9812,3.556,3.556,3.556,2,3,3,300,0,1,2,3.556,3.556,1.1176,1.1176,41.74,61.92,2,3,3.556,3.556,-1,-20.18,0,7.112,34.07405361,75.81405361,224.1859464,0,0,0.747286488,42.18222722,43.74,1.1176,1.1176,3.556,3.556,4.411636995,4.411636995,14.0370268,14.0370268,3.556,14.0370268,75.81405361,90.6373276,19.23491099,4.411636995,14.0370268,14.82327399,1
B00091,B00091_R1,87,Purple_4,Gate_4,2,2,0.2032,1.9812,41.74,0.2032,1.9812,61.92,2,3,-20.19,0.762,2.032,0.2032,1.9812,1.1176,1.1176,1.1176,2,3,3,300,0,2,2,3.556,3.556,3.556,3.556,41.74,61.92,2,3,1.1176,1.1176,-1,-20.18,0,2.2352,14.82327399,56.56327399,243.436726,19.25077962,0,0.811455753,134.2161775,43.74,3.556,3.556,1.1176,1.1176,14.0370268,14.0370268,4.411636995,4.411636995,1.1176,4.411636995,56.56327399,90.6373276,48.11108041,14.0370268,4.411636995,34.07405361,0
B00092,B00092_R2,92,Green_3,Gate_4,1,2,0.2032,1.9812,63.59,0.2032,1.9812,53.61,3,2,9.98,2.286,0.2032,0.2032,1.9812,3.8608,3.8608,3.8608,2,3,3,300,1,1,2,1.1938,1.1938,3.175,3.175,53.61,63.59,2,3,3.8608,3.8608,-1,-9.98,0,7.7216,36.48040106,90.09040106,209.9095989,0,0,0.699698663,38.85205139,55.61,3.175,3.175,3.8608,3.8608,12.53305965,12.53305965,15.24020053,15.24020053,3.8608,15.24020053,90.09040106,121.1565203,43.59917894,12.53305965,15.24020053,31.06611929,1
B00092,B00092_R2,83,Green_7,Gate_4,2,2,0.2032,1.9812,63.59,0.2032,1.9812,53.61,3,2,9.98,2.54,1.143,0.2032,1.9812,3.175,3.175,3.175,2,3,3,300,1,2,2,1.1938,1.1938,3.8608,3.8608,53.61,63.59,2,3,3.175,3.175,-1,-9.98,0,6.35,31.06611929,84.67611929,215.3238807,5.414281767,0,0.717746269,47.24409449,55.61,3.8608,3.8608,3.175,3.175,15.24020053,15.24020053,12.53305965,12.53305965,3.175,12.53305965,84.67611929,121.1565203,51.72060159,15.24020053,12.53305965,36.48040106,0
B00093,B00093_R1,87,Purple_4,Gate_4,1,2,0.2032,1.9812,49.94,0.2032,1.9812,81.05,2,3,-31.12,0.762,2.032,0.2032,1.9812,1.1176,1.1176,1.1176,2,3,3,300,0,1,2,2.3368,2.3368,1.7272,1.7272,49.94,81.05,2,3,1.1176,1.1176,-1,-31.11,0,2.2352,14.82327399,64.76327399,235.236726,7.219042356,0,0.78412242,134.2161775,51.94,1.7272,1.7272,3.556,3.556,6.817984447,6.817984447,14.0370268,14.0370268,1.1176,4.411636995,64.76327399,96.43098014,28.86030079,6.817984447,14.0370268,31.66770615,1
B00093,B00093_R1,93,Gate_1,Green_2,2,2,0.2032,1.9812,49.94,0.2032,1.9812,81.05,2,3,-31.12,0.2032,0.762,1.9812,0.2032,1.7272,1.7272,2.3368,1,3,3,300,0,2,2,2.3368,2.3368,3.556,3.556,49.94,81.05,2,3,1.7272,1.7272,-1,-31.11,0,4.064,22.04231635,71.98231635,228.0176837,0,0,0.760058946,73.81889764,51.94,3.556,3.556,1.7272,1.7272,14.0370268,14.0370268,6.817984447,6.817984447,1.7272,6.817984447,71.98231635,86.80559034,28.86030079,14.0370268,6.817984447,14.82327399,0
B00094,B00094_R1,87,Purple_4,Gate_4,1,3,1.9812,0.2032,55.18,0.2032,1.9812,67.95,3,2,-12.76,0.762,2.032,0.2032,1.9812,3.556,1.1176,1.1176,2,3,3,300,0,1,3,2.3368,2.3368,1.7272,1.7272,55.18,67.95,3,2,3.556,1.1176,1,-12.77,-2.4384,4.6736,24.4486638,79.6286638,220.3713362,0,0,0.734571121,64.19034577,58.18,1.7272,1.7272,3.2512,3.4036,6.817984447,6.817984447,12.83385308,13.43543994,3.556,14.0370268,79.6286638,126.1196439,61.33012276,6.817984447,13.43543994,46.49098014,2
B00094,B00094_R1,94,Gate_1,Green_1,2,3,1.9812,0.2032,55.18,0.2032,1.9812,67.95,3,2,-12.76,0.2032,0.762,1.6764,0.2032,2.3368,1.7272,2.032,1,3,3,300,0,2,3,1.1684,0,2.6416,2.032,55.18,67.95,3,2,2.3368,1.7272,1,-12.77,-0.6096,4.3688,23.24549007,78.42549007,221.5745099,1.203173726,0,0.7385817,68.66874199,58.18,2.032,2.6416,1.7272,2.032,8.021158173,10.42750563,6.817984447,8.021158173,2.3368,9.224331899,78.42549007,124.9164702,69.75233885,10.42750563,8.021158173,46.49098014,1
B00094,B00094_R1,93,Gate_1,Green_2,3,3,1.9812,0.2032,55.18,0.2032,1.9812,67.95,3,2,-12.76,0.2032,0.762,1.9812,0.2032,2.3368,1.7272,2.3368,1,3,3,300,0,3,3,1.1684,0,2.9464,2.3368,55.18,67.95,3,2,2.3368,1.7272,1,-12.77,-0.6096,4.6736,24.4486638,79.6286638,220.3713362,0,0,0.734571121,64.19034577,58.18,2.3368,2.9464,1.7272,1.8796,9.224331899,11.63067935,6.817984447,7.41957131,2.3368,9.224331899,79.6286638,124.9164702,70.95551257,11.63067935,7.41957131,45.28780642,0
B00095,B00095_R2,95,Orange_1,Gate_4,1,2,1.9812,0.2032,60.43,0.2032,1.9812,50.03,3,2,10.4,1.6764,2.54,0.2032,1.9812,3.2512,2.032,2.032,2,3,3,300,1,1,2,2.2606,2.2606,3.175,3.175,50.03,60.43,2,3,2.032,3.2512,-1,-10.4,1.2192,4.064,22.04231635,72.07231635,227.9276837,9.023802945,0,0.759758946,73.81889764,52.03,3.175,3.175,2.032,2.032,12.53305965,12.53305965,8.021158173,8.021158173,2.032,8.021158173,72.07231635,103.1384356,43.59917894,12.53305965,8.021158173,31.06611929,1
B00095,B00095_R2,83,Green_7,Gate_4,2,2,1.9812,0.2032,60.43,0.2032,1.9812,50.03,3,2,10.4,2.54,1.143,0.2032,1.9812,1.4986,3.175,3.175,2,3,3,300,1,2,2,2.2606,2.2606,2.032,2.032,50.03,60.43,2,3,3.175,1.4986,-1,-10.4,-1.6764,6.35,31.06611929,81.09611929,218.9038807,0,0,0.729679602,47.24409449,52.03,2.032,2.032,3.175,3.175,8.021158173,8.021158173,12.53305965,12.53305965,3.175,12.53305965,81.09611929,103.1384356,30.06347452,8.021158173,12.53305965,22.04231635,0
B00096,B00096_R2,83,Green_7,Gate_4,1,2,1.9812,0.2032,53.02,0.2032,1.9812,54.15,3,2,-1.13,2.54,1.143,0.2032,1.9812,1.4986,3.175,3.175,2,3,3,300,1,1,2,2.7178,2.7178,1.7272,1.7272,54.15,53.02,2,3,3.175,1.4986,-1,1.13,-1.6764,6.35,31.06611929,85.21611929,214.7838807,0,0,0.715946269,47.24409449,56.15,1.7272,1.7272,3.4798,3.4798,6.817984447,6.817984447,13.73623337,13.73623337,3.175,12.53305965,85.21611929,107.2584356,27.65712707,6.817984447,13.73623337,22.04231635,1
B00096,B00096_R2,96,Gate_1,Purple_1,2,2,1.9812,0.2032,53.02,0.2032,1.9812,54.15,3,2,-1.13,0.2032,0.762,0.4572,2.54,2.3368,1.7272,2.032,1,3,3,300,1,2,2,2.7178,2.7178,3.4798,3.4798,54.15,53.02,2,3,1.7272,2.3368,-1,1.13,0.6096,3.7592,20.83914262,74.98914262,225.0108574,10.22697667,0,0.750036191,79.80421366,56.15,3.4798,3.4798,1.7272,1.7272,13.73623337,13.73623337,6.817984447,6.817984447,1.7272,6.817984447,74.98914262,106.0552619,44.80235266,13.73623337,6.817984447,31.06611929,0
B00097,B00097_R1,97,Green_4,Gate_3,1,2,1.9812,0.2032,45.6,0.4572,2.54,64.21,2,3,-18.6,1.6764,0.7112,0.2032,1.6002,0.8128,3.556,2.8702,2,3,3,300,0,1,2,2.032,2.032,1.3462,1.3462,45.6,64.21,2,3,0.8128,3.556,-1,-18.61,2.7432,3.683,20.53834919,66.13834919,233.8616508,3.910314609,0,0.779538836,81.45533532,47.6,1.3462,1.3462,0.8128,0.8128,5.31401729,5.31401729,3.208463269,3.208463269,0.8128,3.208463269,66.13834919,90.58701299,29.76268109,5.31401729,3.208463269,24.4486638,1
B00097,B00097_R1,93,Gate_1,Green_2,2,2,1.9812,0.2032,45.6,0.4572,2.54,64.21,2,3,-18.6,0.2032,0.762,1.9812,0.2032,2.3368,2.032,2.3368,1,3,3,300,0,2,2,2.032,2.032,0.8128,0.8128,45.6,64.21,2,3,2.3368,2.032,-1,-18.61,-0.3048,4.6736,24.4486638,70.0486638,229.9513362,0,0,0.766504454,64.19034577,47.6,0.8128,0.8128,1.3462,1.3462,3.208463269,3.208463269,5.31401729,5.31401729,2.3368,9.224331899,70.0486638,86.67669838,23.74681246,3.208463269,5.31401729,16.62803458,0
B00098,B00098_R2,96,Gate_1,Purple_1,1,2,1.9812,0.2032,52.49,0.4572,2.54,53.43,3,2,-0.93,0.2032,0.762,0.4572,2.54,2.3368,2.032,2.032,1,3,3,300,1,1,2,3.556,3.556,2.032,2.032,53.43,52.49,2,3,2.032,2.3368,-1,0.94,0.3048,4.064,22.04231635,75.47231635,224.5276837,1.203173726,0,0.748425612,73.81889764,55.43,2.032,2.032,1.7272,1.7272,8.021158173,8.021158173,6.817984447,6.817984447,2.032,8.021158173,75.47231635,97.51463269,31.26664825,8.021158173,6.817984447,22.04231635,1
B00098,B00098_R2,98,Orange_5,Gate_4,2,2,1.9812,0.2032,52.49,0.4572,2.54,53.43,3,2,-0.93,1.9812,2.032,0.2032,1.9812,2.9464,2.032,2.3368,2,3,3,300,1,2,2,3.556,3.556,1.7272,1.7272,53.43,52.49,2,3,2.032,2.9464,-1,0.94,0.9144,4.3688,23.24549007,76.67549007,223.3245099,0,0,0.744415033,68.66874199,55.43,1.7272,1.7272,2.032,2.032,6.817984447,6.817984447,8.021158173,8.021158173,2.032,8.021158173,76.67549007,98.71780642,28.86030079,6.817984447,8.021158173,22.04231635,0
B00099,B00099_R1,93,Gate_1,Green_2,1,2,1.9812,0.2032,41.71,0.2032,1.9812,61.3,2,3,-19.58,0.2032,0.762,1.9812,0.2032,2.3368,1.7272,2.3368,1,3,3,300,0,1,2,3.556,3.556,2.3368,2.3368,41.71,61.3,2,3,2.3368,1.7272,-1,-19.59,-0.6096,4.6736,24.4486638,66.1586638,233.8413362,2.406347452,0,0.779471121,64.19034577,43.71,2.3368,2.3368,1.7272,1.7272,9.224331899,9.224331899,6.817984447,6.817984447,2.3368,9.224331899,66.1586638,90.6073276,36.07934315,9.224331899,6.817984447,24.4486638,1
B00099,B00099_R1,99,Orange_6,Gate_4,2,2,1.9812,0.2032,41.71,0.2032,1.9812,61.3,2,3,-19.58,2.54,1.9812,0.2032,1.9812,2.3368,2.9464,2.9464,2,3,3,300,0,2,2,3.556,3.556,1.7272,1.7272,41.71,61.3,2,3,2.3368,2.9464,-1,-19.59,0.6096,5.2832,26.85501125,68.56501125,231.4349887,0,0,0.771449962,56.78376741,43.71,1.7272,1.7272,2.3368,2.3368,6.817984447,6.817984447,9.224331899,9.224331899,2.3368,9.224331899,68.56501125,93.01367505,31.26664825,6.817984447,9.224331899,24.4486638,0
B00100,B00100_R2,98,Orange_5,Gate_4,1,2,0.2032,1.9812,63.4,0.2032,1.9812,45.92,3,2,17.48,1.9812,2.032,0.2032,1.9812,2.3368,2.3368,2.3368,2,3,3,300,1,1,2,3.175,3.175,1.3462,1.3462,45.92,63.4,2,3,2.3368,2.3368,-1,-17.48,0,4.6736,24.4486638,70.3686638,229.6313362,0,0,0.765437787,64.19034577,47.92,1.3462,1.3462,3.2512,3.2512,5.31401729,5.31401729,12.83385308,12.83385308,2.3368,9.224331899,70.3686638,92.41098014,23.74681246,5.31401729,12.83385308,22.04231635,1
B00100,B00100_R2,100,Gate_2,Yellow_3,2,2,0.2032,1.9812,63.4,0.2032,1.9812,45.92,3,2,17.48,0.2032,1.143,1.0668,0.2032,1.3462,1.3462,1.8034,1,3,3,300,1,2,2,3.175,3.175,3.2512,3.2512,45.92,63.4,2,3,1.3462,1.3462,-1,-17.48,0,3.1496,18.43279517,64.35279517,235.6472048,6.01586863,0,0.785490683,95.2501905,47.92,3.2512,3.2512,1.3462,1.3462,12.83385308,12.83385308,5.31401729,5.31401729,1.3462,5.31401729,64.35279517,88.80145897,37.28251688,12.83385308,5.31401729,24.4486638,0
B00101,B00101_R1,99,Orange_6,Gate_4,1,2,0.2032,1.9812,49.23,1.0668,0.2032,54.62,2,3,-5.39,2.54,1.9812,0.2032,1.9812,2.9464,3.2512,2.9464,2,3,3,300,0,1,2,3.175,3.175,1.3462,1.3462,49.23,54.62,2,3,2.9464,3.2512,-1,-5.39,0.3048,5.8928,29.2613587,78.4913587,221.5086413,0,0,0.738362138,50.90958458,51.23,1.3462,1.3462,1.7272,1.7272,5.31401729,5.31401729,6.817984447,6.817984447,2.9464,11.63067935,78.4913587,95.72098014,27.35633364,5.31401729,6.817984447,17.22962144,1
B00101,B00101_R1,101,Gate_2,Green_6,2,2,0.2032,1.9812,49.23,1.0668,0.2032,54.62,2,3,-5.39,0.2032,1.143,2.54,0.762,1.3462,1.8034,2.7178,1,3,3,300,0,2,2,3.175,3.175,1.7272,1.7272,49.23,54.62,2,3,1.3462,1.8034,-1,-5.39,0.4572,4.064,22.04231635,71.27231635,228.7276837,7.219042356,0,0.762425612,73.81889764,51.23,1.7272,1.7272,1.3462,1.3462,6.817984447,6.817984447,5.31401729,5.31401729,1.3462,5.31401729,71.27231635,100.533675,36.07934315,6.817984447,5.31401729,29.2613587,0
B00102,B00102_R2,102,Purple_4,Gate_3,1,2,2.54,0.762,62.96,1.0668,0.2032,43.76,3,2,19.2,0.762,2.032,0.2032,1.6002,3.556,3.2512,1.4986,2,3,3,300,1,1,2,1.9558,1.9558,0.9652,0.9652,43.76,62.96,2,3,3.2512,3.556,-1,-19.2,0.3048,4.7498,24.74945723,68.50945723,231.4905428,0,0,0.771635143,63.16055413,45.76,0.9652,0.9652,3.2512,3.2512,3.810050132,3.810050132,12.83385308,12.83385308,3.2512,12.83385308,68.50945723,88.74701299,24.04760589,3.810050132,12.83385308,20.23755576,1
B00102,B00102_R2,100,Gate_2,Yellow_3,2,2,2.54,0.762,62.96,1.0668,0.2032,43.76,3,2,19.2,0.2032,1.143,1.0668,0.2032,2.7178,1.8034,1.8034,1,3,3,300,1,2,2,1.9558,1.9558,3.2512,3.2512,43.76,62.96,2,3,1.8034,2.7178,-1,-19.2,0.9144,3.6068,20.23755576,63.99755576,236.0024442,4.511901472,0,0.786674814,83.17622269,45.76,3.2512,3.2512,0.9652,0.9652,12.83385308,12.83385308,3.810050132,3.810050132,1.8034,7.118777879,63.99755576,85.43828524,37.58331031,12.83385308,3.810050132,21.44072948,0
B00103,B00103_R2,103,Gate_2,Purple_3,1,3,2.54,0.762,51.06,1.0668,0.2032,47.8,2,3,3.26,0.2032,1.143,1.0668,2.54,2.7178,1.8034,2.2606,1,3,3,300,1,1,3,0.9779,0,1.5367,0.8128,47.8,51.06,3,2,1.8034,2.7178,1,-3.26,0.9144,4.064,22.04231635,69.84231635,230.1576837,2.707140883,0,0.767192279,73.81889764,50.8,0.8128,1.5367,0.9652,1.3843,3.208463269,6.066000868,3.810050132,5.464414005,1.8034,7.118777879,69.84231635,111.5206016,57.11901472,6.066000868,5.464414005,41.67828524,2
B00103,B00103_R2,102,Purple_4,Gate_3,2,3,2.54,0.762,51.06,1.0668,0.2032,47.8,2,3,3.26,0.762,2.032,0.2032,1.6002,3.556,3.2512,1.4986,2,3,3,300,1,2,3,1.9558,1.9558,0.9652,0.9652,47.8,51.06,3,2,3.2512,3.556,1,-3.26,0.3048,4.7498,24.74945723,72.54945723,227.4505428,0,0,0.758168476,63.16055413,50.8,0.9652,0.9652,0.8128,2.032,3.810050132,3.810050132,3.208463269,8.021158173,3.2512,12.83385308,72.54945723,105.2039395,49.89997237,3.810050132,8.021158173,32.6544823,1
B00103,B00103_R2,100,Gate_2,Yellow_3,3,3,2.54,0.762,51.06,1.0668,0.2032,47.8,2,3,3.26,0.2032,1.143,1.0668,0.2032,2.7178,1.8034,1.8034,1,3,3,300,1,3,3,0.9779,0,2.5273,1.8034,47.8,51.06,3,2,1.8034,2.7178,1,-3.26,0.9144,3.6068,20.23755576,68.03755576,231.9624442,4.511901472,0,0.773208147,83.17622269,50.8,1.8034,2.5273,0.9652,1.6129,7.118777879,9.976315478,3.810050132,6.3667943,1.8034,7.118777879,68.03755576,111.5206016,66.74440453,9.976315478,6.3667943,43.48304583,0
B00104,B00104_R1,104,Orange_5,Gate_3,1,2,2.54,0.762,39.07,1.0668,0.2032,54.93,2,3,-15.86,1.9812,2.032,0.2032,1.6002,2.3368,3.2512,2.7178,2,3,3,300,0,1,2,3.175,3.175,0.9652,0.9652,39.07,54.93,2,3,2.3368,3.2512,-1,-15.86,0.9144,5.0546,25.95263096,65.02263096,234.977369,1.503967157,0,0.783257897,59.3518775,41.07,0.9652,0.9652,2.3368,2.3368,3.810050132,3.810050132,9.224331899,9.224331899,2.3368,9.224331899,65.02263096,92.47922907,31.26664825,3.810050132,9.224331899,27.45659811,1
B00104,B00104_R1,101,Gate_2,Green_6,2,2,2.54,0.762,39.07,1.0668,0.2032,54.93,2,3,-15.86,0.2032,1.143,2.54,0.762,2.7178,1.8034,2.7178,1,3,3,300,0,2,2,3.175,3.175,2.3368,2.3368,39.07,54.93,2,3,2.7178,1.8034,-1,-15.86,-0.9144,5.4356,27.45659811,66.52659811,233.4734019,0,0,0.778244673,55.19169917,41.07,2.3368,2.3368,0.9652,0.9652,9.224331899,9.224331899,3.810050132,3.810050132,2.7178,10.72829906,66.52659811,85.56098014,35.17696285,9.224331899,3.810050132,19.03438203,0
B00105,B00105_R2,102,Purple_4,Gate_3,1,3,2.54,0.762,49.37,1.0668,0.2032,46.62,2,3,2.75,0.762,2.032,0.2032,1.6002,3.556,3.2512,1.4986,2,3,3,300,1,1,3,1.9558,1.9558,0.9652,0.9652,46.62,49.37,3,2,3.2512,3.556,1,-2.75,0.3048,4.7498,24.74945723,71.36945723,228.6305428,2.10555402,0,0.762101809,63.16055413,49.62,0.9652,0.9652,2.032,2.6416,3.810050132,3.810050132,8.021158173,10.42750563,3.2512,12.83385308,71.36945723,113.6493293,54.71266727,3.810050132,10.42750563,42.2798721,2
B00105,B00105_R2,100,Gate_2,Yellow_3,2,3,2.54,0.762,49.37,1.0668,0.2032,46.62,2,3,2.75,0.2032,1.143,1.0668,0.2032,2.7178,1.8034,1.8034,1,3,3,300,1,2,3,0.9779,0,2.5273,1.8034,46.62,49.37,3,2,1.8034,2.7178,1,-2.75,0.9144,3.6068,20.23755576,66.85755576,233.1424442,6.617455493,0,0.777141481,83.17622269,49.62,1.8034,2.5273,0.9652,2.2225,7.118777879,9.976315478,3.810050132,8.773141752,1.8034,7.118777879,66.85755576,115.1532965,71.55709944,9.976315478,8.773141752,48.29574073,1
B00105,B00105_R2,105,Gate_2,Orange_3,3,3,2.54,0.762,49.37,1.0668,0.2032,46.62,2,3,2.75,0.2032,1.143,2.286,2.54,2.7178,1.8034,3.4798,1,3,3,300,1,3,3,0.9779,0,2.7559,2.032,46.62,49.37,3,2,1.8034,2.7178,1,-2.75,0.9144,5.2832,26.85501125,73.47501125,226.5249887,0,0,0.755083296,56.78376741,49.62,2.032,2.7559,0.9652,1.3843,8.021158173,10.87869577,3.810050132,5.464414005,1.8034,7.118777879,73.47501125,115.1532965,66.74440453,10.87869577,5.464414005,41.67828524,0
B00106,B00106_R1,101,Gate_2,Green_6,1,2,2.54,0.762,39.47,2.286,2.54,61.79,2,3,-22.32,0.2032,1.143,2.54,0.762,2.7178,3.4798,2.7178,1,3,3,300,0,1,2,2.413,2.413,1.4224,1.4224,39.47,61.79,2,3,2.7178,3.4798,-1,-22.32,0.762,5.4356,27.45659811,66.92659811,233.0734019,0,0,0.77691134,55.19169917,41.47,1.4224,1.4224,1.3462,1.3462,5.614810721,5.614810721,5.31401729,5.31401729,2.7178,10.72829906,66.92659811,85.96098014,30.06347452,5.614810721,5.31401729,19.03438203,1
B00106,B00106_R1,106,Green_4,Gate_4,2,2,2.54,0.762,39.47,2.286,2.54,61.79,2,3,-22.32,1.6764,0.7112,0.2032,1.9812,1.4224,2.9464,3.2512,2,3,3,300,0,2,2,2.413,2.413,1.3462,1.3462,39.47,61.79,2,3,1.4224,2.9464,-1,-22.32,1.524,4.6736,24.4486638,63.9186638,236.0813362,3.007934315,0,0.786937787,64.19034577,41.47,1.3462,1.3462,1.4224,1.4224,5.31401729,5.31401729,5.614810721,5.614810721,1.4224,5.614810721,63.9186638,91.37526191,32.7706154,5.31401729,5.614810721,27.45659811,0
B00107,B00107_R1,107,Gate_2,Green_6,1,3,0.2032,1.9812,56.51,2.286,2.54,55.5,3,3,1.01,0.2032,1.143,2.54,0.762,1.3462,3.4798,2.7178,1,3,3,300,0,1,3,1.2065,0,2.0701,1.4224,56.51,55.5,3,3,1.3462,3.4798,0,1.01,2.1336,4.064,22.04231635,78.55231635,221.4476837,9.625389808,0,0.738158946,73.81889764,59.51,1.4224,2.0701,1.3462,2.032,5.614810721,8.171554889,5.31401729,8.021158173,1.3462,5.31401729,78.55231635,132.2623388,70.05313228,8.171554889,8.021158173,53.7100225,2
B00107,B00107_R1,106,Green_4,Gate_4,2,3,0.2032,1.9812,56.51,2.286,2.54,55.5,3,3,1.01,1.6764,0.7112,0.2032,1.9812,3.2512,2.9464,3.2512,2,3,3,300,0,2,3,2.413,2.413,1.3462,1.3462,56.51,55.5,3,3,3.2512,2.9464,0,1.01,-0.3048,6.5024,31.66770615,88.17770615,211.8222938,0,0,0.706074313,46.13681102,59.51,1.3462,1.3462,1.4224,1.4224,5.31401729,5.31401729,5.614810721,5.614810721,3.2512,12.83385308,88.17770615,125.0432965,54.71266727,5.31401729,5.614810721,36.86559034,1
B00107,B00107_R1,101,Gate_2,Green_6,3,3,0.2032,1.9812,56.51,2.286,2.54,55.5,3,3,1.01,0.2032,1.143,2.54,0.762,1.3462,3.4798,2.7178,1,3,3,300,0,3,3,1.2065,0,2.0701,1.4224,56.51,55.5,3,3,1.3462,3.4798,0,1.01,2.1336,4.064,22.04231635,78.55231635,221.4476837,9.625389808,0,0.738158946,73.81889764,59.51,1.4224,2.0701,1.3462,2.032,5.614810721,8.171554889,5.31401729,8.021158173,1.3462,5.31401729,78.55231635,132.2623388,70.05313228,8.171554889,8.021158173,53.7100225,0
B00108,B00108_R2,105,Gate_2,Orange_3,1,2,2.54,0.762,67.03,2.286,2.54,46.66,3,2,20.37,0.2032,1.143,2.286,2.54,2.7178,3.4798,3.4798,1,3,3,300,1,1,2,2.7178,2.7178,2.6416,2.6416,46.66,67.03,2,3,3.4798,2.7178,-1,-20.37,-0.762,6.9596,33.47246674,80.13246674,219.8675333,0,0,0.732891778,43.10592563,48.66,2.6416,2.6416,3.4798,3.4798,10.42750563,10.42750563,13.73623337,13.73623337,3.4798,13.73623337,80.13246674,106.987478,37.28251688,10.42750563,13.73623337,26.85501125,1
B00108,B00108_R2,108,Green_5,Orange_3,2,2,2.54,0.762,67.03,2.286,2.54,46.66,3,2,20.37,1.9812,0.7112,2.286,2.54,1.1176,2.6416,2.6416,3,3,3,300,1,2,2,2.7178,2.7178,3.4798,3.4798,46.66,67.03,2,3,2.6416,1.1176,-1,-20.37,-1.524,5.2832,26.85501125,73.51501125,226.4849887,6.617455493,0,0.754949962,56.78376741,48.66,3.4798,3.4798,2.6416,2.6416,13.73623337,13.73623337,10.42750563,10.42750563,2.6416,10.42750563,73.51501125,106.987478,47.20870011,13.73623337,10.42750563,33.47246674,0
B00109,B00109_R1,106,Green_4,Gate_4,1,3,2.54,0.762,59.22,2.286,2.54,66.63,3,3,-7.41,1.6764,0.7112,0.2032,1.9812,1.4224,2.9464,3.2512,2,3,3,300,0,1,3,2.413,2.413,1.3462,1.3462,59.22,66.63,3,3,1.4224,2.9464,0,-7.41,1.524,4.6736,24.4486638,83.6686638,216.3313362,3.007934315,0,0.721104454,64.19034577,62.22,1.3462,1.3462,1.4224,2.1844,5.31401729,5.31401729,5.614810721,8.622745036,1.4224,5.614810721,83.6686638,136.7770994,63.73647022,5.31401729,8.622745036,53.10843564,2
B00109,B00109_R1,109,Gate_2,Purple_3,2,3,2.54,0.762,59.22,2.286,2.54,66.63,3,3,-7.41,0.2032,1.143,1.0668,2.54,2.7178,3.4798,2.2606,1,3,3,300,0,2,3,1.2065,0,2.6035,2.2606,59.22,66.63,3,3,2.7178,3.4798,0,-7.41,0.762,4.9784,25.65183752,84.87183752,215.1281625,1.804760589,0,0.717093875,60.2603246,62.22,2.2606,2.6035,1.3462,2.032,8.923538468,10.27710891,5.31401729,8.021158173,2.7178,10.72829906,84.87183752,131.3628177,72.45947973,10.27710891,8.021158173,46.49098014,1
B00109,B00109_R1,101,Gate_2,Green_6,3,3,2.54,0.762,59.22,2.286,2.54,66.63,3,3,-7.41,0.2032,1.143,2.54,0.762,2.7178,3.4798,2.7178,1,3,3,300,0,3,3,1.2065,0,2.0701,1.4224,59.22,66.63,3,3,2.7178,3.4798,0,-7.41,0.762,5.4356,27.45659811,86.67659811,213.3234019,0,0,0.711078006,55.19169917,62.22,1.4224,2.0701,1.3462,1.8034,5.614810721,8.171554889,5.31401729,7.118777879,2.7178,10.72829906,86.67659811,131.3628177,66.4436111,8.171554889,7.118777879,44.68621956,0
B00110,B00110_R2,108,Green_5,Orange_3,1,3,2.54,0.762,70.34,2.286,2.54,53.71,3,2,16.63,1.9812,0.7112,2.286,2.54,1.1176,2.6416,2.6416,3,3,3,300,1,1,3,2.3368,1.9558,2.3368,1.1938,53.71,70.34,2,3,2.6416,1.1176,-1,-16.63,-1.524,5.2832,26.85501125,80.56501125,219.4349887,6.617455493,0,0.731449962,56.78376741,55.71,1.1938,2.3368,2.6416,3.0988,4.712430427,9.224331899,10.42750563,12.23226621,2.6416,10.42750563,80.56501125,135.4782075,73.36186002,9.224331899,12.23226621,54.91319623,2
B00110,B00110_R2,110,Orange_7,Purple_4,2,3,2.54,0.762,70.34,2.286,2.54,53.71,3,2,16.63,2.54,1.6002,0.762,2.032,1.3462,1.1938,2.7178,3,3,3,300,1,2,3,2.3749,1.9558,2.7559,1.9558,53.71,70.34,2,3,1.1938,1.3462,-1,-16.63,0.1524,3.9116,21.44072948,75.15072948,224.8492705,12.03173726,0,0.749497568,76.69495858,55.71,1.9558,2.7559,1.1938,1.1938,7.720364742,10.87869577,4.712430427,4.712430427,1.1938,4.712430427,75.15072948,135.4782075,82.08486954,10.87869577,4.712430427,60.32747799,1
B00110,B00110_R2,105,Gate_2,Orange_3,3,3,2.54,0.762,70.34,2.286,2.54,53.71,3,2,16.63,0.2032,1.143,2.286,2.54,2.7178,3.4798,3.4798,1,3,3,300,1,3,3,2.7559,2.7178,1.9177,1.1938,53.71,70.34,2,3,3.4798,2.7178,-1,-16.63,-0.762,6.9596,33.47246674,87.18246674,212.8175333,0,0,0.709391778,43.10592563,55.71,1.1938,1.9177,1.9558,2.7178,4.712430427,7.569968026,7.720364742,10.72829906,3.4798,13.73623337,87.18246674,129.4623388,63.43567679,7.569968026,10.72829906,42.2798721,0
B00111,B00111_R1,109,Gate_2,Purple_3,1,3,2.54,0.762,61.8,2.286,2.54,65.32,3,3,-3.52,0.2032,1.143,1.0668,2.54,2.7178,3.4798,2.2606,1,3,3,300,0,1,3,1.1303,0,1.1303,0,61.8,65.32,3,3,2.7178,3.4798,0,-3.52,0.762,4.9784,25.65183752,87.45183752,212.5481625,1.804760589,0,0.708493875,60.2603246,64.8,0,1.1303,1.3462,2.032,0,4.461769234,5.31401729,8.021158173,2.7178,10.72829906,87.45183752,133.9428177,60.82880038,4.461769234,8.021158173,46.49098014,2
B00111,B00111_R1,111,Purple_3,Gate_4,2,3,2.54,0.762,61.8,2.286,2.54,65.32,3,3,-3.52,1.0668,2.54,0.2032,1.9812,3.2512,1.7272,1.4224,2,3,3,300,0,2,3,2.2606,2.2606,1.3462,1.3462,61.8,65.32,3,3,3.2512,1.7272,0,-3.52,-1.524,4.6736,24.4486638,86.2486638,213.7513362,3.007934315,0,0.712504454,64.19034577,64.8,1.3462,1.3462,0,1.6256,5.31401729,5.31401729,0,6.416926539,3.2512,12.83385308,86.2486638,126.5232464,63.73647022,5.31401729,6.416926539,40.27458256,1
B00111,B00111_R1,101,Gate_2,Green_6,3,3,2.54,0.762,61.8,2.286,2.54,65.32,3,3,-3.52,0.2032,1.143,2.54,0.762,2.7178,3.4798,2.7178,1,3,3,300,0,3,3,1.1303,0,2.9845,2.7178,61.8,65.32,3,3,2.7178,3.4798,0,-3.52,0.762,5.4356,27.45659811,89.25659811,210.7434019,0,0,0.702478006,55.19169917,64.8,2.7178,2.9845,1.3462,1.8034,10.72829906,11.78107607,5.31401729,7.118777879,2.7178,10.72829906,89.25659811,133.9428177,73.66265346,11.78107607,7.118777879,44.68621956,0
B00112,B00112_R1,111,Purple_3,Gate_4,1,3,2.54,0.762,54.21,2.286,2.54,57.41,3,3,-3.2,1.0668,2.54,0.2032,1.9812,3.2512,1.7272,1.4224,2,3,3,300,0,1,3,2.7559,2.2606,2.4511,1.3462,54.21,57.41,3,3,3.2512,1.7272,0,-3.2,-1.524,4.6736,24.4486638,78.6586638,221.3413362,3.007934315,0,0.737804454,64.19034577,57.21,1.3462,2.4511,1.4224,2.3368,5.31401729,9.675522046,5.614810721,9.224331899,3.2512,12.83385308,78.6586638,123.3448834,71.256306,9.675522046,9.224331899,44.68621956,2
B00112,B00112_R1,101,Gate_2,Green_6,2,3,2.54,0.762,54.21,2.286,2.54,57.41,3,3,-3.2,0.2032,1.143,2.54,0.762,2.7178,3.4798,2.7178,1,3,3,300,0,2,3,2.4892,2.2606,2.1844,1.1176,54.21,57.41,3,3,2.7178,3.4798,0,-3.2,0.762,5.4356,27.45659811,81.66659811,218.3334019,0,0,0.727778006,55.19169917,57.21,1.1176,2.1844,1.3462,1.3462,4.411636995,8.622745036,5.31401729,5.31401729,2.7178,10.72829906,81.66659811,125.1496439,66.14281767,8.622745036,5.31401729,43.48304583,1
B00112,B00112_R1,112,Green_2,Gate_4,3,3,2.54,0.762,54.21,2.286,2.54,57.41,3,3,-3.2,1.9812,0.2032,0.2032,1.9812,1.1176,2.6416,3.556,2,3,3,300,0,3,3,2.9845,2.7178,1.3843,1.3462,54.21,57.41,3,3,1.1176,2.6416,0,-3.2,1.524,4.6736,24.4486638,78.6586638,221.3413362,3.007934315,0,0.737804454,64.19034577,57.21,1.3462,1.3843,1.1176,2.3368,5.31401729,5.464414005,4.411636995,9.224331899,1.1176,4.411636995,78.6586638,130.5639257,62.83408992,5.464414005,9.224331899,51.90526191,0
B00113,B00113_R2,113,Gate_2,Yellow_1,1,2,0.2032,1.9812,70.35,2.286,2.54,48.9,4,2,21.45,0.2032,1.143,0.4572,0.2032,1.3462,3.4798,1.1938,1,3,3,300,1,1,2,0,0,1.1938,1.1938,48.9,70.35,2,4,3.4798,1.3462,-2,-21.45,-2.1336,4.6736,24.4486638,73.3486638,226.6513362,9.023802945,0,0.755504454,64.19034577,50.9,1.1938,1.1938,3.4798,3.4798,4.712430427,4.712430427,13.73623337,13.73623337,3.4798,13.73623337,73.3486638,106.8211305,38.18489717,4.712430427,13.73623337,33.47246674,1
B00113,B00113_R2,105,Gate_2,Orange_3,2,2,0.2032,1.9812,70.35,2.286,2.54,48.9,4,2,21.45,0.2032,1.143,2.286,2.54,1.3462,3.4798,3.4798,1,3,3,300,1,2,2,0,0,3.4798,3.4798,48.9,70.35,2,4,3.4798,1.3462,-2,-21.45,-2.1336,6.9596,33.47246674,82.37246674,217.6275333,0,0,0.725425111,43.10592563,50.9,3.4798,3.4798,1.1938,1.1938,13.73623337,13.73623337,4.712430427,4.712430427,3.4798,13.73623337,82.37246674,97.7973276,38.18489717,13.73623337,4.712430427,15.42486085,0
B00114,B00114_R2,113,Gate_2,Yellow_1,1,3,0.2032,1.9812,58.67,2.286,2.54,56.61,3,3,2.06,0.2032,1.143,0.4572,0.2032,1.3462,3.4798,1.1938,1,3,3,300,1,1,3,0.9017,0,1.1557,1.1176,56.61,58.67,3,3,3.4798,1.3462,0,-2.06,-2.1336,4.6736,24.4486638,81.0586638,218.9413362,9.023802945,0,0.729804454,64.19034577,59.61,1.1176,1.1557,0.9652,2.2225,4.411636995,4.562033711,3.810050132,8.773141752,3.4798,13.73623337,81.0586638,133.5655126,71.55709944,4.562033711,8.773141752,52.50684877,2
B00114,B00114_R2,114,Yellow_3,Gate_3,2,3,0.2032,1.9812,58.67,2.286,2.54,56.61,3,3,2.06,1.0668,0.2032,0.2032,1.6002,2.6416,3.556,2.2606,2,3,3,300,1,2,3,1.8034,1.8034,0.9652,0.9652,56.61,58.67,3,3,3.556,2.6416,0,-2.06,-0.9144,5.8166,28.96056527,85.57056527,214.4294347,4.511901472,0,0.714764782,51.57652237,59.61,0.9652,0.9652,1.1176,2.3368,3.810050132,3.810050132,4.411636995,9.224331899,3.556,14.0370268,85.57056527,133.866306,65.54123081,3.810050132,9.224331899,48.29574073,1
B00114,B00114_R2,105,Gate_2,Orange_3,3,3,0.2032,1.9812,58.67,2.286,2.54,56.61,3,3,2.06,0.2032,1.143,2.286,2.54,1.3462,3.4798,3.4798,1,3,3,300,1,3,3,0.9017,0,3.5179,3.4798,56.61,58.67,3,3,3.4798,1.3462,0,-2.06,-2.1336,6.9596,33.47246674,90.08246674,209.9175333,0,0,0.699725111,43.10592563,59.61,3.4798,3.5179,0.9652,1.0795,13.73623337,13.88663009,3.810050132,4.261240279,3.4798,13.73623337,90.08246674,133.5655126,81.18248924,13.88663009,4.261240279,43.48304583,0
B00115,B00115_R1,115,Purple_1,Gate_3,1,3,0.2032,1.9812,55.35,2.286,2.54,61.47,3,3,-6.13,0.4572,2.54,0.2032,1.6002,0.8128,2.3368,1.1938,2,3,3,300,0,1,3,2.7559,1.651,2.0701,0.9652,55.35,61.47,3,3,0.8128,2.3368,0,-6.12,1.524,2.0066,13.9208937,69.2708937,230.7291063,20.15315991,0,0.769097021,149.5066281,58.35,0.9652,2.0701,0.8128,2.3368,3.810050132,8.171554889,3.208463269,9.224331899,0.8128,3.208463269,69.2708937,125.3872636,72.45947973,8.171554889,9.224331899,56.11636995,2
B00115,B00115_R1,101,Gate_2,Green_6,2,3,0.2032,1.9812,55.35,2.286,2.54,61.47,3,3,-6.13,0.2032,1.143,2.54,0.762,1.3462,3.4798,2.7178,1,3,3,300,0,2,3,2.1844,1.651,2.4892,1.1176,55.35,61.47,3,3,1.3462,3.4798,0,-6.12,2.1336,4.064,22.04231635,77.39231635,222.6076837,12.03173726,0,0.742025612,73.81889764,58.35,1.1176,2.4892,0.9652,1.1557,4.411636995,9.825918762,3.810050132,4.562033711,1.3462,5.31401729,77.39231635,123.8832965,67.64678483,9.825918762,4.562033711,46.49098014,1
B00115,B00115_R1,112,Green_2,Gate_4,3,3,0.2032,1.9812,55.35,2.286,2.54,61.47,3,3,-6.13,1.9812,0.2032,0.2032,1.9812,3.556,2.6416,3.556,2,3,3,300,0,3,3,3.2893,2.7178,1.0795,0.8128,55.35,61.47,3,3,3.556,2.6416,0,-6.12,-0.9144,7.112,34.07405361,89.42405361,210.5759464,0,0,0.701919821,42.18222722,58.35,0.8128,1.0795,1.1176,2.1463,3.208463269,4.261240279,4.411636995,8.47234832,3.556,14.0370268,89.42405361,115.7618738,44.4856906,4.261240279,8.47234832,26.33782023,0
B00116,B00116_R2,116,Gate_2,Green_4,1,3,0.2032,1.9812,59.23,2.286,2.54,50.91,3,3,8.31,0.2032,1.143,1.6764,0.7112,1.3462,3.4798,2.413,1,3,3,300,1,1,3,0.9017,0,1.7653,1.1176,50.91,59.23,3,3,3.4798,1.3462,0,-8.32,-2.1336,5.8928,29.2613587,80.1713587,219.8286413,4.211108041,0,0.732762138,50.90958458,53.91,1.1176,1.7653,0.9652,2.2225,4.411636995,6.968381163,3.810050132,8.773141752,3.4798,13.73623337,80.1713587,132.6782075,76.36979434,6.968381163,8.773141752,52.50684877,2
B00116,B00116_R2,114,Yellow_3,Gate_3,2,3,0.2032,1.9812,59.23,2.286,2.54,50.91,3,3,8.31,1.0668,0.2032,0.2032,1.6002,2.6416,3.556,2.2606,2,3,3,300,1,2,3,1.8034,1.8034,0.9652,0.9652,50.91,59.23,3,3,3.556,2.6416,0,-8.32,-0.9144,5.8166,28.96056527,79.87056527,220.1294347,4.511901472,0,0.733764782,51.57652237,53.91,0.9652,0.9652,1.1176,2.3368,3.810050132,3.810050132,4.411636995,9.224331899,3.556,14.0370268,79.87056527,132.9790009,70.35392571,3.810050132,9.224331899,53.10843564,1
B00116,B00116_R2,105,Gate_2,Orange_3,3,3,0.2032,1.9812,59.23,2.286,2.54,50.91,3,3,8.31,0.2032,1.143,2.286,2.54,1.3462,3.4798,3.4798,1,3,3,300,1,3,3,0.9017,0,3.5179,3.4798,50.91,59.23,3,3,3.4798,1.3462,0,-8.32,-2.1336,6.9596,33.47246674,84.38246674,215.6175333,0,0,0.718725111,43.10592563,53.91,3.4798,3.5179,0.9652,1.6891,13.73623337,13.88663009,3.810050132,6.667587731,3.4798,13.73623337,84.38246674,132.6782075,85.99518415,13.88663009,6.667587731,48.29574073,0
B00117,B00117_R1,101,Gate_2,Green_6,1,3,0.2032,1.9812,52.94,2.286,2.54,63.44,3,3,-10.5,0.2032,1.143,2.54,0.762,1.3462,3.4798,2.7178,1,3,3,300,0,1,3,2.794,2.7178,1.8796,1.1176,52.94,63.44,3,3,1.3462,3.4798,0,-10.5,2.1336,4.064,22.04231635,74.98231635,225.0176837,12.03173726,0,0.750058946,73.81889764,55.94,1.1176,1.8796,0.9652,1.1557,4.411636995,7.41957131,3.810050132,4.562033711,1.3462,5.31401729,74.98231635,131.0986863,72.45947973,7.41957131,4.562033711,56.11636995,2
B00117,B00117_R1,112,Green_2,Gate_4,2,3,0.2032,1.9812,52.94,2.286,2.54,63.44,3,3,-10.5,1.9812,0.2032,0.2032,1.9812,3.556,2.6416,3.556,2,3,3,300,0,2,3,2.9845,2.7178,1.6891,1.3462,52.94,63.44,3,3,3.556,2.6416,0,-10.5,-0.9144,7.112,34.07405361,87.01405361,212.9859464,0,0,0.709953155,42.18222722,55.94,1.3462,1.6891,1.1176,2.1463,5.31401729,6.667587731,4.411636995,8.47234832,3.556,14.0370268,87.01405361,122.9772636,58.92377531,6.667587731,8.47234832,35.96321004,1
B00117,B00117_R1,117,Orange_1,Gate_3,3,3,0.2032,1.9812,52.94,2.286,2.54,63.44,3,3,-10.5,1.6764,2.54,0.2032,1.6002,2.032,1.1176,2.413,2,3,3,300,0,3,3,3.0607,2.8702,2.0701,0.9652,52.94,63.44,3,3,2.032,1.1176,0,-10.5,-0.9144,4.445,23.5462835,76.4862835,223.5137165,10.5277701,0,0.745045722,67.49156355,55.94,0.9652,2.0701,2.032,2.3368,3.810050132,8.171554889,8.021158173,9.224331899,2.032,8.021158173,76.4862835,132.6026535,72.45947973,8.171554889,9.224331899,56.11636995,0
B00118,B00118_R2,118,Green_3,Yellow_4,1,3,0.2032,1.6002,68.77,2.286,2.54,55.73,3,3,13.05,2.286,0.2032,0.762,0.7112,3.4798,2.3368,2.032,3,3,3,300,1,1,3,2.3749,1.7272,1.1557,0.8128,55.73,68.77,3,3,2.3368,3.4798,0,-13.04,1.143,4.3688,23.24549007,78.97549007,221.0245099,10.22697667,0,0.736748366,68.66874199,58.73,0.8128,1.1557,2.3368,2.9083,3.208463269,4.562033711,9.224331899,11.48028264,2.3368,9.224331899,78.97549007,141.4085221,71.55709944,4.562033711,11.48028264,62.43303201,2
B00118,B00118_R2,114,Yellow_3,Gate_3,2,3,0.2032,1.6002,68.77,2.286,2.54,55.73,3,3,13.05,1.0668,0.2032,0.2032,1.6002,2.2606,3.556,2.2606,2,3,3,300,1,2,3,1.7653,1.7272,2.2225,0.9652,55.73,68.77,3,3,3.556,2.2606,0,-13.04,-1.2954,5.8166,28.96056527,84.69056527,215.3094347,4.511901472,0,0.717698116,51.57652237,58.73,0.9652,2.2225,0.8128,2.1844,3.810050132,8.773141752,3.208463269,8.622745036,3.556,14.0370268,84.69056527,130.5799586,74.26424032,8.773141752,8.622745036,45.88939328,1
B00118,B00118_R2,105,Gate_2,Orange_3,3,3,0.2032,1.6002,68.77,2.286,2.54,55.73,3,3,13.05,0.2032,1.143,2.286,2.54,0.9652,3.4798,3.4798,1,3,3,300,1,3,3,2.413,1.8034,2.9464,2.3368,55.73,68.77,3,3,3.4798,0.9652,0,-13.04,-2.5146,6.9596,33.47246674,89.20246674,210.7975333,0,0,0.702658444,43.10592563,58.73,2.3368,2.9464,0.9652,1.2319,9.224331899,11.63067935,3.810050132,4.862827142,3.4798,13.73623337,89.20246674,131.4823388,75.46741404,11.63067935,4.862827142,42.2798721,0
B00119,B00119_R1,117,Orange_1,Gate_3,1,3,0.2032,1.6002,61.88,2.286,2.54,60.51,3,3,1.37,1.6764,2.54,0.2032,1.6002,2.413,1.1176,2.413,2,3,3,300,0,1,3,3.2512,3.2512,2.2606,1.3462,61.88,60.51,3,3,2.413,1.1176,0,1.37,-1.2954,4.826,25.05025066,86.93025066,213.0697493,7.519835787,0,0.710232498,62.16328222,64.88,1.3462,2.2606,2.032,2.6416,5.31401729,8.923538468,8.021158173,10.42750563,2.413,9.525125331,86.93025066,138.5347191,70.95551257,8.923538468,10.42750563,51.60446848,2
B00119,B00119_R1,119,Gate_1,Green_2,2,3,0.2032,1.6002,61.88,2.286,2.54,60.51,3,3,1.37,0.2032,0.762,1.9812,0.2032,1.3462,3.8608,2.3368,1,3,3,300,0,2,3,2.794,2.3368,1.6256,0,61.88,60.51,3,3,1.3462,3.8608,0,1.37,2.5146,3.683,20.53834919,82.41834919,217.5816508,12.03173726,0,0.725272169,81.45533532,64.88,0,1.6256,1.3462,1.5367,0,6.416926539,5.31401729,6.066000868,1.3462,5.31401729,82.41834919,140.0386863,70.45419019,6.416926539,6.066000868,57.62033711,1
B00119,B00119_R1,112,Green_2,Gate_4,3,3,0.2032,1.6002,61.88,2.286,2.54,60.51,3,3,1.37,1.9812,0.2032,0.2032,1.9812,3.175,2.6416,3.556,2,3,3,300,0,3,3,2.794,2.3368,1.8796,1.7272,61.88,60.51,3,3,3.175,2.6416,0,1.37,-0.5334,6.731,32.57008645,94.45008645,205.5499136,0,0,0.685166379,44.56990046,64.88,1.7272,1.8796,0,1.5875,6.817984447,7.41957131,0,6.266529823,3.175,12.53305965,94.45008645,127.5056267,60.42774247,7.41957131,6.266529823,33.0555402,0
B00120,B00120_R2,114,Yellow_3,Gate_3,1,3,0.2032,1.9812,66.77,2.286,2.54,53.1,3,3,13.67,1.0668,0.2032,0.2032,1.6002,2.6416,3.556,2.2606,2,3,3,300,1,1,3,1.4605,1.1176,1.9177,0.9652,53.1,66.77,3,3,3.556,2.6416,0,-13.67,-0.9144,5.8166,28.96056527,82.06056527,217.9394347,4.511901472,0,0.726464782,51.57652237,56.1,0.9652,1.9177,3.2512,3.4036,3.810050132,7.569968026,12.83385308,13.43543994,3.556,14.0370268,82.06056527,144.7943907,79.07693522,7.569968026,13.43543994,62.73382545,2
B00120,B00120_R2,105,Gate_2,Orange_3,2,3,0.2032,1.9812,66.77,2.286,2.54,53.1,3,3,13.67,0.2032,1.143,2.286,2.54,1.3462,3.4798,3.4798,1,3,3,300,1,2,3,2.1082,1.8034,3.2512,2.9464,53.1,66.77,3,3,3.4798,1.3462,0,-13.67,-2.1336,6.9596,33.47246674,86.57246674,213.4275333,0,0,0.711425111,43.10592563,56.1,2.9464,3.2512,0.9652,1.4605,11.63067935,12.83385308,3.810050132,5.765207437,3.4798,13.73623337,86.57246674,136.0713812,85.09280385,12.83385308,5.765207437,49.49891446,1
B00120,B00120_R2,120,Green_1,Purple_2,3,3,0.2032,1.9812,66.77,2.286,2.54,53.1,3,3,13.67,1.6764,0.2032,0.762,2.54,3.2512,2.9464,3.2512,3,3,3,300,1,3,3,1.7653,1.1176,2.6035,1.9558,53.1,66.77,3,3,2.9464,3.2512,0,-13.67,0.3048,6.1976,30.46453243,83.56453243,216.4354676,3.007934315,0,0.721451559,48.40583452,56.1,1.9558,2.6035,2.8702,2.9083,7.720364742,10.27710891,11.32988592,11.48028264,2.9464,11.63067935,83.56453243,145.696771,82.98724983,10.27710891,11.48028264,62.13223858,0
B00121,B00121_R1,121,Yellow_2,Gate_3,1,3,0.2032,1.9812,53.66,0.762,2.54,72.78,3,3,-19.12,0.762,0.2032,0.2032,1.6002,2.3368,2.9464,1.9558,2,3,3,300,0,1,3,1.4224,1.1176,2.2606,1.3462,53.66,72.78,3,3,2.3368,2.9464,0,-19.12,0.6096,4.2926,22.94469664,76.60469664,223.3953034,11.12935697,0,0.744651011,69.88771374,56.66,1.3462,2.2606,1.7272,2.032,5.31401729,8.923538468,6.817984447,8.021158173,2.3368,9.224331899,76.60469664,130.3147191,73.96344689,8.923538468,8.021158173,53.7100225,2
B00121,B00121_R1,119,Gate_1,Green_2,2,3,0.2032,1.9812,53.66,0.762,2.54,72.78,3,3,-19.12,0.2032,0.762,1.9812,0.2032,1.7272,2.3368,2.3368,1,3,3,300,0,2,3,1.7272,1.1176,0.8636,0,53.66,72.78,3,3,1.7272,2.3368,0,-19.12,0.6096,4.064,22.04231635,75.70231635,224.2976837,12.03173726,0,0.747658946,73.81889764,56.66,0,0.8636,1.3462,1.5367,0,3.408992224,5.31401729,6.066000868,1.7272,6.817984447,75.70231635,131.2170994,63.83673469,3.408992224,6.066000868,55.51478309,1
B00121,B00121_R1,112,Green_2,Gate_4,3,3,0.2032,1.9812,53.66,0.762,2.54,72.78,3,3,-19.12,1.9812,0.2032,0.2032,1.9812,3.556,3.556,3.556,2,3,3,300,0,3,3,2.032,1.7272,2.032,1.7272,53.66,72.78,3,3,3.556,3.556,0,-19.12,0,7.112,34.07405361,87.73405361,212.2659464,0,0,0.707553155,42.18222722,56.66,1.7272,2.032,0,1.5875,6.817984447,8.021158173,0,6.266529823,3.556,14.0370268,87.73405361,118.6840398,61.02932933,8.021158173,6.266529823,30.94998618,0
B00122,B00122_R1,122,Yellow_3,Gate_4,1,3,0.2032,1.9812,62.66,0.762,2.54,66.49,3,3,-3.84,1.0668,0.2032,0.2032,1.9812,2.6416,3.2512,2.6416,2,3,3,300,0,1,3,1.4224,1.4224,2.6416,1.7272,62.66,66.49,3,3,2.6416,3.2512,0,-3.83,0.6096,5.2832,26.85501125,89.51501125,210.4849887,7.219042356,0,0.701616629,56.78376741,65.66,1.7272,2.6416,1.4224,2.032,6.817984447,10.42750563,5.614810721,8.021158173,2.6416,10.42750563,89.51501125,140.8186863,76.9713812,10.42750563,8.021158173,51.30367505,2
B00122,B00122_R1,119,Gate_1,Green_2,2,3,0.2032,1.9812,62.66,0.762,2.54,66.49,3,3,-3.84,0.2032,0.762,1.9812,0.2032,1.7272,2.3368,2.3368,1,3,3,300,0,2,3,1.8796,1.4224,0.7112,0,62.66,66.49,3,3,1.7272,2.3368,0,-3.83,0.6096,4.064,22.04231635,84.70231635,215.2976837,12.03173726,0,0.717658946,73.81889764,65.66,0,0.7112,1.7272,1.7272,0,2.807405361,6.817984447,6.817984447,1.7272,6.817984447,84.70231635,145.6313812,66.54387558,2.807405361,6.817984447,60.92906486,1
B00122,B00122_R1,112,Green_2,Gate_4,3,3,0.2032,1.9812,62.66,0.762,2.54,66.49,3,3,-3.84,1.9812,0.2032,0.2032,1.9812,3.556,3.556,3.556,2,3,3,300,0,3,3,1.8796,1.4224,2.1844,1.7272,62.66,66.49,3,3,3.556,3.556,0,-3.83,0,7.112,34.07405361,96.73405361,203.2659464,0,0,0.677553155,42.18222722,65.66,1.7272,2.1844,0,1.778,6.817984447,8.622745036,0,7.018513401,3.556,14.0370268,96.73405361,131.5943544,66.14281767,8.622745036,7.018513401,34.86030079,0
B00123,B00123_R2,123,Green_6,Gate_4,1,2,0.2032,1.9812,78.95,0.762,2.54,54.81,4,2,24.14,2.54,0.762,0.2032,1.9812,3.556,3.556,3.556,2,3,3,300,1,1,2,1.4224,1.4224,3.2512,3.2512,54.81,78.95,2,4,3.556,3.556,-2,-24.14,0,7.112,34.07405361,88.88405361,211.1159464,0,0,0.703719821,42.18222722,56.81,3.2512,3.2512,3.556,3.556,12.83385308,12.83385308,14.0370268,14.0370268,3.556,14.0370268,88.88405361,120.5517598,44.50155923,12.83385308,14.0370268,31.66770615,1
B00123,B00123_R2,120,Green_1,Purple_2,2,2,0.2032,1.9812,78.95,0.762,2.54,54.81,4,2,24.14,1.6764,0.2032,0.762,2.54,3.2512,3.2512,3.2512,3,3,3,300,1,2,2,1.4224,1.4224,3.556,3.556,54.81,78.95,2,4,3.2512,3.2512,-2,-24.14,0,6.5024,31.66770615,86.47770615,213.5222938,2.406347452,0,0.711740979,46.13681102,56.81,3.556,3.556,3.2512,3.2512,14.0370268,14.0370268,12.83385308,12.83385308,3.2512,12.83385308,86.47770615,120.5517598,48.11108041,14.0370268,12.83385308,34.07405361,0
B00124,B00124_R1,119,Gate_1,Green_2,1,3,0.2032,1.9812,68.39,0.762,2.54,77.18,3,3,-8.79,0.2032,0.762,1.9812,0.2032,1.7272,2.3368,2.3368,1,3,3,300,0,1,3,1.1684,0,1.1684,0,68.39,77.18,3,3,1.7272,2.3368,0,-8.79,0.6096,4.064,22.04231635,90.43231635,209.5676837,12.03173726,0,0.698558946,73.81889764,71.39,0,1.1684,1.7272,2.2225,0,4.61216595,6.817984447,8.773141752,1.7272,6.817984447,90.43231635,148.0526535,66.84466901,4.61216595,8.773141752,57.62033711,2
B00124,B00124_R1,112,Green_2,Gate_4,2,3,0.2032,1.9812,68.39,0.762,2.54,77.18,3,3,-8.79,1.9812,0.2032,0.2032,1.9812,3.556,3.556,3.556,2,3,3,300,0,2,3,2.3368,2.3368,1.7272,1.7272,68.39,77.18,3,3,3.556,3.556,0,-8.79,0,7.112,34.07405361,102.4640536,197.5359464,0,0,0.658453155,42.18222722,71.39,1.7272,1.7272,0,0.7493,6.817984447,6.817984447,0,2.957802076,3.556,14.0370268,102.4640536,134.0156267,59.22456874,6.817984447,2.957802076,31.55157305,1
B00124,B00124_R1,124,Gate_1,Green_7,3,3,0.2032,1.9812,68.39,0.762,2.54,77.18,3,3,-8.79,0.2032,0.762,2.54,1.143,1.7272,2.3368,2.7178,1,3,3,300,0,3,3,1.1684,0,2.1082,1.4986,68.39,77.18,3,3,1.7272,2.3368,0,-8.79,0.6096,4.445,23.5462835,91.9362835,208.0637165,10.5277701,0,0.693545722,67.49156355,71.39,1.4986,2.1082,1.7272,2.032,5.915604153,8.321951605,6.817984447,8.021158173,1.7272,6.817984447,91.9362835,148.0526535,72.76027316,8.321951605,8.021158173,56.11636995,0
B00125,B00125_R2,125,Green_7,Purple_5,1,2,2.54,1.143,80.25,0.762,2.54,60.69,4,2,19.57,2.54,1.143,1.0668,2.032,0,3.175,2.8702,3,3,3,300,1,1,2,1.8034,1.8034,2.9464,2.9464,60.69,80.25,2,4,3.175,0,-2,-19.56,-3.175,6.0452,29.86294557,90.55294557,209.4470544,1.804760589,0,0.698156848,49.62614967,62.69,2.9464,2.9464,3.175,3.175,11.63067935,11.63067935,12.53305965,12.53305965,3.175,12.53305965,90.55294557,122.2206517,43.29838551,11.63067935,12.53305965,31.66770615,1
B00125,B00125_R2,120,Green_1,Purple_2,2,2,2.54,1.143,80.25,0.762,2.54,60.69,4,2,19.57,1.6764,0.2032,0.762,2.54,1.8034,3.2512,3.2512,3,3,3,300,1,2,2,1.8034,1.8034,3.175,3.175,60.69,80.25,2,4,3.2512,1.8034,-2,-19.56,-1.4478,6.5024,31.66770615,92.35770615,207.6422938,0,0,0.692140979,46.13681102,62.69,3.175,3.175,2.9464,2.9464,12.53305965,12.53305965,11.63067935,11.63067935,3.2512,12.83385308,92.35770615,121.017478,42.39600521,12.53305965,11.63067935,28.65977184,0
B00126,B00126_R1,112,Green_2,Gate_4,1,3,2.54,1.143,67.15,0.762,2.54,78.48,3,3,-11.34,1.9812,0.2032,0.2032,1.9812,1.4986,3.556,3.556,2,3,3,300,0,1,3,2.3368,2.3368,1.7272,1.7272,67.15,78.48,3,3,1.4986,3.556,0,-11.33,2.0574,5.0546,25.95263096,93.10263096,206.897369,1.503967157,0,0.689657897,59.3518775,70.15,1.7272,1.7272,0.8128,1.1557,6.817984447,6.817984447,3.208463269,4.562033711,1.4986,5.915604153,93.10263096,142.6015454,65.84202424,6.817984447,4.562033711,49.49891446,2
B00126,B00126_R1,126,Gate_1,Green_4,2,3,2.54,1.143,67.15,0.762,2.54,78.48,3,3,-11.34,0.2032,0.762,1.6764,0.7112,2.7178,2.3368,2.032,1,3,3,300,0,2,3,1.1684,0,1.4224,0.8128,67.15,78.48,3,3,2.7178,2.3368,0,-11.33,-0.381,4.7498,24.74945723,91.89945723,208.1005428,2.707140883,0,0.693668476,63.16055413,70.15,0.8128,1.4224,1.7272,2.2225,3.208463269,5.614810721,6.817984447,8.773141752,2.7178,10.72829906,91.89945723,141.3983717,64.63885051,5.614810721,8.773141752,49.49891446,1
B00126,B00126_R1,124,Gate_1,Green_7,3,3,2.54,1.143,67.15,0.762,2.54,78.48,3,3,-11.34,0.2032,0.762,2.54,1.143,2.7178,2.3368,2.7178,1,3,3,300,0,3,3,1.1684,0,2.1082,1.4986,67.15,78.48,3,3,2.7178,2.3368,0,-11.33,-0.381,5.4356,27.45659811,94.60659811,205.3934019,0,0,0.684644673,55.19169917,70.15,1.4986,2.1082,1.7272,1.8796,5.915604153,8.321951605,6.817984447,7.41957131,2.7178,10.72829906,94.60659811,141.3983717,67.34599139,8.321951605,7.41957131,46.79177358,0
B00127,B00127_R2,127,Yellow_3,Yellow_4,1,2,2.54,1.143,79.45,0.762,2.54,61.69,4,2,17.76,1.0668,0.2032,0.762,0.7112,2.413,3.2512,0.8128,3,3,3,300,1,1,2,1.1176,1.1176,1.4224,1.4224,61.69,79.45,2,4,3.2512,2.413,-2,-17.76,-0.8382,4.064,22.04231635,83.73231635,216.2676837,9.625389808,0,0.720892279,73.81889764,63.69,1.4224,1.4224,3.2512,3.2512,5.614810721,5.614810721,12.83385308,12.83385308,3.2512,12.83385308,83.73231635,115.4000225,37.28251688,5.614810721,12.83385308,31.66770615,1
B00127,B00127_R2,120,Green_1,Purple_2,2,2,2.54,1.143,79.45,0.762,2.54,61.69,4,2,17.76,1.6764,0.2032,0.762,2.54,1.8034,3.2512,3.2512,3,3,3,300,1,2,2,1.1176,1.1176,3.2512,3.2512,61.69,79.45,2,4,3.2512,1.8034,-2,-17.76,-1.4478,6.5024,31.66770615,93.35770615,206.6422938,0,0,0.688807646,46.13681102,63.69,3.2512,3.2512,1.4224,1.4224,12.83385308,12.83385308,5.614810721,5.614810721,3.2512,12.83385308,93.35770615,108.1809801,34.87616942,12.83385308,5.614810721,14.82327399,0
B00128,B00128_R2,127,Yellow_3,Yellow_4,1,3,2.54,1.143,67.55,0.762,2.54,61.14,3,3,6.41,1.0668,0.2032,0.762,0.7112,2.413,3.2512,0.8128,3,3,3,300,1,1,3,2.1844,1.1176,2.4892,1.4224,61.14,67.55,3,3,3.2512,2.413,0,-6.41,-0.8382,4.064,22.04231635,83.18231635,216.8176837,9.625389808,0,0.722725612,73.81889764,64.14,1.4224,2.4892,3.2512,3.4036,5.614810721,9.825918762,12.83385308,13.43543994,3.2512,12.83385308,83.18231635,130.8764702,67.34599139,9.825918762,13.43543994,47.69415387,2
B00128,B00128_R2,120,Green_1,Purple_2,2,3,2.54,1.143,67.55,0.762,2.54,61.14,3,3,6.41,1.6764,0.2032,0.762,2.54,1.8034,3.2512,3.2512,3,3,3,300,1,2,3,2.1844,1.1176,2.4892,1.7272,61.14,67.55,3,3,3.2512,1.8034,0,-6.41,-1.4478,6.5024,31.66770615,92.80770615,207.1922938,0,0,0.690640979,46.13681102,64.14,1.7272,2.4892,1.4224,2.1844,6.817984447,9.825918762,5.614810721,8.622745036,3.2512,12.83385308,92.80770615,123.6574279,57.72060159,9.825918762,8.622745036,30.84972171,1
B00128,B00128_R2,128,Orange_2,Orange_3,3,3,2.54,1.143,67.55,0.762,2.54,61.14,3,3,6.41,1.9812,2.54,2.286,2.54,1.9558,1.7272,0.8128,3,3,3,300,1,3,3,3.2512,3.2512,3.2512,2.9464,61.14,67.55,3,3,1.7272,1.9558,0,-6.41,0.2286,2.54,16.02644772,77.16644772,222.8335523,15.64125844,0,0.742778508,118.1102362,64.14,2.9464,3.2512,1.7272,2.6416,11.63067935,12.83385308,6.817984447,10.42750563,1.7272,6.817984447,77.16644772,130.8764702,79.37772865,12.83385308,10.42750563,53.7100225,0
B00129,B00129_R1,126,Gate_1,Green_4,1,3,2.54,1.143,64.23,2.286,2.54,62.99,3,3,1.23,0.2032,0.762,1.6764,0.7112,2.7178,3.8608,2.032,1,3,3,300,0,1,3,0.7112,0,1.5748,1.1176,64.23,62.99,3,3,2.7178,3.8608,0,1.24,1.143,4.7498,24.74945723,88.97945723,211.0205428,2.707140883,0,0.703401809,63.16055413,67.23,1.1176,1.5748,1.7272,2.2225,4.411636995,6.216397584,6.817984447,8.773141752,2.7178,10.72829906,88.97945723,138.4783717,65.84202424,6.216397584,8.773141752,49.49891446,2
B00129,B00129_R1,129,Yellow_3,Gate_4,2,3,2.54,1.143,64.23,2.286,2.54,62.99,3,3,1.23,1.0668,0.2032,0.2032,1.9812,2.413,3.556,2.6416,2,3,3,300,0,2,3,1.4224,1.4224,1.7272,1.7272,64.23,62.99,3,3,2.413,3.556,0,1.24,1.143,5.0546,25.95263096,90.18263096,209.817369,1.503967157,0,0.69939123,59.3518775,67.23,1.7272,1.7272,1.1176,1.7653,6.817984447,6.817984447,4.411636995,6.968381163,2.413,9.525125331,90.18263096,137.275198,65.84202424,6.817984447,6.968381163,47.09256701,1
B00129,B00129_R1,124,Gate_1,Green_7,3,3,2.54,1.143,64.23,2.286,2.54,62.99,3,3,1.23,0.2032,0.762,2.54,1.143,2.7178,3.8608,2.7178,1,3,3,300,0,3,3,0.7112,0,2.5654,2.413,64.23,62.99,3,3,2.7178,3.8608,0,1.24,1.143,5.4356,27.45659811,91.68659811,208.3134019,0,0,0.694378006,55.19169917,67.23,2.413,2.5654,1.7272,1.8796,9.525125331,10.12671219,6.817984447,7.41957131,2.7178,10.72829906,91.68659811,138.4783717,70.95551257,10.12671219,7.41957131,46.79177358,0
B00130,B00130_R2,120,Green_1,Purple_2,1,3,2.54,1.143,67.14,2.286,2.54,48.6,3,3,18.54,1.6764,0.2032,0.762,2.54,1.8034,2.9464,3.2512,3,3,3,300,1,1,3,2.5273,1.8034,2.4511,1.7272,48.6,67.14,3,3,2.9464,1.8034,0,-18.54,-1.143,6.1976,30.46453243,79.06453243,220.9354676,0,0,0.736451559,48.40583452,51.6,1.7272,2.4511,2.8702,2.9083,6.817984447,9.675522046,11.32988592,11.48028264,2.9464,11.63067935,79.06453243,114.726949,55.31425413,9.675522046,11.48028264,35.66241661,2
B00130,B00130_R2,128,Orange_2,Orange_3,2,3,2.54,1.143,67.14,2.286,2.54,48.6,3,3,18.54,1.9812,2.54,2.286,2.54,1.9558,0.8128,0.8128,3,3,3,300,1,2,3,2.6035,1.9558,2.2987,1.651,48.6,67.14,3,3,0.8128,1.9558,0,-18.54,1.143,1.6256,12.41692654,61.01692654,238.9830735,18.04760589,0,0.796610245,184.5472441,51.6,1.651,2.2987,1.7272,2.2225,6.517191016,9.073935183,6.817984447,8.773141752,0.8128,3.208463269,61.01692654,118.6372636,72.1586863,9.073935183,8.773141752,57.62033711,1
B00130,B00130_R2,130,Green_7,Gate_3,3,3,2.54,1.143,67.14,2.286,2.54,48.6,3,3,18.54,2.54,1.143,0.2032,1.6002,0,1.651,2.794,2,3,3,300,1,3,3,1.8796,1.8034,2.794,2.7178,48.6,67.14,3,3,1.651,0,0,-18.54,-1.651,4.445,23.5462835,72.1462835,227.8537165,6.918248924,0,0.759512388,67.49156355,51.6,2.7178,2.794,1.651,2.413,10.72829906,11.02909249,6.517191016,9.525125331,1.651,6.517191016,72.1462835,115.0277425,64.93964394,11.02909249,9.525125331,42.88145897,0
B00131,B00131_R1,129,Yellow_3,Gate_4,1,3,2.54,1.143,57.41,0.2032,1.6002,65.86,3,3,-8.45,1.0668,0.2032,0.2032,1.9812,2.413,2.2606,2.6416,2,3,3,300,0,1,3,1.6129,1.4224,1.5367,1.3462,57.41,65.86,3,3,2.413,2.2606,0,-8.45,-0.1524,5.0546,25.95263096,83.36263096,216.637369,1.503967157,0,0.722124563,59.3518775,60.41,1.3462,1.5367,2.413,2.6416,5.31401729,6.066000868,9.525125331,10.42750563,2.413,9.525125331,83.36263096,137.0726535,65.84202424,6.066000868,10.42750563,53.7100225,2
B00131,B00131_R1,124,Gate_1,Green_7,2,3,2.54,1.143,57.41,0.2032,1.6002,65.86,3,3,-8.45,0.2032,0.762,2.54,1.143,2.7178,1.3462,2.7178,1,3,3,300,0,2,3,1.1557,0.889,2.3749,2.3368,57.41,65.86,3,3,2.7178,1.3462,0,-8.45,-1.3716,5.4356,27.45659811,84.86659811,215.1334019,0,0,0.71711134,55.19169917,60.41,2.3368,2.3749,1.7272,2.4511,9.224331899,9.374728615,6.817984447,9.675522046,2.7178,10.72829906,84.86659811,133.1623388,70.95551257,9.374728615,9.675522046,48.29574073,1
B00131,B00131_R1,131,Gate_2,Orange_7,3,3,2.54,1.143,57.41,0.2032,1.6002,65.86,3,3,-8.45,0.2032,1.143,2.54,1.6002,2.3368,0.9652,2.794,1,3,3,300,0,3,3,1.3462,0.889,3.0226,2.8702,57.41,65.86,3,3,2.3368,0.9652,0,-8.45,-1.3716,5.1308,26.25342439,83.66342439,216.3365756,1.203173726,0,0.721121919,58.47041397,60.41,2.8702,3.0226,1.3462,1.8415,11.32988592,11.93147278,5.31401729,7.269174594,2.3368,9.224331899,83.66342439,133.1623388,77.27217463,11.93147278,7.269174594,49.49891446,0
B00132,B00132_R2,128,Orange_2,Orange_3,1,3,2.54,1.6002,72.88,0.2032,1.6002,57.33,3,3,15.55,1.9812,2.54,2.286,2.54,1.4986,2.7178,0.8128,3,3,3,300,1,1,3,2.4511,1.9558,2.1463,1.651,57.33,72.88,3,3,2.7178,1.4986,0,-15.55,-1.2192,3.5306,19.93676233,77.26676233,222.7332377,12.63332412,0,0.742444126,84.97139296,60.33,1.651,2.1463,2.3368,2.5273,6.517191016,8.47234832,9.224331899,9.976315478,2.7178,10.72829906,77.26676233,136.3910666,77.57296807,8.47234832,9.976315478,59.12430427,2
B00132,B00132_R2,130,Green_7,Gate_3,2,3,2.54,1.6002,72.88,0.2032,1.6002,57.33,3,3,15.55,2.54,1.143,0.2032,1.6002,0.9652,2.794,2.794,2,3,3,300,1,2,3,1.7272,1.4986,2.9464,2.7178,57.33,72.88,3,3,2.794,0.9652,0,-15.55,-1.8288,5.588,28.05818498,85.38818498,214.611815,4.511901472,0,0.715372717,53.68647101,60.33,2.7178,2.9464,1.651,2.413,10.72829906,11.63067935,6.517191016,9.525125331,2.794,11.02909249,85.38818498,133.3831323,75.76820748,11.63067935,9.525125331,47.9949473,1
B00132,B00132_R2,132,Green_2,Gate_4,3,3,2.54,1.6002,72.88,0.2032,1.6002,57.33,3,3,15.55,1.9812,0.2032,0.2032,1.9812,1.9558,3.175,3.556,2,3,3,300,1,3,3,2.2225,1.4986,2.7559,2.3368,57.33,72.88,3,3,3.175,1.9558,0,-15.55,-1.2192,6.731,32.57008645,89.90008645,210.0999136,0,0,0.700333045,44.56990046,60.33,2.3368,2.7559,2.6416,2.9083,9.224331899,10.87869577,10.42750563,11.48028264,3.175,12.53305965,89.90008645,135.7894797,69.75233885,10.87869577,11.48028264,45.88939328,0
B00133,B00133_R1,124,Gate_1,Green_7,1,3,2.54,1.6002,65.47,0.2032,1.9812,74.38,3,3,-8.92,0.2032,0.762,2.54,1.143,3.175,1.7272,2.7178,1,3,3,300,0,1,3,1.0033,0.889,2.5273,2.3368,65.47,74.38,3,3,3.175,1.7272,0,-8.91,-1.4478,5.8928,29.2613587,94.7313587,205.2686413,0,0,0.684228804,50.90958458,68.47,2.3368,2.5273,1.3462,2.2606,9.224331899,9.976315478,5.31401729,8.923538468,3.175,12.53305965,94.7313587,141.8239257,74.26424032,9.976315478,8.923538468,47.09256701,2
B00133,B00133_R1,133,Yellow_4,Gate_3,2,3,2.54,1.6002,65.47,0.2032,1.9812,74.38,3,3,-8.92,0.762,0.7112,0.2032,1.6002,3.175,2.3368,1.9558,2,3,3,300,0,2,3,1.3081,1.1176,1.1557,0.9652,65.47,74.38,3,3,3.175,2.3368,0,-8.91,-0.8382,5.1308,26.25342439,91.72342439,208.2765756,3.007934315,0,0.694255252,58.47041397,68.47,0.9652,1.1557,2.7178,2.9464,3.810050132,4.562033711,10.72829906,11.63067935,3.175,12.53305965,91.72342439,147.2382075,66.4436111,4.562033711,11.63067935,55.51478309,1
B00133,B00133_R1,131,Gate_2,Orange_7,3,3,2.54,1.6002,65.47,0.2032,1.9812,74.38,3,3,-8.92,0.2032,1.143,2.54,1.6002,2.794,1.3462,2.794,1,3,3,300,0,3,3,1.1938,0.889,3.175,3.175,65.47,74.38,3,3,2.794,1.3462,0,-8.91,-1.4478,5.588,28.05818498,93.52818498,206.471815,1.203173726,0,0.688239383,53.68647101,68.47,3.175,3.175,0.9652,1.651,12.53305965,12.53305965,3.810050132,6.517191016,2.794,11.02909249,93.52818498,141.8239257,80.58090238,12.53305965,6.517191016,48.29574073,0
B00134,B00134_R2,130,Green_7,Gate_3,1,3,2.54,1.6002,71.39,0.2032,1.9812,64.72,3,3,6.67,2.54,1.143,0.2032,1.6002,0.9652,3.175,2.794,2,3,3,300,1,1,3,2.3368,1.4986,2.3368,1.4986,64.72,71.39,3,3,3.175,0.9652,0,-6.67,-2.2098,5.969,29.56215213,94.28215213,205.7178479,4.511901472,0,0.68572616,50.25967499,67.72,1.4986,2.3368,1.1938,2.1844,5.915604153,9.224331899,4.712430427,8.622745036,3.175,12.53305965,94.28215213,146.187414,78.17455493,9.224331899,8.622745036,51.90526191,2
B00134,B00134_R2,134,Purple_2,Green_3,2,3,2.54,1.6002,71.39,0.2032,1.9812,64.72,3,3,6.67,0.762,2.54,2.286,0.2032,2.7178,1.1176,3.8608,3,3,3,300,1,2,3,3.3655,3.175,1.0033,0.8128,64.72,71.39,3,3,1.1176,2.7178,0,-6.67,1.6002,4.9784,25.65183752,90.37183752,209.6281625,8.422216082,0,0.698760542,60.2603246,67.72,0.8128,1.0033,1.1176,1.3081,3.208463269,3.960446848,4.411636995,5.163620574,1.1176,4.411636995,90.37183752,154.0080433,71.55709944,3.960446848,5.163620574,63.63620574,1
B00134,B00134_R2,132,Green_2,Gate_4,3,3,2.54,1.6002,71.39,0.2032,1.9812,64.72,3,3,6.67,1.9812,0.2032,0.2032,1.9812,1.9558,3.556,3.556,2,3,3,300,1,3,3,2.5273,1.4986,2.1463,1.1176,64.72,71.39,3,3,3.556,1.9558,0,-6.67,-1.6002,7.112,34.07405361,98.79405361,201.2059464,0,0,0.670686488,42.18222722,67.72,1.1176,2.1463,0.8128,1.9939,4.411636995,8.47234832,3.208463269,7.870761457,3.556,14.0370268,98.79405361,143.1794797,72.1586863,8.47234832,7.870761457,44.38542612,0
B00135,B00135_R1,135,Gate_1,Green_6,1,3,2.54,1.6002,61.66,0.2032,1.9812,76.27,3,3,-14.61,0.2032,0.762,2.54,0.762,3.175,1.7272,2.9464,1,3,3,300,0,1,3,1.0033,0.889,2.5273,2.3368,61.66,76.27,3,3,3.175,1.7272,0,-14.61,-1.4478,6.1214,30.163739,91.823739,208.176261,0,0,0.69392087,49.00839677,64.66,2.3368,2.5273,1.3462,2.2606,9.224331899,9.976315478,5.31401729,8.923538468,3.175,12.53305965,91.823739,138.916306,74.26424032,9.976315478,8.923538468,47.09256701,2
B00135,B00135_R1,133,Yellow_4,Gate_3,2,3,2.54,1.6002,61.66,0.2032,1.9812,76.27,3,3,-14.61,0.762,0.7112,0.2032,1.6002,3.175,2.3368,1.9558,2,3,3,300,0,2,3,1.3081,1.1176,1.1557,0.9652,61.66,76.27,3,3,3.175,2.3368,0,-14.61,-0.8382,5.1308,26.25342439,87.91342439,212.0865756,3.910314609,0,0.706955252,58.47041397,64.66,0.9652,1.1557,2.3368,2.7559,3.810050132,4.562033711,9.224331899,10.87869577,3.175,12.53305965,87.91342439,142.8266206,67.34599139,4.562033711,10.87869577,54.91319623,1
B00135,B00135_R1,131,Gate_2,Orange_7,3,3,2.54,1.6002,61.66,0.2032,1.9812,76.27,3,3,-14.61,0.2032,1.143,2.54,1.6002,2.794,1.3462,2.794,1,3,3,300,0,3,3,1.1938,0.889,3.175,3.175,61.66,76.27,3,3,2.794,1.3462,0,-14.61,-1.4478,5.588,28.05818498,89.71818498,210.281815,2.10555402,0,0.700939383,53.68647101,64.66,3.175,3.175,0.9652,1.8415,12.53305965,12.53305965,3.810050132,7.269174594,2.794,11.02909249,89.71818498,138.916306,81.48328267,12.53305965,7.269174594,49.19812103,0
B00136,B00136_R2,136,Orange_4,Green_3,1,3,2.54,1.6002,74.86,0.2032,1.9812,66.83,3,3,8.03,1.6764,2.032,2.286,0.2032,1.8034,2.032,2.9464,3,3,3,300,1,1,3,2.3368,1.4224,2.3368,0.8128,66.83,74.86,3,3,2.032,1.8034,0,-8.03,-0.2286,4.9784,25.65183752,92.48183752,207.5181625,8.422216082,0,0.691727208,60.2603246,69.83,0.8128,2.3368,2.032,2.4892,3.208463269,9.224331899,8.021158173,9.825918762,2.032,8.021158173,92.48183752,152.2077287,78.17455493,9.224331899,9.825918762,59.72589113,2
B00136,B00136_R2,132,Green_2,Gate_4,2,3,2.54,1.6002,74.86,0.2032,1.9812,66.83,3,3,8.03,1.9812,0.2032,0.2032,1.9812,1.9558,3.556,3.556,2,3,3,300,1,2,3,3.4036,3.2512,1.5748,1.1176,66.83,74.86,3,3,3.556,1.9558,0,-8.03,-1.6002,7.112,34.07405361,100.9040536,199.0959464,0,0,0.663653155,42.18222722,69.83,1.1176,1.5748,0.8128,0.8128,4.411636995,6.216397584,3.208463269,3.208463269,3.556,14.0370268,100.9040536,141.3791651,63.73647022,6.216397584,3.208463269,40.47511151,1
B00136,B00136_R2,134,Purple_2,Green_3,3,3,2.54,1.6002,74.86,0.2032,1.9812,66.83,3,3,8.03,0.762,2.54,2.286,0.2032,2.7178,1.1176,3.8608,3,3,3,300,1,3,3,2.4892,1.4224,1.8796,0.8128,66.83,74.86,3,3,1.1176,2.7178,0,-8.03,1.6002,4.9784,25.65183752,92.48183752,207.5181625,8.422216082,0,0.691727208,60.2603246,69.83,0.8128,1.8796,1.1176,2.4892,3.208463269,7.41957131,4.411636995,9.825918762,1.1176,4.411636995,92.48183752,152.2077287,74.56503375,7.41957131,9.825918762,59.72589113,0
B00137,B00137_R1,133,Yellow_4,Gate_3,1,3,2.54,1.6002,61.21,2.286,0.2032,78.53,3,3,-17.32,0.762,0.7112,0.2032,1.6002,3.175,2.032,1.9558,2,3,3,300,0,1,3,1.3081,1.1176,1.1557,0.9652,61.21,78.53,3,3,3.175,2.032,0,-17.32,-1.143,5.1308,26.25342439,87.46342439,212.5365756,1.804760589,0,0.708455252,58.47041397,64.21,0.9652,1.1557,2.6416,2.9083,3.810050132,4.562033711,10.42750563,11.48028264,3.175,12.53305965,87.46342439,139.9702732,63.73647022,4.562033711,11.48028264,52.50684877,2
B00137,B00137_R1,137,Gate_1,Purple_1,2,3,2.54,1.6002,61.21,2.286,0.2032,78.53,3,3,-17.32,0.2032,0.762,0.4572,2.54,3.175,2.6416,2.032,1,3,3,300,0,2,3,1.0033,0.889,2.1463,1.651,61.21,78.53,3,3,3.175,2.6416,0,-17.32,-0.5334,5.207,26.55421782,87.76421782,212.2357822,1.503967157,0,0.707452607,57.61474938,64.21,1.651,2.1463,1.3462,2.2606,6.517191016,8.47234832,5.31401729,8.923538468,3.175,12.53305965,87.76421782,134.8567848,71.256306,8.47234832,8.923538468,47.09256701,1
B00137,B00137_R1,131,Gate_2,Orange_7,3,3,2.54,1.6002,61.21,2.286,0.2032,78.53,3,3,-17.32,0.2032,1.143,2.54,1.6002,2.794,3.0226,2.794,1,3,3,300,0,3,3,1.1938,0.889,3.175,3.175,61.21,78.53,3,3,2.794,3.0226,0,-17.32,0.2286,5.588,28.05818498,89.26818498,210.731815,0,0,0.702439383,53.68647101,64.21,3.175,3.175,0.9652,1.3081,12.53305965,12.53305965,3.810050132,5.163620574,2.794,11.02909249,89.26818498,134.8567848,77.8737615,12.53305965,5.163620574,45.58859985,0
B00138,B00138_R1,138,Green_6,Yellow_2,1,4,2.54,1.6002,72.24,2.286,0.2032,66.09,4,3,6.15,2.54,0.762,0.762,0.2032,1.3462,0.8128,2.3368,3,3,3,300,0,1,4,2.667,2.3368,1.0414,0.508,72.24,66.09,4,3,1.3462,0.8128,1,6.15,-0.5334,3.683,20.53834919,92.77834919,207.2216508,7.519835787,0,0.690738836,81.45533532,76.24,0.508,1.0414,1.3462,2.794,2.005289543,4.110843564,5.31401729,11.02909249,1.3462,5.31401729,92.77834919,173.6441764,93.19835787,4.110843564,11.02909249,80.86582718,3
B00138,B00138_R1,133,Yellow_4,Gate_3,2,4,2.54,1.6002,72.24,2.286,0.2032,66.09,4,3,6.15,0.762,0.7112,0.2032,1.6002,3.175,2.032,1.9558,2,3,3,300,0,2,4,1.651,1.1176,1.8288,0.9652,72.24,66.09,4,3,3.175,2.032,1,6.15,-1.143,5.1308,26.25342439,98.49342439,201.5065756,1.804760589,0,0.671688585,58.47041397,76.24,0.9652,1.8288,0.508,2.1082,3.810050132,7.219042356,2.005289543,8.321951605,3.175,12.53305965,98.49342439,163.1164063,96.80787905,7.219042356,8.321951605,64.62298188,2
B00138,B00138_R1,137,Gate_1,Purple_1,3,4,2.54,1.6002,72.24,2.286,0.2032,66.09,4,3,6.15,0.2032,0.762,0.4572,2.54,3.175,2.6416,2.032,1,3,3,300,0,3,4,1.651,0.889,2.7178,1.651,72.24,66.09,4,3,3.175,2.6416,1,6.15,-0.5334,5.207,26.55421782,98.79421782,201.2057822,1.503967157,0,0.670685941,57.61474938,76.24,1.651,2.7178,1.1176,1.8796,6.517191016,10.72829906,4.411636995,7.41957131,3.175,12.53305965,98.79421782,165.5227537,107.0348557,10.72829906,7.41957131,66.7285359,1
B00138,B00138_R1,131,Gate_2,Orange_7,4,4,2.54,1.6002,72.24,2.286,0.2032,66.09,4,3,6.15,0.2032,1.143,2.54,1.6002,2.794,3.0226,2.794,1,3,3,300,0,4,4,1.7018,0.889,2.5654,1.3462,72.24,66.09,4,3,2.794,3.0226,1,6.15,0.2286,5.588,28.05818498,100.298185,199.701815,0,0,0.665672717,53.68647101,76.24,1.3462,2.5654,0.9652,1.3716,5.31401729,10.12671219,3.810050132,5.414281767,2.794,11.02909249,100.298185,166.425134,103.726128,10.12671219,5.414281767,66.12694904,0
B00139,B00139_R2,132,Green_2,Gate_4,1,3,2.54,1.6002,73.79,2.286,0.2032,48.9,4,2,24.89,1.9812,0.2032,0.2032,1.9812,1.9558,0.8128,3.556,2,3,3,300,1,1,3,3.0988,2.6416,1.8796,1.1176,48.9,73.79,2,4,0.8128,1.9558,-2,-24.89,1.143,4.3688,23.24549007,72.14549007,227.8545099,13.23491099,0,0.759515033,68.66874199,50.9,1.1176,1.8796,0.8128,1.9939,4.411636995,7.41957131,3.208463269,7.870761457,0.8128,3.208463269,72.14549007,135.7816958,78.47534836,7.41957131,7.870761457,63.63620574,2
B00139,B00139_R2,134,Purple_2,Green_3,2,3,2.54,1.6002,73.79,2.286,0.2032,48.9,4,2,24.89,0.762,2.54,2.286,0.2032,2.7178,3.8608,3.8608,3,3,3,300,1,2,3,2.794,2.032,1.5748,0.8128,48.9,73.79,2,4,3.8608,2.7178,-2,-24.89,-1.143,7.7216,36.48040106,85.38040106,214.6195989,0,0,0.715398663,38.85205139,50.9,0.8128,1.5748,1.1176,1.3081,3.208463269,6.216397584,4.411636995,5.163620574,3.8608,15.24020053,85.38040106,124.9531323,62.83408992,6.216397584,5.163620574,39.57273122,1
B00139,B00139_R2,139,Orange_3,Gate_3,3,3,2.54,1.6002,73.79,2.286,0.2032,48.9,4,2,24.89,2.286,2.54,0.2032,1.6002,1.1938,2.3368,3.0226,2,3,3,300,1,3,3,2.3368,2.032,2.3368,1.4986,48.9,73.79,2,4,2.3368,1.1938,-2,-24.89,-1.143,5.3594,27.15580468,76.05580468,223.9441953,9.324596376,0,0.746480651,55.97641527,50.9,1.4986,2.3368,2.3368,2.4892,5.915604153,9.224331899,9.224331899,9.825918762,2.3368,9.224331899,76.05580468,135.7816958,78.17455493,9.224331899,9.825918762,59.72589113,0
B00140,B00140_R1,133,Yellow_4,Gate_3,1,4,2.54,1.6002,65.02,0.2032,1.6002,72.72,4,3,-7.71,0.762,0.7112,0.2032,1.6002,3.175,1.9558,1.9558,2,3,3,300,0,1,4,1.2446,1.1176,1.2192,0.9652,65.02,72.72,4,3,3.175,1.9558,1,-7.7,-1.2192,5.1308,26.25342439,91.27342439,208.7265756,1.804760589,0,0.695755252,58.47041397,69.02,0.9652,1.2192,2.6416,2.921,3.810050132,4.812694904,10.42750563,11.53041487,3.175,12.53305965,91.27342439,171.5376647,96.80787905,4.812694904,11.53041487,80.26424032,3
B00140,B00140_R1,137,Gate_1,Purple_1,2,4,2.54,1.6002,65.02,0.2032,1.6002,72.72,4,3,-7.71,0.2032,0.762,0.4572,2.54,3.175,1.3462,2.032,1,3,3,300,0,2,4,0.668866667,0,2.1082,1.651,65.02,72.72,4,3,3.175,1.3462,1,-7.7,-1.8288,5.207,26.55421782,91.57421782,208.4257822,1.503967157,0,0.694752607,57.61474938,69.02,1.651,2.1082,1.3462,2.286,6.517191016,8.321951605,5.31401729,9.023802945,3.175,12.53305965,91.57421782,166.4241764,107.0348557,8.321951605,9.023802945,74.84995855,2
B00140,B00140_R1,140,Gate_1,Purple_4,3,4,2.54,1.6002,65.02,0.2032,1.6002,72.72,4,3,-7.71,0.2032,0.762,0.762,2.032,3.175,1.3462,2.3368,1,3,3,300,0,3,4,0.668866667,0,2.413,1.9558,65.02,72.72,4,3,3.175,1.3462,1,-7.7,-1.8288,5.5118,27.75739154,92.77739154,207.2226085,0.300793431,0,0.690742028,54.42868029,69.02,1.9558,2.413,1.3462,2.1844,7.720364742,9.525125331,5.31401729,8.622745036,3.175,12.53305965,92.77739154,166.4241764,109.4412032,9.525125331,8.622745036,73.64678483,1
B00140,B00140_R1,131,Gate_2,Orange_7,4,4,2.54,1.6002,65.02,0.2032,1.6002,72.72,4,3,-7.71,0.2032,1.143,2.54,1.6002,2.794,0.9652,2.794,1,3,3,300,0,4,4,1.0922,0.889,3.175,3.175,65.02,72.72,4,3,2.794,0.9652,1,-7.7,-1.8288,5.588,28.05818498,93.07818498,206.921815,0,0,0.689739383,53.68647101,69.02,3.175,3.175,0.9652,1.524,12.53305965,12.53305965,3.810050132,6.01586863,2.794,11.02909249,93.07818498,166.4241764,118.1642127,12.53305965,6.01586863,73.34599139,0
B00141,B00141_R2,134,Purple_2,Green_3,1,3,2.54,1.6002,82.05,0.2032,1.6002,58.31,4,3,23.74,0.762,2.54,2.286,0.2032,2.7178,1.4986,3.8608,3,3,3,300,1,1,3,1.9939,1.9558,2.6797,2.3368,58.31,82.05,3,4,1.4986,2.7178,-1,-23.74,1.2192,5.3594,27.15580468,85.46580468,214.5341953,2.707140883,0,0.715113984,55.97641527,61.31,2.3368,2.6797,1.4986,2.6797,9.224331899,10.57790234,5.915604153,10.57790234,1.4986,5.915604153,85.46580468,137.0702732,72.76027316,10.57790234,10.57790234,51.60446848,2
B00141,B00141_R2,139,Orange_3,Gate_3,2,3,2.54,1.6002,82.05,0.2032,1.6002,58.31,4,3,23.74,2.286,2.54,0.2032,1.6002,1.1938,3.0226,3.0226,2,3,3,300,1,2,3,2.7559,2.032,1.2319,0.9652,58.31,82.05,3,4,3.0226,1.1938,-1,-23.74,-1.8288,6.0452,29.86294557,88.17294557,211.8270544,0,0,0.706090181,49.62614967,61.31,0.9652,1.2319,2.3368,2.3368,3.810050132,4.862827142,9.224331899,9.224331899,3.0226,11.93147278,88.17294557,134.3631323,58.62298188,4.862827142,9.224331899,46.19018671,1
B00141,B00141_R2,141,Gate_2,Green_3,3,3,2.54,1.6002,82.05,0.2032,1.6002,58.31,4,3,23.74,0.2032,1.143,2.286,0.2032,2.794,0.9652,3.0226,1,3,3,300,1,3,3,2.7178,1.9558,3.0988,2.3368,58.31,82.05,3,4,0.9652,2.794,-1,-23.74,1.8288,3.9878,21.74152291,80.05152291,219.9484771,8.12142265,0,0.73316159,75.22944982,61.31,2.3368,3.0988,0.9652,1.9939,9.224331899,12.23226621,3.810050132,7.870761457,0.9652,3.810050132,80.05152291,137.0702732,81.48328267,12.23226621,7.870761457,57.01875025,0
B00142,B00142_R1,142,Gate_2,Yellow_2,1,4,2.54,1.6002,74.64,2.286,0.2032,72.34,4,3,2.3,0.2032,1.143,0.762,0.2032,2.794,3.0226,1.4986,1,3,3,300,0,1,4,0.592666667,0,1.2446,1.1176,74.64,72.34,4,3,2.794,3.0226,1,2.3,0.2286,4.2926,22.94469664,97.58469664,202.4153034,5.113488335,0,0.674717678,69.88771374,78.64,1.1176,1.2446,1.651,2.1336,4.411636995,4.912959381,6.517191016,8.422216082,2.794,11.02909249,97.58469664,175.4425895,97.10867248,4.912959381,8.422216082,77.85789287,3
B00142,B00142_R1,137,Gate_1,Purple_1,2,4,2.54,1.6002,74.64,2.286,0.2032,72.34,4,3,2.3,0.2032,0.762,0.4572,2.54,3.175,2.6416,2.032,1,3,3,300,0,2,4,0.592666667,0,1.778,1.651,74.64,72.34,4,3,3.175,2.6416,1,2.3,-0.5334,5.207,26.55421782,101.1942178,198.8057822,1.503967157,0,0.662685941,57.61474938,78.64,1.651,1.778,1.1176,2.2098,6.517191016,7.018513401,4.411636995,8.723009513,3.175,12.53305965,101.1942178,171.8330683,99.81581337,7.018513401,8.723009513,70.63885051,2
B00142,B00142_R1,140,Gate_1,Purple_4,3,4,2.54,1.6002,74.64,2.286,0.2032,72.34,4,3,2.3,0.2032,0.762,0.762,2.032,3.175,2.6416,2.3368,1,3,3,300,0,3,4,0.592666667,0,2.0828,1.9558,74.64,72.34,4,3,3.175,2.6416,1,2.3,-0.5334,5.5118,27.75739154,102.3973915,197.6026085,0.300793431,0,0.658675362,54.42868029,78.64,1.9558,2.0828,1.1176,2.1082,7.720364742,8.221687127,4.411636995,8.321951605,3.175,12.53305965,102.3973915,171.8330683,102.2221608,8.221687127,8.321951605,69.43567679,1
B00142,B00142_R1,131,Gate_2,Orange_7,4,4,2.54,1.6002,74.64,2.286,0.2032,72.34,4,3,2.3,0.2032,1.143,2.54,1.6002,2.794,3.0226,2.794,1,3,3,300,0,4,4,0.592666667,0,3.048,2.794,74.64,72.34,4,3,2.794,3.0226,1,2.3,0.2286,5.588,28.05818498,102.698185,197.301815,0,0,0.657672717,53.68647101,78.64,2.794,3.048,1.4986,1.7018,11.02909249,12.03173726,5.915604153,6.71771997,2.794,11.02909249,102.698185,174.8410026,113.3515178,12.03173726,6.71771997,72.14281767,0
B00143,B00143_R2,139,Orange_3,Gate_3,1,3,2.54,1.6002,81.15,2.286,0.2032,64.93,4,3,16.22,2.286,2.54,0.2032,1.6002,1.1938,2.3368,3.0226,2,3,3,300,1,1,3,2.6035,1.7272,1.3843,0.9652,64.93,81.15,3,4,2.3368,1.1938,-1,-16.22,-1.143,5.3594,27.15580468,92.08580468,207.9141953,2.707140883,0,0.693047318,55.97641527,67.93,0.9652,1.3843,2.3368,2.3368,3.810050132,5.464414005,9.224331899,9.224331899,2.3368,9.224331899,92.08580468,146.397414,65.24043737,5.464414005,9.224331899,54.31160936,2
B00143,B00143_R2,143,Purple_3,Purple_1,2,3,2.54,1.6002,81.15,2.286,0.2032,64.93,4,3,16.22,1.0668,2.54,0.4572,2.54,2.413,3.556,1.1176,3,3,3,300,1,2,3,1.9939,1.7272,1.9939,1.651,64.93,81.15,3,4,3.556,2.413,-1,-16.22,-1.143,4.6736,24.4486638,89.3786638,210.6213362,5.414281767,0,0.702071121,64.19034577,67.93,1.651,1.9939,1.8034,2.6797,6.517191016,7.870761457,7.118777879,10.57790234,3.556,14.0370268,89.3786638,139.4791651,72.76027316,7.870761457,10.57790234,50.10050132,1
B00143,B00143_R2,141,Gate_2,Green_3,3,3,2.54,1.6002,81.15,2.286,0.2032,64.93,4,3,16.22,0.2032,1.143,2.286,0.2032,2.794,3.0226,3.0226,1,3,3,300,1,3,3,2.8702,2.2606,2.9464,2.3368,64.93,81.15,3,4,3.0226,2.794,-1,-16.22,-0.2286,6.0452,29.86294557,94.79294557,205.2070544,0,0,0.684023515,49.62614967,67.93,2.3368,2.9464,0.9652,1.3081,9.224331899,11.63067935,3.810050132,5.163620574,3.0226,11.93147278,94.79294557,138.2759914,74.86582718,11.63067935,5.163620574,43.48304583,0
B00144,B00144_R1,140,Gate_1,Purple_4,1,4,2.54,1.6002,72.84,2.286,0.2032,69.37,4,3,3.46,0.2032,0.762,0.762,2.032,3.175,2.6416,2.3368,1,3,3,300,0,1,4,1.354666667,0,2.3368,1.9558,72.84,69.37,4,3,3.175,2.6416,1,3.47,-0.5334,5.5118,27.75739154,100.5973915,199.4026085,0.300793431,0,0.664675362,54.42868029,76.84,1.9558,2.3368,2.032,2.6162,7.720364742,9.224331899,8.021158173,10.32724115,3.175,12.53305965,100.5973915,163.2150839,94.80258951,9.224331899,10.32724115,62.61769234,3
B00144,B00144_R1,137,Gate_1,Purple_1,2,4,2.54,1.6002,72.84,2.286,0.2032,69.37,4,3,3.46,0.2032,0.762,0.4572,2.54,3.175,2.6416,2.032,1,3,3,300,0,2,4,1.354666667,0,2.2352,1.651,72.84,69.37,4,3,3.175,2.6416,1,3.47,-0.5334,5.207,26.55421782,99.39421782,200.6057822,1.503967157,0,0.668685941,57.61474938,76.84,1.651,2.2352,2.3368,2.7178,6.517191016,8.82327399,9.224331899,10.72829906,3.175,12.53305965,99.39421782,164.4182576,94.80258951,8.82327399,10.72829906,65.02403979,2
B00144,B00144_R1,131,Gate_2,Orange_7,3,4,2.54,1.6002,72.84,2.286,0.2032,69.37,4,3,3.46,0.2032,1.143,2.54,1.6002,2.794,3.0226,2.794,1,3,3,300,0,3,4,1.524,0.889,2.116666667,0,72.84,69.37,4,3,2.794,3.0226,1,3.47,0.2286,5.588,28.05818498,100.898185,199.101815,0,0,0.663672717,53.68647101,76.84,0,2.116666667,1.651,2.2098,0,8.355373097,6.517191016,8.723009513,2.794,11.02909249,100.898185,163.2150839,91.89491967,8.355373097,8.723009513,62.31689891,1
B00144,B00144_R1,144,Orange_7,Green_3,4,4,2.54,1.6002,72.84,2.286,0.2032,69.37,4,3,3.46,2.54,1.6002,2.286,0.2032,0,1.651,1.651,3,3,3,300,0,4,4,3.048,2.794,2.7686,2.6416,72.84,69.37,4,3,0,1.651,1,3.47,1.651,1.651,12.51719102,85.35719102,214.642809,15.54099396,0,0.71547603,181.7080557,76.84,2.6416,2.7686,0,1.913466667,10.42750563,10.92882801,0,7.55325728,0,0,85.35719102,167.7269854,115.1562784,10.92882801,7.55325728,82.36979434,0
B00145,B00145_R2,143,Purple_3,Purple_1,1,3,2.286,0.2032,77.94,2.286,0.2032,57.39,4,3,20.55,1.0668,2.54,0.4572,2.54,3.556,3.556,1.1176,3,3,3,300,1,1,3,1.8415,1.4224,1.8415,1.651,57.39,77.94,3,4,3.556,3.556,-1,-20.55,0,4.6736,24.4486638,81.8386638,218.1613362,5.414281767,0,0.727204454,64.19034577,60.39,1.651,1.8415,1.8034,2.6797,6.517191016,7.269174594,7.118777879,10.57790234,3.556,14.0370268,81.8386638,131.9391651,71.55709944,7.269174594,10.57790234,50.10050132,2
B00145,B00145_R2,145,Orange_5,Gate_3,2,3,2.286,0.2032,77.94,2.286,0.2032,57.39,4,3,20.55,1.9812,2.032,0.2032,1.6002,2.6416,2.6416,2.7178,2,3,3,300,1,2,3,2.2987,1.4224,1.3843,0.9652,57.39,77.94,3,4,2.6416,2.6416,-1,-20.55,0,5.3594,27.15580468,84.54580468,215.4541953,2.707140883,0,0.718180651,55.97641527,60.39,0.9652,1.3843,2.032,2.3368,3.810050132,5.464414005,8.021158173,9.224331899,2.6416,10.42750563,84.54580468,136.4510666,65.24043737,5.464414005,9.224331899,51.90526191,1
B00145,B00145_R2,141,Gate_2,Green_3,3,3,2.286,0.2032,77.94,2.286,0.2032,57.39,4,3,20.55,0.2032,1.143,2.286,0.2032,3.0226,3.0226,3.0226,1,3,3,300,1,3,3,2.7178,2.2606,3.0988,2.6416,57.39,77.94,3,4,3.0226,3.0226,-1,-20.55,0,6.0452,29.86294557,87.25294557,212.7470544,0,0,0.709156848,49.62614967,60.39,2.6416,3.0988,0.9652,1.3081,10.42750563,12.23226621,3.810050132,5.163620574,3.0226,11.93147278,87.25294557,130.7359914,76.06900091,12.23226621,5.163620574,43.48304583,0
B00146,B00146_R2,146,Gate_2,Green_6,1,3,2.286,0.2032,70.53,2.286,0.2032,64.66,4,3,5.87,0.2032,1.143,2.54,0.762,3.0226,3.0226,2.7178,1,3,3,300,1,1,3,1.5875,0,2.5273,2.3368,64.66,70.53,3,4,3.0226,3.0226,-1,-5.87,0,5.7404,28.65977184,93.31977184,206.6802282,1.203173726,0,0.688934094,52.26116647,67.66,2.3368,2.5273,0.9652,1.9939,9.224331899,9.976315478,3.810050132,7.870761457,3.0226,11.93147278,93.31977184,142.2170994,76.9713812,9.976315478,7.870761457,48.8973276,2
B00146,B00146_R2,145,Orange_5,Gate_3,2,3,2.286,0.2032,70.53,2.286,0.2032,64.66,4,3,5.87,1.9812,2.032,0.2032,1.6002,2.6416,2.6416,2.7178,2,3,3,300,1,2,3,3.175,3.175,0.9652,0.9652,64.66,70.53,3,4,2.6416,2.6416,-1,-5.87,0,5.3594,27.15580468,91.81580468,208.1841953,2.707140883,0,0.693947318,55.97641527,67.66,0.9652,0.9652,2.3368,2.4892,3.810050132,3.810050132,9.224331899,9.825918762,2.6416,10.42750563,91.81580468,149.1353484,66.14281767,3.810050132,9.825918762,57.31954368,1
B00146,B00146_R2,141,Gate_2,Green_3,3,3,2.286,0.2032,70.53,2.286,0.2032,64.66,4,3,5.87,0.2032,1.143,2.286,0.2032,3.0226,3.0226,3.0226,1,3,3,300,1,3,3,1.5875,0,2.8321,2.6416,64.66,70.53,3,4,3.0226,3.0226,-1,-5.87,0,6.0452,29.86294557,94.52294557,205.4770544,0,0,0.684923515,49.62614967,67.66,2.6416,2.8321,0.9652,1.8415,10.42750563,11.1794892,3.810050132,7.269174594,3.0226,11.93147278,94.52294557,142.2170994,78.17455493,11.1794892,7.269174594,47.69415387,0
B00147,B00147_R1,147,Gate_2,Orange_4,1,3,2.286,0.2032,59.47,2.286,0.2032,79.15,3,4,-19.68,0.2032,1.143,1.6764,2.032,3.0226,3.0226,2.8702,1,3,3,300,0,1,3,1.397,0,2.3368,1.8034,59.47,79.15,3,4,3.0226,3.0226,-1,-19.68,0,5.8928,29.2613587,88.7313587,211.2686413,0,0,0.704228804,50.90958458,62.47,1.8034,2.3368,2.794,2.9083,7.118777879,9.224331899,11.02909249,11.48028264,3.0226,11.93147278,88.7313587,135.8239257,66.4436111,9.224331899,11.48028264,47.09256701,2
B00147,B00147_R1,131,Gate_2,Orange_7,2,3,2.286,0.2032,59.47,2.286,0.2032,79.15,3,4,-19.68,0.2032,1.143,2.54,1.6002,3.0226,3.0226,2.794,1,3,3,300,0,2,3,1.397,0,1.397,0,59.47,79.15,3,4,3.0226,3.0226,-1,-19.68,0,5.8166,28.96056527,88.43056527,211.5694347,0.300793431,0,0.705231449,51.57652237,62.47,0,1.397,2.8702,2.9464,0,5.514546244,11.32988592,11.63067935,3.0226,11.93147278,88.43056527,136.1247191,59.32483322,5.514546244,11.63067935,47.69415387,1
B00147,B00147_R1,144,Orange_7,Green_3,3,3,2.286,0.2032,59.47,2.286,0.2032,79.15,3,4,-19.68,2.54,1.6002,2.286,0.2032,1.651,1.651,1.651,3,3,3,300,0,3,3,2.794,2.794,3.0226,3.0226,59.47,79.15,3,4,1.651,1.651,-1,-19.68,0,3.302,19.03438203,78.50438203,221.495618,10.22697667,0,0.738318727,90.85402786,62.47,3.0226,3.0226,0,0.9017,11.93147278,11.93147278,0,3.559388939,1.651,6.517191016,78.50438203,130.209115,82.08486954,11.93147278,3.559388939,51.70473296,0
B00148,B00148_R2,148,Green_6,Gate_4,1,3,2.286,0.2032,76.14,2.286,0.2032,71.74,4,3,4.4,2.54,0.762,0.2032,1.9812,0.8128,0.8128,3.556,2,3,3,300,1,1,3,2.5273,2.3368,1.8415,1.3462,71.74,76.14,3,4,0.8128,0.8128,-1,-4.4,0,4.3688,23.24549007,94.98549007,205.0145099,6.617455493,0,0.6833817,68.66874199,74.74,1.3462,1.8415,0.8128,1.9939,5.31401729,7.269174594,3.208463269,7.870761457,0.8128,3.208463269,94.98549007,152.0042403,71.55709944,7.269174594,7.870761457,57.01875025,2
B00148,B00148_R2,145,Orange_5,Gate_3,2,3,2.286,0.2032,76.14,2.286,0.2032,71.74,4,3,4.4,1.9812,2.032,0.2032,1.6002,2.6416,2.6416,2.7178,2,3,3,300,1,2,3,2.7559,2.3368,2.0701,0.9652,71.74,76.14,3,4,2.6416,2.6416,-1,-4.4,0,5.3594,27.15580468,98.89580468,201.1041953,2.707140883,0,0.670347318,55.97641527,74.74,0.9652,2.0701,2.3368,2.4892,3.810050132,8.171554889,9.224331899,9.825918762,2.6416,10.42750563,98.89580468,150.8010666,69.45154542,8.171554889,9.825918762,51.90526191,1
B00148,B00148_R2,141,Gate_2,Green_3,3,3,2.286,0.2032,76.14,2.286,0.2032,71.74,4,3,4.4,0.2032,1.143,2.286,0.2032,3.0226,3.0226,3.0226,1,3,3,300,1,3,3,2.9464,2.7178,1.7272,0.8128,71.74,76.14,3,4,3.0226,3.0226,-1,-4.4,0,6.0452,29.86294557,101.6029456,198.3970544,0,0,0.661323515,49.62614967,74.74,0.8128,1.7272,0.9652,1.1557,3.208463269,6.817984447,3.810050132,4.562033711,3.0226,11.93147278,101.6029456,143.8828177,64.03726365,6.817984447,4.562033711,42.2798721,0
B00149,B00149_R1,131,Gate_2,Orange_7,1,3,2.286,0.2032,65.28,2.286,0.2032,82.34,3,4,-17.06,0.2032,1.143,2.54,1.6002,3.0226,3.0226,2.794,1,3,3,300,0,1,3,1.397,0,1.397,0,65.28,82.34,3,4,3.0226,3.0226,-1,-17.06,0,5.8166,28.96056527,94.24056527,205.7594347,1.503967157,0,0.685864782,51.57652237,68.28,0,1.397,3.0226,3.0988,0,5.514546244,11.93147278,12.23226621,3.0226,11.93147278,94.24056527,143.7394797,60.52800695,5.514546244,12.23226621,49.49891446,2
B00149,B00149_R1,144,Orange_7,Green_3,2,3,2.286,0.2032,65.28,2.286,0.2032,82.34,3,4,-17.06,2.54,1.6002,2.286,0.2032,1.651,1.651,1.651,3,3,3,300,0,2,3,2.794,2.794,3.0226,3.0226,65.28,82.34,3,4,1.651,1.651,-1,-17.06,0,3.302,19.03438203,84.31438203,215.685618,11.4301504,0,0.71895206,90.85402786,68.28,3.0226,3.0226,0,0.4445,11.93147278,11.93147278,0,1.75462835,1.651,6.517191016,84.31438203,137.2222887,83.28804326,11.93147278,1.75462835,52.90790668,1
B00149,B00149_R1,149,Gate_2,Orange_6,3,3,2.286,0.2032,65.28,2.286,0.2032,82.34,3,4,-17.06,0.2032,1.143,2.54,1.9812,3.0226,3.0226,3.175,1,3,3,300,0,3,3,1.397,0,2.032,0.889,65.28,82.34,3,4,3.0226,3.0226,-1,-17.06,0,6.1976,30.46453243,95.74453243,204.2554676,0,0,0.680851559,48.40583452,68.28,0.889,2.032,2.794,2.9083,3.509256701,8.021158173,11.02909249,11.48028264,3.0226,11.93147278,95.74453243,142.8370994,64.03726365,8.021158173,11.48028264,47.09256701,0
B00150,B00150_R2,145,Orange_5,Gate_3,1,3,2.54,1.9812,86.31,2.286,0.2032,68.69,4,3,17.62,1.9812,2.032,0.2032,1.6002,1.1176,2.6416,2.7178,2,3,3,300,1,1,3,2.1463,1.1176,1.8415,0.9652,68.69,86.31,3,4,2.6416,1.1176,-1,-17.62,-1.524,5.3594,27.15580468,95.84580468,204.1541953,2.707140883,0,0.680513984,55.97641527,71.69,0.9652,1.8415,2.6416,2.6797,3.810050132,7.269174594,10.42750563,10.57790234,2.6416,10.42750563,95.84580468,150.4582075,69.15075198,7.269174594,10.57790234,54.61240279,2
B00150,B00150_R2,141,Gate_2,Green_3,2,3,2.54,1.9812,86.31,2.286,0.2032,68.69,4,3,17.62,0.2032,1.143,2.286,0.2032,3.175,3.0226,3.0226,1,3,3,300,1,2,3,3.175,3.175,2.3368,2.032,68.69,86.31,3,4,3.0226,3.175,-1,-17.62,0.1524,6.0452,29.86294557,98.55294557,201.4470544,0,0,0.671490181,49.62614967,71.69,2.032,2.3368,0.9652,0.9652,8.021158173,9.224331899,3.810050132,3.810050132,3.0226,11.93147278,98.55294557,142.3367848,70.35392571,9.224331899,3.810050132,43.78383926,1
B00150,B00150_R2,150,Orange_6,Gate_3,3,3,2.54,1.9812,86.31,2.286,0.2032,68.69,4,3,17.62,2.54,1.9812,0.2032,1.6002,0,2.032,2.7178,2,3,3,300,1,3,3,2.1463,1.1176,1.8415,0.9652,68.69,86.31,3,4,2.032,0,-1,-17.62,-2.032,4.7498,24.74945723,93.43945723,206.5605428,5.113488335,0,0.688535143,63.16055413,71.69,0.9652,1.8415,2.032,2.3749,3.810050132,7.269174594,8.021158173,9.374728615,2.032,8.021158173,93.43945723,150.4582075,71.55709944,7.269174594,9.374728615,57.01875025,0
B00151,B00151_R1,144,Orange_7,Green_3,1,3,2.54,1.9812,72.14,0.2032,1.6002,90.12,3,4,-17.98,2.54,1.6002,2.286,0.2032,0.889,2.3368,1.651,3,3,3,300,0,1,3,3.1369,2.794,2.6797,2.3368,72.14,90.12,3,4,0.889,2.3368,-1,-17.98,1.4478,2.54,16.02644772,88.16644772,211.8335523,15.03967157,0,0.706111841,118.1102362,75.14,2.3368,2.6797,0.889,1.5748,9.224331899,10.57790234,3.509256701,6.216397584,0.889,3.509256701,88.16644772,147.290752,80.28010895,10.57790234,6.216397584,59.12430427,2
B00151,B00151_R1,151,Yellow_1,Green_1,2,3,2.54,1.9812,72.14,0.2032,1.6002,90.12,3,4,-17.98,0.4572,0.2032,1.6764,0.2032,3.8608,1.651,1.7272,3,3,3,300,0,2,3,2.3368,1.1938,2.3368,2.2606,72.14,90.12,3,4,3.8608,1.651,-1,-17.98,-2.2098,5.588,28.05818498,100.198185,199.801815,3.007934315,0,0.66600605,53.68647101,75.14,2.2606,2.3368,2.3368,3.0988,8.923538468,9.224331899,9.224331899,12.23226621,3.8608,15.24020053,100.198185,141.2748834,65.54123081,9.224331899,12.23226621,41.07669838,1
B00151,B00151_R1,149,Gate_2,Orange_6,3,3,2.54,1.9812,72.14,0.2032,1.6002,90.12,3,4,-17.98,0.2032,1.143,2.54,1.9812,3.175,0.9652,3.175,1,3,3,300,0,3,3,1.9939,1.1938,2.3749,0.889,72.14,90.12,3,4,3.175,0.9652,-1,-17.98,-2.2098,6.35,31.06611929,103.2061193,196.7938807,0,0,0.655979602,47.24409449,75.14,0.889,2.3749,2.413,2.7178,3.509256701,9.374728615,9.525125331,10.72829906,3.175,12.53305965,103.2061193,144.2828177,62.83408992,9.374728615,10.72829906,41.07669838,0
B00152,B00152_R1,152,Orange_3,Gate_3,1,4,2.54,1.9812,77.61,0.2032,1.6002,73.32,4,3,4.28,2.286,2.54,0.2032,1.6002,0.8128,3.0226,3.0226,2,3,3,300,0,1,4,2.9464,1.1938,1.651,0.9652,77.61,73.32,4,3,0.8128,3.0226,1,4.29,2.2098,3.8354,21.13993605,98.74993605,201.2500639,9.926183239,0,0.670833546,78.21869948,81.61,0.9652,1.651,0.8128,2.032,3.810050132,6.517191016,3.208463269,8.021158173,0.8128,3.208463269,98.74993605,173.900688,94.70232503,6.517191016,8.021158173,75.15075198,3
B00152,B00152_R1,149,Gate_2,Orange_6,2,4,2.54,1.9812,77.61,0.2032,1.6002,73.32,4,3,4.28,0.2032,1.143,2.54,1.9812,3.175,0.9652,3.175,1,3,3,300,0,2,4,2.4892,1.1938,1.8542,0.8128,77.61,73.32,4,3,3.175,0.9652,1,4.29,-2.2098,6.35,31.06611929,108.6761193,191.3238807,0,0,0.637746269,47.24409449,81.61,0.8128,1.8542,0.9652,2.1336,3.208463269,7.319306833,3.810050132,8.422216082,3.175,12.53305965,108.6761193,165.1776785,87.18248924,7.319306833,8.422216082,56.50155923,2
B00152,B00152_R1,144,Orange_7,Green_3,3,4,2.54,1.9812,77.61,0.2032,1.6002,73.32,4,3,4.28,2.54,1.6002,2.286,0.2032,0.889,2.3368,1.651,3,3,3,300,0,3,4,2.4892,1.1938,2.5654,2.3368,77.61,73.32,4,3,0.889,2.3368,1,4.29,1.4478,2.54,16.02644772,93.63644772,206.3635523,15.03967157,0,0.687878508,118.1102362,81.61,2.3368,2.5654,0.889,1.8288,9.224331899,10.12671219,3.509256701,7.219042356,0.889,3.509256701,93.63644772,173.900688,110.6443769,10.12671219,7.219042356,80.26424032,1
B00152,B00152_R1,151,Yellow_1,Green_1,4,4,2.54,1.9812,77.61,0.2032,1.6002,73.32,4,3,4.28,0.4572,0.2032,1.6764,0.2032,3.8608,1.651,1.7272,3,3,3,300,0,4,4,2.9464,1.1938,2.54,2.2606,77.61,73.32,4,3,3.8608,1.651,1,4.29,-2.2098,5.588,28.05818498,105.668185,194.331815,3.007934315,0,0.647772717,53.68647101,81.61,2.2606,2.54,1.651,2.6162,8.923538468,10.02644772,6.517191016,10.32724115,3.8608,15.24020053,105.668185,165.1776785,98.31184621,10.02644772,10.32724115,59.50949355,0
B00153,B00153_R2,153,Yellow_5,Gate_3,1,3,1.6764,0.2032,84.1,0.2032,1.6002,61.42,4,3,22.68,1.0668,0.7112,0.2032,1.6002,1.1176,2.2606,2.2606,2,3,3,300,1,1,3,2.5273,1.8034,1.8415,0.9652,61.42,84.1,3,4,2.2606,1.1176,-1,-22.68,-1.143,4.5212,23.84707694,85.26707694,214.7329231,3.609521178,0,0.71577641,66.35406529,64.42,0.9652,1.8415,1.7272,1.9939,3.810050132,7.269174594,6.817984447,7.870761457,2.2606,8.923538468,85.26707694,132.3596439,63.73647022,7.269174594,7.870761457,47.09256701,2
B00153,B00153_R2,141,Gate_2,Green_3,2,3,1.6764,0.2032,84.1,0.2032,1.6002,61.42,4,3,22.68,0.2032,1.143,2.286,0.2032,2.413,0.9652,3.0226,1,3,3,300,1,2,3,2.4892,1.8034,1.8796,1.7272,61.42,84.1,3,4,0.9652,2.413,-1,-22.68,1.4478,3.9878,21.74152291,83.16152291,216.8384771,5.715075198,0,0.722794924,75.22944982,64.42,1.7272,1.8796,0.9652,0.9652,6.817984447,7.41957131,3.810050132,3.810050132,0.9652,3.810050132,83.16152291,134.465198,66.14281767,7.41957131,3.810050132,51.30367505,1
B00153,B00153_R2,150,Orange_6,Gate_3,3,3,1.6764,0.2032,84.1,0.2032,1.6002,61.42,4,3,22.68,2.54,1.9812,0.2032,1.6002,2.6416,2.7178,2.7178,2,3,3,300,1,3,3,3.2131,3.175,1.6129,0.9652,61.42,84.1,3,4,2.7178,2.6416,-1,-22.68,-0.0762,5.4356,27.45659811,88.87659811,211.1234019,0,0,0.703744673,55.19169917,64.42,0.9652,1.6129,2.032,2.3749,3.810050132,6.3667943,8.021158173,9.374728615,2.7178,10.72829906,88.87659811,131.7580571,58.32218845,6.3667943,9.374728615,42.88145897,0
B00154,B00154_R1,151,Yellow_1,Green_1,1,4,1.6764,0.2032,76.38,0.2032,1.6002,71.7,4,3,4.69,0.4572,0.2032,1.6764,0.2032,1.7272,1.651,1.7272,3,3,3,300,0,1,4,1.8288,0.8128,2.032,1.4224,76.38,71.7,4,3,1.7272,1.651,1,4.68,-0.0762,3.4544,19.63596889,96.01596889,203.9840311,8.422216082,0,0.67994677,86.84576193,80.38,1.4224,2.032,1.651,2.6162,5.614810721,8.021158173,6.517191016,10.32724115,1.7272,6.817984447,96.01596889,164.5492654,92.89756444,8.021158173,10.32724115,68.53329649,3
B00154,B00154_R1,154,Yellow_4,Gate_3,2,4,1.6764,0.2032,76.38,0.2032,1.6002,71.7,4,3,4.69,0.762,0.7112,0.2032,1.6002,1.4224,1.9558,1.9558,2,3,3,300,0,2,4,1.8288,0.8128,1.651,0.9652,76.38,71.7,4,3,1.4224,1.9558,1,4.68,0.5334,3.3782,19.33517546,95.71517546,204.2848245,8.723009513,0,0.680949415,88.80468889,80.38,0.9652,1.651,1.4224,2.3368,3.810050132,6.517191016,5.614810721,9.224331899,1.4224,5.614810721,95.71517546,164.8500588,88.6864564,6.517191016,9.224331899,69.13488335,2
B00154,B00154_R1,149,Gate_2,Orange_6,3,4,1.6764,0.2032,76.38,0.2032,1.6002,71.7,4,3,4.69,0.2032,1.143,2.54,1.9812,2.413,0.9652,3.175,1,3,3,300,0,3,4,1.8288,1.1938,2.7686,0.889,76.38,71.7,4,3,2.413,0.9652,1,4.68,-1.4478,5.588,28.05818498,104.438185,195.561815,0,0,0.651872717,53.68647101,80.38,0.889,2.7686,0.9652,2.1336,3.509256701,10.92882801,3.810050132,8.422216082,2.413,9.525125331,104.438185,159.1349836,93.19835787,10.92882801,8.422216082,54.69679864,1
B00154,B00154_R1,144,Orange_7,Green_3,4,4,1.6764,0.2032,76.38,0.2032,1.6002,71.7,4,3,4.69,2.54,1.6002,2.286,0.2032,2.2606,2.3368,1.651,3,3,3,300,0,4,4,3.1496,2.794,2.4638,2.032,76.38,71.7,4,3,2.2606,2.3368,1,4.68,0.0762,3.9116,21.44072948,97.82072948,202.1792705,6.617455493,0,0.673930902,76.69495858,80.38,2.032,2.4638,0.889,1.8288,8.021158173,9.725654285,3.509256701,7.219042356,2.2606,8.923538468,97.82072948,159.435777,96.20629219,9.725654285,7.219042356,61.61504757,0
B00155,B00155_R2,141,Gate_2,Green_3,1,3,2.286,0.2032,78.24,0.2032,1.6002,60.01,4,3,18.23,0.2032,1.143,2.286,0.2032,3.0226,0.9652,3.0226,1,3,3,300,1,1,3,2.5654,1.9558,2.9464,2.032,60.01,78.24,3,4,0.9652,3.0226,-1,-18.23,2.0574,3.9878,21.74152291,81.75152291,218.2484771,5.715075198,0,0.727494924,75.22944982,63.01,2.032,2.9464,0.9652,1.3843,8.021158173,11.63067935,3.810050132,5.464414005,0.9652,3.810050132,81.75152291,133.9575783,75.46741404,11.63067935,5.464414005,52.20605534,2
B00155,B00155_R2,150,Orange_6,Gate_3,2,3,2.286,0.2032,78.24,0.2032,1.6002,60.01,4,3,18.23,2.54,1.9812,0.2032,1.6002,2.032,2.7178,2.7178,2,3,3,300,1,2,3,2.7559,2.3368,1.2319,0.9652,60.01,78.24,3,4,2.7178,2.032,-1,-18.23,-0.6858,5.4356,27.45659811,87.46659811,212.5334019,0,0,0.708444673,55.19169917,63.01,0.9652,1.2319,2.032,2.6416,3.810050132,4.862827142,8.021158173,10.42750563,2.7178,10.72829906,87.46659811,131.2504374,56.21663443,4.862827142,10.42750563,43.78383926,1
B00155,B00155_R2,155,Purple_2,Yellow_5,3,3,2.286,0.2032,78.24,0.2032,1.6002,60.01,4,3,18.23,0.762,2.54,1.0668,0.7112,3.8608,1.4986,3.2512,3,3,3,300,1,3,3,2.1463,1.9558,2.5273,1.8034,60.01,78.24,3,4,1.4986,3.8608,-1,-18.23,2.3622,4.7498,24.74945723,84.75945723,215.2405428,2.707140883,0,0.717468476,63.16055413,63.01,1.8034,2.5273,1.4986,2.6797,7.118777879,9.976315478,5.915604153,10.57790234,1.4986,5.915604153,84.75945723,133.9575783,69.15075198,9.976315478,10.57790234,49.19812103,0
B00156,B00156_R1,154,Yellow_4,Gate_3,1,4,2.286,0.2032,68.8,1.0668,0.7112,73.08,4,3,-4.28,0.762,0.7112,0.2032,1.6002,2.032,0.8128,1.9558,2,3,3,300,0,1,4,2.7432,1.4986,2.0066,0.9652,68.8,73.08,4,3,2.032,0.8128,1,-4.28,-1.2192,3.9878,21.74152291,90.54152291,209.4584771,8.723009513,0,0.698194924,75.22944982,72.8,0.9652,2.0066,1.9558,2.5146,3.810050132,7.920893696,7.720364742,9.926183239,2.032,8.021158173,90.54152291,166.8954486,100.4174002,7.920893696,9.926183239,76.35392571,3
B00156,B00156_R1,149,Gate_2,Orange_6,2,4,2.286,0.2032,68.8,1.0668,0.7112,73.08,4,3,-4.28,0.2032,1.143,2.54,1.9812,3.0226,1.8034,3.175,1,3,3,300,0,2,4,2.4892,1.4986,1.8542,0.889,68.8,73.08,4,3,3.0226,1.8034,1,-4.28,-1.2192,6.1976,30.46453243,99.26453243,200.7354676,0,0,0.669118225,48.40583452,72.8,0.889,1.8542,0.9652,1.651,3.509256701,7.319306833,3.810050132,6.517191016,3.0226,11.93147278,99.26453243,159.0748194,89.88963013,7.319306833,6.517191016,59.81028698,2
B00156,B00156_R1,156,Orange_5,Gate_3,3,4,2.286,0.2032,68.8,1.0668,0.7112,73.08,4,3,-4.28,1.9812,2.032,0.2032,1.6002,2.6416,3.2512,2.7178,2,3,3,300,0,3,4,2.7432,1.4986,1.7526,0.9652,68.8,73.08,4,3,2.6416,3.2512,1,-4.28,0.6096,5.3594,27.15580468,95.95580468,204.0441953,3.308727746,0,0.680147318,55.97641527,72.8,0.9652,1.7526,1.1176,2.159,3.810050132,6.918248924,4.411636995,8.522480559,2.6416,10.42750563,95.95580468,161.1803734,91.99518415,6.918248924,8.522480559,65.22456874,1
B00156,B00156_R1,144,Orange_7,Green_3,4,4,2.286,0.2032,68.8,1.0668,0.7112,73.08,4,3,-4.28,2.54,1.6002,2.286,0.2032,1.651,2.8702,1.651,3,3,3,300,0,4,4,2.4892,1.4986,2.5654,2.032,68.8,73.08,4,3,1.651,2.8702,1,-4.28,1.2192,3.302,19.03438203,87.83438203,212.165618,11.4301504,0,0.707218727,90.85402786,72.8,2.032,2.5654,0.889,1.8542,8.021158173,10.12671219,3.509256701,7.319306833,1.651,6.517191016,87.83438203,164.1883077,109.7419966,10.12671219,7.319306833,76.35392571,0
B00157,B00157_R2,157,Green_6,Gate_3,1,3,2.286,0.2032,86,1.0668,0.7112,66.19,4,3,19.81,2.54,0.762,0.2032,1.6002,0.8128,2.032,3.175,2,3,3,300,1,1,3,2.6416,1.7272,2.1082,1.4986,66.19,86,3,4,2.032,0.8128,-1,-19.81,-1.2192,5.207,26.55421782,92.74421782,207.2557822,5.113488335,0,0.690852607,57.61474938,69.19,1.4986,2.1082,2.032,2.6035,5.915604153,8.321951605,8.021158173,10.27710891,2.032,8.021158173,92.74421782,153.9740761,77.8737615,8.321951605,10.27710891,61.22985829,2
B00157,B00157_R2,150,Orange_6,Gate_3,2,3,2.286,0.2032,86,1.0668,0.7112,66.19,4,3,19.81,2.54,1.9812,0.2032,1.6002,2.032,3.2512,2.7178,2,3,3,300,1,2,3,2.032,1.7272,2.3368,1.4986,66.19,86,3,4,3.2512,2.032,-1,-19.81,-1.2192,5.969,29.56215213,95.75215213,204.2478479,2.10555402,0,0.68082616,50.25967499,69.19,1.4986,2.3368,2.7178,2.9845,5.915604153,9.224331899,10.72829906,11.78107607,3.2512,12.83385308,95.75215213,151.8685221,76.67058777,9.224331899,11.78107607,56.11636995,1
B00157,B00157_R2,155,Purple_2,Yellow_5,3,3,2.286,0.2032,86,1.0668,0.7112,66.19,4,3,19.81,0.762,2.54,1.0668,0.7112,3.8608,3.2512,3.2512,3,3,3,300,1,3,3,2.9464,2.3368,2.6416,2.032,66.19,86,3,4,3.2512,3.8608,-1,-19.81,0.6096,6.5024,31.66770615,97.85770615,202.1422938,0,0,0.673807646,46.13681102,69.19,2.032,2.6416,1.4986,1.4986,8.021158173,10.42750563,5.915604153,5.915604153,3.2512,12.83385308,97.85770615,147.0558272,76.9713812,10.42750563,5.915604153,49.19812103,0
B00158,B00158_R2,150,Orange_6,Gate_3,1,3,2.286,0.2032,77.46,1.0668,0.7112,75.87,4,3,1.6,2.54,1.9812,0.2032,1.6002,2.032,3.2512,2.7178,2,3,3,300,1,1,3,2.4892,2.3368,1.3462,1.1938,75.87,77.46,3,4,3.2512,2.032,-1,-1.59,-1.2192,5.969,29.56215213,105.4321521,194.5678479,2.10555402,0,0.648559493,50.25967499,78.87,1.1938,1.3462,2.9464,3.0988,4.712430427,5.31401729,11.63067935,12.23226621,3.2512,12.83385308,105.4321521,156.7358272,63.13488335,5.31401729,12.23226621,51.30367505,2
B00158,B00158_R2,158,Purple_1,Gate_4,2,3,2.286,0.2032,77.46,1.0668,0.7112,75.87,4,3,1.6,0.4572,2.54,0.2032,1.9812,4.1656,2.9464,0.8128,2,3,3,300,1,2,3,1.7272,0.8128,2.032,1.1176,75.87,77.46,3,4,2.9464,4.1656,-1,-1.59,1.2192,3.7592,20.83914262,96.70914262,203.2908574,10.82856353,0,0.677636191,79.80421366,78.87,1.1176,2.032,1.1938,2.0701,4.411636995,8.021158173,4.712430427,8.171554889,2.9464,11.63067935,96.70914262,151.020752,77.27217463,8.021158173,8.171554889,54.31160936,1
B00158,B00158_R2,155,Purple_2,Yellow_5,3,3,2.286,0.2032,77.46,1.0668,0.7112,75.87,4,3,1.6,0.762,2.54,1.0668,0.7112,3.8608,3.2512,3.2512,3,3,3,300,1,3,3,1.5748,0.8128,3.0988,2.9464,75.87,77.46,3,4,3.2512,3.8608,-1,-1.59,0.6096,6.5024,31.66770615,107.5377062,192.4622938,0,0,0.641540979,46.13681102,78.87,2.9464,3.0988,1.1176,1.3081,11.63067935,12.23226621,4.411636995,5.163620574,3.2512,12.83385308,107.5377062,149.5167848,74.86582718,12.23226621,5.163620574,41.97907867,0
B00159,B00159_R1,144,Orange_7,Green_3,1,3,2.286,0.2032,66.9,1.0668,0.7112,82,3,4,-15.09,2.54,1.6002,2.286,0.2032,1.651,2.8702,1.651,3,3,3,300,0,1,3,2.3368,1.4986,2.6416,2.6416,66.9,82,3,4,1.651,2.8702,-1,-15.1,1.2192,3.302,19.03438203,85.93438203,214.065618,8.12142265,0,0.71355206,90.85402786,69.9,2.6416,2.6416,2.3368,2.5273,10.42750563,10.42750563,9.224331899,9.976315478,1.651,6.517191016,85.93438203,141.4491651,73.66265346,10.42750563,9.976315478,55.51478309,2
B00159,B00159_R1,156,Orange_5,Gate_3,2,3,2.286,0.2032,66.9,1.0668,0.7112,82,3,4,-15.09,1.9812,2.032,0.2032,1.6002,2.6416,3.2512,2.7178,2,3,3,300,0,2,3,2.5273,1.4986,1.8415,1.3462,66.9,82,3,4,2.6416,3.2512,-1,-15.1,0.6096,5.3594,27.15580468,94.05580468,205.9441953,0,0,0.686480651,55.97641527,69.9,1.3462,1.8415,1.7272,2.1844,5.31401729,7.269174594,6.817984447,8.622745036,2.6416,10.42750563,94.05580468,135.1325031,59.22456874,7.269174594,8.622745036,41.07669838,1
B00159,B00159_R1,159,Gate_1,Purple_2,3,3,2.286,0.2032,66.9,1.0668,0.7112,82,3,4,-15.09,0.2032,0.762,0.762,2.54,2.6416,1.4224,2.3368,1,3,3,300,0,3,3,3.3655,3.175,2.2225,1.7272,66.9,82,3,4,2.6416,1.4224,-1,-15.1,-1.2192,4.9784,25.65183752,92.55183752,207.4481625,1.503967157,0,0.691493875,60.2603246,69.9,1.7272,2.2225,1.3462,1.9939,6.817984447,8.773141752,5.31401729,7.870761457,2.6416,10.42750563,92.55183752,133.6285359,63.73647022,8.773141752,7.870761457,41.07669838,0
B00160,B00160_R2,158,Purple_1,Gate_4,1,3,0.762,2.54,80.85,1.0668,0.7112,66.62,4,3,14.23,0.4572,2.54,0.2032,1.9812,0.8128,2.9464,0.8128,2,3,3,300,1,1,3,1.4224,0.8128,1.4224,1.1176,66.62,80.85,3,4,2.9464,0.8128,-1,-14.23,-2.1336,3.7592,20.83914262,87.45914262,212.5408574,10.82856353,0,0.708469525,79.80421366,69.62,1.1176,1.4224,2.9464,3.2131,4.411636995,5.614810721,11.63067935,12.68345636,2.9464,11.63067935,87.45914262,141.4699586,65.24043737,5.614810721,12.68345636,54.01081593,2
B00160,B00160_R2,155,Purple_2,Yellow_5,2,3,0.762,2.54,80.85,1.0668,0.7112,66.62,4,3,14.23,0.762,2.54,1.0668,0.7112,0,3.2512,3.2512,3,3,3,300,1,2,3,1.5748,0.8128,2.1844,1.4224,66.62,80.85,3,4,3.2512,0,-1,-14.23,-3.2512,6.5024,31.66770615,98.28770615,201.7122938,0,0,0.672374313,46.13681102,69.62,1.4224,2.1844,1.1176,2.1463,5.614810721,8.622745036,4.411636995,8.47234832,3.2512,12.83385308,98.28770615,133.0477425,60.42774247,8.622745036,8.47234832,34.76003632,1
B00160,B00160_R2,160,Gate_1,Green_7,3,3,0.762,2.54,80.85,1.0668,0.7112,66.62,4,3,14.23,0.2032,0.762,2.54,1.143,2.3368,1.4224,2.7178,1,3,3,300,1,3,3,2.1844,2.032,3.3274,3.175,66.62,80.85,3,4,1.4224,2.3368,-1,-14.23,0.9144,4.1402,22.34310978,88.96310978,211.0368902,9.324596376,0,0.703456301,72.46026762,69.62,3.175,3.3274,1.4224,1.5748,12.53305965,13.13464651,5.614810721,6.216397584,1.4224,5.614810721,88.96310978,141.4699586,78.77614179,13.13464651,6.216397584,52.50684877,0
B00161,B00161_R1,156,Orange_5,Gate_3,1,3,0.762,2.54,65.48,2.54,1.143,75.32,3,4,-9.84,1.9812,2.032,0.2032,1.6002,1.7272,1.9558,2.7178,2,3,3,300,0,1,3,3.556,3.556,1.3462,1.3462,65.48,75.32,3,4,1.7272,1.9558,-1,-9.84,0.2286,4.445,23.5462835,89.0262835,210.9737165,0.902380294,0,0.703245722,67.49156355,68.48,1.3462,1.3462,1.7272,2.4892,5.31401729,5.31401729,6.817984447,9.825918762,1.7272,6.817984447,89.0262835,134.3140899,55.915841,5.31401729,9.825918762,45.28780642,2
B00161,B00161_R1,161,Gate_1,Yellow_5,2,3,0.762,2.54,65.48,2.54,1.143,75.32,3,4,-9.84,0.2032,0.762,1.0668,0.7112,2.3368,2.7178,1.4224,1,3,3,300,0,2,3,1.778,0,2.3368,1.4224,65.48,75.32,3,4,2.3368,2.7178,-1,-9.84,0.381,3.7592,20.83914262,86.31914262,213.6808574,3.609521178,0,0.712269525,79.80421366,68.48,1.4224,2.3368,1.3462,1.8415,5.614810721,9.224331899,5.31401729,7.269174594,2.3368,9.224331899,86.31914262,130.4037753,66.4436111,9.224331899,7.269174594,44.08463269,1
B00161,B00161_R1,159,Gate_1,Purple_2,3,3,0.762,2.54,65.48,2.54,1.143,75.32,3,4,-9.84,0.2032,0.762,0.762,2.54,2.3368,2.7178,2.3368,1,3,3,300,0,3,3,1.778,0,2.032,1.7272,65.48,75.32,3,4,2.3368,2.7178,-1,-9.84,0.381,4.6736,24.4486638,89.9286638,210.0713362,0,0,0.700237787,64.19034577,68.48,1.7272,2.032,1.3462,1.3843,6.817984447,8.021158173,5.31401729,5.464414005,2.3368,9.224331899,89.9286638,130.4037753,60.42774247,8.021158173,5.464414005,40.47511151,0
B00162,B00162_R2,155,Purple_2,Yellow_5,1,3,0.762,2.54,76.12,2.54,1.143,61.67,4,3,14.45,0.762,2.54,1.0668,0.7112,0,3.175,3.2512,3,3,3,300,1,1,3,2.794,2.3368,0.7112,0,61.67,76.12,3,4,3.175,0,-1,-14.45,-3.175,6.4262,31.36691272,93.03691272,206.9630873,0,0,0.689876958,46.68388783,64.67,0,0.7112,1.7272,2.4511,0,2.807405361,6.817984447,9.675522046,3.175,12.53305965,93.03691272,143.137414,61.43038724,2.807405361,9.675522046,50.10050132,2
B00162,B00162_R2,162,Yellow_5,Orange_2,2,3,0.762,2.54,76.12,2.54,1.143,61.67,4,3,14.45,1.0668,0.7112,1.9812,2.54,3.2512,2.413,3.2512,3,3,3,300,1,2,3,2.3368,1.4224,2.6416,1.7272,61.67,76.12,3,4,2.413,3.2512,-1,-14.45,0.8382,5.6642,28.35897841,90.02897841,209.9710216,3.007934315,0,0.699903405,52.96423149,64.67,1.7272,2.6416,0,1.2065,6.817984447,10.42750563,0,4.762562665,2.413,9.525125331,90.02897841,139.3273639,79.67852209,10.42750563,4.762562665,49.29838551,1
B00162,B00162_R2,160,Gate_1,Green_7,3,3,0.762,2.54,76.12,2.54,1.143,61.67,4,3,14.45,0.2032,0.762,2.54,1.143,2.3368,2.7178,2.7178,1,3,3,300,1,3,3,1.8796,1.4224,2.794,2.413,61.67,76.12,3,4,2.7178,2.3368,-1,-14.45,-0.381,5.4356,27.45659811,89.12659811,210.8734019,3.910314609,0,0.70291134,55.19169917,64.67,2.413,2.794,1.4224,2.4892,9.525125331,11.02909249,5.614810721,9.825918762,2.7178,10.72829906,89.12659811,143.7390009,81.78407611,11.02909249,9.825918762,54.61240279,0
B00163,B00163_R1,161,Gate_1,Yellow_5,1,3,0.762,2.54,66.68,2.54,1.143,81.21,3,4,-14.53,0.2032,0.762,1.0668,0.7112,2.3368,2.7178,1.4224,1,3,3,300,0,1,3,1.6256,0,2.1844,1.4224,66.68,81.21,3,4,2.3368,2.7178,-1,-14.53,0.381,3.7592,20.83914262,87.51914262,212.4808574,3.609521178,0,0.708269525,79.80421366,69.68,1.4224,2.1844,2.3368,2.3368,5.614810721,8.622745036,9.224331899,9.224331899,2.3368,9.224331899,87.51914262,136.4164702,66.14281767,8.622745036,9.224331899,48.8973276,2
B00163,B00163_R1,159,Gate_1,Purple_2,2,3,0.762,2.54,66.68,2.54,1.143,81.21,3,4,-14.53,0.2032,0.762,0.762,2.54,2.3368,2.7178,2.3368,1,3,3,300,0,2,3,1.6256,0,1.8796,1.4224,66.68,81.21,3,4,2.3368,2.7178,-1,-14.53,0.381,4.6736,24.4486638,91.1286638,208.8713362,0,0,0.696237787,64.19034577,69.68,1.4224,1.8796,1.4224,1.8796,5.614810721,7.41957131,5.614810721,7.41957131,2.3368,9.224331899,91.1286638,132.806949,60.12694904,7.41957131,7.41957131,41.67828524,1
B00163,B00163_R1,163,Orange_1,Green_5,3,3,0.762,2.54,66.68,2.54,1.143,81.21,3,4,-14.53,1.6764,2.54,1.9812,0.7112,1.4224,2.2606,3.2512,3,3,3,300,0,3,3,3.2512,3.2512,2.3368,2.3368,66.68,81.21,3,4,1.4224,2.2606,-1,-14.53,0.8382,4.6736,24.4486638,91.1286638,208.8713362,0,0,0.696237787,64.19034577,69.68,2.3368,2.3368,1.4224,2.1844,9.224331899,9.224331899,5.614810721,8.622745036,1.4224,5.614810721,91.1286638,136.4164702,63.73647022,9.224331899,8.622745036,45.28780642,0
B00164,B00164_R2,162,Yellow_5,Orange_2,1,3,1.9812,0.7112,78.02,2.54,1.143,74.92,4,3,3.1,1.0668,0.7112,1.9812,2.54,1.4224,2.413,3.2512,3,3,3,300,1,1,3,1.4224,1.4224,3.556,3.556,74.92,78.02,3,4,2.413,1.4224,-1,-3.1,-0.9906,5.6642,28.35897841,103.2789784,196.7210216,0,0,0.655736739,52.96423149,77.92,3.556,3.556,2.413,2.6797,14.0370268,14.0370268,9.525125331,10.57790234,2.413,9.525125331,103.2789784,155.4850338,80.28010895,14.0370268,10.57790234,52.20605534,2
B00164,B00164_R2,164,Gate_1,Purple_1,2,3,1.9812,0.7112,78.02,2.54,1.143,74.92,4,3,3.1,0.2032,0.762,0.4572,2.54,2.3368,2.7178,2.032,1,3,3,300,1,2,3,0.7112,0,2.4892,2.032,74.92,78.02,3,4,2.7178,2.3368,-1,-3.1,-0.381,4.7498,24.74945723,99.66945723,200.3305428,3.609521178,0,0.667768476,63.16055413,77.92,2.032,2.4892,2.7178,3.1369,8.021158173,9.825918762,10.72829906,12.38266293,2.7178,10.72829906,99.66945723,155.4850338,75.46741404,9.825918762,12.38266293,55.81557652,1
B00164,B00164_R2,160,Gate_1,Green_7,3,3,1.9812,0.7112,78.02,2.54,1.143,74.92,4,3,3.1,0.2032,0.762,2.54,1.143,2.3368,2.7178,2.7178,1,3,3,300,1,3,3,0.7112,0,2.5654,2.413,74.92,78.02,3,4,2.7178,2.3368,-1,-3.1,-0.381,5.4356,27.45659811,102.3765981,197.6234019,0.902380294,0,0.658744673,55.19169917,77.92,2.413,2.5654,2.032,2.794,9.525125331,10.12671219,8.021158173,11.02909249,2.7178,10.72829906,102.3765981,152.7778929,73.36186002,10.12671219,11.02909249,50.40129475,0
B00165,B00165_R1,159,Gate_1,Purple_2,1,3,1.9812,0.7112,64.46,2.54,1.143,89.56,3,4,-25.1,0.2032,0.762,0.762,2.54,2.3368,2.7178,2.3368,1,3,3,300,0,1,3,2.794,2.3368,2.4892,1.4224,64.46,89.56,3,4,2.3368,2.7178,-1,-25.1,0.381,4.6736,24.4486638,88.9086638,211.0913362,7.219042356,0,0.703637787,64.19034577,67.46,1.4224,2.4892,1.3462,1.8415,5.614810721,9.825918762,5.31401729,7.269174594,2.3368,9.224331899,88.9086638,137.2044045,71.85789287,9.825918762,7.269174594,48.29574073,2
B00165,B00165_R1,163,Orange_1,Green_5,2,3,1.9812,0.7112,64.46,2.54,1.143,89.56,3,4,-25.1,1.6764,2.54,1.9812,0.7112,3.2512,2.2606,3.2512,3,3,3,300,0,2,3,3.2512,3.2512,1.4224,0.508,64.46,89.56,3,4,3.2512,2.2606,-1,-25.1,-0.9906,6.5024,31.66770615,96.12770615,203.8722938,0,0,0.679574313,46.13681102,67.46,0.508,1.4224,1.4224,1.9177,2.005289543,5.614810721,5.614810721,7.569968026,3.2512,12.83385308,96.12770615,133.8956768,56.21663443,5.614810721,7.569968026,37.76797063,1
B00165,B00165_R1,165,Green_2,Gate_3,3,3,1.9812,0.7112,64.46,2.54,1.143,89.56,3,4,-25.1,1.9812,0.2032,0.2032,1.6002,0.508,1.4986,3.175,2,3,3,300,0,3,3,2.794,2.3368,1.8796,1.3462,64.46,89.56,3,4,0.508,1.4986,-1,-25.1,0.9906,3.683,20.53834919,84.99834919,215.0016508,11.12935697,0,0.716672169,81.45533532,67.46,1.3462,1.8796,0.508,2.032,5.31401729,7.41957131,2.005289543,8.021158173,0.508,2.005289543,84.99834919,141.1147191,70.95551257,7.41957131,8.021158173,56.11636995,0
B00166,B00166_R1,166,Green_1,Purple_3,1,4,0.2032,1.6002,76.68,2.54,1.143,74.04,4,3,2.64,1.6764,0.2032,1.0668,2.54,2.8702,1.8034,2.9464,3,3,3,300,0,1,4,1.9304,0.8128,2.3368,1.1176,76.68,74.04,4,3,2.8702,1.8034,1,2.64,-1.0668,5.8166,28.96056527,105.6405653,194.3594347,2.10555402,0,0.647864782,51.57652237,80.68,1.1176,2.3368,0.8128,2.3114,4.411636995,9.224331899,3.208463269,9.124067422,2.8702,11.32988592,105.6405653,177.4825895,107.6364426,9.224331899,9.124067422,71.84202424,3
B00166,B00166_R1,163,Orange_1,Green_5,2,4,0.2032,1.6002,76.68,2.54,1.143,74.04,4,3,2.64,1.6764,2.54,1.9812,0.7112,2.413,2.2606,3.2512,3,3,3,300,0,2,4,3.1496,2.9464,1.2192,0.508,76.68,74.04,4,3,2.413,2.2606,1,2.64,-0.1524,5.6642,28.35897841,105.0389784,194.9610216,2.707140883,0,0.649870072,52.96423149,80.68,0.508,1.2192,1.1176,1.651,2.005289543,4.812694904,4.411636995,6.517191016,2.413,9.525125331,105.0389784,180.4905238,95.00311846,4.812694904,6.517191016,75.45154542,2
B00166,B00166_R1,165,Green_2,Gate_3,3,4,0.2032,1.6002,76.68,2.54,1.143,74.04,4,3,2.64,1.9812,0.2032,0.2032,1.6002,3.175,1.4986,3.175,2,3,3,300,0,3,4,2.1336,0.8128,2.2098,1.3462,76.68,74.04,4,3,3.175,1.4986,1,2.64,-1.6764,6.35,31.06611929,107.7461193,192.2538807,0,0,0.640846269,47.24409449,80.68,1.3462,2.2098,0.508,2.4384,5.31401729,8.723009513,2.005289543,9.625389808,3.175,12.53305965,107.7461193,175.0762421,104.0269214,8.723009513,9.625389808,67.33012276,1
B00166,B00166_R1,159,Gate_1,Purple_2,4,4,0.2032,1.6002,76.68,2.54,1.143,74.04,4,3,2.64,0.2032,0.762,0.762,2.54,1.3462,2.7178,2.3368,1,3,3,300,0,4,4,2.54,2.032,2.7432,1.4224,76.68,74.04,4,3,1.3462,2.7178,1,2.64,1.3716,3.683,20.53834919,97.21834919,202.7816508,10.5277701,0,0.675938836,81.45533532,80.68,1.4224,2.7432,1.3462,2.1082,5.614810721,10.82856353,5.31401729,8.321951605,1.3462,5.31401729,97.21834919,185.6040122,120.8713536,10.82856353,8.321951605,88.38566297,0
B00167,B00167_R2,167,Orange_7,Gate_4,1,3,0.762,2.54,88.68,2.54,1.143,70.72,4,3,17.96,2.54,1.6002,0.2032,1.9812,2.7178,0.9652,2.7178,2,3,3,300,1,1,3,3.175,3.175,1.7272,1.7272,70.72,88.68,3,4,0.9652,2.7178,-1,-17.96,1.7526,3.683,20.53834919,91.25834919,208.7416508,6.918248924,0,0.695805503,81.45533532,73.72,1.7272,1.7272,0.9652,1.9939,6.817984447,6.817984447,3.810050132,7.870761457,0.9652,3.810050132,91.25834919,143.4644045,65.84202424,6.817984447,7.870761457,52.20605534,2
B00167,B00167_R2,164,Gate_1,Purple_1,2,3,0.762,2.54,88.68,2.54,1.143,70.72,4,3,17.96,0.2032,0.762,0.4572,2.54,2.3368,2.7178,2.032,1,3,3,300,1,2,3,1.5875,0,2.5273,2.032,70.72,88.68,3,4,2.7178,2.3368,-1,-17.96,-0.381,4.7498,24.74945723,95.46945723,204.5305428,2.707140883,0,0.681768476,63.16055413,73.72,2.032,2.5273,1.7272,2.2225,8.021158173,9.976315478,6.817984447,8.773141752,2.7178,10.72829906,95.46945723,139.5540899,67.94757826,9.976315478,8.773141752,44.08463269,1
B00167,B00167_R2,160,Gate_1,Green_7,3,3,0.762,2.54,88.68,2.54,1.143,70.72,4,3,17.96,0.2032,0.762,2.54,1.143,2.3368,2.7178,2.7178,1,3,3,300,1,3,3,1.5875,0,1.8415,0.9652,70.72,88.68,3,4,2.7178,2.3368,-1,-17.96,-0.381,5.4356,27.45659811,98.17659811,201.8234019,0,0,0.672744673,55.19169917,73.72,0.9652,1.8415,1.7272,1.8796,3.810050132,7.269174594,6.817984447,7.41957131,2.7178,10.72829906,98.17659811,139.5540899,59.82615561,7.269174594,7.41957131,41.37749181,0
B00168,B00168_R2,160,Gate_1,Green_7,1,3,0.762,2.54,81.27,2.54,1.143,70.63,4,3,10.64,0.2032,0.762,2.54,1.143,2.3368,2.7178,2.7178,1,3,3,300,1,1,3,1.1684,0,2.1082,1.4986,70.63,81.27,3,4,2.7178,2.3368,-1,-10.64,-0.381,5.4356,27.45659811,98.08659811,201.9134019,0,0,0.673044673,55.19169917,73.63,1.4986,2.1082,1.3462,1.6891,5.915604153,8.321951605,5.31401729,6.667587731,2.7178,10.72829906,98.08659811,141.8704374,65.84202424,8.321951605,6.667587731,43.78383926,2
B00168,B00168_R2,168,Green_5,Gate_3,2,3,0.762,2.54,81.27,2.54,1.143,70.63,4,3,10.64,1.9812,0.7112,0.2032,1.6002,3.556,1.4986,3.175,2,3,3,300,1,2,3,2.3368,2.3368,1.3462,1.3462,70.63,81.27,3,4,1.4986,3.556,-1,-10.64,2.0574,4.6736,24.4486638,95.0786638,204.9213362,3.007934315,0,0.683071121,64.19034577,73.63,1.3462,1.3462,1.4986,2.6797,5.31401729,5.31401729,5.915604153,10.57790234,1.4986,5.915604153,95.0786638,147.2847191,62.83408992,5.31401729,10.57790234,52.20605534,1
B00168,B00168_R2,164,Gate_1,Purple_1,3,3,0.762,2.54,81.27,2.54,1.143,70.63,4,3,10.64,0.2032,0.762,0.4572,2.54,2.3368,2.7178,2.032,1,3,3,300,1,3,3,1.1684,0,2.9464,2.032,70.63,81.27,3,4,2.7178,2.3368,-1,-10.64,-0.381,4.7498,24.74945723,95.37945723,204.6205428,2.707140883,0,0.682068476,63.16055413,73.63,2.032,2.9464,1.3462,2.032,8.021158173,11.63067935,5.31401729,8.021158173,2.7178,10.72829906,95.37945723,141.8704374,75.16662061,11.63067935,8.021158173,46.49098014,0
B00169,B00169_R1,165,Green_2,Gate_3,1,3,0.762,2.54,66.88,0.4572,2.54,83.54,3,4,-16.66,1.9812,0.2032,0.2032,1.6002,3.556,3.8608,3.175,2,3,3,300,0,1,3,2.3368,2.3368,1.3462,1.3462,66.88,83.54,3,4,3.556,3.8608,-1,-16.66,0.3048,6.731,32.57008645,99.45008645,200.5499136,0,0,0.668499712,44.56990046,69.88,1.3462,1.3462,1.7272,2.6416,5.31401729,5.31401729,6.817984447,10.42750563,3.556,14.0370268,99.45008645,136.3156768,54.71266727,5.31401729,10.42750563,36.86559034,2
B00169,B00169_R1,169,Gate_1,Yellow_4,2,3,0.762,2.54,66.88,0.4572,2.54,83.54,3,4,-16.66,0.2032,0.762,0.762,0.7112,2.3368,2.032,1.1176,1,3,3,300,0,2,3,1.1684,0,1.4224,1.1176,66.88,83.54,3,4,2.3368,2.032,-1,-16.66,-0.3048,3.4544,19.63596889,86.51596889,213.4840311,12.93411755,0,0.711613437,86.84576193,69.88,1.1176,1.4224,1.3462,1.8415,4.411636995,5.614810721,5.31401729,7.269174594,2.3368,9.224331899,86.51596889,139.6244045,68.24837169,5.614810721,7.269174594,53.10843564,1
B00169,B00169_R1,159,Gate_1,Purple_2,3,3,0.762,2.54,66.88,0.4572,2.54,83.54,3,4,-16.66,0.2032,0.762,0.762,2.54,2.3368,2.032,2.3368,1,3,3,300,0,3,3,1.1684,0,2.9464,2.3368,66.88,83.54,3,4,2.3368,2.032,-1,-16.66,-0.3048,4.6736,24.4486638,91.3286638,208.6713362,8.12142265,0,0.695571121,64.19034577,69.88,2.3368,2.9464,1.1176,1.2319,9.224331899,11.63067935,4.411636995,4.862827142,2.3368,9.224331899,91.3286638,138.7220242,75.46741404,11.63067935,4.862827142,47.39336044,0
B00170,B00170_R2,168,Green_5,Gate_3,1,3,0.762,2.54,74.29,0.4572,2.54,69.89,4,3,4.4,1.9812,0.7112,0.2032,1.6002,3.556,3.8608,3.175,2,3,3,300,1,1,3,2.3368,2.3368,1.3462,1.3462,69.89,74.29,3,4,3.8608,3.556,-1,-4.4,-0.3048,7.0358,33.77326017,103.6632602,196.3367398,0,0,0.654455799,42.63907445,72.89,1.3462,1.3462,0.8128,2.3368,5.31401729,5.31401729,3.208463269,9.224331899,3.8608,15.24020053,103.6632602,135.7161556,54.71266727,5.31401729,9.224331899,32.05289543,2
B00170,B00170_R2,164,Gate_1,Purple_1,2,3,0.762,2.54,74.29,0.4572,2.54,69.89,4,3,4.4,0.2032,0.762,0.4572,2.54,2.3368,2.032,2.032,1,3,3,300,1,2,3,1.1684,0,2.9464,2.032,69.89,74.29,3,4,2.032,2.3368,-1,-4.4,0.3048,4.064,22.04231635,91.93231635,208.0676837,11.73094383,0,0.693558946,73.81889764,72.89,2.032,2.9464,1.3462,1.6891,8.021158173,11.63067935,5.31401729,6.667587731,2.032,8.021158173,91.93231635,145.040752,79.07693522,11.63067935,6.667587731,53.10843564,1
B00170,B00170_R2,170,Gate_1,Green_1,3,3,0.762,2.54,74.29,0.4572,2.54,69.89,4,3,4.4,0.2032,0.762,1.6764,0.2032,2.3368,2.032,2.032,1,3,3,300,1,3,3,1.1684,0,1.4224,0.8128,69.89,74.29,3,4,2.032,2.3368,-1,-4.4,0.3048,4.064,22.04231635,91.93231635,208.0676837,11.73094383,0,0.693558946,73.81889764,72.89,0.8128,1.4224,1.3462,1.6891,3.208463269,5.614810721,5.31401729,6.667587731,2.032,8.021158173,91.93231635,145.040752,67.04519796,5.614810721,6.667587731,53.10843564,0
B00171,B00171_R1,165,Green_2,Gate_3,1,4,0.762,2.54,55.9,1.6764,0.2032,82.19,4,4,-26.29,1.9812,0.2032,0.2032,1.6002,3.556,0.8128,3.175,2,3,3,300,0,1,4,2.3368,2.3368,1.8034,1.3462,55.9,82.19,4,4,3.556,0.8128,0,-26.29,-2.7432,6.731,32.57008645,88.47008645,211.5299136,0,0,0.705099712,44.56990046,59.9,1.3462,1.8034,1.7272,2.8194,5.31401729,7.118777879,6.817984447,11.12935697,3.556,14.0370268,88.47008645,151.2883077,91.39359728,7.118777879,11.12935697,62.81822129,3
B00171,B00171_R1,169,Gate_1,Yellow_4,2,4,0.762,2.54,55.9,1.6764,0.2032,82.19,4,4,-26.29,0.2032,0.762,0.762,0.7112,2.3368,2.032,1.1176,1,3,3,300,0,2,4,1.964266667,0,2.1336,1.1176,55.9,82.19,4,4,2.3368,2.032,0,-26.29,-0.3048,3.4544,19.63596889,75.53596889,224.4640311,12.93411755,0,0.748213437,86.84576193,59.9,1.1176,2.1336,1.3462,1.6764,4.411636995,8.422216082,5.31401729,6.617455493,2.3368,9.224331899,75.53596889,154.5970355,108.2380294,8.422216082,6.617455493,79.06106659,2
B00171,B00171_R1,159,Gate_1,Purple_2,3,4,0.762,2.54,55.9,1.6764,0.2032,82.19,4,4,-26.29,0.2032,0.762,0.762,2.54,2.3368,2.032,2.3368,1,3,3,300,0,3,4,1.964266667,0,2.7432,2.3368,55.9,82.19,4,4,2.3368,2.032,0,-26.29,-0.3048,4.6736,24.4486638,80.3486638,219.6513362,8.12142265,0,0.732171121,64.19034577,59.9,2.3368,2.7432,1.1176,1.27,9.224331899,10.82856353,4.411636995,5.013223858,2.3368,9.224331899,80.3486638,153.6946552,110.6443769,10.82856353,5.013223858,73.34599139,1
B00171,B00171_R1,171,Orange_6,Gate_3,4,4,0.762,2.54,55.9,1.6764,0.2032,82.19,4,4,-26.29,2.54,1.9812,0.2032,1.6002,2.3368,2.6416,2.7178,2,3,3,300,0,4,4,3.1496,2.3368,1.9558,1.3462,55.9,82.19,4,4,2.3368,2.6416,0,-26.29,0.3048,5.0546,25.95263096,81.85263096,218.147369,6.617455493,0,0.727157897,59.3518775,59.9,1.3462,1.9558,2.3368,2.8702,5.31401729,7.720364742,9.224331899,11.32988592,2.3368,9.224331899,81.85263096,158.5073501,99.81581337,7.720364742,11.32988592,76.65471914,0
B00172,B00172_R2,172,Gate_1,Purple_1,1,3,0.2032,1.6002,79.73,1.6764,0.2032,68.55,4,3,11.18,0.2032,0.762,0.4572,2.54,1.3462,2.032,2.032,1,3,3,300,1,1,3,0,0,2.032,2.032,68.55,79.73,3,4,2.032,1.3462,-1,-11.18,-0.6858,4.064,22.04231635,90.59231635,209.4076837,0,0,0.698025612,73.81889764,71.55,2.032,2.032,2.032,2.032,8.021158173,8.021158173,8.021158173,8.021158173,2.032,8.021158173,90.59231635,134.676949,60.12694904,8.021158173,8.021158173,44.08463269,2
B00172,B00172_R2,170,Gate_1,Green_1,2,3,0.2032,1.6002,79.73,1.6764,0.2032,68.55,4,3,11.18,0.2032,0.762,1.6764,0.2032,1.3462,2.032,2.032,1,3,3,300,1,2,3,0,0,2.032,2.032,68.55,79.73,3,4,2.032,1.3462,-1,-11.18,-0.6858,4.064,22.04231635,90.59231635,209.4076837,0,0,0.698025612,73.81889764,71.55,2.032,2.032,2.032,2.032,8.021158173,8.021158173,8.021158173,8.021158173,2.032,8.021158173,90.59231635,134.676949,60.12694904,8.021158173,8.021158173,44.08463269,1
B00172,B00172_R2,164,Gate_1,Purple_1,3,3,0.2032,1.6002,79.73,1.6764,0.2032,68.55,4,3,11.18,0.2032,0.762,0.4572,2.54,1.3462,2.032,2.032,1,3,3,300,1,3,3,0,0,2.032,2.032,68.55,79.73,3,4,2.032,1.3462,-1,-11.18,-0.6858,4.064,22.04231635,90.59231635,209.4076837,0,0,0.698025612,73.81889764,71.55,2.032,2.032,2.032,2.032,8.021158173,8.021158173,8.021158173,8.021158173,2.032,8.021158173,90.59231635,134.676949,60.12694904,8.021158173,8.021158173,44.08463269,0
B00173,B00173_R1,169,Gate_1,Yellow_4,1,4,0.2032,1.6002,65.32,0.4572,2.54,81.75,4,4,-16.44,0.2032,0.762,0.762,0.7112,1.3462,2.032,1.1176,1,3,3,300,0,1,4,1.185333333,0,1.9304,1.1176,65.32,81.75,4,4,1.3462,2.032,0,-16.43,0.6858,2.4638,15.72565428,81.04565428,218.9543457,11.73094383,0,0.729847819,121.7631301,69.32,1.1176,1.9304,1.3462,2.1082,4.411636995,7.620100264,5.31401729,8.321951605,1.3462,5.31401729,81.04565428,150.7821245,92.59677101,7.620100264,8.321951605,69.73647022,3
B00173,B00173_R1,173,Gate_1,Purple_5,2,4,0.2032,1.6002,65.32,0.4572,2.54,81.75,4,4,-16.44,0.2032,0.762,1.0668,2.032,1.3462,2.032,2.6416,1,3,3,300,0,2,4,1.185333333,0,2.4384,2.032,65.32,81.75,4,4,1.3462,2.032,0,-16.43,0.6858,3.9878,21.74152291,87.06152291,212.9384771,5.715075198,0,0.709794924,75.22944982,69.32,2.032,2.4384,1.1176,1.6002,8.021158173,9.625389808,4.411636995,6.316662061,1.3462,5.31401729,87.06152291,149.8797442,92.59677101,9.625389808,6.316662061,62.81822129,2
B00173,B00173_R1,171,Orange_6,Gate_3,3,4,0.2032,1.6002,65.32,0.4572,2.54,81.75,4,4,-16.44,2.54,1.9812,0.2032,1.6002,2.7178,2.6416,2.7178,2,3,3,300,0,3,4,3.556,3.556,1.3462,1.3462,65.32,81.75,4,4,2.7178,2.6416,0,-16.43,-0.0762,5.4356,27.45659811,92.77659811,207.2234019,0,0,0.690744673,55.19169917,69.32,1.3462,1.3462,2.032,2.6416,5.31401729,5.31401729,8.021158173,10.42750563,2.7178,10.72829906,92.77659811,148.0749836,73.94757826,5.31401729,10.42750563,55.29838551,1
B00173,B00173_R1,159,Gate_1,Purple_2,4,4,0.2032,1.6002,65.32,0.4572,2.54,81.75,4,4,-16.44,0.2032,0.762,0.762,2.54,1.3462,2.032,2.3368,1,3,3,300,0,4,4,1.185333333,0,2.3368,2.3368,65.32,81.75,4,4,1.3462,2.032,0,-16.43,0.6858,3.683,20.53834919,85.85834919,214.1416508,6.918248924,0,0.713805503,81.45533532,69.32,2.3368,2.3368,1.1176,1.7018,9.224331899,9.224331899,4.411636995,6.71771997,1.3462,5.31401729,85.85834919,149.8797442,92.59677101,9.224331899,6.71771997,64.02139502,0
B00174,B00174_R2,164,Gate_1,Purple_1,1,4,0.762,2.54,77.54,0.4572,2.54,63.42,4,4,14.12,0.2032,0.762,0.4572,2.54,2.3368,2.032,2.032,1,3,3,300,1,1,4,1.083733333,0,1.9304,1.7272,63.42,77.54,4,4,2.032,2.3368,0,-14.12,0.3048,4.064,22.04231635,85.46231635,214.5376837,4.812694904,0,0.715125612,73.81889764,67.42,1.7272,1.9304,0.8128,1.6256,6.817984447,7.620100264,3.208463269,6.416926539,2.032,8.021158173,85.46231635,151.5892654,93.79994474,7.620100264,6.416926539,66.12694904,3
B00174,B00174_R2,174,Orange_4,Yellow_1,2,4,0.762,2.54,77.54,0.4572,2.54,63.42,4,4,14.12,1.6764,2.032,0.4572,0.2032,1.4224,1.7272,3.556,3,3,3,300,1,2,4,3.2512,3.2512,0.8128,0.8128,63.42,77.54,4,4,1.7272,1.4224,0,-14.12,-0.3048,5.2832,26.85501125,90.27501125,209.7249887,0,0,0.699083296,56.78376741,67.42,0.8128,0.8128,1.7272,2.1336,3.208463269,3.208463269,6.817984447,8.422216082,1.7272,6.817984447,90.27501125,156.4019603,75.75233885,3.208463269,8.422216082,66.12694904,2
B00174,B00174_R2,170,Gate_1,Green_1,3,4,0.762,2.54,77.54,0.4572,2.54,63.42,4,4,14.12,0.2032,0.762,1.6764,0.2032,2.3368,2.032,2.032,1,3,3,300,1,3,4,1.083733333,0,2.3368,2.032,63.42,77.54,4,4,2.032,2.3368,0,-14.12,0.3048,4.064,22.04231635,85.46231635,214.5376837,4.812694904,0,0.715125612,73.81889764,67.42,2.032,2.3368,0.8128,1.6256,8.021158173,9.224331899,3.208463269,6.416926539,2.032,8.021158173,85.46231635,151.5892654,98.61263964,9.224331899,6.416926539,66.12694904,1
B00174,B00174_R2,172,Gate_1,Purple_1,4,4,0.762,2.54,77.54,0.4572,2.54,63.42,4,4,14.12,0.2032,0.762,0.4572,2.54,2.3368,2.032,2.032,1,3,3,300,1,4,4,1.083733333,0,1.9304,1.7272,63.42,77.54,4,4,2.032,2.3368,0,-14.12,0.3048,4.064,22.04231635,85.46231635,214.5376837,4.812694904,0,0.715125612,73.81889764,67.42,1.7272,1.9304,0.8128,1.6256,6.817984447,7.620100264,3.208463269,6.416926539,2.032,8.021158173,85.46231635,151.5892654,93.79994474,7.620100264,6.416926539,66.12694904,0
B00175,B00175_R1,173,Gate_1,Purple_5,1,4,0.762,2.54,70.13,0.4572,2.54,80.15,4,4,-10.02,0.2032,0.762,1.0668,2.032,2.3368,2.032,2.6416,1,3,3,300,0,1,4,1.481666667,0,2.3114,2.032,70.13,80.15,4,4,2.3368,2.032,0,-10.02,-0.3048,4.9784,25.65183752,95.78183752,204.2181625,0.300793431,0,0.680727208,60.2603246,74.13,2.032,2.3114,1.1176,1.6002,8.021158173,9.124067422,4.411636995,6.316662061,2.3368,9.224331899,95.78183752,161.0064063,97.40946591,9.124067422,6.316662061,65.22456874,3
B00175,B00175_R1,171,Orange_6,Gate_3,2,4,0.762,2.54,70.13,0.4572,2.54,80.15,4,4,-10.02,2.54,1.9812,0.2032,1.6002,2.3368,2.6416,2.7178,2,3,3,300,0,2,4,3.429,3.175,1.2192,0.9652,70.13,80.15,4,4,2.3368,2.6416,0,-10.02,0.3048,5.0546,25.95263096,96.08263096,203.917369,0,0,0.679724563,59.3518775,74.13,0.9652,1.2192,2.032,2.6416,3.810050132,4.812694904,8.021158173,10.42750563,2.3368,9.224331899,96.08263096,164.6159274,84.17455493,4.812694904,10.42750563,68.53329649,2
B00175,B00175_R1,175,Gate_2,Yellow_2,3,4,0.762,2.54,70.13,0.4572,2.54,80.15,4,4,-10.02,0.2032,1.143,0.762,0.2032,1.9558,1.651,1.4986,1,3,3,300,0,3,4,1.651,0.889,1.9304,1.1176,70.13,80.15,4,4,1.9558,1.651,0,-10.02,-0.3048,3.4544,19.63596889,89.76596889,210.2340311,6.316662061,0,0.700780104,86.84576193,74.13,1.1176,1.9304,0.9652,1.7272,4.411636995,7.620100264,3.810050132,6.817984447,1.9558,7.720364742,89.76596889,161.9087866,98.91343307,7.620100264,6.817984447,72.14281767,1
B00175,B00175_R1,159,Gate_1,Purple_2,4,4,0.762,2.54,70.13,0.4572,2.54,80.15,4,4,-10.02,0.2032,0.762,0.762,2.54,2.3368,2.032,2.3368,1,3,3,300,0,4,4,1.481666667,0,2.2098,1.9558,70.13,80.15,4,4,2.3368,2.032,0,-10.02,-0.3048,4.6736,24.4486638,94.5786638,205.4213362,1.503967157,0,0.684737787,64.19034577,74.13,1.9558,2.2098,1.1176,1.7018,7.720364742,8.723009513,4.411636995,6.71771997,2.3368,9.224331899,94.5786638,161.0064063,97.40946591,8.723009513,6.71771997,66.42774247,0
B00176,B00176_R2,174,Orange_4,Yellow_1,1,4,0.762,2.54,77.54,0.4572,2.54,71.33,4,4,6.21,1.6764,2.032,0.4572,0.2032,1.4224,1.7272,3.556,3,3,3,300,1,1,4,3.048,2.6416,1.4224,0.8128,71.33,77.54,4,4,1.7272,1.4224,0,-6.21,-0.3048,5.2832,26.85501125,98.18501125,201.8149887,6.918248924,0,0.672716629,56.78376741,75.33,0.8128,1.4224,1.7272,2.3622,3.208463269,5.614810721,6.817984447,9.324596376,1.7272,6.817984447,98.18501125,176.0429041,94.70232503,5.614810721,9.324596376,77.85789287,3
B00176,B00176_R2,170,Gate_1,Green_1,2,4,0.762,2.54,77.54,0.4572,2.54,71.33,4,4,6.21,0.2032,0.762,1.6764,0.2032,2.3368,2.032,2.032,1,3,3,300,1,2,4,2.065866667,0,2.1336,1.4224,71.33,77.54,4,4,2.032,2.3368,0,-6.21,0.3048,4.064,22.04231635,93.37231635,206.6276837,11.73094383,0,0.688758946,73.81889764,75.33,1.4224,2.1336,0.8128,1.397,5.614810721,8.422216082,3.208463269,5.514546244,2.032,8.021158173,93.37231635,171.2302092,107.937236,8.422216082,5.514546244,77.85789287,2
B00176,B00176_R2,176,Green_6,Gate_3,3,4,0.762,2.54,77.54,0.4572,2.54,71.33,4,4,6.21,2.54,0.762,0.2032,1.6002,3.556,3.8608,3.175,2,3,3,300,1,3,4,2.8448,2.6416,1.7018,1.3462,71.33,77.54,4,4,3.8608,3.556,0,-6.21,-0.3048,7.0358,33.77326017,105.1032602,194.8967398,0,0,0.649655799,42.63907445,75.33,1.3462,1.7018,1.4224,2.6416,5.31401729,6.71771997,5.614810721,10.42750563,3.8608,15.24020053,105.1032602,166.4175143,91.09280385,6.71771997,10.42750563,61.31425413,1
B00176,B00176_R2,172,Gate_1,Purple_1,4,4,0.762,2.54,77.54,0.4572,2.54,71.33,4,4,6.21,0.2032,0.762,0.4572,2.54,2.3368,2.032,2.032,1,3,3,300,1,4,4,2.065866667,0,2.54,1.7272,71.33,77.54,4,4,2.032,2.3368,0,-6.21,0.3048,4.064,22.04231635,93.37231635,206.6276837,11.73094383,0,0.688758946,73.81889764,75.33,1.7272,2.54,0.8128,1.397,6.817984447,10.02644772,3.208463269,5.514546244,2.032,8.021158173,93.37231635,171.2302092,112.7499309,10.02644772,5.514546244,77.85789287,0
B00177,B00177_R1,171,Orange_6,Gate_3,1,4,0.762,2.54,69.23,0.4572,2.54,85.36,4,4,-16.13,2.54,1.9812,0.2032,1.6002,2.3368,2.6416,2.7178,2,3,3,300,0,1,4,3.3274,3.175,1.524,0.9652,69.23,85.36,4,4,2.3368,2.6416,0,-16.13,0.3048,5.0546,25.95263096,95.18263096,204.817369,3.308727746,0,0.682724563,59.3518775,73.23,0.9652,1.524,2.3368,2.9464,3.810050132,6.01586863,9.224331899,11.63067935,2.3368,9.224331899,95.18263096,168.5286224,91.39359728,6.01586863,11.63067935,73.34599139,3
B00177,B00177_R1,175,Gate_2,Yellow_2,2,4,0.762,2.54,69.23,0.4572,2.54,85.36,4,4,-16.13,0.2032,1.143,0.762,0.2032,1.9558,1.651,1.4986,1,3,3,300,0,2,4,1.9558,0.889,1.8288,0.8128,69.23,85.36,4,4,1.9558,1.651,0,-16.13,-0.3048,3.4544,19.63596889,88.86596889,211.1340311,9.625389808,0,0.703780104,86.84576193,73.23,0.8128,1.8288,0.9652,1.4224,3.208463269,7.219042356,3.810050132,5.614810721,1.9558,7.720364742,88.86596889,164.6183077,101.3197805,7.219042356,5.614810721,75.75233885,2
B00177,B00177_R1,177,Yellow_5,Gate_4,3,4,0.762,2.54,69.23,0.4572,2.54,85.36,4,4,-16.13,1.0668,0.7112,0.2032,1.9812,3.2512,2.9464,2.6416,2,3,3,300,0,3,4,2.159,1.4224,2.0066,1.3462,69.23,85.36,4,4,3.2512,2.9464,0,-16.13,-0.3048,5.8928,29.2613587,98.4913587,201.5086413,0,0,0.671695471,50.90958458,73.23,1.3462,2.0066,0.8128,2.1082,5.31401729,7.920893696,3.208463269,8.321951605,3.2512,12.83385308,98.4913587,158.9032325,93.79994474,7.920893696,8.321951605,60.41187384,1
B00177,B00177_R1,159,Gate_1,Purple_2,4,4,0.762,2.54,69.23,0.4572,2.54,85.36,4,4,-16.13,0.2032,0.762,0.762,2.54,2.3368,2.032,2.3368,1,3,3,300,0,4,4,1.9558,0.889,2.5146,1.9558,69.23,85.36,4,4,2.3368,2.032,0,-16.13,-0.3048,4.6736,24.4486638,93.6786638,206.3213362,4.812694904,0,0.687737787,64.19034577,73.23,1.9558,2.5146,1.1176,1.397,7.720364742,9.926183239,4.411636995,5.514546244,2.3368,9.224331899,93.6786638,163.7159274,104.6285083,9.926183239,5.514546244,70.03726365,0
B00178,B00178_R2,172,Gate_1,Purple_1,1,4,0.762,2.54,82.23,0.4572,2.54,77.75,4,4,4.48,0.2032,0.762,0.4572,2.54,2.3368,2.032,2.032,1,3,3,300,1,1,4,0.982133333,0,2.6416,2.032,77.75,82.23,4,4,2.032,2.3368,0,-4.48,0.3048,4.064,22.04231635,99.79231635,200.2076837,11.73094383,0,0.667358946,73.81889764,81.75,2.032,2.6416,1.3462,2.2098,8.021158173,10.42750563,5.31401729,8.723009513,2.032,8.021158173,99.79231635,179.7557632,113.9531046,10.42750563,8.723009513,79.96344689,3
B00178,B00178_R2,170,Gate_1,Green_1,2,4,0.762,2.54,82.23,0.4572,2.54,77.75,4,4,4.48,0.2032,0.762,1.6764,0.2032,2.3368,2.032,2.032,1,3,3,300,1,2,4,0.982133333,0,1.8288,1.4224,77.75,82.23,4,4,2.032,2.3368,0,-4.48,0.3048,4.064,22.04231635,99.79231635,200.2076837,11.73094383,0,0.667358946,73.81889764,81.75,1.4224,1.8288,1.3462,2.2098,5.614810721,7.219042356,5.31401729,8.723009513,2.032,8.021158173,99.79231635,179.7557632,104.3277148,7.219042356,8.723009513,79.96344689,2
B00178,B00178_R2,176,Green_6,Gate_3,3,4,0.762,2.54,82.23,0.4572,2.54,77.75,4,4,4.48,2.54,0.762,0.2032,1.6002,3.556,3.8608,3.175,2,3,3,300,1,3,4,2.9464,2.9464,1.3462,1.3462,77.75,82.23,4,4,3.8608,3.556,0,-4.48,-0.3048,7.0358,33.77326017,111.5232602,188.4767398,0,0,0.628255799,42.63907445,81.75,1.3462,1.3462,1.4224,2.6416,5.31401729,5.31401729,5.614810721,10.42750563,3.8608,15.24020053,111.5232602,172.8375143,86.88169581,5.31401729,10.42750563,61.31425413,1
B00178,B00178_R2,178,Gate_1,Orange_4,4,4,0.762,2.54,82.23,0.4572,2.54,77.75,4,4,4.48,0.2032,0.762,1.6764,2.032,2.3368,2.032,3.2512,1,3,3,300,1,4,4,0.982133333,0,3.048,2.6416,77.75,82.23,4,4,2.032,2.3368,0,-4.48,0.3048,5.2832,26.85501125,104.6050113,195.3949887,6.918248924,0,0.651316629,56.78376741,81.75,2.6416,3.048,1.3462,1.8034,10.42750563,12.03173726,5.31401729,7.118777879,2.032,8.021158173,104.6050113,179.7557632,113.9531046,12.03173726,7.118777879,75.15075198,0
B00179,B00179_R1,159,Gate_1,Purple_2,1,4,0.762,2.54,71.45,1.6764,2.032,87.89,4,4,-16.44,0.2032,0.762,0.762,2.54,2.3368,3.2512,2.3368,1,3,3,300,0,1,4,0.770466667,0,2.5146,1.9558,71.45,87.89,4,4,2.3368,3.2512,0,-16.44,0.9144,4.6736,24.4486638,95.8986638,204.1013362,4.812694904,0,0.680337787,64.19034577,75.45,1.9558,2.5146,1.1176,1.7272,7.720364742,9.926183239,4.411636995,6.817984447,2.3368,9.224331899,95.8986638,164.4319603,103.1245411,9.926183239,6.817984447,68.53329649,3
B00179,B00179_R1,175,Gate_2,Yellow_2,2,4,0.762,2.54,71.45,1.6764,2.032,87.89,4,4,-16.44,0.2032,1.143,0.762,0.2032,1.9558,2.8702,1.4986,1,3,3,300,0,2,4,1.1938,0.889,1.016,0.8128,71.45,87.89,4,4,1.9558,2.8702,0,-16.44,0.9144,3.4544,19.63596889,91.08596889,208.9140311,9.625389808,0,0.696380104,86.84576193,75.45,0.8128,1.016,1.3462,1.7526,3.208463269,4.010579087,5.31401729,6.918248924,1.9558,7.720364742,91.08596889,166.8383077,90.19042356,4.010579087,6.918248924,75.75233885,2
B00179,B00179_R1,177,Yellow_5,Gate_4,3,4,0.762,2.54,71.45,1.6764,2.032,87.89,4,4,-16.44,1.0668,0.7112,0.2032,1.9812,3.2512,2.9464,2.6416,2,3,3,300,0,3,4,1.5494,1.4224,1.6002,1.3462,71.45,87.89,4,4,3.2512,2.9464,0,-16.44,-0.3048,5.8928,29.2613587,100.7113587,199.2886413,0,0,0.664295471,50.90958458,75.45,1.3462,1.6002,0.8128,2.4384,5.31401729,6.316662061,3.208463269,9.625389808,3.2512,12.83385308,100.7113587,159.6192654,87.48328267,6.316662061,9.625389808,58.90790668,1
B00179,B00179_R1,179,Gate_1,Purple_4,4,4,0.762,2.54,71.45,1.6764,2.032,87.89,4,4,-16.44,0.2032,0.762,0.762,2.032,2.3368,3.2512,2.3368,1,3,3,300,0,4,4,0.770466667,0,2.5146,1.9558,71.45,87.89,4,4,2.3368,3.2512,0,-16.44,0.9144,4.6736,24.4486638,95.8986638,204.1013362,4.812694904,0,0.680337787,64.19034577,75.45,1.9558,2.5146,1.1176,1.7272,7.720364742,9.926183239,4.411636995,6.817984447,2.3368,9.224331899,95.8986638,164.4319603,103.1245411,9.926183239,6.817984447,68.53329649,0
B00180,B00180_R2,178,Gate_1,Orange_4,1,4,0.762,2.032,82.25,1.6764,2.032,81.6,4,4,0.65,0.2032,0.762,1.6764,2.032,2.3368,3.2512,3.2512,1,3,3,300,1,1,4,2.167466667,0,2.2352,0.8128,81.6,82.25,4,4,3.2512,2.3368,0,-0.65,-0.9144,6.5024,31.66770615,113.2677062,186.7322938,0,0,0.622440979,46.13681102,85.6,0.8128,2.2352,1.3462,1.5748,3.208463269,8.82327399,5.31401729,6.216397584,3.2512,12.83385308,113.2677062,181.5002092,102.2221608,8.82327399,6.216397584,68.23250306,3
B00180,B00180_R2,180,Orange_5,Gate_3,2,4,0.762,2.032,82.25,1.6764,2.032,81.6,4,4,0.65,1.9812,2.032,0.2032,1.6002,1.7272,0.8128,2.7178,2,3,3,300,1,2,4,3.1496,2.3368,1.9558,1.3462,81.6,82.25,4,4,0.8128,1.7272,0,-0.65,0.9144,3.5306,19.93676233,101.5367623,198.4632377,11.73094383,0,0.661544126,84.97139296,85.6,1.3462,1.9558,0.8128,2.2606,5.31401729,7.720364742,3.208463269,8.923538468,0.8128,3.208463269,101.5367623,189.020045,110.6443769,7.720364742,8.923538468,87.48328267,2
B00180,B00180_R2,170,Gate_1,Green_1,3,4,0.762,2.032,82.25,1.6764,2.032,81.6,4,4,0.65,0.2032,0.762,1.6764,0.2032,2.3368,3.2512,2.032,1,3,3,300,1,3,4,2.167466667,0,2.2352,1.4224,81.6,82.25,4,4,3.2512,2.3368,0,-0.65,-0.9144,5.2832,26.85501125,108.4550113,191.5449887,4.812694904,0,0.638483296,56.78376741,85.6,1.4224,2.2352,1.3462,1.9812,5.614810721,8.82327399,5.31401729,7.820629219,3.2512,12.83385308,108.4550113,181.5002092,107.0348557,8.82327399,7.820629219,73.04519796,1
B00180,B00180_R2,176,Green_6,Gate_3,4,4,0.762,2.032,82.25,1.6764,2.032,81.6,4,4,0.65,2.54,0.762,0.2032,1.6002,3.556,2.6416,3.175,2,3,3,300,1,4,4,2.7432,2.3368,1.8034,1.3462,81.6,82.25,4,4,2.6416,3.556,0,-0.65,0.9144,5.8166,28.96056527,110.5605653,189.4394347,2.707140883,0,0.631464782,51.57652237,85.6,1.3462,1.8034,1.4224,2.413,5.31401729,7.118777879,5.614810721,9.525125331,2.6416,10.42750563,110.5605653,184.2073501,99.81581337,7.118777879,9.525125331,73.64678483,0
B00181,B00181_R1,181,Green_6,Gate_3,1,4,0.762,2.032,73.94,0.2032,1.6002,90.67,4,4,-16.74,2.54,0.762,0.2032,1.6002,3.556,3.175,3.175,2,3,3,300,0,1,4,2.5654,2.032,1.524,0.9652,73.94,90.67,4,4,3.556,3.175,0,-16.73,-0.381,6.731,32.57008645,106.5100864,193.4899136,0,0,0.644966379,44.56990046,77.94,0.9652,1.524,2.3368,3.1496,3.810050132,6.01586863,9.224331899,12.43279517,3.556,14.0370268,106.5100864,175.0433829,91.39359728,6.01586863,12.43279517,68.53329649,3
B00181,B00181_R1,175,Gate_2,Yellow_2,2,4,0.762,2.032,73.94,0.2032,1.6002,90.67,4,4,-16.74,0.2032,1.143,0.762,0.2032,1.9558,0.9652,1.4986,1,3,3,300,0,2,4,1.8034,0.889,1.4224,0.8128,73.94,90.67,4,4,1.9558,0.9652,0,-16.73,-0.9906,3.4544,19.63596889,93.57596889,206.4240311,12.93411755,0,0.688080104,86.84576193,77.94,0.8128,1.4224,0.9652,1.4224,3.208463269,5.614810721,3.810050132,5.614810721,1.9558,7.720364742,93.57596889,175.9457632,103.1245411,5.614810721,5.614810721,82.36979434,2
B00181,B00181_R1,177,Yellow_5,Gate_4,3,4,0.762,2.032,73.94,0.2032,1.6002,90.67,4,4,-16.74,1.0668,0.7112,0.2032,1.9812,3.2512,2.2606,2.6416,2,3,3,300,0,3,4,1.7526,1.4224,2.2098,1.3462,73.94,90.67,4,4,3.2512,2.2606,0,-16.73,-0.9906,5.8928,29.2613587,103.2013587,196.7986413,3.308727746,0,0.655995471,50.90958458,77.94,1.3462,2.2098,0.8128,2.1082,5.31401729,8.723009513,3.208463269,8.321951605,3.2512,12.83385308,103.2013587,170.230688,102.8237477,8.723009513,8.321951605,67.02932933,1
B00181,B00181_R1,179,Gate_1,Purple_4,4,4,0.762,2.032,73.94,0.2032,1.6002,90.67,4,4,-16.74,0.2032,0.762,0.762,2.032,2.3368,1.3462,2.3368,1,3,3,300,0,4,4,1.7526,0.889,2.921,1.9558,73.94,90.67,4,4,2.3368,1.3462,0,-16.73,-0.9906,4.6736,24.4486638,98.3886638,201.6113362,8.12142265,0,0.672037787,64.19034577,77.94,1.9558,2.921,1.1176,1.397,7.720364742,11.53041487,4.411636995,5.514546244,2.3368,9.224331899,98.3886638,175.0433829,116.0586587,11.53041487,5.514546244,76.65471914,0
B00182,B00182_R2,182,Orange_5,Gate_4,1,4,0.762,2.032,90.61,0.2032,1.6002,79.81,4,4,10.8,1.9812,2.032,0.2032,1.9812,1.7272,2.7178,2.3368,2,3,3,300,1,1,4,1.964266667,0,2.54,1.7272,79.81,90.61,4,4,2.7178,1.7272,0,-10.8,-0.9906,5.0546,25.95263096,105.762631,194.237369,5.113488335,0,0.647457897,59.3518775,83.81,1.7272,2.54,2.7178,2.8956,6.817984447,10.02644772,10.72829906,11.4301504,2.7178,10.72829906,105.762631,183.6205238,107.937236,10.02644772,11.4301504,77.85789287,3
B00182,B00182_R2,180,Orange_5,Gate_3,2,4,0.762,2.032,90.61,0.2032,1.6002,79.81,4,4,10.8,1.9812,2.032,0.2032,1.6002,1.7272,2.7178,2.7178,2,3,3,300,1,2,4,1.964266667,0,2.413,1.3462,79.81,90.61,4,4,2.7178,1.7272,0,-10.8,-0.9906,5.4356,27.45659811,107.2665981,192.7334019,3.609521178,0,0.642444673,55.19169917,83.81,1.3462,2.413,2.3368,2.7686,5.31401729,9.525125331,9.224331899,10.92882801,2.7178,10.72829906,107.2665981,182.1165567,104.9293017,9.525125331,10.92882801,74.84995855,2
B00182,B00182_R2,170,Gate_1,Green_1,3,4,0.762,2.032,90.61,0.2032,1.6002,79.81,4,4,10.8,0.2032,0.762,1.6764,0.2032,2.3368,1.3462,2.032,1,3,3,300,1,3,4,3.3528,2.9464,2.6416,1.4224,79.81,90.61,4,4,1.3462,2.3368,0,-10.8,0.9906,3.3782,19.33517546,99.14517546,200.8548245,11.73094383,0,0.669516082,88.80468889,83.81,1.4224,2.6416,1.3462,1.4732,5.614810721,10.42750563,5.31401729,5.815339676,1.3462,5.31401729,99.14517546,183.6205238,115.7578652,10.42750563,5.815339676,84.47534836,1
B00182,B00182_R2,176,Green_6,Gate_3,4,4,0.762,2.032,90.61,0.2032,1.6002,79.81,4,4,10.8,2.54,0.762,0.2032,1.6002,3.556,3.175,3.175,2,3,3,300,1,4,4,2.54,2.3368,2.2606,1.3462,79.81,90.61,4,4,3.175,3.556,0,-10.8,0.381,6.35,31.06611929,110.8761193,189.1238807,0,0,0.630412936,47.24409449,83.81,1.3462,2.2606,1.4224,2.7178,5.31401729,8.923538468,5.614810721,10.72829906,3.175,12.53305965,110.8761193,176.7022749,99.51501993,8.923538468,10.72829906,65.82615561,0
B00183,B00183_R1,177,Yellow_5,Gate_4,1,4,0.762,2.032,73.9,0.2032,1.6002,88.67,4,4,-14.77,1.0668,0.7112,0.2032,1.9812,3.2512,2.2606,2.6416,2,3,3,300,0,1,4,1.3462,0.8128,1.8034,1.3462,73.9,88.67,4,4,3.2512,2.2606,0,-14.77,-0.9906,5.8928,29.2613587,103.1613587,196.8386413,0,0,0.656128804,50.90958458,77.9,1.3462,1.8034,0.8128,2.2352,5.31401729,7.118777879,3.208463269,8.82327399,3.2512,12.83385308,103.1613587,164.4756128,92.29597758,7.118777879,8.82327399,61.31425413,3
B00183,B00183_R1,175,Gate_2,Yellow_2,2,4,0.762,2.032,73.9,0.2032,1.6002,88.67,4,4,-14.77,0.2032,1.143,0.762,0.2032,1.9558,0.9652,1.4986,1,3,3,300,0,2,4,1.397,0.889,0.643466667,0,73.9,88.67,4,4,1.9558,0.9652,0,-14.77,-0.9906,3.4544,19.63596889,93.53596889,206.4640311,9.625389808,0,0.688213437,86.84576193,77.9,0,0.643466667,1.3462,1.5494,0,2.540033421,5.31401729,6.116133107,1.9558,7.720364742,93.53596889,171.6946552,88.18513401,2.540033421,6.116133107,78.1586863,2
B00183,B00183_R1,183,Yellow_2,Gate_4,3,4,0.762,2.032,73.9,0.2032,1.6002,88.67,4,4,-14.77,0.762,0.2032,0.2032,1.9812,2.9464,1.9558,2.3368,2,3,3,300,0,3,4,1.143,0.8128,1.905,1.3462,73.9,88.67,4,4,2.9464,1.9558,0,-14.77,-0.9906,5.2832,26.85501125,100.7550113,199.2449887,2.406347452,0,0.664149962,56.78376741,77.9,1.3462,1.905,0,1.761066667,5.31401729,7.519835787,0,6.951670417,2.9464,11.63067935,100.7550113,162.4703233,95.90549876,7.519835787,6.951670417,61.71531204,1
B00183,B00183_R1,179,Gate_1,Purple_4,4,4,0.762,2.032,73.9,0.2032,1.6002,88.67,4,4,-14.77,0.2032,0.762,0.762,2.032,2.3368,1.3462,2.3368,1,3,3,300,0,4,4,1.143,0.889,2.7178,1.9558,73.9,88.67,4,4,2.3368,1.3462,0,-14.77,-0.9906,4.6736,24.4486638,98.3486638,201.6513362,4.812694904,0,0.672171121,64.19034577,77.9,1.9558,2.7178,1.1176,1.524,7.720364742,10.72829906,4.411636995,6.01586863,2.3368,9.224331899,98.3486638,169.2883077,107.937236,10.72829906,6.01586863,70.93964394,0
B00184,B00184_R1,184,Green_7,Gate_3,1,4,0.762,2.032,80.97,0.2032,1.6002,82.38,4,4,-1.41,2.54,1.143,0.2032,1.6002,3.175,2.794,2.794,2,3,3,300,0,1,4,2.5908,2.3368,1.4224,0.9652,80.97,82.38,4,4,3.175,2.794,0,-1.41,-0.381,5.969,29.56215213,110.5321521,189.4678479,0,0,0.631559493,50.25967499,84.97,0.9652,1.4224,2.7178,3.0226,3.810050132,5.614810721,10.72829906,11.93147278,3.175,12.53305965,110.5321521,179.6670355,87.78407611,5.614810721,11.93147278,69.13488335,3
B00184,B00184_R1,175,Gate_2,Yellow_2,2,4,0.762,2.032,80.97,0.2032,1.6002,82.38,4,4,-1.41,0.2032,1.143,0.762,0.2032,1.9558,0.9652,1.4986,1,3,3,300,0,2,4,1.5748,0.889,1.278466667,0,80.97,82.38,4,4,1.9558,0.9652,0,-1.41,-0.9906,3.4544,19.63596889,100.6059689,199.3940311,9.926183239,0,0.66464677,86.84576193,84.97,0,1.278466667,0.9652,1.4224,0,5.046645351,3.810050132,5.614810721,1.9558,7.720364742,100.6059689,177.5614815,96.00576323,5.046645351,5.614810721,76.95551257,2
B00184,B00184_R1,183,Yellow_2,Gate_4,3,4,0.762,2.032,80.97,0.2032,1.6002,82.38,4,4,-1.41,0.762,0.2032,0.2032,1.9812,2.9464,1.9558,2.3368,2,3,3,300,0,3,4,1.778,1.1176,2.0828,1.3462,80.97,82.38,4,4,2.9464,1.9558,0,-1.41,-0.9906,5.2832,26.85501125,107.8250113,192.1749887,2.707140883,0,0.640583296,56.78376741,84.97,1.3462,2.0828,0,1.634066667,5.31401729,8.221687127,0,6.450348031,2.9464,11.63067935,107.8250113,169.8411167,98.31184621,8.221687127,6.450348031,62.01610548,1
B00184,B00184_R1,179,Gate_1,Purple_4,4,4,0.762,2.032,80.97,0.2032,1.6002,82.38,4,4,-1.41,0.2032,0.762,0.762,2.032,2.3368,1.3462,2.3368,1,3,3,300,0,4,4,1.5748,0.889,2.6924,1.9558,80.97,82.38,4,4,2.3368,1.3462,0,-1.41,-0.9906,4.6736,24.4486638,105.4186638,194.5813362,5.113488335,0,0.648604454,64.19034577,84.97,1.9558,2.6924,1.1176,1.397,7.720364742,10.62803458,4.411636995,5.514546244,2.3368,9.224331899,105.4186638,176.6591012,107.937236,10.62803458,5.514546244,71.24043737,0
B00185,B00185_R2,170,Gate_1,Green_1,1,3,0.762,2.032,97.34,0.2032,1.6002,70.48,5,3,26.87,0.2032,0.762,1.6764,0.2032,2.3368,1.3462,2.032,1,3,3,300,1,1,3,3.4036,2.9464,2.1844,1.4224,70.48,97.34,3,5,1.3462,2.3368,-2,-26.86,0.9906,3.3782,19.33517546,89.81517546,210.1848245,11.73094383,0,0.700616082,88.80468889,73.48,1.4224,2.1844,1.3462,1.5367,5.614810721,8.622745036,5.31401729,6.066000868,1.3462,5.31401729,89.81517546,149.2402732,76.67058777,8.622745036,6.066000868,59.4250977,2
B00185,B00185_R2,176,Green_6,Gate_3,2,3,0.762,2.032,97.34,0.2032,1.6002,70.48,5,3,26.87,2.54,0.762,0.2032,1.6002,3.556,3.175,3.175,2,3,3,300,1,2,3,2.4892,2.032,2.1844,1.3462,70.48,97.34,3,5,3.175,3.556,-2,-26.86,0.381,6.35,31.06611929,101.5461193,198.4538807,0,0,0.661512936,47.24409449,73.48,1.3462,2.1844,1.4224,2.4892,5.31401729,8.622745036,5.614810721,9.825918762,3.175,12.53305965,101.5461193,142.3220242,64.93964394,8.622745036,9.825918762,40.77590495,1
B00185,B00185_R2,185,Orange_3,Gate_4,3,3,0.762,2.032,97.34,0.2032,1.6002,70.48,5,3,26.87,2.286,2.54,0.2032,1.9812,2.032,3.0226,2.6416,2,3,3,300,1,3,3,2.9464,2.032,2.6416,1.7272,70.48,97.34,3,5,3.0226,2.032,-2,-26.86,-0.9906,5.6642,28.35897841,98.83897841,201.1610216,2.707140883,0,0.670536739,52.96423149,73.48,1.7272,2.6416,2.9464,2.9845,6.817984447,10.42750563,11.63067935,11.78107607,3.0226,11.93147278,98.83897841,148.9394797,71.256306,10.42750563,11.78107607,50.10050132,0
B00186,B00186_R1,179,Gate_1,Purple_4,1,4,0.762,2.032,84.23,0.2032,1.9812,86.93,4,4,-2.7,0.2032,0.762,0.762,2.032,2.3368,1.7272,2.3368,1,3,3,300,0,1,4,1.8542,0.889,2.413,1.9558,84.23,86.93,4,4,2.3368,1.7272,0,-2.7,-0.6096,4.6736,24.4486638,108.6786638,191.3213362,2.406347452,0,0.637737787,64.19034577,88.23,1.9558,2.413,1.1176,1.524,7.720364742,9.525125331,4.411636995,6.01586863,2.3368,9.224331899,108.6786638,177.2119603,101.9213674,9.525125331,6.01586863,68.53329649,3
B00186,B00186_R1,186,Orange_6,Gate_4,2,4,0.762,2.032,84.23,0.2032,1.9812,86.93,4,4,-2.7,2.54,1.9812,0.2032,1.9812,2.3368,2.9464,2.9464,2,3,3,300,0,2,4,3.429,3.175,1.8034,1.3462,84.23,86.93,4,4,2.3368,2.9464,0,-2.7,0.6096,5.2832,26.85501125,111.0850113,188.9149887,0,0,0.629716629,56.78376741,88.23,1.3462,1.8034,2.3368,2.9464,5.31401729,7.118777879,9.224331899,11.63067935,2.3368,9.224331899,111.0850113,182.0246552,92.29597758,7.118777879,11.63067935,70.93964394,2
B00186,B00186_R1,175,Gate_2,Yellow_2,3,4,0.762,2.032,84.23,0.2032,1.9812,86.93,4,4,-2.7,0.2032,1.143,0.762,0.2032,1.9558,1.3462,1.4986,1,3,3,300,0,3,4,1.8542,0.889,1.557866667,0,84.23,86.93,4,4,1.9558,1.3462,0,-2.7,-0.6096,3.4544,19.63596889,103.8659689,196.1340311,7.219042356,0,0.653780104,86.84576193,88.23,0,1.557866667,1.3462,1.5494,0,6.149554599,5.31401729,6.116133107,1.9558,7.720364742,103.8659689,179.6183077,96.6073501,6.149554599,6.116133107,75.75233885,1
B00186,B00186_R1,183,Yellow_2,Gate_4,4,4,0.762,2.032,84.23,0.2032,1.9812,86.93,4,4,-2.7,0.762,0.2032,0.2032,1.9812,2.9464,2.3368,2.3368,2,3,3,300,0,4,4,2.0574,1.1176,2.0066,1.3462,84.23,86.93,4,4,2.9464,2.3368,0,-2.7,-0.6096,5.2832,26.85501125,111.0850113,188.9149887,0,0,0.629716629,56.78376741,88.23,1.3462,2.0066,0,1.761066667,5.31401729,7.920893696,0,6.951670417,2.9464,11.63067935,111.0850113,170.3939758,94.70232503,7.920893696,6.951670417,59.30896459,0
B00187,B00187_R2,185,Orange_3,Gate_4,1,3,0.2032,1.9812,95.72,0.2032,1.9812,73.36,5,3,22.35,2.286,2.54,0.2032,1.9812,2.6416,2.6416,2.6416,2,3,3,300,1,1,3,2.1844,2.032,2.1844,0.8128,73.36,95.72,3,5,2.6416,2.6416,-2,-22.36,0,5.2832,26.85501125,100.2150113,199.7849887,5.715075198,0,0.665949962,56.78376741,76.36,0.8128,2.1844,3.0226,3.0226,3.208463269,8.622745036,11.93147278,11.93147278,2.6416,10.42750563,100.2150113,148.2099586,63.73647022,8.622745036,11.93147278,47.9949473,2
B00187,B00187_R2,187,Purple_1,Gate_3,2,3,0.2032,1.9812,95.72,0.2032,1.9812,73.36,5,3,22.35,0.4572,2.54,0.2032,1.6002,0.8128,0.8128,1.1938,2,3,3,300,1,2,3,3.0988,2.3368,3.0988,3.0226,73.36,95.72,3,5,0.8128,0.8128,-2,-22.36,0,2.0066,13.9208937,87.2808937,212.7191063,18.64919275,0,0.709063688,149.5066281,76.36,3.0226,3.0988,0.8128,1.0033,11.93147278,12.23226621,3.208463269,3.960446848,0.8128,3.208463269,87.2808937,146.7059914,83.88963013,12.23226621,3.960446848,59.4250977,1
B00187,B00187_R2,176,Green_6,Gate_3,3,3,0.2032,1.9812,95.72,0.2032,1.9812,73.36,5,3,22.35,2.54,0.762,0.2032,1.6002,3.556,3.556,3.175,2,3,3,300,1,3,3,2.9464,2.032,2.1082,1.1938,73.36,95.72,3,5,3.556,3.556,-2,-22.36,0,6.731,32.57008645,105.9300864,194.0699136,0,0,0.646899712,44.56990046,76.36,1.1938,2.1082,3.175,3.3655,4.712430427,8.321951605,12.53305965,13.28504322,3.556,14.0370268,105.9300864,145.2020242,57.41980816,8.321951605,13.28504322,39.27193779,0
B00188,B00188_R2,176,Green_6,Gate_3,1,4,0.2032,1.9812,81.77,0.2032,1.6002,85.59,4,4,-3.82,2.54,0.762,0.2032,1.6002,3.556,3.175,3.175,2,3,3,300,1,1,4,3.1496,2.032,1.905,1.1938,85.59,81.77,4,4,3.175,3.556,0,3.82,0.381,6.35,31.06611929,116.6561193,183.3438807,0,0,0.611146269,47.24409449,89.59,1.1938,1.905,3.175,3.429,4.712430427,7.519835787,12.53305965,13.53570442,3.175,12.53305965,116.6561193,174.3608522,80.26424032,7.519835787,13.53570442,57.70473296,3
B00188,B00188_R2,188,Purple_2,Purple_4,2,4,0.2032,1.9812,81.77,0.2032,1.6002,85.59,4,4,-3.82,0.762,2.54,0.762,2.032,1.1176,1.4986,0.508,3,3,3,300,1,2,4,2.1336,0.8128,2.1336,0.8128,85.59,81.77,4,4,1.4986,1.1176,0,3.82,-0.381,2.0066,13.9208937,99.5108937,200.4891063,17.1452256,0,0.668297021,149.5066281,89.59,0.8128,2.1336,1.1176,1.3716,3.208463269,8.422216082,4.411636995,5.414281767,1.4986,5.915604153,99.5108937,172.8568851,100.1166068,8.422216082,5.414281767,73.34599139,2
B00188,B00188_R2,185,Orange_3,Gate_4,3,4,0.2032,1.9812,81.77,0.2032,1.6002,85.59,4,4,-3.82,2.286,2.54,0.2032,1.9812,2.6416,3.0226,2.6416,2,3,3,300,1,3,4,2.1336,2.032,1.8288,0.8128,85.59,81.77,4,4,3.0226,2.6416,0,3.82,-0.381,5.6642,28.35897841,113.9489784,186.0510216,2.707140883,0,0.620170072,52.96423149,89.59,0.8128,1.8288,2.032,2.6924,3.208463269,7.219042356,8.021158173,10.62803458,3.0226,11.93147278,113.9489784,170.4505376,82.06900091,7.219042356,10.62803458,56.50155923,1
B00188,B00188_R2,187,Purple_1,Gate_3,4,4,0.2032,1.9812,81.77,0.2032,1.6002,85.59,4,4,-3.82,0.4572,2.54,0.2032,1.6002,0.8128,1.1938,1.1938,2,3,3,300,1,4,4,2.3368,0.8128,2.5654,1.4986,85.59,81.77,4,4,1.1938,0.8128,0,3.82,-0.381,2.3876,15.42486085,101.0148609,198.9851391,15.64125844,0,0.663283797,125.6491875,89.59,1.4986,2.5654,0.8128,0.9398,5.915604153,10.12671219,3.208463269,3.709785655,1.1938,4.712430427,101.0148609,172.8568851,103.726128,10.12671219,3.709785655,71.84202424,0
B00189,B00189_R2,189,Gate_1,Orange_3,1,4,0.2032,1.9812,73.45,0.2032,1.6002,78.2,4,4,-4.75,0.2032,0.762,2.286,2.54,1.7272,1.3462,3.8608,1,3,3,300,1,1,4,2.7432,2.032,1.456266667,0,78.2,73.45,4,4,1.3462,1.7272,0,4.75,0.381,5.207,26.55421782,104.7542178,195.2457822,1.804760589,0,0.650819274,57.61474938,82.2,0,1.456266667,1.3462,1.8034,0,5.748496691,5.31401729,7.118777879,1.3462,5.31401729,104.7542178,162.4589508,74.95022303,5.748496691,7.118777879,57.70473296,3
B00189,B00189_R2,185,Orange_3,Gate_4,2,4,0.2032,1.9812,73.45,0.2032,1.6002,78.2,4,4,-4.75,2.286,2.54,0.2032,1.9812,2.6416,3.0226,2.6416,2,3,3,300,1,2,4,2.7432,2.032,1.2192,0.8128,78.2,73.45,4,4,3.0226,2.6416,0,4.75,-0.381,5.6642,28.35897841,106.5589784,193.4410216,0,0,0.644803405,52.96423149,82.2,0.8128,1.2192,0,1.684866667,3.208463269,4.812694904,0,6.650876985,3.0226,11.93147278,106.5589784,150.527478,70.33805708,4.812694904,6.650876985,43.96849959,2
B00189,B00189_R2,188,Purple_2,Purple_4,3,4,0.2032,1.9812,73.45,0.2032,1.6002,78.2,4,4,-4.75,0.762,2.54,0.762,2.032,1.1176,1.4986,0.508,3,3,3,300,1,3,4,1.7272,0.8128,1.7272,0.8128,78.2,73.45,4,4,1.4986,1.1176,0,4.75,-0.381,2.0066,13.9208937,92.1208937,207.8791063,14.43808471,0,0.692930354,149.5066281,82.2,0.8128,1.7272,1.1176,1.5494,3.208463269,6.817984447,4.411636995,6.116133107,1.4986,5.915604153,92.1208937,160.9549836,90.79201042,6.817984447,6.116133107,68.83408992,1
B00189,B00189_R2,187,Purple_1,Gate_3,4,4,0.2032,1.9812,73.45,0.2032,1.6002,78.2,4,4,-4.75,0.4572,2.54,0.2032,1.6002,0.8128,1.1938,1.1938,2,3,3,300,1,4,4,1.7272,0.8128,1.9558,1.3462,78.2,73.45,4,4,1.1938,0.8128,0,4.75,-0.381,2.3876,15.42486085,93.62486085,206.3751391,12.93411755,0,0.68791713,125.6491875,82.2,1.3462,1.9558,0.8128,1.3208,5.31401729,7.720364742,3.208463269,5.213752813,1.1938,4.712430427,93.62486085,160.9549836,91.99518415,7.720364742,5.213752813,67.33012276,0
B00190,B00190_R1,175,Gate_2,Yellow_2,1,3,0.2032,1.9812,61.47,0.2032,1.6002,86.69,3,5,-25.22,0.2032,1.143,0.762,0.2032,1.3462,0.9652,1.4986,1,3,3,300,0,1,3,1.651,1.4986,0.4064,0,61.47,86.69,3,5,1.3462,0.9652,-2,-25.22,-0.381,2.8448,17.22962144,78.69962144,221.3003786,7.219042356,0,0.737667929,105.4555681,64.47,0,0.4064,1.3462,2.032,0,1.604231635,5.31401729,8.021158173,1.3462,5.31401729,78.69962144,127.596949,52.10579087,1.604231635,8.021158173,48.8973276,2
B00190,B00190_R1,183,Yellow_2,Gate_4,2,3,0.2032,1.9812,61.47,0.2032,1.6002,86.69,3,5,-25.22,0.762,0.2032,0.2032,1.9812,2.3368,1.9558,2.3368,2,3,3,300,0,2,3,1.1557,0.8128,1.9939,1.3462,61.47,86.69,3,5,2.3368,1.9558,-2,-25.22,-0.381,4.6736,24.4486638,85.9186638,214.0813362,0,0,0.713604454,64.19034577,64.47,1.3462,1.9939,0,1.1684,5.31401729,7.870761457,0,4.61216595,2.3368,9.224331899,85.9186638,118.3726171,57.41980816,7.870761457,4.61216595,32.45395334,1
B00190,B00190_R1,190,Yellow_3,Green_6,3,3,0.2032,1.9812,61.47,0.2032,1.6002,86.69,3,5,-25.22,1.0668,0.2032,2.54,0.762,2.6416,2.2606,2.032,3,3,3,300,0,3,3,1.3081,0.8128,2.5273,2.3368,61.47,86.69,3,5,2.6416,2.2606,-2,-25.22,-0.381,4.6736,24.4486638,85.9186638,214.0813362,0,0,0.713604454,64.19034577,64.47,2.3368,2.5273,0.8128,1.7272,9.224331899,9.976315478,3.208463269,6.817984447,2.6416,10.42750563,85.9186638,120.3779067,61.6309162,9.976315478,6.817984447,34.45924288,0
B00191,B00191_R1,190,Yellow_3,Green_6,1,4,2.54,0.762,74.01,0.2032,1.6002,71.32,4,4,2.69,1.0668,0.2032,2.54,0.762,2.032,2.2606,2.032,3,3,3,300,0,1,4,1.5494,0.8128,1.684866667,0,74.01,71.32,4,4,2.032,2.2606,0,2.69,0.2286,4.064,22.04231635,96.05231635,203.9476837,2.406347452,0,0.679825612,73.81889764,78.01,0,1.684866667,0.8128,2.032,0,6.650876985,3.208463269,8.021158173,2.032,8.021158173,96.05231635,158.3692153,87.08222477,6.650876985,8.021158173,62.31689891,3
B00191,B00191_R1,191,Green_6,Gate_4,2,4,2.54,0.762,74.01,0.2032,1.6002,71.32,4,4,2.69,2.54,0.762,0.2032,1.9812,0,3.175,3.556,2,3,3,300,0,2,4,2.3622,2.032,2.1082,1.3462,74.01,71.32,4,4,0,3.175,0,2.69,3.175,3.556,20.0370268,94.0470268,205.9529732,4.411636995,0,0.686509911,84.36445444,78.01,1.3462,2.1082,0,1.964266667,5.31401729,8.321951605,0,7.753786234,0,0,94.0470268,163.1819102,94.10073817,8.321951605,7.753786234,69.13488335,2
B00191,B00191_R1,175,Gate_2,Yellow_2,3,4,2.54,0.762,74.01,0.2032,1.6002,71.32,4,4,2.69,0.2032,1.143,0.762,0.2032,2.7178,0.9652,1.4986,1,3,3,300,0,3,4,2.0066,1.4986,1.049866667,0,74.01,71.32,4,4,2.7178,0.9652,0,2.69,-1.7526,4.2164,22.64390321,96.65390321,203.3460968,1.804760589,0,0.677820323,71.15074471,78.01,0,1.049866667,1.3462,1.8034,0,4.144265056,5.31401729,7.118777879,2.7178,10.72829906,96.65390321,157.7676284,78.96080212,4.144265056,7.118777879,61.11372518,1
B00191,B00191_R1,183,Yellow_2,Gate_4,4,4,2.54,0.762,74.01,0.2032,1.6002,71.32,4,4,2.69,0.762,0.2032,0.2032,1.9812,2.3368,1.9558,2.3368,2,3,3,300,0,4,4,1.5494,0.8128,2.5146,1.3462,74.01,71.32,4,4,2.3368,1.9558,0,2.69,-0.381,4.6736,24.4486638,98.4586638,201.5413362,0,0,0.671804454,64.19034577,78.01,1.3462,2.5146,0,1.557866667,5.31401729,9.926183239,0,6.149554599,2.3368,9.224331899,98.4586638,153.9575783,94.50179608,9.926183239,6.149554599,55.49891446,0
B00192,B00192_R2,185,Orange_3,Gate_4,1,4,0.2032,1.9812,76.94,0.2032,1.6002,63.01,4,4,13.93,2.286,2.54,0.2032,1.9812,2.6416,3.0226,2.6416,2,3,3,300,1,1,4,2.7432,2.032,1.2192,0.8128,63.01,76.94,4,4,3.0226,2.6416,0,-13.93,-0.381,5.6642,28.35897841,91.36897841,208.6310216,0,0,0.695436739,52.96423149,67.01,0.8128,1.2192,2.032,2.667,3.208463269,4.812694904,8.021158173,10.5277701,3.0226,11.93147278,91.36897841,136.1395938,63.11901472,4.812694904,10.5277701,44.7706154,3
B00192,B00192_R2,188,Purple_2,Purple_4,2,4,0.2032,1.9812,76.94,0.2032,1.6002,63.01,4,4,13.93,0.762,2.54,0.762,2.032,1.1176,1.4986,0.508,3,3,3,300,1,2,4,1.7272,0.8128,1.7272,0.8128,63.01,76.94,4,4,1.4986,1.1176,0,-13.93,-0.381,2.0066,13.9208937,76.9308937,223.0691063,14.43808471,0,0.743563688,149.5066281,67.01,0.8128,1.7272,1.1176,1.9558,3.208463269,6.817984447,4.411636995,7.720364742,1.4986,5.915604153,76.9308937,138.5459413,83.57296807,6.817984447,7.720364742,61.61504757,2
B00192,B00192_R2,187,Purple_1,Gate_3,3,4,0.2032,1.9812,76.94,0.2032,1.6002,63.01,4,4,13.93,0.4572,2.54,0.2032,1.6002,0.8128,1.1938,1.1938,2,3,3,300,1,3,4,1.7272,0.8128,1.9558,1.3462,63.01,76.94,4,4,1.1938,0.8128,0,-13.93,-0.381,2.3876,15.42486085,78.43486085,221.5651391,12.93411755,0,0.738550464,125.6491875,67.01,1.3462,1.9558,0.8128,1.7272,5.31401729,7.720364742,3.208463269,6.817984447,1.1938,4.712430427,78.43486085,138.5459413,84.77614179,7.720364742,6.817984447,60.11108041,1
B00192,B00192_R2,192,Gate_1,Green_4,4,4,0.2032,1.9812,76.94,0.2032,1.6002,63.01,4,4,13.93,0.2032,0.762,1.6764,0.7112,1.7272,1.3462,2.032,1,3,3,300,1,4,4,2.7432,2.032,3.2512,2.9464,63.01,76.94,4,4,1.3462,1.7272,0,-13.93,0.381,3.3782,19.33517546,82.34517546,217.6548245,9.023802945,0,0.725516082,88.80468889,67.01,2.9464,3.2512,1.3462,1.8034,11.63067935,12.83385308,5.31401729,7.118777879,1.3462,5.31401729,82.34517546,140.0499084,96.20629219,12.83385308,7.118777879,57.70473296,0
B00193,B00193_R2,187,Purple_1,Gate_3,1,4,0.2032,1.9812,69.92,1.6764,0.7112,64.42,4,4,5.5,0.4572,2.54,0.2032,1.6002,0.8128,3.556,1.1938,2,3,3,300,1,1,4,1.2192,0.8128,1.4478,1.3462,64.42,69.92,4,4,3.556,0.8128,0,-5.5,-2.7432,4.7498,24.74945723,89.16945723,210.8305428,0,0,0.702768476,63.16055413,68.42,1.3462,1.4478,0.8128,1.8542,5.31401729,5.715075198,3.208463269,7.319306833,3.556,14.0370268,89.16945723,145.9718099,84.77614179,5.715075198,7.319306833,56.80235266,3
B00193,B00193_R2,188,Purple_2,Purple_4,2,4,0.2032,1.9812,69.92,1.6764,0.7112,64.42,4,4,5.5,0.762,2.54,0.762,2.032,1.1176,3.2512,0.508,3,3,3,300,1,2,4,1.2192,0.508,1.049866667,0,64.42,69.92,4,4,3.2512,1.1176,0,-5.5,-2.1336,3.7592,20.83914262,85.25914262,214.7408574,3.910314609,0,0.715802858,79.80421366,68.42,0,1.049866667,1.4986,2.0828,0,4.144265056,5.915604153,8.221687127,3.2512,12.83385308,85.25914262,149.8821245,83.97402597,4.144265056,8.221687127,64.62298188,2
B00193,B00193_R2,193,Purple_4,Gate_3,3,4,0.2032,1.9812,69.92,1.6764,0.7112,64.42,4,4,5.5,0.762,2.032,0.2032,1.6002,1.1176,3.2512,1.4986,2,3,3,300,1,3,4,1.2192,0.508,1.3462,1.1938,64.42,69.92,4,4,3.2512,1.1176,0,-5.5,-2.1336,4.7498,24.74945723,89.16945723,210.8305428,2.84E-14,0,0.702768476,63.16055413,68.42,1.1938,1.3462,0,1.583266667,4.712430427,5.31401729,0,6.249819077,3.2512,12.83385308,89.16945723,143.9665203,83.57296807,5.31401729,6.249819077,54.79706312,1
B00193,B00193_R2,192,Gate_1,Green_4,4,4,0.2032,1.9812,69.92,1.6764,0.7112,64.42,4,4,5.5,0.2032,0.762,1.6764,0.7112,1.7272,2.032,2.032,1,3,3,300,1,4,4,2.2352,2.032,3.3528,3.2512,64.42,69.92,4,4,2.032,1.7272,0,-5.5,-0.3048,4.064,22.04231635,86.46231635,213.5376837,2.707140883,0,0.711792279,73.81889764,68.42,3.2512,3.3528,1.3462,1.6764,12.83385308,13.23491099,5.31401729,6.617455493,2.032,8.021158173,86.46231635,154.0932325,110.04279,13.23491099,6.617455493,67.6309162,0
B00194,B00194_R1,191,Green_6,Gate_4,1,4,0.2032,1.9812,62.51,1.6764,0.7112,74.52,4,5,-12.01,2.54,0.762,0.2032,1.9812,3.556,1.4224,3.556,2,3,3,300,0,1,4,1.9812,0.889,2.286,1.3462,62.51,74.52,4,5,3.556,1.4224,-1,-12.01,-2.1336,7.112,34.07405361,96.58405361,203.4159464,0,0,0.678053155,42.18222722,66.51,1.3462,2.286,2.3368,3.0226,5.31401729,9.023802945,9.224331899,11.93147278,3.556,14.0370268,96.58405361,163.0117961,98.31184621,9.023802945,11.93147278,66.42774247,3
B00194,B00194_R1,194,Green_7,Gate_3,2,4,0.2032,1.9812,62.51,1.6764,0.7112,74.52,4,5,-12.01,2.54,1.143,0.2032,1.6002,3.175,1.8034,2.794,2,3,3,300,0,2,4,1.9812,0.889,2.032,0.9652,62.51,74.52,4,5,3.175,1.8034,-1,-12.01,-1.3716,5.969,29.56215213,92.07215213,207.9278479,4.511901472,0,0.693092826,50.25967499,66.51,0.9652,2.032,2.7178,3.0226,3.810050132,8.021158173,10.72829906,11.93147278,3.175,12.53305965,92.07215213,166.0197304,99.81581337,8.021158173,11.93147278,73.94757826,2
B00194,B00194_R1,175,Gate_2,Yellow_2,3,4,0.2032,1.9812,62.51,1.6764,0.7112,74.52,4,5,-12.01,0.2032,1.143,0.762,0.2032,1.3462,2.413,1.4986,1,3,3,300,0,3,4,2.1844,1.4986,1.684866667,0,62.51,74.52,4,5,1.3462,2.413,-1,-12.01,1.0668,2.8448,17.22962144,79.73962144,220.2603786,16.84443216,0,0.734201262,105.4555681,66.51,0,1.684866667,0.9652,1.2192,0,6.650876985,3.810050132,4.812694904,1.3462,5.31401729,79.73962144,166.3205238,108.0375005,6.650876985,4.812694904,86.58090238,1
B00194,B00194_R1,183,Yellow_2,Gate_4,4,4,0.2032,1.9812,62.51,1.6764,0.7112,74.52,4,5,-12.01,0.762,0.2032,0.2032,1.9812,2.3368,1.4224,2.3368,2,3,3,300,0,4,4,2.1844,1.4986,2.6924,1.3462,62.51,74.52,4,5,2.3368,1.4224,-1,-12.01,-0.9144,4.6736,24.4486638,86.9586638,213.0413362,9.625389808,0,0.710137787,64.19034577,66.51,1.3462,2.6924,0,1.430866667,5.31401729,10.62803458,0,5.648232214,2.3368,9.224331899,86.9586638,158.6001591,112.7499309,10.62803458,5.648232214,71.64149528,0
B00195,B00195_R2,192,Gate_1,Green_4,1,4,0.2032,1.9812,80.71,1.6764,0.7112,61.49,4,4,19.22,0.2032,0.762,1.6764,0.7112,1.7272,2.032,2.032,1,3,3,300,1,1,4,2.7432,2.3368,3.048,2.6416,61.49,80.71,4,4,2.032,1.7272,0,-19.22,-0.3048,4.064,22.04231635,83.53231635,216.4676837,4.812694904,0,0.721558946,73.81889764,65.49,2.6416,3.048,1.3462,1.905,10.42750563,12.03173726,5.31401729,7.519835787,2.032,8.021158173,83.53231635,153.2687866,108.5388229,12.03173726,7.519835787,69.73647022,3
B00195,B00195_R2,195,Orange_6,Purple_1,2,4,0.2032,1.9812,80.71,1.6764,0.7112,61.49,4,4,19.22,2.54,1.9812,0.4572,2.54,2.9464,2.6416,2.6416,3,3,3,300,1,2,4,2.7432,2.3368,1.2192,0.8128,61.49,80.71,4,4,2.6416,2.9464,0,-19.22,0.3048,5.2832,26.85501125,88.34501125,211.6549887,0,0,0.705516629,56.78376741,65.49,0.8128,1.2192,2.3368,2.5654,3.208463269,4.812694904,9.224331899,10.12671219,2.6416,10.42750563,88.34501125,154.7727537,82.06900091,4.812694904,10.12671219,66.42774247,2
B00195,B00195_R2,188,Purple_2,Purple_4,3,4,0.2032,1.9812,80.71,1.6764,0.7112,61.49,4,4,19.22,0.762,2.54,0.762,2.032,1.1176,3.2512,0.508,3,3,3,300,1,3,4,1.7272,0.508,1.557866667,0,61.49,80.71,4,4,3.2512,1.1176,0,-19.22,-2.1336,3.7592,20.83914262,82.32914262,217.6708574,6.01586863,0,0.725569525,79.80421366,65.49,0,1.557866667,0.8128,1.8542,0,6.149554599,3.208463269,7.319306833,3.2512,12.83385308,82.32914262,146.3505376,92.09544862,6.149554599,7.319306833,64.02139502,1
B00195,B00195_R2,193,Purple_4,Gate_3,4,4,0.2032,1.9812,80.71,1.6764,0.7112,61.49,4,4,19.22,0.762,2.032,0.2032,1.6002,1.1176,3.2512,1.4986,2,3,3,300,1,4,4,1.7272,0.508,1.8542,1.3462,61.49,80.71,4,4,3.2512,1.1176,0,-19.22,-2.1336,4.7498,24.74945723,86.23945723,213.7605428,2.10555402,0,0.712535143,63.16055413,65.49,1.3462,1.8542,0,1.354666667,5.31401729,7.319306833,0,5.347438782,3.2512,12.83385308,86.23945723,143.1420744,91.69439072,7.319306833,5.347438782,56.90261714,0
B00196,B00196_R1,196,Purple_1,Orange_5,1,4,0.2032,1.9812,75.04,0.2032,1.6002,79.35,4,5,-4.31,0.4572,2.54,1.9812,2.032,0.8128,1.1938,2.032,3,3,3,300,0,1,4,2.5908,1.651,2.8956,1.9558,75.04,79.35,4,5,0.8128,1.1938,-1,-4.31,0.381,2.8448,17.22962144,92.26962144,207.7303786,12.33253069,0,0.692434595,105.4555681,79.04,1.9558,2.8956,0.8128,1.5494,7.720364742,11.4301504,3.208463269,6.116133107,0.8128,3.208463269,92.26962144,163.5100588,105.5308886,11.4301504,6.116133107,71.24043737,3
B00196,B00196_R1,194,Green_7,Gate_3,2,4,0.2032,1.9812,75.04,0.2032,1.6002,79.35,4,5,-4.31,2.54,1.143,0.2032,1.6002,3.175,2.794,2.794,2,3,3,300,0,2,4,2.8448,2.3368,1.3716,0.9652,75.04,79.35,4,5,3.175,2.794,-1,-4.31,-0.381,5.969,29.56215213,104.6021521,195.3978479,0,0,0.65132616,50.25967499,79.04,0.9652,1.3716,1.9558,2.6162,3.810050132,5.414281767,7.720364742,10.32724115,3.175,12.53305965,104.6021521,158.6973639,75.15075198,5.414281767,10.32724115,54.09521178,2
B00196,B00196_R1,175,Gate_2,Yellow_2,3,4,0.2032,1.9812,75.04,0.2032,1.6002,79.35,4,5,-4.31,0.2032,1.143,0.762,0.2032,1.3462,0.9652,1.4986,1,3,3,300,0,3,4,1.8288,1.4986,1.786466667,0,75.04,79.35,4,5,1.3462,0.9652,-1,-4.31,-0.381,2.8448,17.22962144,92.26962144,207.7303786,12.33253069,0,0.692434595,105.4555681,79.04,0,1.786466667,0.9652,1.8288,0,7.051934894,3.810050132,7.219042356,1.3462,5.31401729,92.26962144,162.0060917,92.39624206,7.051934894,7.219042356,69.73647022,1
B00196,B00196_R1,183,Yellow_2,Gate_4,4,4,0.2032,1.9812,75.04,0.2032,1.6002,79.35,4,5,-4.31,0.762,0.2032,0.2032,1.9812,2.3368,1.9558,2.3368,2,3,3,300,0,4,4,2.286,1.4986,1.778,0.8128,75.04,79.35,4,5,2.3368,1.9558,-1,-4.31,-0.381,4.6736,24.4486638,99.4886638,200.5113362,5.113488335,0,0.668371121,64.19034577,79.04,0.8128,1.778,0,1.837266667,3.208463269,7.018513401,0,7.252463848,2.3368,9.224331899,99.4886638,154.2857269,85.07693522,7.018513401,7.252463848,54.79706312,0
B00197,B00197_R2,195,Orange_6,Purple_1,1,4,0.2032,1.9812,73.01,0.2032,1.6002,71.64,4,4,1.37,2.54,1.9812,0.4572,2.54,2.9464,2.7178,2.6416,3,3,3,300,1,1,4,2.6162,2.3368,1.0922,0.8128,71.64,73.01,4,4,2.7178,2.9464,0,-1.37,0.2286,5.3594,27.15580468,98.79580468,201.2041953,0,0,0.670680651,55.97641527,75.64,0.8128,1.0922,2.3368,2.5654,3.208463269,4.311372518,9.224331899,10.12671219,2.7178,10.72829906,98.79580468,148.379115,64.02139502,4.311372518,10.12671219,49.58331031,3
B00197,B00197_R2,188,Purple_2,Purple_4,2,4,0.2032,1.9812,73.01,0.2032,1.6002,71.64,4,4,1.37,0.762,2.54,0.762,2.032,1.1176,1.4986,0.508,3,3,3,300,1,2,4,1.6002,0.508,1.430866667,0,71.64,73.01,4,4,1.4986,1.1176,0,-1.37,-0.381,2.0066,13.9208937,85.5608937,214.4391063,13.23491099,0,0.714797021,149.5066281,75.64,0,1.430866667,0.8128,1.8542,0,5.648232214,3.208463269,7.319306833,1.4986,5.915604153,85.5608937,147.1759413,81.26688509,5.648232214,7.319306833,61.61504757,2
B00197,B00197_R2,193,Purple_4,Gate_3,3,4,0.2032,1.9812,73.01,0.2032,1.6002,71.64,4,4,1.37,0.762,2.032,0.2032,1.6002,1.1176,1.4986,1.4986,2,3,3,300,1,3,4,1.6002,0.508,1.7272,0.9652,71.64,73.01,4,4,1.4986,1.1176,0,-1.37,-0.381,2.9972,17.83120831,89.47120831,210.5287917,9.324596376,0,0.701762639,100.0934205,75.64,0.9652,1.7272,0,1.354666667,3.810050132,6.817984447,0,5.347438782,1.4986,5.915604153,89.47120831,143.967478,80.86582718,6.817984447,5.347438782,54.49626969,1
B00197,B00197_R2,197,Gate_2,Green_4,4,4,0.2032,1.9812,73.01,0.2032,1.6002,71.64,4,4,1.37,0.2032,1.143,1.6764,0.7112,1.3462,0.9652,2.413,1,3,3,300,1,4,4,2.3622,1.9558,3.048,2.6416,71.64,73.01,4,4,0.9652,1.3462,0,-1.37,0.381,3.3782,19.33517546,90.97517546,209.0248245,7.820629219,0,0.696749415,88.80468889,75.64,2.6416,3.048,0.9652,1.524,10.42750563,12.03173726,3.810050132,6.01586863,0.9652,3.810050132,90.97517546,149.8830821,95.00311846,12.03173726,6.01586863,58.90790668,0
B00198,B00198_R1,194,Green_7,Gate_3,1,4,0.2032,1.9812,66.72,1.6764,0.7112,82.66,4,5,-15.94,2.54,1.143,0.2032,1.6002,3.175,1.8034,2.794,2,3,3,300,0,1,4,2.5908,2.3368,1.4224,0.9652,66.72,82.66,4,5,3.175,1.8034,-1,-15.94,-1.3716,5.969,29.56215213,96.28215213,203.7178479,0,0,0.679059493,50.25967499,70.72,0.9652,1.4224,1.3462,2.413,3.810050132,5.614810721,5.31401729,9.525125331,3.175,12.53305965,96.28215213,157.5964063,85.37772865,5.614810721,9.525125331,61.31425413,3
B00198,B00198_R1,175,Gate_2,Yellow_2,2,4,0.2032,1.9812,66.72,1.6764,0.7112,82.66,4,5,-15.94,0.2032,1.143,0.762,0.2032,1.3462,2.413,1.4986,1,3,3,300,0,2,4,1.5748,0.889,1.278466667,0,66.72,82.66,4,5,1.3462,2.413,-1,-15.94,1.0668,2.8448,17.22962144,83.94962144,216.0503786,12.33253069,0,0.720167929,105.4555681,70.72,0,1.278466667,0.9652,1.8288,0,5.046645351,3.810050132,7.219042356,1.3462,5.31401729,83.94962144,163.3114815,96.00576323,5.046645351,7.219042356,79.36186002,2
B00198,B00198_R1,183,Yellow_2,Gate_4,3,4,0.2032,1.9812,66.72,1.6764,0.7112,82.66,4,5,-15.94,0.762,0.2032,0.2032,1.9812,2.3368,1.4224,2.3368,2,3,3,300,0,3,4,1.778,1.1176,2.0828,1.3462,66.72,82.66,4,5,2.3368,1.4224,-1,-15.94,-0.9144,4.6736,24.4486638,91.1686638,208.8313362,5.113488335,0,0.696104454,64.19034577,70.72,1.3462,2.0828,0,1.837266667,5.31401729,8.221687127,0,7.252463848,2.3368,9.224331899,91.1686638,155.5911167,98.31184621,8.221687127,7.252463848,64.42245293,1
B00198,B00198_R1,198,Gate_1,Orange_6,4,4,0.2032,1.9812,66.72,1.6764,0.7112,82.66,4,5,-15.94,0.2032,0.762,2.54,1.9812,1.7272,2.032,3.556,1,3,3,300,0,4,4,1.5748,0.889,2.6924,1.3462,66.72,82.66,4,5,1.7272,2.032,-1,-15.94,0.3048,5.2832,26.85501125,93.57501125,206.4249887,2.707140883,0,0.688083296,56.78376741,70.72,1.3462,2.6924,1.1176,1.397,5.31401729,10.62803458,4.411636995,5.514546244,1.7272,6.817984447,93.57501125,162.4091012,103.1245411,10.62803458,5.514546244,68.83408992,0
B00199,B00199_R2,199,Purple_1,Gate_3,1,4,2.54,1.9812,82.79,1.6764,0.7112,71.88,4,4,10.91,0.4572,2.54,0.2032,1.6002,2.6416,3.556,1.1938,2,3,3,300,1,1,4,1.0922,0.8128,1.3208,0.9652,71.88,82.79,4,4,3.556,2.6416,0,-10.91,-0.9144,4.7498,24.74945723,96.62945723,203.3705428,0.300793431,0,0.677901809,63.16055413,75.88,0.9652,1.3208,0.8128,1.8542,3.810050132,5.213752813,3.208463269,7.319306833,3.556,14.0370268,96.62945723,156.4397442,86.28010895,5.213752813,7.319306833,59.81028698,3
B00199,B00199_R2,188,Purple_2,Purple_4,2,4,2.54,1.9812,82.79,1.6764,0.7112,71.88,4,4,10.91,0.762,2.54,0.762,2.032,2.3368,3.2512,0.508,3,3,3,300,1,2,4,1.0922,0.508,0.922866667,0,71.88,82.79,4,4,3.2512,2.3368,0,-10.91,-0.9144,3.7592,20.83914262,92.71914262,207.2808574,4.211108041,0,0.690936191,79.80421366,75.88,0,0.922866667,1.4986,2.0828,0,3.64294267,5.915604153,8.221687127,3.2512,12.83385308,92.71914262,160.3500588,85.47799313,3.64294267,8.221687127,67.6309162,2
B00199,B00199_R2,193,Purple_4,Gate_3,3,4,2.54,1.9812,82.79,1.6764,0.7112,71.88,4,4,10.91,0.762,2.032,0.2032,1.6002,2.3368,3.2512,1.4986,2,3,3,300,1,3,4,1.0922,0.508,1.2192,0.9652,71.88,82.79,4,4,3.2512,2.3368,0,-10.91,-0.9144,4.7498,24.74945723,96.62945723,203.3705428,0.300793431,0,0.677901809,63.16055413,75.88,0.9652,1.2192,0,1.583266667,3.810050132,4.812694904,0,6.249819077,3.2512,12.83385308,96.62945723,154.4344547,85.07693522,4.812694904,6.249819077,57.80499743,1
B00199,B00199_R2,197,Gate_2,Green_4,4,4,2.54,1.9812,82.79,1.6764,0.7112,71.88,4,4,10.91,0.2032,1.143,1.6764,0.7112,3.175,2.413,2.413,1,3,3,300,1,4,4,1.8542,1.651,3.3528,3.2512,71.88,82.79,4,4,2.413,3.175,0,-10.91,0.762,4.826,25.05025066,96.93025066,203.0697493,0,0,0.676899164,62.16328222,75.88,3.2512,3.3528,0.9652,1.2954,12.83385308,13.23491099,3.810050132,5.113488335,2.413,9.525125331,96.93025066,161.5532325,110.04279,13.23491099,5.113488335,64.62298188,0
B00200,B00200_R2,199,Purple_1,Gate_3,1,5,2.54,1.9812,72.23,1.6764,0.7112,72.19,4,5,0.04,0.4572,2.54,0.2032,1.6002,2.6416,3.556,1.1938,2,3,3,300,1,1,5,1.32715,0.8128,1.32715,0.9652,72.19,72.23,5,4,3.556,2.6416,1,-0.04,-0.9144,4.7498,24.74945723,96.93945723,203.0605428,0.300793431,0,0.676868476,63.16055413,77.19,0.9652,1.32715,0,1.39065,3.810050132,5.238818932,0,5.489480125,3.556,14.0370268,96.93945723,175.5835973,113.6364426,5.238818932,5.489480125,78.64414005,4
B00200,B00200_R2,200,Gate_1,Purple_1,2,5,2.54,1.9812,72.23,1.6764,0.7112,72.19,4,5,0.04,0.2032,0.762,0.4572,2.54,3.556,2.032,2.032,1,3,3,300,1,2,5,1.89865,0.889,0.81915,0,72.19,72.23,5,4,2.032,3.556,1,-0.04,1.524,4.064,22.04231635,94.23231635,205.7676837,3.007934315,0,0.685892279,73.81889764,77.19,0,0.81915,1.3462,1.7653,0,3.233529389,5.31401729,6.968381163,2.032,8.021158173,94.23231635,186.9134832,108.3224253,3.233529389,6.968381163,92.68116686,3
B00200,B00200_R2,188,Purple_2,Purple_4,3,5,2.54,1.9812,72.23,1.6764,0.7112,72.19,4,5,0.04,0.762,2.54,0.762,2.032,2.3368,3.2512,0.508,3,3,3,300,1,3,5,1.40335,0.508,1.27635,0,72.19,72.23,5,4,3.2512,2.3368,1,-0.04,-0.9144,3.7592,20.83914262,93.02914262,206.9708574,4.211108041,0,0.689902858,79.80421366,77.19,0,1.27635,0.8128,1.7653,0,5.038289977,3.208463269,6.968381163,3.2512,12.83385308,93.02914262,179.9952343,116.7446414,5.038289977,6.968381163,86.96609166,2
B00200,B00200_R2,193,Purple_4,Gate_3,4,5,2.54,1.9812,72.23,1.6764,0.7112,72.19,4,5,0.04,0.762,2.032,0.2032,1.6002,2.3368,3.2512,1.4986,2,3,3,300,1,4,5,1.40335,0.508,1.25095,0.9652,72.19,72.23,5,4,3.2512,2.3368,1,-0.04,-0.9144,4.7498,24.74945723,96.93945723,203.0605428,0.300793431,0,0.676868476,63.16055413,77.19,0.9652,1.25095,0,1.39065,3.810050132,4.9380255,0,5.489480125,3.2512,12.83385308,96.93945723,176.786771,112.4332689,4.9380255,5.489480125,79.84731378,1
B00200,B00200_R2,197,Gate_2,Green_4,5,5,2.54,1.9812,72.23,1.6764,0.7112,72.19,4,5,0.04,0.2032,1.143,1.6764,0.7112,3.175,2.413,2.413,1,3,3,300,1,5,5,1.6129,0.889,3.0226,2.032,72.19,72.23,5,4,2.413,3.175,1,-0.04,0.762,4.826,25.05025066,97.24025066,202.7597493,0,0,0.675865831,62.16328222,77.19,2.032,3.0226,0.9652,1.3843,8.021158173,11.93147278,3.810050132,5.464414005,2.413,9.525125331,97.24025066,183.9055489,140.1062646,11.93147278,5.464414005,86.66529823,0
B00201,B00201_R1,183,Yellow_2,Gate_4,1,3,2.54,1.9812,58.28,1.6764,0.7112,78.92,3,6,-20.64,0.762,0.2032,0.2032,1.9812,3.556,1.4224,2.3368,2,3,3,300,0,1,3,1.1176,1.1176,1.7272,1.7272,58.28,78.92,3,6,3.556,1.4224,-3,-20.64,-2.1336,5.8928,29.2613587,87.5413587,212.4586413,4.812694904,0,0.708195471,50.90958458,61.28,1.7272,1.7272,0.8128,2.1844,6.817984447,6.817984447,3.208463269,8.622745036,3.556,14.0370268,87.5413587,136.4386863,73.36186002,6.817984447,8.622745036,48.8973276,2
B00201,B00201_R1,201,Gate_1,Yellow_3,2,3,2.54,1.9812,58.28,1.6764,0.7112,78.92,3,6,-20.64,0.2032,0.762,1.0668,0.2032,3.556,2.032,1.4224,1,3,3,300,0,2,3,0.5588,0,1.1176,0.8128,58.28,78.92,3,6,3.556,2.032,-3,-20.64,-1.524,4.9784,25.65183752,83.93183752,216.0681625,8.422216082,0,0.720227208,60.2603246,61.28,0.8128,1.1176,1.7272,2.6416,3.208463269,4.411636995,6.817984447,10.42750563,3.556,14.0370268,83.93183752,140.0482075,72.1586863,4.411636995,10.42750563,56.11636995,1
B00201,B00201_R1,198,Gate_1,Orange_6,3,3,2.54,1.9812,58.28,1.6764,0.7112,78.92,3,6,-20.64,0.2032,0.762,2.54,1.9812,3.556,2.032,3.556,1,3,3,300,0,3,3,0.5588,0,3.556,3.556,58.28,78.92,3,6,3.556,2.032,-3,-20.64,-1.524,7.112,34.07405361,92.35405361,207.6459464,0,0,0.692153155,42.18222722,61.28,3.556,3.556,1.4224,1.5748,14.0370268,14.0370268,5.614810721,6.216397584,3.556,14.0370268,92.35405361,138.8450338,82.98724983,14.0370268,6.216397584,46.49098014,0
B00202,B00202_R2,197,Gate_2,Green_4,1,5,2.54,1.9812,68.62,1.6764,0.7112,72.47,4,5,-3.85,0.2032,1.143,1.6764,0.7112,3.175,2.413,2.413,1,3,3,300,1,1,5,1.20015,0,2.73685,2.032,72.47,68.62,5,4,2.413,3.175,1,3.85,0.762,4.826,25.05025066,97.52025066,202.4797493,4.211108041,0,0.674932498,62.16328222,77.47,2.032,2.73685,0.9652,2.01295,8.021158173,10.80349741,3.810050132,7.945959815,2.413,9.525125331,97.52025066,188.6974504,140.1062646,10.80349741,7.945959815,91.1771997,4
B00202,B00202_R2,200,Gate_1,Purple_1,2,5,2.54,1.9812,68.62,1.6764,0.7112,72.47,4,5,-3.85,0.2032,0.762,0.4572,2.54,3.556,2.032,2.032,1,3,3,300,1,2,5,1.6129,0.889,1.2319,0.8128,72.47,68.62,5,4,2.032,3.556,1,3.85,1.524,4.064,22.04231635,94.51231635,205.4876837,7.219042356,0,0.684958946,73.81889764,77.47,0.8128,1.2319,1.3462,2.39395,3.208463269,4.862827142,5.31401729,9.449926973,2.032,8.021158173,94.51231635,191.7053847,119.3515178,4.862827142,9.449926973,97.19306833,3
B00202,B00202_R2,188,Purple_2,Purple_4,3,5,2.54,1.9812,68.62,1.6764,0.7112,72.47,4,5,-3.85,0.762,2.54,0.762,2.032,2.3368,3.2512,0.508,3,3,3,300,1,3,5,1.6891,0.508,1.5621,0,72.47,68.62,5,4,3.2512,2.3368,1,3.85,-0.9144,3.7592,20.83914262,93.30914262,206.6908574,8.422216082,0,0.688969525,79.80421366,77.47,0,1.5621,0.8128,1.89865,0,6.166265346,3.208463269,7.494769668,3.2512,12.83385308,93.30914262,184.7871358,125.7684443,6.166265346,7.494769668,91.47799313,2
B00202,B00202_R2,193,Purple_4,Gate_3,4,5,2.54,1.9812,68.62,1.6764,0.7112,72.47,4,5,-3.85,0.762,2.032,0.2032,1.6002,2.3368,3.2512,1.4986,2,3,3,300,1,4,5,1.6891,0.508,1.1938,0.9652,72.47,68.62,5,4,3.2512,2.3368,1,3.85,-0.9144,4.7498,24.74945723,97.21945723,202.7805428,4.511901472,0,0.675935143,63.16055413,77.47,0.9652,1.1938,0,1.524,3.810050132,4.712430427,0,6.01586863,3.2512,12.83385308,97.21945723,181.5786725,116.04279,4.712430427,6.01586863,84.35921525,1
B00202,B00202_R2,202,Gate_2,Orange_3,5,5,2.54,1.9812,68.62,1.6764,0.7112,72.47,4,5,-3.85,0.2032,1.143,2.286,2.54,3.175,2.413,3.4798,1,3,3,300,1,5,5,1.20015,0,2.85115,2.032,72.47,68.62,5,4,2.413,3.175,1,3.85,0.762,5.8928,29.2613587,101.7313587,198.2686413,0,0,0.660895471,50.90958458,77.47,2.032,2.85115,0.9652,1.74625,8.021158173,11.25468756,3.810050132,6.893182805,2.413,9.525125331,101.7313587,188.6974504,137.6999171,11.25468756,6.893182805,86.96609166,0
B00203,B00203_R1,203,Orange_7,Green_6,1,3,2.54,1.9812,59.79,2.286,2.54,88.05,3,5,-28.26,2.54,1.6002,2.54,0.762,0.889,1.1938,1.3462,3,3,3,300,0,1,3,3.175,3.175,2.9464,2.9464,59.79,88.05,3,5,0.889,1.1938,-2,-28.26,0.3048,2.2352,14.82327399,74.61327399,225.386726,19.25077962,0,0.751289087,134.2161775,62.79,2.9464,2.9464,0.889,1.8796,11.63067935,11.63067935,3.509256701,7.41957131,0.889,3.509256701,74.61327399,134.3391651,82.98724983,11.63067935,7.41957131,59.72589113,2
B00203,B00203_R1,201,Gate_1,Yellow_3,2,3,2.54,1.9812,59.79,2.286,2.54,88.05,3,5,-28.26,0.2032,0.762,1.0668,0.2032,3.556,3.8608,1.4224,1,3,3,300,0,2,3,1.5875,0,2.1463,1.4224,59.79,88.05,3,5,3.556,3.8608,-2,-28.26,0.3048,4.9784,25.65183752,85.44183752,214.5581625,8.422216082,0,0.715193875,60.2603246,62.79,1.4224,2.1463,2.9464,3.2512,5.614810721,8.47234832,11.63067935,12.83385308,3.556,14.0370268,85.44183752,131.9328177,65.84202424,8.47234832,12.83385308,46.49098014,1
B00203,B00203_R1,198,Gate_1,Orange_6,3,3,2.54,1.9812,59.79,2.286,2.54,88.05,3,5,-28.26,0.2032,0.762,2.54,1.9812,3.556,3.8608,3.556,1,3,3,300,0,3,3,1.5875,0,2.2225,0.889,59.79,88.05,3,5,3.556,3.8608,-2,-28.26,0.3048,7.112,34.07405361,93.86405361,206.1359464,0,0,0.687119821,42.18222722,62.79,0.889,2.2225,1.4224,2.1844,3.509256701,8.773141752,5.614810721,8.622745036,3.556,14.0370268,93.86405361,125.916949,58.02139502,8.773141752,8.622745036,32.05289543,0
B00204,B00204_R1,201,Gate_1,Yellow_3,1,4,2.54,1.9812,83.32,2.286,2.54,84.12,4,5,-0.8,0.2032,0.762,1.0668,0.2032,3.556,3.8608,1.4224,1,3,3,300,0,1,4,1.837266667,0,1.905,1.4224,83.32,84.12,4,5,3.556,3.8608,-1,-0.8,0.3048,4.9784,25.65183752,108.9718375,191.0281625,8.422216082,0,0.636760542,60.2603246,87.32,1.4224,1.905,1.7272,2.7432,5.614810721,7.519835787,6.817984447,10.82856353,3.556,14.0370268,108.9718375,179.9114815,100.7181937,7.519835787,10.82856353,70.93964394,3
B00204,B00204_R1,198,Gate_1,Orange_6,2,4,2.54,1.9812,83.32,2.286,2.54,84.12,4,5,-0.8,0.2032,0.762,2.54,1.9812,3.556,3.8608,3.556,1,3,3,300,0,2,4,1.837266667,0,2.2606,0.889,83.32,84.12,4,5,3.556,3.8608,-1,-0.8,0.3048,7.112,34.07405361,117.3940536,182.6059464,0,0,0.608686488,42.18222722,87.32,0.889,2.2606,1.4224,2.032,3.509256701,8.923538468,5.614810721,8.021158173,3.556,14.0370268,117.3940536,178.7083077,96.50708562,8.923538468,8.021158173,61.31425413,2
B00204,B00204_R1,203,Orange_7,Green_6,3,4,2.54,1.9812,83.32,2.286,2.54,84.12,4,5,-0.8,2.54,1.6002,2.54,0.762,0.889,1.1938,1.3462,3,3,3,300,0,3,4,2.7686,1.9558,2.3368,1.1176,83.32,84.12,4,5,0.889,1.1938,-1,-0.8,0.3048,2.2352,14.82327399,98.14327399,201.856726,19.25077962,0,0.672855753,134.2161775,87.32,1.1176,2.3368,0.889,2.159,4.411636995,9.224331899,3.509256701,8.522480559,0.889,3.509256701,98.14327399,187.1305238,116.6602455,9.224331899,8.522480559,88.98724983,1
B00204,B00204_R1,204,Green_2,Gate_4,4,4,2.54,1.9812,83.32,2.286,2.54,84.12,4,5,-0.8,1.9812,0.2032,0.2032,1.9812,2.3368,2.6416,3.556,2,3,3,300,0,4,4,2.2098,1.9558,2.0574,1.7272,83.32,84.12,4,5,2.3368,2.6416,-1,-0.8,0.3048,5.8928,29.2613587,112.5813587,187.4186413,4.812694904,0,0.624728804,50.90958458,87.32,1.7272,2.0574,1.1176,1.6256,6.817984447,8.12142265,4.411636995,6.416926539,2.3368,9.224331899,112.5813587,182.3178289,98.91343307,8.12142265,6.416926539,69.73647022,0
B00205,B00205_R2,205,Yellow_1,Gate_4,1,5,0.2032,1.9812,83.76,2.286,2.54,68.72,4,4,15.04,0.4572,0.2032,0.2032,1.9812,2.032,4.1656,2.032,2,3,3,300,1,1,5,1.82245,0.8128,1.32715,1.1176,68.72,83.76,4,4,4.1656,2.032,0,-15.04,-2.1336,6.1976,30.46453243,99.18453243,200.8154676,3.007934315,0,0.669384892,48.40583452,72.72,1.1176,1.32715,1.651,2.69875,4.411636995,5.238818932,6.517191016,10.6531007,4.1656,16.44337425,99.18453243,187.9553847,119.6523112,5.238818932,10.6531007,88.77085225,4
B00205,B00205_R2,200,Gate_1,Purple_1,2,5,0.2032,1.9812,83.76,2.286,2.54,68.72,4,4,15.04,0.2032,0.762,0.4572,2.54,1.7272,3.8608,2.032,1,3,3,300,1,2,5,1.59385,0.8128,1.40335,0.8128,68.72,83.76,4,4,3.8608,1.7272,0,-15.04,-2.1336,5.8928,29.2613587,97.9813587,202.0186413,4.211108041,0,0.673395471,50.90958458,72.72,0.8128,1.40335,1.3462,2.31775,3.208463269,5.539612363,5.31401729,9.149133541,3.8608,15.24020053,97.9813587,187.9553847,122.0586587,5.539612363,9.149133541,89.97402597,3
B00205,B00205_R2,188,Purple_2,Purple_4,3,5,0.2032,1.9812,83.76,2.286,2.54,68.72,4,4,15.04,0.762,2.54,0.762,2.032,1.1176,2.032,0.508,3,3,3,300,1,3,5,1.86055,0.508,1.73355,0,68.72,83.76,4,4,2.032,1.1176,0,-15.04,-0.9144,2.54,16.02644772,84.74644772,215.2535523,17.44601903,0,0.717511841,118.1102362,72.72,0,1.73355,0.8128,1.36525,0,6.843050566,3.208463269,5.389215648,2.032,8.021158173,84.74644772,193.068873,140.5073225,6.843050566,5.389215648,108.3224253,2
B00205,B00205_R2,193,Purple_4,Gate_3,4,5,0.2032,1.9812,83.76,2.286,2.54,68.72,4,4,15.04,0.762,2.032,0.2032,1.6002,1.1176,2.032,1.4986,2,3,3,300,1,4,5,1.86055,0.508,1.36525,0.9652,68.72,83.76,4,4,2.032,1.1176,0,-15.04,-0.9144,3.5306,19.93676233,88.65676233,211.3432377,13.53570442,0,0.704477459,84.97139296,72.72,0.9652,1.36525,0,0.9906,3.810050132,5.389215648,0,3.910314609,2.032,8.021158173,88.65676233,189.8604097,130.7816682,5.389215648,3.910314609,101.2036474,1
B00205,B00205_R2,202,Gate_2,Orange_3,5,5,0.2032,1.9812,83.76,2.286,2.54,68.72,4,4,15.04,0.2032,1.143,2.286,2.54,1.3462,3.4798,3.4798,1,3,3,300,1,5,5,1.4986,0.889,3.0226,2.032,68.72,83.76,4,4,3.4798,1.3462,0,-15.04,-2.1336,6.9596,33.47246674,102.1924667,197.8075333,0,0,0.659358444,43.10592563,72.72,2.032,3.0226,0.9652,1.47955,8.021158173,11.93147278,3.810050132,5.840405795,3.4798,13.73623337,102.1924667,187.9553847,143.4149923,11.93147278,5.840405795,85.76291793,0
B00206,B00206_R1,198,Gate_1,Orange_6,1,4,0.2032,1.9812,74.02,2.286,2.54,82.54,4,5,-8.52,0.2032,0.762,2.54,1.9812,1.7272,3.8608,3.556,1,3,3,300,0,1,4,2.1336,0.889,2.1336,0.889,74.02,82.54,4,5,1.7272,3.8608,-1,-8.52,2.1336,5.2832,26.85501125,100.8750113,199.1249887,7.219042356,0,0.663749962,56.78376741,78.02,0.889,2.1336,1.1176,1.9304,3.509256701,8.422216082,4.411636995,7.620100264,1.7272,6.817984447,100.8750113,171.8146552,98.61263964,8.422216082,7.620100264,70.93964394,3
B00206,B00206_R1,203,Orange_7,Green_6,2,4,0.2032,1.9812,74.02,2.286,2.54,82.54,4,5,-8.52,2.54,1.6002,2.54,0.762,2.7178,1.1938,1.3462,3,3,3,300,0,2,4,2.6416,1.9558,2.2606,1.1176,74.02,82.54,4,5,2.7178,1.1938,-1,-8.52,-1.524,4.064,22.04231635,96.06231635,203.9376837,12.03173726,0,0.679792279,73.81889764,78.02,1.1176,2.2606,0.889,2.2606,4.411636995,8.923538468,3.509256701,8.923538468,2.7178,10.72829906,96.06231635,167.0019603,104.9293017,8.923538468,8.923538468,70.93964394,2
B00206,B00206_R1,204,Green_2,Gate_4,3,4,0.2032,1.9812,74.02,2.286,2.54,82.54,4,5,-8.52,1.9812,0.2032,0.2032,1.9812,3.556,2.6416,3.556,2,3,3,300,0,3,4,2.3368,1.9558,1.9304,1.3462,74.02,82.54,4,5,3.556,2.6416,-1,-8.52,-0.9144,7.112,34.07405361,108.0940536,191.9059464,0,0,0.639686488,42.18222722,78.02,1.3462,1.9304,1.1176,1.7272,5.31401729,7.620100264,4.411636995,6.817984447,3.556,14.0370268,108.0940536,164.5956128,88.98724983,7.620100264,6.817984447,56.50155923,1
B00206,B00206_R1,206,Gate_2,Yellow_2,4,4,0.2032,1.9812,74.02,2.286,2.54,82.54,4,5,-8.52,0.2032,1.143,0.762,0.2032,1.3462,3.4798,1.4986,1,3,3,300,0,4,4,2.1336,0.889,2.0066,1.1176,74.02,82.54,4,5,1.3462,3.4798,-1,-8.52,2.1336,2.8448,17.22962144,91.24962144,208.7503786,16.84443216,0,0.695834595,105.4555681,78.02,1.1176,2.0066,1.3462,2.413,4.411636995,7.920893696,5.31401729,9.525125331,1.3462,5.31401729,91.24962144,174.2210026,106.7340623,7.920893696,9.525125331,82.9713812,0
B00207,B00207_R2,188,Purple_2,Purple_4,1,5,0.762,0.2032,82.71,2.286,2.54,74.83,4,5,7.89,0.762,2.54,0.762,2.032,2.9464,2.032,0.508,3,3,3,300,1,1,5,1.9939,0.508,1.8669,0,74.83,82.71,5,4,2.032,2.9464,1,-7.88,0.9144,2.54,16.02644772,90.85644772,209.1435523,17.44601903,0,0.697145174,118.1102362,79.83,0,1.8669,0.8128,1.4605,0,7.369439072,3.208463269,5.765207437,2.032,8.021158173,90.85644772,192.2606241,135.6946276,7.369439072,5.765207437,101.4041764,4
B00207,B00207_R2,193,Purple_4,Gate_3,2,5,0.762,0.2032,82.71,2.286,2.54,74.83,4,5,7.89,0.762,2.032,0.2032,1.6002,2.9464,2.032,1.4986,2,3,3,300,1,2,5,1.9939,0.508,1.651,0.9652,74.83,82.71,5,4,2.032,2.9464,1,-7.88,0.9144,3.5306,19.93676233,94.76676233,205.2332377,13.53570442,0,0.684110792,84.97139296,79.83,0.9652,1.651,0,1.08585,3.810050132,6.517191016,0,4.286306399,2.032,8.021158173,94.76676233,189.0521608,128.3753207,6.517191016,4.286306399,94.28539849,3
B00207,B00207_R2,202,Gate_2,Orange_3,3,5,0.762,0.2032,82.71,2.286,2.54,74.83,4,5,7.89,0.2032,1.143,2.286,2.54,1.4986,3.4798,3.4798,1,3,3,300,1,3,5,1.78435,0.889,2.39395,1.651,74.83,82.71,5,4,3.4798,1.4986,1,-7.88,-1.9812,6.9596,33.47246674,108.3024667,191.6975333,0,0,0.638991778,43.10592563,79.83,1.651,2.39395,0.9652,1.3843,6.517191016,9.449926973,3.810050132,5.464414005,3.4798,13.73623337,108.3024667,187.1471358,126.5705601,9.449926973,5.464414005,78.84466901,2
B00207,B00207_R2,207,Green_7,Gate_3,4,5,0.762,0.2032,82.71,2.286,2.54,74.83,4,5,7.89,2.54,1.143,0.2032,1.6002,2.7178,1.651,2.794,2,3,3,300,1,4,5,2.85115,2.3368,1.32715,0.9652,74.83,82.71,5,4,1.651,2.7178,1,-7.88,1.0668,4.445,23.5462835,98.3762835,201.6237165,9.926183239,0,0.672079055,67.49156355,79.83,0.9652,1.32715,1.651,2.77495,3.810050132,5.238818932,6.517191016,10.95389413,1.651,6.517191016,98.3762835,197.073319,119.6523112,5.238818932,10.95389413,98.69703549,1
B00207,B00207_R2,200,Gate_1,Purple_1,5,5,0.762,0.2032,82.71,2.286,2.54,74.83,4,5,7.89,0.2032,0.762,0.4572,2.54,1.1176,3.8608,2.032,1,3,3,300,1,5,5,2.0701,0.889,1.6891,0.8128,74.83,82.71,5,4,3.8608,1.1176,1,-7.88,-2.7432,5.8928,29.2613587,104.0913587,195.9086413,4.211108041,0,0.653028804,50.90958458,79.83,0.8128,1.6891,1.3462,2.2225,3.208463269,6.667587731,5.31401729,8.773141752,3.8608,15.24020053,104.0913587,187.1471358,119.6523112,6.667587731,8.773141752,83.05577705,0
B00208,B00208_R1,203,Orange_7,Green_6,1,4,0.762,0.2032,74.18,0.4572,2.54,89.76,4,5,-15.58,2.54,1.6002,2.54,0.762,3.175,3.0226,1.3462,3,3,3,300,0,1,4,2.1844,1.8034,2.159,1.1176,74.18,89.76,4,5,3.175,3.0226,-1,-15.58,-0.1524,4.5212,23.84707694,98.02707694,201.9729231,4.511901472,0,0.673243077,66.35406529,78.18,1.1176,2.159,2.3368,2.7432,4.411636995,8.522480559,9.224331899,10.82856353,3.175,12.53305965,98.02707694,167.7635472,98.61263964,8.522480559,10.82856353,69.73647022,3
B00208,B00208_R1,204,Green_2,Gate_4,2,4,0.762,0.2032,74.18,0.4572,2.54,89.76,4,5,-15.58,1.9812,0.2032,0.2032,1.9812,1.7272,3.8608,3.556,2,3,3,300,0,2,4,2.6416,1.9558,2.032,1.3462,74.18,89.76,4,5,1.7272,3.8608,-1,-15.58,2.1336,5.2832,26.85501125,101.0350113,198.9649887,1.503967157,0,0.663216629,56.78376741,78.18,1.3462,2.032,1.1176,2.0066,5.31401729,8.021158173,4.411636995,7.920893696,1.7272,6.817984447,101.0350113,168.6659274,94.10073817,8.021158173,7.920893696,67.6309162,2
B00208,B00208_R1,208,Orange_1,Gate_3,3,4,0.762,0.2032,74.18,0.4572,2.54,89.76,4,5,-15.58,1.6764,2.54,0.2032,1.6002,3.2512,1.7272,2.413,2,3,3,300,0,3,4,2.6416,1.8034,2.159,0.9652,74.18,89.76,4,5,3.2512,1.7272,-1,-15.58,-1.524,5.6642,28.35897841,102.5389784,197.4610216,0,0,0.658203405,52.96423149,78.18,0.9652,2.159,2.032,2.6416,3.810050132,8.522480559,8.021158173,10.42750563,3.2512,12.83385308,102.5389784,166.25958,94.10073817,8.522480559,10.42750563,63.72060159,1
B00208,B00208_R1,206,Gate_2,Yellow_2,4,4,0.762,0.2032,74.18,0.4572,2.54,89.76,4,5,-15.58,0.2032,1.143,0.762,0.2032,1.4986,1.651,1.4986,1,3,3,300,0,4,4,2.794,2.7178,2.7178,1.7272,74.18,89.76,4,5,1.4986,1.651,-1,-15.58,0.1524,2.9972,17.83120831,92.01120831,207.9887917,10.5277701,0,0.693295972,100.0934205,78.18,1.7272,2.7178,0.9652,1.6764,6.817984447,10.72829906,3.810050132,6.617455493,1.4986,5.915604153,92.01120831,168.9667209,111.2459638,10.72829906,6.617455493,76.95551257,0
B00209,B00209_R2,193,Purple_4,Gate_3,1,5,0.762,0.2032,79.42,0.4572,2.54,82.35,4,5,-2.92,0.762,2.032,0.2032,1.6002,2.9464,0.8128,1.4986,2,3,3,300,1,1,5,2.35585,1.9558,1.51765,0.9652,82.35,79.42,5,4,0.8128,2.9464,1,2.93,2.1336,2.3114,15.12406742,97.47406742,202.5259326,15.64125844,0,0.675086442,129.7914684,87.35,0.9652,1.51765,0.8128,1.8796,3.810050132,5.990802511,3.208463269,7.41957131,0.8128,3.208463269,97.47406742,198.2766569,124.7657995,5.990802511,7.41957131,100.8025895,4
B00209,B00209_R2,209,Gate_2,Green_7,2,5,0.762,0.2032,79.42,0.4572,2.54,82.35,4,5,-2.92,0.2032,1.143,2.54,1.143,1.4986,1.651,2.3368,1,3,3,300,1,2,5,1.2954,0,2.0574,0,82.35,79.42,5,4,1.651,1.4986,1,2.93,-0.1524,3.9878,21.74152291,104.0915229,195.9084771,9.023802945,0,0.653028257,75.22944982,87.35,0,2.0574,0.9652,1.7653,0,8.12142265,3.810050132,6.968381163,1.651,6.517191016,104.0915229,195.569516,126.6708246,8.12142265,6.968381163,91.47799313,3
B00209,B00209_R2,207,Green_7,Gate_3,3,5,0.762,0.2032,79.42,0.4572,2.54,82.35,4,5,-2.92,2.54,1.143,0.2032,1.6002,2.7178,3.4798,2.794,2,3,3,300,1,3,5,2.6416,2.3368,1.1938,0.9652,82.35,79.42,5,4,3.4798,2.7178,1,2.93,-0.762,6.2738,30.76532586,113.1153259,186.8846741,0,0,0.622948914,47.8179094,87.35,0.9652,1.1938,0,1.9812,3.810050132,4.712430427,0,7.820629219,3.4798,13.73623337,113.1153259,184.5404236,104.0110528,4.712430427,7.820629219,71.4250977,2
B00209,B00209_R2,200,Gate_1,Purple_1,4,5,0.762,0.2032,79.42,0.4572,2.54,82.35,4,5,-2.92,0.2032,0.762,0.4572,2.54,1.1176,2.032,2.032,1,3,3,300,1,4,5,1.70815,0.889,1.89865,0.8128,82.35,79.42,5,4,2.032,1.1176,1,2.93,-0.9144,4.064,22.04231635,104.3923163,195.6076837,8.723009513,0,0.652025612,73.81889764,87.35,0.8128,1.89865,1.3462,2.31775,3.208463269,7.494769668,5.31401729,9.149133541,2.032,8.021158173,104.3923163,195.569516,123.8634193,7.494769668,9.149133541,91.1771997,1
B00209,B00209_R2,202,Gate_2,Orange_3,5,5,0.762,0.2032,79.42,0.4572,2.54,82.35,4,5,-2.92,0.2032,1.143,2.286,2.54,1.4986,1.651,3.4798,1,3,3,300,1,5,5,1.2954,0,2.7559,1.651,82.35,79.42,5,4,1.651,1.4986,1,2.93,-0.1524,5.1308,26.25342439,108.6034244,191.3965756,4.511901472,0,0.637988585,58.47041397,87.35,1.651,2.7559,0.9652,1.47955,6.517191016,10.87869577,3.810050132,5.840405795,1.651,6.517191016,108.6034244,195.569516,133.1880156,10.87869577,5.840405795,86.96609166,0
B00210,B00210_R1,204,Green_2,Gate_4,1,4,0.762,0.2032,72.83,2.286,2.54,93.37,4,5,-20.53,1.9812,0.2032,0.2032,1.9812,1.7272,2.6416,3.556,2,3,3,300,0,1,4,2.8956,2.7178,1.5748,1.3462,72.83,93.37,4,5,1.7272,2.6416,-1,-20.54,0.9144,5.2832,26.85501125,99.68501125,200.3149887,1.503967157,0,0.667716629,56.78376741,76.83,1.3462,1.5748,1.7272,2.286,5.31401729,6.216397584,6.817984447,9.023802945,1.7272,6.817984447,99.68501125,168.8198946,87.78407611,6.216397584,9.023802945,69.13488335,3
B00210,B00210_R1,210,Gate_2,Orange_7,2,4,0.762,0.2032,72.83,2.286,2.54,93.37,4,5,-20.53,0.2032,1.143,2.54,1.6002,1.4986,3.4798,2.794,1,3,3,300,0,2,4,1.862666667,0,2.1844,1.8034,72.83,93.37,4,5,1.4986,3.4798,-1,-20.54,1.9812,4.2926,22.94469664,95.77469664,204.2253034,5.414281767,0,0.680751011,69.88771374,76.83,1.8034,2.1844,0.9652,1.27,7.118777879,8.622745036,3.810050132,5.013223858,1.4986,5.915604153,95.77469664,166.7143406,98.91343307,8.622745036,5.013223858,70.93964394,2
B00210,B00210_R1,208,Orange_1,Gate_3,3,4,0.762,0.2032,72.83,2.286,2.54,93.37,4,5,-20.53,1.6764,2.54,0.2032,1.6002,3.2512,1.1176,2.413,2,3,3,300,0,3,4,2.9972,2.8702,1.7018,0.9652,72.83,93.37,4,5,3.2512,1.1176,-1,-20.54,-2.1336,5.6642,28.35897841,101.1889784,198.8110216,0,0,0.662703405,52.96423149,76.83,0.9652,1.7018,1.8034,2.3622,3.810050132,6.71771997,7.118777879,9.324596376,3.2512,12.83385308,101.1889784,163.1048194,87.78407611,6.71771997,9.324596376,61.915841,1
B00210,B00210_R1,206,Gate_2,Yellow_2,4,4,0.762,0.2032,72.83,2.286,2.54,93.37,4,5,-20.53,0.2032,1.143,0.762,0.2032,1.4986,3.4798,1.4986,1,3,3,300,0,4,4,1.862666667,0,2.159,1.4986,72.83,93.37,4,5,1.4986,3.4798,-1,-20.54,1.9812,2.9972,17.83120831,90.66120831,209.3387917,10.5277701,0,0.697795972,100.0934205,76.83,1.4986,2.159,0.9652,1.7018,5.915604153,8.522480559,3.810050132,6.71771997,1.4986,5.915604153,90.66120831,166.7143406,103.726128,8.522480559,6.71771997,76.05313228,0
B00211,B00211_R2,207,Green_7,Gate_3,1,4,0.762,0.2032,85.96,2.286,2.54,84.53,4,4,1.43,2.54,1.143,0.2032,1.6002,2.7178,1.651,2.794,2,3,3,300,1,1,4,2.2352,1.651,1.778,0.9652,84.53,85.96,4,4,1.651,2.7178,0,-1.43,1.0668,4.445,23.5462835,108.0762835,191.9237165,9.926183239,0,0.639745722,67.49156355,88.53,0.9652,1.778,1.651,2.6416,3.810050132,7.018513401,6.517191016,10.42750563,1.651,6.517191016,108.0762835,188.7415817,101.7208384,7.018513401,10.42750563,80.66529823,3
B00211,B00211_R2,202,Gate_2,Orange_3,2,4,0.762,0.2032,85.96,2.286,2.54,84.53,4,4,1.43,0.2032,1.143,2.286,2.54,1.4986,3.4798,3.4798,1,3,3,300,1,2,4,2.2352,0.889,1.837266667,0,84.53,85.96,4,4,3.4798,1.4986,0,-1.43,-1.9812,6.9596,33.47246674,118.0024667,181.9975333,0,0,0.606658444,43.10592563,88.53,0,1.837266667,0.9652,1.1938,0,7.252463848,3.810050132,4.712430427,3.4798,13.73623337,118.0024667,178.8153985,92.49650653,7.252463848,4.712430427,60.81293175,2
B00211,B00211_R2,211,Orange_3,Gate_3,3,4,0.762,0.2032,85.96,2.286,2.54,84.53,4,4,1.43,2.286,2.54,0.2032,1.6002,3.8608,0,3.0226,2,3,3,300,1,3,4,2.9972,1.651,1.7018,0.9652,84.53,85.96,4,4,0,3.8608,0,-1.43,3.8608,3.0226,17.93147278,102.4614728,197.5385272,15.54099396,0,0.658461757,99.25229934,88.53,0.9652,1.7018,0,1.786466667,3.810050132,6.71771997,0,7.051934894,0,0,102.4614728,188.7415817,106.4332689,6.71771997,7.051934894,86.28010895,1
B00211,B00211_R2,200,Gate_1,Purple_1,4,4,0.762,0.2032,85.96,2.286,2.54,84.53,4,4,1.43,0.2032,0.762,0.4572,2.54,1.1176,3.8608,2.032,1,3,3,300,1,4,4,2.4892,0.889,2.4892,1.651,84.53,85.96,4,4,3.8608,1.1176,0,-1.43,-2.7432,5.8928,29.2613587,113.7913587,186.2086413,4.211108041,0,0.620695471,50.90958458,88.53,1.651,2.4892,1.3462,2.1844,6.517191016,9.825918762,5.31401729,8.622745036,3.8608,15.24020053,113.7913587,178.8153985,104.4279793,9.825918762,8.622745036,65.02403979,0
B00212,B00212_R1,210,Gate_2,Orange_7,1,4,0.762,0.2032,78.55,0.4572,2.54,92.87,4,5,-14.32,0.2032,1.143,2.54,1.6002,1.4986,1.651,2.794,1,3,3,300,0,1,4,1.557866667,0,2.4892,1.8034,78.55,92.87,4,5,1.4986,1.651,-1,-14.32,0.1524,4.2926,22.94469664,101.4946966,198.5053034,5.414281767,0,0.661684345,69.88771374,82.55,1.8034,2.4892,0.9652,1.7272,7.118777879,9.825918762,3.810050132,6.817984447,1.4986,5.915604153,101.4946966,160.4026033,90.49121699,9.825918762,6.817984447,58.90790668,3
B00212,B00212_R1,208,Orange_1,Gate_3,2,4,0.762,0.2032,78.55,0.4572,2.54,92.87,4,5,-14.32,1.6764,2.54,0.2032,1.6002,3.2512,1.7272,2.413,2,3,3,300,0,2,4,2.8956,2.8702,1.397,0.9652,78.55,92.87,4,5,3.2512,1.7272,-1,-14.32,-1.524,5.6642,28.35897841,106.9089784,193.0910216,0,0,0.643636739,52.96423149,82.55,0.9652,1.397,1.8034,2.7686,3.810050132,5.514546244,7.118777879,10.92882801,3.2512,12.83385308,106.9089784,156.7930821,72.14281767,5.514546244,10.92882801,49.88410374,2
B00212,B00212_R1,206,Gate_2,Yellow_2,3,4,0.762,0.2032,78.55,0.4572,2.54,92.87,4,5,-14.32,0.2032,1.143,0.762,0.2032,1.4986,1.651,1.4986,1,3,3,300,0,3,4,1.557866667,0,1.8542,0.8128,78.55,92.87,4,5,1.4986,1.651,-1,-14.32,0.1524,2.9972,17.83120831,96.38120831,203.6187917,10.5277701,0,0.678729306,100.0934205,82.55,0.8128,1.8542,0.9652,2.159,3.208463269,7.319306833,3.810050132,8.522480559,1.4986,5.915604153,96.38120831,160.4026033,88.08486954,7.319306833,8.522480559,64.02139502,1
B00212,B00212_R1,212,Yellow_3,Green_5,4,4,0.762,0.2032,78.55,0.4572,2.54,92.87,4,5,-14.32,1.0668,0.2032,1.9812,0.7112,0.8128,2.9464,1.4224,3,3,3,300,0,4,4,2.1844,1.8034,2.8956,2.7178,78.55,92.87,4,5,0.8128,2.9464,-1,-14.32,2.1336,2.2352,14.82327399,93.37327399,206.626726,13.53570442,0,0.688755753,134.2161775,82.55,2.7178,2.8956,0.8128,1.9812,10.72829906,11.4301504,3.208463269,7.820629219,0.8128,3.208463269,93.37327399,162.5081573,103.4253345,11.4301504,7.820629219,69.13488335,0
B00213,B00213_R1,208,Orange_1,Gate_3,1,4,1.9812,0.7112,76.66,0.4572,2.54,80.64,4,4,-3.99,1.6764,2.54,0.2032,1.6002,3.2512,1.7272,2.413,2,3,3,300,0,1,4,3.0226,2.8702,2.1336,0.9652,76.66,80.64,4,4,3.2512,1.7272,0,-3.98,-1.524,5.6642,28.35897841,105.0189784,194.9810216,0,0,0.649936739,52.96423149,80.66,0.9652,2.1336,2.413,2.9718,3.810050132,8.422216082,9.525125331,11.73094383,3.2512,12.83385308,105.0189784,162.1221245,85.67852209,8.422216082,11.73094383,57.10314609,3
B00213,B00213_R1,206,Gate_2,Yellow_2,2,4,1.9812,0.7112,76.66,0.4572,2.54,80.64,4,4,-3.99,0.2032,1.143,0.762,0.2032,2.7178,1.651,1.4986,1,3,3,300,0,2,4,2.4638,1.8034,1.9304,0.8128,76.66,80.64,4,4,2.7178,1.651,0,-3.98,-1.0668,4.2164,22.64390321,99.30390321,200.6960968,5.715075198,0,0.668986989,71.15074471,80.66,0.8128,1.9304,0.9652,1.5494,3.208463269,7.620100264,3.810050132,6.116133107,2.7178,10.72829906,99.30390321,158.5126033,88.98724983,7.620100264,6.116133107,59.20870011,2
B00213,B00213_R1,212,Yellow_3,Green_5,3,4,1.9812,0.7112,76.66,0.4572,2.54,80.64,4,4,-3.99,1.0668,0.2032,1.9812,0.7112,1.4224,2.9464,1.4224,3,3,3,300,0,3,4,2.0574,1.4224,2.159,0.508,76.66,80.64,4,4,1.4224,2.9464,0,-3.98,1.524,2.8448,17.22962144,93.88962144,206.1103786,11.12935697,0,0.687034595,105.4555681,80.66,0.508,2.159,0.8128,1.778,2.005289543,8.522480559,3.208463269,7.018513401,1.4224,5.614810721,93.88962144,163.0245048,97.10867248,8.522480559,7.018513401,69.13488335,1
B00213,B00213_R1,213,Green_2,Gate_3,4,4,1.9812,0.7112,76.66,0.4572,2.54,80.64,4,4,-3.99,1.9812,0.2032,0.2032,1.6002,0.508,3.8608,3.175,2,3,3,300,0,4,4,2.4638,1.4224,1.8796,0.9652,76.66,80.64,4,4,0.508,3.8608,0,-3.98,3.3528,3.683,20.53834919,97.19834919,202.8016508,7.820629219,0,0.676005503,81.45533532,80.66,0.9652,1.8796,0.508,1.8034,3.810050132,7.41957131,2.005289543,7.118777879,0.508,2.005289543,97.19834919,165.4308522,90.49121699,7.41957131,7.118777879,68.23250306,0
B00214,B00214_R2,200,Gate_1,Purple_1,1,4,0.2032,1.6002,88.88,0.4572,2.54,77.32,5,4,11.56,0.2032,0.762,0.4572,2.54,1.3462,2.032,2.032,1,3,3,300,1,1,4,1.8796,0.889,1.8796,1.651,77.32,88.88,4,5,2.032,1.3462,-1,-11.56,-0.6858,4.064,22.04231635,99.36231635,200.6376837,5.113488335,0,0.668792279,73.81889764,81.32,1.651,1.8796,1.3462,2.6416,6.517191016,7.41957131,5.31401729,10.42750563,2.032,8.021158173,99.36231635,171.8059274,97.40946591,7.41957131,10.42750563,72.4436111,3
B00214,B00214_R2,202,Gate_2,Orange_3,2,4,0.2032,1.6002,88.88,0.4572,2.54,77.32,5,4,11.56,0.2032,1.143,2.286,2.54,0.9652,1.651,3.4798,1,3,3,300,1,2,4,1.456266667,0,2.446866667,0,77.32,88.88,4,5,1.651,0.9652,-1,-11.56,-0.6858,5.1308,26.25342439,103.5734244,196.4265756,0.902380294,0,0.654755252,58.47041397,81.32,0,2.446866667,0.9652,1.651,0,9.6588113,3.810050132,6.517191016,1.651,6.517191016,103.5734244,171.8059274,99.91607784,9.6588113,6.517191016,68.23250306,2
B00214,B00214_R2,211,Orange_3,Gate_3,3,4,0.2032,1.6002,88.88,0.4572,2.54,77.32,5,4,11.56,2.286,2.54,0.2032,1.6002,3.0226,2.3368,3.0226,2,3,3,300,1,3,4,3.6068,3.4798,1.0922,0.9652,77.32,88.88,4,5,2.3368,3.0226,-1,-11.56,0.6858,5.3594,27.15580468,104.4758047,195.5241953,0,0,0.651747318,55.97641527,81.32,0.9652,1.0922,0,1.329266667,3.810050132,4.311372518,0,5.247174305,2.3368,9.224331899,104.4758047,165.2887364,82.9713812,4.311372518,5.247174305,60.81293175,1
B00214,B00214_R2,214,Gate_2,Green_7,4,4,0.2032,1.6002,88.88,0.4572,2.54,77.32,5,4,11.56,0.2032,1.143,2.54,1.143,0.9652,1.651,2.3368,1,3,3,300,1,4,4,1.456266667,0,2.2352,1.651,77.32,88.88,4,5,1.651,0.9652,-1,-11.56,-0.6858,3.9878,21.74152291,99.06152291,200.9384771,5.414281767,0,0.669794924,75.22944982,81.32,1.651,2.2352,0.9652,2.032,6.517191016,8.82327399,3.810050132,8.021158173,1.651,6.517191016,99.06152291,171.8059274,101.9213674,8.82327399,8.021158173,72.74440453,0
B00215,B00215_R1,206,Gate_2,Yellow_2,1,4,0.2032,1.6002,74.93,2.54,1.143,85.11,4,4,-10.18,0.2032,1.143,0.762,0.2032,0.9652,2.3368,1.4986,1,3,3,300,0,1,4,2.5654,1.8034,2.032,0.8128,74.93,85.11,4,4,0.9652,2.3368,0,-10.18,1.3716,2.4638,15.72565428,90.65565428,209.3443457,15.34046501,0,0.697814486,121.7631301,78.93,0.8128,2.032,0.9652,1.6764,3.208463269,8.021158173,3.810050132,6.617455493,0.9652,3.810050132,90.65565428,168.2127537,101.620574,8.021158173,6.617455493,77.55709944,3
B00215,B00215_R1,212,Yellow_3,Green_5,2,4,0.2032,1.6002,74.93,2.54,1.143,85.11,4,4,-10.18,1.0668,0.2032,1.9812,0.7112,2.2606,2.413,1.4224,3,3,3,300,0,2,4,2.159,1.4224,2.0574,0.508,74.93,85.11,4,4,2.2606,2.413,0,-10.18,0.1524,3.683,20.53834919,95.46834919,204.5316508,10.5277701,0,0.681772169,81.45533532,78.93,0.508,2.0574,0.8128,1.905,2.005289543,8.12142265,3.208463269,7.519835787,2.2606,8.923538468,95.46834919,162.4976785,97.10867248,8.12142265,7.519835787,67.02932933,2
B00215,B00215_R1,213,Green_2,Gate_3,3,4,0.2032,1.6002,74.93,2.54,1.143,85.11,4,4,-10.18,1.9812,0.2032,0.2032,1.6002,3.175,1.4986,3.175,2,3,3,300,0,3,4,2.3622,1.4224,1.9812,0.9652,74.93,85.11,4,4,3.175,1.4986,0,-10.18,-1.6764,6.35,31.06611929,105.9961193,194.0038807,0,0,0.646679602,47.24409449,78.93,0.9652,1.9812,0.508,1.9304,3.810050132,7.820629219,2.005289543,7.620100264,3.175,12.53305965,105.9961193,157.6849836,85.67852209,7.820629219,7.620100264,51.68886433,1
B00215,B00215_R1,215,Orange_2,Gate_4,4,4,0.2032,1.6002,74.93,2.54,1.143,85.11,4,4,-10.18,1.9812,2.54,0.2032,1.9812,2.7178,1.9558,2.3368,2,3,3,300,0,4,4,3.1242,2.9464,2.5146,1.3462,74.93,85.11,4,4,2.7178,1.9558,0,-10.18,-0.762,5.0546,25.95263096,100.882631,199.117369,5.113488335,0,0.663724563,59.3518775,78.93,1.3462,2.5146,2.7178,3.0734,5.31401729,9.926183239,10.72829906,12.13200174,2.7178,10.72829906,100.882631,168.2127537,97.10867248,9.926183239,12.13200174,67.33012276,0
B00216,B00216_R2,216,Orange_3,Gate_3,1,4,0.2032,1.9812,90.93,2.54,1.143,76.8,5,4,14.12,2.286,2.54,0.2032,1.6002,2.6416,1.651,3.0226,2,3,3,300,1,1,4,2.319866667,0,1.651,0.9652,76.8,90.93,4,5,1.651,2.6416,-1,-14.13,0.9906,4.6736,24.4486638,101.2486638,198.7513362,4.511901472,0,0.662504454,64.19034577,80.8,0.9652,1.651,0,1.557866667,3.810050132,6.517191016,0,6.149554599,1.651,6.517191016,101.2486638,172.5893656,97.40946591,6.517191016,6.149554599,71.34070185,3
B00216,B00216_R2,202,Gate_2,Orange_3,2,4,0.2032,1.9812,90.93,2.54,1.143,76.8,5,4,14.12,0.2032,1.143,2.286,2.54,1.3462,2.3368,3.4798,1,3,3,300,1,2,4,2.319866667,0,1.159933333,0,76.8,90.93,4,5,2.3368,1.3462,-1,-14.13,-0.9906,5.8166,28.96056527,105.7605653,194.2394347,0,0,0.647464782,51.57652237,80.8,0,1.159933333,0.9652,1.4224,0,4.578744457,3.810050132,5.614810721,2.3368,9.224331899,105.7605653,173.6922749,87.08222477,4.578744457,5.614810721,67.93170963,2
B00216,B00216_R2,211,Orange_3,Gate_3,3,4,0.2032,1.9812,90.93,2.54,1.143,76.8,5,4,14.12,2.286,2.54,0.2032,1.6002,2.6416,1.651,3.0226,2,3,3,300,1,3,4,2.319866667,0,1.651,0.9652,76.8,90.93,4,5,1.651,2.6416,-1,-14.13,0.9906,4.6736,24.4486638,101.2486638,198.7513362,4.511901472,0,0.662504454,64.19034577,80.8,0.9652,1.651,0,1.557866667,3.810050132,6.517191016,0,6.149554599,1.651,6.517191016,101.2486638,172.5893656,97.40946591,6.517191016,6.149554599,71.34070185,1
B00216,B00216_R2,214,Gate_2,Green_7,4,4,0.2032,1.9812,90.93,2.54,1.143,76.8,5,4,14.12,0.2032,1.143,2.54,1.143,1.3462,2.3368,2.3368,1,3,3,300,1,4,4,2.319866667,0,1.8796,1.651,76.8,90.93,4,5,2.3368,1.3462,-1,-14.13,-0.9906,4.6736,24.4486638,101.2486638,198.7513362,4.511901472,0,0.662504454,64.19034577,80.8,1.651,1.8796,0.9652,1.8034,6.517191016,7.41957131,3.810050132,7.118777879,2.3368,9.224331899,101.2486638,173.6922749,100.1166068,7.41957131,7.118777879,72.4436111,0
B00217,B00217_R1,212,Yellow_3,Green_5,1,4,0.2032,1.9812,78.48,2.54,1.143,90.39,4,4,-11.91,1.0668,0.2032,1.9812,0.7112,2.6416,2.413,1.4224,3,3,3,300,0,1,4,2.159,1.4224,2.0574,0.508,78.48,90.39,4,4,2.6416,2.413,0,-11.91,-0.2286,4.064,22.04231635,100.5223163,199.4776837,10.5277701,0,0.664925612,73.81889764,82.48,0.508,2.0574,2.2606,2.7178,2.005289543,8.12142265,8.923538468,10.72829906,2.6416,10.42750563,100.5223163,179.8841764,105.2300951,8.12142265,10.72829906,79.36186002,3
B00217,B00217_R1,213,Green_2,Gate_3,2,4,0.2032,1.9812,78.48,2.54,1.143,90.39,4,4,-11.91,1.9812,0.2032,0.2032,1.6002,3.556,1.4986,3.175,2,3,3,300,0,2,4,2.3622,1.4224,1.9812,0.9652,78.48,90.39,4,4,3.556,1.4986,0,-11.91,-2.0574,6.731,32.57008645,111.0500864,188.9499136,0,0,0.629833045,44.56990046,82.48,0.9652,1.9812,0.508,2.3368,3.810050132,7.820629219,2.005289543,9.224331899,3.556,14.0370268,111.0500864,169.3564063,93.79994474,7.820629219,9.224331899,58.30631982,2
B00217,B00217_R1,217,Gate_2,Orange_5,3,4,0.2032,1.9812,78.48,2.54,1.143,90.39,4,4,-11.91,0.2032,1.143,1.9812,2.032,1.3462,2.3368,3.175,1,3,3,300,0,3,4,2.5654,1.8034,2.2352,0.508,78.48,90.39,4,4,1.3462,2.3368,0,-11.91,0.9906,4.5212,23.84707694,102.3270769,197.6729231,8.723009513,0,0.658909744,66.35406529,82.48,0.508,2.2352,0.9652,1.6764,2.005289543,8.82327399,3.810050132,6.617455493,1.3462,5.31401729,102.3270769,179.8841764,105.5308886,8.82327399,6.617455493,77.55709944,1
B00217,B00217_R1,215,Orange_2,Gate_4,4,4,0.2032,1.9812,78.48,2.54,1.143,90.39,4,4,-11.91,1.9812,2.54,0.2032,1.9812,2.3368,1.9558,2.3368,2,3,3,300,0,4,4,3.1242,2.9464,2.5146,1.3462,78.48,90.39,4,4,2.3368,1.9558,0,-11.91,-0.381,4.6736,24.4486638,102.9286638,197.0713362,8.12142265,0,0.656904454,64.19034577,82.48,1.3462,2.5146,0.508,2.0574,5.31401729,9.926183239,2.005289543,8.12142265,2.3368,9.224331899,102.9286638,174.1691012,108.2380294,9.926183239,8.12142265,71.24043737,0
B00218,B00218_R2,214,Gate_2,Green_7,1,4,0.2032,1.9812,85.21,2.54,1.143,78.44,5,4,6.77,0.2032,1.143,2.54,1.143,1.3462,2.3368,2.3368,1,3,3,300,1,1,4,1.456266667,0,2.2352,1.651,78.44,85.21,4,5,2.3368,1.3462,-1,-6.77,-0.9906,4.6736,24.4486638,102.8886638,197.1113362,4.511901472,0,0.657037787,64.19034577,82.44,1.651,2.2352,0.9652,2.3876,6.517191016,8.82327399,3.810050132,9.424860853,2.3368,9.224331899,102.8886638,176.8362421,105.831682,8.82327399,9.424860853,73.94757826,3
B00218,B00218_R2,202,Gate_2,Orange_3,2,4,0.2032,1.9812,85.21,2.54,1.143,78.44,5,4,6.77,0.2032,1.143,2.286,2.54,1.3462,2.3368,3.4798,1,3,3,300,1,2,4,1.456266667,0,2.446866667,0,78.44,85.21,4,5,2.3368,1.3462,-1,-6.77,-0.9906,5.8166,28.96056527,107.4005653,192.5994347,0,0,0.641998116,51.57652237,82.44,0,2.446866667,0.9652,2.0066,0,9.6588113,3.810050132,7.920893696,2.3368,9.224331899,107.4005653,176.8362421,103.8263925,9.6588113,7.920893696,69.43567679,2
B00218,B00218_R2,211,Orange_3,Gate_3,3,4,0.2032,1.9812,85.21,2.54,1.143,78.44,5,4,6.77,2.286,2.54,0.2032,1.6002,2.6416,1.651,3.0226,2,3,3,300,1,3,4,3.6068,3.4798,1.0922,0.9652,78.44,85.21,4,5,1.651,2.6416,-1,-6.77,0.9906,4.6736,24.4486638,102.8886638,197.1113362,4.511901472,0,0.657037787,64.19034577,82.44,0.9652,1.0922,0,1.430866667,3.810050132,4.311372518,0,5.648232214,1.651,6.517191016,102.8886638,175.7333328,92.29597758,4.311372518,5.648232214,72.84466901,1
B00218,B00218_R2,218,Gate_1,Green_5,4,4,0.2032,1.9812,85.21,2.54,1.143,78.44,5,4,6.77,0.2032,0.762,1.9812,0.7112,1.7272,2.7178,2.3368,1,3,3,300,1,4,4,1.8796,0.889,2.6924,2.6416,78.44,85.21,4,5,2.7178,1.7272,-1,-6.77,-0.9906,5.0546,25.95263096,104.392631,195.607369,3.007934315,0,0.652024563,59.3518775,82.44,2.6416,2.6924,1.3462,2.6416,10.42750563,10.62803458,5.31401729,10.42750563,2.7178,10.72829906,104.392631,176.8362421,109.7419966,10.62803458,10.42750563,72.4436111,0
B00219,B00219_R1,213,Green_2,Gate_3,1,4,0.2032,1.9812,76.37,1.9812,0.7112,94.08,4,5,-17.7,1.9812,0.2032,0.2032,1.6002,3.556,0.508,3.175,2,3,3,300,0,1,4,2.794,2.7178,1.5494,0.9652,76.37,94.08,4,5,3.556,0.508,-1,-17.71,-3.048,6.731,32.57008645,108.9400864,191.0599136,0,0,0.636866379,44.56990046,80.37,0.9652,1.5494,2.9464,3.2512,3.810050132,6.116133107,11.63067935,12.83385308,3.556,14.0370268,108.9400864,177.4733829,89.28804326,6.116133107,12.83385308,68.53329649,3
B00219,B00219_R1,217,Gate_2,Orange_5,2,4,0.2032,1.9812,76.37,1.9812,0.7112,94.08,4,5,-17.7,0.2032,1.143,1.9812,2.032,1.3462,2.7178,3.175,1,3,3,300,0,2,4,1.964266667,0,2.2098,0.508,76.37,94.08,4,5,1.3462,2.7178,-1,-17.71,1.3716,4.5212,23.84707694,100.2170769,199.7829231,8.723009513,0,0.665943077,66.35406529,80.37,0.508,2.2098,0.9652,1.7272,2.005289543,8.723009513,3.810050132,6.817984447,1.3462,5.31401729,100.2170769,178.3757632,105.831682,8.723009513,6.817984447,78.1586863,2
B00219,B00219_R1,215,Orange_2,Gate_4,3,4,0.2032,1.9812,76.37,1.9812,0.7112,94.08,4,5,-17.7,1.9812,2.54,0.2032,1.9812,2.3368,2.9464,2.3368,2,3,3,300,0,3,4,3.0988,2.9464,2.0828,1.3462,76.37,94.08,4,5,2.3368,2.9464,-1,-17.71,0.6096,4.6736,24.4486638,100.8186638,199.1813362,8.12142265,0,0.663937787,64.19034577,80.37,1.3462,2.0828,0.508,1.3462,5.31401729,8.221687127,2.005289543,5.31401729,2.3368,9.224331899,100.8186638,172.660688,103.726128,8.221687127,5.31401729,71.84202424,1
B00219,B00219_R1,219,Gate_2,Orange_1,4,4,0.2032,1.9812,76.37,1.9812,0.7112,94.08,4,5,-17.7,0.2032,1.143,1.6764,2.54,1.3462,2.7178,2.8702,1,3,3,300,0,4,4,1.964266667,0,2.3114,0.8128,76.37,94.08,4,5,1.3462,2.7178,-1,-17.71,1.3716,4.2164,22.64390321,99.01390321,200.9860968,9.926183239,0,0.669953656,71.15074471,80.37,0.8128,2.3114,0.9652,1.8288,3.208463269,9.124067422,3.810050132,7.219042356,1.3462,5.31401729,99.01390321,178.3757632,108.2380294,9.124067422,7.219042356,79.36186002,0
B00220,B00220_R2,202,Gate_2,Orange_3,1,4,1.6764,2.54,92.73,1.9812,0.7112,83.66,5,4,9.07,0.2032,1.143,2.286,2.54,2.8702,2.7178,3.4798,1,3,3,300,1,1,4,1.7526,0.889,2.573866667,0,83.66,92.73,4,5,2.7178,2.8702,-1,-9.07,0.1524,6.1976,30.46453243,114.1245324,185.8754676,0,0,0.619584892,48.40583452,87.66,0,2.573866667,0.9652,2.032,0,10.16013369,3.810050132,8.021158173,2.7178,10.72829906,114.1245324,183.2594158,106.5335333,10.16013369,8.021158173,69.13488335,3
B00220,B00220_R2,211,Orange_3,Gate_3,2,4,1.6764,2.54,92.73,1.9812,0.7112,83.66,5,4,9.07,2.286,2.54,0.2032,1.6002,1.1176,2.6416,3.0226,2,3,3,300,1,2,4,3.7338,3.4798,1.2192,0.9652,83.66,92.73,4,5,2.6416,1.1176,-1,-9.07,-1.524,5.6642,28.35897841,112.0189784,187.9810216,2.10555402,0,0.626603405,52.96423149,87.66,0.9652,1.2192,0,1.862666667,3.810050132,4.812694904,0,7.352728325,2.6416,10.42750563,112.0189784,179.7501591,92.59677101,4.812694904,7.352728325,67.73118067,2
B00220,B00220_R2,220,Gate_1,Green_1,3,4,1.6764,2.54,92.73,1.9812,0.7112,83.66,5,4,9.07,0.2032,0.762,1.6764,0.2032,3.2512,2.3368,2.032,1,3,3,300,1,3,4,1.583266667,0,2.4638,2.032,83.66,92.73,4,5,2.3368,3.2512,-1,-9.07,0.9144,4.3688,23.24549007,106.9054901,193.0945099,7.219042356,0,0.643648366,68.66874199,87.66,2.032,2.4638,1.3462,2.5146,8.021158173,9.725654285,5.31401729,9.926183239,2.3368,9.224331899,106.9054901,186.2673501,112.4491375,9.725654285,9.926183239,79.36186002,1
B00220,B00220_R2,218,Gate_1,Green_5,4,4,1.6764,2.54,92.73,1.9812,0.7112,83.66,5,4,9.07,0.2032,0.762,1.9812,0.7112,3.2512,2.3368,2.3368,1,3,3,300,1,4,4,1.583266667,0,2.5654,2.3368,83.66,92.73,4,5,2.3368,3.2512,-1,-9.07,0.9144,4.6736,24.4486638,108.1086638,191.8913362,6.01586863,0,0.639637787,64.19034577,87.66,2.3368,2.5654,1.3462,2.413,9.224331899,10.12671219,5.31401729,9.525125331,2.3368,9.224331899,108.1086638,186.2673501,112.4491375,10.12671219,9.525125331,78.1586863,0
B00221,B00221_R1,221,Gate_2,Green_6,1,4,1.6764,2.54,84.19,1.9812,0.7112,93.48,4,5,-9.28,0.2032,1.143,2.54,0.762,2.8702,2.7178,2.7178,1,3,3,300,0,1,4,1.058333333,0,2.5908,2.3368,84.19,93.48,4,5,2.8702,2.7178,-1,-9.29,-0.1524,5.588,28.05818498,112.248185,187.751815,1.804760589,0,0.625839383,53.68647101,88.19,2.3368,2.5908,1.3462,2.4638,9.224331899,10.22697667,5.31401729,9.725654285,2.8702,11.32988592,112.248185,183.1878289,107.6364426,10.22697667,9.725654285,70.93964394,3
B00221,B00221_R1,217,Gate_2,Orange_5,2,4,1.6764,2.54,84.19,1.9812,0.7112,93.48,4,5,-9.28,0.2032,1.143,1.9812,2.032,2.8702,2.7178,3.175,1,3,3,300,0,2,4,1.058333333,0,2.286,0.508,84.19,93.48,4,5,2.8702,2.7178,-1,-9.29,-0.1524,6.0452,29.86294557,114.0529456,185.9470544,0,0,0.619823515,49.62614967,88.19,0.508,2.286,1.3462,2.3114,2.005289543,9.023802945,5.31401729,9.124067422,2.8702,11.32988592,114.0529456,183.1878289,102.2221608,9.023802945,9.124067422,69.13488335,2
B00221,B00221_R1,215,Orange_2,Gate_4,3,4,1.6764,2.54,84.19,1.9812,0.7112,93.48,4,5,-9.28,1.9812,2.54,0.2032,1.9812,0.8128,2.9464,2.3368,2,3,3,300,0,3,4,3.175,3.175,1.3462,1.3462,84.19,93.48,4,5,0.8128,2.9464,-1,-9.29,2.1336,3.1496,18.43279517,102.6227952,197.3772048,11.4301504,0,0.657924016,95.2501905,88.19,1.3462,1.3462,0.508,1.2192,5.31401729,5.31401729,2.005289543,4.812694904,0.8128,3.208463269,102.6227952,188.0005238,102.5229542,5.31401729,4.812694904,85.37772865,1
B00221,B00221_R1,219,Gate_2,Orange_1,4,4,1.6764,2.54,84.19,1.9812,0.7112,93.48,4,5,-9.28,0.2032,1.143,1.6764,2.54,2.8702,2.7178,2.8702,1,3,3,300,0,4,4,1.058333333,0,2.1844,0.8128,84.19,93.48,4,5,2.8702,2.7178,-1,-9.29,-0.1524,5.7404,28.65977184,112.8497718,187.1502282,1.203173726,0,0.623834094,52.26116647,88.19,0.8128,2.1844,1.3462,2.413,3.208463269,8.622745036,5.31401729,9.525125331,2.8702,11.32988592,112.8497718,183.1878289,102.2221608,8.622745036,9.525125331,70.33805708,0
B00222,B00222_R2,211,Orange_3,Gate_3,1,4,1.6764,2.54,106.49,1.9812,0.7112,81.25,5,4,25.24,2.286,2.54,0.2032,1.6002,1.1176,2.6416,3.0226,2,3,3,300,1,1,4,3.8608,3.8608,1.5494,1.3462,81.25,106.49,4,5,2.6416,1.1176,-1,-25.24,-1.524,5.6642,28.35897841,109.6089784,190.3910216,0,0,0.634636739,52.96423149,85.25,1.3462,1.5494,2.6416,2.7432,5.31401729,6.116133107,10.42750563,10.82856353,2.6416,10.42750563,109.6089784,179.3454486,88.08486954,6.116133107,10.82856353,69.73647022,3
B00222,B00222_R2,222,Yellow_2,Gate_4,2,4,1.6764,2.54,106.49,1.9812,0.7112,81.25,5,4,25.24,0.762,0.2032,0.2032,1.9812,3.2512,1.7272,2.3368,2,3,3,300,1,2,4,2.032,1.1176,2.032,1.7272,81.25,106.49,4,5,1.7272,3.2512,-1,-25.24,1.524,4.064,22.04231635,103.2923163,196.7076837,6.316662061,0,0.655692279,73.81889764,85.25,1.7272,2.032,1.4224,1.7018,6.817984447,8.021158173,5.614810721,6.71771997,1.7272,6.817984447,103.2923163,178.1422749,100.1166068,8.021158173,6.71771997,74.84995855,2
B00222,B00222_R2,220,Gate_1,Green_1,3,4,1.6764,2.54,106.49,1.9812,0.7112,81.25,5,4,25.24,0.2032,0.762,1.6764,0.2032,3.2512,2.3368,2.032,1,3,3,300,1,3,4,1.659466667,0,2.1336,1.4224,81.25,106.49,4,5,2.3368,3.2512,-1,-25.24,0.9144,4.3688,23.24549007,104.4954901,195.5045099,5.113488335,0,0.6516817,68.66874199,85.25,1.4224,2.1336,1.3462,1.8034,5.614810721,8.422216082,5.31401729,7.118777879,2.3368,9.224331899,104.4954901,175.435134,100.1166068,8.422216082,7.118777879,70.93964394,1
B00222,B00222_R2,218,Gate_1,Green_5,4,4,1.6764,2.54,106.49,1.9812,0.7112,81.25,5,4,25.24,0.2032,0.762,1.9812,0.7112,3.2512,2.3368,2.3368,1,3,3,300,1,4,4,1.659466667,0,2.2352,1.7272,81.25,106.49,4,5,2.3368,3.2512,-1,-25.24,0.9144,4.6736,24.4486638,105.6986638,194.3013362,3.910314609,0,0.647671121,64.19034577,85.25,1.7272,2.2352,1.3462,1.7018,6.817984447,8.82327399,5.31401729,6.71771997,2.3368,9.224331899,105.6986638,175.435134,100.1166068,8.82327399,6.71771997,69.73647022,0
B00223,B00223_R1,219,Gate_2,Orange_1,1,4,1.6764,2.54,91.19,1.9812,0.7112,95.28,4,5,-4.09,0.2032,1.143,1.6764,2.54,2.8702,2.7178,2.8702,1,3,3,300,0,1,4,2.015066667,0,1.397,0.508,91.19,95.28,4,5,2.8702,2.7178,-1,-4.09,-0.1524,5.7404,28.65977184,119.8497718,180.1502282,1.203173726,0,0.600500761,52.26116647,95.19,0.508,1.397,0.9652,1.8288,2.005289543,5.514546244,3.810050132,7.219042356,2.8702,11.32988592,119.8497718,178.1560917,82.36979434,5.514546244,7.219042356,58.30631982,3
B00223,B00223_R1,223,Orange_4,Gate_3,2,4,1.6764,2.54,91.19,1.9812,0.7112,95.28,4,5,-4.09,1.6764,2.032,0.2032,1.6002,0.508,3.2512,2.413,2,3,3,300,0,2,4,2.1844,0.8128,1.5494,0.9652,91.19,95.28,4,5,0.508,3.2512,-1,-4.09,2.7432,2.921,17.53041487,108.7204149,191.2795851,12.33253069,0,0.637598617,102.7045532,95.19,0.9652,1.5494,0.508,1.1176,3.810050132,6.116133107,2.005289543,4.411636995,0.508,2.005289543,108.7204149,185.6759274,95.30391189,6.116133107,4.411636995,76.95551257,2
B00223,B00223_R1,217,Gate_2,Orange_5,3,4,1.6764,2.54,91.19,1.9812,0.7112,95.28,4,5,-4.09,0.2032,1.143,1.9812,2.032,2.8702,2.7178,3.175,1,3,3,300,0,3,4,2.015066667,0,1.4986,0.508,91.19,95.28,4,5,2.8702,2.7178,-1,-4.09,-0.1524,6.0452,29.86294557,121.0529456,178.9470544,0,0,0.596490181,49.62614967,95.19,0.508,1.4986,0.9652,1.7272,2.005289543,5.915604153,3.810050132,6.817984447,2.8702,11.32988592,121.0529456,178.1560917,82.36979434,5.915604153,6.817984447,57.10314609,1
B00223,B00223_R1,215,Orange_2,Gate_4,4,4,1.6764,2.54,91.19,1.9812,0.7112,95.28,4,5,-4.09,1.9812,2.54,0.2032,1.9812,0.8128,2.9464,2.3368,2,3,3,300,0,4,4,2.3876,0.8128,1.5748,1.3462,91.19,95.28,4,5,0.8128,2.9464,-1,-4.09,2.1336,3.1496,18.43279517,109.6227952,190.3772048,11.4301504,0,0.634590683,95.2501905,95.19,1.3462,1.5748,0.508,1.3462,5.31401729,6.216397584,2.005289543,5.31401729,0.8128,3.208463269,109.6227952,184.4727537,94.70232503,6.216397584,5.31401729,74.84995855,0
B00224,B00224_R2,218,Gate_1,Green_5,1,4,0.2032,1.9812,100.33,1.9812,0.7112,84.96,5,4,15.37,0.2032,0.762,1.9812,0.7112,1.7272,2.3368,2.3368,1,3,3,300,1,1,4,1.354666667,0,1.7272,1.1176,84.96,100.33,4,5,2.3368,1.7272,-1,-15.37,-0.6096,4.6736,24.4486638,109.4086638,190.5913362,0,0,0.635304454,64.19034577,88.96,1.1176,1.7272,1.3462,1.7018,4.411636995,6.817984447,5.31401729,6.71771997,2.3368,9.224331899,109.4086638,173.7308522,88.6864564,6.817984447,6.71771997,64.32218845,3
B00224,B00224_R2,224,Green_6,Gate_3,2,4,0.2032,1.9812,100.33,1.9812,0.7112,84.96,5,4,15.37,2.54,0.762,0.2032,1.6002,3.556,1.1176,3.175,2,3,3,300,1,2,4,2.7432,2.3368,1.5494,1.3462,84.96,100.33,4,5,1.1176,3.556,-1,-15.37,2.4384,4.2926,22.94469664,107.9046966,192.0953034,1.503967157,0,0.640317678,69.88771374,88.96,1.3462,1.5494,1.1176,2.032,5.31401729,6.116133107,4.411636995,8.021158173,1.1176,4.411636995,107.9046966,177.6411669,88.08486954,6.116133107,8.021158173,69.73647022,2
B00224,B00224_R2,220,Gate_1,Green_1,3,4,0.2032,1.9812,100.33,1.9812,0.7112,84.96,5,4,15.37,0.2032,0.762,1.6764,0.2032,1.7272,2.3368,2.032,1,3,3,300,1,3,4,1.354666667,0,1.6256,1.4224,84.96,100.33,4,5,2.3368,1.7272,-1,-15.37,-0.6096,4.3688,23.24549007,108.2054901,191.7945099,1.203173726,0,0.639315033,68.66874199,88.96,1.4224,1.6256,1.3462,1.8034,5.614810721,6.416926539,5.31401729,7.118777879,2.3368,9.224331899,108.2054901,173.7308522,88.6864564,6.416926539,7.118777879,65.52536218,1
B00224,B00224_R2,222,Yellow_2,Gate_4,4,4,0.2032,1.9812,100.33,1.9812,0.7112,84.96,5,4,15.37,0.762,0.2032,0.2032,1.9812,2.3368,1.7272,2.3368,2,3,3,300,1,4,4,1.524,1.1176,2.3368,1.7272,84.96,100.33,4,5,1.7272,2.3368,-1,-15.37,0.6096,4.064,22.04231635,107.0023163,192.9976837,2.406347452,0,0.643325612,73.81889764,88.96,1.7272,2.3368,1.4224,1.7018,6.817984447,9.224331899,5.614810721,6.71771997,1.7272,6.817984447,107.0023163,176.4379931,98.31184621,9.224331899,6.71771997,69.43567679,0
B00225,B00225_R1,225,Orange_7,Orange_4,1,4,0.2032,1.9812,86.68,0.2032,1.9812,91.27,4,5,-4.59,2.54,1.6002,1.6764,2.032,2.7178,2.7178,1.8034,3,3,3,300,0,1,4,2.032,1.4986,1.227666667,0,86.68,91.27,4,5,2.7178,2.7178,-1,-4.59,0,4.5212,23.84707694,110.5270769,189.4729231,0.601586863,0,0.63157641,66.35406529,90.68,0,1.227666667,1.4986,2.1844,0,4.846116396,5.915604153,8.622745036,2.7178,10.72829906,110.5270769,177.5564063,86.38037343,4.846116396,8.622745036,67.02932933,3
B00225,B00225_R1,223,Orange_4,Gate_3,2,4,0.2032,1.9812,86.68,0.2032,1.9812,91.27,4,5,-4.59,1.6764,2.032,0.2032,1.6002,2.032,2.032,2.413,2,3,3,300,0,2,4,1.8288,0.8128,2.0066,0.9652,86.68,91.27,4,5,2.032,2.032,-1,-4.59,0,4.445,23.5462835,110.2262835,189.7737165,0.902380294,0,0.632579055,67.49156355,90.68,0.9652,2.0066,0,0.948266667,3.810050132,7.920893696,0,3.743207147,2.032,8.021158173,110.2262835,174.347943,95.90549876,7.920893696,3.743207147,64.1216595,2
B00225,B00225_R1,217,Gate_2,Orange_5,3,4,0.2032,1.9812,86.68,0.2032,1.9812,91.27,4,5,-4.59,0.2032,1.143,1.9812,2.032,1.3462,1.3462,3.175,1,3,3,300,0,3,4,2.9464,2.794,0.9398,0.508,86.68,91.27,4,5,1.3462,1.3462,-1,-4.59,0,4.5212,23.84707694,110.5270769,189.4729231,0.601586863,0,0.63157641,66.35406529,90.68,0.508,0.9398,0.9652,1.7272,2.005289543,3.709785655,3.810050132,6.817984447,1.3462,5.31401729,110.5270769,180.865134,82.9713812,3.709785655,6.817984447,70.33805708,1
B00225,B00225_R1,215,Orange_2,Gate_4,4,4,0.2032,1.9812,86.68,0.2032,1.9812,91.27,4,5,-4.59,1.9812,2.54,0.2032,1.9812,2.3368,2.3368,2.3368,2,3,3,300,0,4,4,1.8288,0.8128,2.032,1.3462,86.68,91.27,4,5,2.3368,2.3368,-1,-4.59,0,4.6736,24.4486638,111.1286638,188.8713362,0,0,0.629571121,64.19034577,90.68,1.3462,2.032,0.508,1.3462,5.31401729,8.021158173,2.005289543,5.31401729,2.3368,9.224331899,111.1286638,175.1500588,95.30391189,8.021158173,5.31401729,64.02139502,0
B00226,B00226_R2,224,Green_6,Gate_3,1,4,0.2032,1.9812,91.27,0.2032,1.9812,80.85,5,4,10.42,2.54,0.762,0.2032,1.6002,3.556,3.556,3.175,2,3,3,300,1,1,4,2.7432,2.3368,1.5494,1.3462,80.85,91.27,4,5,3.556,3.556,-1,-10.42,0,6.731,32.57008645,113.4200864,186.5799136,0,0,0.621933045,44.56990046,84.85,1.3462,1.5494,1.4224,2.3368,5.31401729,6.116133107,5.614810721,9.224331899,3.556,14.0370268,113.4200864,168.718472,82.06900091,6.116133107,9.224331899,55.29838551,3
B00226,B00226_R2,226,Gate_1,Yellow_3,2,4,0.2032,1.9812,91.27,0.2032,1.9812,80.85,5,4,10.42,0.2032,0.762,1.0668,0.2032,1.7272,1.7272,1.4224,1,3,3,300,1,2,4,1.354666667,0,1.4224,0.8128,80.85,91.27,4,5,1.7272,1.7272,-1,-10.42,0,3.1496,18.43279517,99.28279517,200.7172048,14.13729128,0,0.669057349,95.2501905,84.85,0.8128,1.4224,1.3462,1.7018,3.208463269,5.614810721,5.31401729,6.71771997,1.7272,6.817984447,99.28279517,175.6367209,94.70232503,5.614810721,6.71771997,76.35392571,2
B00226,B00226_R2,222,Yellow_2,Gate_4,3,4,0.2032,1.9812,91.27,0.2032,1.9812,80.85,5,4,10.42,0.762,0.2032,0.2032,1.9812,2.3368,2.3368,2.3368,2,3,3,300,1,3,4,1.524,1.1176,2.3368,1.7272,80.85,91.27,4,5,2.3368,2.3368,-1,-10.42,0,4.6736,24.4486638,105.2986638,194.7013362,8.12142265,0,0.649004454,64.19034577,84.85,1.7272,2.3368,0.8128,1.397,6.817984447,9.224331899,3.208463269,5.514546244,2.3368,9.224331899,105.2986638,171.1248194,99.51501993,9.224331899,5.514546244,65.82615561,1
B00226,B00226_R2,220,Gate_1,Green_1,4,4,0.2032,1.9812,91.27,0.2032,1.9812,80.85,5,4,10.42,0.2032,0.762,1.6764,0.2032,1.7272,1.7272,2.032,1,3,3,300,1,4,4,1.354666667,0,1.6256,1.4224,80.85,91.27,4,5,1.7272,1.7272,-1,-10.42,0,3.7592,20.83914262,101.6891426,198.3108574,11.73094383,0,0.661036191,79.80421366,84.85,1.4224,1.6256,1.3462,1.4986,5.614810721,6.416926539,5.31401729,5.915604153,1.7272,6.817984447,101.6891426,175.6367209,94.70232503,6.416926539,5.915604153,73.94757826,0
B00227,B00227_R1,223,Orange_4,Gate_3,1,4,0.2032,1.9812,77.1,1.6764,0.2032,89.16,4,5,-12.07,1.6764,2.032,0.2032,1.6002,2.032,2.9464,2.413,2,3,3,300,0,1,4,2.1844,0.8128,1.5494,0.9652,77.1,89.16,4,5,2.032,2.9464,-1,-12.06,0.9144,4.445,23.5462835,100.6462835,199.3537165,0.902380294,0,0.664512388,67.49156355,81.1,0.9652,1.5494,0.8128,1.3208,3.810050132,6.116133107,3.208463269,5.213752813,2.032,8.021158173,100.6462835,164.3668851,86.88169581,6.116133107,5.213752813,63.72060159,3
B00227,B00227_R1,217,Gate_2,Orange_5,2,4,0.2032,1.9812,77.1,1.6764,0.2032,89.16,4,5,-12.07,0.2032,1.143,1.9812,2.032,1.3462,2.413,3.175,1,3,3,300,0,2,4,2.015066667,0,1.4986,0.508,77.1,89.16,4,5,1.3462,2.413,-1,-12.06,1.0668,4.5212,23.84707694,100.9470769,199.0529231,0.601586863,0,0.663509744,66.35406529,81.1,0.508,1.4986,0.9652,1.524,2.005289543,5.915604153,3.810050132,6.01586863,1.3462,5.31401729,100.9470769,167.6756128,85.97931552,5.915604153,6.01586863,66.7285359,2
B00227,B00227_R1,215,Orange_2,Gate_4,3,4,0.2032,1.9812,77.1,1.6764,0.2032,89.16,4,5,-12.07,1.9812,2.54,0.2032,1.9812,2.3368,3.2512,2.3368,2,3,3,300,0,3,4,2.3876,0.8128,1.5748,1.3462,77.1,89.16,4,5,2.3368,3.2512,-1,-12.06,0.9144,4.6736,24.4486638,101.5486638,198.4513362,0,0,0.661504454,64.19034577,81.1,1.3462,1.5748,0.508,1.5494,5.31401729,6.216397584,2.005289543,6.116133107,2.3368,9.224331899,101.5486638,161.9605376,86.28010895,6.216397584,6.116133107,60.41187384,1
B00227,B00227_R1,227,Gate_2,Purple_5,4,4,0.2032,1.9812,77.1,1.6764,0.2032,89.16,4,5,-12.07,0.2032,1.143,1.0668,2.032,1.3462,2.413,2.2606,1,3,3,300,0,4,4,2.015066667,0,1.6002,1.1176,77.1,89.16,4,5,1.3462,2.413,-1,-12.06,1.0668,3.6068,20.23755576,97.33755576,202.6624442,4.211108041,0,0.675541481,83.17622269,81.1,1.1176,1.6002,0.9652,1.8288,4.411636995,6.316662061,3.810050132,7.219042356,1.3462,5.31401729,97.33755576,167.6756128,90.79201042,6.316662061,7.219042356,70.33805708,0
B00228,B00228_R2,226,Gate_1,Yellow_3,1,4,1.0668,2.032,87.37,1.6764,0.2032,79.31,5,4,8.07,0.2032,0.762,1.0668,0.2032,2.6416,2.032,1.4224,1,3,3,300,1,1,4,1.557866667,0,1.8288,0.8128,79.31,87.37,4,5,2.032,2.6416,-1,-8.06,0.6096,3.4544,19.63596889,98.94596889,201.0540311,12.03173726,0,0.670180104,86.84576193,83.31,0.8128,1.8288,1.7272,1.9304,3.208463269,7.219042356,6.817984447,7.620100264,2.032,8.021158173,98.94596889,172.2919603,96.20629219,7.219042356,7.620100264,73.34599139,3
B00228,B00228_R2,220,Gate_1,Green_1,2,4,1.0668,2.032,87.37,1.6764,0.2032,79.31,5,4,8.07,0.2032,0.762,1.6764,0.2032,2.6416,2.032,2.032,1,3,3,300,1,2,4,1.557866667,0,2.2352,1.4224,79.31,87.37,4,5,2.032,2.6416,-1,-8.06,0.6096,4.064,22.04231635,101.3523163,198.6476837,9.625389808,0,0.662158946,73.81889764,83.31,1.4224,2.2352,1.4224,1.7272,5.614810721,8.82327399,5.614810721,6.817984447,2.032,8.021158173,101.3523163,171.0887866,98.61263964,8.82327399,6.817984447,69.73647022,2
B00228,B00228_R2,222,Yellow_2,Gate_4,3,4,1.0668,2.032,87.37,1.6764,0.2032,79.31,5,4,8.07,0.762,0.2032,0.2032,1.9812,3.2512,1.4224,2.3368,2,3,3,300,1,3,4,1.9304,1.1176,1.9304,1.7272,79.31,87.37,4,5,1.4224,3.2512,-1,-8.06,1.8288,3.7592,20.83914262,100.1491426,199.8508574,10.82856353,0,0.666169525,79.80421366,83.31,1.7272,1.9304,0.8128,1.2192,6.817984447,7.620100264,3.208463269,4.812694904,1.4224,5.614810721,100.1491426,171.0887866,96.20629219,7.620100264,4.812694904,70.93964394,1
B00228,B00228_R2,228,Orange_5,Green_1,4,4,1.0668,2.032,87.37,1.6764,0.2032,79.31,5,4,8.07,1.9812,2.032,1.6764,0.2032,1.4224,3.2512,3.2512,3,3,3,300,1,4,4,3.556,3.556,1.8288,1.4224,79.31,87.37,4,5,3.2512,1.4224,-1,-8.06,-1.8288,6.5024,31.66770615,110.9777062,189.0222938,0,0,0.630074313,46.13681102,83.31,1.4224,1.8288,2.3368,2.9464,5.614810721,7.219042356,9.224331899,11.63067935,3.2512,12.83385308,110.9777062,169.8856128,84.17455493,7.219042356,11.63067935,58.90790668,0
B00229,B00229_R1,227,Gate_2,Purple_5,1,4,1.0668,2.032,77.42,1.6764,0.2032,101.16,4,5,-23.74,0.2032,1.143,1.0668,2.032,2.2606,2.413,2.2606,1,3,3,300,0,1,4,1.964266667,0,2.3114,1.4224,77.42,101.16,4,5,2.2606,2.413,-1,-23.74,0.1524,4.5212,23.84707694,101.2670769,198.7329231,9.023802945,0,0.662443077,66.35406529,81.42,1.4224,2.3114,1.3462,1.9558,5.614810721,9.124067422,5.31401729,7.720364742,2.2606,8.923538468,101.2670769,178.8241764,108.5388229,9.124067422,7.720364742,77.55709944,3
B00229,B00229_R1,229,Green_5,Gate_4,2,4,1.0668,2.032,77.42,1.6764,0.2032,101.16,4,5,-23.74,1.9812,0.7112,0.2032,1.9812,3.2512,0.8128,3.556,2,3,3,300,0,2,4,2.794,2.7178,1.6764,1.3462,77.42,101.16,4,5,3.2512,0.8128,-1,-23.74,-2.4384,6.8072,32.87087988,110.2908799,189.7091201,0,0,0.632363734,44.07098366,81.42,1.3462,1.6764,2.9464,3.2512,5.31401729,6.617455493,11.63067935,12.83385308,3.2512,12.83385308,110.2908799,181.2305238,91.99518415,6.617455493,12.83385308,70.93964394,2
B00229,B00229_R1,217,Gate_2,Orange_5,3,4,1.0668,2.032,77.42,1.6764,0.2032,101.16,4,5,-23.74,0.2032,1.143,1.9812,2.032,2.2606,2.413,3.175,1,3,3,300,0,3,4,1.964266667,0,2.2098,0.508,77.42,101.16,4,5,2.2606,2.413,-1,-23.74,0.1524,5.4356,27.45659811,104.8765981,195.1234019,5.414281767,0,0.65041134,55.19169917,81.42,0.508,2.2098,1.3462,1.651,2.005289543,8.723009513,5.31401729,6.517191016,2.2606,8.923538468,104.8765981,178.8241764,103.726128,8.723009513,6.517191016,73.94757826,1
B00229,B00229_R1,215,Orange_2,Gate_4,4,4,1.0668,2.032,77.42,1.6764,0.2032,101.16,4,5,-23.74,1.9812,2.54,0.2032,1.9812,1.4224,3.2512,2.3368,2,3,3,300,0,4,4,3.0988,2.9464,2.0828,1.3462,77.42,101.16,4,5,1.4224,3.2512,-1,-23.74,1.8288,3.7592,20.83914262,98.25914262,201.7408574,12.03173726,0,0.672469525,79.80421366,81.42,1.3462,2.0828,0.508,1.4224,5.31401729,8.221687127,2.005289543,5.614810721,1.4224,5.614810721,98.25914262,178.8241764,108.8396163,8.221687127,5.614810721,80.56503375,0
B00230,B00230_R2,222,Yellow_2,Gate_4,1,4,0.2032,1.9812,106.97,1.6764,0.2032,85.78,5,4,21.18,0.762,0.2032,0.2032,1.9812,2.3368,1.4224,2.3368,2,3,3,300,1,1,4,2.7432,1.1176,2.1336,1.7272,85.78,106.97,4,5,1.4224,2.3368,-1,-21.19,0.9144,3.7592,20.83914262,106.6191426,193.3808574,10.82856353,0,0.644602858,79.80421366,89.78,1.7272,2.1336,1.4224,1.7272,6.817984447,8.422216082,5.614810721,6.817984447,1.4224,5.614810721,106.6191426,188.3873501,107.0348557,8.422216082,6.817984447,81.76820748,3
B00230,B00230_R2,230,Orange_5,Gate_4,2,4,0.2032,1.9812,106.97,1.6764,0.2032,85.78,5,4,21.18,1.9812,2.032,0.2032,1.9812,2.3368,3.2512,2.3368,2,3,3,300,1,2,4,2.370666667,0,2.1336,1.7272,85.78,106.97,4,5,3.2512,2.3368,-1,-21.19,-0.9144,5.588,28.05818498,113.838185,186.161815,3.609521178,0,0.620539383,53.68647101,89.78,1.7272,2.1336,2.3368,2.9464,6.817984447,8.422216082,9.224331899,11.63067935,3.2512,12.83385308,113.838185,184.7778289,99.81581337,8.422216082,11.63067935,70.93964394,2
B00230,B00230_R2,228,Orange_5,Green_1,3,4,0.2032,1.9812,106.97,1.6764,0.2032,85.78,5,4,21.18,1.9812,2.032,1.6764,0.2032,2.3368,3.2512,3.2512,3,3,3,300,1,3,4,2.370666667,0,2.2352,1.4224,85.78,106.97,4,5,3.2512,2.3368,-1,-21.19,-0.9144,6.5024,31.66770615,117.4477062,182.5522938,0,0,0.608507646,46.13681102,89.78,1.4224,2.2352,2.3368,2.6416,5.614810721,8.82327399,9.224331899,10.42750563,3.2512,12.83385308,117.4477062,184.7778289,97.40946591,8.82327399,10.42750563,67.33012276,1
B00230,B00230_R2,220,Gate_1,Green_1,4,4,0.2032,1.9812,106.97,1.6764,0.2032,85.78,5,4,21.18,0.2032,0.762,1.6764,0.2032,1.7272,2.032,2.032,1,3,3,300,1,4,4,2.7432,1.1176,2.6416,1.4224,85.78,106.97,4,5,2.032,1.7272,-1,-21.19,-0.3048,4.064,22.04231635,107.8223163,192.1776837,9.625389808,0,0.640592279,73.81889764,89.78,1.4224,2.6416,1.7272,1.8288,5.614810721,10.42750563,6.817984447,7.219042356,2.032,8.021158173,107.8223163,187.1841764,111.8475506,10.42750563,7.219042356,79.36186002,0
B00231,B00231_R1,215,Orange_2,Gate_4,1,4,0.2032,1.9812,94.52,1.6764,0.2032,101.92,4,5,-7.4,1.9812,2.54,0.2032,1.9812,2.3368,3.2512,2.3368,2,3,3,300,0,1,4,3.2258,2.9464,2.2098,1.3462,94.52,101.92,4,5,2.3368,3.2512,-1,-7.4,0.9144,4.6736,24.4486638,118.9686638,181.0313362,9.625389808,0,0.603437787,64.19034577,98.52,1.3462,2.2098,0.508,2.032,5.31401729,8.723009513,2.005289543,8.021158173,2.3368,9.224331899,118.9686638,190.5098946,104.9293017,8.723009513,8.021158173,71.54123081,3
B00231,B00231_R1,231,Gate_1,Green_1,2,4,0.2032,1.9812,94.52,1.6764,0.2032,101.92,4,5,-7.4,0.2032,0.762,1.6764,0.2032,1.7272,2.032,2.032,1,3,3,300,0,2,4,2.2606,0.889,2.159,0.8128,94.52,101.92,4,5,1.7272,2.032,-1,-7.4,0.3048,3.7592,20.83914262,115.3591426,184.6408574,13.23491099,0,0.615469525,79.80421366,98.52,0.8128,2.159,1.7272,2.3368,3.208463269,8.522480559,6.817984447,9.224331899,1.7272,6.817984447,115.3591426,197.728937,107.937236,8.522480559,9.224331899,82.36979434,2
B00231,B00231_R1,229,Green_5,Gate_4,3,4,0.2032,1.9812,94.52,1.6764,0.2032,101.92,4,5,-7.4,1.9812,0.7112,0.2032,1.9812,3.556,0.8128,3.556,2,3,3,300,0,3,4,2.667,2.3368,1.8034,1.3462,94.52,101.92,4,5,3.556,0.8128,-1,-7.4,-2.7432,7.112,34.07405361,128.5940536,171.4059464,0,0,0.571353155,42.18222722,98.52,1.3462,1.8034,0.8128,2.4384,5.31401729,7.118777879,3.208463269,9.625389808,3.556,14.0370268,128.5940536,186.9003734,90.49121699,7.118777879,9.625389808,58.30631982,1
B00231,B00231_R1,217,Gate_2,Orange_5,4,4,0.2032,1.9812,94.52,1.6764,0.2032,101.92,4,5,-7.4,0.2032,1.143,1.9812,2.032,1.3462,2.413,3.175,1,3,3,300,0,4,4,2.2606,0.889,2.3368,0.508,94.52,101.92,4,5,1.3462,2.413,-1,-7.4,1.0668,4.5212,23.84707694,118.3670769,181.6329231,10.22697667,0,0.605443077,66.35406529,98.52,0.508,2.3368,1.3462,1.7018,2.005289543,9.224331899,5.31401729,6.71771997,1.3462,5.31401729,118.3670769,197.728937,107.0348557,9.224331899,6.71771997,79.36186002,0
B00232,B00232_R2,230,Orange_5,Gate_4,1,4,1.9812,2.032,102.45,1.6764,0.2032,93.38,5,4,9.07,1.9812,2.032,0.2032,1.9812,0,3.2512,2.3368,2,3,3,300,1,1,4,2.472266667,0,2.032,1.7272,93.38,102.45,4,5,3.2512,0,-1,-9.07,-3.2512,5.588,28.05818498,121.438185,178.561815,3.609521178,0,0.59520605,53.68647101,97.38,1.7272,2.032,2.7178,3.0734,6.817984447,8.021158173,10.72829906,12.13200174,3.2512,12.83385308,121.438185,192.3778289,97.10867248,8.021158173,12.13200174,70.93964394,3
B00232,B00232_R2,228,Orange_5,Green_1,2,4,1.9812,2.032,102.45,1.6764,0.2032,93.38,5,4,9.07,1.9812,2.032,1.6764,0.2032,0,3.2512,3.2512,3,3,3,300,1,2,4,2.472266667,0,2.3368,1.7272,93.38,102.45,4,5,3.2512,0,-1,-9.07,-3.2512,6.5024,31.66770615,125.0477062,174.9522938,0,0,0.583174313,46.13681102,97.38,1.7272,2.3368,2.3368,2.7686,6.817984447,9.224331899,9.224331899,10.92882801,3.2512,12.83385308,125.0477062,190.8738618,97.10867248,9.224331899,10.92882801,65.82615561,2
B00232,B00232_R2,232,Yellow_1,Gate_3,3,4,1.9812,2.032,102.45,1.6764,0.2032,93.38,5,4,9.07,0.4572,0.2032,0.2032,1.6002,3.8608,1.7272,1.651,2,3,3,300,1,3,4,2.8448,0.8128,2.2606,1.3462,93.38,102.45,4,5,1.7272,3.8608,-1,-9.07,2.1336,3.3782,19.33517546,112.7151755,187.2848245,12.33253069,0,0.624282748,88.80468889,97.38,1.3462,2.2606,1.7272,1.8288,5.31401729,8.923538468,6.817984447,7.219042356,1.7272,6.817984447,112.7151755,194.4833829,108.5388229,8.923538468,7.219042356,81.76820748,1
B00232,B00232_R2,220,Gate_1,Green_1,4,4,1.9812,2.032,102.45,1.6764,0.2032,93.38,5,4,9.07,0.2032,0.762,1.6764,0.2032,3.556,2.032,2.032,1,3,3,300,1,4,4,2.6416,0.8128,2.7432,1.7272,93.38,102.45,4,5,2.032,3.556,-1,-9.07,1.524,4.064,22.04231635,115.4223163,184.5776837,9.625389808,0,0.615258946,73.81889764,97.38,1.7272,2.7432,1.3462,1.7018,6.817984447,10.82856353,5.31401729,6.71771997,2.032,8.021158173,115.4223163,191.7762421,111.5467572,10.82856353,6.71771997,76.35392571,0
B00233,B00233_R1,231,Gate_1,Green_1,1,4,1.9812,2.032,90.77,1.6764,0.2032,103.72,4,5,-12.95,0.2032,0.762,1.6764,0.2032,3.556,2.032,2.032,1,3,3,300,0,1,4,1.7526,0.889,1.075266667,0,90.77,103.72,4,5,3.556,2.032,-1,-12.95,-1.524,5.588,28.05818498,118.828185,181.171815,3.609521178,0,0.60390605,53.68647101,94.77,0,1.075266667,1.3462,2.2098,0,4.244529533,5.31401729,8.723009513,3.556,14.0370268,118.828185,203.0027399,105.631153,4.244529533,8.723009513,84.17455493,3
B00233,B00233_R1,233,Green_1,Gate_3,2,4,1.9812,2.032,90.77,1.6764,0.2032,103.72,4,5,-12.95,1.6764,0.2032,0.2032,1.6002,3.2512,0,2.8702,2,3,3,300,0,2,4,1.7526,0.8128,1.8288,0.9652,90.77,103.72,4,5,3.2512,0,-1,-12.95,-3.2512,6.1214,30.163739,120.933739,179.066261,1.503967157,0,0.596887537,49.00839677,94.77,0.9652,1.8288,0,2.167466667,3.810050132,7.219042356,0,8.555902051,3.2512,12.83385308,120.933739,198.8918963,112.4491375,7.219042356,8.555902051,77.95815734,2
B00233,B00233_R1,217,Gate_2,Orange_5,3,4,1.9812,2.032,90.77,1.6764,0.2032,103.72,4,5,-12.95,0.2032,1.143,1.9812,2.032,3.175,2.413,3.175,1,3,3,300,0,3,4,2.0066,0.889,3.2512,2.9464,90.77,103.72,4,5,3.175,2.413,-1,-12.95,-0.762,6.35,31.06611929,121.8361193,178.1638807,0.601586863,0,0.593879602,47.24409449,94.77,2.9464,3.2512,0.9652,1.5748,11.63067935,12.83385308,3.810050132,6.216397584,3.175,12.53305965,121.8361193,203.0027399,128.3911894,12.83385308,6.216397584,81.16662061,1
B00233,B00233_R1,229,Green_5,Gate_4,4,4,1.9812,2.032,90.77,1.6764,0.2032,103.72,4,5,-12.95,1.9812,0.7112,0.2032,1.9812,2.9464,0.8128,3.556,2,3,3,300,0,4,4,1.9558,0.8128,2.1082,1.3462,90.77,103.72,4,5,2.9464,0.8128,-1,-12.95,-2.1336,6.5024,31.66770615,122.4377062,177.5622938,0,0,0.591874313,46.13681102,94.77,1.3462,2.1082,0.8128,2.3114,5.31401729,8.321951605,3.208463269,9.124067422,2.9464,11.63067935,122.4377062,203.3035333,114.2538981,8.321951605,9.124067422,80.86582718,0
B00234,B00234_R2,220,Gate_1,Green_1,1,4,0.2032,1.9812,106.48,1.6764,0.2032,91.74,5,4,14.75,0.2032,0.762,1.6764,0.2032,1.7272,2.032,2.032,1,3,3,300,1,1,4,1.7526,0.8128,2.4638,1.7272,91.74,106.48,4,5,2.032,1.7272,-1,-14.74,-0.3048,4.064,22.04231635,113.7823163,186.2176837,9.625389808,0,0.620725612,73.81889764,95.74,1.7272,2.4638,1.3462,2.032,6.817984447,9.725654285,5.31401729,8.021158173,2.032,8.021158173,113.7823163,186.8275143,104.9293017,9.725654285,8.021158173,73.04519796,3
B00234,B00234_R2,232,Yellow_1,Gate_3,2,4,0.2032,1.9812,106.48,1.6764,0.2032,91.74,5,4,14.75,0.4572,0.2032,0.2032,1.6002,2.032,1.7272,1.651,2,3,3,300,1,2,4,1.9558,0.8128,1.6764,0.9652,91.74,106.48,4,5,1.7272,2.032,-1,-14.74,0.3048,3.3782,19.33517546,111.0751755,188.9248245,12.33253069,0,0.629749415,88.80468889,95.74,0.9652,1.6764,1.7272,2.159,3.810050132,6.617455493,6.817984447,8.522480559,1.7272,6.817984447,111.0751755,189.5346552,98.31184621,6.617455493,8.522480559,78.45947973,2
B00234,B00234_R2,234,Gate_2,Green_7,3,4,0.2032,1.9812,106.48,1.6764,0.2032,91.74,5,4,14.75,0.2032,1.143,2.54,1.143,1.3462,2.413,2.3368,1,3,3,300,1,3,4,1.7526,0.889,2.5654,1.9558,91.74,106.48,4,5,2.413,1.3462,-1,-14.74,-1.0668,4.7498,24.74945723,116.4894572,183.5105428,6.918248924,0,0.611701809,63.16055413,95.74,1.9558,2.5654,0.9652,1.9304,7.720364742,10.12671219,3.810050132,7.620100264,2.413,9.525125331,116.4894572,183.81958,103.4253345,10.12671219,7.620100264,67.33012276,1
B00234,B00234_R2,228,Orange_5,Green_1,4,4,0.2032,1.9812,106.48,1.6764,0.2032,91.74,5,4,14.75,1.9812,2.032,1.6764,0.2032,2.3368,3.2512,3.2512,3,3,3,300,1,4,4,3.5306,3.175,2.0574,1.7272,91.74,106.48,4,5,3.2512,2.3368,-1,-14.74,-0.9144,6.5024,31.66770615,123.4077062,176.5922938,0,0,0.588640979,46.13681102,95.74,1.7272,2.0574,1.9558,2.6416,6.817984447,8.12142265,7.720364742,10.42750563,3.2512,12.83385308,123.4077062,184.4211669,90.49121699,8.12142265,10.42750563,61.0134607,0
B00235,B00235_R1,233,Green_1,Gate_3,1,4,0.2032,1.9812,94.58,1.6764,0.2032,98.87,4,5,-4.29,1.6764,0.2032,0.2032,1.6002,3.2512,0,2.8702,2,3,3,300,0,1,4,2.0574,0.8128,1.9812,0.9652,94.58,98.87,4,5,3.2512,0,-1,-4.29,-3.2512,6.1214,30.163739,124.743739,175.256261,3.910314609,0,0.584187537,49.00839677,98.58,0.9652,1.9812,3.2512,3.2512,3.810050132,7.820629219,12.83385308,12.83385308,3.2512,12.83385308,124.743739,199.894491,98.61263964,7.820629219,12.83385308,75.15075198,3
B00235,B00235_R1,217,Gate_2,Orange_5,2,4,0.2032,1.9812,94.58,1.6764,0.2032,98.87,4,5,-4.29,0.2032,1.143,1.9812,2.032,1.3462,2.413,3.175,1,3,3,300,0,2,4,2.4638,2.2606,2.54,1.4224,94.58,98.87,4,5,1.3462,2.413,-1,-4.29,1.0668,4.5212,23.84707694,118.4270769,181.5729231,10.22697667,0,0.605243077,66.35406529,98.58,1.4224,2.54,0.9652,1.2192,5.614810721,10.02644772,3.810050132,4.812694904,1.3462,5.31401729,118.4270769,198.3905238,111.5467572,10.02644772,4.812694904,79.96344689,2
B00235,B00235_R1,229,Green_5,Gate_4,3,4,0.2032,1.9812,94.58,1.6764,0.2032,98.87,4,5,-4.29,1.9812,0.7112,0.2032,1.9812,3.556,0.8128,3.556,2,3,3,300,0,3,4,2.2606,0.8128,2.0066,1.3462,94.58,98.87,4,5,3.556,0.8128,-1,-4.29,-2.7432,7.112,34.07405361,128.6540536,171.3459464,0,0,0.571153155,42.18222722,98.58,1.3462,2.0066,2.9464,3.2258,5.31401729,7.920893696,11.63067935,12.7335886,3.556,14.0370268,128.6540536,197.4881435,95.00311846,7.920893696,12.7335886,68.83408992,1
B00235,B00235_R1,235,Purple_3,Gate_4,4,4,0.2032,1.9812,94.58,1.6764,0.2032,98.87,4,5,-4.29,1.0668,2.54,0.2032,1.9812,1.4224,2.9464,1.4224,2,3,3,300,0,4,4,2.8194,2.2606,2.7178,1.3462,94.58,98.87,4,5,1.4224,2.9464,-1,-4.29,1.524,2.8448,17.22962144,111.8096214,188.1903786,16.84443216,0,0.627301262,105.4555681,98.58,1.3462,2.7178,1.4224,1.5494,5.31401729,10.72829906,5.614810721,6.116133107,1.4224,5.614810721,111.8096214,199.894491,120.2697667,10.72829906,6.116133107,88.08486954,0
B00236,B00236_R2,232,Yellow_1,Gate_3,1,4,0.2032,1.9812,102.07,1.6764,0.2032,86.96,5,4,15.11,0.4572,0.2032,0.2032,1.6002,2.032,1.7272,1.651,2,3,3,300,1,1,4,2.8448,1.1938,2.0066,0.9652,86.96,102.07,4,5,1.7272,2.032,-1,-15.11,0.3048,3.3782,19.33517546,106.2951755,193.7048245,12.33253069,0,0.645682748,88.80468889,90.96,0.9652,2.0066,1.651,2.1336,3.810050132,7.920893696,6.517191016,8.422216082,1.7272,6.817984447,106.2951755,186.5594158,104.3277148,7.920893696,8.422216082,80.26424032,3
B00236,B00236_R2,234,Gate_2,Green_7,2,4,0.2032,1.9812,102.07,1.6764,0.2032,86.96,5,4,15.11,0.2032,1.143,2.54,1.143,1.3462,2.413,2.3368,1,3,3,300,1,2,4,2.3876,1.1938,1.9812,0.9652,86.96,102.07,4,5,2.413,1.3462,-1,-15.11,-1.0668,4.7498,24.74945723,111.7094572,188.2905428,6.918248924,0,0.627635143,63.16055413,90.96,0.9652,1.9812,0.9652,1.4478,3.810050132,7.820629219,3.810050132,5.715075198,2.413,9.525125331,111.7094572,181.145134,98.61263964,7.820629219,5.715075198,69.43567679,2
B00236,B00236_R2,236,Orange_7,Gate_3,3,4,0.2032,1.9812,102.07,1.6764,0.2032,86.96,5,4,15.11,2.54,1.6002,0.2032,1.6002,2.7178,2.2606,2.3368,2,3,3,300,1,3,4,2.5908,1.4986,1.778,0.9652,86.96,102.07,4,5,2.2606,2.7178,-1,-15.11,0.4572,4.5974,24.14787037,111.1078704,188.8921296,7.519835787,0,0.629640432,65.25427415,90.96,0.9652,1.778,0.9652,1.8542,3.810050132,7.018513401,3.810050132,7.319306833,2.2606,8.923538468,111.1078704,181.7467209,96.80787905,7.018513401,7.319306833,70.63885051,1
B00236,B00236_R2,228,Orange_5,Green_1,4,4,0.2032,1.9812,102.07,1.6764,0.2032,86.96,5,4,15.11,1.9812,2.032,1.6764,0.2032,2.3368,3.2512,3.2512,3,3,3,300,1,4,4,2.8448,1.4986,2.1336,1.7272,86.96,102.07,4,5,3.2512,2.3368,-1,-15.11,-0.9144,6.5024,31.66770615,118.6277062,181.3722938,0,0,0.604574313,46.13681102,90.96,1.7272,2.1336,1.9558,2.4638,6.817984447,8.422216082,7.720364742,9.725654285,3.2512,12.83385308,118.6277062,181.7467209,93.4991513,8.422216082,9.725654285,63.11901472,0
B00237,B00237_R2,237,Green_2,Gate_3,1,5,0.2032,1.9812,91.29,1.6764,0.2032,99.27,4,5,-7.98,1.9812,0.2032,0.2032,1.6002,3.556,0.8128,3.175,2,3,3,300,1,1,5,2.413,1.9558,1.9177,0.9652,99.27,91.29,5,4,0.8128,3.556,1,7.98,2.7432,3.9878,21.74152291,121.0115229,178.9884771,9.926183239,0,0.596628257,75.22944982,104.27,0.9652,1.9177,0.8128,2.16535,3.810050132,7.569968026,3.208463269,8.547546678,0.8128,3.208463269,121.0115229,220.9117321,130.1800813,7.569968026,8.547546678,99.90020921,4
B00237,B00237_R2,232,Yellow_1,Gate_3,2,5,0.2032,1.9812,91.29,1.6764,0.2032,99.27,4,5,-7.98,0.4572,0.2032,0.2032,1.6002,2.032,1.7272,1.651,2,3,3,300,1,2,5,2.6416,1.1938,2.2987,0.9652,99.27,91.29,5,4,1.7272,2.032,1,7.98,0.3048,3.3782,19.33517546,118.6051755,181.3948245,12.33253069,0,0.604649415,88.80468889,104.27,0.9652,2.2987,1.651,2.01295,3.810050132,9.073935183,6.517191016,7.945959815,1.7272,6.817984447,118.6051755,220.6109387,138.6022974,9.073935183,7.945959815,102.0057632,3
B00237,B00237_R2,234,Gate_2,Green_7,3,5,0.2032,1.9812,91.29,1.6764,0.2032,99.27,4,5,-7.98,0.2032,1.143,2.54,1.143,1.3462,2.413,2.3368,1,3,3,300,1,3,5,2.47015,1.1938,1.86055,0.9652,99.27,91.29,5,4,2.413,1.3462,1,7.98,-1.0668,4.7498,24.74945723,124.0194572,175.9805428,6.918248924,0,0.586601809,63.16055413,104.27,0.9652,1.86055,0.9652,1.32715,3.810050132,7.344372952,3.810050132,5.238818932,2.413,9.525125331,124.0194572,215.1966569,126.2697667,7.344372952,5.238818932,91.1771997,2
B00237,B00237_R2,236,Orange_7,Gate_3,4,5,0.2032,1.9812,91.29,1.6764,0.2032,99.27,4,5,-7.98,2.54,1.6002,0.2032,1.6002,2.7178,2.2606,2.3368,2,3,3,300,1,4,5,2.43205,1.4986,2.12725,0.9652,99.27,91.29,5,4,2.2606,2.7178,1,7.98,0.4572,4.5974,24.14787037,123.4178704,176.5821296,7.519835787,0,0.588607099,65.25427415,104.27,0.9652,2.12725,0.9652,1.97485,3.810050132,8.397149962,3.810050132,7.7955631,2.2606,8.923538468,123.4178704,215.7982438,131.0824616,8.397149962,7.7955631,92.38037343,1
B00237,B00237_R2,228,Orange_5,Green_1,5,5,0.2032,1.9812,91.29,1.6764,0.2032,99.27,4,5,-7.98,1.9812,2.032,1.6764,0.2032,2.3368,3.2512,3.2512,3,3,3,300,1,5,5,2.8702,1.4986,1.8034,0.8128,99.27,91.29,5,4,3.2512,2.3368,1,7.98,-0.9144,6.5024,31.66770615,130.9377062,169.0622938,0,0,0.563540979,46.13681102,104.27,0.8128,1.8034,1.9558,2.5273,3.208463269,7.118777879,7.720364742,9.976315478,3.2512,12.83385308,130.9377062,215.7982438,118.4491375,7.118777879,9.976315478,84.86053764,0
B00238,B00238_R1,238,Green_5,Gate_3,1,4,0.2032,1.9812,87.97,1.6764,0.2032,109.93,4,5,-21.96,1.9812,0.7112,0.2032,1.6002,3.556,0.8128,3.175,2,3,3,300,0,1,4,1.989666667,0,1.9812,0.9652,87.97,109.93,4,5,3.556,0.8128,-1,-21.96,-2.7432,6.731,32.57008645,120.5400864,179.4599136,1.503967157,0,0.598199712,44.56990046,91.97,0.9652,1.9812,2.9464,3.3528,3.810050132,7.820629219,11.63067935,13.23491099,3.556,14.0370268,120.5400864,193.284491,98.61263964,7.820629219,13.23491099,72.74440453,3
B00238,B00238_R1,217,Gate_2,Orange_5,2,4,0.2032,1.9812,87.97,1.6764,0.2032,109.93,4,5,-21.96,0.2032,1.143,1.9812,2.032,1.3462,2.413,3.175,1,3,3,300,0,2,4,2.5654,2.2606,2.4384,1.4224,87.97,109.93,4,5,1.3462,2.413,-1,-21.96,1.0668,4.5212,23.84707694,111.8170769,188.1829231,10.22697667,0,0.62727641,66.35406529,91.97,1.4224,2.4384,0.9652,1.2192,5.614810721,9.625389808,3.810050132,4.812694904,1.3462,5.31401729,111.8170769,194.1868713,112.7499309,9.625389808,4.812694904,82.36979434,2
B00238,B00238_R1,229,Green_5,Gate_4,3,4,0.2032,1.9812,87.97,1.6764,0.2032,109.93,4,5,-21.96,1.9812,0.7112,0.2032,1.9812,3.556,0.8128,3.556,2,3,3,300,0,3,4,1.989666667,0,2.1082,1.3462,87.97,109.93,4,5,3.556,0.8128,-1,-21.96,-2.7432,7.112,34.07405361,122.0440536,177.9559464,0,0,0.593186488,42.18222722,91.97,1.3462,2.1082,2.9464,3.2258,5.31401729,8.321951605,11.63067935,12.7335886,3.556,14.0370268,122.0440536,193.284491,98.61263964,8.321951605,12.7335886,71.24043737,1
B00238,B00238_R1,235,Purple_3,Gate_4,4,4,0.2032,1.9812,87.97,1.6764,0.2032,109.93,4,5,-21.96,1.0668,2.54,0.2032,1.9812,1.4224,2.9464,1.4224,2,3,3,300,0,4,4,2.921,2.2606,2.8194,1.3462,87.97,109.93,4,5,1.4224,2.9464,-1,-21.96,1.524,2.8448,17.22962144,105.1996214,194.8003786,16.84443216,0,0.649334595,105.4555681,91.97,1.3462,2.8194,1.4224,1.5494,5.31401729,11.12935697,5.614810721,6.116133107,1.4224,5.614810721,105.1996214,195.6908384,123.8792879,11.12935697,6.116133107,90.49121699,0
B00239,B00239_R2,232,Yellow_1,Gate_3,1,5,0.2032,1.9812,104.87,1.6764,0.2032,103.64,4,5,1.23,0.4572,0.2032,0.2032,1.6002,2.032,1.7272,1.651,2,3,3,300,1,1,5,2.3368,0.8128,1.9939,0.9652,103.64,104.87,5,4,1.7272,2.032,1,-1.23,0.3048,3.3782,19.33517546,122.9751755,177.0248245,12.33253069,0,0.590082748,88.80468889,108.64,0.9652,1.9939,1.651,2.01295,3.810050132,7.870761457,6.517191016,7.945959815,1.7272,6.817984447,122.9751755,222.5745912,131.383255,7.870761457,7.945959815,99.59941578,4
B00239,B00239_R2,228,Orange_5,Green_1,2,5,0.2032,1.9812,104.87,1.6764,0.2032,103.64,4,5,1.23,1.9812,2.032,1.6764,0.2032,2.3368,3.2512,3.2512,3,3,3,300,1,2,5,3.0226,1.4986,1.9558,1.4224,103.64,104.87,5,4,3.2512,2.3368,1,-1.23,-0.9144,6.5024,31.66770615,135.3077062,164.6922938,0,0,0.548974313,46.13681102,108.64,1.4224,1.9558,1.9558,2.5273,5.614810721,7.720364742,7.720364742,9.976315478,3.2512,12.83385308,135.3077062,217.7618963,118.4491375,7.720364742,9.976315478,82.45419019,3
B00239,B00239_R2,239,Yellow_2,Gate_3,3,5,0.2032,1.9812,104.87,1.6764,0.2032,103.64,4,5,1.23,0.762,0.2032,0.2032,1.6002,2.3368,1.4224,1.9558,2,3,3,300,1,3,5,2.2606,0.8128,1.9177,0.9652,103.64,104.87,5,4,1.4224,2.3368,1,-1.23,0.9144,3.3782,19.33517546,122.9751755,177.0248245,12.33253069,0,0.590082748,88.80468889,108.64,0.9652,1.9177,1.4224,2.01295,3.810050132,7.569968026,5.614810721,7.945959815,1.4224,5.614810721,122.9751755,222.8753847,130.1800813,7.569968026,7.945959815,99.90020921,2
B00239,B00239_R2,234,Gate_2,Green_7,4,5,0.2032,1.9812,104.87,1.6764,0.2032,103.64,4,5,1.23,0.2032,1.143,2.54,1.143,1.3462,2.413,2.3368,1,3,3,300,1,4,5,2.16535,1.1938,2.16535,0.9652,103.64,104.87,5,4,2.413,1.3462,1,-1.23,-1.0668,4.7498,24.74945723,128.3894572,171.6105428,6.918248924,0,0.572035143,63.16055413,108.64,0.9652,2.16535,0.9652,1.32715,3.810050132,8.547546678,3.810050132,5.238818932,2.413,9.525125331,128.3894572,217.1603095,128.6761142,8.547546678,5.238818932,88.77085225,1
B00239,B00239_R2,236,Orange_7,Gate_3,5,5,0.2032,1.9812,104.87,1.6764,0.2032,103.64,4,5,1.23,2.54,1.6002,0.2032,1.6002,2.7178,2.2606,2.3368,2,3,3,300,1,5,5,2.73685,1.4986,1.82245,0.9652,103.64,104.87,5,4,2.2606,2.7178,1,-1.23,0.4572,4.5974,24.14787037,127.7878704,172.2121296,7.519835787,0,0.574040432,65.25427415,108.64,0.9652,1.82245,0.9652,1.97485,3.810050132,7.193976237,3.810050132,7.7955631,2.2606,8.923538468,127.7878704,217.7618963,123.8634193,7.193976237,7.7955631,89.97402597,0
B00240,B00240_R1,240,Yellow_5,Gate_3,1,4,0.2032,1.9812,89.57,0.2032,1.6002,107.68,4,5,-18.11,1.0668,0.7112,0.2032,1.6002,2.6416,2.2606,2.2606,2,3,3,300,0,1,4,2.0574,1.4224,1.9812,0.9652,89.57,107.68,4,5,2.6416,2.2606,-1,-18.11,-0.381,4.9022,25.35104409,114.9210441,185.0789559,8.723009513,0,0.616929853,61.19701359,93.57,0.9652,1.9812,2.6416,2.8448,3.810050132,7.820629219,10.42750563,11.22962144,2.6416,10.42750563,114.9210441,190.0717961,98.61263964,7.820629219,11.22962144,75.15075198,3
B00240,B00240_R1,217,Gate_2,Orange_5,2,4,0.2032,1.9812,89.57,0.2032,1.6002,107.68,4,5,-18.11,0.2032,1.143,1.9812,2.032,1.3462,0.9652,3.175,1,3,3,300,0,2,4,2.2606,1.8034,2.54,1.4224,89.57,107.68,4,5,1.3462,0.9652,-1,-18.11,-0.381,4.5212,23.84707694,113.4170769,186.5829231,10.22697667,0,0.621943077,66.35406529,93.57,1.4224,2.54,0.9652,1.2192,5.614810721,10.02644772,3.810050132,4.812694904,1.3462,5.31401729,113.4170769,188.5678289,106.7340623,10.02644772,4.812694904,75.15075198,2
B00240,B00240_R1,229,Green_5,Gate_4,3,4,0.2032,1.9812,89.57,0.2032,1.6002,107.68,4,5,-18.11,1.9812,0.7112,0.2032,1.9812,3.556,3.175,3.556,2,3,3,300,0,3,4,2.4638,1.4224,1.8034,1.3462,89.57,107.68,4,5,3.556,3.175,-1,-18.11,-0.381,7.112,34.07405361,123.6440536,176.3559464,0,0,0.587853155,42.18222722,93.57,1.3462,1.8034,2.9464,3.2258,5.31401729,7.118777879,11.63067935,12.7335886,3.556,14.0370268,123.6440536,187.6654486,87.78407611,7.118777879,12.7335886,64.02139502,1
B00240,B00240_R1,235,Purple_3,Gate_4,4,4,0.2032,1.9812,89.57,0.2032,1.6002,107.68,4,5,-18.11,1.0668,2.54,0.2032,1.9812,1.4224,1.8034,1.4224,2,3,3,300,0,4,4,2.8194,2.2606,2.5146,1.3462,89.57,107.68,4,5,1.4224,1.8034,-1,-18.11,0.381,2.8448,17.22962144,106.7996214,193.2003786,16.84443216,0,0.644001262,105.4555681,93.57,1.3462,2.5146,1.4224,1.5494,5.31401729,9.926183239,5.614810721,6.116133107,1.4224,5.614810721,106.7996214,190.0717961,113.0507244,9.926183239,6.116133107,83.27217463,0
B00241,B00241_R2,241,Gate_1,Orange_7,1,5,0.2032,1.9812,95.09,0.2032,1.6002,98.24,5,5,-3.16,0.2032,0.762,2.54,1.6002,1.7272,1.3462,3.175,1,3,3,300,1,1,5,2.1844,0.889,1.8669,0,98.24,95.09,5,5,1.3462,1.7272,0,3.15,0.381,4.5212,23.84707694,122.0870769,177.9129231,5.715075198,0,0.593043077,66.35406529,103.24,0,1.8669,1.3462,1.86055,0,7.369439072,5.31401729,7.344372952,1.3462,5.31401729,122.0870769,216.5730044,123.9636837,7.369439072,7.344372952,94.48592745,4
B00241,B00241_R2,236,Orange_7,Gate_3,2,5,0.2032,1.9812,95.09,0.2032,1.6002,98.24,5,5,-3.16,2.54,1.6002,0.2032,1.6002,2.7178,2.3368,2.3368,2,3,3,300,1,2,5,2.66065,1.4986,1.74625,0.9652,98.24,95.09,5,5,2.3368,2.7178,0,3.15,0.381,4.6736,24.4486638,122.6886638,177.3113362,5.113488335,0,0.591037787,64.19034577,103.24,0.9652,1.74625,0,1.39065,3.810050132,6.893182805,0,5.489480125,2.3368,9.224331899,122.6886638,207.3486725,121.4570718,6.893182805,5.489480125,84.66000868,3
B00241,B00241_R2,234,Gate_2,Green_7,3,5,0.2032,1.9812,95.09,0.2032,1.6002,98.24,5,5,-3.16,0.2032,1.143,2.54,1.143,1.3462,0.9652,2.3368,1,3,3,300,1,3,5,2.08915,0.889,2.08915,0.9652,98.24,95.09,5,5,0.9652,1.3462,0,3.15,0.381,3.302,19.03438203,117.274382,182.725618,10.5277701,0,0.609085393,90.85402786,103.24,0.9652,2.08915,0.9652,1.78435,3.810050132,8.246753247,3.810050132,7.043579521,0.9652,3.810050132,117.274382,216.5730044,132.2856353,8.246753247,7.043579521,99.29862235,2
B00241,B00241_R2,228,Orange_5,Green_1,4,5,0.2032,1.9812,95.09,0.2032,1.6002,98.24,5,5,-3.16,1.9812,2.032,1.6764,0.2032,2.3368,2.7178,3.2512,3,3,3,300,1,4,5,2.9464,1.4986,2.032,1.4224,98.24,95.09,5,5,2.7178,2.3368,0,3.15,-0.381,5.969,29.56215213,127.8021521,172.1978479,0,0,0.573992826,50.25967499,103.24,1.4224,2.032,1.4986,2.2225,5.614810721,8.021158173,5.915604153,8.773141752,2.7178,10.72829906,127.8021521,211.7603095,120.8554849,8.021158173,8.773141752,83.95815734,1
B00241,B00241_R2,239,Yellow_2,Gate_3,5,5,0.2032,1.9812,95.09,0.2032,1.6002,98.24,5,5,-3.16,0.762,0.2032,0.2032,1.6002,2.3368,1.9558,1.9558,2,3,3,300,1,5,5,2.3368,1.1176,1.8415,0.9652,98.24,95.09,5,5,1.9558,2.3368,0,3.15,0.381,3.9116,21.44072948,119.6807295,180.3192705,8.12142265,0,0.601064235,76.69495858,103.24,0.9652,1.8415,1.4224,2.31775,3.810050132,7.269174594,5.614810721,9.149133541,1.9558,7.720364742,119.6807295,214.4674504,125.9689733,7.269174594,9.149133541,94.78672088,0
B00242,B00242_R1,235,Purple_3,Gate_4,1,4,0.2032,1.9812,89.57,0.2032,1.6002,105.84,4,5,-16.26,1.0668,2.54,0.2032,1.9812,1.4224,1.8034,1.4224,2,3,3,300,0,1,4,2.2098,1.1176,2.3114,1.3462,89.57,105.84,4,5,1.4224,1.8034,-1,-16.27,0.381,2.8448,17.22962144,106.7996214,193.2003786,16.84443216,0,0.644001262,105.4555681,93.57,1.3462,2.3114,1.4224,1.9304,5.31401729,9.124067422,5.614810721,7.620100264,1.4224,5.614810721,106.7996214,190.3725895,110.9451703,9.124067422,7.620100264,83.57296807,3
B00242,B00242_R1,217,Gate_2,Orange_5,2,4,0.2032,1.9812,89.57,0.2032,1.6002,105.84,4,5,-16.26,0.2032,1.143,1.9812,2.032,1.3462,0.9652,3.175,1,3,3,300,0,2,4,2.6162,2.2606,1.7272,0.8128,89.57,105.84,4,5,1.3462,0.9652,-1,-16.27,-0.381,4.5212,23.84707694,113.4170769,186.5829231,10.22697667,0,0.621943077,66.35406529,93.57,0.8128,1.7272,1.3462,1.7018,3.208463269,6.817984447,5.31401729,6.71771997,1.3462,5.31401729,113.4170769,190.3725895,97.40946591,6.817984447,6.71771997,76.95551257,2
B00242,B00242_R1,242,Orange_1,Green_4,3,4,0.2032,1.9812,89.57,0.2032,1.6002,105.84,4,5,-16.26,1.6764,2.54,1.6764,0.7112,2.032,2.413,2.9464,3,3,3,300,0,3,4,2.413,1.1176,2.0574,0.8128,89.57,105.84,4,5,2.032,2.413,-1,-16.27,0.381,4.9784,25.65183752,115.2218375,184.7781625,8.422216082,0,0.615927208,60.2603246,93.57,0.8128,2.0574,0.8128,1.6256,3.208463269,8.12142265,3.208463269,6.416926539,2.032,8.021158173,115.2218375,185.5598946,99.51501993,8.12142265,6.416926539,70.33805708,1
B00242,B00242_R1,229,Green_5,Gate_4,4,4,0.2032,1.9812,89.57,0.2032,1.6002,105.84,4,5,-16.26,1.9812,0.7112,0.2032,1.9812,3.556,3.175,3.556,2,3,3,300,0,4,4,3.0734,2.7178,1.6002,1.3462,89.57,105.84,4,5,3.556,3.175,-1,-16.27,-0.381,7.112,34.07405361,123.6440536,176.3559464,0,0,0.587853155,42.18222722,93.57,1.3462,1.6002,0.8128,2.4384,5.31401729,6.316662061,3.208463269,9.625389808,3.556,14.0370268,123.6440536,179.544026,85.67852209,6.316662061,9.625389808,55.89997237,0
B00243,B00243_R1,217,Gate_2,Orange_5,1,5,0.2032,1.9812,97.59,0.2032,1.6002,97.52,5,5,0.07,0.2032,1.143,1.9812,2.032,1.3462,0.9652,3.175,1,3,3,300,0,1,5,2.5273,2.2606,1.651,0.8128,97.59,97.52,5,5,1.3462,0.9652,0,0.07,-0.381,4.5212,23.84707694,121.4370769,178.5629231,10.22697667,0,0.595209744,66.35406529,102.59,0.8128,1.651,1.3462,2.032,3.208463269,6.517191016,5.31401729,8.021158173,1.3462,5.31401729,121.4370769,224.044427,128.6761142,6.517191016,8.021158173,102.6073501,4
B00243,B00243_R1,242,Orange_1,Green_4,2,5,0.2032,1.9812,97.59,0.2032,1.6002,97.52,5,5,0.07,1.6764,2.54,1.6764,0.7112,2.032,2.413,2.9464,3,3,3,300,0,2,5,2.08915,1.1176,2.27965,0.8128,97.59,97.52,5,5,2.032,2.413,0,0.07,0.381,4.9784,25.65183752,123.2418375,176.7581625,8.422216082,0,0.589193875,60.2603246,102.59,0.8128,2.27965,0.8128,1.9558,3.208463269,8.998736825,3.208463269,7.720364742,2.032,8.021158173,123.2418375,219.2317321,136.7975368,8.998736825,7.720364742,95.9898946,3
B00243,B00243_R1,229,Green_5,Gate_4,3,5,0.2032,1.9812,97.59,0.2032,1.6002,97.52,5,5,0.07,1.9812,0.7112,0.2032,1.9812,3.556,3.175,3.556,2,3,3,300,0,3,5,3.11785,2.7178,1.55575,1.3462,97.59,97.52,5,5,3.556,3.175,0,0.07,-0.381,7.112,34.07405361,131.6640536,168.3359464,0,0,0.561119821,42.18222722,102.59,1.3462,1.55575,0.8128,2.032,5.31401729,6.141199226,3.208463269,8.021158173,3.556,14.0370268,131.6640536,213.2158635,116.9451703,6.141199226,8.021158173,81.55180989,2
B00243,B00243_R1,235,Purple_3,Gate_4,4,5,0.2032,1.9812,97.59,0.2032,1.6002,97.52,5,5,0.07,1.0668,2.54,0.2032,1.9812,1.4224,1.8034,1.4224,2,3,3,300,0,4,5,1.65735,0,2.08915,1.3462,97.59,97.52,5,5,1.4224,1.8034,0,0.07,0.381,2.8448,17.22962144,114.8196214,185.1803786,16.84443216,0,0.617267929,105.4555681,102.59,1.3462,2.08915,1.4224,2.3368,5.31401729,8.246753247,5.614810721,9.224331899,1.4224,5.614810721,114.8196214,224.044427,142.2118186,8.246753247,9.224331899,109.2248056,1
B00243,B00243_R1,243,Purple_3,Green_3,5,5,0.2032,1.9812,97.59,0.2032,1.6002,97.52,5,5,0.07,1.0668,2.54,2.286,0.2032,1.4224,1.8034,3.556,3,3,3,300,0,5,5,1.65735,0,2.58445,0.8128,97.59,97.52,5,5,1.4224,1.8034,0,0.07,0.381,4.9784,25.65183752,123.2418375,176.7581625,8.422216082,0,0.589193875,60.2603246,102.59,0.8128,2.58445,1.4224,1.8034,3.208463269,10.20191055,5.614810721,7.118777879,1.4224,5.614810721,123.2418375,224.044427,141.6102317,10.20191055,7.118777879,100.8025895,0
B00244,B00244_R2,239,Yellow_2,Gate_3,1,4,2.286,0.2032,109.47,0.2032,1.6002,82.15,5,4,27.32,0.762,0.2032,0.2032,1.6002,2.032,1.9558,1.9558,2,3,3,300,1,1,4,2.159,1.4224,2.1844,0.9652,82.15,109.47,4,5,1.9558,2.032,-1,-27.32,0.0762,3.9116,21.44072948,103.5907295,196.4092705,8.12142265,0,0.654697568,76.69495858,86.15,0.9652,2.1844,1.4224,1.9558,3.810050132,8.622745036,5.614810721,7.720364742,1.9558,7.720364742,103.5907295,170.6200588,95.00311846,8.622745036,7.720364742,67.02932933,3
B00244,B00244_R2,228,Orange_5,Green_1,2,4,2.286,0.2032,109.47,0.2032,1.6002,82.15,5,4,27.32,1.9812,2.032,1.6764,0.2032,2.6416,2.7178,3.2512,3,3,3,300,1,2,4,3.3274,3.175,1.278466667,0,82.15,109.47,4,5,2.7178,2.6416,-1,-27.32,-0.0762,5.969,29.56215213,111.7121521,188.2878479,0,0,0.62762616,50.25967499,86.15,0,1.278466667,1.9558,2.54,0,5.046645351,7.720364742,10.02644772,2.7178,10.72829906,111.7121521,169.7176785,76.15339676,5.046645351,10.02644772,58.00552639,2
B00244,B00244_R2,244,Green_1,Green_2,3,4,2.286,0.2032,109.47,0.2032,1.6002,82.15,5,4,27.32,1.6764,0.2032,1.9812,0.2032,1.1176,2.8702,0.8128,3,3,3,300,1,3,4,2.3622,1.4224,2.4638,1.7272,82.15,109.47,4,5,2.8702,1.1176,-1,-27.32,-1.7526,3.683,20.53834919,102.6883492,197.3116508,9.023802945,0,0.657705503,81.45533532,86.15,1.7272,2.4638,0,1.557866667,6.817984447,9.725654285,0,6.149554599,2.8702,11.32988592,102.6883492,161.3957269,99.2142265,9.725654285,6.149554599,58.70737773,1
B00244,B00244_R2,234,Gate_2,Green_7,4,4,2.286,0.2032,109.47,0.2032,1.6002,82.15,5,4,27.32,0.2032,1.143,2.54,1.143,3.0226,0.9652,2.3368,1,3,3,300,1,4,4,2.3622,1.4986,2.159,1.8034,82.15,109.47,4,5,0.9652,3.0226,-1,-27.32,2.0574,3.302,19.03438203,101.184382,198.815618,10.5277701,0,0.662718727,90.85402786,86.15,1.8034,2.159,0.9652,2.032,7.118777879,8.522480559,3.810050132,8.021158173,0.9652,3.810050132,101.184382,172.7256128,97.10867248,8.522480559,8.021158173,71.54123081,0
B00245,B00245_R2,239,Yellow_2,Gate_3,1,5,2.286,0.2032,102.58,2.54,1.143,100.07,5,5,2.51,0.762,0.2032,0.2032,1.6002,2.032,2.7178,1.9558,2,3,3,300,1,1,5,2.20345,1.4224,2.43205,0.9652,100.07,102.58,5,5,2.7178,2.032,0,-2.51,-0.6858,4.6736,24.4486638,124.5186638,175.4813362,2.10555402,0,0.584937787,64.19034577,105.07,0.9652,2.43205,1.4224,1.9558,3.810050132,9.600323688,5.614810721,7.720364742,2.7178,10.72829906,124.5186638,208.7776146,127.7737339,9.600323688,7.720364742,84.25895078,4
B00245,B00245_R2,234,Gate_2,Green_7,2,5,2.286,0.2032,102.58,2.54,1.143,100.07,5,5,2.51,0.2032,1.143,2.54,1.143,3.0226,2.3368,2.3368,1,3,3,300,1,2,5,2.4511,1.4986,1.8415,0.889,100.07,102.58,5,5,2.3368,3.0226,0,-2.51,0.6858,4.6736,24.4486638,124.5186638,175.4813362,2.10555402,0,0.584937787,64.19034577,105.07,0.889,1.8415,0.9652,1.7653,3.509256701,7.269174594,3.810050132,6.968381163,2.3368,9.224331899,124.5186638,208.4768211,118.4491375,7.269174594,6.968381163,83.95815734,3
B00245,B00245_R2,228,Orange_5,Green_1,3,5,2.286,0.2032,102.58,2.54,1.143,100.07,5,5,2.51,1.9812,2.032,1.6764,0.2032,2.6416,1.9558,3.2512,3,3,3,300,1,3,5,3.07975,2.3368,1.31445,0,100.07,102.58,5,5,1.9558,2.6416,0,-2.51,0.6858,5.207,26.55421782,126.6242178,173.3757822,0,0,0.577919274,57.61474938,105.07,0,1.31445,1.9558,2.58445,0,5.188686693,7.720364742,10.20191055,1.9558,7.720364742,126.6242178,213.8911029,108.0216319,5.188686693,10.20191055,87.26688509,2
B00245,B00245_R2,244,Green_1,Green_2,4,5,2.286,0.2032,102.58,2.54,1.143,100.07,5,5,2.51,1.6764,0.2032,1.9812,0.2032,1.1176,1.8034,0.8128,3,3,3,300,1,4,5,2.12725,1.4224,2.12725,1.1176,100.07,102.58,5,5,1.8034,1.1176,0,-2.51,-0.6858,2.6162,16.32724115,116.3972411,183.6027589,10.22697667,0,0.612009196,114.6701323,105.07,1.1176,2.12725,0,1.88595,4.411636995,8.397149962,0,7.444637429,1.8034,7.118777879,116.3972411,206.772325,131.0824616,8.397149962,7.444637429,90.37508388,1
B00245,B00245_R2,245,Green_6,Gate_3,5,5,2.286,0.2032,102.58,2.54,1.143,100.07,5,5,2.51,2.54,0.762,0.2032,1.6002,0.8128,0.889,3.175,2,3,3,300,1,5,5,2.20345,1.4224,2.12725,0.9652,100.07,102.58,5,5,0.889,0.8128,0,-2.51,-0.0762,4.064,22.04231635,122.1123163,177.8876837,4.511901472,0,0.592958946,73.81889764,105.07,0.9652,2.12725,0.889,1.651,3.810050132,8.397149962,3.509256701,6.517191016,0.889,3.509256701,122.1123163,213.8911029,125.3673864,8.397149962,6.517191016,91.77878656,0
B00246,B00246_R1,246,Gate_1,Green_3,1,4,2.286,0.2032,87.29,0.2032,1.6002,100.86,4,5,-13.58,0.2032,0.762,2.286,0.2032,2.6416,1.3462,2.6416,1,3,3,300,0,1,4,2.54,2.3368,2.6416,0.8128,87.29,100.86,4,5,2.6416,1.3462,-1,-13.57,-1.2954,5.2832,26.85501125,114.1450113,185.8549887,7.219042356,0,0.619516629,56.78376741,91.29,0.8128,2.6416,1.7272,2.032,3.208463269,10.42750563,6.817984447,8.021158173,2.6416,10.42750563,114.1450113,193.5068713,114.2538981,10.42750563,8.021158173,79.36186002,3
B00246,B00246_R1,229,Green_5,Gate_4,2,4,2.286,0.2032,87.29,0.2032,1.6002,100.86,4,5,-13.58,1.9812,0.7112,0.2032,1.9812,0.8128,3.175,3.556,2,3,3,300,0,2,4,2.9464,2.3368,1.524,1.4224,87.29,100.86,4,5,0.8128,3.175,-1,-13.57,2.3622,4.3688,23.24549007,110.5354901,189.4645099,10.82856353,0,0.631548366,68.66874199,91.29,1.4224,1.524,0.8128,1.7272,5.614810721,6.01586863,3.208463269,6.817984447,0.8128,3.208463269,110.5354901,197.1163925,104.6285083,6.01586863,6.817984447,86.58090238,2
B00246,B00246_R1,235,Purple_3,Gate_4,3,4,2.286,0.2032,87.29,0.2032,1.6002,100.86,4,5,-13.58,1.0668,2.54,0.2032,1.9812,3.556,1.8034,1.4224,2,3,3,300,0,3,4,1.964266667,0,2.2352,1.4224,87.29,100.86,4,5,3.556,1.8034,-1,-13.57,-1.7526,4.9784,25.65183752,112.9418375,187.0581625,8.422216082,0,0.623527208,60.2603246,91.29,1.4224,2.2352,1.4224,2.8448,5.614810721,8.82327399,5.614810721,11.22962144,3.556,14.0370268,112.9418375,188.6941764,110.6443769,8.82327399,11.22962144,75.75233885,1
B00246,B00246_R1,243,Purple_3,Green_3,4,4,2.286,0.2032,87.29,0.2032,1.6002,100.86,4,5,-13.58,1.0668,2.54,2.286,0.2032,3.556,1.8034,3.556,3,3,3,300,0,4,4,1.964266667,0,2.3368,0.8128,87.29,100.86,4,5,3.556,1.8034,-1,-13.57,-1.7526,7.112,34.07405361,121.3640536,178.6359464,0,0,0.595453155,42.18222722,91.29,0.8128,2.3368,1.4224,2.1336,3.208463269,9.224331899,5.614810721,8.422216082,3.556,14.0370268,121.3640536,188.6941764,103.4253345,9.224331899,8.422216082,67.33012276,0
B00247,B00247_R2,228,Orange_5,Green_1,1,5,2.286,0.2032,105.45,0.2032,1.6002,90.3,5,5,15.14,1.9812,2.032,1.6764,0.2032,2.6416,2.7178,3.2512,3,3,3,300,1,1,5,2.85115,2.3368,1.23825,0,90.3,105.45,5,5,2.7178,2.6416,0,-15.15,-0.0762,5.969,29.56215213,119.8621521,180.1378479,3.910314609,0,0.600459493,50.25967499,95.3,0,1.23825,1.9558,2.58445,0,4.887893262,7.720364742,10.20191055,2.7178,10.72829906,119.8621521,220.9655351,123.6628903,4.887893262,10.20191055,101.1033829,4
B00247,B00247_R2,244,Green_1,Green_2,2,5,2.286,0.2032,105.45,0.2032,1.6002,90.3,5,5,15.14,1.6764,0.2032,1.9812,0.2032,1.1176,2.8702,0.8128,3,3,3,300,1,2,5,2.05105,1.1176,1.89865,0.8128,90.3,105.45,5,5,2.8702,1.1176,0,-15.15,-1.7526,3.683,20.53834919,110.8383492,189.1616508,12.93411755,0,0.630538836,81.45533532,95.3,0.8128,1.89865,0,1.88595,3.208463269,7.494769668,0,7.444637429,2.8702,11.32988592,110.8383492,212.6435835,143.1141989,7.494769668,7.444637429,101.8052343,3
B00247,B00247_R2,247,Green_3,Gate_3,3,5,2.286,0.2032,105.45,0.2032,1.6002,90.3,5,5,15.14,2.286,0.2032,0.2032,1.6002,0,3.4798,3.4798,2,3,3,300,1,3,5,1.89865,0.8128,2.43205,0.9652,90.3,105.45,5,5,3.4798,0,0,-15.15,-3.4798,6.9596,33.47246674,123.7724667,176.2275333,0,0,0.587425111,43.10592563,95.3,0.9652,2.43205,0.8128,1.651,3.810050132,9.600323688,3.208463269,6.517191016,3.4798,13.73623337,123.7724667,213.4456993,138.6022974,9.600323688,6.517191016,89.67323254,2
B00247,B00247_R2,234,Gate_2,Green_7,4,5,2.286,0.2032,105.45,0.2032,1.6002,90.3,5,5,15.14,0.2032,1.143,2.54,1.143,3.0226,0.9652,2.3368,1,3,3,300,1,4,5,2.8321,2.413,1.4605,0.889,90.3,105.45,5,5,0.9652,3.0226,0,-15.15,2.0574,3.302,19.03438203,109.334382,190.665618,14.43808471,0,0.63555206,90.85402786,95.3,0.889,1.4605,0.9652,1.7653,3.509256701,5.765207437,3.810050132,6.968381163,0.9652,3.810050132,109.334382,223.9734694,137.6999171,5.765207437,6.968381163,114.6390874,1
B00247,B00247_R2,245,Green_6,Gate_3,5,5,2.286,0.2032,105.45,0.2032,1.6002,90.3,5,5,15.14,2.54,0.762,0.2032,1.6002,0.8128,3.175,3.175,2,3,3,300,1,5,5,1.82245,0.8128,2.50825,0.9652,90.3,105.45,5,5,3.175,0.8128,0,-15.15,-2.3622,6.35,31.06611929,121.3661193,178.6338807,2.406347452,0,0.595446269,47.24409449,95.3,0.9652,2.50825,0.889,1.651,3.810050132,9.90111712,3.509256701,6.517191016,3.175,12.53305965,121.3661193,214.9496664,142.2118186,9.90111712,6.517191016,93.58354715,0
B00248,B00248_R1,229,Green_5,Gate_4,1,4,2.286,0.2032,91.06,0.2032,1.6002,104.79,4,5,-13.74,1.9812,0.7112,0.2032,1.9812,0.8128,3.175,3.556,2,3,3,300,0,1,4,3.0734,2.7178,1.397,1.3462,91.06,104.79,4,5,0.8128,3.175,-1,-13.73,2.3622,4.3688,23.24549007,114.3054901,185.6945099,10.82856353,0,0.6189817,68.66874199,95.06,1.3462,1.397,0.8128,2.6416,5.31401729,5.514546244,3.208463269,10.42750563,0.8128,3.208463269,114.3054901,199.6832187,101.9213674,5.514546244,10.42750563,85.37772865,3
B00248,B00248_R1,248,Gate_2,Purple_4,2,4,2.286,0.2032,91.06,0.2032,1.6002,104.79,4,5,-13.74,0.2032,1.143,0.762,2.032,3.0226,0.9652,1.9558,1,3,3,300,0,2,4,2.413,2.2606,1.7272,0.8128,91.06,104.79,4,5,3.0226,0.9652,-1,-13.73,-2.0574,4.9784,25.65183752,116.7118375,183.2881625,8.422216082,0,0.610960542,60.2603246,95.06,0.8128,1.7272,1.3462,1.905,3.208463269,6.817984447,5.31401729,7.519835787,3.0226,11.93147278,116.7118375,193.0657632,103.4253345,6.817984447,7.519835787,76.35392571,2
B00248,B00248_R1,235,Purple_3,Gate_4,3,4,2.286,0.2032,91.06,0.2032,1.6002,104.79,4,5,-13.74,1.0668,2.54,0.2032,1.9812,3.556,1.8034,1.4224,2,3,3,300,0,3,4,1.837266667,0,2.1082,1.3462,91.06,104.79,4,5,3.556,1.8034,-1,-13.73,-1.7526,4.9784,25.65183752,116.7118375,183.2881625,8.422216082,0,0.610960542,60.2603246,95.06,1.3462,2.1082,0.8128,1.9304,5.31401729,8.321951605,3.208463269,7.620100264,3.556,14.0370268,116.7118375,188.8546552,107.937236,8.321951605,7.620100264,72.14281767,1
B00248,B00248_R1,243,Purple_3,Green_3,4,4,2.286,0.2032,91.06,0.2032,1.6002,104.79,4,5,-13.74,1.0668,2.54,2.286,0.2032,3.556,1.8034,3.556,3,3,3,300,0,4,4,1.837266667,0,2.4638,0.8128,91.06,104.79,4,5,3.556,1.8034,-1,-13.73,-1.7526,7.112,34.07405361,125.1340536,174.8659464,0,0,0.582886488,42.18222722,95.06,0.8128,2.4638,0.8128,1.2192,3.208463269,9.725654285,3.208463269,4.812694904,3.556,14.0370268,125.1340536,188.8546552,103.726128,9.725654285,4.812694904,63.72060159,0
B00249,B00249_R2,244,Green_1,Green_2,1,5,2.286,0.2032,96.9,0.2032,1.6002,91.22,5,5,5.68,1.6764,0.2032,1.9812,0.2032,1.1176,2.8702,0.8128,3,3,3,300,1,1,5,2.05105,1.1176,2.05105,0.8128,91.22,96.9,5,5,2.8702,1.1176,0,-5.68,-1.7526,3.683,20.53834919,111.7583492,188.2416508,12.93411755,0,0.627472169,81.45533532,96.22,0.8128,2.05105,1.8034,2.69875,3.208463269,8.096356531,7.118777879,10.6531007,2.8702,11.32988592,111.7583492,209.8537978,134.6919828,8.096356531,10.6531007,98.09544862,4
B00249,B00249_R2,247,Green_3,Gate_3,2,5,2.286,0.2032,96.9,0.2032,1.6002,91.22,5,5,5.68,2.286,0.2032,0.2032,1.6002,0,3.4798,3.4798,2,3,3,300,1,2,5,2.20345,0.8128,2.12725,0.9652,91.22,96.9,5,5,3.4798,0,0,-5.68,-3.4798,6.9596,33.47246674,124.6924667,175.3075333,0,0,0.584358444,43.10592563,96.22,0.9652,2.12725,0.8128,2.032,3.810050132,8.397149962,3.208463269,8.021158173,3.4798,13.73623337,124.6924667,203.5371358,122.961039,8.397149962,8.021158173,78.84466901,3
B00249,B00249_R2,234,Gate_2,Green_7,3,5,2.286,0.2032,96.9,0.2032,1.6002,91.22,5,5,5.68,0.2032,1.143,2.54,1.143,3.0226,0.9652,2.3368,1,3,3,300,1,3,5,2.5273,1.9558,1.7653,0.889,91.22,96.9,5,5,0.9652,3.0226,0,-5.68,2.0574,3.302,19.03438203,110.254382,189.745618,14.43808471,0,0.632485393,90.85402786,96.22,0.889,1.7653,0.9652,1.9558,3.509256701,6.968381163,3.810050132,7.720364742,0.9652,3.810050132,110.254382,214.0649059,131.6840485,6.968381163,7.720364742,103.8105238,2
B00249,B00249_R2,245,Green_6,Gate_3,4,5,2.286,0.2032,96.9,0.2032,1.6002,91.22,5,5,5.68,2.54,0.762,0.2032,1.6002,0.8128,3.175,3.175,2,3,3,300,1,4,5,2.12725,0.8128,2.20345,0.9652,91.22,96.9,5,5,3.175,0.8128,0,-5.68,-2.3622,6.35,31.06611929,122.2861193,177.7138807,2.406347452,0,0.592379602,47.24409449,96.22,0.9652,2.20345,0.889,1.8796,3.810050132,8.697943394,3.509256701,7.41957131,3.175,12.53305965,122.2861193,205.0411029,126.5705601,8.697943394,7.41957131,82.75498362,1
B00249,B00249_R2,249,Purple_4,Orange_5,5,5,2.286,0.2032,96.9,0.2032,1.6002,91.22,5,5,5.68,0.762,2.032,1.9812,2.032,3.8608,1.4986,1.7272,3,3,3,300,1,5,5,3.15595,1.9558,2.85115,2.3368,91.22,96.9,5,5,1.4986,3.8608,0,-5.68,2.3622,3.2258,18.7335886,109.9535886,190.0464114,14.73887814,0,0.633488038,93.000186,96.22,2.3368,2.85115,1.4986,2.43205,9.224331899,11.25468756,5.915604153,9.600323688,1.4986,5.915604153,109.9535886,214.0649059,149.1300675,11.25468756,9.600323688,104.1113173,0
B00250,B00250_R1,250,Orange_4,Gate_4,1,4,2.286,0.2032,83.87,1.9812,2.032,94.44,4,5,-10.57,1.6764,2.032,0.2032,1.9812,2.9464,0.8128,2.032,2,3,3,300,0,1,4,1.7018,1.1176,1.397,1.3462,83.87,94.44,4,5,2.9464,0.8128,-1,-10.57,-2.1336,4.9784,25.65183752,109.5218375,190.4781625,8.422216082,0,0.634927208,60.2603246,87.87,1.3462,1.397,1.4224,2.1336,5.31401729,5.514546244,5.614810721,8.422216082,2.9464,11.63067935,109.5218375,188.8836975,101.9213674,5.514546244,8.422216082,79.36186002,3
B00250,B00250_R1,235,Purple_3,Gate_4,2,4,2.286,0.2032,83.87,1.9812,2.032,94.44,4,5,-10.57,1.0668,2.54,0.2032,1.9812,3.556,1.4224,1.4224,2,3,3,300,0,2,4,1.126066667,0,1.6002,1.3462,83.87,94.44,4,5,3.556,1.4224,-1,-10.57,-2.1336,4.9784,25.65183752,109.5218375,190.4781625,8.422216082,0,0.634927208,60.2603246,87.87,1.3462,1.6002,0.8128,1.9304,5.31401729,6.316662061,3.208463269,7.620100264,3.556,14.0370268,109.5218375,184.0710026,104.3277148,6.316662061,7.620100264,74.54916512,2
B00250,B00250_R1,248,Gate_2,Purple_4,3,4,2.286,0.2032,83.87,1.9812,2.032,94.44,4,5,-10.57,0.2032,1.143,0.762,2.032,3.0226,3.175,1.9558,1,3,3,300,0,3,4,2.4638,2.2606,1.016,0.8128,83.87,94.44,4,5,3.0226,3.175,-1,-10.57,0.1524,4.9784,25.65183752,109.5218375,190.4781625,8.422216082,0,0.634927208,60.2603246,87.87,0.8128,1.016,1.3462,1.905,3.208463269,4.010579087,5.31401729,7.519835787,3.0226,11.93147278,109.5218375,188.2821107,97.40946591,4.010579087,7.519835787,78.76027316,1
B00250,B00250_R1,243,Purple_3,Green_3,4,4,2.286,0.2032,83.87,1.9812,2.032,94.44,4,5,-10.57,1.0668,2.54,2.286,0.2032,3.556,1.4224,3.556,3,3,3,300,0,4,4,1.126066667,0,3.175,2.9464,83.87,94.44,4,5,3.556,1.4224,-1,-10.57,-2.1336,7.112,34.07405361,117.9440536,182.0559464,0,0,0.606853155,42.18222722,87.87,2.9464,3.175,0.8128,1.2192,11.63067935,12.53305965,3.208463269,4.812694904,3.556,14.0370268,117.9440536,184.0710026,114.5546915,12.53305965,4.812694904,66.12694904,0
B00251,B00251_R2,247,Green_3,Gate_3,1,5,2.286,0.2032,99.63,1.9812,2.032,91.12,5,5,8.51,2.286,0.2032,0.2032,1.6002,0,2.6416,3.4798,2,3,3,300,1,1,5,2.58445,0.8128,1.74625,0.9652,91.12,99.63,5,5,2.6416,0,0,-8.51,-2.6416,6.1214,30.163739,121.283739,178.716261,3.910314609,0,0.59572087,49.00839677,96.12,0.9652,1.74625,1.1938,2.4892,3.810050132,6.893182805,4.712430427,9.825918762,2.6416,10.42750563,121.283739,224.7934694,136.7975368,6.893182805,9.825918762,103.5097304,4
B00251,B00251_R2,234,Gate_2,Green_7,2,5,2.286,0.2032,99.63,1.9812,2.032,91.12,5,5,8.51,0.2032,1.143,2.54,1.143,3.0226,3.175,2.3368,1,3,3,300,1,2,5,2.1463,0.889,1.9939,0.889,91.12,99.63,5,5,3.175,3.0226,0,-8.51,-0.1524,5.5118,27.75739154,118.8773915,181.1226085,6.316662061,0,0.603742028,54.42868029,96.12,0.889,1.9939,0.9652,2.0701,3.509256701,7.870761457,3.810050132,8.171554889,3.175,12.53305965,118.8773915,221.7855351,143.1141989,7.870761457,8.171554889,102.9081435,3
B00251,B00251_R2,245,Green_6,Gate_3,3,5,2.286,0.2032,99.63,1.9812,2.032,91.12,5,5,8.51,2.54,0.762,0.2032,1.6002,0.8128,2.3368,3.175,2,3,3,300,1,3,5,2.50825,0.8128,1.82245,0.9652,91.12,99.63,5,5,2.3368,0.8128,0,-8.51,-1.524,5.5118,27.75739154,118.8773915,181.1226085,6.316662061,0,0.603742028,54.42868029,96.12,0.9652,1.82245,0.889,2.1844,3.810050132,7.193976237,3.509256701,8.622745036,2.3368,9.224331899,118.8773915,224.7934694,140.407058,7.193976237,8.622745036,105.9160778,2
B00251,B00251_R2,251,Gate_1,Orange_5,4,5,2.286,0.2032,99.63,1.9812,2.032,91.12,5,5,8.51,0.2032,0.762,1.9812,2.032,2.6416,3.556,3.556,1,3,3,300,1,4,5,2.20345,0.889,2.47015,1.7272,91.12,99.63,5,5,3.556,2.6416,0,-8.51,-0.9144,7.112,34.07405361,125.1940536,174.8059464,0,0,0.582686488,42.18222722,96.12,1.7272,2.47015,1.3462,2.24155,6.817984447,9.750720404,5.31401729,8.84834011,3.556,14.0370268,125.1940536,221.7855351,144.3173726,9.750720404,8.84834011,96.59148147,1
B00251,B00251_R2,249,Purple_4,Orange_5,5,5,2.286,0.2032,99.63,1.9812,2.032,91.12,5,5,8.51,0.762,2.032,1.9812,2.032,3.8608,1.7272,1.7272,3,3,3,300,1,5,5,2.92735,1.9558,2.92735,2.3368,91.12,99.63,5,5,1.7272,3.8608,0,-8.51,2.1336,3.4544,19.63596889,110.7559689,189.2440311,14.43808471,0,0.630813437,86.84576193,96.12,2.3368,2.92735,1.4986,1.97485,9.224331899,11.55548099,5.915604153,7.7955631,1.7272,6.817984447,110.7559689,229.6061643,165.9744997,11.55548099,7.7955631,118.8501954,0
B00252,B00252_R1,235,Purple_3,Gate_4,1,4,2.286,0.2032,82.91,1.9812,2.032,111.09,4,5,-28.18,1.0668,2.54,0.2032,1.9812,3.556,1.4224,1.4224,2,3,3,300,0,1,4,1.735666667,0,1.8034,1.3462,82.91,111.09,4,5,3.556,1.4224,-1,-28.18,-2.1336,4.9784,25.65183752,108.5618375,191.4381625,8.422216082,0,0.638127208,60.2603246,86.91,1.3462,1.8034,0.8128,2.4384,5.31401729,7.118777879,3.208463269,9.625389808,3.556,14.0370268,108.5618375,172.2824391,95.90549876,7.118777879,9.625389808,63.72060159,3
B00252,B00252_R1,248,Gate_2,Purple_4,2,4,2.286,0.2032,82.91,1.9812,2.032,111.09,4,5,-28.18,0.2032,1.143,0.762,2.032,3.0226,3.175,1.9558,1,3,3,300,0,2,4,2.1082,1.8034,1.6256,0.8128,82.91,111.09,4,5,3.0226,3.175,-1,-28.18,0.1524,4.9784,25.65183752,108.5618375,191.4381625,8.422216082,0,0.638127208,60.2603246,86.91,0.8128,1.6256,1.3462,2.0574,3.208463269,6.416926539,5.31401729,8.12142265,3.0226,11.93147278,108.5618375,176.4935472,93.79994474,6.416926539,8.12142265,67.93170963,2
B00252,B00252_R1,243,Purple_3,Green_3,3,4,2.286,0.2032,82.91,1.9812,2.032,111.09,4,5,-28.18,1.0668,2.54,2.286,0.2032,3.556,1.4224,3.556,3,3,3,300,0,3,4,1.735666667,0,2.7686,1.7272,82.91,111.09,4,5,3.556,1.4224,-1,-28.18,-2.1336,7.112,34.07405361,116.9840536,183.0159464,0,0,0.610053155,42.18222722,86.91,1.7272,2.7686,0.8128,1.7272,6.817984447,10.92882801,3.208463269,6.817984447,3.556,14.0370268,116.9840536,172.2824391,98.91343307,10.92882801,6.817984447,55.29838551,1
B00252,B00252_R1,252,Yellow_5,Yellow_3,4,4,2.286,0.2032,82.91,1.9812,2.032,111.09,4,5,-28.18,1.0668,0.7112,1.0668,0.2032,1.7272,3.2512,0.508,3,3,3,300,0,4,4,2.5654,1.8034,2.5654,1.8034,82.91,111.09,4,5,1.7272,3.2512,-1,-28.18,1.524,2.2352,14.82327399,97.73327399,202.266726,19.25077962,0,0.67422242,134.2161775,86.91,1.8034,2.5654,1.7272,2.54,7.118777879,10.12671219,6.817984447,10.02644772,1.7272,6.817984447,97.73327399,183.1110026,115.7578652,10.12671219,10.02644772,85.37772865,0
B00253,B00253_R1,248,Gate_2,Purple_4,1,5,1.0668,0.2032,86.95,1.9812,2.032,104.8,5,5,-17.85,0.2032,1.143,0.762,2.032,1.8034,3.175,1.9558,1,3,3,300,0,1,5,1.8034,0.889,1.8034,0.8128,86.95,104.8,5,5,1.8034,3.175,0,-17.85,1.3716,3.7592,20.83914262,107.7891426,192.2108574,10.82856353,0,0.640702858,79.80421366,91.95,0.8128,1.8034,1.3462,2.24155,3.208463269,7.118777879,5.31401729,8.84834011,1.8034,7.118777879,107.7891426,195.0560277,117.5467572,7.118777879,8.84834011,87.26688509,4
B00253,B00253_R1,235,Purple_3,Gate_4,2,5,1.0668,0.2032,86.95,1.9812,2.032,104.8,5,5,-17.85,1.0668,2.54,0.2032,1.9812,2.9464,1.4224,1.4224,2,3,3,300,0,2,5,1.96215,0,1.78435,1.3462,86.95,104.8,5,5,2.9464,1.4224,0,-17.85,-1.524,4.3688,23.24549007,110.1954901,189.8045099,8.422216082,0,0.6326817,68.66874199,91.95,1.3462,1.78435,0.8128,2.43205,5.31401729,7.043579521,3.208463269,9.600323688,2.9464,11.63067935,110.1954901,188.4385722,114.8396163,7.043579521,9.600323688,78.24308215,3
B00253,B00253_R1,243,Purple_3,Green_3,3,5,1.0668,0.2032,86.95,1.9812,2.032,104.8,5,5,-17.85,1.0668,2.54,2.286,0.2032,2.9464,1.4224,3.556,3,3,3,300,0,3,5,1.96215,0,2.73685,1.7272,86.95,104.8,5,5,2.9464,1.4224,0,-17.85,-1.524,6.5024,31.66770615,118.6177062,181.3822938,0,0,0.604607646,46.13681102,91.95,1.7272,2.73685,0.8128,1.89865,6.817984447,10.80349741,3.208463269,7.494769668,2.9464,11.63067935,118.6177062,188.4385722,121.4570718,10.80349741,7.494769668,69.82086606,2
B00253,B00253_R1,252,Yellow_5,Yellow_3,4,5,1.0668,0.2032,86.95,1.9812,2.032,104.8,5,5,-17.85,1.0668,0.7112,1.0668,0.2032,0.508,3.2512,0.508,3,3,3,300,0,4,5,2.27965,1.4224,2.27965,1.4224,86.95,104.8,5,5,0.508,3.2512,0,-17.85,2.7432,1.016,10.01057909,96.96057909,203.0394209,21.65712707,0,0.67679807,295.2755906,91.95,1.4224,2.27965,1.7272,2.62255,5.614810721,8.998736825,6.817984447,10.35230727,0.508,2.005289543,96.96057909,201.6734832,135.8951565,8.998736825,10.35230727,104.7129041,1
B00253,B00253_R1,253,Gate_1,Orange_7,5,5,1.0668,0.2032,86.95,1.9812,2.032,104.8,5,5,-17.85,0.2032,0.762,2.54,1.6002,1.4224,3.556,3.175,1,3,3,300,0,5,5,1.89865,0.889,2.62255,2.413,86.95,104.8,5,5,1.4224,3.556,0,-17.85,2.1336,4.5974,24.14787037,111.0978704,188.9021296,7.519835787,0,0.629673765,65.25427415,91.95,2.413,2.62255,1.4224,2.032,9.525125331,10.35230727,5.614810721,8.021158173,1.4224,5.614810721,111.0978704,196.8607883,127.172147,10.35230727,8.021158173,85.76291793,0
B00254,B00254_R2,254,Green_3,Orange_5,1,4,2.54,1.6002,100.32,1.9812,2.032,88.3,5,4,12.02,2.286,0.2032,1.9812,2.032,1.651,2.6416,2.6416,3,3,3,300,1,1,4,2.4384,0.8128,2.54,1.7272,88.3,100.32,4,5,2.6416,1.651,-1,-12.02,-0.9906,5.2832,26.85501125,115.1550113,184.8449887,7.219042356,0,0.616149962,56.78376741,92.3,1.7272,2.54,2.6416,2.921,6.817984447,10.02644772,10.42750563,11.53041487,2.6416,10.42750563,115.1550113,196.6224253,111.5467572,10.02644772,11.53041487,81.46741404,3
B00254,B00254_R2,249,Purple_4,Orange_5,2,4,2.54,1.6002,100.32,1.9812,2.032,88.3,5,4,12.02,0.762,2.032,1.9812,2.032,2.7178,1.7272,1.7272,3,3,3,300,1,2,4,3.2512,2.3368,2.8448,2.3368,88.3,100.32,4,5,1.7272,2.7178,-1,-12.02,0.9906,3.4544,19.63596889,107.9359689,192.0640311,14.43808471,0,0.640213437,86.84576193,92.3,2.3368,2.8448,1.4986,1.651,9.224331899,11.22962144,5.915604153,6.517191016,1.7272,6.817984447,107.9359689,195.720045,122.3753207,11.22962144,6.517191016,87.78407611,2
B00254,B00254_R2,245,Green_6,Gate_3,3,4,2.54,1.6002,100.32,1.9812,2.032,88.3,5,4,12.02,2.54,0.762,0.2032,1.6002,1.3462,2.3368,3.175,2,3,3,300,1,3,4,2.4384,0.8128,2.1082,1.3462,88.3,100.32,4,5,2.3368,1.3462,-1,-12.02,-0.9906,5.5118,27.75739154,116.0573915,183.9426085,6.316662061,0,0.613142028,54.42868029,92.3,1.3462,2.1082,2.3368,2.3368,5.31401729,8.321951605,9.224331899,9.224331899,2.3368,9.224331899,116.0573915,196.6224253,105.5308886,8.321951605,9.224331899,80.56503375,1
B00254,B00254_R2,251,Gate_1,Orange_5,4,4,2.54,1.6002,100.32,1.9812,2.032,88.3,5,4,12.02,0.2032,0.762,1.9812,2.032,3.175,3.556,3.556,1,3,3,300,1,4,4,2.6416,2.3368,2.2352,1.7272,88.3,100.32,4,5,3.556,3.175,-1,-12.02,-0.381,7.112,34.07405361,122.3740536,177.6259464,0,0,0.592086488,42.18222722,92.3,1.7272,2.2352,1.3462,2.8194,6.817984447,8.82327399,5.31401729,11.12935697,3.556,14.0370268,122.3740536,187.8994158,100.7181937,8.82327399,11.12935697,65.52536218,0
B00255,B00255_R1,235,Purple_3,Gate_4,1,5,2.54,1.6002,92.01,1.9812,2.032,108.27,5,5,-16.26,1.0668,2.54,0.2032,1.9812,2.413,1.4224,1.4224,2,3,3,300,0,1,5,1.6764,0,1.651,0.8128,92.01,108.27,5,5,2.413,1.4224,0,-16.26,-0.9906,3.8354,21.13993605,113.1499361,186.8500639,9.926183239,0,0.622833546,78.21869948,97.01,0.8128,1.651,1.8034,2.6797,3.208463269,6.517191016,7.118777879,10.57790234,2.413,9.525125331,113.1499361,213.3509387,128.6761142,6.517191016,10.57790234,100.2010026,4
B00255,B00255_R1,255,Purple_1,Gate_3,2,5,2.54,1.6002,92.01,1.9812,2.032,108.27,5,5,-16.26,0.4572,2.54,0.2032,1.6002,3.0226,2.032,1.1938,2,3,3,300,0,2,5,1.8034,1.1176,1.8034,1.3462,92.01,108.27,5,5,3.0226,2.032,0,-16.26,-0.9906,4.2164,22.64390321,114.6539032,185.3460968,8.422216082,0,0.617820323,71.15074471,97.01,1.3462,1.8034,0.8128,2.73685,5.31401729,7.118777879,3.208463269,10.80349741,3.0226,11.93147278,114.6539032,207.0342766,129.5784945,7.118777879,10.80349741,92.38037343,3
B00255,B00255_R1,243,Purple_3,Green_3,3,5,2.54,1.6002,92.01,1.9812,2.032,108.27,5,5,-16.26,1.0668,2.54,2.286,0.2032,2.413,1.4224,3.556,3,3,3,300,0,3,5,1.6764,0,3.0226,1.7272,92.01,108.27,5,5,2.413,1.4224,0,-16.26,-0.9906,5.969,29.56215213,121.5721521,178.4278479,1.503967157,0,0.594759493,50.25967499,97.01,1.7272,3.0226,1.4224,2.1463,6.817984447,11.93147278,5.614810721,8.47234832,2.413,9.525125331,121.5721521,211.8469715,141.9110251,11.93147278,8.47234832,90.27481941,2
B00255,B00255_R1,252,Yellow_5,Yellow_3,4,5,2.54,1.6002,92.01,1.9812,2.032,108.27,5,5,-16.26,1.0668,0.7112,1.0668,0.2032,2.8702,3.2512,0.508,3,3,3,300,0,4,5,2.5654,1.4224,2.5654,1.4224,92.01,108.27,5,5,2.8702,3.2512,0,-16.26,0.381,3.3782,19.33517546,111.3451755,188.6548245,11.73094383,0,0.628849415,88.80468889,97.01,1.4224,2.5654,1.7272,2.3749,5.614810721,10.12671219,6.817984447,9.374728615,2.8702,11.32988592,111.3451755,211.2453847,144.9189595,10.12671219,9.374728615,99.90020921,1
B00255,B00255_R1,253,Gate_1,Orange_7,5,5,2.54,1.6002,92.01,1.9812,2.032,108.27,5,5,-16.26,0.2032,0.762,2.54,1.6002,3.175,3.556,3.175,1,3,3,300,0,5,5,2.1844,1.4224,2.6797,2.413,92.01,108.27,5,5,3.175,3.556,0,-16.26,0.381,6.35,31.06611929,123.0761193,176.9238807,0,0,0.589746269,47.24409449,97.01,2.413,2.6797,1.3462,1.78435,9.525125331,10.57790234,5.31401729,7.043579521,3.175,12.53305965,123.0761193,208.5382438,134.9927762,10.57790234,7.043579521,85.4621245,0
B00256,B00256_R1,255,Purple_1,Gate_3,1,5,2.54,1.6002,96.87,1.9812,2.032,96.04,5,4,0.83,0.4572,2.54,0.2032,1.6002,3.0226,2.032,1.1938,2,3,3,300,0,1,5,2.032,1.1176,1.6891,1.3462,96.87,96.04,5,4,3.0226,2.032,1,0.83,-0.9906,4.2164,22.64390321,119.5139032,180.4860968,9.926183239,0,0.601620323,71.15074471,101.87,1.3462,1.6891,2.6416,3.19405,5.31401729,6.667587731,10.42750563,12.608258,3.0226,11.93147278,119.5139032,230.5434694,139.2038843,6.667587731,12.608258,111.0295662,4
B00256,B00256_R1,256,Gate_1,Orange_6,2,5,2.54,1.6002,96.87,1.9812,2.032,96.04,5,4,0.83,0.2032,0.762,2.54,1.9812,3.175,3.556,3.556,1,3,3,300,0,2,5,1.524,0,2.8702,2.032,96.87,96.04,5,4,3.175,3.556,1,0.83,0.381,6.731,32.57008645,129.4400864,170.5599136,0,0,0.568533045,44.56990046,101.87,2.032,2.8702,1.3462,2.1463,8.021158173,11.32988592,5.31401729,8.47234832,3.175,12.53305965,129.4400864,224.8283942,147.9268938,11.32988592,8.47234832,95.38830774,3
B00256,B00256_R1,243,Purple_3,Green_3,3,5,2.54,1.6002,96.87,1.9812,2.032,96.04,5,4,0.83,1.0668,2.54,2.286,0.2032,2.413,1.4224,3.556,3,3,3,300,0,3,5,2.3368,1.1176,2.794,1.7272,96.87,96.04,5,4,2.413,1.4224,1,0.83,-0.9906,5.969,29.56215213,126.4321521,173.5678479,3.007934315,0,0.578559493,50.25967499,101.87,1.7272,2.794,1.8034,2.2987,6.817984447,11.02909249,7.118777879,9.073935183,2.413,9.525125331,126.4321521,229.6410891,149.7316544,11.02909249,9.073935183,103.208937,2
B00256,B00256_R1,252,Yellow_5,Yellow_3,4,5,2.54,1.6002,96.87,1.9812,2.032,96.04,5,4,0.83,1.0668,0.7112,1.0668,0.2032,2.8702,3.2512,0.508,3,3,3,300,0,4,5,2.1844,1.4224,2.1844,1.4224,96.87,96.04,5,4,2.8702,3.2512,1,0.83,0.381,3.3782,19.33517546,116.2051755,183.7948245,13.23491099,0,0.612649415,88.80468889,101.87,1.4224,2.1844,1.7272,2.5273,5.614810721,8.622745036,6.817984447,9.976315478,2.8702,11.32988592,116.2051755,227.5355351,150.3332412,8.622745036,9.976315478,111.3303596,1
B00256,B00256_R1,253,Gate_1,Orange_7,5,5,2.54,1.6002,96.87,1.9812,2.032,96.04,5,4,0.83,0.2032,0.762,2.54,1.6002,3.175,3.556,3.175,1,3,3,300,0,5,5,1.524,0,2.8702,2.413,96.87,96.04,5,4,3.175,3.556,1,0.83,0.381,6.35,31.06611929,127.9361193,172.0638807,1.503967157,0,0.573546269,47.24409449,101.87,2.413,2.8702,1.3462,2.24155,9.525125331,11.32988592,5.31401729,8.84834011,3.175,12.53305965,127.9361193,224.8283942,149.4308609,11.32988592,8.84834011,96.8922749,0
B00257,B00257_R2,257,Gate_1,Yellow_5,1,4,2.54,1.6002,116.84,1.9812,2.032,88.33,6,4,28.5,0.2032,0.762,1.0668,0.7112,3.175,3.556,1.4224,1,3,3,300,1,1,4,1.761066667,0,2.2352,1.4224,88.33,116.84,4,6,3.556,3.175,-2,-28.51,-0.381,4.9784,25.65183752,113.9818375,186.0181625,8.422216082,0,0.620060542,60.2603246,92.33,1.4224,2.2352,1.3462,2.8194,5.614810721,8.82327399,5.31401729,11.12935697,3.556,14.0370268,113.9818375,186.7262421,107.937236,8.82327399,11.12935697,72.74440453,3
B00257,B00257_R2,251,Gate_1,Orange_5,2,4,2.54,1.6002,116.84,1.9812,2.032,88.33,6,4,28.5,0.2032,0.762,1.9812,2.032,3.175,3.556,3.556,1,3,3,300,1,2,4,1.761066667,0,2.54,1.7272,88.33,116.84,4,6,3.556,3.175,-2,-28.51,-0.381,7.112,34.07405361,122.4040536,177.5959464,0,0,0.591986488,42.18222722,92.33,1.7272,2.54,1.3462,2.1082,6.817984447,10.02644772,5.31401729,8.321951605,3.556,14.0370268,122.4040536,186.7262421,103.1245411,10.02644772,8.321951605,64.32218845,2
B00257,B00257_R2,245,Green_6,Gate_3,3,4,2.54,1.6002,116.84,1.9812,2.032,88.33,6,4,28.5,2.54,0.762,0.2032,1.6002,1.3462,2.3368,3.175,2,3,3,300,1,3,4,3.1496,2.9464,1.397,1.3462,88.33,116.84,4,6,2.3368,1.3462,-2,-28.51,-0.9906,5.5118,27.75739154,116.0873915,183.9126085,6.316662061,0,0.613042028,54.42868029,92.33,1.3462,1.397,2.032,2.2352,5.31401729,5.514546244,8.021158173,8.82327399,2.3368,9.224331899,116.0873915,194.2460778,95.90549876,5.514546244,8.82327399,78.1586863,1
B00257,B00257_R2,249,Purple_4,Orange_5,4,4,2.54,1.6002,116.84,1.9812,2.032,88.33,6,4,28.5,0.762,2.032,1.9812,2.032,2.7178,1.7272,1.7272,3,3,3,300,1,4,4,2.7432,2.3368,3.1496,2.3368,88.33,116.84,4,6,1.7272,2.7178,-2,-28.51,0.9906,3.4544,19.63596889,107.9659689,192.0340311,14.43808471,0,0.640113437,86.84576193,92.33,2.3368,3.1496,1.4986,2.159,9.224331899,12.43279517,5.915604153,8.522480559,1.7272,6.817984447,107.9659689,194.5468713,124.7816682,12.43279517,8.522480559,86.58090238,0
B00258,B00258_R2,251,Gate_1,Orange_5,1,4,2.54,1.6002,108.3,1.9812,2.032,100.27,5,4,8.03,0.2032,0.762,1.9812,2.032,3.175,3.556,3.556,1,3,3,300,1,1,4,2.0574,0.889,2.413,1.7272,100.27,108.3,4,5,3.556,3.175,-1,-8.03,-0.381,7.112,34.07405361,134.3440536,165.6559464,0,0,0.552186488,42.18222722,104.27,1.7272,2.413,1.3462,2.8194,6.817984447,9.525125331,5.31401729,11.12935697,3.556,14.0370268,134.3440536,204.0805238,107.0348557,9.525125331,11.12935697,69.73647022,3
B00258,B00258_R2,249,Purple_4,Orange_5,2,4,2.54,1.6002,108.3,1.9812,2.032,100.27,5,4,8.03,0.762,2.032,1.9812,2.032,2.7178,1.7272,1.7272,3,3,3,300,1,2,4,2.6162,1.9558,3.0226,2.3368,100.27,108.3,4,5,1.7272,2.7178,-1,-8.03,0.9906,3.4544,19.63596889,119.9059689,180.0940311,14.43808471,0,0.600313437,86.84576193,104.27,2.3368,3.0226,1.4986,1.651,9.224331899,11.93147278,5.915604153,6.517191016,1.7272,6.817984447,119.9059689,211.901153,128.6919828,11.93147278,6.517191016,91.99518415,2
B00258,B00258_R2,245,Green_6,Gate_3,3,4,2.54,1.6002,108.3,1.9812,2.032,100.27,5,4,8.03,2.54,0.762,0.2032,1.6002,1.3462,2.3368,3.175,2,3,3,300,1,3,4,3.0734,2.7178,1.27,0.9652,100.27,108.3,4,5,2.3368,1.3462,-1,-8.03,-0.9906,5.5118,27.75739154,128.0273915,171.9726085,6.316662061,0,0.573242028,54.42868029,104.27,0.9652,1.27,2.3368,2.3368,3.810050132,5.013223858,9.224331899,9.224331899,2.3368,9.224331899,128.0273915,212.8035333,99.81581337,5.013223858,9.224331899,84.77614179,1
B00258,B00258_R2,258,Gate_2,Orange_5,4,4,2.54,1.6002,108.3,1.9812,2.032,100.27,5,4,8.03,0.2032,1.143,1.9812,2.032,2.794,3.175,3.175,1,3,3,300,1,4,4,1.8542,0.889,2.54,1.7272,100.27,108.3,4,5,3.175,2.794,-1,-8.03,-0.381,6.35,31.06611929,131.3361193,168.6638807,3.007934315,0,0.562212936,47.24409449,104.27,1.7272,2.54,0.9652,2.4384,6.817984447,10.02644772,3.810050132,9.625389808,3.175,12.53305965,131.3361193,204.0805238,111.5467572,10.02644772,9.625389808,72.74440453,0
B00259,B00259_R1,253,Gate_1,Orange_7,1,5,2.54,1.6002,102.01,1.9812,2.032,106.8,5,5,-4.79,0.2032,0.762,2.54,1.6002,3.175,3.556,3.175,1,3,3,300,0,1,5,1.23825,0,2.81305,2.413,102.01,106.8,5,5,3.175,3.556,0,-4.79,0.381,6.35,31.06611929,133.0761193,166.9238807,1.503967157,0,0.556412936,47.24409449,107.01,2.413,2.81305,1.4224,2.5654,9.525125331,11.10429085,5.614810721,10.12671219,3.175,12.53305965,133.0761193,233.5779154,151.8372084,11.10429085,10.12671219,100.5017961,4
B00259,B00259_R1,259,Gate_2,Purple_3,2,5,2.54,1.6002,102.01,1.9812,2.032,106.8,5,5,-4.79,0.2032,1.143,1.0668,2.54,2.794,3.175,2.2606,1,3,3,300,0,2,5,1.4605,0.889,2.0574,0,102.01,106.8,5,5,2.794,3.175,0,-4.79,0.381,5.0546,25.95263096,127.962631,172.037369,6.617455493,0,0.573457897,59.3518775,107.01,0,2.0574,1.8034,2.69875,0,8.12142265,7.118777879,10.6531007,2.794,11.02909249,127.962631,236.5858497,145.0192239,8.12142265,10.6531007,108.6232187,3
B00259,B00259_R1,243,Purple_3,Green_3,3,5,2.54,1.6002,102.01,1.9812,2.032,106.8,5,5,-4.79,1.0668,2.54,2.286,0.2032,2.413,1.4224,3.556,3,3,3,300,0,3,5,2.62255,2.2606,2.50825,1.7272,102.01,106.8,5,5,2.413,1.4224,0,-4.79,-0.9906,5.969,29.56215213,131.5721521,168.4278479,3.007934315,0,0.56142616,50.25967499,107.01,1.7272,2.50825,0,1.84785,6.817984447,9.90111712,0,7.294240714,2.413,9.525125331,131.5721521,230.971039,148.5284806,9.90111712,7.294240714,99.39888683,2
B00259,B00259_R1,252,Yellow_5,Yellow_3,4,5,2.54,1.6002,102.01,1.9812,2.032,106.8,5,5,-4.79,1.0668,0.7112,1.0668,0.2032,2.8702,3.2512,0.508,3,3,3,300,0,4,5,1.89865,1.4224,1.89865,1.4224,102.01,106.8,5,5,2.8702,3.2512,0,-4.79,0.381,3.3782,19.33517546,121.3451755,178.6548245,13.23491099,0,0.595516082,88.80468889,107.01,1.4224,1.89865,1.7272,2.69875,5.614810721,7.494769668,6.817984447,10.6531007,2.8702,11.32988592,121.3451755,235.9842628,149.1300675,7.494769668,10.6531007,114.6390874,1
B00259,B00259_R1,256,Gate_1,Orange_6,5,5,2.54,1.6002,102.01,1.9812,2.032,106.8,5,5,-4.79,0.2032,0.762,2.54,1.9812,3.175,3.556,3.556,1,3,3,300,0,5,5,1.23825,0,3.00355,2.032,102.01,106.8,5,5,3.175,3.556,0,-4.79,0.381,6.731,32.57008645,134.5800864,165.4199136,0,0,0.551399712,44.56990046,107.01,2.032,3.00355,1.4224,2.47015,8.021158173,11.85627442,5.614810721,9.750720404,3.175,12.53305965,134.5800864,233.5779154,153.3411755,11.85627442,9.750720404,98.99782892,0
B00260,B00260_R2,245,Green_6,Gate_3,1,4,2.54,1.9812,112.23,1.9812,2.032,98.27,5,4,13.96,2.54,0.762,0.2032,1.6002,1.7272,2.3368,3.175,2,3,3,300,1,1,4,2.9972,2.7178,1.143,0.9652,98.27,112.23,4,5,2.3368,1.7272,-1,-13.96,-0.6096,5.5118,27.75739154,126.0273915,173.9726085,3.308727746,0,0.579908695,54.42868029,102.27,0.9652,1.143,2.3368,2.6416,3.810050132,4.511901472,9.224331899,10.42750563,2.3368,9.224331899,126.0273915,204.1860778,91.69439072,4.511901472,10.42750563,78.1586863,3
B00260,B00260_R2,260,Gate_2,Purple_3,2,4,2.54,1.9812,112.23,1.9812,2.032,98.27,5,4,13.96,0.2032,1.143,1.0668,2.54,3.175,3.175,2.2606,1,3,3,300,1,2,4,1.557866667,0,2.1082,0.8128,98.27,112.23,4,5,3.175,3.175,-1,-13.96,0,5.4356,27.45659811,125.7265981,174.2734019,3.609521178,0,0.58091134,55.19169917,102.27,0.8128,2.1082,0.9652,2.4384,3.208463269,8.321951605,3.810050132,9.625389808,3.175,12.53305965,125.7265981,195.4630683,103.4253345,8.321951605,9.625389808,69.73647022,2
B00260,B00260_R2,258,Gate_2,Orange_5,3,4,2.54,1.9812,112.23,1.9812,2.032,98.27,5,4,13.96,0.2032,1.143,1.9812,2.032,3.175,3.175,3.175,1,3,3,300,1,3,4,1.557866667,0,2.413,1.7272,98.27,112.23,4,5,3.175,3.175,-1,-13.96,0,6.35,31.06611929,129.3361193,170.6638807,0,0,0.568879602,47.24409449,102.27,1.7272,2.413,0.9652,2.1336,6.817984447,9.525125331,3.810050132,8.422216082,3.175,12.53305965,129.3361193,195.4630683,103.4253345,9.525125331,8.422216082,66.12694904,1
B00260,B00260_R2,249,Purple_4,Orange_5,4,4,2.54,1.9812,112.23,1.9812,2.032,98.27,5,4,13.96,0.762,2.032,1.9812,2.032,2.3368,1.7272,1.7272,3,3,3,300,1,4,4,2.4892,1.9558,2.8956,2.3368,98.27,112.23,4,5,1.7272,2.3368,-1,-13.96,0.6096,3.4544,19.63596889,117.9059689,182.0940311,11.4301504,0,0.606980104,86.84576193,102.27,2.3368,2.8956,0.8128,1.3462,9.224331899,11.4301504,3.208463269,5.31401729,1.7272,6.817984447,117.9059689,200.5765567,120.5705601,11.4301504,5.31401729,82.67058777,0
B00261,B00261_R1,259,Gate_2,Purple_3,1,5,2.54,1.9812,103.92,1.9812,2.032,113.58,5,5,-9.66,0.2032,1.143,1.0668,2.54,3.175,3.175,2.2606,1,3,3,300,0,1,5,1.9939,0.889,2.286,0,103.92,113.58,5,5,3.175,3.175,0,-9.66,0,5.4356,27.45659811,131.3765981,168.6234019,6.617455493,0,0.562078006,55.19169917,108.92,0,2.286,1.8034,2.794,0,9.023802945,7.118777879,11.02909249,3.175,12.53305965,131.3765981,233.3823613,143.5152568,9.023802945,11.02909249,102.0057632,4
B00261,B00261_R1,243,Purple_3,Green_3,2,5,2.54,1.9812,103.92,1.9812,2.032,113.58,5,5,-9.66,1.0668,2.54,2.286,0.2032,2.032,1.4224,3.556,3,3,3,300,0,2,5,2.85115,2.2606,1.84785,0,103.92,113.58,5,5,2.032,1.4224,0,-9.66,-0.6096,5.588,28.05818498,131.978185,168.021815,6.01586863,0,0.560072717,53.68647101,108.92,0,1.84785,0,1.6002,0,7.294240714,0,6.316662061,2.032,8.021158173,131.978185,230.7754849,135.995421,7.294240714,6.316662061,98.79729996,3
B00261,B00261_R1,261,Green_3,Orange_2,3,5,2.54,1.9812,103.92,1.9812,2.032,113.58,5,5,-9.66,2.286,0.2032,1.9812,2.54,2.032,2.6416,2.6416,3,3,3,300,0,3,5,2.73685,1.7272,2.85115,1.4224,103.92,113.58,5,5,2.032,2.6416,0,-9.66,0.6096,4.6736,24.4486638,128.3686638,171.6313362,9.625389808,0,0.572104454,64.19034577,108.92,1.4224,2.85115,0,1.8288,5.614810721,11.25468756,0,7.219042356,2.032,8.021158173,128.3686638,230.7754849,155.4467296,11.25468756,7.219042356,102.4068211,2
B00261,B00261_R1,252,Yellow_5,Yellow_3,4,5,2.54,1.9812,103.92,1.9812,2.032,113.58,5,5,-9.66,1.0668,0.7112,1.0668,0.2032,3.2512,3.2512,0.508,3,3,3,300,0,4,5,1.97485,1.4224,1.97485,1.4224,103.92,113.58,5,5,3.2512,3.2512,0,-9.66,0,3.7592,20.83914262,124.7591426,175.2408574,13.23491099,0,0.584136191,79.80421366,108.92,1.4224,1.97485,1.7272,2.794,5.614810721,7.7955631,6.817984447,11.02909249,3.2512,12.83385308,124.7591426,232.7807745,145.2197529,7.7955631,11.02909249,108.0216319,1
B00261,B00261_R1,256,Gate_1,Orange_6,5,5,2.54,1.9812,103.92,1.9812,2.032,113.58,5,5,-9.66,0.2032,0.762,2.54,1.9812,3.556,3.556,3.556,1,3,3,300,0,5,5,1.89865,0.889,2.62255,2.032,103.92,113.58,5,5,3.556,3.556,0,-9.66,0,7.112,34.07405361,137.9940536,162.0059464,0,0,0.540019821,42.18222722,108.92,2.032,2.62255,1.4224,2.5654,8.021158173,10.35230727,5.614810721,10.12671219,3.556,14.0370268,137.9940536,230.374427,142.2118186,10.35230727,10.12671219,92.38037343,0
B00262,B00262_R2,262,Green_1,Gate_4,1,5,2.54,1.9812,110.99,1.9812,2.032,99.99,5,5,11,1.6764,0.2032,0.2032,1.9812,2.6416,3.2512,3.2512,2,3,3,300,1,1,5,2.3749,1.4224,1.8415,1.1176,99.99,110.99,5,5,3.2512,2.6416,0,-11,-0.6096,6.5024,31.66770615,131.6577062,168.3422938,0,0,0.561140979,46.13681102,104.99,1.1176,1.8415,2.8702,3.07975,4.411636995,7.269174594,11.32988592,12.15706786,3.2512,12.83385308,131.6577062,236.0698168,134.9927762,7.269174594,12.15706786,104.4121107,4
B00262,B00262_R2,260,Gate_2,Purple_3,2,5,2.54,1.9812,110.99,1.9812,2.032,99.99,5,5,11,0.2032,1.143,1.0668,2.54,3.175,3.175,2.2606,1,3,3,300,1,2,5,1.77165,0,2.31775,0.8128,99.99,110.99,5,5,3.175,3.175,0,-11,0,5.4356,27.45659811,127.4465981,172.5534019,4.211108041,0,0.575178006,55.19169917,104.99,0.8128,2.31775,0.9652,2.16535,3.208463269,9.149133541,3.810050132,8.547546678,3.175,12.53305965,127.4465981,228.8507745,146.72372,9.149133541,8.547546678,101.4041764,3
B00262,B00262_R2,249,Purple_4,Orange_5,3,5,2.54,1.9812,110.99,1.9812,2.032,99.99,5,5,11,0.762,2.032,1.9812,2.032,2.3368,1.7272,1.7272,3,3,3,300,1,3,5,2.6797,1.9558,2.9845,2.3368,99.99,110.99,5,5,1.7272,2.3368,0,-11,0.6096,3.4544,19.63596889,119.6259689,180.3740311,12.03173726,0,0.60124677,86.84576193,104.99,2.3368,2.9845,0.8128,1.28905,9.224331899,11.78107607,3.208463269,5.088422216,1.7272,6.817984447,119.6259689,233.9642628,165.0721194,11.78107607,5.088422216,114.3382939,2
B00262,B00262_R2,245,Green_6,Gate_3,4,5,2.54,1.9812,110.99,1.9812,2.032,99.99,5,5,11,2.54,0.762,0.2032,1.6002,1.7272,2.3368,3.175,2,3,3,300,1,4,5,2.6035,1.4224,1.5748,0.9652,99.99,110.99,5,5,2.3368,1.7272,0,-11,-0.6096,5.5118,27.75739154,127.7473915,172.2526085,3.910314609,0,0.574175362,54.42868029,104.99,0.9652,1.5748,2.3368,2.8702,3.810050132,6.216397584,9.224331899,11.32988592,2.3368,9.224331899,127.7473915,237.573784,134.6919828,6.216397584,11.32988592,109.8263925,1
B00262,B00262_R2,258,Gate_2,Orange_5,5,5,2.54,1.9812,110.99,1.9812,2.032,99.99,5,5,11,0.2032,1.143,1.9812,2.032,3.175,3.175,3.175,1,3,3,300,1,5,5,1.77165,0,2.62255,1.7272,99.99,110.99,5,5,3.175,3.175,0,-11,0,6.35,31.06611929,131.0561193,168.9438807,0.601586863,0,0.563146269,47.24409449,104.99,1.7272,2.62255,0.9652,1.93675,6.817984447,10.35230727,3.810050132,7.645166384,3.175,12.53305965,131.0561193,228.8507745,147.9268938,10.35230727,7.645166384,97.79465519,0
B00263,B00263_R1,243,Purple_3,Green_3,1,5,2.54,1.9812,97.04,1.9812,2.032,117.03,5,5,-19.99,1.0668,2.54,2.286,0.2032,2.032,1.4224,3.556,3,3,3,300,0,1,5,3.0988,2.6416,1.2954,0,97.04,117.03,5,5,2.032,1.4224,0,-19.99,-0.6096,5.588,28.05818498,125.098185,174.901815,6.01586863,0,0.58300605,53.68647101,102.04,0,1.2954,1.4224,2.413,0,5.113488335,5.614810721,9.525125331,2.032,8.021158173,125.098185,224.0960139,121.8581297,5.113488335,9.525125331,98.99782892,4
B00263,B00263_R1,263,Green_6,Yellow_2,2,5,2.54,1.9812,97.04,1.9812,2.032,117.03,5,5,-19.99,2.54,0.762,0.762,0.2032,1.7272,2.3368,2.3368,3,3,3,300,0,2,5,2.2606,0.8128,1.8034,0.8128,97.04,117.03,5,5,1.7272,2.3368,0,-19.99,0.6096,4.064,22.04231635,119.0823163,180.9176837,12.03173726,0,0.603058946,73.81889764,102.04,0.8128,1.8034,0.8128,1.7272,3.208463269,7.118777879,3.208463269,6.817984447,1.7272,6.817984447,119.0823163,222.8928402,135.8951565,7.118777879,6.817984447,103.8105238,3
B00263,B00263_R1,252,Yellow_5,Yellow_3,3,5,2.54,1.9812,97.04,1.9812,2.032,117.03,5,5,-19.99,1.0668,0.7112,1.0668,0.2032,3.2512,3.2512,0.508,3,3,3,300,0,3,5,2.032,1.4224,2.032,1.4224,97.04,117.03,5,5,3.2512,3.2512,0,-19.99,0,3.7592,20.83914262,117.8791426,182.1208574,13.23491099,0,0.607069525,79.80421366,102.04,1.4224,2.032,0.8128,2.2606,5.614810721,8.021158173,3.208463269,8.923538468,3.2512,12.83385308,117.8791426,216.8769715,140.7078514,8.021158173,8.923538468,98.99782892,2
B00263,B00263_R1,256,Gate_1,Orange_6,4,5,2.54,1.9812,97.04,1.9812,2.032,117.03,5,5,-19.99,0.2032,0.762,2.54,1.9812,3.556,3.556,3.556,1,3,3,300,0,4,5,2.413,1.4224,2.2606,1.7272,97.04,117.03,5,5,3.556,3.556,0,-19.99,0,7.112,34.07405361,131.1140536,168.8859464,0,0,0.562953155,42.18222722,102.04,1.7272,2.2606,1.1176,2.1844,6.817984447,8.923538468,4.411636995,8.622745036,3.556,14.0370268,131.1140536,216.8769715,131.0824616,8.923538468,8.622745036,85.76291793,1
B00263,B00263_R1,261,Green_3,Orange_2,5,5,2.54,1.9812,97.04,1.9812,2.032,117.03,5,5,-19.99,2.286,0.2032,1.9812,2.54,2.032,2.6416,2.6416,3,3,3,300,0,5,5,2.1844,0.8128,2.6416,1.4224,97.04,117.03,5,5,2.032,2.6416,0,-19.99,0.6096,4.6736,24.4486638,121.4886638,178.5113362,9.625389808,0,0.595037787,64.19034577,102.04,1.4224,2.6416,0,1.4478,5.614810721,10.42750563,0,5.715075198,2.032,8.021158173,121.4886638,218.4812032,146.72372,10.42750563,5.715075198,96.99253938,0
B00264,B00264_R1,261,Green_3,Orange_2,1,5,1.9812,2.54,102.18,1.9812,2.032,102.44,5,5,-0.25,2.286,0.2032,1.9812,2.54,2.6416,2.6416,2.6416,3,3,3,300,0,1,5,1.4986,0.8128,2.8702,2.3368,102.18,102.44,5,5,2.6416,2.6416,0,-0.26,0,5.2832,26.85501125,129.0350113,170.9649887,7.219042356,0,0.569883296,56.78376741,107.18,2.3368,2.8702,1.1938,1.74625,9.224331899,11.32988592,4.712430427,6.893182805,2.6416,10.42750563,129.0350113,221.4153847,143.4149923,11.32988592,6.893182805,92.38037343,4
B00264,B00264_R1,264,Green_6,Green_7,2,5,1.9812,2.54,102.18,1.9812,2.032,102.44,5,5,-0.25,2.54,0.762,2.54,1.143,2.3368,2.3368,0.889,3,3,3,300,0,2,5,1.4478,0,1.8034,0.889,102.18,102.44,5,5,2.3368,2.3368,0,-0.26,0,3.2258,18.7335886,120.9135886,179.0864114,15.34046501,0,0.596954705,93.000186,107.18,0.889,1.8034,1.7272,2.1082,3.509256701,7.118777879,6.817984447,8.321951605,2.3368,9.224331899,120.9135886,224.7241124,134.6919828,7.118777879,8.321951605,103.8105238,3
B00264,B00264_R1,263,Green_6,Yellow_2,3,5,1.9812,2.54,102.18,1.9812,2.032,102.44,5,5,-0.25,2.54,0.762,0.762,0.2032,2.3368,2.3368,2.3368,3,3,3,300,0,3,5,1.4478,0,1.5748,0.8128,102.18,102.44,5,5,2.3368,2.3368,0,-0.26,0,4.6736,24.4486638,126.6286638,173.3713362,9.625389808,0,0.577904454,64.19034577,107.18,0.8128,1.5748,0.889,1.74625,3.208463269,6.216397584,3.509256701,6.893182805,2.3368,9.224331899,126.6286638,221.4153847,125.3673864,6.216397584,6.893182805,94.78672088,2
B00264,B00264_R1,252,Yellow_5,Yellow_3,4,5,1.9812,2.54,102.18,1.9812,2.032,102.44,5,5,-0.25,1.0668,0.7112,1.0668,0.2032,3.2512,3.2512,0.508,3,3,3,300,0,4,5,1.8034,1.4224,1.8034,1.4224,102.18,102.44,5,5,3.2512,3.2512,0,-0.26,0,3.7592,20.83914262,123.0191426,176.9808574,13.23491099,0,0.589936191,79.80421366,107.18,1.4224,1.8034,0.8128,2.43205,5.614810721,7.118777879,3.208463269,9.600323688,3.2512,12.83385308,123.0191426,217.5050701,132.5864288,7.118777879,9.600323688,94.48592745,1
B00264,B00264_R1,256,Gate_1,Orange_6,5,5,1.9812,2.54,102.18,1.9812,2.032,102.44,5,5,-0.25,0.2032,0.762,2.54,1.9812,3.556,3.556,3.556,1,3,3,300,0,5,5,2.4892,1.4224,2.1844,1.7272,102.18,102.44,5,5,3.556,3.556,0,-0.26,0,7.112,34.07405361,136.2540536,163.7459464,0,0,0.545819821,42.18222722,107.18,1.7272,2.1844,1.1176,2.20345,6.817984447,8.622745036,4.411636995,8.697943394,3.556,14.0370268,136.2540536,217.5050701,125.3673864,8.622745036,8.697943394,81.25101646,0
B00265,B00265_R2,258,Gate_2,Orange_5,1,4,2.54,1.9812,109.88,1.9812,2.032,86.84,6,4,23.03,0.2032,1.143,1.9812,2.032,3.175,3.175,3.175,1,3,3,300,1,1,4,1.557866667,0,2.413,1.7272,86.84,109.88,4,6,3.175,3.175,-2,-23.04,0,6.35,31.06611929,117.9061193,182.0938807,0,0,0.606979602,47.24409449,90.84,1.7272,2.413,0.9652,2.1336,6.817984447,9.525125331,3.810050132,8.422216082,3.175,12.53305965,117.9061193,184.0330683,103.4253345,9.525125331,8.422216082,66.12694904,3
B00265,B00265_R2,245,Green_6,Gate_3,2,4,2.54,1.9812,109.88,1.9812,2.032,86.84,6,4,23.03,2.54,0.762,0.2032,1.6002,1.7272,2.3368,3.175,2,3,3,300,1,2,4,2.9972,2.7178,1.143,0.9652,86.84,109.88,4,6,2.3368,1.7272,-2,-23.04,-0.6096,5.5118,27.75739154,114.5973915,185.4026085,3.308727746,0,0.618008695,54.42868029,90.84,0.9652,1.143,2.3368,2.6416,3.810050132,4.511901472,9.224331899,10.42750563,2.3368,9.224331899,114.5973915,192.7560778,91.69439072,4.511901472,10.42750563,78.1586863,2
B00265,B00265_R2,265,Gate_2,Purple_5,3,4,2.54,1.9812,109.88,1.9812,2.032,86.84,6,4,23.03,0.2032,1.143,1.0668,2.032,3.175,3.175,2.2606,1,3,3,300,1,3,4,1.557866667,0,2.1082,0.8128,86.84,109.88,4,6,3.175,3.175,-2,-23.04,0,5.4356,27.45659811,114.2965981,185.7034019,3.609521178,0,0.61901134,55.19169917,90.84,0.8128,2.1082,0.9652,2.4384,3.208463269,8.321951605,3.810050132,9.625389808,3.175,12.53305965,114.2965981,184.0330683,103.4253345,8.321951605,9.625389808,69.73647022,1
B00265,B00265_R2,249,Purple_4,Orange_5,4,4,2.54,1.9812,109.88,1.9812,2.032,86.84,6,4,23.03,0.762,2.032,1.9812,2.032,2.3368,1.7272,1.7272,3,3,3,300,1,4,4,2.4892,1.9558,2.8956,2.3368,86.84,109.88,4,6,1.7272,2.3368,-2,-23.04,0.6096,3.4544,19.63596889,106.4759689,193.5240311,11.4301504,0,0.645080104,86.84576193,90.84,2.3368,2.8956,0.8128,1.3462,9.224331899,11.4301504,3.208463269,5.31401729,1.7272,6.817984447,106.4759689,189.1465567,120.5705601,11.4301504,5.31401729,82.67058777,0
B00266,B00266_R1,264,Green_6,Green_7,1,5,2.54,1.9812,93.16,1.9812,2.032,102.38,5,5,-9.22,2.54,0.762,2.54,1.143,1.7272,2.3368,0.889,3,3,3,300,0,1,5,1.9812,0,2.1844,0.889,93.16,102.38,5,5,1.7272,2.3368,0,-9.22,0.6096,2.6162,16.32724115,109.4872411,190.5127589,17.74681246,0,0.63504253,114.6701323,98.16,0.889,2.1844,1.1176,1.8034,3.509256701,8.622745036,4.411636995,7.118777879,1.7272,6.817984447,109.4872411,213.297765,140.7078514,8.622745036,7.118777879,103.8105238,4
B00266,B00266_R1,263,Green_6,Yellow_2,2,5,2.54,1.9812,93.16,1.9812,2.032,102.38,5,5,-9.22,2.54,0.762,0.762,0.2032,1.7272,2.3368,2.3368,3,3,3,300,0,2,5,1.9812,0,1.3462,0.8128,93.16,102.38,5,5,1.7272,2.3368,0,-9.22,0.6096,4.064,22.04231635,115.2023163,184.7976837,12.03173726,0,0.615992279,73.81889764,98.16,0.8128,1.3462,0.889,1.44145,3.208463269,5.31401729,3.509256701,5.690009079,1.7272,6.817984447,115.2023163,212.3953847,121.7578652,5.31401729,5.690009079,97.19306833,3
B00266,B00266_R1,266,Gate_1,Green_5,3,5,2.54,1.9812,93.16,1.9812,2.032,102.38,5,5,-9.22,0.2032,0.762,1.9812,0.7112,3.556,3.556,2.3368,1,3,3,300,0,3,5,1.8288,0,1.4986,1.1176,93.16,102.38,5,5,3.556,3.556,0,-9.22,0,5.8928,29.2613587,122.4213587,177.5786413,4.812694904,0,0.591928804,50.90958458,98.16,1.1176,1.4986,1.1176,2.20345,4.411636995,5.915604153,4.411636995,8.697943394,3.556,14.0370268,122.4213587,206.0787226,116.9451703,5.915604153,8.697943394,83.65736391,2
B00266,B00266_R1,252,Yellow_5,Yellow_3,4,5,2.54,1.9812,93.16,1.9812,2.032,102.38,5,5,-9.22,1.0668,0.7112,1.0668,0.2032,3.2512,3.2512,0.508,3,3,3,300,0,4,5,1.7272,1.4224,1.7272,1.4224,93.16,102.38,5,5,3.2512,3.2512,0,-9.22,0,3.7592,20.83914262,113.9991426,186.0008574,13.23491099,0,0.620002858,79.80421366,98.16,1.4224,1.7272,0.8128,1.97485,5.614810721,6.817984447,3.208463269,7.7955631,3.2512,12.83385308,113.9991426,206.0787226,128.9769076,6.817984447,7.7955631,92.07957999,1
B00266,B00266_R1,256,Gate_1,Orange_6,5,5,2.54,1.9812,93.16,1.9812,2.032,102.38,5,5,-9.22,0.2032,0.762,2.54,1.9812,3.556,3.556,3.556,1,3,3,300,0,5,5,1.8288,0,2.5654,1.7272,93.16,102.38,5,5,3.556,3.556,0,-9.22,0,7.112,34.07405361,127.2340536,172.7659464,0,0,0.575886488,42.18222722,98.16,1.7272,2.5654,1.1176,1.89865,6.817984447,10.12671219,4.411636995,7.494769668,3.556,14.0370268,127.2340536,206.0787226,128.9769076,10.12671219,7.494769668,78.84466901,0
B00267,B00267_R2,267,Orange_4,Gate_4,1,4,2.54,1.9812,111.88,1.9812,2.032,90.69,6,4,21.19,1.6764,2.032,0.2032,1.9812,1.4224,0.8128,2.032,2,3,3,300,1,1,4,2.3114,1.4224,2.0066,1.1176,90.69,111.88,4,6,0.8128,1.4224,-2,-21.19,0.6096,2.8448,17.22962144,107.9196214,192.0803786,10.5277701,0,0.640267929,105.4555681,94.69,1.1176,2.0066,0.8128,1.4478,4.411636995,7.920893696,3.208463269,5.715075198,0.8128,3.208463269,107.9196214,182.76958,98.61263964,7.920893696,5.715075198,74.84995855,3
B00267,B00267_R2,249,Purple_4,Orange_5,2,4,2.54,1.9812,111.88,1.9812,2.032,90.69,6,4,21.19,0.762,2.032,1.9812,2.032,2.3368,1.7272,1.7272,3,3,3,300,1,2,4,2.3114,1.4224,2.1082,0.8128,90.69,111.88,4,6,1.7272,2.3368,-2,-21.19,0.6096,3.4544,19.63596889,110.3259689,189.6740311,8.12142265,0,0.63224677,86.84576193,94.69,0.8128,2.1082,0.8128,1.143,3.208463269,8.321951605,3.208463269,4.511901472,1.7272,6.817984447,110.3259689,179.1600588,97.40946591,8.321951605,4.511901472,68.83408992,2
B00267,B00267_R2,245,Green_6,Gate_3,3,4,2.54,1.9812,111.88,1.9812,2.032,90.69,6,4,21.19,2.54,0.762,0.2032,1.6002,1.7272,2.3368,3.175,2,3,3,300,1,3,4,2.9718,2.6416,1.6256,0.9652,90.69,111.88,4,6,2.3368,1.7272,-2,-21.19,-0.6096,5.5118,27.75739154,118.4473915,181.5526085,0,0,0.605175362,54.42868029,94.69,0.9652,1.6256,2.3368,3.048,3.810050132,6.416926539,9.224331899,12.03173726,2.3368,9.224331899,118.4473915,182.76958,83.57296807,6.416926539,12.03173726,64.32218845,1
B00267,B00267_R2,265,Gate_2,Purple_5,4,4,2.54,1.9812,111.88,1.9812,2.032,90.69,6,4,21.19,0.2032,1.143,1.0668,2.032,3.175,3.175,2.2606,1,3,3,300,1,4,4,2.5146,1.9558,1.7272,0.8128,90.69,111.88,4,6,3.175,3.175,-2,-21.19,0,5.4356,27.45659811,118.1465981,181.8534019,0.300793431,0,0.606178006,55.19169917,94.69,0.8128,1.7272,0.9652,1.8288,3.208463269,6.817984447,3.810050132,7.219042356,3.175,12.53305965,118.1465981,174.0465705,85.07693522,6.817984447,7.219042356,55.89997237,0
B00268,B00268_R2,268,Orange_7,Orange_6,1,5,2.54,1.9812,98.78,1.0668,2.032,97.44,5,5,1.33,2.54,1.6002,2.54,1.9812,0.889,2.413,0.889,3,3,3,300,1,1,5,2.16535,1.3462,2.16535,1.4224,97.44,98.78,5,5,2.413,0.889,0,-1.34,-1.524,3.302,19.03438203,116.474382,183.525618,12.33253069,0,0.61175206,90.85402786,102.44,1.4224,2.16535,1.4986,2.24155,5.614810721,8.547546678,5.915604153,8.84834011,2.413,9.525125331,116.474382,202.5380934,123.8634193,8.547546678,8.84834011,86.06371136,4
B00268,B00268_R2,245,Green_6,Gate_3,2,5,2.54,1.9812,98.78,1.0668,2.032,97.44,5,5,1.33,2.54,0.762,0.2032,1.6002,1.7272,3.2512,3.175,2,3,3,300,1,2,5,2.5654,1.3462,1.8034,0.9652,97.44,98.78,5,5,3.2512,1.7272,0,-1.34,-1.524,6.4262,31.36691272,128.8069127,171.1930873,0,0,0.570643624,46.68388783,102.44,0.9652,1.8034,1.7272,2.7178,3.810050132,7.118777879,6.817984447,10.72829906,3.2512,12.83385308,128.8069127,200.1317459,105.8158134,7.118777879,10.72829906,71.32483322,3
B00268,B00268_R2,265,Gate_2,Purple_5,3,5,2.54,1.9812,98.78,1.0668,2.032,97.44,5,5,1.33,0.2032,1.143,1.0668,2.032,3.175,2.2606,2.2606,1,3,3,300,1,3,5,2.58445,1.9558,1.89865,0.8128,97.44,98.78,5,5,2.2606,3.175,0,-1.34,0.9144,4.5212,23.84707694,121.2870769,178.7129231,7.519835787,0,0.595709744,66.35406529,102.44,0.8128,1.89865,0.9652,2.16535,3.208463269,7.494769668,3.810050132,8.547546678,2.2606,8.923538468,121.2870769,201.0341262,114.8396163,7.494769668,8.547546678,79.7470493,2
B00268,B00268_R2,249,Purple_4,Orange_5,4,5,2.54,1.9812,98.78,1.0668,2.032,97.44,5,5,1.33,0.762,2.032,1.9812,2.032,2.3368,0.8128,1.7272,3,3,3,300,1,4,5,2.413,1.4224,1.9558,0.8128,97.44,98.78,5,5,0.8128,2.3368,0,-1.34,1.524,2.54,16.02644772,113.4664477,186.5335523,15.34046501,0,0.621778508,118.1102362,102.44,0.8128,1.9558,0.8128,1.44145,3.208463269,7.720364742,3.208463269,5.690009079,0.8128,3.208463269,113.4664477,206.1476146,123.5626258,7.720364742,5.690009079,92.68116686,1
B00268,B00268_R2,267,Orange_4,Gate_4,5,5,2.54,1.9812,98.78,1.0668,2.032,97.44,5,5,1.33,1.6764,2.032,0.2032,1.9812,1.4224,1.1176,2.032,2,3,3,300,1,5,5,2.1844,1.4224,2.1844,1.1176,97.44,98.78,5,5,1.1176,1.4224,0,-1.34,0.3048,3.1496,18.43279517,115.8727952,184.1272048,12.93411755,0,0.613757349,95.2501905,102.44,1.1176,2.1844,0.8128,1.44145,4.411636995,8.622745036,3.208463269,5.690009079,1.1176,4.411636995,115.8727952,204.9444408,124.7657995,8.622745036,5.690009079,89.07164568,0
B00269,B00269_R2,245,Green_6,Gate_3,1,5,2.54,1.9812,86.79,0.2032,1.9812,93.97,5,5,-7.17,2.54,0.762,0.2032,1.6002,1.7272,3.556,3.175,2,3,3,300,1,1,5,2.96545,2.6416,1.55575,0.9652,93.97,86.79,5,5,3.556,1.7272,0,7.18,-1.8288,6.731,32.57008645,126.5400864,173.4599136,0,0,0.578199712,44.56990046,98.97,0.9652,1.55575,2.032,2.794,3.810050132,6.141199226,8.021158173,11.02909249,3.556,14.0370268,126.5400864,208.0918963,112.1324754,6.141199226,11.02909249,81.55180989,4
B00269,B00269_R2,265,Gate_2,Purple_5,2,5,2.54,1.9812,86.79,0.2032,1.9812,93.97,5,5,-7.17,0.2032,1.143,1.0668,2.032,3.175,1.3462,2.2606,1,3,3,300,1,2,5,2.1082,0.889,1.9558,0.8128,93.97,86.79,5,5,1.3462,3.175,0,7.18,1.8288,3.6068,20.23755576,114.2075558,185.7924442,12.33253069,0,0.619308147,83.17622269,98.97,0.8128,1.9558,0.9652,2.24155,3.208463269,7.720364742,3.810050132,8.84834011,1.3462,5.31401729,114.2075558,212.6037978,130.7816682,7.720364742,8.84834011,98.39624206,3
B00269,B00269_R2,249,Purple_4,Orange_5,3,5,2.54,1.9812,86.79,0.2032,1.9812,93.97,5,5,-7.17,0.762,2.032,1.9812,2.032,2.3368,1.1176,1.7272,3,3,3,300,1,3,5,2.31775,1.4224,2.47015,0.8128,93.97,86.79,5,5,1.1176,2.3368,0,7.18,1.2192,2.8448,17.22962144,111.1996214,188.8003786,15.34046501,0,0.629334595,105.4555681,98.97,0.8128,2.47015,0.8128,1.36525,3.208463269,9.750720404,3.208463269,5.389215648,1.1176,4.411636995,111.1996214,212.9045912,141.9110251,9.750720404,5.389215648,101.7049698,2
B00269,B00269_R2,267,Orange_4,Gate_4,4,5,2.54,1.9812,86.79,0.2032,1.9812,93.97,5,5,-7.17,1.6764,2.032,0.2032,1.9812,1.4224,2.032,2.032,2,3,3,300,1,4,5,2.54635,1.4224,1.93675,1.1176,93.97,86.79,5,5,2.032,1.4224,0,7.18,-0.6096,4.064,22.04231635,116.0123163,183.9876837,10.5277701,0,0.613292279,73.81889764,98.97,1.1176,1.93675,0.8128,1.36525,4.411636995,7.645166384,3.208463269,5.389215648,2.032,8.021158173,116.0123163,209.2950701,128.6761142,7.645166384,5.389215648,93.28275372,1
B00269,B00269_R2,269,Gate_1,Orange_3,5,5,2.54,1.9812,86.79,0.2032,1.9812,93.97,5,5,-7.17,0.2032,0.762,2.286,2.54,3.556,1.7272,3.8608,1,3,3,300,1,5,5,2.35585,0.889,2.16535,1.1176,93.97,86.79,5,5,1.7272,3.556,0,7.18,1.8288,5.588,28.05818498,122.028185,177.971815,4.511901472,0,0.593239383,53.68647101,98.97,1.1176,2.16535,1.3462,2.31775,4.411636995,8.547546678,5.31401729,9.149133541,1.7272,6.817984447,122.028185,212.6037978,126.2697667,8.547546678,9.149133541,90.57561284,0
B00270,B00270_R1,270,Gate_2,Yellow_5,1,4,2.54,1.9812,80.2,2.286,2.54,113.19,4,6,-32.99,0.2032,1.143,1.0668,0.7112,3.175,3.4798,1.8034,1,3,3,300,0,1,4,1.1938,0.889,0.948266667,0,80.2,113.19,4,6,3.175,3.4798,-2,-32.99,0.3048,4.9784,25.65183752,105.8518375,194.1481625,8.422216082,0,0.647160542,60.2603246,84.2,0,0.948266667,1.8034,2.5654,0,3.743207147,7.118777879,10.12671219,3.175,12.53305965,105.8518375,184.6121107,95.40417637,3.743207147,10.12671219,78.76027316,3
B00270,B00270_R1,256,Gate_1,Orange_6,2,4,2.54,1.9812,80.2,2.286,2.54,113.19,4,6,-32.99,0.2032,0.762,2.54,1.9812,3.556,3.8608,3.556,1,3,3,300,0,2,4,0.770466667,0,3.3274,3.175,80.2,113.19,4,6,3.556,3.8608,-2,-32.99,0.3048,7.112,34.07405361,114.2740536,185.7259464,0,0,0.619086488,42.18222722,84.2,3.175,3.3274,1.4224,1.7272,12.53305965,13.13464651,5.614810721,6.817984447,3.556,14.0370268,114.2740536,181.6041764,115.1562784,13.13464651,6.817984447,67.33012276,2
B00270,B00270_R1,252,Yellow_5,Yellow_3,3,4,2.54,1.9812,80.2,2.286,2.54,113.19,4,6,-32.99,1.0668,0.7112,1.0668,0.2032,3.2512,3.556,0.508,3,3,3,300,0,3,4,1.5494,1.4224,1.5494,1.4224,80.2,113.19,4,6,3.2512,3.556,-2,-32.99,0.3048,3.7592,20.83914262,101.0391426,198.9608574,13.23491099,0,0.663202858,79.80421366,84.2,1.4224,1.5494,0,1.557866667,5.614810721,6.116133107,0,6.149554599,3.2512,12.83385308,101.0391426,177.1925394,107.3356492,6.116133107,6.149554599,76.15339676,1
B00270,B00270_R1,266,Gate_1,Green_5,4,4,2.54,1.9812,80.2,2.286,2.54,113.19,4,6,-32.99,0.2032,0.762,1.9812,0.7112,3.556,3.8608,2.3368,1,3,3,300,0,4,4,0.770466667,0,2.159,1.4224,80.2,113.19,4,6,3.556,3.8608,-2,-32.99,0.3048,5.8928,29.2613587,109.4613587,190.5386413,4.812694904,0,0.635128804,50.90958458,84.2,1.4224,2.159,1.4224,2.1336,5.614810721,8.522480559,5.614810721,8.422216082,3.556,14.0370268,109.4613587,181.6041764,106.1324754,8.522480559,8.422216082,72.14281767,0
B00271,B00271_R1,256,Gate_1,Orange_6,1,5,1.9812,0.7112,101.07,2.286,2.54,106.6,5,5,-5.53,0.2032,0.762,2.54,1.9812,2.3368,3.8608,3.556,1,3,3,300,0,1,5,1.39065,0,2.85115,1.4224,101.07,106.6,5,5,2.3368,3.8608,0,-5.53,1.524,5.8928,29.2613587,130.3313587,169.6686413,0,0,0.565562138,50.90958458,106.07,1.4224,2.85115,1.3462,1.63195,5.614810721,11.25468756,5.31401729,6.441992658,2.3368,9.224331899,130.3313587,216.6958635,135.2935697,11.25468756,6.441992658,86.3645048,4
B00271,B00271_R1,271,Orange_1,Gate_3,2,5,1.9812,0.7112,101.07,2.286,2.54,106.6,5,5,-5.53,1.6764,2.54,0.2032,1.6002,3.2512,1.1176,2.413,2,3,3,300,0,2,5,3.07975,2.8702,1.47955,0.9652,101.07,106.6,5,5,3.2512,1.1176,0,-5.53,-2.1336,5.6642,28.35897841,129.4289784,170.5710216,0.902380294,0,0.568570072,52.96423149,106.07,0.9652,1.47955,1.4224,2.6416,3.810050132,5.840405795,5.614810721,10.42750563,3.2512,12.83385308,129.4289784,213.3871358,114.5388229,5.840405795,10.42750563,83.95815734,3
B00271,B00271_R1,270,Gate_2,Yellow_5,3,5,1.9812,0.7112,101.07,2.286,2.54,106.6,5,5,-5.53,0.2032,1.143,1.0668,0.7112,2.7178,3.4798,1.8034,1,3,3,300,0,3,5,1.6129,0.889,1.4478,0,101.07,106.6,5,5,2.7178,3.4798,0,-5.53,0.762,4.5212,23.84707694,124.9170769,175.0829231,5.414281767,0,0.583609744,66.35406529,106.07,0,1.4478,0.9652,2.16535,0,5.715075198,3.810050132,8.547546678,2.7178,10.72829906,124.9170769,213.6879292,118.549402,5.715075198,8.547546678,88.77085225,2
B00271,B00271_R1,252,Yellow_5,Yellow_3,4,5,1.9812,0.7112,101.07,2.286,2.54,106.6,5,5,-5.53,1.0668,0.7112,1.0668,0.2032,1.4224,3.556,0.508,3,3,3,300,0,4,5,1.89865,1.4224,1.89865,1.4224,101.07,106.6,5,5,1.4224,3.556,0,-5.53,2.1336,1.9304,13.62010026,114.6901003,185.3098997,15.64125844,0,0.617699666,155.4082056,106.07,1.4224,1.89865,0,1.73355,5.614810721,7.494769668,0,6.843050566,1.4224,5.614810721,114.6901003,214.9913674,135.8951565,7.494769668,6.843050566,100.3012671,1
B00271,B00271_R1,266,Gate_1,Green_5,5,5,1.9812,0.7112,101.07,2.286,2.54,106.6,5,5,-5.53,0.2032,0.762,1.9812,0.7112,2.3368,3.8608,2.3368,1,3,3,300,0,5,5,1.39065,0,2.43205,1.4224,101.07,106.6,5,5,2.3368,3.8608,0,-5.53,1.524,4.6736,24.4486638,125.5186638,174.4813362,4.812694904,0,0.581604454,64.19034577,106.07,1.4224,2.43205,1.3462,1.93675,5.614810721,9.600323688,5.31401729,7.645166384,2.3368,9.224331899,125.5186638,216.6958635,133.4888091,9.600323688,7.645166384,91.1771997,0
B00272,B00272_R1,272,Gate_2,Orange_4,1,5,1.9812,0.7112,94.16,2.286,2.54,96.86,5,5,-2.7,0.2032,1.143,1.6764,2.032,2.7178,3.4798,2.8702,1,3,3,300,0,1,5,1.39065,0,2.39395,0.508,94.16,96.86,5,5,2.7178,3.4798,0,-2.7,0.762,5.588,28.05818498,122.218185,177.781815,0.300793431,0,0.59260605,53.68647101,99.16,0.508,2.39395,0.9652,1.82245,2.005289543,9.449926973,3.810050132,7.193976237,2.7178,10.72829906,122.218185,205.5747555,128.0745273,9.449926973,7.193976237,83.35657048,4
B00272,B00272_R1,271,Orange_1,Gate_3,2,5,1.9812,0.7112,94.16,2.286,2.54,96.86,5,5,-2.7,1.6764,2.54,0.2032,1.6002,3.2512,1.1176,2.413,2,3,3,300,0,2,5,2.9845,2.8702,1.3843,0.9652,94.16,96.86,5,5,3.2512,1.1176,0,-2.7,-2.1336,5.6642,28.35897841,122.5189784,177.4810216,0,0,0.591603405,52.96423149,99.16,0.9652,1.3843,0.508,2.413,3.810050132,5.464414005,2.005289543,9.525125331,3.2512,12.83385308,122.5189784,201.6644408,111.831682,5.464414005,9.525125331,79.14546244,3
B00272,B00272_R1,270,Gate_2,Yellow_5,3,5,1.9812,0.7112,94.16,2.286,2.54,96.86,5,5,-2.7,0.2032,1.143,1.0668,0.7112,2.7178,3.4798,1.8034,1,3,3,300,0,3,5,1.39065,0,1.54305,0,94.16,96.86,5,5,2.7178,3.4798,0,-2.7,0.762,4.5212,23.84707694,118.0070769,181.9929231,4.511901472,0,0.606643077,66.35406529,99.16,0,1.54305,0.9652,2.08915,0,6.091066988,3.810050132,8.246753247,2.7178,10.72829906,118.0070769,205.5747555,118.8501954,6.091066988,8.246753247,87.56767852,2
B00272,B00272_R1,252,Yellow_5,Yellow_3,4,5,1.9812,0.7112,94.16,2.286,2.54,96.86,5,5,-2.7,1.0668,0.7112,1.0668,0.2032,1.4224,3.556,0.508,3,3,3,300,0,4,5,1.9939,1.4224,1.9939,1.4224,94.16,96.86,5,5,1.4224,3.556,0,-2.7,2.1336,1.9304,13.62010026,107.7801003,192.2198997,14.73887814,0,0.640732999,155.4082056,99.16,1.4224,1.9939,0,1.65735,5.614810721,7.870761457,0,6.542257135,1.4224,5.614810721,107.7801003,206.8781937,136.1959499,7.870761457,6.542257135,99.0980934,1
B00272,B00272_R1,266,Gate_1,Green_5,5,5,1.9812,0.7112,94.16,2.286,2.54,96.86,5,5,-2.7,0.2032,0.762,1.9812,0.7112,2.3368,3.8608,2.3368,1,3,3,300,0,5,5,1.6129,0.889,2.5273,1.4224,94.16,96.86,5,5,2.3368,3.8608,0,-2.7,1.524,4.6736,24.4486638,118.6086638,181.3913362,3.910314609,0,0.604637787,64.19034577,99.16,1.4224,2.5273,1.3462,1.86055,5.614810721,9.976315478,5.31401729,7.344372952,2.3368,9.224331899,118.6086638,208.5826898,133.7896025,9.976315478,7.344372952,89.97402597,0
B00273,B00273_R2,249,Purple_4,Orange_5,1,4,1.9812,0.7112,113,2.286,2.54,81.49,6,4,31.52,0.762,2.032,1.9812,2.032,3.556,2.032,1.7272,3,3,3,300,1,1,4,2.4384,1.4224,2.4384,0.8128,81.49,113,4,6,2.032,3.556,-2,-31.51,1.524,3.7592,20.83914262,102.3291426,197.6708574,15.64125844,0,0.658902858,79.80421366,85.49,0.8128,2.4384,1.1176,1.5494,3.208463269,9.625389808,4.411636995,6.116133107,2.032,8.021158173,102.3291426,182.5933829,112.7499309,9.625389808,6.116133107,80.26424032,3
B00273,B00273_R2,273,Green_2,Gate_3,2,4,1.9812,0.7112,113,2.286,2.54,81.49,6,4,31.52,1.9812,0.2032,0.2032,1.6002,0.508,2.6416,3.175,2,3,3,300,1,2,4,3.048,2.3368,1.7526,1.3462,81.49,113,4,6,2.6416,0.508,-2,-31.51,-2.1336,5.8166,28.96056527,110.4505653,189.5494347,7.519835787,0,0.631831449,51.57652237,85.49,1.3462,1.7526,2.6416,3.048,5.31401729,6.918248924,10.42750563,12.03173726,2.6416,10.42750563,110.4505653,186.2029041,96.50708562,6.918248924,12.03173726,75.75233885,2
B00273,B00273_R2,269,Gate_1,Orange_3,3,4,1.9812,0.7112,113,2.286,2.54,81.49,6,4,31.52,0.2032,0.762,2.286,2.54,2.3368,3.8608,3.8608,1,3,3,300,1,3,4,2.6416,2.3368,1.9304,1.1176,81.49,113,4,6,3.8608,2.3368,-2,-31.51,-1.524,7.7216,36.48040106,117.9704011,182.0295989,0,0,0.60676533,38.85205139,85.49,1.1176,1.9304,1.3462,2.2098,4.411636995,7.620100264,5.31401729,8.723009513,3.8608,15.24020053,117.9704011,176.2767209,91.09280385,7.620100264,8.723009513,58.30631982,1
B00273,B00273_R2,267,Orange_4,Gate_4,4,4,1.9812,0.7112,113,2.286,2.54,81.49,6,4,31.52,1.6764,2.032,0.2032,1.9812,3.2512,1.1176,2.032,2,3,3,300,1,4,4,2.6416,1.4224,2.1336,1.1176,81.49,113,4,6,1.1176,3.2512,-2,-31.51,2.1336,3.1496,18.43279517,99.92279517,200.0772048,18.04760589,0,0.666924016,95.2501905,85.49,1.1176,2.1336,0.8128,1.4478,4.411636995,8.422216082,3.208463269,5.715075198,1.1176,4.411636995,99.92279517,184.9997304,111.5467572,8.422216082,5.715075198,85.07693522,0
B00274,B00274_R1,272,Gate_2,Orange_4,1,6,1.9812,0.7112,93.17,0.2032,1.9812,104.46,6,5,-11.29,0.2032,1.143,1.6764,2.032,2.7178,1.3462,2.8702,1,3,3,300,0,1,6,1.11252,0,2.4892,0.508,93.17,104.46,6,5,2.7178,1.3462,1,-11.29,-1.3716,5.588,28.05818498,121.228185,178.771815,0.300793431,0,0.59590605,53.68647101,99.17,0.508,2.4892,0.9652,1.91008,2.005289543,9.825918762,3.810050132,7.539888683,2.7178,10.72829906,121.228185,230.236593,165.0562507,9.825918762,7.539888683,109.008408,5
B00274,B00274_R1,271,Orange_1,Gate_3,2,6,1.9812,0.7112,93.17,0.2032,1.9812,104.46,6,5,-11.29,1.6764,2.54,0.2032,1.6002,3.2512,2.032,2.413,2,3,3,300,0,2,6,2.96164,2.8702,1.30048,0.9652,93.17,104.46,6,5,3.2512,2.032,1,-11.29,-1.2192,5.6642,28.35897841,121.5289784,178.4710216,0,0,0.594903405,52.96423149,99.17,0.9652,1.30048,0.508,2.15392,3.810050132,5.133541231,2.005289543,8.502427664,3.2512,12.83385308,121.5289784,226.3262784,141.2935697,5.133541231,8.502427664,104.7973,4
B00274,B00274_R1,274,Gate_2,Purple_5,3,6,1.9812,0.7112,93.17,0.2032,1.9812,104.46,6,5,-11.29,0.2032,1.143,1.0668,2.032,2.7178,1.3462,2.2606,1,3,3,300,0,3,6,1.11252,0,2.24536,1.1176,93.17,104.46,6,5,2.7178,1.3462,1,-11.29,-1.3716,4.9784,25.65183752,118.8218375,181.1781625,2.707140883,0,0.603927208,60.2603246,99.17,1.1176,2.24536,0.9652,2.032,4.411636995,8.863379781,3.810050132,8.021158173,2.7178,10.72829906,118.8218375,230.236593,162.6499033,8.863379781,8.021158173,111.4147555,3
B00274,B00274_R1,270,Gate_2,Yellow_5,4,6,1.9812,0.7112,93.17,0.2032,1.9812,104.46,6,5,-11.29,0.2032,1.143,1.0668,0.7112,2.7178,1.3462,1.8034,1,3,3,300,0,4,6,1.11252,0,1.59512,0,93.17,104.46,6,5,2.7178,1.3462,1,-11.29,-1.3716,4.5212,23.84707694,117.0170769,182.9829231,4.511901472,0,0.609943077,66.35406529,99.17,0,1.59512,0.9652,2.12344,0,6.296609166,3.810050132,8.382110291,2.7178,10.72829906,117.0170769,230.236593,151.6208108,6.296609166,8.382110291,113.219516,2
B00274,B00274_R1,252,Yellow_5,Yellow_3,5,6,1.9812,0.7112,93.17,0.2032,1.9812,104.46,6,5,-11.29,1.0668,0.7112,1.0668,0.2032,1.4224,2.6416,0.508,3,3,3,300,0,5,6,1.9558,1.4224,1.9558,1.4224,93.17,104.46,6,5,1.4224,2.6416,1,-11.29,1.2192,1.9304,13.62010026,106.7901003,193.2098997,14.73887814,0,0.644032999,155.4082056,99.17,1.4224,1.9558,0,1.91516,5.614810721,7.720364742,0,7.559941578,1.4224,5.614810721,106.7901003,231.5400312,168.9665653,7.720364742,7.559941578,124.7499309,1
B00274,B00274_R1,266,Gate_1,Green_5,6,6,1.9812,0.7112,93.17,0.2032,1.9812,104.46,6,5,-11.29,0.2032,0.762,1.9812,0.7112,2.3368,1.7272,2.3368,1,3,3,300,0,6,6,1.46812,0.889,2.5654,1.4224,93.17,104.46,6,5,2.3368,1.7272,1,-11.29,-0.6096,4.6736,24.4486638,117.6186638,182.3813362,3.910314609,0,0.607937787,64.19034577,99.17,1.4224,2.5654,1.3462,2.01676,5.614810721,10.12671219,5.31401729,7.960999487,2.3368,9.224331899,117.6186638,233.2445273,170.1697391,10.12671219,7.960999487,115.6258635,0
B00275,B00275_R2,267,Orange_4,Gate_4,1,4,1.9812,0.7112,109.09,0.2032,1.9812,92.78,6,4,16.32,1.6764,2.032,0.2032,1.9812,3.2512,2.032,2.032,2,3,3,300,1,1,4,3.2512,3.2512,2.3368,1.7272,92.78,109.09,4,6,2.032,3.2512,-2,-16.31,1.2192,4.064,22.04231635,114.8223163,185.1776837,10.5277701,0,0.617258946,73.81889764,96.78,1.7272,2.3368,0.8128,1.4478,6.817984447,9.224331899,3.208463269,5.715075198,2.032,8.021158173,114.8223163,197.4929041,115.1562784,9.224331899,5.715075198,82.67058777,3
B00275,B00275_R2,269,Gate_1,Orange_3,2,4,1.9812,0.7112,109.09,0.2032,1.9812,92.78,6,4,16.32,0.2032,0.762,2.286,2.54,2.3368,1.7272,3.8608,1,3,3,300,1,2,4,1.862666667,0,2.54,1.1176,92.78,109.09,4,6,1.7272,2.3368,-2,-16.31,0.6096,5.588,28.05818498,120.838185,179.161815,4.511901472,0,0.59720605,53.68647101,96.78,1.1176,2.54,1.3462,2.2098,4.411636995,10.02644772,5.31401729,8.723009513,1.7272,6.817984447,120.838185,200.8016319,111.5467572,10.02644772,8.723009513,79.96344689,2
B00275,B00275_R2,273,Green_2,Gate_3,3,4,1.9812,0.7112,109.09,0.2032,1.9812,92.78,6,4,16.32,1.9812,0.2032,0.2032,1.6002,0.508,3.556,3.175,2,3,3,300,1,3,4,2.6416,2.3368,1.7018,1.3462,92.78,109.09,4,6,3.556,0.508,-2,-16.31,-3.048,6.731,32.57008645,125.3500864,174.6499136,0,0,0.582166379,44.56990046,96.78,1.3462,1.7018,2.6416,3.048,5.31401729,6.71771997,10.42750563,12.03173726,3.556,14.0370268,125.3500864,198.6960778,97.10867248,6.71771997,12.03173726,73.34599139,1
B00275,B00275_R2,275,Gate_1,Orange_5,4,4,1.9812,0.7112,109.09,0.2032,1.9812,92.78,6,4,16.32,0.2032,0.762,1.9812,2.032,2.3368,1.7272,3.556,1,3,3,300,1,4,4,1.862666667,0,2.4384,0.8128,92.78,109.09,4,6,1.7272,2.3368,-2,-16.31,0.6096,5.2832,26.85501125,119.6350113,180.3649887,5.715075198,0,0.601216629,56.78376741,96.78,0.8128,2.4384,1.3462,2.3114,3.208463269,9.625389808,5.31401729,9.124067422,1.7272,6.817984447,119.6350113,200.8016319,111.5467572,9.625389808,9.124067422,81.16662061,0
B00276,B00276_R1,271,Orange_1,Gate_3,1,6,1.9812,0.7112,98.67,1.9812,2.032,110.94,6,5,-12.26,1.6764,2.54,0.2032,1.6002,3.2512,0.8128,2.413,2,3,3,300,0,1,6,3.0988,2.8702,1.43764,0.9652,98.67,110.94,6,5,3.2512,0.8128,1,-12.27,-2.4384,5.6642,28.35897841,127.0289784,172.9710216,0,0,0.576570072,52.96423149,104.67,0.9652,1.43764,1.1176,2.70256,3.810050132,5.674969407,4.411636995,10.66814037,3.2512,12.83385308,127.0289784,223.4040623,133.172147,5.674969407,10.66814037,96.37508388,5
B00276,B00276_R1,274,Gate_2,Purple_5,2,6,1.9812,0.7112,98.67,1.9812,2.032,110.94,6,5,-12.26,0.2032,1.143,1.0668,2.032,2.7178,3.175,2.2606,1,3,3,300,0,2,6,1.35128,0,2.38252,1.1176,98.67,110.94,6,5,2.7178,3.175,1,-12.27,0.4572,4.9784,25.65183752,124.3218375,175.6781625,2.707140883,0,0.585593875,60.2603246,104.67,1.1176,2.38252,0.9652,1.75768,4.411636995,9.404807958,3.810050132,6.93830182,2.7178,10.72829906,124.3218375,224.9080294,154.5284806,9.404807958,6.93830182,100.5861919,4
B00276,B00276_R1,270,Gate_2,Yellow_5,3,6,1.9812,0.7112,98.67,1.9812,2.032,110.94,6,5,-12.26,0.2032,1.143,1.0668,0.7112,2.7178,3.175,1.8034,1,3,3,300,0,3,6,1.35128,0,1.45796,0,98.67,110.94,6,5,2.7178,3.175,1,-12.27,0.4572,4.5212,23.84707694,122.5170769,177.4829231,4.511901472,0,0.591609744,66.35406529,104.67,0,1.45796,0.9652,1.84912,0,5.755180989,3.810050132,7.299253938,2.7178,10.72829906,122.5170769,224.9080294,138.0851064,5.755180989,7.299253938,102.3909525,3
B00276,B00276_R1,252,Yellow_5,Yellow_3,4,6,1.9812,0.7112,98.67,1.9812,2.032,110.94,6,5,-12.26,1.0668,0.7112,1.0668,0.2032,1.4224,3.2512,0.508,3,3,3,300,0,4,6,1.81864,1.1176,1.81864,1.1176,98.67,110.94,6,5,1.4224,3.2512,1,-12.27,1.8288,1.9304,13.62010026,112.2901003,187.7098997,14.73887814,0,0.625699666,155.4082056,104.67,1.1176,1.81864,0,1.48844,4.411636995,7.178936565,0,5.875498362,1.4224,5.614810721,112.2901003,226.2114677,155.4308609,7.178936565,5.875498362,113.9213674,2
B00276,B00276_R1,276,Yellow_1,Yellow_4,5,6,1.9812,0.7112,98.67,1.9812,2.032,110.94,6,5,-12.26,0.4572,0.2032,0.762,0.7112,2.032,3.8608,0.8128,3,3,3,300,0,5,6,1.5748,0.8128,1.63576,0.8128,98.67,110.94,6,5,2.032,3.8608,1,-12.27,1.8288,2.8448,17.22962144,115.8996214,184.1003786,11.12935697,0,0.613667929,105.4555681,104.67,0.8128,1.63576,1.1176,1.77292,3.208463269,6.457032329,4.411636995,6.998460506,2.032,8.021158173,115.8996214,228.2167572,148.2118186,6.457032329,6.998460506,112.3171358,1
B00276,B00276_R1,266,Gate_1,Green_5,6,6,1.9812,0.7112,98.67,1.9812,2.032,110.94,6,5,-12.26,0.2032,0.762,1.9812,0.7112,2.3368,3.556,2.3368,1,3,3,300,0,6,6,1.45288,0.8128,2.42824,1.4224,98.67,110.94,6,5,2.3368,3.556,1,-12.27,1.2192,4.6736,24.4486638,123.1186638,176.8813362,3.910314609,0,0.589604454,64.19034577,104.67,1.4224,2.42824,1.1176,1.59004,5.614810721,9.585284017,4.411636995,6.27655627,2.3368,9.224331899,123.1186638,227.0135835,156.6340347,9.585284017,6.27655627,103.8949197,0
B00277,B00277_R1,274,Gate_2,Purple_5,1,6,1.9812,0.7112,99.57,1.9812,2.032,101.28,6,4,-1.71,0.2032,1.143,1.0668,2.032,2.7178,3.175,2.2606,1,3,3,300,0,1,6,1.13792,0,2.74828,2.2606,99.57,101.28,6,4,2.7178,3.175,2,-1.71,0.4572,4.9784,25.65183752,125.2218375,174.7781625,0,0,0.582593875,60.2603246,105.57,2.2606,2.74828,1.4986,2.13868,8.923538468,10.84861643,5.915604153,8.442268977,2.7178,10.72829906,125.2218375,222.8000951,156.6340347,10.84861643,8.442268977,97.57825761,5
B00277,B00277_R1,270,Gate_2,Yellow_5,2,6,1.9812,0.7112,99.57,1.9812,2.032,101.28,6,4,-1.71,0.2032,1.143,1.0668,0.7112,2.7178,3.175,1.8034,1,3,3,300,0,2,6,1.13792,0,0.86868,0,99.57,101.28,6,4,2.7178,3.175,2,-1.71,0.4572,4.5212,23.84707694,123.4170769,176.5829231,1.804760589,0,0.588609744,66.35406529,105.57,0,0.86868,1.4986,2.23012,0,3.429045119,5.915604153,8.803221095,2.7178,10.72829906,123.4170769,222.8000951,121.3409387,3.429045119,8.803221095,99.3830182,4
B00277,B00277_R1,252,Yellow_5,Yellow_3,3,6,1.9812,0.7112,99.57,1.9812,2.032,101.28,6,4,-1.71,1.0668,0.7112,1.0668,0.2032,1.4224,3.2512,0.508,3,3,3,300,0,3,6,1.22936,0,1.33096,0.508,99.57,101.28,6,4,1.4224,3.2512,2,-1.71,1.8288,1.9304,13.62010026,113.1901003,186.8098997,12.03173726,0,0.622699666,155.4082056,105.57,0.508,1.33096,0,1.6256,2.005289543,5.253858603,0,6.416926539,1.4224,5.614810721,113.1901003,221.9979793,140.6919828,5.253858603,6.416926539,108.8078791,3
B00277,B00277_R1,276,Yellow_1,Yellow_4,4,6,1.9812,0.7112,99.57,1.9812,2.032,101.28,6,4,-1.71,0.4572,0.2032,0.762,0.7112,2.032,3.8608,0.8128,3,3,3,300,0,4,6,1.08712,0.8128,1.14808,0.8128,99.57,101.28,6,4,2.032,3.8608,2,-1.71,1.8288,2.8448,17.22962144,116.7996214,183.2003786,8.422216082,0,0.610667929,105.4555681,105.57,0.8128,1.14808,1.1176,2.15392,3.208463269,4.531954368,4.411636995,8.502427664,2.032,8.021158173,116.7996214,224.0032689,133.4729404,4.531954368,8.502427664,107.2036474,2
B00277,B00277_R1,266,Gate_1,Green_5,5,6,1.9812,0.7112,99.57,1.9812,2.032,101.28,6,4,-1.71,0.2032,0.762,1.9812,0.7112,2.3368,3.556,2.3368,1,3,3,300,0,5,6,1.08712,0.8128,2.06248,1.4224,99.57,101.28,6,4,2.3368,3.556,2,-1.71,1.2192,4.6736,24.4486638,124.0186638,175.9813362,1.203173726,0,0.586604454,64.19034577,105.57,1.4224,2.06248,1.1176,1.97104,5.614810721,8.141475546,4.411636995,7.780523428,2.3368,9.224331899,124.0186638,222.8000951,144.301504,8.141475546,7.780523428,98.78143133,1
B00277,B00277_R1,277,Yellow_5,Orange_1,6,6,1.9812,0.7112,99.57,1.9812,2.032,101.28,6,4,-1.71,1.0668,0.7112,1.6764,2.54,1.4224,3.2512,2.9464,3,3,3,300,0,6,6,1.22936,0,3.0988,2.8702,99.57,101.28,6,4,1.4224,3.2512,2,-1.71,1.8288,4.3688,23.24549007,122.8154901,177.1845099,2.406347452,0,0.590615033,68.66874199,105.57,2.8702,3.0988,0,1.13792,11.32988592,12.23226621,0,4.491848577,1.4224,5.614810721,122.8154901,221.9979793,165.958631,12.23226621,4.491848577,99.18248924,0
B00278,B00278_R2,278,Green_4,Gate_4,1,4,1.6764,2.54,115.6,1.9812,2.032,94.99,7,4,20.61,1.6764,0.7112,0.2032,1.9812,2.9464,3.2512,3.2512,2,3,3,300,1,1,4,1.6256,0.8128,2.3368,1.7272,94.99,115.6,4,7,3.2512,2.9464,-3,-20.61,-0.3048,6.5024,31.66770615,126.6577062,173.3422938,3.609521178,0,0.577807646,46.13681102,98.99,1.7272,2.3368,2.8702,3.0226,6.817984447,9.224331899,11.32988592,11.93147278,3.2512,12.83385308,126.6577062,224.6687589,127.1880156,9.224331899,11.93147278,98.01105278,3
B00278,B00278_R2,269,Gate_1,Orange_3,2,4,1.6764,2.54,115.6,1.9812,2.032,94.99,7,4,20.61,0.2032,0.762,2.286,2.54,3.2512,3.556,3.8608,1,3,3,300,1,2,4,1.456266667,0,3.1496,2.6416,94.99,115.6,4,7,3.556,3.2512,-3,-20.61,-0.3048,7.4168,35.27722733,130.2672273,169.7327727,0,0,0.565775909,40.44871103,98.99,2.6416,3.1496,1.3462,2.2098,10.42750563,12.43279517,5.31401729,8.723009513,3.556,14.0370268,130.2672273,217.4497166,133.2038843,12.43279517,8.723009513,87.18248924,2
B00278,B00278_R2,273,Green_2,Gate_3,3,4,1.6764,2.54,115.6,1.9812,2.032,94.99,7,4,20.61,1.9812,0.2032,0.2032,1.6002,3.2512,2.9464,3.175,2,3,3,300,1,3,4,1.8288,0.8128,1.8542,1.3462,94.99,115.6,4,7,2.9464,3.2512,-3,-20.61,0.3048,6.1214,30.163739,125.153739,174.846261,5.113488335,0,0.58282087,49.00839677,98.99,1.3462,1.8542,2.6416,3.048,5.31401729,7.319306833,10.42750563,12.03173726,2.9464,11.63067935,125.153739,224.9695524,122.9769076,7.319306833,12.03173726,99.81581337,1
B00278,B00278_R2,275,Gate_1,Orange_5,4,4,1.6764,2.54,115.6,1.9812,2.032,94.99,7,4,20.61,0.2032,0.762,1.9812,2.032,3.2512,3.556,3.556,1,3,3,300,1,4,4,1.456266667,0,3.2512,2.9464,94.99,115.6,4,7,3.556,3.2512,-3,-20.61,-0.3048,7.112,34.07405361,129.0640536,170.9359464,1.203173726,0,0.569786488,42.18222722,98.99,2.9464,3.2512,1.3462,2.3114,11.63067935,12.83385308,5.31401729,9.124067422,3.556,14.0370268,129.0640536,217.4497166,135.6102317,12.83385308,9.124067422,88.38566297,0
B00279,B00279_R1,270,Gate_2,Yellow_5,1,6,1.6764,2.54,104.28,1.9812,2.032,115.88,6,4,-11.6,0.2032,1.143,1.0668,0.7112,2.8702,3.175,1.8034,1,3,3,300,0,1,6,1.52908,0.889,1.15824,0,104.28,115.88,6,4,2.8702,3.175,2,-11.6,0.3048,4.6736,24.4486638,128.7286638,171.2713362,4.812694904,0,0.570904454,64.19034577,110.28,0,1.15824,1.4986,2.35204,0,4.572060159,5.915604153,9.284490585,2.8702,11.32988592,128.7286638,240.7450061,140.2909249,4.572060159,9.284490585,112.0163423,5
B00279,B00279_R1,252,Yellow_5,Yellow_3,2,6,1.6764,2.54,104.28,1.9812,2.032,115.88,6,4,-11.6,1.0668,0.7112,1.0668,0.2032,2.9464,3.2512,0.508,3,3,3,300,0,2,6,1.51892,0,1.62052,0.508,104.28,115.88,6,4,2.9464,3.2512,2,-11.6,0.3048,3.4544,19.63596889,123.9159689,176.0840311,9.625389808,0,0.58694677,86.84576193,110.28,0.508,1.62052,0,1.6256,2.005289543,6.396873643,0,6.416926539,2.9464,11.63067935,123.9159689,234.5286085,154.2276872,6.396873643,6.416926539,110.6126396,4
B00279,B00279_R1,276,Yellow_1,Yellow_4,3,6,1.6764,2.54,104.28,1.9812,2.032,115.88,6,4,-11.6,0.4572,0.2032,0.762,0.7112,3.556,3.8608,0.8128,3,3,3,300,0,3,6,1.37668,0.8128,1.43764,0.8128,104.28,115.88,6,4,3.556,3.8608,2,-11.6,0.3048,4.3688,23.24549007,127.5254901,172.4745099,6.01586863,0,0.574915033,68.66874199,110.28,0.8128,1.43764,1.1176,2.27584,3.208463269,5.674969407,4.411636995,8.983697154,3.556,14.0370268,127.5254901,236.5338981,147.0086449,5.674969407,8.983697154,109.008408,3
B00279,B00279_R1,266,Gate_1,Green_5,4,6,1.6764,2.54,104.28,1.9812,2.032,115.88,6,4,-11.6,0.2032,0.762,1.9812,0.7112,3.2512,3.556,2.3368,1,3,3,300,0,4,6,1.37668,0.8128,2.23012,1.4224,104.28,115.88,6,4,3.2512,3.556,2,-11.6,0.3048,5.588,28.05818498,132.338185,167.661815,1.203173726,0,0.558872717,53.68647101,110.28,1.4224,2.23012,1.1176,2.09296,5.614810721,8.803221095,4.411636995,8.261792918,3.2512,12.83385308,132.338185,237.7370718,157.8372084,8.803221095,8.261792918,105.3988868,2
B00279,B00279_R1,277,Yellow_5,Orange_1,5,6,1.6764,2.54,104.28,1.9812,2.032,115.88,6,4,-11.6,1.0668,0.7112,1.6764,2.54,2.9464,3.2512,2.9464,3,3,3,300,0,5,6,1.51892,0,2.80924,1.4224,104.28,115.88,6,4,2.9464,3.2512,2,-11.6,0.3048,5.8928,29.2613587,133.5413587,166.4586413,0,0,0.554862138,50.90958458,110.28,1.4224,2.80924,0,1.13792,5.614810721,11.08925117,0,4.491848577,2.9464,11.63067935,133.5413587,234.5286085,168.0641851,11.08925117,4.491848577,100.9872498,1
B00279,B00279_R1,279,Purple_2,Orange_4,6,6,1.6764,2.54,104.28,1.9812,2.032,115.88,6,4,-11.6,0.762,2.54,1.6764,2.032,1.4224,1.7272,1.4224,3,3,3,300,0,6,6,2.68732,1.9558,3.11404,2.8702,104.28,115.88,6,4,1.4224,1.7272,2,-11.6,0.3048,2.8448,17.22962144,121.5096214,178.4903786,12.03173726,0,0.594967929,105.4555681,110.28,2.8702,3.11404,1.4224,2.88544,11.32988592,12.2924249,5.614810721,11.39004461,1.4224,5.614810721,121.5096214,246.1592879,186.1117909,12.2924249,11.39004461,124.6496664,0
B00280,B00280_R2,275,Gate_1,Orange_5,1,4,1.6764,2.032,112.89,1.9812,2.032,100.28,7,4,12.61,0.2032,0.762,1.9812,2.032,3.2512,3.556,3.556,1,3,3,300,1,1,4,1.862666667,0,2.4384,0.8128,100.28,112.89,4,7,3.556,3.2512,-3,-12.61,-0.3048,7.112,34.07405361,134.3540536,165.6459464,1.203173726,0,0.552153155,42.18222722,104.28,0.8128,2.4384,1.3462,2.1844,3.208463269,9.625389808,5.31401729,8.622745036,3.556,14.0370268,134.3540536,209.805599,113.0507244,9.625389808,8.622745036,75.45154542,3
B00280,B00280_R2,280,Orange_4,Gate_3,2,4,1.6764,2.032,112.89,1.9812,2.032,100.28,7,4,12.61,1.6764,2.032,0.2032,1.6002,0,0.8128,2.413,2,3,3,300,1,2,4,3.2512,3.2512,1.9558,1.3462,100.28,112.89,4,7,0.8128,0,-3,-12.61,-0.8128,3.2258,18.7335886,119.0135886,180.9864114,16.54363873,0,0.603288038,93.000186,104.28,1.3462,1.9558,0.8128,1.4478,5.31401729,7.720364742,3.208463269,5.715075198,0.8128,3.208463269,119.0135886,218.5286085,122.6761142,7.720364742,5.715075198,99.51501993,2
B00280,B00280_R2,269,Gate_1,Orange_3,3,4,1.6764,2.032,112.89,1.9812,2.032,100.28,7,4,12.61,0.2032,0.762,2.286,2.54,3.2512,3.556,3.8608,1,3,3,300,1,3,4,1.862666667,0,2.54,1.1176,100.28,112.89,4,7,3.556,3.2512,-3,-12.61,-0.3048,7.4168,35.27722733,135.5572273,164.4427727,0,0,0.548142576,40.44871103,104.28,1.1176,2.54,1.3462,2.0828,4.411636995,10.02644772,5.31401729,8.221687127,3.556,14.0370268,135.5572273,209.805599,113.0507244,10.02644772,8.221687127,74.24837169,1
B00280,B00280_R2,273,Green_2,Gate_3,4,4,1.6764,2.032,112.89,1.9812,2.032,100.28,7,4,12.61,1.9812,0.2032,0.2032,1.6002,3.2512,2.9464,3.175,2,3,3,300,1,4,4,2.6416,2.3368,1.7018,1.3462,100.28,112.89,4,7,2.9464,3.2512,-3,-12.61,0.3048,6.1214,30.163739,130.443739,169.556261,5.113488335,0,0.565187537,49.00839677,104.28,1.3462,1.7018,2.6416,2.921,5.31401729,6.71771997,10.42750563,11.53041487,2.9464,11.63067935,130.443739,217.3254348,108.2380294,6.71771997,11.53041487,86.88169581,0
B00281,B00281_R2,281,Orange_5,Yellow_2,1,4,1.6764,2.032,103.86,0.2032,1.6002,103.42,6,4,0.44,1.9812,2.032,0.762,0.2032,0.8128,2.7178,3.556,3,3,3,300,1,1,4,2.4384,0.8128,2.032,1.1176,103.42,103.86,4,6,2.7178,0.8128,-2,-0.44,-1.905,6.2738,30.76532586,134.1853259,165.8146741,0.300793431,0,0.55271558,47.8179094,107.42,1.1176,2.032,0.8128,2.0828,4.411636995,8.021158173,3.208463269,8.221687127,2.7178,10.72829906,134.1853259,209.3360778,106.7340623,8.021158173,8.221687127,75.15075198,3
B00281,B00281_R2,273,Green_2,Gate_3,2,4,1.6764,2.032,103.86,0.2032,1.6002,103.42,6,4,0.44,1.9812,0.2032,0.2032,1.6002,3.2512,3.175,3.175,2,3,3,300,1,2,4,2.8448,2.3368,2.159,1.3462,103.42,103.86,4,6,3.175,3.2512,-2,-0.44,0.0762,6.35,31.06611929,134.4861193,165.5138807,0,0,0.551712936,47.24409449,107.42,1.3462,2.159,1.7272,2.5146,5.31401729,8.522480559,6.817984447,9.926183239,3.175,12.53305965,134.4861193,211.1408384,107.937236,8.522480559,9.926183239,76.65471914,2
B00281,B00281_R2,269,Gate_1,Orange_3,3,4,1.6764,2.032,103.86,0.2032,1.6002,103.42,6,4,0.44,0.2032,0.762,2.286,2.54,3.2512,1.3462,3.8608,1,3,3,300,1,3,4,3.048,2.3368,1.524,0.8128,103.42,103.86,4,6,1.3462,3.2512,-2,-0.44,1.905,5.207,26.55421782,129.9742178,170.0257822,4.511901472,0,0.566752607,57.61474938,107.42,0.8128,1.524,1.1176,1.27,3.208463269,6.01586863,4.411636995,5.013223858,1.3462,5.31401729,129.9742178,215.9535333,104.9293017,6.01586863,5.013223858,85.97931552,1
B00281,B00281_R2,280,Orange_4,Gate_3,4,4,1.6764,2.032,103.86,0.2032,1.6002,103.42,6,4,0.44,1.6764,2.032,0.2032,1.6002,0,2.413,2.413,2,3,3,300,1,4,4,2.4384,0.8128,2.413,1.3462,103.42,103.86,4,6,2.413,0,-2,-0.44,-2.413,4.826,25.05025066,128.4702507,171.5297493,6.01586863,0,0.571765831,62.16328222,107.42,1.3462,2.413,1.1176,2.2606,5.31401729,9.525125331,4.411636995,8.923538468,2.413,9.525125331,128.4702507,211.7424253,116.961039,9.525125331,8.923538468,83.27217463,0
B00282,B00282_R1,252,Yellow_5,Yellow_3,1,6,1.6764,2.032,92.18,0.2032,1.6002,111.32,6,5,-19.14,1.0668,0.7112,1.0668,0.2032,2.9464,2.2606,0.508,3,3,3,300,0,1,6,1.74752,0,1.84912,0.508,92.18,111.32,6,5,2.9464,2.2606,1,-19.14,-0.6858,3.4544,19.63596889,111.8159689,188.1840311,9.625389808,0,0.627280104,86.84576193,98.18,0.508,1.84912,0.8128,2.3368,2.005289543,7.299253938,3.208463269,9.224331899,2.9464,11.63067935,111.8159689,218.4180294,151.5205463,7.299253938,9.224331899,106.6020606,5
B00282,B00282_R1,276,Yellow_1,Yellow_4,2,6,1.6764,2.032,92.18,0.2032,1.6002,111.32,6,5,-19.14,0.4572,0.2032,0.762,0.7112,3.556,1.651,0.8128,3,3,3,300,0,2,6,1.7272,0.8128,1.78816,0.8128,92.18,111.32,6,5,3.556,1.651,1,-19.14,-1.905,4.3688,23.24549007,115.4254901,184.5745099,6.01586863,0,0.615248366,68.66874199,98.18,0.8128,1.78816,1.1176,2.88544,3.208463269,7.058619192,4.411636995,11.39004461,3.556,14.0370268,115.4254901,217.2148557,146.7078514,7.058619192,11.39004461,101.7893656,4
B00282,B00282_R1,266,Gate_1,Green_5,3,6,1.6764,2.032,92.18,0.2032,1.6002,111.32,6,5,-19.14,0.2032,0.762,1.9812,0.7112,3.2512,1.3462,2.3368,1,3,3,300,0,3,6,1.7272,0.8128,2.3368,1.4224,92.18,111.32,6,5,3.2512,1.3462,1,-19.14,-1.905,5.588,28.05818498,120.238185,179.761815,1.203173726,0,0.59920605,53.68647101,98.18,1.4224,2.3368,1.1176,2.58064,5.614810721,9.224331899,4.411636995,10.18687088,3.2512,12.83385308,120.238185,218.4180294,152.72372,9.224331899,10.18687088,98.17984447,3
B00282,B00282_R1,277,Yellow_5,Orange_1,4,6,1.6764,2.032,92.18,0.2032,1.6002,111.32,6,5,-19.14,1.0668,0.7112,1.6764,2.54,2.9464,2.2606,2.9464,3,3,3,300,0,4,6,1.74752,0,2.45872,1.1176,92.18,111.32,6,5,2.9464,2.2606,1,-19.14,-0.6858,5.8928,29.2613587,121.4413587,178.5586413,0,0,0.595195471,50.90958458,98.18,1.1176,2.45872,0.508,1.84912,4.411636995,9.705601389,2.005289543,7.299253938,2.9464,11.63067935,121.4413587,217.2148557,153.9268938,9.705601389,7.299253938,95.77349702,2
B00282,B00282_R1,279,Purple_2,Orange_4,5,6,1.6764,2.032,92.18,0.2032,1.6002,111.32,6,5,-19.14,0.762,2.54,1.6764,2.032,1.4224,1.4986,1.4224,3,3,3,300,0,5,6,2.45872,0.8128,2.76352,1.1176,92.18,111.32,6,5,1.4224,1.4986,1,-19.14,0.0762,2.8448,17.22962144,109.4096214,190.5903786,12.03173726,0,0.635301262,105.4555681,98.18,1.1176,2.76352,1.4224,2.6416,4.411636995,10.90877512,5.614810721,10.42750563,1.4224,5.614810721,109.4096214,226.8402455,171.9744997,10.90877512,10.42750563,117.4306241,1
B00282,B00282_R1,282,Purple_5,Orange_3,6,6,1.6764,2.032,92.18,0.2032,1.6002,111.32,6,5,-19.14,1.0668,2.032,2.286,2.54,1.1176,1.8034,1.7272,3,3,3,300,0,6,6,2.45872,0.8128,3.43408,2.032,92.18,111.32,6,5,1.1176,1.8034,1,-19.14,0.6858,2.8448,17.22962144,109.4096214,190.5903786,12.03173726,0,0.635301262,105.4555681,98.18,2.032,3.43408,1.1176,2.3368,8.021158173,13.55575731,4.411636995,9.224331899,1.1176,4.411636995,109.4096214,226.8402455,185.2094107,13.55575731,9.224331899,117.4306241,0
B00283,B00283_R2,283,Yellow_4,Green_3,1,4,2.286,2.54,99.45,0.2032,1.6002,94.6,6,4,4.85,0.762,0.7112,2.286,0.2032,3.8608,1.9558,2.032,3,3,3,300,1,1,4,2.032,1.1176,2.1336,0.8128,94.6,99.45,4,6,1.9558,3.8608,-2,-4.85,1.905,3.9878,21.74152291,116.3415229,183.6584771,9.324596376,0,0.612194924,75.22944982,98.6,0.8128,2.1336,1.9558,2.5908,3.208463269,8.422216082,7.720364742,10.22697667,1.9558,7.720364742,116.3415229,199.0121107,107.937236,8.422216082,10.22697667,82.67058777,3
B00283,B00283_R2,273,Green_2,Gate_3,2,4,2.286,2.54,99.45,0.2032,1.6002,94.6,6,4,4.85,1.9812,0.2032,0.2032,1.6002,2.6416,3.175,3.175,2,3,3,300,1,2,4,2.4384,1.7272,1.905,1.3462,94.6,99.45,4,6,3.175,2.6416,-2,-4.85,-0.5334,6.35,31.06611929,125.6661193,174.3338807,0,0,0.581112936,47.24409449,98.6,1.3462,1.905,0.8128,2.2098,5.31401729,7.519835787,3.208463269,8.723009513,3.175,12.53305965,125.6661193,189.6875143,95.90549876,7.519835787,8.723009513,64.02139502,2
B00283,B00283_R2,269,Gate_1,Orange_3,3,4,2.286,2.54,99.45,0.2032,1.6002,94.6,6,4,4.85,0.2032,0.762,2.286,2.54,3.8608,1.3462,3.8608,1,3,3,300,1,3,4,2.2352,1.1176,2.54,1.1176,94.6,99.45,4,6,1.3462,3.8608,-2,-4.85,2.5146,5.207,26.55421782,121.1542178,178.8457822,4.511901472,0,0.596152607,57.61474938,98.6,1.1176,2.54,1.3462,1.778,4.411636995,10.02644772,5.31401729,7.018513401,1.3462,5.31401729,121.1542178,199.0121107,107.937236,10.02644772,7.018513401,77.85789287,1
B00283,B00283_R2,280,Orange_4,Gate_3,4,4,2.286,2.54,99.45,0.2032,1.6002,94.6,6,4,4.85,1.6764,2.032,0.2032,1.6002,1.1176,2.413,2.413,2,3,3,300,1,4,4,3.2512,3.2512,2.159,1.3462,94.6,99.45,4,6,2.413,1.1176,-2,-4.85,-1.2954,4.826,25.05025066,119.6502507,180.3497493,6.01586863,0,0.601165831,62.16328222,98.6,1.3462,2.159,1.1176,2.159,5.31401729,8.522480559,4.411636995,8.522480559,2.413,9.525125331,119.6502507,193.8986224,104.9293017,8.522480559,8.522480559,74.24837169,0
B00284,B00284_R1,266,Gate_1,Green_5,1,6,2.286,2.54,96.13,0.2032,1.6002,103.7,6,5,-7.57,0.2032,0.762,1.9812,0.7112,3.8608,1.3462,2.3368,1,3,3,300,0,1,6,1.62052,0.8128,2.59588,1.4224,96.13,103.7,6,5,3.8608,1.3462,1,-7.57,-2.5146,6.1976,30.46453243,126.5945324,173.4054676,1.203173726,0,0.578018225,48.40583452,102.13,1.4224,2.59588,1.1176,2.58064,5.614810721,10.24702957,4.411636995,10.18687088,3.8608,15.24020053,126.5945324,239.2124616,174.6816405,10.24702957,10.18687088,112.6179292,5
B00284,B00284_R1,276,Yellow_1,Yellow_4,2,6,2.286,2.54,96.13,0.2032,1.6002,103.7,6,5,-7.57,0.4572,0.2032,0.762,0.7112,4.1656,1.651,0.8128,3,3,3,300,0,2,6,1.74244,0.8128,1.92532,0.8128,96.13,103.7,6,5,4.1656,1.651,1,-7.57,-2.5146,4.9784,25.65183752,121.7818375,178.2181625,6.01586863,0,0.594060542,60.2603246,102.13,0.8128,1.92532,1.1176,2.88544,3.208463269,7.600047369,4.411636995,11.39004461,4.1656,16.44337425,121.7818375,238.0092879,166.2594245,7.600047369,11.39004461,116.2274504,4
B00284,B00284_R1,284,Gate_2,Yellow_5,3,6,2.286,2.54,96.13,0.2032,1.6002,103.7,6,5,-7.57,0.2032,1.143,1.0668,0.7112,3.4798,0.9652,1.8034,1,3,3,300,0,3,6,1.62052,0.889,1.74752,0,96.13,103.7,6,5,3.4798,0.9652,1,-7.57,-2.5146,5.2832,26.85501125,122.9850113,177.0149887,4.812694904,0,0.590049962,56.78376741,102.13,0,1.74752,1.4986,2.68732,0,6.898196029,5.915604153,10.60798168,3.4798,13.73623337,122.9850113,242.2203959,161.546994,6.898196029,10.60798168,119.2353847,3
B00284,B00284_R1,277,Yellow_5,Orange_1,4,6,2.286,2.54,96.13,0.2032,1.6002,103.7,6,5,-7.57,1.0668,0.7112,1.6764,2.54,3.556,2.2606,2.9464,3,3,3,300,0,4,6,2.1082,1.1176,2.44348,1.1176,96.13,103.7,6,5,3.556,2.2606,1,-7.57,-1.2954,6.5024,31.66770615,127.7977062,172.2022938,0,0,0.574007646,46.13681102,102.13,1.1176,2.44348,0,1.74752,4.411636995,9.645442703,0,6.898196029,3.556,14.0370268,127.7977062,236.0039983,170.4705325,9.645442703,6.898196029,108.2062922,2
B00284,B00284_R1,279,Purple_2,Orange_4,5,6,2.286,2.54,96.13,0.2032,1.6002,103.7,6,5,-7.57,0.762,2.54,1.6764,2.032,2.032,1.4986,1.4224,3,3,3,300,0,5,6,2.19964,0.8128,2.74828,1.1176,96.13,103.7,6,5,2.032,1.4986,1,-7.57,-0.5334,3.4544,19.63596889,115.7659689,184.2340311,12.03173726,0,0.614113437,86.84576193,102.13,1.1176,2.74828,1.4224,2.6416,4.411636995,10.84861643,5.614810721,10.42750563,2.032,8.021158173,115.7659689,247.6346777,188.5181384,10.84861643,10.42750563,131.8687088,1
B00284,B00284_R1,282,Purple_5,Orange_3,6,6,2.286,2.54,96.13,0.2032,1.6002,103.7,6,5,-7.57,1.0668,2.032,2.286,2.54,1.7272,1.8034,1.7272,3,3,3,300,0,6,6,2.32156,0.8128,3.41884,2.032,96.13,103.7,6,5,1.7272,1.8034,1,-7.57,0.0762,3.4544,19.63596889,115.7659689,184.2340311,12.03173726,0,0.614113437,86.84576193,102.13,2.032,3.41884,1.1176,2.3368,8.021158173,13.49559863,4.411636995,9.224331899,1.7272,6.817984447,115.7659689,247.6346777,201.7530494,13.49559863,9.224331899,131.8687088,0
B00285,B00285_R2,273,Green_2,Gate_3,1,4,2.286,2.54,109.19,0.2032,1.6002,87.06,6,4,22.13,1.9812,0.2032,0.2032,1.6002,2.6416,3.175,3.175,2,3,3,300,1,1,4,3.1496,2.3368,1.651,1.1938,87.06,109.19,4,6,3.175,2.6416,-2,-22.13,-0.5334,6.35,31.06611929,118.1261193,181.8738807,0,0,0.606246269,47.24409449,91.06,1.1938,1.651,2.6416,2.9972,4.712430427,6.517191016,10.42750563,11.83120831,3.175,12.53305965,118.1261193,183.0498946,86.58090238,6.517191016,11.83120831,64.92377531,3
B00285,B00285_R2,285,Purple_1,Gate_3,2,4,2.286,2.54,109.19,0.2032,1.6002,87.06,6,4,22.13,0.4572,2.54,0.2032,1.6002,2.3368,1.1938,1.1938,2,3,3,300,1,2,4,2.54,1.7272,2.3114,1.3462,87.06,109.19,4,6,1.1938,2.3368,-2,-22.13,1.143,2.3876,15.42486085,102.4848609,197.5151391,15.64125844,0,0.658383797,125.6491875,91.06,1.3462,2.3114,1.1938,1.5748,5.31401729,9.124067422,4.712430427,6.216397584,1.1938,4.712430427,102.4848609,185.1554486,110.04279,9.124067422,6.216397584,82.67058777,2
B00285,B00285_R2,280,Orange_4,Gate_3,3,4,2.286,2.54,109.19,0.2032,1.6002,87.06,6,4,22.13,1.6764,2.032,0.2032,1.6002,1.1176,2.413,2.413,2,3,3,300,1,3,4,2.7432,1.7272,1.905,1.1938,87.06,109.19,4,6,2.413,1.1176,-2,-22.13,-1.2954,4.826,25.05025066,112.1102507,187.8897493,6.01586863,0,0.626299164,62.16328222,91.06,1.1938,1.905,1.1176,1.9812,4.712430427,7.519835787,4.411636995,7.820629219,2.413,9.525125331,112.1102507,180.0419603,95.60470533,7.519835787,7.820629219,67.93170963,1
B00285,B00285_R2,269,Gate_1,Orange_3,4,4,2.286,2.54,109.19,0.2032,1.6002,87.06,6,4,22.13,0.2032,0.762,2.286,2.54,3.8608,1.3462,3.8608,1,3,3,300,1,4,4,2.54,2.032,2.032,1.1176,87.06,109.19,4,6,1.3462,3.8608,-2,-22.13,2.5146,5.207,26.55421782,113.6142178,186.3857822,4.511901472,0,0.621285941,57.61474938,91.06,1.1176,2.032,1.3462,1.3462,4.411636995,8.021158173,5.31401729,5.31401729,1.3462,5.31401729,113.6142178,185.1554486,95.60470533,8.021158173,5.31401729,71.54123081,0
B00286,B00286_R2,273,Green_2,Gate_3,1,5,2.286,2.54,100.66,2.286,2.54,102.43,6,5,-1.77,1.9812,0.2032,0.2032,1.6002,2.6416,2.6416,3.175,2,3,3,300,1,1,5,3.175,2.3368,1.6891,1.1938,102.43,100.66,5,6,2.6416,2.6416,-1,1.77,0,5.8166,28.96056527,131.3905653,168.6094347,7.519835787,0,0.562031449,51.57652237,107.43,1.1938,1.6891,2.6416,3.1369,4.712430427,6.667587731,10.42750563,12.38266293,2.6416,10.42750563,131.3905653,226.1772861,121.4570718,6.667587731,12.38266293,94.78672088,4
B00286,B00286_R2,286,Purple_5,Gate_4,2,5,2.286,2.54,100.66,2.286,2.54,102.43,6,5,-1.77,1.0668,2.032,0.2032,1.9812,1.7272,1.7272,1.4224,2,3,3,300,1,2,5,2.032,1.1176,2.032,0.8128,102.43,100.66,5,6,1.7272,1.7272,-1,1.77,0,3.1496,18.43279517,120.8627952,179.1372048,18.04760589,0,0.597124016,95.2501905,107.43,0.8128,2.032,1.7272,1.78435,3.208463269,8.021158173,6.817984447,7.043579521,1.7272,6.817984447,120.8627952,226.1772861,137.3991237,8.021158173,7.043579521,105.314491,3
B00286,B00286_R2,285,Purple_1,Gate_3,3,5,2.286,2.54,100.66,2.286,2.54,102.43,6,5,-1.77,0.4572,2.54,0.2032,1.6002,2.3368,2.3368,1.1938,2,3,3,300,1,3,5,2.1844,1.1176,2.1844,1.3462,102.43,100.66,5,6,2.3368,2.3368,-1,1.77,0,3.5306,19.93676233,122.3667623,177.6332377,16.54363873,0,0.592110792,84.97139296,107.43,1.3462,2.1844,0.8128,1.3843,5.31401729,8.622745036,3.208463269,5.464414005,2.3368,9.224331899,122.3667623,220.1614175,138.301504,8.622745036,5.464414005,97.79465519,2
B00286,B00286_R2,269,Gate_1,Orange_3,4,5,2.286,2.54,100.66,2.286,2.54,102.43,6,5,-1.77,0.2032,0.762,2.286,2.54,3.8608,3.8608,3.8608,1,3,3,300,1,4,5,2.5654,2.032,1.9558,1.1176,102.43,100.66,5,6,3.8608,3.8608,-1,1.77,0,7.7216,36.48040106,138.9104011,161.0895989,0,0,0.53696533,38.85205139,107.43,1.1176,1.9558,1.3462,1.44145,4.411636995,7.720364742,5.31401729,5.690009079,3.8608,15.24020053,138.9104011,216.2511029,118.1483441,7.720364742,5.690009079,77.34070185,1
B00286,B00286_R2,280,Orange_4,Gate_3,5,5,2.286,2.54,100.66,2.286,2.54,102.43,6,5,-1.77,1.6764,2.032,0.2032,1.6002,1.1176,1.1176,2.413,2,3,3,300,1,5,5,2.3368,1.1176,1.8796,1.1938,102.43,100.66,5,6,1.1176,1.1176,-1,1.77,0,3.5306,19.93676233,122.3667623,177.6332377,16.54363873,0,0.592110792,84.97139296,107.43,1.1938,1.8796,1.1176,1.9939,4.712430427,7.41957131,4.411636995,7.870761457,1.1176,4.411636995,122.3667623,226.1772861,133.4888091,7.41957131,7.870761457,103.8105238,0
B00287,B00287_R1,287,Gate_2,Green_6,1,5,2.286,2.54,88.75,0.2032,1.6002,103.77,5,5,-15.01,0.2032,1.143,2.54,0.762,3.4798,0.9652,2.7178,1,3,3,300,0,1,5,1.50495,0,2.88925,2.032,88.75,103.77,5,5,3.4798,0.9652,0,-15.02,-2.5146,6.1976,30.46453243,119.2145324,180.7854676,1.203173726,0,0.602618225,48.40583452,93.75,2.032,2.88925,1.8034,2.7559,8.021158173,11.40508428,7.118777879,10.87869577,3.4798,13.73623337,119.2145324,210.3917321,143.4149923,11.40508428,10.87869577,91.1771997,4
B00287,B00287_R1,284,Gate_2,Yellow_5,2,5,2.286,2.54,88.75,0.2032,1.6002,103.77,5,5,-15.01,0.2032,1.143,1.0668,0.7112,3.4798,0.9652,1.8034,1,3,3,300,0,2,5,1.50495,0,2.00025,0,88.75,103.77,5,5,3.4798,0.9652,0,-15.02,-2.5146,5.2832,26.85501125,115.6050113,184.3949887,4.812694904,0,0.614649962,56.78376741,93.75,0,2.00025,2.7178,2.9845,0,7.895827577,10.72829906,11.78107607,3.4798,13.73623337,115.6050113,214.0012533,132.9874867,7.895827577,11.78107607,98.39624206,3
B00287,B00287_R1,277,Yellow_5,Orange_1,3,5,2.286,2.54,88.75,0.2032,1.6002,103.77,5,5,-15.01,1.0668,0.7112,1.6764,2.54,3.556,2.2606,2.9464,3,3,3,300,0,3,5,2.4511,1.8034,2.0701,1.1176,88.75,103.77,5,5,3.556,2.2606,0,-15.02,-1.2954,6.5024,31.66770615,120.4177062,179.5822938,0,0,0.598607646,46.13681102,93.75,1.1176,2.0701,0,2.1336,4.411636995,8.171554889,0,8.422216082,3.556,14.0370268,120.4177062,202.9721608,129.277701,8.171554889,8.422216082,82.55445466,2
B00287,B00287_R1,279,Purple_2,Orange_4,4,5,2.286,2.54,88.75,0.2032,1.6002,103.77,5,5,-15.01,0.762,2.54,1.6764,2.032,2.032,1.4986,1.4224,3,3,3,300,0,4,5,1.9939,0.8128,2.4511,1.1176,88.75,103.77,5,5,2.032,1.4986,0,-15.02,-0.5334,3.4544,19.63596889,108.3859689,191.6140311,12.03173726,0,0.638713437,86.84576193,93.75,1.1176,2.4511,1.4224,2.5654,4.411636995,9.675522046,5.614810721,10.12671219,2.032,8.021158173,108.3859689,214.6028402,147.3253069,9.675522046,10.12671219,106.2168713,1
B00287,B00287_R1,282,Purple_5,Orange_3,5,5,2.286,2.54,88.75,0.2032,1.6002,103.77,5,5,-15.01,1.0668,2.032,2.286,2.54,1.7272,1.8034,1.7272,3,3,3,300,0,5,5,2.0701,0.8128,3.1369,2.032,88.75,103.77,5,5,1.7272,1.8034,0,-15.02,0.0762,3.4544,19.63596889,108.3859689,191.6140311,12.03173726,0,0.638713437,86.84576193,93.75,2.032,3.1369,1.1176,2.1082,8.021158173,12.38266293,4.411636995,8.321951605,1.7272,6.817984447,108.3859689,214.6028402,158.1538704,12.38266293,8.321951605,106.2168713,0
B00288,B00288_R1,284,Gate_2,Yellow_5,1,6,2.286,2.54,105.43,0.2032,1.6002,97.48,6,5,7.95,0.2032,1.143,1.0668,0.7112,3.4798,0.9652,1.8034,1,3,3,300,0,1,6,1.76276,0,2.17424,0,105.43,97.48,6,5,3.4798,0.9652,1,7.95,-2.5146,5.2832,26.85501125,132.2850113,167.7149887,4.812694904,0,0.559049962,56.78376741,111.43,0,2.17424,0.9652,2.58064,0,8.582639245,3.810050132,10.18687088,3.4798,13.73623337,132.2850113,243.6997667,164.2541349,8.582639245,10.18687088,111.4147555,5
B00288,B00288_R1,277,Yellow_5,Orange_1,2,6,2.286,2.54,105.43,0.2032,1.6002,97.48,6,5,7.95,1.0668,0.7112,1.6764,2.54,3.556,2.2606,2.9464,3,3,3,300,0,2,6,2.53492,1.8034,2.01676,1.1176,105.43,97.48,6,5,3.556,2.2606,1,7.95,-1.2954,6.5024,31.66770615,137.0977062,162.9022938,0,0,0.543007646,46.13681102,111.43,1.1176,2.01676,0,2.159,4.411636995,7.960999487,0,8.522480559,3.556,14.0370268,137.0977062,239.5889231,156.3332412,7.960999487,8.522480559,102.491217,4
B00288,B00288_R1,279,Purple_2,Orange_4,3,6,2.286,2.54,105.43,0.2032,1.6002,97.48,6,5,7.95,0.762,2.54,1.6764,2.032,2.032,1.4986,1.4224,3,3,3,300,0,3,6,2.13868,0.8128,2.32156,1.1176,105.43,97.48,6,5,2.032,1.4986,1,7.95,-0.5334,3.4544,19.63596889,125.0659689,174.9340311,12.03173726,0,0.583113437,86.84576193,111.43,1.1176,2.32156,1.4224,2.35204,4.411636995,9.164173213,5.614810721,9.284490585,2.032,8.021158173,125.0659689,251.2196025,174.3808471,9.164173213,9.284490585,126.1536336,3
B00288,B00288_R1,282,Purple_5,Orange_3,4,6,2.286,2.54,105.43,0.2032,1.6002,97.48,6,5,7.95,1.0668,2.032,2.286,2.54,1.7272,1.8034,1.7272,3,3,3,300,0,4,6,2.13868,0.8128,2.74828,1.1938,105.43,97.48,6,5,1.7272,1.8034,1,7.95,0.0762,3.4544,19.63596889,125.0659689,174.9340311,12.03173726,0,0.583113437,86.84576193,111.43,1.1938,2.74828,1.1176,2.04724,4.712430427,10.84861643,4.411636995,8.081316859,1.7272,6.817984447,125.0659689,251.2196025,182.8030632,10.84861643,8.081316859,126.1536336,2
B00288,B00288_R1,288,Orange_7,Gate_3,5,6,2.286,2.54,105.43,0.2032,1.6002,97.48,6,5,7.95,2.54,1.6002,0.2032,1.6002,1.1938,2.3368,2.3368,2,3,3,300,0,5,6,2.7178,2.413,1.4986,0.9652,105.43,97.48,6,5,1.1938,2.3368,1,7.95,1.143,3.5306,19.93676233,125.3667623,174.6332377,11.73094383,0,0.582110792,84.97139296,111.43,0.9652,1.4986,1.1938,1.8034,3.810050132,5.915604153,4.712430427,7.118777879,1.1938,4.712430427,125.3667623,253.6259499,157.8372084,5.915604153,7.118777879,128.2591876,1
B00288,B00288_R1,287,Gate_2,Green_6,6,6,2.286,2.54,105.43,0.2032,1.6002,97.48,6,5,7.95,0.2032,1.143,2.54,0.762,3.4798,0.9652,2.7178,1,3,3,300,0,6,6,1.76276,0,2.58064,1.3462,105.43,97.48,6,5,3.4798,0.9652,1,7.95,-2.5146,6.1976,30.46453243,135.8945324,164.1054676,1.203173726,0,0.547018225,48.40583452,111.43,1.3462,2.58064,0.9652,2.39776,5.31401729,10.18687088,3.810050132,9.464966644,3.4798,13.73623337,135.8945324,243.6997667,168.6657719,10.18687088,9.464966644,107.8052343,0
B00289,B00289_R2,286,Purple_5,Gate_4,1,5,2.54,0.762,112.16,0.2032,1.6002,79.15,6,5,33.01,1.0668,2.032,0.2032,1.9812,3.2512,1.8034,1.4224,2,3,3,300,1,1,5,1.9558,1.1176,1.8034,0.8128,79.15,112.16,5,6,1.8034,3.2512,-1,-33.01,1.4478,3.2258,18.7335886,97.8835886,202.1164114,7.820629219,0,0.673721371,93.000186,84.15,0.8128,1.8034,1.4224,1.6891,3.208463269,7.118777879,5.614810721,6.667587731,1.8034,7.118777879,97.8835886,188.7599949,120.8554849,7.118777879,6.667587731,90.87640627,4
B00289,B00289_R2,269,Gate_1,Orange_3,2,5,2.54,0.762,112.16,0.2032,1.6002,79.15,6,5,33.01,0.2032,0.762,2.286,2.54,2.9464,1.3462,3.8608,1,3,3,300,1,2,5,2.3368,1.4224,2.1844,1.1176,79.15,112.16,5,6,1.3462,2.9464,-1,-33.01,1.6002,5.207,26.55421782,105.7042178,194.2957822,0,0,0.647652607,57.61474938,84.15,1.1176,2.1844,1.3462,1.5367,4.411636995,8.622745036,5.31401729,6.066000868,1.3462,5.31401729,105.7042178,190.263962,119.0507244,8.622745036,6.066000868,84.55974421,3
B00289,B00289_R2,280,Orange_4,Gate_3,3,5,2.54,0.762,112.16,0.2032,1.6002,79.15,6,5,33.01,1.6764,2.032,0.2032,1.6002,2.6416,2.413,2.413,2,3,3,300,1,3,5,2.2606,1.1176,1.651,1.1938,79.15,112.16,5,6,2.413,2.6416,-1,-33.01,0.2286,4.826,25.05025066,104.2002507,195.7997493,1.503967157,0,0.652665831,62.16328222,84.15,1.1938,1.651,1.1176,1.89865,4.712430427,6.517191016,4.411636995,7.494769668,2.413,9.525125331,104.2002507,185.1504737,112.1324754,6.517191016,7.494769668,80.95022303,2
B00289,B00289_R2,289,Yellow_5,Gate_4,4,5,2.54,0.762,112.16,0.2032,1.6002,79.15,6,5,33.01,1.0668,0.7112,0.2032,1.9812,2.032,2.2606,2.6416,2,3,3,300,1,4,5,2.5654,1.4224,1.4986,0.8128,79.15,112.16,5,6,2.2606,2.032,-1,-33.01,-0.2286,4.9022,25.35104409,104.5010441,195.4989559,1.203173726,0,0.651663186,61.19701359,84.15,0.8128,1.4986,2.2606,2.6797,3.208463269,5.915604153,8.923538468,10.57790234,2.2606,8.923538468,104.5010441,190.263962,109.4253345,5.915604153,10.57790234,85.76291793,1
B00289,B00289_R2,285,Purple_1,Gate_3,5,5,2.54,0.762,112.16,0.2032,1.6002,79.15,6,5,33.01,0.4572,2.54,0.2032,1.6002,3.8608,1.1938,1.1938,2,3,3,300,1,5,5,1.9558,1.1176,1.9558,1.3462,79.15,112.16,5,6,1.1938,3.8608,-1,-33.01,2.667,2.3876,15.42486085,94.57486085,205.4251391,11.12935697,0,0.684750464,125.6491875,84.15,1.3462,1.9558,0.8128,1.28905,5.31401729,7.720364742,3.208463269,5.088422216,1.1938,4.712430427,94.57486085,188.7599949,126.5705601,7.720364742,5.088422216,94.18513401,0
B00290,B00290_R2,285,Purple_1,Gate_3,1,5,2.54,0.762,103.32,0.2032,1.6002,101.09,6,5,2.24,0.4572,2.54,0.2032,1.6002,3.8608,1.1938,1.1938,2,3,3,300,1,1,5,2.08915,1.651,1.74625,0.9652,101.09,103.32,5,6,1.1938,3.8608,-1,-2.23,2.667,2.3876,15.42486085,116.5148609,183.4851391,11.12935697,0,0.61161713,125.6491875,106.09,0.9652,1.74625,0.8128,1.82245,3.810050132,6.893182805,3.208463269,7.193976237,1.1938,4.712430427,116.5148609,208.8952343,121.4570718,6.893182805,7.193976237,92.38037343,4
B00290,B00290_R2,269,Gate_1,Orange_3,2,5,2.54,0.762,103.32,0.2032,1.6002,101.09,6,5,2.24,0.2032,0.762,2.286,2.54,2.9464,1.3462,3.8608,1,3,3,300,1,2,5,1.89865,0.889,2.62255,1.1176,101.09,103.32,5,6,1.3462,2.9464,-1,-2.23,1.6002,5.207,26.55421782,127.6442178,172.3557822,0,0,0.574519274,57.61474938,106.09,1.1176,2.62255,1.3462,1.4605,4.411636995,10.35230727,5.31401729,5.765207437,1.3462,5.31401729,127.6442178,210.3992014,124.1642127,10.35230727,5.765207437,82.75498362,3
B00290,B00290_R2,280,Orange_4,Gate_3,3,5,2.54,0.762,103.32,0.2032,1.6002,101.09,6,5,2.24,1.6764,2.032,0.2032,1.6002,2.6416,2.413,2.413,2,3,3,300,1,3,5,2.69875,1.7272,1.44145,0.9652,101.09,103.32,5,6,2.413,2.6416,-1,-2.23,0.2286,4.826,25.05025066,126.1402507,173.8597493,1.503967157,0,0.579532498,62.16328222,106.09,0.9652,1.44145,1.1176,2.12725,3.810050132,5.690009079,4.411636995,8.397149962,2.413,9.525125331,126.1402507,205.2857131,107.0189871,5.690009079,8.397149962,79.14546244,2
B00290,B00290_R2,290,Gate_2,Yellow_3,4,5,2.54,0.762,103.32,0.2032,1.6002,101.09,6,5,2.24,0.2032,1.143,1.0668,0.2032,2.7178,0.9652,1.8034,1,3,3,300,1,4,5,1.8034,0.889,1.9558,0.508,101.09,103.32,5,6,0.9652,2.7178,-1,-2.23,1.7526,2.7686,16.92882801,118.018828,181.981172,9.625389808,0,0.606603907,108.3580149,106.09,0.508,1.9558,0.9652,1.6891,2.005289543,7.720364742,3.810050132,6.667587731,0.9652,3.810050132,118.018828,210.3992014,123.2618324,7.720364742,6.667587731,92.38037343,1
B00290,B00290_R2,289,Yellow_5,Gate_4,5,5,2.54,0.762,103.32,0.2032,1.6002,101.09,6,5,2.24,1.0668,0.7112,0.2032,1.9812,2.032,2.2606,2.6416,2,3,3,300,1,5,5,2.27965,1.4224,1.47955,0.8128,101.09,103.32,5,6,2.2606,2.032,-1,-2.23,-0.2286,4.9022,25.35104409,126.4410441,173.5589559,1.203173726,0,0.578529853,61.19701359,106.09,0.8128,1.47955,0.508,2.1463,3.208463269,5.840405795,2.005289543,8.47234832,2.2606,8.923538468,126.4410441,203.4809525,107.3197805,5.840405795,8.47234832,77.03990842,0
B00291,B00291_R1,291,Orange_1,Gate_4,1,5,2.54,0.762,93.37,0.2032,1.9812,102.18,5,6,-8.82,1.6764,2.54,0.2032,1.9812,2.6416,2.032,2.032,2,3,3,300,0,1,5,1.8034,1.1176,1.651,1.1176,93.37,102.18,5,6,2.6416,2.032,-1,-8.81,-0.6096,4.6736,24.4486638,117.8186638,182.1813362,3.007934315,0,0.607271121,64.19034577,98.37,1.1176,1.651,0.508,1.67005,4.411636995,6.517191016,2.005289543,6.592389374,2.6416,10.42750563,117.8186638,208.6950701,125.3673864,6.517191016,6.592389374,90.87640627,4
B00291,B00291_R1,279,Purple_2,Orange_4,2,5,2.54,0.762,93.37,0.2032,1.9812,102.18,5,6,-8.82,0.762,2.54,1.6764,2.032,3.556,1.1176,1.4224,3,3,3,300,0,2,5,1.7272,0.8128,1.5748,0.508,93.37,102.18,5,6,3.556,1.1176,-1,-8.81,-2.4384,4.9784,25.65183752,119.0218375,180.9781625,1.804760589,0,0.603260542,60.2603246,98.37,0.508,1.5748,1.1176,2.05105,2.005289543,6.216397584,4.411636995,8.096356531,3.556,14.0370268,119.0218375,207.4918963,122.961039,6.216397584,8.096356531,88.47005882,3
B00291,B00291_R1,282,Purple_5,Orange_3,3,5,2.54,0.762,93.37,0.2032,1.9812,102.18,5,6,-8.82,1.0668,2.032,2.286,2.54,3.2512,1.4224,1.7272,3,3,3,300,0,3,5,1.651,0.8128,1.9558,1.1176,93.37,102.18,5,6,3.2512,1.4224,-1,-8.81,-1.8288,4.9784,25.65183752,119.0218375,180.9781625,1.804760589,0,0.603260542,60.2603246,98.37,1.1176,1.9558,1.1176,1.89865,4.411636995,7.720364742,4.411636995,7.494769668,3.2512,12.83385308,119.0218375,208.6950701,128.9769076,7.720364742,7.494769668,89.67323254,2
B00291,B00291_R1,288,Orange_7,Gate_3,4,5,2.54,0.762,93.37,0.2032,1.9812,102.18,5,6,-8.82,2.54,1.6002,0.2032,1.6002,1.3462,2.7178,2.3368,2,3,3,300,0,4,5,2.43205,1.8034,1.67005,0.9652,93.37,102.18,5,6,1.3462,2.7178,-1,-8.81,1.3716,3.683,20.53834919,113.9083492,186.0916508,6.918248924,0,0.620305503,81.45533532,98.37,0.9652,1.67005,1.1938,1.7653,3.810050132,6.592389374,4.712430427,6.968381163,1.3462,5.31401729,113.9083492,216.5156993,129.5784945,6.592389374,6.968381163,102.6073501,1
B00291,B00291_R1,287,Gate_2,Green_6,5,5,2.54,0.762,93.37,0.2032,1.9812,102.18,5,6,-8.82,0.2032,1.143,2.54,0.762,2.7178,1.3462,2.7178,1,3,3,300,0,5,5,2.47015,1.9558,2.69875,1.3462,93.37,102.18,5,6,2.7178,1.3462,-1,-8.81,-1.3716,5.4356,27.45659811,120.8265981,179.1734019,0,0,0.597244673,55.19169917,98.37,1.3462,2.69875,0.9652,2.16535,5.31401729,10.6531007,3.810050132,8.547546678,2.7178,10.72829906,120.8265981,210.1990372,138.9030908,10.6531007,8.547546678,89.37243911,0
B00292,B00292_R2,290,Gate_2,Yellow_3,1,5,2.54,0.762,102.86,0.2032,1.9812,94.77,6,5,8.09,0.2032,1.143,1.0668,0.2032,2.7178,1.3462,1.8034,1,3,3,300,1,1,5,1.8796,0.889,2.032,0.508,94.77,102.86,5,6,1.3462,2.7178,-1,-8.09,1.3716,3.1496,18.43279517,113.2027952,186.7972048,9.625389808,0,0.622657349,95.2501905,99.77,0.508,2.032,0.9652,1.6891,2.005289543,8.021158173,3.810050132,6.667587731,1.3462,5.31401729,113.2027952,206.4855489,126.8713536,8.021158173,6.667587731,93.28275372,4
B00292,B00292_R2,289,Yellow_5,Gate_4,2,5,2.54,0.762,102.86,0.2032,1.9812,94.77,6,5,8.09,1.0668,0.7112,0.2032,1.9812,2.032,2.6416,2.6416,2,3,3,300,1,2,5,2.35585,1.4224,1.55575,1.1176,94.77,102.86,5,6,2.6416,2.032,-1,-8.09,-0.6096,5.2832,26.85501125,121.6250113,178.3749887,1.203173726,0,0.594583296,56.78376741,99.77,1.1176,1.55575,0.508,2.1463,4.411636995,6.141199226,2.005289543,8.47234832,2.6416,10.42750563,121.6250113,199.5673,110.9293017,6.141199226,8.47234832,77.94228871,3
B00292,B00292_R2,292,Purple_2,Gate_3,3,5,2.54,0.762,102.86,0.2032,1.9812,94.77,6,5,8.09,0.762,2.54,0.2032,1.6002,3.556,1.1176,1.4986,2,3,3,300,1,3,5,2.24155,1.4224,1.74625,0.9652,94.77,102.86,5,6,1.1176,3.556,-1,-8.09,2.4384,2.6162,16.32724115,111.0972411,188.9027589,11.73094383,0,0.629675863,114.6701323,99.77,0.9652,1.74625,1.1176,1.97485,3.810050132,6.893182805,4.411636995,7.7955631,1.1176,4.411636995,111.0972411,207.989516,124.4650061,6.893182805,7.7955631,96.8922749,2
B00292,B00292_R2,269,Gate_1,Orange_3,4,5,2.54,0.762,102.86,0.2032,1.9812,94.77,6,5,8.09,0.2032,0.762,2.286,2.54,2.9464,1.7272,3.8608,1,3,3,300,1,4,5,1.97485,0.889,2.54635,1.1176,94.77,102.86,5,6,1.7272,2.9464,-1,-8.09,1.2192,5.588,28.05818498,122.828185,177.171815,0,0,0.590572717,53.68647101,99.77,1.1176,2.54635,1.3462,1.4605,4.411636995,10.05151384,5.31401729,5.765207437,1.7272,6.817984447,122.828185,206.4855489,125.3673864,10.05151384,5.765207437,83.65736391,1
B00292,B00292_R2,280,Orange_4,Gate_3,5,5,2.54,0.762,102.86,0.2032,1.9812,94.77,6,5,8.09,1.6764,2.032,0.2032,1.6002,2.6416,2.032,2.413,2,3,3,300,1,5,5,2.62255,1.4224,1.51765,0.9652,94.77,102.86,5,6,2.032,2.6416,-1,-8.09,0.6096,4.445,23.5462835,118.3162835,181.6837165,4.511901472,0,0.605612388,67.49156355,99.77,0.9652,1.51765,1.1176,2.12725,3.810050132,5.990802511,4.411636995,8.397149962,2.032,8.021158173,118.3162835,204.3799949,113.6364426,5.990802511,8.397149962,86.06371136,0
B00293,B00293_R1,279,Purple_2,Orange_4,1,5,2.54,0.762,88.47,0.2032,1.6002,103.69,5,6,-15.21,0.762,2.54,1.6764,2.032,3.556,1.4986,1.4224,3,3,3,300,0,1,5,1.86055,0.8128,2.16535,1.1176,88.47,103.69,5,6,3.556,1.4986,-1,-15.22,-2.0574,4.9784,25.65183752,114.1218375,185.8781625,3.007934315,0,0.619593875,60.2603246,93.47,1.1176,2.16535,1.4986,2.73685,4.411636995,8.547546678,5.915604153,10.80349741,3.556,14.0370268,114.1218375,208.3069715,136.4967434,8.547546678,10.80349741,94.18513401,4
B00293,B00293_R1,282,Purple_5,Orange_3,2,5,2.54,0.762,88.47,0.2032,1.6002,103.69,5,6,-15.21,1.0668,2.032,2.286,2.54,3.2512,1.8034,1.7272,3,3,3,300,0,2,5,1.93675,0.8128,2.54635,1.1938,88.47,103.69,5,6,3.2512,1.8034,-1,-15.22,-1.4478,4.9784,25.65183752,114.1218375,185.8781625,3.007934315,0,0.619593875,60.2603246,93.47,1.1938,2.54635,1.1176,2.43205,4.712430427,10.05151384,4.411636995,9.600323688,3.2512,12.83385308,114.1218375,208.0061781,142.512612,10.05151384,9.600323688,93.88434058,3
B00293,B00293_R1,288,Orange_7,Gate_3,3,5,2.54,0.762,88.47,0.2032,1.6002,103.69,5,6,-15.21,2.54,1.6002,0.2032,1.6002,1.3462,2.3368,2.3368,2,3,3,300,0,3,5,2.6797,2.413,1.3081,0.9652,88.47,103.69,5,6,1.3462,2.3368,-1,-15.22,0.9906,3.683,20.53834919,109.0083492,190.9916508,8.12142265,0,0.636638836,81.45533532,93.47,0.9652,1.3081,1.1938,1.4986,3.810050132,5.163620574,4.712430427,5.915604153,1.3462,5.31401729,109.0083492,215.8268073,128.0745273,5.163620574,5.915604153,106.8184581,2
B00293,B00293_R1,287,Gate_2,Green_6,4,5,2.54,0.762,88.47,0.2032,1.6002,103.69,5,6,-15.21,0.2032,1.143,2.54,0.762,2.7178,0.9652,2.7178,1,3,3,300,0,4,5,1.7526,0,2.7178,1.3462,88.47,103.69,5,6,2.7178,0.9652,-1,-15.22,-1.7526,5.4356,27.45659811,115.9265981,184.0734019,1.203173726,0,0.613578006,55.19169917,93.47,1.3462,2.7178,0.9652,2.58445,5.31401729,10.72829906,3.810050132,10.20191055,2.7178,10.72829906,115.9265981,209.5101453,143.4149923,10.72829906,10.20191055,93.58354715,1
B00293,B00293_R1,293,Gate_2,Green_3,5,5,2.54,0.762,88.47,0.2032,1.6002,103.69,5,6,-15.21,0.2032,1.143,2.286,0.2032,2.7178,0.9652,3.0226,1,3,3,300,0,5,5,1.7526,0,3.0226,1.651,88.47,103.69,5,6,2.7178,0.9652,-1,-15.22,-1.7526,5.7404,28.65977184,117.1297718,182.8702282,0,0,0.609567427,52.26116647,93.47,1.651,3.0226,0.9652,2.50825,6.517191016,11.93147278,3.810050132,9.90111712,2.7178,10.72829906,117.1297718,209.5101453,147.0245135,11.93147278,9.90111712,92.38037343,0
B00294,B00294_R2,289,Yellow_5,Gate_4,1,5,2.286,0.2032,113.81,0.2032,1.6002,95.37,6,5,18.44,1.0668,0.7112,0.2032,1.9812,1.7272,2.2606,2.6416,2,3,3,300,1,1,5,2.2606,1.4224,1.651,1.1176,95.37,113.81,5,6,2.2606,1.7272,-1,-18.44,-0.5334,4.9022,25.35104409,120.7210441,179.2789559,1.203173726,0,0.59759652,61.19701359,100.37,1.1176,1.651,1.1176,2.2987,4.411636995,6.517191016,4.411636995,9.073935183,2.2606,8.923538468,120.7210441,204.9799949,114.8396163,6.517191016,9.073935183,84.25895078,4
B00294,B00294_R2,292,Purple_2,Gate_3,2,5,2.286,0.2032,113.81,0.2032,1.6002,95.37,6,5,18.44,0.762,2.54,0.2032,1.6002,3.8608,1.4986,1.4986,2,3,3,300,1,2,5,2.3368,1.4224,1.8415,1.3462,95.37,113.81,5,6,1.4986,3.8608,-1,-18.44,2.3622,2.9972,17.83120831,113.2012083,186.7987917,8.723009513,0,0.622662639,100.0934205,100.37,1.3462,1.8415,1.1176,1.97485,5.31401729,7.269174594,4.411636995,7.7955631,1.4986,5.915604153,113.2012083,207.9879292,125.3673864,7.269174594,7.7955631,94.78672088,3
B00294,B00294_R2,269,Gate_1,Orange_3,3,5,2.286,0.2032,113.81,0.2032,1.6002,95.37,6,5,18.44,0.2032,0.762,2.286,2.54,2.6416,1.3462,3.8608,1,3,3,300,1,3,5,1.7526,0,2.6416,1.1176,95.37,113.81,5,6,1.3462,2.6416,-1,-18.44,1.2954,5.207,26.55421782,121.9242178,178.0757822,0,0,0.593585941,57.61474938,100.37,1.1176,2.6416,1.3462,1.6129,4.411636995,10.42750563,5.31401729,6.3667943,1.3462,5.31401729,121.9242178,209.4918963,129.277701,10.42750563,6.3667943,87.56767852,2
B00294,B00294_R2,280,Orange_4,Gate_3,4,5,2.286,0.2032,113.81,0.2032,1.6002,95.37,6,5,18.44,1.6764,2.032,0.2032,1.6002,2.9464,2.413,2.413,2,3,3,300,1,4,5,2.7178,1.4224,1.6129,1.3462,95.37,113.81,5,6,2.413,2.9464,-1,-18.44,0.5334,4.826,25.05025066,120.4202507,179.5797493,1.503967157,0,0.598599164,62.16328222,100.37,1.3462,1.6129,1.1176,2.12725,5.31401729,6.3667943,4.411636995,8.397149962,2.413,9.525125331,120.4202507,204.378408,114.5388229,6.3667943,8.397149962,83.95815734,1
B00294,B00294_R2,294,Gate_1,Green_4,5,5,2.286,0.2032,113.81,0.2032,1.6002,95.37,6,5,18.44,0.2032,0.762,1.6764,0.7112,2.6416,1.3462,2.032,1,3,3,300,1,5,5,1.7526,0,2.3368,1.1176,95.37,113.81,5,6,1.3462,2.6416,-1,-18.44,1.2954,3.3782,19.33517546,114.7051755,185.2948245,7.219042356,0,0.617649415,88.80468889,100.37,1.1176,2.3368,1.3462,2.0701,4.411636995,9.224331899,5.31401729,8.171554889,1.3462,5.31401729,114.7051755,209.4918963,131.6840485,9.224331899,8.171554889,94.78672088,0
B00295,B00295_R1,282,Purple_5,Orange_3,1,5,2.286,0.2032,103.03,1.6764,0.7112,107,5,6,-3.96,1.0668,2.032,2.286,2.54,3.556,2.9464,1.7272,3,3,3,300,0,1,5,2.39395,2.2606,3.00355,1.1938,103.03,107,5,6,3.556,2.9464,-1,-3.97,-0.6096,5.2832,26.85501125,129.8850113,170.1149887,3.007934315,0,0.567049962,56.78376741,108.03,1.1938,3.00355,1.8034,2.96545,4.712430427,11.85627442,7.118777879,11.70587771,3.556,14.0370268,129.8850113,228.8828402,153.3411755,11.85627442,11.70587771,98.99782892,4
B00295,B00295_R1,288,Orange_7,Gate_3,2,5,2.286,0.2032,103.03,1.6764,0.7112,107,5,6,-3.96,2.54,1.6002,0.2032,1.6002,1.651,2.2606,2.3368,2,3,3,300,0,2,5,2.794,2.413,1.27,0.9652,103.03,107,5,6,1.651,2.2606,-1,-3.97,0.6096,3.9878,21.74152291,124.7715229,175.2284771,8.12142265,0,0.584094924,75.22944982,108.03,0.9652,1.27,1.1938,1.5367,3.810050132,5.013223858,4.712430427,6.066000868,1.651,6.517191016,124.7715229,233.9963285,131.0824616,5.013223858,6.066000868,109.2248056,3
B00295,B00295_R1,287,Gate_2,Green_6,3,5,2.286,0.2032,103.03,1.6764,0.7112,107,5,6,-3.96,0.2032,1.143,2.54,0.762,3.0226,2.413,2.7178,1,3,3,300,0,3,5,1.4859,0,2.5654,1.3462,103.03,107,5,6,3.0226,2.413,-1,-3.97,-0.6096,5.7404,28.65977184,131.6897718,168.3102282,1.203173726,0,0.561034094,52.26116647,108.03,1.3462,2.5654,0.9652,2.54635,5.31401729,10.12671219,3.810050132,10.05151384,3.0226,11.93147278,131.6897718,227.6796664,144.618166,10.12671219,10.05151384,95.9898946,2
B00295,B00295_R1,293,Gate_2,Green_3,4,5,2.286,0.2032,103.03,1.6764,0.7112,107,5,6,-3.96,0.2032,1.143,2.286,0.2032,3.0226,2.413,3.0226,1,3,3,300,0,4,5,1.4859,0,2.7178,1.651,103.03,107,5,6,3.0226,2.413,-1,-3.97,-0.6096,6.0452,29.86294557,132.8929456,167.1070544,0,0,0.557023515,49.62614967,108.03,1.651,2.7178,0.9652,2.47015,6.517191016,10.72829906,3.810050132,9.750720404,3.0226,11.93147278,132.8929456,227.6796664,145.8213398,10.72829906,9.750720404,94.78672088,1
B00295,B00295_R1,295,Gate_1,Green_5,5,5,2.286,0.2032,103.03,1.6764,0.7112,107,5,6,-3.96,0.2032,0.762,1.9812,0.7112,2.6416,2.032,2.3368,1,3,3,300,0,5,5,1.89865,0.889,2.66065,1.9558,103.03,107,5,6,2.6416,2.032,-1,-3.97,-0.6096,4.9784,25.65183752,128.6818375,171.3181625,4.211108041,0,0.571060542,60.2603246,108.03,1.9558,2.66065,1.3462,2.69875,7.720364742,10.50270398,5.31401729,10.6531007,2.6416,10.42750563,128.6818375,230.6876008,149.1300675,10.50270398,10.6531007,102.0057632,0
B00296,B00296_R2,292,Purple_2,Gate_3,1,5,1.9812,0.7112,121.27,1.6764,0.7112,99.58,6,5,21.69,0.762,2.54,0.2032,1.6002,3.556,3.2512,1.4986,2,3,3,300,1,1,5,2.3368,1.4224,1.9939,1.3462,99.58,121.27,5,6,3.2512,3.556,-1,-21.69,0.3048,4.7498,24.74945723,124.3294572,175.6705428,4.511901472,0,0.585568476,63.16055413,104.58,1.3462,1.9939,1.4986,2.0701,5.31401729,7.870761457,5.915604153,8.171554889,3.2512,12.83385308,124.3294572,215.2058635,129.277701,7.870761457,8.171554889,90.87640627,4
B00296,B00296_R2,269,Gate_1,Orange_3,2,5,1.9812,0.7112,121.27,1.6764,0.7112,99.58,6,5,21.69,0.2032,0.762,2.286,2.54,2.3368,2.032,3.8608,1,3,3,300,1,2,5,1.905,0,2.4892,1.1176,99.58,121.27,5,6,2.032,2.3368,-1,-21.69,0.3048,5.8928,29.2613587,128.8413587,171.1586413,0,0,0.570528804,50.90958458,104.58,1.1176,2.4892,1.3462,1.51765,4.411636995,9.825918762,5.31401729,5.990802511,2.032,8.021158173,128.8413587,219.4169715,132.5864288,9.825918762,5.990802511,90.57561284,3
B00296,B00296_R2,280,Orange_4,Gate_3,3,5,1.9812,0.7112,121.27,1.6764,0.7112,99.58,6,5,21.69,1.6764,2.032,0.2032,1.6002,3.2512,2.9464,2.413,2,3,3,300,1,3,5,2.7178,1.4224,1.7653,1.3462,99.58,121.27,5,6,2.9464,3.2512,-1,-21.69,0.3048,5.3594,27.15580468,126.7358047,173.2641953,2.10555402,0,0.577547318,55.97641527,104.58,1.3462,1.7653,1.1176,2.2225,5.31401729,6.968381163,4.411636995,8.773141752,2.9464,11.63067935,126.7358047,214.9050701,123.2618324,6.968381163,8.773141752,88.16926539,2
B00296,B00296_R2,294,Gate_1,Green_4,4,5,1.9812,0.7112,121.27,1.6764,0.7112,99.58,6,5,21.69,0.2032,0.762,1.6764,0.7112,2.3368,2.032,2.032,1,3,3,300,1,4,5,1.905,0,2.1844,0.508,99.58,121.27,5,6,2.032,2.3368,-1,-21.69,0.3048,4.064,22.04231635,121.6223163,178.3776837,7.219042356,0,0.594592279,73.81889764,104.58,0.508,2.1844,1.3462,1.97485,2.005289543,8.622745036,5.31401729,7.7955631,2.032,8.021158173,121.6223163,219.4169715,134.9927762,8.622745036,7.7955631,97.79465519,1
B00296,B00296_R2,296,Green_1,Gate_3,5,5,1.9812,0.7112,121.27,1.6764,0.7112,99.58,6,5,21.69,1.6764,0.2032,0.2032,1.6002,0.8128,0.508,2.8702,2,3,3,300,1,5,5,2.5654,2.032,1.651,1.3462,99.58,121.27,5,6,0.508,0.8128,-1,-21.69,0.3048,3.3782,19.33517546,118.9151755,181.0848245,9.926183239,0,0.603616082,88.80468889,104.58,1.3462,1.651,0.508,2.2987,5.31401729,6.517191016,2.005289543,9.073935183,0.508,2.005289543,118.9151755,222.1241124,129.277701,6.517191016,9.073935183,103.208937,0
B00297,B00297_R1,297,Orange_1,Green_6,1,5,1.9812,0.7112,112.74,0.2032,1.6002,111.51,5,6,1.23,1.6764,2.54,2.54,0.762,3.2512,2.413,2.6416,3,3,3,300,0,1,5,2.69875,1.8034,2.43205,1.3462,112.74,111.51,5,6,3.2512,2.413,-1,1.23,-0.8382,5.8928,29.2613587,142.0013587,157.9986413,0,0,0.526662138,50.90958458,117.74,1.3462,2.43205,2.413,2.81305,5.31401729,9.600323688,9.525125331,11.10429085,3.2512,12.83385308,142.0013587,242.2023613,141.9110251,9.600323688,11.10429085,100.2010026,4
B00297,B00297_R1,288,Orange_7,Gate_3,2,5,1.9812,0.7112,112.74,0.2032,1.6002,111.51,5,6,1.23,2.54,1.6002,0.2032,1.6002,1.9558,2.3368,2.3368,2,3,3,300,0,2,5,2.6416,1.8034,1.4224,0.9652,112.74,111.51,5,6,1.9558,2.3368,-1,1.23,0.381,4.2926,22.94469664,135.6846966,164.3153034,6.316662061,0,0.547717678,69.88771374,117.74,0.9652,1.4224,1.3462,1.5748,3.810050132,5.614810721,5.31401729,6.216397584,1.9558,7.720364742,135.6846966,243.1047416,132.2856353,5.614810721,6.216397584,107.420045,3
B00297,B00297_R1,293,Gate_2,Green_3,3,5,1.9812,0.7112,112.74,0.2032,1.6002,111.51,5,6,1.23,0.2032,1.143,2.286,0.2032,2.7178,0.9652,3.0226,1,3,3,300,0,3,5,1.6383,0,2.5654,1.651,112.74,111.51,5,6,2.7178,0.9652,-1,1.23,-1.7526,5.7404,28.65977184,141.3997718,158.6002282,0.601586863,0,0.528667427,52.26116647,117.74,1.651,2.5654,0.9652,2.27965,6.517191016,10.12671219,3.810050132,8.998736825,2.7178,10.72829906,141.3997718,238.5928402,144.618166,10.12671219,8.998736825,97.19306833,2
B00297,B00297_R1,295,Gate_1,Green_5,4,5,1.9812,0.7112,112.74,0.2032,1.6002,111.51,5,6,1.23,0.2032,0.762,1.9812,0.7112,2.3368,1.3462,2.3368,1,3,3,300,0,4,5,2.05105,0.889,2.66065,1.9558,112.74,111.51,5,6,2.3368,1.3462,-1,1.23,-0.9906,4.6736,24.4486638,137.1886638,162.8113362,4.812694904,0,0.542704454,64.19034577,117.74,1.9558,2.66065,1.3462,2.47015,7.720364742,10.50270398,5.31401729,9.750720404,2.3368,9.224331899,137.1886638,241.6007745,150.3332412,10.50270398,9.750720404,104.4121107,1
B00297,B00297_R1,287,Gate_2,Green_6,5,5,1.9812,0.7112,112.74,0.2032,1.6002,111.51,5,6,1.23,0.2032,1.143,2.54,0.762,2.7178,0.9652,2.7178,1,3,3,300,0,5,5,1.6383,0,2.413,1.3462,112.74,111.51,5,6,2.7178,0.9652,-1,1.23,-1.7526,5.4356,27.45659811,140.1965981,159.8034019,1.804760589,0,0.532678006,55.19169917,117.74,1.3462,2.413,0.9652,2.35585,5.31401729,9.525125331,3.810050132,9.299530257,2.7178,10.72829906,140.1965981,238.5928402,143.4149923,9.525125331,9.299530257,98.39624206,0
B00298,B00298_R2,298,Gate_1,Orange_5,1,5,2.54,0.762,126.77,0.2032,1.6002,101.57,6,5,25.2,0.2032,0.762,1.9812,2.032,2.9464,1.3462,3.556,1,3,3,300,1,1,5,1.3208,0,2.794,0.8128,101.57,126.77,5,6,1.3462,2.9464,-1,-25.2,1.6002,4.9022,25.35104409,126.9210441,173.0789559,3.308727746,0,0.576929853,61.19701359,106.57,0.8128,2.794,1.3462,2.1463,3.208463269,11.02909249,5.31401729,8.47234832,1.3462,5.31401729,126.9210441,226.5204599,143.7157857,11.02909249,8.47234832,99.59941578,4
B00298,B00298_R2,280,Orange_4,Gate_3,2,5,2.54,0.762,126.77,0.2032,1.6002,101.57,6,5,25.2,1.6764,2.032,0.2032,1.6002,2.6416,2.413,2.413,2,3,3,300,1,2,5,3.175,2.9464,1.7272,1.3462,101.57,126.77,5,6,2.413,2.6416,-1,-25.2,0.2286,4.826,25.05025066,126.6202507,173.3797493,3.609521178,0,0.577932498,62.16328222,106.57,1.3462,1.7272,0.8128,1.82245,5.31401729,6.817984447,3.208463269,7.193976237,2.413,9.525125331,126.6202507,220.2037978,127.172147,6.817984447,7.193976237,93.58354715,3
B00298,B00298_R2,294,Gate_1,Green_4,3,5,2.54,0.762,126.77,0.2032,1.6002,101.57,6,5,25.2,0.2032,0.762,1.6764,0.7112,2.9464,1.3462,2.032,1,3,3,300,1,3,5,1.3208,0,1.8796,0.508,101.57,126.77,5,6,1.3462,2.9464,-1,-25.2,1.6002,3.3782,19.33517546,120.9051755,179.0948245,9.324596376,0,0.596982748,88.80468889,106.57,0.508,1.8796,1.3462,2.5273,2.005289543,7.41957131,5.31401729,9.976315478,1.3462,5.31401729,120.9051755,226.5204599,135.2935697,7.41957131,9.976315478,105.6152844,2
B00298,B00298_R2,296,Green_1,Gate_3,4,5,2.54,0.762,126.77,0.2032,1.6002,101.57,6,5,25.2,1.6764,0.2032,0.2032,1.6002,1.4224,2.8702,2.8702,2,3,3,300,1,4,5,2.2606,2.032,1.6129,1.3462,101.57,126.77,5,6,2.8702,1.4224,-1,-25.2,-1.4478,5.7404,28.65977184,130.2297718,169.7702282,0,0,0.565900761,52.26116647,106.57,1.3462,1.6129,0.508,2.39395,5.31401729,6.3667943,2.005289543,9.449926973,2.8702,11.32988592,130.2297718,217.1958635,121.7578652,6.3667943,9.449926973,86.96609166,1
B00298,B00298_R2,269,Gate_1,Orange_3,5,5,2.54,0.762,126.77,0.2032,1.6002,101.57,6,5,25.2,0.2032,0.762,2.286,2.54,2.9464,1.3462,3.8608,1,3,3,300,1,5,5,1.3208,0,2.9464,1.1176,101.57,126.77,5,6,1.3462,2.9464,-1,-25.2,1.6002,5.207,26.55421782,128.1242178,171.8757822,2.10555402,0,0.572919274,57.61474938,106.57,1.1176,2.9464,1.3462,2.0701,4.411636995,11.63067935,5.31401729,8.171554889,1.3462,5.31401729,128.1242178,226.5204599,144.9189595,11.63067935,8.171554889,98.39624206,0
B00299,B00299_R2,294,Gate_1,Green_4,1,6,2.54,0.762,117.11,2.286,2.54,118.3,5,6,-1.2,0.2032,0.762,1.6764,0.7112,2.9464,3.8608,2.032,1,3,3,300,1,1,6,1.76784,0,2.15392,0.508,118.3,117.11,6,5,3.8608,2.9464,1,1.19,-0.9144,5.8928,29.2613587,147.5613587,152.4386413,7.219042356,0,0.508128804,50.90958458,124.3,0.508,2.15392,1.3462,2.30632,2.005289543,8.502427664,5.31401729,9.104014527,3.8608,15.24020053,147.5613587,280.3324478,185.2094107,8.502427664,9.104014527,132.7710891,5
B00299,B00299_R2,296,Green_1,Gate_3,2,6,2.54,0.762,117.11,2.286,2.54,118.3,5,6,-1.2,1.6764,0.2032,0.2032,1.6002,1.4224,2.9464,2.8702,2,3,3,300,1,2,6,2.45872,2.032,1.83388,1.3462,118.3,117.11,6,5,2.9464,1.4224,1,1.19,-1.524,5.8166,28.96056527,147.2605653,152.7394347,7.519835787,0,0.509131449,51.57652237,124.3,1.3462,1.83388,0.508,2.13868,5.31401729,7.239095251,2.005289543,8.442268977,2.9464,11.63067935,147.2605653,280.6332412,179.193542,7.239095251,8.442268977,133.372676,4
B00299,B00299_R2,269,Gate_1,Orange_3,3,6,2.54,0.762,117.11,2.286,2.54,118.3,5,6,-1.2,0.2032,0.762,2.286,2.54,2.9464,3.8608,3.8608,1,3,3,300,1,3,6,1.76784,0,2.51968,0.8128,118.3,117.11,6,5,3.8608,2.9464,1,1.19,-0.9144,7.7216,36.48040106,154.7804011,145.2195989,0,0,0.48406533,38.85205139,124.3,0.8128,2.51968,1.3462,1.94056,3.208463269,9.946236135,5.31401729,7.660206055,3.8608,15.24020053,154.7804011,280.3324478,185.2094107,9.946236135,7.660206055,125.5520467,3
B00299,B00299_R2,280,Orange_4,Gate_3,4,6,2.54,0.762,117.11,2.286,2.54,118.3,5,6,-1.2,1.6764,2.032,0.2032,1.6002,2.6416,1.1176,2.413,2,3,3,300,1,4,6,2.70256,0.8128,1.92532,1.3462,118.3,117.11,6,5,1.1176,2.6416,1,1.19,1.524,3.5306,19.93676233,138.2367623,161.7632377,16.54363873,0,0.539210792,84.97139296,124.3,1.3462,1.92532,0.8128,2.04724,5.31401729,7.600047369,3.208463269,8.081316859,1.1176,4.411636995,138.2367623,289.0554573,190.0221056,7.600047369,8.081316859,150.818695,2
B00299,B00299_R2,298,Gate_1,Orange_5,5,6,2.54,0.762,117.11,2.286,2.54,118.3,5,6,-1.2,0.2032,0.762,1.9812,2.032,2.9464,3.8608,3.556,1,3,3,300,1,5,6,1.76784,0,2.2352,0,118.3,117.11,6,5,3.8608,2.9464,1,1.19,-0.9144,7.4168,35.27722733,153.5772273,146.4227727,1.203173726,0,0.488075909,40.44871103,124.3,0,2.2352,1.3462,2.00152,0,8.82327399,5.31401729,7.900840801,3.8608,15.24020053,153.5772273,280.3324478,180.7977737,8.82327399,7.900840801,126.7552205,1
B00299,B00299_R2,299,Orange_5,Yellow_5,6,6,2.54,0.762,117.11,2.286,2.54,118.3,5,6,-1.2,1.9812,2.032,1.0668,0.7112,2.3368,0.8128,3.2512,3,3,3,300,1,6,6,2.9464,0.8128,1.66624,1.1176,118.3,117.11,6,5,0.8128,2.3368,1,1.19,1.524,4.064,22.04231635,140.3423163,159.6576837,14.43808471,0,0.532192279,73.81889764,124.3,1.1176,1.66624,0,1.89992,4.411636995,6.577349702,0,7.499782892,0.8128,3.208463269,140.3423163,287.0501678,182.8030632,6.577349702,7.499782892,146.7078514,0
B00300,B00300_R1,293,Gate_2,Green_3,1,5,2.54,0.762,109.7,1.0668,0.7112,129.51,5,6,-19.81,0.2032,1.143,2.286,0.2032,2.7178,1.8034,3.0226,1,3,3,300,0,1,5,1.3716,0,2.2606,1.651,109.7,129.51,5,6,2.7178,1.8034,-1,-19.81,-0.9144,5.7404,28.65977184,138.3597718,161.6402282,0,0,0.538800761,52.26116647,114.7,1.651,2.2606,0.9652,2.39395,6.517191016,8.923538468,3.810050132,9.449926973,2.7178,10.72829906,138.3597718,233.1464927,137.3991237,8.923538468,9.449926973,94.78672088,4
B00300,B00300_R1,295,Gate_1,Green_5,2,5,2.54,0.762,109.7,1.0668,0.7112,129.51,5,6,-19.81,0.2032,0.762,1.9812,0.7112,2.9464,1.4224,2.3368,1,3,3,300,0,2,5,1.59385,0.889,2.20345,1.4224,109.7,129.51,5,6,2.9464,1.4224,-1,-19.81,-1.524,5.2832,26.85501125,136.5550113,163.4449887,1.804760589,0,0.544816629,56.78376741,114.7,1.4224,2.20345,1.3462,2.62255,5.614810721,8.697943394,5.31401729,10.35230727,2.9464,11.63067935,136.5550113,233.7480796,138.301504,8.697943394,10.35230727,97.19306833,3
B00300,B00300_R1,300,Yellow_3,Orange_6,3,5,2.54,0.762,109.7,1.0668,0.7112,129.51,5,6,-19.81,1.0668,0.2032,2.54,1.9812,2.032,0.508,3.2512,3,3,3,300,0,3,5,1.97485,1.4224,2.69875,0.889,109.7,129.51,5,6,2.032,0.508,-1,-19.81,-1.524,5.2832,26.85501125,136.5550113,163.4449887,1.804760589,0,0.544816629,56.78376741,114.7,0.889,2.69875,1.4224,1.86055,3.509256701,10.6531007,5.614810721,7.344372952,2.032,8.021158173,136.5550113,237.6583942,146.1221332,10.6531007,7.344372952,101.1033829,2
B00300,B00300_R1,288,Orange_7,Gate_3,4,5,2.54,0.762,109.7,1.0668,0.7112,129.51,5,6,-19.81,2.54,1.6002,0.2032,1.6002,1.3462,2.8702,2.3368,2,3,3,300,0,4,5,2.9083,2.794,1.3843,0.9652,109.7,129.51,5,6,1.3462,2.8702,-1,-19.81,1.524,3.683,20.53834919,130.2383492,169.7616508,8.12142265,0,0.565872169,81.45533532,114.7,0.9652,1.3843,0.889,1.4605,3.810050132,5.464414005,3.509256701,5.765207437,1.3462,5.31401729,130.2383492,238.2599811,131.6840485,5.464414005,5.765207437,108.0216319,1
B00300,B00300_R1,287,Gate_2,Green_6,5,5,2.54,0.762,109.7,1.0668,0.7112,129.51,5,6,-19.81,0.2032,1.143,2.54,0.762,2.7178,1.8034,2.7178,1,3,3,300,0,5,5,1.3716,0,2.2606,1.3462,109.7,129.51,5,6,2.7178,1.8034,-1,-19.81,-0.9144,5.4356,27.45659811,137.1565981,162.8434019,1.203173726,0,0.54281134,55.19169917,114.7,1.3462,2.2606,0.9652,2.47015,5.31401729,8.923538468,3.810050132,9.750720404,2.7178,10.72829906,137.1565981,233.1464927,138.6022974,8.923538468,9.750720404,95.9898946,0
B00301,B00301_R2,296,Green_1,Gate_3,1,6,2.54,0.762,119.23,1.0668,0.7112,121.19,5,6,-1.96,1.6764,0.2032,0.2032,1.6002,1.4224,1.1176,2.8702,2,3,3,300,1,1,6,2.70256,2.032,1.86436,1.3462,121.19,119.23,6,5,1.1176,1.4224,1,1.96,0.3048,3.9878,21.74152291,142.9315229,157.0684771,9.926183239,0,0.52356159,75.22944982,127.19,1.3462,1.86436,1.1176,2.2606,5.31401729,7.359412624,4.411636995,8.923538468,1.1176,4.411636995,142.9315229,285.9295887,179.7951289,7.359412624,8.923538468,142.9980658,5
B00301,B00301_R2,301,Purple_2,Yellow_3,2,6,2.54,0.762,119.23,1.0668,0.7112,121.19,5,6,-1.96,0.762,2.54,1.0668,0.2032,3.556,3.2512,3.2512,3,3,3,300,1,2,6,2.21488,1.4224,2.032,1.1176,121.19,119.23,6,5,3.2512,3.556,1,1.96,0.3048,6.5024,31.66770615,152.8577062,147.1422938,0,0,0.490474313,46.13681102,127.19,1.1176,2.032,1.4986,2.00152,4.411636995,8.021158173,5.915604153,7.900840801,3.2512,12.83385308,152.8577062,279.0113398,173.1776734,8.021158173,7.900840801,126.1536336,4
B00301,B00301_R2,269,Gate_1,Orange_3,3,6,2.54,0.762,119.23,1.0668,0.7112,121.19,5,6,-1.96,0.2032,0.762,2.286,2.54,2.9464,1.4224,3.8608,1,3,3,300,1,3,6,2.2352,0,2.15392,0.8128,121.19,119.23,6,5,1.4224,2.9464,1,1.96,1.524,5.2832,26.85501125,148.0450113,151.9549887,4.812694904,0,0.506516629,56.78376741,127.19,0.8128,2.15392,1.3462,1.81864,3.208463269,8.502427664,5.31401729,7.178936565,1.4224,5.614810721,148.0450113,285.6287952,180.3967157,8.502427664,7.178936565,137.583784,3
B00301,B00301_R2,280,Orange_4,Gate_3,4,6,2.54,0.762,119.23,1.0668,0.7112,121.19,5,6,-1.96,1.6764,2.032,0.2032,1.6002,2.6416,2.9464,2.413,2,3,3,300,1,4,6,2.3368,0.8128,1.9558,1.3462,121.19,119.23,6,5,2.9464,2.6416,1,1.96,-0.3048,5.3594,27.15580468,148.3458047,151.6541953,4.511901472,0,0.505513984,55.97641527,127.19,1.3462,1.9558,0.8128,2.04724,5.31401729,7.720364742,3.208463269,8.081316859,2.9464,11.63067935,148.3458047,277.5073726,176.1856077,7.720364742,8.081316859,129.1615679,2
B00301,B00301_R2,298,Gate_1,Orange_5,5,6,2.54,0.762,119.23,1.0668,0.7112,121.19,5,6,-1.96,0.2032,0.762,1.9812,2.032,2.9464,1.4224,3.556,1,3,3,300,1,5,6,2.2352,0,1.86944,0,121.19,119.23,6,5,1.4224,2.9464,1,1.96,1.524,4.9784,25.65183752,146.8418375,153.1581625,6.01586863,0,0.510527208,60.2603246,127.19,0,1.86944,1.3462,1.8796,0,7.379465519,5.31401729,7.41957131,1.4224,5.614810721,146.8418375,285.6287952,175.9850788,7.379465519,7.41957131,138.7869577,1
B00301,B00301_R2,299,Orange_5,Yellow_5,6,6,2.54,0.762,119.23,1.0668,0.7112,121.19,5,6,-1.96,1.9812,2.032,1.0668,0.7112,2.3368,3.2512,3.2512,3,3,3,300,1,6,6,2.58064,0.8128,2.032,1.1176,121.19,119.23,6,5,3.2512,2.3368,1,1.96,-0.9144,6.5024,31.66770615,152.8577062,147.1422938,0,0,0.490474313,46.13681102,127.19,1.1176,2.032,0,1.89992,4.411636995,8.021158173,0,7.499782892,3.2512,12.83385308,152.8577062,273.0957356,173.1776734,8.021158173,7.499782892,120.2380294,0
B00302,B00302_R1,302,Gate_2,Orange_7,1,5,2.54,0.762,105.58,1.0668,0.7112,135.46,5,6,-29.88,0.2032,1.143,2.54,1.6002,2.7178,1.8034,2.794,1,3,3,300,0,1,5,1.3716,0,2.2098,0,105.58,135.46,5,6,2.7178,1.8034,-1,-29.88,-0.9144,5.5118,27.75739154,133.3373915,166.6626085,0,0,0.555542028,54.42868029,110.58,0,2.2098,0.9652,2.39395,0,8.723009513,3.810050132,9.449926973,2.7178,10.72829906,133.3373915,228.1241124,136.5970079,8.723009513,9.449926973,94.78672088,4
B00302,B00302_R1,288,Orange_7,Gate_3,2,5,2.54,0.762,105.58,1.0668,0.7112,135.46,5,6,-29.88,2.54,1.6002,0.2032,1.6002,1.3462,2.8702,2.3368,2,3,3,300,0,2,5,2.9083,2.794,1.3843,0.9652,105.58,135.46,5,6,1.3462,2.8702,-1,-29.88,1.524,3.683,20.53834919,126.1183492,173.8816508,7.219042356,0,0.579605503,81.45533532,110.58,0.9652,1.3843,0,1.04775,3.810050132,5.464414005,0,4.135909683,1.3462,5.31401729,126.1183492,229.7283441,130.7816682,5.464414005,4.135909683,103.6099949,3
B00302,B00302_R1,295,Gate_1,Green_5,3,5,2.54,0.762,105.58,1.0668,0.7112,135.46,5,6,-29.88,0.2032,0.762,1.9812,0.7112,2.9464,1.4224,2.3368,1,3,3,300,0,3,5,1.59385,0.889,2.20345,1.4224,105.58,135.46,5,6,2.9464,1.4224,-1,-29.88,-1.524,5.2832,26.85501125,132.4350113,167.5649887,0.902380294,0,0.558549962,56.78376741,110.58,1.4224,2.20345,1.3462,2.7559,5.614810721,8.697943394,5.31401729,10.87869577,2.9464,11.63067935,132.4350113,228.7256993,137.3991237,8.697943394,10.87869577,96.29068804,2
B00302,B00302_R1,287,Gate_2,Green_6,4,5,2.54,0.762,105.58,1.0668,0.7112,135.46,5,6,-29.88,0.2032,1.143,2.54,0.762,2.7178,1.8034,2.7178,1,3,3,300,0,4,5,1.3716,0,2.2606,1.3462,105.58,135.46,5,6,2.7178,1.8034,-1,-29.88,-0.9144,5.4356,27.45659811,133.0365981,166.9634019,0.300793431,0,0.556544673,55.19169917,110.58,1.3462,2.2606,0.9652,2.413,5.31401729,8.923538468,3.810050132,9.525125331,2.7178,10.72829906,133.0365981,228.1241124,137.6999171,8.923538468,9.525125331,95.08751431,1
B00302,B00302_R1,300,Yellow_3,Orange_6,5,5,2.54,0.762,105.58,1.0668,0.7112,135.46,5,6,-29.88,1.0668,0.2032,2.54,1.9812,2.032,0.508,3.2512,3,3,3,300,0,5,5,1.97485,1.4224,2.69875,0.889,105.58,135.46,5,6,2.032,0.508,-1,-29.88,-1.524,5.2832,26.85501125,132.4350113,167.5649887,0.902380294,0,0.558549962,56.78376741,110.58,0.889,2.69875,1.4224,2.1463,3.509256701,10.6531007,5.614810721,8.47234832,2.032,8.021158173,132.4350113,232.6360139,145.2197529,10.6531007,8.47234832,100.2010026,0
B00303,B00303_R1,288,Orange_7,Gate_3,1,5,2.54,1.9812,120.47,1.0668,0.7112,130.3,5,6,-9.82,2.54,1.6002,0.2032,1.6002,0.889,2.8702,2.3368,2,3,3,300,0,1,5,3.00355,2.794,1.47955,0.9652,120.47,130.3,5,6,0.889,2.8702,-1,-9.83,1.9812,3.2258,18.7335886,139.2035886,160.7964114,12.93411755,0,0.535988038,93.000186,125.47,0.9652,1.47955,0.889,1.7653,3.810050132,5.840405795,3.509256701,6.968381163,0.889,3.509256701,139.2035886,255.0458497,139.2038843,5.840405795,6.968381163,115.8422611,4
B00303,B00303_R1,287,Gate_2,Green_6,2,5,2.54,1.9812,120.47,1.0668,0.7112,130.3,5,6,-9.82,0.2032,1.143,2.54,0.762,3.175,1.8034,2.7178,1,3,3,300,0,2,5,1.59385,0.889,2.31775,1.3462,120.47,130.3,5,6,3.175,1.8034,-1,-9.83,-1.3716,5.8928,29.2613587,149.7313587,150.2686413,2.406347452,0,0.500895471,50.90958458,125.47,1.3462,2.31775,0.9652,2.16535,5.31401729,9.149133541,3.810050132,8.547546678,3.175,12.53305965,149.7313587,246.3228402,141.9110251,9.149133541,8.547546678,96.59148147,3
B00303,B00303_R1,295,Gate_1,Green_5,3,5,2.54,1.9812,120.47,1.0668,0.7112,130.3,5,6,-9.82,0.2032,0.762,1.9812,0.7112,3.556,1.4224,2.3368,1,3,3,300,0,3,5,1.3716,0,2.1082,1.4224,120.47,130.3,5,6,3.556,1.4224,-1,-9.83,-2.1336,5.8928,29.2613587,149.7313587,150.2686413,2.406347452,0,0.500895471,50.90958458,125.47,1.4224,2.1082,1.3462,2.31775,5.614810721,8.321951605,5.31401729,9.149133541,3.556,14.0370268,149.7313587,246.3228402,138.6022974,8.321951605,9.149133541,96.59148147,2
B00303,B00303_R1,303,Gate_1,Yellow_3,4,5,2.54,1.9812,120.47,1.0668,0.7112,130.3,5,6,-9.82,0.2032,0.762,1.0668,0.2032,3.556,1.4224,1.4224,1,3,3,300,0,4,5,1.3716,0,1.524,0,120.47,130.3,5,6,3.556,1.4224,-1,-9.83,-2.1336,4.9784,25.65183752,146.1218375,153.8781625,6.01586863,0,0.512927208,60.2603246,125.47,0,1.524,1.3462,2.54635,0,6.01586863,5.31401729,10.05151384,3.556,14.0370268,146.1218375,246.3228402,132.9874867,6.01586863,10.05151384,100.2010026,1
B00303,B00303_R1,300,Yellow_3,Orange_6,5,5,2.54,1.9812,120.47,1.0668,0.7112,130.3,5,6,-9.82,1.0668,0.2032,2.54,1.9812,3.2512,0.508,3.2512,3,3,3,300,0,5,5,1.8796,1.4224,2.794,0.889,120.47,130.3,5,6,3.2512,0.508,-1,-9.83,-2.7432,6.5024,31.66770615,152.1377062,147.8622938,0,0,0.492874313,46.13681102,125.47,0.889,2.794,0,1.42875,3.509256701,11.02909249,0,5.63987684,3.2512,12.83385308,152.1377062,242.2119966,147.0245135,11.02909249,5.63987684,90.07429045,0
B00304,B00304_R2,298,Gate_1,Orange_5,1,5,2.54,1.9812,117.92,1.0668,0.7112,116.13,6,5,1.79,0.2032,0.762,1.9812,2.032,3.556,1.4224,3.556,1,3,3,300,1,1,5,1.7018,0,1.9812,0,116.13,117.92,5,6,1.4224,3.556,-1,-1.79,2.1336,4.9784,25.65183752,141.7818375,158.2181625,6.01586863,0,0.527393875,60.2603246,121.13,0,1.9812,1.3462,2.39395,0,7.820629219,5.31401729,9.449926973,1.4224,5.614810721,141.7818375,250.4050563,140.206529,7.820629219,9.449926973,108.6232187,4
B00304,B00304_R2,299,Orange_5,Yellow_5,2,5,2.54,1.9812,117.92,1.0668,0.7112,116.13,6,5,1.79,1.9812,2.032,1.0668,0.7112,1.1176,3.2512,3.2512,3,3,3,300,1,2,5,2.8702,0.8128,1.8034,1.4224,116.13,117.92,5,6,3.2512,1.1176,-1,-1.79,-2.1336,6.5024,31.66770615,147.7977062,152.2022938,0,0,0.507340979,46.13681102,121.13,1.4224,1.8034,0,1.46685,5.614810721,7.118777879,0,5.790273556,3.2512,12.83385308,147.7977062,237.8719966,131.383255,7.118777879,5.790273556,90.07429045,3
B00304,B00304_R2,269,Gate_1,Orange_3,3,5,2.54,1.9812,117.92,1.0668,0.7112,116.13,6,5,1.79,0.2032,0.762,2.286,2.54,3.556,1.4224,3.8608,1,3,3,300,1,3,5,1.7018,0,2.413,0.8128,116.13,117.92,5,6,1.4224,3.556,-1,-1.79,2.1336,5.2832,26.85501125,142.9850113,157.0149887,4.812694904,0,0.523383296,56.78376741,121.13,0.8128,2.413,1.3462,2.31775,3.208463269,9.525125331,5.31401729,9.149133541,1.4224,5.614810721,142.9850113,250.4050563,145.8213398,9.525125331,9.149133541,107.420045,2
B00304,B00304_R2,280,Orange_4,Gate_3,4,5,2.54,1.9812,117.92,1.0668,0.7112,116.13,6,5,1.79,1.6764,2.032,0.2032,1.6002,1.4224,2.9464,2.413,2,3,3,300,1,4,5,2.6416,0.8128,1.6891,1.3462,116.13,117.92,5,6,2.9464,1.4224,-1,-1.79,-1.524,5.3594,27.15580468,143.2858047,156.7141953,4.511901472,0,0.522380651,55.97641527,121.13,1.3462,1.6891,0.8128,1.8796,5.31401729,6.667587731,3.208463269,7.41957131,2.9464,11.63067935,143.2858047,242.2836336,134.0903959,6.667587731,7.41957131,98.99782892,1
B00304,B00304_R2,304,Gate_1,Green_6,5,5,2.54,1.9812,117.92,1.0668,0.7112,116.13,6,5,1.79,0.2032,0.762,2.54,0.762,3.556,1.4224,2.9464,1,3,3,300,1,5,5,1.7018,0,2.7178,2.3368,116.13,117.92,5,6,1.4224,3.556,-1,-1.79,2.1336,4.3688,23.24549007,139.3754901,160.6245099,8.422216082,0,0.535415033,68.66874199,121.13,2.3368,2.7178,1.3462,2.54635,9.224331899,10.72829906,5.31401729,10.05151384,1.4224,5.614810721,139.3754901,250.4050563,154.2435558,10.72829906,10.05151384,111.0295662,0
B00305,B00305_R1,303,Gate_1,Yellow_3,1,5,2.54,1.9812,103.97,2.54,0.762,130.54,5,6,-26.57,0.2032,0.762,1.0668,0.2032,3.556,2.9464,1.4224,1,3,3,300,0,1,5,1.23825,0,1.23825,0,103.97,130.54,5,6,3.556,2.9464,-1,-26.57,-0.6096,4.9784,25.65183752,129.6218375,170.3781625,6.01586863,0,0.567927208,60.2603246,108.97,0,1.23825,1.7272,2.6416,0,4.887893262,6.817984447,10.42750563,3.556,14.0370268,129.6218375,241.8545774,139.0033553,4.887893262,10.42750563,112.2327399,4
B00305,B00305_R1,300,Yellow_3,Orange_6,2,5,2.54,1.9812,103.97,2.54,0.762,130.54,5,6,-26.57,1.0668,0.2032,2.54,1.9812,3.2512,2.032,3.2512,3,3,3,300,0,2,5,1.59385,1.4224,3.07975,2.032,103.97,130.54,5,6,3.2512,2.032,-1,-26.57,-1.2192,6.5024,31.66770615,135.6377062,164.3622938,0,0,0.547874313,46.13681102,108.97,2.032,3.07975,0,1.524,8.021158173,12.15706786,0,6.01586863,3.2512,12.83385308,135.6377062,236.2397667,162.0641851,12.15706786,6.01586863,100.6020606,3
B00305,B00305_R1,287,Gate_2,Green_6,3,5,2.54,1.9812,103.97,2.54,0.762,130.54,5,6,-26.57,0.2032,1.143,2.54,0.762,3.175,2.7178,2.7178,1,3,3,300,0,3,5,1.651,0.889,2.1844,0.8128,103.97,130.54,5,6,3.175,2.7178,-1,-26.57,-0.4572,5.8928,29.2613587,133.2313587,166.7686413,2.406347452,0,0.555895471,50.90958458,108.97,0.8128,2.1844,1.3462,2.2606,3.208463269,8.622745036,5.31401729,8.923538468,3.175,12.53305965,133.2313587,241.8545774,150.3332412,8.622745036,8.923538468,108.6232187,2
B00305,B00305_R1,305,Green_3,Gate_4,4,5,2.54,1.9812,103.97,2.54,0.762,130.54,5,6,-26.57,2.286,0.2032,0.2032,1.9812,2.032,0.8128,3.8608,2,3,3,300,0,4,5,2.50825,1.7272,1.86055,1.3462,103.97,130.54,5,6,2.032,0.8128,-1,-26.57,-1.2192,5.8928,29.2613587,133.2313587,166.7686413,2.406347452,0,0.555895471,50.90958458,108.97,1.3462,1.86055,0.8128,1.3462,5.31401729,7.344372952,3.208463269,5.31401729,2.032,8.021158173,133.2313587,244.2609249,145.2197529,7.344372952,5.31401729,111.0295662,1
B00305,B00305_R1,295,Gate_1,Green_5,5,5,2.54,1.9812,103.97,2.54,0.762,130.54,5,6,-26.57,0.2032,0.762,1.9812,0.7112,3.556,2.9464,2.3368,1,3,3,300,0,5,5,1.23825,0,1.82245,0.8128,103.97,130.54,5,6,3.556,2.9464,-1,-26.57,-0.6096,5.8928,29.2613587,133.2313587,166.7686413,2.406347452,0,0.555895471,50.90958458,108.97,0.8128,1.82245,1.4224,2.413,3.208463269,7.193976237,5.614810721,9.525125331,3.556,14.0370268,133.2313587,240.6514037,144.618166,7.193976237,9.525125331,107.420045,0
B00306,B00306_R2,299,Orange_5,Yellow_5,1,5,1.9812,0.7112,125.1,2.54,0.762,115.02,6,5,10.08,1.9812,2.032,1.0668,0.7112,2.9464,2.3368,3.2512,3,3,3,300,1,1,5,2.9464,0.8128,1.7272,1.1176,115.02,125.1,5,6,2.3368,2.9464,-1,-10.08,0.6096,5.588,28.05818498,143.078185,156.921815,4.812694904,0,0.523072717,53.68647101,120.02,1.1176,1.7272,0.8128,2.05105,4.411636995,6.817984447,3.208463269,8.096356531,2.3368,9.224331899,143.078185,249.5958497,139.8054711,6.817984447,8.096356531,106.5176647,4
B00306,B00306_R2,306,Yellow_1,Gate_4,2,5,1.9812,0.7112,125.1,2.54,0.762,115.02,6,5,10.08,0.4572,0.2032,0.2032,1.9812,2.032,2.6416,2.032,2,3,3,300,1,2,5,2.2606,0.8128,1.9558,1.7272,115.02,125.1,5,6,2.6416,2.032,-1,-10.08,-0.6096,4.6736,24.4486638,139.4686638,160.5313362,8.422216082,0,0.535104454,64.19034577,120.02,1.7272,1.9558,1.1176,2.39395,6.817984447,7.720364742,4.411636995,9.449926973,2.6416,10.42750563,139.4686638,249.5958497,147.0245135,7.720364742,9.449926973,110.1271859,3
B00306,B00306_R2,269,Gate_1,Orange_3,3,5,1.9812,0.7112,125.1,2.54,0.762,115.02,6,5,10.08,0.2032,0.762,2.286,2.54,2.3368,2.9464,3.8608,1,3,3,300,1,3,5,1.905,0,2.4892,0.8128,115.02,125.1,5,6,2.9464,2.3368,-1,-10.08,-0.6096,6.8072,32.87087988,147.8908799,152.1091201,0,0,0.5070304,44.07098366,120.02,0.8128,2.4892,1.3462,1.86055,3.208463269,9.825918762,5.31401729,7.344372952,2.9464,11.63067935,147.8908799,249.2950563,147.0245135,9.825918762,7.344372952,101.4041764,2
B00306,B00306_R2,280,Orange_4,Gate_3,4,5,1.9812,0.7112,125.1,2.54,0.762,115.02,6,5,10.08,1.6764,2.032,0.2032,1.6002,3.2512,2.6416,2.413,2,3,3,300,1,4,5,2.7178,0.8128,1.7653,1.3462,115.02,125.1,5,6,2.6416,3.2512,-1,-10.08,0.6096,5.0546,25.95263096,140.972631,159.027369,6.918248924,0,0.53009123,59.3518775,120.02,1.3462,1.7653,1.1176,2.1844,5.31401729,6.968381163,4.411636995,8.622745036,2.6416,10.42750563,140.972631,249.5958497,142.512612,6.968381163,8.622745036,108.6232187,1
B00306,B00306_R2,304,Gate_1,Green_6,5,5,1.9812,0.7112,125.1,2.54,0.762,115.02,6,5,10.08,0.2032,0.762,2.54,0.762,2.3368,2.9464,2.9464,1,3,3,300,1,5,5,1.905,0,2.6416,2.3368,115.02,125.1,5,6,2.9464,2.3368,-1,-10.08,-0.6096,5.8928,29.2613587,144.2813587,155.7186413,3.609521178,0,0.519062138,50.90958458,120.02,2.3368,2.6416,1.3462,2.08915,9.224331899,10.42750563,5.31401729,8.246753247,2.9464,11.63067935,144.2813587,249.2950563,153.0403821,10.42750563,8.246753247,105.0136975,0
B00307,B00307_R1,300,Yellow_3,Orange_6,1,5,1.9812,0.7112,112.88,2.54,0.762,126.12,5,6,-13.25,1.0668,0.2032,2.54,1.9812,1.4224,2.032,3.2512,3,3,3,300,0,1,5,1.97485,1.4224,2.85115,2.032,112.88,126.12,5,6,1.4224,2.032,-1,-13.24,0.6096,4.6736,24.4486638,137.3286638,162.6713362,3.007934315,0,0.542237787,64.19034577,117.88,2.032,2.85115,1.4224,2.1844,8.021158173,11.25468756,5.614810721,8.622745036,1.4224,5.614810721,137.3286638,238.1312533,145.8213398,11.25468756,8.622745036,100.8025895,4
B00307,B00307_R1,295,Gate_1,Green_5,2,5,1.9812,0.7112,112.88,2.54,0.762,126.12,5,6,-13.25,0.2032,0.762,1.9812,0.7112,2.3368,2.9464,2.3368,1,3,3,300,0,2,5,1.74625,0.889,2.20345,0.8128,112.88,126.12,5,6,2.3368,2.9464,-1,-13.24,0.6096,4.6736,24.4486638,137.3286638,162.6713362,3.007934315,0,0.542237787,64.19034577,117.88,0.8128,2.20345,1.7272,2.4892,3.208463269,8.697943394,6.817984447,9.825918762,2.3368,9.224331899,137.3286638,235.7249059,135.5943631,8.697943394,9.825918762,98.39624206,3
B00307,B00307_R1,305,Green_3,Gate_4,3,5,1.9812,0.7112,112.88,2.54,0.762,126.12,5,6,-13.25,2.286,0.2032,0.2032,1.9812,0.8128,0.8128,3.8608,2,3,3,300,0,3,5,2.88925,1.7272,1.63195,0.8128,112.88,126.12,5,6,0.8128,0.8128,-1,-13.24,0,4.6736,24.4486638,137.3286638,162.6713362,3.007934315,0,0.542237787,64.19034577,117.88,0.8128,1.63195,0.8128,1.8796,3.208463269,6.441992658,3.208463269,7.41957131,0.8128,3.208463269,137.3286638,238.1312533,126.5705601,6.441992658,7.41957131,100.8025895,2
B00307,B00307_R1,307,Purple_1,Gate_4,4,5,1.9812,0.7112,112.88,2.54,0.762,126.12,5,6,-13.25,0.4572,2.54,0.2032,1.9812,3.8608,3.8608,0.8128,2,3,3,300,0,4,5,2.69875,1.651,2.39395,1.3462,112.88,126.12,5,6,3.8608,3.8608,-1,-13.24,0,4.6736,24.4486638,137.3286638,162.6713362,3.007934315,0,0.542237787,64.19034577,117.88,1.3462,2.39395,0.8128,2.794,5.31401729,9.449926973,3.208463269,11.02909249,3.8608,15.24020053,137.3286638,226.099516,138.6022974,9.449926973,11.02909249,88.77085225,1
B00307,B00307_R1,287,Gate_2,Green_6,5,5,1.9812,0.7112,112.88,2.54,0.762,126.12,5,6,-13.25,0.2032,1.143,2.54,0.762,2.7178,2.7178,2.7178,1,3,3,300,0,5,5,1.8415,0.889,2.413,0.8128,112.88,126.12,5,6,2.7178,2.7178,-1,-13.24,0,5.4356,27.45659811,140.3365981,159.6634019,0,0,0.53221134,55.19169917,117.88,0.8128,2.413,1.3462,2.1463,3.208463269,9.525125331,5.31401729,8.47234832,2.7178,10.72829906,140.3365981,232.7169715,135.8951565,9.525125331,8.47234832,92.38037343,0
B00308,B00308_R2,306,Yellow_1,Gate_4,1,5,2.54,0.762,116.98,2.54,0.762,109.41,6,5,7.57,0.4572,0.2032,0.2032,1.9812,2.6416,2.6416,2.032,2,3,3,300,1,1,5,1.4986,0.8128,1.8034,1.7272,109.41,116.98,5,6,2.6416,2.6416,-1,-7.57,0,4.6736,24.4486638,133.8586638,166.1413362,8.422216082,0,0.553804454,64.19034577,114.41,1.7272,1.8034,1.651,3.00355,6.817984447,7.118777879,6.517191016,11.85627442,2.6416,10.42750563,133.8586638,248.4977512,147.0245135,7.118777879,11.85627442,114.6390874,4
B00308,B00308_R2,308,Gate_1,Orange_1,2,5,2.54,0.762,116.98,2.54,0.762,109.41,6,5,7.57,0.2032,0.762,1.6764,2.54,2.9464,2.9464,3.2512,1,3,3,300,1,2,5,1.016,0,2.6416,0.508,109.41,116.98,5,6,2.9464,2.9464,-1,-7.57,0,6.1976,30.46453243,139.8745324,160.1254676,2.406347452,0,0.533751559,48.40583452,114.41,0.508,2.6416,1.3462,2.47015,2.005289543,10.42750563,5.31401729,9.750720404,2.9464,11.63067935,139.8745324,246.0914037,154.2435558,10.42750563,9.750720404,106.2168713,3
B00308,B00308_R2,280,Orange_4,Gate_3,3,5,2.54,0.762,116.98,2.54,0.762,109.41,6,5,7.57,1.6764,2.032,0.2032,1.6002,2.6416,2.6416,2.413,2,3,3,300,1,3,5,3.3274,3.2512,1.4224,1.3462,109.41,116.98,5,6,2.6416,2.6416,-1,-7.57,0,5.0546,25.95263096,135.362631,164.637369,6.918248924,0,0.54879123,59.3518775,114.41,1.3462,1.4224,0.508,1.5748,5.31401729,5.614810721,2.005289543,6.216397584,2.6416,10.42750563,135.362631,243.9858497,139.5046777,5.614810721,6.216397584,108.6232187,2
B00308,B00308_R2,304,Gate_1,Green_6,4,5,2.54,0.762,116.98,2.54,0.762,109.41,6,5,7.57,0.2032,0.762,2.54,0.762,2.9464,2.9464,2.9464,1,3,3,300,1,4,5,1.016,0,2.794,2.6416,109.41,116.98,5,6,2.9464,2.9464,-1,-7.57,0,5.8928,29.2613587,138.6713587,161.3286413,3.609521178,0,0.537762138,50.90958458,114.41,2.6416,2.794,1.3462,2.54635,10.42750563,11.02909249,5.31401729,10.05151384,2.9464,11.63067935,138.6713587,246.0914037,157.853077,11.02909249,10.05151384,107.420045,1
B00308,B00308_R2,269,Gate_1,Orange_3,5,5,2.54,0.762,116.98,2.54,0.762,109.41,6,5,7.57,0.2032,0.762,2.286,2.54,2.9464,2.9464,3.8608,1,3,3,300,1,5,5,1.016,0,3.2512,1.1176,109.41,116.98,5,6,2.9464,2.9464,-1,-7.57,0,6.8072,32.87087988,142.2808799,157.7191201,0,0,0.5257304,44.07098366,114.41,1.1176,3.2512,1.3462,2.31775,4.411636995,12.83385308,5.31401729,9.149133541,2.9464,11.63067935,142.2808799,246.0914037,161.4625982,12.83385308,9.149133541,103.8105238,0
B00309,B00309_R1,307,Purple_1,Gate_4,1,5,2.54,0.762,108.44,2.286,2.54,134.14,5,6,-25.7,0.4572,2.54,0.2032,1.9812,3.8608,2.3368,0.8128,2,3,3,300,0,1,5,2.3749,1.651,2.0701,1.3462,108.44,134.14,5,6,3.8608,2.3368,-1,-25.7,-1.524,4.6736,24.4486638,132.8886638,167.1113362,4.211108041,0,0.557037787,64.19034577,113.44,1.3462,2.0701,0.8128,3.175,5.31401729,8.171554889,3.208463269,12.53305965,3.8608,15.24020053,132.8886638,228.2769715,140.1062646,8.171554889,12.53305965,95.38830774,4
B00309,B00309_R1,309,Gate_2,Green_3,2,5,2.54,0.762,108.44,2.286,2.54,134.14,5,6,-25.7,0.2032,1.143,2.286,0.2032,2.7178,3.4798,3.0226,1,3,3,300,0,2,5,1.39065,0,2.45745,0,108.44,134.14,5,6,2.7178,3.4798,-1,-25.7,0.762,5.7404,28.65977184,137.0997718,162.9002282,0,0,0.543000761,52.26116647,113.44,0,2.45745,1.3462,2.032,0,9.700588166,5.31401729,8.021158173,2.7178,10.72829906,137.0997718,234.894427,142.0112896,9.700588166,8.021158173,97.79465519,3
B00309,B00309_R1,305,Green_3,Gate_4,3,5,2.54,0.762,108.44,2.286,2.54,134.14,5,6,-25.7,2.286,0.2032,0.2032,1.9812,0.8128,2.3368,3.8608,2,3,3,300,0,3,5,3.2131,2.6416,1.3081,0.8128,108.44,134.14,5,6,0.8128,2.3368,-1,-25.7,1.524,4.6736,24.4486638,132.8886638,167.1113362,4.211108041,0,0.557037787,64.19034577,113.44,0.8128,1.3081,0,1.3716,3.208463269,5.163620574,0,5.414281767,0.8128,3.208463269,132.8886638,237.1002455,128.0745273,5.163620574,5.414281767,104.2115817,2
B00309,B00309_R1,287,Gate_2,Green_6,4,5,2.54,0.762,108.44,2.286,2.54,134.14,5,6,-25.7,0.2032,1.143,2.54,0.762,2.7178,3.4798,2.7178,1,3,3,300,0,4,5,1.39065,0,2.58445,0.8128,108.44,134.14,5,6,2.7178,3.4798,-1,-25.7,0.762,5.4356,27.45659811,135.8965981,164.1034019,1.203173726,0,0.54701134,55.19169917,113.44,0.8128,2.58445,1.3462,2.1082,3.208463269,10.20191055,5.31401729,8.321951605,2.7178,10.72829906,135.8965981,234.894427,145.2197529,10.20191055,8.321951605,98.99782892,1
B00309,B00309_R1,295,Gate_1,Green_5,5,5,2.54,0.762,108.44,2.286,2.54,134.14,5,6,-25.7,0.2032,0.762,1.9812,0.7112,2.9464,3.8608,2.3368,1,3,3,300,0,5,5,1.6129,0.889,2.5273,0.8128,108.44,134.14,5,6,2.9464,3.8608,-1,-25.7,0.9144,5.2832,26.85501125,135.2950113,164.7049887,1.804760589,0,0.549016629,56.78376741,113.44,0.8128,2.5273,1.7272,2.2606,3.208463269,9.976315478,6.817984447,8.923538468,2.9464,11.63067935,135.2950113,235.4960139,144.9189595,9.976315478,8.923538468,100.2010026,0
B00310,B00310_R2,310,Gate_1,Green_1,1,5,1.9812,0.7112,129.97,2.286,2.54,118.63,6,5,11.34,0.2032,0.762,1.6764,0.2032,2.3368,3.8608,2.032,1,3,3,300,1,1,5,0.8128,0,2.2606,2.032,118.63,129.97,5,6,3.8608,2.3368,-1,-11.34,-1.524,5.8928,29.2613587,147.8913587,152.1086413,7.219042356,0,0.507028804,50.90958458,123.63,2.032,2.2606,1.3462,2.85115,8.021158173,8.923538468,5.31401729,11.25468756,3.8608,15.24020053,147.8913587,261.3272723,159.0562507,8.923538468,11.25468756,113.4359136,4
B00310,B00310_R2,304,Gate_1,Green_6,2,5,1.9812,0.7112,129.97,2.286,2.54,118.63,6,5,11.34,0.2032,0.762,2.54,0.762,2.3368,3.8608,2.9464,1,3,3,300,1,2,5,0.8128,0,2.8702,2.6416,118.63,129.97,5,6,3.8608,2.3368,-1,-11.34,-1.524,6.8072,32.87087988,151.5008799,148.4991201,3.609521178,0,0.494997067,44.07098366,123.63,2.6416,2.8702,1.3462,2.62255,10.42750563,11.32988592,5.31401729,10.35230727,3.8608,15.24020053,151.5008799,261.3272723,165.0721194,11.32988592,10.35230727,109.8263925,3
B00310,B00310_R2,308,Gate_1,Orange_1,3,5,1.9812,0.7112,129.97,2.286,2.54,118.63,6,5,11.34,0.2032,0.762,1.6764,2.54,2.3368,3.8608,3.2512,1,3,3,300,1,3,5,0.8128,0,2.5654,0.508,118.63,129.97,5,6,3.8608,2.3368,-1,-11.34,-1.524,7.112,34.07405361,152.7040536,147.2959464,2.406347452,0,0.490986488,42.18222722,123.63,0.508,2.5654,1.3462,2.54635,2.005289543,10.12671219,5.31401729,10.05151384,3.8608,15.24020053,152.7040536,261.3272723,159.0562507,10.12671219,10.05151384,108.6232187,2
B00310,B00310_R2,280,Orange_4,Gate_3,4,5,1.9812,0.7112,129.97,2.286,2.54,118.63,6,5,11.34,1.6764,2.032,0.2032,1.6002,3.2512,1.1176,2.413,2,3,3,300,1,4,5,3.2512,3.2512,1.3462,1.3462,118.63,129.97,5,6,1.1176,3.2512,-1,-11.34,2.1336,3.5306,19.93676233,138.5667623,161.4332377,16.54363873,0,0.538110792,84.97139296,123.63,1.3462,1.3462,0.508,1.8034,5.31401729,5.31401729,2.005289543,7.118777879,1.1176,4.411636995,138.5667623,268.8471081,153.9427624,5.31401729,7.118777879,130.2803458,1
B00310,B00310_R2,269,Gate_1,Orange_3,5,5,1.9812,0.7112,129.97,2.286,2.54,118.63,6,5,11.34,0.2032,0.762,2.286,2.54,2.3368,3.8608,3.8608,1,3,3,300,1,5,5,0.8128,0,3.175,1.1176,118.63,129.97,5,6,3.8608,2.3368,-1,-11.34,-1.524,7.7216,36.48040106,155.1104011,144.8895989,0,0,0.48296533,38.85205139,123.63,1.1176,3.175,1.3462,2.39395,4.411636995,12.53305965,5.31401729,9.449926973,3.8608,15.24020053,155.1104011,261.3272723,166.2752931,12.53305965,9.449926973,106.2168713,0
B00311,B00311_R1,309,Gate_2,Green_3,1,5,1.9812,0.7112,114.38,2.286,2.54,133.26,5,6,-18.88,0.2032,1.143,2.286,0.2032,2.7178,3.4798,3.0226,1,3,3,300,0,1,5,1.20015,0,2.07645,0,114.38,133.26,5,6,2.7178,3.4798,-1,-18.88,0.762,5.7404,28.65977184,143.0397718,156.9602282,0,0,0.523200761,52.26116647,119.38,0,2.07645,1.3462,2.27965,0,8.196621008,5.31401729,8.998736825,2.7178,10.72829906,143.0397718,239.9320467,135.0930407,8.196621008,8.998736825,96.8922749,4
B00311,B00311_R1,305,Green_3,Gate_4,2,5,1.9812,0.7112,114.38,2.286,2.54,133.26,5,6,-18.88,2.286,0.2032,0.2032,1.9812,0.8128,2.3368,3.8608,2,3,3,300,0,2,5,2.8321,2.6416,1.5367,1.3462,114.38,133.26,5,6,0.8128,2.3368,-1,-18.88,1.524,4.6736,24.4486638,138.8286638,161.1713362,4.211108041,0,0.537237787,64.19034577,119.38,1.3462,1.5367,0,0.70485,5.31401729,6.066000868,0,2.782339241,0.8128,3.208463269,138.8286638,242.1378652,130.7816682,6.066000868,2.782339241,103.3092014,3
B00311,B00311_R1,295,Gate_1,Green_5,3,5,1.9812,0.7112,114.38,2.286,2.54,133.26,5,6,-18.88,0.2032,0.762,1.9812,0.7112,2.3368,3.8608,2.3368,1,3,3,300,0,3,5,1.1049,0,2.1463,0.8128,114.38,133.26,5,6,2.3368,3.8608,-1,-18.88,1.524,4.6736,24.4486638,138.8286638,161.1713362,4.211108041,0,0.537237787,64.19034577,119.38,0.8128,2.1463,1.7272,2.50825,3.208463269,8.47234832,6.817984447,9.90111712,2.3368,9.224331899,138.8286638,242.9399811,140.407058,8.47234832,9.90111712,104.1113173,2
B00311,B00311_R1,311,Gate_1,Green_7,4,5,1.9812,0.7112,114.38,2.286,2.54,133.26,5,6,-18.88,0.2032,0.762,2.54,1.143,2.3368,3.8608,2.7178,1,3,3,300,0,4,5,1.1049,0,2.1463,1.1938,114.38,133.26,5,6,2.3368,3.8608,-1,-18.88,1.524,5.0546,25.95263096,140.332631,159.667369,2.707140883,0,0.532224563,59.3518775,119.38,1.1938,2.1463,1.7272,2.413,4.712430427,8.47234832,6.817984447,9.525125331,2.3368,9.224331899,140.332631,242.9399811,138.9030908,8.47234832,9.525125331,102.6073501,1
B00311,B00311_R1,287,Gate_2,Green_6,5,5,1.9812,0.7112,114.38,2.286,2.54,133.26,5,6,-18.88,0.2032,1.143,2.54,0.762,2.7178,3.4798,2.7178,1,3,3,300,0,5,5,1.20015,0,2.35585,0.8128,114.38,133.26,5,6,2.7178,3.4798,-1,-18.88,0.762,5.4356,27.45659811,141.8365981,158.1634019,1.203173726,0,0.52721134,55.19169917,119.38,0.8128,2.35585,1.3462,2.35585,3.208463269,9.299530257,5.31401729,9.299530257,2.7178,10.72829906,141.8365981,239.9320467,140.7078514,9.299530257,9.299530257,98.09544862,0
B00312,B00312_R2,312,Gate_1,Yellow_4,1,5,2.54,0.762,126.4,2.286,2.54,122.4,6,5,4,0.2032,0.762,0.762,0.7112,2.9464,3.8608,1.1176,1,3,3,300,1,1,5,0.8128,0,1.651,1.1176,122.4,126.4,5,6,3.8608,2.9464,-1,-4,-0.9144,4.9784,25.65183752,148.0518375,151.9481625,10.82856353,0,0.506493875,60.2603246,127.4,1.1176,1.651,1.3462,2.85115,4.411636995,6.517191016,5.31401729,11.25468756,3.8608,15.24020053,148.0518375,261.4877512,149.4308609,6.517191016,11.25468756,113.4359136,4
B00312,B00312_R2,308,Gate_1,Orange_1,2,5,2.54,0.762,126.4,2.286,2.54,122.4,6,5,4,0.2032,0.762,1.6764,2.54,2.9464,3.8608,3.2512,1,3,3,300,1,2,5,0.8128,0,2.5654,0.508,122.4,126.4,5,6,3.8608,2.9464,-1,-4,-0.9144,7.112,34.07405361,156.4740536,143.5259464,2.406347452,0,0.478419821,42.18222722,127.4,0.508,2.5654,1.1176,2.31775,2.005289543,10.12671219,4.411636995,9.149133541,3.8608,15.24020053,156.4740536,260.5853709,155.4467296,10.12671219,9.149133541,104.1113173,3
B00312,B00312_R2,280,Orange_4,Gate_3,3,5,2.54,0.762,126.4,2.286,2.54,122.4,6,5,4,1.6764,2.032,0.2032,1.6002,2.6416,1.1176,2.413,2,3,3,300,1,3,5,3.2512,3.2512,1.3462,1.3462,122.4,126.4,5,6,1.1176,2.6416,-1,-4,1.524,3.5306,19.93676233,142.3367623,157.6632377,16.54363873,0,0.525544126,84.97139296,127.4,1.3462,1.3462,0.508,1.8796,5.31401729,5.31401729,2.005289543,7.41957131,1.1176,4.411636995,142.3367623,269.0075869,150.3332412,5.31401729,7.41957131,126.6708246,2
B00312,B00312_R2,304,Gate_1,Green_6,4,5,2.54,0.762,126.4,2.286,2.54,122.4,6,5,4,0.2032,0.762,2.54,0.762,2.9464,3.8608,2.9464,1,3,3,300,1,4,5,0.8128,0,2.8702,2.6416,122.4,126.4,5,6,3.8608,2.9464,-1,-4,-0.9144,6.8072,32.87087988,155.2708799,144.7291201,3.609521178,0,0.4824304,44.07098366,127.4,2.6416,2.8702,1.1176,2.39395,10.42750563,11.32988592,4.411636995,9.449926973,3.8608,15.24020053,155.2708799,260.5853709,161.4625982,11.32988592,9.449926973,105.314491,1
B00312,B00312_R2,269,Gate_1,Orange_3,5,5,2.54,0.762,126.4,2.286,2.54,122.4,6,5,4,0.2032,0.762,2.286,2.54,2.9464,3.8608,3.8608,1,3,3,300,1,5,5,0.8128,0,3.175,1.1176,122.4,126.4,5,6,3.8608,2.9464,-1,-4,-0.9144,7.7216,36.48040106,158.8804011,141.1195989,0,0,0.470398663,38.85205139,127.4,1.1176,3.175,1.1176,2.16535,4.411636995,12.53305965,4.411636995,8.547546678,3.8608,15.24020053,158.8804011,260.5853709,162.6657719,12.53305965,8.547546678,101.7049698,0
B00313,B00313_R1,305,Green_3,Gate_4,1,5,2.54,0.762,120.11,2.286,2.54,127.49,5,6,-7.37,2.286,0.2032,0.2032,1.9812,0.8128,2.3368,3.8608,2,3,3,300,0,1,5,2.35585,1.1176,2.01295,1.3462,120.11,127.49,5,6,0.8128,2.3368,-1,-7.38,1.524,4.6736,24.4486638,144.5586638,155.4413362,3.910314609,0,0.518137787,64.19034577,125.11,1.3462,2.01295,0.8128,1.67005,5.31401729,7.945959815,3.208463269,6.592389374,0.8128,3.208463269,144.5586638,251.6779154,138.9030908,7.945959815,6.592389374,107.1192516,4
B00313,B00313_R1,311,Gate_1,Green_7,2,5,2.54,0.762,120.11,2.286,2.54,127.49,5,6,-7.37,0.2032,0.762,2.54,1.143,2.9464,3.8608,2.7178,1,3,3,300,0,2,5,1.39065,0,2.01295,1.1938,120.11,127.49,5,6,2.9464,3.8608,-1,-7.38,0.9144,5.6642,28.35897841,148.4689784,151.5310216,0,0,0.505103405,52.96423149,125.11,1.1938,2.01295,1.7272,2.1844,4.712430427,7.945959815,6.817984447,8.622745036,2.9464,11.63067935,148.4689784,246.8652205,134.9927762,7.945959815,8.622745036,98.39624206,3
B00313,B00313_R1,295,Gate_1,Green_5,3,5,2.54,0.762,120.11,2.286,2.54,127.49,5,6,-7.37,0.2032,0.762,1.9812,0.7112,2.9464,3.8608,2.3368,1,3,3,300,0,3,5,1.39065,0,1.67005,0.8128,120.11,127.49,5,6,2.9464,3.8608,-1,-7.38,0.9144,5.2832,26.85501125,146.9650113,153.0349887,1.503967157,0,0.510116629,56.78376741,125.11,0.8128,1.67005,1.7272,2.27965,3.208463269,6.592389374,6.817984447,8.998736825,2.9464,11.63067935,146.9650113,246.8652205,131.0824616,6.592389374,8.998736825,99.90020921,2
B00313,B00313_R1,313,Green_4,Gate_4,4,5,2.54,0.762,120.11,2.286,2.54,127.49,5,6,-7.37,1.6764,0.7112,0.2032,1.9812,1.4224,2.9464,3.2512,2,3,3,300,0,4,5,1.89865,1.1176,2.16535,1.3462,120.11,127.49,5,6,1.4224,2.9464,-1,-7.38,1.524,4.6736,24.4486638,144.5586638,155.4413362,3.910314609,0,0.518137787,64.19034577,125.11,1.3462,2.16535,0.8128,1.82245,5.31401729,8.547546678,3.208463269,7.193976237,1.4224,5.614810721,144.5586638,249.2715679,141.3094383,8.547546678,7.193976237,104.7129041,1
B00313,B00313_R1,287,Gate_2,Green_6,5,5,2.54,0.762,120.11,2.286,2.54,127.49,5,6,-7.37,0.2032,1.143,2.54,0.762,2.7178,3.4798,2.7178,1,3,3,300,0,5,5,1.8034,0.889,2.032,0.8128,120.11,127.49,5,6,2.7178,3.4798,-1,-7.38,0.762,5.4356,27.45659811,147.5665981,152.4334019,0.902380294,0,0.50811134,55.19169917,125.11,0.8128,2.032,1.3462,1.93675,3.208463269,8.021158173,5.31401729,7.645166384,2.7178,10.72829906,147.5665981,246.2636336,136.1959499,8.021158173,7.645166384,98.69703549,0
B00314,B00314_R2,269,Gate_1,Orange_3,1,5,2.54,0.762,131.44,2.286,2.54,116.7,6,5,14.73,0.2032,0.762,2.286,2.54,2.9464,3.8608,3.8608,1,3,3,300,1,1,5,1.397,0,2.7178,1.1176,116.7,131.44,5,6,3.8608,2.9464,-1,-14.74,-0.9144,7.7216,36.48040106,153.1804011,146.8195989,0,0,0.489398663,38.85205139,121.7,1.1176,2.7178,1.1176,2.16535,4.411636995,10.72829906,4.411636995,8.547546678,3.8608,15.24020053,153.1804011,254.8853709,155.4467296,10.72829906,8.547546678,101.7049698,4
B00314,B00314_R2,280,Orange_4,Gate_3,2,5,2.54,0.762,131.44,2.286,2.54,116.7,6,5,14.73,1.6764,2.032,0.2032,1.6002,2.6416,1.1176,2.413,2,3,3,300,1,2,5,2.794,1.4224,1.3843,1.3462,116.7,131.44,5,6,1.1176,2.6416,-1,-14.74,1.524,3.5306,19.93676233,136.6367623,163.3632377,16.54363873,0,0.544544126,84.97139296,121.7,1.3462,1.3843,0.508,1.8796,5.31401729,5.464414005,2.005289543,7.41957131,1.1176,4.411636995,136.6367623,263.3075869,150.9348281,5.464414005,7.41957131,126.6708246,3
B00314,B00314_R2,308,Gate_1,Orange_1,3,5,2.54,0.762,131.44,2.286,2.54,116.7,6,5,14.73,0.2032,0.762,1.6764,2.54,2.9464,3.8608,3.2512,1,3,3,300,1,3,5,1.397,0,2.1082,0.508,116.7,131.44,5,6,3.8608,2.9464,-1,-14.74,-0.9144,7.112,34.07405361,150.7740536,149.2259464,2.406347452,0,0.497419821,42.18222722,121.7,0.508,2.1082,1.1176,2.31775,2.005289543,8.321951605,4.411636995,9.149133541,3.8608,15.24020053,150.7740536,254.8853709,148.2276872,8.321951605,9.149133541,104.1113173,2
B00314,B00314_R2,314,Purple_4,Yellow_4,4,5,2.54,0.762,131.44,2.286,2.54,116.7,6,5,14.73,0.762,2.032,0.762,0.7112,3.556,2.032,2.9464,3,3,3,300,1,4,5,2.1082,1.4224,1.651,1.1176,116.7,131.44,5,6,2.032,3.556,-1,-14.74,1.524,4.9784,25.65183752,142.3518375,157.6481625,10.82856353,0,0.525493875,60.2603246,121.7,1.1176,1.651,1.4224,2.12725,4.411636995,6.517191016,5.614810721,8.397149962,2.032,8.021158173,142.3518375,263.3075869,149.4308609,6.517191016,8.397149962,120.9557494,1
B00314,B00314_R2,304,Gate_1,Green_6,5,5,2.54,0.762,131.44,2.286,2.54,116.7,6,5,14.73,0.2032,0.762,2.54,0.762,2.9464,3.8608,2.9464,1,3,3,300,1,5,5,1.397,0,3.0226,2.6416,116.7,131.44,5,6,3.8608,2.9464,-1,-14.74,-0.9144,6.8072,32.87087988,149.5708799,150.4291201,3.609521178,0,0.5014304,44.07098366,121.7,2.6416,3.0226,1.1176,2.39395,10.42750563,11.93147278,4.411636995,9.449926973,3.8608,15.24020053,149.5708799,254.8853709,163.8689456,11.93147278,9.449926973,105.314491,0
B00315,B00315_R1,315,Purple_2,Gate_3,1,5,2.54,0.762,116.66,2.54,0.762,124.36,5,6,-7.69,0.762,2.54,0.2032,1.6002,3.556,3.556,1.4986,2,3,3,300,0,1,5,2.47015,1.9558,1.63195,0.9652,116.66,124.36,5,6,3.556,3.556,-1,-7.7,0,5.0546,25.95263096,142.612631,157.387369,2.406347452,0,0.524624563,59.3518775,121.66,0.9652,1.63195,1.1176,2.85115,3.810050132,6.441992658,4.411636995,11.25468756,3.556,14.0370268,142.612631,240.1064927,132.8872222,6.441992658,11.25468756,97.49386176,4
B00315,B00315_R1,295,Gate_1,Green_5,2,5,2.54,0.762,116.66,2.54,0.762,124.36,5,6,-7.69,0.2032,0.762,1.9812,0.7112,2.9464,2.9464,2.3368,1,3,3,300,0,2,5,1.31445,0,2.35585,0.8128,116.66,124.36,5,6,2.9464,2.9464,-1,-7.7,0,5.2832,26.85501125,143.5150113,156.4849887,1.503967157,0,0.521616629,56.78376741,121.66,0.8128,2.35585,1.3462,2.1844,3.208463269,9.299530257,5.31401729,8.622745036,2.9464,11.63067935,143.5150113,243.4152205,143.4149923,9.299530257,8.622745036,99.90020921,3
B00315,B00315_R1,313,Green_4,Gate_4,3,5,2.54,0.762,116.66,2.54,0.762,124.36,5,6,-7.69,1.6764,0.7112,0.2032,1.9812,1.4224,1.4224,3.2512,2,3,3,300,0,3,5,2.43205,2.032,1.47955,1.1176,116.66,124.36,5,6,1.4224,1.4224,-1,-7.7,0,4.6736,24.4486638,141.1086638,158.8913362,3.910314609,0,0.529637787,64.19034577,121.66,1.1176,1.47955,0.8128,1.7272,4.411636995,5.840405795,3.208463269,6.817984447,1.4224,5.614810721,141.1086638,247.3255351,131.9848419,5.840405795,6.817984447,106.2168713,2
B00315,B00315_R1,311,Gate_1,Green_7,4,5,2.54,0.762,116.66,2.54,0.762,124.36,5,6,-7.69,0.2032,0.762,2.54,1.143,2.9464,2.9464,2.7178,1,3,3,300,0,4,5,1.31445,0,2.50825,1.8034,116.66,124.36,5,6,2.9464,2.9464,-1,-7.7,0,5.6642,28.35897841,145.0189784,154.9810216,0,0,0.516603405,52.96423149,121.66,1.8034,2.50825,1.3462,2.08915,7.118777879,9.90111712,5.31401729,8.246753247,2.9464,11.63067935,145.0189784,243.4152205,144.3173726,9.90111712,8.246753247,98.39624206,1
B00315,B00315_R1,287,Gate_2,Green_6,5,5,2.54,0.762,116.66,2.54,0.762,124.36,5,6,-7.69,0.2032,1.143,2.54,0.762,2.7178,2.7178,2.7178,1,3,3,300,0,5,5,1.5367,0.889,2.7178,1.4224,116.66,124.36,5,6,2.7178,2.7178,-1,-7.7,0,5.4356,27.45659811,144.1165981,155.8834019,0.902380294,0,0.51961134,55.19169917,121.66,1.4224,2.7178,0.9652,1.8415,5.614810721,10.72829906,3.810050132,7.269174594,2.7178,10.72829906,144.1165981,242.8136336,148.5284806,10.72829906,7.269174594,98.69703549,0
B00316,B00316_R2,316,Orange_2,Gate_3,1,5,2.54,0.762,128.17,2.54,0.762,116.94,6,5,11.22,1.9812,2.54,0.2032,1.6002,2.3368,2.3368,2.7178,2,3,3,300,1,1,5,2.413,0.8128,1.651,1.3462,116.94,128.17,5,6,2.3368,2.3368,-1,-11.23,0,5.0546,25.95263096,142.892631,157.107369,5.715075198,0,0.52369123,59.3518775,121.94,1.3462,1.651,0.8128,2.35585,5.31401729,6.517191016,3.208463269,9.299530257,2.3368,9.224331899,142.892631,254.2229906,143.4149923,6.517191016,9.299530257,111.3303596,4
B00316,B00316_R2,308,Gate_1,Orange_1,2,5,2.54,0.762,128.17,2.54,0.762,116.94,6,5,11.22,0.2032,0.762,1.6764,2.54,2.9464,2.9464,3.2512,1,3,3,300,1,2,5,2.286,0,1.4986,0.508,116.94,128.17,5,6,2.9464,2.9464,-1,-11.23,0,6.1976,30.46453243,147.4045324,152.5954676,1.203173726,0,0.508651559,48.40583452,121.94,0.508,1.4986,1.1176,1.6891,2.005289543,5.915604153,4.411636995,6.667587731,2.9464,11.63067935,147.4045324,253.0198168,136.4967434,5.915604153,6.667587731,105.6152844,3
B00316,B00316_R2,280,Orange_4,Gate_3,3,5,2.54,0.762,128.17,2.54,0.762,116.94,6,5,11.22,1.6764,2.032,0.2032,1.6002,2.6416,2.6416,2.413,2,3,3,300,1,3,5,2.1844,0.8128,1.7272,1.3462,116.94,128.17,5,6,2.6416,2.6416,-1,-11.23,0,5.0546,25.95263096,142.892631,157.107369,5.715075198,0,0.52369123,59.3518775,121.94,1.3462,1.7272,0.508,2.20345,5.31401729,6.817984447,2.005289543,8.697943394,2.6416,10.42750563,142.892631,251.8166431,144.618166,6.817984447,8.697943394,108.9240122,2
B00316,B00316_R2,314,Purple_4,Yellow_4,4,5,2.54,0.762,128.17,2.54,0.762,116.94,6,5,11.22,0.762,2.032,0.762,0.7112,3.556,3.556,2.9464,3,3,3,300,1,4,5,1.9558,1.4224,2.2606,1.1176,116.94,128.17,5,6,3.556,3.556,-1,-11.23,0,6.5024,31.66770615,148.6077062,151.3922938,0,0,0.504640979,46.13681102,121.94,1.1176,2.2606,1.4224,1.9939,4.411636995,8.923538468,5.614810721,7.870761457,3.556,14.0370268,148.6077062,251.8166431,147.3253069,8.923538468,7.870761457,103.208937,1
B00316,B00316_R2,304,Gate_1,Green_6,5,5,2.54,0.762,128.17,2.54,0.762,116.94,6,5,11.22,0.2032,0.762,2.54,0.762,2.9464,2.9464,2.9464,1,3,3,300,1,5,5,2.286,0,2.8702,2.3368,116.94,128.17,5,6,2.9464,2.9464,-1,-11.23,0,5.8928,29.2613587,146.2013587,153.7986413,2.406347452,0,0.512662138,50.90958458,121.94,2.3368,2.8702,1.1176,1.7653,9.224331899,11.32988592,4.411636995,6.968381163,2.9464,11.63067935,146.2013587,253.0198168,159.3570442,11.32988592,6.968381163,106.8184581,0
B00317,B00317_R1,295,Gate_1,Green_5,1,5,2.54,0.762,110.25,2.54,0.762,127.36,5,6,-17.12,0.2032,0.762,1.9812,0.7112,2.9464,2.9464,2.3368,1,3,3,300,0,1,5,1.31445,0,2.35585,0.8128,110.25,127.36,5,6,2.9464,2.9464,-1,-17.11,0,5.2832,26.85501125,137.1050113,162.8949887,6.01586863,0,0.542983296,56.78376741,115.25,0.8128,2.35585,1.7272,2.35585,3.208463269,9.299530257,6.817984447,9.299530257,2.9464,11.63067935,137.1050113,245.4274365,150.3332412,9.299530257,9.299530257,108.3224253,4
B00317,B00317_R1,313,Green_4,Gate_4,2,5,2.54,0.762,110.25,2.54,0.762,127.36,5,6,-17.12,1.6764,0.7112,0.2032,1.9812,1.4224,1.4224,3.2512,2,3,3,300,0,2,5,2.43205,2.032,1.47955,1.1176,110.25,127.36,5,6,1.4224,1.4224,-1,-17.11,0,4.6736,24.4486638,134.6986638,165.3013362,8.422216082,0,0.551004454,64.19034577,115.25,1.1176,1.47955,0.508,1.13665,4.411636995,5.840405795,2.005289543,4.486835353,1.4224,5.614810721,134.6986638,246.6306103,138.9030908,5.840405795,4.486835353,111.9319465,3
B00317,B00317_R1,317,Purple_2,Green_1,3,5,2.54,0.762,110.25,2.54,0.762,127.36,5,6,-17.12,0.762,2.54,1.6764,0.2032,3.556,3.556,3.2512,3,3,3,300,0,3,5,2.47015,1.9558,1.74625,0.508,110.25,127.36,5,6,3.556,3.556,-1,-17.11,0,6.8072,32.87087988,143.1208799,156.8791201,0,0,0.5229304,44.07098366,115.25,0.508,1.74625,1.1176,2.85115,2.005289543,6.893182805,4.411636995,11.25468756,3.556,14.0370268,143.1208799,240.6147416,134.6919828,6.893182805,11.25468756,97.49386176,2
B00317,B00317_R1,311,Gate_1,Green_7,4,5,2.54,0.762,110.25,2.54,0.762,127.36,5,6,-17.12,0.2032,0.762,2.54,1.143,2.9464,2.9464,2.7178,1,3,3,300,0,4,5,1.31445,0,2.50825,1.8034,110.25,127.36,5,6,2.9464,2.9464,-1,-17.11,0,5.6642,28.35897841,138.6089784,161.3910216,4.511901472,0,0.537970072,52.96423149,115.25,1.8034,2.50825,1.7272,2.2606,7.118777879,9.90111712,6.817984447,8.923538468,2.9464,11.63067935,138.6089784,245.4274365,151.2356215,9.90111712,8.923538468,106.8184581,1
B00317,B00317_R1,287,Gate_2,Green_6,5,5,2.54,0.762,110.25,2.54,0.762,127.36,5,6,-17.12,0.2032,1.143,2.54,0.762,2.7178,2.7178,2.7178,1,3,3,300,0,5,5,1.5367,0.889,2.7178,1.4224,110.25,127.36,5,6,2.7178,2.7178,-1,-17.11,0,5.4356,27.45659811,137.7065981,162.2934019,5.414281767,0,0.540978006,55.19169917,115.25,1.4224,2.7178,1.3462,2.20345,5.614810721,10.72829906,5.31401729,8.697943394,2.7178,10.72829906,137.7065981,244.8258497,155.4467296,10.72829906,8.697943394,107.1192516,0
B00318,B00318_R2,304,Gate_1,Green_6,1,5,2.54,0.762,127.28,2.54,0.762,109.44,6,5,17.84,0.2032,0.762,2.54,0.762,2.9464,2.9464,2.9464,1,3,3,300,1,1,5,1.9812,0,2.5654,1.1176,109.44,127.28,5,6,2.9464,2.9464,-1,-17.84,0,5.8928,29.2613587,138.7013587,161.2986413,2.406347452,0,0.537662138,50.90958458,114.44,1.1176,2.5654,1.1176,1.86055,4.411636995,10.12671219,4.411636995,7.344372952,2.9464,11.63067935,138.7013587,244.0158497,153.0403821,10.12671219,7.344372952,105.314491,4
B00318,B00318_R2,318,Green_2,Gate_4,2,5,2.54,0.762,127.28,2.54,0.762,109.44,6,5,17.84,1.9812,0.2032,0.2032,1.9812,1.1176,1.1176,3.556,2,3,3,300,1,2,5,2.8702,2.3368,1.651,1.1176,109.44,127.28,5,6,1.1176,1.1176,-1,-17.84,0,4.6736,24.4486638,133.8886638,166.1113362,7.219042356,0,0.553704454,64.19034577,114.44,1.1176,1.651,1.1176,2.31775,4.411636995,6.517191016,4.411636995,9.149133541,1.1176,4.411636995,133.8886638,251.234892,143.4149923,6.517191016,9.149133541,117.3462282,3
B00318,B00318_R2,314,Purple_4,Yellow_4,3,5,2.54,0.762,127.28,2.54,0.762,109.44,6,5,17.84,0.762,2.032,0.762,0.7112,3.556,3.556,2.9464,3,3,3,300,1,3,5,2.413,1.4224,1.8034,1.1176,109.44,127.28,5,6,3.556,3.556,-1,-17.84,0,6.5024,31.66770615,141.1077062,158.8922938,0,0,0.529640979,46.13681102,114.44,1.1176,1.8034,1.1176,1.89865,4.411636995,7.118777879,4.411636995,7.494769668,3.556,14.0370268,141.1077062,241.6095022,138.6022974,7.118777879,7.494769668,100.5017961,2
B00318,B00318_R2,308,Gate_1,Orange_1,4,5,2.54,0.762,127.28,2.54,0.762,109.44,6,5,17.84,0.2032,0.762,1.6764,2.54,2.9464,2.9464,3.2512,1,3,3,300,1,4,5,1.9812,0,2.1082,0.508,109.44,127.28,5,6,2.9464,2.9464,-1,-17.84,0,6.1976,30.46453243,139.9045324,160.0954676,1.203173726,0,0.533651559,48.40583452,114.44,0.508,2.1082,1.1176,1.78435,2.005289543,8.321951605,4.411636995,7.043579521,2.9464,11.63067935,139.9045324,244.0158497,144.618166,8.321951605,7.043579521,104.1113173,1
B00318,B00318_R2,280,Orange_4,Gate_3,5,5,2.54,0.762,127.28,2.54,0.762,109.44,6,5,17.84,1.6764,2.032,0.2032,1.6002,2.6416,2.6416,2.413,2,3,3,300,1,5,5,2.794,1.4224,1.8415,1.3462,109.44,127.28,5,6,2.6416,2.6416,-1,-17.84,0,5.0546,25.95263096,135.392631,164.607369,5.715075198,0,0.54869123,59.3518775,114.44,1.3462,1.8415,0.508,2.1082,5.31401729,7.269174594,2.005289543,8.321951605,2.6416,10.42750563,135.392631,242.812676,144.9189595,7.269174594,8.321951605,107.420045,0
B00319,B00319_R1,311,Gate_1,Green_7,1,5,2.54,0.762,118.45,0.2032,1.6002,126.1,5,6,-7.65,0.2032,0.762,2.54,1.143,2.9464,1.3462,2.7178,1,3,3,300,0,1,5,2.20345,0.889,2.16535,1.3462,118.45,126.1,5,6,2.9464,1.3462,-1,-7.65,-1.6002,5.6642,28.35897841,146.8089784,153.1910216,4.511901472,0,0.510636739,52.96423149,123.45,1.3462,2.16535,1.7272,2.1082,5.31401729,8.547546678,6.817984447,8.321951605,2.9464,11.63067935,146.8089784,251.2210891,143.4149923,8.547546678,8.321951605,104.4121107,4
B00319,B00319_R1,319,Orange_6,Gate_4,2,5,2.54,0.762,118.45,0.2032,1.6002,126.1,5,6,-7.65,2.54,1.9812,0.2032,1.9812,1.7272,2.7178,2.9464,2,3,3,300,0,2,5,2.92735,2.3368,1.86055,1.1176,118.45,126.1,5,6,1.7272,2.7178,-1,-7.65,0.9906,4.6736,24.4486638,142.8986638,157.1013362,8.422216082,0,0.523671121,64.19034577,123.45,1.1176,1.86055,1.3462,2.16535,4.411636995,7.344372952,5.31401729,8.547546678,1.7272,6.817984447,142.8986638,254.5298168,142.512612,7.344372952,8.547546678,111.631153,3
B00319,B00319_R1,317,Purple_2,Green_1,3,5,2.54,0.762,118.45,0.2032,1.6002,126.1,5,6,-7.65,0.762,2.54,1.6764,0.2032,3.556,1.4986,3.2512,3,3,3,300,0,3,5,2.47015,1.9558,1.89865,0.508,118.45,126.1,5,6,3.556,1.4986,-1,-7.65,-2.0574,6.8072,32.87087988,151.3208799,148.6791201,0,0,0.495597067,44.07098366,123.45,0.508,1.89865,1.1176,2.24155,2.005289543,7.494769668,4.411636995,8.84834011,3.556,14.0370268,151.3208799,246.4083942,134.6919828,7.494769668,8.84834011,95.08751431,2
B00319,B00319_R1,313,Green_4,Gate_4,4,5,2.54,0.762,118.45,0.2032,1.6002,126.1,5,6,-7.65,1.6764,0.7112,0.2032,1.9812,1.4224,2.8702,3.2512,2,3,3,300,0,4,5,2.58445,2.032,1.78435,1.1176,118.45,126.1,5,6,1.4224,2.8702,-1,-7.65,1.4478,4.6736,24.4486638,142.8986638,157.1013362,8.422216082,0,0.523671121,64.19034577,123.45,1.1176,1.78435,0.508,1.74625,4.411636995,7.043579521,2.005289543,6.893182805,1.4224,5.614810721,142.8986638,252.4242628,141.3094383,7.043579521,6.893182805,109.525599,1
B00319,B00319_R1,287,Gate_2,Green_6,5,5,2.54,0.762,118.45,0.2032,1.6002,126.1,5,6,-7.65,0.2032,1.143,2.54,0.762,2.7178,0.9652,2.7178,1,3,3,300,0,5,5,2.1082,0.889,2.413,1.4224,118.45,126.1,5,6,2.7178,0.9652,-1,-7.65,-1.7526,5.4356,27.45659811,145.9065981,154.0934019,5.414281767,0,0.513644673,55.19169917,123.45,1.4224,2.413,1.3462,1.86055,5.614810721,9.525125331,5.31401729,7.344372952,2.7178,10.72829906,145.9065981,250.6195022,148.2276872,9.525125331,7.344372952,104.7129041,0
B00320,B00320_R2,318,Green_2,Gate_4,1,5,2.54,0.762,129.17,0.2032,1.6002,112.53,6,5,16.64,1.9812,0.2032,0.2032,1.9812,1.1176,3.175,3.556,2,3,3,300,1,1,5,2.96545,2.3368,1.55575,1.1176,112.53,129.17,5,6,3.175,1.1176,-1,-16.64,-2.0574,6.731,32.57008645,145.1000864,154.8999136,0,0,0.516333045,44.56990046,117.53,1.1176,1.55575,1.4986,2.413,4.411636995,6.141199226,5.915604153,9.525125331,3.175,12.53305965,145.1000864,230.2614175,116.3435835,6.141199226,9.525125331,85.16133107,4
B00320,B00320_R2,314,Purple_4,Yellow_4,2,5,2.54,0.762,129.17,0.2032,1.6002,112.53,6,5,16.64,0.762,2.032,0.762,0.7112,3.556,1.4986,2.9464,3,3,3,300,1,2,5,2.31775,1.4224,1.89865,1.1176,112.53,129.17,5,6,1.4986,3.556,-1,-16.64,2.0574,4.445,23.5462835,136.0762835,163.9237165,9.023802945,0,0.546412388,67.49156355,117.53,1.1176,1.89865,1.1176,1.8034,4.411636995,7.494769668,4.411636995,7.118777879,1.4986,5.915604153,136.0762835,235.3749059,130.7816682,7.494769668,7.118777879,99.29862235,3
B00320,B00320_R2,308,Gate_1,Orange_1,3,5,2.54,0.762,129.17,0.2032,1.6002,112.53,6,5,16.64,0.2032,0.762,1.6764,2.54,2.9464,1.3462,3.2512,1,3,3,300,1,3,5,2.20345,0.889,2.01295,0.508,112.53,129.17,5,6,1.3462,2.9464,-1,-16.64,1.6002,4.5974,24.14787037,136.6778704,163.3221296,8.422216082,0,0.544407099,65.25427415,117.53,0.508,2.01295,1.1176,1.7272,2.005289543,7.945959815,4.411636995,6.817984447,1.3462,5.31401729,136.6778704,235.9764927,131.9848419,7.945959815,6.817984447,99.29862235,2
B00320,B00320_R2,280,Orange_4,Gate_3,4,5,2.54,0.762,129.17,0.2032,1.6002,112.53,6,5,16.64,1.6764,2.032,0.2032,1.6002,2.6416,2.413,2.413,2,3,3,300,1,4,5,2.69875,1.4224,1.74625,0.9652,112.53,129.17,5,6,2.413,2.6416,-1,-16.64,0.2286,4.826,25.05025066,137.5802507,162.4197493,7.519835787,0,0.541399164,62.16328222,117.53,0.9652,1.74625,0.508,2.01295,3.810050132,6.893182805,2.005289543,7.945959815,2.413,9.525125331,137.5802507,229.3590372,126.8713536,6.893182805,7.945959815,91.77878656,1
B00320,B00320_R2,320,Gate_2,Green_7,5,5,2.54,0.762,129.17,0.2032,1.6002,112.53,6,5,16.64,0.2032,1.143,2.54,1.143,2.7178,0.9652,2.3368,1,3,3,300,1,5,5,2.1082,0.889,2.413,1.4986,112.53,129.17,5,6,0.9652,2.7178,-1,-16.64,1.7526,3.302,19.03438203,131.564382,168.435618,13.53570442,0,0.56145206,90.85402786,117.53,1.4986,2.413,0.9652,1.67005,5.915604153,9.525125331,3.810050132,6.592389374,0.9652,3.810050132,131.564382,236.878873,143.4149923,9.525125331,6.592389374,105.314491,0
B00321,B00321_R1,319,Orange_6,Gate_4,1,5,2.54,0.762,117.26,2.54,1.143,123.25,5,6,-5.99,2.54,1.9812,0.2032,1.9812,1.7272,1.3462,2.9464,2,3,3,300,0,1,5,2.69875,2.3368,2.24155,1.1176,117.26,123.25,5,6,1.7272,1.3462,-1,-5.99,-0.381,4.6736,24.4486638,141.7086638,158.2913362,8.422216082,0,0.527637787,64.19034577,122.26,1.1176,2.24155,1.7272,2.5654,4.411636995,8.84834011,6.817984447,10.12671219,1.7272,6.817984447,141.7086638,250.9334694,144.618166,8.84834011,10.12671219,109.2248056,4
B00321,B00321_R1,317,Purple_2,Green_1,2,5,2.54,0.762,117.26,2.54,1.143,123.25,5,6,-5.99,0.762,2.54,1.6764,0.2032,3.556,3.175,3.2512,3,3,3,300,0,2,5,2.69875,1.9558,1.51765,0.508,117.26,123.25,5,6,3.556,3.175,-1,-5.99,-0.381,6.8072,32.87087988,150.1308799,149.8691201,0,0,0.499563734,44.07098366,122.26,0.508,1.51765,1.1176,1.7272,2.005289543,5.990802511,4.411636995,6.817984447,3.556,14.0370268,150.1308799,241.3080796,124.7657995,5.990802511,6.817984447,91.1771997,3
B00321,B00321_R1,313,Green_4,Gate_4,3,5,2.54,0.762,117.26,2.54,1.143,123.25,5,6,-5.99,1.6764,0.7112,0.2032,1.9812,1.4224,1.8034,3.2512,2,3,3,300,0,3,5,2.07645,0,2.16535,1.1176,117.26,123.25,5,6,1.4224,1.8034,-1,-5.99,0.381,4.6736,24.4486638,141.7086638,158.2913362,8.422216082,0,0.527637787,64.19034577,122.26,1.1176,2.16535,0.508,2.1082,4.411636995,8.547546678,2.005289543,8.321951605,1.4224,5.614810721,141.7086638,247.3239482,143.4149923,8.547546678,8.321951605,105.6152844,2
B00321,B00321_R1,287,Gate_2,Green_6,4,5,2.54,0.762,117.26,2.54,1.143,123.25,5,6,-5.99,0.2032,1.143,2.54,0.762,2.7178,2.3368,2.7178,1,3,3,300,0,4,5,2.4892,1.9558,2.032,1.4224,117.26,123.25,5,6,2.7178,2.3368,-1,-5.99,-0.381,5.4356,27.45659811,144.7165981,155.2834019,5.414281767,0,0.51761134,55.19169917,122.26,1.4224,2.032,1.3462,1.6129,5.614810721,8.021158173,5.31401729,6.3667943,2.7178,10.72829906,144.7165981,245.5191876,138.301504,8.021158173,6.3667943,100.8025895,1
B00321,B00321_R1,321,Green_4,Gate_4,5,5,2.54,0.762,117.26,2.54,1.143,123.25,5,6,-5.99,1.6764,0.7112,0.2032,1.9812,1.4224,1.8034,3.2512,2,3,3,300,0,5,5,2.07645,0,2.16535,1.1176,117.26,123.25,5,6,1.4224,1.8034,-1,-5.99,0.381,4.6736,24.4486638,141.7086638,158.2913362,8.422216082,0,0.527637787,64.19034577,122.26,1.1176,2.16535,0.508,2.1082,4.411636995,8.547546678,2.005289543,8.321951605,1.4224,5.614810721,141.7086638,247.3239482,143.4149923,8.547546678,8.321951605,105.6152844,0
B00322,B00322_R2,314,Purple_4,Yellow_4,1,5,0.2032,1.9812,129.81,2.54,1.143,109.1,6,5,20.71,0.762,2.032,0.762,0.7112,1.1176,3.175,2.9464,3,3,3,300,1,1,5,1.9177,1.4224,1.8415,1.1176,109.1,129.81,5,6,3.175,1.1176,-1,-20.71,-2.0574,6.1214,30.163739,139.263739,160.736261,0,0,0.535787537,49.00839677,114.1,1.1176,1.8415,1.4224,2.3368,4.411636995,7.269174594,5.614810721,9.224331899,3.175,12.53305965,139.263739,233.1480796,129.8792879,7.269174594,9.224331899,93.88434058,4
B00322,B00322_R2,322,Gate_2,Yellow_3,2,5,0.2032,1.9812,129.81,2.54,1.143,109.1,6,5,20.71,0.2032,1.143,1.0668,0.2032,1.3462,2.3368,1.8034,1,3,3,300,1,2,5,1.42875,0,2.35585,1.4224,109.1,129.81,5,6,2.3368,1.3462,-1,-20.71,-0.9906,4.1402,22.34310978,131.4431098,168.5568902,7.820629219,0,0.561856301,72.46026762,114.1,1.4224,2.35585,0.9652,1.9177,5.614810721,9.299530257,3.810050132,7.569968026,2.3368,9.224331899,131.4431098,234.6520467,145.8213398,9.299530257,7.569968026,103.208937,3
B00322,B00322_R2,308,Gate_1,Orange_1,3,5,0.2032,1.9812,129.81,2.54,1.143,109.1,6,5,20.71,0.2032,0.762,1.6764,2.54,1.7272,2.7178,3.2512,1,3,3,300,1,3,5,1.8415,0.889,1.9177,0.508,109.1,129.81,5,6,2.7178,1.7272,-1,-20.71,-0.9906,5.969,29.56215213,138.6621521,161.3378479,0.601586863,0,0.537792826,50.25967499,114.1,0.508,1.9177,1.1176,1.651,2.005289543,7.569968026,4.411636995,6.517191016,2.7178,10.72829906,138.6621521,233.7496664,131.6840485,7.569968026,6.517191016,95.08751431,2
B00322,B00322_R2,280,Orange_4,Gate_3,4,5,0.2032,1.9812,129.81,2.54,1.143,109.1,6,5,20.71,1.6764,2.032,0.2032,1.6002,2.032,2.2606,2.413,2,3,3,300,1,4,5,2.6035,1.4224,1.1938,0.9652,109.1,129.81,5,6,2.2606,2.032,-1,-20.71,-0.2286,4.6736,24.4486638,133.5486638,166.4513362,5.715075198,0,0.554837787,64.19034577,114.1,0.9652,1.1938,0.508,2.24155,3.810050132,4.712430427,2.005289543,8.84834011,2.2606,8.923538468,133.5486638,233.1480796,125.3673864,4.712430427,8.84834011,99.59941578,1
B00322,B00322_R2,320,Gate_2,Green_7,5,5,0.2032,1.9812,129.81,2.54,1.143,109.1,6,5,20.71,0.2032,1.143,2.54,1.143,1.3462,2.3368,2.3368,1,3,3,300,1,5,5,1.42875,0,2.62255,2.2606,109.1,129.81,5,6,2.3368,1.3462,-1,-20.71,-0.9906,4.6736,24.4486638,133.5486638,166.4513362,5.715075198,0,0.554837787,64.19034577,114.1,2.2606,2.62255,0.9652,1.78435,8.923538468,10.35230727,3.810050132,7.043579521,2.3368,9.224331899,133.5486638,234.6520467,147.9268938,10.35230727,7.043579521,101.1033829,0
B00323,B00323_R1,323,Orange_2,Gate_3,1,5,0.2032,1.9812,116.16,2.54,1.143,121.93,5,6,-5.77,1.9812,2.54,0.2032,1.6002,2.3368,1.9558,2.7178,2,3,3,300,0,1,5,2.85115,1.7272,2.05105,0.9652,116.16,121.93,5,6,2.3368,1.9558,-1,-5.77,-0.381,5.0546,25.95263096,142.112631,157.887369,5.715075198,0,0.52629123,59.3518775,121.16,0.9652,2.05105,2.3368,2.5654,3.810050132,8.096356531,9.224331899,10.12671219,2.3368,9.224331899,142.112631,250.7358497,141.0086449,8.096356531,10.12671219,108.6232187,4
B00323,B00323_R1,287,Gate_2,Green_6,2,5,0.2032,1.9812,116.16,2.54,1.143,121.93,5,6,-5.77,0.2032,1.143,2.54,0.762,1.3462,2.3368,2.7178,1,3,3,300,0,2,5,2.4892,1.9558,2.1844,1.4224,116.16,121.93,5,6,1.3462,2.3368,-1,-5.77,0.9906,4.064,22.04231635,138.2023163,161.7976837,9.625389808,0,0.539325612,73.81889764,121.16,1.4224,2.1844,0.9652,1.51765,5.614810721,8.622745036,3.810050132,5.990802511,1.3462,5.31401729,138.2023163,249.2318825,147.0245135,8.622745036,5.990802511,111.0295662,3
B00323,B00323_R1,321,Green_4,Gate_4,3,5,0.2032,1.9812,116.16,2.54,1.143,121.93,5,6,-5.77,1.6764,0.7112,0.2032,1.9812,3.2512,1.8034,3.2512,2,3,3,300,0,3,5,2.22885,0,2.01295,1.1176,116.16,121.93,5,6,3.2512,1.8034,-1,-5.77,-1.4478,6.5024,31.66770615,147.8277062,152.1722938,0,0,0.507240979,46.13681102,121.16,1.1176,2.01295,0.508,2.01295,4.411636995,7.945959815,2.005289543,7.945959815,3.2512,12.83385308,147.8277062,239.9072861,134.6919828,7.945959815,7.945959815,92.07957999,2
B00323,B00323_R1,317,Purple_2,Green_1,4,5,0.2032,1.9812,116.16,2.54,1.143,121.93,5,6,-5.77,0.762,2.54,1.6764,0.2032,1.1176,3.175,3.2512,3,3,3,300,0,4,5,2.54635,1.7272,1.67005,0.508,116.16,121.93,5,6,1.1176,3.175,-1,-5.77,2.0574,4.3688,23.24549007,139.4054901,160.5945099,8.422216082,0,0.535315033,68.66874199,121.16,0.508,1.67005,1.1176,1.82245,2.005289543,6.592389374,4.411636995,7.193976237,1.1176,4.411636995,139.4054901,250.7358497,137.6999171,6.592389374,7.193976237,111.3303596,1
B00323,B00323_R1,313,Green_4,Gate_4,5,5,0.2032,1.9812,116.16,2.54,1.143,121.93,5,6,-5.77,1.6764,0.7112,0.2032,1.9812,3.2512,1.8034,3.2512,2,3,3,300,0,5,5,2.22885,0,2.01295,1.1176,116.16,121.93,5,6,3.2512,1.8034,-1,-5.77,-1.4478,6.5024,31.66770615,147.8277062,152.1722938,0,0,0.507240979,46.13681102,121.16,1.1176,2.01295,0.508,2.01295,4.411636995,7.945959815,2.005289543,7.945959815,3.2512,12.83385308,147.8277062,239.9072861,134.6919828,7.945959815,7.945959815,92.07957999,0
B00324,B00324_R2,314,Purple_4,Yellow_4,1,6,0.2032,1.9812,132.29,2.54,1.143,106.09,6,6,26.2,0.762,2.032,0.762,0.7112,1.1176,3.175,2.9464,3,3,3,300,1,1,6,2.1844,1.4224,1.63576,0.8128,106.09,132.29,6,6,3.175,1.1176,0,-26.2,-2.0574,6.1214,30.163739,136.253739,163.746261,0,0,0.54582087,49.00839677,112.09,0.8128,1.63576,1.1176,2.09296,3.208463269,6.457032329,4.411636995,8.261792918,3.175,12.53305965,136.253739,254.8875368,159.0403821,6.457032329,8.261792918,118.6337978,5
B00324,B00324_R2,324,Yellow_5,Gate_4,2,6,0.2032,1.9812,132.29,2.54,1.143,106.09,6,6,26.2,1.0668,0.7112,0.2032,1.9812,2.6416,2.413,2.6416,2,3,3,300,1,2,6,2.24536,1.4224,1.51384,1.1176,106.09,132.29,6,6,2.413,2.6416,0,-26.2,0.2286,5.0546,25.95263096,132.042631,167.957369,4.211108041,0,0.559857897,59.3518775,112.09,1.1176,1.51384,0.508,1.78816,4.411636995,5.975762839,2.005289543,7.058619192,2.413,9.525125331,132.042631,255.4891237,160.8451427,5.975762839,7.058619192,123.4464927,4
B00324,B00324_R2,320,Gate_2,Green_7,3,6,0.2032,1.9812,132.29,2.54,1.143,106.09,6,6,26.2,0.2032,1.143,2.54,1.143,1.3462,2.3368,2.3368,1,3,3,300,1,3,6,1.50368,0,2.58064,2.2606,106.09,132.29,6,6,2.3368,1.3462,0,-26.2,-0.9906,4.6736,24.4486638,130.5386638,169.4613362,5.715075198,0,0.564871121,64.19034577,112.09,2.2606,2.58064,0.9652,1.69672,8.923538468,10.18687088,3.810050132,6.697667075,2.3368,9.224331899,130.5386638,257.5946777,183.4046501,10.18687088,6.697667075,127.0560139,3
B00324,B00324_R2,280,Orange_4,Gate_3,4,6,0.2032,1.9812,132.29,2.54,1.143,106.09,6,6,26.2,1.6764,2.032,0.2032,1.6002,2.032,2.2606,2.413,2,3,3,300,1,4,6,2.67208,1.4224,1.40716,0.9652,106.09,132.29,6,6,2.2606,2.032,0,-26.2,-0.2286,4.6736,24.4486638,130.5386638,169.4613362,5.715075198,0,0.564871121,64.19034577,112.09,0.9652,1.40716,0.508,2.19964,3.810050132,5.554652035,2.005289543,8.682903722,2.2606,8.923538468,130.5386638,256.0907105,160.2435558,5.554652035,8.682903722,125.5520467,2
B00324,B00324_R2,322,Gate_2,Yellow_3,5,6,0.2032,1.9812,132.29,2.54,1.143,106.09,6,6,26.2,0.2032,1.143,1.0668,0.2032,1.3462,2.3368,1.8034,1,3,3,300,1,5,6,1.50368,0,1.98628,0.508,106.09,132.29,6,6,2.3368,1.3462,0,-26.2,-0.9906,4.1402,22.34310978,128.4331098,171.5668902,7.820629219,0,0.571889634,72.46026762,112.09,0.508,1.98628,0.9652,1.8034,2.005289543,7.840682114,3.810050132,7.118777879,2.3368,9.224331899,128.4331098,257.5946777,173.7792603,7.840682114,7.118777879,129.1615679,1
B00324,B00324_R2,308,Gate_1,Orange_1,6,6,0.2032,1.9812,132.29,2.54,1.143,106.09,6,6,26.2,0.2032,0.762,1.6764,2.54,1.7272,2.7178,3.2512,1,3,3,300,1,6,6,1.75768,0.889,2.12344,0.508,106.09,132.29,6,6,2.7178,1.7272,0,-26.2,-0.9906,5.969,29.56215213,135.6521521,164.3478479,0.601586863,0,0.54782616,50.25967499,112.09,0.508,2.12344,1.1176,1.66624,2.005289543,8.382110291,4.411636995,6.577349702,2.7178,10.72829906,135.6521521,256.6922974,169.2673588,8.382110291,6.577349702,121.0401453,0
B00325,B00325_R1,325,Gate_2,Orange_7,1,6,0.2032,1.9812,119.03,1.6764,2.54,124.63,6,6,-5.61,0.2032,1.143,2.54,1.6002,1.3462,2.8702,2.794,1,3,3,300,0,1,6,1.99136,0,2.30632,1.4986,119.03,124.63,6,6,1.3462,2.8702,0,-5.6,1.524,4.1402,22.34310978,141.3731098,158.6268902,9.324596376,0,0.528756301,72.46026762,125.03,1.4986,2.30632,0.9652,1.75768,5.915604153,9.104014527,3.810050132,6.93830182,1.3462,5.31401729,141.3731098,274.4449923,180.0959223,9.104014527,6.93830182,133.0718825,5
B00325,B00325_R1,323,Orange_2,Gate_3,2,6,0.2032,1.9812,119.03,1.6764,2.54,124.63,6,6,-5.61,1.9812,2.54,0.2032,1.6002,2.3368,0.8128,2.7178,2,3,3,300,0,2,6,2.91592,1.7272,1.83388,0.9652,119.03,124.63,6,6,2.3368,0.8128,0,-5.6,-1.524,5.0546,25.95263096,144.982631,155.017369,5.715075198,0,0.516724563,59.3518775,125.03,0.9652,1.83388,1.4986,2.35204,3.810050132,7.239095251,5.915604153,9.284490585,2.3368,9.224331899,144.982631,272.6402317,167.1618048,7.239095251,9.284490585,127.6576008,4
B00325,B00325_R1,287,Gate_2,Green_6,3,6,0.2032,1.9812,119.03,1.6764,2.54,124.63,6,6,-5.61,0.2032,1.143,2.54,0.762,1.3462,2.8702,2.7178,1,3,3,300,0,3,6,1.99136,0,2.29108,1.4224,119.03,124.63,6,6,1.3462,2.8702,0,-5.6,1.524,4.064,22.04231635,141.0723163,158.9276837,9.625389808,0,0.529758946,73.81889764,125.03,1.4224,2.29108,0.9652,1.77292,5.614810721,9.04385584,3.810050132,6.998460506,1.3462,5.31401729,141.0723163,274.4449923,180.0959223,9.04385584,6.998460506,133.372676,3
B00325,B00325_R1,321,Green_4,Gate_4,4,6,0.2032,1.9812,119.03,1.6764,2.54,124.63,6,6,-5.61,1.6764,0.7112,0.2032,1.9812,3.2512,2.9464,3.2512,2,3,3,300,0,4,6,2.26568,0,1.8796,1.1176,119.03,124.63,6,6,3.2512,2.9464,0,-5.6,-0.3048,6.5024,31.66770615,150.6977062,149.3022938,0,0,0.497674313,46.13681102,125.03,1.1176,1.8796,0.508,2.06248,4.411636995,7.41957131,2.005289543,8.141475546,3.2512,12.83385308,150.6977062,265.1203959,162.3491099,7.41957131,8.141475546,114.4226898,2
B00325,B00325_R1,317,Purple_2,Green_1,5,6,0.2032,1.9812,119.03,1.6764,2.54,124.63,6,6,-5.61,0.762,2.54,1.6764,0.2032,1.1176,1.4224,3.2512,3,3,3,300,0,5,6,2.42824,1.7272,1.81864,0.508,119.03,124.63,6,6,1.1176,1.4224,0,-5.6,0.3048,4.3688,23.24549007,142.2754901,157.7245099,8.422216082,0,0.525748366,68.66874199,125.03,0.508,1.81864,1.1176,2.00152,2.005289543,7.178936565,4.411636995,7.900840801,1.1176,4.411636995,142.2754901,275.9489595,169.5681522,7.178936565,7.900840801,133.6734694,1
B00325,B00325_R1,313,Green_4,Gate_4,6,6,0.2032,1.9812,119.03,1.6764,2.54,124.63,6,6,-5.61,1.6764,0.7112,0.2032,1.9812,3.2512,2.9464,3.2512,2,3,3,300,0,6,6,2.26568,0,1.8796,1.1176,119.03,124.63,6,6,3.2512,2.9464,0,-5.6,-0.3048,6.5024,31.66770615,150.6977062,149.3022938,0,0,0.497674313,46.13681102,125.03,1.1176,1.8796,0.508,2.06248,4.411636995,7.41957131,2.005289543,8.141475546,3.2512,12.83385308,150.6977062,265.1203959,162.3491099,7.41957131,8.141475546,114.4226898,0
B00326,B00326_R2,308,Gate_1,Orange_1,1,6,0.2032,1.9812,129.75,1.6764,2.54,117.22,6,6,12.53,0.2032,0.762,1.6764,2.54,1.7272,3.2512,3.2512,1,3,3,300,1,1,6,1.46812,0.889,2.413,0.508,117.22,129.75,6,6,3.2512,1.7272,0,-12.53,-1.524,6.5024,31.66770615,148.8877062,151.1122938,0,0,0.503707646,46.13681102,123.22,0.508,2.413,1.3462,2.07772,2.005289543,9.525125331,5.31401729,8.201634232,3.2512,12.83385308,148.8877062,266.3183302,172.5760865,9.525125331,8.201634232,117.4306241,5
B00326,B00326_R2,280,Orange_4,Gate_3,2,6,0.2032,1.9812,129.75,1.6764,2.54,117.22,6,6,12.53,1.6764,2.032,0.2032,1.6002,2.032,0.508,2.413,2,3,3,300,1,2,6,2.96164,2.8702,1.30048,0.9652,117.22,129.75,6,6,0.508,2.032,0,-12.53,1.524,2.921,17.53041487,134.7504149,165.2495851,14.13729128,0,0.55083195,102.7045532,123.22,0.9652,1.30048,0.508,1.91008,3.810050132,5.133541231,2.005289543,7.539888683,0.508,2.005289543,134.7504149,273.838166,164.7554573,5.133541231,7.539888683,139.0877512,4
B00326,B00326_R2,322,Gate_2,Yellow_3,3,6,0.2032,1.9812,129.75,1.6764,2.54,117.22,6,6,12.53,0.2032,1.143,1.0668,0.2032,1.3462,2.8702,1.8034,1,3,3,300,1,3,6,1.11252,0,1.69672,0.508,117.22,129.75,6,6,2.8702,1.3462,0,-12.53,-1.524,4.6736,24.4486638,141.6686638,158.3313362,7.219042356,0,0.527771121,64.19034577,123.22,0.508,1.69672,0.9652,2.06248,2.005289543,6.697667075,3.810050132,8.141475546,2.8702,11.32988592,141.6686638,266.3183302,165.6578376,6.697667075,8.141475546,124.6496664,3
B00326,B00326_R2,324,Yellow_5,Gate_4,4,6,0.2032,1.9812,129.75,1.6764,2.54,117.22,6,6,12.53,1.0668,0.7112,0.2032,1.9812,2.6416,2.9464,2.6416,2,3,3,300,1,4,6,1.9558,1.4224,1.55956,1.3462,117.22,129.75,6,6,2.9464,2.6416,0,-12.53,-0.3048,5.588,28.05818498,145.278185,154.721815,3.609521178,0,0.515739383,53.68647101,123.22,1.3462,1.55956,0.508,2.19964,5.31401729,6.156238898,2.005289543,8.682903722,2.9464,11.63067935,145.278185,264.2127762,159.3411755,6.156238898,8.682903722,118.9345912,2
B00326,B00326_R2,320,Gate_2,Green_7,5,6,0.2032,1.9812,129.75,1.6764,2.54,117.22,6,6,12.53,0.2032,1.143,2.54,1.143,1.3462,2.8702,2.3368,1,3,3,300,1,5,6,1.11252,0,2.413,2.2606,117.22,129.75,6,6,2.8702,1.3462,0,-12.53,-1.524,5.207,26.55421782,143.7742178,156.2257822,5.113488335,0,0.520752607,57.61474938,123.22,2.2606,2.413,0.9652,1.9558,8.923538468,9.525125331,3.810050132,7.720364742,2.8702,11.32988592,143.7742178,266.3183302,177.6895749,9.525125331,7.720364742,122.5441124,1
B00326,B00326_R2,326,Gate_2,Orange_7,6,6,0.2032,1.9812,129.75,1.6764,2.54,117.22,6,6,12.53,0.2032,1.143,2.54,1.6002,1.3462,2.8702,2.794,1,3,3,300,1,6,6,1.11252,0,2.68732,1.8034,117.22,129.75,6,6,2.8702,1.3462,0,-12.53,-1.524,5.6642,28.35897841,145.5789784,154.4210216,3.308727746,0,0.514736739,52.96423149,123.22,1.8034,2.68732,0.9652,1.86436,7.118777879,10.60798168,3.810050132,7.359412624,2.8702,11.32988592,145.5789784,266.3183302,181.299096,10.60798168,7.359412624,120.7393518,0
B00327,B00327_R1,323,Orange_2,Gate_3,1,6,0.2032,1.9812,119.33,2.54,1.6002,123.09,6,6,-3.76,1.9812,2.54,0.2032,1.6002,2.3368,1.4986,2.7178,2,3,3,300,0,1,6,2.99212,1.7272,1.91008,0.9652,119.33,123.09,6,6,2.3368,1.4986,0,-3.76,-0.8382,5.0546,25.95263096,145.282631,154.717369,5.715075198,0,0.515724563,59.3518775,125.33,0.9652,1.91008,2.3368,2.82448,3.810050132,7.539888683,9.224331899,11.14940986,2.3368,9.224331899,145.282631,269.9322974,162.3491099,7.539888683,11.14940986,124.6496664,5
B00327,B00327_R1,327,Gate_1,Yellow_1,2,6,0.2032,1.9812,119.33,2.54,1.6002,123.09,6,6,-3.76,0.2032,0.762,0.4572,0.2032,1.7272,3.175,0.8128,1,3,3,300,0,2,6,2.16916,0.889,2.23012,1.1938,119.33,123.09,6,6,1.7272,3.175,0,-3.76,1.4478,2.54,16.02644772,135.3564477,164.6435523,15.64125844,0,0.548811841,118.1102362,125.33,1.1938,2.23012,1.3462,1.9558,4.712430427,8.803221095,5.31401729,7.720364742,1.7272,6.817984447,135.3564477,268.4283302,178.5919552,8.803221095,7.720364742,133.0718825,4
B00327,B00327_R1,287,Gate_2,Green_6,3,6,0.2032,1.9812,119.33,2.54,1.6002,123.09,6,6,-3.76,0.2032,1.143,2.54,0.762,1.3462,2.794,2.7178,1,3,3,300,0,3,6,2.16916,0.889,2.3368,1.4224,119.33,123.09,6,6,1.3462,2.794,0,-3.76,1.4478,4.064,22.04231635,141.3723163,158.6276837,9.625389808,0,0.528758946,73.81889764,125.33,1.4224,2.3368,0.9652,1.45288,5.614810721,9.224331899,3.810050132,5.735128094,1.3462,5.31401729,141.3723163,268.4283302,174.6816405,9.224331899,5.735128094,127.0560139,3
B00327,B00327_R1,321,Green_4,Gate_4,4,6,0.2032,1.9812,119.33,2.54,1.6002,123.09,6,6,-3.76,1.6764,0.7112,0.2032,1.9812,3.2512,2.2606,3.2512,2,3,3,300,0,4,6,2.18948,0,1.9558,1.1176,119.33,123.09,6,6,3.2512,2.2606,0,-3.76,-0.9906,6.5024,31.66770615,150.9977062,149.0022938,0,0,0.496674313,46.13681102,125.33,1.1176,1.9558,0.508,1.9558,4.411636995,7.720364742,2.005289543,7.720364742,3.2512,12.83385308,150.9977062,259.1037339,157.536415,7.720364742,7.720364742,108.1060277,2
B00327,B00327_R1,317,Purple_2,Green_1,5,6,0.2032,1.9812,119.33,2.54,1.6002,123.09,6,6,-3.76,0.762,2.54,1.6764,0.2032,1.1176,2.7178,3.2512,3,3,3,300,0,5,6,2.50444,1.7272,1.74244,0.508,119.33,123.09,6,6,1.1176,2.7178,0,-3.76,1.6002,4.3688,23.24549007,142.5754901,157.4245099,8.422216082,0,0.524748366,68.66874199,125.33,0.508,1.74244,1.1176,1.98628,2.005289543,6.878143133,4.411636995,7.840682114,1.1176,4.411636995,142.5754901,269.9322974,161.747523,6.878143133,7.840682114,127.3568073,1
B00327,B00327_R1,313,Green_4,Gate_4,6,6,0.2032,1.9812,119.33,2.54,1.6002,123.09,6,6,-3.76,1.6764,0.7112,0.2032,1.9812,3.2512,2.2606,3.2512,2,3,3,300,0,6,6,2.18948,0,1.9558,1.1176,119.33,123.09,6,6,3.2512,2.2606,0,-3.76,-0.9906,6.5024,31.66770615,150.9977062,149.0022938,0,0,0.496674313,46.13681102,125.33,1.1176,1.9558,0.508,1.9558,4.411636995,7.720364742,2.005289543,7.720364742,3.2512,12.83385308,150.9977062,259.1037339,157.536415,7.720364742,7.720364742,108.1060277,0
B00328,B00328_R2,280,Orange_4,Gate_3,1,6,0.2032,1.9812,124.63,2.54,1.6002,115.68,6,6,8.96,1.6764,2.032,0.2032,1.6002,2.032,1.8034,2.413,2,3,3,300,1,1,6,2.53492,1.1176,1.39192,0.9652,115.68,124.63,6,6,1.8034,2.032,0,-8.95,0.2286,4.2164,22.64390321,138.3239032,161.6760968,5.414281767,0,0.538920323,71.15074471,121.68,0.9652,1.39192,1.4224,2.09296,3.810050132,5.494493349,5.614810721,8.261792918,1.8034,7.118777879,138.3239032,261.7703959,152.4229266,5.494493349,8.261792918,123.4464927,5
B00328,B00328_R2,326,Gate_2,Orange_7,2,6,0.2032,1.9812,124.63,2.54,1.6002,115.68,6,6,8.96,0.2032,1.143,2.54,1.6002,1.3462,2.794,2.794,1,3,3,300,1,2,6,1.38684,0,2.53492,1.8034,115.68,124.63,6,6,2.794,1.3462,0,-8.95,-1.4478,5.588,28.05818498,143.738185,156.261815,0,0,0.520872717,53.68647101,121.68,1.8034,2.53492,0.9652,1.68148,7.118777879,10.00639482,3.810050132,6.637508388,2.794,11.02909249,143.738185,256.0553207,169.5681522,10.00639482,6.637508388,112.3171358,4
B00328,B00328_R2,328,Purple_3,Purple_4,3,6,0.2032,1.9812,124.63,2.54,1.6002,115.68,6,6,8.96,1.0668,2.54,0.762,2.032,1.4224,2.413,0.8128,3,3,3,300,1,3,6,2.16916,1.1176,2.1082,1.4224,115.68,124.63,6,6,2.413,1.4224,0,-8.95,-0.9906,3.2258,18.7335886,134.4135886,165.5864114,9.324596376,0,0.551954705,93.000186,121.68,1.4224,2.1082,1.4224,2.29108,5.614810721,8.321951605,5.614810721,9.04385584,2.413,9.525125331,134.4135886,259.3640485,170.4705325,8.321951605,9.04385584,124.9504599,3
B00328,B00328_R2,322,Gate_2,Yellow_3,4,6,0.2032,1.9812,124.63,2.54,1.6002,115.68,6,6,8.96,0.2032,1.143,1.0668,0.2032,1.3462,2.794,1.8034,1,3,3,300,1,4,6,1.38684,0,2.00152,0.508,115.68,124.63,6,6,2.794,1.3462,0,-8.95,-1.4478,4.5974,24.14787037,139.8278704,160.1721296,3.910314609,0,0.533907099,65.25427415,121.68,0.508,2.00152,0.9652,1.8796,2.005289543,7.900840801,3.810050132,7.41957131,2.794,11.02909249,139.8278704,256.0553207,162.9506967,7.900840801,7.41957131,116.2274504,2
B00328,B00328_R2,324,Yellow_5,Gate_4,5,6,0.2032,1.9812,124.63,2.54,1.6002,115.68,6,6,8.96,1.0668,0.7112,0.2032,1.9812,2.6416,2.8702,2.6416,2,3,3,300,1,5,6,2.2606,1.8034,1.4986,1.3462,115.68,124.63,6,6,2.8702,2.6416,0,-8.95,-0.2286,5.5118,27.75739154,143.4373915,156.5626085,0.300793431,0,0.521875362,54.42868029,121.68,1.3462,1.4986,0.508,2.2606,5.31401729,5.915604153,2.005289543,8.923538468,2.8702,11.32988592,143.4373915,253.9497667,149.4149923,5.915604153,8.923538468,110.5123752,1
B00328,B00328_R2,320,Gate_2,Green_7,6,6,0.2032,1.9812,124.63,2.54,1.6002,115.68,6,6,8.96,0.2032,1.143,2.54,1.143,1.3462,2.794,2.3368,1,3,3,300,1,6,6,1.38684,0,2.44348,2.2606,115.68,124.63,6,6,2.794,1.3462,0,-8.95,-1.4478,5.1308,26.25342439,141.9334244,158.0665756,1.804760589,0,0.526888585,58.47041397,121.68,2.2606,2.44348,0.9652,1.77292,8.923538468,9.645442703,3.810050132,6.998460506,2.794,11.02909249,141.9334244,256.0553207,169.5681522,9.645442703,6.998460506,114.1218963,0
B00329,B00329_R1,327,Gate_1,Yellow_1,1,6,0.2032,1.9812,117.22,2.54,1.143,117.31,6,6,-0.09,0.2032,0.762,0.4572,0.2032,1.7272,2.7178,0.8128,1,3,3,300,0,1,6,1.74244,0.889,1.68148,1.1176,117.22,117.31,6,6,1.7272,2.7178,0,-0.09,0.9906,2.54,16.02644772,133.2464477,166.7535523,15.64125844,0,0.555845174,118.1102362,123.22,1.1176,1.68148,1.7272,2.032,4.411636995,6.637508388,6.817984447,8.021158173,1.7272,6.817984447,133.2464477,268.7246777,168.6657719,6.637508388,8.021158173,135.47823,5
B00329,B00329_R1,329,Yellow_5,Gate_4,2,6,0.2032,1.9812,117.22,2.54,1.143,117.31,6,6,-0.09,1.0668,0.7112,0.2032,1.9812,2.6416,2.413,2.6416,2,3,3,300,0,2,6,1.74244,1.1176,2.13868,1.1176,117.22,117.31,6,6,2.6416,2.413,0,-0.09,-0.2286,5.2832,26.85501125,144.0750113,155.9249887,4.812694904,0,0.519749962,56.78376741,123.22,1.1176,2.13868,1.1176,1.91008,4.411636995,8.442268977,4.411636995,7.539888683,2.6416,10.42750563,144.0750113,262.7088091,166.8610113,8.442268977,7.539888683,118.6337978,4
B00329,B00329_R1,287,Gate_2,Green_6,3,6,0.2032,1.9812,117.22,2.54,1.143,117.31,6,6,-0.09,0.2032,1.143,2.54,0.762,1.3462,2.3368,2.7178,1,3,3,300,0,3,6,1.89484,0.889,2.27584,1.4224,117.22,117.31,6,6,1.3462,2.3368,0,-0.09,0.9906,4.064,22.04231635,139.2623163,160.7376837,9.625389808,0,0.535792279,73.81889764,123.22,1.4224,2.27584,1.1938,1.52908,5.614810721,8.983697154,4.712430427,6.035921525,1.3462,5.31401729,139.2623163,268.1230908,174.3808471,8.983697154,6.035921525,128.8607745,3
B00329,B00329_R1,321,Green_4,Gate_4,4,6,0.2032,1.9812,117.22,2.54,1.143,117.31,6,6,-0.09,1.6764,0.7112,0.2032,1.9812,3.2512,1.8034,3.2512,2,3,3,300,0,4,6,1.76276,0,2.01676,1.1176,117.22,117.31,6,6,3.2512,1.8034,0,-0.09,-1.4478,6.5024,31.66770615,148.8877062,151.1122938,0,0,0.503707646,46.13681102,123.22,1.1176,2.01676,0.508,2.032,4.411636995,7.960999487,2.005289543,8.021158173,3.2512,12.83385308,148.8877062,257.8961142,159.641969,7.960999487,8.021158173,109.008408,2
B00329,B00329_R1,317,Purple_2,Green_1,5,6,0.2032,1.9812,117.22,2.54,1.143,117.31,6,6,-0.09,0.762,2.54,1.6764,0.2032,1.1176,3.175,3.2512,3,3,3,300,0,5,6,2.80924,1.9558,1.31572,0.508,117.22,117.31,6,6,1.1176,3.175,0,-0.09,2.0574,4.3688,23.24549007,140.4654901,159.5345099,8.422216082,0,0.5317817,68.66874199,123.22,0.508,1.31572,1.1176,1.91008,2.005289543,5.193699917,4.411636995,7.539888683,1.1176,4.411636995,140.4654901,268.7246777,154.2276872,5.193699917,7.539888683,128.2591876,1
B00329,B00329_R1,313,Green_4,Gate_4,6,6,0.2032,1.9812,117.22,2.54,1.143,117.31,6,6,-0.09,1.6764,0.7112,0.2032,1.9812,3.2512,1.8034,3.2512,2,3,3,300,0,6,6,1.76276,0,2.01676,1.1176,117.22,117.31,6,6,3.2512,1.8034,0,-0.09,-1.4478,6.5024,31.66770615,148.8877062,151.1122938,0,0,0.503707646,46.13681102,123.22,1.1176,2.01676,0.508,2.032,4.411636995,7.960999487,2.005289543,8.021158173,3.2512,12.83385308,148.8877062,257.8961142,159.641969,7.960999487,8.021158173,109.008408,0
B00330,B00330_R2,330,Gate_2,Yellow_1,1,6,0.2032,1.9812,126.02,2.54,1.143,112.15,6,6,13.87,0.2032,1.143,0.4572,0.2032,1.3462,2.3368,1.1938,1,3,3,300,1,1,6,0.8128,0,1.52908,1.1176,112.15,126.02,6,6,2.3368,1.3462,0,-13.87,-0.9906,3.5306,19.93676233,132.0867623,167.9132377,6.316662061,0,0.559710792,84.97139296,118.15,1.1176,1.52908,1.3462,2.04724,4.411636995,6.035921525,5.31401729,8.081316859,2.3368,9.224331899,132.0867623,247.7126258,149.7157857,6.035921525,8.081316859,115.6258635,5
B00330,B00330_R2,320,Gate_2,Green_7,2,6,0.2032,1.9812,126.02,2.54,1.143,112.15,6,6,13.87,0.2032,1.143,2.54,1.143,1.3462,2.3368,2.3368,1,3,3,300,1,2,6,0.8128,0,2.45872,2.3368,112.15,126.02,6,6,2.3368,1.3462,0,-13.87,-0.9906,4.6736,24.4486638,136.5986638,163.4013362,1.804760589,0,0.544671121,64.19034577,118.15,2.3368,2.45872,1.1938,1.81864,9.224331899,9.705601389,4.712430427,7.178936565,2.3368,9.224331899,136.5986638,247.111039,163.5522836,9.705601389,7.178936565,110.5123752,4
B00330,B00330_R2,322,Gate_2,Yellow_3,3,6,0.2032,1.9812,126.02,2.54,1.143,112.15,6,6,13.87,0.2032,1.143,1.0668,0.2032,1.3462,2.3368,1.8034,1,3,3,300,1,3,6,0.8128,0,1.77292,0.508,112.15,126.02,6,6,2.3368,1.3462,0,-13.87,-0.9906,4.1402,22.34310978,134.4931098,165.5068902,3.910314609,0,0.551689634,72.46026762,118.15,0.508,1.77292,1.1938,1.92532,2.005289543,6.998460506,4.712430427,7.600047369,2.3368,9.224331899,134.4931098,247.111039,152.1221332,6.998460506,7.600047369,112.6179292,3
B00330,B00330_R2,324,Yellow_5,Gate_4,4,6,0.2032,1.9812,126.02,2.54,1.143,112.15,6,6,13.87,1.0668,0.7112,0.2032,1.9812,2.6416,2.413,2.6416,2,3,3,300,1,4,6,2.032,1.8034,1.36144,1.3462,112.15,126.02,6,6,2.413,2.6416,0,-13.87,0.2286,5.0546,25.95263096,138.102631,161.897369,0.300793431,0,0.539657897,59.3518775,118.15,1.3462,1.36144,0.508,2.032,5.31401729,5.374175976,2.005289543,8.021158173,2.413,9.525125331,138.102631,244.1031046,140.3911894,5.374175976,8.021158173,106.0004737,2
B00330,B00330_R2,328,Purple_3,Purple_4,5,6,0.2032,1.9812,126.02,2.54,1.143,112.15,6,6,13.87,1.0668,2.54,0.762,2.032,1.4224,2.8702,0.8128,3,3,3,300,1,5,6,2.39776,2.2606,2.21488,1.9558,112.15,126.02,6,6,2.8702,1.4224,0,-13.87,-1.4478,3.683,20.53834919,132.6883492,167.3116508,5.715075198,0,0.557705503,81.45533532,118.15,1.9558,2.21488,1.4224,2.51968,7.720364742,8.743062409,5.614810721,9.946236135,2.8702,11.32988592,132.6883492,245.9078652,162.6499033,8.743062409,9.946236135,113.219516,1
B00330,B00330_R2,326,Gate_2,Orange_7,6,6,0.2032,1.9812,126.02,2.54,1.143,112.15,6,6,13.87,0.2032,1.143,2.54,1.6002,1.3462,2.3368,2.794,1,3,3,300,1,6,6,0.8128,0,2.73304,2.413,112.15,126.02,6,6,2.3368,1.3462,0,-13.87,-0.9906,5.1308,26.25342439,138.4034244,161.5965756,0,0,0.538655252,58.47041397,118.15,2.413,2.73304,1.1938,1.7272,9.525125331,10.78845774,4.712430427,6.817984447,2.3368,9.224331899,138.4034244,247.111039,167.1618048,10.78845774,6.817984447,108.7076146,0
B00331,B00331_R2,320,Gate_2,Green_7,1,6,0.2032,1.9812,117.7,2.54,1.6002,115.13,6,6,2.58,0.2032,1.143,2.54,1.143,1.3462,2.794,2.3368,1,3,3,300,1,1,6,1.38684,0,2.44348,2.2606,115.13,117.7,6,6,2.794,1.3462,0,-2.57,-1.4478,5.1308,26.25342439,141.3834244,158.6165756,1.804760589,0,0.528721919,58.47041397,121.13,2.2606,2.44348,1.3462,1.84912,8.923538468,9.645442703,5.31401729,7.299253938,2.794,11.02909249,141.3834244,255.5053207,168.0641851,9.645442703,7.299253938,114.1218963,5
B00331,B00331_R2,322,Gate_2,Yellow_3,2,6,0.2032,1.9812,117.7,2.54,1.6002,115.13,6,6,2.58,0.2032,1.143,1.0668,0.2032,1.3462,2.794,1.8034,1,3,3,300,1,2,6,1.38684,0,2.00152,0.508,115.13,117.7,6,6,2.794,1.3462,0,-2.57,-1.4478,4.5974,24.14787037,139.2778704,160.7221296,3.910314609,0,0.535740432,65.25427415,121.13,0.508,2.00152,1.3462,1.9558,2.005289543,7.900840801,5.31401729,7.720364742,2.794,11.02909249,139.2778704,255.5053207,161.4467296,7.900840801,7.720364742,116.2274504,4
B00331,B00331_R2,324,Yellow_5,Gate_4,3,6,0.2032,1.9812,117.7,2.54,1.6002,115.13,6,6,2.58,1.0668,0.7112,0.2032,1.9812,2.6416,2.8702,2.6416,2,3,3,300,1,3,6,2.2606,1.8034,1.4986,1.3462,115.13,117.7,6,6,2.8702,2.6416,0,-2.57,-0.2286,5.5118,27.75739154,142.8873915,157.1126085,0.300793431,0,0.523708695,54.42868029,121.13,1.3462,1.4986,0.508,2.3368,5.31401729,5.915604153,2.005289543,9.224331899,2.8702,11.32988592,142.8873915,251.8957995,147.9110251,5.915604153,9.224331899,109.008408,3
B00331,B00331_R2,328,Purple_3,Purple_4,4,6,0.2032,1.9812,117.7,2.54,1.6002,115.13,6,6,2.58,1.0668,2.54,0.762,2.032,1.4224,2.413,0.8128,3,3,3,300,1,4,6,2.16916,1.1176,2.1082,1.4224,115.13,117.7,6,6,2.413,1.4224,0,-2.57,-0.9906,3.2258,18.7335886,133.8635886,166.1364114,9.324596376,0,0.553788038,93.000186,121.13,1.4224,2.1082,1.4224,2.21488,5.614810721,8.321951605,5.614810721,8.743062409,2.413,9.525125331,133.8635886,257.3100813,168.9665653,8.321951605,8.743062409,123.4464927,2
B00331,B00331_R2,331,Orange_1,Gate_4,5,6,0.2032,1.9812,117.7,2.54,1.6002,115.13,6,6,2.58,1.6764,2.54,0.2032,1.9812,2.032,1.8034,2.032,2,3,3,300,1,5,6,2.53492,1.1176,1.62052,1.3462,115.13,117.7,6,6,1.8034,2.032,0,-2.57,0.2286,3.8354,21.13993605,136.2699361,163.7300639,6.918248924,0,0.54576688,78.21869948,121.13,1.3462,1.62052,1.4224,2.09296,5.31401729,6.396873643,5.614810721,8.261792918,1.8034,7.118777879,136.2699361,259.7164288,156.9348281,6.396873643,8.261792918,123.4464927,1
B00331,B00331_R2,326,Gate_2,Orange_7,6,6,0.2032,1.9812,117.7,2.54,1.6002,115.13,6,6,2.58,0.2032,1.143,2.54,1.6002,1.3462,2.794,2.794,1,3,3,300,1,6,6,1.38684,0,2.53492,1.8034,115.13,117.7,6,6,2.794,1.3462,0,-2.57,-1.4478,5.588,28.05818498,143.188185,156.811815,0,0,0.52270605,53.68647101,121.13,1.8034,2.53492,1.3462,1.75768,7.118777879,10.00639482,5.31401729,6.93830182,2.794,11.02909249,143.188185,255.5053207,168.0641851,10.00639482,6.93830182,112.3171358,0
B00332,B00332_R1,332,Purple_3,Gate_4,1,5,0.2032,1.9812,111.41,2.54,1.6002,125.47,5,7,-14.05,1.0668,2.54,0.2032,1.9812,1.4224,2.413,1.4224,2,3,3,300,0,1,5,2.24155,0.8128,2.24155,1.1176,111.41,125.47,5,7,1.4224,2.413,-2,-14.06,0.9906,2.8448,17.22962144,128.6396214,171.3603786,14.43808471,0,0.571201262,105.4555681,116.41,1.1176,2.24155,1.4224,2.2606,4.411636995,8.84834011,5.614810721,8.923538468,1.4224,5.614810721,128.6396214,237.2628402,144.0165792,8.84834011,8.923538468,108.6232187,4
B00332,B00332_R1,317,Purple_2,Green_1,2,5,0.2032,1.9812,111.41,2.54,1.6002,125.47,5,7,-14.05,0.762,2.54,1.6764,0.2032,1.1176,2.7178,3.2512,3,3,3,300,0,2,5,2.31775,0.8128,1.59385,0.508,111.41,125.47,5,7,1.1176,2.7178,-2,-14.06,1.6002,4.3688,23.24549007,134.6554901,165.3445099,8.422216082,0,0.551148366,68.66874199,116.41,0.508,1.59385,1.1176,1.7272,2.005289543,6.291595942,4.411636995,6.817984447,1.1176,4.411636995,134.6554901,237.2628402,127.7737339,6.291595942,6.817984447,102.6073501,3
B00332,B00332_R1,313,Green_4,Gate_4,3,5,0.2032,1.9812,111.41,2.54,1.6002,125.47,5,7,-14.05,1.6764,0.7112,0.2032,1.9812,3.2512,2.2606,3.2512,2,3,3,300,0,3,5,2.15265,0,1.78435,1.1176,111.41,125.47,5,7,3.2512,2.2606,-2,-14.06,-0.9906,6.5024,31.66770615,143.0777062,156.9222938,0,0,0.523074313,46.13681102,116.41,1.1176,1.78435,0.508,2.1082,4.411636995,7.043579521,2.005289543,8.321951605,3.2512,12.83385308,143.0777062,226.4342766,122.3594521,7.043579521,8.321951605,83.35657048,2
B00332,B00332_R1,287,Gate_2,Green_6,4,5,0.2032,1.9812,111.41,2.54,1.6002,125.47,5,7,-14.05,0.2032,1.143,2.54,0.762,1.3462,2.794,2.7178,1,3,3,300,0,4,5,2.2606,1.9558,2.413,1.4224,111.41,125.47,5,7,1.3462,2.794,-2,-14.06,1.4478,4.064,22.04231635,133.4523163,166.5476837,9.625389808,0,0.555158946,73.81889764,116.41,1.4224,2.413,1.3462,1.6129,5.614810721,9.525125331,5.31401729,6.3667943,1.3462,5.31401729,133.4523163,237.2628402,141.9110251,9.525125331,6.3667943,103.8105238,1
B00332,B00332_R1,321,Green_4,Gate_4,5,5,0.2032,1.9812,111.41,2.54,1.6002,125.47,5,7,-14.05,1.6764,0.7112,0.2032,1.9812,3.2512,2.2606,3.2512,2,3,3,300,0,5,5,2.15265,0,1.78435,1.1176,111.41,125.47,5,7,3.2512,2.2606,-2,-14.06,-0.9906,6.5024,31.66770615,143.0777062,156.9222938,0,0,0.523074313,46.13681102,116.41,1.1176,1.78435,0.508,2.1082,4.411636995,7.043579521,2.005289543,8.321951605,3.2512,12.83385308,143.0777062,226.4342766,122.3594521,7.043579521,8.321951605,83.35657048,0
B00333,B00333_R1,333,Gate_1,Green_3,1,6,0.2032,1.9812,121.23,2.54,1.6002,117.76,6,6,3.48,0.2032,0.762,2.286,0.2032,1.7272,3.175,2.6416,1,3,3,300,0,1,6,1.98628,0.889,2.53492,1.1176,121.23,117.76,6,6,1.7272,3.175,0,3.47,1.4478,4.3688,23.24549007,144.4754901,155.5245099,8.422216082,0,0.518415033,68.66874199,127.23,1.1176,2.53492,1.7272,2.032,4.411636995,10.00639482,6.817984447,8.021158173,1.7272,6.817984447,144.4754901,270.3283302,175.8848143,10.00639482,8.021158173,125.8528402,5
B00333,B00333_R1,321,Green_4,Gate_4,2,6,0.2032,1.9812,121.23,2.54,1.6002,117.76,6,6,3.48,1.6764,0.7112,0.2032,1.9812,3.2512,2.2606,3.2512,2,3,3,300,0,2,6,2.12852,0,1.77292,1.1176,121.23,117.76,6,6,3.2512,2.2606,0,3.47,-0.9906,6.5024,31.66770615,152.8977062,147.1022938,0,0,0.490340979,46.13681102,127.23,1.1176,1.77292,0.508,1.91008,4.411636995,6.998460506,2.005289543,7.539888683,3.2512,12.83385308,152.8977062,259.4997667,152.4229266,6.998460506,7.539888683,106.6020606,4
B00333,B00333_R1,317,Purple_2,Green_1,3,6,0.2032,1.9812,121.23,2.54,1.6002,117.76,6,6,3.48,0.762,2.54,1.6764,0.2032,1.1176,2.7178,3.2512,3,3,3,300,0,3,6,2.32156,0.8128,1.68148,0.508,121.23,117.76,6,6,1.1176,2.7178,0,3.47,1.6002,4.3688,23.24549007,144.4754901,155.5245099,8.422216082,0,0.518415033,68.66874199,127.23,0.508,1.68148,1.1176,2.15392,2.005289543,6.637508388,4.411636995,8.502427664,1.1176,4.411636995,144.4754901,270.3283302,159.0403821,6.637508388,8.502427664,125.8528402,3
B00333,B00333_R1,313,Green_4,Gate_4,4,6,0.2032,1.9812,121.23,2.54,1.6002,117.76,6,6,3.48,1.6764,0.7112,0.2032,1.9812,3.2512,2.2606,3.2512,2,3,3,300,0,4,6,2.12852,0,1.77292,1.1176,121.23,117.76,6,6,3.2512,2.2606,0,3.47,-0.9906,6.5024,31.66770615,152.8977062,147.1022938,0,0,0.490340979,46.13681102,127.23,1.1176,1.77292,0.508,1.91008,4.411636995,6.998460506,2.005289543,7.539888683,3.2512,12.83385308,152.8977062,259.4997667,152.4229266,6.998460506,7.539888683,106.6020606,2
B00333,B00333_R1,332,Purple_3,Gate_4,5,6,0.2032,1.9812,121.23,2.54,1.6002,117.76,6,6,3.48,1.0668,2.54,0.2032,1.9812,1.4224,2.413,1.4224,2,3,3,300,0,5,6,2.32156,0.8128,2.13868,1.1176,121.23,117.76,6,6,1.4224,2.413,0,3.47,0.9906,2.8448,17.22962144,138.4596214,161.5403786,14.43808471,0,0.538467929,105.4555681,127.23,1.1176,2.13868,1.4224,2.51968,4.411636995,8.442268977,5.614810721,9.946236135,1.4224,5.614810721,138.4596214,270.3283302,174.0800537,8.442268977,9.946236135,131.8687088,1
B00333,B00333_R1,287,Gate_2,Green_6,6,6,0.2032,1.9812,121.23,2.54,1.6002,117.76,6,6,3.48,0.2032,1.143,2.54,0.762,1.3462,2.794,2.7178,1,3,3,300,0,6,6,1.98628,0.889,2.51968,1.4224,121.23,117.76,6,6,1.3462,2.794,0,3.47,1.4478,4.064,22.04231635,143.2723163,156.7276837,9.625389808,0,0.522425612,73.81889764,127.23,1.4224,2.51968,1.3462,1.89484,5.614810721,9.946236135,5.31401729,7.479729996,1.3462,5.31401729,143.2723163,270.3283302,176.7871946,9.946236135,7.479729996,127.0560139,0
B00334,B00334_R2,331,Orange_1,Gate_4,1,6,2.54,0.762,130.17,2.54,1.6002,110.04,6,6,20.12,1.6764,2.54,0.2032,1.9812,2.6416,1.8034,2.032,2,3,3,300,1,1,6,2.30632,1.1176,1.51384,0.8128,110.04,130.17,6,6,1.8034,2.6416,0,-20.13,0.8382,3.8354,21.13993605,131.1799361,168.8200639,6.918248924,0,0.562733546,78.21869948,116.04,0.8128,1.51384,1.4224,2.04724,3.208463269,5.975762839,5.614810721,8.081316859,1.8034,7.118777879,131.1799361,249.5129404,149.7157857,5.975762839,8.081316859,118.3330044,5
B00334,B00334_R2,334,Purple_1,Gate_4,2,6,2.54,0.762,130.17,2.54,1.6002,110.04,6,6,20.12,0.4572,2.54,0.2032,1.9812,3.8608,3.0226,0.8128,2,3,3,300,1,2,6,1.81864,1.1176,1.75768,1.3462,110.04,130.17,6,6,3.0226,3.8608,0,-20.13,0.8382,3.8354,21.13993605,131.1799361,168.8200639,6.918248924,0,0.562733546,78.21869948,116.04,1.3462,1.75768,0.8128,1.68148,5.31401729,6.93830182,3.208463269,6.637508388,3.0226,11.93147278,131.1799361,242.2938981,154.5284806,6.93830182,6.637508388,111.113962,4
B00334,B00334_R2,326,Gate_2,Orange_7,3,6,2.54,0.762,130.17,2.54,1.6002,110.04,6,6,20.12,0.2032,1.143,2.54,1.6002,2.7178,2.794,2.794,1,3,3,300,1,3,6,1.71704,0,2.58064,1.8034,110.04,130.17,6,6,2.794,2.7178,0,-20.13,-0.0762,5.588,28.05818498,138.098185,161.901815,0,0,0.539672717,53.68647101,116.04,1.8034,2.58064,1.3462,1.55956,7.118777879,10.18687088,5.31401729,6.156238898,2.794,11.02909249,138.098185,245.3018324,163.853077,10.18687088,6.156238898,107.2036474,3
B00334,B00334_R2,322,Gate_2,Yellow_3,4,6,2.54,0.762,130.17,2.54,1.6002,110.04,6,6,20.12,0.2032,1.143,1.0668,0.2032,2.7178,2.794,1.8034,1,3,3,300,1,4,6,1.71704,0,2.23012,0.508,110.04,130.17,6,6,2.794,2.7178,0,-20.13,-0.0762,4.5974,24.14787037,134.1878704,165.8121296,3.910314609,0,0.552707099,65.25427415,116.04,0.508,2.23012,1.3462,1.75768,2.005289543,8.803221095,5.31401729,6.93830182,2.794,11.02909249,134.1878704,245.3018324,160.8451427,8.803221095,6.93830182,111.113962,2
B00334,B00334_R2,324,Yellow_5,Gate_4,5,6,2.54,0.762,130.17,2.54,1.6002,110.04,6,6,20.12,1.0668,0.7112,0.2032,1.9812,2.032,2.8702,2.6416,2,3,3,300,1,5,6,2.4892,1.8034,1.39192,0.8128,110.04,130.17,6,6,2.8702,2.032,0,-20.13,-0.8382,5.5118,27.75739154,137.7973915,162.2026085,0.300793431,0,0.540675362,54.42868029,116.04,0.8128,1.39192,0.508,2.38252,3.208463269,5.494493349,2.005289543,9.404807958,2.8702,11.32988592,137.7973915,241.6923112,140.6919828,5.494493349,9.404807958,103.8949197,1
B00334,B00334_R2,328,Purple_3,Purple_4,6,6,2.54,0.762,130.17,2.54,1.6002,110.04,6,6,20.12,1.0668,2.54,0.762,2.032,3.2512,2.413,0.8128,3,3,3,300,1,6,6,1.94056,1.1176,1.8796,0.8128,110.04,130.17,6,6,2.413,3.2512,0,-20.13,0.8382,3.2258,18.7335886,128.7735886,171.2264114,9.324596376,0,0.570754705,93.000186,116.04,0.8128,1.8796,1.4224,1.92532,3.208463269,7.41957131,5.614810721,7.600047369,2.413,9.525125331,128.7735886,247.106593,159.3411755,7.41957131,7.600047369,118.3330044,0
B00335,B00335_R2,334,Purple_1,Gate_4,1,6,2.54,0.762,120.43,0.762,2.032,115.35,6,6,5.08,0.4572,2.54,0.2032,1.9812,3.8608,0.8128,0.8128,2,3,3,300,1,1,6,1.63576,0.8128,1.5748,1.1176,115.35,120.43,6,6,0.8128,3.8608,0,-5.08,3.048,1.6256,12.41692654,127.7669265,172.2330735,16.84443216,0,0.574110245,184.5472441,121.35,1.1176,1.5748,0.8128,2.21488,4.411636995,6.216397584,3.208463269,8.743062409,0.8128,3.208463269,127.7669265,233.5668713,136.8819327,6.216397584,8.743062409,105.7999447,5
B00335,B00335_R2,322,Gate_2,Yellow_3,2,6,2.54,0.762,120.43,0.762,2.032,115.35,6,6,5.08,0.2032,1.143,1.0668,0.2032,2.7178,1.9558,1.8034,1,3,3,300,1,2,6,1.53416,0,2.29108,0.508,115.35,120.43,6,6,1.9558,2.7178,0,-5.08,0.762,3.7592,20.83914262,136.1891426,163.8108574,8.422216082,0,0.546036191,79.80421366,121.35,0.508,2.29108,1.3462,1.9558,2.005289543,9.04385584,5.31401729,7.720364742,1.9558,7.720364742,136.1891426,231.1605238,142.5970079,9.04385584,7.720364742,94.9713812,4
B00335,B00335_R2,324,Yellow_5,Gate_4,3,6,2.54,0.762,120.43,0.762,2.032,115.35,6,6,5.08,1.0668,0.7112,0.2032,1.9812,2.032,3.2512,2.6416,2,3,3,300,1,3,6,2.55016,1.8034,1.20904,0.8128,115.35,120.43,6,6,3.2512,2.032,0,-5.08,-1.2192,5.8928,29.2613587,144.6113587,155.3886413,0,0,0.517962138,50.90958458,121.35,0.8128,1.20904,0.508,2.3368,3.208463269,4.772589113,2.005289543,9.224331899,3.2512,12.83385308,144.6113587,222.7383077,112.8184581,4.772589113,9.224331899,78.12694904,3
B00335,B00335_R2,328,Purple_3,Purple_4,4,6,2.54,0.762,120.43,0.762,2.032,115.35,6,6,5.08,1.0668,2.54,0.762,2.032,3.2512,0.8128,0.8128,3,3,3,300,1,4,6,1.8796,0.8128,1.59512,0,115.35,120.43,6,6,0.8128,3.2512,0,-5.08,2.4384,1.6256,12.41692654,127.7669265,172.2330735,16.84443216,0,0.574110245,184.5472441,121.35,0,1.59512,1.4224,2.21488,0,6.296609166,5.614810721,8.743062409,0.8128,3.208463269,127.7669265,235.9732187,137.2829906,6.296609166,8.743062409,108.2062922,2
B00335,B00335_R2,335,Purple_4,Green_7,5,6,2.54,0.762,120.43,0.762,2.032,115.35,6,6,5.08,0.762,2.032,2.54,1.143,3.556,0,3.175,3,3,3,300,1,5,6,1.75768,0.8128,2.68732,2.3368,115.35,120.43,6,6,0,3.556,0,-5.08,3.556,3.175,18.53305965,133.8830596,166.1169404,10.72829906,0,0.553723135,94.48818898,121.35,2.3368,2.68732,0,1.64084,9.224331899,10.60798168,0,6.477085225,0,0,133.8830596,233.5668713,152.72372,10.60798168,6.477085225,99.68381163,1
B00335,B00335_R2,326,Gate_2,Orange_7,6,6,2.54,0.762,120.43,0.762,2.032,115.35,6,6,5.08,0.2032,1.143,2.54,1.6002,2.7178,1.9558,2.794,1,3,3,300,1,6,6,1.53416,0,2.76352,2.413,115.35,120.43,6,6,1.9558,2.7178,0,-5.08,0.762,4.7498,24.74945723,140.0994572,159.9005428,4.511901472,0,0.533001809,63.16055413,121.35,2.413,2.76352,1.3462,1.75768,9.525125331,10.90877512,5.31401729,6.93830182,1.9558,7.720364742,140.0994572,231.1605238,148.0112896,10.90877512,6.93830182,91.06106659,0
B00336,B00336_R1,332,Purple_3,Gate_4,1,5,2.54,0.762,107.4,2.54,1.6002,120.39,5,7,-12.99,1.0668,2.54,0.2032,1.9812,3.2512,2.413,1.4224,2,3,3,300,0,1,5,2.2225,0.8128,2.2225,1.1176,107.4,120.39,5,7,3.2512,2.413,-2,-12.99,-0.8382,4.6736,24.4486638,131.8486638,168.1513362,8.422216082,0,0.560504454,64.19034577,112.4,1.1176,2.2225,1.4224,2.7178,4.411636995,8.773141752,5.614810721,10.72829906,3.2512,12.83385308,131.8486638,224.8306241,135.2935697,8.773141752,10.72829906,92.98196029,4
B00336,B00336_R1,317,Purple_2,Green_1,2,5,2.54,0.762,107.4,2.54,1.6002,120.39,5,7,-12.99,0.762,2.54,1.6764,0.2032,3.556,2.7178,3.2512,3,3,3,300,0,2,5,2.2987,0.8128,1.9177,0.508,107.4,120.39,5,7,3.556,2.7178,-2,-12.99,-0.8382,6.8072,32.87087988,140.2708799,159.7291201,0,0,0.5324304,44.07098366,112.4,0.508,1.9177,1.1176,2.3368,2.005289543,7.569968026,4.411636995,9.224331899,3.556,14.0370268,140.2708799,222.4242766,122.0586587,7.569968026,9.224331899,82.15339676,3
B00336,B00336_R1,313,Green_4,Gate_4,3,5,2.54,0.762,107.4,2.54,1.6002,120.39,5,7,-12.99,1.6764,0.7112,0.2032,1.9812,1.4224,2.2606,3.2512,2,3,3,300,0,3,5,2.6035,1.8034,1.7653,1.1176,107.4,120.39,5,7,1.4224,2.2606,-2,-12.99,0.8382,4.6736,24.4486638,131.8486638,168.1513362,8.422216082,0,0.560504454,64.19034577,112.4,1.1176,1.7653,0.508,1.4986,4.411636995,6.968381163,2.005289543,5.915604153,1.4224,5.614810721,131.8486638,228.4401453,128.0745273,6.968381163,5.915604153,96.59148147,2
B00336,B00336_R1,287,Gate_2,Green_6,4,5,2.54,0.762,107.4,2.54,1.6002,120.39,5,7,-12.99,0.2032,1.143,2.54,0.762,2.7178,2.794,2.7178,1,3,3,300,0,4,5,2.24155,1.9558,2.27965,0.889,107.4,120.39,5,7,2.7178,2.794,-2,-12.99,0.0762,5.4356,27.45659811,134.8565981,165.1434019,5.414281767,0,0.550478006,55.19169917,112.4,0.889,2.27965,1.3462,1.9558,3.509256701,8.998736825,5.31401729,7.720364742,2.7178,10.72829906,134.8565981,226.6353847,133.1880156,8.998736825,7.720364742,91.77878656,1
B00336,B00336_R1,336,Green_7,Green_5,5,5,2.54,0.762,107.4,2.54,1.6002,120.39,5,7,-12.99,2.54,1.143,1.9812,0.7112,0.889,0.9652,1.4986,3,3,3,300,0,5,5,2.54635,1.8034,2.58445,0.8128,107.4,120.39,5,7,0.889,0.9652,-2,-12.99,0.0762,2.3876,15.42486085,122.8248609,177.1751391,17.44601903,0,0.590583797,125.6491875,112.4,0.8128,2.58445,0.889,2.2606,3.208463269,10.20191055,3.509256701,8.923538468,0.889,3.509256701,122.8248609,232.0496664,150.0324478,10.20191055,8.923538468,109.2248056,0
B00337,B00337_R2,322,Gate_2,Yellow_3,1,6,1.9812,0.7112,115.42,2.54,1.6002,109.61,6,6,5.8,0.2032,1.143,1.0668,0.2032,2.7178,2.794,1.8034,1,3,3,300,1,1,6,1.38176,0,1.98628,0.508,109.61,115.42,6,6,2.794,2.7178,0,-5.81,-0.0762,4.5974,24.14787037,133.7578704,166.2421296,8.422216082,0,0.554140432,65.25427415,115.61,0.508,1.98628,1.3462,2.32156,2.005289543,7.840682114,5.31401729,9.164173213,2.794,11.02909249,133.7578704,264.4234054,175.5840208,7.840682114,9.164173213,130.6655351,5
B00337,B00337_R2,324,Yellow_5,Gate_4,2,6,1.9812,0.7112,115.42,2.54,1.6002,109.61,6,6,5.8,1.0668,0.7112,0.2032,1.9812,1.4224,2.8702,2.6416,2,3,3,300,1,2,6,2.24536,1.4224,1.39192,1.1176,109.61,115.42,6,6,2.8702,1.4224,0,-5.81,-1.4478,5.5118,27.75739154,137.3673915,162.6326085,4.812694904,0,0.542108695,54.42868029,115.61,1.1176,1.39192,0.508,2.45872,4.411636995,5.494493349,2.005289543,9.705601389,2.8702,11.32988592,137.3673915,260.8138843,160.2435558,5.494493349,9.705601389,123.4464927,4
B00337,B00337_R2,337,Gate_1,Orange_5,3,6,1.9812,0.7112,115.42,2.54,1.6002,109.61,6,6,5.8,0.2032,0.762,1.9812,2.032,2.3368,3.175,3.556,1,3,3,300,1,3,6,1.63576,0.889,2.55016,1.4224,109.61,115.42,6,6,3.175,2.3368,0,-5.81,-0.8382,6.731,32.57008645,142.1800864,157.8199136,0,0,0.526066379,44.56990046,115.61,1.4224,2.55016,1.4224,2.27584,5.614810721,10.06655351,5.614810721,8.983697154,3.175,12.53305965,142.1800864,263.2202317,178.2911617,10.06655351,8.983697154,121.0401453,3
B00337,B00337_R2,328,Purple_3,Purple_4,4,6,1.9812,0.7112,115.42,2.54,1.6002,109.61,6,6,5.8,1.0668,2.54,0.762,2.032,3.2512,2.413,0.8128,3,3,3,300,1,4,6,2.1844,0.8128,1.89992,0,109.61,115.42,6,6,2.413,3.2512,0,-5.81,0.8382,3.2258,18.7335886,128.3435886,171.6564114,13.83649785,0,0.572188038,93.000186,115.61,0,1.89992,1.4224,2.21488,0,7.499782892,5.614810721,8.743062409,2.413,9.525125331,128.3435886,266.228166,179.2938065,7.499782892,8.743062409,137.8845774,2
B00337,B00337_R2,335,Purple_4,Green_7,5,6,1.9812,0.7112,115.42,2.54,1.6002,109.61,6,6,5.8,0.762,2.032,2.54,1.143,3.556,2.7178,3.175,3,3,3,300,1,5,6,2.06248,0.8128,2.53492,2.3368,109.61,115.42,6,6,2.7178,3.556,0,-5.81,0.8382,5.8928,29.2613587,138.8713587,161.1286413,3.308727746,0,0.537095471,50.90958458,115.61,2.3368,2.53492,0,1.76276,9.224331899,10.00639482,0,6.958354715,2.7178,10.72829906,138.8713587,259.4101816,181.299096,10.00639482,6.958354715,120.5388229,1
B00337,B00337_R2,326,Gate_2,Orange_7,6,6,1.9812,0.7112,115.42,2.54,1.6002,109.61,6,6,5.8,0.2032,1.143,2.54,1.6002,2.7178,2.794,2.794,1,3,3,300,1,6,6,1.38176,0,2.794,2.413,109.61,115.42,6,6,2.794,2.7178,0,-5.81,-0.0762,5.588,28.05818498,137.668185,162.331815,4.511901472,0,0.54110605,53.68647101,115.61,2.413,2.794,1.3462,2.12344,9.525125331,11.02909249,5.31401729,8.382110291,2.794,11.02909249,137.668185,264.4234054,187.6157581,11.02909249,8.382110291,126.7552205,0
B00338,B00338_R1,338,Orange_1,Gate_4,1,5,1.9812,0.7112,99.82,2.54,1.6002,130.18,5,7,-30.36,1.6764,2.54,0.2032,1.9812,3.2512,1.8034,2.032,2,3,3,300,0,1,5,2.3749,1.4224,2.2225,1.1176,99.82,130.18,5,7,3.2512,1.8034,-2,-30.36,-1.4478,5.2832,26.85501125,126.6750113,173.3249887,6.01586863,0,0.577749962,56.78376741,104.82,1.1176,2.2225,2.032,2.7178,4.411636995,8.773141752,8.021158173,10.72829906,3.2512,12.83385308,126.6750113,222.063319,135.2935697,8.773141752,10.72829906,95.38830774,4
B00338,B00338_R1,287,Gate_2,Green_6,2,5,1.9812,0.7112,99.82,2.54,1.6002,130.18,5,7,-30.36,0.2032,1.143,2.54,0.762,2.7178,2.794,2.7178,1,3,3,300,0,2,5,2.39395,1.9558,2.12725,0.889,99.82,130.18,5,7,2.7178,2.794,-2,-30.36,0.0762,5.4356,27.45659811,127.2765981,172.7234019,5.414281767,0,0.575744673,55.19169917,104.82,0.889,2.12725,1.3462,1.9558,3.509256701,8.397149962,5.31401729,7.720364742,2.7178,10.72829906,127.2765981,221.4617321,133.1880156,8.397149962,7.720364742,94.18513401,3
B00338,B00338_R1,313,Green_4,Gate_4,3,5,1.9812,0.7112,99.82,2.54,1.6002,130.18,5,7,-30.36,1.6764,0.7112,0.2032,1.9812,0.8128,2.2606,3.2512,2,3,3,300,0,3,5,2.6035,1.8034,1.9177,1.1176,99.82,130.18,5,7,0.8128,2.2606,-2,-30.36,1.4478,4.064,22.04231635,121.8623163,178.1376837,10.82856353,0,0.593792279,73.81889764,104.82,1.1176,1.9177,0.508,1.4986,4.411636995,7.569968026,2.005289543,5.915604153,0.8128,3.208463269,121.8623163,225.6728402,135.2935697,7.569968026,5.915604153,103.8105238,2
B00338,B00338_R1,317,Purple_2,Green_1,4,5,1.9812,0.7112,99.82,2.54,1.6002,130.18,5,7,-30.36,0.762,2.54,1.6764,0.2032,3.556,2.7178,3.2512,3,3,3,300,0,4,5,2.4511,1.4224,1.9177,0.508,99.82,130.18,5,7,3.556,2.7178,-2,-30.36,-0.8382,6.8072,32.87087988,132.6908799,167.3091201,0,0,0.557697067,44.07098366,104.82,0.508,1.9177,1.1176,2.3368,2.005289543,7.569968026,4.411636995,9.224331899,3.556,14.0370268,132.6908799,217.2506241,124.4650061,7.569968026,9.224331899,84.55974421,1
B00338,B00338_R1,336,Green_7,Green_5,5,5,1.9812,0.7112,99.82,2.54,1.6002,130.18,5,7,-30.36,2.54,1.143,1.9812,0.7112,1.4986,0.9652,1.4986,3,3,3,300,0,5,5,2.39395,1.8034,2.58445,0.8128,99.82,130.18,5,7,1.4986,0.9652,-2,-30.36,-0.5334,2.9972,17.83120831,117.6512083,182.3487917,15.03967157,0,0.607829306,100.0934205,104.82,0.8128,2.58445,0.889,2.2606,3.208463269,10.20191055,3.509256701,8.923538468,1.4986,5.915604153,117.6512083,224.4696664,150.0324478,10.20191055,8.923538468,106.8184581,0
B00339,B00339_R1,339,Purple_2,Gate_4,1,6,1.9812,0.7112,120.55,2.54,1.6002,123.89,6,6,-3.34,0.762,2.54,0.2032,1.9812,3.556,2.7178,1.1176,2,3,3,300,0,1,6,1.96088,0,2.1844,1.1176,120.55,123.89,6,6,3.556,2.7178,0,-3.34,-0.8382,4.6736,24.4486638,144.9986638,155.0013362,8.422216082,0,0.516671121,64.19034577,126.55,1.1176,2.1844,1.1176,2.51968,4.411636995,8.622745036,4.411636995,9.946236135,3.556,14.0370268,144.9986638,262.4292879,170.1697391,8.622745036,9.946236135,117.4306241,5
B00339,B00339_R1,317,Purple_2,Green_1,2,6,1.9812,0.7112,120.55,2.54,1.6002,123.89,6,6,-3.34,0.762,2.54,1.6764,0.2032,3.556,2.7178,3.2512,3,3,3,300,0,2,6,1.96088,0,2.1844,0.508,120.55,123.89,6,6,3.556,2.7178,0,-3.34,-0.8382,6.8072,32.87087988,153.4208799,146.5791201,0,0,0.488597067,44.07098366,126.55,0.508,2.1844,1.1176,2.09296,2.005289543,8.622745036,4.411636995,8.261792918,3.556,14.0370268,153.4208799,262.4292879,161.747523,8.622745036,8.261792918,109.008408,4
B00339,B00339_R1,313,Green_4,Gate_4,3,6,1.9812,0.7112,120.55,2.54,1.6002,123.89,6,6,-3.34,1.6764,0.7112,0.2032,1.9812,0.8128,2.2606,3.2512,2,3,3,300,0,3,6,2.73304,1.8034,1.75768,1.1176,120.55,123.89,6,6,0.8128,2.2606,0,-3.34,1.4478,4.064,22.04231635,142.5923163,157.4076837,10.82856353,0,0.524692279,73.81889764,126.55,1.1176,1.75768,0.508,1.84912,4.411636995,6.93830182,2.005289543,7.299253938,0.8128,3.208463269,142.5923163,270.851504,164.1538704,6.93830182,7.299253938,128.2591876,3
B00339,B00339_R1,338,Orange_1,Gate_4,4,6,1.9812,0.7112,120.55,2.54,1.6002,123.89,6,6,-3.34,1.6764,2.54,0.2032,1.9812,3.2512,1.8034,2.032,2,3,3,300,0,4,6,2.1844,1.4224,2.00152,1.1176,120.55,123.89,6,6,3.2512,1.8034,0,-3.34,-1.4478,5.2832,26.85501125,147.4050113,152.5949887,6.01586863,0,0.508649962,56.78376741,126.55,1.1176,2.00152,2.032,2.58064,4.411636995,7.900840801,8.021158173,10.18687088,3.2512,12.83385308,147.4050113,267.2419828,164.1538704,7.900840801,10.18687088,119.8369715,2
B00339,B00339_R1,287,Gate_2,Green_6,5,6,1.9812,0.7112,120.55,2.54,1.6002,123.89,6,6,-3.34,0.2032,1.143,2.54,0.762,2.7178,2.794,2.7178,1,3,3,300,0,5,6,2.30632,1.9558,2.413,0.889,120.55,123.89,6,6,2.7178,2.794,0,-3.34,0.0762,5.4356,27.45659811,148.0065981,151.9934019,5.414281767,0,0.506644673,55.19169917,126.55,0.889,2.413,1.3462,1.83388,3.509256701,9.525125331,5.31401729,7.239095251,2.7178,10.72829906,148.0065981,266.6403959,171.6737062,9.525125331,7.239095251,118.6337978,1
B00339,B00339_R1,336,Green_7,Green_5,6,6,1.9812,0.7112,120.55,2.54,1.6002,123.89,6,6,-3.34,2.54,1.143,1.9812,0.7112,1.4986,0.9652,1.4986,3,3,3,300,0,6,6,2.55016,1.8034,2.77876,0.8128,120.55,123.89,6,6,1.4986,0.9652,0,-3.34,-0.5334,2.9972,17.83120831,138.3812083,161.6187917,15.03967157,0,0.538729306,100.0934205,126.55,0.8128,2.77876,0.889,2.44348,3.208463269,10.9689338,3.509256701,9.645442703,1.4986,5.915604153,138.3812083,269.6483302,188.5181384,10.9689338,9.645442703,131.2671219,0
B00340,B00340_R1,287,Gate_2,Green_6,1,6,1.9812,0.7112,119.62,2.54,1.6002,115.58,6,6,4.04,0.2032,1.143,2.54,0.762,2.7178,2.794,2.7178,1,3,3,300,0,1,6,1.91516,0,2.24536,0.889,119.62,115.58,6,6,2.7178,2.794,0,4.04,0.0762,5.4356,27.45659811,147.0765981,152.9234019,5.414281767,0,0.509744673,55.19169917,125.62,0.889,2.24536,1.3462,2.19964,3.509256701,8.863379781,5.31401729,8.682903722,2.7178,10.72829906,147.0765981,270.5230908,173.1776734,8.863379781,8.682903722,123.4464927,5
B00340,B00340_R1,336,Green_7,Green_5,2,6,1.9812,0.7112,119.62,2.54,1.6002,115.58,6,6,4.04,2.54,1.143,1.9812,0.7112,1.4986,0.9652,1.4986,3,3,3,300,0,2,6,2.38252,1.8034,2.61112,0.8128,119.62,115.58,6,6,1.4986,0.9652,0,4.04,-0.5334,2.9972,17.83120831,137.4512083,162.5487917,15.03967157,0,0.541829306,100.0934205,125.62,0.8128,2.61112,0.889,2.19964,3.208463269,10.30718825,3.509256701,8.682903722,1.4986,5.915604153,137.4512083,273.5310251,190.0221056,10.30718825,8.682903722,136.0798168,4
B00340,B00340_R1,313,Green_4,Gate_4,3,6,1.9812,0.7112,119.62,2.54,1.6002,115.58,6,6,4.04,1.6764,0.7112,0.2032,1.9812,0.8128,2.2606,3.2512,2,3,3,300,0,3,6,2.5654,1.8034,1.8034,1.1176,119.62,115.58,6,6,0.8128,2.2606,0,4.04,1.4478,4.064,22.04231635,141.6623163,158.3376837,10.82856353,0,0.527792279,73.81889764,125.62,1.1176,1.8034,0.508,1.84912,4.411636995,7.118777879,2.005289543,7.299253938,0.8128,3.208463269,141.6623163,274.7341989,169.8689456,7.118777879,7.299253938,133.0718825,3
B00340,B00340_R1,340,Gate_2,Orange_5,4,6,1.9812,0.7112,119.62,2.54,1.6002,115.58,6,6,4.04,0.2032,1.143,1.9812,2.032,2.7178,2.794,3.175,1,3,3,300,0,4,6,1.91516,0,2.1844,0.8128,119.62,115.58,6,6,2.7178,2.794,0,4.04,0.0762,5.8928,29.2613587,148.8813587,151.1186413,3.609521178,0,0.503728804,50.90958458,125.62,0.8128,2.1844,1.3462,2.1082,3.208463269,8.622745036,5.31401729,8.321951605,2.7178,10.72829906,148.8813587,270.5230908,170.1697391,8.622745036,8.321951605,121.6417321,2
B00340,B00340_R1,338,Orange_1,Gate_4,5,6,1.9812,0.7112,119.62,2.54,1.6002,115.58,6,6,4.04,1.6764,2.54,0.2032,1.9812,3.2512,1.8034,2.032,2,3,3,300,0,5,6,2.47396,1.4224,2.04724,1.1176,119.62,115.58,6,6,3.2512,1.8034,0,4.04,-1.4478,5.2832,26.85501125,146.4750113,153.5249887,6.01586863,0,0.511749962,56.78376741,125.62,1.1176,2.04724,0.8128,2.3368,4.411636995,8.081316859,3.208463269,9.224331899,3.2512,12.83385308,146.4750113,266.3119828,169.8689456,8.081316859,9.224331899,119.8369715,1
B00340,B00340_R1,317,Purple_2,Green_1,6,6,1.9812,0.7112,119.62,2.54,1.6002,115.58,6,6,4.04,0.762,2.54,1.6764,0.2032,3.556,2.7178,3.2512,3,3,3,300,0,6,6,2.35204,1.4224,2.01676,0.508,119.62,115.58,6,6,3.556,2.7178,0,4.04,-0.8382,6.8072,32.87087988,152.4908799,147.5091201,0,0,0.491697067,44.07098366,125.62,0.508,2.01676,1.1176,2.21488,2.005289543,7.960999487,4.411636995,8.743062409,3.556,14.0370268,152.4908799,266.3119828,163.2514902,7.960999487,8.743062409,113.8211029,0
B00341,B00341_R2,326,Gate_2,Orange_7,1,5,1.6764,0.2032,132.44,2.54,1.6002,105.62,7,5,26.83,0.2032,1.143,2.54,1.6002,2.413,2.794,2.794,1,3,3,300,1,1,5,1.4986,0.889,2.8702,2.413,105.62,132.44,5,7,2.794,2.413,-2,-26.82,-0.381,5.588,28.05818498,133.678185,166.321815,4.511901472,0,0.55440605,53.68647101,110.62,2.413,2.8702,1.4986,2.24155,9.525125331,11.32988592,5.915604153,8.84834011,2.794,11.02909249,133.678185,232.074427,148.8292741,11.32988592,8.84834011,98.39624206,4
B00341,B00341_R2,341,Gate_1,Yellow_2,2,5,1.6764,0.2032,132.44,2.54,1.6002,105.62,7,5,26.83,0.2032,0.762,0.762,0.2032,2.032,3.175,1.1176,1,3,3,300,1,2,5,1.46685,0,2.20345,1.1176,105.62,132.44,5,7,3.175,2.032,-2,-26.82,-1.143,4.2926,22.94469664,128.5646966,171.4353034,9.625389808,0,0.571451011,69.88771374,110.62,1.1176,2.20345,2.3368,2.9464,4.411636995,8.697943394,9.224331899,11.63067935,3.175,12.53305965,128.5646966,233.8791876,143.4149923,8.697943394,11.63067935,105.314491,3
B00341,B00341_R2,337,Gate_1,Orange_5,3,5,1.6764,0.2032,132.44,2.54,1.6002,105.62,7,5,26.83,0.2032,0.762,1.9812,2.032,2.032,3.175,3.556,1,3,3,300,1,3,5,1.46685,0,2.47015,1.4224,105.62,132.44,5,7,3.175,2.032,-2,-26.82,-1.143,6.731,32.57008645,138.1900864,161.8099136,0,0,0.539366379,44.56990046,110.62,1.4224,2.47015,1.1176,2.3368,5.614810721,9.750720404,4.411636995,9.224331899,3.175,12.53305965,138.1900864,229.0664927,138.0007105,9.750720404,9.224331899,90.87640627,2
B00341,B00341_R2,328,Purple_3,Purple_4,4,5,1.6764,0.2032,132.44,2.54,1.6002,105.62,7,5,26.83,1.0668,2.54,0.762,2.032,2.9464,2.413,0.8128,3,3,3,300,1,4,5,2.08915,0.8128,1.65735,0,105.62,132.44,5,7,2.413,2.9464,-2,-26.82,0.5334,3.2258,18.7335886,124.3535886,175.6464114,13.83649785,0,0.585488038,93.000186,110.62,0,1.65735,1.4224,2.4892,0,6.542257135,5.614810721,9.825918762,2.413,9.525125331,124.3535886,233.2776008,139.0033553,6.542257135,9.825918762,108.9240122,1
B00341,B00341_R2,335,Purple_4,Green_7,5,5,1.6764,0.2032,132.44,2.54,1.6002,105.62,7,5,26.83,0.762,2.032,2.54,1.143,3.2512,2.7178,3.175,3,3,3,300,1,5,5,1.86055,0.8128,2.66065,2.3368,105.62,132.44,5,7,2.7178,3.2512,-2,-26.82,0.5334,5.8928,29.2613587,134.8813587,165.1186413,3.308727746,0,0.550395471,50.90958458,110.62,2.3368,2.66065,0,1.84785,9.224331899,10.50270398,0,7.294240714,2.7178,10.72829906,134.8813587,226.4596163,144.3173726,10.50270398,7.294240714,91.57825761,0
B00342,B00342_R2,341,Gate_1,Yellow_2,1,6,1.6764,0.2032,125.03,2.54,1.143,117.08,6,6,7.95,0.2032,0.762,0.762,0.2032,2.032,2.7178,1.1176,1,3,3,300,1,1,6,1.397,0,1.86436,0.508,117.08,125.03,6,6,2.7178,2.032,0,-7.95,-0.6858,3.8354,21.13993605,138.2199361,161.7800639,9.926183239,0,0.53926688,78.21869948,123.08,0.508,1.86436,1.3462,2.62636,2.005289543,7.359412624,5.31401729,10.36734694,2.7178,10.72829906,138.2199361,265.8775368,169.8689456,7.359412624,10.36734694,127.6576008,5
B00342,B00342_R2,342,Yellow_4,Gate_3,2,6,1.6764,0.2032,125.03,2.54,1.143,117.08,6,6,7.95,0.762,0.7112,0.2032,1.6002,1.4224,2.7178,1.9558,2,3,3,300,1,2,6,1.98628,1.1176,1.39192,0.9652,117.08,125.03,6,6,2.7178,1.4224,0,-7.95,-1.2954,4.6736,24.4486638,141.5286638,158.4713362,6.617455493,0,0.528237787,64.19034577,123.08,0.9652,1.39192,0.508,2.58064,3.810050132,5.494493349,2.005289543,10.18687088,2.7178,10.72829906,141.5286638,262.5688091,157.2356215,5.494493349,10.18687088,121.0401453,4
B00342,B00342_R2,337,Gate_1,Orange_5,3,6,1.6764,0.2032,125.03,2.54,1.143,117.08,6,6,7.95,0.2032,0.762,1.9812,2.032,2.032,2.7178,3.556,1,3,3,300,1,3,6,1.397,0,2.68732,1.4224,117.08,125.03,6,6,2.7178,2.032,0,-7.95,-0.6858,6.2738,30.76532586,147.8453259,152.1546741,0.300793431,0,0.507182247,47.8179094,123.08,1.4224,2.68732,1.1176,2.13868,5.614810721,10.60798168,4.411636995,8.442268977,2.7178,10.72829906,147.8453259,264.9751565,176.4864011,10.60798168,8.442268977,117.1298307,3
B00342,B00342_R2,328,Purple_3,Purple_4,4,6,1.6764,0.2032,125.03,2.54,1.143,117.08,6,6,7.95,1.0668,2.54,0.762,2.032,2.9464,2.8702,0.8128,3,3,3,300,1,4,6,2.32156,0.8128,1.91516,0,117.08,125.03,6,6,2.8702,2.9464,0,-7.95,0.0762,3.683,20.53834919,137.6183492,162.3816508,10.5277701,0,0.541272169,81.45533532,123.08,0,1.91516,1.4224,2.35204,0,7.559941578,5.614810721,9.284490585,2.8702,11.32988592,137.6183492,265.5767434,171.4731773,7.559941578,9.284490585,127.9583942,2
B00342,B00342_R2,335,Purple_4,Green_7,5,6,1.6764,0.2032,125.03,2.54,1.143,117.08,6,6,7.95,0.762,2.032,2.54,1.143,3.2512,3.175,3.175,3,3,3,300,1,5,6,2.07772,0.8128,2.67208,2.3368,117.08,125.03,6,6,3.175,3.2512,0,-7.95,0.0762,6.35,31.06611929,148.1461193,151.8538807,0,0,0.506179602,47.24409449,123.08,2.3368,2.67208,0,1.778,9.224331899,10.547823,0,7.018513401,3.175,12.53305965,148.1461193,258.7587589,175.8848143,10.547823,7.018513401,110.6126396,1
B00342,B00342_R2,326,Gate_2,Orange_7,6,6,1.6764,0.2032,125.03,2.54,1.143,117.08,6,6,7.95,0.2032,1.143,2.54,1.6002,2.413,2.3368,2.794,1,3,3,300,1,6,6,1.4986,0.889,2.93116,2.413,117.08,125.03,6,6,2.3368,2.413,0,-7.95,0.0762,5.1308,26.25342439,143.3334244,156.6665756,4.812694904,0,0.522221919,58.47041397,123.08,2.413,2.93116,0.9652,1.98628,9.525125331,11.57052066,3.810050132,7.840682114,2.3368,9.224331899,143.3334244,265.8775368,185.8109975,11.57052066,7.840682114,122.5441124,0
B00343,B00343_R1,336,Green_7,Green_5,1,6,1.6764,0.2032,116.72,2.54,1.6002,118.8,6,6,-2.08,2.54,1.143,1.9812,0.7112,1.8034,0.9652,1.4986,3,3,3,300,0,1,6,2.4892,1.8034,2.7178,0.8128,116.72,118.8,6,6,1.8034,0.9652,0,-2.08,-0.8382,3.302,19.03438203,135.754382,164.245618,12.63332412,0,0.547485393,90.85402786,122.72,0.8128,2.7178,1.3462,2.29108,3.208463269,10.72829906,5.31401729,9.04385584,1.8034,7.118777879,135.754382,265.8183302,185.5102041,10.72829906,9.04385584,130.0639482,5
B00343,B00343_R1,313,Green_4,Gate_4,2,6,1.6764,0.2032,116.72,2.54,1.6002,118.8,6,6,-2.08,1.6764,0.7112,0.2032,1.9812,0.508,2.2606,3.2512,2,3,3,300,0,2,6,2.67208,1.8034,1.81864,1.1176,116.72,118.8,6,6,0.508,2.2606,0,-2.08,1.7526,3.7592,20.83914262,137.5591426,162.4408574,10.82856353,0,0.541469525,79.80421366,122.72,1.1176,1.81864,0.508,2.09296,4.411636995,7.178936565,2.005289543,8.261792918,0.508,2.005289543,137.5591426,267.6230908,165.958631,7.178936565,8.261792918,130.0639482,4
B00343,B00343_R1,340,Gate_2,Orange_5,3,6,1.6764,0.2032,116.72,2.54,1.6002,118.8,6,6,-2.08,0.2032,1.143,1.9812,2.032,2.413,2.794,3.175,1,3,3,300,0,3,6,2.36728,1.9558,1.83388,0.8128,116.72,118.8,6,6,2.413,2.794,0,-2.08,0.381,5.588,28.05818498,144.778185,155.221815,3.609521178,0,0.51740605,53.68647101,122.72,0.8128,1.83388,1.3462,2.19964,3.208463269,7.239095251,5.31401729,8.682903722,2.413,9.525125331,144.778185,263.4119828,159.0403821,7.239095251,8.682903722,118.6337978,3
B00343,B00343_R1,343,Purple_5,Orange_6,4,6,1.6764,0.2032,116.72,2.54,1.6002,118.8,6,6,-2.08,1.0668,2.032,2.54,1.9812,2.9464,2.413,2.032,3,3,3,300,0,4,6,2.00152,0.8128,2.1844,1.3462,116.72,118.8,6,6,2.9464,2.413,0,-2.08,-0.5334,4.9784,25.65183752,142.3718375,157.6281625,6.01586863,0,0.525427208,60.2603246,122.72,1.3462,2.1844,1.4224,2.09296,5.31401729,8.622745036,5.614810721,8.261792918,2.9464,11.63067935,142.3718375,261.6072222,168.3649785,8.622745036,8.261792918,119.2353847,2
B00343,B00343_R1,338,Orange_1,Gate_4,5,6,1.6764,0.2032,116.72,2.54,1.6002,118.8,6,6,-2.08,1.6764,2.54,0.2032,1.9812,2.9464,1.8034,2.032,2,3,3,300,0,5,6,2.12344,1.1176,2.06248,1.1176,116.72,118.8,6,6,2.9464,1.8034,0,-2.08,-1.143,4.9784,25.65183752,142.3718375,157.6281625,6.01586863,0,0.525427208,60.2603246,122.72,1.1176,2.06248,0.8128,2.09296,4.411636995,8.141475546,3.208463269,8.261792918,2.9464,11.63067935,142.3718375,259.2008747,165.958631,8.141475546,8.261792918,116.8290372,1
B00343,B00343_R1,317,Purple_2,Green_1,6,6,1.6764,0.2032,116.72,2.54,1.6002,118.8,6,6,-2.08,0.762,2.54,1.6764,0.2032,3.2512,2.7178,3.2512,3,3,3,300,0,6,6,2.12344,0.8128,2.12344,0.508,116.72,118.8,6,6,3.2512,2.7178,0,-2.08,-0.5334,6.5024,31.66770615,148.3877062,151.6122938,0,0,0.505374313,46.13681102,122.72,0.508,2.12344,1.1176,1.97104,2.005289543,8.382110291,4.411636995,7.780523428,3.2512,12.83385308,148.3877062,259.2008747,161.1459361,8.382110291,7.780523428,110.8131686,0
B00344,B00344_R2,344,Yellow_2,Orange_7,1,6,1.6764,0.2032,125.11,2.54,1.6002,109.06,6,6,16.05,0.762,0.2032,2.54,1.6002,1.4224,3.175,3.175,3,3,3,300,1,1,6,1.86436,0.508,2.85496,2.413,109.06,125.11,6,6,3.175,1.4224,0,-16.05,-1.7526,6.35,31.06611929,140.1261193,159.8738807,1.503967157,0,0.532912936,47.24409449,115.06,2.413,2.85496,1.9558,2.8702,9.525125331,11.26972723,7.720364742,11.32988592,3.175,12.53305965,140.1261193,270.1900675,191.2252793,11.26972723,11.32988592,130.0639482,5
B00344,B00344_R2,337,Gate_1,Orange_5,2,6,1.6764,0.2032,125.11,2.54,1.6002,109.06,6,6,16.05,0.2032,0.762,1.9812,2.032,2.032,3.175,3.556,1,3,3,300,1,2,6,1.62052,0.889,2.68732,1.4224,109.06,125.11,6,6,3.175,2.032,0,-16.05,-1.143,6.731,32.57008645,141.6300864,158.3699136,0,0,0.527899712,44.56990046,115.06,1.4224,2.68732,1.3462,2.55016,5.614810721,10.60798168,5.31401729,10.06655351,3.175,12.53305965,141.6300864,267.78372,186.4125844,10.60798168,10.06655351,126.1536336,4
B00344,B00344_R2,328,Purple_3,Purple_4,3,6,1.6764,0.2032,125.11,2.54,1.6002,109.06,6,6,16.05,1.0668,2.54,0.762,2.032,2.9464,2.413,0.8128,3,3,3,300,1,3,6,2.44348,0.8128,2.03708,0,109.06,125.11,6,6,2.413,2.9464,0,-16.05,0.5334,3.2258,18.7335886,127.7935886,172.2064114,13.83649785,0,0.574021371,93.000186,115.06,0,2.03708,1.4224,2.1844,0,8.041211069,5.614810721,8.622745036,2.413,9.525125331,127.7935886,271.0924478,187.4152291,8.041211069,8.622745036,143.2988592,3
B00344,B00344_R2,335,Purple_4,Green_7,4,6,1.6764,0.2032,125.11,2.54,1.6002,109.06,6,6,16.05,0.762,2.032,2.54,1.143,3.2512,2.7178,3.175,3,3,3,300,1,4,6,2.19964,0.8128,2.67208,2.3368,109.06,125.11,6,6,2.7178,3.2512,0,-16.05,0.5334,5.8928,29.2613587,138.3213587,161.6786413,3.308727746,0,0.538928804,50.90958458,115.06,2.3368,2.67208,0,1.73228,9.224331899,10.547823,0,6.838037343,2.7178,10.72829906,138.3213587,264.2744633,189.4205187,10.547823,6.838037343,125.9531046,2
B00344,B00344_R2,342,Yellow_4,Gate_3,5,6,1.6764,0.2032,125.11,2.54,1.6002,109.06,6,6,16.05,0.762,0.7112,0.2032,1.6002,1.4224,3.175,1.9558,2,3,3,300,1,5,6,1.86436,0.508,1.51384,0.9652,109.06,125.11,6,6,3.175,1.4224,0,-16.05,-1.7526,5.1308,26.25342439,135.3134244,164.6865756,6.316662061,0,0.548955252,58.47041397,115.06,0.9652,1.51384,2.7178,3.11404,3.810050132,5.975762839,10.72829906,12.2924249,3.175,12.53305965,135.3134244,273.1980018,169.5681522,5.975762839,12.2924249,137.8845774,1
B00344,B00344_R2,326,Gate_2,Orange_7,6,6,1.6764,0.2032,125.11,2.54,1.6002,109.06,6,6,16.05,0.2032,1.143,2.54,1.6002,2.413,2.794,2.794,1,3,3,300,1,6,6,1.62052,0.889,2.93116,2.413,109.06,125.11,6,6,2.794,2.413,0,-16.05,-0.381,5.588,28.05818498,137.118185,162.881815,4.511901472,0,0.542939383,53.68647101,115.06,2.413,2.93116,0.9652,2.24536,9.525125331,11.57052066,3.810050132,8.863379781,2.794,11.02909249,137.118185,267.78372,195.7371808,11.57052066,8.863379781,130.6655351,0
B00345,B00345_R1,313,Green_4,Gate_4,1,6,1.6764,0.2032,118.52,2.54,1.6002,130.71,6,6,-12.18,1.6764,0.7112,0.2032,1.9812,0.508,2.2606,3.2512,2,3,3,300,0,1,6,2.65684,1.7272,1.59004,1.1176,118.52,130.71,6,6,0.508,2.2606,0,-12.19,1.7526,3.7592,20.83914262,139.3591426,160.6408574,10.82856353,0,0.535469525,79.80421366,124.52,1.1176,1.59004,0.508,2.09296,4.411636995,6.27655627,2.005289543,8.261792918,0.508,2.005289543,139.3591426,271.2278514,163.2514902,6.27655627,8.261792918,131.8687088,5
B00345,B00345_R1,340,Gate_2,Orange_5,2,6,1.6764,0.2032,118.52,2.54,1.6002,130.71,6,6,-12.18,0.2032,1.143,1.9812,2.032,2.413,2.794,3.175,1,3,3,300,0,2,6,2.13868,1.1938,2.21488,0.8128,118.52,130.71,6,6,2.413,2.794,0,-12.19,0.381,5.588,28.05818498,146.578185,153.421815,3.609521178,0,0.51140605,53.68647101,124.52,0.8128,2.21488,1.3462,2.19964,3.208463269,8.743062409,5.31401729,8.682903722,2.413,9.525125331,146.578185,267.0167434,168.3649785,8.743062409,8.682903722,120.4385584,4
B00345,B00345_R1,343,Purple_5,Orange_6,3,6,1.6764,0.2032,118.52,2.54,1.6002,130.71,6,6,-12.18,1.0668,2.032,2.54,1.9812,2.9464,2.413,2.032,3,3,3,300,0,3,6,2.01676,0.8128,2.68732,1.4224,118.52,130.71,6,6,2.9464,2.413,0,-12.19,-0.5334,4.9784,25.65183752,144.1718375,155.8281625,6.01586863,0,0.519427208,60.2603246,124.52,1.4224,2.68732,1.4224,2.09296,5.614810721,10.60798168,5.614810721,8.261792918,2.9464,11.63067935,144.1718375,265.2119828,180.0959223,10.60798168,8.261792918,121.0401453,3
B00345,B00345_R1,338,Orange_1,Gate_4,4,6,1.6764,0.2032,118.52,2.54,1.6002,130.71,6,6,-12.18,1.6764,2.54,0.2032,1.9812,2.9464,1.8034,2.032,2,3,3,300,0,4,6,2.38252,1.1176,1.83388,1.1176,118.52,130.71,6,6,2.9464,1.8034,0,-12.19,-1.143,4.9784,25.65183752,144.1718375,155.8281625,6.01586863,0,0.519427208,60.2603246,124.52,1.1176,1.83388,0.8128,2.09296,4.411636995,7.239095251,3.208463269,8.261792918,2.9464,11.63067935,144.1718375,262.8056353,163.2514902,7.239095251,8.261792918,118.6337978,2
B00345,B00345_R1,317,Purple_2,Green_1,5,6,1.6764,0.2032,118.52,2.54,1.6002,130.71,6,6,-12.18,0.762,2.54,1.6764,0.2032,3.2512,2.7178,3.2512,3,3,3,300,0,5,6,2.01676,0.8128,2.1082,0.508,118.52,130.71,6,6,3.2512,2.7178,0,-12.19,-0.5334,6.5024,31.66770615,150.1877062,149.8122938,0,0,0.499374313,46.13681102,124.52,0.508,2.1082,1.1176,1.97104,2.005289543,8.321951605,4.411636995,7.780523428,3.2512,12.83385308,150.1877062,262.8056353,162.6499033,8.321951605,7.780523428,112.6179292,1
B00345,B00345_R1,345,Yellow_1,Green_2,6,6,1.6764,0.2032,118.52,2.54,1.6002,130.71,6,6,-12.18,0.4572,0.2032,1.9812,0.2032,1.7272,3.4798,2.032,3,3,3,300,0,6,6,2.413,1.1938,2.7178,0.8128,118.52,130.71,6,6,1.7272,3.4798,0,-12.19,1.7526,3.7592,20.83914262,139.3591426,160.6408574,10.82856353,0,0.535469525,79.80421366,124.52,0.8128,2.7178,1.7272,2.70256,3.208463269,10.72829906,6.817984447,10.66814037,1.7272,6.817984447,139.3591426,271.2278514,185.5102041,10.72829906,10.66814037,131.8687088,0
B00346,B00346_R2,346,Gate_1,Green_7,1,6,1.9812,0.2032,130.53,2.54,1.6002,127.39,6,6,3.14,0.2032,0.762,2.54,1.143,2.3368,3.175,2.7178,1,3,3,300,1,1,6,1.397,0,2.76352,2.3368,127.39,130.53,6,6,3.175,2.3368,0,-3.14,-0.8382,5.8928,29.2613587,156.6513587,143.3486413,3.308727746,0,0.477828804,50.90958458,133.39,2.3368,2.76352,1.3462,2.62636,9.224331899,10.90877512,5.31401729,10.36734694,3.175,12.53305965,156.6513587,284.3089595,189.4205187,10.90877512,10.36734694,127.6576008,5
B00346,B00346_R2,342,Yellow_4,Gate_3,2,6,1.9812,0.2032,130.53,2.54,1.6002,127.39,6,6,3.14,0.762,0.7112,0.2032,1.6002,1.7272,3.175,1.9558,2,3,3,300,1,2,6,1.98628,1.1176,1.39192,0.9652,127.39,130.53,6,6,3.175,1.7272,0,-3.14,-1.4478,5.1308,26.25342439,153.6434244,146.3565756,6.316662061,0,0.487855252,58.47041397,133.39,0.9652,1.39192,2.7178,3.0226,3.810050132,5.494493349,10.72829906,11.93147278,3.175,12.53305965,153.6434244,289.7232412,165.3570442,5.494493349,11.93147278,136.0798168,4
B00346,B00346_R2,337,Gate_1,Orange_5,3,6,1.9812,0.2032,130.53,2.54,1.6002,127.39,6,6,3.14,0.2032,0.762,1.9812,2.032,2.3368,3.175,3.556,1,3,3,300,1,3,6,1.397,0,2.68732,1.4224,127.39,130.53,6,6,3.175,2.3368,0,-3.14,-0.8382,6.731,32.57008645,159.9600864,140.0399136,0,0,0.466799712,44.56990046,133.39,1.4224,2.68732,1.3462,2.45872,5.614810721,10.60798168,5.31401729,9.705601389,3.175,12.53305965,159.9600864,284.3089595,184.6078238,10.60798168,9.705601389,124.348873,3
B00346,B00346_R2,328,Purple_3,Purple_4,4,6,1.9812,0.2032,130.53,2.54,1.6002,127.39,6,6,3.14,1.0668,2.54,0.762,2.032,3.2512,2.413,0.8128,3,3,3,300,1,4,6,2.32156,0.8128,1.91516,0,127.39,130.53,6,6,2.413,3.2512,0,-3.14,0.8382,3.2258,18.7335886,146.1235886,153.8764114,13.83649785,0,0.512921371,93.000186,133.39,0,1.91516,1.4224,2.27584,0,7.559941578,5.614810721,8.983697154,2.413,9.525125331,146.1235886,287.6176872,183.2041211,7.559941578,8.983697154,141.4940986,2
B00346,B00346_R2,335,Purple_4,Green_7,5,6,1.9812,0.2032,130.53,2.54,1.6002,127.39,6,6,3.14,0.762,2.032,2.54,1.143,3.556,2.7178,3.175,3,3,3,300,1,5,6,2.07772,0.8128,2.67208,2.3368,127.39,130.53,6,6,2.7178,3.556,0,-3.14,0.8382,5.8928,29.2613587,156.6513587,143.3486413,3.308727746,0,0.477828804,50.90958458,133.39,2.3368,2.67208,0,1.82372,9.224331899,10.547823,0,7.19898946,2.7178,10.72829906,156.6513587,280.7997028,187.6157581,10.547823,7.19898946,124.1483441,1
B00346,B00346_R2,326,Gate_2,Orange_7,6,6,1.9812,0.2032,130.53,2.54,1.6002,127.39,6,6,3.14,0.2032,1.143,2.54,1.6002,2.7178,2.794,2.794,1,3,3,300,1,6,6,1.4986,0.889,2.93116,2.413,127.39,130.53,6,6,2.794,2.7178,0,-3.14,-0.0762,5.588,28.05818498,155.448185,144.551815,4.511901472,0,0.481839383,53.68647101,133.39,2.413,2.93116,0.9652,2.15392,9.525125331,11.57052066,3.810050132,8.502427664,2.794,11.02909249,155.448185,284.3089595,193.9324202,11.57052066,8.502427664,128.8607745,0
B00347,B00347_R1,340,Gate_2,Orange_5,1,6,1.9812,0.2032,124.24,2.54,1.6002,139.55,6,6,-15.31,0.2032,1.143,1.9812,2.032,2.7178,2.794,3.175,1,3,3,300,0,1,6,1.83388,0.889,2.27584,0.8128,124.24,139.55,6,6,2.7178,2.794,0,-15.31,0.0762,5.8928,29.2613587,153.5013587,146.4986413,3.609521178,0,0.488328804,50.90958458,130.24,0.8128,2.27584,1.3462,2.5654,3.208463269,8.983697154,5.31401729,10.12671219,2.7178,10.72829906,153.5013587,285.9716544,182.8030632,8.983697154,10.12671219,132.4702957,5
B00347,B00347_R1,338,Orange_1,Gate_4,2,6,1.9812,0.2032,124.24,2.54,1.6002,139.55,6,6,-15.31,1.6764,2.54,0.2032,1.9812,3.2512,1.8034,2.032,2,3,3,300,0,2,6,2.44348,1.1176,1.52908,1.1176,124.24,139.55,6,6,3.2512,1.8034,0,-15.31,-1.4478,5.2832,26.85501125,151.0950113,148.9049887,6.01586863,0,0.496349962,56.78376741,130.24,1.1176,1.52908,0.8128,1.84912,4.411636995,6.035921525,3.208463269,7.299253938,3.2512,12.83385308,151.0950113,281.7605463,170.4705325,6.035921525,7.299253938,130.6655351,4
B00347,B00347_R1,317,Purple_2,Green_1,3,6,1.9812,0.2032,124.24,2.54,1.6002,139.55,6,6,-15.31,0.762,2.54,1.6764,0.2032,3.556,2.7178,3.2512,3,3,3,300,0,3,6,1.83388,0.8128,2.413,1.7272,124.24,139.55,6,6,3.556,2.7178,0,-15.31,-0.8382,6.8072,32.87087988,157.1108799,142.8891201,0,0,0.476297067,44.07098366,130.24,1.7272,2.413,1.1176,2.09296,6.817984447,9.525125331,4.411636995,8.261792918,3.556,14.0370268,157.1108799,281.7605463,181.9006829,9.525125331,8.261792918,124.6496664,3
B00347,B00347_R1,345,Yellow_1,Green_2,4,6,1.9812,0.2032,124.24,2.54,1.6002,139.55,6,6,-15.31,0.4572,0.2032,1.9812,0.2032,2.032,3.4798,2.032,3,3,3,300,0,4,6,2.23012,0.8128,3.0226,2.3368,124.24,139.55,6,6,2.032,3.4798,0,-15.31,1.4478,4.064,22.04231635,146.2823163,153.7176837,10.82856353,0,0.512392279,73.81889764,130.24,2.3368,3.0226,1.7272,3.06832,9.224331899,11.93147278,6.817984447,12.11194884,2.032,8.021158173,146.2823163,290.1827624,204.7609837,11.93147278,12.11194884,143.9004461,2
B00347,B00347_R1,347,Gate_1,Orange_5,5,6,1.9812,0.2032,124.24,2.54,1.6002,139.55,6,6,-15.31,0.2032,0.762,1.9812,2.032,2.3368,3.175,3.556,1,3,3,300,0,5,6,1.98628,0.8128,2.19964,0.8128,124.24,139.55,6,6,2.3368,3.175,0,-15.31,0.8382,5.8928,29.2613587,153.5013587,146.4986413,3.609521178,0,0.488328804,50.90958458,130.24,0.8128,2.19964,1.7272,2.6416,3.208463269,8.682903722,6.817984447,10.42750563,2.3368,9.224331899,153.5013587,288.9795887,181.299096,8.682903722,10.42750563,135.47823,1
B00347,B00347_R1,343,Purple_5,Orange_6,6,6,1.9812,0.2032,124.24,2.54,1.6002,139.55,6,6,-15.31,1.0668,2.032,2.54,1.9812,3.2512,2.413,2.032,3,3,3,300,0,6,6,1.9558,0.8128,2.8702,1.4224,124.24,139.55,6,6,3.2512,2.413,0,-15.31,-0.8382,5.2832,26.85501125,151.0950113,148.9049887,6.01586863,0,0.496349962,56.78376741,130.24,1.4224,2.8702,1.4224,2.09296,5.614810721,11.32988592,5.614810721,8.261792918,3.2512,12.83385308,151.0950113,284.1668938,196.9403545,11.32988592,8.261792918,133.0718825,0
B00348,B00348_R2,348,Gate_1,Green_6,1,6,2.54,1.9812,135.5,2.54,1.6002,124.18,6,6,11.32,0.2032,0.762,2.54,0.762,3.556,3.175,2.9464,1,3,3,300,1,1,6,1.397,0,2.96164,2.3368,124.18,135.5,6,6,3.175,3.556,0,-11.32,0.381,6.1214,30.163739,154.343739,145.656261,2.406347452,0,0.48552087,49.00839677,130.18,2.3368,2.96164,1.3462,2.62636,9.224331899,11.69083804,5.31401729,10.36734694,3.175,12.53305965,154.343739,282.0013398,193.3308333,11.69083804,10.36734694,127.6576008,5
B00348,B00348_R2,342,Yellow_4,Gate_3,2,6,2.54,1.9812,135.5,2.54,1.6002,124.18,6,6,11.32,0.762,0.7112,0.2032,1.6002,3.556,3.175,1.9558,2,3,3,300,1,2,6,1.98628,1.1176,1.39192,0.9652,124.18,135.5,6,6,3.175,3.556,0,-11.32,0.381,5.1308,26.25342439,150.4334244,149.5665756,6.316662061,0,0.498555252,58.47041397,130.18,0.9652,1.39192,2.3368,2.9464,3.810050132,5.494493349,9.224331899,11.63067935,3.175,12.53305965,150.4334244,285.9116544,166.2594245,5.494493349,11.63067935,135.47823,4
B00348,B00348_R2,337,Gate_1,Orange_5,3,6,2.54,1.9812,135.5,2.54,1.6002,124.18,6,6,11.32,0.2032,0.762,1.9812,2.032,3.556,3.175,3.556,1,3,3,300,1,3,6,1.397,0,2.68732,1.4224,124.18,135.5,6,6,3.175,3.556,0,-11.32,0.381,6.731,32.57008645,156.7500864,143.2499136,0,0,0.477499712,44.56990046,130.18,1.4224,2.68732,1.3462,2.50444,5.614810721,10.60798168,5.31401729,9.886077448,3.175,12.53305965,156.7500864,282.0013398,185.5102041,10.60798168,9.886077448,125.2512533,3
B00348,B00348_R2,328,Purple_3,Purple_4,4,6,2.54,1.9812,135.5,2.54,1.6002,124.18,6,6,11.32,1.0668,2.54,0.762,2.032,2.032,2.413,0.8128,3,3,3,300,1,4,6,2.32156,0.8128,1.91516,0,124.18,135.5,6,6,2.413,2.032,0,-11.32,-0.381,3.2258,18.7335886,142.9135886,157.0864114,13.83649785,0,0.523621371,93.000186,130.18,0,1.91516,1.4224,2.35204,0,7.559941578,5.614810721,9.284490585,2.413,9.525125331,142.9135886,285.3100675,184.1065014,7.559941578,9.284490585,142.3964789,2
B00348,B00348_R2,335,Purple_4,Green_7,5,6,2.54,1.9812,135.5,2.54,1.6002,124.18,6,6,11.32,0.762,2.032,2.54,1.143,2.3368,2.7178,3.175,3,3,3,300,1,5,6,2.07772,0.8128,2.67208,2.3368,124.18,135.5,6,6,2.7178,2.3368,0,-11.32,-0.381,5.8928,29.2613587,153.4413587,146.5586413,3.308727746,0,0.488528804,50.90958458,130.18,2.3368,2.67208,0,1.89992,9.224331899,10.547823,0,7.499782892,2.7178,10.72829906,153.4413587,278.4920831,188.5181384,10.547823,7.499782892,125.0507244,1
B00348,B00348_R2,326,Gate_2,Orange_7,6,6,2.54,1.9812,135.5,2.54,1.6002,124.18,6,6,11.32,0.2032,1.143,2.54,1.6002,3.175,2.794,2.794,1,3,3,300,1,6,6,1.4986,0.889,2.93116,2.413,124.18,135.5,6,6,2.794,3.175,0,-11.32,0.381,5.588,28.05818498,152.238185,147.761815,4.511901472,0,0.492539383,53.68647101,130.18,2.413,2.93116,0.9652,2.23012,9.525125331,11.57052066,3.810050132,8.803221095,2.794,11.02909249,152.238185,282.0013398,194.8348005,11.57052066,8.803221095,129.7631548,0
B00349,B00349_R1,338,Orange_1,Gate_4,1,6,2.54,1.9812,127.18,2.54,1.6002,137.38,6,6,-10.2,1.6764,2.54,0.2032,1.9812,1.4224,1.8034,2.032,2,3,3,300,0,1,6,2.51968,1.1176,1.60528,1.1176,127.18,137.38,6,6,1.4224,1.8034,0,-10.2,0.381,3.4544,19.63596889,146.8159689,153.1840311,14.43808471,0,0.510613437,86.84576193,133.18,1.1176,1.60528,0.8128,1.97104,4.411636995,6.336714957,3.208463269,7.780523428,1.4224,5.614810721,146.8159689,287.1068938,174.3808471,6.336714957,7.780523428,140.2909249,5
B00349,B00349_R1,349,Gate_1,Purple_2,2,6,2.54,1.9812,127.18,2.54,1.6002,137.38,6,6,-10.2,0.2032,0.762,0.762,2.54,3.556,3.175,2.3368,1,3,3,300,0,2,6,1.80848,0,1.44272,0,127.18,137.38,6,6,3.556,3.175,0,-10.2,-0.381,5.8928,29.2613587,156.4413587,143.5586413,4.812694904,0,0.478528804,50.90958458,133.18,0,1.44272,1.7272,2.6416,0,5.695022303,6.817984447,10.42750563,3.556,14.0370268,156.4413587,282.2941989,161.546994,5.695022303,10.42750563,125.8528402,4
B00349,B00349_R1,317,Purple_2,Green_1,3,6,2.54,1.9812,127.18,2.54,1.6002,137.38,6,6,-10.2,0.762,2.54,1.6764,0.2032,2.3368,2.7178,3.2512,3,3,3,300,0,3,6,1.91008,0.8128,2.3368,1.7272,127.18,137.38,6,6,2.3368,2.7178,0,-10.2,0.381,5.588,28.05818498,155.238185,144.761815,6.01586863,0,0.482539383,53.68647101,133.18,1.7272,2.3368,0,1.74752,6.817984447,9.224331899,0,6.898196029,2.3368,9.224331899,155.238185,280.2889093,180.3967157,9.224331899,6.898196029,125.0507244,3
B00349,B00349_R1,345,Yellow_1,Green_2,4,6,2.54,1.9812,127.18,2.54,1.6002,137.38,6,6,-10.2,0.4572,0.2032,1.9812,0.2032,3.8608,3.4798,2.032,3,3,3,300,0,4,6,2.15392,0.8128,2.9464,2.3368,127.18,137.38,6,6,3.8608,3.4798,0,-10.2,-0.381,5.8928,29.2613587,156.4413587,143.5586413,4.812694904,0,0.478528804,50.90958458,133.18,2.3368,2.9464,1.7272,2.82448,9.224331899,11.63067935,6.817984447,11.14940986,3.8608,15.24020053,156.4413587,281.0910251,191.2252793,11.63067935,11.14940986,124.6496664,2
B00349,B00349_R1,347,Gate_1,Orange_5,5,6,2.54,1.9812,127.18,2.54,1.6002,137.38,6,6,-10.2,0.2032,0.762,1.9812,2.032,3.556,3.175,3.556,1,3,3,300,0,5,6,1.80848,0,2.27584,0.8128,127.18,137.38,6,6,3.556,3.175,0,-10.2,-0.381,7.112,34.07405361,161.2540536,138.7459464,0,0,0.462486488,42.18222722,133.18,0.8128,2.27584,1.7272,2.39776,3.208463269,8.983697154,6.817984447,9.464966644,3.556,14.0370268,161.2540536,282.2941989,173.1776734,8.983697154,9.464966644,121.0401453,1
B00349,B00349_R1,343,Purple_5,Orange_6,6,6,2.54,1.9812,127.18,2.54,1.6002,137.38,6,6,-10.2,1.0668,2.032,2.54,1.9812,2.032,2.413,2.032,3,3,3,300,0,6,6,2.032,0.8128,2.9464,1.4224,127.18,137.38,6,6,2.032,2.413,0,-10.2,0.381,4.064,22.04231635,149.2223163,150.7776837,12.03173726,0,0.502592279,73.81889764,133.18,1.4224,2.9464,0.8128,1.97104,5.614810721,11.63067935,3.208463269,7.780523428,2.032,8.021158173,149.2223163,284.7005463,198.4443216,11.63067935,7.780523428,135.47823,0
B00350,B00350_R2,337,Gate_1,Orange_5,1,6,2.54,1.9812,129.52,2.54,1.6002,123.74,6,6,5.79,0.2032,0.762,1.9812,2.032,3.556,3.175,3.556,1,3,3,300,1,1,6,1.397,0,2.68732,1.4224,123.74,129.52,6,6,3.175,3.556,0,-5.78,0.381,6.731,32.57008645,156.3100864,143.6899136,0,0,0.478966379,44.56990046,129.74,1.4224,2.68732,1.3462,2.44348,5.614810721,10.60798168,5.31401729,9.645442703,3.175,12.53305965,156.3100864,280.358166,184.3070304,10.60798168,9.645442703,124.0480796,5
B00350,B00350_R2,328,Purple_3,Purple_4,2,6,2.54,1.9812,129.52,2.54,1.6002,123.74,6,6,5.79,1.0668,2.54,0.762,2.032,2.032,2.413,0.8128,3,3,3,300,1,2,6,2.32156,0.8128,1.91516,0,123.74,129.52,6,6,2.413,2.032,0,-5.78,-0.381,3.2258,18.7335886,142.4735886,157.5264114,13.83649785,0,0.525088038,93.000186,129.74,0,1.91516,1.4224,2.413,0,7.559941578,5.614810721,9.525125331,2.413,9.525125331,142.4735886,283.6668938,182.9033277,7.559941578,9.525125331,141.1933052,4
B00350,B00350_R2,335,Purple_4,Green_7,3,6,2.54,1.9812,129.52,2.54,1.6002,123.74,6,6,5.79,0.762,2.032,2.54,1.143,2.3368,2.7178,3.175,3,3,3,300,1,3,6,2.07772,0.8128,2.67208,2.3368,123.74,129.52,6,6,2.7178,2.3368,0,-5.78,-0.381,5.8928,29.2613587,153.0013587,146.9986413,3.308727746,0,0.489995471,50.90958458,129.74,2.3368,2.67208,0,1.96088,9.224331899,10.547823,0,7.740417637,2.7178,10.72829906,153.0013587,276.8489093,187.3149647,10.547823,7.740417637,123.8475506,3
B00350,B00350_R2,350,Gate_1,Green_3,4,6,2.54,1.9812,129.52,2.54,1.6002,123.74,6,6,5.79,0.2032,0.762,2.286,0.2032,3.556,3.175,2.6416,1,3,3,300,1,4,6,1.397,0,3.0226,2.032,123.74,129.52,6,6,3.175,3.556,0,-5.78,0.381,5.8166,28.96056527,152.7005653,147.2994347,3.609521178,0,0.490998116,51.57652237,129.74,2.032,3.0226,1.3462,2.62636,8.021158173,11.93147278,5.31401729,10.36734694,3.175,12.53305965,152.7005653,280.358166,194.534007,11.93147278,10.36734694,127.6576008,2
B00350,B00350_R2,342,Yellow_4,Gate_3,5,6,2.54,1.9812,129.52,2.54,1.6002,123.74,6,6,5.79,0.762,0.7112,0.2032,1.6002,3.556,3.175,1.9558,2,3,3,300,1,5,6,1.98628,1.1176,1.39192,0.9652,123.74,129.52,6,6,3.175,3.556,0,-5.78,0.381,5.1308,26.25342439,149.9934244,150.0065756,6.316662061,0,0.500021919,58.47041397,129.74,0.9652,1.39192,2.032,2.88544,3.810050132,5.494493349,8.021158173,11.39004461,3.175,12.53305965,149.9934244,283.0653069,165.0562507,5.494493349,11.39004461,133.0718825,1
B00350,B00350_R2,326,Gate_2,Orange_7,6,6,2.54,1.9812,129.52,2.54,1.6002,123.74,6,6,5.79,0.2032,1.143,2.54,1.6002,3.175,2.794,2.794,1,3,3,300,1,6,6,1.4986,0.889,2.93116,2.413,123.74,129.52,6,6,2.794,3.175,0,-5.78,0.381,5.588,28.05818498,151.798185,148.201815,4.511901472,0,0.49400605,53.68647101,129.74,2.413,2.93116,0.9652,2.29108,9.525125331,11.57052066,3.810050132,9.04385584,2.794,11.02909249,151.798185,280.358166,193.6316267,11.57052066,9.04385584,128.5599811,0
B00351,B00351_R1,349,Gate_1,Purple_2,1,6,2.54,1.9812,123.23,2.54,1.6002,136.44,6,6,-13.21,0.2032,0.762,0.762,2.54,3.556,3.175,2.3368,1,3,3,300,0,1,6,1.15824,0,1.6256,0,123.23,136.44,6,6,3.556,3.175,0,-13.21,-0.381,5.8928,29.2613587,152.4913587,147.5086413,4.812694904,0,0.491695471,50.90958458,129.23,0,1.6256,1.4224,2.58064,0,6.416926539,5.614810721,10.18687088,3.556,14.0370268,152.4913587,283.1568938,171.1723838,6.416926539,10.18687088,130.6655351,5
B00351,B00351_R1,317,Purple_2,Green_1,2,6,2.54,1.9812,123.23,2.54,1.6002,136.44,6,6,-13.21,0.762,2.54,1.6764,0.2032,2.3368,2.7178,3.2512,3,3,3,300,0,2,6,2.09296,0.8128,2.15392,1.7272,123.23,136.44,6,6,2.3368,2.7178,0,-13.21,0.381,5.588,28.05818498,151.288185,148.711815,6.01586863,0,0.49570605,53.68647101,129.23,1.7272,2.15392,0,2.17424,6.817984447,8.502427664,0,8.582639245,2.3368,9.224331899,151.288185,282.354778,182.8030632,8.502427664,8.582639245,131.066593,4
B00351,B00351_R1,345,Yellow_1,Green_2,3,6,2.54,1.9812,123.23,2.54,1.6002,136.44,6,6,-13.21,0.4572,0.2032,1.9812,0.2032,3.8608,3.4798,2.032,3,3,3,300,0,3,6,1.60528,0.8128,2.76352,2.3368,123.23,136.44,6,6,3.8608,3.4798,0,-13.21,-0.381,5.8928,29.2613587,152.4913587,147.5086413,4.812694904,0,0.491695471,50.90958458,129.23,2.3368,2.76352,1.1176,2.6416,9.224331899,10.90877512,4.411636995,10.42750563,3.8608,15.24020053,152.4913587,280.7505463,193.6316267,10.90877512,10.42750563,128.2591876,3
B00351,B00351_R1,351,Gate_1,Yellow_5,4,6,2.54,1.9812,123.23,2.54,1.6002,136.44,6,6,-13.21,0.2032,0.762,1.0668,0.7112,3.556,3.175,1.4224,1,3,3,300,0,4,6,1.15824,0,2.032,1.1176,123.23,136.44,6,6,3.556,3.175,0,-13.21,-0.381,4.9784,25.65183752,148.8818375,151.1181625,8.422216082,0,0.503727208,60.2603246,129.23,1.1176,2.032,2.032,2.76352,4.411636995,8.021158173,8.021158173,10.90877512,3.556,14.0370268,148.8818375,285.5632412,182.8030632,8.021158173,10.90877512,136.6814037,2
B00351,B00351_R1,347,Gate_1,Orange_5,5,6,2.54,1.9812,123.23,2.54,1.6002,136.44,6,6,-13.21,0.2032,0.762,1.9812,2.032,3.556,3.175,3.556,1,3,3,300,0,5,6,1.15824,0,2.82448,1.4224,123.23,136.44,6,6,3.556,3.175,0,-13.21,-0.381,7.112,34.07405361,157.3040536,142.6959464,0,0,0.475653155,42.18222722,129.23,1.4224,2.82448,1.4224,2.3368,5.614810721,11.14940986,5.614810721,9.224331899,3.556,14.0370268,157.3040536,283.1568938,190.0221056,11.14940986,9.224331899,125.8528402,1
B00351,B00351_R1,343,Purple_5,Orange_6,6,6,2.54,1.9812,123.23,2.54,1.6002,136.44,6,6,-13.21,1.0668,2.032,2.54,1.9812,2.032,2.413,2.032,3,3,3,300,0,6,6,2.3368,0.8128,3.37312,2.3368,123.23,136.44,6,6,2.032,2.413,0,-13.21,0.381,4.064,22.04231635,145.2723163,154.7276837,12.03173726,0,0.515758946,73.81889764,129.23,2.3368,3.37312,0.8128,2.27584,9.224331899,13.31512257,3.208463269,8.983697154,2.032,8.021158173,145.2723163,286.766415,212.8824063,13.31512257,8.983697154,141.4940986,0
B00352,B00352_R2,352,Orange_4,Gate_4,1,6,2.54,1.9812,129.68,2.54,1.6002,122.29,6,6,7.39,1.6764,2.032,0.2032,1.9812,1.4224,1.8034,2.032,2,3,3,300,1,1,6,2.38252,1.1176,1.59004,1.1176,122.29,129.68,6,6,1.8034,1.4224,0,-7.39,-0.381,3.8354,21.13993605,143.4299361,156.5700639,8.12142265,0,0.521900213,78.21869948,128.29,1.1176,1.59004,1.4224,2.16916,4.411636995,6.27655627,5.614810721,8.56258635,1.8034,7.118777879,143.4299361,273.1930908,162.6499033,6.27655627,8.56258635,129.7631548,5
B00352,B00352_R2,328,Purple_3,Purple_4,2,6,2.54,1.9812,129.68,2.54,1.6002,122.29,6,6,7.39,1.0668,2.54,0.762,2.032,2.032,2.413,0.8128,3,3,3,300,1,2,6,2.01676,0.8128,1.73228,0,122.29,129.68,6,6,2.413,2.032,0,-7.39,-0.381,3.2258,18.7335886,141.0235886,158.9764114,10.5277701,0,0.529921371,93.000186,128.29,0,1.73228,1.4224,2.413,0,6.838037343,5.614810721,9.525125331,2.413,9.525125331,141.0235886,270.7867434,167.8636561,6.838037343,9.525125331,129.7631548,4
B00352,B00352_R2,335,Purple_4,Green_7,3,6,2.54,1.9812,129.68,2.54,1.6002,122.29,6,6,7.39,0.762,2.032,2.54,1.143,2.3368,2.7178,3.175,3,3,3,300,1,3,6,1.89484,0.8128,2.58064,2.2606,122.29,129.68,6,6,2.7178,2.3368,0,-7.39,-0.381,5.8928,29.2613587,151.5513587,148.4486413,0,0,0.494828804,50.90958458,128.29,2.2606,2.58064,0,1.83896,8.923538468,10.18687088,0,7.259148147,2.7178,10.72829906,151.5513587,263.9687589,174.0800537,10.18687088,7.259148147,112.4174002,3
B00352,B00352_R2,350,Gate_1,Green_3,4,6,2.54,1.9812,129.68,2.54,1.6002,122.29,6,6,7.39,0.2032,0.762,2.286,0.2032,3.556,3.175,2.6416,1,3,3,300,1,4,6,2.04724,0.889,3.08356,2.032,122.29,129.68,6,6,3.175,3.556,0,-7.39,0.381,5.8166,28.96056527,151.2505653,148.7494347,0.300793431,0,0.495831449,51.57652237,128.29,2.032,3.08356,1.3462,2.2606,8.021158173,12.17210753,5.31401729,8.923538468,3.175,12.53305965,151.2505653,267.4780156,184.3070304,12.17210753,8.923538468,116.2274504,2
B00352,B00352_R2,342,Yellow_4,Gate_3,5,6,2.54,1.9812,129.68,2.54,1.6002,122.29,6,6,7.39,0.762,0.7112,0.2032,1.6002,3.556,3.175,1.9558,2,3,3,300,1,5,6,2.413,1.1176,1.60528,0.9652,122.29,129.68,6,6,3.175,3.556,0,-7.39,0.381,5.1308,26.25342439,148.5434244,151.4565756,3.007934315,0,0.504855252,58.47041397,128.29,0.9652,1.60528,2.032,2.6416,3.810050132,6.336714957,8.021158173,10.42750563,3.175,12.53305965,148.5434244,270.1851565,157.8372084,6.336714957,10.42750563,121.6417321,1
B00352,B00352_R2,326,Gate_2,Orange_7,6,6,2.54,1.9812,129.68,2.54,1.6002,122.29,6,6,7.39,0.2032,1.143,2.54,1.6002,3.175,2.794,2.794,1,3,3,300,1,6,6,1.89484,0.889,2.65684,1.8034,122.29,129.68,6,6,2.794,3.175,0,-7.39,0.381,5.588,28.05818498,150.348185,149.651815,1.203173726,0,0.498839383,53.68647101,128.29,1.8034,2.65684,0.9652,1.92532,7.118777879,10.48766431,3.810050132,7.600047369,2.794,11.02909249,150.348185,267.4780156,176.7871946,10.48766431,7.600047369,117.1298307,0
B00353,B00353_R1,317,Purple_2,Green_1,1,6,2.54,1.9812,119.94,2.54,1.6002,122.8,6,6,-2.86,0.762,2.54,1.6764,0.2032,2.3368,2.7178,3.2512,3,3,3,300,0,1,6,1.78816,0.8128,2.3368,1.7272,119.94,122.8,6,6,2.3368,2.7178,0,-2.86,0.381,5.588,28.05818498,147.998185,152.001815,6.01586863,0,0.506672717,53.68647101,125.94,1.7272,2.3368,1.7272,2.58064,6.817984447,9.224331899,6.817984447,10.18687088,2.3368,9.224331899,147.998185,277.4605463,177.9903683,9.224331899,10.18687088,129.4623613,5
B00353,B00353_R1,351,Gate_1,Yellow_5,2,6,2.54,1.9812,119.94,2.54,1.6002,122.8,6,6,-2.86,0.2032,0.762,1.0668,0.7112,3.556,3.175,1.4224,1,3,3,300,0,2,6,1.68656,0,2.3368,1.1176,119.94,122.8,6,6,3.556,3.175,0,-2.86,-0.381,4.9784,25.65183752,145.5918375,154.4081625,8.422216082,0,0.514693875,60.2603246,125.94,1.1176,2.3368,2.032,3.06832,4.411636995,9.224331899,8.021158173,12.11194884,3.556,14.0370268,145.5918375,273.8510251,180.3967157,9.224331899,12.11194884,128.2591876,4
B00353,B00353_R1,345,Yellow_1,Green_2,3,6,2.54,1.9812,119.94,2.54,1.6002,122.8,6,6,-2.86,0.4572,0.2032,1.9812,0.2032,3.8608,3.4798,2.032,3,3,3,300,0,3,6,2.032,0.8128,2.9464,2.3368,119.94,122.8,6,6,3.8608,3.4798,0,-2.86,-0.381,5.8928,29.2613587,149.2013587,150.7986413,4.812694904,0,0.502662138,50.90958458,125.94,2.3368,2.9464,1.1176,2.9464,9.224331899,11.63067935,4.411636995,11.63067935,3.8608,15.24020053,149.2013587,269.0383302,188.8189318,11.63067935,11.63067935,119.8369715,3
B00353,B00353_R1,347,Gate_1,Orange_5,4,6,2.54,1.9812,119.94,2.54,1.6002,122.8,6,6,-2.86,0.2032,0.762,1.9812,2.032,3.556,3.175,3.556,1,3,3,300,0,4,6,1.68656,0,2.39776,1.4224,119.94,122.8,6,6,3.556,3.175,0,-2.86,-0.381,7.112,34.07405361,154.0140536,145.9859464,0,0,0.486619821,42.18222722,125.94,1.4224,2.39776,1.4224,2.6416,5.614810721,9.464966644,5.614810721,10.42750563,3.556,14.0370268,154.0140536,271.4446777,173.1776734,9.464966644,10.42750563,117.4306241,2
B00353,B00353_R1,353,Purple_3,Orange_3,5,6,2.54,1.9812,119.94,2.54,1.6002,122.8,6,6,-2.86,1.0668,2.54,2.286,2.54,2.032,2.413,1.7272,3,3,3,300,0,5,6,1.91008,0.508,3.12928,1.7272,119.94,122.8,6,6,2.032,2.413,0,-2.86,0.381,3.7592,20.83914262,140.7791426,159.2208574,13.23491099,0,0.530736191,79.80421366,125.94,1.7272,3.12928,1.4224,2.51968,6.817984447,12.35258359,5.614810721,9.946236135,2.032,8.021158173,140.7791426,277.4605463,200.8506691,12.35258359,9.946236135,136.6814037,1
B00353,B00353_R1,343,Purple_5,Orange_6,6,6,2.54,1.9812,119.94,2.54,1.6002,122.8,6,6,-2.86,1.0668,2.032,2.54,1.9812,2.032,2.413,2.032,3,3,3,300,0,6,6,1.91008,0.508,3.06832,2.032,119.94,122.8,6,6,2.032,2.413,0,-2.86,0.381,4.064,22.04231635,141.9823163,158.0176837,12.03173726,0,0.526725612,73.81889764,125.94,2.032,3.06832,1.4224,2.45872,8.021158173,12.11194884,5.614810721,9.705601389,2.032,8.021158173,141.9823163,277.4605463,198.4443216,12.11194884,9.705601389,135.47823,0
B00354,B00354_R2,350,Gate_1,Green_3,1,6,2.54,1.9812,127.6,2.54,1.6002,116.51,6,6,11.08,0.2032,0.762,2.286,0.2032,3.556,3.175,2.6416,1,3,3,300,1,1,6,2.04724,0.889,3.08356,2.032,116.51,127.6,6,6,3.175,3.556,0,-11.09,0.381,5.8166,28.96056527,145.4705653,154.5294347,0.300793431,0,0.515098116,51.57652237,122.51,2.032,3.08356,1.3462,2.2606,8.021158173,12.17210753,5.31401729,8.923538468,3.175,12.53305965,145.4705653,261.6980156,184.3070304,12.17210753,8.923538468,116.2274504,5
B00354,B00354_R2,342,Yellow_4,Gate_3,2,6,2.54,1.9812,127.6,2.54,1.6002,116.51,6,6,11.08,0.762,0.7112,0.2032,1.6002,3.556,3.175,1.9558,2,3,3,300,1,2,6,2.413,1.1176,1.60528,0.9652,116.51,127.6,6,6,3.175,3.556,0,-11.09,0.381,5.1308,26.25342439,142.7634244,157.2365756,3.007934315,0,0.524121919,58.47041397,122.51,0.9652,1.60528,2.032,2.6416,3.810050132,6.336714957,8.021158173,10.42750563,3.175,12.53305965,142.7634244,264.4051565,157.8372084,6.336714957,10.42750563,121.6417321,4
B00354,B00354_R2,326,Gate_2,Orange_7,3,6,2.54,1.9812,127.6,2.54,1.6002,116.51,6,6,11.08,0.2032,1.143,2.54,1.6002,3.175,2.794,2.794,1,3,3,300,1,3,6,1.89484,0.889,2.65684,1.8034,116.51,127.6,6,6,2.794,3.175,0,-11.09,0.381,5.588,28.05818498,144.568185,155.431815,1.203173726,0,0.51810605,53.68647101,122.51,1.8034,2.65684,0.9652,1.92532,7.118777879,10.48766431,3.810050132,7.600047369,2.794,11.02909249,144.568185,261.6980156,176.7871946,10.48766431,7.600047369,117.1298307,3
B00354,B00354_R2,354,Orange_4,Gate_4,4,6,2.54,1.9812,127.6,2.54,1.6002,116.51,6,6,11.08,1.6764,2.032,0.2032,1.9812,1.4224,1.8034,2.032,2,3,3,300,1,4,6,2.38252,1.1176,1.59004,1.1176,116.51,127.6,6,6,1.8034,1.4224,0,-11.09,-0.381,3.8354,21.13993605,137.6499361,162.3500639,8.12142265,0,0.54116688,78.21869948,122.51,1.1176,1.59004,1.4224,2.16916,4.411636995,6.27655627,5.614810721,8.56258635,1.8034,7.118777879,137.6499361,267.4130908,162.6499033,6.27655627,8.56258635,129.7631548,2
B00354,B00354_R2,328,Purple_3,Purple_4,5,6,2.54,1.9812,127.6,2.54,1.6002,116.51,6,6,11.08,1.0668,2.54,0.762,2.032,2.032,2.413,0.8128,3,3,3,300,1,5,6,2.01676,0.8128,1.73228,0,116.51,127.6,6,6,2.413,2.032,0,-11.09,-0.381,3.2258,18.7335886,135.2435886,164.7564114,10.5277701,0,0.549188038,93.000186,122.51,0,1.73228,1.4224,2.413,0,6.838037343,5.614810721,9.525125331,2.413,9.525125331,135.2435886,265.0067434,167.8636561,6.838037343,9.525125331,129.7631548,1
B00354,B00354_R2,335,Purple_4,Green_7,6,6,2.54,1.9812,127.6,2.54,1.6002,116.51,6,6,11.08,0.762,2.032,2.54,1.143,2.3368,2.7178,3.175,3,3,3,300,1,6,6,1.89484,0.8128,2.58064,2.2606,116.51,127.6,6,6,2.7178,2.3368,0,-11.09,-0.381,5.8928,29.2613587,145.7713587,154.2286413,0,0,0.514095471,50.90958458,122.51,2.2606,2.58064,0,1.83896,8.923538468,10.18687088,0,7.259148147,2.7178,10.72829906,145.7713587,258.1887589,174.0800537,10.18687088,7.259148147,112.4174002,0
B00355,B00355_R1,351,Gate_1,Yellow_5,1,6,2.54,1.9812,124.28,2.54,1.143,122.96,6,6,1.31,0.2032,0.762,1.0668,0.7112,3.556,2.7178,1.4224,1,3,3,300,0,1,6,1.38176,0,1.91008,1.1176,124.28,122.96,6,6,3.556,2.7178,0,1.32,-0.8382,4.9784,25.65183752,149.9318375,150.0681625,8.422216082,0,0.500227208,60.2603246,130.28,1.1176,1.91008,1.7272,3.00736,4.411636995,7.539888683,6.817984447,11.8713141,3.556,14.0370268,149.9318375,278.1910251,173.1776734,7.539888683,11.8713141,128.2591876,5
B00355,B00355_R1,345,Yellow_1,Green_2,2,6,2.54,1.9812,124.28,2.54,1.143,122.96,6,6,1.31,0.4572,0.2032,1.9812,0.2032,3.8608,3.0226,2.032,3,3,3,300,0,2,6,1.50368,0,2.6416,2.032,124.28,122.96,6,6,3.8608,3.0226,0,1.32,-0.8382,5.8928,29.2613587,153.5413587,146.4586413,4.812694904,0,0.488195471,50.90958458,130.28,2.032,2.6416,1.1176,3.00736,8.021158173,10.42750563,4.411636995,11.8713141,3.8608,15.24020053,153.5413587,274.581504,184.0062369,10.42750563,11.8713141,121.0401453,4
B00355,B00355_R1,355,Yellow_1,Gate_4,3,6,2.54,1.9812,124.28,2.54,1.143,122.96,6,6,1.31,0.4572,0.2032,0.2032,1.9812,3.8608,3.0226,2.032,2,3,3,300,0,3,6,1.50368,0,1.66624,1.4224,124.28,122.96,6,6,3.8608,3.0226,0,1.32,-0.8382,5.8928,29.2613587,153.5413587,146.4586413,4.812694904,0,0.488195471,50.90958458,130.28,1.4224,1.66624,1.1176,3.00736,5.614810721,6.577349702,4.411636995,11.8713141,3.8608,15.24020053,153.5413587,274.581504,164.7554573,6.577349702,11.8713141,121.0401453,3
B00355,B00355_R1,347,Gate_1,Orange_5,4,6,2.54,1.9812,124.28,2.54,1.143,122.96,6,6,1.31,0.2032,0.762,1.9812,2.032,3.556,2.7178,3.556,1,3,3,300,0,4,6,1.38176,0,2.82448,1.4224,124.28,122.96,6,6,3.556,2.7178,0,1.32,-0.8382,7.112,34.07405361,158.3540536,141.6459464,0,0,0.472153155,42.18222722,130.28,1.4224,2.82448,1.4224,2.58064,5.614810721,11.14940986,5.614810721,10.18687088,3.556,14.0370268,158.3540536,276.9878514,182.8030632,11.14940986,10.18687088,118.6337978,2
B00355,B00355_R1,353,Purple_3,Orange_3,5,6,2.54,1.9812,124.28,2.54,1.143,122.96,6,6,1.31,1.0668,2.54,2.286,2.54,2.032,2.8702,1.7272,3,3,3,300,0,5,6,2.3368,0.508,3.556,1.7272,124.28,122.96,6,6,2.032,2.8702,0,1.32,0.8382,3.7592,20.83914262,145.1191426,154.8808574,13.23491099,0,0.516269525,79.80421366,130.28,1.7272,3.556,1.4224,2.21488,6.817984447,14.0370268,5.614810721,8.743062409,2.032,8.021158173,145.1191426,283.00372,210.4760589,14.0370268,8.743062409,137.8845774,1
B00355,B00355_R1,343,Purple_5,Orange_6,6,6,2.54,1.9812,124.28,2.54,1.143,122.96,6,6,1.31,1.0668,2.032,2.54,1.9812,2.032,2.8702,2.032,3,3,3,300,0,6,6,2.3368,0.508,3.37312,2.032,124.28,122.96,6,6,2.032,2.8702,0,1.32,0.8382,4.064,22.04231635,146.3223163,153.6776837,12.03173726,0,0.512258946,73.81889764,130.28,2.032,3.37312,1.4224,2.15392,8.021158173,13.31512257,5.614810721,8.502427664,2.032,8.021158173,146.3223163,283.00372,205.663364,13.31512257,8.502427664,136.6814037,0
B00356,B00356_R2,342,Yellow_4,Gate_3,1,6,2.54,1.9812,128.4,2.54,1.143,113.22,6,6,15.17,0.762,0.7112,0.2032,1.6002,3.556,2.7178,1.9558,2,3,3,300,1,1,6,2.413,1.1176,1.60528,0.9652,113.22,128.4,6,6,2.7178,3.556,0,-15.18,0.8382,4.6736,24.4486638,137.6686638,162.3313362,6.617455493,0,0.541104454,64.19034577,119.22,0.9652,1.60528,2.3368,2.88544,3.810050132,6.336714957,9.224331899,11.39004461,2.7178,10.72829906,137.6686638,266.5294383,162.0483164,6.336714957,11.39004461,128.8607745,5
B00356,B00356_R2,356,Gate_1,Orange_4,2,6,2.54,1.9812,128.4,2.54,1.143,113.22,6,6,15.17,0.2032,0.762,1.6764,2.032,3.556,2.7178,3.2512,1,3,3,300,1,2,6,2.04724,0.889,1.73228,0,113.22,128.4,6,6,2.7178,3.556,0,-15.18,0.8382,5.969,29.56215213,142.7821521,157.2178479,1.503967157,0,0.524059493,50.25967499,119.22,0,1.73228,1.3462,2.2606,0,6.838037343,5.31401729,8.923538468,2.7178,10.72829906,142.7821521,262.6191237,159.44144,6.838037343,8.923538468,119.8369715,4
B00356,B00356_R2,354,Orange_4,Gate_4,3,6,2.54,1.9812,128.4,2.54,1.143,113.22,6,6,15.17,1.6764,2.032,0.2032,1.9812,1.4224,2.2606,2.032,2,3,3,300,1,3,6,2.38252,1.1176,1.59004,1.1176,113.22,128.4,6,6,2.2606,1.4224,0,-15.18,-0.8382,4.2926,22.94469664,136.1646966,163.8353034,8.12142265,0,0.546117678,69.88771374,119.22,1.1176,1.59004,0,1.57988,4.411636995,6.27655627,0,6.23645048,2.2606,8.923538468,136.1646966,259.109867,163.2514902,6.27655627,6.23645048,122.9451703,3
B00356,B00356_R2,326,Gate_2,Orange_7,4,6,2.54,1.9812,128.4,2.54,1.143,113.22,6,6,15.17,0.2032,1.143,2.54,1.6002,3.175,2.3368,2.794,1,3,3,300,1,4,6,1.89484,0.889,2.65684,1.8034,113.22,128.4,6,6,2.3368,3.175,0,-15.18,0.8382,5.1308,26.25342439,139.4734244,160.5265756,4.812694904,0,0.535088585,58.47041397,119.22,1.8034,2.65684,0.9652,1.89484,7.118777879,10.48766431,3.810050132,7.479729996,2.3368,9.224331899,139.4734244,262.6191237,180.9983026,10.48766431,7.479729996,123.1456993,2
B00356,B00356_R2,328,Purple_3,Purple_4,5,6,2.54,1.9812,128.4,2.54,1.143,113.22,6,6,15.17,1.0668,2.54,0.762,2.032,2.032,2.8702,0.8128,3,3,3,300,1,5,6,2.01676,0.8128,1.73228,0,113.22,128.4,6,6,2.8702,2.032,0,-15.18,-0.8382,3.683,20.53834919,133.7583492,166.2416508,10.5277701,0,0.554138836,81.45533532,119.22,0,1.73228,1.1176,1.92532,0,6.838037343,4.411636995,7.600047369,2.8702,11.32988592,133.7583492,261.1151565,168.465243,6.838037343,7.600047369,127.3568073,1
B00356,B00356_R2,335,Purple_4,Green_7,6,6,2.54,1.9812,128.4,2.54,1.143,113.22,6,6,15.17,0.762,2.032,2.54,1.143,2.3368,3.175,3.175,3,3,3,300,1,6,6,1.89484,0.8128,2.58064,2.2606,113.22,128.4,6,6,3.175,2.3368,0,-15.18,-0.8382,6.35,31.06611929,144.2861193,155.7138807,0,0,0.519046269,47.24409449,119.22,2.2606,2.58064,0,1.35128,8.923538468,10.18687088,0,5.334070185,3.175,12.53305965,144.2861193,255.5003458,174.6816405,10.18687088,5.334070185,111.2142265,0
B00357,B00357_R1,345,Yellow_1,Green_2,1,6,2.54,1.9812,117.62,2.54,1.143,123.52,6,7,-5.91,0.4572,0.2032,1.9812,0.2032,3.8608,3.0226,2.032,3,3,3,300,0,1,6,1.74752,0,2.17424,0,117.62,123.52,6,7,3.8608,3.0226,-1,-5.9,-0.8382,5.8928,29.2613587,146.8813587,153.1186413,4.812694904,0,0.510395471,50.90958458,123.62,0,2.17424,2.032,3.19024,0,8.582639245,8.021158173,12.59321833,3.8608,15.24020053,146.8813587,275.1405463,178.3914262,8.582639245,12.59321833,128.2591876,5
B00357,B00357_R1,357,Green_2,Gate_4,2,6,2.54,1.9812,117.62,2.54,1.143,123.52,6,7,-5.91,1.9812,0.2032,0.2032,1.9812,2.3368,1.4986,3.556,2,3,3,300,0,2,6,2.58064,2.032,1.7272,1.4224,117.62,123.52,6,7,2.3368,1.4986,-1,-5.9,-0.8382,5.8928,29.2613587,146.8813587,153.1186413,4.812694904,0,0.510395471,50.90958458,123.62,1.4224,1.7272,0,2.29616,5.614810721,6.817984447,0,9.063908736,2.3368,9.224331899,146.8813587,273.1352568,169.5681522,6.817984447,9.063908736,126.2538981,4
B00357,B00357_R1,355,Yellow_1,Gate_4,3,6,2.54,1.9812,117.62,2.54,1.143,123.52,6,7,-5.91,0.4572,0.2032,0.2032,1.9812,3.8608,3.0226,2.032,2,3,3,300,0,3,6,1.74752,0,2.032,1.4224,117.62,123.52,6,7,3.8608,3.0226,-1,-5.9,-0.8382,5.8928,29.2613587,146.8813587,153.1186413,4.812694904,0,0.510395471,50.90958458,123.62,1.4224,2.032,2.032,3.19024,5.614810721,8.021158173,8.021158173,12.59321833,3.8608,15.24020053,146.8813587,275.1405463,175.5840208,8.021158173,12.59321833,128.2591876,3
B00357,B00357_R1,347,Gate_1,Orange_5,4,6,2.54,1.9812,117.62,2.54,1.143,123.52,6,7,-5.91,0.2032,0.762,1.9812,2.032,3.556,2.7178,3.556,1,3,3,300,0,4,6,1.84912,0.8128,2.70256,1.4224,117.62,123.52,6,7,3.556,2.7178,-1,-5.9,-0.8382,7.112,34.07405361,151.6940536,148.3059464,0,0,0.494353155,42.18222722,123.62,1.4224,2.70256,1.7272,2.6416,5.614810721,10.66814037,6.817984447,10.42750563,3.556,14.0370268,151.6940536,275.1405463,184.0062369,10.66814037,10.42750563,123.4464927,2
B00357,B00357_R1,353,Purple_3,Orange_3,5,6,2.54,1.9812,117.62,2.54,1.143,123.52,6,7,-5.91,1.0668,2.54,2.286,2.54,2.032,2.8702,1.7272,3,3,3,300,0,5,6,2.45872,0.508,3.31216,1.7272,117.62,123.52,6,7,2.032,2.8702,-1,-5.9,0.8382,3.7592,20.83914262,138.4591426,161.5408574,13.23491099,0,0.538469525,79.80421366,123.62,1.7272,3.31216,1.4224,1.91008,6.817984447,13.07448782,5.614810721,7.539888683,2.032,8.021158173,138.4591426,279.9532412,209.2728852,13.07448782,7.539888683,141.4940986,1
B00357,B00357_R1,343,Purple_5,Orange_6,6,6,2.54,1.9812,117.62,2.54,1.143,123.52,6,7,-5.91,1.0668,2.032,2.54,1.9812,2.032,2.8702,2.032,3,3,3,300,0,6,6,2.45872,0.508,3.12928,2.032,117.62,123.52,6,7,2.032,2.8702,-1,-5.9,0.8382,4.064,22.04231635,139.6623163,160.3376837,12.03173726,0,0.534458946,73.81889764,123.62,2.032,3.12928,1.4224,1.84912,8.021158173,12.35258359,5.614810721,7.299253938,2.032,8.021158173,139.6623163,279.9532412,204.4601903,12.35258359,7.299253938,140.2909249,0
B00358,B00358_R2,356,Gate_1,Orange_4,1,6,2.54,1.9812,129.12,2.54,1.143,116.11,6,6,13.01,0.2032,0.762,1.6764,2.032,3.556,2.7178,3.2512,1,3,3,300,1,1,6,2.29108,0.889,1.36652,0,116.11,129.12,6,6,2.7178,3.556,0,-13.01,0.8382,5.969,29.56215213,145.6721521,154.3278479,1.503967157,0,0.51442616,50.25967499,122.11,0,1.36652,1.7272,2.3368,0,5.394228871,6.817984447,9.224331899,2.7178,10.72829906,145.6721521,265.5091237,150.7184305,5.394228871,9.224331899,119.8369715,5
B00358,B00358_R2,354,Orange_4,Gate_4,2,6,2.54,1.9812,129.12,2.54,1.143,116.11,6,6,13.01,1.6764,2.032,0.2032,1.9812,1.4224,2.2606,2.032,2,3,3,300,1,2,6,2.01676,1.1176,1.3462,1.1176,116.11,129.12,6,6,2.2606,1.4224,0,-13.01,-0.8382,4.2926,22.94469664,139.0546966,160.9453034,8.12142265,0,0.536484345,69.88771374,122.11,1.1176,1.3462,0,1.50368,4.411636995,5.31401729,0,5.935657048,2.2606,8.923538468,139.0546966,260.4958998,156.9348281,5.31401729,5.935657048,121.4412032,4
B00358,B00358_R2,326,Gate_2,Orange_7,3,6,2.54,1.9812,129.12,2.54,1.143,116.11,6,6,13.01,0.2032,1.143,2.54,1.6002,3.175,2.3368,2.794,1,3,3,300,1,3,6,1.98628,0.889,2.5654,1.8034,116.11,129.12,6,6,2.3368,3.175,0,-13.01,0.8382,5.1308,26.25342439,142.3634244,157.6365756,4.812694904,0,0.525455252,58.47041397,122.11,1.8034,2.5654,1.3462,1.97104,7.118777879,10.12671219,5.31401729,7.780523428,2.3368,9.224331899,142.3634244,265.5091237,177.6895749,10.12671219,7.780523428,123.1456993,3
B00358,B00358_R2,328,Purple_3,Purple_4,4,6,2.54,1.9812,129.12,2.54,1.143,116.11,6,6,13.01,1.0668,2.54,0.762,2.032,2.032,2.8702,0.8128,3,3,3,300,1,4,6,1.52908,0.8128,1.143,0,116.11,129.12,6,6,2.8702,2.032,0,-13.01,-0.8382,3.683,20.53834919,136.6483492,163.3516508,10.5277701,0,0.544505503,81.45533532,122.11,0,1.143,1.1176,1.84912,0,4.511901472,4.411636995,7.299253938,2.8702,11.32988592,136.6483492,262.5011894,155.3305965,4.511901472,7.299253938,125.8528402,2
B00358,B00358_R2,358,Purple_4,Gate_4,5,6,2.54,1.9812,129.12,2.54,1.143,116.11,6,6,13.01,0.762,2.032,0.2032,1.9812,2.3368,3.175,1.1176,2,3,3,300,1,5,6,1.30556,0,1.52908,1.1176,116.11,129.12,6,6,3.175,2.3368,0,-13.01,-0.8382,4.2926,22.94469664,139.0546966,160.9453034,8.12142265,0,0.536484345,69.88771374,122.11,1.1176,1.52908,0,1.68656,4.411636995,6.035921525,0,6.657561284,3.175,12.53305965,139.0546966,256.8863786,160.5443493,6.035921525,6.657561284,117.831682,1
B00358,B00358_R2,335,Purple_4,Green_7,6,6,2.54,1.9812,129.12,2.54,1.143,116.11,6,6,13.01,0.762,2.032,2.54,1.143,2.3368,3.175,3.175,3,3,3,300,1,6,6,1.30556,0,2.67208,2.2606,116.11,129.12,6,6,3.175,2.3368,0,-13.01,-0.8382,6.35,31.06611929,147.1761193,152.8238807,0,0,0.509412936,47.24409449,122.11,2.2606,2.67208,0,1.27508,8.923538468,10.547823,0,5.033276754,3.175,12.53305965,147.1761193,256.8863786,174.982434,10.547823,5.033276754,109.7102593,0
B00359,B00359_R2,326,Gate_2,Orange_7,1,7,2.54,1.9812,121.71,2.54,1.143,123.32,6,7,-1.61,0.2032,1.143,2.54,1.6002,3.175,2.3368,2.794,1,3,3,300,1,1,7,2.1082,0.889,2.4638,1.8034,123.32,121.71,7,6,2.3368,3.175,1,1.61,0.8382,5.1308,26.25342439,149.5734244,150.4265756,4.812694904,0,0.501421919,58.47041397,130.32,1.8034,2.4638,1.3462,1.9431,7.118777879,9.725654285,5.31401729,7.670232503,2.3368,9.224331899,149.5734244,290.2495385,202.9403545,9.725654285,7.670232503,140.6761142,6
B00359,B00359_R2,359,Green_2,Yellow_5,2,7,2.54,1.9812,121.71,2.54,1.143,123.32,6,7,-1.61,1.9812,0.2032,1.0668,0.7112,2.3368,1.4986,1.4224,3,3,3,300,1,2,7,3.1115,2.3368,2.6035,1.4224,123.32,121.71,7,6,1.4986,2.3368,1,1.61,0.8382,2.921,17.53041487,140.8504149,159.1495851,13.53570442,0,0.530498617,102.7045532,130.32,1.4224,2.6035,1.4986,2.8956,5.614810721,10.27710891,5.915604153,11.4301504,1.4986,5.915604153,140.8504149,294.1598532,214.9720917,10.27710891,11.4301504,153.3094383,5
B00359,B00359_R2,356,Gate_1,Orange_4,3,7,2.54,1.9812,121.71,2.54,1.143,123.32,6,7,-1.61,0.2032,0.762,1.6764,2.032,3.556,2.7178,3.2512,1,3,3,300,1,3,7,2.2987,0.889,1.680633333,0,123.32,121.71,7,6,2.7178,3.556,1,1.61,0.8382,5.969,29.56215213,152.8821521,147.1178479,1.503967157,0,0.490392826,50.25967499,130.32,0,1.680633333,1.4224,2.1844,0,6.634166239,5.614810721,8.622745036,2.7178,10.72829906,152.8821521,289.0463648,181.0826985,6.634166239,8.622745036,136.1642127,4
B00359,B00359_R2,354,Orange_4,Gate_4,4,7,2.54,1.9812,121.71,2.54,1.143,123.32,6,7,-1.61,1.6764,2.032,0.2032,1.9812,1.4224,2.2606,2.032,2,3,3,300,1,4,7,2.2225,1.1176,1.7145,1.1176,123.32,121.71,7,6,2.2606,1.4224,1,1.61,-0.8382,4.2926,22.94469664,146.2646966,153.7353034,8.12142265,0,0.512451011,69.88771374,130.32,1.1176,1.7145,0,1.744133333,4.411636995,6.767852209,0,6.884827432,2.2606,8.923538468,146.2646966,285.2363147,188.5022698,6.767852209,6.884827432,138.971618,3
B00359,B00359_R2,328,Purple_3,Purple_4,5,7,2.54,1.9812,121.71,2.54,1.143,123.32,6,7,-1.61,1.0668,2.54,0.762,2.032,2.032,2.8702,0.8128,3,3,3,300,1,5,7,1.8161,0.8128,1.545166667,0,123.32,121.71,7,6,2.8702,2.032,1,1.61,-0.8382,3.683,20.53834919,143.8583492,156.1416508,10.5277701,0,0.520472169,81.45533532,130.32,0,1.545166667,1.1176,2.032,0,6.099422361,4.411636995,8.021158173,2.8702,11.32988592,143.8583492,287.2416042,186.8980381,6.099422361,8.021158173,143.383255,2
B00359,B00359_R2,358,Purple_4,Gate_4,6,7,2.54,1.9812,121.71,2.54,1.143,123.32,6,7,-1.61,0.762,2.032,0.2032,1.9812,2.3368,3.175,1.1176,2,3,3,300,1,6,7,1.680633333,0,1.8669,1.1176,123.32,121.71,7,6,3.175,2.3368,1,1.61,-0.8382,4.2926,22.94469664,146.2646966,153.7353034,8.12142265,0,0.512451011,69.88771374,130.32,1.1176,1.8669,0,1.947333333,4.411636995,7.369439072,0,7.686943249,3.175,12.53305965,146.2646966,281.6267935,192.1117909,7.369439072,7.686943249,135.3620969,1
B00359,B00359_R2,335,Purple_4,Green_7,7,7,2.54,1.9812,121.71,2.54,1.143,123.32,6,7,-1.61,0.762,2.032,2.54,1.143,2.3368,3.175,3.175,3,3,3,300,1,7,7,1.680633333,0,2.4765,1.4986,123.32,121.71,7,6,3.175,2.3368,1,1.61,-0.8382,6.35,31.06611929,154.3861193,145.6138807,0,0,0.485379602,47.24409449,130.32,1.4986,2.4765,0,1.604433333,5.915604153,9.775786524,0,6.333372808,3.175,12.53305965,154.3861193,281.6267935,198.428453,9.775786524,6.333372808,127.2406742,0
B00360,B00360_R1,347,Gate_1,Orange_5,1,5,2.54,1.9812,110.93,2.54,1.143,126.98,5,7,-16.06,0.2032,0.762,1.9812,2.032,3.556,2.7178,3.556,1,3,3,300,0,1,5,1.524,0,2.5654,1.4224,110.93,126.98,5,7,3.556,2.7178,-2,-16.05,-0.8382,7.112,34.07405361,145.0040536,154.9959464,0,0,0.516653155,42.18222722,115.93,1.4224,2.5654,1.7272,3.175,5.614810721,10.12671219,6.817984447,12.53305965,3.556,14.0370268,145.0040536,244.0018825,146.72372,10.12671219,12.53305965,98.99782892,4
B00360,B00360_R1,343,Purple_5,Orange_6,2,5,2.54,1.9812,110.93,2.54,1.143,126.98,5,7,-16.06,1.0668,2.032,2.54,1.9812,2.032,2.8702,2.032,3,3,3,300,0,2,5,2.1844,0.508,3.2512,2.032,110.93,126.98,5,7,2.032,2.8702,-2,-16.05,0.8382,4.064,22.04231635,132.9723163,167.0276837,12.03173726,0,0.556758946,73.81889764,115.93,2.032,3.2512,1.4224,1.4986,8.021158173,12.83385308,5.614810721,5.915604153,2.032,8.021158173,132.9723163,248.8145774,169.5840208,12.83385308,5.915604153,115.8422611,3
B00360,B00360_R1,355,Yellow_1,Gate_4,3,5,2.54,1.9812,110.93,2.54,1.143,126.98,5,7,-16.06,0.4572,0.2032,0.2032,1.9812,3.8608,3.0226,2.032,2,3,3,300,0,3,5,1.8796,0.8128,1.5748,1.4224,110.93,126.98,5,7,3.8608,3.0226,-2,-16.05,-0.8382,5.8928,29.2613587,140.1913587,159.8086413,4.812694904,0,0.532695471,50.90958458,115.93,1.4224,1.5748,3.8608,3.937,5.614810721,6.216397584,15.24020053,15.54099396,3.8608,15.24020053,140.1913587,251.2209249,135.8951565,6.216397584,15.54099396,111.0295662,2
B00360,B00360_R1,360,Gate_1,Orange_2,4,5,2.54,1.9812,110.93,2.54,1.143,126.98,5,7,-16.06,0.2032,0.762,1.9812,2.54,3.556,2.7178,3.556,1,3,3,300,0,4,5,1.524,0,2.5654,1.4224,110.93,126.98,5,7,3.556,2.7178,-2,-16.05,-0.8382,7.112,34.07405361,145.0040536,154.9959464,0,0,0.516653155,42.18222722,115.93,1.4224,2.5654,1.7272,3.175,5.614810721,10.12671219,6.817984447,12.53305965,3.556,14.0370268,145.0040536,244.0018825,146.72372,10.12671219,12.53305965,98.99782892,1
B00360,B00360_R1,353,Purple_3,Orange_3,5,5,2.54,1.9812,110.93,2.54,1.143,126.98,5,7,-16.06,1.0668,2.54,2.286,2.54,2.032,2.8702,1.7272,3,3,3,300,0,5,5,2.1844,0.508,3.4036,1.7272,110.93,126.98,5,7,2.032,2.8702,-2,-16.05,0.8382,3.7592,20.83914262,131.7691426,168.2308574,13.23491099,0,0.560769525,79.80421366,115.93,1.7272,3.4036,1.4224,1.5748,6.817984447,13.43543994,5.614810721,6.216397584,2.032,8.021158173,131.7691426,248.8145774,173.193542,13.43543994,6.216397584,117.0454348,0
B00361,B00361_R2,359,Green_2,Yellow_5,1,7,2.286,2.54,140.48,2.54,1.143,120.09,6,7,20.38,1.9812,0.2032,1.0668,0.7112,2.6416,1.4986,1.4224,3,3,3,300,1,1,7,3.048,2.3368,2.54,1.4224,120.09,140.48,7,6,1.4986,2.6416,1,-20.39,1.143,2.921,17.53041487,137.6204149,162.3795851,13.53570442,0,0.541265284,102.7045532,127.09,1.4224,2.54,1.4986,3.1115,5.614810721,10.02644772,5.915604153,12.28239845,1.4986,5.915604153,137.6204149,294.2385809,216.7768523,10.02644772,12.28239845,156.618166,6
B00361,B00361_R2,361,Gate_1,Orange_4,2,7,2.286,2.54,140.48,2.54,1.143,120.09,6,7,20.38,0.2032,0.762,1.6764,2.032,3.8608,2.7178,3.2512,1,3,3,300,1,2,7,2.150533333,0,1.744133333,0,120.09,140.48,7,6,2.7178,3.8608,1,-20.39,1.143,5.969,29.56215213,149.6521521,150.3478479,1.503967157,0,0.501159493,50.25967499,127.09,0,1.744133333,1.4224,2.1971,0,6.884827432,5.614810721,8.672877275,2.7178,10.72829906,149.6521521,289.1250926,185.8953934,6.884827432,8.672877275,139.4729404,5
B00361,B00361_R2,328,Purple_3,Purple_4,3,7,2.286,2.54,140.48,2.54,1.143,120.09,6,7,20.38,1.0668,2.54,0.762,2.032,1.7272,2.8702,0.8128,3,3,3,300,1,3,7,1.8796,0.8128,1.608666667,0,120.09,140.48,7,6,2.8702,1.7272,1,-20.39,-1.143,3.683,20.53834919,140.6283492,159.3716508,10.5277701,0,0.531238836,81.45533532,127.09,0,1.608666667,1.1176,1.8161,0,6.350083554,4.411636995,7.168910117,2.8702,11.32988592,140.6283492,287.320332,191.710733,6.350083554,7.168910117,146.6919828,4
B00361,B00361_R2,358,Purple_4,Gate_4,4,7,2.286,2.54,140.48,2.54,1.143,120.09,6,7,20.38,0.762,2.032,0.2032,1.9812,2.032,3.175,1.1176,2,3,3,300,1,4,7,1.744133333,0,1.9304,1.1176,120.09,140.48,7,6,3.175,2.032,1,-20.39,-1.143,4.2926,22.94469664,143.0346966,156.9653034,8.12142265,0,0.523217678,69.88771374,127.09,1.1176,1.9304,0,1.731433333,4.411636995,7.620100264,0,6.834695193,3.175,12.53305965,143.0346966,281.7055213,196.9244858,7.620100264,6.834695193,138.6708246,3
B00361,B00361_R2,356,Gate_1,Orange_4,5,7,2.286,2.54,140.48,2.54,1.143,120.09,6,7,20.38,0.2032,0.762,1.6764,2.032,3.8608,2.7178,3.2512,1,3,3,300,1,5,7,2.150533333,0,1.744133333,0,120.09,140.48,7,6,2.7178,3.8608,1,-20.39,1.143,5.969,29.56215213,149.6521521,150.3478479,1.503967157,0,0.501159493,50.25967499,127.09,0,1.744133333,1.4224,2.1971,0,6.884827432,5.614810721,8.672877275,2.7178,10.72829906,149.6521521,289.1250926,185.8953934,6.884827432,8.672877275,139.4729404,2
B00361,B00361_R2,354,Orange_4,Gate_4,6,7,2.286,2.54,140.48,2.54,1.143,120.09,6,7,20.38,1.6764,2.032,0.2032,1.9812,1.1176,2.2606,2.032,2,3,3,300,1,6,7,2.286,1.1176,1.778,1.1176,120.09,140.48,7,6,2.2606,1.1176,1,-20.39,-1.143,4.2926,22.94469664,143.0346966,156.9653034,8.12142265,0,0.523217678,69.88771374,127.09,1.1176,1.778,0,1.443566667,4.411636995,7.018513401,0,5.698364452,2.2606,8.923538468,143.0346966,285.3150424,193.3149647,7.018513401,5.698364452,142.2803458,1
B00361,B00361_R2,335,Purple_4,Green_7,7,7,2.286,2.54,140.48,2.54,1.143,120.09,6,7,20.38,0.762,2.032,2.54,1.143,2.032,3.175,3.175,3,3,3,300,1,7,7,1.744133333,0,2.54,1.4986,120.09,140.48,7,6,3.175,2.032,1,-20.39,-1.143,6.35,31.06611929,151.1561193,148.8438807,0,0,0.496146269,47.24409449,127.09,1.4986,2.54,0,1.388533333,5.915604153,10.02644772,0,5.481124752,3.175,12.53305965,151.1561193,281.7055213,203.2411479,10.02644772,5.481124752,130.549402,0
B00362,B00362_R1,343,Purple_5,Orange_6,1,5,2.286,2.54,123.76,2.54,1.143,130.59,5,7,-6.83,1.0668,2.032,2.54,1.9812,1.7272,2.8702,2.032,3,3,3,300,0,1,5,2.1844,0.508,3.2512,2.032,123.76,130.59,5,7,1.7272,2.8702,-2,-6.83,1.143,3.7592,20.83914262,144.5991426,155.4008574,14.43808471,0,0.518002858,79.80421366,128.76,2.032,3.2512,0.8128,1.3462,8.021158173,12.83385308,3.208463269,5.31401729,1.7272,6.817984447,144.5991426,256.8318825,167.1776734,12.83385308,5.31401729,112.2327399,4
B00362,B00362_R1,362,Gate_1,Purple_2,2,5,2.286,2.54,123.76,2.54,1.143,130.59,5,7,-6.83,0.2032,0.762,0.762,2.54,3.8608,2.7178,2.3368,1,3,3,300,0,2,5,1.524,0,1.651,0.8128,123.76,130.59,5,7,3.8608,2.7178,-2,-6.83,-1.143,6.1976,30.46453243,154.2245324,145.7754676,4.812694904,0,0.485918225,48.40583452,128.76,0.8128,1.651,1.7272,3.175,3.208463269,6.517191016,6.817984447,12.53305965,3.8608,15.24020053,154.2245324,252.0191876,132.2856353,6.517191016,12.53305965,97.79465519,3
B00362,B00362_R1,355,Yellow_1,Gate_4,3,5,2.286,2.54,123.76,2.54,1.143,130.59,5,7,-6.83,0.4572,0.2032,0.2032,1.9812,4.1656,3.0226,2.032,2,3,3,300,0,3,5,1.8796,0.8128,1.5748,1.4224,123.76,130.59,5,7,4.1656,3.0226,-2,-6.83,-1.143,6.1976,30.46453243,154.2245324,145.7754676,4.812694904,0,0.485918225,48.40583452,128.76,1.4224,1.5748,2.6416,3.6322,5.614810721,6.216397584,10.42750563,14.33782023,4.1656,16.44337425,154.2245324,254.4255351,131.0824616,6.216397584,14.33782023,100.2010026,2
B00362,B00362_R1,360,Gate_1,Orange_2,4,5,2.286,2.54,123.76,2.54,1.143,130.59,5,7,-6.83,0.2032,0.762,1.9812,2.54,3.8608,2.7178,3.556,1,3,3,300,0,4,5,1.524,0,2.5654,1.4224,123.76,130.59,5,7,3.8608,2.7178,-2,-6.83,-1.143,7.4168,35.27722733,159.0372273,140.9627727,0,0,0.469875909,40.44871103,128.76,1.4224,2.5654,1.7272,2.8702,5.614810721,10.12671219,6.817984447,11.32988592,3.8608,15.24020053,159.0372273,252.0191876,141.9110251,10.12671219,11.32988592,92.98196029,1
B00362,B00362_R1,353,Purple_3,Orange_3,5,5,2.286,2.54,123.76,2.54,1.143,130.59,5,7,-6.83,1.0668,2.54,2.286,2.54,1.7272,2.8702,1.7272,3,3,3,300,0,5,5,2.1844,0.508,3.4036,1.7272,123.76,130.59,5,7,1.7272,2.8702,-2,-6.83,1.143,3.4544,19.63596889,143.3959689,156.6040311,15.64125844,0,0.522013437,86.84576193,128.76,1.7272,3.4036,0.8128,1.4224,6.817984447,13.43543994,3.208463269,5.614810721,1.7272,6.817984447,143.3959689,256.8318825,170.7871946,13.43543994,5.614810721,113.4359136,0
B00363,B00363_R2,361,Gate_1,Orange_4,1,7,2.286,2.54,138.47,2.54,1.143,120.03,6,7,18.44,0.2032,0.762,1.6764,2.032,3.8608,2.7178,3.2512,1,3,3,300,1,1,7,1.761066667,0,1.744133333,0,120.03,138.47,7,6,2.7178,3.8608,1,-18.44,1.143,5.969,29.56215213,149.5921521,150.4078479,1.503967157,0,0.501359493,50.25967499,127.03,0,1.744133333,1.7272,2.2987,0,6.884827432,6.817984447,9.073935183,2.7178,10.72829906,149.5921521,297.4873086,193.1144357,6.884827432,9.073935183,147.8951565,6
B00363,B00363_R2,328,Purple_3,Purple_4,2,7,2.286,2.54,138.47,2.54,1.143,120.03,6,7,18.44,1.0668,2.54,0.762,2.032,1.7272,2.8702,0.8128,3,3,3,300,1,2,7,1.778,0.8128,1.405466667,0,120.03,138.47,7,6,2.8702,1.7272,1,-18.44,-1.143,3.683,20.53834919,140.5683492,159.4316508,10.5277701,0,0.531438836,81.45533532,127.03,0,1.405466667,1.1176,1.5113,0,5.547967736,4.411636995,5.965736391,2.8702,11.32988592,140.5683492,294.4793743,194.1170805,5.547967736,5.965736391,153.9110251,5
B00363,B00363_R2,358,Purple_4,Gate_4,3,7,2.286,2.54,138.47,2.54,1.143,120.03,6,7,18.44,0.762,2.032,0.2032,1.9812,2.032,3.175,1.1176,2,3,3,300,1,3,7,1.540933333,0,1.6256,1.1176,120.03,138.47,7,6,3.175,2.032,1,-18.44,-1.143,4.2926,22.94469664,142.9746966,157.0253034,8.12142265,0,0.523417678,69.88771374,127.03,1.1176,1.6256,0,1.325033333,4.411636995,6.416926539,0,5.230463559,3.175,12.53305965,142.9746966,288.8645636,196.9244858,6.416926539,5.230463559,145.889867,4
B00363,B00363_R2,356,Gate_1,Orange_4,4,7,2.286,2.54,138.47,2.54,1.143,120.03,6,7,18.44,0.2032,0.762,1.6764,2.032,3.8608,2.7178,3.2512,1,3,3,300,1,4,7,1.761066667,0,1.744133333,0,120.03,138.47,7,6,2.7178,3.8608,1,-18.44,1.143,5.969,29.56215213,149.5921521,150.4078479,1.503967157,0,0.501359493,50.25967499,127.03,0,1.744133333,1.7272,2.2987,0,6.884827432,6.817984447,9.073935183,2.7178,10.72829906,149.5921521,297.4873086,193.1144357,6.884827432,9.073935183,147.8951565,3
B00363,B00363_R2,354,Orange_4,Gate_4,5,7,2.286,2.54,138.47,2.54,1.143,120.03,6,7,18.44,1.6764,2.032,0.2032,1.9812,1.1176,2.2606,2.032,2,3,3,300,1,5,7,2.286,1.1176,1.4732,1.1176,120.03,138.47,7,6,2.2606,1.1176,1,-18.44,-1.143,4.2926,22.94469664,142.9746966,157.0253034,8.12142265,0,0.523417678,69.88771374,127.03,1.1176,1.4732,0,1.240366667,4.411636995,5.815339676,0,4.896248635,2.2606,8.923538468,142.9746966,292.4740848,193.3149647,5.815339676,4.896248635,149.4993881,2
B00363,B00363_R2,363,Gate_1,Purple_1,6,7,2.286,2.54,138.47,2.54,1.143,120.03,6,7,18.44,0.2032,0.762,0.4572,2.54,3.8608,2.7178,2.032,1,3,3,300,1,6,7,1.761066667,0,1.4224,0.8128,120.03,138.47,7,6,2.7178,3.8608,1,-18.44,1.143,4.7498,24.74945723,144.7794572,155.2205428,6.316662061,0,0.517401809,63.16055413,127.03,0.8128,1.4224,1.7272,2.5019,3.208463269,5.614810721,6.817984447,9.876051001,2.7178,10.72829906,144.7794572,297.4873086,190.3070304,5.614810721,9.876051001,152.7078514,1
B00363,B00363_R2,335,Purple_4,Green_7,7,7,2.286,2.54,138.47,2.54,1.143,120.03,6,7,18.44,0.762,2.032,2.54,1.143,2.032,3.175,3.175,3,3,3,300,1,7,7,1.540933333,0,2.7432,2.2606,120.03,138.47,7,6,3.175,2.032,1,-18.44,-1.143,6.35,31.06611929,151.0961193,148.9038807,0,0,0.496346269,47.24409449,127.03,2.2606,2.7432,0,0.982133333,8.923538468,10.82856353,0,3.876893117,3.175,12.53305965,151.0961193,288.8645636,215.2728852,10.82856353,3.876893117,137.7684443,0
B00364,B00364_R1,343,Purple_5,Orange_6,1,6,2.286,2.54,122.64,2.54,1.143,131.13,6,7,-8.5,1.0668,2.032,2.54,1.9812,1.7272,2.8702,2.032,3,3,3,300,0,1,6,2.39776,0.508,2.9464,1.7272,122.64,131.13,6,7,1.7272,2.8702,-1,-8.49,1.143,3.7592,20.83914262,143.4791426,156.5208574,14.43808471,0,0.521736191,79.80421366,128.64,1.7272,2.9464,0.8128,1.36144,6.817984447,11.63067935,3.208463269,5.374175976,1.7272,6.817984447,143.4791426,283.7700675,202.0538428,11.63067935,5.374175976,140.2909249,5
B00364,B00364_R1,364,Green_6,Gate_4,2,6,2.286,2.54,122.64,2.54,1.143,131.13,6,7,-8.5,2.54,0.762,0.2032,1.9812,2.032,0.889,3.556,2,3,3,300,0,2,6,3.00736,2.6416,1.66624,1.4224,122.64,131.13,6,7,2.032,0.889,-1,-8.49,-1.143,5.588,28.05818498,150.698185,149.301815,7.219042356,0,0.497672717,53.68647101,128.64,1.4224,1.66624,1.7272,2.6416,5.614810721,6.577349702,6.817984447,10.42750563,2.032,8.021158173,150.698185,286.176415,169.5681522,6.577349702,10.42750563,135.47823,4
B00364,B00364_R1,362,Gate_1,Purple_2,3,6,2.286,2.54,122.64,2.54,1.143,131.13,6,7,-8.5,0.2032,0.762,0.762,2.54,3.8608,2.7178,2.3368,1,3,3,300,0,3,6,1.80848,0,2.032,0.8128,122.64,131.13,6,7,3.8608,2.7178,-1,-8.49,-1.143,6.1976,30.46453243,153.1045324,146.8954676,4.812694904,0,0.489651559,48.40583452,128.64,0.8128,2.032,1.7272,2.88544,3.208463269,8.021158173,6.817984447,11.39004461,3.8608,15.24020053,153.1045324,278.9573726,174.3808471,8.021158173,11.39004461,125.8528402,3
B00364,B00364_R1,355,Yellow_1,Gate_4,4,6,2.286,2.54,122.64,2.54,1.143,131.13,6,7,-8.5,0.4572,0.2032,0.2032,1.9812,4.1656,3.0226,2.032,2,3,3,300,0,4,6,2.032,0.8128,1.97104,1.4224,122.64,131.13,6,7,4.1656,3.0226,-1,-8.49,-1.143,6.1976,30.46453243,153.1045324,146.8954676,4.812694904,0,0.489651559,48.40583452,128.64,1.4224,1.97104,2.032,3.31216,5.614810721,7.780523428,8.021158173,13.07448782,4.1656,16.44337425,153.1045324,278.9573726,173.1776734,7.780523428,13.07448782,125.8528402,2
B00364,B00364_R1,360,Gate_1,Orange_2,5,6,2.286,2.54,122.64,2.54,1.143,131.13,6,7,-8.5,0.2032,0.762,1.9812,2.54,3.8608,2.7178,3.556,1,3,3,300,0,5,6,1.80848,0,2.51968,1.4224,122.64,131.13,6,7,3.8608,2.7178,-1,-8.49,-1.143,7.4168,35.27722733,157.9172273,142.0827727,0,0,0.473609242,40.44871103,128.64,1.4224,2.51968,1.7272,2.6416,5.614810721,9.946236135,6.817984447,10.42750563,3.8608,15.24020053,157.9172273,278.9573726,179.193542,9.946236135,10.42750563,121.0401453,1
B00364,B00364_R1,353,Purple_3,Orange_3,6,6,2.286,2.54,122.64,2.54,1.143,131.13,6,7,-8.5,1.0668,2.54,2.286,2.54,1.7272,2.8702,1.7272,3,3,3,300,0,6,6,2.39776,0.508,3.12928,1.7272,122.64,131.13,6,7,1.7272,2.8702,-1,-8.49,1.143,3.4544,19.63596889,142.2759689,157.7240311,15.64125844,0,0.52574677,86.84576193,128.64,1.7272,3.12928,0.8128,1.4224,6.817984447,12.35258359,3.208463269,5.614810721,1.7272,6.817984447,142.2759689,283.7700675,206.8665377,12.35258359,5.614810721,141.4940986,0
B00365,B00365_R2,354,Orange_4,Gate_4,1,7,2.286,2.54,134.86,2.54,1.143,122.6,6,7,12.26,1.6764,2.032,0.2032,1.9812,1.1176,2.2606,2.032,2,3,3,300,1,1,7,2.1209,1.1176,1.7145,1.1176,122.6,134.86,7,6,2.2606,1.1176,1,-12.26,-1.143,4.2926,22.94469664,145.5446966,154.4553034,8.12142265,0,0.514851011,69.88771374,129.6,1.1176,1.7145,0,1.375833333,4.411636995,6.767852209,0,5.430992513,2.2606,8.923538468,145.5446966,279.2022974,183.1882525,6.767852209,5.430992513,133.6576008,6
B00365,B00365_R2,356,Gate_1,Orange_4,2,7,2.286,2.54,134.86,2.54,1.143,122.6,6,7,12.26,0.2032,0.762,1.6764,2.032,3.8608,2.7178,3.2512,1,3,3,300,1,2,7,2.214033333,0,1.579033333,0,122.6,134.86,7,6,2.7178,3.8608,1,-12.26,1.143,5.969,29.56215213,152.1621521,147.8378479,1.503967157,0,0.492792826,50.25967499,129.6,0,1.579033333,1.7272,2.3495,0,6.23310833,6.817984447,9.274464138,2.7178,10.72829906,152.1621521,284.2155213,173.3623337,6.23310833,9.274464138,132.0533691,5
B00365,B00365_R2,328,Purple_3,Purple_4,3,7,2.286,2.54,134.86,2.54,1.143,122.6,6,7,12.26,1.0668,2.54,0.762,2.032,1.7272,2.8702,0.8128,3,3,3,300,1,3,7,1.8161,0.8128,1.545166667,0,122.6,134.86,7,6,2.8702,1.7272,1,-12.26,-1.143,3.683,20.53834919,143.1383492,156.8616508,10.5277701,0,0.522872169,81.45533532,129.6,0,1.545166667,1.1176,1.5621,0,6.099422361,4.411636995,6.166265346,2.8702,11.32988592,143.1383492,281.2075869,181.5840208,6.099422361,6.166265346,138.0692378,4
B00365,B00365_R2,358,Purple_4,Gate_4,4,7,2.286,2.54,134.86,2.54,1.143,122.6,6,7,12.26,0.762,2.032,0.2032,1.9812,2.032,3.175,1.1176,2,3,3,300,1,4,7,1.680633333,0,1.8669,1.1176,122.6,134.86,7,6,3.175,2.032,1,-12.26,-1.143,4.2926,22.94469664,145.5446966,154.4553034,8.12142265,0,0.514851011,69.88771374,129.6,1.1176,1.8669,0,1.375833333,4.411636995,7.369439072,0,5.430992513,3.175,12.53305965,145.5446966,275.5927762,186.7977737,7.369439072,5.430992513,130.0480796,3
B00365,B00365_R2,363,Gate_1,Purple_1,5,7,2.286,2.54,134.86,2.54,1.143,122.6,6,7,12.26,0.2032,0.762,0.4572,2.54,3.8608,2.7178,2.032,1,3,3,300,1,5,7,2.214033333,0,1.6637,0.8128,122.6,134.86,7,6,2.7178,3.8608,1,-12.26,1.143,4.7498,24.74945723,147.3494572,152.6505428,6.316662061,0,0.508835143,63.16055413,129.6,0.8128,1.6637,1.7272,2.5527,3.208463269,6.567323254,6.817984447,10.07657995,2.7178,10.72829906,147.3494572,284.2155213,180.1803182,6.567323254,10.07657995,136.866064,2
B00365,B00365_R2,335,Purple_4,Green_7,6,7,2.286,2.54,134.86,2.54,1.143,122.6,6,7,12.26,0.762,2.032,2.54,1.143,2.032,3.175,3.175,3,3,3,300,1,6,7,1.680633333,0,2.290233333,0,122.6,134.86,7,6,3.175,2.032,1,-12.26,-1.143,6.35,31.06611929,153.6661193,146.3338807,0,0,0.487779602,47.24409449,129.6,0,2.290233333,0,1.032933333,0,9.040513691,0,4.077422071,3.175,12.53305965,153.6661193,275.5927762,188.7027987,9.040513691,4.077422071,121.9266569,1
B00365,B00365_R2,365,Green_7,Orange_2,7,7,2.286,2.54,134.86,2.54,1.143,122.6,6,7,12.26,2.54,1.143,1.9812,2.54,1.651,0,1.9558,3,3,3,300,1,7,7,2.8194,2.2606,2.1336,0.8128,122.6,134.86,7,6,0,1.651,1,-12.26,1.651,1.9558,13.72036474,136.3203647,163.6796353,17.34575455,0,0.545598784,153.3899172,129.6,0.8128,2.1336,0,2.544233333,3.208463269,8.422216082,0,10.04315846,0,0,136.3203647,288.1258359,202.3387676,8.422216082,10.04315846,151.8054711,0
B00366,B00366_R2,356,Gate_1,Orange_4,1,7,2.286,2.54,127.45,1.9812,2.54,120.73,6,7,6.72,0.2032,0.762,1.6764,2.032,3.8608,3.556,3.2512,1,3,3,300,1,1,7,2.061633333,0,2.1209,1.1176,120.73,127.45,7,6,3.556,3.8608,1,-6.72,0.3048,6.8072,32.87087988,153.6008799,146.3991201,0,0,0.487997067,44.07098366,127.73,1.1176,2.1209,1.3462,2.286,4.411636995,8.372083843,5.31401729,9.023802945,3.556,14.0370268,153.6008799,281.9444633,187.299096,8.372083843,9.023802945,128.3435835,6
B00366,B00366_R2,328,Purple_3,Purple_4,2,7,2.286,2.54,127.45,1.9812,2.54,120.73,6,7,6.72,1.0668,2.54,0.762,2.032,1.7272,1.4224,0.8128,3,3,3,300,1,2,7,2.1717,0.8128,1.900766667,0,120.73,127.45,7,6,1.4224,1.7272,1,-6.72,0.3048,2.2352,14.82327399,135.553274,164.446726,18.04760589,0,0.548155753,134.2161775,127.73,0,1.900766667,1.1176,1.6256,0,7.503125041,4.411636995,6.416926539,1.4224,5.614810721,135.553274,289.4642991,200.1329491,7.503125041,6.416926539,153.9110251,5
B00366,B00366_R2,335,Purple_4,Green_7,3,7,2.286,2.54,127.45,1.9812,2.54,120.73,6,7,6.72,0.762,2.032,2.54,1.143,2.032,1.7272,3.175,3,3,3,300,1,3,7,2.036233333,0,2.163233333,0,120.73,127.45,7,6,1.7272,2.032,1,-6.72,0.3048,4.9022,25.35104409,146.0810441,153.9189559,7.519835787,0,0.513063186,61.19701359,127.73,0,2.163233333,0,1.096433333,0,8.539191305,0,4.328083264,1.7272,6.817984447,146.0810441,283.8494884,195.8215766,8.539191305,4.328083264,137.7684443,4
B00366,B00366_R2,365,Green_7,Orange_2,4,7,2.286,2.54,127.45,1.9812,2.54,120.73,6,7,6.72,2.54,1.143,1.9812,2.54,1.651,1.9558,1.9558,3,3,3,300,1,4,7,2.6924,1.4986,2.4892,1.4224,120.73,127.45,7,6,1.9558,1.651,1,-6.72,-0.3048,3.9116,21.44072948,142.1707295,157.8292705,11.4301504,0,0.526097568,76.69495858,127.73,1.4224,2.4892,0,2.480733333,5.614810721,9.825918762,0,9.79249727,1.9558,7.720364742,142.1707295,282.9471081,207.452256,9.825918762,9.79249727,140.7763786,3
B00366,B00366_R2,366,Green_5,Gate_3,5,7,2.286,2.54,127.45,1.9812,2.54,120.73,6,7,6.72,1.9812,0.7112,0.2032,1.6002,2.6416,2.9464,3.175,2,3,3,300,1,5,7,2.7559,1.4986,1.7145,1.3462,120.73,127.45,7,6,2.9464,2.6416,1,-6.72,-0.3048,6.1214,30.163739,150.893739,149.106261,2.707140883,0,0.49702087,49.00839677,127.73,1.3462,1.7145,1.4986,3.1115,5.31401729,6.767852209,5.915604153,12.28239845,2.9464,11.63067935,150.893739,284.9523977,180.3808471,6.767852209,12.28239845,134.0586587,2
B00366,B00366_R2,363,Gate_1,Purple_1,6,7,2.286,2.54,127.45,1.9812,2.54,120.73,6,7,6.72,0.2032,0.762,0.4572,2.54,3.8608,3.556,2.032,1,3,3,300,1,6,7,2.061633333,0,2.0193,0.8128,120.73,127.45,7,6,3.556,3.8608,1,-6.72,0.3048,5.588,28.05818498,148.788185,151.211815,4.812694904,0,0.504039383,53.68647101,127.73,0.8128,2.0193,1.3462,2.4892,3.208463269,7.971025935,5.31401729,9.825918762,3.556,14.0370268,148.788185,281.9444633,189.7054435,7.971025935,9.825918762,133.1562784,1
B00366,B00366_R2,358,Purple_4,Gate_4,7,7,2.286,2.54,127.45,1.9812,2.54,120.73,6,7,6.72,0.762,2.032,0.2032,1.9812,2.032,1.7272,1.1176,2,3,3,300,1,7,7,2.036233333,0,2.1209,1.1176,120.73,127.45,7,6,1.7272,2.032,1,-6.72,0.3048,2.8448,17.22962144,137.9596214,162.0403786,15.64125844,0,0.540134595,105.4555681,127.73,1.1176,2.1209,0,1.439333333,4.411636995,8.372083843,0,5.681653706,1.7272,6.817984447,137.9596214,283.8494884,202.9403545,8.372083843,5.681653706,145.889867,0
B00367,B00367_R1,360,Gate_1,Orange_2,1,5,2.286,2.54,118.71,0.2032,1.9812,146.07,5,8,-27.35,0.2032,0.762,1.9812,2.54,3.8608,1.7272,3.556,1,3,3,300,0,1,5,1.7526,0,2.3368,0.508,118.71,146.07,5,8,3.8608,1.7272,-3,-27.36,-2.1336,7.4168,35.27722733,153.9872273,146.0127727,0,0,0.486709242,40.44871103,123.71,0.508,2.3368,1.7272,2.413,2.005289543,9.224331899,6.817984447,9.525125331,3.8608,15.24020053,153.9872273,244.5628402,135.8951565,9.224331899,9.525125331,90.57561284,4
B00367,B00367_R1,353,Purple_3,Orange_3,2,5,2.286,2.54,118.71,0.2032,1.9812,146.07,5,8,-27.35,1.0668,2.54,2.286,2.54,1.7272,1.4224,1.7272,3,3,3,300,0,2,5,2.413,1.4224,3.175,0.8128,118.71,146.07,5,8,1.7272,1.4224,-3,-27.36,-0.3048,3.4544,19.63596889,138.3459689,161.6540311,15.64125844,0,0.53884677,86.84576193,123.71,0.8128,3.175,0.8128,1.27,3.208463269,12.53305965,3.208463269,5.013223858,1.7272,6.817984447,138.3459689,249.3755351,164.7713259,12.53305965,5.013223858,111.0295662,3
B00367,B00367_R1,367,Orange_5,Gate_4,3,5,2.286,2.54,118.71,0.2032,1.9812,146.07,5,8,-27.35,1.9812,2.032,0.2032,1.9812,0.8128,2.3368,2.3368,2,3,3,300,0,3,5,3.0988,1.4224,1.7272,1.4224,118.71,146.07,5,8,0.8128,2.3368,-3,-27.36,1.524,3.1496,18.43279517,137.1427952,162.8572048,16.84443216,0,0.542857349,95.2501905,123.71,1.4224,1.7272,0.508,1.3462,5.614810721,6.817984447,2.005289543,5.31401729,0.8128,3.208463269,137.1427952,251.7818825,143.1141989,6.817984447,5.31401729,114.6390874,2
B00367,B00367_R1,362,Gate_1,Purple_2,4,5,2.286,2.54,118.71,0.2032,1.9812,146.07,5,8,-27.35,0.2032,0.762,0.762,2.54,3.8608,1.7272,2.3368,1,3,3,300,0,4,5,1.7526,0,1.8796,0.8128,118.71,146.07,5,8,3.8608,1.7272,-3,-27.36,-2.1336,6.1976,30.46453243,149.1745324,150.8254676,4.812694904,0,0.502751559,48.40583452,123.71,0.8128,1.8796,1.7272,2.7178,3.208463269,7.41957131,6.817984447,10.72829906,3.8608,15.24020053,149.1745324,244.5628402,133.4888091,7.41957131,10.72829906,95.38830774,1
B00367,B00367_R1,355,Yellow_1,Gate_4,5,5,2.286,2.54,118.71,0.2032,1.9812,146.07,5,8,-27.35,0.4572,0.2032,0.2032,1.9812,4.1656,2.032,2.032,2,3,3,300,0,5,5,2.1082,0.8128,1.8034,1.4224,118.71,146.07,5,8,4.1656,2.032,-3,-27.36,-2.1336,6.1976,30.46453243,149.1745324,150.8254676,4.812694904,0,0.502751559,48.40583452,123.71,1.4224,1.8034,2.032,3.175,5.614810721,7.118777879,8.021158173,12.53305965,4.1656,16.44337425,149.1745324,244.5628402,132.2856353,7.118777879,12.53305965,95.38830774,0
B00368,B00368_R1,355,Yellow_1,Gate_4,1,6,0.2032,1.9812,127.41,0.2032,1.9812,135.28,6,7,-7.88,0.4572,0.2032,0.2032,1.9812,2.032,2.032,2.032,2,3,3,300,0,1,6,2.21488,0.8128,1.66624,1.1176,127.41,135.28,6,7,2.032,2.032,-1,-7.87,0,4.064,22.04231635,149.4523163,150.5476837,4.812694904,0,0.501825612,73.81889764,133.41,1.1176,1.66624,1.651,2.8702,4.411636995,6.577349702,6.517191016,11.32988592,2.032,8.021158173,149.4523163,256.0543769,140.9927762,6.577349702,11.32988592,106.6020606,5
B00368,B00368_R1,362,Gate_1,Purple_2,2,6,0.2032,1.9812,127.41,0.2032,1.9812,135.28,6,7,-7.88,0.2032,0.762,0.762,2.54,1.7272,1.7272,2.3368,1,3,3,300,0,2,6,1.86944,0,1.50368,0,127.41,135.28,6,7,1.7272,1.7272,-1,-7.87,0,4.064,22.04231635,149.4523163,150.5476837,4.812694904,0,0.501825612,73.81889764,133.41,0,1.50368,1.3462,2.44348,0,5.935657048,5.31401729,9.645442703,1.7272,6.817984447,149.4523163,256.0543769,137.784313,5.935657048,9.645442703,106.6020606,4
B00368,B00368_R1,368,Purple_2,Gate_3,3,6,0.2032,1.9812,127.41,0.2032,1.9812,135.28,6,7,-7.88,0.762,2.54,0.2032,1.6002,1.1176,1.1176,1.4986,2,3,3,300,0,3,6,1.97104,0.8128,1.77292,1.3462,127.41,135.28,6,7,1.1176,1.1176,-1,-7.87,0,2.6162,16.32724115,143.7372411,156.2627589,10.5277701,0,0.520875863,114.6701323,133.41,1.3462,1.77292,0,1.19888,5.31401729,6.998460506,0,4.732483322,1.1176,4.411636995,143.7372411,253.1467071,148.8134054,6.998460506,4.732483322,109.4094659,3
B00368,B00368_R1,360,Gate_1,Orange_2,4,6,0.2032,1.9812,127.41,0.2032,1.9812,135.28,6,7,-7.88,0.2032,0.762,1.9812,2.54,1.7272,1.7272,3.556,1,3,3,300,0,4,6,1.86944,0,2.21488,0.508,127.41,135.28,6,7,1.7272,1.7272,-1,-7.87,0,5.2832,26.85501125,154.2650113,145.7349887,0,0,0.485783296,56.78376741,133.41,0.508,2.21488,1.3462,2.19964,2.005289543,8.743062409,5.31401729,8.682903722,1.7272,6.817984447,154.2650113,256.0543769,147.0086449,8.743062409,8.682903722,101.7893656,2
B00368,B00368_R1,367,Orange_5,Gate_4,5,6,0.2032,1.9812,127.41,0.2032,1.9812,135.28,6,7,-7.88,1.9812,2.032,0.2032,1.9812,2.3368,2.3368,2.3368,2,3,3,300,0,5,6,2.82448,1.4224,1.60528,1.1176,127.41,135.28,6,7,2.3368,2.3368,-1,-7.87,0,4.6736,24.4486638,151.8586638,148.1413362,2.406347452,0,0.493804454,64.19034577,133.41,1.1176,1.60528,0.508,1.62052,4.411636995,6.336714957,2.005289543,6.396873643,2.3368,9.224331899,151.8586638,250.3393017,137.383255,6.336714957,6.396873643,98.4806379,1
B00368,B00368_R1,353,Purple_3,Orange_3,6,6,0.2032,1.9812,127.41,0.2032,1.9812,135.28,6,7,-7.88,1.0668,2.54,2.286,2.54,1.4224,1.4224,1.7272,3,3,3,300,0,6,6,2.09296,0.8128,2.9464,0.8128,127.41,135.28,6,7,1.4224,1.4224,-1,-7.87,0,3.1496,18.43279517,145.8427952,154.1572048,8.422216082,0,0.513857349,95.2501905,133.41,0.8128,2.9464,0.8128,1.37668,3.208463269,11.63067935,3.208463269,5.434334662,1.4224,5.614810721,145.8427952,255.1519966,169.8689456,11.63067935,5.434334662,109.3092014,0
B00369,B00369_R1,362,Gate_1,Purple_2,1,6,2.286,2.54,117.41,0.2032,1.9812,125.55,6,7,-8.13,0.2032,0.762,0.762,2.54,3.8608,1.7272,2.3368,1,3,3,300,0,1,6,2.35712,0,1.25984,0,117.41,125.55,6,7,3.8608,1.7272,-1,-8.14,-2.1336,6.1976,30.46453243,147.8745324,152.1254676,4.812694904,0,0.507084892,48.40583452,123.41,0,1.25984,1.3462,2.44348,0,4.973118067,5.31401729,9.645442703,3.8608,15.24020053,147.8745324,249.6638981,136.5811392,4.973118067,9.645442703,101.7893656,5
B00369,B00369_R1,368,Purple_2,Gate_3,2,6,2.286,2.54,117.41,0.2032,1.9812,125.55,6,7,-8.13,0.762,2.54,0.2032,1.6002,2.032,1.1176,1.4986,2,3,3,300,0,2,6,1.7272,0.8128,1.92532,1.3462,117.41,125.55,6,7,2.032,1.1176,-1,-8.14,-0.9144,3.5306,19.93676233,137.3467623,162.6532377,15.34046501,0,0.542177459,84.97139296,123.41,1.3462,1.92532,0,1.19888,5.31401729,7.600047369,0,4.732483322,2.032,8.021158173,137.3467623,251.5689231,160.2435558,7.600047369,4.732483322,114.2221608,4
B00369,B00369_R1,360,Gate_1,Orange_2,3,6,2.286,2.54,117.41,0.2032,1.9812,125.55,6,7,-8.13,0.2032,0.762,1.9812,2.54,3.8608,1.7272,3.556,1,3,3,300,0,3,6,2.35712,0,1.60528,0.508,117.41,125.55,6,7,3.8608,1.7272,-1,-8.14,-2.1336,7.4168,35.27722733,152.6872273,147.3127727,0,0,0.491042576,40.44871103,123.41,0.508,1.60528,1.3462,2.19964,2.005289543,6.336714957,5.31401729,8.682903722,3.8608,15.24020053,152.6872273,249.6638981,138.5864288,6.336714957,8.682903722,96.97667075,3
B00369,B00369_R1,367,Orange_5,Gate_4,4,6,2.286,2.54,117.41,0.2032,1.9812,125.55,6,7,-8.13,1.9812,2.032,0.2032,1.9812,0.8128,2.3368,2.3368,2,3,3,300,0,4,6,2.21488,0.8128,1.60528,1.1176,117.41,125.55,6,7,0.8128,2.3368,-1,-8.14,1.524,3.1496,18.43279517,135.8427952,164.1572048,16.84443216,0,0.547190683,95.2501905,123.41,1.1176,1.60528,0.508,1.62052,4.411636995,6.336714957,2.005289543,6.396873643,0.8128,3.208463269,135.8427952,258.3869076,155.4308609,6.336714957,6.396873643,122.5441124,2
B00369,B00369_R1,353,Purple_3,Orange_3,5,6,2.286,2.54,117.41,0.2032,1.9812,125.55,6,7,-8.13,1.0668,2.54,2.286,2.54,1.7272,1.4224,1.7272,3,3,3,300,0,5,6,1.7272,0.8128,2.3368,0.8128,117.41,125.55,6,7,1.7272,1.4224,-1,-8.14,-0.3048,3.4544,19.63596889,137.0459689,162.9540311,15.64125844,0,0.543180104,86.84576193,123.41,0.8128,2.3368,0.8128,1.37668,3.208463269,9.224331899,3.208463269,5.434334662,1.7272,6.817984447,137.0459689,255.9805601,168.6657719,9.224331899,5.434334662,118.9345912,1
B00369,B00369_R1,369,Orange_4,Gate_4,6,6,2.286,2.54,117.41,0.2032,1.9812,125.55,6,7,-8.13,1.6764,2.032,0.2032,1.9812,1.1176,2.032,2.032,2,3,3,300,0,6,6,1.97104,0.8128,1.66624,1.1176,117.41,125.55,6,7,1.1176,2.032,-1,-8.14,0.9144,3.1496,18.43279517,135.8427952,164.1572048,16.84443216,0,0.547190683,95.2501905,123.41,1.1176,1.66624,0.8128,1.55956,4.411636995,6.577349702,3.208463269,6.156238898,1.1176,4.411636995,135.8427952,258.3869076,156.6340347,6.577349702,6.156238898,122.5441124,0
B00370,B00370_R2,358,Purple_4,Gate_4,1,6,0.2032,1.9812,124.99,0.2032,1.9812,109.95,7,6,15.03,0.762,2.032,0.2032,1.9812,1.1176,1.1176,1.1176,2,3,3,300,1,1,6,2.28092,0,2.2606,1.1176,109.95,124.99,6,7,1.1176,1.1176,-1,-15.04,0,2.2352,14.82327399,124.773274,175.226726,17.74681246,0,0.584089087,134.2161775,115.95,1.1176,2.2606,0.8128,2.15392,4.411636995,8.923538468,3.208463269,8.502427664,1.1176,4.411636995,124.773274,248.2197667,169.2673588,8.923538468,8.502427664,123.4464927,5
B00370,B00370_R2,370,Gate_1,Green_2,2,6,0.2032,1.9812,124.99,0.2032,1.9812,109.95,7,6,15.03,0.2032,0.762,1.9812,0.2032,1.7272,1.7272,2.3368,1,3,3,300,1,2,6,1.94564,0,2.29108,0.508,109.95,124.99,6,7,1.7272,1.7272,-1,-15.04,0,4.064,22.04231635,131.9923163,168.0076837,10.5277701,0,0.560025612,73.81889764,115.95,0.508,2.29108,1.3462,2.27584,2.005289543,9.04385584,5.31401729,8.983697154,1.7272,6.817984447,131.9923163,247.9189733,162.6499033,9.04385584,8.983697154,115.9266569,4
B00370,B00370_R2,366,Green_5,Gate_3,3,6,0.2032,1.9812,124.99,0.2032,1.9812,109.95,7,6,15.03,1.9812,0.7112,0.2032,1.6002,3.556,3.556,3.175,2,3,3,300,1,3,6,2.65684,1.4986,1.69672,1.3462,109.95,124.99,6,7,3.556,3.556,-1,-15.04,0,6.731,32.57008645,142.5200864,157.4799136,0,0,0.524933045,44.56990046,115.95,1.3462,1.69672,0.508,2.47396,5.31401729,6.697667075,2.005289543,9.765760076,3.556,14.0370268,142.5200864,237.3912032,140.3911894,6.697667075,9.765760076,94.87111673,3
B00370,B00370_R2,363,Gate_1,Purple_1,4,6,0.2032,1.9812,124.99,0.2032,1.9812,109.95,7,6,15.03,0.2032,0.762,0.4572,2.54,1.7272,1.7272,2.032,1,3,3,300,1,4,6,1.94564,0,2.19964,0.8128,109.95,124.99,6,7,1.7272,1.7272,-1,-15.04,0,3.7592,20.83914262,130.7891426,169.2108574,11.73094383,0,0.564036191,79.80421366,115.95,0.8128,2.19964,1.3462,2.3368,3.208463269,8.682903722,5.31401729,9.224331899,1.7272,6.817984447,130.7891426,247.9189733,162.0483164,8.682903722,9.224331899,117.1298307,2
B00370,B00370_R2,335,Purple_4,Green_7,5,6,0.2032,1.9812,124.99,0.2032,1.9812,109.95,7,6,15.03,0.762,2.032,2.54,1.143,1.1176,1.1176,3.175,3,3,3,300,1,5,6,2.28092,0,2.02184,0,109.95,124.99,6,7,1.1176,1.1176,-1,-15.04,0,4.2926,22.94469664,132.8946966,167.1053034,9.625389808,0,0.557017678,69.88771374,115.95,0,2.02184,0.8128,1.74244,0,7.981052382,3.208463269,6.878143133,1.1176,4.411636995,132.8946966,248.2197667,156.4335057,7.981052382,6.878143133,115.3250701,1
B00370,B00370_R2,365,Green_7,Orange_2,6,6,0.2032,1.9812,124.99,0.2032,1.9812,109.95,7,6,15.03,2.54,1.143,1.9812,2.54,3.175,3.175,1.9558,3,3,3,300,1,6,6,2.65684,1.4986,2.70256,1.7272,109.95,124.99,6,7,3.175,3.175,-1,-15.04,0,5.1308,26.25342439,136.2034244,163.7965756,6.316662061,0,0.545988585,58.47041397,115.95,1.7272,2.70256,0,2.18948,6.817984447,10.66814037,0,8.642797932,3.175,12.53305965,136.2034244,236.8898808,166.5602179,10.66814037,8.642797932,100.6864564,0
B00371,B00371_R1,368,Purple_2,Gate_3,1,6,0.2032,1.9812,114.12,1.9812,2.54,114.96,6,7,-0.83,0.762,2.54,0.2032,1.6002,1.1176,1.7272,1.4986,2,3,3,300,0,1,6,1.7272,0.8128,1.92532,1.3462,114.12,114.96,6,7,1.1176,1.7272,-1,-0.84,0.6096,2.6162,16.32724115,130.4472411,169.5527589,10.5277701,0,0.565175863,114.6701323,120.12,1.3462,1.92532,0.8128,1.36144,5.31401729,7.600047369,3.208463269,5.374175976,1.1176,4.411636995,130.4472411,241.8619966,150.618166,7.600047369,5.374175976,111.4147555,5
B00371,B00371_R1,371,Gate_1,Purple_1,2,6,0.2032,1.9812,114.12,1.9812,2.54,114.96,6,7,-0.83,0.2032,0.762,0.4572,2.54,1.7272,3.556,2.032,1,3,3,300,0,2,6,2.35712,0,1.54432,0.8128,114.12,114.96,6,7,1.7272,3.556,-1,-0.84,1.8288,3.7592,20.83914262,134.9591426,165.0408574,6.01586863,0,0.550136191,79.80421366,120.12,0.8128,1.54432,1.3462,2.44348,3.208463269,6.096080212,5.31401729,9.645442703,1.7272,6.817984447,134.9591426,241.5612032,138.5864288,6.096080212,9.645442703,106.6020606,4
B00371,B00371_R1,353,Purple_3,Orange_3,3,6,0.2032,1.9812,114.12,1.9812,2.54,114.96,6,7,-0.83,1.0668,2.54,2.286,2.54,1.4224,1.4224,1.7272,3,3,3,300,0,3,6,1.7272,0.8128,2.3368,0.8128,114.12,114.96,6,7,1.4224,1.4224,-1,-0.84,0,3.1496,18.43279517,132.5527952,167.4472048,8.422216082,0,0.558157349,95.2501905,120.12,0.8128,2.3368,1.1176,1.43764,3.208463269,9.224331899,4.411636995,5.674969407,1.4224,5.614810721,132.5527952,241.8619966,156.6340347,9.224331899,5.674969407,109.3092014,3
B00371,B00371_R1,369,Orange_4,Gate_4,4,6,0.2032,1.9812,114.12,1.9812,2.54,114.96,6,7,-0.83,1.6764,2.032,0.2032,1.9812,2.032,0.8128,2.032,2,3,3,300,0,4,6,1.97104,0.8128,1.66624,1.1176,114.12,114.96,6,7,2.032,0.8128,-1,-0.84,-1.2192,4.064,22.04231635,136.1623163,163.8376837,4.812694904,0,0.546125612,73.81889764,120.12,1.1176,1.66624,0.8128,1.62052,4.411636995,6.577349702,3.208463269,6.396873643,2.032,8.021158173,136.1623163,238.2524754,139.7896025,6.577349702,6.396873643,102.0901591,2
B00371,B00371_R1,360,Gate_1,Orange_2,5,6,0.2032,1.9812,114.12,1.9812,2.54,114.96,6,7,-0.83,0.2032,0.762,1.9812,2.54,1.7272,3.556,3.556,1,3,3,300,0,5,6,2.35712,0,1.60528,0.508,114.12,114.96,6,7,1.7272,3.556,-1,-0.84,1.8288,5.2832,26.85501125,140.9750113,159.0249887,0,0,0.530083296,56.78376741,120.12,0.508,1.60528,1.3462,2.13868,2.005289543,6.336714957,5.31401729,8.442268977,1.7272,6.817984447,140.9750113,241.5612032,133.7737339,6.336714957,8.442268977,100.5861919,1
B00371,B00371_R1,367,Orange_5,Gate_4,6,6,0.2032,1.9812,114.12,1.9812,2.54,114.96,6,7,-0.83,1.9812,2.032,0.2032,1.9812,2.3368,0.508,2.3368,2,3,3,300,0,6,6,2.21488,0.8128,1.60528,1.1176,114.12,114.96,6,7,2.3368,0.508,-1,-0.84,-1.8288,4.6736,24.4486638,138.5686638,161.4313362,2.406347452,0,0.538104454,64.19034577,120.12,1.1176,1.60528,0.508,1.68148,4.411636995,6.336714957,2.005289543,6.637508388,2.3368,9.224331899,138.5686638,235.846128,136.1800813,6.336714957,6.637508388,97.27746418,0
B00372,B00372_R2,335,Purple_4,Green_7,1,6,0.2032,1.9812,124.02,1.9812,2.54,108.67,7,6,15.35,0.762,2.032,2.54,1.143,1.1176,1.7272,3.175,3,3,3,300,1,1,6,2.99212,2.3368,1.56464,0,108.67,124.02,6,7,1.7272,1.1176,-1,-15.35,-0.6096,4.9022,25.35104409,134.0210441,165.9789559,4.812694904,0,0.553263186,61.19701359,114.67,0,1.56464,0.8128,1.81864,0,6.176291793,3.208463269,7.178936565,1.7272,6.817984447,134.0210441,267.0929266,167.5628627,6.176291793,7.178936565,133.0718825,5
B00372,B00372_R2,365,Green_7,Orange_2,2,6,0.2032,1.9812,124.02,1.9812,2.54,108.67,7,6,15.35,2.54,1.143,1.9812,2.54,3.175,1.9558,1.9558,3,3,3,300,1,2,6,2.19964,0.889,2.82448,1.7272,108.67,124.02,6,7,1.9558,3.175,-1,-15.35,1.2192,3.9116,21.44072948,130.1107295,169.8892705,8.723009513,0,0.566297568,76.69495858,114.67,1.7272,2.82448,0,2.11328,6.817984447,11.14940986,0,8.3420045,1.9558,7.720364742,130.1107295,262.9820831,196.3387676,11.14940986,8.3420045,132.8713536,4
B00372,B00372_R2,372,Green_6,Gate_3,3,6,0.2032,1.9812,124.02,1.9812,2.54,108.67,7,6,15.35,2.54,0.762,0.2032,1.6002,3.556,2.3368,3.175,2,3,3,300,1,3,6,2.29108,0.889,2.032,1.3462,108.67,124.02,6,7,2.3368,3.556,-1,-15.35,1.2192,5.5118,27.75739154,136.4273915,163.5726085,2.406347452,0,0.545242028,54.42868029,114.67,1.3462,2.032,0.889,2.27584,5.31401729,8.021158173,3.509256701,8.983697154,2.3368,9.224331899,136.4273915,264.9873726,174.3808471,8.021158173,8.983697154,128.5599811,3
B00372,B00372_R2,370,Gate_1,Green_2,4,6,0.2032,1.9812,124.02,1.9812,2.54,108.67,7,6,15.35,0.2032,0.762,1.9812,0.2032,1.7272,3.556,2.3368,1,3,3,300,1,4,6,2.06756,0,1.8034,0.508,108.67,124.02,6,7,3.556,1.7272,-1,-15.35,-1.8288,5.8928,29.2613587,137.9313587,162.0686413,0.902380294,0,0.540228804,50.90958458,114.67,0.508,1.8034,1.3462,2.19964,2.005289543,7.118777879,5.31401729,8.682903722,3.556,14.0370268,137.9313587,261.9794383,168.3649785,7.118777879,8.682903722,124.0480796,2
B00372,B00372_R2,366,Green_5,Gate_3,5,6,0.2032,1.9812,124.02,1.9812,2.54,108.67,7,6,15.35,1.9812,0.7112,0.2032,1.6002,3.556,2.9464,3.175,2,3,3,300,1,5,6,2.16916,1.1176,2.032,1.3462,108.67,124.02,6,7,2.9464,3.556,-1,-15.35,0.6096,6.1214,30.163739,138.833739,161.166261,0,0,0.53722087,49.00839677,114.67,1.3462,2.032,0.508,2.39776,5.31401729,8.021158173,2.005289543,9.464966644,2.9464,11.63067935,138.833739,261.077058,171.9744997,8.021158173,9.464966644,122.243319,1
B00372,B00372_R2,363,Gate_1,Purple_1,6,6,0.2032,1.9812,124.02,1.9812,2.54,108.67,7,6,15.35,0.2032,0.762,0.4572,2.54,1.7272,3.556,2.032,1,3,3,300,1,6,6,2.06756,0,2.80924,0.8128,108.67,124.02,6,7,3.556,1.7272,-1,-15.35,-1.8288,5.588,28.05818498,136.728185,163.271815,2.10555402,0,0.544239383,53.68647101,114.67,0.8128,2.80924,1.3462,2.2606,3.208463269,11.08925117,5.31401729,8.923538468,3.556,14.0370268,136.728185,261.9794383,189.4205187,11.08925117,8.923538468,125.2512533,0
B00373,B00373_R1,360,Gate_1,Orange_2,1,6,0.2032,1.9812,112.04,0.4572,2.54,132.81,6,7,-20.77,0.2032,0.762,1.9812,2.54,1.7272,2.032,3.556,1,3,3,300,0,1,6,2.60096,0,1.36144,0.508,112.04,132.81,6,7,1.7272,2.032,-1,-20.77,0.3048,5.2832,26.85501125,138.8950113,161.1049887,0,0,0.537016629,56.78376741,118.04,0.508,1.36144,1.7272,2.45872,2.005289543,5.374175976,6.817984447,9.705601389,1.7272,6.817984447,138.8950113,249.106593,137.0824616,5.374175976,9.705601389,110.2115817,5
B00373,B00373_R1,367,Orange_5,Gate_4,2,6,0.2032,1.9812,112.04,0.4572,2.54,132.81,6,7,-20.77,1.9812,2.032,0.2032,1.9812,2.3368,2.032,2.3368,2,3,3,300,0,2,6,1.86944,0,1.84912,1.4224,112.04,132.81,6,7,2.3368,2.032,-1,-20.77,-0.3048,4.6736,24.4486638,136.4886638,163.5113362,2.406347452,0,0.545037787,64.19034577,118.04,1.4224,1.84912,0.508,1.60528,5.614810721,7.299253938,2.005289543,6.336714957,2.3368,9.224331899,136.4886638,241.8875506,149.1141989,7.299253938,6.336714957,105.3988868,4
B00373,B00373_R1,369,Orange_4,Gate_4,3,6,0.2032,1.9812,112.04,0.4572,2.54,132.81,6,7,-20.77,1.6764,2.032,0.2032,1.9812,2.032,1.7272,2.032,2,3,3,300,0,3,6,1.84912,0.8128,1.91008,1.4224,112.04,132.81,6,7,2.032,1.7272,-1,-20.77,-0.3048,4.064,22.04231635,134.0823163,165.9176837,4.812694904,0,0.553058946,73.81889764,118.04,1.4224,1.91008,0.8128,1.66624,5.614810721,7.539888683,3.208463269,6.577349702,2.032,8.021158173,134.0823163,244.2938981,152.72372,7.539888683,6.577349702,110.2115817,3
B00373,B00373_R1,371,Gate_1,Purple_1,4,6,0.2032,1.9812,112.04,0.4572,2.54,132.81,6,7,-20.77,0.2032,0.762,0.4572,2.54,1.7272,2.032,2.032,1,3,3,300,0,4,6,2.60096,0,1.78816,1.1176,112.04,132.81,6,7,1.7272,2.032,-1,-20.77,0.3048,3.7592,20.83914262,132.8791426,167.1208574,6.01586863,0,0.557069525,79.80421366,118.04,1.1176,1.78816,1.7272,2.76352,4.411636995,7.058619192,6.817984447,10.90877512,1.7272,6.817984447,132.8791426,249.106593,151.5205463,7.058619192,10.90877512,116.2274504,2
B00373,B00373_R1,353,Purple_3,Orange_3,5,6,0.2032,1.9812,112.04,0.4572,2.54,132.81,6,7,-20.77,1.0668,2.54,2.286,2.54,1.4224,1.1176,1.7272,3,3,3,300,0,5,6,1.84912,1.1176,2.09296,0.8128,112.04,132.81,6,7,1.4224,1.1176,-1,-20.77,-0.3048,3.1496,18.43279517,130.4727952,169.5272048,8.422216082,0,0.565090683,95.2501905,118.04,0.8128,2.09296,1.1176,1.7272,3.208463269,8.261792918,4.411636995,6.817984447,1.4224,5.614810721,130.4727952,247.9034193,159.9427624,8.261792918,6.817984447,117.4306241,1
B00373,B00373_R1,373,Orange_5,Green_6,6,6,0.2032,1.9812,112.04,0.4572,2.54,132.81,6,7,-20.77,1.9812,2.032,2.54,0.762,2.3368,2.032,2.3368,3,3,3,300,0,6,6,1.86944,0,2.82448,2.3368,112.04,132.81,6,7,2.3368,2.032,-1,-20.77,-0.3048,4.6736,24.4486638,136.4886638,163.5113362,2.406347452,0,0.545037787,64.19034577,118.04,2.3368,2.82448,0.508,1.60528,9.224331899,11.14940986,2.005289543,6.336714957,2.3368,9.224331899,136.4886638,241.8875506,168.3649785,11.14940986,6.336714957,105.3988868,0
B00374,B00374_R2,365,Green_7,Orange_2,1,6,2.54,0.762,130.76,0.4572,2.54,125.39,7,6,5.37,2.54,1.143,1.9812,2.54,0.889,3.4798,1.9558,3,3,3,300,1,1,6,2.1082,0.889,3.19024,2.3368,125.39,130.76,6,7,3.4798,0.889,-1,-5.37,-2.5908,5.4356,27.45659811,152.8465981,147.1534019,6.316662061,0,0.49051134,55.19169917,131.39,2.3368,3.19024,1.4986,2.74828,9.224331899,12.59321833,5.915604153,10.84861643,3.4798,13.73623337,152.8465981,281.1057857,199.0459085,12.59321833,10.84861643,128.2591876,5
B00374,B00374_R2,372,Green_6,Gate_3,2,6,2.54,0.762,130.76,0.4572,2.54,125.39,7,6,5.37,2.54,0.762,0.2032,1.6002,0,3.8608,3.175,2,3,3,300,1,2,6,2.16916,0.889,2.00152,1.3462,125.39,130.76,6,7,3.8608,0,-1,-5.37,-3.8608,7.0358,33.77326017,159.1632602,140.8367398,0,0,0.469455799,42.63907445,131.39,1.3462,2.00152,1.1176,2.80924,5.31401729,7.900840801,4.411636995,11.08925117,3.8608,15.24020053,159.1632602,278.0978514,169.2673588,7.900840801,11.08925117,118.9345912,4
B00374,B00374_R2,370,Gate_1,Green_2,3,6,2.54,0.762,130.76,0.4572,2.54,125.39,7,6,5.37,0.2032,0.762,1.9812,0.2032,2.9464,2.032,2.3368,1,3,3,300,1,3,6,1.6002,0,1.55956,0.508,125.39,130.76,6,7,2.032,2.9464,-1,-5.37,0.9144,4.3688,23.24549007,148.6354901,151.3645099,10.5277701,0,0.504548366,68.66874199,131.39,0.508,1.55956,1.3462,2.12344,2.005289543,6.156238898,5.31401729,8.382110291,2.032,8.021158173,148.6354901,286.2192741,171.0721194,6.156238898,8.382110291,137.583784,3
B00374,B00374_R2,366,Green_5,Gate_3,4,6,2.54,0.762,130.76,0.4572,2.54,125.39,7,6,5.37,1.9812,0.7112,0.2032,1.6002,1.1176,3.8608,3.175,2,3,3,300,1,4,6,1.92532,1.1176,2.00152,1.3462,125.39,130.76,6,7,3.8608,1.1176,-1,-5.37,-2.7432,7.0358,33.77326017,159.1632602,140.8367398,0,0,0.469455799,42.63907445,131.39,1.3462,2.00152,0.508,2.80924,5.31401729,7.900840801,2.005289543,11.08925117,3.8608,15.24020053,159.1632602,275.691504,169.2673588,7.900840801,11.08925117,116.5282438,2
B00374,B00374_R2,363,Gate_1,Purple_1,5,6,2.54,0.762,130.76,0.4572,2.54,125.39,7,6,5.37,0.2032,0.762,0.4572,2.54,2.9464,2.032,2.032,1,3,3,300,1,5,6,1.6002,0,3.05308,2.032,125.39,130.76,6,7,2.032,2.9464,-1,-5.37,0.9144,4.064,22.04231635,147.4323163,152.5676837,11.73094383,0,0.508558946,73.81889764,131.39,2.032,3.05308,1.3462,2.1844,8.021158173,12.05179016,5.31401729,8.622745036,2.032,8.021158173,147.4323163,286.2192741,201.7530494,12.05179016,8.622745036,138.7869577,1
B00374,B00374_R2,374,Gate_1,Purple_4,6,6,2.54,0.762,130.76,0.4572,2.54,125.39,7,6,5.37,0.2032,0.762,0.762,2.032,2.9464,2.032,2.3368,1,3,3,300,1,6,6,1.6002,0,2.99212,2.3368,125.39,130.76,6,7,2.032,2.9464,-1,-5.37,0.9144,4.3688,23.24549007,148.6354901,151.3645099,10.5277701,0,0.504548366,68.66874199,131.39,2.3368,2.99212,1.3462,2.12344,9.224331899,11.81115541,5.31401729,8.382110291,2.032,8.021158173,148.6354901,286.2192741,199.3467019,11.81115541,8.382110291,137.583784,0
B00375,B00375_R1,367,Orange_5,Gate_4,1,6,2.54,0.762,121.92,0.762,2.032,141.23,6,7,-19.3,1.9812,2.032,0.2032,1.9812,2.3368,1.7272,2.3368,2,3,3,300,0,1,6,1.15824,0,1.97104,1.4224,121.92,141.23,6,7,2.3368,1.7272,-1,-19.31,-0.6096,4.6736,24.4486638,146.3686638,153.6313362,1.203173726,0,0.512104454,64.19034577,127.92,1.4224,1.97104,0.8128,1.97104,5.614810721,7.780523428,3.208463269,7.780523428,2.3368,9.224331899,146.3686638,265.0024616,163.5522836,7.780523428,7.780523428,118.6337978,5
B00375,B00375_R1,369,Orange_4,Gate_4,2,6,2.54,0.762,121.92,0.762,2.032,141.23,6,7,-19.3,1.6764,2.032,0.2032,1.9812,2.6416,1.4224,2.032,2,3,3,300,0,2,6,1.36144,0.8128,2.032,1.4224,121.92,141.23,6,7,2.6416,1.4224,-1,-19.31,-1.2192,4.6736,24.4486638,146.3686638,153.6313362,1.203173726,0,0.512104454,64.19034577,127.92,1.4224,2.032,1.1176,1.91008,5.614810721,8.021158173,4.411636995,7.539888683,2.6416,10.42750563,146.3686638,265.0024616,164.7554573,8.021158173,7.539888683,118.6337978,4
B00375,B00375_R1,375,Orange_5,Gate_4,3,6,2.54,0.762,121.92,0.762,2.032,141.23,6,7,-19.3,1.9812,2.032,0.2032,1.9812,2.3368,1.7272,2.3368,2,3,3,300,0,3,6,1.15824,0,1.97104,1.4224,121.92,141.23,6,7,2.3368,1.7272,-1,-19.31,-0.6096,4.6736,24.4486638,146.3686638,153.6313362,1.203173726,0,0.512104454,64.19034577,127.92,1.4224,1.97104,0.8128,1.97104,5.614810721,7.780523428,3.208463269,7.780523428,2.3368,9.224331899,146.3686638,265.0024616,163.5522836,7.780523428,7.780523428,118.6337978,3
B00375,B00375_R1,371,Gate_1,Purple_1,4,6,2.54,0.762,121.92,0.762,2.032,141.23,6,7,-19.3,0.2032,0.762,0.4572,2.54,2.9464,2.3368,2.032,1,3,3,300,0,4,6,3.31216,2.6416,1.78816,1.1176,121.92,141.23,6,7,2.9464,2.3368,-1,-19.31,-0.6096,4.9784,25.65183752,147.5718375,152.4281625,0,0,0.508093875,60.2603246,127.92,1.1176,1.78816,1.7272,2.39776,4.411636995,7.058619192,6.817984447,9.464966644,2.9464,11.63067935,147.5718375,266.2056353,158.7395887,7.058619192,9.464966644,118.6337978,2
B00375,B00375_R1,353,Purple_3,Orange_3,5,6,2.54,0.762,121.92,0.762,2.032,141.23,6,7,-19.3,1.0668,2.54,2.286,2.54,3.2512,0.8128,1.7272,3,3,3,300,0,5,6,1.60528,1.1176,1.48336,0.8128,121.92,141.23,6,7,3.2512,0.8128,-1,-19.31,-2.4384,4.9784,25.65183752,147.5718375,152.4281625,0,0,0.508093875,60.2603246,127.92,0.8128,1.48336,1.1176,1.7272,3.208463269,5.855445466,4.411636995,6.817984447,3.2512,12.83385308,147.5718375,262.5961142,152.72372,5.855445466,6.817984447,115.0242766,1
B00375,B00375_R1,373,Orange_5,Green_6,6,6,2.54,0.762,121.92,0.762,2.032,141.23,6,7,-19.3,1.9812,2.032,2.54,0.762,2.3368,1.7272,2.3368,3,3,3,300,0,6,6,1.15824,0,2.70256,2.3368,121.92,141.23,6,7,2.3368,1.7272,-1,-19.31,-0.6096,4.6736,24.4486638,146.3686638,153.6313362,1.203173726,0,0.512104454,64.19034577,127.92,2.3368,2.70256,0.8128,1.97104,9.224331899,10.66814037,3.208463269,7.780523428,2.3368,9.224331899,146.3686638,265.0024616,177.9903683,10.66814037,7.780523428,118.6337978,0
B00376,B00376_R2,376,Green_7,Yellow_4,1,6,2.54,0.762,138.06,0.762,2.032,125.94,7,6,12.12,2.54,1.143,0.762,0.7112,0.889,3.175,2.7178,3,3,3,300,1,1,6,2.1082,0.889,1.48336,1.1176,125.94,138.06,6,7,3.175,0.889,-1,-12.12,-2.286,5.8928,29.2613587,155.2013587,144.7986413,3.308727746,0,0.482662138,50.90958458,131.94,1.1176,1.48336,1.4986,2.74828,4.411636995,5.855445466,5.915604153,10.84861643,3.175,12.53305965,155.2013587,285.8668938,166.5602179,5.855445466,10.84861643,130.6655351,5
B00376,B00376_R2,366,Green_5,Gate_3,2,6,2.54,0.762,138.06,0.762,2.032,125.94,7,6,12.12,1.9812,0.7112,0.2032,1.6002,1.1176,3.556,3.175,2,3,3,300,1,2,6,1.92532,1.1176,2.00152,1.3462,125.94,138.06,6,7,3.556,1.1176,-1,-12.12,-2.4384,6.731,32.57008645,158.5100864,141.4899136,0,0,0.471633045,44.56990046,131.94,1.3462,2.00152,0.508,2.5654,5.31401729,7.900840801,2.005289543,10.12671219,3.556,14.0370268,158.5100864,280.452612,173.4784668,7.900840801,10.12671219,121.9425256,4
B00376,B00376_R2,363,Gate_1,Purple_1,3,6,2.54,0.762,138.06,0.762,2.032,125.94,7,6,12.12,0.2032,0.762,0.4572,2.54,2.9464,2.3368,2.032,1,3,3,300,1,3,6,1.6002,0,3.05308,2.032,125.94,138.06,6,7,2.3368,2.9464,-1,-12.12,0.6096,4.3688,23.24549007,149.1854901,150.8145099,9.324596376,0,0.502715033,68.66874199,131.94,2.032,3.05308,1.1176,1.69672,8.021158173,12.05179016,4.411636995,6.697667075,2.3368,9.224331899,149.1854901,287.6716544,203.55781,12.05179016,6.697667075,138.4861643,3
B00376,B00376_R2,370,Gate_1,Green_2,4,6,2.54,0.762,138.06,0.762,2.032,125.94,7,6,12.12,0.2032,0.762,1.9812,0.2032,2.9464,2.3368,2.3368,1,3,3,300,1,4,6,1.6002,0,1.55956,0.508,125.94,138.06,6,7,2.3368,2.9464,-1,-12.12,0.6096,4.6736,24.4486638,150.3886638,149.6113362,8.12142265,0,0.498704454,64.19034577,131.94,0.508,1.55956,1.1176,1.63576,2.005289543,6.156238898,4.411636995,6.457032329,2.3368,9.224331899,150.3886638,287.6716544,172.87688,6.156238898,6.457032329,137.2829906,2
B00376,B00376_R2,372,Green_6,Gate_3,5,6,2.54,0.762,138.06,0.762,2.032,125.94,7,6,12.12,2.54,0.762,0.2032,1.6002,0,3.556,3.175,2,3,3,300,1,5,6,2.16916,0.889,2.00152,1.3462,125.94,138.06,6,7,3.556,0,-1,-12.12,-3.556,6.731,32.57008645,158.5100864,141.4899136,0,0,0.471633045,44.56990046,131.94,1.3462,2.00152,1.1176,2.80924,5.31401729,7.900840801,4.411636995,11.08925117,3.556,14.0370268,158.5100864,282.8589595,173.4784668,7.900840801,11.08925117,124.348873,1
B00376,B00376_R2,374,Gate_1,Purple_4,6,6,2.54,0.762,138.06,0.762,2.032,125.94,7,6,12.12,0.2032,0.762,0.762,2.032,2.9464,2.3368,2.3368,1,3,3,300,1,6,6,1.6002,0,2.99212,2.3368,125.94,138.06,6,7,2.3368,2.9464,-1,-12.12,0.6096,4.6736,24.4486638,150.3886638,149.6113362,8.12142265,0,0.498704454,64.19034577,131.94,2.3368,2.99212,1.1176,1.63576,9.224331899,11.81115541,4.411636995,6.457032329,2.3368,9.224331899,150.3886638,287.6716544,201.1514625,11.81115541,6.457032329,137.2829906,0
B00377,B00377_R1,369,Orange_4,Gate_4,1,6,2.54,0.762,121.34,0.762,2.032,147.06,6,7,-25.72,1.6764,2.032,0.2032,1.9812,2.6416,1.4224,2.032,2,3,3,300,0,1,6,1.78816,0.8128,2.3368,1.4224,121.34,147.06,6,7,2.6416,1.4224,-1,-25.72,-1.2192,4.6736,24.4486638,145.7886638,154.2113362,1.203173726,0,0.514037787,64.19034577,127.34,1.4224,2.3368,1.1176,1.91008,5.614810721,9.224331899,4.411636995,7.539888683,2.6416,10.42750563,145.7886638,264.4224616,170.7713259,9.224331899,7.539888683,118.6337978,5
B00377,B00377_R1,353,Purple_3,Orange_3,2,6,2.54,0.762,121.34,0.762,2.032,147.06,6,7,-25.72,1.0668,2.54,2.286,2.54,3.2512,0.8128,1.7272,3,3,3,300,0,2,6,2.032,1.1176,1.78816,0.8128,121.34,147.06,6,7,3.2512,0.8128,-1,-25.72,-2.4384,4.9784,25.65183752,146.9918375,153.0081625,0,0,0.510027208,60.2603246,127.34,0.8128,1.78816,1.1176,1.7272,3.208463269,7.058619192,4.411636995,6.817984447,3.2512,12.83385308,146.9918375,262.0161142,158.7395887,7.058619192,6.817984447,115.0242766,4
B00377,B00377_R1,373,Orange_5,Green_6,3,6,2.54,0.762,121.34,0.762,2.032,147.06,6,7,-25.72,1.9812,2.032,2.54,0.762,2.3368,1.7272,2.3368,3,3,3,300,0,3,6,1.68656,0,2.39776,0.8128,121.34,147.06,6,7,2.3368,1.7272,-1,-25.72,-0.6096,4.6736,24.4486638,145.7886638,154.2113362,1.203173726,0,0.514037787,64.19034577,127.34,0.8128,2.39776,0.8128,1.97104,3.208463269,9.464966644,3.208463269,7.780523428,2.3368,9.224331899,145.7886638,264.4224616,171.9744997,9.464966644,7.780523428,118.6337978,3
B00377,B00377_R1,377,Green_3,Gate_4,4,6,2.54,0.762,121.34,0.762,2.032,147.06,6,7,-25.72,2.286,0.2032,0.2032,1.9812,0.8128,3.8608,3.8608,2,3,3,300,0,4,6,2.88544,2.6416,1.97104,1.4224,121.34,147.06,6,7,0.8128,3.8608,-1,-25.72,3.048,4.6736,24.4486638,145.7886638,154.2113362,1.203173726,0,0.514037787,64.19034577,127.34,1.4224,1.97104,0.8128,3.00736,5.614810721,7.780523428,3.208463269,11.8713141,0.8128,3.208463269,145.7886638,270.4383302,163.5522836,7.780523428,11.8713141,124.6496664,2
B00377,B00377_R1,371,Gate_1,Purple_1,5,6,2.54,0.762,121.34,0.762,2.032,147.06,6,7,-25.72,0.2032,0.762,0.4572,2.54,2.9464,2.3368,2.032,1,3,3,300,0,5,6,3.12928,2.6416,2.21488,1.1176,121.34,147.06,6,7,2.9464,2.3368,-1,-25.72,-0.6096,4.9784,25.65183752,146.9918375,153.0081625,0,0,0.510027208,60.2603246,127.34,1.1176,2.21488,1.7272,2.39776,4.411636995,8.743062409,6.817984447,9.464966644,2.9464,11.63067935,146.9918375,265.6256353,167.1618048,8.743062409,9.464966644,118.6337978,1
B00377,B00377_R1,375,Orange_5,Gate_4,6,6,2.54,0.762,121.34,0.762,2.032,147.06,6,7,-25.72,1.9812,2.032,0.2032,1.9812,2.3368,1.7272,2.3368,2,3,3,300,0,6,6,1.68656,0,2.27584,1.4224,121.34,147.06,6,7,2.3368,1.7272,-1,-25.72,-0.6096,4.6736,24.4486638,145.7886638,154.2113362,1.203173726,0,0.514037787,64.19034577,127.34,1.4224,2.27584,0.8128,1.97104,5.614810721,8.983697154,3.208463269,7.780523428,2.3368,9.224331899,145.7886638,264.4224616,169.5681522,8.983697154,7.780523428,118.6337978,0
B00378,B00378_R2,363,Gate_1,Purple_1,1,6,0.2032,1.9812,140.63,0.762,2.032,136.5,7,6,4.12,0.2032,0.762,0.4572,2.54,1.7272,2.3368,2.032,1,3,3,300,1,1,6,1.23444,0,2.68732,1.651,136.5,140.63,6,7,2.3368,1.7272,-1,-4.13,-0.6096,4.3688,23.24549007,159.7454901,140.2545099,9.324596376,0,0.467515033,68.66874199,142.5,1.651,2.68732,1.3462,2.24536,6.517191016,10.60798168,5.31401729,8.863379781,2.3368,9.224331899,159.7454901,297.3292741,194.534007,10.60798168,8.863379781,137.583784,5
B00378,B00378_R2,378,Gate_2,Orange_3,2,6,0.2032,1.9812,140.63,0.762,2.032,136.5,7,6,4.12,0.2032,1.143,2.286,2.54,1.3462,1.9558,3.4798,1,3,3,300,1,2,6,1.62052,0.889,3.2512,2.032,136.5,140.63,6,7,1.9558,1.3462,-1,-4.13,-0.6096,5.4356,27.45659811,163.9565981,136.0434019,5.113488335,0,0.453478006,55.19169917,142.5,2.032,3.2512,0.9652,1.651,8.021158173,12.83385308,3.810050132,6.517191016,1.9558,7.720364742,163.9565981,297.3292741,201.452256,12.83385308,6.517191016,133.372676,4
B00378,B00378_R2,372,Green_6,Gate_3,3,6,0.2032,1.9812,140.63,0.762,2.032,136.5,7,6,4.12,2.54,0.762,0.2032,1.6002,3.556,3.556,3.175,2,3,3,300,1,3,6,2.53492,1.1176,1.63576,0.9652,136.5,140.63,6,7,3.556,3.556,-1,-4.13,0,6.731,32.57008645,169.0700864,130.9299136,0,0,0.436433045,44.56990046,142.5,0.9652,1.63576,1.1176,2.74828,3.810050132,6.457032329,4.411636995,10.84861643,3.556,14.0370268,169.0700864,291.6141989,164.4546639,6.457032329,10.84861643,122.5441124,3
B00378,B00378_R2,370,Gate_1,Green_2,4,6,0.2032,1.9812,140.63,0.762,2.032,136.5,7,6,4.12,0.2032,0.762,1.9812,0.2032,1.7272,2.3368,2.3368,1,3,3,300,1,4,6,1.23444,0,1.8034,0.508,136.5,140.63,6,7,2.3368,1.7272,-1,-4.13,-0.6096,4.6736,24.4486638,160.9486638,139.0513362,8.12142265,0,0.463504454,64.19034577,142.5,0.508,1.8034,1.3462,2.1844,2.005289543,7.118777879,5.31401729,8.622745036,2.3368,9.224331899,160.9486638,297.3292741,175.8848143,7.118777879,8.622745036,136.3806103,2
B00378,B00378_R2,366,Green_5,Gate_3,5,6,0.2032,1.9812,140.63,0.762,2.032,136.5,7,6,4.12,1.9812,0.7112,0.2032,1.6002,3.556,3.556,3.175,2,3,3,300,1,5,6,2.16916,1.1176,1.63576,0.9652,136.5,140.63,6,7,3.556,3.556,-1,-4.13,0,6.731,32.57008645,169.0700864,130.9299136,0,0,0.436433045,44.56990046,142.5,0.9652,1.63576,0.508,2.74828,3.810050132,6.457032329,2.005289543,10.84861643,3.556,14.0370268,169.0700864,289.2078514,164.4546639,6.457032329,10.84861643,120.137765,1
B00378,B00378_R2,374,Gate_1,Purple_4,6,6,0.2032,1.9812,140.63,0.762,2.032,136.5,7,6,4.12,0.2032,0.762,0.762,2.032,1.7272,2.3368,2.3368,1,3,3,300,1,6,6,1.23444,0,2.74828,1.9558,136.5,140.63,6,7,2.3368,1.7272,-1,-4.13,-0.6096,4.6736,24.4486638,160.9486638,139.0513362,8.12142265,0,0.463504454,64.19034577,142.5,1.9558,2.74828,1.3462,2.1844,7.720364742,10.84861643,5.31401729,8.622745036,2.3368,9.224331899,160.9486638,297.3292741,194.534007,10.84861643,8.622745036,136.3806103,0
B00379,B00379_R1,371,Gate_1,Purple_1,1,6,0.2032,1.9812,128.72,0.762,2.032,147.38,6,7,-18.66,0.2032,0.762,0.4572,2.54,1.7272,2.3368,2.032,1,3,3,300,0,1,6,3.0226,2.6416,2.5654,1.1176,128.72,147.38,6,7,1.7272,2.3368,-1,-18.66,0.6096,3.7592,20.83914262,149.5591426,150.4408574,15.64125844,0,0.501469525,79.80421366,134.72,1.1176,2.5654,1.7272,2.68732,4.411636995,10.12671219,6.817984447,10.60798168,1.7272,6.817984447,149.5591426,275.7127762,176.7871946,10.12671219,10.60798168,126.1536336,5
B00379,B00379_R1,373,Orange_5,Green_6,2,6,0.2032,1.9812,128.72,0.762,2.032,147.38,6,7,-18.66,1.9812,2.032,2.54,0.762,2.3368,1.7272,2.3368,3,3,3,300,0,2,6,1.91516,0,2.04724,0.8128,128.72,147.38,6,7,2.3368,1.7272,-1,-18.66,-0.6096,4.6736,24.4486638,153.1686638,146.8313362,12.03173726,0,0.489437787,64.19034577,134.72,0.8128,2.04724,0.8128,1.8034,3.208463269,8.081316859,3.208463269,7.118777879,2.3368,9.224331899,153.1686638,269.6969076,162.9506967,8.081316859,7.118777879,116.5282438,4
B00379,B00379_R1,379,Green_7,Orange_7,3,6,0.2032,1.9812,128.72,0.762,2.032,147.38,6,7,-18.66,2.54,1.143,2.54,1.6002,3.175,3.175,0.9652,3,3,3,300,0,3,6,2.13868,1.1938,2.04724,1.4986,128.72,147.38,6,7,3.175,3.175,-1,-18.66,0,4.1402,22.34310978,151.0631098,148.9368902,14.13729128,0,0.496456301,72.46026762,134.72,1.4986,2.04724,0.889,2.47396,5.915604153,8.081316859,3.509256701,9.765760076,3.175,12.53305965,151.0631098,266.6889733,165.0562507,8.081316859,9.765760076,115.6258635,3
B00379,B00379_R1,377,Green_3,Gate_4,4,6,0.2032,1.9812,128.72,0.762,2.032,147.38,6,7,-18.66,2.286,0.2032,0.2032,1.9812,3.8608,3.8608,3.8608,2,3,3,300,0,4,6,2.53492,1.1938,2.19964,1.4224,128.72,147.38,6,7,3.8608,3.8608,-1,-18.66,0,7.7216,36.48040106,165.2004011,134.7995989,0,0,0.449331996,38.85205139,134.72,1.4224,2.19964,0.8128,2.5654,5.614810721,8.682903722,3.208463269,10.12671219,3.8608,15.24020053,165.2004011,263.681039,153.9268938,8.682903722,10.12671219,98.4806379,2
B00379,B00379_R1,353,Purple_3,Orange_3,5,6,0.2032,1.9812,128.72,0.762,2.032,147.38,6,7,-18.66,1.0668,2.54,2.286,2.54,1.4224,0.8128,1.7272,3,3,3,300,0,5,6,2.38252,1.4224,1.89484,0.8128,128.72,147.38,6,7,1.4224,0.8128,-1,-18.66,-0.6096,3.1496,18.43279517,147.1527952,152.8472048,18.04760589,0,0.509490683,95.2501905,134.72,0.8128,1.89484,1.1176,1.92532,3.208463269,7.479729996,4.411636995,7.600047369,1.4224,5.614810721,147.1527952,274.5096025,165.958631,7.479729996,7.600047369,127.3568073,1
B00379,B00379_R1,375,Orange_5,Gate_4,6,6,0.2032,1.9812,128.72,0.762,2.032,147.38,6,7,-18.66,1.9812,2.032,0.2032,1.9812,2.3368,1.7272,2.3368,2,3,3,300,0,6,6,1.91516,0,2.50444,1.4224,128.72,147.38,6,7,2.3368,1.7272,-1,-18.66,-0.6096,4.6736,24.4486638,153.1686638,146.8313362,12.03173726,0,0.489437787,64.19034577,134.72,1.4224,2.50444,0.8128,1.8034,5.614810721,9.886077448,3.208463269,7.118777879,2.3368,9.224331899,153.1686638,269.6969076,171.9744997,9.886077448,7.118777879,116.5282438,0
B00380,B00380_R2,380,Purple_5,Gate_3,1,6,0.2032,1.9812,134.57,0.762,2.032,133.82,7,6,0.75,1.0668,2.032,0.2032,1.6002,1.4224,0.8128,1.8034,2,3,3,300,1,1,6,2.80924,2.2606,2.00152,0.9652,133.82,134.57,6,7,0.8128,1.4224,-1,-0.75,0.6096,2.6162,16.32724115,150.1472411,149.8527589,16.2428453,0,0.499509196,114.6701323,139.82,0.9652,2.00152,0.8128,1.8796,3.810050132,7.900840801,3.208463269,7.41957131,0.8128,3.208463269,150.1472411,291.6413398,180.9983026,7.900840801,7.41957131,141.4940986,5
B00380,B00380_R2,378,Gate_2,Orange_3,2,6,0.2032,1.9812,134.57,0.762,2.032,133.82,7,6,0.75,0.2032,1.143,2.286,2.54,1.3462,1.9558,3.4798,1,3,3,300,1,2,6,1.89484,0.889,2.82448,1.7272,133.82,134.57,6,7,1.9558,1.3462,-1,-0.75,-0.6096,5.4356,27.45659811,161.2765981,138.7234019,5.113488335,0,0.46241134,55.19169917,139.82,1.7272,2.82448,0.9652,1.51384,6.817984447,11.14940986,3.810050132,5.975762839,1.9558,7.720364742,161.2765981,287.7310251,186.1117909,11.14940986,5.975762839,126.454427,4
B00380,B00380_R2,372,Green_6,Gate_3,3,6,0.2032,1.9812,134.57,0.762,2.032,133.82,7,6,0.75,2.54,0.762,0.2032,1.6002,3.556,3.556,3.175,2,3,3,300,1,3,6,2.59588,1.1176,1.7272,0.9652,133.82,134.57,6,7,3.556,3.556,-1,-0.75,0,6.731,32.57008645,166.3900864,133.6099136,0,0,0.445366379,44.56990046,139.82,0.9652,1.7272,1.1176,2.61112,3.810050132,6.817984447,4.411636995,10.30718825,3.556,14.0370268,166.3900864,282.0159499,159.3411755,6.817984447,10.30718825,115.6258635,3
B00380,B00380_R2,370,Gate_1,Green_2,4,6,0.2032,1.9812,134.57,0.762,2.032,133.82,7,6,0.75,0.2032,0.762,1.9812,0.2032,1.7272,2.3368,2.3368,1,3,3,300,1,4,6,1.76276,0,1.98628,0.508,133.82,134.57,6,7,2.3368,1.7272,-1,-0.75,-0.6096,4.6736,24.4486638,158.2686638,141.7313362,8.12142265,0,0.472437787,64.19034577,139.82,0.508,1.98628,1.3462,2.04724,2.005289543,7.840682114,5.31401729,8.081316859,2.3368,9.224331899,158.2686638,287.7310251,172.5760865,7.840682114,8.081316859,129.4623613,2
B00380,B00380_R2,366,Green_5,Gate_3,5,6,0.2032,1.9812,134.57,0.762,2.032,133.82,7,6,0.75,1.9812,0.7112,0.2032,1.6002,3.556,3.556,3.175,2,3,3,300,1,5,6,2.35204,1.1176,1.7272,0.9652,133.82,134.57,6,7,3.556,3.556,-1,-0.75,0,6.731,32.57008645,166.3900864,133.6099136,0,0,0.445366379,44.56990046,139.82,0.9652,1.7272,0.508,2.61112,3.810050132,6.817984447,2.005289543,10.30718825,3.556,14.0370268,166.3900864,279.6096025,159.3411755,6.817984447,10.30718825,113.219516,1
B00380,B00380_R2,374,Gate_1,Purple_4,6,6,0.2032,1.9812,134.57,0.762,2.032,133.82,7,6,0.75,0.2032,0.762,0.762,2.032,1.7272,2.3368,2.3368,1,3,3,300,1,6,6,1.76276,0,2.44348,0.8128,133.82,134.57,6,7,2.3368,1.7272,-1,-0.75,-0.6096,4.6736,24.4486638,158.2686638,141.7313362,8.12142265,0,0.472437787,64.19034577,139.82,0.8128,2.44348,1.3462,2.04724,3.208463269,9.645442703,5.31401729,8.081316859,2.3368,9.224331899,158.2686638,287.7310251,181.5998895,9.645442703,8.081316859,129.4623613,0
B00381,B00381_R1,375,Orange_5,Gate_4,1,6,0.2032,1.9812,123.79,0.762,2.032,141.23,6,7,-17.44,1.9812,2.032,0.2032,1.9812,2.3368,1.7272,2.3368,2,3,3,300,0,1,6,1.8542,0,2.80924,1.4224,123.79,141.23,6,7,2.3368,1.7272,-1,-17.44,-0.6096,4.6736,24.4486638,148.2386638,151.7613362,12.03173726,0,0.505871121,64.19034577,129.79,1.4224,2.80924,0.8128,1.86436,5.614810721,11.08925117,3.208463269,7.359412624,2.3368,9.224331899,148.2386638,275.5954711,188.8189318,11.08925117,7.359412624,127.3568073,5
B00381,B00381_R1,353,Purple_3,Orange_3,2,6,0.2032,1.9812,123.79,0.762,2.032,141.23,6,7,-17.44,1.0668,2.54,2.286,2.54,1.4224,0.8128,1.7272,3,3,3,300,0,2,6,2.44348,1.4224,1.71196,0.8128,123.79,141.23,6,7,1.4224,0.8128,-1,-17.44,-0.6096,3.1496,18.43279517,142.2227952,157.7772048,18.04760589,0,0.525924016,95.2501905,129.79,0.8128,1.71196,1.4224,1.98628,3.208463269,6.757825761,5.614810721,7.840682114,1.4224,5.614810721,142.2227952,281.6113398,173.1776734,6.757825761,7.840682114,139.3885446,4
B00381,B00381_R1,373,Orange_5,Green_6,3,6,0.2032,1.9812,123.79,0.762,2.032,141.23,6,7,-17.44,1.9812,2.032,2.54,0.762,2.3368,1.7272,2.3368,3,3,3,300,0,3,6,1.8542,0,1.74244,0.8128,123.79,141.23,6,7,2.3368,1.7272,-1,-17.44,-0.6096,4.6736,24.4486638,148.2386638,151.7613362,12.03173726,0,0.505871121,64.19034577,129.79,0.8128,1.74244,0.8128,1.86436,3.208463269,6.878143133,3.208463269,7.359412624,2.3368,9.224331899,148.2386638,275.5954711,167.7633916,6.878143133,7.359412624,127.3568073,3
B00381,B00381_R1,379,Green_7,Orange_7,4,6,0.2032,1.9812,123.79,0.762,2.032,141.23,6,7,-17.44,2.54,1.143,2.54,1.6002,3.175,3.175,0.9652,3,3,3,300,0,4,6,1.9558,1.1938,1.86436,1.4986,123.79,141.23,6,7,3.175,3.175,-1,-17.44,0,4.1402,22.34310978,146.1331098,153.8668902,14.13729128,0,0.512889634,72.46026762,129.79,1.4986,1.86436,0.889,2.413,5.915604153,7.359412624,3.509256701,9.525125331,3.175,12.53305965,146.1331098,272.5875368,172.2752931,7.359412624,9.525125331,126.454427,2
B00381,B00381_R1,377,Green_3,Gate_4,5,6,0.2032,1.9812,123.79,0.762,2.032,141.23,6,7,-17.44,2.286,0.2032,0.2032,1.9812,3.8608,3.8608,3.8608,2,3,3,300,0,5,6,2.23012,1.1176,2.50444,1.4224,123.79,141.23,6,7,3.8608,3.8608,-1,-17.44,0,7.7216,36.48040106,160.2704011,139.7295989,0,0,0.46576533,38.85205139,129.79,1.4224,2.50444,0.8128,2.50444,5.614810721,9.886077448,3.208463269,9.886077448,3.8608,15.24020053,160.2704011,269.5796025,170.7713259,9.886077448,9.886077448,109.3092014,1
B00381,B00381_R1,381,Green_4,Gate_4,6,6,0.2032,1.9812,123.79,0.762,2.032,141.23,6,7,-17.44,1.6764,0.7112,0.2032,1.9812,3.2512,3.2512,3.2512,2,3,3,300,0,6,6,2.47396,1.1176,2.62636,1.4224,123.79,141.23,6,7,3.2512,3.2512,-1,-17.44,0,6.5024,31.66770615,155.4577062,144.5422938,4.812694904,0,0.481807646,46.13681102,129.79,1.4224,2.62636,1.4224,2.62636,5.614810721,10.36734694,5.614810721,10.36734694,3.2512,12.83385308,155.4577062,274.3922974,177.9903683,10.36734694,10.36734694,118.9345912,0
B00382,B00382_R2,370,Gate_1,Green_2,1,6,0.2032,1.9812,145.72,0.762,2.032,130.37,7,6,15.35,0.2032,0.762,1.9812,0.2032,1.7272,2.3368,2.3368,1,3,3,300,1,1,6,1.41224,0,1.8796,0.508,130.37,145.72,6,7,2.3368,1.7272,-1,-15.35,-0.6096,4.6736,24.4486638,154.8186638,145.1813362,8.12142265,0,0.483937787,64.19034577,136.37,0.508,1.8796,1.3462,2.4892,2.005289543,7.41957131,5.31401729,9.825918762,2.3368,9.224331899,154.8186638,294.2072084,180.3967157,7.41957131,9.825918762,139.3885446,5
B00382,B00382_R2,366,Green_5,Gate_3,2,6,0.2032,1.9812,145.72,0.762,2.032,130.37,7,6,15.35,1.9812,0.7112,0.2032,1.6002,3.556,3.556,3.175,2,3,3,300,1,2,6,2.24536,1.1176,1.55956,0.9652,130.37,145.72,6,7,3.556,3.556,-1,-15.35,0,6.731,32.57008645,162.9400864,137.0599136,0,0,0.456866379,44.56990046,136.37,0.9652,1.55956,0.508,2.44348,3.810050132,6.156238898,2.005289543,9.645442703,3.556,14.0370268,162.9400864,286.0857857,165.958631,6.156238898,9.645442703,123.1456993,4
B00382,B00382_R2,374,Gate_1,Purple_4,3,6,0.2032,1.9812,145.72,0.762,2.032,130.37,7,6,15.35,0.2032,0.762,0.762,2.032,1.7272,2.3368,2.3368,1,3,3,300,1,3,6,1.41224,0,2.67208,1.9558,130.37,145.72,6,7,2.3368,1.7272,-1,-15.35,-0.6096,4.6736,24.4486638,154.8186638,145.1813362,8.12142265,0,0.483937787,64.19034577,136.37,1.9558,2.67208,1.3462,2.4892,7.720364742,10.547823,5.31401729,9.825918762,2.3368,9.224331899,154.8186638,294.2072084,196.0379742,10.547823,9.825918762,139.3885446,3
B00382,B00382_R2,382,Gate_2,Orange_6,4,6,0.2032,1.9812,145.72,0.762,2.032,130.37,7,6,15.35,0.2032,1.143,2.54,1.9812,1.3462,1.9558,3.175,1,3,3,300,1,4,6,1.44272,0,2.8702,1.7272,130.37,145.72,6,7,1.9558,1.3462,-1,-15.35,-0.6096,5.1308,26.25342439,156.6234244,143.3765756,6.316662061,0,0.477921919,58.47041397,136.37,1.7272,2.8702,0.9652,2.01676,6.817984447,11.32988592,3.810050132,7.960999487,1.9558,7.720364742,156.6234244,294.2072084,198.1435282,11.32988592,7.960999487,137.583784,2
B00382,B00382_R2,372,Green_6,Gate_3,5,6,0.2032,1.9812,145.72,0.762,2.032,130.37,7,6,15.35,2.54,0.762,0.2032,1.6002,3.556,3.556,3.175,2,3,3,300,1,5,6,2.4892,1.1176,1.55956,0.9652,130.37,145.72,6,7,3.556,3.556,-1,-15.35,0,6.731,32.57008645,162.9400864,137.0599136,0,0,0.456866379,44.56990046,136.37,0.9652,1.55956,1.1176,2.32156,3.810050132,6.156238898,4.411636995,9.164173213,3.556,14.0370268,162.9400864,288.4921332,165.958631,6.156238898,9.164173213,125.5520467,1
B00382,B00382_R2,378,Gate_2,Orange_3,6,6,0.2032,1.9812,145.72,0.762,2.032,130.37,7,6,15.35,0.2032,1.143,2.286,2.54,1.3462,1.9558,3.4798,1,3,3,300,1,6,6,1.44272,0,3.175,2.032,130.37,145.72,6,7,1.9558,1.3462,-1,-15.35,-0.6096,5.4356,27.45659811,157.8265981,142.1734019,5.113488335,0,0.47391134,55.19169917,136.37,2.032,3.175,0.9652,1.9558,8.021158173,12.53305965,3.810050132,7.720364742,1.9558,7.720364742,157.8265981,294.2072084,202.9562231,12.53305965,7.720364742,136.3806103,0
B00383,B00383_R1,383,Yellow_1,Gate_4,1,6,0.2032,1.9812,134.86,2.286,2.54,148,6,7,-13.15,0.4572,0.2032,0.2032,1.9812,2.032,4.1656,2.032,2,3,3,300,0,1,6,2.77876,1.7272,2.80924,1.4224,134.86,148,6,7,2.032,4.1656,-1,-13.14,2.1336,4.064,22.04231635,156.9023163,143.0976837,14.43808471,0,0.476992279,73.81889764,140.86,1.4224,2.80924,2.032,2.8702,5.614810721,11.08925117,8.021158173,11.32988592,2.032,8.021158173,156.9023163,290.2749923,188.8189318,11.08925117,11.32988592,133.372676,5
B00383,B00383_R1,353,Purple_3,Orange_3,2,6,0.2032,1.9812,134.86,2.286,2.54,148,6,7,-13.15,1.0668,2.54,2.286,2.54,1.4224,1.7272,1.7272,3,3,3,300,0,2,6,2.74828,1.4224,2.38252,0.8128,134.86,148,6,7,1.4224,1.7272,-1,-13.14,0.3048,3.1496,18.43279517,153.2927952,146.7072048,18.04760589,0,0.489024016,95.2501905,140.86,0.8128,2.38252,1.4224,1.98628,3.208463269,9.404807958,5.614810721,7.840682114,1.4224,5.614810721,153.2927952,290.2749923,184.0062369,9.404807958,7.840682114,136.9821971,4
B00383,B00383_R1,373,Orange_5,Green_6,3,6,0.2032,1.9812,134.86,2.286,2.54,148,6,7,-13.15,1.9812,2.032,2.54,0.762,2.3368,0.8128,2.3368,3,3,3,300,0,3,6,2.62636,1.4224,1.8034,0.8128,134.86,148,6,7,2.3368,0.8128,-1,-13.14,-1.524,4.6736,24.4486638,159.3086638,140.6913362,12.03173726,0,0.468971121,64.19034577,140.86,0.8128,1.8034,0.8128,1.86436,3.208463269,7.118777879,3.208463269,7.359412624,2.3368,9.224331899,159.3086638,284.2591237,166.5602179,7.118777879,7.359412624,124.9504599,3
B00383,B00383_R1,379,Green_7,Orange_7,4,6,0.2032,1.9812,134.86,2.286,2.54,148,6,7,-13.15,2.54,1.143,2.54,1.6002,3.175,1.651,0.9652,3,3,3,300,0,4,6,2.16916,1.1938,2.2606,1.4986,134.86,148,6,7,3.175,1.651,-1,-13.14,-1.524,4.1402,22.34310978,157.2031098,142.7968902,14.13729128,0,0.475989634,72.46026762,140.86,1.4986,2.2606,0.889,2.413,5.915604153,8.923538468,3.509256701,9.525125331,3.175,12.53305965,157.2031098,281.2511894,177.6895749,8.923538468,9.525125331,124.0480796,2
B00383,B00383_R1,377,Green_3,Gate_4,5,6,0.2032,1.9812,134.86,2.286,2.54,148,6,7,-13.15,2.286,0.2032,0.2032,1.9812,3.8608,2.3368,3.8608,2,3,3,300,0,5,6,2.16916,1.1176,2.44348,1.4224,134.86,148,6,7,3.8608,2.3368,-1,-13.14,-1.524,7.7216,36.48040106,171.3404011,128.6595989,0,0,0.42886533,38.85205139,140.86,1.4224,2.44348,0.8128,2.50444,5.614810721,9.645442703,3.208463269,9.886077448,3.8608,15.24020053,171.3404011,278.243255,167.1618048,9.645442703,9.886077448,106.902854,1
B00383,B00383_R1,381,Green_4,Gate_4,6,6,0.2032,1.9812,134.86,2.286,2.54,148,6,7,-13.15,1.6764,0.7112,0.2032,1.9812,3.2512,2.9464,3.2512,2,3,3,300,0,6,6,2.16916,1.1176,2.5654,1.4224,134.86,148,6,7,3.2512,2.9464,-1,-13.14,-0.3048,6.5024,31.66770615,166.5277062,133.4722938,4.812694904,0,0.444907646,46.13681102,140.86,1.4224,2.5654,1.4224,2.62636,5.614810721,10.12671219,5.614810721,10.36734694,3.2512,12.83385308,166.5277062,283.0559499,174.3808471,10.12671219,10.36734694,116.5282438,0
B00384,B00384_R2,366,Green_5,Gate_3,1,6,0.2032,1.9812,146.12,2.286,2.54,138.05,7,6,8.07,1.9812,0.7112,0.2032,1.6002,3.556,2.6416,3.175,2,3,3,300,1,1,6,2.06248,1.1176,1.74244,0.9652,138.05,146.12,6,7,2.6416,3.556,-1,-8.07,0.9144,5.8166,28.96056527,167.0105653,132.9894347,4.511901472,0,0.443298116,51.57652237,144.05,0.9652,1.74244,2.3368,3.05308,3.810050132,6.878143133,9.224331899,12.05179016,2.6416,10.42750563,167.0105653,321.4387814,190.0221056,6.878143133,12.05179016,154.4282162,5
B00384,B00384_R2,384,Yellow_3,Purple_2,2,6,0.2032,1.9812,146.12,2.286,2.54,138.05,7,6,8.07,1.0668,0.2032,0.762,2.54,2.6416,3.556,3.2512,3,3,3,300,1,2,6,1.69672,1.4224,2.67208,1.9558,138.05,146.12,6,7,3.556,2.6416,-1,-8.07,-0.9144,6.8072,32.87087988,170.9208799,129.0791201,0.601586863,0,0.430263734,44.07098366,144.05,1.9558,2.67208,2.2606,2.91592,7.720364742,10.547823,8.923538468,11.51036198,3.556,14.0370268,170.9208799,317.5284668,204.4601903,10.547823,11.51036198,146.6075869,4
B00384,B00384_R2,374,Gate_1,Purple_4,3,6,0.2032,1.9812,146.12,2.286,2.54,138.05,7,6,8.07,0.2032,0.762,0.762,2.032,1.7272,3.8608,2.3368,1,3,3,300,1,3,6,1.69672,0.889,2.85496,1.9558,138.05,146.12,6,7,3.8608,1.7272,-1,-8.07,-2.1336,6.1976,30.46453243,168.5145324,131.4854676,3.007934315,0,0.438284892,48.40583452,144.05,1.9558,2.85496,1.3462,2.4892,7.720364742,11.26972723,5.31401729,9.825918762,3.8608,15.24020053,168.5145324,312.7157719,210.4760589,11.26972723,9.825918762,144.2012395,3
B00384,B00384_R2,382,Gate_2,Orange_6,4,6,0.2032,1.9812,146.12,2.286,2.54,138.05,7,6,8.07,0.2032,1.143,2.54,1.9812,1.3462,3.4798,3.175,1,3,3,300,1,4,6,1.6256,0,2.80924,1.7272,138.05,146.12,6,7,3.4798,1.3462,-1,-8.07,-2.1336,6.6548,32.26929302,170.319293,129.680707,1.203173726,0,0.432269023,45.08024283,144.05,1.7272,2.80924,0.9652,1.86436,6.817984447,11.08925117,3.810050132,7.359412624,3.4798,13.73623337,170.319293,312.7157719,207.768918,11.08925117,7.359412624,142.3964789,2
B00384,B00384_R2,372,Green_6,Gate_3,5,6,0.2032,1.9812,146.12,2.286,2.54,138.05,7,6,8.07,2.54,0.762,0.2032,1.6002,3.556,2.032,3.175,2,3,3,300,1,5,6,2.30632,1.1176,1.74244,0.9652,138.05,146.12,6,7,2.032,3.556,-1,-8.07,1.524,5.207,26.55421782,164.6042178,135.3957822,6.918248924,0,0.451319274,57.61474938,144.05,0.9652,1.74244,1.7272,2.80924,3.810050132,6.878143133,6.817984447,11.08925117,2.032,8.021158173,164.6042178,321.4387814,192.428453,6.878143133,11.08925117,156.8345636,1
B00384,B00384_R2,378,Gate_2,Orange_3,6,6,0.2032,1.9812,146.12,2.286,2.54,138.05,7,6,8.07,0.2032,1.143,2.286,2.54,1.3462,3.4798,3.4798,1,3,3,300,1,6,6,1.6256,0,3.11404,2.032,138.05,146.12,6,7,3.4798,1.3462,-1,-8.07,-2.1336,6.9596,33.47246674,171.5224667,128.4775333,0,0,0.428258444,43.10592563,144.05,2.032,3.11404,0.9652,1.8034,8.021158173,12.2924249,3.810050132,7.118777879,3.4798,13.73623337,171.5224667,312.7157719,212.5816129,12.2924249,7.118777879,141.1933052,0
B00385,B00385_R1,381,Green_4,Gate_4,1,6,0.2032,1.9812,134.21,2.286,2.54,161.4,6,7,-27.19,1.6764,0.7112,0.2032,1.9812,3.2512,2.9464,3.2512,2,3,3,300,0,1,6,2.30632,1.1176,2.42824,1.3462,134.21,161.4,6,7,3.2512,2.9464,-1,-27.19,-0.3048,6.5024,31.66770615,165.8777062,134.1222938,4.812694904,0,0.447074313,46.13681102,140.21,1.3462,2.42824,1.4224,2.5654,5.31401729,9.585284017,5.614810721,10.12671219,3.2512,12.83385308,165.8777062,285.4138843,174.6816405,9.585284017,10.12671219,119.5361781,5
B00385,B00385_R1,353,Purple_3,Orange_3,2,6,0.2032,1.9812,134.21,2.286,2.54,161.4,6,7,-27.19,1.0668,2.54,2.286,2.54,1.4224,1.7272,1.7272,3,3,3,300,0,2,6,2.61112,1.4224,2.24536,0.8128,134.21,161.4,6,7,1.4224,1.7272,-1,-27.19,0.3048,3.1496,18.43279517,152.6427952,147.3572048,18.04760589,0,0.491190683,95.2501905,140.21,0.8128,2.24536,1.4224,2.04724,3.208463269,8.863379781,5.614810721,8.081316859,1.4224,5.614810721,152.6427952,292.6329266,184.3070304,8.863379781,8.081316859,139.9901314,4
B00385,B00385_R1,373,Orange_5,Green_6,3,6,0.2032,1.9812,134.21,2.286,2.54,161.4,6,7,-27.19,1.9812,2.032,2.54,0.762,2.3368,0.8128,2.3368,3,3,3,300,0,3,6,2.4892,1.4224,1.81864,0.8128,134.21,161.4,6,7,2.3368,0.8128,-1,-27.19,-1.524,4.6736,24.4486638,158.6586638,141.3413362,12.03173726,0,0.471137787,64.19034577,140.21,0.8128,1.81864,0.8128,1.55956,3.208463269,7.178936565,3.208463269,6.156238898,2.3368,9.224331899,158.6586638,286.617058,169.8689456,7.178936565,6.156238898,127.9583942,3
B00385,B00385_R1,377,Green_3,Gate_4,4,6,0.2032,1.9812,134.21,2.286,2.54,161.4,6,7,-27.19,2.286,0.2032,0.2032,1.9812,3.8608,2.3368,3.8608,2,3,3,300,0,4,6,2.30632,1.1176,2.30632,1.3462,134.21,161.4,6,7,3.8608,2.3368,-1,-27.19,-1.524,7.7216,36.48040106,170.6904011,129.3095989,0,0,0.431031996,38.85205139,140.21,1.3462,2.30632,0.8128,2.19964,5.31401729,9.104014527,3.208463269,8.682903722,3.8608,15.24020053,170.6904011,280.6011894,167.4625982,9.104014527,8.682903722,109.9107883,2
B00385,B00385_R1,385,Gate_2,Orange_3,5,6,0.2032,1.9812,134.21,2.286,2.54,161.4,6,7,-27.19,0.2032,1.143,2.286,2.54,1.3462,3.4798,3.4798,1,3,3,300,0,5,6,2.6416,2.2606,1.89484,0.8128,134.21,161.4,6,7,1.3462,3.4798,-1,-27.19,2.1336,4.826,25.05025066,159.2602507,140.7397493,11.4301504,0,0.469132498,62.16328222,140.21,0.8128,1.89484,1.3462,2.3368,3.208463269,7.479729996,5.31401729,9.224331899,1.3462,5.31401729,159.2602507,292.6329266,170.7713259,7.479729996,9.224331899,133.372676,1
B00385,B00385_R1,379,Green_7,Orange_7,6,6,0.2032,1.9812,134.21,2.286,2.54,161.4,6,7,-27.19,2.54,1.143,2.54,1.6002,3.175,1.651,0.9652,3,3,3,300,0,6,6,2.032,1.1938,2.12344,1.4986,134.21,161.4,6,7,3.175,1.651,-1,-27.19,-1.524,4.1402,22.34310978,156.5531098,143.4468902,14.13729128,0,0.478156301,72.46026762,140.21,1.4986,2.12344,0.889,2.1082,5.915604153,8.382110291,3.509256701,8.321951605,3.175,12.53305965,156.5531098,283.6091237,177.9903683,8.382110291,8.321951605,127.0560139,0
B00386,B00386_R1,385,Gate_2,Orange_3,1,7,2.54,1.6002,148.1,2.286,2.54,149.5,7,6,-1.39,0.2032,1.143,2.286,2.54,2.794,3.4798,3.4798,1,3,3,300,0,1,7,2.201333333,0,2.159,0.8128,148.1,149.5,7,6,2.794,3.4798,1,-1.4,0.6858,6.2738,30.76532586,178.8653259,121.1346741,0,0,0.403782247,47.8179094,155.1,0.8128,2.159,1.3462,2.4003,3.208463269,8.522480559,5.31401729,9.474993092,2.794,11.02909249,178.8653259,313.5255714,191.5102041,8.522480559,9.474993092,134.6602455,6
B00386,B00386_R1,373,Orange_5,Green_6,2,7,2.54,1.6002,148.1,2.286,2.54,149.5,7,6,-1.39,1.9812,2.032,2.54,0.762,1.4986,0.8128,2.3368,3,3,3,300,0,2,7,2.6035,1.4224,1.9685,0.8128,148.1,149.5,7,6,1.4986,0.8128,1,-1.4,-0.6858,3.8354,21.13993605,169.2399361,130.7600639,9.625389808,0,0.43586688,78.21869948,155.1,0.8128,1.9685,0.8128,1.6891,3.208463269,7.77049698,3.208463269,6.667587731,1.4986,5.915604153,169.2399361,316.5335057,196.6236924,7.77049698,6.667587731,147.2935697,5
B00386,B00386_R1,377,Green_3,Gate_4,3,7,2.54,1.6002,148.1,2.286,2.54,149.5,7,6,-1.39,2.286,0.2032,0.2032,1.9812,1.651,2.3368,3.8608,2,3,3,300,0,3,7,2.4257,1.1176,2.1463,1.3462,148.1,149.5,7,6,1.651,2.3368,1,-1.4,0.6858,5.5118,27.75739154,175.8573915,124.1426085,3.007934315,0,0.413808695,54.42868029,155.1,1.3462,2.1463,0.8128,1.9685,5.31401729,8.47234832,3.208463269,7.77049698,1.651,6.517191016,175.8573915,315.9319188,194.217345,8.47234832,7.77049698,140.0745273,4
B00386,B00386_R1,386,Gate_2,Green_6,4,7,2.54,1.6002,148.1,2.286,2.54,149.5,7,6,-1.39,0.2032,1.143,2.54,0.762,2.794,3.4798,2.7178,1,3,3,300,0,4,7,2.201333333,0,1.905,0.8128,148.1,149.5,7,6,2.794,3.4798,1,-1.4,0.6858,5.5118,27.75739154,175.8573915,124.1426085,3.007934315,0,0.413808695,54.42868029,155.1,0.8128,1.905,1.3462,2.5273,3.208463269,7.519835787,5.31401729,9.976315478,2.794,11.02909249,175.8573915,313.5255714,188.5022698,7.519835787,9.976315478,137.6681798,3
B00386,B00386_R1,381,Green_4,Gate_4,5,7,2.54,1.6002,148.1,2.286,2.54,149.5,7,6,-1.39,1.6764,0.7112,0.2032,1.9812,2.2606,2.9464,3.2512,2,3,3,300,0,5,7,2.3241,1.1176,2.2479,1.3462,148.1,149.5,7,6,2.2606,2.9464,1,-1.4,0.6858,5.5118,27.75739154,175.8573915,124.1426085,3.007934315,0,0.413808695,54.42868029,155.1,1.3462,2.2479,1.4224,2.3749,5.31401729,8.873406229,5.614810721,9.374728615,2.2606,8.923538468,175.8573915,315.9319188,196.6236924,8.873406229,9.374728615,140.0745273,2
B00386,B00386_R1,353,Purple_3,Orange_3,6,7,2.54,1.6002,148.1,2.286,2.54,149.5,7,6,-1.39,1.0668,2.54,2.286,2.54,2.413,1.7272,1.7272,3,3,3,300,0,6,7,2.5527,1.4224,2.4511,0.8128,148.1,149.5,7,6,2.413,1.7272,1,-1.4,-0.6858,4.1402,22.34310978,170.4431098,129.5568902,8.422216082,0,0.431856301,72.46026762,155.1,0.8128,2.4511,1.4224,2.2479,3.208463269,9.675522046,5.614810721,8.873406229,2.413,9.525125331,170.4431098,315.330332,206.8506691,9.675522046,8.873406229,144.8872222,1
B00386,B00386_R1,379,Green_7,Orange_7,7,7,2.54,1.6002,148.1,2.286,2.54,149.5,7,6,-1.39,2.54,1.143,2.54,1.6002,0.9652,1.651,0.9652,3,3,3,300,0,7,7,2.0828,1.1938,2.2352,1.4986,148.1,149.5,7,6,0.9652,1.651,1,-1.4,0.6858,1.9304,13.62010026,161.7201003,138.2798997,17.1452256,0,0.460932999,155.4082056,155.1,1.4986,2.2352,0.889,1.905,5.915604153,8.82327399,3.509256701,7.519835787,0.9652,3.810050132,161.7201003,318.9398532,210.4601903,8.82327399,7.519835787,157.2197529,0
B00387,B00387_R2,382,Gate_2,Orange_6,1,6,2.54,1.6002,152.06,2.286,2.54,144.33,7,6,7.73,0.2032,1.143,2.54,1.9812,2.794,3.4798,3.175,1,3,3,300,1,1,6,1.6256,0,2.80924,1.7272,144.33,152.06,6,7,3.4798,2.794,-1,-7.73,-0.6858,6.6548,32.26929302,176.599293,123.400707,1.203173726,0,0.41133569,45.08024283,150.33,1.7272,2.80924,0.9652,1.94056,6.817984447,11.08925117,3.810050132,7.660206055,3.4798,13.73623337,176.599293,320.4997391,209.2728852,11.08925117,7.660206055,143.9004461,5
B00387,B00387_R2,372,Green_6,Gate_3,2,6,2.54,1.6002,152.06,2.286,2.54,144.33,7,6,7.73,2.54,0.762,0.2032,1.6002,1.3462,2.032,3.175,2,3,3,300,1,2,6,2.30632,1.1176,1.74244,0.9652,144.33,152.06,6,7,2.032,1.3462,-1,-7.73,-0.6858,5.207,26.55421782,170.8842178,129.1157822,6.918248924,0,0.430385941,57.61474938,150.33,0.9652,1.74244,1.7272,2.88544,3.810050132,6.878143133,6.817984447,11.39004461,2.032,8.021158173,170.8842178,329.2227486,193.9324202,6.878143133,11.39004461,158.3385308,4
B00387,B00387_R2,384,Yellow_3,Purple_2,3,6,2.54,1.6002,152.06,2.286,2.54,144.33,7,6,7.73,1.0668,0.2032,0.762,2.54,2.8702,3.556,3.2512,3,3,3,300,1,3,6,1.69672,1.4224,2.67208,1.9558,144.33,152.06,6,7,3.556,2.8702,-1,-7.73,-0.6858,6.8072,32.87087988,177.2008799,122.7991201,0.601586863,0,0.4093304,44.07098366,150.33,1.9558,2.67208,2.2606,2.99212,7.720364742,10.547823,8.923538468,11.81115541,3.556,14.0370268,177.2008799,325.312434,205.9641574,10.547823,11.81115541,148.1115541,3
B00387,B00387_R2,378,Gate_2,Orange_3,4,6,2.54,1.6002,152.06,2.286,2.54,144.33,7,6,7.73,0.2032,1.143,2.286,2.54,2.794,3.4798,3.4798,1,3,3,300,1,4,6,1.6256,0,3.11404,2.032,144.33,152.06,6,7,3.4798,2.794,-1,-7.73,-0.6858,6.9596,33.47246674,177.8024667,122.1975333,0,0,0.407325111,43.10592563,150.33,2.032,3.11404,0.9652,1.8796,8.021158173,12.2924249,3.810050132,7.41957131,3.4798,13.73623337,177.8024667,320.4997391,214.0855801,12.2924249,7.41957131,142.6972723,2
B00387,B00387_R2,387,Green_2,Gate_4,5,6,2.54,1.6002,152.06,2.286,2.54,144.33,7,6,7.73,1.9812,0.2032,0.2032,1.9812,1.9558,2.6416,3.556,2,3,3,300,1,5,6,2.06248,1.1176,2.12344,1.3462,144.33,152.06,6,7,2.6416,1.9558,-1,-7.73,-0.6858,6.1976,30.46453243,174.7945324,125.2054676,3.007934315,0,0.417351559,48.40583452,150.33,1.3462,2.12344,2.3368,3.05308,5.31401729,8.382110291,9.224331899,12.05179016,2.6416,10.42750563,174.7945324,329.2227486,197.5419413,8.382110291,12.05179016,154.4282162,1
B00387,B00387_R2,374,Gate_1,Purple_4,6,6,2.54,1.6002,152.06,2.286,2.54,144.33,7,6,7.73,0.2032,0.762,0.762,2.032,3.175,3.8608,2.3368,1,3,3,300,1,6,6,1.69672,0.889,2.85496,1.9558,144.33,152.06,6,7,3.8608,3.175,-1,-7.73,-0.6858,6.1976,30.46453243,174.7945324,125.2054676,3.007934315,0,0.417351559,48.40583452,150.33,1.9558,2.85496,1.3462,2.5654,7.720364742,11.26972723,5.31401729,10.12671219,3.8608,15.24020053,174.7945324,320.4997391,211.9800261,11.26972723,10.12671219,145.7052066,0
B00388,B00388_R1,373,Orange_5,Green_6,1,7,2.54,1.6002,143.75,0.762,2.032,157.09,7,6,-13.35,1.9812,2.032,2.54,0.762,1.4986,1.7272,2.3368,3,3,3,300,0,1,7,2.667,1.4224,1.905,0.8128,143.75,157.09,7,6,1.4986,1.7272,1,-13.34,0.2286,3.8354,21.13993605,164.8899361,135.1100639,6.617455493,0,0.45036688,78.21869948,150.75,0.8128,1.905,0.8128,1.9431,3.208463269,7.519835787,3.208463269,7.670232503,1.4986,5.915604153,164.8899361,309.1755714,192.1117909,7.519835787,7.670232503,144.2856353,6
B00388,B00388_R1,377,Green_3,Gate_4,2,7,2.54,1.6002,143.75,0.762,2.032,157.09,7,6,-13.35,2.286,0.2032,0.2032,1.9812,1.651,3.8608,3.8608,2,3,3,300,0,2,7,2.2606,1.1176,2.3114,1.3462,143.75,157.09,7,6,1.651,3.8608,1,-13.34,2.2098,5.5118,27.75739154,171.5073915,128.4926085,0,0,0.428308695,54.42868029,150.75,1.3462,2.3114,0.8128,2.2225,5.31401729,9.124067422,3.208463269,8.773141752,1.651,6.517191016,171.5073915,308.5739845,195.1197253,9.124067422,8.773141752,137.066593,5
B00388,B00388_R1,386,Gate_2,Green_6,3,7,2.54,1.6002,143.75,0.762,2.032,157.09,7,6,-13.35,0.2032,1.143,2.54,0.762,2.794,1.9558,2.7178,1,3,3,300,0,3,7,2.4511,1.4986,1.8415,0.8128,143.75,157.09,7,6,2.794,1.9558,1,-13.34,-0.8382,5.5118,27.75739154,171.5073915,128.4926085,0,0,0.428308695,54.42868029,150.75,0.8128,1.8415,1.3462,2.1717,3.208463269,7.269174594,5.31401729,8.572612798,2.794,11.02909249,171.5073915,306.1676371,183.9903683,7.269174594,8.572612798,134.6602455,4
B00388,B00388_R1,381,Green_4,Gate_4,4,7,2.54,1.6002,143.75,0.762,2.032,157.09,7,6,-13.35,1.6764,0.7112,0.2032,1.9812,2.2606,3.2512,3.2512,2,3,3,300,0,4,7,2.159,1.1176,2.413,1.3462,143.75,157.09,7,6,2.2606,3.2512,1,-13.34,0.9906,5.5118,27.75739154,171.5073915,128.4926085,0,0,0.428308695,54.42868029,150.75,1.3462,2.413,1.4224,2.4257,5.31401729,9.525125331,5.614810721,9.575257569,2.2606,8.923538468,171.5073915,308.5739845,197.5260727,9.525125331,9.575257569,137.066593,3
B00388,B00388_R1,388,Yellow_2,Gate_4,5,7,2.54,1.6002,143.75,0.762,2.032,157.09,7,6,-13.35,0.762,0.2032,0.2032,1.9812,3.175,2.9464,2.3368,2,3,3,300,0,5,7,2.413,1.4224,2.5654,1.3462,143.75,157.09,7,6,3.175,2.9464,1,-13.34,-0.2286,5.5118,27.75739154,171.5073915,128.4926085,0,0,0.428308695,54.42868029,150.75,1.3462,2.5654,2.3368,2.7305,5.31401729,10.12671219,9.224331899,10.7784313,3.175,12.53305965,171.5073915,308.5739845,201.1355939,10.12671219,10.7784313,137.066593,2
B00388,B00388_R1,353,Purple_3,Orange_3,6,7,2.54,1.6002,143.75,0.762,2.032,157.09,7,6,-13.35,1.0668,2.54,2.286,2.54,2.413,0.8128,1.7272,3,3,3,300,0,6,7,2.7178,1.4224,2.5146,0.8128,143.75,157.09,7,6,2.413,0.8128,1,-13.34,-1.6002,4.1402,22.34310978,166.0931098,133.9068902,5.414281767,0,0.446356301,72.46026762,150.75,0.8128,2.5146,1.4224,2.1971,3.208463269,9.926183239,5.614810721,8.672877275,2.413,9.525125331,166.0931098,307.9723977,205.3467019,9.926183239,8.672877275,141.8792879,1
B00388,B00388_R1,379,Green_7,Orange_7,7,7,2.54,1.6002,143.75,0.762,2.032,157.09,7,6,-13.35,2.54,1.143,2.54,1.6002,0.9652,3.175,0.9652,3,3,3,300,0,7,7,2.1463,1.1938,2.2987,1.4986,143.75,157.09,7,6,0.9652,3.175,1,-13.34,2.2098,1.9304,13.62010026,157.3701003,142.6298997,14.13729128,0,0.475432999,155.4082056,150.75,1.4986,2.2987,0.889,2.159,5.915604153,9.073935183,3.509256701,8.522480559,0.9652,3.810050132,157.3701003,311.5819188,208.9562231,9.073935183,8.522480559,154.2118186,0
B00389,B00389_R2,372,Green_6,Gate_3,1,6,2.54,1.6002,152.58,0.762,2.032,150.2,8,6,2.38,2.54,0.762,0.2032,1.6002,1.3462,3.556,3.175,2,3,3,300,1,1,6,2.16916,1.1176,2.15392,0.9652,150.2,152.58,6,8,3.556,1.3462,-2,-2.38,-2.2098,6.731,32.57008645,182.7700864,117.2299136,1.503967157,0,0.390766379,44.56990046,156.2,0.9652,2.15392,2.032,3.2512,3.810050132,8.502427664,8.021158173,12.83385308,3.556,14.0370268,182.7700864,318.8499033,184.6078238,8.502427664,12.83385308,136.0798168,5
B00389,B00389_R2,374,Gate_1,Purple_4,2,6,2.54,1.6002,152.58,0.762,2.032,150.2,8,6,2.38,0.2032,0.762,0.762,2.032,3.175,2.3368,2.3368,1,3,3,300,1,2,6,2.29108,0.889,2.8702,1.9558,150.2,152.58,6,8,2.3368,3.175,-2,-2.38,0.8382,4.6736,24.4486638,174.6486638,125.3513362,9.625389808,0,0.417837787,64.19034577,156.2,1.9558,2.8702,1.3462,2.19964,7.720364742,11.32988592,5.31401729,8.682903722,2.3368,9.224331899,174.6486638,320.9554573,206.8665377,11.32988592,8.682903722,146.3067935,4
B00389,B00389_R2,387,Green_2,Gate_4,3,6,2.54,1.6002,152.58,0.762,2.032,150.2,8,6,2.38,1.9812,0.2032,0.2032,1.9812,1.9558,3.556,3.556,2,3,3,300,1,3,6,2.04724,1.1176,2.38252,1.3462,150.2,152.58,6,8,3.556,1.9558,-2,-2.38,-1.6002,7.112,34.07405361,184.2740536,115.7259464,0,0,0.385753155,42.18222722,156.2,1.3462,2.38252,2.6416,3.29692,5.31401729,9.404807958,10.42750563,13.01432914,3.556,14.0370268,184.2740536,321.2562507,187.6157581,9.404807958,13.01432914,136.9821971,3
B00389,B00389_R2,378,Gate_2,Orange_3,4,6,2.54,1.6002,152.58,0.762,2.032,150.2,8,6,2.38,0.2032,1.143,2.286,2.54,2.794,1.9558,3.4798,1,3,3,300,1,4,6,2.32156,0.889,2.41808,0,150.2,152.58,6,8,1.9558,2.794,-2,-2.38,0.8382,5.4356,27.45659811,177.6565981,122.3434019,6.617455493,0,0.40781134,55.19169917,156.2,0,2.41808,0.9652,1.51384,0,9.545178226,3.810050132,5.975762839,1.9558,7.720364742,177.6565981,320.9554573,194.9350649,9.545178226,5.975762839,143.2988592,2
B00389,B00389_R2,389,Orange_3,Gate_4,5,6,2.54,1.6002,152.58,0.762,2.032,150.2,8,6,2.38,2.286,2.54,0.2032,1.9812,1.1938,2.032,2.6416,2,3,3,300,1,5,6,3.11404,2.032,2.5654,1.3462,150.2,152.58,6,8,2.032,1.1938,-2,-2.38,-0.8382,4.6736,24.4486638,174.6486638,125.3513362,9.625389808,0,0.417837787,64.19034577,156.2,1.3462,2.5654,0,1.94564,5.31401729,10.12671219,0,7.680258951,2.032,8.021158173,174.6486638,316.8446137,200.8506691,10.12671219,7.680258951,142.1959499,1
B00389,B00389_R2,384,Yellow_3,Purple_2,6,6,2.54,1.6002,152.58,0.762,2.032,150.2,8,6,2.38,1.0668,0.2032,0.762,2.54,2.8702,3.2512,3.2512,3,3,3,300,1,6,6,2.04724,1.4224,2.68732,1.9558,150.2,152.58,6,8,3.2512,2.8702,-2,-2.38,-0.381,6.5024,31.66770615,181.8677062,118.1322938,2.406347452,0,0.393774313,46.13681102,156.2,1.9558,2.68732,2.2606,2.8702,7.720364742,10.60798168,8.923538468,11.32988592,3.2512,12.83385308,181.8677062,320.9554573,196.0379742,10.60798168,11.32988592,139.0877512,0
B00390,B00390_R1,377,Green_3,Gate_4,1,7,2.54,1.6002,145.37,0.762,2.54,152.46,7,6,-7.09,2.286,0.2032,0.2032,1.9812,1.651,3.8608,3.8608,2,3,3,300,0,1,7,2.0193,1.1176,2.4511,1.3462,145.37,152.46,7,6,1.651,3.8608,1,-7.09,2.2098,5.5118,27.75739154,173.1273915,126.8726085,0,0,0.422908695,54.42868029,152.37,1.3462,2.4511,0.8128,2.7305,5.31401729,9.675522046,3.208463269,10.7784313,1.651,6.517191016,173.1273915,311.3971583,199.6316267,9.675522046,10.7784313,138.2697667,6
B00390,B00390_R1,388,Yellow_2,Gate_4,2,7,2.54,1.6002,145.37,0.762,2.54,152.46,7,6,-7.09,0.762,0.2032,0.2032,1.9812,3.175,2.9464,2.3368,2,3,3,300,0,2,7,2.2733,1.4224,2.7051,1.3462,145.37,152.46,7,6,3.175,2.9464,1,-7.09,-0.2286,5.5118,27.75739154,173.1273915,126.8726085,0,0,0.422908695,54.42868029,152.37,1.3462,2.7051,2.3368,2.8321,5.31401729,10.67816682,9.224331899,11.1794892,3.175,12.53305965,173.1273915,311.3971583,205.6474954,10.67816682,11.1794892,138.2697667,5
B00390,B00390_R1,386,Gate_2,Green_6,3,7,2.54,1.6002,145.37,0.762,2.54,152.46,7,6,-7.09,0.2032,1.143,2.54,0.762,2.794,1.9558,2.7178,1,3,3,300,0,3,7,2.3114,1.4986,1.6002,0.8128,145.37,152.46,7,6,2.794,1.9558,1,-7.09,-0.8382,5.5118,27.75739154,173.1273915,126.8726085,0,0,0.422908695,54.42868029,152.37,0.8128,1.6002,1.3462,2.0447,3.208463269,6.316662061,5.31401729,8.071290412,2.794,11.02909249,173.1273915,308.9908108,179.4784668,6.316662061,8.071290412,135.8634193,4
B00390,B00390_R1,381,Green_4,Gate_4,4,7,2.54,1.6002,145.37,0.762,2.54,152.46,7,6,-7.09,1.6764,0.7112,0.2032,1.9812,2.2606,3.2512,3.2512,2,3,3,300,0,4,7,1.9177,1.1176,2.5527,1.3462,145.37,152.46,7,6,2.2606,3.2512,1,-7.09,0.9906,5.5118,27.75739154,173.1273915,126.8726085,0,0,0.422908695,54.42868029,152.37,1.3462,2.5527,1.4224,2.7305,5.31401729,10.07657995,5.614810721,10.7784313,2.2606,8.923538468,173.1273915,311.3971583,202.0379742,10.07657995,10.7784313,138.2697667,3
B00390,B00390_R1,353,Purple_3,Orange_3,5,7,2.54,1.6002,145.37,0.762,2.54,152.46,7,6,-7.09,1.0668,2.54,2.286,2.54,2.413,0.8128,1.7272,3,3,3,300,0,5,7,2.9591,2.2606,2.6543,1.651,145.37,152.46,7,6,2.413,0.8128,1,-7.09,-1.6002,4.1402,22.34310978,167.7131098,132.2868902,5.414281767,0,0.440956301,72.46026762,152.37,1.651,2.6543,0.8128,1.7907,6.517191016,10.47763786,3.208463269,7.06864564,2.413,9.525125331,167.7131098,308.3892239,209.8586034,10.47763786,7.06864564,140.6761142,2
B00390,B00390_R1,379,Green_7,Orange_7,6,7,2.54,1.6002,145.37,0.762,2.54,152.46,7,6,-7.09,2.54,1.143,2.54,1.6002,0.9652,3.175,0.9652,3,3,3,300,0,6,7,1.820333333,0,2.2098,0.9652,145.37,152.46,7,6,0.9652,3.175,1,-7.09,2.2098,1.9304,13.62010026,158.9901003,141.0098997,14.13729128,0,0.470032999,155.4082056,152.37,0.9652,2.2098,0.889,2.54,3.810050132,8.723009513,3.509256701,10.02644772,0.9652,3.810050132,158.9901003,314.4050926,208.0538428,8.723009513,10.02644772,155.4149923,1
B00390,B00390_R1,390,Green_7,Purple_2,7,7,2.54,1.6002,145.37,0.762,2.54,152.46,7,6,-7.09,2.54,1.143,0.762,2.54,0.9652,3.175,3.175,3,3,3,300,0,7,7,1.820333333,0,2.667,0.8128,145.37,152.46,7,6,0.9652,3.175,1,-7.09,2.2098,4.1402,22.34310978,167.7131098,132.2868902,5.414281767,0,0.440956301,72.46026762,152.37,0.8128,2.667,0.889,2.1717,3.208463269,10.5277701,3.509256701,8.572612798,0.9652,3.810050132,167.7131098,314.4050926,210.1593968,10.5277701,8.572612798,146.6919828,0
B00391,B00391_R2,391,Green_3,Green_5,1,6,0.762,2.54,159.8,0.762,2.54,142.72,8,6,17.08,2.286,0.2032,1.9812,0.7112,3.8608,3.8608,0.8128,3,3,3,300,1,1,6,2.1082,0.8128,1.92532,0.508,142.72,159.8,6,8,3.8608,3.8608,-2,-17.08,0,4.6736,24.4486638,167.1686638,132.8313362,9.625389808,0,0.442771121,64.19034577,148.72,0.508,1.92532,2.3368,3.556,2.005289543,7.600047369,9.224331899,14.0370268,3.8608,15.24020053,167.1686638,303.2484806,180.0959223,7.600047369,14.0370268,136.0798168,5
B00391,B00391_R2,387,Green_2,Gate_4,2,6,0.762,2.54,159.8,0.762,2.54,142.72,8,6,17.08,1.9812,0.2032,0.2032,1.9812,3.556,3.556,3.556,2,3,3,300,1,2,6,1.98628,0.8128,2.44348,1.3462,142.72,159.8,6,8,3.556,3.556,-2,-17.08,0,7.112,34.07405361,176.7940536,123.2059464,0,0,0.410686488,42.18222722,148.72,1.3462,2.44348,0.508,2.76352,5.31401729,9.645442703,2.005289543,10.90877512,3.556,14.0370268,176.7940536,297.232612,180.6975092,9.645442703,10.90877512,120.4385584,4
B00391,B00391_R2,384,Yellow_3,Purple_2,3,6,0.762,2.54,159.8,0.762,2.54,142.72,8,6,17.08,1.0668,0.2032,0.762,2.54,3.2512,3.2512,3.2512,3,3,3,300,1,3,6,1.98628,1.4224,2.74828,1.9558,142.72,159.8,6,8,3.2512,3.2512,-2,-17.08,0,6.5024,31.66770615,174.3877062,125.6122938,2.406347452,0,0.418707646,46.13681102,148.72,1.9558,2.74828,1.4224,2.70256,7.720364742,10.84861643,5.614810721,10.66814037,3.2512,12.83385308,174.3877062,302.0453069,189.1197253,10.84861643,10.66814037,127.6576008,3
B00391,B00391_R2,378,Gate_2,Orange_3,4,6,0.762,2.54,159.8,0.762,2.54,142.72,8,6,17.08,0.2032,1.143,2.286,2.54,1.9558,1.9558,3.4798,1,3,3,300,1,4,6,2.38252,0.889,2.47904,0,142.72,159.8,6,8,1.9558,1.9558,-2,-17.08,0,5.4356,27.45659811,170.1765981,129.8234019,6.617455493,0,0.432744673,55.19169917,148.72,0,2.47904,1.3462,1.86436,0,9.785812971,5.31401729,7.359412624,1.9558,7.720364742,170.1765981,306.8580018,188.016816,9.785812971,7.359412624,136.6814037,2
B00391,B00391_R2,389,Orange_3,Gate_4,5,6,0.762,2.54,159.8,0.762,2.54,142.72,8,6,17.08,2.286,2.54,0.2032,1.9812,2.032,2.032,2.6416,2,3,3,300,1,5,6,3.175,2.3368,2.62636,1.3462,142.72,159.8,6,8,2.032,2.032,-2,-17.08,0,4.6736,24.4486638,167.1686638,132.8313362,9.625389808,0,0.442771121,64.19034577,148.72,1.3462,2.62636,0,1.86944,5.31401729,10.36734694,0,7.379465519,2.032,8.021158173,167.1686638,301.2431911,193.9324202,10.36734694,7.379465519,134.0745273,1
B00391,B00391_R2,374,Gate_1,Purple_4,6,6,0.762,2.54,159.8,0.762,2.54,142.72,8,6,17.08,0.2032,0.762,0.762,2.032,2.3368,2.3368,2.3368,1,3,3,300,1,6,6,2.23012,0.889,2.93116,1.9558,142.72,159.8,6,8,2.3368,2.3368,-2,-17.08,0,4.6736,24.4486638,167.1686638,132.8313362,9.625389808,0,0.442771121,64.19034577,148.72,1.9558,2.93116,1.7272,2.39776,7.720364742,11.57052066,6.817984447,9.464966644,2.3368,9.224331899,167.1686638,306.8580018,199.9482888,11.57052066,9.464966644,139.689338,0
B00392,B00392_R2,387,Green_2,Gate_4,1,6,0.762,2.54,151.49,0.762,2.032,142.17,7,6,9.31,1.9812,0.2032,0.2032,1.9812,3.556,3.556,3.556,2,3,3,300,1,1,6,2.29108,1.4224,2.01676,1.3462,142.17,151.49,6,7,3.556,3.556,-1,-9.32,0,7.112,34.07405361,176.2440536,123.7559464,0,0,0.412519821,42.18222722,148.17,1.3462,2.01676,1.7272,3.00736,5.31401729,7.960999487,6.817984447,11.8713141,3.556,14.0370268,176.2440536,296.682612,167.4625982,7.960999487,11.8713141,120.4385584,5
B00392,B00392_R2,378,Gate_2,Orange_3,2,6,0.762,2.54,151.49,0.762,2.032,142.17,7,6,9.31,0.2032,1.143,2.286,2.54,1.9558,1.9558,3.4798,1,3,3,300,1,2,6,1.9558,0.889,2.78384,0,142.17,151.49,6,7,1.9558,1.9558,-1,-9.32,0,5.4356,27.45659811,169.6265981,130.3734019,6.617455493,0,0.434578006,55.19169917,148.17,0,2.78384,1.3462,1.62052,0,10.9889867,5.31401729,6.396873643,1.9558,7.720364742,169.6265981,301.4953069,189.2199897,10.9889867,6.396873643,131.8687088,4
B00392,B00392_R2,389,Orange_3,Gate_4,3,6,0.762,2.54,151.49,0.762,2.032,142.17,7,6,9.31,2.286,2.54,0.2032,1.9812,2.032,2.032,2.6416,2,3,3,300,1,3,6,3.4798,2.6416,2.19964,1.3462,142.17,151.49,6,7,2.032,2.032,-1,-9.32,0,4.6736,24.4486638,166.6186638,133.3813362,9.625389808,0,0.444604454,64.19034577,148.17,1.3462,2.19964,0,2.11328,5.31401729,8.682903722,0,8.3420045,2.032,8.021158173,166.6186638,295.8804962,180.6975092,8.682903722,8.3420045,129.2618324,3
B00392,B00392_R2,374,Gate_1,Purple_4,4,6,0.762,2.54,151.49,0.762,2.032,142.17,7,6,9.31,0.2032,0.762,0.762,2.032,2.3368,2.3368,2.3368,1,3,3,300,1,4,6,1.7018,0,2.62636,1.9558,142.17,151.49,6,7,2.3368,2.3368,-1,-9.32,0,4.6736,24.4486638,166.6186638,133.3813362,9.625389808,0,0.444604454,64.19034577,148.17,1.9558,2.62636,1.1176,2.15392,7.720364742,10.36734694,4.411636995,8.502427664,2.3368,9.224331899,166.6186638,299.0889595,189.1197253,10.36734694,8.502427664,132.4702957,2
B00392,B00392_R2,392,Gate_1,Yellow_4,5,6,0.762,2.54,151.49,0.762,2.032,142.17,7,6,9.31,0.2032,0.762,0.762,0.7112,2.3368,2.3368,1.1176,1,3,3,300,1,5,6,1.7018,0,1.8034,0.8128,142.17,151.49,6,7,2.3368,2.3368,-1,-9.32,0,3.4544,19.63596889,161.8059689,138.1940311,14.43808471,0,0.46064677,86.84576193,148.17,0.8128,1.8034,1.7272,2.39776,3.208463269,7.118777879,6.817984447,9.464966644,2.3368,9.224331899,161.8059689,301.4953069,177.6895749,7.118777879,9.464966644,139.689338,1
B00392,B00392_R2,384,Yellow_3,Purple_2,6,6,0.762,2.54,151.49,0.762,2.032,142.17,7,6,9.31,1.0668,0.2032,0.762,2.54,3.2512,3.2512,3.2512,3,3,3,300,1,6,6,1.92532,1.4224,2.44348,1.9558,142.17,151.49,6,7,3.2512,3.2512,-1,-9.32,0,6.5024,31.66770615,173.8377062,126.1622938,2.406347452,0,0.420540979,46.13681102,148.17,1.9558,2.44348,0.8128,2.58064,7.720364742,9.645442703,3.208463269,10.18687088,3.2512,12.83385308,173.8377062,294.2762646,178.2911617,9.645442703,10.18687088,120.4385584,0
B00393,B00393_R2,387,Green_2,Gate_4,1,7,0.762,2.54,144.08,0.762,2.54,135.69,7,7,8.39,1.9812,0.2032,0.2032,1.9812,3.556,3.556,3.556,2,3,3,300,1,1,7,2.2987,1.4224,1.9685,1.3462,135.69,144.08,7,7,3.556,3.556,0,-8.39,0,7.112,34.07405361,169.7640536,130.2359464,0,0,0.434119821,42.18222722,142.69,1.3462,1.9685,1.7272,3.048,5.31401729,7.77049698,6.817984447,12.03173726,3.556,14.0370268,169.7640536,318.260797,202.3387676,7.77049698,12.03173726,148.4967434,6
B00393,B00393_R2,378,Gate_2,Orange_3,2,7,0.762,2.54,144.08,0.762,2.54,135.69,7,7,8.39,0.2032,1.143,2.286,2.54,1.9558,1.9558,3.4798,1,3,3,300,1,2,7,1.778,0.889,2.963333333,0,135.69,144.08,7,7,1.9558,1.9558,0,-8.39,0,5.4356,27.45659811,163.1465981,136.8534019,6.617455493,0,0.456178006,55.19169917,142.69,0,2.963333333,1.3462,1.8288,0,11.69752234,5.31401729,7.219042356,1.9558,7.720364742,163.1465981,323.0734919,232.5183752,11.69752234,7.219042356,159.9268938,5
B00393,B00393_R2,389,Orange_3,Gate_4,3,7,0.762,2.54,144.08,0.762,2.54,135.69,7,7,8.39,2.286,2.54,0.2032,1.9812,2.032,2.032,2.6416,2,3,3,300,1,3,7,3.5433,2.6416,2.1209,1.3462,135.69,144.08,7,7,2.032,2.032,0,-8.39,0,4.6736,24.4486638,160.1386638,139.8613362,9.625389808,0,0.466204454,64.19034577,142.69,1.3462,2.1209,0,1.947333333,5.31401729,8.372083843,0,7.686943249,2.032,8.021158173,160.1386638,317.4586812,215.5736786,8.372083843,7.686943249,157.3200174,4
B00393,B00393_R2,374,Gate_1,Purple_4,4,7,0.762,2.54,144.08,0.762,2.54,135.69,7,7,8.39,0.2032,0.762,0.762,2.032,2.3368,2.3368,2.3368,1,3,3,300,1,4,7,1.418166667,0,2.5781,1.9558,135.69,144.08,7,7,2.3368,2.3368,0,-8.39,0,4.6736,24.4486638,160.1386638,139.8613362,9.625389808,0,0.466204454,64.19034577,142.69,1.9558,2.5781,1.1176,2.3368,7.720364742,10.17684443,4.411636995,9.224331899,2.3368,9.224331899,160.1386638,320.6671444,226.4022421,10.17684443,9.224331899,160.5284806,3
B00393,B00393_R2,392,Gate_1,Yellow_4,5,7,0.762,2.54,144.08,0.762,2.54,135.69,7,7,8.39,0.2032,0.762,0.762,0.7112,2.3368,2.3368,1.1176,1,3,3,300,1,5,7,1.418166667,0,1.6891,0.8128,135.69,144.08,7,7,2.3368,2.3368,0,-8.39,0,3.4544,19.63596889,155.3259689,144.6740311,14.43808471,0,0.48224677,86.84576193,142.69,0.8128,1.6891,1.7272,2.54,3.208463269,6.667587731,6.817984447,10.02644772,2.3368,9.224331899,155.3259689,323.0734919,210.1593968,6.667587731,10.02644772,167.747523,2
B00393,B00393_R2,384,Yellow_3,Purple_2,6,7,0.762,2.54,144.08,0.762,2.54,135.69,7,7,8.39,1.0668,0.2032,0.762,2.54,3.2512,3.2512,3.2512,3,3,3,300,1,6,7,1.8415,1.4224,2.4257,1.9558,135.69,144.08,7,7,3.2512,3.2512,0,-8.39,0,6.5024,31.66770615,167.3577062,132.6422938,2.406347452,0,0.442140979,46.13681102,142.69,1.9558,2.4257,0.8128,2.6416,7.720364742,9.575257569,3.208463269,10.42750563,3.2512,12.83385308,167.3577062,315.8544495,215.5736786,9.575257569,10.42750563,148.4967434,1
B00393,B00393_R2,393,Gate_1,Orange_4,7,7,0.762,2.54,144.08,0.762,2.54,135.69,7,7,8.39,0.2032,0.762,1.6764,2.032,2.3368,2.3368,3.2512,1,3,3,300,1,7,7,1.418166667,0,2.7813,1.1176,135.69,144.08,7,7,2.3368,2.3368,0,-8.39,0,5.588,28.05818498,163.748185,136.251815,6.01586863,0,0.454172717,53.68647101,142.69,1.1176,2.7813,1.1176,2.1844,4.411636995,10.97896025,4.411636995,8.622745036,2.3368,9.224331899,163.748185,320.6671444,227.6054159,10.97896025,8.622745036,156.9189595,0
B00394,B00394_R1,386,Gate_2,Green_6,1,6,0.762,2.54,128.2,1.6764,2.032,157.46,6,7,-29.26,0.2032,1.143,2.54,0.762,1.9558,2.8702,2.7178,1,3,3,300,0,1,6,2.50444,2.2606,1.75768,0.889,128.2,157.46,6,7,1.9558,2.8702,-1,-29.26,0.9144,4.6736,24.4486638,152.6486638,147.3513362,7.219042356,0,0.491171121,64.19034577,134.2,0.889,1.75768,1.3462,2.39776,3.509256701,6.93830182,5.31401729,9.464966644,1.9558,7.720364742,152.6486638,276.9975368,161.4467296,6.93830182,9.464966644,124.348873,5
B00394,B00394_R1,390,Green_7,Purple_2,2,6,0.762,2.54,128.2,1.6764,2.032,157.46,6,7,-29.26,2.54,1.143,0.762,2.54,3.175,2.2606,3.175,3,3,3,300,0,2,6,1.79324,0,2.1844,0.8128,128.2,157.46,6,7,3.175,2.2606,-1,-29.26,-0.9144,6.35,31.06611929,159.2661193,140.7338807,0.601586863,0,0.469112936,47.24409449,134.2,0.8128,2.1844,0.889,1.69672,3.208463269,8.622745036,3.509256701,6.697667075,3.175,12.53305965,159.2661193,270.3800813,163.2514902,8.622745036,6.697667075,111.113962,4
B00394,B00394_R1,353,Purple_3,Orange_3,3,6,0.762,2.54,128.2,1.6764,2.032,157.46,6,7,-29.26,1.0668,2.54,2.286,2.54,0.8128,1.1176,1.7272,3,3,3,300,0,3,6,2.47396,1.4224,2.1082,0.8128,128.2,157.46,6,7,0.8128,1.1176,-1,-29.26,0.3048,2.54,16.02644772,144.2264477,155.7735523,15.64125844,0,0.519245174,118.1102362,134.2,0.8128,2.1082,0.8128,2.16916,3.208463269,8.321951605,3.208463269,8.56258635,0.8128,3.208463269,144.2264477,279.4038843,176.7871946,8.321951605,8.56258635,135.1774365,3
B00394,B00394_R1,394,Orange_2,Green_1,4,6,0.762,2.54,128.2,1.6764,2.032,157.46,6,7,-29.26,1.9812,2.54,1.6764,0.2032,1.7272,0.8128,3.2512,3,3,3,300,0,4,6,2.35204,1.4224,1.89484,0.508,128.2,157.46,6,7,1.7272,0.8128,-1,-29.26,-0.9144,4.9784,25.65183752,153.8518375,146.1481625,6.01586863,0,0.487160542,60.2603246,134.2,0.508,1.89484,0.8128,1.74244,2.005289543,7.479729996,3.208463269,6.878143133,1.7272,6.817984447,153.8518375,275.7943631,162.9506967,7.479729996,6.878143133,121.9425256,2
B00394,B00394_R1,379,Green_7,Orange_7,5,6,0.762,2.54,128.2,1.6764,2.032,157.46,6,7,-29.26,2.54,1.143,2.54,1.6002,3.175,2.2606,0.9652,3,3,3,300,0,5,6,1.79324,0,1.98628,0.9652,128.2,157.46,6,7,3.175,2.2606,-1,-29.26,-0.9144,4.1402,22.34310978,150.5431098,149.4568902,9.324596376,0,0.498189634,72.46026762,134.2,0.9652,1.98628,0.889,2.13868,3.810050132,7.840682114,3.509256701,8.442268977,3.175,12.53305965,150.5431098,270.3800813,168.0641851,7.840682114,8.442268977,119.8369715,1
B00394,B00394_R1,381,Green_4,Gate_4,6,6,0.762,2.54,128.2,1.6764,2.032,157.46,6,7,-29.26,1.6764,0.7112,0.2032,1.9812,3.2512,2.9464,3.2512,2,3,3,300,0,6,6,2.44348,1.8034,2.29108,1.3462,128.2,157.46,6,7,3.2512,2.9464,-1,-29.26,-0.3048,6.5024,31.66770615,159.8677062,140.1322938,0,0,0.467107646,46.13681102,134.2,1.3462,2.29108,0.508,2.07772,5.31401729,9.04385584,2.005289543,8.201634232,3.2512,12.83385308,159.8677062,268.5753207,164.7554573,9.04385584,8.201634232,108.7076146,0
B00395,B00395_R1,395,Orange_1,Gate_3,1,7,0.2032,1.9812,139.46,1.6764,2.032,152.29,7,7,-12.83,1.6764,2.54,0.2032,1.6002,2.032,0.508,2.413,2,3,3,300,0,1,7,2.0447,0.8128,2.3241,0.9652,139.46,152.29,7,7,2.032,0.508,0,-12.83,-1.524,4.445,23.5462835,163.0062835,136.9937165,8.12142265,0,0.456645722,67.49156355,146.46,0.9652,2.3241,1.1176,1.9939,3.810050132,9.174199661,4.411636995,7.870761457,2.032,8.021158173,163.0062835,313.006994,208.6554297,9.174199661,7.870761457,150.0007105,6
B00395,B00395_R1,386,Gate_2,Green_6,2,7,0.2032,1.9812,139.46,1.6764,2.032,152.29,7,7,-12.83,0.2032,1.143,2.54,0.762,1.3462,2.8702,2.7178,1,3,3,300,0,2,7,2.5654,2.2606,1.905,0.889,139.46,152.29,7,7,1.3462,2.8702,0,-12.83,1.524,4.064,22.04231635,161.5023163,138.4976837,9.625389808,0,0.461658946,73.81889764,146.46,0.889,1.905,0.9652,2.159,3.509256701,7.519835787,3.810050132,8.522480559,1.3462,5.31401729,161.5023163,315.1125481,200.2332136,7.519835787,8.522480559,153.6102317,5
B00395,B00395_R1,379,Green_7,Orange_7,3,7,0.2032,1.9812,139.46,1.6764,2.032,152.29,7,7,-12.83,2.54,1.143,2.54,1.6002,3.175,2.2606,0.9652,3,3,3,300,0,3,7,1.871133333,0,1.9558,0.9652,139.46,152.29,7,7,3.175,2.2606,0,-12.83,-0.9144,4.1402,22.34310978,161.8031098,138.1968902,9.324596376,0,0.460656301,72.46026762,146.46,0.9652,1.9558,0.889,2.2479,3.810050132,7.720364742,3.509256701,8.873406229,3.175,12.53305965,161.8031098,307.5927123,201.1355939,7.720364742,8.873406229,145.7896025,4
B00395,B00395_R1,390,Green_7,Purple_2,4,7,0.2032,1.9812,139.46,1.6764,2.032,152.29,7,7,-12.83,2.54,1.143,0.762,2.54,3.175,2.2606,3.175,3,3,3,300,0,4,7,1.871133333,0,2.0574,0.8128,139.46,152.29,7,7,3.175,2.2606,0,-12.83,-0.9144,6.35,31.06611929,170.5261193,129.4738807,0.601586863,0,0.431579602,47.24409449,146.46,0.8128,2.0574,0.889,1.8796,3.208463269,8.12142265,3.509256701,7.41957131,3.175,12.53305965,170.5261193,307.5927123,194.8189318,8.12142265,7.41957131,137.066593,3
B00395,B00395_R1,353,Purple_3,Orange_3,5,7,0.2032,1.9812,139.46,1.6764,2.032,152.29,7,7,-12.83,1.0668,2.54,2.286,2.54,1.4224,1.1176,1.7272,3,3,3,300,0,5,7,2.2479,1.1176,1.9431,0.8128,139.46,152.29,7,7,1.4224,1.1176,0,-12.83,-0.3048,3.1496,18.43279517,157.8927952,142.1072048,13.23491099,0,0.473690683,95.2501905,146.46,0.8128,1.9431,0.8128,2.1082,3.208463269,7.670232503,3.208463269,8.321951605,1.4224,5.614810721,157.8927952,314.2101678,204.7451151,7.670232503,8.321951605,156.3173726,2
B00395,B00395_R1,394,Orange_2,Green_1,6,7,0.2032,1.9812,139.46,1.6764,2.032,152.29,7,7,-12.83,1.9812,2.54,1.6764,0.2032,2.3368,0.8128,3.2512,3,3,3,300,0,6,7,2.0955,0.8128,2.0701,0.508,139.46,152.29,7,7,2.3368,0.8128,0,-12.83,-1.524,5.588,28.05818498,167.518185,132.481815,3.609521178,0,0.44160605,53.68647101,146.46,0.508,2.0701,0.8128,1.905,2.005289543,8.171554889,3.208463269,7.519835787,2.3368,9.224331899,167.518185,310.6006466,198.1276596,8.171554889,7.519835787,143.0824616,1
B00395,B00395_R1,381,Green_4,Gate_4,7,7,0.2032,1.9812,139.46,1.6764,2.032,152.29,7,7,-12.83,1.6764,0.7112,0.2032,1.9812,3.2512,2.9464,3.2512,2,3,3,300,0,7,7,2.5273,1.8034,2.2479,1.3462,139.46,152.29,7,7,3.2512,2.9464,0,-12.83,-0.3048,6.5024,31.66770615,171.1277062,128.8722938,0,0,0.429574313,46.13681102,146.46,1.3462,2.2479,0.508,2.2098,5.31401729,8.873406229,2.005289543,8.723009513,3.2512,12.83385308,171.1277062,305.7879517,198.7292464,8.873406229,8.723009513,134.6602455,0
B00396,B00396_R2,389,Orange_3,Gate_4,1,6,0.2032,1.9812,139.29,1.6764,2.032,135.58,7,6,3.72,2.286,2.54,0.2032,1.9812,2.6416,1.1176,2.6416,2,3,3,300,1,1,6,3.19024,0.8128,2.032,1.7272,135.58,139.29,6,7,1.1176,2.6416,-1,-3.71,1.524,3.7592,20.83914262,156.4191426,143.5808574,10.82856353,0,0.478602858,79.80421366,141.58,1.7272,2.032,1.1176,2.3368,6.817984447,8.021158173,4.411636995,9.224331899,1.1176,4.411636995,156.4191426,288.2878514,171.9744997,8.021158173,9.224331899,131.8687088,5
B00396,B00396_R2,392,Gate_1,Yellow_4,2,6,0.2032,1.9812,139.29,1.6764,2.032,135.58,7,6,3.72,0.2032,0.762,0.762,0.7112,1.7272,3.2512,1.1176,1,3,3,300,1,2,6,1.76784,0,2.09296,0.8128,135.58,139.29,6,7,3.2512,1.7272,-1,-3.71,-1.524,4.3688,23.24549007,158.8254901,141.1745099,8.422216082,0,0.4705817,68.66874199,141.58,0.8128,2.09296,1.7272,2.27584,3.208463269,8.261792918,6.817984447,8.983697154,3.2512,12.83385308,158.8254901,282.2719828,170.7713259,8.261792918,8.983697154,123.4464927,4
B00396,B00396_R2,384,Yellow_3,Purple_2,3,6,0.2032,1.9812,139.29,1.6764,2.032,135.58,7,6,3.72,1.0668,0.2032,0.762,2.54,2.6416,2.9464,3.2512,3,3,3,300,1,3,6,2.21488,1.4224,2.15392,1.7272,135.58,139.29,6,7,2.9464,2.6416,-1,-3.71,-0.3048,6.1976,30.46453243,166.0445324,133.9554676,1.203173726,0,0.446518225,48.40583452,141.58,1.7272,2.15392,0.8128,2.45872,6.817984447,8.502427664,3.208463269,9.705601389,2.9464,11.63067935,166.0445324,279.8656353,164.7554573,8.502427664,9.705601389,113.8211029,3
B00396,B00396_R2,393,Gate_1,Orange_4,4,6,0.2032,1.9812,139.29,1.6764,2.032,135.58,7,6,3.72,0.2032,0.762,1.6764,2.032,1.7272,3.2512,3.2512,1,3,3,300,1,4,6,1.76784,0,2.27584,0.8128,135.58,139.29,6,7,3.2512,1.7272,-1,-3.71,-1.524,6.5024,31.66770615,167.2477062,132.7522938,0,0,0.442507646,46.13681102,141.58,0.8128,2.27584,1.1176,1.84912,3.208463269,8.983697154,4.411636995,7.299253938,3.2512,12.83385308,167.2477062,279.8656353,165.958631,8.983697154,7.299253938,112.6179292,2
B00396,B00396_R2,396,Orange_5,Gate_4,5,6,0.2032,1.9812,139.29,1.6764,2.032,135.58,7,6,3.72,1.9812,2.032,0.2032,1.9812,2.3368,0.8128,2.3368,2,3,3,300,1,5,6,2.9464,0.8128,2.09296,1.7272,135.58,139.29,6,7,0.8128,2.3368,-1,-3.71,1.524,3.1496,18.43279517,154.0127952,145.9872048,13.23491099,0,0.486624016,95.2501905,141.58,1.7272,2.09296,0.8128,2.032,6.817984447,8.261792918,3.208463269,8.021158173,0.8128,3.208463269,154.0127952,288.2878514,175.5840208,8.261792918,8.021158173,134.2750563,1
B00396,B00396_R2,374,Gate_1,Purple_4,6,6,0.2032,1.9812,139.29,1.6764,2.032,135.58,7,6,3.72,0.2032,0.762,0.762,2.032,1.7272,3.2512,2.3368,1,3,3,300,1,6,6,1.76784,0,2.3368,1.7272,135.58,139.29,6,7,3.2512,1.7272,-1,-3.71,-1.524,5.588,28.05818498,163.638185,136.361815,3.609521178,0,0.454539383,53.68647101,141.58,1.7272,2.3368,1.1176,2.032,6.817984447,9.224331899,4.411636995,8.021158173,3.2512,12.83385308,163.638185,279.8656353,170.7713259,9.224331899,8.021158173,116.2274504,0
B00397,B00397_R1,386,Gate_2,Green_6,1,7,0.2032,1.9812,128.51,0.762,2.032,143.29,7,7,-14.78,0.2032,1.143,2.54,0.762,1.3462,1.9558,2.7178,1,3,3,300,0,1,7,2.5654,2.2606,1.905,0.889,128.51,143.29,7,7,1.3462,1.9558,0,-14.78,0.6096,4.064,22.04231635,150.5523163,149.4476837,9.625389808,0,0.498158946,73.81889764,135.51,0.889,1.905,1.3462,2.2225,3.509256701,7.519835787,5.31401729,8.773141752,1.3462,5.31401729,150.5523163,304.1625481,198.7292464,7.519835787,8.773141752,153.6102317,6
B00397,B00397_R1,379,Green_7,Orange_7,2,7,0.2032,1.9812,128.51,0.762,2.032,143.29,7,7,-14.78,2.54,1.143,2.54,1.6002,3.175,3.175,0.9652,3,3,3,300,0,2,7,1.871133333,0,1.9558,0.9652,128.51,143.29,7,7,3.175,3.175,0,-14.78,0,4.1402,22.34310978,150.8531098,149.1468902,9.324596376,0,0.497156301,72.46026762,135.51,0.9652,1.9558,0.889,2.3114,3.810050132,7.720364742,3.509256701,9.124067422,3.175,12.53305965,150.8531098,295.1387451,199.6316267,7.720364742,9.124067422,144.2856353,5
B00397,B00397_R1,390,Green_7,Purple_2,3,7,0.2032,1.9812,128.51,0.762,2.032,143.29,7,7,-14.78,2.54,1.143,0.762,2.54,3.175,3.175,3.175,3,3,3,300,0,3,7,1.871133333,0,2.0574,0.8128,128.51,143.29,7,7,3.175,3.175,0,-14.78,0,6.35,31.06611929,159.5761193,140.4238807,0.601586863,0,0.468079602,47.24409449,135.51,0.8128,2.0574,0.889,1.9431,3.208463269,8.12142265,3.509256701,7.670232503,3.175,12.53305965,159.5761193,295.1387451,193.3149647,8.12142265,7.670232503,135.5626258,4
B00397,B00397_R1,353,Purple_3,Orange_3,4,7,0.2032,1.9812,128.51,0.762,2.032,143.29,7,7,-14.78,1.0668,2.54,2.286,2.54,1.4224,0.8128,1.7272,3,3,3,300,0,4,7,2.2479,1.1176,1.9431,0.8128,128.51,143.29,7,7,1.4224,0.8128,0,-14.78,-0.6096,3.1496,18.43279517,146.9427952,153.0572048,13.23491099,0,0.510190683,95.2501905,135.51,0.8128,1.9431,0.8128,2.0447,3.208463269,7.670232503,3.208463269,8.071290412,1.4224,5.614810721,146.9427952,301.7562006,203.2411479,7.670232503,8.071290412,154.8134054,3
B00397,B00397_R1,394,Orange_2,Green_1,5,7,0.2032,1.9812,128.51,0.762,2.032,143.29,7,7,-14.78,1.9812,2.54,1.6764,0.2032,2.3368,1.7272,3.2512,3,3,3,300,0,5,7,2.0955,0.8128,2.0701,0.508,128.51,143.29,7,7,2.3368,1.7272,0,-14.78,-0.6096,5.588,28.05818498,156.568185,143.431815,3.609521178,0,0.47810605,53.68647101,135.51,0.508,2.0701,0.8128,1.8415,2.005289543,8.171554889,3.208463269,7.269174594,2.3368,9.224331899,156.568185,298.1466794,196.6236924,8.171554889,7.269174594,141.5784945,2
B00397,B00397_R1,381,Green_4,Gate_4,6,7,0.2032,1.9812,128.51,0.762,2.032,143.29,7,7,-14.78,1.6764,0.7112,0.2032,1.9812,3.2512,3.2512,3.2512,2,3,3,300,0,6,7,2.5273,1.8034,2.2479,1.3462,128.51,143.29,7,7,3.2512,3.2512,0,-14.78,0,6.5024,31.66770615,160.1777062,139.8222938,0,0,0.466074313,46.13681102,135.51,1.3462,2.2479,0.508,2.2733,5.31401729,8.873406229,2.005289543,8.973670706,3.2512,12.83385308,160.1777062,293.3339845,197.2252793,8.873406229,8.973670706,133.1562784,1
B00397,B00397_R1,397,Orange_1,Gate_4,7,7,0.2032,1.9812,128.51,0.762,2.032,143.29,7,7,-14.78,1.6764,2.54,0.2032,1.9812,2.032,1.4224,2.032,2,3,3,300,0,7,7,2.0447,0.8128,2.4511,1.3462,128.51,143.29,7,7,2.032,1.4224,0,-14.78,-0.6096,4.064,22.04231635,150.5523163,149.4476837,9.625389808,0,0.498158946,73.81889764,135.51,1.3462,2.4511,1.1176,1.9939,5.31401729,9.675522046,4.411636995,7.870761457,2.032,8.021158173,150.5523163,300.5530269,211.663364,9.675522046,7.870761457,150.0007105,0
B00398,B00398_R2,392,Gate_1,Yellow_4,1,6,0.2032,1.9812,138.11,0.762,2.032,126.79,7,6,11.32,0.2032,0.762,0.762,0.7112,1.7272,2.3368,1.1176,1,3,3,300,1,1,6,0.99568,0,1.54432,0.8128,126.79,138.11,6,7,2.3368,1.7272,-1,-11.32,-0.6096,3.4544,19.63596889,146.4259689,153.5740311,12.03173726,0,0.511913437,86.84576193,132.79,0.8128,1.54432,1.7272,2.58064,3.208463269,6.096080212,6.817984447,10.18687088,2.3368,9.224331899,146.4259689,278.2946777,164.7554573,6.096080212,10.18687088,131.8687088,5
B00398,B00398_R2,384,Yellow_3,Purple_2,2,6,0.2032,1.9812,138.11,0.762,2.032,126.79,7,6,11.32,1.0668,0.2032,0.762,2.54,2.6416,3.2512,3.2512,3,3,3,300,1,2,6,1.78816,1.4224,2.21488,1.7272,126.79,138.11,6,7,3.2512,2.6416,-1,-11.32,-0.6096,6.5024,31.66770615,158.4577062,141.5422938,0,0,0.471807646,46.13681102,132.79,1.7272,2.21488,0.8128,2.51968,6.817984447,8.743062409,3.208463269,9.946236135,3.2512,12.83385308,158.4577062,271.0756353,165.958631,8.743062409,9.946236135,112.6179292,4
B00398,B00398_R2,374,Gate_1,Purple_4,3,6,0.2032,1.9812,138.11,0.762,2.032,126.79,7,6,11.32,0.2032,0.762,0.762,2.032,1.7272,2.3368,2.3368,1,3,3,300,1,3,6,0.99568,0,2.39776,1.7272,126.79,138.11,6,7,2.3368,1.7272,-1,-11.32,-0.6096,4.6736,24.4486638,151.2386638,148.7613362,7.219042356,0,0.495871121,64.19034577,132.79,1.7272,2.39776,1.1176,2.3368,6.817984447,9.464966644,4.411636995,9.224331899,2.3368,9.224331899,151.2386638,275.8883302,176.7871946,9.464966644,9.224331899,124.6496664,3
B00398,B00398_R2,398,Gate_1,Orange_4,4,6,0.2032,1.9812,138.11,0.762,2.032,126.79,7,6,11.32,0.2032,0.762,1.6764,2.032,1.7272,2.3368,3.2512,1,3,3,300,1,4,6,0.99568,0,2.70256,0.8128,126.79,138.11,6,7,2.3368,1.7272,-1,-11.32,-0.6096,5.588,28.05818498,154.848185,145.151815,3.609521178,0,0.483839383,53.68647101,132.79,0.8128,2.70256,1.1176,2.15392,3.208463269,10.66814037,4.411636995,8.502427664,2.3368,9.224331899,154.848185,275.8883302,179.193542,10.66814037,8.502427664,121.0401453,2
B00398,B00398_R2,396,Orange_5,Gate_4,5,6,0.2032,1.9812,138.11,0.762,2.032,126.79,7,6,11.32,1.9812,2.032,0.2032,1.9812,2.3368,1.7272,2.3368,2,3,3,300,1,5,6,3.49504,3.2512,1.91008,1.7272,126.79,138.11,6,7,1.7272,2.3368,-1,-11.32,0.6096,4.064,22.04231635,148.8323163,151.1676837,9.625389808,0,0.503892279,73.81889764,132.79,1.7272,1.91008,0.8128,1.7272,6.817984447,7.539888683,3.208463269,6.817984447,1.7272,6.817984447,148.8323163,277.091504,169.5681522,7.539888683,6.817984447,128.2591876,1
B00398,B00398_R2,393,Gate_1,Orange_4,6,6,0.2032,1.9812,138.11,0.762,2.032,126.79,7,6,11.32,0.2032,0.762,1.6764,2.032,1.7272,2.3368,3.2512,1,3,3,300,1,6,6,0.99568,0,2.70256,0.8128,126.79,138.11,6,7,2.3368,1.7272,-1,-11.32,-0.6096,5.588,28.05818498,154.848185,145.151815,3.609521178,0,0.483839383,53.68647101,132.79,0.8128,2.70256,1.1176,2.15392,3.208463269,10.66814037,4.411636995,8.502427664,2.3368,9.224331899,154.848185,275.8883302,179.193542,10.66814037,8.502427664,121.0401453,0
B00399,B00399_R1,379,Green_7,Orange_7,1,7,0.2032,1.9812,131.22,1.6764,2.032,151.53,7,7,-20.31,2.54,1.143,2.54,1.6002,3.175,2.2606,0.9652,3,3,3,300,0,1,7,1.782233333,0,1.8669,0.9652,131.22,151.53,7,7,3.175,2.2606,0,-20.31,-0.9144,4.1402,22.34310978,153.5631098,146.4368902,9.324596376,0,0.488122967,72.46026762,138.22,0.9652,1.8669,1.651,2.6289,3.810050132,7.369439072,6.517191016,10.37737339,3.175,12.53305965,153.5631098,308.9781021,205.6474954,7.369439072,10.37737339,155.4149923,6
B00399,B00399_R1,390,Green_7,Purple_2,2,7,0.2032,1.9812,131.22,1.6764,2.032,151.53,7,7,-20.31,2.54,1.143,0.762,2.54,3.175,2.2606,3.175,3,3,3,300,0,2,7,1.782233333,0,2.2733,0.8128,131.22,151.53,7,7,3.175,2.2606,0,-20.31,-0.9144,6.35,31.06611929,162.2861193,137.7138807,0.601586863,0,0.459046269,47.24409449,138.22,0.8128,2.2733,0.9652,2.2606,3.208463269,8.973670706,3.810050132,8.923538468,3.175,12.53305965,162.2861193,306.2709612,206.5498757,8.973670706,8.923538468,143.9848419,5
B00399,B00399_R1,353,Purple_3,Orange_3,3,7,0.2032,1.9812,131.22,1.6764,2.032,151.53,7,7,-20.31,1.0668,2.54,2.286,2.54,1.4224,1.1176,1.7272,3,3,3,300,0,3,7,2.3622,1.1176,1.8542,0.8128,131.22,151.53,7,7,1.4224,1.1176,0,-20.31,-0.3048,3.1496,18.43279517,149.6527952,150.3472048,13.23491099,0,0.501157349,95.2501905,138.22,0.8128,1.8542,0.8128,1.8034,3.208463269,7.319306833,3.208463269,7.118777879,1.4224,5.614810721,149.6527952,312.5876233,209.2570165,7.319306833,7.118777879,162.9348281,4
B00399,B00399_R1,394,Orange_2,Green_1,4,7,0.2032,1.9812,131.22,1.6764,2.032,151.53,7,7,-20.31,1.9812,2.54,1.6764,0.2032,2.3368,0.8128,3.2512,3,3,3,300,0,4,7,2.1082,0.8128,1.667933333,0,131.22,151.53,7,7,2.3368,0.8128,0,-20.31,-1.524,5.588,28.05818498,159.278185,140.721815,3.609521178,0,0.469072717,53.68647101,138.22,0,1.667933333,0.8128,1.905,0,6.584034,3.208463269,7.519835787,2.3368,9.224331899,159.278185,308.9781021,195.2199897,6.584034,7.519835787,149.6999171,3
B00399,B00399_R1,399,Green_1,Gate_3,5,7,0.2032,1.9812,131.22,1.6764,2.032,151.53,7,7,-20.31,1.6764,0.2032,0.2032,1.6002,3.2512,2.9464,2.8702,2,3,3,300,0,5,7,2.2098,0.508,2.5654,1.8034,131.22,151.53,7,7,3.2512,2.9464,0,-20.31,-0.3048,6.1214,30.163739,161.383739,138.616261,1.503967157,0,0.462054203,49.00839677,138.22,1.8034,2.5654,0,2.493433333,7.118777879,10.12671219,0,9.842629508,3.2512,12.83385308,161.383739,302.1601176,214.3705049,10.12671219,9.842629508,140.7763786,2
B00399,B00399_R1,381,Green_4,Gate_4,6,7,0.2032,1.9812,131.22,1.6764,2.032,151.53,7,7,-20.31,1.6764,0.7112,0.2032,1.9812,3.2512,2.9464,3.2512,2,3,3,300,0,6,7,2.2098,0.508,2.5654,1.4224,131.22,151.53,7,7,3.2512,2.9464,0,-20.31,-0.3048,6.5024,31.66770615,162.8877062,137.1122938,0,0,0.457040979,46.13681102,138.22,1.4224,2.5654,0.508,2.5146,5.614810721,10.12671219,2.005289543,9.926183239,3.2512,12.83385308,162.8877062,304.1654072,212.8665377,10.12671219,9.926183239,141.277701,1
B00399,B00399_R1,397,Orange_1,Gate_4,7,7,0.2032,1.9812,131.22,1.6764,2.032,151.53,7,7,-20.31,1.6764,2.54,0.2032,1.9812,2.032,0.508,2.032,2,3,3,300,0,7,7,2.0574,0.8128,2.7686,1.4224,131.22,151.53,7,7,2.032,0.508,0,-20.31,-1.524,4.064,22.04231635,153.2623163,146.7376837,9.625389808,0,0.489125612,73.81889764,138.22,1.4224,2.7686,1.1176,1.9558,5.614810721,10.92882801,4.411636995,7.720364742,2.032,8.021158173,153.2623163,311.3844495,227.3046224,10.92882801,7.720364742,158.1221332,0
B00400,B00400_R2,384,Yellow_3,Purple_2,1,6,0.2032,1.9812,144.23,1.6764,2.032,138.5,7,6,5.72,1.0668,0.2032,0.762,2.54,2.6416,2.9464,3.2512,3,3,3,300,1,1,6,1.7272,1.1176,2.39776,1.7272,138.5,144.23,6,7,2.9464,2.6416,-1,-5.73,-0.3048,6.1976,30.46453243,168.9645324,131.0354676,1.203173726,0,0.436784892,48.40583452,144.5,1.7272,2.39776,2.6416,3.00736,6.817984447,9.464966644,10.42750563,11.8713141,2.9464,11.63067935,168.9645324,308.0522836,187.6157581,9.464966644,11.8713141,139.0877512,5
B00400,B00400_R2,374,Gate_1,Purple_4,2,6,0.2032,1.9812,144.23,1.6764,2.032,138.5,7,6,5.72,0.2032,0.762,0.762,2.032,1.7272,3.2512,2.3368,1,3,3,300,1,2,6,1.40208,0,2.58064,1.7272,138.5,144.23,6,7,3.2512,1.7272,-1,-5.73,-1.524,5.588,28.05818498,166.558185,133.441815,3.609521178,0,0.44480605,53.68647101,144.5,1.7272,2.58064,1.7272,2.82448,6.817984447,10.18687088,6.817984447,11.14940986,3.2512,12.83385308,166.558185,303.2395887,193.6316267,10.18687088,11.14940986,136.6814037,4
B00400,B00400_R2,393,Gate_1,Orange_4,3,6,0.2032,1.9812,144.23,1.6764,2.032,138.5,7,6,5.72,0.2032,0.762,1.6764,2.032,1.7272,3.2512,3.2512,1,3,3,300,1,3,6,1.40208,0,2.6416,0.8128,138.5,144.23,6,7,3.2512,1.7272,-1,-5.73,-1.524,6.5024,31.66770615,170.1677062,129.8322938,0,0,0.432774313,46.13681102,144.5,0.8128,2.6416,1.7272,2.6416,3.208463269,10.42750563,6.817984447,10.42750563,3.2512,12.83385308,170.1677062,303.2395887,191.2252793,10.42750563,10.42750563,133.0718825,3
B00400,B00400_R2,400,Green_1,Orange_2,4,6,0.2032,1.9812,144.23,1.6764,2.032,138.5,7,6,5.72,1.6764,0.2032,1.9812,2.54,3.2512,2.9464,3.2512,3,3,3,300,1,4,6,2.09296,1.1176,2.88544,0.508,138.5,144.23,6,7,2.9464,3.2512,-1,-5.73,0.3048,6.1976,30.46453243,168.9645324,131.0354676,1.203173726,0,0.436784892,48.40583452,144.5,0.508,2.88544,2.9464,3.12928,2.005289543,11.39004461,11.63067935,12.35258359,2.9464,11.63067935,168.9645324,309.2554573,197.2411479,11.39004461,12.35258359,140.2909249,2
B00400,B00400_R2,396,Orange_5,Gate_4,5,6,0.2032,1.9812,144.23,1.6764,2.032,138.5,7,6,5.72,1.9812,2.032,0.2032,1.9812,2.3368,0.8128,2.3368,2,3,3,300,1,5,6,3.43408,3.2512,2.21488,1.7272,138.5,144.23,6,7,0.8128,2.3368,-1,-5.73,1.524,3.1496,18.43279517,156.9327952,143.0672048,13.23491099,0,0.476890683,95.2501905,144.5,1.7272,2.21488,0.508,1.1176,6.817984447,8.743062409,2.005289543,4.411636995,0.8128,3.208463269,156.9327952,308.0522836,196.0379742,8.743062409,4.411636995,151.1194884,1
B00400,B00400_R2,398,Gate_1,Orange_4,6,6,0.2032,1.9812,144.23,1.6764,2.032,138.5,7,6,5.72,0.2032,0.762,1.6764,2.032,1.7272,3.2512,3.2512,1,3,3,300,1,6,6,1.40208,0,2.6416,0.8128,138.5,144.23,6,7,3.2512,1.7272,-1,-5.73,-1.524,6.5024,31.66770615,170.1677062,129.8322938,0,0,0.432774313,46.13681102,144.5,0.8128,2.6416,1.7272,2.6416,3.208463269,10.42750563,6.817984447,10.42750563,3.2512,12.83385308,170.1677062,303.2395887,191.2252793,10.42750563,10.42750563,133.0718825,0
B00401,B00401_R1,401,Orange_7,Green_3,1,7,0.2032,1.9812,137.64,1.6764,2.032,158.03,7,7,-20.39,2.54,1.6002,2.286,0.2032,2.7178,1.8034,1.651,3,3,3,300,0,1,7,1.8669,0.9652,2.0955,1.1176,137.64,158.03,7,7,2.7178,1.8034,0,-20.39,-0.9144,4.3688,23.24549007,160.8854901,139.1145099,8.422216082,0,0.463715033,68.66874199,144.64,1.1176,2.0955,1.1938,2.3241,4.411636995,8.271819366,4.712430427,9.174199661,2.7178,10.72829906,160.8854901,316.3004824,211.0617771,8.271819366,9.174199661,155.4149923,6
B00401,B00401_R1,381,Green_4,Gate_4,2,7,0.2032,1.9812,137.64,1.6764,2.032,158.03,7,7,-20.39,1.6764,0.7112,0.2032,1.9812,3.2512,2.9464,3.2512,2,3,3,300,0,2,7,2.286,0.508,2.4892,1.4224,137.64,158.03,7,7,3.2512,2.9464,0,-20.39,-0.3048,6.5024,31.66770615,169.3077062,130.6922938,0,0,0.435640979,46.13681102,144.64,1.4224,2.4892,0.508,2.3241,5.614810721,9.825918762,2.005289543,9.174199661,3.2512,12.83385308,169.3077062,311.4877875,211.9641574,9.825918762,9.174199661,142.1800813,5
B00401,B00401_R1,397,Orange_1,Gate_4,3,7,0.2032,1.9812,137.64,1.6764,2.032,158.03,7,7,-20.39,1.6764,2.54,0.2032,1.9812,2.032,0.508,2.032,2,3,3,300,0,3,7,1.9812,0.8128,2.6924,1.4224,137.64,158.03,7,7,2.032,0.508,0,-20.39,-1.524,4.064,22.04231635,159.6823163,140.3176837,9.625389808,0,0.467725612,73.81889764,144.64,1.4224,2.6924,1.1176,2.1463,5.614810721,10.62803458,4.411636995,8.47234832,2.032,8.021158173,159.6823163,318.7068298,226.4022421,10.62803458,8.47234832,159.0245135,4
B00401,B00401_R1,394,Orange_2,Green_1,4,7,0.2032,1.9812,137.64,1.6764,2.032,158.03,7,7,-20.39,1.9812,2.54,1.6764,0.2032,2.3368,0.8128,3.2512,3,3,3,300,0,4,7,2.032,0.8128,1.744133333,0,137.64,158.03,7,7,2.3368,0.8128,0,-20.39,-1.524,5.588,28.05818498,165.698185,134.301815,3.609521178,0,0.447672717,53.68647101,144.64,0,1.744133333,0.8128,2.0955,0,6.884827432,3.208463269,8.271819366,2.3368,9.224331899,165.698185,316.3004824,197.9271306,6.884827432,8.271819366,150.6022974,3
B00401,B00401_R1,399,Green_1,Gate_3,5,7,0.2032,1.9812,137.64,1.6764,2.032,158.03,7,7,-20.39,1.6764,0.2032,0.2032,1.6002,3.2512,2.9464,2.8702,2,3,3,300,0,5,7,2.286,0.508,2.4892,1.8034,137.64,158.03,7,7,3.2512,2.9464,0,-20.39,-0.3048,6.1214,30.163739,167.803739,132.196261,1.503967157,0,0.440654203,49.00839677,144.64,1.8034,2.4892,0,2.302933333,7.118777879,9.825918762,0,9.09064593,3.2512,12.83385308,167.803739,309.4824979,213.4681246,9.825918762,9.09064593,141.6787589,2
B00401,B00401_R1,353,Purple_3,Orange_3,6,7,0.2032,1.9812,137.64,1.6764,2.032,158.03,7,7,-20.39,1.0668,2.54,2.286,2.54,1.4224,1.1176,1.7272,3,3,3,300,0,6,7,2.286,1.1176,1.778,0.8128,137.64,158.03,7,7,1.4224,1.1176,0,-20.39,-0.3048,3.1496,18.43279517,156.0727952,143.9272048,13.23491099,0,0.479757349,95.2501905,144.64,0.8128,1.778,0.8128,1.9939,3.208463269,7.018513401,3.208463269,7.870761457,1.4224,5.614810721,156.0727952,319.9100036,208.3546362,7.018513401,7.870761457,163.8372084,1
B00401,B00401_R1,390,Green_7,Purple_2,7,7,0.2032,1.9812,137.64,1.6764,2.032,158.03,7,7,-20.39,2.54,1.143,0.762,2.54,3.175,2.2606,3.175,3,3,3,300,0,7,7,1.9431,0.9652,2.1971,0.8128,137.64,158.03,7,7,3.175,2.2606,0,-20.39,-0.9144,6.35,31.06611929,168.7061193,131.2938807,0.601586863,0,0.437646269,47.24409449,144.64,0.8128,2.1971,1.1938,2.2987,3.208463269,8.672877275,4.712430427,9.073935183,3.175,12.53305965,168.7061193,314.4957218,205.6474954,8.672877275,9.073935183,145.7896025,0
B00402,B00402_R1,381,Green_4,Gate_4,1,7,0.762,2.54,148.98,1.6764,2.032,150.62,7,6,-1.64,1.6764,0.7112,0.2032,1.9812,3.2512,2.9464,3.2512,2,3,3,300,0,1,7,2.3114,0.508,2.2606,1.3462,148.98,150.62,7,6,3.2512,2.9464,1,-1.64,-0.3048,6.5024,31.66770615,180.6477062,119.3522938,0,0,0.397840979,46.13681102,155.98,1.3462,2.2606,0.508,2.6797,5.31401729,8.923538468,2.005289543,10.57790234,3.2512,12.83385308,180.6477062,318.6166794,202.3387676,8.923538468,10.57790234,137.9689733,6
B00402,B00402_R1,353,Purple_3,Orange_3,2,7,0.762,2.54,148.98,1.6764,2.032,150.62,7,6,-1.64,1.0668,2.54,2.286,2.54,0.8128,1.1176,1.7272,3,3,3,300,0,2,7,2.2606,1.1176,2.159,0.8128,148.98,150.62,7,6,0.8128,1.1176,1,-1.64,0.3048,2.54,16.02644772,165.0064477,134.9935523,15.64125844,0,0.449978508,118.1102362,155.98,0.8128,2.159,0.8128,1.6383,3.208463269,8.522480559,3.208463269,6.467058777,0.8128,3.208463269,165.0064477,329.445243,215.5736786,8.522480559,6.467058777,164.4387952,5
B00402,B00402_R1,390,Green_7,Purple_2,3,7,0.762,2.54,148.98,1.6764,2.032,150.62,7,6,-1.64,2.54,1.143,0.762,2.54,3.175,2.2606,3.175,3,3,3,300,0,3,7,2.1717,1.8034,2.0701,0.8128,148.98,150.62,7,6,3.175,2.2606,1,-1.64,-0.9144,6.35,31.06611929,180.0461193,119.9538807,0.601586863,0,0.399846269,47.24409449,155.98,0.8128,2.0701,1.651,2.4257,3.208463269,8.171554889,6.517191016,9.575257569,3.175,12.53305965,180.0461193,323.4293743,198.428453,8.171554889,9.575257569,143.383255,4
B00402,B00402_R1,397,Orange_1,Gate_4,4,7,0.762,2.54,148.98,1.6764,2.032,150.62,7,6,-1.64,1.6764,2.54,0.2032,1.9812,1.4224,0.508,2.032,2,3,3,300,0,4,7,2.159,0.8128,2.4638,1.3462,148.98,150.62,7,6,1.4224,0.508,1,-1.64,-0.9144,3.4544,19.63596889,168.6159689,131.3840311,12.03173726,0,0.43794677,86.84576193,155.98,1.3462,2.4638,0.8128,1.7907,5.31401729,9.725654285,3.208463269,7.06864564,1.4224,5.614810721,168.6159689,327.0388955,219.1831998,9.725654285,7.06864564,158.4229266,3
B00402,B00402_R1,402,Gate_2,Orange_2,5,7,0.762,2.54,148.98,1.6764,2.032,150.62,7,6,-1.64,0.2032,1.143,1.9812,2.54,1.9558,2.8702,3.175,1,3,3,300,0,5,7,2.5781,2.2606,1.782233333,0,148.98,150.62,7,6,1.9558,2.8702,1,-1.64,0.9144,5.1308,26.25342439,175.2334244,124.7665756,5.414281767,0,0.415888585,58.47041397,155.98,0,1.782233333,0.9652,1.9177,0,7.035224148,3.810050132,7.569968026,1.9558,7.720364742,175.2334244,325.5349284,196.4231635,7.035224148,7.569968026,150.301504,2
B00402,B00402_R1,394,Orange_2,Green_1,6,7,0.762,2.54,148.98,1.6764,2.032,150.62,7,6,-1.64,1.9812,2.54,1.6764,0.2032,1.7272,0.8128,3.2512,3,3,3,300,0,6,7,2.3114,0.8128,1.769533333,0,148.98,150.62,7,6,1.7272,0.8128,1,-1.64,-0.9144,4.9784,25.65183752,174.6318375,125.3681625,6.01586863,0,0.417893875,60.2603246,155.98,0,1.769533333,0,1.655233333,0,6.985091909,0,6.533901762,1.7272,6.817984447,174.6318375,322.6272585,196.7239569,6.985091909,6.533901762,147.995421,1
B00402,B00402_R1,399,Green_1,Gate_3,7,7,0.762,2.54,148.98,1.6764,2.032,150.62,7,6,-1.64,1.6764,0.2032,0.2032,1.6002,3.2512,2.9464,2.8702,2,3,3,300,0,7,7,2.3114,0.508,2.2606,0.9652,148.98,150.62,7,6,3.2512,2.9464,1,-1.64,-0.3048,6.1214,30.163739,179.143739,120.856261,1.503967157,0,0.402854203,49.00839677,155.98,0.9652,2.2606,0,2.658533333,3.810050132,8.923538468,0,10.49434861,3.2512,12.83385308,179.143739,316.6113899,203.8427348,8.923538468,10.49434861,137.4676509,0
B00403,B00403_R2,398,Gate_1,Orange_4,1,6,0.2032,1.6002,156.37,1.6764,2.032,144.33,8,6,12.05,0.2032,0.762,1.6764,2.032,1.3462,3.2512,3.2512,1,3,3,300,1,1,6,1.64592,0,2.6416,0.8128,144.33,156.37,6,8,3.2512,1.3462,-2,-12.04,-1.905,6.5024,31.66770615,175.9977062,124.0022938,0,0,0.413340979,46.13681102,150.33,0.8128,2.6416,1.3462,2.44348,3.208463269,10.42750563,5.31401729,9.645442703,3.2512,12.83385308,175.9977062,308.4680018,192.1276596,10.42750563,9.645442703,132.4702957,5
B00403,B00403_R2,403,Green_3,Gate_3,2,6,0.2032,1.6002,156.37,1.6764,2.032,144.33,8,6,12.05,2.286,0.2032,0.2032,1.6002,3.4798,2.9464,3.4798,2,3,3,300,1,2,6,2.3368,1.1176,1.92532,1.3462,144.33,156.37,6,8,2.9464,3.4798,-2,-12.04,0.5334,6.4262,31.36691272,175.6969127,124.3030873,0.300793431,0,0.414343624,46.68388783,150.33,1.3462,1.92532,2.6416,3.2512,5.31401729,7.600047369,10.42750563,12.83385308,2.9464,11.63067935,175.6969127,314.7846639,178.2911617,7.600047369,12.83385308,139.0877512,4
B00403,B00403_R2,393,Gate_1,Orange_4,3,6,0.2032,1.6002,156.37,1.6764,2.032,144.33,8,6,12.05,0.2032,0.762,1.6764,2.032,1.3462,3.2512,3.2512,1,3,3,300,1,3,6,1.64592,0,2.6416,0.8128,144.33,156.37,6,8,3.2512,1.3462,-2,-12.04,-1.905,6.5024,31.66770615,175.9977062,124.0022938,0,0,0.413340979,46.13681102,150.33,0.8128,2.6416,1.3462,2.44348,3.208463269,10.42750563,5.31401729,9.645442703,3.2512,12.83385308,175.9977062,308.4680018,192.1276596,10.42750563,9.645442703,132.4702957,3
B00403,B00403_R2,400,Green_1,Orange_2,4,6,0.2032,1.6002,156.37,1.6764,2.032,144.33,8,6,12.05,1.6764,0.2032,1.9812,2.54,2.8702,2.9464,3.2512,3,3,3,300,1,4,6,2.09296,1.1176,2.76352,0.508,144.33,156.37,6,8,2.9464,2.8702,-2,-12.04,-0.0762,6.1976,30.46453243,174.7945324,125.2054676,1.203173726,0,0.417351559,48.40583452,150.33,0.508,2.76352,2.8702,3.05308,2.005289543,10.90877512,11.32988592,12.05179016,2.9464,11.63067935,174.7945324,315.6870442,195.7371808,10.90877512,12.05179016,140.8925117,2
B00403,B00403_R2,396,Orange_5,Gate_4,5,6,0.2032,1.6002,156.37,1.6764,2.032,144.33,8,6,12.05,1.9812,2.032,0.2032,1.9812,2.7178,0.8128,2.3368,2,3,3,300,1,5,6,3.31216,2.6416,2.45872,1.7272,144.33,156.37,6,8,0.8128,2.7178,-2,-12.04,1.905,3.1496,18.43279517,162.7627952,137.2372048,13.23491099,0,0.457457349,95.2501905,150.33,1.7272,2.45872,0.508,1.31572,6.817984447,9.705601389,2.005289543,5.193699917,0.8128,3.208463269,162.7627952,314.7846639,201.7530494,9.705601389,5.193699917,152.0218687,1
B00403,B00403_R2,374,Gate_1,Purple_4,6,6,0.2032,1.6002,156.37,1.6764,2.032,144.33,8,6,12.05,0.2032,0.762,0.762,2.032,1.3462,3.2512,2.3368,1,3,3,300,1,6,6,1.64592,0,2.70256,1.7272,144.33,156.37,6,8,3.2512,1.3462,-2,-12.04,-1.905,5.588,28.05818498,172.388185,127.611815,3.609521178,0,0.425372717,53.68647101,150.33,1.7272,2.70256,1.3462,2.62636,6.817984447,10.66814037,5.31401729,10.36734694,3.2512,12.83385308,172.388185,308.4680018,196.9403545,10.66814037,10.36734694,136.0798168,0
B00404,B00404_R2,400,Green_1,Orange_2,1,7,0.2032,1.6002,146.94,0.762,2.032,153.31,7,6,-6.37,1.6764,0.2032,1.9812,2.54,2.8702,3.2512,3.2512,3,3,3,300,1,1,7,2.2352,1.1176,2.4384,0.508,153.31,146.94,6,7,3.2512,2.8702,-1,6.37,-0.381,6.5024,31.66770615,184.9777062,115.0222938,3.308727746,0,0.383407646,46.13681102,159.31,0.508,2.4384,2.8702,3.0226,2.005289543,9.625389808,11.32988592,11.93147278,3.2512,12.83385308,184.9777062,342.197459,216.4760589,9.625389808,11.93147278,157.2197529,6
B00404,B00404_R2,396,Orange_5,Gate_4,2,7,0.2032,1.6002,146.94,0.762,2.032,153.31,7,6,-6.37,1.9812,2.032,0.2032,1.9812,2.7178,1.7272,2.3368,2,3,3,300,1,2,7,2.8956,0.8128,2.3876,1.7272,153.31,146.94,6,7,1.7272,2.7178,-1,6.37,0.9906,4.064,22.04231635,175.3523163,124.6476837,12.93411755,0,0.415492279,73.81889764,159.31,1.7272,2.3876,0.508,1.5494,6.817984447,9.424860853,2.005289543,6.116133107,1.7272,6.817984447,175.3523163,338.8887313,224.898275,9.424860853,6.116133107,163.536415,5
B00404,B00404_R2,398,Gate_1,Orange_4,3,7,0.2032,1.6002,146.94,0.762,2.032,153.31,7,6,-6.37,0.2032,0.762,1.6764,2.032,1.3462,2.3368,3.2512,1,3,3,300,1,3,7,1.913466667,0,2.286,0.508,153.31,146.94,6,7,2.3368,1.3462,-1,6.37,-0.9906,5.588,28.05818498,181.368185,118.631815,6.918248924,0,0.395439383,53.68647101,159.31,0.508,2.286,1.3462,2.2606,2.005289543,9.023802945,5.31401729,8.923538468,2.3368,9.224331899,181.368185,339.7911116,216.4760589,9.023802945,8.923538468,158.4229266,4
B00404,B00404_R2,403,Green_3,Gate_3,4,7,0.2032,1.6002,146.94,0.762,2.032,153.31,7,6,-6.37,2.286,0.2032,0.2032,1.6002,3.4798,3.8608,3.4798,2,3,3,300,1,4,7,2.4384,1.1176,2.0066,1.3462,153.31,146.94,6,7,3.8608,3.4798,-1,6.37,-0.381,7.3406,34.9764339,188.2864339,111.7135661,0,0,0.372378554,40.86859385,159.31,1.3462,2.0066,2.6416,3.2893,5.31401729,7.920893696,10.42750563,12.98424979,3.8608,15.24020053,188.2864339,338.8887313,202.9403545,7.920893696,12.98424979,150.6022974,3
B00404,B00404_R2,393,Gate_1,Orange_4,5,7,0.2032,1.6002,146.94,0.762,2.032,153.31,7,6,-6.37,0.2032,0.762,1.6764,2.032,1.3462,2.3368,3.2512,1,3,3,300,1,5,7,1.913466667,0,2.286,0.508,153.31,146.94,6,7,2.3368,1.3462,-1,6.37,-0.9906,5.588,28.05818498,181.368185,118.631815,6.918248924,0,0.395439383,53.68647101,159.31,0.508,2.286,1.3462,2.2606,2.005289543,9.023802945,5.31401729,8.923538468,2.3368,9.224331899,181.368185,339.7911116,216.4760589,9.023802945,8.923538468,158.4229266,2
B00404,B00404_R2,404,Orange_1,Gate_3,6,7,0.2032,1.6002,146.94,0.762,2.032,153.31,7,6,-6.37,1.6764,2.54,0.2032,1.6002,2.413,1.4224,2.413,2,3,3,300,1,6,7,2.7432,0.8128,2.1844,1.3462,153.31,146.94,6,7,1.4224,2.413,-1,6.37,0.9906,3.8354,21.13993605,174.4499361,125.5500639,13.83649785,0,0.418500213,78.21869948,159.31,1.3462,2.1844,0.508,1.2827,5.31401729,8.622745036,2.005289543,5.063356097,1.4224,5.614810721,174.4499361,340.091905,220.9879604,8.622745036,5.063356097,165.641969,1
B00404,B00404_R2,374,Gate_1,Purple_4,7,7,0.2032,1.6002,146.94,0.762,2.032,153.31,7,6,-6.37,0.2032,0.762,0.762,2.032,1.3462,2.3368,2.3368,1,3,3,300,1,7,7,1.913466667,0,2.4892,1.4224,153.31,146.94,6,7,2.3368,1.3462,-1,6.37,-0.9906,4.6736,24.4486638,177.7586638,122.2413362,10.5277701,0,0.407471121,64.19034577,159.31,1.4224,2.4892,1.3462,2.413,5.614810721,9.825918762,5.31401729,9.525125331,2.3368,9.224331899,177.7586638,339.7911116,224.898275,9.825918762,9.525125331,162.0324478,0
B00405,B00405_R1,353,Purple_3,Orange_3,1,7,0.2032,1.6002,139.52,0.762,2.032,160.21,7,7,-20.69,1.0668,2.54,2.286,2.54,1.8034,0.8128,1.7272,3,3,3,300,0,1,7,2.1463,1.1176,2.2479,0.8128,139.52,160.21,7,7,1.8034,0.8128,0,-20.69,-0.9906,3.5306,19.93676233,159.4567623,140.5432377,9.625389808,0,0.468477459,84.97139296,146.52,0.8128,2.2479,0.8128,1.8923,3.208463269,8.873406229,3.208463269,7.469703549,1.8034,7.118777879,159.4567623,306.1487451,203.8427348,8.873406229,7.469703549,146.6919828,6
B00405,B00405_R1,390,Green_7,Purple_2,2,7,0.2032,1.6002,139.52,0.762,2.032,160.21,7,7,-20.69,2.54,1.143,0.762,2.54,2.794,3.175,3.175,3,3,3,300,0,2,7,2.2606,1.8034,1.8542,0.8128,139.52,160.21,7,7,2.794,3.175,0,-20.69,0.381,5.969,29.56215213,169.0821521,130.9178479,0,0,0.436392826,50.25967499,146.52,0.8128,1.8542,1.651,2.2987,3.208463269,7.319306833,6.517191016,9.073935183,2.794,11.02909249,169.0821521,305.5471583,184.8927486,7.319306833,9.073935183,136.4650061,5
B00405,B00405_R1,397,Orange_1,Gate_4,3,7,0.2032,1.6002,139.52,0.762,2.032,160.21,7,7,-20.69,1.6764,2.54,0.2032,1.9812,2.413,1.4224,2.032,2,3,3,300,0,3,7,2.1463,0.8128,2.1463,1.3462,139.52,160.21,7,7,2.413,1.4224,0,-20.69,-0.9906,4.445,23.5462835,163.0662835,136.9337165,6.01586863,0,0.456445722,67.49156355,146.52,1.3462,2.1463,0.8128,1.9431,5.31401729,8.47234832,3.208463269,7.670232503,2.413,9.525125331,163.0662835,303.7423977,197.8268661,8.47234832,7.670232503,140.6761142,4
B00405,B00405_R1,405,Gate_2,Yellow_5,4,7,0.2032,1.6002,139.52,0.762,2.032,160.21,7,7,-20.69,0.2032,1.143,1.0668,0.7112,0.9652,1.9558,1.8034,1,3,3,300,0,4,7,2.175933333,0,2.413,1.1176,139.52,160.21,7,7,0.9652,1.9558,0,-20.69,0.9906,2.7686,16.92882801,156.448828,143.551172,12.63332412,0,0.478503907,108.3580149,146.52,1.1176,2.413,0.9652,2.2225,4.411636995,9.525125331,3.810050132,8.773141752,0.9652,3.810050132,156.448828,310.0590597,210.7609837,9.525125331,8.773141752,153.6102317,3
B00405,B00405_R1,402,Gate_2,Orange_2,5,7,0.2032,1.6002,139.52,0.762,2.032,160.21,7,7,-20.69,0.2032,1.143,1.9812,2.54,0.9652,1.9558,3.175,1,3,3,300,0,5,7,2.175933333,0,1.769533333,0,139.52,160.21,7,7,0.9652,1.9558,0,-20.69,0.9906,4.1402,22.34310978,161.8631098,138.1368902,7.219042356,0,0.460456301,72.46026762,146.52,0,1.769533333,0.9652,1.9939,0,6.985091909,3.810050132,7.870761457,0.9652,3.810050132,161.8631098,310.0590597,190.1065014,6.985091909,7.870761457,148.1959499,2
B00405,B00405_R1,394,Orange_2,Green_1,6,7,0.2032,1.6002,139.52,0.762,2.032,160.21,7,7,-20.69,1.9812,2.54,1.6764,0.2032,2.7178,1.7272,3.2512,3,3,3,300,0,6,7,2.2987,0.8128,2.087033333,0,139.52,160.21,7,7,2.7178,1.7272,0,-20.69,-0.9906,5.969,29.56215213,169.0821521,130.9178479,0,0,0.436392826,50.25967499,146.52,0,2.087033333,0,1.807633333,0,8.238397874,0,7.135488625,2.7178,10.72829906,169.0821521,299.3307607,190.4072948,8.238397874,7.135488625,130.2486085,1
B00405,B00405_R1,399,Green_1,Gate_3,7,7,0.2032,1.6002,139.52,0.762,2.032,160.21,7,7,-20.69,1.6764,0.2032,0.2032,1.6002,2.8702,3.2512,2.8702,2,3,3,300,0,7,7,2.6289,1.8034,1.9431,0.9652,139.52,160.21,7,7,2.8702,3.2512,0,-20.69,0.381,5.7404,28.65977184,168.1797718,131.8202282,0.902380294,0,0.439400761,52.26116647,146.52,0.9652,1.9431,0,2.302933333,3.810050132,7.670232503,0,9.09064593,2.8702,11.32988592,168.1797718,298.7291738,187.9006829,7.670232503,9.09064593,130.549402,0
B00406,B00406_R1,390,Green_7,Purple_2,1,7,0.2032,1.6002,144.17,0.762,2.032,151.3,7,7,-7.13,2.54,1.143,0.762,2.54,2.794,3.175,3.175,3,3,3,300,0,1,7,2.3114,1.8034,1.8034,0.508,144.17,151.3,7,7,2.794,3.175,0,-7.13,0.381,5.969,29.56215213,173.7321521,126.2678479,0,0,0.420892826,50.25967499,151.17,0.508,1.8034,1.8034,2.4892,2.005289543,7.118777879,7.118777879,9.825918762,2.794,11.02909249,173.7321521,308.6931911,181.5840208,7.118777879,9.825918762,134.961039,6
B00406,B00406_R1,397,Orange_1,Gate_4,2,7,0.2032,1.6002,144.17,0.762,2.032,151.3,7,7,-7.13,1.6764,2.54,0.2032,1.9812,2.413,1.4224,2.032,2,3,3,300,0,2,7,2.1971,0.8128,2.0955,1.1176,144.17,151.3,7,7,2.413,1.4224,0,-7.13,-0.9906,4.445,23.5462835,167.7162835,132.2837165,6.01586863,0,0.440945722,67.49156355,151.17,1.1176,2.0955,0.8128,2.159,4.411636995,8.271819366,3.208463269,8.522480559,2.413,9.525125331,167.7162835,306.2868436,194.5181384,8.271819366,8.522480559,138.5705601,5
B00406,B00406_R1,406,Purple_4,Gate_3,3,7,0.2032,1.6002,144.17,0.762,2.032,151.3,7,7,-7.13,0.762,2.032,0.2032,1.6002,1.4986,0,1.4986,2,3,3,300,0,3,7,2.2479,1.4224,2.1209,0.9652,144.17,151.3,7,7,1.4986,0,0,-7.13,-1.4986,2.9972,17.83120831,162.0012083,137.9987917,11.73094383,0,0.459995972,100.0934205,151.17,0.9652,2.1209,0.508,1.8923,3.810050132,8.372083843,2.005289543,7.469703549,1.4986,5.915604153,162.0012083,308.6931911,200.8348005,8.372083843,7.469703549,146.6919828,4
B00406,B00406_R1,402,Gate_2,Orange_2,4,7,0.2032,1.6002,144.17,0.762,2.032,151.3,7,7,-7.13,0.2032,1.143,1.9812,2.54,0.9652,1.9558,3.175,1,3,3,300,0,4,7,2.125133333,0,1.820333333,0,144.17,151.3,7,7,0.9652,1.9558,0,-7.13,0.9906,4.1402,22.34310978,166.5131098,133.4868902,7.219042356,0,0.444956301,72.46026762,151.17,0,1.820333333,0.9652,1.5748,0,7.185620863,3.810050132,6.216397584,0.9652,3.810050132,166.5131098,312.6035057,189.2041211,7.185620863,6.216397584,146.0903959,3
B00406,B00406_R1,394,Orange_2,Green_1,5,7,0.2032,1.6002,144.17,0.762,2.032,151.3,7,7,-7.13,1.9812,2.54,1.6764,0.2032,2.7178,1.7272,3.2512,3,3,3,300,0,5,7,2.3495,0.8128,2.137833333,0,144.17,151.3,7,7,2.7178,1.7272,0,-7.13,-0.9906,5.969,29.56215213,173.7321521,126.2678479,0,0,0.420892826,50.25967499,151.17,0,2.137833333,0,2.125133333,0,8.438926828,0,8.388794589,2.7178,10.72829906,173.7321521,301.8752066,189.5049145,8.438926828,8.388794589,128.1430545,2
B00406,B00406_R1,399,Green_1,Gate_3,6,7,0.2032,1.6002,144.17,0.762,2.032,151.3,7,7,-7.13,1.6764,0.2032,0.2032,1.6002,2.8702,3.2512,2.8702,2,3,3,300,0,6,7,2.6797,1.8034,1.8923,0.9652,144.17,151.3,7,7,2.8702,3.2512,0,-7.13,0.381,5.7404,28.65977184,172.8297718,127.1702282,0.902380294,0,0.423900761,52.26116647,151.17,0.9652,1.8923,0,2.290233333,3.810050132,7.469703549,0,9.040513691,2.8702,11.32988592,172.8297718,301.2736198,184.5919552,7.469703549,9.040513691,128.4438479,1
B00406,B00406_R1,405,Gate_2,Yellow_5,7,7,0.2032,1.6002,144.17,0.762,2.032,151.3,7,7,-7.13,0.2032,1.143,1.0668,0.7112,0.9652,1.9558,1.8034,1,3,3,300,0,7,7,2.125133333,0,2.4638,1.1176,144.17,151.3,7,7,0.9652,1.9558,0,-7.13,0.9906,2.7686,16.92882801,161.098828,138.901172,12.63332412,0,0.463003907,108.3580149,151.17,1.1176,2.4638,0.9652,1.8034,4.411636995,9.725654285,3.810050132,7.118777879,0.9652,3.810050132,161.098828,312.6035057,209.8586034,9.725654285,7.118777879,151.5046777,0
B00407,B00407_R2,393,Gate_1,Orange_4,1,6,1.0668,0.7112,147.15,0.762,2.032,136.71,8,6,10.44,0.2032,0.762,1.6764,2.032,1.4224,2.3368,3.2512,1,3,3,300,1,1,6,1.58496,0,2.58064,0.508,136.71,147.15,6,8,2.3368,1.4224,-2,-10.44,-0.9144,5.588,28.05818498,164.768185,135.231815,6.918248924,0,0.450772717,53.68647101,142.71,0.508,2.58064,1.3462,2.00152,2.005289543,10.18687088,5.31401729,7.900840801,2.3368,9.224331899,164.768185,301.1487952,191.2252793,10.18687088,7.900840801,136.3806103,5
B00407,B00407_R2,404,Orange_1,Gate_3,2,6,1.0668,0.7112,147.15,0.762,2.032,136.71,8,6,10.44,1.6764,2.54,0.2032,1.6002,2.9464,1.4224,2.413,2,3,3,300,1,2,6,3.12928,2.9464,2.07772,1.3462,136.71,147.15,6,8,1.4224,2.9464,-2,-10.44,1.524,3.8354,21.13993605,157.8499361,142.1500639,13.83649785,0,0.473833546,78.21869948,142.71,1.3462,2.07772,0.508,1.37668,5.31401729,8.201634232,2.005289543,5.434334662,1.4224,5.614810721,157.8499361,301.4495887,188.217345,8.201634232,5.434334662,143.5996526,4
B00407,B00407_R2,407,Green_1,Gate_4,3,6,1.0668,0.7112,147.15,0.762,2.032,136.71,8,6,10.44,1.6764,0.2032,0.2032,1.9812,1.1176,3.2512,3.2512,2,3,3,300,1,3,6,2.032,1.1176,2.21488,1.7272,136.71,147.15,6,8,3.2512,1.1176,-2,-10.44,-2.1336,6.5024,31.66770615,168.3777062,131.6222938,3.308727746,0,0.438740979,46.13681102,142.71,1.7272,2.21488,2.8702,2.97688,6.817984447,8.743062409,11.32988592,11.75099672,3.2512,12.83385308,168.3777062,303.5551427,180.3967157,8.743062409,11.75099672,135.1774365,3
B00407,B00407_R2,398,Gate_1,Orange_4,4,6,1.0668,0.7112,147.15,0.762,2.032,136.71,8,6,10.44,0.2032,0.762,1.6764,2.032,1.4224,2.3368,3.2512,1,3,3,300,1,4,6,1.58496,0,2.58064,0.508,136.71,147.15,6,8,2.3368,1.4224,-2,-10.44,-0.9144,5.588,28.05818498,164.768185,135.231815,6.918248924,0,0.450772717,53.68647101,142.71,0.508,2.58064,1.3462,2.00152,2.005289543,10.18687088,5.31401729,7.900840801,2.3368,9.224331899,164.768185,301.1487952,191.2252793,10.18687088,7.900840801,136.3806103,2
B00407,B00407_R2,403,Green_3,Gate_3,5,6,1.0668,0.7112,147.15,0.762,2.032,136.71,8,6,10.44,2.286,0.2032,0.2032,1.6002,1.7272,3.8608,3.4798,2,3,3,300,1,5,6,2.39776,1.1176,1.86436,1.3462,136.71,147.15,6,8,3.8608,1.7272,-2,-10.44,-2.1336,7.3406,34.9764339,171.6864339,128.3135661,0,0,0.427711887,40.86859385,142.71,1.3462,1.86436,2.9464,3.41884,5.31401729,7.359412624,11.63067935,13.49559863,3.8608,15.24020053,171.6864339,301.4495887,170.1697391,7.359412624,13.49559863,129.7631548,1
B00407,B00407_R2,374,Gate_1,Purple_4,6,6,1.0668,0.7112,147.15,0.762,2.032,136.71,8,6,10.44,0.2032,0.762,0.762,2.032,1.4224,2.3368,2.3368,1,3,3,300,1,6,6,1.58496,0,2.6416,1.4224,136.71,147.15,6,8,2.3368,1.4224,-2,-10.44,-0.9144,4.6736,24.4486638,161.1586638,138.8413362,10.5277701,0,0.462804454,64.19034577,142.71,1.4224,2.6416,1.3462,2.1844,5.614810721,10.42750563,5.31401729,8.622745036,2.3368,9.224331899,161.1586638,301.1487952,196.0379742,10.42750563,8.622745036,139.9901314,0
B00408,B00408_R1,397,Orange_1,Gate_4,1,7,1.0668,0.7112,137.49,0.762,2.032,163.21,7,7,-25.72,1.6764,2.54,0.2032,1.9812,2.9464,1.4224,2.032,2,3,3,300,0,1,7,2.3622,0.8128,1.8542,1.1176,137.49,163.21,7,7,2.9464,1.4224,0,-25.72,-1.524,4.9784,25.65183752,163.1418375,136.8581625,6.01586863,0,0.456193875,60.2603246,144.49,1.1176,1.8542,0.8128,2.413,4.411636995,7.319306833,3.208463269,9.525125331,2.9464,11.63067935,163.1418375,300.8100174,190.0062369,7.319306833,9.525125331,137.6681798,6
B00408,B00408_R1,406,Purple_4,Gate_3,2,7,1.0668,0.7112,137.49,0.762,2.032,163.21,7,7,-25.72,0.762,2.032,0.2032,1.6002,3.2512,0,1.4986,2,3,3,300,0,2,7,2.1082,1.4224,1.8796,0.9652,137.49,163.21,7,7,3.2512,0,0,-25.72,-3.2512,4.7498,24.74945723,162.2394572,137.7605428,6.918248924,0,0.459201809,63.16055413,144.49,0.9652,1.8796,1.1176,2.4511,3.810050132,7.41957131,4.411636995,9.675522046,3.2512,12.83385308,162.2394572,300.8100174,191.5102041,7.41957131,9.675522046,138.5705601,5
B00408,B00408_R1,402,Gate_2,Orange_2,3,7,1.0668,0.7112,137.49,0.762,2.032,163.21,7,7,-25.72,0.2032,1.143,1.9812,2.54,1.8034,1.9558,3.175,1,3,3,300,0,3,7,1.883833333,0,2.087033333,0,137.49,163.21,7,7,1.8034,1.9558,0,-25.72,0.1524,4.9784,25.65183752,163.1418375,136.8581625,6.01586863,0,0.456193875,60.2603246,144.49,0,2.087033333,0.9652,1.7526,0,8.238397874,3.810050132,6.918248924,1.8034,7.118777879,163.1418375,305.9235057,195.5207832,8.238397874,6.918248924,142.7816682,4
B00408,B00408_R1,394,Orange_2,Green_1,4,7,1.0668,0.7112,137.49,0.762,2.032,163.21,7,7,-25.72,1.9812,2.54,1.6764,0.2032,3.2512,1.7272,3.2512,3,3,3,300,0,4,7,2.6162,0.8128,2.175933333,0,137.49,163.21,7,7,3.2512,1.7272,0,-25.72,-1.524,6.5024,31.66770615,169.1577062,130.8422938,0,0,0.436140979,46.13681102,144.49,0,2.175933333,0,2.277533333,0,8.589323544,0,8.990381452,3.2512,12.83385308,169.1577062,296.3983804,191.6104686,8.589323544,8.990381452,127.2406742,3
B00408,B00408_R1,399,Green_1,Gate_3,5,7,1.0668,0.7112,137.49,0.762,2.032,163.21,7,7,-25.72,1.6764,0.2032,0.2032,1.6002,1.1176,3.2512,2.8702,2,3,3,300,0,5,7,2.7178,2.032,1.651,0.9652,137.49,163.21,7,7,1.1176,3.2512,0,-25.72,2.1336,3.9878,21.74152291,159.2315229,140.7684771,9.926183239,0,0.469228257,75.22944982,144.49,0.9652,1.651,0,1.934633333,3.810050132,6.517191016,0,7.636811011,1.1176,4.411636995,159.2315229,304.8205965,189.1038566,6.517191016,7.636811011,145.5890735,2
B00408,B00408_R1,405,Gate_2,Yellow_5,6,7,1.0668,0.7112,137.49,0.762,2.032,163.21,7,7,-25.72,0.2032,1.143,1.0668,0.7112,1.8034,1.9558,1.8034,1,3,3,300,0,6,7,1.883833333,0,2.2987,1.1176,137.49,163.21,7,7,1.8034,1.9558,0,-25.72,0.1524,3.6068,20.23755576,157.7275558,142.2724442,11.4301504,0,0.474241481,83.17622269,144.49,1.1176,2.2987,0.9652,1.9812,4.411636995,9.073935183,3.810050132,7.820629219,1.8034,7.118777879,157.7275558,305.9235057,205.9482888,9.073935183,7.820629219,148.1959499,1
B00408,B00408_R1,408,Gate_1,Green_3,7,7,1.0668,0.7112,137.49,0.762,2.032,163.21,7,7,-25.72,0.2032,0.762,2.286,0.2032,1.4224,2.3368,2.6416,1,3,3,300,0,7,7,2.159,0.889,2.7686,1.1176,137.49,163.21,7,7,1.4224,2.3368,0,-25.72,0.9144,4.064,22.04231635,159.5323163,140.4676837,9.625389808,0,0.468225612,73.81889764,144.49,1.1176,2.7686,1.3462,1.905,4.411636995,10.92882801,5.31401729,7.519835787,1.4224,5.614810721,159.5323163,308.93144,215.2728852,10.92882801,7.519835787,149.3991237,0
B00409,B00409_R1,397,Orange_1,Gate_4,1,8,2.286,0.2032,150.09,0.762,2.032,151.3,8,6,-1.21,1.6764,2.54,0.2032,1.9812,2.9464,1.4224,2.032,2,3,3,300,0,1,8,2.445657143,0.8128,2.053771429,1.1176,150.09,151.3,8,6,2.9464,1.4224,2,-1.21,-1.524,4.9784,25.65183752,175.7418375,124.2581625,4.812694904,0,0.414193875,60.2603246,158.09,1.1176,2.053771429,0.8128,2.413,4.411636995,8.107099154,3.208463269,9.525125331,2.9464,11.63067935,175.7418375,349.589625,239.0196976,8.107099154,9.525125331,173.8477875,7
B00409,B00409_R1,406,Purple_4,Gate_3,2,8,2.286,0.2032,150.09,0.762,2.032,151.3,8,6,-1.21,0.762,2.032,0.2032,1.6002,3.8608,0,1.4986,2,3,3,300,0,2,8,2.271485714,1.4224,2.021114286,0.9652,150.09,151.3,8,6,3.8608,0,2,-1.21,-3.8608,5.3594,27.15580468,177.2458047,122.7541953,3.308727746,0,0.409180651,55.97641527,158.09,0.9652,2.021114286,1.1176,2.315028571,3.810050132,7.978187683,4.411636995,9.138390919,3.8608,15.24020053,177.2458047,347.1832775,236.6133502,7.978187683,9.138390919,169.9374729,6
B00409,B00409_R1,402,Gate_2,Orange_2,3,8,2.286,0.2032,150.09,0.762,2.032,151.3,8,6,-1.21,0.2032,1.143,1.9812,2.54,3.0226,1.9558,3.175,1,3,3,300,0,3,8,1.959428571,0,2.253342857,0,150.09,151.3,8,6,3.0226,1.9558,2,-1.21,-1.0668,6.1976,30.46453243,180.5545324,119.4454676,0,0,0.398151559,48.40583452,158.09,0,2.253342857,0.9652,1.640114286,0,8.894891474,3.810050132,6.474220525,3.0226,11.93147278,180.5545324,349.8904184,239.721549,8.894891474,6.474220525,169.335886,5
B00409,B00409_R1,394,Orange_2,Green_1,4,8,2.286,0.2032,150.09,0.762,2.032,151.3,8,6,-1.21,1.9812,2.54,1.6764,0.2032,2.6416,1.7272,3.2512,3,3,3,300,0,4,8,2.706914286,0.8128,1.865085714,0,150.09,151.3,8,6,2.6416,1.7272,2,-1.21,-0.9144,5.8928,29.2613587,179.3513587,120.6486413,1.203173726,0,0.402162138,50.90958458,158.09,0,1.865085714,0,2.340428571,0,7.362277323,0,9.238655396,2.6416,10.42750563,179.3513587,347.5843355,230.1964236,7.362277323,9.238655396,168.2329767,4
B00409,B00409_R1,409,Green_1,Gate_3,5,8,2.286,0.2032,150.09,0.762,2.032,151.3,8,6,-1.21,1.6764,0.2032,0.2032,1.6002,1.1176,3.2512,2.8702,2,3,3,300,0,5,8,2.329542857,0,1.825171429,0.9652,150.09,151.3,8,6,1.1176,3.2512,2,-1.21,2.1336,3.9878,21.74152291,171.8315229,128.1684771,8.723009513,0,0.427228257,75.22944982,158.09,0.9652,1.825171429,0,2.068285714,3.810050132,7.204718859,0,8.164393141,1.1176,4.411636995,171.8315229,353.6002041,236.6133502,7.204718859,8.164393141,181.7686812,3
B00409,B00409_R1,405,Gate_2,Yellow_5,6,8,2.286,0.2032,150.09,0.762,2.032,151.3,8,6,-1.21,0.2032,1.143,1.0668,0.7112,3.0226,1.9558,1.8034,1,3,3,300,0,6,8,1.959428571,0,2.129971429,1.1176,150.09,151.3,8,6,3.0226,1.9558,2,-1.21,-1.0668,4.826,25.05025066,175.1402507,124.8597493,5.414281767,0,0.416199164,62.16328222,158.09,1.1176,2.129971429,0.9652,1.836057143,4.411636995,8.407892585,3.810050132,7.247689349,3.0226,11.93147278,175.1402507,349.8904184,241.7268385,8.407892585,7.247689349,174.7501678,2
B00409,B00409_R1,399,Green_1,Gate_3,7,8,2.286,0.2032,150.09,0.762,2.032,151.3,8,6,-1.21,1.6764,0.2032,0.2032,1.6002,1.1176,3.2512,2.8702,2,3,3,300,0,7,8,2.329542857,0,1.825171429,0.9652,150.09,151.3,8,6,1.1176,3.2512,2,-1.21,2.1336,3.9878,21.74152291,171.8315229,128.1684771,8.723009513,0,0.427228257,75.22944982,158.09,0.9652,1.825171429,0,2.068285714,3.810050132,7.204718859,0,8.164393141,1.1176,4.411636995,171.8315229,353.6002041,236.6133502,7.204718859,8.164393141,181.7686812,1
B00409,B00409_R1,408,Gate_1,Green_3,8,8,2.286,0.2032,150.09,0.762,2.032,151.3,8,6,-1.21,0.2032,0.762,2.286,0.2032,2.6416,2.3368,2.6416,1,3,3,300,0,8,8,2.140857143,0.889,2.532742857,1.1176,150.09,151.3,8,6,2.6416,2.3368,2,-1.21,-0.3048,5.2832,26.85501125,176.9450113,123.0549887,3.609521178,0,0.410183296,56.78376741,158.09,1.1176,2.532742857,1.3462,1.825171429,4.411636995,9.997800723,5.31401729,7.204718859,2.6416,10.42750563,176.9450113,352.8983527,251.0514349,9.997800723,7.204718859,175.9533415,0
B00410,B00410_R2,403,Green_3,Gate_3,1,6,2.286,0.2032,156.24,0.762,2.032,141.57,8,6,14.68,2.286,0.2032,0.2032,1.6002,0,3.8608,3.4798,2,3,3,300,1,1,6,2.70256,1.1176,1.83388,1.1938,141.57,156.24,6,8,3.8608,0,-2,-14.67,-3.8608,7.3406,34.9764339,176.5464339,123.4535661,0,0,0.411511887,40.86859385,147.57,1.1938,1.83388,2.9464,3.52552,4.712430427,7.239095251,11.63067935,13.91670943,3.8608,15.24020053,176.5464339,292.1722974,155.4308609,7.239095251,13.91670943,115.6258635,5
B00410,B00410_R2,374,Gate_1,Purple_4,2,6,2.286,0.2032,156.24,0.762,2.032,141.57,8,6,14.68,0.2032,0.762,0.762,2.032,2.6416,2.3368,2.3368,1,3,3,300,1,2,6,1.99136,0,2.3368,0.8128,141.57,156.24,6,8,2.3368,2.6416,-2,-14.67,0.3048,4.6736,24.4486638,166.0186638,133.9813362,10.5277701,0,0.446604454,64.19034577,147.57,0.8128,2.3368,1.3462,1.8034,3.208463269,9.224331899,5.31401729,7.118777879,2.3368,9.224331899,166.0186638,291.871504,175.8848143,9.224331899,7.118777879,125.8528402,4
B00410,B00410_R2,410,Purple_1,Gate_3,3,6,2.286,0.2032,156.24,0.762,2.032,141.57,8,6,14.68,0.4572,2.54,0.2032,1.6002,4.1656,0.8128,1.1938,2,3,3,300,1,3,6,2.70256,1.7272,2.29108,1.3462,141.57,156.24,6,8,0.8128,4.1656,-2,-14.67,3.3528,2.0066,13.9208937,155.4908937,144.5091063,21.0555402,0,0.481697021,149.5066281,147.57,1.3462,2.29108,0.8128,1.14808,5.31401729,9.04385584,3.208463269,4.531954368,0.8128,3.208463269,155.4908937,295.7818186,185.5102041,9.04385584,4.531954368,140.2909249,3
B00410,B00410_R2,398,Gate_1,Orange_4,4,6,2.286,0.2032,156.24,0.762,2.032,141.57,8,6,14.68,0.2032,0.762,1.6764,2.032,2.6416,2.3368,3.2512,1,3,3,300,1,4,6,1.99136,0,2.27584,0.508,141.57,156.24,6,8,2.3368,2.6416,-2,-14.67,0.3048,5.588,28.05818498,169.628185,130.371815,6.918248924,0,0.434572717,53.68647101,147.57,0.508,2.27584,1.3462,1.62052,2.005289543,8.983697154,5.31401729,6.396873643,2.3368,9.224331899,169.628185,291.871504,171.0721194,8.983697154,6.396873643,122.243319,2
B00410,B00410_R2,404,Orange_1,Gate_3,5,6,2.286,0.2032,156.24,0.762,2.032,141.57,8,6,14.68,1.6764,2.54,0.2032,1.6002,2.9464,1.4224,2.413,2,3,3,300,1,5,6,2.82448,1.7272,2.04724,1.1938,141.57,156.24,6,8,1.4224,2.9464,-2,-14.67,1.524,3.8354,21.13993605,162.7099361,137.2900639,13.83649785,0,0.457633546,78.21869948,147.57,1.1938,2.04724,0.508,1.75768,4.712430427,8.081316859,2.005289543,6.93830182,1.4224,5.614810721,162.7099361,292.1722974,173.4784668,8.081316859,6.93830182,129.4623613,1
B00410,B00410_R2,407,Green_1,Gate_4,6,6,2.286,0.2032,156.24,0.762,2.032,141.57,8,6,14.68,1.6764,0.2032,0.2032,1.9812,1.1176,3.2512,3.2512,2,3,3,300,1,6,6,2.3368,1.1176,2.032,0.8128,141.57,156.24,6,8,3.2512,1.1176,-2,-14.67,-2.1336,6.5024,31.66770615,173.2377062,126.7622938,3.308727746,0,0.422540979,46.13681102,147.57,0.8128,2.032,2.8702,2.96164,3.208463269,8.021158173,11.32988592,11.69083804,3.2512,12.83385308,173.2377062,294.2778514,162.6499033,8.021158173,11.69083804,121.0401453,0
B00411,B00411_R2,411,Yellow_2,Gate_3,1,6,2.286,0.2032,147.71,0.2032,1.9812,138.39,8,6,9.32,0.762,0.2032,0.2032,1.6002,2.032,2.3368,1.9558,2,3,3,300,1,1,6,1.91008,1.1176,1.83388,1.1938,138.39,147.71,6,8,2.3368,2.032,-2,-9.32,-0.3048,4.2926,22.94469664,161.3346966,138.6653034,8.723009513,0,0.462217678,69.88771374,144.39,1.1938,1.83388,1.9558,2.4892,4.712430427,7.239095251,7.720364742,9.825918762,2.3368,9.224331899,161.3346966,276.6597667,153.0245135,7.239095251,9.825918762,115.3250701,5
B00411,B00411_R2,407,Green_1,Gate_4,2,6,2.286,0.2032,147.71,0.2032,1.9812,138.39,8,6,9.32,1.6764,0.2032,0.2032,1.9812,1.1176,3.2512,3.2512,2,3,3,300,1,2,6,2.39776,1.4224,1.7272,0.8128,138.39,147.71,6,8,3.2512,1.1176,-2,-9.32,-2.1336,6.5024,31.66770615,170.0577062,129.9422938,0,0,0.433140979,46.13681102,144.39,0.8128,1.7272,2.8702,2.96164,3.208463269,6.817984447,11.32988592,11.69083804,3.2512,12.83385308,170.0577062,276.6597667,142.1959499,6.817984447,11.69083804,106.6020606,4
B00411,B00411_R2,410,Purple_1,Gate_3,3,6,2.286,0.2032,147.71,0.2032,1.9812,138.39,8,6,9.32,0.4572,2.54,0.2032,1.6002,4.1656,0.8128,1.1938,2,3,3,300,1,3,6,2.39776,1.7272,1.98628,1.3462,138.39,147.71,6,8,0.8128,4.1656,-2,-9.32,3.3528,2.0066,13.9208937,152.3108937,147.6891063,17.74681246,0,0.492297021,149.5066281,144.39,1.3462,1.98628,0.8128,1.14808,5.31401729,7.840682114,3.208463269,4.531954368,0.8128,3.208463269,152.3108937,278.1637339,165.0562507,7.840682114,4.531954368,125.8528402,3
B00411,B00411_R2,398,Gate_1,Orange_4,4,6,2.286,0.2032,147.71,0.2032,1.9812,138.39,8,6,9.32,0.2032,0.762,1.6764,2.032,2.6416,1.7272,3.2512,1,3,3,300,1,4,6,1.68656,0,2.3368,0.508,138.39,147.71,6,8,1.7272,2.6416,-2,-9.32,0.9144,4.9784,25.65183752,164.0418375,135.9581625,6.01586863,0,0.453193875,60.2603246,144.39,0.508,2.3368,1.3462,1.62052,2.005289543,9.224331899,5.31401729,6.396873643,1.7272,6.817984447,164.0418375,276.6597667,160.2435558,9.224331899,6.396873643,112.6179292,2
B00411,B00411_R2,404,Orange_1,Gate_3,5,6,2.286,0.2032,147.71,0.2032,1.9812,138.39,8,6,9.32,1.6764,2.54,0.2032,1.6002,2.9464,2.032,2.413,2,3,3,300,1,5,6,2.88544,1.7272,1.74244,1.1938,138.39,147.71,6,8,2.032,2.9464,-2,-9.32,0.9144,4.445,23.5462835,161.9362835,138.0637165,8.12142265,0,0.460212388,67.49156355,144.39,1.1938,1.74244,0.508,1.75768,4.712430427,6.878143133,2.005289543,6.93830182,2.032,8.021158173,161.9362835,272.1478652,150.618166,6.878143133,6.93830182,110.2115817,1
B00411,B00411_R2,374,Gate_1,Purple_4,6,6,2.286,0.2032,147.71,0.2032,1.9812,138.39,8,6,9.32,0.2032,0.762,0.762,2.032,2.6416,1.7272,2.3368,1,3,3,300,1,6,6,1.68656,0,2.15392,0.8128,138.39,147.71,6,8,1.7272,2.6416,-2,-9.32,0.9144,4.064,22.04231635,160.4323163,139.5676837,9.625389808,0,0.465225612,73.81889764,144.39,0.8128,2.15392,1.3462,1.8034,3.208463269,8.502427664,5.31401729,7.118777879,1.7272,6.817984447,160.4323163,276.6597667,160.2435558,8.502427664,7.118777879,116.2274504,0
B00412,B00412_R2,398,Gate_1,Orange_4,1,7,2.286,0.2032,136.93,0.762,2.032,145.6,7,7,-8.67,0.2032,0.762,1.6764,2.032,2.6416,2.3368,3.2512,1,3,3,300,1,1,7,1.998133333,0,2.0828,0.508,145.6,136.93,7,7,2.3368,2.6416,0,8.67,0.3048,5.588,28.05818498,173.658185,126.341815,3.609521178,0,0.421139383,53.68647101,152.6,0.508,2.0828,1.3462,1.7907,2.005289543,8.221687127,5.31401729,7.06864564,2.3368,9.224331899,173.658185,309.5216042,189.1038566,8.221687127,7.06864564,135.8634193,6
B00412,B00412_R2,404,Orange_1,Gate_3,2,7,2.286,0.2032,136.93,0.762,2.032,145.6,7,7,-8.67,1.6764,2.54,0.2032,1.6002,2.9464,1.4224,2.413,2,3,3,300,1,2,7,2.54,0.8128,1.905,1.1938,145.6,136.93,7,7,1.4224,2.9464,0,8.67,1.524,3.8354,21.13993605,166.7399361,133.2600639,10.5277701,0,0.444200213,78.21869948,152.6,1.1938,1.905,0.508,1.9558,4.712430427,7.519835787,2.005289543,7.720364742,1.4224,5.614810721,166.7399361,309.8223977,191.8109975,7.519835787,7.720364742,143.0824616,5
B00412,B00412_R2,374,Gate_1,Purple_4,3,7,2.286,0.2032,136.93,0.762,2.032,145.6,7,7,-8.67,0.2032,0.762,0.762,2.032,2.6416,2.3368,2.3368,1,3,3,300,1,3,7,1.998133333,0,2.0828,0.8128,145.6,136.93,7,7,2.3368,2.6416,0,8.67,0.3048,4.6736,24.4486638,170.0486638,129.9513362,7.219042356,0,0.433171121,64.19034577,152.6,0.8128,2.0828,1.3462,1.9431,3.208463269,8.221687127,5.31401729,7.670232503,2.3368,9.224331899,170.0486638,309.5216042,192.7133778,8.221687127,7.670232503,139.4729404,4
B00412,B00412_R2,412,Orange_5,Green_3,4,7,2.286,0.2032,136.93,0.762,2.032,145.6,7,7,-8.67,1.9812,2.032,2.286,0.2032,2.6416,1.7272,2.6416,3,3,3,300,1,4,7,2.794,0.8128,2.5908,1.1176,145.6,136.93,7,7,1.7272,2.6416,0,8.67,0.9144,4.3688,23.24549007,168.8454901,131.1545099,8.422216082,0,0.4371817,68.66874199,152.6,1.1176,2.5908,0.8128,2.1717,4.411636995,10.22697667,3.208463269,8.572612798,1.7272,6.817984447,168.8454901,309.8223977,205.9482888,10.22697667,8.572612798,140.9769076,3
B00412,B00412_R2,407,Green_1,Gate_4,5,7,2.286,0.2032,136.93,0.762,2.032,145.6,7,7,-8.67,1.6764,0.2032,0.2032,1.9812,1.1176,3.2512,3.2512,2,3,3,300,1,5,7,2.54,1.4224,1.8288,0.8128,145.6,136.93,7,7,3.2512,1.1176,0,8.67,-2.1336,6.5024,31.66770615,177.2677062,122.7322938,0,0,0.409107646,46.13681102,152.6,0.8128,1.8288,1.1176,2.6543,3.208463269,7.219042356,4.411636995,10.47763786,3.2512,12.83385308,177.2677062,305.0097028,179.4784668,7.219042356,10.47763786,127.7419966,2
B00412,B00412_R2,410,Purple_1,Gate_3,6,7,2.286,0.2032,136.93,0.762,2.032,145.6,7,7,-8.67,0.4572,2.54,0.2032,1.6002,4.1656,0.8128,1.1938,2,3,3,300,1,6,7,2.3368,1.7272,2.1082,1.3462,145.6,136.93,7,7,0.8128,4.1656,0,8.67,3.3528,2.0066,13.9208937,159.5208937,140.4791063,17.74681246,0,0.468263688,149.5066281,152.6,1.3462,2.1082,0.8128,1.651,5.31401729,8.321951605,3.208463269,6.517191016,0.8128,3.208463269,159.5208937,313.4319188,203.8427348,8.321951605,6.517191016,153.9110251,1
B00412,B00412_R2,411,Yellow_2,Gate_3,7,7,2.286,0.2032,136.93,0.762,2.032,145.6,7,7,-8.67,0.762,0.2032,0.2032,1.6002,2.032,2.9464,1.9558,2,3,3,300,1,7,7,2.1844,1.1176,1.9812,1.1938,145.6,136.93,7,7,2.9464,2.032,0,8.67,-0.9144,4.9022,25.35104409,170.9510441,129.0489559,6.316662061,0,0.430163186,61.19701359,152.6,1.1938,1.9812,1.9558,2.413,4.712430427,7.820629219,7.720364742,9.525125331,2.9464,11.63067935,170.9510441,309.5216042,189.4046501,7.820629219,9.525125331,138.5705601,0
B00413,B00413_R1,413,Orange_4,Gate_3,1,7,2.286,0.2032,129.51,0.2032,1.6002,145.43,7,7,-15.91,1.6764,2.032,0.2032,1.6002,2.9464,2.413,2.413,2,3,3,300,0,1,7,2.6162,0.8128,1.9558,0.9652,129.51,145.43,7,7,2.9464,2.413,0,-15.92,-0.5334,5.3594,27.15580468,156.6658047,143.3341953,3.308727746,0,0.477780651,55.97641527,136.51,0.9652,1.9558,0.8128,2.413,3.810050132,7.720364742,3.208463269,9.525125331,2.9464,11.63067935,156.6658047,303.3577875,201.4363873,7.720364742,9.525125331,146.6919828,6
B00413,B00413_R1,402,Gate_2,Orange_2,2,7,2.286,0.2032,129.51,0.2032,1.6002,145.43,7,7,-15.91,0.2032,1.143,1.9812,2.54,3.0226,0.9652,3.175,1,3,3,300,0,2,7,1.960033333,0,2.341033333,0,129.51,145.43,7,7,3.0226,0.9652,0,-15.92,-2.0574,6.1976,30.46453243,159.9745324,140.0254676,0,0,0.466751559,48.40583452,136.51,0,2.341033333,0.9652,1.6891,0,9.241042645,3.810050132,6.667587731,3.0226,11.93147278,159.9745324,303.6585809,207.251727,9.241042645,6.667587731,143.6840485,5
B00413,B00413_R1,394,Orange_2,Green_1,3,7,2.286,0.2032,129.51,0.2032,1.6002,145.43,7,7,-15.91,1.9812,2.54,1.6764,0.2032,2.6416,2.7178,3.2512,3,3,3,300,0,3,7,2.8702,0.8128,1.634066667,0,129.51,145.43,7,7,2.6416,2.7178,0,-15.92,0.0762,5.8928,29.2613587,158.7713587,141.2286413,1.203173726,0,0.470762138,50.90958458,136.51,0,1.634066667,0,2.341033333,0,6.450348031,0,9.241042645,2.6416,10.42750563,158.7713587,301.3524979,191.710733,6.450348031,9.241042645,142.5811392,4
B00413,B00413_R1,399,Green_1,Gate_3,4,7,2.286,0.2032,129.51,0.2032,1.6002,145.43,7,7,-15.91,1.6764,0.2032,0.2032,1.6002,1.1176,2.8702,2.8702,2,3,3,300,0,4,7,2.175933333,0,1.8796,0.9652,129.51,145.43,7,7,1.1176,2.8702,0,-15.92,1.7526,3.9878,21.74152291,151.2515229,148.7484771,8.723009513,0,0.495828257,75.22944982,136.51,0.9652,1.8796,0,1.871133333,3.810050132,7.41957131,0,7.386149818,1.1176,4.411636995,151.2515229,307.3683666,205.0459085,7.41957131,7.386149818,156.1168436,3
B00413,B00413_R1,408,Gate_1,Green_3,5,7,2.286,0.2032,129.51,0.2032,1.6002,145.43,7,7,-15.91,0.2032,0.762,2.286,0.2032,2.6416,1.3462,2.6416,1,3,3,300,0,5,7,2.1082,0.889,2.3114,1.1176,129.51,145.43,7,7,2.6416,1.3462,0,-15.92,-1.2954,5.2832,26.85501125,156.3650113,143.6349887,3.609521178,0,0.478783296,56.78376741,136.51,1.1176,2.3114,1.3462,1.8415,4.411636995,9.124067422,5.31401729,7.269174594,2.6416,10.42750563,156.3650113,306.6665152,210.1593968,9.124067422,7.269174594,150.301504,2
B00413,B00413_R1,409,Green_1,Gate_3,6,7,2.286,0.2032,129.51,0.2032,1.6002,145.43,7,7,-15.91,1.6764,0.2032,0.2032,1.6002,1.1176,2.8702,2.8702,2,3,3,300,0,6,7,2.175933333,0,1.8796,0.9652,129.51,145.43,7,7,1.1176,2.8702,0,-15.92,1.7526,3.9878,21.74152291,151.2515229,148.7484771,8.723009513,0,0.495828257,75.22944982,136.51,0.9652,1.8796,0,1.871133333,3.810050132,7.41957131,0,7.386149818,1.1176,4.411636995,151.2515229,307.3683666,205.0459085,7.41957131,7.386149818,156.1168436,1
B00413,B00413_R1,405,Gate_2,Yellow_5,7,7,2.286,0.2032,129.51,0.2032,1.6002,145.43,7,7,-15.91,0.2032,1.143,1.0668,0.7112,3.0226,0.9652,1.8034,1,3,3,300,0,7,7,1.960033333,0,1.9431,1.1176,129.51,145.43,7,7,3.0226,0.9652,0,-15.92,-2.0574,4.826,25.05025066,154.5602507,145.4397493,5.414281767,0,0.484799164,62.16328222,136.51,1.1176,1.9431,0.9652,1.9177,4.411636995,7.670232503,3.810050132,7.569968026,3.0226,11.93147278,154.5602507,303.6585809,203.2411479,7.670232503,7.569968026,149.0983302,0
B00414,B00414_R2,404,Orange_1,Gate_3,1,7,1.0668,0.7112,145.73,0.2032,1.6002,137.12,7,7,8.61,1.6764,2.54,0.2032,1.6002,2.9464,2.413,2.413,2,3,3,300,1,1,7,2.54,0.8128,1.905,1.1938,137.12,145.73,7,7,2.413,2.9464,0,-8.61,0.5334,4.826,25.05025066,162.1702507,137.8297493,5.113488335,0,0.459432498,62.16328222,144.12,1.1938,1.905,1.4224,2.4638,4.712430427,7.519835787,5.614810721,9.725654285,2.413,9.525125331,162.1702507,287.5058998,174.3649785,7.519835787,9.725654285,125.3356492,6
B00414,B00414_R2,414,Gate_1,Yellow_1,2,7,1.0668,0.7112,145.73,0.2032,1.6002,137.12,7,7,8.61,0.2032,0.762,0.4572,0.2032,1.4224,1.3462,0.8128,1,3,3,300,1,2,7,1.998133333,0,2.1844,0.8128,137.12,145.73,7,7,1.3462,1.4224,0,-8.61,0.0762,2.159,14.52248056,151.6424806,148.3575194,15.64125844,0,0.494525065,138.9532191,144.12,0.8128,2.1844,1.3462,1.7907,3.208463269,8.622745036,5.31401729,7.06864564,1.3462,5.31401729,151.6424806,291.4162144,191.5102041,8.622745036,7.06864564,139.7737339,5
B00414,B00414_R2,411,Yellow_2,Gate_3,3,7,1.0668,0.7112,145.73,0.2032,1.6002,137.12,7,7,8.61,0.762,0.2032,0.2032,1.6002,0.8128,1.9558,1.9558,2,3,3,300,1,3,7,2.1844,1.1176,1.9812,1.1938,137.12,145.73,7,7,1.9558,0.8128,0,-8.61,-1.143,3.9116,21.44072948,158.5607295,141.4392705,8.723009513,0,0.471464235,76.69495858,144.12,1.1938,1.9812,0.8128,2.0066,4.712430427,7.820629219,3.208463269,7.920893696,1.9558,7.720364742,158.5607295,286.904313,179.7792603,7.820629219,7.920893696,128.3435835,4
B00414,B00414_R2,374,Gate_1,Purple_4,4,7,1.0668,0.7112,145.73,0.2032,1.6002,137.12,7,7,8.61,0.2032,0.762,0.762,2.032,1.4224,1.3462,2.3368,1,3,3,300,1,4,7,1.998133333,0,2.0828,0.8128,137.12,145.73,7,7,1.3462,1.4224,0,-8.61,0.0762,3.683,20.53834919,157.6583492,142.3416508,9.625389808,0,0.474472169,81.45533532,144.12,0.8128,2.0828,0.8128,1.5367,3.208463269,8.221687127,3.208463269,6.066000868,1.3462,5.31401729,157.6583492,289.3106604,183.087988,8.221687127,6.066000868,131.6523112,3
B00414,B00414_R2,412,Orange_5,Green_3,5,7,1.0668,0.7112,145.73,0.2032,1.6002,137.12,7,7,8.61,1.9812,2.032,2.286,0.2032,3.2512,2.7178,2.6416,3,3,3,300,1,5,7,2.794,0.8128,2.5908,1.1176,137.12,145.73,7,7,2.7178,3.2512,0,-8.61,0.5334,5.3594,27.15580468,164.2758047,135.7241953,3.007934315,0,0.452413984,55.97641527,144.12,1.1176,2.5908,1.7272,2.6797,4.411636995,10.22697667,6.817984447,10.57790234,2.7178,10.72829906,164.2758047,287.5058998,188.5022698,10.22697667,10.57790234,123.2300951,2
B00414,B00414_R2,407,Green_1,Gate_4,6,7,1.0668,0.7112,145.73,0.2032,1.6002,137.12,7,7,8.61,1.6764,0.2032,0.2032,1.9812,1.1176,2.8702,3.2512,2,3,3,300,1,6,7,2.54,1.4224,1.8288,0.8128,137.12,145.73,7,7,2.8702,1.1176,0,-8.61,-1.7526,6.1214,30.163739,167.283739,132.716261,0,0,0.442387537,49.00839677,144.12,0.8128,1.8288,1.1176,2.4511,3.208463269,7.219042356,4.411636995,9.675522046,2.8702,11.32988592,167.283739,284.4979655,167.4467296,7.219042356,9.675522046,117.2142265,1
B00414,B00414_R2,410,Purple_1,Gate_3,7,7,1.0668,0.7112,145.73,0.2032,1.6002,137.12,7,7,8.61,0.4572,2.54,0.2032,1.6002,2.9464,1.1938,1.1938,2,3,3,300,1,7,7,2.3368,1.7272,2.1082,1.3462,137.12,145.73,7,7,1.1938,2.9464,0,-8.61,1.7526,2.3876,15.42486085,152.5448609,147.4551391,14.73887814,0,0.49151713,125.6491875,144.12,1.3462,2.1082,0.8128,1.7526,5.31401729,8.321951605,3.208463269,6.918248924,1.1938,4.712430427,152.5448609,289.9122473,188.8030632,8.321951605,6.918248924,137.3673864,0
B00415,B00415_R2,414,Gate_1,Yellow_1,1,7,1.0668,0.7112,133.28,0.2032,1.6002,131.53,7,7,1.75,0.2032,0.762,0.4572,0.2032,1.4224,1.3462,0.8128,1,3,3,300,1,1,7,1.896533333,0,2.0828,0.8128,131.53,133.28,7,7,1.3462,1.4224,0,-1.75,0.0762,2.159,14.52248056,146.0524806,153.9475194,15.64125844,0,0.513158398,138.9532191,138.53,0.8128,2.0828,1.3462,1.7907,3.208463269,8.221687127,5.31401729,7.06864564,1.3462,5.31401729,146.0524806,281.0135195,184.2911617,8.221687127,7.06864564,134.961039,6
B00415,B00415_R2,411,Yellow_2,Gate_3,2,7,1.0668,0.7112,133.28,0.2032,1.6002,131.53,7,7,1.75,0.762,0.2032,0.2032,1.6002,0.8128,1.9558,1.9558,2,3,3,300,1,2,7,2.1844,1.1176,1.8796,1.1938,131.53,133.28,7,7,1.9558,0.8128,0,-1.75,-1.143,3.9116,21.44072948,152.9707295,147.0292705,8.723009513,0,0.490097568,76.69495858,138.53,1.1938,1.8796,0.8128,2.0066,4.712430427,7.41957131,3.208463269,7.920893696,1.9558,7.720364742,152.9707295,276.501618,172.5602179,7.41957131,7.920893696,123.5308886,5
B00415,B00415_R2,374,Gate_1,Purple_4,3,7,1.0668,0.7112,133.28,0.2032,1.6002,131.53,7,7,1.75,0.2032,0.762,0.762,2.032,1.4224,1.3462,2.3368,1,3,3,300,1,3,7,1.896533333,0,1.9812,0.8128,131.53,133.28,7,7,1.3462,1.4224,0,-1.75,0.0762,3.683,20.53834919,152.0683492,147.9316508,9.625389808,0,0.493105503,81.45533532,138.53,0.8128,1.9812,0.8128,1.5367,3.208463269,7.820629219,3.208463269,6.066000868,1.3462,5.31401729,152.0683492,278.9079655,175.8689456,7.820629219,6.066000868,126.8396163,4
B00415,B00415_R2,412,Orange_5,Green_3,4,7,1.0668,0.7112,133.28,0.2032,1.6002,131.53,7,7,1.75,1.9812,2.032,2.286,0.2032,3.2512,2.7178,2.6416,3,3,3,300,1,4,7,2.8956,1.4224,2.6924,1.1176,131.53,133.28,7,7,2.7178,3.2512,0,-1.75,0.5334,5.3594,27.15580468,158.6858047,141.3141953,3.007934315,0,0.471047318,55.97641527,138.53,1.1176,2.6924,1.7272,2.6797,4.411636995,10.62803458,6.817984447,10.57790234,2.7178,10.72829906,158.6858047,277.1032049,186.0959223,10.62803458,10.57790234,118.4174002,3
B00415,B00415_R2,407,Green_1,Gate_4,5,7,1.0668,0.7112,133.28,0.2032,1.6002,131.53,7,7,1.75,1.6764,0.2032,0.2032,1.9812,1.1176,2.8702,3.2512,2,3,3,300,1,5,7,2.54,1.4224,1.7272,0.8128,131.53,133.28,7,7,2.8702,1.1176,0,-1.75,-1.7526,6.1214,30.163739,161.693739,138.306261,0,0,0.46102087,49.00839677,138.53,0.8128,1.7272,1.1176,2.4511,3.208463269,6.817984447,4.411636995,9.675522046,2.8702,11.32988592,161.693739,274.0952706,160.2276872,6.817984447,9.675522046,112.4015316,2
B00415,B00415_R2,410,Purple_1,Gate_3,6,7,1.0668,0.7112,133.28,0.2032,1.6002,131.53,7,7,1.75,0.4572,2.54,0.2032,1.6002,2.9464,1.1938,1.1938,2,3,3,300,1,6,7,2.2352,1.1176,2.0066,1.3462,131.53,133.28,7,7,1.1938,2.9464,0,-1.75,1.7526,2.3876,15.42486085,146.9548609,153.0451391,14.73887814,0,0.510150464,125.6491875,138.53,1.3462,2.0066,0.8128,1.7526,5.31401729,7.920893696,3.208463269,6.918248924,1.1938,4.712430427,146.9548609,279.5095524,181.5840208,7.920893696,6.918248924,132.5546915,1
B00415,B00415_R2,415,Purple_5,Gate_3,7,7,1.0668,0.7112,133.28,0.2032,1.6002,131.53,7,7,1.75,1.0668,2.032,0.2032,1.6002,2.9464,1.8034,1.8034,2,3,3,300,1,7,7,2.3368,1.1176,1.905,1.1938,131.53,133.28,7,7,1.8034,2.9464,0,-1.75,1.143,3.6068,20.23755576,151.7675558,148.2324442,9.926183239,0,0.494108147,83.17622269,138.53,1.1938,1.905,0.8128,2.0574,4.712430427,7.519835787,3.208463269,8.12142265,1.8034,7.118777879,151.7675558,277.1032049,174.3649785,7.519835787,8.12142265,125.3356492,0
B00416,B00416_R1,394,Orange_2,Green_1,1,6,1.0668,0.7112,120.84,0.2032,1.6002,146.6,6,8,-25.77,1.9812,2.54,1.6764,0.2032,3.2512,2.7178,3.2512,3,3,3,300,0,1,6,3.35788,3.175,1.2954,0,120.84,146.6,6,8,3.2512,2.7178,-2,-25.76,-0.5334,6.5024,31.66770615,152.5077062,147.4922938,0,0,0.491640979,46.13681102,126.84,0,1.2954,2.6416,2.97688,0,5.113488335,10.42750563,11.75099672,3.2512,12.83385308,152.5077062,251.8907244,127.3568073,5.113488335,11.75099672,99.3830182,5
B00416,B00416_R1,416,Gate_1,Yellow_2,2,6,1.0668,0.7112,120.84,0.2032,1.6002,146.6,6,8,-25.77,0.2032,0.762,0.762,0.2032,1.4224,1.3462,1.1176,1,3,3,300,0,2,6,1.7018,0,1.8034,1.1176,120.84,146.6,6,8,1.4224,1.3462,-2,-25.76,-0.0762,2.54,16.02644772,136.8664477,163.1335523,15.64125844,0,0.543778508,118.1102362,126.84,1.1176,1.8034,1.3462,1.75768,4.411636995,7.118777879,5.31401729,6.93830182,1.4224,5.614810721,136.8664477,253.9962784,153.0245135,7.118777879,6.93830182,117.1298307,4
B00416,B00416_R1,405,Gate_2,Yellow_5,3,6,1.0668,0.7112,120.84,0.2032,1.6002,146.6,6,8,-25.77,0.2032,1.143,1.0668,0.7112,1.8034,0.9652,1.8034,1,3,3,300,0,3,6,1.9558,0.889,1.66624,1.1176,120.84,146.6,6,8,1.8034,0.9652,-2,-25.76,-0.8382,3.6068,20.23755576,141.0775558,158.9224442,11.4301504,0,0.529741481,83.17622269,126.84,1.1176,1.66624,0.9652,1.77292,4.411636995,6.577349702,3.810050132,6.998460506,1.8034,7.118777879,141.0775558,250.9883441,146.1062646,6.577349702,6.998460506,109.9107883,3
B00416,B00416_R1,409,Green_1,Gate_3,4,6,1.0668,0.7112,120.84,0.2032,1.6002,146.6,6,8,-25.77,1.6764,0.2032,0.2032,1.6002,1.1176,2.8702,2.8702,2,3,3,300,0,4,6,1.94564,0,1.84912,0.9652,120.84,146.6,6,8,1.1176,2.8702,-2,-25.76,1.7526,3.9878,21.74152291,142.5815229,157.4184771,9.926183239,0,0.524728257,75.22944982,126.84,0.9652,1.84912,0,1.30556,3.810050132,7.299253938,0,5.153594126,1.1176,4.411636995,142.5815229,249.8854348,148.2118186,7.299253938,5.153594126,107.3039119,2
B00416,B00416_R1,408,Gate_1,Green_3,5,6,1.0668,0.7112,120.84,0.2032,1.6002,146.6,6,8,-25.77,0.2032,0.762,2.286,0.2032,1.4224,1.3462,2.6416,1,3,3,300,0,5,6,1.7018,0,2.1082,1.1176,120.84,146.6,6,8,1.4224,1.3462,-2,-25.76,-0.0762,4.064,22.04231635,142.8823163,157.1176837,9.625389808,0,0.523725612,73.81889764,126.84,1.1176,2.1082,1.1176,1.45288,4.411636995,8.321951605,4.411636995,5.735128094,1.4224,5.614810721,142.8823163,253.0938981,153.0245135,8.321951605,5.735128094,110.2115817,1
B00416,B00416_R1,399,Green_1,Gate_3,6,6,1.0668,0.7112,120.84,0.2032,1.6002,146.6,6,8,-25.77,1.6764,0.2032,0.2032,1.6002,1.1176,2.8702,2.8702,2,3,3,300,0,6,6,1.94564,0,1.84912,0.9652,120.84,146.6,6,8,1.1176,2.8702,-2,-25.76,1.7526,3.9878,21.74152291,142.5815229,157.4184771,9.926183239,0,0.524728257,75.22944982,126.84,0.9652,1.84912,0,1.30556,3.810050132,7.299253938,0,5.153594126,1.1176,4.411636995,142.5815229,249.8854348,148.2118186,7.299253938,5.153594126,107.3039119,0
B00417,B00417_R1,394,Orange_2,Green_1,1,7,0.2032,1.6002,138.9,0.2032,1.6002,134.16,7,7,4.74,1.9812,2.54,1.6764,0.2032,2.7178,2.7178,3.2512,3,3,3,300,0,1,7,3.2893,2.9464,1.214966667,0,138.9,134.16,7,7,2.7178,2.7178,0,4.74,0,5.969,29.56215213,168.4621521,131.5378479,3.007934315,0,0.438459493,50.25967499,145.9,0,1.214966667,2.3368,2.8702,0,4.795984158,9.224331899,11.32988592,2.7178,10.72829906,168.4621521,311.2438203,173.0615403,4.795984158,11.32988592,142.7816682,6
B00417,B00417_R1,399,Green_1,Gate_3,2,7,0.2032,1.6002,138.9,0.2032,1.6002,134.16,7,7,4.74,1.6764,0.2032,0.2032,1.6002,2.8702,2.8702,2.8702,2,3,3,300,0,2,7,1.756833333,0,2.0701,0.9652,138.9,134.16,7,7,2.8702,2.8702,0,4.74,0,5.7404,28.65977184,167.5597718,132.4402282,3.910314609,0,0.441467427,52.26116647,145.9,0.9652,2.0701,0,1.629833333,3.810050132,8.171554889,0,6.433637285,2.8702,11.32988592,167.5597718,301.4179016,194.217345,8.171554889,6.433637285,133.8581297,5
B00417,B00417_R1,405,Gate_2,Yellow_5,3,7,0.2032,1.6002,138.9,0.2032,1.6002,134.16,7,7,4.74,0.2032,1.143,1.0668,0.7112,0.9652,0.9652,1.8034,1,3,3,300,0,3,7,2.0828,0.889,1.6256,1.1176,138.9,134.16,7,7,0.9652,0.9652,0,4.74,0,2.7686,16.92882801,155.828828,144.171172,15.64125844,0,0.480570573,108.3580149,145.9,1.1176,1.6256,0.9652,1.7018,4.411636995,6.416926539,3.810050132,6.71771997,0.9652,3.810050132,155.828828,312.7477875,195.4205187,6.416926539,6.71771997,156.9189595,4
B00417,B00417_R1,409,Green_1,Gate_3,4,7,0.2032,1.6002,138.9,0.2032,1.6002,134.16,7,7,4.74,1.6764,0.2032,0.2032,1.6002,2.8702,2.8702,2.8702,2,3,3,300,0,4,7,1.756833333,0,2.0701,0.9652,138.9,134.16,7,7,2.8702,2.8702,0,4.74,0,5.7404,28.65977184,167.5597718,132.4402282,3.910314609,0,0.441467427,52.26116647,145.9,0.9652,2.0701,0,1.629833333,3.810050132,8.171554889,0,6.433637285,2.8702,11.32988592,167.5597718,301.4179016,194.217345,8.171554889,6.433637285,133.8581297,3
B00417,B00417_R1,416,Gate_1,Yellow_2,5,7,0.2032,1.6002,138.9,0.2032,1.6002,134.16,7,7,4.74,0.2032,0.762,0.762,0.2032,1.3462,1.3462,1.1176,1,3,3,300,0,5,7,1.807633333,0,1.7907,1.1176,138.9,134.16,7,7,1.3462,1.3462,0,4.74,0,2.4638,15.72565428,154.6256543,145.3743457,16.84443216,0,0.484581152,121.7631301,145.9,1.1176,1.7907,1.3462,1.7526,4.411636995,7.06864564,5.31401729,6.918248924,1.3462,5.31401729,154.6256543,312.7477875,200.534007,7.06864564,6.918248924,158.1221332,2
B00417,B00417_R1,408,Gate_1,Green_3,6,7,0.2032,1.6002,138.9,0.2032,1.6002,134.16,7,7,4.74,0.2032,0.762,2.286,0.2032,1.3462,1.3462,2.6416,1,3,3,300,0,6,7,1.807633333,0,1.8923,0.8128,138.9,134.16,7,7,1.3462,1.3462,0,4.74,0,3.9878,21.74152291,160.6415229,139.3584771,10.82856353,0,0.464528257,75.22944982,145.9,0.8128,1.8923,1.1176,1.4986,3.208463269,7.469703549,4.411636995,5.915604153,1.3462,5.31401729,160.6415229,311.8454072,196.9244858,7.469703549,5.915604153,151.2038843,1
B00417,B00417_R1,417,Green_5,Gate_4,7,7,0.2032,1.6002,138.9,0.2032,1.6002,134.16,7,7,4.74,1.9812,0.7112,0.2032,1.9812,3.175,3.175,3.556,2,3,3,300,0,7,7,1.9939,0.8128,2.2733,1.3462,138.9,134.16,7,7,3.175,3.175,0,4.74,0,6.731,32.57008645,171.4700864,128.5299136,0,0,0.428433045,44.56990046,145.9,1.3462,2.2733,0.8128,1.8542,5.31401729,8.973670706,3.208463269,7.319306833,3.175,12.53305965,171.4700864,303.4231911,195.1197253,8.973670706,7.319306833,131.9531046,0
B00418,B00418_R2,411,Yellow_2,Gate_3,1,7,0.2032,1.9812,136.72,0.2032,1.6002,125.85,7,7,10.88,0.762,0.2032,0.2032,1.6002,2.3368,1.9558,1.9558,2,3,3,300,1,1,7,2.54,1.1176,2.0574,1.1938,125.85,136.72,7,7,1.9558,2.3368,0,-10.87,0.381,3.9116,21.44072948,147.2907295,152.7092705,8.723009513,0,0.509030902,76.69495858,132.85,1.1938,2.0574,1.9558,2.2606,4.712430427,8.12142265,7.720364742,8.923538468,1.9558,7.720364742,147.2907295,284.3573225,185.7951289,8.12142265,8.923538468,137.066593,6
B00418,B00418_R2,412,Orange_5,Green_3,2,7,0.2032,1.9812,136.72,0.2032,1.6002,125.85,7,7,10.88,1.9812,2.032,2.286,0.2032,2.3368,2.7178,2.6416,3,3,3,300,1,2,7,2.4384,0.8128,2.7432,1.1176,125.85,136.72,7,7,2.7178,2.3368,0,-10.87,-0.381,5.3594,27.15580468,153.0058047,146.9941953,3.007934315,0,0.489980651,55.97641527,132.85,1.1176,2.7432,1.7272,2.4257,4.411636995,10.82856353,6.817984447,9.575257569,2.7178,10.72829906,153.0058047,280.4470079,196.322899,10.82856353,9.575257569,127.4412032,5
B00418,B00418_R2,407,Green_1,Gate_4,3,7,0.2032,1.9812,136.72,0.2032,1.6002,125.85,7,7,10.88,1.6764,0.2032,0.2032,1.9812,3.2512,2.8702,3.2512,2,3,3,300,1,3,7,2.6924,1.4224,1.778,0.8128,125.85,136.72,7,7,2.8702,3.2512,0,-10.87,0.381,6.1214,30.163739,156.013739,143.986261,0,0,0.479954203,49.00839677,132.85,0.8128,1.778,1.1176,2.7051,3.208463269,7.018513401,4.411636995,10.67816682,2.8702,11.32988592,156.013739,277.4390735,170.4546639,7.018513401,10.67816682,121.4253345,4
B00418,B00418_R2,410,Purple_1,Gate_3,4,7,0.2032,1.9812,136.72,0.2032,1.6002,125.85,7,7,10.88,0.4572,2.54,0.2032,1.6002,0.8128,1.1938,1.1938,2,3,3,300,1,4,7,2.1844,1.1176,2.1844,1.3462,125.85,136.72,7,7,1.1938,0.8128,0,-10.87,-0.381,2.3876,15.42486085,141.2748609,158.7251391,14.73887814,0,0.529083797,125.6491875,132.85,1.3462,2.1844,0.8128,1.4986,5.31401729,8.622745036,3.208463269,5.915604153,1.1938,4.712430427,141.2748609,282.8533553,194.8189318,8.622745036,5.915604153,141.5784945,3
B00418,B00418_R2,374,Gate_1,Purple_4,5,7,0.2032,1.9812,136.72,0.2032,1.6002,125.85,7,7,10.88,0.2032,0.762,0.762,2.032,1.7272,1.3462,2.3368,1,3,3,300,1,5,7,2.4384,1.1176,1.8288,0.8128,125.85,136.72,7,7,1.3462,1.7272,0,-10.87,0.381,3.683,20.53834919,146.3883492,153.6116508,9.625389808,0,0.512038836,81.45533532,132.85,0.8128,1.8288,1.3462,1.6891,3.208463269,7.219042356,5.31401729,6.667587731,1.3462,5.31401729,146.3883492,284.3573225,181.2832274,7.219042356,6.667587731,137.9689733,2
B00418,B00418_R2,418,Orange_1,Gate_4,6,7,0.2032,1.9812,136.72,0.2032,1.6002,125.85,7,7,10.88,1.6764,2.54,0.2032,1.9812,2.032,2.413,2.032,2,3,3,300,1,6,7,2.1844,0.8128,1.9812,0.8128,125.85,136.72,7,7,2.413,2.032,0,-10.87,-0.381,4.445,23.5462835,149.3962835,150.6037165,6.617455493,0,0.502012388,67.49156355,132.85,0.8128,1.9812,1.4224,2.2733,3.208463269,7.820629219,5.614810721,8.973670706,2.413,9.525125331,149.3962835,280.4470079,181.8848143,7.820629219,8.973670706,131.0507244,1
B00418,B00418_R2,415,Purple_5,Gate_3,7,7,0.2032,1.9812,136.72,0.2032,1.6002,125.85,7,7,10.88,1.0668,2.032,0.2032,1.6002,1.4224,1.8034,1.8034,2,3,3,300,1,7,7,2.0828,1.1176,2.0828,1.1938,125.85,136.72,7,7,1.8034,1.4224,0,-10.87,-0.381,3.6068,20.23755576,146.0875558,153.9124442,9.926183239,0,0.513041481,83.17622269,132.85,1.1938,2.0828,0.8128,1.8034,4.712430427,8.221687127,3.208463269,7.118777879,1.8034,7.118777879,146.0875558,280.4470079,187.5998895,8.221687127,7.118777879,134.3594521,0
B00419,B00419_R1,409,Green_1,Gate_3,1,7,0.2032,1.9812,133.4,0.2032,1.6002,141.6,7,7,-8.19,1.6764,0.2032,0.2032,1.6002,3.2512,2.8702,2.8702,2,3,3,300,0,1,7,1.553633333,0,1.8415,0.9652,133.4,141.6,7,7,3.2512,2.8702,0,-8.2,-0.381,6.1214,30.163739,163.563739,136.436261,3.910314609,0,0.454787537,49.00839677,140.4,0.9652,1.8415,0.508,1.7145,3.810050132,7.269174594,2.005289543,6.767852209,3.2512,12.83385308,163.563739,296.7200174,187.5998895,7.269174594,6.767852209,133.1562784,6
B00419,B00419_R1,405,Gate_2,Yellow_5,2,7,0.2032,1.9812,133.4,0.2032,1.6002,141.6,7,7,-8.19,0.2032,1.143,1.0668,0.7112,1.3462,0.9652,1.8034,1,3,3,300,0,2,7,1.7018,0.889,1.3208,1.1176,133.4,141.6,7,7,1.3462,0.9652,0,-8.2,-0.381,3.1496,18.43279517,151.8327952,148.1672048,15.64125844,0,0.493890683,95.2501905,140.4,1.1176,1.3208,0.9652,1.7018,4.411636995,5.213752813,3.810050132,6.71771997,1.3462,5.31401729,151.8327952,306.0446137,186.9983026,5.213752813,6.71771997,154.2118186,5
B00419,B00419_R1,416,Gate_1,Yellow_2,3,7,0.2032,1.9812,133.4,0.2032,1.6002,141.6,7,7,-8.19,0.2032,0.762,0.762,0.2032,1.7272,1.3462,1.1176,1,3,3,300,0,3,7,1.214966667,0,1.3843,1.1176,133.4,141.6,7,7,1.7272,1.3462,0,-8.2,-0.381,2.8448,17.22962144,150.6296214,149.3703786,16.84443216,0,0.497901262,105.4555681,140.4,1.1176,1.3843,1.3462,1.7526,4.411636995,5.464414005,5.31401729,6.918248924,1.7272,6.817984447,150.6296214,306.0446137,189.7054435,5.464414005,6.918248924,155.4149923,4
B00419,B00419_R1,419,Gate_1,Green_4,4,7,0.2032,1.9812,133.4,0.2032,1.6002,141.6,7,7,-8.19,0.2032,0.762,1.6764,0.7112,1.7272,1.3462,2.032,1,3,3,300,0,4,7,1.214966667,0,1.3843,0.508,133.4,141.6,7,7,1.7272,1.3462,0,-8.2,-0.381,3.7592,20.83914262,154.2391426,145.7608574,13.23491099,0,0.485869525,79.80421366,140.4,0.508,1.3843,1.1176,1.6002,2.005289543,5.464414005,4.411636995,6.316662061,1.7272,6.817984447,154.2391426,305.1422335,186.0959223,5.464414005,6.316662061,150.9030908,3
B00419,B00419_R1,399,Green_1,Gate_3,5,7,0.2032,1.9812,133.4,0.2032,1.6002,141.6,7,7,-8.19,1.6764,0.2032,0.2032,1.6002,3.2512,2.8702,2.8702,2,3,3,300,0,5,7,1.553633333,0,1.8415,0.9652,133.4,141.6,7,7,3.2512,2.8702,0,-8.2,-0.381,6.1214,30.163739,163.563739,136.436261,3.910314609,0,0.454787537,49.00839677,140.4,0.9652,1.8415,0.508,1.7145,3.810050132,7.269174594,2.005289543,6.767852209,3.2512,12.83385308,163.563739,296.7200174,187.5998895,7.269174594,6.767852209,133.1562784,2
B00419,B00419_R1,408,Gate_1,Green_3,6,7,0.2032,1.9812,133.4,0.2032,1.6002,141.6,7,7,-8.19,0.2032,0.762,2.286,0.2032,1.7272,1.3462,2.6416,1,3,3,300,0,6,7,1.214966667,0,1.8923,0.8128,133.4,141.6,7,7,1.7272,1.3462,0,-8.2,-0.381,4.3688,23.24549007,156.6454901,143.3545099,10.82856353,0,0.477848366,68.66874199,140.4,0.8128,1.8923,1.1176,1.4986,3.208463269,7.469703549,4.411636995,5.915604153,1.7272,6.817984447,156.6454901,305.1422335,195.7213121,7.469703549,5.915604153,148.4967434,1
B00419,B00419_R1,417,Green_5,Gate_4,7,7,0.2032,1.9812,133.4,0.2032,1.6002,141.6,7,7,-8.19,1.9812,0.7112,0.2032,1.9812,3.556,3.175,3.556,2,3,3,300,0,7,7,1.8923,0.8128,2.1717,1.3462,133.4,141.6,7,7,3.556,3.175,0,-8.2,-0.381,7.112,34.07405361,167.4740536,132.5259464,0,0,0.441753155,42.18222722,140.4,1.3462,2.1717,0.8128,1.8542,5.31401729,8.572612798,3.208463269,7.319306833,3.556,14.0370268,167.4740536,296.7200174,191.5102041,8.572612798,7.319306833,129.2459638,0
B00420,B00420_R2,420,Gate_1,Orange_3,1,7,0.2032,1.9812,135.12,0.2032,1.6002,135.31,7,7,-0.19,0.2032,0.762,2.286,2.54,1.7272,1.3462,3.8608,1,3,3,300,1,1,7,2.252133333,0,2.1336,0.8128,135.31,135.12,7,7,1.3462,1.7272,0,0.19,0.381,5.207,26.55421782,161.8642178,138.1357822,3.609521178,0,0.460452607,57.61474938,142.31,0.8128,2.1336,1.3462,1.8542,3.208463269,8.422216082,5.31401729,7.319306833,1.3462,5.31401729,161.8642178,298.9308108,187.5998895,8.422216082,7.319306833,137.066593,6
B00420,B00420_R2,412,Orange_5,Green_3,2,7,0.2032,1.9812,135.12,0.2032,1.6002,135.31,7,7,-0.19,1.9812,2.032,2.286,0.2032,2.3368,2.7178,2.6416,3,3,3,300,1,2,7,2.4384,0.8128,2.8448,1.1176,135.31,135.12,7,7,2.7178,2.3368,0,0.19,-0.381,5.3594,27.15580468,162.4658047,137.5341953,3.007934315,0,0.458447318,55.97641527,142.31,1.1176,2.8448,0.8128,2.1082,4.411636995,11.22962144,3.208463269,8.321951605,2.7178,10.72829906,162.4658047,291.410975,203.8427348,11.22962144,8.321951605,128.9451703,5
B00420,B00420_R2,407,Green_1,Gate_4,3,7,0.2032,1.9812,135.12,0.2032,1.6002,135.31,7,7,-0.19,1.6764,0.2032,0.2032,1.9812,3.2512,2.8702,3.2512,2,3,3,300,1,3,7,2.794,2.032,1.6764,0.8128,135.31,135.12,7,7,2.8702,3.2512,0,0.19,0.381,6.1214,30.163739,165.473739,134.526261,0,0,0.44842087,49.00839677,142.31,0.8128,1.6764,1.1176,2.7178,3.208463269,6.617455493,4.411636995,10.72829906,2.8702,11.32988592,165.473739,292.0125619,173.1618048,6.617455493,10.72829906,126.5388229,4
B00420,B00420_R2,418,Orange_1,Gate_4,4,7,0.2032,1.9812,135.12,0.2032,1.6002,135.31,7,7,-0.19,1.6764,2.54,0.2032,1.9812,2.032,2.413,2.032,2,3,3,300,1,4,7,2.1844,0.8128,1.8796,0.8128,135.31,135.12,7,7,2.413,2.032,0,0.19,-0.381,4.445,23.5462835,158.8562835,141.1437165,6.617455493,0,0.470479055,67.49156355,142.31,0.8128,1.8796,1.1176,2.0574,3.208463269,7.41957131,4.411636995,8.12142265,2.413,9.525125331,158.8562835,293.8173225,184.5919552,7.41957131,8.12142265,134.961039,3
B00420,B00420_R2,410,Purple_1,Gate_3,5,7,0.2032,1.9812,135.12,0.2032,1.6002,135.31,7,7,-0.19,0.4572,2.54,0.2032,1.6002,0.8128,1.1938,1.1938,2,3,3,300,1,5,7,2.0828,1.1176,2.0828,1.3462,135.31,135.12,7,7,1.1938,0.8128,0,0.19,-0.381,2.3876,15.42486085,150.7348609,149.2651391,14.73887814,0,0.497550464,125.6491875,142.31,1.3462,2.0828,0.8128,1.6891,5.31401729,8.221687127,3.208463269,6.667587731,1.1938,4.712430427,150.7348609,297.4268436,197.5260727,8.221687127,6.667587731,146.6919828,2
B00420,B00420_R2,374,Gate_1,Purple_4,6,7,0.2032,1.9812,135.12,0.2032,1.6002,135.31,7,7,-0.19,0.2032,0.762,0.762,2.032,1.7272,1.3462,2.3368,1,3,3,300,1,6,7,2.252133333,0,1.7272,0.8128,135.31,135.12,7,7,1.3462,1.7272,0,0.19,0.381,3.683,20.53834919,155.8483492,144.1516508,9.625389808,0,0.480505503,81.45533532,142.31,0.8128,1.7272,1.3462,2.1082,3.208463269,6.817984447,5.31401729,8.321951605,1.3462,5.31401729,155.8483492,298.9308108,183.9903683,6.817984447,8.321951605,143.0824616,1
B00420,B00420_R2,415,Purple_5,Gate_3,7,7,0.2032,1.9812,135.12,0.2032,1.6002,135.31,7,7,-0.19,1.0668,2.032,0.2032,1.6002,1.4224,1.8034,1.8034,2,3,3,300,1,7,7,1.9812,1.1176,1.9812,1.1938,135.31,135.12,7,7,1.8034,1.4224,0,0.19,-0.381,3.6068,20.23755576,155.5475558,144.4524442,9.926183239,0,0.481508147,83.17622269,142.31,1.1938,1.9812,0.8128,1.7907,4.712430427,7.820629219,3.208463269,7.06864564,1.8034,7.118777879,155.5475558,295.0204962,190.3070304,7.820629219,7.06864564,139.4729404,0
B00421,B00421_R1,405,Gate_2,Yellow_5,1,7,0.2032,1.9812,131.8,0.2032,1.6002,143.78,7,7,-11.98,0.2032,1.143,1.0668,0.7112,1.3462,0.9652,1.8034,1,3,3,300,0,1,7,1.8288,0.889,1.6764,1.1176,131.8,143.78,7,7,1.3462,0.9652,0,-11.98,-0.381,3.1496,18.43279517,150.2327952,149.7672048,15.64125844,0,0.499224016,95.2501905,138.8,1.1176,1.6764,0.9652,1.9177,4.411636995,6.617455493,3.810050132,7.569968026,1.3462,5.31401729,150.2327952,295.1200174,186.0959223,6.617455493,7.569968026,144.8872222,6
B00421,B00421_R1,416,Gate_1,Yellow_2,2,7,0.2032,1.9812,131.8,0.2032,1.6002,143.78,7,7,-11.98,0.2032,0.762,0.762,0.2032,1.7272,1.3462,1.1176,1,3,3,300,0,2,7,1.468966667,0,1.7399,1.1176,131.8,143.78,7,7,1.7272,1.3462,0,-11.98,-0.381,2.8448,17.22962144,149.0296214,150.9703786,16.84443216,0,0.503234595,105.4555681,138.8,1.1176,1.7399,1.3462,1.9685,4.411636995,6.868116686,5.31401729,7.77049698,1.7272,6.817984447,149.0296214,295.1200174,188.8030632,6.868116686,7.77049698,146.0903959,5
B00421,B00421_R1,419,Gate_1,Green_4,3,7,0.2032,1.9812,131.8,0.2032,1.6002,143.78,7,7,-11.98,0.2032,0.762,1.6764,0.7112,1.7272,1.3462,2.032,1,3,3,300,0,3,7,1.468966667,0,1.8415,0.508,131.8,143.78,7,7,1.7272,1.3462,0,-11.98,-0.381,3.7592,20.83914262,152.6391426,147.3608574,13.23491099,0,0.491202858,79.80421366,138.8,0.508,1.8415,1.1176,1.8161,2.005289543,7.269174594,4.411636995,7.168910117,1.7272,6.817984447,152.6391426,294.2176371,187.5998895,7.269174594,7.168910117,141.5784945,4
B00421,B00421_R1,399,Green_1,Gate_3,4,7,0.2032,1.9812,131.8,0.2032,1.6002,143.78,7,7,-11.98,1.6764,0.2032,0.2032,1.6002,3.2512,2.8702,2.8702,2,3,3,300,0,4,7,2.0955,0.8128,1.8161,0.9652,131.8,143.78,7,7,3.2512,2.8702,0,-11.98,-0.381,6.1214,30.163739,161.963739,138.036261,3.910314609,0,0.46012087,49.00839677,138.8,0.9652,1.8161,0.508,1.7272,3.810050132,7.168910117,2.005289543,6.817984447,3.2512,12.83385308,161.963739,285.795421,177.6737062,7.168910117,6.817984447,123.831682,3
B00421,B00421_R1,408,Gate_1,Green_3,5,7,0.2032,1.9812,131.8,0.2032,1.6002,143.78,7,7,-11.98,0.2032,0.762,2.286,0.2032,1.7272,1.3462,2.6416,1,3,3,300,0,5,7,1.468966667,0,2.1463,0.8128,131.8,143.78,7,7,1.7272,1.3462,0,-11.98,-0.381,4.3688,23.24549007,155.0454901,144.9545099,10.82856353,0,0.4831817,68.66874199,138.8,0.8128,2.1463,1.1176,1.7145,3.208463269,8.47234832,4.411636995,6.767852209,1.7272,6.817984447,155.0454901,294.2176371,192.4125844,8.47234832,6.767852209,139.172147,2
B00421,B00421_R1,417,Green_5,Gate_4,6,7,0.2032,1.9812,131.8,0.2032,1.6002,143.78,7,7,-11.98,1.9812,0.7112,0.2032,1.9812,3.556,3.175,3.556,2,3,3,300,0,6,7,2.2479,0.8128,2.0193,1.3462,131.8,143.78,7,7,3.556,3.175,0,-11.98,-0.381,7.112,34.07405361,165.8740536,134.1259464,0,0,0.447086488,42.18222722,138.8,1.3462,2.0193,0.8128,1.8669,5.31401729,7.971025935,3.208463269,7.369439072,3.556,14.0370268,165.8740536,285.795421,178.5760865,7.971025935,7.369439072,119.9213674,1
B00421,B00421_R1,421,Orange_5,Purple_5,7,7,0.2032,1.9812,131.8,0.2032,1.6002,143.78,7,7,-11.98,1.9812,2.032,1.0668,2.032,2.3368,2.7178,1.4224,3,3,3,300,0,7,7,3.3401,2.9464,2.7305,2.2606,131.8,143.78,7,7,2.3368,2.7178,0,-11.98,0.381,3.7592,20.83914262,152.6391426,147.3608574,13.23491099,0,0.491202858,79.80421366,138.8,2.2606,2.7305,2.3368,2.9591,8.923538468,10.7784313,9.224331899,11.68081159,2.3368,9.224331899,152.6391426,296.6239845,208.6554297,10.7784313,11.68081159,143.9848419,0
B00422,B00422_R1,419,Gate_1,Green_4,1,7,1.0668,2.032,138.47,0.2032,1.6002,135.47,7,7,3,0.2032,0.762,1.6764,0.7112,2.6416,1.3462,2.032,1,3,3,300,0,1,7,1.659466667,0,2.032,0.508,138.47,135.47,7,7,2.6416,1.3462,0,3,-1.2954,4.6736,24.4486638,162.9186638,137.0813362,8.422216082,0,0.456937787,64.19034577,145.47,0.508,2.032,1.1176,2.1082,2.005289543,8.021158173,4.411636995,8.321951605,2.6416,10.42750563,162.9186638,306.0011254,197.2252793,8.021158173,8.321951605,143.0824616,6
B00422,B00422_R1,399,Green_1,Gate_3,2,7,1.0668,2.032,138.47,0.2032,1.6002,135.47,7,7,3,1.6764,0.2032,0.2032,1.6002,2.9464,2.8702,2.8702,2,3,3,300,0,2,7,2.286,0.8128,1.8542,1.1938,138.47,135.47,7,7,2.9464,2.8702,0,3,-0.0762,5.8166,28.96056527,167.4305653,132.5694347,3.910314609,0,0.441898116,51.57652237,145.47,1.1938,1.8542,0.508,1.9177,4.712430427,7.319306833,2.005289543,7.569968026,2.9464,11.63067935,167.4305653,302.3916042,188.5022698,7.319306833,7.569968026,134.961039,5
B00422,B00422_R1,416,Gate_1,Yellow_2,3,7,1.0668,2.032,138.47,0.2032,1.6002,135.47,7,7,3,0.2032,0.762,0.762,0.2032,2.6416,1.3462,1.1176,1,3,3,300,0,3,7,1.659466667,0,1.9304,1.1176,138.47,135.47,7,7,2.6416,1.3462,0,3,-1.2954,3.7592,20.83914262,159.3091426,140.6908574,12.03173726,0,0.468969525,79.80421366,145.47,1.1176,1.9304,1.3462,2.2606,4.411636995,7.620100264,5.31401729,8.923538468,2.6416,10.42750563,159.3091426,306.9035057,198.428453,7.620100264,8.923538468,147.5943631,4
B00422,B00422_R1,408,Gate_1,Green_3,4,7,1.0668,2.032,138.47,0.2032,1.6002,135.47,7,7,3,0.2032,0.762,2.286,0.2032,2.6416,1.3462,2.6416,1,3,3,300,0,4,7,1.659466667,0,2.3368,0.8128,138.47,135.47,7,7,2.6416,1.3462,0,3,-1.2954,5.2832,26.85501125,165.3250113,134.6749887,6.01586863,0,0.448916629,56.78376741,145.47,0.8128,2.3368,1.1176,2.0066,3.208463269,9.224331899,4.411636995,7.920893696,2.6416,10.42750563,165.3250113,306.0011254,202.0379742,9.224331899,7.920893696,140.6761142,3
B00422,B00422_R1,417,Green_5,Gate_4,5,7,1.0668,2.032,138.47,0.2032,1.6002,135.47,7,7,3,1.9812,0.7112,0.2032,1.9812,3.2512,3.175,3.556,2,3,3,300,0,5,7,2.4384,0.8128,1.9304,0.8128,138.47,135.47,7,7,3.2512,3.175,0,3,-0.0762,6.8072,32.87087988,171.3408799,128.6591201,0,0,0.428863734,44.07098366,145.47,0.8128,1.9304,0.8128,1.9558,3.208463269,7.620100264,3.208463269,7.720364742,3.2512,12.83385308,171.3408799,302.3916042,186.3967157,7.620100264,7.720364742,131.0507244,2
B00422,B00422_R1,422,Purple_1,Orange_7,6,7,1.0668,2.032,138.47,0.2032,1.6002,135.47,7,7,3,0.4572,2.54,2.54,1.6002,1.1176,1.1938,3.0226,3,3,3,300,0,6,7,2.5908,2.032,2.54,1.4986,138.47,135.47,7,7,1.1176,1.1938,0,3,0.0762,4.1402,22.34310978,160.8131098,139.1868902,10.5277701,0,0.463956301,72.46026762,145.47,1.4986,2.54,0.8128,2.2479,5.915604153,10.02644772,3.208463269,8.873406229,1.1176,4.411636995,160.8131098,310.8138203,211.3625706,10.02644772,8.873406229,150.0007105,1
B00422,B00422_R1,421,Orange_5,Purple_5,7,7,1.0668,2.032,138.47,0.2032,1.6002,135.47,7,7,3,1.9812,2.032,1.0668,2.032,1.4224,2.7178,1.4224,3,3,3,300,0,7,7,3.1496,2.032,2.54,1.1176,138.47,135.47,7,7,1.4224,2.7178,0,3,1.2954,2.8448,17.22962144,155.6996214,144.3003786,15.64125844,0,0.481001262,105.4555681,145.47,1.1176,2.54,1.4986,2.667,4.411636995,10.02644772,5.915604153,10.5277701,1.4224,5.614810721,155.6996214,312.3177875,216.4760589,10.02644772,10.5277701,156.618166,0
B00423,B00423_R2,423,Orange_3,Purple_2,1,6,1.0668,2.032,149.41,0.2032,1.6002,117.55,8,6,31.86,2.286,2.54,0.762,2.54,1.7272,3.0226,2.032,3,3,3,300,1,1,6,2.39776,1.1176,1.7272,0.8128,117.55,149.41,6,8,3.0226,1.7272,-2,-31.86,-1.2954,5.0546,25.95263096,143.502631,156.497369,4.211108041,0,0.521657897,59.3518775,123.55,0.8128,1.7272,2.032,2.67208,3.208463269,6.817984447,8.021158173,10.547823,3.0226,11.93147278,143.502631,249.5031046,144.0007105,6.817984447,10.547823,106.0004737,5
B00423,B00423_R2,415,Purple_5,Gate_3,2,6,1.0668,2.032,149.41,0.2032,1.6002,117.55,8,6,31.86,1.0668,2.032,0.2032,1.6002,0,1.8034,1.8034,2,3,3,300,1,2,6,1.91008,1.1176,2.16916,1.1938,117.55,149.41,6,8,1.8034,0,-2,-31.86,-1.8034,3.6068,20.23755576,137.7875558,162.2124442,9.926183239,0,0.540708147,83.17622269,123.55,1.1938,2.16916,0.8128,1.25476,4.712430427,8.56258635,3.208463269,4.953065172,1.8034,7.118777879,137.7875558,249.5031046,158.4387952,8.56258635,4.953065172,111.7155489,4
B00423,B00423_R2,374,Gate_1,Purple_4,3,6,1.0668,2.032,149.41,0.2032,1.6002,117.55,8,6,31.86,0.2032,0.762,0.762,2.032,2.6416,1.3462,2.3368,1,3,3,300,1,3,6,2.76352,2.032,1.66624,0.8128,117.55,149.41,6,8,1.3462,2.6416,-2,-31.86,1.2954,3.683,20.53834919,138.0883492,161.9116508,9.625389808,0,0.539705503,81.45533532,123.55,0.8128,1.66624,1.3462,1.69672,3.208463269,6.577349702,5.31401729,6.697667075,1.3462,5.31401729,138.0883492,253.4134193,148.2118186,6.577349702,6.697667075,115.3250701,3
B00423,B00423_R2,418,Orange_1,Gate_4,4,6,1.0668,2.032,149.41,0.2032,1.6002,117.55,8,6,31.86,1.6764,2.54,0.2032,1.9812,1.1176,2.413,2.032,2,3,3,300,1,4,6,2.032,1.1176,1.97104,0.8128,117.55,149.41,6,8,2.413,1.1176,-2,-31.86,-1.2954,4.445,23.5462835,141.0962835,158.9037165,6.617455493,0,0.529679055,67.49156355,123.55,0.8128,1.97104,1.4224,1.94056,3.208463269,7.780523428,5.614810721,7.660206055,2.413,9.525125331,141.0962835,249.5031046,151.2197529,7.780523428,7.660206055,108.4068211,2
B00423,B00423_R2,410,Purple_1,Gate_3,5,6,1.0668,2.032,149.41,0.2032,1.6002,117.55,8,6,31.86,0.4572,2.54,0.2032,1.6002,1.1176,1.1938,1.1938,2,3,3,300,1,5,6,2.15392,1.1176,2.29108,1.3462,117.55,149.41,6,8,1.1938,1.1176,-2,-31.86,-0.0762,2.3876,15.42486085,132.9748609,167.0251391,14.73887814,0,0.556750464,125.6491875,123.55,1.3462,2.29108,0.8128,0.889,5.31401729,9.04385584,3.208463269,3.509256701,1.1938,4.712430427,132.9748609,251.9094521,165.6578376,9.04385584,3.509256701,118.9345912,1
B00423,B00423_R2,407,Green_1,Gate_4,6,6,1.0668,2.032,149.41,0.2032,1.6002,117.55,8,6,31.86,1.6764,0.2032,0.2032,1.9812,2.9464,2.8702,3.2512,2,3,3,300,1,6,6,2.88544,2.032,1.7272,0.8128,117.55,149.41,6,8,2.8702,2.9464,-2,-31.86,0.0762,6.1214,30.163739,147.713739,152.286261,0,0,0.50762087,49.00839677,123.55,0.8128,1.7272,2.8702,3.0988,3.208463269,6.817984447,11.32988592,12.23226621,2.8702,11.32988592,147.713739,253.4134193,139.7896025,6.817984447,12.23226621,105.6996803,0
B00424,B00424_R2,407,Green_1,Gate_4,1,7,1.0668,2.032,139.45,0.2032,1.9812,139.02,7,7,0.43,1.6764,0.2032,0.2032,1.9812,2.9464,3.2512,3.2512,2,3,3,300,1,1,7,2.9464,2.032,1.6256,0.8128,139.02,139.45,7,7,3.2512,2.9464,0,-0.43,-0.3048,6.5024,31.66770615,170.6877062,129.3122938,0,0,0.431040979,46.13681102,146.02,0.8128,1.6256,2.8702,3.0607,3.208463269,6.416926539,11.32988592,12.0818695,3.2512,12.83385308,170.6877062,286.6987589,156.0165792,6.416926539,12.0818695,116.0110528,6
B00424,B00424_R2,418,Orange_1,Gate_4,2,7,1.0668,2.032,139.45,0.2032,1.9812,139.02,7,7,0.43,1.6764,2.54,0.2032,1.9812,1.1176,2.032,2.032,2,3,3,300,1,2,7,1.9304,1.1176,1.8288,0.8128,139.02,139.45,7,7,2.032,1.1176,0,-0.43,-0.9144,4.064,22.04231635,161.0623163,138.9376837,9.625389808,0,0.463125612,73.81889764,146.02,0.8128,1.8288,1.4224,2.0193,3.208463269,7.219042356,5.614810721,7.971025935,2.032,8.021158173,161.0623163,285.7963786,170.4546639,7.219042356,7.971025935,124.7340623,5
B00424,B00424_R2,410,Purple_1,Gate_3,3,7,1.0668,2.032,139.45,0.2032,1.9812,139.02,7,7,0.43,0.4572,2.54,0.2032,1.6002,1.1176,0.8128,1.1938,2,3,3,300,1,3,7,1.9304,0.8128,2.159,1.3462,139.02,139.45,7,7,0.8128,1.1176,0,-0.43,0.3048,2.0066,13.9208937,152.9408937,147.0591063,17.74681246,0,0.490197021,149.5066281,146.02,1.3462,2.159,0.8128,0.9398,5.31401729,8.522480559,3.208463269,3.709785655,0.8128,3.208463269,152.9408937,288.2027261,186.3967157,8.522480559,3.709785655,135.2618324,4
B00424,B00424_R2,374,Gate_1,Purple_4,4,7,1.0668,2.032,139.45,0.2032,1.9812,139.02,7,7,0.43,0.2032,0.762,0.762,2.032,2.6416,1.7272,2.3368,1,3,3,300,1,4,7,2.6924,2.032,1.388533333,0,139.02,139.45,7,7,1.7272,2.6416,0,-0.43,0.9144,4.064,22.04231635,161.0623163,138.9376837,9.625389808,0,0.463125612,73.81889764,146.02,0,1.388533333,1.3462,1.6383,0,5.481124752,5.31401729,6.467058777,1.7272,6.817984447,161.0623163,286.6987589,160.0271583,5.481124752,6.467058777,125.6364426,3
B00424,B00424_R2,424,Purple_4,Gate_3,5,7,1.0668,2.032,139.45,0.2032,1.9812,139.02,7,7,0.43,0.762,2.032,0.2032,1.6002,0.8128,1.1176,1.4986,2,3,3,300,1,5,7,1.778,0.8128,2.1082,1.1938,139.02,139.45,7,7,1.1176,0.8128,0,-0.43,-0.3048,2.6162,16.32724115,155.3472411,144.6527589,15.34046501,0,0.482175863,114.6701323,146.02,1.1938,2.1082,0,0.956733333,4.712430427,8.321951605,0,3.77662864,1.1176,4.411636995,155.3472411,283.7910891,182.7871946,8.321951605,3.77662864,128.4438479,2
B00424,B00424_R2,423,Orange_3,Purple_2,6,7,1.0668,2.032,139.45,0.2032,1.9812,139.02,7,7,0.43,2.286,2.54,0.762,2.54,1.7272,2.6416,2.032,3,3,3,300,1,6,7,2.3368,1.1176,1.524,0.508,139.02,139.45,7,7,2.6416,1.7272,0,-0.43,-0.9144,4.6736,24.4486638,163.4686638,136.5313362,7.219042356,0,0.455104454,64.19034577,146.02,0.508,1.524,2.032,2.7305,2.005289543,6.01586863,8.021158173,10.7784313,2.6416,10.42750563,163.4686638,285.7963786,160.8292741,6.01586863,10.7784313,122.3277148,1
B00424,B00424_R2,415,Purple_5,Gate_3,7,7,1.0668,2.032,139.45,0.2032,1.9812,139.02,7,7,0.43,1.0668,2.032,0.2032,1.6002,0,1.4224,1.8034,2,3,3,300,1,7,7,1.7272,0.8128,2.0574,1.1938,139.02,139.45,7,7,1.4224,0,0,-0.43,-1.4224,3.2258,18.7335886,157.7535886,142.2464114,12.93411755,0,0.474154705,93.000186,146.02,1.1938,2.0574,0.8128,1.3462,4.712430427,8.12142265,3.208463269,5.31401729,1.4224,5.614810721,157.7535886,285.7963786,179.1776734,8.12142265,5.31401729,128.04279,0
B00425,B00425_R2,415,Purple_5,Gate_3,1,7,1.0668,2.032,130.92,0.2032,1.6002,136.02,7,7,-5.11,1.0668,2.032,0.2032,1.6002,0,1.8034,1.8034,2,3,3,300,1,1,7,1.6129,0.8128,1.7399,0.9652,136.02,130.92,7,7,1.8034,0,0,5.1,-1.8034,3.6068,20.23755576,156.2575558,143.7424442,5.715075198,0,0.479141481,83.17622269,143.02,0.9652,1.7399,0.8128,1.3462,3.810050132,6.868116686,3.208463269,5.31401729,1.8034,7.118777879,156.2575558,277.9836837,166.8451427,6.868116686,5.31401729,121.726128,6
B00425,B00425_R2,374,Gate_1,Purple_4,2,7,1.0668,2.032,130.92,0.2032,1.6002,136.02,7,7,-5.11,0.2032,0.762,0.762,2.032,2.6416,1.3462,2.3368,1,3,3,300,1,2,7,2.5019,0.889,1.172633333,0,136.02,130.92,7,7,1.3462,2.6416,0,5.1,1.2954,3.683,20.53834919,156.5583492,143.4416508,5.414281767,0,0.478138836,81.45533532,143.02,0,1.172633333,1.3462,1.9431,0,4.628876696,5.31401729,7.670232503,1.3462,5.31401729,156.5583492,281.8939983,153.1089093,4.628876696,7.670232503,125.3356492,5
B00425,B00425_R2,424,Purple_4,Gate_3,3,7,1.0668,2.032,130.92,0.2032,1.6002,136.02,7,7,-5.11,0.762,2.032,0.2032,1.6002,0.8128,1.4986,1.4986,2,3,3,300,1,3,7,1.5621,0.8128,1.7907,0.9652,136.02,130.92,7,7,1.4986,0.8128,0,5.1,-0.6858,2.9972,17.83120831,153.8512083,146.1487917,8.12142265,0,0.487162639,100.0934205,143.02,0.9652,1.7907,0,1.058333333,3.810050132,7.06864564,0,4.177686549,1.4986,5.915604153,153.8512083,275.9783942,170.4546639,7.06864564,4.177686549,122.1271859,4
B00425,B00425_R2,425,Gate_2,Orange_5,4,7,1.0668,2.032,130.92,0.2032,1.6002,136.02,7,7,-5.11,0.2032,1.143,1.9812,2.032,2.2606,0.9652,3.175,1,3,3,300,1,4,7,2.1844,0.889,1.7272,0.8128,136.02,130.92,7,7,0.9652,2.2606,0,5.1,1.2954,4.1402,22.34310978,158.3631098,141.6368902,3.609521178,0,0.472122967,72.46026762,143.02,0.8128,1.7272,0.9652,1.3589,3.208463269,6.817984447,3.810050132,5.364149528,0.9652,3.810050132,158.3631098,281.8939983,164.4387952,6.817984447,5.364149528,123.5308886,3
B00425,B00425_R2,423,Orange_3,Purple_2,5,7,1.0668,2.032,130.92,0.2032,1.6002,136.02,7,7,-5.11,2.286,2.54,0.762,2.54,1.7272,3.0226,2.032,3,3,3,300,1,5,7,2.4257,1.1176,1.3081,0.508,136.02,130.92,7,7,3.0226,1.7272,0,5.1,-1.2954,5.0546,25.95263096,161.972631,138.027369,0,0,0.46009123,59.3518775,143.02,0.508,1.3081,0.8128,2.4257,2.005289543,5.163620574,3.208463269,9.575257569,3.0226,11.93147278,161.972631,273.1709888,150.9030908,5.163620574,9.575257569,111.1983579,2
B00425,B00425_R2,418,Orange_1,Gate_4,6,7,1.0668,2.032,130.92,0.2032,1.6002,136.02,7,7,-5.11,1.6764,2.54,0.2032,1.9812,1.1176,2.413,2.032,2,3,3,300,1,6,7,1.9177,1.1176,1.5113,0.8128,136.02,130.92,7,7,2.413,1.1176,0,5.1,-1.2954,4.445,23.5462835,159.5662835,140.4337165,2.406347452,0,0.468112388,67.49156355,143.02,0.8128,1.5113,0.8128,1.8161,3.208463269,5.965736391,3.208463269,7.168910117,2.413,9.525125331,159.5662835,275.5773363,158.1221332,5.965736391,7.168910117,116.0110528,1
B00425,B00425_R2,410,Purple_1,Gate_3,7,7,1.0668,2.032,130.92,0.2032,1.6002,136.02,7,7,-5.11,0.4572,2.54,0.2032,1.6002,1.1176,1.1938,1.1938,2,3,3,300,1,7,7,1.6129,0.8128,1.8415,0.9652,136.02,130.92,7,7,1.1938,1.1176,0,5.1,-0.0762,2.3876,15.42486085,151.4448609,148.5551391,10.5277701,0,0.495183797,125.6491875,143.02,0.9652,1.8415,0.8128,1.143,3.810050132,7.269174594,3.208463269,4.511901472,1.1938,4.712430427,151.4448609,280.3900312,174.0641851,7.269174594,4.511901472,128.9451703,0
B00426,B00426_R1,416,Gate_1,Yellow_2,1,6,1.0668,2.032,120.14,0.2032,1.6002,142.23,6,8,-22.1,0.2032,0.762,0.762,0.2032,2.6416,1.3462,1.1176,1,3,3,300,0,1,6,1.99136,0,2.09296,1.1176,120.14,142.23,6,8,2.6416,1.3462,-2,-22.09,-1.2954,3.7592,20.83914262,140.9791426,159.0208574,12.03173726,0,0.530069525,79.80421366,126.14,1.1176,2.09296,1.7272,2.38252,4.411636995,8.261792918,6.817984447,9.404807958,2.6416,10.42750563,140.9791426,267.1327762,171.0721194,8.261792918,9.404807958,126.1536336,5
B00426,B00426_R1,426,Green_1,Gate_4,2,6,1.0668,2.032,120.14,0.2032,1.6002,142.23,6,8,-22.1,1.6764,0.2032,0.2032,1.9812,2.9464,2.8702,3.2512,2,3,3,300,0,2,6,2.3368,0.8128,2.032,0.8128,120.14,142.23,6,8,2.9464,2.8702,-2,-22.09,-0.0762,6.1976,30.46453243,150.6045324,149.3954676,2.406347452,0,0.497984892,48.40583452,126.14,0.8128,2.032,1.1176,2.19964,3.208463269,8.021158173,4.411636995,8.682903722,2.9464,11.63067935,150.6045324,263.523255,160.2435558,8.021158173,8.682903722,112.9187226,4
B00426,B00426_R1,408,Gate_1,Green_3,3,6,1.0668,2.032,120.14,0.2032,1.6002,142.23,6,8,-22.1,0.2032,0.762,2.286,0.2032,2.6416,1.3462,2.6416,1,3,3,300,0,3,6,1.99136,0,2.27584,0.8128,120.14,142.23,6,8,2.6416,1.3462,-2,-22.09,-1.2954,5.2832,26.85501125,146.9950113,153.0049887,6.01586863,0,0.510016629,56.78376741,126.14,0.8128,2.27584,1.1176,2.07772,3.208463269,8.983697154,4.411636995,8.201634232,2.6416,10.42750563,146.9950113,264.7264288,168.6657719,8.983697154,8.201634232,117.7314175,3
B00426,B00426_R1,417,Green_5,Gate_4,4,6,1.0668,2.032,120.14,0.2032,1.6002,142.23,6,8,-22.1,1.9812,0.7112,0.2032,1.9812,3.2512,3.175,3.556,2,3,3,300,0,4,6,2.45872,0.8128,1.97104,0.8128,120.14,142.23,6,8,3.2512,3.175,-2,-22.09,-0.0762,6.8072,32.87087988,153.0108799,146.9891201,0,0,0.489963734,44.07098366,126.14,0.8128,1.97104,0.8128,2.2606,3.208463269,7.780523428,3.208463269,8.923538468,3.2512,12.83385308,153.0108799,261.1169076,156.6340347,7.780523428,8.923538468,108.1060277,2
B00426,B00426_R1,422,Purple_1,Orange_7,5,6,1.0668,2.032,120.14,0.2032,1.6002,142.23,6,8,-22.1,0.4572,2.54,2.54,1.6002,1.1176,1.1938,3.0226,3,3,3,300,0,5,6,2.70256,2.032,2.413,1.4986,120.14,142.23,6,8,1.1176,1.1938,-2,-22.09,0.0762,4.1402,22.34310978,142.4831098,157.5168902,10.5277701,0,0.525056301,72.46026762,126.14,1.4986,2.413,0.8128,1.91008,5.915604153,9.525125331,3.208463269,7.539888683,1.1176,4.411636995,142.4831098,269.5391237,175.8848143,9.525125331,7.539888683,127.0560139,1
B00426,B00426_R1,421,Orange_5,Purple_5,6,6,1.0668,2.032,120.14,0.2032,1.6002,142.23,6,8,-22.1,1.9812,2.032,1.0668,2.032,1.4224,2.7178,1.4224,3,3,3,300,0,6,6,3.06832,2.032,2.51968,1.1176,120.14,142.23,6,8,1.4224,2.7178,-2,-22.09,1.2954,2.8448,17.22962144,137.3696214,162.6303786,15.64125844,0,0.542101262,105.4555681,126.14,1.1176,2.51968,1.4986,2.47396,4.411636995,9.946236135,5.915604153,9.765760076,1.4224,5.614810721,137.3696214,271.0430908,183.1038566,9.946236135,9.765760076,133.6734694,0
B00427,B00427_R2,374,Gate_1,Purple_4,1,7,1.0668,2.032,141.83,0.2032,1.6002,126.64,7,7,15.19,0.2032,0.762,0.762,2.032,2.6416,1.3462,2.3368,1,3,3,300,1,1,7,2.4511,0.889,1.629833333,0,126.64,141.83,7,7,1.3462,2.6416,0,-15.19,1.2954,3.683,20.53834919,147.1783492,152.8216508,12.03173726,0,0.509405503,81.45533532,133.64,0,1.629833333,1.3462,2.0066,0,6.433637285,5.31401729,7.920893696,1.3462,5.31401729,147.1783492,284.846529,176.2700036,6.433637285,7.920893696,137.6681798,6
B00427,B00427_R2,424,Purple_4,Gate_3,2,7,1.0668,2.032,141.83,0.2032,1.6002,126.64,7,7,15.19,0.762,2.032,0.2032,1.6002,0.8128,1.4986,1.4986,2,3,3,300,1,2,7,2.0193,0.8128,2.0193,0.9652,126.64,141.83,7,7,1.4986,0.8128,0,-15.19,-0.6858,2.9972,17.83120831,144.4712083,155.5287917,14.73887814,0,0.518429306,100.0934205,133.64,0.9652,2.0193,0,0.994833333,3.810050132,7.971025935,0,3.927025356,1.4986,5.915604153,144.4712083,278.9309249,188.2014763,7.971025935,3.927025356,134.4597166,5
B00427,B00427_R2,425,Gate_2,Orange_5,3,7,1.0668,2.032,141.83,0.2032,1.6002,126.64,7,7,15.19,0.2032,1.143,1.9812,2.032,2.2606,0.9652,3.175,1,3,3,300,1,3,7,2.2606,0.889,1.9812,0.8128,126.64,141.83,7,7,0.9652,2.2606,0,-15.19,1.2954,4.1402,22.34310978,148.9831098,151.0168902,10.22697667,0,0.503389634,72.46026762,133.64,0.8128,1.9812,0.9652,1.4224,3.208463269,7.820629219,3.810050132,5.614810721,0.9652,3.810050132,148.9831098,284.846529,182.7871946,7.820629219,5.614810721,135.8634193,4
B00427,B00427_R2,423,Orange_3,Purple_2,4,7,1.0668,2.032,141.83,0.2032,1.6002,126.64,7,7,15.19,2.286,2.54,0.762,2.54,1.7272,3.0226,2.032,3,3,3,300,1,4,7,2.5781,1.1176,1.7653,0.508,126.64,141.83,7,7,3.0226,1.7272,0,-15.19,-1.2954,5.0546,25.95263096,152.592631,147.407369,6.617455493,0,0.491357897,59.3518775,133.64,0.508,1.7653,0.8128,2.3622,2.005289543,6.968381163,3.208463269,9.324596376,3.0226,11.93147278,152.592631,276.1235195,174.0641851,6.968381163,9.324596376,123.5308886,3
B00427,B00427_R2,418,Orange_1,Gate_4,5,7,1.0668,2.032,141.83,0.2032,1.6002,126.64,7,7,15.19,1.6764,2.54,0.2032,1.9812,1.1176,2.413,2.032,2,3,3,300,1,5,7,2.2733,1.1176,1.8669,0.8128,126.64,141.83,7,7,2.413,1.1176,0,-15.19,-1.2954,4.445,23.5462835,150.1862835,149.8137165,9.023802945,0,0.499379055,67.49156355,133.64,0.8128,1.8669,0.8128,1.7526,3.208463269,7.369439072,3.208463269,6.918248924,2.413,9.525125331,150.1862835,278.529867,178.87688,7.369439072,6.918248924,128.3435835,2
B00427,B00427_R2,410,Purple_1,Gate_3,6,7,1.0668,2.032,141.83,0.2032,1.6002,126.64,7,7,15.19,0.4572,2.54,0.2032,1.6002,1.1176,1.1938,1.1938,2,3,3,300,1,6,7,2.0701,0.8128,2.0701,0.9652,126.64,141.83,7,7,1.1938,1.1176,0,-15.19,-0.0762,2.3876,15.42486085,142.0648609,157.9351391,17.1452256,0,0.526450464,125.6491875,133.64,0.9652,2.0701,0.8128,1.0795,3.810050132,8.171554889,3.208463269,4.261240279,1.1938,4.712430427,142.0648609,283.3425619,191.8109975,8.171554889,4.261240279,141.277701,1
B00427,B00427_R2,427,Green_2,Gate_4,7,7,1.0668,2.032,141.83,0.2032,1.6002,126.64,7,7,15.19,1.9812,0.2032,0.2032,1.9812,3.2512,3.175,3.556,2,3,3,300,1,7,7,3.0607,2.3368,1.6129,0.8128,126.64,141.83,7,7,3.175,3.2512,0,-15.19,0.0762,6.731,32.57008645,159.2100864,140.7899136,0,0,0.469299712,44.56990046,133.64,0.8128,1.6129,2.9464,3.3274,3.208463269,6.3667943,11.63067935,13.13464651,3.175,12.53305965,159.2100864,283.9441487,163.8372084,6.3667943,13.13464651,124.7340623,0
B00428,B00428_R1,428,Yellow_2,Gate_3,1,6,1.0668,2.032,127.66,0.2032,1.9812,150.67,6,8,-23.02,0.762,0.2032,0.2032,1.6002,3.2512,2.3368,1.9558,2,3,3,300,0,1,6,2.09296,1.1176,2.2606,1.1938,127.66,150.67,6,8,3.2512,2.3368,-2,-23.01,-0.9144,5.207,26.55421782,154.2142178,145.7857822,6.316662061,0,0.485952607,57.61474938,133.66,1.1938,2.2606,2.032,2.62636,4.712430427,8.923538468,8.021158173,10.36734694,3.2512,12.83385308,154.2142178,279.1646777,174.3808471,8.923538468,10.36734694,124.9504599,5
B00428,B00428_R1,408,Gate_1,Green_3,2,6,1.0668,2.032,127.66,0.2032,1.9812,150.67,6,8,-23.02,0.2032,0.762,2.286,0.2032,2.6416,1.7272,2.6416,1,3,3,300,0,2,6,2.21488,1.1176,2.15392,0.8128,127.66,150.67,6,8,2.6416,1.7272,-2,-23.01,-0.9144,5.2832,26.85501125,154.5150113,145.4849887,6.01586863,0,0.484949962,56.78376741,133.66,0.8128,2.15392,1.3462,2.12344,3.208463269,8.502427664,5.31401729,8.382110291,2.6416,10.42750563,154.5150113,278.8638843,171.9744997,8.502427664,8.382110291,124.348873,4
B00428,B00428_R1,417,Green_5,Gate_4,3,6,1.0668,2.032,127.66,0.2032,1.9812,150.67,6,8,-23.02,1.9812,0.7112,0.2032,1.9812,3.2512,3.556,3.556,2,3,3,300,0,3,6,2.3368,0.8128,2.09296,0.8128,127.66,150.67,6,8,3.2512,3.556,-2,-23.01,0.3048,6.8072,32.87087988,160.5308799,139.4691201,0,0,0.464897067,44.07098366,133.66,0.8128,2.09296,0.8128,2.55016,3.208463269,8.261792918,3.208463269,10.06655351,3.2512,12.83385308,160.5308799,274.3519828,164.7554573,8.261792918,10.06655351,113.8211029,3
B00428,B00428_R1,421,Orange_5,Purple_5,4,6,1.0668,2.032,127.66,0.2032,1.9812,150.67,6,8,-23.02,1.9812,2.032,1.0668,2.032,1.4224,2.3368,1.4224,3,3,3,300,0,4,6,3.06832,2.032,2.6416,1.1176,127.66,150.67,6,8,1.4224,2.3368,-2,-23.01,0.9144,2.8448,17.22962144,144.8896214,155.1103786,15.64125844,0,0.517034595,105.4555681,133.66,1.1176,2.6416,1.4986,2.30632,4.411636995,10.42750563,5.915604153,9.104014527,1.4224,5.614810721,144.8896214,284.278166,191.2252793,10.42750563,9.104014527,139.3885446,2
B00428,B00428_R1,426,Green_1,Gate_4,5,6,1.0668,2.032,127.66,0.2032,1.9812,150.67,6,8,-23.02,1.6764,0.2032,0.2032,1.9812,2.9464,3.2512,3.2512,2,3,3,300,0,5,6,2.21488,0.8128,2.15392,0.8128,127.66,150.67,6,8,2.9464,3.2512,-2,-23.01,0.3048,6.1976,30.46453243,158.1245324,141.8754676,2.406347452,0,0.472918225,48.40583452,133.66,0.8128,2.15392,1.1176,2.4892,3.208463269,8.502427664,4.411636995,9.825918762,2.9464,11.63067935,158.1245324,276.7583302,168.3649785,8.502427664,9.825918762,118.6337978,1
B00428,B00428_R1,422,Purple_1,Orange_7,6,6,1.0668,2.032,127.66,0.2032,1.9812,150.67,6,8,-23.02,0.4572,2.54,2.54,1.6002,1.1176,0.8128,3.0226,3,3,3,300,0,6,6,2.82448,2.032,2.413,1.4986,127.66,150.67,6,8,1.1176,0.8128,-2,-23.01,-0.3048,4.1402,22.34310978,150.0031098,149.9968902,10.5277701,0,0.499989634,72.46026762,133.66,1.4986,2.413,0.8128,1.62052,5.915604153,9.525125331,3.208463269,6.396873643,1.1176,4.411636995,150.0031098,282.7741989,181.5998895,9.525125331,6.396873643,132.7710891,0
B00429,B00429_R1,428,Yellow_2,Gate_3,1,7,2.54,1.6002,140.88,0.2032,1.9812,140.71,7,7,0.17,0.762,0.2032,0.2032,1.6002,3.175,2.3368,1.9558,2,3,3,300,0,1,7,2.286,1.1176,2.286,1.1938,140.88,140.71,7,7,3.175,2.3368,0,0.17,-0.8382,5.1308,26.25342439,167.1334244,132.8665756,3.609521178,0,0.442888585,58.47041397,147.88,1.1938,2.286,2.032,2.6416,4.712430427,9.023802945,8.021158173,10.42750563,3.175,12.53305965,167.1334244,316.5325481,208.0538428,9.023802945,10.42750563,149.3991237,6
B00429,B00429_R1,408,Gate_1,Green_3,2,7,2.54,1.6002,140.88,0.2032,1.9812,140.71,7,7,0.17,0.2032,0.762,2.286,0.2032,3.175,1.7272,2.6416,1,3,3,300,0,2,7,2.3876,1.1176,2.286,0.8128,140.88,140.71,7,7,3.175,1.7272,0,0.17,-1.4478,5.8166,28.96056527,169.8405653,130.1594347,0.902380294,0,0.433864782,51.57652237,147.88,0.8128,2.286,1.3462,2.2225,3.208463269,9.023802945,5.31401729,8.773141752,3.175,12.53305965,169.8405653,313.8254072,205.3467019,9.023802945,8.773141752,143.9848419,5
B00429,B00429_R1,417,Green_5,Gate_4,3,7,2.54,1.6002,140.88,0.2032,1.9812,140.71,7,7,0.17,1.9812,0.7112,0.2032,1.9812,1.9558,3.556,3.556,2,3,3,300,0,3,7,2.4892,0.8128,2.0828,0.8128,140.88,140.71,7,7,1.9558,3.556,0,0.17,1.6002,5.5118,27.75739154,168.6373915,131.3626085,2.10555402,0,0.437875362,54.42868029,147.88,0.8128,2.0828,0.8128,2.3749,3.208463269,8.221687127,3.208463269,9.374728615,1.9558,7.720364742,168.6373915,316.5325481,201.7371808,8.221687127,9.374728615,147.8951565,4
B00429,B00429_R1,422,Purple_1,Orange_7,4,7,2.54,1.6002,140.88,0.2032,1.9812,140.71,7,7,0.17,0.4572,2.54,2.54,1.6002,3.0226,0.8128,3.0226,3,3,3,300,0,4,7,2.6416,1.7272,2.3114,1.4986,140.88,140.71,7,7,3.0226,0.8128,0,0.17,-2.2098,6.0452,29.86294557,170.7429456,129.2570544,0,0,0.430856848,49.62614967,147.88,1.4986,2.3114,0.8128,1.9304,5.915604153,9.124067422,3.208463269,7.620100264,3.0226,11.93147278,170.7429456,312.32144,205.0459085,9.124067422,7.620100264,141.5784945,3
B00429,B00429_R1,421,Orange_5,Purple_5,5,7,2.54,1.6002,140.88,0.2032,1.9812,140.71,7,7,0.17,1.9812,2.032,1.0668,2.032,1.4986,2.3368,1.4224,3,3,3,300,0,5,7,2.6924,0.8128,2.3876,1.1176,140.88,140.71,7,7,1.4986,2.3368,0,0.17,0.8382,2.921,17.53041487,158.4104149,141.5895851,12.33253069,0,0.471965284,102.7045532,147.88,1.1176,2.3876,1.4986,2.2479,4.411636995,9.424860853,5.915604153,8.873406229,1.4986,5.915604153,158.4104149,321.0444495,219.1831998,9.424860853,8.873406229,162.6340347,2
B00429,B00429_R1,429,Orange_1,Green_7,6,7,2.54,1.6002,140.88,0.2032,1.9812,140.71,7,7,0.17,1.6764,2.54,2.54,1.143,1.8034,2.032,2.2606,3,3,3,300,0,6,7,2.54,0.8128,2.3622,1.4986,140.88,140.71,7,7,1.8034,2.032,0,0.17,0.2286,4.064,22.04231635,162.9223163,137.0776837,7.820629219,0,0.456925612,73.81889764,147.88,1.4986,2.3622,1.1176,2.0574,5.915604153,9.324596376,4.411636995,8.12142265,1.8034,7.118777879,162.9223163,318.3373086,214.0697114,9.324596376,8.12142265,155.4149923,1
B00429,B00429_R1,426,Green_1,Gate_4,7,7,2.54,1.6002,140.88,0.2032,1.9812,140.71,7,7,0.17,1.6764,0.2032,0.2032,1.9812,2.2606,3.2512,3.2512,2,3,3,300,0,7,7,2.3368,0.8128,2.1336,0.8128,140.88,140.71,7,7,2.2606,3.2512,0,0.17,0.9906,5.5118,27.75739154,168.6373915,131.3626085,2.10555402,0,0.437875362,54.42868029,147.88,0.8128,2.1336,1.1176,2.3749,3.208463269,8.422216082,4.411636995,9.374728615,2.2606,8.923538468,168.6373915,316.5325481,202.9403545,8.422216082,9.374728615,147.8951565,0
B00430,B00430_R2,418,Orange_1,Gate_4,1,7,0.2032,1.9812,144.99,0.2032,1.9812,132.4,7,7,12.59,1.6764,2.54,0.2032,1.9812,2.032,2.032,2.032,2,3,3,300,1,1,7,2.2225,1.1176,2.0193,0.8128,132.4,144.99,7,7,2.032,2.032,0,-12.59,0,4.064,22.04231635,154.4423163,145.5576837,12.03173726,0,0.485192279,73.81889764,139.4,0.8128,2.0193,0.8128,2.0574,3.208463269,7.971025935,3.208463269,8.12142265,2.032,8.021158173,154.4423163,284.289867,182.4864011,7.971025935,8.12142265,129.8475506,6
B00430,B00430_R2,410,Purple_1,Gate_3,2,7,0.2032,1.9812,144.99,0.2032,1.9812,132.4,7,7,12.59,0.4572,2.54,0.2032,1.6002,0.8128,0.8128,1.1938,2,3,3,300,1,2,7,2.2225,0.8128,2.2225,0.9652,132.4,144.99,7,7,0.8128,0.8128,0,-12.59,0,2.0066,13.9208937,146.3208937,153.6791063,20.15315991,0,0.512263688,149.5066281,139.4,0.9652,2.2225,0.8128,1.5875,3.810050132,8.773141752,3.208463269,6.266529823,0.8128,3.208463269,146.3208937,289.1025619,195.4205187,8.773141752,6.266529823,142.7816682,5
B00430,B00430_R2,430,Yellow_3,Green_2,3,7,0.2032,1.9812,144.99,0.2032,1.9812,132.4,7,7,12.59,1.0668,0.2032,1.9812,0.2032,2.6416,2.6416,1.4224,3,3,3,300,1,3,7,2.6543,1.4224,2.671233333,0,132.4,144.99,7,7,2.6416,2.6416,0,-12.59,0,4.064,22.04231635,154.4423163,145.5576837,12.03173726,0,0.485192279,73.81889764,139.4,0,2.671233333,2.2606,2.7178,0,10.54448085,8.923538468,10.72829906,2.6416,10.42750563,154.4423163,287.5985947,197.9271306,10.54448085,10.72829906,133.1562784,4
B00430,B00430_R2,427,Green_2,Gate_4,4,7,0.2032,1.9812,144.99,0.2032,1.9812,132.4,7,7,12.59,1.9812,0.2032,0.2032,1.9812,3.556,3.556,3.556,2,3,3,300,1,4,7,2.9083,1.4224,1.7653,0.8128,132.4,144.99,7,7,3.556,3.556,0,-12.59,0,7.112,34.07405361,166.4740536,133.5259464,0,0,0.445086488,42.18222722,139.4,0.8128,1.7653,0,2.734733333,3.208463269,6.968381163,0,10.79514204,3.556,14.0370268,166.4740536,275.0655351,164.4387952,6.968381163,10.79514204,108.5914815,3
B00430,B00430_R2,424,Purple_4,Gate_3,5,7,0.2032,1.9812,144.99,0.2032,1.9812,132.4,7,7,12.59,0.762,2.032,0.2032,1.6002,1.1176,1.1176,1.4986,2,3,3,300,1,5,7,2.1717,0.8128,2.1717,0.9652,132.4,144.99,7,7,1.1176,1.1176,0,-12.59,0,2.6162,16.32724115,148.7272411,151.2727589,17.74681246,0,0.50424253,114.6701323,139.4,0.9652,2.1717,0.508,1.5875,3.810050132,8.572612798,2.005289543,6.266529823,1.1176,4.411636995,148.7272411,286.6962144,191.8109975,8.572612798,6.266529823,137.9689733,2
B00430,B00430_R2,425,Gate_2,Orange_5,6,7,0.2032,1.9812,144.99,0.2032,1.9812,132.4,7,7,12.59,0.2032,1.143,1.9812,2.032,1.3462,1.3462,3.175,1,3,3,300,1,6,7,2.413,1.651,1.9304,0.8128,132.4,144.99,7,7,1.3462,1.3462,0,-12.59,0,4.5212,23.84707694,156.2470769,143.7529231,10.22697667,0,0.47917641,66.35406529,139.4,0.8128,1.9304,0.9652,1.5494,3.208463269,7.620100264,3.810050132,6.116133107,1.3462,5.31401729,156.2470769,287.5985947,178.5760865,7.620100264,6.116133107,131.3515178,1
B00430,B00430_R2,423,Orange_3,Purple_2,7,7,0.2032,1.9812,144.99,0.2032,1.9812,132.4,7,7,12.59,2.286,2.54,0.762,2.54,2.6416,2.6416,2.032,3,3,3,300,1,7,7,2.5273,1.1176,1.9177,0.508,132.4,144.99,7,7,2.6416,2.6416,0,-12.59,0,4.6736,24.4486638,156.8486638,143.1513362,9.625389808,0,0.477171121,64.19034577,139.4,0.508,1.9177,0.8128,2.4638,2.005289543,7.569968026,3.208463269,9.725654285,2.6416,10.42750563,156.8486638,281.8835195,177.6737062,7.569968026,9.725654285,125.0348557,0
B00431,B00431_R2,410,Purple_1,Gate_3,1,7,0.2032,1.9812,141.67,0.762,2.54,132.83,7,7,8.83,0.4572,2.54,0.2032,1.6002,0.8128,0.8128,1.1938,2,3,3,300,1,1,7,2.1209,0.8128,2.1209,0.9652,132.83,141.67,7,7,0.8128,0.8128,0,-8.84,0,2.0066,13.9208937,146.7508937,153.2491063,20.15315991,0,0.510830354,149.5066281,139.83,0.9652,2.1209,0.8128,1.5875,3.810050132,8.372083843,3.208463269,6.266529823,0.8128,3.208463269,146.7508937,282.3135195,185.7951289,8.372083843,6.266529823,135.5626258,6
B00431,B00431_R2,425,Gate_2,Orange_5,2,7,0.2032,1.9812,141.67,0.762,2.54,132.83,7,7,8.83,0.2032,1.143,1.9812,2.032,1.3462,1.9558,3.175,1,3,3,300,1,2,7,2.3114,1.651,2.032,0.8128,132.83,141.67,7,7,1.9558,1.3462,0,-8.84,-0.6096,5.1308,26.25342439,159.0834244,140.9165756,7.820629219,0,0.469721919,58.47041397,139.83,0.8128,2.032,0.9652,1.5494,3.208463269,8.021158173,3.810050132,6.116133107,1.9558,7.720364742,159.0834244,278.4032049,171.3570442,8.021158173,6.116133107,119.3197805,5
B00431,B00431_R2,423,Orange_3,Purple_2,3,7,0.2032,1.9812,141.67,0.762,2.54,132.83,7,7,8.83,2.286,2.54,0.762,2.54,2.6416,2.032,2.032,3,3,3,300,1,3,7,2.6289,1.7272,1.8161,0.508,132.83,141.67,7,7,2.032,2.6416,0,-8.84,0.6096,4.064,22.04231635,154.8723163,145.1276837,12.03173726,0,0.483758946,73.81889764,139.83,0.508,1.8161,0.8128,2.4638,2.005289543,7.168910117,3.208463269,9.725654285,2.032,8.021158173,154.8723163,277.5008246,170.4546639,7.168910117,9.725654285,122.6285083,4
B00431,B00431_R2,431,Purple_3,Gate_4,4,7,0.2032,1.9812,141.67,0.762,2.54,132.83,7,7,8.83,1.0668,2.54,0.2032,1.9812,1.4224,0.8128,1.4224,2,3,3,300,1,4,7,2.0193,0.8128,2.0193,0.8128,132.83,141.67,7,7,0.8128,1.4224,0,-8.84,0.6096,2.2352,14.82327399,147.653274,152.346726,19.25077962,0,0.50782242,134.2161775,139.83,0.8128,2.0193,0.8128,1.7526,3.208463269,7.971025935,3.208463269,6.918248924,0.8128,3.208463269,147.653274,282.3135195,182.4864011,7.971025935,6.918248924,134.6602455,3
B00431,B00431_R2,424,Purple_4,Gate_3,5,7,0.2032,1.9812,141.67,0.762,2.54,132.83,7,7,8.83,0.762,2.032,0.2032,1.6002,1.1176,0.508,1.4986,2,3,3,300,1,5,7,2.0701,0.8128,2.0701,0.9652,132.83,141.67,7,7,0.508,1.1176,0,-8.84,0.6096,2.0066,13.9208937,146.7508937,153.2491063,20.15315991,0,0.510830354,149.5066281,139.83,0.9652,2.0701,0.508,1.5875,3.810050132,8.171554889,2.005289543,6.266529823,0.508,2.005289543,146.7508937,282.3135195,184.5919552,8.171554889,6.266529823,135.5626258,2
B00431,B00431_R2,430,Yellow_3,Green_2,6,7,0.2032,1.9812,141.67,0.762,2.54,132.83,7,7,8.83,1.0668,0.2032,1.9812,0.2032,2.6416,3.2512,1.4224,3,3,3,300,1,6,7,2.6543,1.4224,2.671233333,0,132.83,141.67,7,7,3.2512,2.6416,0,-8.84,-0.6096,4.6736,24.4486638,157.2786638,142.7213362,9.625389808,0,0.475737787,64.19034577,139.83,0,2.671233333,2.2606,2.7178,0,10.54448085,8.923538468,10.72829906,3.2512,12.83385308,157.2786638,278.4032049,188.3017408,10.54448085,10.72829906,121.1245411,1
B00431,B00431_R2,427,Green_2,Gate_4,7,7,0.2032,1.9812,141.67,0.762,2.54,132.83,7,7,8.83,1.9812,0.2032,0.2032,1.9812,3.556,3.556,3.556,2,3,3,300,1,7,7,2.9083,1.4224,1.6637,0.8128,132.83,141.67,7,7,3.556,3.556,0,-8.84,0,7.112,34.07405361,166.9040536,133.0959464,0,0,0.443653155,42.18222722,139.83,0.8128,1.6637,0,2.734733333,3.208463269,6.567323254,0,10.79514204,3.556,14.0370268,166.9040536,268.2764927,154.8134054,6.567323254,10.79514204,101.3724391,0
B00432,B00432_R1,417,Green_5,Gate_4,1,6,0.2032,1.9812,131.11,0.2032,1.9812,139.12,6,8,-8.02,1.9812,0.7112,0.2032,1.9812,3.556,3.556,3.556,2,3,3,300,0,1,6,2.7178,0.8128,1.9558,0.8128,131.11,139.12,6,8,3.556,3.556,-2,-8.01,0,7.112,34.07405361,165.1840536,134.8159464,0,0,0.449386488,42.18222722,137.11,0.8128,1.9558,1.4986,2.76352,3.208463269,7.720364742,5.915604153,10.90877512,3.556,14.0370268,165.1840536,272.6884945,154.2276872,7.720364742,10.90877512,107.5044408,5
B00432,B00432_R1,422,Purple_1,Orange_7,2,6,0.2032,1.9812,131.11,0.2032,1.9812,139.12,6,8,-8.02,0.4572,2.54,2.54,1.6002,0.8128,0.8128,3.0226,3,3,3,300,0,2,6,2.5654,1.651,2.06248,1.4986,131.11,139.12,6,8,0.8128,0.8128,-2,-8.01,0,3.8354,21.13993605,152.2499361,147.7500639,12.93411755,0,0.492500213,78.21869948,137.11,1.4986,2.06248,0.8128,1.40716,5.915604153,8.141475546,3.208463269,5.554652035,0.8128,3.208463269,152.2499361,280.8099171,169.2673588,8.141475546,5.554652035,128.5599811,4
B00432,B00432_R1,421,Orange_5,Purple_5,3,6,0.2032,1.9812,131.11,0.2032,1.9812,139.12,6,8,-8.02,1.9812,2.032,1.0668,2.032,2.3368,2.3368,1.4224,3,3,3,300,0,3,6,2.44348,0.8128,2.13868,1.1176,131.11,139.12,6,8,2.3368,2.3368,-2,-8.01,0,3.7592,20.83914262,151.9491426,148.0508574,13.23491099,0,0.493502858,79.80421366,137.11,1.1176,2.13868,1.4986,1.97104,4.411636995,8.442268977,5.915604153,7.780523428,2.3368,9.224331899,151.9491426,277.5011894,171.0721194,8.442268977,7.780523428,125.5520467,3
B00432,B00432_R1,429,Orange_1,Green_7,4,6,0.2032,1.9812,131.11,0.2032,1.9812,139.12,6,8,-8.02,1.6764,2.54,2.54,1.143,2.032,2.032,2.2606,3,3,3,300,0,4,6,2.32156,0.8128,2.21488,1.4986,131.11,139.12,6,8,2.032,2.032,-2,-8.01,0,4.2926,22.94469664,154.0546966,145.9453034,11.12935697,0,0.486484345,69.88771374,137.11,1.4986,2.21488,1.1176,1.68148,5.915604153,8.743062409,4.411636995,6.637508388,2.032,8.021158173,154.0546966,277.2003959,170.4705325,8.743062409,6.637508388,123.1456993,2
B00432,B00432_R1,426,Green_1,Gate_4,5,6,0.2032,1.9812,131.11,0.2032,1.9812,139.12,6,8,-8.02,1.6764,0.2032,0.2032,1.9812,3.2512,3.2512,3.2512,2,3,3,300,0,5,6,2.59588,0.8128,2.01676,0.8128,131.11,139.12,6,8,3.2512,3.2512,-2,-8.01,0,6.5024,31.66770615,162.7777062,137.2222938,2.406347452,0,0.457407646,46.13681102,137.11,0.8128,2.01676,1.8034,2.70256,3.208463269,7.960999487,7.118777879,10.66814037,3.2512,12.83385308,162.7777062,275.0948419,157.8372084,7.960999487,10.66814037,112.3171358,1
B00432,B00432_R1,432,Gate_2,Purple_4,6,6,0.2032,1.9812,131.11,0.2032,1.9812,139.12,6,8,-8.02,0.2032,1.143,0.762,2.032,1.3462,1.3462,1.9558,1,3,3,300,0,6,6,2.5654,1.651,2.15392,0.8128,131.11,139.12,6,8,1.3462,1.3462,-2,-8.01,0,3.302,19.03438203,150.144382,149.855618,15.03967157,0,0.499518727,90.85402786,137.11,0.8128,2.15392,1.3462,2.01676,3.208463269,8.502427664,5.31401729,7.960999487,1.3462,5.31401729,150.144382,280.8099171,173.1776734,8.502427664,7.960999487,130.6655351,0
B00433,B00433_R2,431,Purple_3,Gate_4,1,8,0.762,2.032,141.83,0.2032,1.9812,129.22,7,8,12.6,1.0668,2.54,0.2032,1.9812,0.8128,1.4224,1.4224,2,3,3,300,1,1,8,2.053771429,0.8128,1.923142857,0.8128,129.22,141.83,8,7,1.4224,0.8128,1,-12.61,-0.6096,2.8448,17.22962144,146.4496214,153.5503786,16.84443216,0,0.511834595,105.4555681,137.22,0.8128,1.923142857,0.8128,2.010228571,3.208463269,7.591453271,3.208463269,7.935217193,1.4224,5.614810721,146.4496214,301.9490096,211.0459085,7.591453271,7.935217193,155.4993881,7
B00433,B00433_R2,410,Purple_1,Gate_3,2,8,0.762,2.032,141.83,0.2032,1.9812,129.22,7,8,12.6,0.4572,2.54,0.2032,1.6002,0.8128,0.8128,1.1938,2,3,3,300,1,2,8,2.053771429,0.8128,1.9558,0.9652,129.22,141.83,8,7,0.8128,0.8128,1,-12.61,0,2.0066,13.9208937,143.1408937,156.8591063,20.15315991,0,0.522863688,149.5066281,137.22,0.9652,1.9558,0.8128,1.9558,3.810050132,7.720364742,3.208463269,7.720364742,0.8128,3.208463269,143.1408937,304.355357,215.2570165,7.720364742,7.720364742,161.2144633,6
B00433,B00433_R2,425,Gate_2,Orange_5,3,8,0.762,2.032,141.83,0.2032,1.9812,129.22,7,8,12.6,0.2032,1.143,1.9812,2.032,1.9558,1.3462,3.175,1,3,3,300,1,3,8,1.9812,0,2.195285714,0.8128,129.22,141.83,8,7,1.3462,1.9558,1,-12.61,0.6096,4.5212,23.84707694,153.0670769,146.9329231,10.22697667,0,0.48977641,66.35406529,137.22,0.8128,2.195285714,0.9652,1.759857143,3.208463269,8.665715526,3.810050132,6.946895918,1.3462,5.31401729,153.0670769,302.8513899,211.9482888,8.665715526,6.946895918,149.784313,5
B00433,B00433_R2,423,Orange_3,Purple_2,4,8,0.762,2.032,141.83,0.2032,1.9812,129.22,7,8,12.6,2.286,2.54,0.762,2.54,2.032,2.6416,2.032,3,3,3,300,1,4,8,2.750457143,1.7272,1.836057143,0.508,129.22,141.83,8,7,2.6416,2.032,1,-12.61,-0.6096,4.6736,24.4486638,153.6686638,146.3313362,9.625389808,0,0.487771121,64.19034577,137.22,0.508,1.836057143,0.8128,2.445657143,2.005289543,7.247689349,3.208463269,9.654036801,2.6416,10.42750563,153.6686638,297.1363147,201.4205187,7.247689349,9.654036801,143.4676509,4
B00433,B00433_R2,424,Purple_4,Gate_3,5,8,0.762,2.032,141.83,0.2032,1.9812,129.22,7,8,12.6,0.762,2.032,0.2032,1.6002,0,1.1176,1.4986,2,3,3,300,1,5,8,2.053771429,0.8128,1.912257143,0.9652,129.22,141.83,8,7,1.1176,0,1,-12.61,-1.1176,2.6162,16.32724115,145.5472411,154.4527589,17.74681246,0,0.51484253,114.6701323,137.22,0.9652,1.912257143,0.508,1.912257143,3.810050132,7.548482781,2.005289543,7.548482781,1.1176,4.411636995,145.5472411,301.9490096,211.6474954,7.548482781,7.548482781,156.4017684,3
B00433,B00433_R2,433,Gate_2,Green_3,6,8,0.762,2.032,141.83,0.2032,1.9812,129.22,7,8,12.6,0.2032,1.143,2.286,0.2032,1.9558,1.3462,3.0226,1,3,3,300,1,6,8,1.9812,0,2.783114286,0.8128,129.22,141.83,8,7,1.3462,1.9558,1,-12.61,0.6096,4.3688,23.24549007,152.4654901,147.5345099,10.82856353,0,0.4917817,68.66874199,137.22,0.8128,2.783114286,0.9652,1.781628571,3.208463269,10.986122,3.810050132,7.032836898,1.3462,5.31401729,152.4654901,302.8513899,228.792721,10.986122,7.032836898,150.3858998,2
B00433,B00433_R2,430,Yellow_3,Green_2,7,8,0.762,2.032,141.83,0.2032,1.9812,129.22,7,8,12.6,1.0668,0.2032,1.9812,0.2032,3.2512,2.6416,1.4224,3,3,3,300,1,7,8,2.532742857,1.4224,2.677885714,0,129.22,141.83,8,7,2.6416,3.2512,1,-12.61,0.6096,4.064,22.04231635,151.2623163,148.7376837,12.03173726,0,0.495792279,73.81889764,137.22,0,2.677885714,1.7272,2.576285714,0,10.57074059,6.817984447,10.16968268,2.6416,10.42750563,151.2623163,300.7458359,227.0882248,10.57074059,10.16968268,149.4835195,1
B00433,B00433_R2,427,Green_2,Gate_4,8,8,0.762,2.032,141.83,0.2032,1.9812,129.22,7,8,12.6,1.9812,0.2032,0.2032,1.9812,3.556,3.556,3.556,2,3,3,300,1,8,8,2.881085714,1.4224,1.618342857,0.8128,129.22,141.83,8,7,3.556,3.556,1,-12.61,0,7.112,34.07405361,163.2940536,136.7059464,0,0,0.455686488,42.18222722,137.22,0.8128,1.618342857,0,2.460171429,3.208463269,6.388279545,0,9.711330788,3.556,14.0370268,163.2940536,290.3183302,185.7792603,6.388279545,9.711330788,127.0242766,0
B00434,B00434_R1,434,Purple_1,Gate_3,1,6,0.762,2.032,128.8,0.2032,1.9812,141.45,6,8,-12.65,0.4572,2.54,0.2032,1.6002,0.8128,0.8128,1.1938,2,3,3,300,0,1,6,1.79324,0,2.032,0.9652,128.8,141.45,6,8,0.8128,0.8128,-2,-12.65,0,2.0066,13.9208937,142.7208937,157.2791063,17.74681246,0,0.524263688,149.5066281,134.8,0.9652,2.032,0.8128,1.84912,3.810050132,8.021158173,3.208463269,7.299253938,0.8128,3.208463269,142.7208937,255.9404097,153.3253069,8.021158173,7.299253938,113.219516,5
B00434,B00434_R1,432,Gate_2,Purple_4,2,6,0.762,2.032,128.8,0.2032,1.9812,141.45,6,8,-12.65,0.2032,1.143,0.762,2.032,1.9558,1.3462,1.9558,1,3,3,300,0,2,6,2.35204,1.651,1.60528,0.8128,128.8,141.45,6,8,1.9558,1.3462,-2,-12.65,-0.6096,3.9116,21.44072948,150.2407295,149.7592705,10.22697667,0,0.499197568,76.69495858,134.8,0.8128,1.60528,0.9652,1.94056,3.208463269,6.336714957,3.810050132,7.660206055,1.9558,7.720364742,150.2407295,252.0300951,137.383255,6.336714957,7.660206055,101.7893656,4
B00434,B00434_R1,422,Purple_1,Orange_7,3,6,0.762,2.032,128.8,0.2032,1.9812,141.45,6,8,-12.65,0.4572,2.54,2.54,1.6002,0.8128,0.8128,3.0226,3,3,3,300,0,3,6,1.79324,0,2.27584,1.4986,128.8,141.45,6,8,0.8128,0.8128,-2,-12.65,0,3.8354,21.13993605,149.9399361,150.0600639,10.5277701,0,0.500200213,78.21869948,134.8,1.4986,2.27584,0.8128,1.48336,5.915604153,8.983697154,3.208463269,5.855445466,0.8128,3.208463269,149.9399361,255.9404097,150.9189595,8.983697154,5.855445466,106.0004737,3
B00434,B00434_R1,421,Orange_5,Purple_5,4,6,0.762,2.032,128.8,0.2032,1.9812,141.45,6,8,-12.65,1.9812,2.032,1.0668,2.032,1.7272,2.3368,1.4224,3,3,3,300,0,4,6,2.2606,0.8128,1.71196,1.1176,128.8,141.45,6,8,1.7272,2.3368,-2,-12.65,0.6096,3.1496,18.43279517,147.2327952,152.7672048,13.23491099,0,0.509224016,95.2501905,134.8,1.1176,1.71196,1.4986,2.04724,4.411636995,6.757825761,5.915604153,8.081316859,1.7272,6.817984447,147.2327952,255.0380294,142.4967434,6.757825761,8.081316859,107.8052343,2
B00434,B00434_R1,429,Orange_1,Green_7,5,6,0.762,2.032,128.8,0.2032,1.9812,141.45,6,8,-12.65,1.6764,2.54,2.54,1.143,1.4224,2.032,2.2606,3,3,3,300,0,5,6,2.01676,0.8128,2.61112,1.8034,128.8,141.45,6,8,1.4224,2.032,-2,-12.65,0.6096,3.683,20.53834919,149.3383492,150.6616508,11.12935697,0,0.502205503,81.45533532,134.8,1.8034,2.61112,1.1176,1.75768,7.118777879,10.30718825,4.411636995,6.93830182,1.4224,5.614810721,149.3383492,254.737236,158.1380018,10.30718825,6.93830182,105.3988868,1
B00434,B00434_R1,426,Green_1,Gate_4,6,6,0.762,2.032,128.8,0.2032,1.9812,141.45,6,8,-12.65,1.6764,0.2032,0.2032,1.9812,3.2512,3.2512,3.2512,2,3,3,300,0,6,6,3.14452,2.413,1.46812,0.8128,128.8,141.45,6,8,3.2512,3.2512,-2,-12.65,0,6.5024,31.66770615,160.4677062,139.5322938,0,0,0.465107646,46.13681102,134.8,0.8128,1.46812,1.8034,2.62636,3.208463269,5.79528678,7.118777879,10.36734694,3.2512,12.83385308,160.4677062,250.2253345,124.4491375,5.79528678,10.36734694,89.75762839,0
B00435,B00435_R2,410,Purple_1,Gate_3,1,8,0.2032,1.9812,134.93,0.2032,1.9812,134.03,7,8,0.89,0.4572,2.54,0.2032,1.6002,0.8128,0.8128,1.1938,2,3,3,300,1,1,8,2.445657143,0.8128,2.151742857,0.9652,134.03,134.93,8,7,0.8128,0.8128,1,-0.9,0,2.0066,13.9208937,147.9508937,152.0491063,20.15315991,0,0.506830354,149.5066281,142.03,0.9652,2.151742857,0.8128,1.9558,3.810050132,8.493833565,3.208463269,7.720364742,0.8128,3.208463269,147.9508937,326.0097892,237.5157305,8.493833565,7.720364742,178.0588955,7
B00435,B00435_R2,425,Gate_2,Orange_5,2,8,0.2032,1.9812,134.93,0.2032,1.9812,134.03,7,8,0.89,0.2032,1.143,1.9812,2.032,1.3462,1.3462,3.175,1,3,3,300,1,2,8,2.046514286,0,2.413,0.8128,134.03,134.93,8,7,1.3462,1.3462,1,-0.9,0,4.5212,23.84707694,157.8770769,142.1229231,10.22697667,0,0.473743077,66.35406529,142.03,0.8128,2.413,0.9652,1.759857143,3.208463269,9.525125331,3.810050132,6.946895918,1.3462,5.31401729,157.8770769,324.5058221,234.8085896,9.525125331,6.946895918,166.6287451,6
B00435,B00435_R2,423,Orange_3,Purple_2,3,8,0.2032,1.9812,134.93,0.2032,1.9812,134.03,7,8,0.89,2.286,2.54,0.762,2.54,2.6416,2.6416,2.032,3,3,3,300,1,3,8,2.881085714,2.032,2.227942857,0.508,134.03,134.93,8,7,2.6416,2.6416,1,-0.9,0,4.6736,24.4486638,158.4786638,141.5213362,9.625389808,0,0.471737787,64.19034577,142.03,0.508,2.227942857,0.8128,2.445657143,2.005289543,8.794626997,3.208463269,9.654036801,2.6416,10.42750563,158.4786638,318.7907469,229.0935144,8.794626997,9.654036801,160.3120831,5
B00435,B00435_R2,424,Purple_4,Gate_3,4,8,0.2032,1.9812,134.93,0.2032,1.9812,134.03,7,8,0.89,0.762,2.032,0.2032,1.6002,1.1176,1.1176,1.4986,2,3,3,300,1,4,8,2.445657143,0.8128,2.1082,0.9652,134.03,134.93,8,7,1.1176,1.1176,1,-0.9,0,2.6162,16.32724115,150.3572411,149.6427589,17.74681246,0,0.498809196,114.6701323,142.03,0.9652,2.1082,0.508,1.912257143,3.810050132,8.321951605,2.005289543,7.548482781,1.1176,4.411636995,150.3572411,323.6034418,233.9062093,8.321951605,7.548482781,173.2462006,4
B00435,B00435_R2,433,Gate_2,Green_3,5,8,0.2032,1.9812,134.93,0.2032,1.9812,134.03,7,8,0.89,0.2032,1.143,2.286,0.2032,1.3462,1.3462,3.0226,1,3,3,300,1,5,8,2.046514286,0,2.391228571,0.8128,134.03,134.93,8,7,1.3462,1.3462,1,-0.9,0,4.3688,23.24549007,157.2754901,142.7245099,10.82856353,0,0.475748366,68.66874199,142.03,0.8128,2.391228571,0.9652,1.781628571,3.208463269,9.43918435,3.810050132,7.032836898,1.3462,5.31401729,157.2754901,324.5058221,234.8085896,9.43918435,7.032836898,167.230332,3
B00435,B00435_R2,435,Green_2,Gate_4,6,8,0.2032,1.9812,134.93,0.2032,1.9812,134.03,7,8,0.89,1.9812,0.2032,0.2032,1.9812,3.556,3.556,3.556,2,3,3,300,1,6,8,2.416628571,0,1.923142857,0.8128,134.03,134.93,8,7,3.556,3.556,1,-0.9,0,7.112,34.07405361,168.1040536,131.8959464,0,0,0.439653155,42.18222722,142.03,0.8128,1.923142857,0,2.460171429,3.208463269,7.591453271,0,9.711330788,3.556,14.0370268,168.1040536,311.9727624,211.0459085,7.591453271,9.711330788,143.8687088,2
B00435,B00435_R2,430,Yellow_3,Green_2,7,8,0.2032,1.9812,134.93,0.2032,1.9812,134.03,7,8,0.89,1.0668,0.2032,1.9812,0.2032,2.6416,2.6416,1.4224,3,3,3,300,1,7,8,2.315028571,1.4224,2.213428571,0,134.03,134.93,8,7,2.6416,2.6416,1,-0.9,0,4.064,22.04231635,156.0723163,143.9276837,12.03173726,0,0.479758946,73.81889764,142.03,0,2.213428571,1.7272,2.576285714,0,8.73733301,6.817984447,10.16968268,2.6416,10.42750563,156.0723163,322.400268,231.0988039,8.73733301,10.16968268,166.3279517,1
B00435,B00435_R2,427,Green_2,Gate_4,8,8,0.2032,1.9812,134.93,0.2032,1.9812,134.03,7,8,0.89,1.9812,0.2032,0.2032,1.9812,3.556,3.556,3.556,2,3,3,300,1,8,8,2.416628571,0,1.923142857,0.8128,134.03,134.93,8,7,3.556,3.556,1,-0.9,0,7.112,34.07405361,168.1040536,131.8959464,0,0,0.439653155,42.18222722,142.03,0.8128,1.923142857,0,2.460171429,3.208463269,7.591453271,0,9.711330788,3.556,14.0370268,168.1040536,311.9727624,211.0459085,7.591453271,9.711330788,143.8687088,0
B00436,B00436_R1,432,Gate_2,Purple_4,1,6,0.2032,1.9812,118.21,0.2032,1.9812,153.48,6,8,-35.27,0.2032,1.143,0.762,2.032,1.3462,1.3462,1.9558,1,3,3,300,0,1,6,2.47396,1.651,1.60528,0.8128,118.21,153.48,6,8,1.3462,1.3462,-2,-35.27,0,3.302,19.03438203,137.244382,162.755618,12.63332412,0,0.542518727,90.85402786,124.21,0.8128,1.60528,0.9652,1.94056,3.208463269,6.336714957,3.810050132,7.660206055,1.3462,5.31401729,137.244382,251.0654849,147.0086449,6.336714957,7.660206055,113.8211029,5
B00436,B00436_R1,426,Green_1,Gate_4,2,6,0.2032,1.9812,118.21,0.2032,1.9812,153.48,6,8,-35.27,1.6764,0.2032,0.2032,1.9812,3.2512,3.2512,3.2512,2,3,3,300,0,2,6,3.0226,2.413,1.59004,0.8128,118.21,153.48,6,8,3.2512,3.2512,-2,-35.27,0,6.5024,31.66770615,149.8777062,150.1222938,0,0,0.500407646,46.13681102,124.21,0.8128,1.59004,1.8034,2.62636,3.208463269,6.27655627,7.118777879,10.36734694,3.2512,12.83385308,149.8777062,246.8543769,134.0745273,6.27655627,10.36734694,96.97667075,4
B00436,B00436_R1,429,Orange_1,Green_7,3,6,0.2032,1.9812,118.21,0.2032,1.9812,153.48,6,8,-35.27,1.6764,2.54,2.54,1.143,2.032,2.032,2.2606,3,3,3,300,0,3,6,1.89484,0.8128,2.4892,1.8034,118.21,153.48,6,8,2.032,2.032,-2,-35.27,0,4.2926,22.94469664,141.1546966,158.8453034,8.723009513,0,0.529484345,69.88771374,124.21,1.8034,2.4892,1.1176,1.75768,7.118777879,9.825918762,4.411636995,6.93830182,2.032,8.021158173,141.1546966,248.9599309,160.5443493,9.825918762,6.93830182,107.8052343,3
B00436,B00436_R1,421,Orange_5,Purple_5,4,6,0.2032,1.9812,118.21,0.2032,1.9812,153.48,6,8,-35.27,1.9812,2.032,1.0668,2.032,2.3368,2.3368,1.4224,3,3,3,300,0,4,6,2.13868,0.8128,1.59004,0.508,118.21,153.48,6,8,2.3368,2.3368,-2,-35.27,0,3.7592,20.83914262,139.0491426,160.9508574,10.82856353,0,0.536502858,79.80421366,124.21,0.508,1.59004,1.4986,2.04724,2.005289543,6.27655627,5.915604153,8.081316859,2.3368,9.224331899,139.0491426,249.2607244,144.9030908,6.27655627,8.081316859,110.2115817,2
B00436,B00436_R1,436,Purple_3,Gate_3,5,6,0.2032,1.9812,118.21,0.2032,1.9812,153.48,6,8,-35.27,1.0668,2.54,0.2032,1.6002,1.4224,1.4224,1.8034,2,3,3,300,0,5,6,1.77292,1.1176,2.032,0.9652,118.21,153.48,6,8,1.4224,1.4224,-2,-35.27,0,3.2258,18.7335886,136.9435886,163.0564114,12.93411755,0,0.543521371,93.000186,124.21,0.9652,2.032,0.508,1.60528,3.810050132,8.021158173,2.005289543,6.336714957,1.4224,5.614810721,136.9435886,248.9599309,155.7316544,8.021158173,6.336714957,112.0163423,1
B00436,B00436_R1,422,Purple_1,Orange_7,6,6,0.2032,1.9812,118.21,0.2032,1.9812,153.48,6,8,-35.27,0.4572,2.54,2.54,1.6002,0.8128,0.8128,3.0226,3,3,3,300,0,6,6,2.01676,1.1176,2.15392,1.4986,118.21,153.48,6,8,0.8128,0.8128,-2,-35.27,0,3.8354,21.13993605,139.3499361,160.6500639,10.5277701,0,0.535500213,78.21869948,124.21,1.4986,2.15392,0.8128,1.48336,5.915604153,8.502427664,3.208463269,5.855445466,0.8128,3.208463269,139.3499361,252.5694521,155.7316544,8.502427664,5.855445466,113.219516,0
B00437,B00437_R1,437,Yellow_4,Gate_4,1,7,2.54,1.6002,139.68,0.2032,1.9812,146.07,7,8,-6.39,0.762,0.7112,0.2032,1.9812,3.175,2.3368,2.3368,2,3,3,300,0,1,7,2.6035,1.4224,1.8669,0.8128,139.68,146.07,7,8,3.175,2.3368,-1,-6.39,-0.8382,5.5118,27.75739154,167.4373915,132.5626085,2.10555402,0,0.441875362,54.42868029,146.68,0.8128,1.8669,1.9558,2.7305,3.208463269,7.369439072,7.720364742,10.7784313,3.175,12.53305965,167.4373915,307.2111254,188.8030632,7.369439072,10.7784313,139.7737339,6
B00437,B00437_R1,422,Purple_1,Orange_7,2,7,2.54,1.6002,139.68,0.2032,1.9812,146.07,7,8,-6.39,0.4572,2.54,2.54,1.6002,3.0226,0.8128,3.0226,3,3,3,300,0,2,7,2.1209,1.1176,2.3241,1.4986,139.68,146.07,7,8,3.0226,0.8128,-1,-6.39,-2.2098,6.0452,29.86294557,169.5429456,130.4570544,0,0,0.434856848,49.62614967,146.68,1.4986,2.3241,0.8128,1.3716,5.915604153,9.174199661,3.208463269,5.414281767,3.0226,11.93147278,169.5429456,303.3008108,197.5260727,9.174199661,5.414281767,133.7578652,5
B00437,B00437_R1,421,Orange_5,Purple_5,3,7,2.54,1.6002,139.68,0.2032,1.9812,146.07,7,8,-6.39,1.9812,2.032,1.0668,2.032,1.4986,2.3368,1.4224,3,3,3,300,0,3,7,2.3749,0.8128,1.8669,0.508,139.68,146.07,7,8,1.4986,2.3368,-1,-6.39,0.8382,2.921,17.53041487,157.2104149,142.7895851,12.33253069,0,0.475965284,102.7045532,146.68,0.508,1.8669,1.4986,2.0955,2.005289543,7.369439072,5.915604153,8.271819366,1.4986,5.915604153,157.2104149,312.0238203,199.0300399,7.369439072,8.271819366,154.8134054,4
B00437,B00437_R1,436,Purple_3,Gate_3,4,7,2.54,1.6002,139.68,0.2032,1.9812,146.07,7,8,-6.39,1.0668,2.54,0.2032,1.6002,2.413,1.4224,1.8034,2,3,3,300,0,4,7,2.0193,1.1176,2.0193,0.9652,139.68,146.07,7,8,2.413,1.4224,-1,-6.39,-0.9906,4.2164,22.64390321,162.3239032,137.6760968,7.219042356,0,0.458920323,71.15074471,146.68,0.9652,2.0193,0.508,1.5748,3.810050132,7.971025935,2.005289543,6.216397584,2.413,9.525125331,162.3239032,304.5039845,197.5260727,7.971025935,6.216397584,142.1800813,3
B00437,B00437_R1,432,Gate_2,Purple_4,5,7,2.54,1.6002,139.68,0.2032,1.9812,146.07,7,8,-6.39,0.2032,1.143,0.762,2.032,2.794,1.3462,1.9558,1,3,3,300,0,5,7,2.3114,1.4986,1.8288,0.8128,139.68,146.07,7,8,2.794,1.3462,-1,-6.39,-1.4478,4.7498,24.74945723,164.4294572,135.5705428,5.113488335,0,0.451901809,63.16055413,146.68,0.8128,1.8288,0.9652,1.8415,3.208463269,7.219042356,3.810050132,7.269174594,2.794,11.02909249,164.4294572,304.804778,190.9086172,7.219042356,7.269174594,140.3753207,2
B00437,B00437_R1,429,Orange_1,Green_7,6,7,2.54,1.6002,139.68,0.2032,1.9812,146.07,7,8,-6.39,1.6764,2.54,2.54,1.143,1.8034,2.032,2.2606,3,3,3,300,0,6,7,2.1209,0.8128,2.5273,1.8034,139.68,146.07,7,8,1.8034,2.032,-1,-6.39,0.2286,4.064,22.04231635,161.7223163,138.2776837,7.820629219,0,0.460925612,73.81889764,146.68,1.8034,2.5273,1.1176,1.8034,7.118777879,9.976315478,4.411636995,7.118777879,1.8034,7.118777879,161.7223163,309.3166794,210.1593968,9.976315478,7.118777879,147.5943631,1
B00437,B00437_R1,426,Green_1,Gate_4,7,7,2.54,1.6002,139.68,0.2032,1.9812,146.07,7,8,-6.39,1.6764,0.2032,0.2032,1.9812,2.2606,3.2512,3.2512,2,3,3,300,0,7,7,2.7559,1.4224,1.7145,0.8128,139.68,146.07,7,8,2.2606,3.2512,-1,-6.39,0.9906,5.5118,27.75739154,167.4373915,132.5626085,2.10555402,0,0.441875362,54.42868029,146.68,0.8128,1.7145,1.8034,2.7305,3.208463269,6.767852209,7.118777879,10.7784313,2.2606,8.923538468,167.4373915,310.2190597,185.193542,6.767852209,10.7784313,142.7816682,0
B00438,B00438_R2,423,Orange_3,Purple_2,1,7,0.2032,1.9812,143.48,0.2032,1.9812,137.75,7,7,5.73,2.286,2.54,0.762,2.54,2.6416,2.6416,2.032,3,3,3,300,1,1,7,2.9845,2.032,2.6797,0.508,137.75,143.48,7,7,2.6416,2.6416,0,-5.73,0,4.6736,24.4486638,162.1986638,137.8013362,9.625389808,0,0.459337787,64.19034577,144.75,0.508,2.6797,2.3368,2.6543,2.005289543,10.57790234,9.224331899,10.47763786,2.6416,10.42750563,162.1986638,317.6136561,220.0855801,10.57790234,10.47763786,155.4149923,6
B00438,B00438_R2,424,Purple_4,Gate_3,2,7,0.2032,1.9812,143.48,0.2032,1.9812,137.75,7,7,5.73,0.762,2.032,0.2032,1.6002,1.1176,1.1176,1.4986,2,3,3,300,1,2,7,2.9337,1.9558,2.4765,0.9652,137.75,143.48,7,7,1.1176,1.1176,0,-5.73,0,2.6162,16.32724115,154.0772411,145.9227589,17.74681246,0,0.486409196,114.6701323,144.75,0.9652,2.4765,0.508,1.8796,3.810050132,9.775786524,2.005289543,7.41957131,1.1176,4.411636995,154.0772411,316.4104824,223.3943078,9.775786524,7.41957131,162.3332412,5
B00438,B00438_R2,438,Yellow_3,Gate_4,3,7,0.2032,1.9812,143.48,0.2032,1.9812,137.75,7,7,5.73,1.0668,0.2032,0.2032,1.9812,2.6416,2.6416,2.6416,2,3,3,300,1,3,7,1.909233333,0,2.4765,1.1176,137.75,143.48,7,7,2.6416,2.6416,0,-5.73,0,5.2832,26.85501125,164.6050113,135.3949887,7.219042356,0,0.451316629,56.78376741,144.75,1.1176,2.4765,1.4224,2.3241,4.411636995,9.775786524,5.614810721,9.174199661,2.6416,10.42750563,164.6050113,314.0041349,212.8665377,9.775786524,9.174199661,149.3991237,4
B00438,B00438_R2,430,Yellow_3,Green_2,4,7,0.2032,1.9812,143.48,0.2032,1.9812,137.75,7,7,5.73,1.0668,0.2032,1.9812,0.2032,2.6416,2.6416,1.4224,3,3,3,300,1,4,7,1.909233333,0,1.722966667,0,137.75,143.48,7,7,2.6416,2.6416,0,-5.73,0,4.064,22.04231635,159.7923163,140.2076837,12.03173726,0,0.467358946,73.81889764,144.75,0,1.722966667,1.7272,2.5273,0,6.801273701,6.817984447,9.976315478,2.6416,10.42750563,159.7923163,315.2073086,199.8321557,6.801273701,9.976315478,155.4149923,3
B00438,B00438_R2,427,Green_2,Gate_4,5,7,0.2032,1.9812,143.48,0.2032,1.9812,137.75,7,7,5.73,1.9812,0.2032,0.2032,1.9812,3.556,3.556,3.556,2,3,3,300,1,5,7,1.960033333,0,2.3241,1.1176,137.75,143.48,7,7,3.556,3.556,0,-5.73,0,7.112,34.07405361,171.8240536,128.1759464,0,0,0.427253155,42.18222722,144.75,1.1176,2.3241,0,2.442633333,4.411636995,9.174199661,0,9.642100554,3.556,14.0370268,171.8240536,304.779803,202.0379742,9.174199661,9.642100554,132.9557494,2
B00438,B00438_R2,433,Gate_2,Green_3,6,7,0.2032,1.9812,143.48,0.2032,1.9812,137.75,7,7,5.73,0.2032,1.143,2.286,0.2032,1.3462,1.3462,3.0226,1,3,3,300,1,6,7,2.413,1.8034,1.8796,0.8128,137.75,143.48,7,7,1.3462,1.3462,0,-5.73,0,4.3688,23.24549007,160.9954901,139.0045099,10.82856353,0,0.463348366,68.66874199,144.75,0.8128,1.8796,0.9652,1.6129,3.208463269,7.41957131,3.810050132,6.3667943,1.3462,5.31401729,160.9954901,317.3128627,202.3387676,7.41957131,6.3667943,156.3173726,1
B00438,B00438_R2,435,Green_2,Gate_4,7,7,0.2032,1.9812,143.48,0.2032,1.9812,137.75,7,7,5.73,1.9812,0.2032,0.2032,1.9812,3.556,3.556,3.556,2,3,3,300,1,7,7,1.960033333,0,2.3241,1.1176,137.75,143.48,7,7,3.556,3.556,0,-5.73,0,7.112,34.07405361,171.8240536,128.1759464,0,0,0.427253155,42.18222722,144.75,1.1176,2.3241,0,2.442633333,4.411636995,9.174199661,0,9.642100554,3.556,14.0370268,171.8240536,304.779803,202.0379742,9.174199661,9.642100554,132.9557494,0
B00439,B00439_R1,436,Purple_3,Gate_3,1,7,0.2032,1.9812,132.92,0.2032,1.9812,154.19,7,8,-21.27,1.0668,2.54,0.2032,1.6002,1.4224,1.4224,1.8034,2,3,3,300,0,1,7,1.6129,0.8128,1.9431,0.9652,132.92,154.19,7,8,1.4224,1.4224,-1,-21.27,0,3.2258,18.7335886,151.6535886,148.3464114,12.93411755,0,0.494488038,93.000186,139.92,0.9652,1.9431,0.508,1.9304,3.810050132,7.670232503,2.005289543,7.620100264,1.4224,5.614810721,151.6535886,289.3217684,187.299096,7.670232503,7.620100264,137.6681798,6
B00439,B00439_R1,432,Gate_2,Purple_4,2,7,0.2032,1.9812,132.92,0.2032,1.9812,154.19,7,8,-21.27,0.2032,1.143,0.762,2.032,1.3462,1.3462,1.9558,1,3,3,300,0,2,7,2.3876,1.651,1.337733333,0,132.92,154.19,7,8,1.3462,1.3462,-1,-21.27,0,3.302,19.03438203,151.954382,148.045618,12.63332412,0,0.493485393,90.85402786,139.92,0,1.337733333,0.9652,2.1209,0,5.280595797,3.810050132,8.372083843,1.3462,5.31401729,151.954382,291.4273225,172.6604824,5.280595797,8.372083843,139.4729404,5
B00439,B00439_R1,439,Purple_4,Green_3,3,7,0.2032,1.9812,132.92,0.2032,1.9812,154.19,7,8,-21.27,0.762,2.032,2.286,0.2032,1.1176,1.1176,3.8608,3,3,3,300,0,3,7,1.6637,0.8128,2.9083,1.1176,132.92,154.19,7,8,1.1176,1.1176,-1,-21.27,0,4.9784,25.65183752,158.5718375,141.4281625,6.01586863,0,0.471427208,60.2603246,139.92,1.1176,2.9083,0,1.553633333,4.411636995,11.48028264,0,6.132843853,1.1176,4.411636995,158.5718375,288.5196526,203.2411479,11.48028264,6.132843853,129.9478151,4
B00439,B00439_R1,426,Green_1,Gate_4,4,7,0.2032,1.9812,132.92,0.2032,1.9812,154.19,7,8,-21.27,1.6764,0.2032,0.2032,1.9812,3.2512,3.2512,3.2512,2,3,3,300,0,4,7,3.0607,2.413,1.5113,0.8128,132.92,154.19,7,8,3.2512,3.2512,-1,-21.27,0,6.5024,31.66770615,164.5877062,135.4122938,0,0,0.451374313,46.13681102,139.92,0.8128,1.5113,1.1176,2.3749,3.208463269,5.965736391,4.411636995,9.374728615,3.2512,12.83385308,164.5877062,284.5090735,164.1380018,5.965736391,9.374728615,119.9213674,3
B00439,B00439_R1,422,Purple_1,Orange_7,5,7,0.2032,1.9812,132.92,0.2032,1.9812,154.19,7,8,-21.27,0.4572,2.54,2.54,1.6002,0.8128,0.8128,3.0226,3,3,3,300,0,5,7,1.8161,0.8128,2.2479,1.4986,132.92,154.19,7,8,0.8128,0.8128,-1,-21.27,0,3.8354,21.13993605,154.0599361,145.9400639,10.5277701,0,0.48646688,78.21869948,139.92,1.4986,2.2479,0.8128,1.9304,5.915604153,8.873406229,3.208463269,7.620100264,0.8128,3.208463269,154.0599361,292.9312896,192.1117909,8.873406229,7.620100264,138.8713536,2
B00439,B00439_R1,421,Orange_5,Purple_5,6,7,0.2032,1.9812,132.92,0.2032,1.9812,154.19,7,8,-21.27,1.9812,2.032,1.0668,2.032,2.3368,2.3368,1.4224,3,3,3,300,0,6,7,2.0701,0.8128,1.4605,0.508,132.92,154.19,7,8,2.3368,2.3368,-1,-21.27,0,3.7592,20.83914262,153.7591426,146.2408574,10.82856353,0,0.487469525,79.80421366,139.92,0.508,1.4605,1.4986,2.1463,2.005289543,5.765207437,5.915604153,8.47234832,2.3368,9.224331899,153.7591426,289.6225619,173.7633916,5.765207437,8.47234832,135.8634193,1
B00439,B00439_R1,429,Orange_1,Green_7,7,7,0.2032,1.9812,132.92,0.2032,1.9812,154.19,7,8,-21.27,1.6764,2.54,2.54,1.143,2.032,2.032,2.2606,3,3,3,300,0,7,7,1.8161,0.8128,2.6035,1.8034,132.92,154.19,7,8,2.032,2.032,-1,-21.27,0,4.2926,22.94469664,155.8646966,144.1353034,8.723009513,0,0.480451011,69.88771374,139.92,1.8034,2.6035,1.1176,1.9558,7.118777879,10.27710891,4.411636995,7.720364742,2.032,8.021158173,155.8646966,289.3217684,198.7292464,10.27710891,7.720364742,133.4570718,0
B00440,B00440_R2,424,Purple_4,Gate_3,1,7,2.54,1.143,142.76,0.2032,1.9812,145.07,8,7,-2.31,0.762,2.032,0.2032,1.6002,3.175,1.1176,1.4986,2,3,3,300,1,1,7,2.921,1.9558,2.1336,0.9652,145.07,142.76,7,8,1.1176,3.175,-1,2.31,2.0574,2.6162,16.32724115,161.3972411,138.6027589,17.74681246,0,0.462009196,114.6701323,152.07,0.9652,2.1336,1.1176,2.3876,3.810050132,8.422216082,4.411636995,9.424860853,1.1176,4.411636995,161.3972411,323.7304824,212.8665377,8.422216082,9.424860853,162.3332412,6
B00440,B00440_R2,440,Gate_2,Green_6,2,7,2.54,1.143,142.76,0.2032,1.9812,145.07,8,7,-2.31,0.2032,1.143,2.54,0.762,2.3368,1.3462,2.7178,1,3,3,300,1,2,7,1.833033333,0,2.0955,1.1176,145.07,142.76,7,8,1.3462,2.3368,-1,2.31,0.9906,4.064,22.04231635,167.1123163,132.8876837,12.03173726,0,0.442958946,73.81889764,152.07,1.1176,2.0955,0.9652,1.7907,4.411636995,8.271819366,3.810050132,7.06864564,1.3462,5.31401729,167.1123163,322.2265152,206.2490822,8.271819366,7.06864564,155.1141989,5
B00440,B00440_R2,435,Green_2,Gate_4,3,7,2.54,1.143,142.76,0.2032,1.9812,145.07,8,7,-2.31,1.9812,0.2032,0.2032,1.9812,1.4986,3.556,3.556,2,3,3,300,1,3,7,1.972733333,0,2.1082,1.1176,145.07,142.76,7,8,3.556,1.4986,-1,2.31,-2.0574,7.112,34.07405361,179.1440536,120.8559464,0,0,0.402853155,42.18222722,152.07,1.1176,2.1082,0,2.036233333,4.411636995,8.321951605,0,8.037868919,3.556,14.0370268,179.1440536,309.6934556,194.5181384,8.321951605,8.037868919,130.549402,4
B00440,B00440_R2,433,Gate_2,Green_3,4,7,2.54,1.143,142.76,0.2032,1.9812,145.07,8,7,-2.31,0.2032,1.143,2.286,0.2032,2.3368,1.3462,3.0226,1,3,3,300,1,4,7,1.833033333,0,1.9939,0.8128,145.07,142.76,7,8,1.3462,2.3368,-1,2.31,0.9906,4.3688,23.24549007,168.3154901,131.6845099,10.82856353,0,0.438948366,68.66874199,152.07,0.8128,1.9939,0.9652,1.7399,3.208463269,7.870761457,3.810050132,6.868116686,1.3462,5.31401729,168.3154901,322.2265152,202.639561,7.870761457,6.868116686,153.9110251,3
B00440,B00440_R2,430,Yellow_3,Green_2,5,7,2.54,1.143,142.76,0.2032,1.9812,145.07,8,7,-2.31,1.0668,0.2032,1.9812,0.2032,2.413,2.6416,1.4224,3,3,3,300,1,5,7,1.617133333,0,1.735666667,0,145.07,142.76,7,8,2.6416,2.413,-1,2.31,-0.2286,4.064,22.04231635,167.1123163,132.8876837,12.03173726,0,0.442958946,73.81889764,152.07,0,1.735666667,1.7272,2.3241,0,6.85140594,6.817984447,9.174199661,2.6416,10.42750563,167.1123163,320.1209612,197.7266017,6.85140594,9.174199661,153.0086449,2
B00440,B00440_R2,427,Green_2,Gate_4,6,7,2.54,1.143,142.76,0.2032,1.9812,145.07,8,7,-2.31,1.9812,0.2032,0.2032,1.9812,1.4986,3.556,3.556,2,3,3,300,1,6,7,1.972733333,0,2.1082,1.1176,145.07,142.76,7,8,3.556,1.4986,-1,2.31,-2.0574,7.112,34.07405361,179.1440536,120.8559464,0,0,0.402853155,42.18222722,152.07,1.1176,2.1082,0,2.036233333,4.411636995,8.321951605,0,8.037868919,3.556,14.0370268,179.1440536,309.6934556,194.5181384,8.321951605,8.037868919,130.549402,1
B00440,B00440_R2,438,Yellow_3,Gate_4,7,7,2.54,1.143,142.76,0.2032,1.9812,145.07,8,7,-2.31,1.0668,0.2032,0.2032,1.9812,2.413,2.6416,2.6416,2,3,3,300,1,7,7,1.617133333,0,2.2606,1.1176,145.07,142.76,7,8,2.6416,2.413,-1,2.31,-0.2286,5.2832,26.85501125,171.9250113,128.0749887,7.219042356,0,0.426916629,56.78376741,152.07,1.1176,2.2606,1.4224,2.1209,4.411636995,8.923538468,5.614810721,8.372083843,2.6416,10.42750563,171.9250113,318.9177875,205.3467019,8.923538468,8.372083843,146.9927762,0
B00441,B00441_R1,432,Gate_2,Purple_4,1,7,2.54,1.143,135.35,0.2032,1.9812,157.5,7,8,-22.15,0.2032,1.143,0.762,2.032,2.3368,1.3462,1.9558,1,3,3,300,0,1,7,2.3368,1.651,1.286933333,0,135.35,157.5,7,8,2.3368,1.3462,-1,-22.15,-0.9906,4.2926,22.94469664,158.2946966,141.7053034,10.82856353,0,0.472351011,69.88771374,142.35,0,1.286933333,1.3462,2.1844,0,5.080066843,5.31401729,8.622745036,2.3368,9.224331899,158.2946966,311.9049284,188.0009474,5.080066843,8.622745036,153.6102317,6
B00441,B00441_R1,422,Purple_1,Orange_7,2,7,2.54,1.143,135.35,0.2032,1.9812,157.5,7,8,-22.15,0.4572,2.54,2.54,1.6002,3.4798,0.8128,3.0226,3,3,3,300,0,2,7,1.7653,0.8128,2.2987,1.4986,135.35,157.5,7,8,3.4798,0.8128,-1,-22.15,-2.667,6.5024,31.66770615,167.0177062,132.9822938,2.10555402,0,0.443274313,46.13681102,142.35,1.4986,2.2987,0.8128,1.8669,5.915604153,9.073935183,3.208463269,7.369439072,3.4798,13.73623337,167.0177062,305.2874729,203.2411479,9.073935183,7.369439072,138.2697667,5
B00441,B00441_R1,421,Orange_5,Purple_5,3,7,2.54,1.143,135.35,0.2032,1.9812,157.5,7,8,-22.15,1.9812,2.032,1.0668,2.032,1.9558,2.3368,1.4224,3,3,3,300,0,3,7,2.1209,0.8128,1.5113,0.8128,135.35,157.5,7,8,1.9558,2.3368,-1,-22.15,0.381,3.3782,19.33517546,154.6851755,145.3148245,14.43808471,0,0.484382748,88.80468889,142.35,0.8128,1.5113,1.4986,2.0828,3.208463269,5.965736391,5.915604153,8.221687127,1.9558,7.720364742,154.6851755,314.0104824,196.9244858,5.965736391,8.221687127,159.3253069,4
B00441,B00441_R1,429,Orange_1,Green_7,4,7,2.54,1.143,135.35,0.2032,1.9812,157.5,7,8,-22.15,1.6764,2.54,2.54,1.143,2.2606,2.032,2.2606,3,3,3,300,0,4,7,1.8669,0.8128,2.6543,1.8034,135.35,157.5,7,8,2.2606,2.032,-1,-22.15,-0.2286,4.5212,23.84707694,159.1970769,140.8029231,9.926183239,0,0.469343077,66.35406529,142.35,1.8034,2.6543,1.1176,1.8923,7.118777879,10.47763786,4.411636995,7.469703549,2.2606,8.923538468,159.1970769,311.3033415,219.4839932,10.47763786,7.469703549,152.1062646,3
B00441,B00441_R1,426,Green_1,Gate_4,5,7,2.54,1.143,135.35,0.2032,1.9812,157.5,7,8,-22.15,1.6764,0.2032,0.2032,1.9812,1.8034,3.2512,3.2512,2,3,3,300,0,5,7,3.1115,2.413,1.4605,0.8128,135.35,157.5,7,8,1.8034,3.2512,-1,-22.15,1.4478,5.0546,25.95263096,161.302631,138.697369,7.820629219,0,0.462324563,59.3518775,142.35,0.8128,1.4605,1.1176,2.4384,3.208463269,5.765207437,4.411636995,9.625389808,1.8034,7.118777879,161.302631,313.1081021,189.1038566,5.765207437,9.625389808,151.8054711,2
B00441,B00441_R1,441,Purple_2,Gate_4,6,7,2.54,1.143,135.35,0.2032,1.9812,157.5,7,8,-22.15,0.762,2.54,0.2032,1.9812,3.175,1.1176,1.1176,2,3,3,300,0,6,7,1.6129,0.508,1.8161,0.8128,135.35,157.5,7,8,3.175,1.1176,-1,-22.15,-2.0574,4.2926,22.94469664,158.2946966,141.7053034,10.82856353,0,0.472351011,69.88771374,142.35,0.8128,1.8161,0.508,2.032,3.208463269,7.168910117,2.005289543,8.021158173,3.175,12.53305965,158.2946966,305.2874729,200.534007,7.168910117,8.021158173,146.9927762,1
B00441,B00441_R1,439,Purple_4,Green_3,7,7,2.54,1.143,135.35,0.2032,1.9812,157.5,7,8,-22.15,0.762,2.032,2.286,0.2032,3.175,1.1176,3.8608,3,3,3,300,0,7,7,1.6129,0.508,2.9591,1.1176,135.35,157.5,7,8,3.175,1.1176,-1,-22.15,-2.0574,7.0358,33.77326017,169.1232602,130.8767398,0,0,0.436255799,42.63907445,142.35,1.1176,2.9591,0,1.490133333,4.411636995,11.68081159,0,5.88218266,3.175,12.53305965,169.1232602,303.2821833,216.7768523,11.68081159,5.88218266,134.1589231,0
B00442,B00442_R2,433,Gate_2,Green_3,1,7,2.286,0.2032,149.88,0.2032,1.9812,147.64,8,7,2.24,0.2032,1.143,2.286,0.2032,3.0226,1.3462,3.0226,1,3,3,300,1,1,7,1.507066667,0,1.8542,0.8128,147.64,149.88,7,8,1.3462,3.0226,-1,-2.24,1.6764,4.3688,23.24549007,170.8854901,129.1145099,10.82856353,0,0.4303817,68.66874199,154.64,0.8128,1.8542,1.1938,1.778,3.208463269,7.319306833,4.712430427,7.018513401,1.3462,5.31401729,170.8854901,325.3981021,199.0300399,7.319306833,7.018513401,154.512612,6
B00442,B00442_R2,438,Yellow_3,Gate_4,2,7,2.286,0.2032,149.88,0.2032,1.9812,147.64,8,7,2.24,1.0668,0.2032,0.2032,1.9812,1.7272,2.6416,2.6416,2,3,3,300,1,2,7,1.375833333,0,2.2987,1.3462,147.64,149.88,7,8,2.6416,1.7272,-1,-2.24,-0.9144,5.2832,26.85501125,174.4950113,125.5049887,7.219042356,0,0.418349962,56.78376741,154.64,1.3462,2.2987,1.1176,1.9304,5.31401729,9.073935183,4.411636995,7.620100264,2.6416,10.42750563,174.4950113,319.9838203,205.9482888,9.073935183,7.620100264,145.4888091,5
B00442,B00442_R2,442,Gate_2,Yellow_1,3,7,2.286,0.2032,149.88,0.2032,1.9812,147.64,8,7,2.24,0.2032,1.143,0.4572,0.2032,3.0226,1.3462,1.1938,1,3,3,300,1,3,7,1.507066667,0,1.4478,1.1176,147.64,149.88,7,8,1.3462,3.0226,-1,-2.24,1.6764,2.54,16.02644772,163.6664477,136.3335523,18.04760589,0,0.454445174,118.1102362,154.64,1.1176,1.4478,1.3462,2.0828,4.411636995,5.715075198,5.31401729,8.221687127,1.3462,5.31401729,163.6664477,325.9996889,196.6236924,5.715075198,8.221687127,162.3332412,4
B00442,B00442_R2,430,Yellow_3,Green_2,4,7,2.286,0.2032,149.88,0.2032,1.9812,147.64,8,7,2.24,1.0668,0.2032,1.9812,0.2032,1.7272,2.6416,1.4224,3,3,3,300,1,4,7,1.375833333,0,1.595966667,0,147.64,149.88,7,8,2.6416,1.7272,-1,-2.24,-0.9144,4.064,22.04231635,169.6823163,130.3176837,12.03173726,0,0.434392279,73.81889764,154.64,0,1.595966667,1.1176,2.1336,0,6.299951315,4.411636995,8.422216082,2.6416,10.42750563,169.6823163,319.9838203,194.1170805,6.299951315,8.422216082,150.301504,3
B00442,B00442_R2,427,Green_2,Gate_4,5,7,2.286,0.2032,149.88,0.2032,1.9812,147.64,8,7,2.24,1.9812,0.2032,0.2032,1.9812,0.8128,3.556,3.556,2,3,3,300,1,5,7,1.833033333,0,2.1463,1.3462,147.64,149.88,7,8,3.556,0.8128,-1,-2.24,-2.7432,7.112,34.07405361,181.7140536,118.2859464,0,0,0.394286488,42.18222722,154.64,1.3462,2.1463,0,1.845733333,5.31401729,8.47234832,0,7.285885341,3.556,14.0370268,181.7140536,311.9626621,195.1197253,8.47234832,7.285885341,130.2486085,2
B00442,B00442_R2,440,Gate_2,Green_6,6,7,2.286,0.2032,149.88,0.2032,1.9812,147.64,8,7,2.24,0.2032,1.143,2.54,0.762,3.0226,1.3462,2.7178,1,3,3,300,1,6,7,1.507066667,0,1.9558,1.1176,147.64,149.88,7,8,1.3462,3.0226,-1,-2.24,1.6764,4.064,22.04231635,169.6823163,130.3176837,12.03173726,0,0.434392279,73.81889764,154.64,1.1176,1.9558,1.1938,1.8288,4.411636995,7.720364742,4.712430427,7.219042356,1.3462,5.31401729,169.6823163,325.3981021,202.639561,7.720364742,7.219042356,155.7157857,1
B00442,B00442_R2,435,Green_2,Gate_4,7,7,2.286,0.2032,149.88,0.2032,1.9812,147.64,8,7,2.24,1.9812,0.2032,0.2032,1.9812,0.8128,3.556,3.556,2,3,3,300,1,7,7,1.833033333,0,2.1463,1.3462,147.64,149.88,7,8,3.556,0.8128,-1,-2.24,-2.7432,7.112,34.07405361,181.7140536,118.2859464,0,0,0.394286488,42.18222722,154.64,1.3462,2.1463,0,1.845733333,5.31401729,8.47234832,0,7.285885341,3.556,14.0370268,181.7140536,311.9626621,195.1197253,8.47234832,7.285885341,130.2486085,0
B00443,B00443_R1,439,Purple_4,Green_3,1,7,2.286,0.2032,141.96,0.2032,1.9812,152.48,7,8,-10.52,0.762,2.032,2.286,0.2032,3.8608,1.1176,3.8608,3,3,3,300,0,1,7,1.6129,0.508,2.9591,1.1176,141.96,152.48,7,8,3.8608,1.1176,-1,-10.52,-2.7432,7.7216,36.48040106,178.4404011,121.5595989,0,0,0.405198663,38.85205139,148.96,1.1176,2.9591,0.8128,1.7272,4.411636995,11.68081159,3.208463269,6.817984447,3.8608,15.24020053,178.4404011,327.5387313,231.214937,11.68081159,6.817984447,149.0983302,6
B00443,B00443_R1,426,Green_1,Gate_4,2,7,2.286,0.2032,141.96,0.2032,1.9812,152.48,7,8,-10.52,1.6764,0.2032,0.2032,1.9812,1.1176,3.2512,3.2512,2,3,3,300,0,2,7,3.1115,2.413,1.4605,0.8128,141.96,152.48,7,8,1.1176,3.2512,-1,-10.52,2.1336,4.3688,23.24549007,165.2054901,134.7945099,13.23491099,0,0.449315033,68.66874199,148.96,0.8128,1.4605,1.1176,2.3876,3.208463269,5.765207437,4.411636995,9.424860853,1.1176,4.411636995,165.2054901,339.5704686,208.9562231,5.765207437,9.424860853,174.3649785,5
B00443,B00443_R1,422,Purple_1,Orange_7,3,7,2.286,0.2032,141.96,0.2032,1.9812,152.48,7,8,-10.52,0.4572,2.54,2.54,1.6002,4.1656,0.8128,3.0226,3,3,3,300,0,3,7,1.7653,0.8128,2.2987,1.4986,141.96,152.48,7,8,4.1656,0.8128,-1,-10.52,-3.3528,7.1882,34.37484704,176.334847,123.665153,2.10555402,0,0.412217177,41.7350658,148.96,1.4986,2.2987,0.8128,2.0193,5.915604153,9.073935183,3.208463269,7.971025935,4.1656,16.44337425,176.334847,326.3355576,217.6792326,9.073935183,7.971025935,150.0007105,4
B00443,B00443_R1,421,Orange_5,Purple_5,4,7,2.286,0.2032,141.96,0.2032,1.9812,152.48,7,8,-10.52,1.9812,2.032,1.0668,2.032,2.6416,2.3368,1.4224,3,3,3,300,0,4,7,2.1209,0.8128,1.5113,0.8128,141.96,152.48,7,8,2.6416,2.3368,-1,-10.52,-0.3048,4.064,22.04231635,164.0023163,135.9976837,14.43808471,0,0.453325612,73.81889764,148.96,0.8128,1.5113,0.8128,1.9304,3.208463269,5.965736391,3.208463269,7.620100264,2.6416,10.42750563,164.0023163,332.3514262,211.3625706,5.965736391,7.620100264,168.3491099,3
B00443,B00443_R1,441,Purple_2,Gate_4,5,7,2.286,0.2032,141.96,0.2032,1.9812,152.48,7,8,-10.52,0.762,2.54,0.2032,1.9812,3.8608,1.1176,1.1176,2,3,3,300,0,5,7,1.6129,0.508,1.8161,0.8128,141.96,152.48,7,8,3.8608,1.1176,-1,-10.52,-2.7432,4.9784,25.65183752,167.6118375,132.3881625,10.82856353,0,0.441293875,60.2603246,148.96,0.8128,1.8161,0.8128,2.1844,3.208463269,7.168910117,3.208463269,8.622745036,3.8608,15.24020053,167.6118375,327.5387313,214.9720917,7.168910117,8.622745036,159.9268938,2
B00443,B00443_R1,443,Gate_2,Orange_4,6,7,2.286,0.2032,141.96,0.2032,1.9812,152.48,7,8,-10.52,0.2032,1.143,1.6764,2.032,3.0226,1.3462,2.8702,1,3,3,300,0,6,7,2.3368,1.651,1.4732,0.508,141.96,152.48,7,8,3.0226,1.3462,-1,-10.52,-1.6764,5.8928,29.2613587,171.2213587,128.7786413,7.219042356,0,0.429262138,50.90958458,148.96,0.508,1.4732,1.3462,2.1844,2.005289543,5.815339676,5.31401729,8.622745036,3.0226,11.93147278,171.2213587,332.9530131,203.2411479,5.815339676,8.622745036,161.7316544,1
B00443,B00443_R1,429,Orange_1,Green_7,7,7,2.286,0.2032,141.96,0.2032,1.9812,152.48,7,8,-10.52,1.6764,2.54,2.54,1.143,2.9464,2.032,2.2606,3,3,3,300,0,7,7,1.8669,0.8128,2.6543,1.8034,141.96,152.48,7,8,2.9464,2.032,-1,-10.52,-0.9144,5.207,26.55421782,168.5142178,131.4857822,9.926183239,0,0.438285941,57.61474938,148.96,1.8034,2.6543,0.508,1.7399,7.118777879,10.47763786,2.005289543,6.868116686,2.9464,11.63067935,168.5142178,329.9450788,233.9220779,10.47763786,6.868116686,161.4308609,0
B00444,B00444_R1,439,Purple_4,Green_3,1,8,2.54,1.143,146.07,0.2032,1.9812,143.65,8,7,2.42,0.762,2.032,2.286,0.2032,3.175,1.1176,3.8608,3,3,3,300,0,1,8,1.890485714,0.508,2.652485714,0.8128,146.07,143.65,8,7,3.175,1.1176,1,2.42,-2.0574,7.0358,33.77326017,179.8432602,120.1567398,0,0,0.400522466,42.63907445,154.07,0.8128,2.652485714,0.8128,1.683657143,3.208463269,10.47047612,3.208463269,6.646102486,3.175,12.53305965,179.8432602,345.569625,248.344294,10.47047612,6.646102486,165.7263648,7
B00444,B00444_R1,444,Green_2,Orange_4,2,8,2.54,1.143,146.07,0.2032,1.9812,143.65,8,7,2.42,1.9812,0.2032,1.6764,2.032,1.4986,3.556,3.2512,3,3,3,300,0,2,8,2.957285714,0.8128,1.672771429,0.508,146.07,143.65,8,7,1.4986,3.556,1,2.42,2.0574,4.7498,24.74945723,170.8194572,129.1805428,9.023802945,0,0.430601809,63.16055413,154.07,0.508,1.672771429,0.8128,2.554514286,2.005289543,6.603131996,3.208463269,10.0837417,1.4986,5.915604153,170.8194572,352.1870805,230.2966881,6.603131996,10.0837417,181.3676233,6
B00444,B00444_R1,421,Orange_5,Purple_5,3,8,2.54,1.143,146.07,0.2032,1.9812,143.65,8,7,2.42,1.9812,2.032,1.0668,2.032,1.9558,2.3368,1.4224,3,3,3,300,0,3,8,2.238828571,0.8128,1.759857143,0.8128,146.07,143.65,8,7,1.9558,2.3368,1,2.42,0.381,3.3782,19.33517546,165.4051755,134.5948245,14.43808471,0,0.448649415,88.80468889,154.07,0.8128,1.759857143,0.8128,1.770742857,3.208463269,6.946895918,3.208463269,6.989866408,1.9558,7.720364742,165.4051755,350.3823199,238.1173173,6.946895918,6.989866408,184.9771444,5
B00444,B00444_R1,441,Purple_2,Gate_4,4,8,2.54,1.143,146.07,0.2032,1.9812,143.65,8,7,2.42,0.762,2.54,0.2032,1.9812,3.175,1.1176,1.1176,2,3,3,300,0,4,8,1.890485714,0.508,2.064657143,0.8128,146.07,143.65,8,7,3.175,1.1176,1,2.42,-2.0574,4.2926,22.94469664,169.0146966,130.9853034,10.82856353,0,0.436617678,69.88771374,154.07,0.8128,2.064657143,0.8128,2.075542857,3.208463269,8.150069644,3.208463269,8.193040134,3.175,12.53305965,169.0146966,345.569625,242.9300122,8.150069644,8.193040134,176.5549284,4
B00444,B00444_R1,443,Gate_2,Orange_4,5,8,2.54,1.143,146.07,0.2032,1.9812,143.65,8,7,2.42,0.2032,1.143,1.6764,2.032,2.3368,1.3462,2.8702,1,3,3,300,0,5,8,2.391228571,1.651,1.7272,0.508,146.07,143.65,8,7,2.3368,1.3462,1,2.42,-0.9906,5.207,26.55421782,172.6242178,127.3757822,7.219042356,0,0.424585941,57.61474938,154.07,0.508,1.7272,1.3462,2.282371429,2.005289543,6.817984447,5.31401729,9.009479448,2.3368,9.224331899,172.6242178,350.9839068,229.9958947,6.817984447,9.009479448,178.3596889,3
B00444,B00444_R1,429,Orange_1,Green_7,6,8,2.54,1.143,146.07,0.2032,1.9812,143.65,8,7,2.42,1.6764,2.54,2.54,1.143,2.2606,2.032,2.2606,3,3,3,300,0,6,8,2.064657143,0.8128,2.4892,1.4986,146.07,143.65,8,7,2.2606,2.032,1,2.42,-0.2286,4.5212,23.84707694,169.9170769,130.0829231,9.926183239,0,0.433609744,66.35406529,154.07,1.4986,2.4892,0.508,1.563914286,5.915604153,9.825918762,2.005289543,6.173427094,2.2606,8.923538468,169.9170769,347.9759724,253.7585758,9.825918762,6.173427094,178.0588955,2
B00444,B00444_R1,426,Green_1,Gate_4,7,8,2.54,1.143,146.07,0.2032,1.9812,143.65,8,7,2.42,1.6764,0.2032,0.2032,1.9812,1.8034,3.2512,3.2512,2,3,3,300,0,7,8,2.783114286,0.8128,1.759857143,0.8128,146.07,143.65,8,7,1.8034,3.2512,1,2.42,1.4478,5.0546,25.95263096,172.022631,127.977369,7.820629219,0,0.42659123,59.3518775,154.07,0.8128,1.759857143,1.1176,2.467428571,3.208463269,6.946895918,4.411636995,9.739977782,1.8034,7.118777879,172.022631,352.1870805,231.4998618,6.946895918,9.739977782,180.1644495,1
B00444,B00444_R1,422,Purple_1,Orange_7,8,8,2.54,1.143,146.07,0.2032,1.9812,143.65,8,7,2.42,0.4572,2.54,2.54,1.6002,3.4798,0.8128,3.0226,3,3,3,300,0,8,8,2.064657143,0.8128,2.249714286,1.4986,146.07,143.65,8,7,3.4798,0.8128,1,2.42,-2.667,6.5024,31.66770615,177.7377062,122.2622938,2.10555402,0,0.407540979,46.13681102,154.07,1.4986,2.249714286,0.8128,1.977571429,5.915604153,8.880567977,3.208463269,7.806305722,3.4798,13.73623337,177.7377062,344.3664513,239.3204911,8.880567977,7.806305722,166.6287451,0
B00445,B00445_R2,435,Green_2,Gate_4,1,7,2.54,1.6002,158.47,0.2032,1.9812,136.76,8,7,21.71,1.9812,0.2032,0.2032,1.9812,1.9558,3.556,3.556,2,3,3,300,1,1,7,1.769533333,0,2.2098,1.3462,136.76,158.47,7,8,3.556,1.9558,-1,-21.71,-1.6002,7.112,34.07405361,170.8340536,129.1659464,0,0,0.430553155,42.18222722,143.76,1.3462,2.2098,0,2.201333333,5.31401729,8.723009513,0,8.689588021,3.556,14.0370268,170.8340536,304.6921833,200.2332136,8.723009513,8.689588021,133.8581297,6
B00445,B00445_R2,442,Gate_2,Yellow_1,2,7,2.54,1.6002,158.47,0.2032,1.9812,136.76,8,7,21.71,0.2032,1.143,0.4572,0.2032,2.794,1.3462,1.1938,1,3,3,300,1,2,7,1.655233333,0,1.3843,0.8128,136.76,158.47,7,8,1.3462,2.794,-1,-21.71,1.4478,2.54,16.02644772,152.7864477,147.2135523,18.04760589,0,0.490711841,118.1102362,143.76,0.8128,1.3843,1.3462,2.1082,3.208463269,5.464414005,5.31401729,8.321951605,1.3462,5.31401729,152.7864477,318.7292101,198.7292464,5.464414005,8.321951605,165.9427624,5
B00445,B00445_R2,438,Yellow_3,Gate_4,3,7,2.54,1.6002,158.47,0.2032,1.9812,136.76,8,7,21.71,1.0668,0.2032,0.2032,1.9812,2.8702,2.6416,2.6416,2,3,3,300,1,3,7,1.312333333,0,2.3622,1.3462,136.76,158.47,7,8,2.6416,2.8702,-1,-21.71,0.2286,5.2832,26.85501125,163.6150113,136.3849887,7.219042356,0,0.454616629,56.78376741,143.76,1.3462,2.3622,1.1176,2.1844,5.31401729,9.324596376,4.411636995,8.622745036,2.6416,10.42750563,163.6150113,312.7133415,211.0617771,9.324596376,8.622745036,149.0983302,4
B00445,B00445_R2,440,Gate_2,Green_6,4,7,2.54,1.6002,158.47,0.2032,1.9812,136.76,8,7,21.71,0.2032,1.143,2.54,0.762,2.794,1.3462,2.7178,1,3,3,300,1,4,7,1.655233333,0,1.9939,1.1176,136.76,158.47,7,8,1.3462,2.794,-1,-21.71,1.4478,4.064,22.04231635,158.8023163,141.1976837,12.03173726,0,0.470658946,73.81889764,143.76,1.1176,1.9939,1.1938,1.8542,4.411636995,7.870761457,4.712430427,7.319306833,1.3462,5.31401729,158.8023163,318.1276233,207.1514625,7.870761457,7.319306833,159.3253069,3
B00445,B00445_R2,430,Yellow_3,Green_2,5,7,2.54,1.6002,158.47,0.2032,1.9812,136.76,8,7,21.71,1.0668,0.2032,1.9812,0.2032,2.8702,2.6416,1.4224,3,3,3,300,1,5,7,1.312333333,0,1.532466667,0,136.76,158.47,7,8,2.6416,2.8702,-1,-21.71,0.2286,4.064,22.04231635,158.8023163,141.1976837,12.03173726,0,0.470658946,73.81889764,143.76,0,1.532466667,1.1176,2.3876,0,6.049290122,4.411636995,9.424860853,2.6416,10.42750563,158.8023163,312.7133415,196.2226345,6.049290122,9.424860853,153.9110251,2
B00445,B00445_R2,427,Green_2,Gate_4,6,7,2.54,1.6002,158.47,0.2032,1.9812,136.76,8,7,21.71,1.9812,0.2032,0.2032,1.9812,1.9558,3.556,3.556,2,3,3,300,1,6,7,1.769533333,0,2.2098,1.3462,136.76,158.47,7,8,3.556,1.9558,-1,-21.71,-1.6002,7.112,34.07405361,170.8340536,129.1659464,0,0,0.430553155,42.18222722,143.76,1.3462,2.2098,0,2.201333333,5.31401729,8.723009513,0,8.689588021,3.556,14.0370268,170.8340536,304.6921833,200.2332136,8.723009513,8.689588021,133.8581297,1
B00445,B00445_R2,445,Gate_1,Orange_2,7,7,2.54,1.6002,158.47,0.2032,1.9812,136.76,8,7,21.71,0.2032,0.762,1.9812,2.54,3.175,1.7272,3.556,1,3,3,300,1,7,7,1.5494,0.889,3.1242,2.9464,136.76,158.47,7,8,1.7272,3.175,-1,-21.71,1.4478,5.2832,26.85501125,163.6150113,136.3849887,7.219042356,0,0.454616629,56.78376741,143.76,2.9464,3.1242,0.8128,1.8796,11.63067935,12.33253069,3.208463269,7.41957131,1.7272,6.817984447,163.6150113,315.1196889,229.109383,12.33253069,7.41957131,151.5046777,0
B00446,B00446_R2,446,Gate_1,Yellow_3,1,7,2.54,1.6002,151.98,1.9812,2.54,148.84,8,7,3.14,0.2032,0.762,1.0668,0.2032,3.175,3.556,1.4224,1,3,3,300,1,1,7,1.159933333,0,1.075266667,0,148.84,151.98,7,8,3.556,3.175,-1,-3.14,-0.381,4.9784,25.65183752,174.4918375,125.5081625,8.422216082,0,0.418360542,60.2603246,155.84,0,1.075266667,0.8128,2.1844,0,4.244529533,3.208463269,8.622745036,3.556,14.0370268,174.4918375,335.621905,197.4258082,4.244529533,8.622745036,161.1300675,6
B00446,B00446_R2,430,Yellow_3,Green_2,2,7,2.54,1.6002,151.98,1.9812,2.54,148.84,8,7,3.14,1.0668,0.2032,1.9812,0.2032,2.8702,3.2512,1.4224,3,3,3,300,1,2,7,1.312333333,0,1.921933333,0,148.84,151.98,7,8,3.2512,2.8702,-1,-3.14,-0.381,4.6736,24.4486638,173.2886638,126.7113362,9.625389808,0,0.422371121,64.19034577,155.84,0,1.921933333,0,1.947333333,0,7.586678772,0,7.686943249,3.2512,12.83385308,173.2886638,333.6166155,218.6818774,7.586678772,7.686943249,160.3279517,5
B00446,B00446_R2,427,Green_2,Gate_4,3,7,2.54,1.6002,151.98,1.9812,2.54,148.84,8,7,3.14,1.9812,0.2032,0.2032,1.9812,1.9558,2.9464,3.556,2,3,3,300,1,3,7,2.159,1.4224,1.905,1.3462,148.84,151.98,7,8,2.9464,1.9558,-1,-3.14,-0.9906,6.5024,31.66770615,180.5077062,119.4922938,2.406347452,0,0.398307646,46.13681102,155.84,1.3462,1.905,0,1.845733333,5.31401729,7.519835787,0,7.285885341,2.9464,11.63067935,180.5077062,334.8197892,211.0617771,7.519835787,7.285885341,154.3120831,4
B00446,B00446_R2,440,Gate_2,Green_6,4,7,2.54,1.6002,151.98,1.9812,2.54,148.84,8,7,3.14,0.2032,1.143,2.54,0.762,2.794,3.175,2.7178,1,3,3,300,1,4,7,1.350433333,0,2.2987,1.1176,148.84,151.98,7,8,3.175,2.794,-1,-3.14,-0.381,5.8928,29.2613587,178.1013587,121.8986413,4.812694904,0,0.406328804,50.90958458,155.84,1.1176,2.2987,1.1938,1.9304,4.411636995,9.073935183,4.712430427,7.620100264,3.175,12.53305965,178.1013587,338.6298393,222.792721,9.073935183,7.620100264,160.5284806,3
B00446,B00446_R2,438,Yellow_3,Gate_4,5,7,2.54,1.6002,151.98,1.9812,2.54,148.84,8,7,3.14,1.0668,0.2032,0.2032,1.9812,2.8702,3.2512,2.6416,2,3,3,300,1,5,7,1.312333333,0,2.0574,1.3462,148.84,151.98,7,8,3.2512,2.8702,-1,-3.14,-0.381,5.8928,29.2613587,178.1013587,121.8986413,4.812694904,0,0.406328804,50.90958458,155.84,1.3462,2.0574,0,1.744133333,5.31401729,8.12142265,0,6.884827432,3.2512,12.83385308,178.1013587,333.6166155,217.0776458,8.12142265,6.884827432,155.5152568,2
B00446,B00446_R2,442,Gate_2,Yellow_1,6,7,2.54,1.6002,151.98,1.9812,2.54,148.84,8,7,3.14,0.2032,1.143,0.4572,0.2032,2.794,3.175,1.1938,1,3,3,300,1,6,7,1.350433333,0,1.1811,0.8128,148.84,151.98,7,8,3.175,2.794,-1,-3.14,-0.381,4.3688,23.24549007,172.0854901,127.9145099,10.82856353,0,0.4263817,68.66874199,155.84,0.8128,1.1811,1.3462,2.1844,3.208463269,4.662298188,5.31401729,8.622745036,3.175,12.53305965,172.0854901,339.2314262,202.3387676,4.662298188,8.622745036,167.1459361,1
B00446,B00446_R2,445,Gate_1,Orange_2,7,7,2.54,1.6002,151.98,1.9812,2.54,148.84,8,7,3.14,0.2032,0.762,1.9812,2.54,3.175,3.556,3.556,1,3,3,300,1,7,7,1.159933333,0,3.2258,2.9464,148.84,151.98,7,8,3.556,3.175,-1,-3.14,-0.381,7.112,34.07405361,182.9140536,117.0859464,0,0,0.390286488,42.18222722,155.84,2.9464,3.2258,0.8128,1.8288,11.63067935,12.7335886,3.208463269,7.219042356,3.556,14.0370268,182.9140536,335.621905,239.9379466,12.7335886,7.219042356,152.7078514,0
B00447,B00447_R1,429,Orange_1,Green_7,1,7,2.54,1.6002,137.31,1.9812,2.54,152.96,7,8,-15.65,1.6764,2.54,2.54,1.143,1.8034,0.8128,2.2606,3,3,3,300,0,1,7,2.0066,0.8128,2.125133333,0,137.31,152.96,7,8,1.8034,0.8128,-1,-15.65,-0.9906,4.064,22.04231635,159.3523163,140.6476837,7.820629219,0,0.468825612,73.81889764,144.31,0,2.125133333,0.508,1.5875,0,8.388794589,2.005289543,6.266529823,1.8034,7.118777879,159.3523163,301.2316042,197.3255438,8.388794589,6.266529823,141.8792879,6
B00447,B00447_R1,447,Green_7,Gate_4,2,7,2.54,1.6002,137.31,1.9812,2.54,152.96,7,8,-15.65,2.54,1.143,0.2032,1.9812,0.9652,1.9558,3.175,2,3,3,300,0,2,7,2.5019,1.8034,1.8161,0.8128,137.31,152.96,7,8,0.9652,1.9558,-1,-15.65,0.9906,4.1402,22.34310978,159.6531098,140.3468902,7.519835787,0,0.467822967,72.46026762,144.31,0.8128,1.8161,0,2.074333333,3.208463269,7.168910117,0,8.188265635,0.9652,3.810050132,159.6531098,302.5350424,189.7054435,7.168910117,8.188265635,142.8819327,5
B00447,B00447_R1,443,Gate_2,Orange_4,3,7,2.54,1.6002,137.31,1.9812,2.54,152.96,7,8,-15.65,0.2032,1.143,1.6764,2.032,2.794,3.175,2.8702,1,3,3,300,0,3,7,2.4003,1.651,1.6129,0.508,137.31,152.96,7,8,2.794,3.175,-1,-15.65,0.381,5.6642,28.35897841,165.6689784,134.3310216,1.503967157,0,0.447770072,52.96423149,144.31,0.508,1.6129,1.3462,1.905,2.005289543,6.3667943,5.31401729,7.519835787,2.794,11.02909249,165.6689784,300.6300174,178.87688,6.3667943,7.519835787,134.961039,4
B00447,B00447_R1,421,Orange_5,Purple_5,4,7,2.54,1.6002,137.31,1.9812,2.54,152.96,7,8,-15.65,1.9812,2.032,1.0668,2.032,1.4986,0.508,1.4224,3,3,3,300,0,4,7,2.159,0.8128,1.8542,0.8128,137.31,152.96,7,8,1.4986,0.508,-1,-15.65,-0.9906,2.921,17.53041487,154.8404149,145.1595851,12.33253069,0,0.483865284,102.7045532,144.31,0.8128,1.8542,0.8128,1.8796,3.208463269,7.319306833,3.208463269,7.41957131,1.4986,5.915604153,154.8404149,303.6379517,195.4205187,7.319306833,7.41957131,148.7975368,3
B00447,B00447_R1,441,Purple_2,Gate_4,5,7,2.54,1.6002,137.31,1.9812,2.54,152.96,7,8,-15.65,0.762,2.54,0.2032,1.9812,2.7178,1.7272,1.1176,2,3,3,300,0,5,7,2.0574,0.8128,2.159,0.8128,137.31,152.96,7,8,2.7178,1.7272,-1,-15.65,-0.9906,3.8354,21.13993605,158.4499361,141.5500639,8.723009513,0,0.471833546,78.21869948,144.31,0.8128,2.159,0.8128,1.7272,3.208463269,8.522480559,3.208463269,6.817984447,2.7178,10.72829906,158.4499361,298.8252568,199.0300399,8.522480559,6.817984447,140.3753207,2
B00447,B00447_R1,422,Purple_1,Orange_7,6,7,2.54,1.6002,137.31,1.9812,2.54,152.96,7,8,-15.65,0.4572,2.54,2.54,1.6002,3.0226,2.032,3.0226,3,3,3,300,0,6,7,2.2098,0.8128,2.0066,0.9652,137.31,152.96,7,8,3.0226,2.032,-1,-15.65,-0.9906,6.0452,29.86294557,167.1729456,132.8270544,0,0,0.442756848,49.62614967,144.31,0.9652,2.0066,0.8128,1.4605,3.810050132,7.920893696,3.208463269,5.765207437,3.0226,11.93147278,167.1729456,297.6220831,186.6975092,7.920893696,5.765207437,130.4491375,1
B00447,B00447_R1,426,Green_1,Gate_4,7,7,2.54,1.6002,137.31,1.9812,2.54,152.96,7,8,-15.65,1.6764,0.2032,0.2032,1.9812,2.2606,3.2512,3.2512,2,3,3,300,0,7,7,2.8702,1.8034,1.8034,0.8128,137.31,152.96,7,8,2.2606,3.2512,-1,-15.65,0.9906,5.5118,27.75739154,165.0673915,134.9326085,2.10555402,0,0.449775362,54.42868029,144.31,0.8128,1.8034,1.8034,2.7432,3.208463269,7.118777879,7.118777879,10.82856353,2.2606,8.923538468,165.0673915,304.540332,183.9903683,7.118777879,10.82856353,139.4729404,0
B00448,B00448_R2,438,Yellow_3,Gate_4,1,7,0.2032,1.9812,151.36,1.9812,2.54,136.25,8,7,15.11,1.0668,0.2032,0.2032,1.9812,2.6416,3.2512,2.6416,2,3,3,300,1,1,7,1.375833333,0,1.9939,1.3462,136.25,151.36,7,8,3.2512,2.6416,-1,-15.11,-0.6096,5.8928,29.2613587,165.5113587,134.4886413,4.812694904,0,0.448295471,50.90958458,143.25,1.3462,1.9939,1.1176,2.0828,5.31401729,7.870761457,4.411636995,8.221687127,3.2512,12.83385308,165.5113587,329.0477737,219.1831998,7.870761457,8.221687127,163.536415,6
B00448,B00448_R2,448,Gate_2,Green_6,2,7,0.2032,1.9812,151.36,1.9812,2.54,136.25,8,7,15.11,0.2032,1.143,2.54,0.762,1.3462,3.175,2.7178,1,3,3,300,1,2,7,1.202266667,0,2.2606,1.1176,136.25,151.36,7,8,3.175,1.3462,-1,-15.11,-1.8288,5.8928,29.2613587,165.5113587,134.4886413,4.812694904,0,0.448295471,50.90958458,143.25,1.1176,2.2606,1.1938,2.0828,4.411636995,8.923538468,4.712430427,8.221687127,3.175,12.53305965,165.5113587,329.6493605,225.4998618,8.923538468,8.221687127,164.1380018,5
B00448,B00448_R2,430,Yellow_3,Green_2,3,7,0.2032,1.9812,151.36,1.9812,2.54,136.25,8,7,15.11,1.0668,0.2032,1.9812,0.2032,2.6416,3.2512,1.4224,3,3,3,300,1,3,7,1.375833333,0,1.985433333,0,136.25,151.36,7,8,3.2512,2.6416,-1,-15.11,-0.6096,4.6736,24.4486638,160.6986638,139.3013362,9.625389808,0,0.464337787,64.19034577,143.25,0,1.985433333,1.1176,2.286,0,7.837339965,4.411636995,9.023802945,3.2512,12.83385308,160.6986638,329.0477737,223.7953657,7.837339965,9.023802945,168.3491099,4
B00448,B00448_R2,427,Green_2,Gate_4,4,7,0.2032,1.9812,151.36,1.9812,2.54,136.25,8,7,15.11,1.9812,0.2032,0.2032,1.9812,3.556,2.9464,3.556,2,3,3,300,1,4,7,2.2225,1.4224,1.8415,1.3462,136.25,151.36,7,8,2.9464,3.556,-1,-15.11,0.6096,6.5024,31.66770615,167.9177062,132.0822938,2.406347452,0,0.440274313,46.13681102,143.25,1.3462,1.8415,0,1.794933333,5.31401729,7.269174594,0,7.085356386,2.9464,11.63067935,167.9177062,325.8393104,213.1673311,7.269174594,7.085356386,157.9216042,3
B00448,B00448_R2,440,Gate_2,Green_6,5,7,0.2032,1.9812,151.36,1.9812,2.54,136.25,8,7,15.11,0.2032,1.143,2.54,0.762,1.3462,3.175,2.7178,1,3,3,300,1,5,7,1.202266667,0,2.2606,1.1176,136.25,151.36,7,8,3.175,1.3462,-1,-15.11,-1.8288,5.8928,29.2613587,165.5113587,134.4886413,4.812694904,0,0.448295471,50.90958458,143.25,1.1176,2.2606,1.1938,2.0828,4.411636995,8.923538468,4.712430427,8.221687127,3.175,12.53305965,165.5113587,329.6493605,225.4998618,8.923538468,8.221687127,164.1380018,2
B00448,B00448_R2,442,Gate_2,Yellow_1,6,7,0.2032,1.9812,151.36,1.9812,2.54,136.25,8,7,15.11,0.2032,1.143,0.4572,0.2032,1.3462,3.175,1.1938,1,3,3,300,1,6,7,1.202266667,0,1.2446,0.8128,136.25,151.36,7,8,3.175,1.3462,-1,-15.11,-1.8288,4.3688,23.24549007,159.4954901,140.5045099,10.82856353,0,0.468348366,68.66874199,143.25,0.8128,1.2446,1.3462,2.3368,3.208463269,4.912959381,5.31401729,9.224331899,3.175,12.53305965,159.4954901,330.2509474,207.452256,4.912959381,9.224331899,170.7554573,1
B00448,B00448_R2,445,Gate_1,Orange_2,7,7,0.2032,1.9812,151.36,1.9812,2.54,136.25,8,7,15.11,0.2032,0.762,1.9812,2.54,1.7272,3.556,3.556,1,3,3,300,1,7,7,1.3081,0.889,3.1623,2.9464,136.25,151.36,7,8,3.556,1.7272,-1,-15.11,-1.8288,7.112,34.07405361,170.3240536,129.6759464,0,0,0.432253155,42.18222722,143.25,2.9464,3.1623,0.8128,2.0828,11.63067935,12.48292741,3.208463269,8.221687127,3.556,14.0370268,170.3240536,326.6414262,242.0435006,12.48292741,8.221687127,156.3173726,0
B00449,B00449_R1,447,Green_7,Gate_4,1,7,0.2032,1.9812,135.85,1.9812,2.54,153.97,7,8,-18.12,2.54,1.143,0.2032,1.9812,3.175,1.9558,3.175,2,3,3,300,0,1,7,2.3495,1.3462,1.9685,0.8128,135.85,153.97,7,8,3.175,1.9558,-1,-18.12,-1.2192,6.35,31.06611929,166.9161193,133.0838807,0.601586863,0,0.443612936,47.24409449,142.85,0.8128,1.9685,0.9652,2.6035,3.208463269,7.77049698,3.810050132,10.27710891,3.175,12.53305965,166.9161193,296.1620831,184.5919552,7.77049698,10.27710891,129.2459638,6
B00449,B00449_R1,443,Gate_2,Orange_4,2,7,0.2032,1.9812,135.85,1.9812,2.54,153.97,7,8,-18.12,0.2032,1.143,1.6764,2.032,1.3462,3.175,2.8702,1,3,3,300,0,2,7,2.4511,1.651,1.7653,0.8128,135.85,153.97,7,8,1.3462,3.175,-1,-18.12,1.8288,4.2164,22.64390321,158.4939032,141.5060968,9.023802945,0,0.471686989,71.15074471,142.85,0.8128,1.7653,1.3462,1.8415,3.208463269,6.968381163,5.31401729,7.269174594,1.3462,5.31401729,158.4939032,304.8850926,188.2014763,6.968381163,7.269174594,146.3911894,5
B00449,B00449_R1,421,Orange_5,Purple_5,3,7,0.2032,1.9812,135.85,1.9812,2.54,153.97,7,8,-18.12,1.9812,2.032,1.0668,2.032,2.3368,0.508,1.4224,3,3,3,300,0,3,7,2.2098,1.1176,2.0066,0.8128,135.85,153.97,7,8,2.3368,0.508,-1,-18.12,-1.8288,3.7592,20.83914262,156.6891426,143.3108574,10.82856353,0,0.477702858,79.80421366,142.85,0.8128,2.0066,0.8128,1.8415,3.208463269,7.920893696,3.208463269,7.269174594,2.3368,9.224331899,156.6891426,298.8692239,195.7213121,7.920893696,7.269174594,142.1800813,4
B00449,B00449_R1,426,Green_1,Gate_4,4,7,0.2032,1.9812,135.85,1.9812,2.54,153.97,7,8,-18.12,1.6764,0.2032,0.2032,1.9812,3.2512,3.2512,3.2512,2,3,3,300,0,4,7,2.8194,1.8034,1.9558,0.8128,135.85,153.97,7,8,3.2512,3.2512,-1,-18.12,0,6.5024,31.66770615,167.5177062,132.4822938,0,0,0.441607646,46.13681102,142.85,0.8128,1.9558,2.2606,2.9845,3.208463269,7.720364742,8.923538468,11.78107607,3.2512,12.83385308,167.5177062,300.974778,183.6895749,7.720364742,11.78107607,133.4570718,3
B00449,B00449_R1,422,Purple_1,Orange_7,5,7,0.2032,1.9812,135.85,1.9812,2.54,153.97,7,8,-18.12,0.4572,2.54,2.54,1.6002,0.8128,2.032,3.0226,3,3,3,300,0,5,7,2.3622,0.8128,1.8542,0.889,135.85,153.97,7,8,0.8128,2.032,-1,-18.12,1.2192,3.8354,21.13993605,156.9899361,143.0100639,10.5277701,0,0.476700213,78.21869948,142.85,0.889,1.8542,0.8128,1.016,3.509256701,7.319306833,3.208463269,4.010579087,0.8128,3.208463269,156.9899361,304.8850926,191.8109975,7.319306833,4.010579087,147.8951565,2
B00449,B00449_R1,449,Orange_6,Purple_4,6,7,0.2032,1.9812,135.85,1.9812,2.54,153.97,7,8,-18.12,2.54,1.9812,0.762,2.032,2.9464,1.1176,2.3368,3,3,3,300,0,6,7,2.2098,1.1176,1.905,0.508,135.85,153.97,7,8,2.9464,1.1176,-1,-18.12,-1.8288,5.2832,26.85501125,162.7050113,137.2949887,4.812694904,0,0.457649962,56.78376741,142.85,0.508,1.905,0.889,2.1971,2.005289543,7.519835787,3.509256701,8.672877275,2.9464,11.63067935,162.7050113,296.7636699,187.299096,7.519835787,8.672877275,134.0586587,1
B00449,B00449_R1,441,Purple_2,Gate_4,7,7,0.2032,1.9812,135.85,1.9812,2.54,153.97,7,8,-18.12,0.762,2.54,0.2032,1.9812,1.1176,1.7272,1.1176,2,3,3,300,0,7,7,2.2098,0.8128,2.3114,0.8128,135.85,153.97,7,8,1.1176,1.7272,-1,-18.12,0.6096,2.2352,14.82327399,150.673274,149.326726,16.84443216,0,0.497755753,134.2161775,142.85,0.8128,2.3114,0.508,1.2827,3.208463269,9.124067422,2.005289543,5.063356097,1.1176,4.411636995,150.673274,302.4787451,208.9562231,9.124067422,5.063356097,151.8054711,0
B00450,B00450_R2,448,Gate_2,Green_6,1,7,0.2032,1.9812,150.92,1.9812,2.54,145.43,8,7,5.49,0.2032,1.143,2.54,0.762,1.3462,3.175,2.7178,1,3,3,300,1,1,7,1.303866667,0,2.159,1.1176,145.43,150.92,7,8,3.175,1.3462,-1,-5.49,-1.8288,5.8928,29.2613587,174.6913587,125.3086413,4.812694904,0,0.417695471,50.90958458,152.43,1.1176,2.159,1.1938,2.1844,4.411636995,8.522480559,4.712430427,8.622745036,3.175,12.53305965,174.6913587,341.235708,225.4998618,8.522480559,8.622745036,166.5443493,6
B00450,B00450_R2,430,Yellow_3,Green_2,2,7,0.2032,1.9812,150.92,1.9812,2.54,145.43,8,7,5.49,1.0668,0.2032,1.9812,0.2032,2.6416,3.2512,1.4224,3,3,3,300,1,2,7,1.5621,1.1176,1.883833333,0,145.43,150.92,7,8,3.2512,2.6416,-1,-5.49,-0.6096,4.6736,24.4486638,169.8786638,130.1213362,9.625389808,0,0.433737787,64.19034577,152.43,0,1.883833333,1.1176,2.3876,0,7.436282056,4.411636995,9.424860853,3.2512,12.83385308,169.8786638,340.6341211,223.7953657,7.436282056,9.424860853,170.7554573,5
B00450,B00450_R2,427,Green_2,Gate_4,3,7,0.2032,1.9812,150.92,1.9812,2.54,145.43,8,7,5.49,1.9812,0.2032,0.2032,1.9812,3.556,2.9464,3.556,2,3,3,300,1,3,7,2.1209,0.8128,1.9431,1.3462,145.43,150.92,7,8,2.9464,3.556,-1,-5.49,0.6096,6.5024,31.66770615,177.0977062,122.9022938,2.406347452,0,0.409674313,46.13681102,152.43,1.3462,1.9431,0,1.794933333,5.31401729,7.670232503,0,7.085356386,2.9464,11.63067935,177.0977062,337.4256578,217.9800261,7.670232503,7.085356386,160.3279517,4
B00450,B00450_R2,440,Gate_2,Green_6,4,7,0.2032,1.9812,150.92,1.9812,2.54,145.43,8,7,5.49,0.2032,1.143,2.54,0.762,1.3462,3.175,2.7178,1,3,3,300,1,4,7,1.303866667,0,2.159,1.1176,145.43,150.92,7,8,3.175,1.3462,-1,-5.49,-1.8288,5.8928,29.2613587,174.6913587,125.3086413,4.812694904,0,0.417695471,50.90958458,152.43,1.1176,2.159,1.1938,2.1844,4.411636995,8.522480559,4.712430427,8.622745036,3.175,12.53305965,174.6913587,341.235708,225.4998618,8.522480559,8.622745036,166.5443493,3
B00450,B00450_R2,450,Green_1,Purple_4,5,7,0.2032,1.9812,150.92,1.9812,2.54,145.43,8,7,5.49,1.6764,0.2032,0.762,2.032,3.2512,3.2512,3.2512,3,3,3,300,1,5,7,1.8669,0.8128,2.5019,1.9558,145.43,150.92,7,8,3.2512,3.2512,-1,-5.49,0,6.5024,31.66770615,177.0977062,122.9022938,2.406347452,0,0.409674313,46.13681102,152.43,1.9558,2.5019,0.8128,1.9812,7.720364742,9.876051001,3.208463269,7.820629219,3.2512,12.83385308,177.0977062,339.4309474,231.214937,9.876051001,7.820629219,162.3332412,2
B00450,B00450_R2,442,Gate_2,Yellow_1,6,7,0.2032,1.9812,150.92,1.9812,2.54,145.43,8,7,5.49,0.2032,1.143,0.4572,0.2032,1.3462,3.175,1.1938,1,3,3,300,1,6,7,1.303866667,0,1.3462,0.8128,145.43,150.92,7,8,3.175,1.3462,-1,-5.49,-1.8288,4.3688,23.24549007,168.6754901,131.3245099,10.82856353,0,0.437748366,68.66874199,152.43,0.8128,1.3462,1.3462,2.4384,3.208463269,5.31401729,5.31401729,9.625389808,3.175,12.53305965,168.6754901,341.8372948,212.2649509,5.31401729,9.625389808,173.1618048,1
B00450,B00450_R2,445,Gate_1,Orange_2,7,7,0.2032,1.9812,150.92,1.9812,2.54,145.43,8,7,5.49,0.2032,0.762,1.9812,2.54,1.7272,3.556,3.556,1,3,3,300,1,7,7,1.4097,0.889,3.1623,2.9464,145.43,150.92,7,8,3.556,1.7272,-1,-5.49,-1.8288,7.112,34.07405361,179.5040536,120.4959464,0,0,0.401653155,42.18222722,152.43,2.9464,3.1623,0.8128,2.1844,11.63067935,12.48292741,3.208463269,8.622745036,3.556,14.0370268,179.5040536,338.2277737,244.449848,12.48292741,8.622745036,158.72372,0
B00451,B00451_R1,443,Gate_2,Orange_4,1,7,0.2032,1.9812,139.24,1.9812,2.54,163.55,7,8,-24.32,0.2032,1.143,1.6764,2.032,1.3462,3.175,2.8702,1,3,3,300,0,1,7,2.2098,0.889,1.9304,0.8128,139.24,163.55,7,8,1.3462,3.175,-1,-24.31,1.8288,4.2164,22.64390321,161.8839032,138.1160968,9.023802945,0,0.460386989,71.15074471,146.24,0.8128,1.9304,1.3462,2.1463,3.208463269,7.620100264,5.31401729,8.47234832,1.3462,5.31401729,161.8839032,304.0639845,187.9006829,7.620100264,8.47234832,142.1800813,6
B00451,B00451_R1,449,Orange_6,Purple_4,2,7,0.2032,1.9812,139.24,1.9812,2.54,163.55,7,8,-24.32,2.54,1.9812,0.762,2.032,2.9464,1.1176,2.3368,3,3,3,300,0,2,7,2.5781,1.1176,1.7653,0.508,139.24,163.55,7,8,2.9464,1.1176,-1,-24.31,-1.8288,5.2832,26.85501125,166.0950113,133.9049887,4.812694904,0,0.446349962,56.78376741,146.24,0.508,1.7653,0.889,1.8923,2.005289543,6.968381163,3.509256701,7.469703549,2.9464,11.63067935,166.0950113,295.9425619,179.7792603,6.968381163,7.469703549,129.8475506,5
B00451,B00451_R1,422,Purple_1,Orange_7,3,7,0.2032,1.9812,139.24,1.9812,2.54,163.55,7,8,-24.32,0.4572,2.54,2.54,1.6002,0.8128,2.032,3.0226,3,3,3,300,0,3,7,2.1209,0.8128,2.2225,0.889,139.24,163.55,7,8,0.8128,2.032,-1,-24.31,1.2192,3.8354,21.13993605,160.3799361,139.6200639,10.5277701,0,0.465400213,78.21869948,146.24,0.889,2.2225,0.8128,1.2192,3.509256701,8.773141752,3.208463269,4.812694904,0.8128,3.208463269,160.3799361,304.0639845,196.322899,8.773141752,4.812694904,143.6840485,4
B00451,B00451_R1,426,Green_1,Gate_4,4,7,0.2032,1.9812,139.24,1.9812,2.54,163.55,7,8,-24.32,1.6764,0.2032,0.2032,1.9812,3.2512,3.2512,3.2512,2,3,3,300,0,4,7,2.8575,2.032,1.7145,0.8128,139.24,163.55,7,8,3.2512,3.2512,-1,-24.31,0,6.5024,31.66770615,170.9077062,129.0922938,0,0,0.430307646,46.13681102,146.24,0.8128,1.7145,2.2606,2.9845,3.208463269,6.767852209,8.923538468,11.78107607,3.2512,12.83385308,170.9077062,300.1536699,173.7633916,6.767852209,11.78107607,129.2459638,3
B00451,B00451_R1,451,Gate_1,Orange_5,5,7,0.2032,1.9812,139.24,1.9812,2.54,163.55,7,8,-24.32,0.2032,0.762,1.9812,2.032,1.7272,3.556,3.556,1,3,3,300,0,5,7,2.4003,0.889,1.883833333,0,139.24,163.55,7,8,1.7272,3.556,-1,-24.31,1.8288,5.2832,26.85501125,166.0950113,133.9049887,4.812694904,0,0.446349962,56.78376741,146.24,0,1.883833333,1.7272,2.4765,0,7.436282056,6.817984447,9.775786524,1.7272,6.817984447,166.0950113,304.0639845,182.5866656,7.436282056,9.775786524,137.9689733,2
B00451,B00451_R1,421,Orange_5,Purple_5,6,7,0.2032,1.9812,139.24,1.9812,2.54,163.55,7,8,-24.32,1.9812,2.032,1.0668,2.032,2.3368,0.508,1.4224,3,3,3,300,0,6,7,2.4765,1.1176,1.9685,0.8128,139.24,163.55,7,8,2.3368,0.508,-1,-24.31,-1.8288,3.7592,20.83914262,160.0791426,139.9208574,10.82856353,0,0.466402858,79.80421366,146.24,0.8128,1.9685,0,1.452033333,3.208463269,7.77049698,0,5.731785945,2.3368,9.224331899,160.0791426,294.8396526,190.6078238,7.77049698,5.731785945,134.76051,1
B00451,B00451_R1,441,Purple_2,Gate_4,7,7,0.2032,1.9812,139.24,1.9812,2.54,163.55,7,8,-24.32,0.762,2.54,0.2032,1.9812,1.1176,1.7272,1.1176,2,3,3,300,0,7,7,2.0701,0.8128,2.0701,0.8128,139.24,163.55,7,8,1.1176,1.7272,-1,-24.31,0.6096,2.2352,14.82327399,154.063274,145.936726,16.84443216,0,0.486455753,134.2161775,146.24,0.8128,2.0701,0.508,1.3843,3.208463269,8.171554889,2.005289543,5.464414005,1.1176,4.411636995,154.063274,301.6576371,199.0300399,8.171554889,5.464414005,147.5943631,0
B00452,B00452_R2,430,Yellow_3,Green_2,1,7,0.2032,1.9812,160.16,1.9812,2.54,150.44,8,7,9.72,1.0668,0.2032,1.9812,0.2032,2.6416,3.2512,1.4224,3,3,3,300,1,1,7,1.8034,1.1176,1.921933333,0,150.44,160.16,7,8,3.2512,2.6416,-1,-9.72,-0.6096,4.6736,24.4486638,174.8886638,125.1113362,9.625389808,0,0.417037787,64.19034577,157.44,0,1.921933333,1.1176,2.4257,0,7.586678772,4.411636995,9.575257569,3.2512,12.83385308,174.8886638,335.116351,214.1699759,7.586678772,9.575257569,160.2276872,6
B00452,B00452_R2,427,Green_2,Gate_4,2,7,0.2032,1.9812,160.16,1.9812,2.54,150.44,8,7,9.72,1.9812,0.2032,0.2032,1.9812,3.556,2.9464,3.556,2,3,3,300,1,2,7,2.159,0.8128,2.1082,1.3462,150.44,160.16,7,8,2.9464,3.556,-1,-9.72,0.6096,6.5024,31.66770615,182.1077062,117.8922938,2.406347452,0,0.392974313,46.13681102,157.44,1.3462,2.1082,0,2.137833333,5.31401729,8.321951605,0,8.438926828,2.9464,11.63067935,182.1077062,331.9078877,211.3625706,8.321951605,8.438926828,149.8001816,5
B00452,B00452_R2,442,Gate_2,Yellow_1,3,7,0.2032,1.9812,160.16,1.9812,2.54,150.44,8,7,9.72,0.2032,1.143,0.4572,0.2032,1.3462,3.175,1.1938,1,3,3,300,1,3,7,1.833033333,0,1.7907,0.8128,150.44,160.16,7,8,3.175,1.3462,-1,-9.72,-1.8288,4.3688,23.24549007,173.6854901,126.3145099,10.82856353,0,0.421048366,68.66874199,157.44,0.8128,1.7907,0.9652,2.1463,3.208463269,7.06864564,3.810050132,8.47234832,3.175,12.53305965,173.6854901,334.8155576,212.2649509,7.06864564,8.47234832,161.1300675,4
B00452,B00452_R2,445,Gate_1,Orange_2,4,7,0.2032,1.9812,160.16,1.9812,2.54,150.44,8,7,9.72,0.2032,0.762,1.9812,2.54,1.7272,3.556,3.556,1,3,3,300,1,4,7,1.8542,0.889,2.7178,0.508,150.44,160.16,7,8,3.556,1.7272,-1,-9.72,-1.8288,7.112,34.07405361,184.5140536,115.4859464,0,0,0.384953155,42.18222722,157.44,0.508,2.7178,0.8128,1.9177,2.005289543,10.72829906,3.208463269,7.569968026,3.556,14.0370268,184.5140536,332.7100036,223.3943078,10.72829906,7.569968026,148.1959499,3
B00452,B00452_R2,452,Orange_5,Gate_3,5,7,0.2032,1.9812,160.16,1.9812,2.54,150.44,8,7,9.72,1.9812,2.032,0.2032,1.6002,2.3368,0.508,2.7178,2,3,3,300,1,5,7,3.2258,2.9464,1.9304,0.9652,150.44,160.16,7,8,0.508,2.3368,-1,-9.72,1.8288,3.2258,18.7335886,169.1735886,130.8264114,15.34046501,0,0.436088038,93.000186,157.44,0.9652,1.9304,0.508,2.286,3.810050132,7.620100264,2.005289543,9.023802945,0.508,2.005289543,169.1735886,343.5385671,220.0855801,7.620100264,9.023802945,174.3649785,2
B00452,B00452_R2,440,Gate_2,Green_6,6,7,0.2032,1.9812,160.16,1.9812,2.54,150.44,8,7,9.72,0.2032,1.143,2.54,0.762,1.3462,3.175,2.7178,1,3,3,300,1,6,7,1.833033333,0,2.0955,1.1176,150.44,160.16,7,8,3.175,1.3462,-1,-9.72,-1.8288,5.8928,29.2613587,179.7013587,120.2986413,4.812694904,0,0.400995471,50.90958458,157.44,1.1176,2.0955,0.9652,1.8923,4.411636995,8.271819366,3.810050132,7.469703549,3.175,12.53305965,179.7013587,334.8155576,213.4681246,8.271819366,7.469703549,155.1141989,1
B00452,B00452_R2,450,Green_1,Purple_4,7,7,0.2032,1.9812,160.16,1.9812,2.54,150.44,8,7,9.72,1.6764,0.2032,0.762,2.032,3.2512,3.2512,3.2512,3,3,3,300,1,7,7,2.0066,0.8128,2.4638,1.7272,150.44,160.16,7,8,3.2512,3.2512,-1,-9.72,0,6.5024,31.66770615,182.1077062,117.8922938,2.406347452,0,0.392974313,46.13681102,157.44,1.7272,2.4638,0.8128,2.2225,6.817984447,9.725654285,3.208463269,8.773141752,3.2512,12.83385308,182.1077062,333.9131773,219.7847866,9.725654285,8.773141752,151.8054711,0
B00453,B00453_R1,449,Orange_6,Purple_4,1,7,0.2032,1.9812,144.79,0.762,2.032,156.95,7,8,-12.16,2.54,1.9812,0.762,2.032,2.9464,2.3368,2.3368,3,3,3,300,0,1,7,2.6416,1.1176,1.9304,0.508,144.79,156.95,7,8,2.9464,2.3368,-1,-12.16,-0.6096,5.2832,26.85501125,171.6450113,128.3549887,4.812694904,0,0.427849962,56.78376741,151.79,0.508,1.9304,0.889,2.1082,2.005289543,7.620100264,3.509256701,8.321951605,2.9464,11.63067935,171.6450113,301.7933553,183.9903683,7.620100264,8.321951605,130.1483441,6
B00453,B00453_R1,441,Purple_2,Gate_4,2,7,0.2032,1.9812,144.79,0.762,2.032,156.95,7,8,-12.16,0.762,2.54,0.2032,1.9812,1.1176,0.508,1.1176,2,3,3,300,0,2,7,2.2352,0.8128,2.2352,0.8128,144.79,156.95,7,8,1.1176,0.508,-1,-12.16,-0.6096,2.2352,14.82327399,159.613274,140.386726,16.84443216,0,0.467955753,134.2161775,151.79,0.8128,2.2352,0.508,1.397,3.208463269,8.82327399,2.005289543,5.514546244,1.1176,4.411636995,159.613274,307.5084305,203.2411479,8.82327399,5.514546244,147.8951565,5
B00453,B00453_R1,422,Purple_1,Orange_7,3,7,0.2032,1.9812,144.79,0.762,2.032,156.95,7,8,-12.16,0.4572,2.54,2.54,1.6002,0.8128,0.8128,3.0226,3,3,3,300,0,3,7,2.286,0.8128,2.286,0.889,144.79,156.95,7,8,0.8128,0.8128,-1,-12.16,0,3.8354,21.13993605,165.9299361,134.0700639,10.5277701,0,0.446900213,78.21869948,151.79,0.889,2.286,0.8128,1.1303,3.509256701,9.023802945,3.208463269,4.461769234,0.8128,3.208463269,165.9299361,309.914778,198.1276596,9.023802945,4.461769234,143.9848419,4
B00453,B00453_R1,426,Green_1,Gate_4,4,7,0.2032,1.9812,144.79,0.762,2.032,156.95,7,8,-12.16,1.6764,0.2032,0.2032,1.9812,3.2512,3.2512,3.2512,2,3,3,300,0,4,7,2.6924,1.4224,1.8796,0.8128,144.79,156.95,7,8,3.2512,3.2512,-1,-12.16,0,6.5024,31.66770615,176.4577062,123.5422938,0,0,0.411807646,46.13681102,151.79,0.8128,1.8796,2.2606,2.9718,3.208463269,7.41957131,8.923538468,11.73094383,3.2512,12.83385308,176.4577062,306.0044633,177.9744997,7.41957131,11.73094383,129.5467572,3
B00453,B00453_R1,453,Yellow_4,Gate_3,5,7,0.2032,1.9812,144.79,0.762,2.032,156.95,7,8,-12.16,0.762,0.7112,0.2032,1.6002,2.3368,2.9464,1.9558,2,3,3,300,0,5,7,2.54,1.1176,2.0574,1.1938,144.79,156.95,7,8,2.3368,2.9464,-1,-12.16,0.6096,4.2926,22.94469664,167.7346966,132.2653034,8.723009513,0,0.440884345,69.88771374,151.79,1.1938,2.0574,2.3368,2.9337,4.712430427,8.12142265,9.224331899,11.58054711,2.3368,9.224331899,167.7346966,309.914778,190.9086172,8.12142265,11.58054711,142.1800813,2
B00453,B00453_R1,451,Gate_1,Orange_5,6,7,0.2032,1.9812,144.79,0.762,2.032,156.95,7,8,-12.16,0.2032,0.762,1.9812,2.032,1.7272,2.3368,3.556,1,3,3,300,0,6,7,2.4384,1.1176,1.947333333,0,144.79,156.95,7,8,1.7272,2.3368,-1,-12.16,0.6096,5.2832,26.85501125,171.6450113,128.3549887,4.812694904,0,0.427849962,56.78376741,151.79,0,1.947333333,1.3462,2.159,0,7.686943249,5.31401729,8.522480559,1.7272,6.817984447,171.6450113,308.4108108,184.3914262,7.686943249,8.522480559,136.7657995,1
B00453,B00453_R1,421,Orange_5,Purple_5,7,7,0.2032,1.9812,144.79,0.762,2.032,156.95,7,8,-12.16,1.9812,2.032,1.0668,2.032,2.3368,1.7272,1.4224,3,3,3,300,0,7,7,2.54,1.1176,2.1336,0.8128,144.79,156.95,7,8,2.3368,1.7272,-1,-12.16,-0.6096,3.7592,20.83914262,165.6291426,134.3708574,10.82856353,0,0.447902858,79.80421366,151.79,0.8128,2.1336,0,1.769533333,3.208463269,8.422216082,0,6.985091909,2.3368,9.224331899,165.6291426,300.6904461,194.8189318,8.422216082,6.985091909,135.0613034,0
B00454,B00454_R2,427,Green_2,Gate_4,1,7,1.0668,2.032,156.71,0.762,2.032,143.31,8,7,13.41,1.9812,0.2032,0.2032,1.9812,3.2512,3.556,3.556,2,3,3,300,1,1,7,2.2098,0.8128,2.0574,1.3462,143.31,156.71,7,8,3.556,3.2512,-1,-13.4,-0.3048,7.112,34.07405361,177.3840536,122.6159464,0,0,0.408719821,42.18222722,150.31,1.3462,2.0574,1.1176,2.4765,5.31401729,8.12142265,4.411636995,9.775786524,3.556,14.0370268,177.3840536,315.9546137,196.9244858,8.12142265,9.775786524,138.5705601,6
B00454,B00454_R2,442,Gate_2,Yellow_1,2,7,1.0668,2.032,156.71,0.762,2.032,143.31,8,7,13.41,0.2032,1.143,0.4572,0.2032,2.2606,1.9558,1.1938,1,3,3,300,1,2,7,1.782233333,0,1.7399,0.8128,143.31,156.71,7,8,1.9558,2.2606,-1,-13.4,0.3048,3.1496,18.43279517,161.7427952,138.2572048,15.64125844,0,0.460857349,95.2501905,150.31,0.8128,1.7399,0.9652,1.8923,3.208463269,6.868116686,3.810050132,7.469703549,1.9558,7.720364742,161.7427952,321.6696889,205.0459085,6.868116686,7.469703549,159.9268938,5
B00454,B00454_R2,454,Yellow_2,Yellow_1,3,7,1.0668,2.032,156.71,0.762,2.032,143.31,8,7,13.41,0.762,0.2032,0.4572,0.2032,3.2512,2.9464,0.8128,3,3,3,300,1,3,7,1.8034,1.1176,1.8034,0.8128,143.31,156.71,7,8,2.9464,3.2512,-1,-13.4,0.3048,3.7592,20.83914262,164.1491426,135.8508574,13.23491099,0,0.452836191,79.80421366,150.31,0.8128,1.8034,0.8128,2.3241,3.208463269,7.118777879,3.208463269,9.174199661,2.9464,11.63067935,164.1491426,317.1577875,204.1435282,7.118777879,9.174199661,153.0086449,4
B00454,B00454_R2,445,Gate_1,Orange_2,4,7,1.0668,2.032,156.71,0.762,2.032,143.31,8,7,13.41,0.2032,0.762,1.9812,2.54,2.6416,2.3368,3.556,1,3,3,300,1,4,7,1.8034,0.889,2.7686,0.508,143.31,156.71,7,8,2.3368,2.6416,-1,-13.4,0.3048,5.8928,29.2613587,172.5713587,127.4286413,4.812694904,0,0.424762138,50.90958458,150.31,0.508,2.7686,0.8128,1.6637,2.005289543,10.92882801,3.208463269,6.567323254,2.3368,9.224331899,172.5713587,319.5641349,218.5816129,10.92882801,6.567323254,146.9927762,3
B00454,B00454_R2,452,Orange_5,Gate_3,5,7,1.0668,2.032,156.71,0.762,2.032,143.31,8,7,13.41,1.9812,2.032,0.2032,1.6002,1.4224,1.7272,2.7178,2,3,3,300,1,5,7,3.2766,2.9464,1.8796,0.9652,143.31,156.71,7,8,1.7272,1.4224,-1,-13.4,-0.3048,4.445,23.5462835,166.8562835,133.1437165,10.5277701,0,0.443812388,67.49156355,150.31,0.9652,1.8796,0.508,2.4384,3.810050132,7.41957131,2.005289543,9.625389808,1.7272,6.817984447,166.8562835,320.7673086,203.2411479,7.41957131,9.625389808,153.9110251,2
B00454,B00454_R2,440,Gate_2,Green_6,6,7,1.0668,2.032,156.71,0.762,2.032,143.31,8,7,13.41,0.2032,1.143,2.54,0.762,2.2606,1.9558,2.7178,1,3,3,300,1,6,7,1.782233333,0,2.1463,1.1176,143.31,156.71,7,8,1.9558,2.2606,-1,-13.4,0.3048,4.6736,24.4486638,167.7586638,132.2413362,9.625389808,0,0.440804454,64.19034577,150.31,1.1176,2.1463,0.9652,1.6383,4.411636995,8.47234832,3.810050132,6.467058777,1.9558,7.720364742,167.7586638,321.6696889,208.6554297,8.47234832,6.467058777,153.9110251,1
B00454,B00454_R2,450,Green_1,Purple_4,7,7,1.0668,2.032,156.71,0.762,2.032,143.31,8,7,13.41,1.6764,0.2032,0.762,2.032,2.9464,3.2512,3.2512,3,3,3,300,1,7,7,2.0574,0.8128,2.413,1.7272,143.31,156.71,7,8,3.2512,2.9464,-1,-13.4,-0.3048,6.5024,31.66770615,174.9777062,125.0222938,2.406347452,0,0.416740979,46.13681102,150.31,1.7272,2.413,1.4224,2.3749,6.817984447,9.525125331,5.614810721,9.374728615,3.2512,12.83385308,174.9777062,318.3609612,207.7530494,9.525125331,9.374728615,143.383255,0
B00455,B00455_R1,441,Purple_2,Gate_4,1,7,1.0668,2.032,142.54,0.762,2.032,144.94,7,8,-2.4,0.762,2.54,0.2032,1.9812,0.8128,0.508,1.1176,2,3,3,300,0,1,7,1.845733333,0,1.9304,0.8128,142.54,144.94,7,8,0.8128,0.508,-1,-2.4,-0.3048,1.9304,13.62010026,156.1601003,143.8398997,16.84443216,0,0.479466332,155.4082056,149.54,0.8128,1.9304,0.8128,1.4986,3.208463269,7.620100264,3.208463269,5.915604153,0.8128,3.208463269,156.1601003,296.8362144,186.3967157,7.620100264,5.915604153,140.6761142,6
B00455,B00455_R1,453,Yellow_4,Gate_3,2,7,1.0668,2.032,142.54,0.762,2.032,144.94,7,8,-2.4,0.762,0.7112,0.2032,1.6002,3.2512,2.9464,1.9558,2,3,3,300,0,2,7,2.4384,1.1176,1.8542,1.1938,142.54,144.94,7,8,3.2512,2.9464,-1,-2.4,-0.3048,5.207,26.55421782,169.0942178,130.9057822,3.910314609,0,0.436352607,57.61474938,149.54,1.1938,1.8542,2.3368,2.8321,4.712430427,7.319306833,9.224331899,11.1794892,3.2512,12.83385308,169.0942178,293.2266932,171.6578376,7.319306833,11.1794892,124.1324754,5
B00455,B00455_R1,451,Gate_1,Orange_5,3,7,1.0668,2.032,142.54,0.762,2.032,144.94,7,8,-2.4,0.2032,0.762,1.9812,2.032,2.6416,2.3368,3.556,1,3,3,300,0,3,7,2.2352,1.1176,2.048933333,0,142.54,144.94,7,8,2.6416,2.3368,-1,-2.4,-0.3048,6.1976,30.46453243,173.0045324,126.9954676,0,0,0.423318225,48.40583452,149.54,0,2.048933333,1.3462,2.0574,0,8.088001158,5.31401729,8.12142265,2.6416,10.42750563,173.0045324,291.7227261,172.3596889,8.088001158,8.12142265,118.7181937,4
B00455,B00455_R1,421,Orange_5,Purple_5,4,7,1.0668,2.032,142.54,0.762,2.032,144.94,7,8,-2.4,1.9812,2.032,1.0668,2.032,1.4224,1.7272,1.4224,3,3,3,300,0,4,7,2.6416,1.7272,1.9304,0.8128,142.54,144.94,7,8,1.4224,1.7272,-1,-2.4,0.3048,2.8448,17.22962144,159.7696214,140.2303786,13.23491099,0,0.467434595,105.4555681,149.54,0.8128,1.9304,0,1.871133333,3.208463269,7.620100264,0,7.386149818,1.4224,5.614810721,159.7696214,291.2214037,182.7871946,7.620100264,7.386149818,131.4517823,3
B00455,B00455_R1,455,Purple_2,Gate_4,5,7,1.0668,2.032,142.54,0.762,2.032,144.94,7,8,-2.4,0.762,2.54,0.2032,1.9812,0.8128,0.508,1.1176,2,3,3,300,0,5,7,1.845733333,0,1.9304,0.8128,142.54,144.94,7,8,0.8128,0.508,-1,-2.4,-0.3048,1.9304,13.62010026,156.1601003,143.8398997,16.84443216,0,0.479466332,155.4082056,149.54,0.8128,1.9304,0.8128,1.4986,3.208463269,7.620100264,3.208463269,5.915604153,0.8128,3.208463269,156.1601003,296.8362144,186.3967157,7.620100264,5.915604153,140.6761142,2
B00455,B00455_R1,422,Purple_1,Orange_7,6,7,1.0668,2.032,142.54,0.762,2.032,144.94,7,8,-2.4,0.4572,2.54,2.54,1.6002,1.1176,0.8128,3.0226,3,3,3,300,0,6,7,1.9812,0.8128,2.5908,1.4986,142.54,144.94,7,8,1.1176,0.8128,-1,-2.4,-0.3048,4.1402,22.34310978,164.8831098,135.1168902,8.12142265,0,0.450389634,72.46026762,149.54,1.4986,2.5908,0.8128,1.1303,5.915604153,10.22697667,3.208463269,4.461769234,1.1176,4.411636995,164.8831098,295.6330407,193.3149647,10.22697667,4.461769234,130.7499309,1
B00455,B00455_R1,426,Green_1,Gate_4,7,7,1.0668,2.032,142.54,0.762,2.032,144.94,7,8,-2.4,1.6764,0.2032,0.2032,1.9812,2.9464,3.2512,3.2512,2,3,3,300,0,7,7,2.794,1.4224,1.5748,0.8128,142.54,144.94,7,8,2.9464,3.2512,-1,-2.4,0.3048,6.1976,30.46453243,173.0045324,126.9954676,0,0,0.423318225,48.40583452,149.54,0.8128,1.5748,2.2606,2.9718,3.208463269,6.216397584,8.923538468,11.73094383,2.9464,11.63067935,173.0045324,294.1290735,161.1300675,6.216397584,11.73094383,121.1245411,0
B00456,B00456_R2,445,Gate_1,Orange_2,1,7,0.2032,1.9812,147.63,0.762,2.032,136.41,8,7,11.22,0.2032,0.762,1.9812,2.54,1.7272,2.3368,3.556,1,3,3,300,1,1,7,1.8542,0.889,2.7178,0.508,136.41,147.63,7,8,2.3368,1.7272,-1,-11.22,-0.6096,5.8928,29.2613587,165.6713587,134.3286413,8.422216082,0,0.447762138,50.90958458,143.41,0.508,2.7178,0.8128,1.7145,2.005289543,10.72829906,3.208463269,6.767852209,2.3368,9.224331899,165.6713587,316.2736561,220.9879604,10.72829906,6.767852209,150.6022974,6
B00456,B00456_R2,452,Orange_5,Gate_3,2,7,0.2032,1.9812,147.63,0.762,2.032,136.41,8,7,11.22,1.9812,2.032,0.2032,1.6002,2.3368,1.7272,2.7178,2,3,3,300,1,2,7,3.2258,2.6416,1.9304,0.9652,136.41,147.63,7,8,1.7272,2.3368,-1,-11.22,0.6096,4.445,23.5462835,159.9562835,140.0437165,14.13729128,0,0.466812388,67.49156355,143.41,0.9652,1.9304,0.508,2.3876,3.810050132,7.620100264,2.005289543,9.424860853,1.7272,6.817984447,159.9562835,317.4768298,208.0538428,7.620100264,9.424860853,157.5205463,5
B00456,B00456_R2,440,Gate_2,Green_6,3,7,0.2032,1.9812,147.63,0.762,2.032,136.41,8,7,11.22,0.2032,1.143,2.54,0.762,1.3462,1.9558,2.7178,1,3,3,300,1,3,7,1.833033333,0,2.0955,0.8128,136.41,147.63,7,8,1.9558,1.3462,-1,-11.22,-0.6096,4.6736,24.4486638,160.8586638,139.1413362,13.23491099,0,0.463804454,64.19034577,143.41,0.8128,2.0955,0.9652,1.6891,3.208463269,8.271819366,3.810050132,6.667587731,1.9558,7.720364742,160.8586638,318.3792101,211.0617771,8.271819366,6.667587731,157.5205463,4
B00456,B00456_R2,456,Green_3,Purple_1,4,7,0.2032,1.9812,147.63,0.762,2.032,136.41,8,7,11.22,2.286,0.2032,0.4572,2.54,3.8608,3.8608,4.1656,3,3,3,300,1,4,7,2.413,1.1176,2.2606,1.651,136.41,147.63,7,8,3.8608,3.8608,-1,-11.22,0,8.0264,37.68357478,174.0935748,125.9064252,0,0,0.419688084,37.37665703,143.41,1.651,2.2606,0.8128,2.5781,6.517191016,8.923538468,3.208463269,10.17684443,3.8608,15.24020053,174.0935748,310.2577875,201.7371808,8.923538468,10.17684443,136.1642127,3
B00456,B00456_R2,442,Gate_2,Yellow_1,5,7,0.2032,1.9812,147.63,0.762,2.032,136.41,8,7,11.22,0.2032,1.143,0.4572,0.2032,1.3462,1.9558,1.1938,1,3,3,300,1,5,7,1.833033333,0,1.7907,0.8128,136.41,147.63,7,8,1.9558,1.3462,-1,-11.22,-0.6096,3.1496,18.43279517,154.8427952,145.1572048,19.25077962,0,0.483857349,95.2501905,143.41,0.8128,1.7907,0.9652,1.9431,3.208463269,7.06864564,3.810050132,7.670232503,1.9558,7.720364742,154.8427952,318.3792101,209.8586034,7.06864564,7.670232503,163.536415,2
B00456,B00456_R2,454,Yellow_2,Yellow_1,6,7,0.2032,1.9812,147.63,0.762,2.032,136.41,8,7,11.22,0.762,0.2032,0.4572,0.2032,2.3368,2.9464,0.8128,3,3,3,300,1,6,7,1.8542,1.1176,1.8542,0.8128,136.41,147.63,7,8,2.9464,2.3368,-1,-11.22,-0.6096,3.7592,20.83914262,157.2491426,142.7508574,16.84443216,0,0.475836191,79.80421366,143.41,0.8128,1.8542,0.8128,2.3749,3.208463269,7.319306833,3.208463269,9.374728615,2.9464,11.63067935,157.2491426,313.8673086,208.9562231,7.319306833,9.374728615,156.618166,1
B00456,B00456_R2,450,Green_1,Purple_4,7,7,0.2032,1.9812,147.63,0.762,2.032,136.41,8,7,11.22,1.6764,0.2032,0.762,2.032,3.2512,3.2512,3.2512,3,3,3,300,1,7,7,2.1082,1.1176,2.4638,1.7272,136.41,147.63,7,8,3.2512,3.2512,-1,-11.22,0,6.5024,31.66770615,168.0777062,131.9222938,6.01586863,0,0.439740979,46.13681102,143.41,1.7272,2.4638,1.4224,2.4257,6.817984447,9.725654285,5.614810721,9.575257569,3.2512,12.83385308,168.0777062,315.0704824,212.5657443,9.725654285,9.575257569,146.9927762,0
B00457,B00457_R1,457,Gate_1,Yellow_1,1,7,0.2032,1.9812,135.72,0.762,2.032,164.75,7,8,-29.03,0.2032,0.762,0.4572,0.2032,1.7272,2.3368,0.8128,1,3,3,300,0,1,7,1.845733333,0,2.032,0.8128,135.72,164.75,7,8,1.7272,2.3368,-1,-29.03,0.6096,2.54,16.02644772,151.7464477,148.2535523,15.64125844,0,0.494178508,118.1102362,142.72,0.8128,2.032,1.3462,2.3622,3.208463269,8.021158173,5.31401729,9.324596376,1.7272,6.817984447,151.7464477,288.5122473,186.3967157,8.021158173,9.324596376,136.7657995,6
B00457,B00457_R1,453,Yellow_4,Gate_3,2,7,0.2032,1.9812,135.72,0.762,2.032,164.75,7,8,-29.03,0.762,0.7112,0.2032,1.6002,2.3368,2.9464,1.9558,2,3,3,300,0,2,7,2.1336,1.1176,1.8288,1.1938,135.72,164.75,7,8,2.3368,2.9464,-1,-29.03,0.6096,4.2926,22.94469664,158.6646966,141.3353034,8.723009513,0,0.471117678,69.88771374,142.72,1.1938,1.8288,0.8128,2.5781,4.712430427,7.219042356,3.208463269,10.17684443,2.3368,9.224331899,158.6646966,284.0003458,174.6657719,7.219042356,10.17684443,125.3356492,5
B00457,B00457_R1,422,Purple_1,Orange_7,3,7,0.2032,1.9812,135.72,0.762,2.032,164.75,7,8,-29.03,0.4572,2.54,2.54,1.6002,0.8128,0.8128,3.0226,3,3,3,300,0,3,7,2.1844,0.8128,2.667,1.4986,135.72,164.75,7,8,0.8128,0.8128,-1,-29.03,0,3.8354,21.13993605,156.8599361,143.1400639,10.5277701,0,0.477133546,78.21869948,142.72,1.4986,2.667,0.8128,1.3843,5.915604153,10.5277701,3.208463269,5.464414005,0.8128,3.208463269,156.8599361,290.0162144,196.322899,10.5277701,5.464414005,133.1562784,4
B00457,B00457_R1,455,Purple_2,Gate_4,4,7,0.2032,1.9812,135.72,0.762,2.032,164.75,7,8,-29.03,0.762,2.54,0.2032,1.9812,1.1176,0.508,1.1176,2,3,3,300,0,4,7,2.2352,0.8128,2.032,0.8128,135.72,164.75,7,8,1.1176,0.508,-1,-29.03,-0.6096,2.2352,14.82327399,150.543274,149.456726,16.84443216,0,0.498189087,134.2161775,142.72,0.8128,2.032,0.8128,1.7526,3.208463269,8.021158173,3.208463269,6.918248924,1.1176,4.411636995,150.543274,288.8130407,187.5998895,8.021158173,6.918248924,138.2697667,3
B00457,B00457_R1,451,Gate_1,Orange_5,5,7,0.2032,1.9812,135.72,0.762,2.032,164.75,7,8,-29.03,0.2032,0.762,1.9812,2.032,1.7272,2.3368,3.556,1,3,3,300,0,5,7,1.845733333,0,2.353733333,0,135.72,164.75,7,8,1.7272,2.3368,-1,-29.03,0.6096,5.2832,26.85501125,162.5750113,137.4249887,4.812694904,0,0.458083296,56.78376741,142.72,0,2.353733333,0.8128,1.905,0,9.291174884,3.208463269,7.519835787,1.7272,6.817984447,162.5750113,286.4066932,183.1882525,9.291174884,7.519835787,123.831682,2
B00457,B00457_R1,421,Orange_5,Purple_5,6,7,0.2032,1.9812,135.72,0.762,2.032,164.75,7,8,-29.03,1.9812,2.032,1.0668,2.032,2.3368,1.7272,1.4224,3,3,3,300,0,6,7,2.9464,1.7272,2.2352,0.8128,135.72,164.75,7,8,2.3368,1.7272,-1,-29.03,-0.6096,3.7592,20.83914262,156.5591426,143.4408574,10.82856353,0,0.478136191,79.80421366,142.72,0.8128,2.2352,0,2.125133333,3.208463269,8.82327399,0,8.388794589,2.3368,9.224331899,156.5591426,280.7918825,186.3967157,8.82327399,8.388794589,124.2327399,1
B00457,B00457_R1,426,Green_1,Gate_4,7,7,0.2032,1.9812,135.72,0.762,2.032,164.75,7,8,-29.03,1.6764,0.2032,0.2032,1.9812,3.2512,3.2512,3.2512,2,3,3,300,0,7,7,2.5908,1.4224,1.6764,0.8128,135.72,164.75,7,8,3.2512,3.2512,-1,-29.03,0,6.5024,31.66770615,167.3877062,132.6122938,0,0,0.442040979,46.13681102,142.72,0.8128,1.6764,1.7272,2.7178,3.208463269,6.617455493,6.817984447,10.72829906,3.2512,12.83385308,167.3877062,284.0003458,162.3332412,6.617455493,10.72829906,116.6126396,0
B00458,B00458_R1,426,Green_1,Gate_4,1,8,0.2032,1.9812,153.81,0.762,2.032,148.04,8,7,5.77,1.6764,0.2032,0.2032,1.9812,3.2512,3.2512,3.2512,2,3,3,300,0,1,8,2.293257143,0.508,1.901371429,0.8128,153.81,148.04,8,7,3.2512,3.2512,1,5.77,0,6.5024,31.66770615,185.4777062,114.5222938,0,0,0.381740979,46.13681102,161.81,0.8128,1.901371429,1.7272,2.794,3.208463269,7.505512291,6.817984447,11.02909249,3.2512,12.83385308,185.4777062,333.7580519,206.8348005,7.505512291,11.02909249,148.2803458,7
B00458,B00458_R1,457,Gate_1,Yellow_1,2,8,0.2032,1.9812,153.81,0.762,2.032,148.04,8,7,5.77,0.2032,0.762,0.4572,0.2032,1.7272,2.3368,0.8128,1,3,3,300,0,2,8,1.872342857,0,1.988457143,0.8128,153.81,148.04,8,7,1.7272,2.3368,1,5.77,0.6096,2.54,16.02644772,169.8364477,130.1635523,15.64125844,0,0.433878508,118.1102362,161.81,0.8128,1.988457143,1.3462,2.271485714,3.208463269,7.849276212,5.31401729,8.966508958,1.7272,6.817984447,169.8364477,338.2699534,224.8824063,7.849276212,8.966508958,168.4335057,6
B00458,B00458_R1,453,Yellow_4,Gate_3,3,8,0.2032,1.9812,153.81,0.762,2.032,148.04,8,7,5.77,0.762,0.7112,0.2032,1.6002,2.3368,2.9464,1.9558,2,3,3,300,0,3,8,2.032,1.1176,1.977571429,1.1938,153.81,148.04,8,7,2.3368,2.9464,1,5.77,0.6096,4.2926,22.94469664,176.7546966,123.2453034,8.723009513,0,0.410817678,69.88771374,161.81,1.1938,1.977571429,0.8128,2.543628571,4.712430427,7.806305722,3.208463269,10.04077121,2.3368,9.224331899,176.7546966,333.7580519,217.663364,7.806305722,10.04077121,157.0033553,5
B00458,B00458_R1,451,Gate_1,Orange_5,4,8,0.2032,1.9812,153.81,0.762,2.032,148.04,8,7,5.77,0.2032,0.762,1.9812,2.032,1.7272,2.3368,3.556,1,3,3,300,0,4,8,1.872342857,0,2.481942857,0,153.81,148.04,8,7,1.7272,2.3368,1,5.77,0.6096,5.2832,26.85501125,180.6650113,119.3349887,4.812694904,0,0.397783296,56.78376741,161.81,0,2.481942857,0.8128,1.8796,0,9.797271769,3.208463269,7.41957131,1.7272,6.817984447,180.6650113,336.1643994,227.6898117,9.797271769,7.41957131,155.4993881,4
B00458,B00458_R1,421,Orange_5,Purple_5,5,8,0.2032,1.9812,153.81,0.762,2.032,148.04,8,7,5.77,1.9812,2.032,1.0668,2.032,2.3368,1.7272,1.4224,3,3,3,300,0,5,8,2.989942857,1.7272,2.3368,0.8128,153.81,148.04,8,7,2.3368,1.7272,1,5.77,-0.6096,3.7592,20.83914262,174.6491426,125.3508574,10.82856353,0,0.417836191,79.80421366,161.81,0.8128,2.3368,0,2.155371429,3.208463269,9.224331899,0,8.508157062,2.3368,9.224331899,174.6491426,330.5495887,229.6951013,9.224331899,8.508157062,155.9004461,3
B00458,B00458_R1,455,Purple_2,Gate_4,6,8,0.2032,1.9812,153.81,0.762,2.032,148.04,8,7,5.77,0.762,2.54,0.2032,1.9812,1.1176,0.508,1.1176,2,3,3,300,0,6,8,2.380342857,0.8128,2.206171429,0.8128,153.81,148.04,8,7,1.1176,0.508,1,5.77,-0.6096,2.2352,14.82327399,168.633274,131.366726,16.84443216,0,0.437889087,134.2161775,161.81,0.8128,2.206171429,0.8128,1.661885714,3.208463269,8.708686017,3.208463269,6.560161506,1.1176,4.411636995,168.633274,338.5707469,232.1014487,8.708686017,6.560161506,169.9374729,2
B00458,B00458_R1,422,Purple_1,Orange_7,7,8,0.2032,1.9812,153.81,0.762,2.032,148.04,8,7,5.77,0.4572,2.54,2.54,1.6002,0.8128,0.8128,3.0226,3,3,3,300,0,7,8,2.380342857,0.8128,2.608942857,1.4986,153.81,148.04,8,7,0.8128,0.8128,1,5.77,0,3.8354,21.13993605,174.9499361,125.0500639,10.5277701,0,0.416833546,78.21869948,161.81,1.4986,2.608942857,0.8128,1.302657143,5.915604153,10.29859415,3.208463269,5.142135329,0.8128,3.208463269,174.9499361,339.7739206,236.9141436,10.29859415,5.142135329,164.8239845,1
B00458,B00458_R1,458,Green_4,Gate_4,8,8,0.2032,1.9812,153.81,0.762,2.032,148.04,8,7,5.77,1.6764,0.7112,0.2032,1.9812,3.2512,3.2512,3.2512,2,3,3,300,0,8,8,2.293257143,0.508,1.901371429,0.8128,153.81,148.04,8,7,3.2512,3.2512,1,5.77,0,6.5024,31.66770615,185.4777062,114.5222938,0,0,0.381740979,46.13681102,161.81,0.8128,1.901371429,1.7272,2.794,3.208463269,7.505512291,6.817984447,11.02909249,3.2512,12.83385308,185.4777062,333.7580519,206.8348005,7.505512291,11.02909249,148.2803458,0
B00459,B00459_R2,452,Orange_5,Gate_3,1,7,0.2032,1.9812,164.83,0.762,2.032,138.3,8,7,26.53,1.9812,2.032,0.2032,1.6002,2.3368,1.7272,2.7178,2,3,3,300,1,1,7,2.8829,1.4986,2.0955,0.9652,138.3,164.83,7,8,1.7272,2.3368,-1,-26.53,0.6096,4.445,23.5462835,161.8462835,138.1537165,14.13729128,0,0.460512388,67.49156355,145.3,0.9652,2.0955,1.4224,2.54,3.810050132,8.271819366,5.614810721,10.02644772,1.7272,6.817984447,161.8462835,319.9684167,208.9562231,8.271819366,10.02644772,158.1221332,6
B00459,B00459_R2,440,Gate_2,Green_6,2,7,0.2032,1.9812,164.83,0.762,2.032,138.3,8,7,26.53,0.2032,1.143,2.54,0.762,1.3462,1.9558,2.7178,1,3,3,300,1,2,7,2.150533333,0,1.8288,0.8128,138.3,164.83,7,8,1.9558,1.3462,-1,-26.53,-0.6096,4.6736,24.4486638,162.7486638,137.2513362,13.23491099,0,0.457504454,64.19034577,145.3,0.8128,1.8288,0.9652,1.5367,3.208463269,7.219042356,3.810050132,6.066000868,1.9558,7.720364742,162.7486638,317.2612758,201.7371808,7.219042356,6.066000868,154.512612,5
B00459,B00459_R2,456,Green_3,Purple_1,3,7,0.2032,1.9812,164.83,0.762,2.032,138.3,8,7,26.53,2.286,0.2032,0.4572,2.54,3.8608,3.8608,4.1656,3,3,3,300,1,3,7,2.2479,1.1176,2.4257,1.651,138.3,164.83,7,8,3.8608,3.8608,-1,-26.53,0,8.0264,37.68357478,175.9835748,124.0164252,0,0,0.413388084,37.37665703,145.3,1.651,2.4257,0.8128,2.7305,6.517191016,9.575257569,3.208463269,10.7784313,3.8608,15.24020053,175.9835748,309.1398532,202.639561,9.575257569,10.7784313,133.1562784,4
B00459,B00459_R2,442,Gate_2,Yellow_1,4,7,0.2032,1.9812,164.83,0.762,2.032,138.3,8,7,26.53,0.2032,1.143,0.4572,0.2032,1.3462,1.9558,1.1938,1,3,3,300,1,4,7,2.150533333,0,2.2352,0.8128,138.3,164.83,7,8,1.9558,1.3462,-1,-26.53,-0.6096,3.1496,18.43279517,156.7327952,143.2672048,19.25077962,0,0.477557349,95.2501905,145.3,0.8128,2.2352,0.9652,1.7907,3.208463269,8.82327399,3.810050132,7.06864564,1.9558,7.720364742,156.7327952,317.2612758,217.3784392,8.82327399,7.06864564,160.5284806,3
B00459,B00459_R2,454,Yellow_2,Yellow_1,5,7,0.2032,1.9812,164.83,0.762,2.032,138.3,8,7,26.53,0.762,0.2032,0.4572,0.2032,2.3368,2.9464,0.8128,3,3,3,300,1,5,7,2.1971,1.4224,2.2987,1.1938,138.3,164.83,7,8,2.9464,2.3368,-1,-26.53,-0.6096,3.7592,20.83914262,159.1391426,140.8608574,16.84443216,0,0.469536191,79.80421366,145.3,1.1938,2.2987,0.8128,2.3241,4.712430427,9.073935183,3.208463269,9.174199661,2.9464,11.63067935,159.1391426,312.7493743,216.4760589,9.073935183,9.174199661,153.6102317,2
B00459,B00459_R2,450,Green_1,Purple_4,6,7,0.2032,1.9812,164.83,0.762,2.032,138.3,8,7,26.53,1.6764,0.2032,0.762,2.032,3.2512,3.2512,3.2512,3,3,3,300,1,6,7,2.1463,1.1176,2.5273,1.7272,138.3,164.83,7,8,3.2512,3.2512,-1,-26.53,0,6.5024,31.66770615,169.9677062,130.0322938,6.01586863,0,0.433440979,46.13681102,145.3,1.7272,2.5273,1.4224,2.3749,6.817984447,9.976315478,5.614810721,9.374728615,3.2512,12.83385308,169.9677062,313.9525481,211.0617771,9.976315478,9.374728615,143.9848419,1
B00459,B00459_R2,459,Orange_7,Purple_3,7,7,0.2032,1.9812,164.83,0.762,2.032,138.3,8,7,26.53,2.54,1.6002,1.0668,2.54,2.7178,2.7178,2.413,3,3,3,300,1,7,7,2.3622,1.4986,2.6162,1.4224,138.3,164.83,7,8,2.7178,2.7178,-1,-26.53,0,5.1308,26.25342439,164.5534244,135.4465756,11.4301504,0,0.451488585,58.47041397,145.3,1.4224,2.6162,1.3462,2.7305,5.614810721,10.32724115,5.31401729,10.7784313,2.7178,10.72829906,164.5534244,315.7573086,218.5816129,10.32724115,10.7784313,151.2038843,0
B00460,B00460_R2,442,Gate_2,Yellow_1,1,7,0.2032,1.9812,149.23,1.0668,2.54,147.84,8,7,1.4,0.2032,1.143,0.4572,0.2032,1.3462,2.2606,1.1938,1,3,3,300,1,1,7,2.099733333,0,2.1844,0.8128,147.84,149.23,7,8,2.2606,1.3462,-1,-1.39,-0.9144,3.4544,19.63596889,167.4759689,132.5240311,16.84443216,0,0.44174677,86.84576193,154.84,0.8128,2.1844,0.9652,1.7907,3.208463269,8.622745036,3.810050132,7.06864564,2.2606,8.923538468,167.4759689,321.9885809,211.3625706,8.622745036,7.06864564,154.512612,6
B00460,B00460_R2,454,Yellow_2,Yellow_1,2,7,0.2032,1.9812,149.23,1.0668,2.54,147.84,8,7,1.4,0.762,0.2032,0.4572,0.2032,2.3368,3.2512,0.8128,3,3,3,300,1,2,7,2.1463,1.4224,2.2479,1.1938,147.84,149.23,7,8,3.2512,2.3368,-1,-1.39,-0.9144,4.064,22.04231635,169.8823163,130.1176837,14.43808471,0,0.433725612,73.81889764,154.84,1.1938,2.2479,0.8128,2.3241,4.712430427,8.873406229,3.208463269,9.174199661,3.2512,12.83385308,169.8823163,317.4766794,210.4601903,8.873406229,9.174199661,147.5943631,5
B00460,B00460_R2,450,Green_1,Purple_4,3,7,0.2032,1.9812,149.23,1.0668,2.54,147.84,8,7,1.4,1.6764,0.2032,0.762,2.032,3.2512,2.9464,3.2512,3,3,3,300,1,3,7,2.0955,1.1176,2.4765,1.4224,147.84,149.23,7,8,2.9464,3.2512,-1,-1.39,0.3048,6.1976,30.46453243,178.3045324,121.6954676,6.01586863,0,0.405651559,48.40583452,154.84,1.4224,2.4765,1.4224,2.3749,5.614810721,9.775786524,5.614810721,9.374728615,2.9464,11.63067935,178.3045324,321.0862006,207.452256,9.775786524,9.374728615,142.7816682,4
B00460,B00460_R2,459,Orange_7,Purple_3,4,7,0.2032,1.9812,149.23,1.0668,2.54,147.84,8,7,1.4,2.54,1.6002,1.0668,2.54,2.7178,2.413,2.413,3,3,3,300,1,4,7,2.413,1.651,2.5654,1.1176,147.84,149.23,7,8,2.413,2.7178,-1,-1.39,0.3048,4.826,25.05025066,172.8902507,127.1097493,11.4301504,0,0.423699164,62.16328222,154.84,1.1176,2.5654,1.3462,2.7305,4.411636995,10.12671219,5.31401729,10.7784313,2.413,9.525125331,172.8902507,322.8909612,214.9720917,10.12671219,10.7784313,150.0007105,3
B00460,B00460_R2,460,Orange_1,Gate_3,5,7,0.2032,1.9812,149.23,1.0668,2.54,147.84,8,7,1.4,1.6764,2.54,0.2032,1.6002,2.032,1.1176,2.413,2,3,3,300,1,5,7,2.7813,1.8034,2.0955,0.9652,147.84,149.23,7,8,1.1176,2.032,-1,-1.39,0.9144,3.5306,19.93676233,167.7767623,132.2232377,16.54363873,0,0.440744126,84.97139296,154.84,0.9652,2.0955,1.1176,2.3368,3.810050132,8.271819366,4.411636995,9.224331899,1.1176,4.411636995,167.7767623,327.1020692,208.9562231,8.271819366,9.224331899,159.3253069,2
B00460,B00460_R2,440,Gate_2,Green_6,6,7,0.2032,1.9812,149.23,1.0668,2.54,147.84,8,7,1.4,0.2032,1.143,2.54,0.762,1.3462,2.2606,2.7178,1,3,3,300,1,6,7,2.099733333,0,1.8796,0.8128,147.84,149.23,7,8,2.2606,1.3462,-1,-1.39,-0.9144,4.9784,25.65183752,173.4918375,126.5081625,10.82856353,0,0.421693875,60.2603246,154.84,0.8128,1.8796,0.9652,1.5367,3.208463269,7.41957131,3.810050132,6.066000868,2.2606,8.923538468,173.4918375,321.9885809,198.1276596,7.41957131,6.066000868,148.4967434,1
B00460,B00460_R2,456,Green_3,Purple_1,7,7,0.2032,1.9812,149.23,1.0668,2.54,147.84,8,7,1.4,2.286,0.2032,0.4572,2.54,3.8608,3.556,4.1656,3,3,3,300,1,7,7,2.2987,1.1176,2.3749,1.651,147.84,149.23,7,8,3.556,3.8608,-1,-1.39,0.3048,7.7216,36.48040106,184.3204011,115.6795989,0,0,0.385598663,38.85205139,154.84,1.651,2.3749,0.8128,2.7305,6.517191016,9.374728615,3.208463269,10.7784313,3.556,14.0370268,184.3204011,316.2735057,199.0300399,9.374728615,10.7784313,131.9531046,0
B00461,B00461_R1,458,Green_4,Gate_4,1,7,0.2032,1.9812,133.64,0.4572,2.54,159.9,7,8,-26.26,1.6764,0.7112,0.2032,1.9812,3.2512,3.556,3.2512,2,3,3,300,0,1,7,2.6543,1.4224,1.6129,0.8128,133.64,159.9,7,8,3.2512,3.556,-1,-26.26,0.3048,6.5024,31.66770615,165.3077062,134.6922938,0,0,0.448974313,46.13681102,140.64,0.8128,1.6129,1.4224,2.667,3.208463269,6.3667943,5.614810721,10.5277701,3.2512,12.83385308,165.3077062,281.9203458,162.0324478,6.3667943,10.5277701,116.6126396,6
B00461,B00461_R1,461,Gate_2,Yellow_4,2,7,0.2032,1.9812,133.64,0.4572,2.54,159.9,7,8,-26.26,0.2032,1.143,0.762,0.7112,1.3462,1.651,1.4986,1,3,3,300,0,2,7,1.9304,0.889,1.947333333,0,133.64,159.9,7,8,1.3462,1.651,-1,-26.26,0.3048,2.8448,17.22962144,150.8696214,149.1303786,14.43808471,0,0.497101262,105.4555681,140.64,0,1.947333333,0.9652,1.9812,0,7.686943249,3.810050132,7.820629219,1.3462,5.31401729,150.8696214,287.635421,184.3914262,7.686943249,7.820629219,136.7657995,5
B00461,B00461_R1,453,Yellow_4,Gate_3,3,7,0.2032,1.9812,133.64,0.4572,2.54,159.9,7,8,-26.26,0.762,0.7112,0.2032,1.6002,2.3368,2.6416,1.9558,2,3,3,300,0,3,7,2.1971,1.1176,1.7653,0.9652,133.64,159.9,7,8,2.3368,2.6416,-1,-26.26,0.3048,4.2926,22.94469664,156.5846966,143.4153034,8.723009513,0,0.478051011,69.88771374,140.64,0.9652,1.7653,0,2.442633333,3.810050132,6.968381163,0,9.642100554,2.3368,9.224331899,156.5846966,279.9150563,174.3649785,6.968381163,9.642100554,123.3303596,4
B00461,B00461_R1,451,Gate_1,Orange_5,4,7,0.2032,1.9812,133.64,0.4572,2.54,159.9,7,8,-26.26,0.2032,0.762,1.9812,2.032,1.7272,2.032,3.556,1,3,3,300,0,4,7,1.9939,0.889,2.290233333,0,133.64,159.9,7,8,1.7272,2.032,-1,-26.26,0.3048,5.2832,26.85501125,160.4950113,139.5049887,4.812694904,0,0.465016629,56.78376741,140.64,0,2.290233333,1.1176,1.9558,0,9.040513691,4.411636995,7.720364742,1.7272,6.817984447,160.4950113,286.7330407,182.887459,9.040513691,7.720364742,126.2380294,3
B00461,B00461_R1,422,Purple_1,Orange_7,5,7,0.2032,1.9812,133.64,0.4572,2.54,159.9,7,8,-26.26,0.4572,2.54,2.54,1.6002,0.8128,0,3.0226,3,3,3,300,0,5,7,2.1209,0.8128,2.6035,1.4986,133.64,159.9,7,8,0.8128,0,-1,-26.26,-0.8128,3.8354,21.13993605,154.7799361,145.2200639,10.5277701,0,0.48406688,78.21869948,140.64,1.4986,2.6035,0.8128,1.4351,5.915604153,10.27710891,3.208463269,5.66494296,0.8128,3.208463269,154.7799361,289.1393881,196.0221056,10.27710891,5.66494296,134.3594521,2
B00461,B00461_R1,421,Orange_5,Purple_5,6,7,0.2032,1.9812,133.64,0.4572,2.54,159.9,7,8,-26.26,1.9812,2.032,1.0668,2.032,2.3368,2.032,1.4224,3,3,3,300,0,6,7,2.8829,1.7272,2.1717,0.8128,133.64,159.9,7,8,2.3368,2.032,-1,-26.26,-0.3048,3.7592,20.83914262,154.4791426,145.5208574,10.82856353,0,0.485069525,79.80421366,140.64,0.8128,2.1717,0,2.074333333,3.208463269,8.572612798,0,8.188265635,2.3368,9.224331899,154.4791426,279.9150563,186.0959223,8.572612798,8.188265635,125.4359136,1
B00461,B00461_R1,455,Purple_2,Gate_4,7,7,0.2032,1.9812,133.64,0.4572,2.54,159.9,7,8,-26.26,0.762,2.54,0.2032,1.9812,1.1176,0.8128,1.1176,2,3,3,300,0,7,7,2.1717,0.8128,1.9685,0.8128,133.64,159.9,7,8,1.1176,0.8128,-1,-26.26,-0.3048,2.2352,14.82327399,148.463274,151.536726,16.84443216,0,0.50512242,134.2161775,140.64,0.8128,1.9685,0.8128,1.8034,3.208463269,7.77049698,3.208463269,7.118777879,1.1176,4.411636995,148.463274,287.9362144,187.299096,7.77049698,7.118777879,139.4729404,0
B00462,B00462_R1,451,Gate_1,Orange_5,1,8,0.2032,1.9812,146.54,0.4572,2.54,146.33,8,7,0.21,0.2032,0.762,1.9812,2.032,1.7272,2.032,3.556,1,3,3,300,0,1,8,1.836057143,0.889,2.416628571,0,146.54,146.33,8,7,1.7272,2.032,1,0.21,0.3048,5.2832,26.85501125,173.3950113,126.6049887,4.812694904,0,0.422016629,56.78376741,154.54,0,2.416628571,1.1176,2.1844,0,9.539448827,4.411636995,8.622745036,1.7272,6.817984447,173.3950113,323.4801176,219.2675956,9.539448827,8.622745036,150.0851064,7
B00462,B00462_R1,421,Orange_5,Purple_5,2,8,0.2032,1.9812,146.54,0.4572,2.54,146.33,8,7,0.21,1.9812,2.032,1.0668,2.032,2.3368,2.032,1.4224,3,3,3,300,0,2,8,2.924628571,1.7272,2.1844,0.8128,146.54,146.33,8,7,2.3368,2.032,1,0.21,-0.3048,3.7592,20.83914262,167.3791426,132.6208574,10.82856353,0,0.442069525,79.80421366,154.54,0.8128,2.1844,0,1.850571429,3.208463269,8.622745036,0,7.304983336,2.3368,9.224331899,167.3791426,316.6621332,218.8665377,8.622745036,7.304983336,149.2829906,6
B00462,B00462_R1,455,Purple_2,Gate_4,3,8,0.2032,1.9812,146.54,0.4572,2.54,146.33,8,7,0.21,0.762,2.54,0.2032,1.9812,1.1176,0.8128,1.1176,2,3,3,300,0,3,8,2.140857143,0.8128,1.8796,0.8128,146.54,146.33,8,7,1.1176,0.8128,1,0.21,-0.3048,2.2352,14.82327399,161.363274,138.636726,16.84443216,0,0.46212242,134.2161775,154.54,0.8128,1.8796,0.8128,1.792514286,3.208463269,7.41957131,3.208463269,7.075807388,1.1176,4.411636995,161.363274,324.6832914,216.4601903,7.41957131,7.075807388,163.3200174,5
B00462,B00462_R1,422,Purple_1,Orange_7,4,8,0.2032,1.9812,146.54,0.4572,2.54,146.33,8,7,0.21,0.4572,2.54,2.54,1.6002,0.8128,0,3.0226,3,3,3,300,0,4,8,2.053771429,0.8128,2.630714286,1.4986,146.54,146.33,8,7,0.8128,0,1,0.21,-0.8128,3.8354,21.13993605,167.6799361,132.3200639,10.5277701,0,0.44106688,78.21869948,154.54,1.4986,2.630714286,0.8128,1.520371429,5.915604153,10.38453513,3.208463269,6.001545133,0.8128,3.208463269,167.6799361,325.8864651,230.898275,10.38453513,6.001545133,158.206529,4
B00462,B00462_R1,458,Green_4,Gate_4,5,8,0.2032,1.9812,146.54,0.4572,2.54,146.33,8,7,0.21,1.6764,0.7112,0.2032,1.9812,3.2512,3.556,3.2512,2,3,3,300,0,5,8,2.619828571,1.4224,1.5748,0.8128,146.54,146.33,8,7,3.2512,3.556,1,0.21,0.3048,6.5024,31.66770615,178.2077062,121.7922938,0,0,0.405974313,46.13681102,154.54,0.8128,1.5748,1.4224,2.750457143,3.208463269,6.216397584,5.614810721,10.85721053,3.2512,12.83385308,178.2077062,318.6674227,191.193542,6.216397584,10.85721053,140.4597166,3
B00462,B00462_R1,461,Gate_2,Yellow_4,6,8,0.2032,1.9812,146.54,0.4572,2.54,146.33,8,7,0.21,0.2032,1.143,0.762,0.7112,1.3462,1.651,1.4986,1,3,3,300,0,6,8,1.654628571,0,1.883228571,0,146.54,146.33,8,7,1.3462,1.651,1,0.21,0.3048,2.8448,17.22962144,163.7696214,136.2303786,14.43808471,0,0.454101262,105.4555681,154.54,0,1.883228571,0.9652,2.151742857,0,7.433894807,3.810050132,8.493833565,1.3462,5.31401729,163.7696214,324.3824979,214.1541073,7.433894807,8.493833565,160.6128765,2
B00462,B00462_R1,453,Yellow_4,Gate_3,7,8,0.2032,1.9812,146.54,0.4572,2.54,146.33,8,7,0.21,0.762,0.7112,0.2032,1.6002,2.3368,2.6416,1.9558,2,3,3,300,0,7,8,2.097314286,1.1176,1.651,0.9652,146.54,146.33,8,7,2.3368,2.6416,1,0.21,0.3048,4.2926,22.94469664,169.4846966,130.5153034,8.723009513,0,0.435051011,69.88771374,154.54,0.9652,1.651,0,2.601685714,3.810050132,6.517191016,0,10.26994716,2.3368,9.224331899,169.4846966,316.6621332,202.0221056,6.517191016,10.26994716,147.1774365,1
B00462,B00462_R1,462,Gate_2,Orange_2,8,8,0.2032,1.9812,146.54,0.4572,2.54,146.33,8,7,0.21,0.2032,1.143,1.9812,2.54,1.3462,1.651,3.175,1,3,3,300,0,8,8,1.654628571,0,2.543628571,0.508,146.54,146.33,8,7,1.3462,1.651,1,0.21,0.3048,4.5212,23.84707694,170.3870769,129.6129231,7.820629219,0,0.432043077,66.35406529,154.54,0.508,2.543628571,0.9652,1.912257143,2.005289543,10.04077121,3.810050132,7.548482781,1.3462,5.31401729,170.3870769,324.3824979,225.7847866,10.04077121,7.548482781,153.995421,0
B00463,B00463_R2,454,Yellow_2,Yellow_1,1,7,1.9812,2.54,151.87,0.4572,2.54,139.44,8,7,12.43,0.762,0.2032,0.4572,0.2032,3.556,2.6416,0.8128,3,3,3,300,1,1,7,2.3876,1.4224,2.4892,1.1938,139.44,151.87,7,8,2.6416,3.556,-1,-12.43,0.9144,3.4544,19.63596889,159.0759689,140.9240311,19.25077962,0,0.46974677,86.84576193,146.44,1.1938,2.4892,1.9558,2.8321,4.712430427,9.825918762,7.720364742,11.1794892,2.6416,10.42750563,159.0759689,318.4012758,220.9879604,9.825918762,11.1794892,159.3253069,6
B00463,B00463_R2,450,Green_1,Purple_4,2,7,1.9812,2.54,151.87,0.4572,2.54,139.44,8,7,12.43,1.6764,0.2032,0.762,2.032,3.2512,3.556,3.2512,3,3,3,300,1,2,7,2.2352,1.1176,2.150533333,0,139.44,151.87,7,8,3.556,3.2512,-1,-12.43,-0.3048,6.8072,32.87087988,172.3108799,127.6891201,6.01586863,0,0.4256304,44.07098366,146.44,0,2.150533333,1.4224,2.5781,0,8.489059067,5.614810721,10.17684443,3.556,14.0370268,172.3108799,312.6862006,199.7318912,8.489059067,10.17684443,140.3753207,5
B00463,B00463_R2,463,Purple_4,Orange_3,3,7,1.9812,2.54,151.87,0.4572,2.54,139.44,8,7,12.43,0.762,2.032,2.286,2.54,1.7272,0.8128,2.032,3,3,3,300,1,3,7,2.6924,1.4224,2.4892,1.1176,139.44,151.87,7,8,0.8128,1.7272,-1,-12.43,0.9144,2.8448,17.22962144,156.6696214,143.3303786,21.65712707,0,0.477767929,105.4555681,146.44,1.1176,2.4892,0,1.553633333,4.411636995,9.825918762,0,6.132843853,0.8128,3.208463269,156.6696214,317.8999534,223.3943078,9.825918762,6.132843853,161.230332,4
B00463,B00463_R2,459,Orange_7,Purple_3,4,7,1.9812,2.54,151.87,0.4572,2.54,139.44,8,7,12.43,2.54,1.6002,1.0668,2.54,1.4986,3.0226,2.413,3,3,3,300,1,4,7,2.4003,1.651,2.3241,0.8128,139.44,151.87,7,8,3.0226,1.4986,-1,-12.43,-1.524,5.4356,27.45659811,166.8965981,133.1034019,11.4301504,0,0.443678006,55.19169917,146.44,0.8128,2.3241,1.1938,2.3495,3.208463269,9.174199661,4.712430427,9.274464138,3.0226,11.93147278,166.8965981,313.8893743,209.2570165,9.174199661,9.274464138,146.9927762,3
B00463,B00463_R2,460,Orange_1,Gate_3,5,7,1.9812,2.54,151.87,0.4572,2.54,139.44,8,7,12.43,1.6764,2.54,0.2032,1.6002,0.8128,1.7272,2.413,2,3,3,300,1,5,7,2.54,1.4224,2.1844,0.9652,139.44,151.87,7,8,1.7272,0.8128,-1,-12.43,-0.9144,4.1402,22.34310978,161.7831098,138.2168902,16.54363873,0,0.460722967,72.46026762,146.44,0.9652,2.1844,1.1176,1.9304,3.810050132,8.622745036,4.411636995,7.620100264,1.7272,6.817984447,161.7831098,318.7020692,211.0617771,8.622745036,7.620100264,156.9189595,2
B00463,B00463_R2,440,Gate_2,Green_6,6,7,1.9812,2.54,151.87,0.4572,2.54,139.44,8,7,12.43,0.2032,1.143,2.54,0.762,3.175,1.651,2.7178,1,3,3,300,1,6,7,2.4257,1.4986,2.0193,0.8128,139.44,151.87,7,8,1.651,3.175,-1,-12.43,1.524,4.3688,23.24549007,162.6854901,137.3145099,15.64125844,0,0.457715033,68.66874199,146.44,0.8128,2.0193,0.9652,1.9177,3.208463269,7.971025935,3.810050132,7.569968026,1.651,6.517191016,162.6854901,318.4012758,206.2490822,7.971025935,7.569968026,155.7157857,1
B00463,B00463_R2,456,Green_3,Purple_1,7,7,1.9812,2.54,151.87,0.4572,2.54,139.44,8,7,12.43,2.286,0.2032,0.4572,2.54,2.6416,4.1656,4.1656,3,3,3,300,1,7,7,2.4384,1.1176,2.2352,0.8128,139.44,151.87,7,8,4.1656,2.6416,-1,-12.43,-1.524,8.3312,38.88674851,178.3267485,121.6732515,0,0,0.405577505,36.00921836,146.44,0.8128,2.2352,0.8128,2.7305,3.208463269,8.82327399,3.208463269,10.7784313,4.1656,16.44337425,178.3267485,307.8735057,195.7213121,8.82327399,10.7784313,129.5467572,0
B00464,B00464_R2,464,Gate_1,Orange_6,1,7,1.9812,2.54,145.58,0.4572,2.54,139.73,8,7,5.85,0.2032,0.762,2.54,1.9812,3.556,2.032,3.556,1,3,3,300,1,1,7,2.3876,0.889,2.0828,0.889,139.73,145.58,7,8,2.032,3.556,-1,-5.85,1.524,5.588,28.05818498,167.788185,132.211815,10.82856353,0,0.44070605,53.68647101,146.73,0.889,2.0828,1.3462,2.5273,3.509256701,8.221687127,5.31401729,9.976315478,2.032,8.021158173,167.788185,327.1134919,211.3625706,8.221687127,9.976315478,159.3253069,6
B00464,B00464_R2,459,Orange_7,Purple_3,2,7,1.9812,2.54,145.58,0.4572,2.54,139.73,8,7,5.85,2.54,1.6002,1.0668,2.54,1.4986,3.0226,2.413,3,3,3,300,1,2,7,2.4003,1.651,2.2225,0.8128,139.73,145.58,7,8,3.0226,1.4986,-1,-5.85,-1.524,5.4356,27.45659811,167.1865981,132.8134019,11.4301504,0,0.44271134,55.19169917,146.73,0.8128,2.2225,0.889,1.9177,3.208463269,8.773141752,3.509256701,7.569968026,3.0226,11.93147278,167.1865981,321.3984167,215.2728852,8.773141752,7.569968026,154.2118186,5
B00464,B00464_R2,460,Orange_1,Gate_3,3,7,1.9812,2.54,145.58,0.4572,2.54,139.73,8,7,5.85,1.6764,2.54,0.2032,1.6002,0.8128,1.7272,2.413,2,3,3,300,1,3,7,2.54,1.4224,2.0828,0.9652,139.73,145.58,7,8,1.7272,0.8128,-1,-5.85,-0.9144,4.1402,22.34310978,162.0731098,137.9268902,16.54363873,0,0.459756301,72.46026762,146.73,0.9652,2.0828,1.1176,1.5748,3.810050132,8.221687127,4.411636995,6.216397584,1.7272,6.817984447,162.0731098,327.4142853,217.0776458,8.221687127,6.216397584,165.3411755,4
B00464,B00464_R2,440,Gate_2,Green_6,4,7,1.9812,2.54,145.58,0.4572,2.54,139.73,8,7,5.85,0.2032,1.143,2.54,0.762,3.175,1.651,2.7178,1,3,3,300,1,4,7,2.3241,0.889,2.1209,0.8128,139.73,145.58,7,8,1.651,3.175,-1,-5.85,1.524,4.3688,23.24549007,162.9754901,137.0245099,15.64125844,0,0.456748366,68.66874199,146.73,0.8128,2.1209,0.9652,2.2479,3.208463269,8.372083843,3.810050132,8.873406229,1.651,6.517191016,162.9754901,327.1134919,217.0776458,8.372083843,8.873406229,164.1380018,3
B00464,B00464_R2,450,Green_1,Purple_4,5,7,1.9812,2.54,145.58,0.4572,2.54,139.73,8,7,5.85,1.6764,0.2032,0.762,2.032,3.2512,3.556,3.2512,3,3,3,300,1,5,7,2.3368,1.1176,2.048933333,0,139.73,145.58,7,8,3.556,3.2512,-1,-5.85,-0.3048,6.8072,32.87087988,172.6008799,127.3991201,6.01586863,0,0.424663734,44.07098366,146.73,0,2.048933333,1.4224,2.7305,0,8.088001158,5.614810721,10.7784313,3.556,14.0370268,172.6008799,321.3984167,205.7477598,8.088001158,10.7784313,148.7975368,2
B00464,B00464_R2,463,Purple_4,Orange_3,6,7,1.9812,2.54,145.58,0.4572,2.54,139.73,8,7,5.85,0.762,2.032,2.286,2.54,1.7272,0.8128,2.032,3,3,3,300,1,6,7,2.5908,1.4224,2.4892,1.1176,139.73,145.58,7,8,0.8128,1.7272,-1,-5.85,0.9144,2.8448,17.22962144,156.9596214,143.0403786,21.65712707,0,0.476801262,105.4555681,146.73,1.1176,2.4892,0,1.502833333,4.411636995,9.825918762,0,5.932314899,0.8128,3.208463269,156.9596214,326.6121695,231.8165239,9.825918762,5.932314899,169.6525481,1
B00464,B00464_R2,456,Green_3,Purple_1,7,7,1.9812,2.54,145.58,0.4572,2.54,139.73,8,7,5.85,2.286,0.2032,0.4572,2.54,2.6416,4.1656,4.1656,3,3,3,300,1,7,7,2.54,1.1176,2.1336,0.8128,139.73,145.58,7,8,4.1656,2.6416,-1,-5.85,-1.524,8.3312,38.88674851,178.6167485,121.3832515,0,0,0.404610838,36.00921836,146.73,0.8128,2.1336,0.8128,2.6797,3.208463269,8.422216082,3.208463269,10.57790234,4.1656,16.44337425,178.6167485,316.5857218,201.7371808,8.422216082,10.57790234,137.9689733,0
B00465,B00465_R1,455,Purple_2,Gate_4,1,7,1.9812,2.54,128.87,0.4572,2.54,160.3,7,8,-31.44,0.762,2.54,0.2032,1.9812,1.7272,0.8128,1.1176,2,3,3,300,0,1,7,2.413,0.8128,2.1082,0.8128,128.87,160.3,7,8,1.7272,0.8128,-1,-31.43,-0.9144,2.8448,17.22962144,146.0996214,153.9003786,14.43808471,0,0.513001262,105.4555681,135.87,0.8128,2.1082,0.8128,1.8034,3.208463269,8.321951605,3.208463269,7.118777879,1.7272,6.817984447,146.0996214,313.8471444,221.2887538,8.321951605,7.118777879,167.747523,6
B00465,B00465_R1,422,Purple_1,Orange_7,2,7,1.9812,2.54,128.87,0.4572,2.54,160.3,7,8,-31.44,0.4572,2.54,2.54,1.6002,2.032,0,3.0226,3,3,3,300,0,2,7,2.3622,0.8128,2.6162,1.9558,128.87,160.3,7,8,2.032,0,-1,-31.43,-2.032,5.0546,25.95263096,154.822631,145.177369,5.715075198,0,0.483924563,59.3518775,135.87,1.9558,2.6162,0.8128,1.4351,7.720364742,10.32724115,3.208463269,5.66494296,2.032,8.021158173,154.822631,312.6439707,224.5974815,10.32724115,5.66494296,157.8213398,5
B00465,B00465_R1,458,Green_4,Gate_4,3,7,1.9812,2.54,128.87,0.4572,2.54,160.3,7,8,-31.44,1.6764,0.7112,0.2032,1.9812,3.2512,3.556,3.2512,2,3,3,300,0,3,7,2.3114,0.8128,1.7526,0.8128,128.87,160.3,7,8,3.2512,3.556,-1,-31.43,0.3048,6.5024,31.66770615,160.5377062,139.4622938,0,0,0.464874313,46.13681102,135.87,0.8128,1.7526,1.4224,2.667,3.208463269,6.918248924,5.614810721,10.5277701,3.2512,12.83385308,160.5377062,310.2376233,198.428453,6.918248924,10.5277701,149.6999171,4
B00465,B00465_R1,461,Gate_2,Yellow_4,4,7,1.9812,2.54,128.87,0.4572,2.54,160.3,7,8,-31.44,0.2032,1.143,0.762,0.7112,3.175,1.651,1.4986,1,3,3,300,0,4,7,1.706033333,0,1.706033333,0,128.87,160.3,7,8,3.175,1.651,-1,-31.43,-1.524,4.6736,24.4486638,153.3186638,146.6813362,7.219042356,0,0.488937787,64.19034577,135.87,0,1.706033333,0.9652,1.9812,0,6.734430716,3.810050132,7.820629219,3.175,12.53305965,153.3186638,308.7336561,204.5445861,6.734430716,7.820629219,155.4149923,3
B00465,B00465_R1,453,Yellow_4,Gate_3,5,7,1.9812,2.54,128.87,0.4572,2.54,160.3,7,8,-31.44,0.762,0.7112,0.2032,1.6002,3.556,2.6416,1.9558,2,3,3,300,0,5,7,1.9558,1.4224,1.778,0.9652,128.87,160.3,7,8,3.556,2.6416,-1,-31.43,-0.9144,5.5118,27.75739154,156.6273915,143.3726085,3.910314609,0,0.477908695,54.42868029,135.87,0.9652,1.778,0,2.442633333,3.810050132,7.018513401,0,9.642100554,3.556,14.0370268,156.6273915,303.4196388,202.9403545,7.018513401,9.642100554,146.7922473,2
B00465,B00465_R1,462,Gate_2,Orange_2,6,7,1.9812,2.54,128.87,0.4572,2.54,160.3,7,8,-31.44,0.2032,1.143,1.9812,2.54,3.175,1.651,3.175,1,3,3,300,0,6,7,1.706033333,0,2.7813,1.7272,128.87,160.3,7,8,3.175,1.651,-1,-31.43,-1.524,6.35,31.06611929,159.9361193,140.0638807,0.601586863,0,0.466879602,47.24409449,135.87,1.7272,2.7813,0.9652,1.7018,6.817984447,10.97896025,3.810050132,6.71771997,3.175,12.53305965,159.9361193,308.7336561,223.3943078,10.97896025,6.71771997,148.7975368,1
B00465,B00465_R1,465,Green_5,Purple_5,7,7,1.9812,2.54,128.87,0.4572,2.54,160.3,7,8,-31.44,1.9812,0.7112,1.0668,2.032,2.9464,3.8608,3.2512,3,3,3,300,0,7,7,2.5654,0.8128,2.1082,0.8128,128.87,160.3,7,8,2.9464,3.8608,-1,-31.43,0.9144,6.1976,30.46453243,159.3345324,140.6654676,1.203173726,0,0.468884892,48.40583452,135.87,0.8128,2.1082,1.7272,2.8194,3.208463269,8.321951605,6.817984447,11.12935697,2.9464,11.63067935,159.3345324,312.6439707,208.0538428,8.321951605,11.12935697,153.3094383,0
B00466,B00466_R1,455,Purple_2,Gate_4,1,8,1.0668,2.032,156.01,0.4572,2.54,154.01,8,7,2,0.762,2.54,0.2032,1.9812,0.8128,0.8128,1.1176,2,3,3,300,0,1,8,2.347685714,0.8128,1.999342857,0.8128,156.01,154.01,8,7,0.8128,0.8128,1,2,0,1.9304,13.62010026,169.6301003,130.3698997,18.04760589,0,0.434566332,155.4082056,164.01,0.8128,1.999342857,0.8128,2.053771429,3.208463269,7.892246702,3.208463269,8.107099154,0.8128,3.208463269,169.6301003,354.6072447,240.2228714,7.892246702,8.107099154,184.9771444,7
B00466,B00466_R1,466,Gate_2,Green_5,2,8,1.0668,2.032,156.01,0.4572,2.54,154.01,8,7,2,0.2032,1.143,1.9812,0.7112,2.2606,1.651,2.7178,1,3,3,300,0,2,8,1.462314286,0,2.198914286,0,156.01,154.01,8,7,2.2606,1.651,1,2,-0.6096,4.9784,25.65183752,181.6618375,118.3381625,6.01586863,0,0.394460542,60.2603246,164.01,0,2.198914286,0.9652,1.912257143,0,8.680039023,3.810050132,7.548482781,2.2606,8.923538468,181.6618375,349.4937564,233.7056803,8.680039023,7.548482781,167.8319188,6
B00466,B00466_R1,465,Green_5,Purple_5,3,8,1.0668,2.032,156.01,0.4572,2.54,154.01,8,7,2,1.9812,0.7112,1.0668,2.032,3.2512,3.8608,3.2512,3,3,3,300,0,3,8,2.587171429,0.8128,2.129971429,0.8128,156.01,154.01,8,7,3.2512,3.8608,1,2,0.6096,6.5024,31.66770615,187.6777062,112.3222938,0,0,0.374407646,46.13681102,164.01,0.8128,2.129971429,0,2.416628571,3.208463269,8.407892585,0,9.539448827,3.2512,12.83385308,187.6777062,341.7733916,225.7847866,8.407892585,9.539448827,154.0956855,5
B00466,B00466_R1,422,Purple_1,Orange_7,4,8,1.0668,2.032,156.01,0.4572,2.54,154.01,8,7,2,0.4572,2.54,2.54,1.6002,1.1176,0,3.0226,3,3,3,300,0,4,8,2.2606,0.8128,2.6416,1.9558,156.01,154.01,8,7,1.1176,0,1,2,-1.1176,4.1402,22.34310978,178.3531098,121.6468902,9.324596376,0,0.405489634,72.46026762,164.01,1.9558,2.6416,0.8128,1.781628571,7.720364742,10.42750563,3.208463269,7.032836898,1.1176,4.411636995,178.3531098,353.404071,249.2466743,10.42750563,7.032836898,175.0509612,4
B00466,B00466_R1,458,Green_4,Gate_4,5,8,1.0668,2.032,156.01,0.4572,2.54,154.01,8,7,2,1.6764,0.7112,0.2032,1.9812,2.9464,3.556,3.2512,2,3,3,300,0,5,8,2.325914286,0.8128,1.694542857,0.8128,156.01,154.01,8,7,2.9464,3.556,1,2,0.6096,6.1976,30.46453243,186.4745324,113.5254676,1.203173726,0,0.378418225,48.40583452,164.01,0.8128,1.694542857,0.8128,2.402114286,3.208463269,6.689072977,3.208463269,9.48215484,2.9464,11.63067935,186.4745324,346.1850286,214.9562231,6.689072977,9.48215484,159.7104962,3
B00466,B00466_R1,461,Gate_2,Yellow_4,6,8,1.0668,2.032,156.01,0.4572,2.54,154.01,8,7,2,0.2032,1.143,0.762,0.7112,2.2606,1.651,1.4986,1,3,3,300,0,6,8,1.462314286,0,1.6764,0,156.01,154.01,8,7,2.2606,1.651,1,2,-0.6096,3.7592,20.83914262,176.8491426,123.1508574,10.82856353,0,0.410502858,79.80421366,164.01,0,1.6764,0.9652,2.086428571,0,6.617455493,3.810050132,8.236010624,2.2606,8.923538468,176.8491426,349.4937564,224.0802905,6.617455493,8.236010624,172.6446137,2
B00466,B00466_R1,453,Yellow_4,Gate_3,7,8,1.0668,2.032,156.01,0.4572,2.54,154.01,8,7,2,0.762,0.7112,0.2032,1.6002,3.2512,2.6416,1.9558,2,3,3,300,0,7,8,1.890485714,1.4224,1.661885714,0.9652,156.01,154.01,8,7,3.2512,2.6416,1,2,-0.6096,5.207,26.55421782,182.5642178,117.4357822,5.113488335,0,0.391452607,57.61474938,164.01,0.9652,1.661885714,0,2.340428571,3.810050132,6.560161506,0,9.238655396,3.2512,12.83385308,182.5642178,341.7733916,217.9641574,6.560161506,9.238655396,159.2091738,1
B00466,B00466_R1,462,Gate_2,Orange_2,8,8,1.0668,2.032,156.01,0.4572,2.54,154.01,8,7,2,0.2032,1.143,1.9812,2.54,2.2606,1.651,3.175,1,3,3,300,0,8,8,1.462314286,0,2.837542857,1.7272,156.01,154.01,8,7,2.2606,1.651,1,2,-0.6096,5.4356,27.45659811,183.4665981,116.5334019,4.211108041,0,0.388444673,55.19169917,164.01,1.7272,2.837542857,0.9652,1.846942857,6.817984447,11.20097445,3.810050132,7.29065984,2.2606,8.923538468,183.4665981,349.4937564,249.5474677,11.20097445,7.29065984,166.0271583,0
B00467,B00467_R2,459,Orange_7,Purple_3,1,7,1.9812,2.54,159.09,0.4572,2.54,147.72,8,7,11.37,2.54,1.6002,1.0668,2.54,1.4986,3.0226,2.413,3,3,3,300,1,1,7,2.4003,1.651,2.2225,0.8128,147.72,159.09,7,8,3.0226,1.4986,-1,-11.37,-1.524,5.4356,27.45659811,175.1765981,124.8234019,11.4301504,0,0.416078006,55.19169917,154.72,0.8128,2.2225,1.1938,2.2479,3.208463269,8.773141752,4.712430427,8.873406229,3.0226,11.93147278,175.1765981,322.1693743,206.8506691,8.773141752,8.873406229,146.9927762,6
B00467,B00467_R2,460,Orange_1,Gate_3,2,7,1.9812,2.54,159.09,0.4572,2.54,147.72,8,7,11.37,1.6764,2.54,0.2032,1.6002,0.8128,1.7272,2.413,2,3,3,300,1,2,7,2.54,1.4224,2.0828,0.9652,147.72,159.09,7,8,1.7272,0.8128,-1,-11.37,-0.9144,4.1402,22.34310978,170.0631098,129.9368902,16.54363873,0,0.433122967,72.46026762,154.72,0.9652,2.0828,1.1176,1.8288,3.810050132,8.221687127,4.411636995,7.219042356,1.7272,6.817984447,170.0631098,326.9820692,208.6554297,8.221687127,7.219042356,156.9189595,5
B00467,B00467_R2,440,Gate_2,Green_6,3,7,1.9812,2.54,159.09,0.4572,2.54,147.72,8,7,11.37,0.2032,1.143,2.54,0.762,3.175,1.651,2.7178,1,3,3,300,1,3,7,2.3241,0.889,2.1209,0.8128,147.72,159.09,7,8,1.651,3.175,-1,-11.37,1.524,4.3688,23.24549007,170.9654901,129.0345099,15.64125844,0,0.430115033,68.66874199,154.72,0.8128,2.1209,0.9652,2.0193,3.208463269,8.372083843,3.810050132,7.971025935,1.651,6.517191016,170.9654901,326.6812758,208.6554297,8.372083843,7.971025935,155.7157857,4
B00467,B00467_R2,456,Green_3,Purple_1,4,7,1.9812,2.54,159.09,0.4572,2.54,147.72,8,7,11.37,2.286,0.2032,0.4572,2.54,2.6416,4.1656,4.1656,3,3,3,300,1,4,7,2.54,1.1176,2.1336,0.8128,147.72,159.09,7,8,4.1656,2.6416,-1,-11.37,-1.524,8.3312,38.88674851,186.6067485,113.3932515,0,0,0.377977505,36.00921836,154.72,0.8128,2.1336,0.8128,2.6289,3.208463269,8.422216082,3.208463269,10.37737339,4.1656,16.44337425,186.6067485,316.1535057,193.3149647,8.422216082,10.37737339,129.5467572,3
B00467,B00467_R2,467,Gate_1,Yellow_5,5,7,1.9812,2.54,159.09,0.4572,2.54,147.72,8,7,11.37,0.2032,0.762,1.0668,0.7112,3.556,2.032,1.4224,1,3,3,300,1,5,7,2.3876,0.889,2.286,1.1176,147.72,159.09,7,8,2.032,3.556,-1,-11.37,1.524,3.4544,19.63596889,167.3559689,132.6440311,19.25077962,0,0.44214677,86.84576193,154.72,1.1176,2.286,1.3462,2.5273,4.411636995,9.023802945,5.31401729,9.976315478,2.032,8.021158173,167.3559689,326.6812758,216.1752655,9.023802945,9.976315478,159.3253069,2
B00467,B00467_R2,450,Green_1,Purple_4,6,7,1.9812,2.54,159.09,0.4572,2.54,147.72,8,7,11.37,1.6764,0.2032,0.762,2.032,3.2512,3.556,3.2512,3,3,3,300,1,6,7,2.3368,1.1176,2.048933333,0,147.72,159.09,7,8,3.556,3.2512,-1,-11.37,-0.3048,6.8072,32.87087988,180.5908799,119.4091201,6.01586863,0,0.3980304,44.07098366,154.72,0,2.048933333,1.1176,2.4765,0,8.088001158,4.411636995,9.775786524,3.556,14.0370268,180.5908799,319.7630269,197.3255438,8.088001158,9.775786524,139.172147,1
B00467,B00467_R2,463,Purple_4,Orange_3,7,7,1.9812,2.54,159.09,0.4572,2.54,147.72,8,7,11.37,0.762,2.032,2.286,2.54,1.7272,0.8128,2.032,3,3,3,300,1,7,7,2.5908,1.4224,2.4892,1.1176,147.72,159.09,7,8,0.8128,1.7272,-1,-11.37,0.9144,2.8448,17.22962144,164.9496214,135.0503786,21.65712707,0,0.450167929,105.4555681,154.72,1.1176,2.4892,0,1.655233333,4.411636995,9.825918762,0,6.533901762,0.8128,3.208463269,164.9496214,326.1799534,223.3943078,9.825918762,6.533901762,161.230332,0
B00468,B00468_R2,467,Gate_1,Yellow_5,1,7,1.9812,2.54,152.8,2.286,2.54,143.34,8,7,9.46,0.2032,0.762,1.0668,0.7112,3.556,3.8608,1.4224,1,3,3,300,1,1,7,2.0066,0.889,2.1082,1.1176,143.34,152.8,7,8,3.8608,3.556,-1,-9.46,-0.3048,5.2832,26.85501125,170.1950113,129.8049887,6.617455493,0,0.432683296,56.78376741,150.34,1.1176,2.1082,1.3462,2.7305,4.411636995,8.321951605,5.31401729,10.7784313,3.8608,15.24020053,170.1950113,328.3171444,217.9800261,8.321951605,10.7784313,158.1221332,6
B00468,B00468_R2,450,Green_1,Purple_4,2,7,1.9812,2.54,152.8,2.286,2.54,143.34,8,7,9.46,1.6764,0.2032,0.762,2.032,3.2512,2.9464,3.2512,3,3,3,300,1,2,7,2.3622,1.1176,1.921933333,0,143.34,152.8,7,8,2.9464,3.2512,-1,-9.46,0.3048,6.1976,30.46453243,173.8045324,126.1954676,3.007934315,0,0.420651559,48.40583452,150.34,0,1.921933333,1.1176,2.4765,0,7.586678772,4.411636995,9.775786524,2.9464,11.63067935,173.8045324,331.0242853,209.9588679,7.586678772,9.775786524,157.2197529,5
B00468,B00468_R2,463,Purple_4,Orange_3,3,7,1.9812,2.54,152.8,2.286,2.54,143.34,8,7,9.46,0.762,2.032,2.286,2.54,1.7272,2.032,2.032,3,3,3,300,1,3,7,2.4638,1.4224,2.8702,1.1176,143.34,152.8,7,8,2.032,1.7272,-1,-9.46,-0.3048,4.064,22.04231635,165.3823163,134.6176837,11.4301504,0,0.448725612,73.81889764,150.34,1.1176,2.8702,0,1.858433333,4.411636995,11.32988592,0,7.336017579,2.032,8.021158173,165.3823163,330.2221695,240.8403268,11.32988592,7.336017579,164.8398532,4
B00468,B00468_R2,460,Orange_1,Gate_3,4,7,1.9812,2.54,152.8,2.286,2.54,143.34,8,7,9.46,1.6764,2.54,0.2032,1.6002,0.8128,1.1176,2.413,2,3,3,300,1,4,7,2.7178,1.4224,1.8542,0.9652,143.34,152.8,7,8,1.1176,0.8128,-1,-9.46,-0.3048,3.5306,19.93676233,163.2767623,136.7232377,13.53570442,0,0.455744126,84.97139296,150.34,0.9652,1.8542,1.1176,1.8288,3.810050132,7.319306833,4.411636995,7.219042356,1.1176,4.411636995,163.2767623,338.2433277,218.8824063,7.319306833,7.219042356,174.9665653,3
B00468,B00468_R2,440,Gate_2,Green_6,5,7,1.9812,2.54,152.8,2.286,2.54,143.34,8,7,9.46,0.2032,1.143,2.54,0.762,3.175,3.4798,2.7178,1,3,3,300,1,5,7,1.858433333,0,2.3495,0.8128,143.34,152.8,7,8,3.4798,3.175,-1,-9.46,-0.3048,6.1976,30.46453243,173.8045324,126.1954676,3.007934315,0,0.420651559,48.40583452,150.34,0.8128,2.3495,0.9652,2.2225,3.208463269,9.274464138,3.810050132,8.773141752,3.4798,13.73623337,173.8045324,328.3171444,220.0855801,9.274464138,8.773141752,154.512612,2
B00468,B00468_R2,456,Green_3,Purple_1,6,7,1.9812,2.54,152.8,2.286,2.54,143.34,8,7,9.46,2.286,0.2032,0.4572,2.54,2.6416,2.3368,4.1656,3,3,3,300,1,6,7,2.7686,1.1176,1.905,0.8128,143.34,152.8,7,8,2.3368,2.6416,-1,-9.46,0.3048,6.5024,31.66770615,175.0077062,124.9922938,1.804760589,0,0.416640979,46.13681102,150.34,0.8128,1.905,0.8128,2.4257,3.208463269,7.519835787,3.208463269,9.575257569,2.3368,9.224331899,175.0077062,332.227459,208.3546362,7.519835787,9.575257569,157.2197529,1
B00468,B00468_R2,468,Gate_2,Orange_3,7,7,1.9812,2.54,152.8,2.286,2.54,143.34,8,7,9.46,0.2032,1.143,2.286,2.54,3.175,3.4798,3.4798,1,3,3,300,1,7,7,1.858433333,0,2.6289,1.1176,143.34,152.8,7,8,3.4798,3.175,-1,-9.46,-0.3048,6.9596,33.47246674,176.8124667,123.1875333,0,0,0.410625111,43.10592563,150.34,1.1176,2.6289,0.9652,2.0955,4.411636995,10.37737339,3.810050132,8.271819366,3.4798,13.73623337,176.8124667,328.3171444,223.6951013,10.37737339,8.271819366,151.5046777,0
B00469,B00469_R1,465,Green_5,Purple_5,1,7,1.9812,2.54,145.39,2.286,2.54,165.41,7,8,-20.02,1.9812,0.7112,1.0668,2.032,2.9464,2.6416,3.2512,3,3,3,300,0,1,7,2.4638,0.8128,2.2098,1.1176,145.39,165.41,7,8,2.9464,2.6416,-1,-20.02,-0.3048,6.1976,30.46453243,175.8545324,124.1454676,1.203173726,0,0.413818225,48.40583452,152.39,1.1176,2.2098,1.7272,2.5654,4.411636995,8.723009513,6.817984447,10.12671219,2.9464,11.63067935,175.8545324,335.1798393,216.4760589,8.723009513,10.12671219,159.3253069,6
B00469,B00469_R1,422,Purple_1,Orange_7,2,7,1.9812,2.54,145.39,2.286,2.54,165.41,7,8,-20.02,0.4572,2.54,2.54,1.6002,2.032,2.3368,3.0226,3,3,3,300,0,2,7,2.5654,1.651,2.413,1.4986,145.39,165.41,7,8,2.032,2.3368,-1,-20.02,0.3048,5.0546,25.95263096,171.342631,128.657369,5.715075198,0,0.428857897,59.3518775,152.39,1.4986,2.413,0.8128,1.6891,5.915604153,9.525125331,3.208463269,6.667587731,2.032,8.021158173,171.342631,335.1798393,225.8006553,9.525125331,6.667587731,163.8372084,5
B00469,B00469_R1,458,Green_4,Gate_4,3,7,1.9812,2.54,145.39,2.286,2.54,165.41,7,8,-20.02,1.6764,0.7112,0.2032,1.9812,3.2512,2.9464,3.2512,2,3,3,300,0,3,7,2.3114,0.8128,1.9558,0.8128,145.39,165.41,7,8,3.2512,2.9464,-1,-20.02,-0.3048,6.5024,31.66770615,177.0577062,122.9422938,0,0,0.409807646,46.13681102,152.39,0.8128,1.9558,1.4224,2.413,3.208463269,7.720364742,5.614810721,9.525125331,3.2512,12.83385308,177.0577062,332.7734919,209.2570165,7.720364742,9.525125331,155.7157857,4
B00469,B00469_R1,461,Gate_2,Yellow_4,4,7,1.9812,2.54,145.39,2.286,2.54,165.41,7,8,-20.02,0.2032,1.143,0.762,0.7112,3.175,3.4798,1.4986,1,3,3,300,0,4,7,1.909233333,0,1.807633333,0,145.39,165.41,7,8,3.175,3.4798,-1,-20.02,0.3048,4.6736,24.4486638,169.8386638,130.1613362,7.219042356,0,0.433871121,64.19034577,152.39,0,1.807633333,0.9652,1.9558,0,7.135488625,3.810050132,7.720364742,3.175,12.53305965,169.8386638,331.2695247,212.9668022,7.135488625,7.720364742,161.4308609,3
B00469,B00469_R1,453,Yellow_4,Gate_3,5,7,1.9812,2.54,145.39,2.286,2.54,165.41,7,8,-20.02,0.762,0.7112,0.2032,1.6002,3.556,3.8608,1.9558,2,3,3,300,0,5,7,2.0574,1.4224,1.9812,0.9652,145.39,165.41,7,8,3.556,3.8608,-1,-20.02,0.3048,5.5118,27.75739154,173.1473915,126.8526085,3.910314609,0,0.422842028,54.42868029,152.39,0.9652,1.9812,0,2.188633333,3.810050132,7.820629219,0,8.639455782,3.556,14.0370268,173.1473915,325.9555074,213.768918,7.820629219,8.639455782,152.8081159,2
B00469,B00469_R1,462,Gate_2,Orange_2,6,7,1.9812,2.54,145.39,2.286,2.54,165.41,7,8,-20.02,0.2032,1.143,1.9812,2.54,3.175,3.4798,3.175,1,3,3,300,0,6,7,1.909233333,0,2.5781,0.508,145.39,165.41,7,8,3.175,3.4798,-1,-20.02,0.3048,6.35,31.06611929,176.4561193,123.5438807,0.601586863,0,0.411812936,47.24409449,152.39,0.508,2.5781,0.9652,1.6764,2.005289543,10.17684443,3.810050132,6.617455493,3.175,12.53305965,176.4561193,331.2695247,224.5974815,10.17684443,6.617455493,154.8134054,1
B00469,B00469_R1,469,Orange_5,Yellow_1,7,7,1.9812,2.54,145.39,2.286,2.54,165.41,7,8,-20.02,1.9812,2.032,0.4572,0.2032,0.508,0.8128,3.8608,3,3,3,300,0,7,7,3.0226,2.032,1.5494,0.8128,145.39,165.41,7,8,0.508,0.8128,-1,-20.02,0.3048,4.3688,23.24549007,168.6354901,131.3645099,8.422216082,0,0.4378817,68.66874199,152.39,0.8128,1.5494,0.508,2.0066,3.208463269,6.116133107,2.005289543,7.920893696,0.508,2.005289543,168.6354901,339.9925342,208.0538428,6.116133107,7.920893696,171.3570442,0
B00470,B00470_R2,450,Green_1,Purple_4,1,7,0.4572,0.2032,160.32,2.286,2.54,152.97,8,7,7.35,1.6764,0.2032,0.762,2.032,1.7272,2.9464,3.2512,3,3,3,300,1,1,7,2.5654,1.1176,1.820333333,0,152.97,160.32,7,8,2.9464,1.7272,-1,-7.35,-1.2192,6.1976,30.46453243,183.4345324,116.5654676,3.007934315,0,0.388551559,48.40583452,159.97,0,1.820333333,1.4224,2.7686,0,7.185620863,5.614810721,10.92882801,2.9464,11.63067935,183.4345324,334.9392101,200.6342715,7.185620863,10.92882801,151.5046777,6
B00470,B00470_R2,463,Purple_4,Orange_3,2,7,0.4572,0.2032,160.32,2.286,2.54,152.97,8,7,7.35,0.762,2.032,2.286,2.54,2.6416,2.032,2.032,3,3,3,300,1,2,7,2.3622,1.4224,2.3622,0.8128,152.97,160.32,7,8,2.032,2.6416,-1,-7.35,0.6096,4.064,22.04231635,175.0123163,124.9876837,11.4301504,0,0.416625612,73.81889764,159.97,0.8128,2.3622,0,1.566333333,3.208463269,9.324596376,0,6.182976092,2.032,8.021158173,175.0123163,332.9339206,221.8903407,9.324596376,6.182976092,157.9216042,5
B00470,B00470_R2,460,Orange_1,Gate_3,3,7,0.4572,0.2032,160.32,2.286,2.54,152.97,8,7,7.35,1.6764,2.54,0.2032,1.6002,3.556,1.1176,2.413,2,3,3,300,1,3,7,2.3114,0.8128,2.0828,0.9652,152.97,160.32,7,8,1.1176,3.556,-1,-7.35,2.4384,3.5306,19.93676233,172.9067623,127.0932377,13.53570442,0,0.423644126,84.97139296,159.97,0.9652,2.0828,1.1176,1.7399,3.810050132,8.221687127,4.411636995,6.868116686,1.1176,4.411636995,172.9067623,340.9550788,217.3784392,8.221687127,6.868116686,168.0483164,4
B00470,B00470_R2,468,Gate_2,Orange_3,4,7,0.4572,0.2032,160.32,2.286,2.54,152.97,8,7,7.35,0.2032,1.143,2.286,2.54,1.1938,3.4798,3.4798,1,3,3,300,1,4,7,2.239433333,0,2.1209,0.8128,152.97,160.32,7,8,3.4798,1.1938,-1,-7.35,-2.286,6.9596,33.47246674,186.4424667,113.5575333,0,0,0.378525111,43.10592563,159.97,0.8128,2.1209,0.9652,1.9558,3.208463269,8.372083843,3.810050132,7.720364742,3.4798,13.73623337,186.4424667,331.0288955,204.7451151,8.372083843,7.720364742,144.5864288,3
B00470,B00470_R2,470,Orange_5,Gate_3,5,7,0.4572,0.2032,160.32,2.286,2.54,152.97,8,7,7.35,1.9812,2.032,0.2032,1.6002,3.8608,0.8128,2.7178,2,3,3,300,1,5,7,2.4638,0.8128,2.032,0.9652,152.97,160.32,7,8,0.8128,3.8608,-1,-7.35,3.048,3.5306,19.93676233,172.9067623,127.0932377,13.53570442,0,0.423644126,84.97139296,159.97,0.9652,2.032,0.8128,1.7399,3.810050132,8.021158173,3.208463269,6.868116686,0.8128,3.208463269,172.9067623,340.9550788,216.1752655,8.021158173,6.868116686,168.0483164,2
B00470,B00470_R2,440,Gate_2,Green_6,6,7,0.4572,0.2032,160.32,2.286,2.54,152.97,8,7,7.35,0.2032,1.143,2.54,0.762,1.1938,3.4798,2.7178,1,3,3,300,1,6,7,2.239433333,0,2.2479,0.8128,152.97,160.32,7,8,3.4798,1.1938,-1,-7.35,-2.286,6.1976,30.46453243,183.4345324,116.5654676,3.007934315,0,0.388551559,48.40583452,159.97,0.8128,2.2479,0.9652,2.0828,3.208463269,8.873406229,3.810050132,8.221687127,3.4798,13.73623337,183.4345324,331.0288955,210.7609837,8.873406229,8.221687127,147.5943631,1
B00470,B00470_R2,456,Green_3,Purple_1,7,7,0.4572,0.2032,160.32,2.286,2.54,152.97,8,7,7.35,2.286,0.2032,0.4572,2.54,2.3368,2.3368,4.1656,3,3,3,300,1,7,7,2.7686,1.1176,1.905,0.8128,152.97,160.32,7,8,2.3368,2.3368,-1,-7.35,0,6.5024,31.66770615,184.6377062,115.3622938,1.804760589,0,0.384540979,46.13681102,159.97,0.8128,1.905,0.8128,2.7178,3.208463269,7.519835787,3.208463269,10.72829906,2.3368,9.224331899,184.6377062,334.9392101,201.4363873,7.519835787,10.72829906,150.301504,0
B00471,B00471_R1,422,Purple_1,Orange_7,1,7,0.4572,0.2032,146.75,0.4572,2.54,157.09,7,8,-10.34,0.4572,2.54,2.54,1.6002,2.3368,0,3.0226,3,3,3,300,0,1,7,2.1971,1.651,2.5527,1.4986,146.75,157.09,7,8,2.3368,0,-1,-10.34,-2.3368,5.3594,27.15580468,173.9058047,126.0941953,9.324596376,0,0.420313984,55.97641527,153.75,1.4986,2.5527,0.8128,2.0955,5.915604153,10.07657995,3.208463269,8.271819366,2.3368,9.224331899,173.9058047,307.0620831,199.6316267,10.07657995,8.271819366,133.1562784,6
B00471,B00471_R1,469,Orange_5,Yellow_1,2,7,0.4572,0.2032,146.75,0.4572,2.54,157.09,7,8,-10.34,1.9812,2.032,0.4572,0.2032,3.8608,2.032,3.8608,3,3,3,300,0,2,7,3.0607,2.032,1.4097,0.8128,146.75,157.09,7,8,3.8608,2.032,-1,-10.34,-1.8288,7.7216,36.48040106,183.2304011,116.7695989,0,0,0.389231996,38.85205139,153.75,0.8128,1.4097,0.508,2.3114,3.208463269,5.564678483,2.005289543,9.124067422,3.8608,15.24020053,183.2304011,299.8430407,163.2356215,5.564678483,9.124067422,116.6126396,5
B00471,B00471_R1,461,Gate_2,Yellow_4,3,7,0.4572,0.2032,146.75,0.4572,2.54,157.09,7,8,-10.34,0.2032,1.143,0.762,0.7112,1.1938,1.651,1.4986,1,3,3,300,0,3,7,1.456266667,0,1.769533333,0,146.75,157.09,7,8,1.1938,1.651,-1,-10.34,0.4572,2.6924,16.62803458,163.3780346,136.6219654,19.85236648,0,0.455406551,111.4247512,153.75,0,1.769533333,0.9652,1.9812,0,6.985091909,3.810050132,7.820629219,1.1938,4.712430427,163.3780346,312.1755714,191.6104686,6.985091909,7.820629219,148.7975368,4
B00471,B00471_R1,453,Yellow_4,Gate_3,4,7,0.4572,0.2032,146.75,0.4572,2.54,157.09,7,8,-10.34,0.762,0.7112,0.2032,1.6002,0.8128,2.6416,1.9558,2,3,3,300,0,4,7,2.0193,1.4224,1.6129,0.9652,146.75,157.09,7,8,0.8128,2.6416,-1,-10.34,1.8288,2.7686,16.92882801,163.678828,136.321172,19.55157305,0,0.454403907,108.3580149,153.75,0.9652,1.6129,0,1.883833333,3.810050132,6.3667943,0,7.436282056,0.8128,3.208463269,163.678828,309.8694884,187.5998895,6.3667943,7.436282056,146.1906604,3
B00471,B00471_R1,471,Gate_2,Green_4,5,7,0.4572,0.2032,146.75,0.4572,2.54,157.09,7,8,-10.34,0.2032,1.143,1.6764,0.7112,1.1938,1.651,2.413,1,3,3,300,0,5,7,1.456266667,0,2.175933333,0,146.75,157.09,7,8,1.1938,1.651,-1,-10.34,0.4572,3.6068,20.23755576,166.9875558,133.0124442,16.2428453,0,0.443374814,83.17622269,153.75,0,2.175933333,0.9652,1.8288,0,8.589323544,3.810050132,7.219042356,1.1938,4.712430427,166.9875558,312.1755714,197.6263372,8.589323544,7.219042356,145.1880156,2
B00471,B00471_R1,458,Green_4,Gate_4,6,7,0.4572,0.2032,146.75,0.4572,2.54,157.09,7,8,-10.34,1.6764,0.7112,0.2032,1.9812,1.7272,3.556,3.2512,2,3,3,300,0,6,7,2.5781,1.4224,1.5875,0.8128,146.75,157.09,7,8,1.7272,3.556,-1,-10.34,1.8288,4.9784,25.65183752,172.4018375,127.5981625,10.82856353,0,0.425327208,60.2603246,153.75,0.8128,1.5875,0,1.921933333,3.208463269,6.266529823,0,7.586678772,1.7272,6.817984447,172.4018375,306.2599672,178.2752931,6.266529823,7.586678772,133.8581297,1
B00471,B00471_R1,462,Gate_2,Orange_2,7,7,0.4572,0.2032,146.75,0.4572,2.54,157.09,7,8,-10.34,0.2032,1.143,1.9812,2.54,1.1938,1.651,3.175,1,3,3,300,0,7,7,1.456266667,0,2.6162,0.508,146.75,157.09,7,8,1.1938,1.651,-1,-10.34,0.4572,4.3688,23.24549007,169.9954901,130.0045099,13.23491099,0,0.433348366,68.66874199,153.75,0.508,2.6162,0.9652,1.7018,2.005289543,10.32724115,3.810050132,6.71771997,1.1938,4.712430427,169.9954901,312.1755714,205.0459085,10.32724115,6.71771997,142.1800813,0