R1_next_x,R1_next_y,R1_tuf,R2_next_x,R2_next_y,R2_tuf,R1_queue_length,R2_queue_length,tuf_difference,Task_PL_x,Task_PL_y,Task_DL_x,Task_DL_y,R1_dist_to_pickup,R2_dist_to_pickup,task_dist_to_dropoff,task_type,Deadline,winner
1.3716,0.2032,0.0,0.2032,1.9812,10.47,0,1,-10.47,0.762,2.54,0.2032,1.9812,2.9464,1.1176,1.1176,2,30,1
1.3716,0.2032,0.0,0.2032,1.6002,12.45,0,1,-12.45,1.0668,2.032,0.2032,1.6002,2.6416,1.8034,1.8034,2,10,1
1.3716,0.2032,0.0,0.2032,1.6002,15.65,0,1,-15.65,1.6764,2.54,0.2032,1.6002,2.6416,2.413,2.413,2,30,1
1.3716,0.2032,0.0,0.762,0.2032,10.93,0,1,-10.93,0.2032,0.762,0.762,0.2032,1.7272,1.1176,1.1176,1,30,1
0.2032,1.6002,14.89,0.762,0.2032,0.0,1,0,14.89,1.0668,2.032,0.2032,1.6002,1.8034,3.2512,1.8034,2,30,0
1.6764,2.54,13.67,0.762,0.2032,0.0,1,0,13.67,0.2032,1.143,1.6764,2.54,2.8702,1.4986,2.8702,1,30,0
1.6764,2.54,0.0,0.762,0.7112,10.47,0,1,-10.47,0.2032,0.762,0.762,0.7112,3.2512,1.1176,1.1176,1,30,1
1.6764,2.54,0.0,1.0668,2.032,13.52,0,1,-13.52,0.2032,1.143,1.0668,2.032,2.8702,2.2606,2.2606,1,10,1
1.6764,2.54,0.0,2.54,1.143,16.72,0,1,-16.72,0.2032,0.762,2.54,1.143,3.2512,2.7178,2.7178,1,10,1
1.6764,2.54,0.0,2.54,0.762,17.33,0,1,-17.33,0.2032,0.762,2.54,0.762,3.2512,2.9464,2.9464,1,30,1
2.54,1.6002,10.62,2.54,0.762,0.0,1,0,10.62,2.286,2.54,2.54,1.6002,1.1938,2.032,1.1938,3,20,0
2.54,1.6002,0.0,2.54,1.6002,18.24,0,1,-18.24,0.2032,0.762,2.54,1.6002,3.175,3.175,3.175,1,20,1
2.54,1.6002,0.0,2.286,0.2032,17.63,0,1,-17.63,0.4572,0.2032,2.286,0.2032,3.4798,2.3368,2.3368,3,20,1
2.54,1.6002,0.0,1.6764,2.54,17.79,0,1,-17.79,0.2032,0.762,1.6764,2.54,3.175,3.2512,3.2512,1,30,1
0.2032,1.9812,17.02,1.6764,2.54,5.49,1,1,11.53,1.6764,0.7112,0.2032,1.9812,3.2512,2.9464,3.2512,2,10,0
1.0668,0.2032,12.3,1.6764,2.54,0.0,1,0,12.3,0.2032,1.143,1.0668,0.2032,1.8034,2.8702,1.8034,1,30,0
0.2032,1.9812,12.3,1.6764,2.54,0.0,1,0,12.3,0.762,0.2032,0.2032,1.9812,2.3368,3.2512,2.3368,2,10,0
0.2032,1.9812,10.47,1.6764,2.54,0.0,1,0,10.47,0.762,2.54,0.2032,1.9812,1.1176,1.4224,1.1176,2,30,0
0.2032,1.9812,0.0,0.2032,1.9812,19.61,0,1,-19.61,1.9812,0.7112,0.2032,1.9812,3.556,3.556,3.556,2,20,1
1.6764,2.032,15.96,0.2032,1.9812,4.27,1,1,11.69,0.2032,0.762,1.6764,2.032,3.2512,1.7272,3.2512,1,20,0
1.6764,2.032,0.0,1.9812,2.54,16.57,0,1,-16.57,0.2032,0.762,1.9812,2.54,3.2512,3.556,3.556,1,20,1
1.9812,0.2032,17.18,1.9812,2.54,4.12,1,1,13.06,0.2032,0.762,1.9812,0.2032,2.3368,3.556,2.3368,1,30,0
1.9812,0.7112,15.35,1.9812,2.54,0.0,1,0,15.35,0.2032,0.762,1.9812,0.7112,2.3368,3.556,2.3368,1,20,0
0.2032,1.6002,13.37,1.9812,2.54,0.0,1,0,13.37,0.762,0.2032,0.2032,1.6002,1.9558,3.556,1.9558,2,10,0
0.2032,1.6002,0.0,0.2032,1.9812,11.69,0,1,-11.69,1.9812,2.032,0.2032,1.9812,2.7178,2.3368,2.3368,2,10,1
2.54,1.143,14.13,0.2032,1.9812,0.0,1,0,14.13,0.2032,0.762,2.54,1.143,2.7178,1.7272,2.7178,1,30,0
2.54,1.6002,12.91,0.2032,1.9812,0.0,1,0,12.91,1.9812,0.2032,2.54,1.6002,1.9558,3.556,1.9558,3,10,0
2.54,1.6002,0.0,0.4572,2.54,11.99,0,1,-11.99,0.2032,1.143,0.4572,2.54,2.794,1.651,1.651,1,10,1
2.54,1.6002,0.0,0.762,2.54,13.21,0,1,-13.21,0.2032,1.143,0.762,2.54,2.794,1.9558,1.9558,1,30,1
2.54,1.6002,0.0,1.6764,2.032,11.08,0,1,-11.08,0.4572,2.54,1.6764,2.032,3.0226,1.7272,1.7272,3,10,1
0.2032,1.6002,13.52,1.6764,2.032,0.0,1,0,13.52,2.54,1.143,0.2032,1.6002,2.794,2.2606,2.794,2,20,0
0.2032,1.9812,14.59,1.6764,2.032,0.0,1,0,14.59,0.762,0.2032,0.2032,1.9812,2.3368,3.2512,2.3368,2,10,0
1.0668,2.032,14.74,1.6764,2.032,0.0,1,0,14.74,0.2032,0.762,1.0668,2.032,2.6416,3.2512,2.6416,1,30,0
2.54,0.762,15.96,1.6764,2.032,0.0,1,0,15.96,0.2032,1.143,2.54,0.762,2.7178,2.8702,2.7178,1,10,0
2.54,0.762,0.0,0.2032,1.6002,13.06,0,1,-13.06,1.9812,2.54,0.2032,1.6002,2.3368,2.7178,2.7178,2,20,1
0.2032,1.9812,15.35,0.2032,1.6002,0.0,1,0,15.35,1.9812,2.54,0.2032,1.9812,2.3368,2.7178,2.3368,2,20,0
0.2032,1.9812,0.0,2.54,1.6002,13.52,0,1,-13.52,0.2032,1.143,2.54,1.6002,1.3462,2.794,2.794,1,30,1
0.2032,1.6002,12.45,2.54,1.6002,0.0,1,0,12.45,1.0668,2.54,0.2032,1.6002,1.8034,2.413,1.8034,2,10,0
0.2032,1.9812,15.8,2.54,1.6002,0.0,1,0,15.8,1.0668,0.7112,0.2032,1.9812,2.6416,2.8702,2.6416,2,30,0
1.9812,0.2032,14.13,2.54,1.6002,0.0,1,0,14.13,0.2032,1.143,1.9812,0.2032,2.7178,2.794,2.7178,1,10,0
0.762,2.032,15.35,2.54,1.6002,0.0,1,0,15.35,0.2032,1.143,0.762,2.032,1.9558,2.794,1.9558,1,30,0
0.2032,1.6002,11.23,2.54,1.6002,0.0,1,0,11.23,1.0668,2.032,0.2032,1.6002,1.8034,2.413,1.8034,2,10,0
1.6764,2.54,15.19,2.54,1.6002,0.0,1,0,15.19,0.2032,0.762,1.6764,2.54,3.2512,3.175,3.2512,1,30,0
1.6764,2.54,0.0,1.9812,2.54,19.46,0,1,-19.46,0.2032,0.762,1.9812,2.54,3.2512,3.556,3.556,1,20,1
0.2032,1.6002,14.28,1.9812,2.54,4.12,1,1,10.16,2.54,1.9812,0.2032,1.6002,2.7178,1.1176,2.7178,2,30,0
0.2032,1.6002,0.0,1.6764,0.2032,13.52,0,1,-13.52,1.9812,2.032,1.6764,0.2032,2.7178,3.2512,3.2512,3,30,1
0.2032,1.9812,11.23,1.6764,0.2032,0.0,1,0,11.23,0.762,2.54,0.2032,1.9812,1.1176,3.2512,1.1176,2,10,0
1.9812,0.2032,14.13,1.6764,0.2032,0.0,1,0,14.13,0.2032,1.143,1.9812,0.2032,2.7178,2.413,2.7178,1,10,0
1.9812,0.2032,0.0,1.0668,0.7112,12.91,0,1,-12.91,0.2032,0.762,1.0668,0.7112,2.3368,1.4224,1.4224,1,30,1
1.9812,0.2032,0.0,1.9812,0.7112,15.04,0,1,-15.04,0.2032,1.143,1.9812,0.7112,2.7178,2.7178,2.7178,1,10,1
1.9812,0.2032,0.0,0.2032,1.9812,14.13,0,1,-14.13,1.6764,0.7112,0.2032,1.9812,0.8128,3.2512,3.2512,2,10,1
1.9812,0.2032,0.0,2.54,1.9812,15.04,0,1,-15.04,0.2032,1.143,2.54,1.9812,2.7178,3.175,3.175,1,10,1
1.9812,0.2032,0.0,0.2032,1.9812,12.91,0,1,-12.91,1.0668,2.54,0.2032,1.9812,3.2512,1.4224,1.4224,2,20,1
1.9812,0.2032,0.0,0.2032,1.9812,14.13,0,1,-14.13,1.6764,2.032,0.2032,1.9812,3.2512,2.032,2.032,2,30,1
0.2032,1.6002,13.37,0.2032,1.9812,0.0,1,0,13.37,1.6764,0.2032,0.2032,1.6002,2.8702,3.2512,2.8702,2,30,0
0.4572,0.2032,16.41,0.2032,1.9812,0.0,1,0,16.41,1.9812,0.7112,0.4572,0.2032,2.032,3.556,2.032,3,20,0
0.4572,0.2032,0.0,0.762,2.54,15.35,0,1,-15.35,2.286,2.54,0.762,2.54,4.1656,2.032,2.032,3,30,1
0.2032,1.6002,12.76,0.762,2.54,0.0,1,0,12.76,1.0668,0.2032,0.2032,1.6002,2.2606,3.2512,2.2606,2,10,0
0.2032,1.6002,0.0,0.2032,1.9812,15.35,0,1,-15.35,2.286,2.54,0.2032,1.9812,3.0226,2.6416,2.6416,2,20,1
0.2032,1.6002,18.7,0.2032,1.9812,0.0,1,0,18.7,2.54,0.762,0.2032,1.6002,3.175,3.556,3.175,2,20,0
1.6764,0.2032,12.76,0.2032,1.9812,0.0,1,0,12.76,0.2032,1.143,1.6764,0.2032,2.413,1.3462,2.413,1,30,0
1.6764,0.2032,0.0,2.286,0.2032,14.74,0,1,-14.74,0.2032,0.762,2.286,0.2032,2.032,2.6416,2.6416,1,10,1
1.6764,0.2032,0.0,1.9812,2.032,11.28,0,1,-11.28,2.286,0.2032,1.9812,2.032,1.1176,2.6416,2.6416,3,30,1
1.6764,0.2032,14.13,1.9812,2.032,0.0,1,0,14.13,0.2032,0.762,1.6764,0.2032,2.032,3.556,2.032,1,10,0
1.9812,2.032,17.18,1.9812,2.032,0.0,1,0,17.18,0.2032,1.143,1.9812,2.032,3.175,3.175,3.175,1,10,0
1.9812,2.032,0.0,1.0668,0.7112,15.96,0,1,-15.96,0.2032,1.143,1.0668,0.7112,3.175,1.8034,1.8034,1,10,1
0.2032,1.9812,11.69,1.0668,0.7112,0.0,1,0,11.69,0.762,2.54,0.2032,1.9812,1.1176,3.2512,1.1176,2,20,0
2.286,0.2032,15.96,1.0668,0.7112,0.0,1,0,15.96,1.6764,2.54,2.286,0.2032,2.9464,2.9464,2.9464,3,10,0
2.286,0.2032,0.0,0.2032,1.6002,15.5,0,1,-15.5,0.762,2.54,0.2032,1.6002,3.8608,1.4986,1.4986,2,10,1
2.286,0.2032,0.0,1.6764,2.032,15.19,0,1,-15.19,0.2032,0.762,1.6764,2.032,2.6416,3.2512,3.2512,1,20,1
1.0668,2.54,16.57,1.6764,2.032,0.0,1,0,16.57,0.2032,0.762,1.0668,2.54,2.6416,3.2512,2.6416,1,10,0
1.9812,2.54,16.87,1.6764,2.032,0.0,1,0,16.87,0.2032,1.143,1.9812,2.54,3.175,2.8702,3.175,1,30,0
1.9812,2.54,4.12,0.762,0.2032,14.74,1,1,-10.62,0.2032,1.143,0.762,0.2032,3.175,1.4986,1.4986,1,20,1
1.9812,2.54,0.0,2.54,1.143,13.67,0,1,-13.67,0.2032,1.143,2.54,1.143,3.175,2.3368,2.3368,1,20,1
1.9812,2.54,0.0,2.54,1.6002,17.79,0,1,-17.79,0.2032,0.762,2.54,1.6002,3.556,3.175,3.175,1,10,1
1.9812,2.54,0.0,1.9812,2.54,19.46,0,1,-19.46,0.2032,0.762,1.9812,2.54,3.556,3.556,3.556,1,10,1
0.2032,1.6002,12.45,1.9812,2.54,7.93,1,1,4.52,1.0668,2.54,0.2032,1.6002,1.8034,1.4224,1.8034,2,30,0
0.2032,1.6002,0.0,0.2032,1.6002,12.45,0,1,-12.45,1.6764,2.54,0.2032,1.6002,2.413,2.413,2.413,2,20,1
0.2032,1.6002,0.0,0.4572,0.2032,10.32,0,1,-10.32,0.2032,1.143,0.4572,0.2032,0.9652,1.1938,1.1938,1,10,1
0.2032,1.6002,0.0,0.2032,1.6002,11.54,0,1,-11.54,0.762,0.7112,0.2032,1.6002,1.9558,1.9558,1.9558,2,10,1
0.2032,1.6002,0.0,0.762,2.032,11.84,0,1,-11.84,0.2032,1.143,0.762,2.032,0.9652,1.9558,1.9558,1,30,1
1.9812,0.2032,13.37,0.762,2.032,0.0,1,0,13.37,1.0668,0.7112,1.9812,0.2032,1.4224,3.2512,1.4224,3,30,0
0.2032,1.9812,14.13,0.762,2.032,0.0,1,0,14.13,0.4572,0.2032,0.2032,1.9812,2.032,2.6416,2.032,2,30,0
0.2032,1.9812,16.57,0.762,2.032,0.0,1,0,16.57,1.0668,0.7112,0.2032,1.9812,2.6416,3.2512,2.6416,2,10,0
1.9812,0.2032,14.13,0.762,2.032,0.0,1,0,14.13,0.2032,1.143,1.9812,0.2032,2.7178,1.9558,2.7178,1,20,0
1.9812,0.2032,0.0,1.9812,2.032,17.79,0,1,-17.79,0.2032,0.762,1.9812,2.032,2.3368,3.556,3.556,1,30,1
1.0668,2.54,15.96,1.9812,2.032,4.12,1,1,11.84,0.2032,1.143,1.0668,2.54,2.2606,3.175,2.2606,1,10,0
2.286,0.2032,14.13,1.9812,2.032,0.0,1,0,14.13,1.6764,0.7112,2.286,0.2032,1.1176,3.2512,1.1176,3,20,0
2.286,0.2032,0.0,0.762,2.54,10.47,0,1,-10.47,1.0668,2.032,0.762,2.54,3.556,0.8128,0.8128,3,10,1
1.0668,2.032,14.13,0.762,2.54,0.0,1,0,14.13,1.6764,0.7112,1.0668,2.032,2.9464,3.2512,2.9464,3,10,0
0.2032,1.6002,13.06,0.762,2.54,0.0,1,0,13.06,1.6764,2.54,0.2032,1.6002,2.413,1.4224,2.413,2,10,0
0.2032,1.6002,0.0,0.762,2.032,14.13,0,1,-14.13,2.286,2.54,0.762,2.032,3.0226,2.032,2.032,3,20,1
1.0668,2.032,13.98,0.762,2.032,0.0,1,0,13.98,0.2032,0.762,1.0668,2.032,2.6416,2.3368,2.6416,1,20,0
0.2032,1.6002,15.5,0.762,2.032,0.0,1,0,15.5,2.54,1.6002,0.2032,1.6002,2.3368,2.7178,2.3368,2,20,0
1.0668,2.032,13.98,0.762,2.032,0.0,1,0,13.98,0.2032,0.762,1.0668,2.032,2.6416,2.3368,2.6416,1,10,0
1.0668,2.032,0.0,0.762,0.2032,12.91,0,1,-12.91,0.2032,1.143,0.762,0.2032,2.2606,1.4986,1.4986,1,20,1
1.9812,0.7112,14.74,0.762,0.2032,0.0,1,0,14.74,1.6764,2.54,1.9812,0.7112,3.2512,3.2512,3.2512,3,30,0
1.9812,0.7112,0.0,2.54,1.6002,14.59,0,1,-14.59,0.2032,0.762,2.54,1.6002,2.3368,3.175,3.175,1,20,1
1.6764,0.7112,16.26,2.54,1.6002,0.0,1,0,16.26,0.2032,1.143,1.6764,0.7112,2.413,2.794,2.413,1,30,0
1.6764,0.7112,0.0,0.4572,2.54,12.05,0,1,-12.05,2.54,1.6002,0.4572,2.54,2.2606,3.0226,3.0226,3,30,1
1.6764,0.7112,0.0,0.2032,1.9812,13.52,0,1,-13.52,1.6764,2.032,0.2032,1.9812,2.9464,2.032,2.032,2,10,1
1.0668,2.54,14.13,0.2032,1.9812,0.0,1,0,14.13,1.9812,0.7112,1.0668,2.54,3.2512,3.556,3.2512,3,10,0
0.2032,1.9812,9.86,0.2032,1.9812,0.0,1,0,9.86,0.762,2.54,0.2032,1.9812,1.1176,1.1176,1.1176,2,30,0
0.2032,1.9812,0.0,1.0668,2.54,17.18,0,1,-17.18,0.762,0.7112,1.0668,2.54,2.3368,3.2512,3.2512,3,30,1
0.2032,1.6002,14.59,1.0668,2.54,0.0,1,0,14.59,0.762,0.7112,0.2032,1.6002,1.9558,3.2512,1.9558,2,10,0
1.9812,2.032,14.28,1.0668,2.54,0.0,1,0,14.28,0.2032,1.143,1.9812,2.032,3.175,2.2606,3.175,1,20,0
0.2032,1.9812,11.69,1.0668,2.54,0.0,1,0,11.69,1.6764,2.54,0.2032,1.9812,2.032,1.1176,2.032,2,10,0
0.2032,1.9812,16.57,1.0668,2.54,0.0,1,0,16.57,1.0668,0.2032,0.2032,1.9812,2.6416,2.9464,2.6416,2,20,0
0.2032,1.9812,0.0,0.762,0.2032,15.96,0,1,-15.96,1.9812,0.7112,0.762,0.2032,3.556,1.7272,1.7272,3,30,1
0.2032,1.9812,0.0,0.2032,1.6002,17.02,0,1,-17.02,2.286,0.2032,0.2032,1.6002,3.8608,3.4798,3.4798,2,20,1
0.2032,1.9812,0.0,0.2032,1.9812,19.46,0,1,-19.46,1.9812,0.7112,0.2032,1.9812,3.556,3.556,3.556,2,20,1
0.2032,1.9812,15.35,0.2032,1.9812,6.1,1,1,9.25,1.9812,2.54,0.2032,1.9812,2.3368,2.3368,2.3368,2,20,0
0.2032,1.9812,0.0,0.2032,1.9812,14.13,0,1,-14.13,1.6764,2.54,0.2032,1.9812,2.032,2.032,2.032,2,30,1
0.2032,1.9812,0.0,0.2032,1.6002,15.8,0,1,-15.8,1.0668,0.7112,0.2032,1.6002,2.6416,2.2606,2.2606,2,30,1
0.2032,1.9812,0.0,1.0668,2.032,12.45,0,1,-12.45,0.2032,1.143,1.0668,2.032,1.3462,2.2606,2.2606,1,20,1
1.9812,0.7112,14.13,1.0668,2.032,0.0,1,0,14.13,0.2032,1.143,1.9812,0.7112,2.7178,2.2606,2.7178,1,20,0
0.2032,1.9812,15.35,1.0668,2.032,0.0,1,0,15.35,2.286,0.2032,0.2032,1.9812,3.8608,3.556,3.8608,2,30,0
0.2032,1.9812,0.0,0.2032,1.6002,9.61,0,1,-9.61,1.0668,2.032,0.2032,1.6002,1.4224,1.8034,1.8034,2,10,1
0.2032,1.9812,0.0,1.6764,0.2032,12.76,0,1,-12.76,0.2032,1.143,1.6764,0.2032,1.3462,2.413,2.413,1,20,1
0.2032,1.9812,0.0,0.2032,1.6002,15.19,0,1,-15.19,2.54,1.6002,0.2032,1.6002,2.7178,2.3368,2.3368,2,20,1
0.2032,1.9812,0.0,1.9812,0.7112,13.37,0,1,-13.37,1.6764,0.2032,1.9812,0.7112,3.2512,0.8128,0.8128,3,20,1
2.286,0.2032,14.74,1.9812,0.7112,0.0,1,0,14.74,0.2032,0.762,2.286,0.2032,2.6416,2.3368,2.6416,1,30,0
2.286,0.2032,0.0,1.6764,0.7112,14.74,0,1,-14.74,0.2032,0.762,1.6764,0.7112,2.6416,2.032,2.032,1,10,1
2.286,0.2032,0.0,0.2032,1.6002,15.5,0,1,-15.5,1.0668,2.54,0.2032,1.6002,3.556,1.8034,1.8034,2,20,1
2.286,0.2032,0.0,0.2032,1.6002,13.21,0,1,-13.21,1.0668,2.54,0.2032,1.6002,3.556,1.8034,1.8034,2,20,1
0.2032,1.9812,15.96,0.2032,1.6002,0.0,1,0,15.96,2.286,2.54,0.2032,1.9812,2.6416,3.0226,2.6416,2,10,0
0.2032,1.9812,0.0,2.54,1.6002,15.04,0,1,-15.04,0.2032,0.762,2.54,1.6002,1.7272,3.175,3.175,1,30,1
0.2032,1.9812,0.0,0.2032,1.6002,14.18,0,2,-14.18,2.54,1.6002,0.2032,1.6002,2.7178,2.3368,2.3368,2,30,1
0.2032,1.9812,0.0,0.2032,1.6002,17.48,0,1,-17.48,1.6764,0.2032,0.2032,1.6002,3.2512,2.8702,2.8702,2,20,1
0.2032,1.9812,14.13,0.2032,1.6002,0.0,1,0,14.13,1.6764,2.54,0.2032,1.9812,2.032,2.413,2.032,2,10,0
0.2032,1.9812,0.0,1.9812,2.032,17.02,0,1,-17.02,2.54,0.762,1.9812,2.032,3.556,2.3368,2.3368,3,10,1
1.6764,2.032,14.43,1.9812,2.032,0.0,1,0,14.43,0.2032,1.143,1.6764,2.032,2.8702,3.175,2.8702,1,30,0
1.0668,0.2032,15.35,1.9812,2.032,0.0,1,0,15.35,0.2032,1.143,1.0668,0.2032,1.8034,3.175,1.8034,1,10,0
0.762,0.2032,11.08,1.9812,2.032,0.0,1,0,11.08,0.2032,0.762,0.762,0.2032,1.1176,3.556,1.1176,1,20,0
1.0668,0.7112,13.52,1.9812,2.032,0.0,1,0,13.52,2.286,0.2032,1.0668,0.7112,1.7272,2.6416,1.7272,3,20,0
0.2032,1.6002,16.41,1.9812,2.032,0.0,1,0,16.41,2.54,0.762,0.2032,1.6002,3.175,2.3368,3.175,2,10,0
0.2032,1.9812,18.24,1.9812,2.032,0.0,1,0,18.24,1.6764,0.2032,0.2032,1.9812,3.2512,3.2512,3.2512,2,30,0
0.2032,1.9812,4.27,0.762,0.2032,15.35,1,1,-11.08,0.2032,1.143,0.762,0.2032,1.3462,1.4986,1.4986,1,20,1
0.2032,1.9812,10.47,0.762,0.2032,0.0,1,0,10.47,0.762,2.54,0.2032,1.9812,1.1176,2.9464,1.1176,2,20,0
0.2032,1.9812,0.0,2.286,2.54,15.96,0,1,-15.96,0.2032,0.762,2.286,2.54,1.7272,3.8608,3.8608,1,20,1
0.2032,1.9812,0.0,0.2032,1.6002,13.06,0,1,-13.06,1.9812,2.54,0.2032,1.6002,2.3368,2.7178,2.7178,2,10,1
0.2032,1.9812,0.0,0.2032,1.9812,19.46,0,1,-19.46,1.9812,0.7112,0.2032,1.9812,3.556,3.556,3.556,2,20,1
0.2032,1.6002,14.59,0.2032,1.9812,4.27,1,1,10.32,0.762,0.7112,0.2032,1.6002,1.9558,2.3368,1.9558,2,30,0
0.2032,1.9812,14.59,0.2032,1.9812,0.0,1,0,14.59,0.762,0.2032,0.2032,1.9812,2.3368,2.3368,2.3368,2,20,0
0.2032,1.9812,0.0,1.6764,0.7112,13.52,0,1,-13.52,0.2032,0.762,1.6764,0.7112,1.7272,2.032,2.032,1,10,1
1.6764,0.7112,17.18,1.6764,0.7112,0.0,1,0,17.18,1.9812,2.54,1.6764,0.7112,3.2512,3.2512,3.2512,3,10,0
1.6764,0.7112,3.51,0.762,2.54,14.74,1,1,-11.23,0.2032,0.762,0.762,2.54,2.032,2.3368,2.3368,1,30,1
1.0668,2.032,15.35,0.762,2.54,0.0,1,0,15.35,0.762,0.2032,1.0668,2.032,3.2512,2.9464,3.2512,3,10,0
1.0668,2.032,0.0,1.9812,0.7112,15.35,0,1,-15.35,0.2032,0.762,1.9812,0.7112,2.6416,2.3368,2.3368,1,20,1
1.0668,2.032,0.0,0.2032,1.9812,14.13,0,1,-14.13,1.0668,0.7112,0.2032,1.9812,2.9464,2.6416,2.6416,2,20,1
0.2032,1.9812,9.86,0.2032,1.9812,0.0,1,0,9.86,1.0668,2.54,0.2032,1.9812,1.4224,1.4224,1.4224,2,20,0
0.2032,1.9812,0.0,2.286,0.2032,14.74,0,1,-14.74,0.2032,0.762,2.286,0.2032,1.7272,2.6416,2.6416,1,30,1
0.2032,1.9812,10.47,2.286,0.2032,0.0,1,0,10.47,0.762,2.032,0.2032,1.9812,1.1176,3.8608,1.1176,2,10,0
0.2032,1.9812,0.0,1.6764,0.2032,11.69,0,1,-11.69,1.0668,0.2032,1.6764,0.2032,2.6416,1.1176,1.1176,3,10,1
2.54,0.762,14.13,1.6764,0.2032,0.0,1,0,14.13,0.2032,1.143,2.54,0.762,2.7178,2.413,2.7178,1,10,0
2.54,0.762,0.0,1.0668,2.032,15.35,0,1,-15.35,0.2032,0.762,1.0668,2.032,2.9464,2.6416,2.6416,1,10,1
2.54,0.762,0.0,2.54,0.762,15.96,0,1,-15.96,0.2032,1.143,2.54,0.762,2.7178,2.7178,2.7178,1,10,1
2.54,0.762,0.0,0.2032,1.9812,15.35,0,1,-15.35,1.6764,2.54,0.2032,1.9812,2.6416,2.032,2.032,2,30,1
0.2032,1.6002,14.59,0.2032,1.9812,0.0,1,0,14.59,2.286,0.2032,0.2032,1.6002,3.4798,3.8608,3.4798,2,30,0
1.6764,0.7112,12.76,0.2032,1.9812,0.0,1,0,12.76,0.2032,0.762,1.6764,0.7112,2.032,1.7272,2.032,1,30,0
0.2032,1.6002,12.76,0.2032,1.9812,0.0,1,0,12.76,0.762,0.2032,0.2032,1.6002,1.9558,2.3368,1.9558,2,30,0
0.2032,1.6002,0.0,0.762,2.032,10.47,0,1,-10.47,1.0668,2.54,0.762,2.032,1.8034,0.8128,0.8128,3,30,1
0.2032,1.6002,0.0,0.2032,1.9812,10.47,0,1,-10.47,1.0668,2.032,0.2032,1.9812,1.8034,1.4224,1.4224,2,20,1
1.0668,2.54,12.45,0.2032,1.9812,0.0,1,0,12.45,0.2032,1.143,1.0668,2.54,2.2606,1.3462,2.2606,1,10,0
1.0668,2.54,0.0,1.6764,2.032,14.43,0,1,-14.43,0.2032,1.143,1.6764,2.032,2.2606,2.8702,2.8702,1,10,1
1.0668,2.54,16.57,1.6764,2.032,0.0,1,0,16.57,0.2032,0.762,1.0668,2.54,2.6416,3.2512,2.6416,1,20,0
2.54,1.9812,16.87,1.6764,2.032,0.0,1,0,16.87,0.2032,1.143,2.54,1.9812,3.175,2.8702,3.175,1,10,0
2.54,1.9812,0.0,0.2032,1.9812,11.08,0,1,-11.08,1.6764,2.54,0.2032,1.9812,1.4224,2.032,2.032,2,10,1
2.54,1.9812,0.0,0.762,0.2032,12.91,0,1,-12.91,1.0668,0.2032,0.762,0.2032,3.2512,0.8128,0.8128,3,20,1
2.54,1.9812,0.0,0.762,0.2032,11.99,0,1,-11.99,0.2032,1.143,0.762,0.2032,3.175,1.4986,1.4986,1,10,1
2.54,1.9812,0.0,1.6764,2.032,14.74,0,1,-14.74,0.2032,1.143,1.6764,2.032,3.175,2.8702,2.8702,1,20,1
2.54,1.9812,0.0,0.762,0.2032,14.74,0,1,-14.74,0.2032,0.762,0.762,0.2032,3.556,1.1176,1.1176,1,20,1
0.2032,1.9812,12.91,0.762,0.2032,0.0,1,0,12.91,1.6764,2.54,0.2032,1.9812,2.032,3.2512,2.032,2,10,0
0.2032,1.9812,0.0,0.762,0.2032,10.47,0,1,-10.47,0.2032,0.762,0.762,0.2032,1.7272,1.1176,1.1176,1,10,1
1.6764,2.54,14.43,0.762,0.2032,0.0,1,0,14.43,0.2032,1.143,1.6764,2.54,2.8702,1.4986,2.8702,1,10,0
1.6764,2.54,0.0,0.2032,1.6002,15.8,0,1,-15.8,1.9812,0.2032,0.2032,1.6002,3.2512,3.175,3.175,2,10,1
1.6764,2.54,0.0,1.0668,2.54,12.45,0,1,-12.45,0.2032,1.143,1.0668,2.54,2.8702,2.2606,2.2606,1,10,1
0.2032,1.6002,16.11,1.0668,2.54,0.0,1,0,16.11,2.54,1.143,0.2032,1.6002,2.794,2.8702,2.794,2,20,0
0.762,0.2032,10.93,1.0668,2.54,0.0,1,0,10.93,0.2032,1.143,0.762,0.2032,1.4986,2.2606,1.4986,1,10,0
0.2032,1.9812,17.79,1.0668,2.54,0.0,1,0,17.79,2.286,0.2032,0.2032,1.9812,3.8608,3.556,3.8608,2,10,0
1.0668,2.032,14.74,1.0668,2.54,0.0,1,0,14.74,0.2032,0.762,1.0668,2.032,2.6416,2.6416,2.6416,1,30,0
1.0668,2.032,0.0,0.2032,1.6002,16.41,0,1,-16.41,1.0668,0.7112,0.2032,1.6002,2.9464,2.2606,2.2606,2,20,1
1.0668,2.032,0.0,1.6764,2.54,13.67,0,1,-13.67,0.2032,1.143,1.6764,2.54,2.2606,2.8702,2.8702,1,10,1
2.54,1.9812,16.87,1.6764,2.54,0.0,1,0,16.87,0.2032,1.143,2.54,1.9812,3.175,2.8702,3.175,1,10,0
0.2032,1.9812,17.79,1.6764,2.54,0.0,1,0,17.79,1.9812,0.7112,0.2032,1.9812,3.556,3.2512,3.556,2,20,0
0.2032,1.9812,6.1,0.762,2.032,15.65,1,1,-9.55,0.2032,1.143,0.762,2.032,1.3462,1.9558,1.9558,1,20,1
0.2032,1.9812,0.0,1.0668,0.2032,15.96,0,1,-15.96,1.9812,0.7112,1.0668,0.2032,3.556,1.4224,1.4224,3,30,1
0.2032,1.9812,0.0,0.762,2.54,14.74,0,1,-14.74,1.6764,0.7112,0.762,2.54,3.2512,3.2512,3.2512,3,20,1
0.2032,1.9812,0.0,0.2032,1.9812,14.13,0,1,-14.13,1.9812,2.54,0.2032,1.9812,2.3368,2.3368,2.3368,2,20,1
0.2032,1.9812,0.0,0.2032,1.9812,14.13,0,1,-14.13,0.4572,0.2032,0.2032,1.9812,2.032,2.032,2.032,2,30,1
0.2032,1.9812,0.0,2.286,2.54,18.4,0,1,-18.4,0.762,0.2032,2.286,2.54,2.3368,3.8608,3.8608,3,30,1
0.762,2.032,12.6,2.286,2.54,0.0,1,0,12.6,0.2032,1.143,0.762,2.032,1.9558,3.4798,1.9558,1,30,0
0.762,2.032,0.0,0.2032,1.6002,17.63,0,1,-17.63,1.9812,0.2032,0.2032,1.6002,3.556,3.175,3.175,2,10,1
0.762,2.032,0.0,0.2032,1.6002,19.92,0,1,-19.92,2.286,0.2032,0.2032,1.6002,3.8608,3.4798,3.4798,2,10,1
2.54,1.9812,16.26,0.2032,1.6002,8.08,1,1,8.18,0.2032,1.143,2.54,1.9812,3.175,0.9652,3.175,1,10,0
2.54,1.9812,0.0,1.0668,2.54,15.19,0,1,-15.19,0.4572,0.2032,1.0668,2.54,3.8608,2.9464,2.9464,3,20,1
0.2032,1.6002,11.44,1.0668,2.54,3.0,1,1,8.44,2.54,1.9812,0.2032,1.6002,2.7178,2.032,2.7178,2,20,0
1.9812,0.7112,13.37,1.0668,2.54,0.0,1,0,13.37,0.2032,0.762,1.9812,0.7112,2.3368,2.6416,2.3368,1,20,0
0.2032,1.9812,14.13,1.0668,2.54,0.0,1,0,14.13,0.762,0.2032,0.2032,1.9812,2.3368,3.2512,2.3368,2,30,0
0.2032,1.9812,9.25,1.0668,2.54,0.0,1,0,9.25,0.4572,2.54,0.2032,1.9812,0.8128,1.1176,0.8128,2,30,0
2.286,2.54,18.4,1.0668,2.54,0.0,1,0,18.4,1.0668,0.2032,2.286,2.54,3.556,2.9464,3.556,3,10,0
0.2032,1.6002,13.06,1.0668,2.54,0.0,1,0,13.06,1.9812,2.032,0.2032,1.6002,2.7178,1.4224,2.7178,2,20,0
1.6764,2.54,16.41,1.0668,2.54,0.0,1,0,16.41,0.762,0.2032,1.6764,2.54,3.2512,3.2512,3.2512,3,10,0
1.6764,2.54,0.0,1.6764,0.7112,15.35,0,1,-15.35,0.2032,0.762,1.6764,0.7112,3.2512,2.032,2.032,1,10,1
1.6764,2.54,0.0,0.4572,0.2032,9.45,0,1,-9.45,1.6764,0.7112,0.4572,0.2032,2.9464,1.7272,1.7272,3,10,1
2.286,2.54,14.13,0.4572,0.2032,0.0,1,0,14.13,0.4572,2.54,2.286,2.54,2.3368,2.3368,2.3368,3,20,0
0.2032,1.6002,13.06,0.4572,0.2032,0.0,1,0,13.06,2.54,1.6002,0.2032,1.6002,2.3368,3.4798,2.3368,2,10,0
0.2032,1.9812,17.94,0.4572,0.2032,0.0,1,0,17.94,2.54,1.143,0.2032,1.9812,3.175,3.0226,3.175,2,30,0
0.2032,1.9812,0.0,0.4572,0.2032,9.25,0,1,-9.25,0.762,0.7112,0.4572,0.2032,2.3368,0.8128,0.8128,3,30,1
0.2032,1.9812,16.87,0.4572,0.2032,0.0,1,0,16.87,2.54,1.6002,0.2032,1.9812,2.7178,3.4798,2.7178,2,20,0
2.54,1.6002,13.67,0.4572,0.2032,0.0,1,0,13.67,2.286,2.54,2.54,1.6002,1.1938,4.1656,1.1938,3,10,0
2.54,1.6002,0.0,2.54,0.762,13.82,0,1,-13.82,0.2032,1.143,2.54,0.762,2.794,2.7178,2.7178,1,20,1
2.54,1.6002,0.0,1.0668,2.032,15.96,0,1,-15.96,0.2032,1.143,1.0668,2.032,2.794,2.2606,2.2606,1,20,1
2.54,1.6002,0.0,2.54,1.9812,16.87,0,1,-16.87,0.2032,1.143,2.54,1.9812,2.794,3.175,3.175,1,20,1
0.2032,1.9812,17.02,2.54,1.9812,3.51,1,1,13.51,1.0668,0.7112,0.2032,1.9812,2.6416,3.2512,2.6416,2,30,0
0.2032,1.9812,15.35,2.54,1.9812,0.0,1,0,15.35,0.762,0.2032,0.2032,1.9812,2.3368,3.556,2.3368,2,30,0
0.762,0.2032,11.69,2.54,1.9812,0.0,1,0,11.69,0.2032,1.143,0.762,0.2032,1.4986,3.175,1.4986,1,30,0
0.762,0.2032,0.0,0.762,0.2032,16.57,0,1,-16.57,1.0668,2.54,0.762,0.2032,3.2512,3.2512,3.2512,3,20,1
0.762,0.2032,0.0,0.2032,1.9812,11.69,0,1,-11.69,0.762,0.7112,0.2032,1.9812,0.508,2.3368,2.3368,2,30,1
0.762,0.2032,0.0,0.2032,1.6002,16.11,0,1,-16.11,1.9812,2.54,0.2032,1.6002,3.556,2.7178,2.7178,2,30,1
0.762,2.54,12.91,0.2032,1.6002,0.0,1,0,12.91,0.2032,0.762,0.762,2.54,2.3368,1.3462,2.3368,1,30,0
0.762,2.54,0.0,1.9812,2.54,15.8,0,1,-15.8,0.2032,0.762,1.9812,2.54,2.3368,3.556,3.556,1,30,1
0.2032,1.9812,8.24,1.9812,2.54,3.51,1,1,4.73,0.762,2.54,0.2032,1.9812,1.1176,1.7272,1.1176,2,20,0
0.2032,1.9812,0.0,0.4572,2.54,19.61,0,1,-19.61,1.6764,0.2032,0.4572,2.54,3.2512,3.556,3.556,3,30,1
0.2032,1.9812,0.0,0.2032,1.6002,14.28,0,1,-14.28,1.6764,2.54,0.2032,1.6002,2.032,2.413,2.413,2,10,1
1.9812,2.032,11.69,0.2032,1.6002,0.0,1,0,11.69,1.9812,2.54,1.9812,2.032,0.508,2.7178,0.508,3,10,0
0.2032,1.9812,19.0,0.2032,1.6002,0.0,1,0,19.0,1.9812,0.7112,0.2032,1.9812,3.556,3.175,3.556,2,30,0
0.2032,1.9812,0.0,1.0668,0.2032,16.41,0,1,-16.41,2.54,0.762,1.0668,0.2032,3.556,2.032,2.032,3,10,1
0.2032,1.9812,0.0,1.0668,0.2032,11.69,0,1,-11.69,0.2032,0.762,1.0668,0.2032,1.7272,1.4224,1.4224,1,20,1
0.762,0.2032,11.69,1.0668,0.2032,0.0,1,0,11.69,0.2032,1.143,0.762,0.2032,1.4986,1.8034,1.4986,1,30,0
0.762,0.2032,10.47,1.0668,0.2032,0.0,1,0,10.47,0.2032,0.762,0.762,0.2032,1.1176,1.4224,1.1176,1,30,0
0.762,0.2032,0.0,1.0668,0.7112,10.47,0,1,-10.47,1.6764,0.7112,1.0668,0.7112,1.4224,1.1176,1.1176,3,20,1
0.762,0.2032,0.0,1.9812,0.7112,18.4,0,1,-18.4,1.0668,2.54,1.9812,0.7112,3.2512,3.2512,3.2512,3,30,1
0.762,0.2032,0.0,0.2032,1.6002,16.11,0,1,-16.11,1.0668,2.54,0.2032,1.6002,3.2512,1.8034,1.8034,2,30,1
0.2032,1.6002,17.02,0.2032,1.6002,3.51,1,1,13.51,2.54,1.143,0.2032,1.6002,2.794,2.794,2.794,2,20,0
0.2032,1.6002,0.0,0.4572,0.2032,10.32,0,1,-10.32,0.2032,0.762,0.4572,0.2032,1.3462,0.8128,0.8128,1,30,1
0.2032,1.6002,0.0,1.9812,0.7112,12.3,0,1,-12.3,0.2032,0.762,1.9812,0.7112,1.3462,2.3368,2.3368,1,30,1
1.6764,2.032,15.19,1.9812,0.7112,0.0,1,0,15.19,0.2032,0.762,1.6764,2.032,3.2512,2.3368,3.2512,1,20,0
1.9812,0.7112,17.03,1.9812,0.7112,0.0,2,0,17.03,1.6764,2.54,1.9812,0.7112,3.2512,3.2512,3.2512,3,10,0
1.9812,0.7112,0.0,1.6764,2.032,13.52,0,1,-13.52,1.9812,2.032,1.6764,2.032,2.9464,0.8128,0.8128,3,30,1
2.54,1.143,16.11,1.6764,2.032,0.0,1,0,16.11,0.2032,1.143,2.54,1.143,2.3368,2.8702,2.3368,1,10,0
0.2032,1.9812,14.89,1.6764,2.032,0.0,1,0,14.89,2.54,0.762,0.2032,1.9812,3.556,2.6416,3.556,2,30,0
0.2032,1.6002,15.8,1.6764,2.032,0.0,1,0,15.8,1.0668,0.2032,0.2032,1.6002,2.2606,2.9464,2.2606,2,10,0
0.2032,1.6002,0.0,1.9812,0.7112,13.52,0,1,-13.52,2.286,0.2032,1.9812,0.7112,3.4798,0.8128,0.8128,3,10,1
0.2032,1.6002,0.0,0.2032,1.6002,12.35,0,1,-12.35,1.9812,0.7112,0.2032,1.6002,3.175,3.175,3.175,2,20,1
0.2032,1.6002,0.0,0.4572,0.2032,17.63,0,1,-17.63,2.54,1.143,0.4572,0.2032,2.794,3.0226,3.0226,3,20,1
0.2032,1.6002,0.0,2.54,1.143,13.06,0,1,-13.06,0.2032,0.762,2.54,1.143,1.3462,2.7178,2.7178,1,10,1
0.2032,1.6002,0.0,0.2032,1.9812,16.11,0,1,-16.11,1.6764,0.7112,0.2032,1.9812,2.8702,3.2512,3.2512,2,10,1
0.2032,1.6002,19.92,0.2032,1.9812,0.0,1,0,19.92,2.286,0.2032,0.2032,1.6002,3.4798,3.8608,3.4798,2,20,0
2.54,1.143,14.13,0.2032,1.9812,0.0,1,0,14.13,0.2032,0.762,2.54,1.143,2.7178,1.7272,2.7178,1,30,0
0.2032,1.9812,14.59,0.2032,1.9812,0.0,1,0,14.59,2.54,1.9812,0.2032,1.9812,2.9464,2.9464,2.9464,2,20,0
0.2032,1.9812,0.0,0.2032,1.6002,16.11,0,1,-16.11,2.54,1.6002,0.2032,1.6002,2.7178,2.3368,2.3368,2,20,1
0.2032,1.9812,0.0,0.2032,1.9812,20.68,0,1,-20.68,2.286,0.2032,0.2032,1.9812,3.8608,3.8608,3.8608,2,30,1
0.762,0.2032,15.35,0.2032,1.9812,6.1,1,1,9.25,1.0668,2.54,0.762,0.2032,3.2512,1.4224,3.2512,3,20,0
1.6764,0.2032,8.84,0.2032,1.9812,0.0,1,0,8.84,0.762,0.2032,1.6764,0.2032,1.4224,2.3368,1.4224,3,10,0
1.6764,0.2032,0.0,2.54,1.143,13.37,0,1,-13.37,0.2032,1.143,2.54,1.143,2.413,2.3368,2.3368,1,10,1
0.762,0.7112,12.3,2.54,1.143,0.0,1,0,12.3,0.2032,0.762,0.762,0.7112,1.1176,2.7178,1.1176,1,20,0
0.2032,1.9812,10.67,2.54,1.143,0.0,1,0,10.67,0.762,0.7112,0.2032,1.9812,2.3368,2.7178,2.3368,2,20,0
1.9812,0.7112,14.13,2.54,1.143,0.0,1,0,14.13,0.2032,0.762,1.9812,0.7112,2.3368,2.7178,2.3368,1,30,0
1.9812,0.7112,0.0,2.54,1.143,15.35,0,1,-15.35,0.2032,1.143,2.54,1.143,2.7178,2.3368,2.3368,1,30,1
0.4572,0.2032,11.08,2.54,1.143,0.0,1,0,11.08,1.9812,0.2032,0.4572,0.2032,2.032,1.4986,2.032,3,10,0
0.762,0.7112,11.38,2.54,1.143,0.0,1,0,11.38,0.2032,1.143,0.762,0.7112,1.4986,2.3368,1.4986,1,20,0
0.762,0.7112,0.0,0.4572,2.54,15.5,0,1,-15.5,2.54,0.762,0.4572,2.54,2.3368,3.8608,3.8608,3,20,1
2.54,1.9812,15.35,0.4572,2.54,0.0,1,0,15.35,0.2032,0.762,2.54,1.9812,3.556,2.032,3.556,1,10,0
2.54,1.9812,4.27,2.54,1.143,13.98,1,1,-9.71,0.2032,1.143,2.54,1.143,3.175,2.3368,2.3368,1,30,1
2.54,1.9812,0.0,2.54,1.9812,14.89,0,1,-14.89,1.6764,0.2032,2.54,1.9812,2.6416,2.6416,2.6416,3,10,1
2.54,1.9812,0.0,1.9812,0.2032,17.79,0,1,-17.79,0.2032,0.762,1.9812,0.2032,3.556,2.3368,2.3368,1,10,1
2.54,1.9812,0.0,1.6764,0.2032,12.3,0,1,-12.3,0.762,0.7112,1.6764,0.2032,3.556,1.4224,1.4224,3,30,1
2.54,1.9812,0.0,0.2032,1.9812,13.52,0,1,-13.52,0.762,0.2032,0.2032,1.9812,3.556,2.3368,2.3368,2,10,1
2.54,1.9812,0.0,0.2032,1.6002,15.8,0,1,-15.8,1.0668,0.2032,0.2032,1.6002,3.2512,2.2606,2.2606,2,10,1
2.54,1.9812,0.0,0.4572,0.2032,10.32,0,1,-10.32,0.2032,1.143,0.4572,0.2032,3.175,1.1938,1.1938,1,20,1
2.54,1.9812,10.47,0.4572,0.2032,0.0,1,0,10.47,1.9812,2.54,2.54,1.9812,1.1176,3.8608,1.1176,3,10,0
2.54,1.9812,0.0,1.0668,2.032,12.91,0,1,-12.91,0.2032,1.143,1.0668,2.032,3.175,2.2606,2.2606,1,20,1
2.54,1.9812,0.0,0.762,2.54,14.43,0,1,-14.43,0.2032,1.143,0.762,2.54,3.175,1.9558,1.9558,1,30,1
2.54,1.9812,0.0,1.6764,0.7112,14.74,0,1,-14.74,0.2032,1.143,1.6764,0.7112,3.175,2.413,2.413,1,30,1
2.54,1.9812,0.0,0.2032,1.9812,14.74,0,1,-14.74,1.9812,0.2032,0.2032,1.9812,2.3368,3.556,3.556,2,20,1
2.54,1.9812,0.0,0.2032,1.9812,16.57,0,1,-16.57,1.0668,0.2032,0.2032,1.9812,3.2512,2.6416,2.6416,2,20,1
2.54,1.9812,0.0,0.762,0.7112,11.69,0,1,-11.69,0.2032,1.143,0.762,0.7112,3.175,1.4986,1.4986,1,10,1
2.54,1.9812,0.0,0.2032,1.6002,15.8,0,1,-15.8,1.9812,0.2032,0.2032,1.6002,2.3368,3.175,3.175,2,30,1
2.54,1.9812,0.0,1.9812,2.54,15.8,0,1,-15.8,0.2032,0.762,1.9812,2.54,3.556,3.556,3.556,1,30,1
2.54,1.9812,0.0,0.2032,1.6002,13.67,0,1,-13.67,2.286,2.54,0.2032,1.6002,0.8128,3.0226,3.0226,2,10,1
2.54,1.9812,0.0,0.2032,1.9812,14.59,0,1,-14.59,0.762,0.2032,0.2032,1.9812,3.556,2.3368,2.3368,2,30,1
0.2032,1.6002,13.67,0.2032,1.9812,0.0,1,0,13.67,2.286,2.54,0.2032,1.6002,3.0226,2.6416,3.0226,2,20,0
0.2032,1.6002,0.0,1.0668,0.7112,15.96,0,1,-15.96,1.6764,2.032,1.0668,0.7112,2.413,2.9464,2.9464,3,30,1
0.2032,1.6002,15.65,1.0668,0.7112,0.0,1,0,15.65,1.6764,2.54,0.2032,1.6002,2.413,2.9464,2.413,2,30,0
0.2032,1.6002,0.0,0.2032,1.9812,17.18,0,1,-17.18,2.286,0.2032,0.2032,1.9812,3.4798,3.8608,3.8608,2,30,1
0.2032,1.6002,0.0,0.2032,1.6002,12.45,0,1,-12.45,1.0668,2.54,0.2032,1.6002,1.8034,1.8034,1.8034,2,10,1
0.2032,1.6002,0.0,0.2032,1.9812,19.46,0,1,-19.46,1.9812,0.7112,0.2032,1.9812,3.175,3.556,3.556,2,20,1
0.762,2.032,17.94,0.2032,1.9812,0.0,1,0,17.94,2.54,1.143,0.762,2.032,3.175,3.175,3.175,3,10,0
0.2032,1.6002,16.11,0.2032,1.9812,0.0,1,0,16.11,2.286,2.54,0.2032,1.6002,3.0226,2.6416,3.0226,2,30,0
0.2032,1.6002,0.0,1.0668,0.7112,17.18,0,1,-17.18,1.9812,2.54,1.0668,0.7112,2.7178,3.2512,3.2512,3,20,1
2.286,0.2032,13.98,1.0668,0.7112,0.0,1,0,13.98,0.2032,1.143,2.286,0.2032,3.0226,1.8034,3.0226,1,30,0
2.286,0.2032,0.0,0.2032,1.9812,15.96,0,1,-15.96,1.6764,2.032,0.2032,1.9812,2.9464,2.032,2.032,2,20,1
2.286,0.2032,0.0,1.0668,2.54,14.74,0,1,-14.74,0.2032,0.762,1.0668,2.54,2.6416,2.6416,2.6416,1,20,1
2.286,0.2032,0.0,0.2032,1.6002,10.62,0,1,-10.62,0.762,2.54,0.2032,1.6002,3.8608,1.4986,1.4986,2,20,1
0.2032,1.6002,16.72,0.2032,1.6002,0.0,1,0,16.72,1.9812,2.54,0.2032,1.6002,2.7178,2.7178,2.7178,2,20,0
0.2032,1.6002,0.0,1.0668,0.2032,11.54,0,1,-11.54,0.2032,0.762,1.0668,0.2032,1.3462,1.4224,1.4224,1,10,1
0.2032,1.6002,0.0,1.9812,2.032,14.74,0,1,-14.74,1.9812,0.2032,1.9812,2.032,3.175,2.9464,2.9464,3,10,1
0.2032,1.6002,0.0,0.2032,1.9812,17.79,0,1,-17.79,2.54,0.762,0.2032,1.9812,3.175,3.556,3.556,2,20,1
0.762,2.032,11.84,0.2032,1.9812,0.0,1,0,11.84,0.2032,1.143,0.762,2.032,1.9558,1.3462,1.9558,1,30,0
0.762,2.032,0.0,0.2032,1.9812,15.35,0,1,-15.35,0.762,0.7112,0.2032,1.9812,2.9464,2.3368,2.3368,2,10,1
0.2032,1.6002,16.11,0.2032,1.9812,0.0,1,0,16.11,2.286,2.54,0.2032,1.6002,3.0226,2.6416,3.0226,2,20,0
0.2032,1.6002,3.51,0.2032,1.9812,16.87,1,1,-13.36,2.54,1.6002,0.2032,1.9812,2.3368,2.7178,2.7178,2,20,1
0.4572,2.54,11.23,0.2032,1.9812,0.0,1,0,11.23,0.2032,1.143,0.4572,2.54,1.651,1.3462,1.651,1,30,0
0.4572,2.54,0.0,0.2032,1.9812,19.0,0,1,-19.0,1.6764,0.2032,0.2032,1.9812,3.556,3.2512,3.2512,2,20,1
0.4572,2.54,0.0,1.0668,2.032,13.21,0,1,-13.21,0.2032,1.143,1.0668,2.032,1.651,2.2606,2.2606,1,30,1
1.0668,0.2032,12.91,1.0668,2.032,0.0,1,0,12.91,0.2032,0.762,1.0668,0.2032,1.4224,2.6416,1.4224,1,20,0
1.6764,0.2032,12.91,1.0668,2.032,0.0,1,0,12.91,0.2032,0.762,1.6764,0.2032,2.032,2.6416,2.032,1,30,0
2.54,1.143,15.5,1.0668,2.032,0.0,1,0,15.5,0.2032,0.762,2.54,1.143,2.7178,2.6416,2.7178,1,20,0
2.54,1.143,0.0,2.286,2.54,19.0,0,1,-19.0,0.2032,0.762,2.286,2.54,2.7178,3.8608,3.8608,1,30,1
0.2032,1.9812,16.11,2.286,2.54,4.12,1,1,11.99,0.762,0.2032,0.2032,1.9812,2.3368,3.8608,2.3368,2,20,0
2.54,0.762,14.13,2.286,2.54,0.0,1,0,14.13,0.2032,1.143,2.54,0.762,2.7178,3.4798,2.7178,1,30,0
0.2032,1.9812,15.35,2.286,2.54,0.0,1,0,15.35,1.6764,0.2032,0.2032,1.9812,3.2512,2.9464,3.2512,2,30,0
0.2032,1.9812,0.0,0.762,0.7112,14.74,0,1,-14.74,1.9812,0.7112,0.762,0.7112,3.556,1.7272,1.7272,3,20,1
0.2032,1.9812,0.0,0.2032,1.6002,12.15,0,1,-12.15,1.0668,0.2032,0.2032,1.6002,2.6416,2.2606,2.2606,2,30,1
0.2032,1.9812,0.0,1.9812,0.2032,13.37,0,1,-13.37,0.2032,0.762,1.9812,0.2032,1.7272,2.3368,2.3368,1,20,1
0.2032,1.9812,0.0,0.2032,1.9812,14.13,0,1,-14.13,0.762,0.2032,0.2032,1.9812,2.3368,2.3368,2.3368,2,30,1
0.2032,1.9812,0.0,2.54,1.6002,15.8,0,1,-15.8,0.2032,0.762,2.54,1.6002,1.7272,3.175,3.175,1,30,1
2.54,0.762,14.13,2.54,1.6002,0.0,1,0,14.13,0.2032,1.143,2.54,0.762,2.7178,2.794,2.7178,1,30,0
1.0668,0.7112,14.74,2.54,1.6002,0.0,1,0,14.74,0.2032,0.762,1.0668,0.7112,1.4224,3.175,1.4224,1,20,0
0.2032,1.6002,13.98,2.54,1.6002,0.0,1,0,13.98,1.6764,0.2032,0.2032,1.6002,2.8702,2.2606,2.8702,2,20,0
0.2032,1.9812,10.01,2.54,1.6002,0.0,1,0,10.01,0.4572,2.54,0.2032,1.9812,0.8128,3.0226,0.8128,2,10,0
0.762,0.7112,11.69,2.54,1.6002,0.0,1,0,11.69,0.2032,1.143,0.762,0.7112,1.4986,2.794,1.4986,1,30,0
0.2032,1.9812,15.35,2.54,1.6002,0.0,1,0,15.35,1.6764,0.7112,0.2032,1.9812,3.2512,2.2606,3.2512,2,10,0
1.6764,2.032,15.96,2.54,1.6002,0.0,1,0,15.96,0.2032,0.762,1.6764,2.032,3.2512,3.175,3.2512,1,10,0
1.6764,2.032,0.0,0.2032,1.9812,17.02,0,1,-17.02,1.9812,0.2032,0.2032,1.9812,3.2512,3.556,3.556,2,30,1
0.2032,1.9812,16.87,0.2032,1.9812,4.27,1,1,12.6,2.54,1.143,0.2032,1.9812,3.175,3.175,3.175,2,10,0
0.2032,1.9812,0.0,0.2032,1.9812,11.69,0,1,-11.69,1.0668,2.032,0.2032,1.9812,1.4224,1.4224,1.4224,2,30,1
0.2032,1.9812,0.0,0.2032,1.6002,15.8,0,1,-15.8,1.0668,0.7112,0.2032,1.6002,2.6416,2.2606,2.2606,2,20,1
0.2032,1.9812,0.0,1.6764,2.032,15.19,0,1,-15.19,0.2032,0.762,1.6764,2.032,1.7272,3.2512,3.2512,1,20,1
1.9812,2.54,16.57,1.6764,2.032,0.0,1,0,16.57,0.2032,0.762,1.9812,2.54,3.556,3.2512,3.556,1,30,0
1.9812,2.54,4.12,0.2032,1.6002,16.41,1,1,-12.29,1.0668,0.7112,0.2032,1.6002,3.2512,2.2606,2.2606,2,10,1
1.9812,2.54,0.0,0.2032,1.9812,11.23,0,1,-11.23,0.762,2.032,0.2032,1.9812,1.7272,1.1176,1.1176,2,30,1
1.9812,2.54,0.0,0.2032,1.9812,11.69,0,1,-11.69,1.0668,2.54,0.2032,1.9812,1.4224,1.4224,1.4224,2,10,1
1.9812,2.54,0.0,1.0668,2.54,13.21,0,1,-13.21,0.2032,1.143,1.0668,2.54,3.175,2.2606,2.2606,1,30,1
1.9812,2.54,0.0,1.9812,2.032,16.87,0,1,-16.87,0.2032,1.143,1.9812,2.032,3.175,3.175,3.175,1,30,1
1.9812,2.54,0.0,1.0668,0.2032,15.96,0,1,-15.96,0.2032,0.762,1.0668,0.2032,3.556,1.4224,1.4224,1,30,1
0.2032,1.9812,11.69,1.0668,0.2032,0.0,1,0,11.69,0.4572,2.54,0.2032,1.9812,0.8128,2.9464,0.8128,2,20,0
1.6764,2.032,11.08,1.0668,0.2032,0.0,1,0,11.08,1.0668,2.54,1.6764,2.032,1.1176,2.9464,1.1176,3,10,0
1.6764,2.032,0.0,1.6764,0.2032,12.91,0,1,-12.91,2.54,0.762,1.6764,0.2032,2.6416,1.4224,1.4224,3,30,1
0.2032,1.6002,11.84,1.6764,0.2032,0.0,1,0,11.84,0.762,2.032,0.2032,1.6002,1.4986,3.2512,1.4986,2,20,0
0.2032,1.9812,14.89,1.6764,0.2032,0.0,1,0,14.89,1.6764,2.54,0.2032,1.9812,2.032,2.9464,2.032,2,30,0
0.2032,1.9812,0.0,1.6764,0.7112,11.69,0,1,-11.69,0.762,0.2032,1.6764,0.7112,2.3368,1.4224,1.4224,3,20,1
0.762,0.7112,11.69,1.6764,0.7112,0.0,1,0,11.69,0.2032,1.143,0.762,0.7112,1.4986,2.413,1.4986,1,10,0
1.9812,0.7112,12.91,1.6764,0.7112,0.0,1,0,12.91,0.2032,0.762,1.9812,0.7112,2.3368,2.032,2.3368,1,20,0
1.9812,0.7112,0.0,0.2032,1.6002,16.72,0,1,-16.72,1.6764,2.032,0.2032,1.6002,3.2512,2.413,2.413,2,20,1
0.2032,1.9812,15.35,0.2032,1.6002,0.0,1,0,15.35,2.54,1.143,0.2032,1.9812,3.175,2.794,3.175,2,20,0
0.2032,1.6002,14.89,0.2032,1.6002,0.0,1,0,14.89,1.6764,2.54,0.2032,1.6002,2.413,2.413,2.413,2,20,0
0.2032,1.6002,0.0,1.6764,0.7112,13.98,0,1,-13.98,1.9812,0.2032,1.6764,0.7112,3.175,0.8128,0.8128,3,20,1
0.762,2.032,13.37,1.6764,0.7112,0.0,1,0,13.37,0.2032,0.762,0.762,2.032,2.3368,2.032,2.3368,1,30,0
0.762,2.032,0.0,1.9812,0.2032,14.74,0,1,-14.74,0.2032,0.762,1.9812,0.2032,2.3368,2.3368,2.3368,1,30,1
0.762,2.032,0.0,2.54,1.9812,15.35,0,1,-15.35,1.0668,0.7112,2.54,1.9812,3.2512,3.2512,3.2512,3,10,1
0.4572,2.54,13.21,2.54,1.9812,0.0,1,0,13.21,0.2032,1.143,0.4572,2.54,1.651,3.175,1.651,1,30,0
0.4572,2.54,0.0,2.286,2.54,9.86,0,1,-9.86,1.9812,2.54,2.286,2.54,2.032,0.8128,0.8128,3,20,1
0.4572,2.54,0.0,2.54,1.9812,11.99,0,1,-11.99,2.54,1.143,2.54,1.9812,3.4798,1.3462,1.3462,3,10,1
0.4572,2.54,0.0,0.2032,1.9812,11.89,0,1,-11.89,2.54,1.9812,0.2032,1.9812,2.6416,2.9464,2.9464,2,10,1
0.4572,2.54,0.0,0.2032,1.6002,15.8,0,1,-15.8,1.0668,0.2032,0.2032,1.6002,2.9464,2.2606,2.2606,2,30,1
0.4572,2.54,0.0,0.2032,1.6002,17.48,0,1,-17.48,1.6764,0.7112,0.2032,1.6002,3.556,2.8702,2.8702,2,30,1
0.4572,2.54,21.44,0.2032,1.6002,3.51,1,1,17.93,2.54,0.762,0.4572,2.54,3.8608,3.175,3.8608,3,10,0
0.4572,2.54,4.88,0.762,2.032,10.01,1,1,-5.13,0.4572,2.54,0.762,2.032,0.0,0.8128,0.8128,3,30,1
0.4572,2.54,0.0,1.9812,2.54,10.47,0,1,-10.47,0.762,2.54,1.9812,2.54,0.8128,1.7272,1.7272,3,10,1
0.4572,2.54,0.0,1.6764,0.7112,13.52,0,1,-13.52,2.54,0.762,1.6764,0.7112,3.8608,1.4224,1.4224,3,30,1
0.2032,1.9812,9.86,1.6764,0.7112,0.0,1,0,9.86,0.762,2.54,0.2032,1.9812,1.1176,3.2512,1.1176,2,30,0
0.762,0.7112,11.69,1.6764,0.7112,0.0,1,0,11.69,0.2032,1.143,0.762,0.7112,1.4986,2.413,1.4986,1,20,0
0.762,0.7112,0.0,2.286,2.54,15.35,0,1,-15.35,1.0668,2.032,2.286,2.54,3.2512,1.7272,1.7272,3,20,1
0.762,0.7112,0.0,0.2032,1.6002,14.89,0,1,-14.89,2.54,1.143,0.2032,1.6002,2.7178,2.794,2.794,2,30,1
0.762,0.7112,0.0,0.762,0.2032,19.77,0,1,-19.77,2.286,2.54,0.762,0.2032,3.8608,3.8608,3.8608,3,10,1
0.2032,1.9812,17.79,0.762,0.2032,6.1,1,1,11.69,1.9812,2.54,0.2032,1.9812,2.3368,3.556,2.3368,2,20,0
0.2032,1.9812,0.0,0.2032,1.6002,12.15,0,1,-12.15,1.0668,0.2032,0.2032,1.6002,2.6416,2.2606,2.2606,2,20,1
0.2032,1.9812,0.0,1.9812,2.54,14.28,0,1,-14.28,0.2032,1.143,1.9812,2.54,1.3462,3.175,3.175,1,10,1
2.54,1.6002,15.8,1.9812,2.54,0.0,1,0,15.8,0.2032,0.762,2.54,1.6002,3.175,3.556,3.175,1,20,0
1.6764,0.7112,11.54,1.9812,2.54,0.0,1,0,11.54,1.6764,0.2032,1.6764,0.7112,0.508,3.2512,0.508,3,10,0
1.9812,2.032,17.18,1.9812,2.54,0.0,1,0,17.18,0.2032,1.143,1.9812,2.032,3.175,3.175,3.175,1,20,0
1.9812,2.032,0.0,0.762,0.7112,15.35,0,1,-15.35,2.286,0.2032,0.762,0.7112,2.6416,2.032,2.032,3,10,1
1.9812,2.032,0.0,1.0668,2.032,13.52,0,1,-13.52,0.2032,1.143,1.0668,2.032,3.175,2.2606,2.2606,1,10,1
1.9812,2.032,0.0,2.54,1.143,16.72,0,1,-16.72,1.0668,0.7112,2.54,1.143,3.2512,2.413,2.413,3,10,1
1.9812,2.032,0.0,0.762,2.54,14.59,0,1,-14.59,0.2032,1.143,0.762,2.54,3.175,1.9558,1.9558,1,30,1
1.9812,2.032,0.0,1.0668,0.7112,13.52,0,1,-13.52,0.2032,1.143,1.0668,0.7112,3.175,1.8034,1.8034,1,10,1
1.9812,2.032,0.0,1.9812,2.54,15.96,0,1,-15.96,0.4572,0.2032,1.9812,2.54,3.8608,3.8608,3.8608,3,30,1
1.9812,2.032,0.0,1.9812,0.2032,17.79,0,1,-17.79,0.2032,0.762,1.9812,0.2032,3.556,2.3368,2.3368,1,30,1
0.2032,1.9812,17.79,1.9812,0.2032,4.12,1,1,13.67,0.762,0.7112,0.2032,1.9812,2.3368,1.7272,2.3368,2,10,0
0.2032,1.9812,0.0,0.4572,0.2032,11.08,0,1,-11.08,1.6764,0.7112,0.4572,0.2032,3.2512,1.7272,1.7272,3,30,1
0.2032,1.9812,0.0,0.4572,0.2032,10.78,0,1,-10.78,0.2032,1.143,0.4572,0.2032,1.3462,1.1938,1.1938,1,20,1
0.2032,1.9812,0.0,0.2032,1.9812,15.96,0,1,-15.96,1.6764,0.2032,0.2032,1.9812,3.2512,3.2512,3.2512,2,20,1
0.2032,1.9812,0.0,0.2032,1.6002,16.11,0,1,-16.11,2.54,1.6002,0.2032,1.6002,2.7178,2.3368,2.3368,2,30,1
0.2032,1.9812,0.0,0.762,2.032,13.37,0,1,-13.37,0.2032,0.762,0.762,2.032,1.7272,2.3368,2.3368,1,10,1
0.2032,1.9812,0.0,0.2032,1.9812,20.22,0,1,-20.22,2.54,0.762,0.2032,1.9812,3.556,3.556,3.556,2,10,1
1.0668,0.7112,12.3,0.2032,1.9812,3.51,1,1,8.79,0.2032,1.143,1.0668,0.7112,1.8034,1.3462,1.8034,1,30,0
1.0668,0.7112,0.0,0.762,0.2032,11.69,0,1,-11.69,0.2032,1.143,0.762,0.2032,1.8034,1.4986,1.4986,1,30,1
1.0668,0.7112,0.0,1.9812,2.032,15.35,0,1,-15.35,0.2032,0.762,1.9812,2.032,1.4224,3.556,3.556,1,30,1
1.6764,2.032,14.13,1.9812,2.032,0.0,1,0,14.13,1.6764,0.2032,1.6764,2.032,2.9464,3.2512,2.9464,3,10,0
1.9812,2.54,18.09,1.9812,2.032,0.0,1,0,18.09,0.2032,1.143,1.9812,2.54,3.175,3.175,3.175,1,20,0
1.9812,2.54,0.0,1.6764,0.2032,17.18,0,1,-17.18,0.2032,0.762,1.6764,0.2032,3.556,2.032,2.032,1,20,1
1.9812,2.54,0.0,0.2032,1.9812,15.96,0,1,-15.96,2.54,0.762,0.2032,1.9812,2.3368,3.556,3.556,2,20,1
0.2032,1.6002,11.44,0.2032,1.9812,0.0,1,0,11.44,1.9812,2.54,0.2032,1.6002,2.7178,2.3368,2.7178,2,10,0
0.2032,1.6002,0.0,0.2032,1.9812,15.35,0,1,-15.35,1.9812,2.54,0.2032,1.9812,2.7178,2.3368,2.3368,2,10,1
1.9812,2.032,14.28,0.2032,1.9812,0.0,1,0,14.28,0.2032,1.143,1.9812,2.032,3.175,1.3462,3.175,1,30,0
1.9812,2.032,0.0,1.9812,0.7112,14.13,0,1,-14.13,0.2032,0.762,1.9812,0.7112,3.556,2.3368,2.3368,1,10,1
0.2032,1.9812,11.69,1.9812,0.7112,0.0,1,0,11.69,0.4572,2.54,0.2032,1.9812,0.8128,3.8608,0.8128,2,20,0
0.2032,1.9812,15.35,1.9812,0.7112,0.0,1,0,15.35,1.9812,2.54,0.2032,1.9812,2.3368,2.9464,2.3368,2,20,0
0.2032,1.9812,0.0,0.2032,1.6002,13.37,0,1,-13.37,0.762,0.7112,0.2032,1.6002,2.3368,1.9558,1.9558,2,10,1
0.2032,1.9812,0.0,1.9812,2.032,14.28,0,1,-14.28,0.2032,1.143,1.9812,2.032,1.3462,3.175,3.175,1,30,1
0.2032,1.9812,0.0,0.2032,1.9812,11.69,0,1,-11.69,1.6764,2.54,0.2032,1.9812,2.032,2.032,2.032,2,20,1
0.2032,1.9812,0.0,1.0668,0.2032,12.3,0,1,-12.3,0.2032,0.762,1.0668,0.2032,1.7272,1.4224,1.4224,1,10,1
2.54,1.9812,12.91,1.0668,0.2032,0.0,1,0,12.91,2.286,2.54,2.54,1.9812,0.8128,3.556,0.8128,3,30,0
1.6764,2.032,13.21,1.0668,0.2032,0.0,1,0,13.21,2.54,1.143,1.6764,2.032,2.2606,2.413,2.2606,3,20,0
1.6764,2.032,0.0,0.2032,1.9812,12.3,0,1,-12.3,0.762,0.2032,0.2032,1.9812,3.2512,2.3368,2.3368,2,30,1
1.6764,2.032,0.0,0.2032,1.6002,13.37,0,1,-13.37,0.4572,0.2032,0.2032,1.6002,3.556,1.651,1.651,2,10,1
0.2032,1.6002,13.06,0.2032,1.6002,0.0,1,0,13.06,1.9812,2.54,0.2032,1.6002,2.7178,2.7178,2.7178,2,30,0
0.2032,1.6002,0.0,0.2032,1.6002,13.82,0,1,-13.82,0.762,0.7112,0.2032,1.6002,1.9558,1.9558,1.9558,2,30,1
0.2032,1.6002,0.0,1.9812,2.032,17.02,0,1,-17.02,0.4572,0.2032,1.9812,2.032,1.651,3.8608,3.8608,3,30,1
0.2032,1.6002,0.0,1.6764,0.2032,14.74,0,1,-14.74,1.0668,2.032,1.6764,0.2032,1.8034,2.9464,2.9464,3,10,1
0.2032,1.6002,11.99,1.6764,0.2032,0.0,1,0,11.99,0.762,2.032,0.2032,1.6002,1.4986,3.2512,1.4986,2,20,0
0.2032,1.6002,13.21,1.6764,0.2032,0.0,1,0,13.21,1.0668,2.032,0.2032,1.6002,1.8034,2.9464,1.8034,2,20,0
0.2032,1.6002,0.0,0.2032,1.9812,17.18,0,1,-17.18,2.286,2.54,0.2032,1.9812,3.0226,2.6416,2.6416,2,30,1
1.6764,2.032,15.19,0.2032,1.9812,0.0,1,0,15.19,0.2032,0.762,1.6764,2.032,3.2512,1.7272,3.2512,1,10,0
1.6764,2.032,3.51,0.2032,1.6002,19.46,1,1,-15.95,2.54,0.762,0.2032,1.6002,2.6416,3.175,3.175,2,10,1
1.9812,0.7112,12.5,0.2032,1.6002,3.51,1,1,8.99,1.6764,2.032,1.9812,0.7112,3.2512,2.413,3.2512,3,30,0
1.9812,0.7112,0.0,1.0668,2.032,12.45,0,1,-12.45,0.2032,1.143,1.0668,2.032,2.7178,2.2606,2.2606,1,30,1
0.2032,1.6002,14.59,1.0668,2.032,0.0,1,0,14.59,2.54,1.143,0.2032,1.6002,2.794,2.8702,2.794,2,10,0
2.286,2.54,16.41,1.0668,2.032,0.0,1,0,16.41,0.2032,0.762,2.286,2.54,3.8608,2.6416,3.8608,1,20,0
0.2032,1.6002,13.06,1.0668,2.032,0.0,1,0,13.06,1.9812,2.032,0.2032,1.6002,2.7178,1.4224,2.7178,2,20,0
0.4572,0.2032,10.32,1.0668,2.032,0.0,1,0,10.32,0.2032,1.143,0.4572,0.2032,1.1938,2.2606,1.1938,1,10,0
0.762,0.7112,11.38,1.0668,2.032,0.0,1,0,11.38,0.2032,1.143,0.762,0.7112,1.4986,2.2606,1.4986,1,20,0
1.9812,0.7112,14.43,1.0668,2.032,0.0,1,0,14.43,0.2032,1.143,1.9812,0.7112,2.7178,2.2606,2.7178,1,10,0
0.2032,1.6002,14.59,1.0668,2.032,0.0,1,0,14.59,2.54,1.143,0.2032,1.6002,2.794,2.8702,2.794,2,30,0
1.9812,2.54,15.8,1.0668,2.032,0.0,1,0,15.8,0.2032,0.762,1.9812,2.54,3.556,2.6416,3.556,1,10,0
0.2032,1.9812,10.67,1.0668,2.032,0.0,1,0,10.67,1.9812,2.54,0.2032,1.9812,2.3368,1.4224,2.3368,2,20,0
0.2032,1.9812,0.0,0.2032,1.9812,9.86,0,1,-9.86,1.0668,2.54,0.2032,1.9812,1.4224,1.4224,1.4224,2,30,1
0.2032,1.9812,0.0,1.9812,2.032,17.79,0,1,-17.79,1.0668,0.7112,1.9812,2.032,2.6416,3.2512,3.2512,3,20,1
1.0668,2.54,14.74,1.9812,2.032,0.0,1,0,14.74,0.2032,0.762,1.0668,2.54,2.6416,3.556,2.6416,1,30,0
0.4572,0.2032,12.91,1.9812,2.032,0.0,1,0,12.91,0.2032,0.762,0.4572,0.2032,0.8128,3.556,0.8128,1,20,0
1.9812,0.7112,13.82,1.9812,2.032,0.0,1,0,13.82,0.2032,1.143,1.9812,0.7112,2.7178,3.175,2.7178,1,10,0
1.9812,0.7112,0.0,2.54,1.143,10.93,0,1,-10.93,2.54,1.9812,2.54,1.143,2.3368,1.3462,1.3462,3,30,1
1.9812,0.7112,0.0,0.2032,1.6002,12.6,0,1,-12.6,2.54,1.6002,0.2032,1.6002,1.9558,2.3368,2.3368,2,10,1
1.9812,0.7112,0.0,2.54,1.9812,15.8,0,1,-15.8,0.2032,0.762,2.54,1.9812,2.3368,3.556,3.556,1,20,1
2.54,1.9812,17.79,2.54,1.9812,0.0,1,0,17.79,0.2032,1.143,2.54,1.9812,3.175,3.175,3.175,1,20,0
2.54,1.9812,0.0,0.2032,1.6002,13.67,0,1,-13.67,1.9812,2.032,0.2032,1.6002,1.1176,2.7178,2.7178,2,20,1
2.54,1.9812,0.0,2.286,0.2032,13.98,0,1,-13.98,0.2032,1.143,2.286,0.2032,3.175,3.0226,3.0226,1,10,1
2.54,1.9812,0.0,1.6764,0.2032,16.87,0,1,-16.87,0.2032,1.143,1.6764,0.2032,3.175,2.413,2.413,1,20,1
2.286,2.54,11.08,1.6764,0.2032,0.0,1,0,11.08,1.6764,2.54,2.286,2.54,1.1176,2.9464,1.1176,3,30,0
0.2032,1.9812,12.3,1.6764,0.2032,0.0,1,0,12.3,0.762,2.032,0.2032,1.9812,1.1176,3.2512,1.1176,2,20,0
1.9812,0.2032,14.13,1.6764,0.2032,0.0,1,0,14.13,0.2032,1.143,1.9812,0.2032,2.7178,2.413,2.7178,1,20,0
1.9812,0.2032,0.0,0.2032,1.6002,16.72,0,1,-16.72,1.6764,2.54,0.2032,1.6002,3.2512,2.413,2.413,2,10,1
0.2032,1.6002,14.59,0.2032,1.6002,0.0,1,0,14.59,2.54,1.143,0.2032,1.6002,2.794,2.794,2.794,2,30,0
0.2032,1.6002,0.0,1.9812,2.032,17.02,0,1,-17.02,0.762,0.2032,1.9812,2.032,1.9558,3.556,3.556,3,30,1
1.0668,2.032,12.45,1.9812,2.032,4.12,1,1,8.33,0.2032,1.143,1.0668,2.032,2.2606,3.175,2.2606,1,10,0
1.0668,0.2032,14.13,1.9812,2.032,0.0,1,0,14.13,0.2032,1.143,1.0668,0.2032,1.8034,3.175,1.8034,1,20,0
2.286,0.2032,15.65,1.9812,2.032,0.0,1,0,15.65,0.2032,1.143,2.286,0.2032,3.0226,3.175,3.0226,1,30,0
2.286,0.2032,0.0,0.2032,1.9812,11.69,0,1,-11.69,0.762,2.032,0.2032,1.9812,3.8608,1.1176,1.1176,2,30,1
0.2032,1.9812,15.96,0.2032,1.9812,0.0,1,0,15.96,2.54,1.9812,0.2032,1.9812,2.9464,2.9464,2.9464,2,30,0
0.2032,1.9812,0.0,0.4572,0.2032,11.08,0,1,-11.08,0.2032,1.143,0.4572,0.2032,1.3462,1.1938,1.1938,1,10,1
0.2032,1.9812,0.0,0.762,2.032,12.3,0,1,-12.3,0.2032,0.762,0.762,2.032,1.7272,2.3368,2.3368,1,30,1
0.2032,1.9812,0.0,0.2032,1.6002,16.11,0,1,-16.11,2.286,2.54,0.2032,1.6002,2.6416,3.0226,3.0226,2,10,1
0.2032,1.9812,0.0,0.2032,1.9812,18.24,0,1,-18.24,1.6764,0.7112,0.2032,1.9812,3.2512,3.2512,3.2512,2,30,1
0.762,0.7112,11.69,0.2032,1.9812,4.27,1,1,7.42,0.2032,1.143,0.762,0.7112,1.4986,1.3462,1.4986,1,30,0
1.0668,0.2032,11.08,0.2032,1.9812,0.0,1,0,11.08,0.2032,0.762,1.0668,0.2032,1.4224,1.7272,1.4224,1,30,0
1.0668,0.2032,0.0,0.2032,1.6002,16.11,0,1,-16.11,1.9812,2.54,0.2032,1.6002,3.2512,2.7178,2.7178,2,10,1
1.0668,0.2032,0.0,0.2032,1.6002,11.99,0,1,-11.99,0.762,2.032,0.2032,1.6002,3.2512,1.4986,1.4986,2,20,1
1.0668,0.2032,0.0,0.2032,1.6002,16.87,0,1,-16.87,2.54,1.9812,0.2032,1.6002,3.2512,2.7178,2.7178,2,30,1
1.0668,0.2032,0.0,2.286,0.2032,13.98,0,1,-13.98,0.2032,0.762,2.286,0.2032,1.4224,2.6416,2.6416,1,30,1
1.6764,0.2032,14.43,2.286,0.2032,0.0,1,0,14.43,0.2032,1.143,1.6764,0.2032,2.413,3.0226,2.413,1,20,0
0.2032,1.9812,13.52,2.286,0.2032,0.0,1,0,13.52,1.6764,0.7112,0.2032,1.9812,3.2512,1.1176,3.2512,2,10,0
0.2032,1.9812,0.0,1.0668,2.032,14.13,0,1,-14.13,2.54,1.143,1.0668,2.032,3.175,2.8702,2.8702,3,30,1
2.286,0.2032,14.74,1.0668,2.032,0.0,1,0,14.74,0.2032,0.762,2.286,0.2032,2.6416,2.6416,2.6416,1,10,0
2.286,0.2032,0.0,0.2032,1.6002,15.5,0,1,-15.5,2.286,2.54,0.2032,1.6002,2.3368,3.0226,3.0226,2,30,1
1.0668,2.032,15.35,0.2032,1.6002,0.0,1,0,15.35,1.0668,0.7112,1.0668,2.032,2.9464,2.2606,2.9464,3,20,0
1.0668,2.032,0.0,0.762,2.54,11.84,0,1,-11.84,0.2032,1.143,0.762,2.54,2.2606,1.9558,1.9558,1,20,1
2.54,0.762,13.52,0.762,2.54,0.0,1,0,13.52,2.54,1.143,2.54,0.762,0.889,3.175,0.889,3,10,0
2.54,0.762,0.0,1.0668,2.032,14.43,0,1,-14.43,0.2032,1.143,1.0668,2.032,2.7178,2.2606,2.2606,1,20,1
0.2032,1.6002,14.59,1.0668,2.032,0.0,1,0,14.59,1.0668,0.2032,0.2032,1.6002,2.2606,2.9464,2.2606,2,20,0
0.2032,1.6002,0.0,0.2032,1.9812,9.86,0,1,-9.86,1.0668,2.54,0.2032,1.9812,1.8034,1.4224,1.4224,2,30,1
1.9812,0.2032,13.37,0.2032,1.9812,0.0,1,0,13.37,0.2032,1.143,1.9812,0.2032,2.7178,1.3462,2.7178,1,10,0
1.9812,0.2032,0.0,0.2032,1.6002,12.45,0,1,-12.45,1.0668,2.032,0.2032,1.6002,3.2512,1.8034,1.8034,2,10,1
0.2032,1.6002,12.35,0.2032,1.6002,0.0,1,0,12.35,1.9812,0.2032,0.2032,1.6002,3.175,3.175,3.175,2,10,0
0.2032,1.6002,0.0,0.2032,1.6002,12.6,0,1,-12.6,0.4572,0.2032,0.2032,1.6002,1.651,1.651,1.651,2,30,1
0.2032,1.6002,0.0,0.762,0.2032,10.93,0,1,-10.93,0.2032,0.762,0.762,0.2032,1.3462,1.1176,1.1176,1,10,1
1.0668,2.032,10.62,0.762,0.2032,0.0,1,0,10.62,0.4572,2.54,1.0668,2.032,1.1176,2.6416,1.1176,3,20,0
1.0668,2.032,0.0,0.762,2.032,14.13,0,1,-14.13,1.0668,0.7112,0.762,2.032,2.9464,3.2512,3.2512,3,10,1
0.2032,1.6002,17.33,0.762,2.032,0.0,1,0,17.33,2.54,1.143,0.2032,1.6002,2.794,3.175,2.794,2,20,0
0.2032,1.6002,0.0,0.2032,1.9812,14.13,0,1,-14.13,1.9812,2.032,0.2032,1.9812,2.7178,2.3368,2.3368,2,20,1
0.2032,1.9812,13.37,0.2032,1.9812,0.0,1,0,13.37,0.4572,0.2032,0.2032,1.9812,2.032,2.032,2.032,2,30,0
0.2032,1.9812,0.0,1.6764,0.7112,13.52,0,1,-13.52,0.2032,0.762,1.6764,0.7112,1.7272,2.032,2.032,1,30,1
0.2032,1.9812,0.0,0.4572,2.54,15.35,0,1,-15.35,1.9812,0.7112,0.4572,2.54,3.556,3.8608,3.8608,3,10,1
1.9812,0.7112,14.13,0.4572,2.54,0.0,1,0,14.13,1.9812,0.2032,1.9812,0.7112,0.508,3.8608,0.508,3,10,0
1.9812,0.7112,0.0,2.286,2.54,17.79,0,1,-17.79,0.2032,0.762,2.286,2.54,2.3368,3.8608,3.8608,1,20,1
2.54,0.762,12.6,2.286,2.54,4.12,1,1,8.48,2.54,1.6002,2.54,0.762,1.3462,1.1938,1.3462,3,20,0
1.9812,2.032,16.57,2.286,2.54,0.0,1,0,16.57,1.0668,0.7112,1.9812,2.032,3.2512,3.556,3.2512,3,10,0
1.9812,2.032,0.0,0.2032,1.6002,17.63,0,1,-17.63,2.286,0.2032,0.2032,1.6002,2.6416,3.4798,3.4798,2,30,1
0.2032,1.9812,19.0,0.2032,1.6002,5.34,1,1,13.66,1.6764,0.7112,0.2032,1.9812,3.2512,2.8702,3.2512,2,20,0
0.2032,1.9812,0.0,0.2032,1.6002,17.18,0,1,-17.18,2.54,1.143,0.2032,1.6002,3.175,2.794,2.794,2,20,1
0.2032,1.9812,0.0,1.9812,0.2032,13.37,0,1,-13.37,0.2032,1.143,1.9812,0.2032,1.3462,2.7178,2.7178,1,30,1
0.2032,1.9812,0.0,0.2032,1.6002,12.35,0,1,-12.35,1.9812,0.2032,0.2032,1.6002,3.556,3.175,3.175,2,30,1
0.2032,1.9812,14.13,0.2032,1.6002,0.0,1,0,14.13,1.6764,2.032,0.2032,1.9812,2.032,2.413,2.032,2,20,0
0.2032,1.9812,0.0,1.0668,2.54,18.85,0,1,-18.85,1.9812,0.2032,1.0668,2.54,3.556,3.2512,3.2512,3,20,1
0.2032,1.9812,0.0,0.2032,1.9812,9.86,0,1,-9.86,1.0668,2.032,0.2032,1.9812,1.4224,1.4224,1.4224,2,20,1
0.2032,1.9812,0.0,0.2032,1.6002,11.23,0,1,-11.23,0.762,2.54,0.2032,1.6002,1.1176,1.4986,1.4986,2,20,1
0.2032,1.9812,0.0,0.2032,1.6002,13.82,0,1,-13.82,0.762,0.7112,0.2032,1.6002,2.3368,1.9558,1.9558,2,30,1
0.2032,1.9812,0.0,0.4572,2.54,11.23,0,1,-11.23,0.2032,1.143,0.4572,2.54,1.3462,1.651,1.651,1,20,1
0.2032,1.9812,0.0,0.2032,1.9812,14.74,0,1,-14.74,1.9812,2.54,0.2032,1.9812,2.3368,2.3368,2.3368,2,30,1
0.2032,1.9812,0.0,0.2032,1.9812,14.13,0,1,-14.13,1.6764,2.032,0.2032,1.9812,2.032,2.032,2.032,2,30,1
0.2032,1.9812,0.0,1.6764,0.2032,13.52,0,1,-13.52,0.2032,0.762,1.6764,0.2032,1.7272,2.032,2.032,1,10,1
2.286,2.54,17.18,1.6764,0.2032,0.0,1,0,17.18,0.2032,0.762,2.286,2.54,3.8608,2.032,3.8608,1,30,0
0.2032,1.9812,16.42,1.6764,0.2032,0.0,2,0,16.42,1.9812,2.54,0.2032,1.9812,2.3368,3.2512,2.3368,2,30,0
0.2032,1.9812,0.0,0.2032,1.9812,13.52,0,1,-13.52,0.4572,0.2032,0.2032,1.9812,2.032,2.032,2.032,2,10,1
0.2032,1.9812,0.0,0.762,0.7112,12.91,0,1,-12.91,1.0668,0.7112,0.762,0.7112,2.6416,0.8128,0.8128,3,10,1
0.2032,1.9812,0.0,2.54,1.6002,13.37,0,1,-13.37,2.286,0.2032,2.54,1.6002,3.8608,1.651,1.651,3,20,1
1.0668,0.2032,12.3,2.54,1.6002,0.0,1,0,12.3,0.2032,1.143,1.0668,0.2032,1.8034,2.794,1.8034,1,20,0
1.0668,0.2032,13.21,2.54,1.6002,0.0,1,0,13.21,0.2032,1.143,1.0668,0.2032,1.8034,2.794,1.8034,1,20,0
2.54,1.9812,15.96,2.54,1.6002,0.0,1,0,15.96,0.2032,1.143,2.54,1.9812,3.175,2.794,3.175,1,20,0
2.54,1.9812,0.0,2.286,0.2032,17.63,0,1,-17.63,0.2032,0.762,2.286,0.2032,3.556,2.6416,2.6416,1,10,1
2.54,1.9812,0.0,1.6764,0.2032,16.87,0,1,-16.87,0.2032,1.143,1.6764,0.2032,3.175,2.413,2.413,1,30,1
0.2032,1.6002,12.45,1.6764,0.2032,0.0,1,0,12.45,2.54,1.6002,0.2032,1.6002,2.3368,2.2606,2.3368,2,30,0
2.54,1.6002,13.52,1.6764,0.2032,0.0,1,0,13.52,0.2032,1.143,2.54,1.6002,2.794,2.413,2.794,1,10,0
2.54,1.6002,0.0,0.762,2.032,14.74,0,1,-14.74,0.2032,0.762,0.762,2.032,3.175,2.3368,2.3368,1,20,1
2.54,1.6002,0.0,0.2032,1.9812,10.47,0,1,-10.47,1.0668,2.54,0.2032,1.9812,2.413,1.4224,1.4224,2,30,1
2.54,1.6002,0.0,0.2032,1.6002,14.59,0,1,-14.59,0.762,0.7112,0.2032,1.6002,3.175,1.9558,1.9558,2,10,1
2.54,1.6002,0.0,1.0668,2.54,13.98,0,1,-13.98,0.2032,0.762,1.0668,2.54,3.175,2.6416,2.6416,1,20,1
2.54,1.6002,0.0,0.2032,1.9812,15.96,0,1,-15.96,0.4572,0.2032,0.2032,1.9812,3.4798,2.032,2.032,2,30,1
2.54,1.6002,0.0,0.762,0.2032,12.91,0,1,-12.91,0.4572,2.54,0.762,0.2032,3.0226,2.6416,2.6416,3,10,1
2.54,1.6002,0.0,0.2032,1.9812,12.91,0,1,-12.91,0.4572,2.54,0.2032,1.9812,3.0226,0.8128,0.8128,2,20,1
2.54,1.6002,0.0,0.2032,1.9812,11.69,0,1,-11.69,1.0668,2.032,0.2032,1.9812,2.413,1.4224,1.4224,2,30,1
2.54,1.6002,0.0,2.54,1.143,13.37,0,1,-13.37,0.2032,1.143,2.54,1.143,2.794,2.3368,2.3368,1,20,1
2.54,1.6002,0.0,1.0668,2.032,15.19,0,1,-15.19,0.2032,1.143,1.0668,2.032,2.794,2.2606,2.2606,1,20,1
2.54,1.6002,0.0,0.4572,0.2032,12.91,0,1,-12.91,0.2032,0.762,0.4572,0.2032,3.175,0.8128,0.8128,1,20,1
2.54,1.6002,0.0,0.2032,1.6002,12.76,0,1,-12.76,1.0668,0.7112,0.2032,1.6002,2.8702,2.2606,2.2606,2,20,1
2.54,1.6002,0.0,1.6764,2.032,13.67,0,1,-13.67,0.2032,1.143,1.6764,2.032,2.794,2.8702,2.8702,1,20,1
0.4572,2.54,14.89,1.6764,2.032,0.0,1,0,14.89,0.2032,1.143,0.4572,2.54,1.651,2.8702,1.651,1,30,0
2.54,0.762,13.72,1.6764,2.032,0.0,1,0,13.72,0.4572,2.54,2.54,0.762,3.8608,1.7272,3.8608,3,20,0
0.2032,1.6002,13.37,1.6764,2.032,0.0,1,0,13.37,2.54,1.6002,0.2032,1.6002,2.3368,1.8034,2.3368,2,10,0
0.2032,1.6002,18.7,1.6764,2.032,0.0,1,0,18.7,1.9812,0.2032,0.2032,1.6002,3.175,3.2512,3.175,2,30,0
1.9812,0.7112,13.37,1.6764,2.032,0.0,1,0,13.37,0.2032,0.762,1.9812,0.7112,2.3368,3.2512,2.3368,1,20,0
1.9812,2.54,17.79,1.6764,2.032,0.0,1,0,17.79,0.2032,1.143,1.9812,2.54,3.175,2.8702,3.175,1,20,0
1.9812,2.54,0.0,0.2032,1.6002,11.84,0,1,-11.84,0.4572,2.54,0.2032,1.6002,2.032,1.1938,1.1938,2,30,1
1.9812,2.54,0.0,0.2032,1.9812,10.01,0,1,-10.01,0.4572,2.54,0.2032,1.9812,2.032,0.8128,0.8128,2,30,1
1.9812,2.54,0.0,1.6764,2.54,17.18,0,1,-17.18,0.762,0.2032,1.6764,2.54,3.556,3.2512,3.2512,3,30,1
1.9812,2.54,0.0,1.9812,2.032,19.61,0,1,-19.61,0.2032,0.762,1.9812,2.032,3.556,3.556,3.556,1,10,1
0.4572,2.54,17.18,1.9812,2.032,4.12,1,1,13.06,0.2032,0.762,0.4572,2.54,2.032,3.556,2.032,1,10,0
0.4572,2.54,0.0,0.2032,1.6002,13.67,0,1,-13.67,2.54,1.6002,0.2032,1.6002,3.0226,2.3368,2.3368,2,20,1
0.4572,2.54,0.0,1.9812,0.2032,13.37,0,1,-13.37,0.2032,1.143,1.9812,0.2032,1.651,2.7178,2.7178,1,30,1
0.4572,2.54,0.0,0.2032,1.9812,16.57,0,1,-16.57,2.54,1.9812,0.2032,1.9812,2.6416,2.9464,2.9464,2,30,1
0.4572,2.54,0.0,1.0668,2.54,13.21,0,1,-13.21,0.2032,1.143,1.0668,2.54,1.651,2.2606,2.2606,1,30,1
2.286,2.54,16.26,1.0668,2.54,0.0,1,0,16.26,0.2032,1.143,2.286,2.54,3.4798,2.2606,3.4798,1,30,0
2.286,2.54,0.0,2.54,0.762,15.96,0,1,-15.96,1.0668,0.2032,2.54,0.762,3.556,2.032,2.032,3,10,1
2.54,1.6002,10.62,2.54,0.762,0.0,1,0,10.62,1.9812,2.032,2.54,1.6002,1.4986,2.3368,1.4986,3,30,0
2.54,1.6002,0.0,1.6764,2.032,18.4,0,1,-18.4,0.2032,0.762,1.6764,2.032,3.175,3.2512,3.2512,1,20,1
0.762,0.7112,14.59,1.6764,2.032,0.0,1,0,14.59,0.2032,0.762,0.762,0.7112,1.1176,3.2512,1.1176,1,30,0
2.286,2.54,15.96,1.6764,2.032,0.0,1,0,15.96,0.2032,1.143,2.286,2.54,3.4798,2.8702,3.4798,1,30,0
2.286,2.54,0.0,2.286,2.54,21.44,0,1,-21.44,0.4572,0.2032,2.286,2.54,4.1656,4.1656,4.1656,3,10,1
0.762,0.2032,15.96,2.286,2.54,6.71,1,1,9.25,0.4572,2.54,0.762,0.2032,2.6416,2.3368,2.6416,3,20,0
0.2032,1.6002,10.93,2.286,2.54,0.0,1,0,10.93,0.762,0.7112,0.2032,1.6002,1.9558,3.8608,1.9558,2,30,0
0.2032,1.6002,15.04,2.286,2.54,0.0,1,0,15.04,1.0668,0.2032,0.2032,1.6002,2.2606,3.556,2.2606,2,20,0
0.2032,1.6002,0.0,0.2032,1.9812,17.18,0,1,-17.18,2.54,0.762,0.2032,1.9812,3.175,3.556,3.556,2,20,1
0.2032,1.9812,12.45,0.2032,1.9812,4.27,1,1,8.18,1.0668,2.032,0.2032,1.9812,1.4224,1.4224,1.4224,2,10,0
0.2032,1.9812,0.0,1.9812,0.7112,14.13,0,1,-14.13,0.2032,0.762,1.9812,0.7112,1.7272,2.3368,2.3368,1,30,1
0.2032,1.6002,14.89,1.9812,0.7112,0.0,1,0,14.89,1.6764,2.54,0.2032,1.6002,2.413,3.2512,2.413,2,30,0
0.4572,2.54,14.28,1.9812,0.7112,0.0,1,0,14.28,1.6764,2.032,0.4572,2.54,1.7272,3.2512,1.7272,3,30,0
1.6764,2.032,16.57,1.9812,0.7112,0.0,1,0,16.57,0.2032,0.762,1.6764,2.032,3.2512,2.3368,3.2512,1,10,0
1.6764,2.032,0.0,1.6764,2.032,17.18,0,1,-17.18,0.2032,1.143,1.6764,2.032,2.8702,2.8702,2.8702,1,30,1
1.6764,2.032,0.0,0.2032,1.6002,10.83,0,1,-10.83,1.6764,2.032,0.2032,1.6002,0.0,2.413,2.413,2,20,1
1.6764,2.032,0.0,1.0668,2.54,12.45,0,1,-12.45,0.2032,1.143,1.0668,2.54,2.8702,2.2606,2.2606,1,10,1
0.2032,1.9812,14.74,1.0668,2.54,0.0,1,0,14.74,2.54,1.9812,0.2032,1.9812,2.9464,2.032,2.9464,2,20,0
0.2032,1.9812,0.0,0.2032,1.6002,14.28,0,1,-14.28,1.9812,2.54,0.2032,1.6002,2.3368,2.7178,2.7178,2,10,1
0.2032,1.9812,0.0,0.762,2.54,11.84,0,1,-11.84,0.2032,1.143,0.762,2.54,1.3462,1.9558,1.9558,1,10,1
1.9812,2.54,15.04,0.762,2.54,0.0,1,0,15.04,0.2032,1.143,1.9812,2.54,3.175,1.9558,3.175,1,20,0
1.9812,2.54,0.0,1.9812,0.2032,15.35,0,1,-15.35,0.2032,1.143,1.9812,0.2032,3.175,2.7178,2.7178,1,30,1
1.9812,2.54,0.0,0.762,2.54,15.35,0,1,-15.35,2.54,0.762,0.762,2.54,2.3368,3.556,3.556,3,30,1
1.9812,2.54,0.0,1.9812,2.032,16.26,0,1,-16.26,0.2032,1.143,1.9812,2.032,3.175,3.175,3.175,1,30,1
1.9812,2.54,0.0,1.6764,2.54,18.09,0,1,-18.09,0.2032,1.143,1.6764,2.54,3.175,2.8702,2.8702,1,10,1
0.762,2.032,19.0,1.6764,2.54,5.49,1,1,13.51,2.286,0.2032,0.762,2.032,3.8608,2.9464,3.8608,3,20,0
0.762,2.032,6.1,0.762,0.7112,14.74,1,1,-8.64,0.2032,1.143,0.762,0.7112,1.9558,1.4986,1.4986,1,30,1
0.762,2.032,0.0,0.2032,1.6002,14.59,0,1,-14.59,1.6764,0.2032,0.2032,1.6002,3.2512,2.8702,2.8702,2,10,1
0.762,2.032,0.0,0.2032,1.6002,15.04,0,1,-15.04,1.0668,0.7112,0.2032,1.6002,3.2512,2.2606,2.2606,2,10,1
0.762,2.032,0.0,2.286,2.54,14.89,0,1,-14.89,0.2032,1.143,2.286,2.54,1.9558,3.4798,3.4798,1,30,1
0.762,2.032,0.0,1.9812,0.7112,12.3,0,1,-12.3,2.286,0.2032,1.9812,0.7112,3.8608,0.8128,0.8128,3,30,1
0.762,2.032,0.0,1.0668,2.54,15.96,0,1,-15.96,0.2032,0.762,1.0668,2.54,2.3368,2.6416,2.6416,1,20,1
0.762,2.032,0.0,1.9812,0.7112,13.52,0,1,-13.52,1.6764,0.7112,1.9812,0.7112,3.2512,0.8128,0.8128,3,20,1
0.762,2.032,0.0,1.6764,0.7112,14.74,0,1,-14.74,0.2032,0.762,1.6764,0.7112,2.3368,2.032,2.032,1,10,1
0.762,2.032,0.0,0.2032,1.9812,13.52,0,1,-13.52,0.4572,0.2032,0.2032,1.9812,2.6416,2.032,2.032,2,10,1
0.762,2.032,0.0,0.4572,0.2032,11.08,0,1,-11.08,0.2032,0.762,0.4572,0.2032,2.3368,0.8128,0.8128,1,20,1
0.762,2.032,0.0,1.6764,0.2032,14.13,0,1,-14.13,2.54,0.762,1.6764,0.2032,3.556,1.4224,1.4224,3,10,1
0.2032,1.6002,13.67,1.6764,0.2032,0.0,1,0,13.67,1.6764,2.54,0.2032,1.6002,2.413,2.9464,2.413,2,30,0
1.6764,0.2032,12.76,1.6764,0.2032,0.0,1,0,12.76,0.2032,1.143,1.6764,0.2032,2.413,2.413,2.413,1,30,0
1.6764,0.2032,0.0,0.762,2.032,14.74,0,1,-14.74,0.2032,1.143,0.762,2.032,2.413,1.9558,1.9558,1,30,1
0.2032,1.9812,13.52,0.762,2.032,0.0,1,0,13.52,1.0668,0.7112,0.2032,1.9812,2.6416,3.2512,2.6416,2,30,0
0.2032,1.9812,0.0,0.2032,1.6002,19.46,0,1,-19.46,1.9812,0.7112,0.2032,1.6002,3.556,3.175,3.175,2,20,1
2.286,2.54,12.3,0.2032,1.6002,0.0,1,0,12.3,0.762,2.032,2.286,2.54,2.032,1.4986,2.032,3,30,0
2.286,2.54,0.0,1.6764,2.032,15.19,0,1,-15.19,0.2032,0.762,1.6764,2.032,3.8608,3.2512,3.2512,1,20,1
0.2032,1.9812,11.28,1.6764,2.032,0.0,1,0,11.28,2.286,2.54,0.2032,1.9812,2.6416,1.1176,2.6416,2,30,0
0.2032,1.9812,0.0,1.9812,0.2032,13.52,0,1,-13.52,2.54,1.6002,1.9812,0.2032,2.7178,1.9558,1.9558,3,30,1
0.4572,2.54,13.52,1.9812,0.2032,0.0,1,0,13.52,0.2032,0.762,0.4572,2.54,2.032,2.3368,2.032,1,20,0
0.4572,2.54,0.0,2.286,0.2032,9.86,0,1,-9.86,2.54,0.762,2.286,0.2032,3.8608,0.8128,0.8128,3,20,1
0.2032,1.9812,9.86,2.286,0.2032,0.0,1,0,9.86,0.762,2.032,0.2032,1.9812,1.1176,3.8608,1.1176,2,20,0
0.2032,1.9812,0.0,0.2032,1.6002,13.98,0,1,-13.98,2.54,1.143,0.2032,1.6002,3.175,2.794,2.794,2,30,1
0.2032,1.9812,0.0,0.4572,0.2032,10.32,0,1,-10.32,0.2032,1.143,0.4572,0.2032,1.3462,1.1938,1.1938,1,20,1
0.2032,1.9812,0.0,1.9812,0.2032,11.08,0,1,-11.08,1.0668,0.7112,1.9812,0.2032,2.6416,1.4224,1.4224,3,10,1
1.0668,0.2032,12.3,1.9812,0.2032,0.0,1,0,12.3,0.2032,0.762,1.0668,0.2032,1.4224,2.3368,1.4224,1,30,0
0.2032,1.9812,14.74,1.9812,0.2032,0.0,1,0,14.74,1.0668,2.032,0.2032,1.9812,1.4224,3.2512,1.4224,2,30,0
2.54,0.762,14.13,1.9812,0.2032,0.0,1,0,14.13,0.2032,1.143,2.54,0.762,2.7178,2.7178,2.7178,1,10,0
2.54,0.762,0.0,2.54,1.9812,16.57,0,1,-16.57,0.762,0.7112,2.54,1.9812,2.3368,3.556,3.556,3,30,1
0.2032,1.6002,16.11,2.54,1.9812,4.27,1,1,11.84,1.9812,2.54,0.2032,1.6002,2.7178,1.1176,2.7178,2,20,0
0.2032,1.6002,12.6,2.54,1.9812,0.0,1,0,12.6,0.4572,0.2032,0.2032,1.6002,1.651,3.8608,1.651,2,20,0
0.2032,1.6002,10.78,2.54,1.9812,0.0,1,0,10.78,0.4572,2.54,0.2032,1.6002,1.1938,2.6416,1.1938,2,20,0
0.2032,1.9812,11.23,2.54,1.9812,0.0,1,0,11.23,0.762,2.54,0.2032,1.9812,1.1176,2.3368,1.1176,2,30,0
1.0668,2.032,14.74,2.54,1.9812,0.0,1,0,14.74,0.2032,0.762,1.0668,2.032,2.6416,3.556,2.6416,1,10,0
0.2032,1.6002,16.41,2.54,1.9812,0.0,1,0,16.41,0.762,0.7112,0.2032,1.6002,1.9558,3.556,1.9558,2,30,0
2.54,1.9812,15.8,2.54,1.9812,0.0,1,0,15.8,0.2032,0.762,2.54,1.9812,3.556,3.556,3.556,1,10,0
2.54,1.9812,0.0,0.2032,1.9812,15.04,0,1,-15.04,2.54,1.143,0.2032,1.9812,1.3462,3.175,3.175,2,10,1
1.9812,2.032,16.57,0.2032,1.9812,0.0,1,0,16.57,1.9812,0.2032,1.9812,2.032,2.9464,3.556,2.9464,3,10,0
1.9812,2.032,0.0,1.9812,2.032,15.04,0,1,-15.04,0.2032,1.143,1.9812,2.032,3.175,3.175,3.175,1,20,1
1.9812,2.032,0.0,2.286,0.2032,12.3,0,1,-12.3,2.54,1.143,2.286,0.2032,1.9558,1.1938,1.1938,3,30,1
1.9812,2.032,0.0,0.2032,1.6002,13.98,0,1,-13.98,1.6764,0.2032,0.2032,1.6002,3.2512,2.8702,2.8702,2,20,1
1.9812,2.032,0.0,1.9812,0.7112,13.37,0,1,-13.37,0.2032,1.143,1.9812,0.7112,3.175,2.7178,2.7178,1,20,1
1.9812,2.032,0.0,0.2032,1.6002,14.59,0,1,-14.59,2.286,0.2032,0.2032,1.6002,2.6416,3.4798,3.4798,2,10,1
1.9812,2.54,11.99,0.2032,1.6002,0.0,1,0,11.99,2.54,1.6002,1.9812,2.54,1.4986,2.3368,1.4986,3,10,0
0.2032,1.6002,12.45,0.2032,1.6002,0.0,1,0,12.45,1.9812,2.032,0.2032,1.6002,2.7178,2.7178,2.7178,2,20,0
0.2032,1.6002,0.0,0.2032,1.6002,15.65,0,1,-15.65,1.6764,2.54,0.2032,1.6002,2.413,2.413,2.413,2,10,1
0.2032,1.6002,0.0,2.286,2.54,14.89,0,1,-14.89,0.2032,1.143,2.286,2.54,0.9652,3.4798,3.4798,1,10,1
0.2032,1.6002,0.0,1.9812,0.2032,13.52,0,1,-13.52,1.9812,2.54,1.9812,0.2032,2.7178,2.9464,2.9464,3,30,1
1.0668,0.2032,11.54,1.9812,0.2032,0.0,1,0,11.54,0.2032,1.143,1.0668,0.2032,1.8034,2.7178,1.8034,1,10,0
0.2032,1.6002,15.5,1.9812,0.2032,0.0,1,0,15.5,1.0668,2.032,0.2032,1.6002,1.8034,3.2512,1.8034,2,30,0
1.0668,0.7112,11.54,1.9812,0.2032,0.0,1,0,11.54,0.2032,0.762,1.0668,0.7112,1.4224,2.3368,1.4224,1,30,0
0.2032,1.9812,15.96,1.9812,0.2032,0.0,1,0,15.96,1.6764,2.032,0.2032,1.9812,2.032,3.2512,2.032,2,10,0
1.9812,0.2032,14.13,1.9812,0.2032,0.0,1,0,14.13,0.2032,0.762,1.9812,0.2032,2.3368,2.3368,2.3368,1,20,0
1.9812,0.2032,0.0,1.0668,2.54,15.96,0,1,-15.96,0.2032,0.762,1.0668,2.54,2.3368,2.6416,2.6416,1,20,1
1.9812,0.2032,0.0,0.2032,1.6002,13.06,0,1,-13.06,1.6764,2.54,0.2032,1.6002,3.2512,2.413,2.413,2,30,1
1.6764,0.2032,12.3,0.2032,1.6002,0.0,1,0,12.3,0.762,0.7112,1.6764,0.2032,1.4224,1.9558,1.4224,3,20,0
1.6764,0.2032,0.0,1.6764,2.54,13.67,0,1,-13.67,0.2032,1.143,1.6764,2.54,2.413,2.8702,2.8702,1,20,1
0.2032,1.9812,15.96,1.6764,2.54,0.0,1,0,15.96,2.54,1.143,0.2032,1.9812,3.175,2.2606,3.175,2,30,0
1.9812,0.2032,15.35,1.6764,2.54,0.0,1,0,15.35,0.762,2.54,1.9812,0.2032,3.556,1.4224,3.556,3,30,0
1.9812,0.2032,0.0,0.2032,1.9812,11.08,0,1,-11.08,1.6764,2.032,0.2032,1.9812,3.2512,2.032,2.032,2,30,1
1.9812,0.2032,0.0,2.286,0.2032,14.74,0,1,-14.74,0.2032,0.762,2.286,0.2032,2.3368,2.6416,2.6416,1,10,1
1.6764,2.54,17.18,2.286,0.2032,0.0,1,0,17.18,0.2032,1.143,1.6764,2.54,2.8702,3.0226,2.8702,1,30,0
2.54,0.762,17.18,2.286,0.2032,0.0,1,0,17.18,0.2032,1.143,2.54,0.762,2.7178,3.0226,2.7178,1,10,0
2.54,0.762,0.0,0.762,2.54,15.96,0,1,-15.96,0.2032,0.762,0.762,2.54,2.9464,2.3368,2.3368,1,10,1
2.54,0.762,0.0,0.2032,1.9812,9.25,0,1,-9.25,0.762,2.032,0.2032,1.9812,3.556,1.1176,1.1176,2,20,1
2.54,0.762,0.0,0.762,2.54,12.6,0,1,-12.6,0.2032,1.143,0.762,2.54,2.7178,1.9558,1.9558,1,10,1
2.54,0.762,0.0,0.762,0.7112,12.91,0,1,-12.91,0.2032,0.762,0.762,0.7112,2.9464,1.1176,1.1176,1,30,1
2.54,0.762,0.0,0.2032,1.6002,12.15,0,1,-12.15,1.0668,0.2032,0.2032,1.6002,2.032,2.2606,2.2606,2,10,1
0.2032,1.6002,14.59,0.2032,1.6002,0.0,1,0,14.59,1.0668,0.2032,0.2032,1.6002,2.2606,2.2606,2.2606,2,20,0
0.2032,1.6002,0.0,0.2032,1.6002,13.82,0,1,-13.82,0.762,0.2032,0.2032,1.6002,1.9558,1.9558,1.9558,2,20,1
0.2032,1.6002,0.0,0.762,0.7112,12.15,0,1,-12.15,1.0668,0.2032,0.762,0.7112,2.2606,0.8128,0.8128,3,10,1
0.2032,1.6002,0.0,1.6764,0.2032,9.86,0,1,-9.86,1.0668,0.7112,1.6764,0.2032,2.2606,1.1176,1.1176,3,30,1
0.2032,1.6002,0.0,0.2032,1.6002,12.76,0,1,-12.76,0.762,0.7112,0.2032,1.6002,1.9558,1.9558,1.9558,2,20,1
0.2032,1.6002,0.0,0.2032,1.6002,11.99,0,1,-11.99,0.762,2.54,0.2032,1.6002,1.4986,1.4986,1.4986,2,30,1
0.2032,1.6002,0.0,0.762,2.54,16.11,0,1,-16.11,2.54,1.9812,0.762,2.54,2.7178,2.3368,2.3368,3,10,1
0.762,0.2032,10.93,0.762,2.54,0.0,1,0,10.93,0.2032,1.143,0.762,0.2032,1.4986,1.9558,1.4986,1,20,0
1.6764,2.032,13.52,0.762,2.54,0.0,1,0,13.52,1.0668,0.2032,1.6764,2.032,2.9464,3.2512,2.9464,3,30,0
1.6764,2.032,0.0,1.6764,2.54,18.4,0,1,-18.4,0.4572,0.2032,1.6764,2.54,3.556,3.556,3.556,3,20,1
1.9812,0.2032,17.18,1.6764,2.54,5.49,1,1,11.69,0.2032,0.762,1.9812,0.2032,2.3368,3.2512,2.3368,1,10,0
1.6764,0.7112,13.52,1.6764,2.54,0.0,1,0,13.52,0.4572,0.2032,1.6764,0.7112,1.7272,3.556,1.7272,3,20,0
1.6764,0.7112,0.0,0.2032,1.9812,11.08,0,1,-11.08,1.0668,2.54,0.2032,1.9812,2.9464,1.4224,1.4224,2,20,1
1.6764,0.7112,0.0,0.2032,1.6002,17.33,0,1,-17.33,2.286,2.54,0.2032,1.6002,2.9464,3.0226,3.0226,2,20,1
0.2032,1.9812,15.96,0.2032,1.6002,0.0,1,0,15.96,2.54,0.762,0.2032,1.9812,3.556,3.175,3.556,2,20,0
0.2032,1.9812,0.0,2.54,0.762,13.37,0,1,-13.37,0.2032,1.143,2.54,0.762,1.3462,2.7178,2.7178,1,30,1
0.762,2.032,12.6,2.54,0.762,0.0,1,0,12.6,0.2032,1.143,0.762,2.032,1.9558,2.7178,1.9558,1,20,0
0.762,2.032,0.0,0.2032,1.6002,14.59,0,1,-14.59,1.9812,0.7112,0.2032,1.6002,3.556,3.175,3.175,2,30,1
0.762,2.032,0.0,2.286,2.54,16.41,0,1,-16.41,0.2032,0.762,2.286,2.54,2.3368,3.8608,3.8608,1,10,1
2.286,2.54,16.87,2.286,2.54,0.0,1,0,16.87,0.2032,1.143,2.286,2.54,3.4798,3.4798,3.4798,1,10,0
2.286,2.54,0.0,1.6764,0.2032,17.79,0,1,-17.79,0.2032,0.762,1.6764,0.2032,3.8608,2.032,2.032,1,20,1
0.2032,1.6002,13.06,1.6764,0.2032,0.0,1,0,13.06,2.54,1.6002,0.2032,1.6002,2.3368,2.2606,2.3368,2,10,0
0.2032,1.9812,16.11,1.6764,0.2032,0.0,1,0,16.11,1.9812,2.032,0.2032,1.9812,2.3368,3.2512,2.3368,2,30,0
0.2032,1.9812,0.0,0.2032,1.9812,13.52,0,1,-13.52,0.4572,0.2032,0.2032,1.9812,2.032,2.032,2.032,2,20,1
0.2032,1.9812,0.0,0.2032,1.9812,20.22,0,1,-20.22,2.54,0.762,0.2032,1.9812,3.556,3.556,3.556,2,30,1
0.2032,1.9812,0.0,0.2032,1.6002,12.45,0,1,-12.45,1.0668,2.54,0.2032,1.6002,1.4224,1.8034,1.8034,2,10,1
0.2032,1.9812,0.0,0.762,2.54,11.84,0,1,-11.84,0.2032,1.143,0.762,2.54,1.3462,1.9558,1.9558,1,20,1
1.9812,2.54,16.57,0.762,2.54,0.0,1,0,16.57,0.2032,0.762,1.9812,2.54,3.556,2.3368,3.556,1,20,0
1.9812,2.54,4.12,0.762,2.54,15.35,1,1,-11.23,0.2032,0.762,0.762,2.54,3.556,2.3368,2.3368,1,20,1
1.9812,2.54,0.0,0.2032,1.6002,10.01,0,1,-10.01,0.4572,2.54,0.2032,1.6002,2.032,1.1938,1.1938,2,30,1
1.9812,2.54,0.0,1.0668,0.7112,11.54,0,1,-11.54,0.2032,1.143,1.0668,0.7112,3.175,1.8034,1.8034,1,20,1
1.9812,2.54,0.0,0.4572,0.2032,10.47,0,1,-10.47,0.2032,0.762,0.4572,0.2032,3.556,0.8128,0.8128,1,30,1
1.9812,2.54,0.0,0.2032,1.9812,15.96,0,1,-15.96,1.6764,0.2032,0.2032,1.9812,3.2512,3.2512,3.2512,2,10,1
1.9812,2.54,0.0,1.0668,2.54,13.21,0,1,-13.21,0.2032,1.143,1.0668,2.54,3.175,2.2606,2.2606,1,20,1
0.2032,1.9812,11.69,1.0668,2.54,0.0,1,0,11.69,1.6764,2.54,0.2032,1.9812,2.032,1.1176,2.032,2,20,0
1.9812,2.032,17.79,1.0668,2.54,0.0,1,0,17.79,0.4572,0.2032,1.9812,2.032,3.8608,2.9464,3.8608,3,20,0
1.9812,2.032,6.1,0.762,2.54,14.43,1,1,-8.33,0.2032,1.143,0.762,2.54,3.175,1.9558,1.9558,1,10,1
0.2032,1.9812,16.26,0.762,2.54,0.0,1,0,16.26,2.54,1.143,0.2032,1.9812,3.175,3.175,3.175,2,10,0
0.2032,1.9812,0.0,0.2032,1.6002,11.23,0,1,-11.23,1.0668,2.032,0.2032,1.6002,1.4224,1.8034,1.8034,2,30,1
0.2032,1.9812,0.0,1.6764,0.7112,12.76,0,1,-12.76,1.0668,0.2032,1.6764,0.7112,2.6416,1.1176,1.1176,3,10,1
0.2032,1.9812,0.0,2.54,1.6002,11.54,0,1,-11.54,2.286,0.2032,2.54,1.6002,3.8608,1.651,1.651,3,30,1
0.2032,1.9812,0.0,0.2032,1.6002,16.26,0,1,-16.26,1.9812,0.2032,0.2032,1.6002,3.556,3.175,3.175,2,20,1
0.2032,1.9812,0.0,1.6764,0.7112,12.76,0,1,-12.76,0.2032,0.762,1.6764,0.7112,1.7272,2.032,2.032,1,30,1
0.2032,1.9812,0.0,0.2032,1.6002,13.98,0,1,-13.98,1.9812,0.2032,0.2032,1.6002,3.556,3.175,3.175,2,20,1
0.2032,1.9812,0.0,1.0668,0.2032,11.54,0,1,-11.54,0.2032,0.762,1.0668,0.2032,1.7272,1.4224,1.4224,1,30,1
2.286,2.54,12.3,1.0668,0.2032,0.0,1,0,12.3,0.4572,2.54,2.286,2.54,2.3368,2.9464,2.3368,3,20,0
2.286,2.54,0.0,0.762,2.032,13.52,0,1,-13.52,0.2032,0.762,0.762,2.032,3.8608,2.3368,2.3368,1,30,1
1.0668,2.54,15.04,0.762,2.032,0.0,1,0,15.04,2.54,1.143,1.0668,2.54,2.8702,3.175,2.8702,3,10,0
1.0668,2.54,0.0,0.762,0.2032,12.91,0,1,-12.91,0.2032,0.762,0.762,0.2032,2.6416,1.1176,1.1176,1,30,1
1.0668,2.54,0.0,0.762,0.2032,11.99,0,1,-11.99,0.2032,1.143,0.762,0.2032,2.2606,1.4986,1.4986,1,10,1
1.0668,2.54,0.0,0.2032,1.6002,14.59,0,1,-14.59,1.6764,0.7112,0.2032,1.6002,2.9464,2.8702,2.8702,2,30,1
1.0668,2.54,0.0,1.6764,0.7112,12.76,0,1,-12.76,0.2032,1.143,1.6764,0.7112,2.2606,2.413,2.413,1,20,1
2.54,0.762,13.52,1.6764,0.7112,0.0,1,0,13.52,1.0668,2.032,2.54,0.762,3.2512,2.9464,3.2512,3,30,0
0.2032,1.6002,16.11,1.6764,0.7112,0.0,1,0,16.11,1.9812,2.032,0.2032,1.6002,2.7178,3.2512,2.7178,2,20,0
1.0668,2.032,12.45,1.6764,0.7112,0.0,1,0,12.45,0.2032,1.143,1.0668,2.032,2.2606,2.413,2.2606,1,30,0
1.0668,2.032,0.0,0.2032,1.9812,14.74,0,1,-14.74,1.9812,0.7112,0.2032,1.9812,3.2512,3.556,3.556,2,20,1
1.0668,2.032,0.0,1.9812,2.54,16.57,0,1,-16.57,0.2032,0.762,1.9812,2.54,2.6416,3.556,3.556,1,20,1
1.0668,2.032,0.0,1.6764,0.2032,13.52,0,1,-13.52,1.9812,0.7112,1.6764,0.2032,3.2512,0.8128,0.8128,3,20,1
1.0668,2.032,0.0,2.286,0.2032,9.25,0,1,-9.25,1.9812,0.2032,2.286,0.2032,3.2512,0.8128,0.8128,3,30,1
1.0668,2.032,0.0,2.54,0.762,17.18,0,1,-17.18,0.2032,0.762,2.54,0.762,2.6416,2.9464,2.9464,1,30,1
1.0668,2.032,0.0,1.6764,2.032,15.96,0,1,-15.96,1.0668,0.7112,1.6764,2.032,2.9464,2.9464,2.9464,3,10,1
1.0668,2.032,0.0,2.54,1.6002,10.62,0,1,-10.62,2.54,1.9812,2.54,1.6002,2.032,0.889,0.889,3,20,1
0.762,2.54,14.43,2.54,1.6002,0.0,1,0,14.43,0.2032,1.143,0.762,2.54,1.9558,2.794,1.9558,1,20,0
0.762,2.032,15.35,2.54,1.6002,0.0,1,0,15.35,0.2032,0.762,0.762,2.032,2.3368,3.175,2.3368,1,20,0
0.762,2.032,0.0,0.2032,1.9812,14.28,0,1,-14.28,2.54,1.143,0.2032,1.9812,3.175,3.175,3.175,2,20,1
1.6764,0.7112,12.5,0.2032,1.9812,0.0,1,0,12.5,0.762,2.032,1.6764,0.7112,3.2512,1.1176,3.2512,3,30,0
1.6764,0.7112,0.0,1.9812,0.2032,14.13,0,1,-14.13,0.2032,1.143,1.9812,0.2032,2.413,2.7178,2.7178,1,10,1
1.6764,0.7112,0.0,0.762,0.2032,16.26,0,1,-16.26,2.54,1.6002,0.762,0.2032,2.2606,3.175,3.175,3,20,1
0.2032,1.9812,15.96,0.762,0.2032,0.0,1,0,15.96,2.54,0.762,0.2032,1.9812,3.556,2.3368,3.556,2,10,0
2.54,1.9812,12.91,0.762,0.2032,0.0,1,0,12.91,1.0668,2.032,2.54,1.9812,2.032,3.2512,2.032,3,30,0
2.54,1.9812,0.0,1.6764,2.54,14.74,0,1,-14.74,0.2032,0.762,1.6764,2.54,3.556,3.2512,3.2512,1,10,1
0.2032,1.9812,15.04,1.6764,2.54,0.0,1,0,15.04,2.54,1.143,0.2032,1.9812,3.175,2.2606,3.175,2,20,0
0.2032,1.9812,0.0,0.2032,1.6002,14.28,0,1,-14.28,2.286,2.54,0.2032,1.6002,2.6416,3.0226,3.0226,2,10,1
0.2032,1.9812,0.0,1.9812,0.2032,14.59,0,1,-14.59,2.54,0.762,1.9812,0.2032,3.556,1.1176,1.1176,3,30,1
0.2032,1.6002,10.01,1.9812,0.2032,0.0,1,0,10.01,0.4572,2.54,0.2032,1.6002,1.1938,3.8608,1.1938,2,10,0
0.2032,1.6002,0.0,0.2032,1.9812,14.13,0,1,-14.13,1.6764,0.7112,0.2032,1.9812,2.8702,3.2512,3.2512,2,20,1
0.762,0.7112,10.93,0.2032,1.9812,0.0,1,0,10.93,0.2032,0.762,0.762,0.7112,1.1176,1.7272,1.1176,1,30,0
0.762,0.7112,0.0,1.6764,2.032,11.08,0,1,-11.08,0.762,2.032,1.6764,2.032,2.9464,1.4224,1.4224,3,30,1
0.762,0.7112,0.0,0.2032,1.6002,11.84,0,1,-11.84,1.6764,2.54,0.2032,1.6002,3.2512,2.413,2.413,2,10,1
0.2032,1.9812,17.79,0.2032,1.6002,0.0,1,0,17.79,2.54,0.762,0.2032,1.9812,3.556,3.175,3.556,2,20,0
0.2032,1.9812,4.27,0.2032,1.9812,16.11,1,1,-11.84,1.9812,2.54,0.2032,1.9812,2.3368,2.3368,2.3368,2,10,1
0.2032,1.9812,0.0,2.54,1.143,13.37,0,1,-13.37,0.2032,1.143,2.54,1.143,1.3462,2.3368,2.3368,1,30,1
0.2032,1.6002,12.45,2.54,1.143,0.0,1,0,12.45,1.0668,2.54,0.2032,1.6002,1.8034,2.8702,1.8034,2,30,0
0.2032,1.6002,0.0,0.2032,1.6002,14.13,0,1,-14.13,2.54,1.9812,0.2032,1.6002,2.7178,2.7178,2.7178,2,30,1
0.2032,1.6002,0.0,1.0668,2.54,12.45,0,1,-12.45,0.2032,1.143,1.0668,2.54,0.9652,2.2606,2.2606,1,10,1
0.2032,1.6002,0.0,0.2032,1.9812,12.3,0,1,-12.3,1.6764,2.54,0.2032,1.9812,2.413,2.032,2.032,2,10,1
0.2032,1.9812,20.68,0.2032,1.9812,0.0,1,0,20.68,2.286,0.2032,0.2032,1.9812,3.8608,3.8608,3.8608,2,30,0
0.2032,1.9812,6.1,2.54,1.6002,15.8,1,1,-9.7,0.2032,0.762,2.54,1.6002,1.7272,3.175,3.175,1,10,1
0.2032,1.9812,15.35,2.54,1.6002,0.0,1,0,15.35,0.762,0.7112,0.2032,1.9812,2.3368,3.175,2.3368,2,20,0
0.2032,1.6002,14.59,2.54,1.6002,0.0,1,0,14.59,0.762,0.7112,0.2032,1.6002,1.9558,3.175,1.9558,2,30,0
1.6764,2.032,13.67,2.54,1.6002,0.0,1,0,13.67,0.2032,1.143,1.6764,2.032,2.8702,2.794,2.8702,1,20,0
1.6764,2.032,0.0,0.762,0.2032,14.59,0,1,-14.59,0.4572,0.2032,0.762,0.2032,3.556,0.8128,0.8128,3,20,1
0.762,0.7112,14.74,0.762,0.2032,0.0,1,0,14.74,0.762,2.54,0.762,0.7112,2.9464,2.9464,2.9464,3,10,0
0.762,0.7112,0.0,0.2032,1.9812,16.57,0,1,-16.57,1.9812,0.7112,0.2032,1.9812,1.7272,3.556,3.556,2,10,1
0.2032,1.9812,17.79,0.2032,1.9812,4.27,1,1,13.52,2.54,0.762,0.2032,1.9812,3.556,3.556,3.556,2,30,0
0.2032,1.9812,0.0,1.0668,0.2032,14.74,0,1,-14.74,0.762,2.032,1.0668,0.2032,1.1176,3.2512,3.2512,3,30,1
0.762,0.7112,11.69,1.0668,0.2032,0.0,1,0,11.69,0.2032,1.143,0.762,0.7112,1.4986,1.8034,1.4986,1,20,0
0.762,0.7112,0.0,1.6764,0.7112,9.25,0,1,-9.25,1.6764,0.2032,1.6764,0.7112,1.4224,0.508,0.508,3,20,1
0.762,0.7112,0.0,0.2032,1.9812,17.18,0,1,-17.18,2.54,1.9812,0.2032,1.9812,3.556,2.9464,2.9464,2,20,1
0.2032,1.9812,17.79,0.2032,1.9812,0.0,1,0,17.79,2.54,0.762,0.2032,1.9812,3.556,3.556,3.556,2,10,0
0.2032,1.9812,4.27,2.286,2.54,12.3,1,1,-8.03,1.0668,2.032,2.286,2.54,1.4224,1.7272,1.7272,3,20,1
0.2032,1.9812,0.0,0.2032,1.6002,13.06,0,1,-13.06,1.6764,2.54,0.2032,1.6002,2.032,2.413,2.413,2,10,1
0.2032,1.9812,0.0,0.4572,2.54,11.23,0,1,-11.23,0.2032,1.143,0.4572,2.54,1.3462,1.651,1.651,1,10,1
0.2032,1.9812,18.7,0.4572,2.54,0.0,1,0,18.7,2.54,1.143,0.2032,1.9812,3.175,3.4798,3.175,2,10,0
0.2032,1.9812,0.0,0.762,0.2032,17.18,0,1,-17.18,1.9812,2.032,0.762,0.2032,2.3368,3.556,3.556,3,20,1
2.54,1.9812,12.91,0.762,0.2032,4.12,1,1,8.79,1.0668,2.54,2.54,1.9812,2.032,3.2512,2.032,3,30,0
2.54,1.9812,0.0,1.9812,0.2032,12.91,0,1,-12.91,0.2032,0.762,1.9812,0.2032,3.556,2.3368,2.3368,1,10,1
2.54,1.9812,0.0,2.54,1.6002,17.02,0,1,-17.02,0.2032,0.762,2.54,1.6002,3.556,3.175,3.175,1,20,1
0.2032,1.6002,13.67,2.54,1.6002,0.0,1,0,13.67,1.6764,2.54,0.2032,1.6002,2.413,1.8034,2.413,2,30,0
2.286,0.2032,13.98,2.54,1.6002,0.0,1,0,13.98,0.2032,0.762,2.286,0.2032,2.6416,3.175,2.6416,1,30,0
2.286,0.2032,0.0,0.2032,1.9812,13.67,0,1,-13.67,1.0668,2.032,0.2032,1.9812,3.556,1.4224,1.4224,2,20,1
2.54,1.9812,17.18,0.2032,1.9812,0.0,1,0,17.18,0.762,0.2032,2.54,1.9812,3.556,2.3368,3.556,3,30,0
2.54,1.9812,0.0,1.0668,2.54,14.74,0,1,-14.74,0.2032,0.762,1.0668,2.54,3.556,2.6416,2.6416,1,10,1
2.54,1.9812,0.0,2.54,1.6002,17.63,0,1,-17.63,0.2032,0.762,2.54,1.6002,3.556,3.175,3.175,1,10,1
2.54,1.143,18.55,2.54,1.6002,5.34,1,1,13.21,0.2032,0.762,2.54,1.143,2.7178,3.175,2.7178,1,30,0
2.54,1.143,0.0,0.2032,1.9812,13.67,0,1,-13.67,0.4572,2.54,0.2032,1.9812,3.4798,0.8128,0.8128,2,30,1
0.762,2.54,12.35,0.2032,1.9812,0.0,1,0,12.35,2.54,1.143,0.762,2.54,3.175,3.175,3.175,3,30,0
0.762,2.54,0.0,1.9812,0.7112,14.13,0,1,-14.13,0.2032,1.143,1.9812,0.7112,1.9558,2.7178,2.7178,1,30,1
0.762,2.54,0.0,1.9812,0.2032,15.35,0,1,-15.35,0.2032,0.762,1.9812,0.2032,2.3368,2.3368,2.3368,1,20,1
0.762,2.54,0.0,0.2032,1.6002,13.37,0,1,-13.37,0.762,0.7112,0.2032,1.6002,2.9464,1.9558,1.9558,2,20,1
0.762,2.54,0.0,0.4572,2.54,11.23,0,1,-11.23,0.2032,1.143,0.4572,2.54,1.9558,1.651,1.651,1,20,1
0.2032,1.9812,14.13,0.4572,2.54,0.0,1,0,14.13,1.9812,2.032,0.2032,1.9812,2.3368,2.032,2.3368,2,20,0
0.2032,1.9812,19.0,0.4572,2.54,0.0,1,0,19.0,1.6764,0.7112,0.2032,1.9812,3.2512,3.556,3.2512,2,20,0
0.762,0.2032,11.69,0.4572,2.54,0.0,1,0,11.69,0.2032,1.143,0.762,0.2032,1.4986,1.651,1.4986,1,20,0
0.762,0.2032,0.0,0.2032,1.9812,11.08,0,1,-11.08,1.0668,2.54,0.2032,1.9812,3.2512,1.4224,1.4224,2,20,1
0.762,0.2032,0.0,1.0668,2.54,13.21,0,1,-13.21,0.2032,1.143,1.0668,2.54,1.4986,2.2606,2.2606,1,30,1
0.762,0.2032,0.0,2.54,1.143,12.76,0,1,-12.76,2.54,1.6002,2.54,1.143,3.175,0.9652,0.9652,3,20,1
0.2032,1.9812,14.13,2.54,1.143,0.0,1,0,14.13,0.762,2.54,0.2032,1.9812,1.1176,3.175,1.1176,2,10,0
0.2032,1.9812,14.13,2.54,1.143,0.0,1,0,14.13,0.4572,0.2032,0.2032,1.9812,2.032,3.0226,2.032,2,10,0
0.2032,1.6002,11.23,2.54,1.143,0.0,1,0,11.23,0.762,2.032,0.2032,1.6002,1.4986,3.175,1.4986,2,20,0
0.2032,1.9812,13.37,2.54,1.143,0.0,1,0,13.37,0.4572,0.2032,0.2032,1.9812,2.032,3.0226,2.032,2,20,0
0.2032,1.9812,0.0,1.0668,2.54,14.28,0,1,-14.28,2.54,0.762,1.0668,2.54,3.556,3.2512,3.2512,3,20,1
0.2032,1.9812,0.0,0.2032,1.9812,18.09,0,1,-18.09,2.54,1.143,0.2032,1.9812,3.175,3.175,3.175,2,10,1
0.4572,0.2032,13.52,0.2032,1.9812,3.0,1,1,10.52,0.762,2.54,0.4572,0.2032,2.6416,1.1176,2.6416,3,10,0
2.286,2.54,15.35,0.2032,1.9812,0.0,1,0,15.35,0.2032,1.143,2.286,2.54,3.4798,1.3462,3.4798,1,10,0
2.286,2.54,0.0,2.54,1.6002,14.28,0,1,-14.28,0.2032,1.143,2.54,1.6002,3.4798,2.794,2.794,1,30,1
2.286,2.54,0.0,0.2032,1.9812,17.02,0,1,-17.02,0.4572,0.2032,0.2032,1.9812,4.1656,2.032,2.032,2,30,1
0.2032,1.6002,12.05,0.2032,1.9812,0.0,1,0,12.05,2.286,2.54,0.2032,1.6002,3.0226,2.6416,3.0226,2,20,0
0.762,2.54,13.37,0.2032,1.9812,0.0,1,0,13.37,0.2032,0.762,0.762,2.54,2.3368,1.7272,2.3368,1,20,0
0.762,2.54,0.0,0.4572,0.2032,11.08,0,1,-11.08,0.2032,1.143,0.4572,0.2032,1.9558,1.1938,1.1938,1,20,1
0.2032,1.9812,9.25,0.4572,0.2032,0.0,1,0,9.25,0.4572,2.54,0.2032,1.9812,0.8128,2.3368,0.8128,2,10,0
0.2032,1.9812,0.0,2.54,0.762,13.52,0,1,-13.52,0.2032,0.762,2.54,0.762,1.7272,2.9464,2.9464,1,30,1
1.0668,0.7112,12.3,2.54,0.762,0.0,1,0,12.3,0.2032,0.762,1.0668,0.7112,1.4224,2.9464,1.4224,1,30,0
1.6764,0.2032,12.91,2.54,0.762,0.0,1,0,12.91,0.2032,0.762,1.6764,0.2032,2.032,2.9464,2.032,1,30,0
1.6764,0.2032,0.0,1.0668,0.2032,17.18,0,1,-17.18,1.9812,2.54,1.0668,0.2032,3.2512,3.2512,3.2512,3,10,1
0.2032,1.6002,17.94,1.0668,0.2032,3.51,1,1,14.43,2.286,2.54,0.2032,1.6002,3.0226,3.556,3.0226,2,30,0
0.2032,1.6002,0.0,1.6764,0.2032,12.91,0,1,-12.91,2.54,0.762,1.6764,0.2032,3.175,1.4224,1.4224,3,20,1
0.2032,1.6002,11.99,1.6764,0.2032,0.0,1,0,11.99,0.762,2.54,0.2032,1.6002,1.4986,3.2512,1.4986,2,10,0
0.2032,1.6002,0.0,0.762,2.54,14.74,0,1,-14.74,1.0668,0.2032,0.762,2.54,2.2606,3.2512,3.2512,3,10,1
0.2032,1.9812,19.46,0.762,2.54,0.0,1,0,19.46,1.9812,0.7112,0.2032,1.9812,3.556,3.556,3.556,2,10,0
0.2032,1.9812,3.51,1.9812,0.7112,15.35,1,1,-11.84,0.2032,0.762,1.9812,0.7112,1.7272,2.3368,2.3368,1,10,1
0.2032,1.9812,0.0,1.6764,2.54,13.52,0,1,-13.52,2.54,1.6002,1.6764,2.54,2.7178,1.8034,1.8034,3,10,1
1.6764,2.032,15.96,1.6764,2.54,0.0,1,0,15.96,0.2032,0.762,1.6764,2.032,3.2512,3.2512,3.2512,1,30,0
1.6764,2.032,3.51,2.54,1.9812,18.09,1,1,-14.58,0.2032,1.143,2.54,1.9812,2.8702,3.175,3.175,1,20,1
1.6764,2.032,0.0,0.2032,1.9812,15.04,0,1,-15.04,2.54,1.143,0.2032,1.9812,2.2606,3.175,3.175,2,20,1
0.2032,1.6002,16.11,0.2032,1.9812,0.0,1,0,16.11,2.54,1.143,0.2032,1.6002,2.794,3.175,2.794,2,20,0
0.2032,1.6002,0.0,2.54,0.762,15.35,0,1,-15.35,1.0668,2.54,2.54,0.762,1.8034,3.2512,3.2512,3,30,1
0.4572,0.2032,10.32,2.54,0.762,0.0,1,0,10.32,0.2032,1.143,0.4572,0.2032,1.1938,2.7178,1.1938,1,10,0
0.762,0.7112,11.38,2.54,0.762,0.0,1,0,11.38,0.2032,1.143,0.762,0.7112,1.4986,2.7178,1.4986,1,30,0
0.4572,0.2032,8.64,2.54,0.762,0.0,1,0,8.64,0.762,0.2032,0.4572,0.2032,0.8128,2.3368,0.8128,3,10,0
1.6764,0.7112,11.69,2.54,0.762,0.0,1,0,11.69,0.2032,0.762,1.6764,0.7112,2.032,2.9464,2.032,1,20,0
1.0668,0.2032,12.91,2.54,0.762,0.0,1,0,12.91,0.2032,0.762,1.0668,0.2032,1.4224,2.9464,1.4224,1,30,0
1.6764,0.2032,14.43,2.54,0.762,0.0,1,0,14.43,0.2032,1.143,1.6764,0.2032,2.413,2.7178,2.413,1,10,0
0.2032,1.6002,15.5,2.54,0.762,0.0,1,0,15.5,0.4572,2.54,0.2032,1.6002,1.1938,3.8608,1.1938,2,20,0
0.2032,1.6002,0.0,0.2032,1.6002,14.59,0,1,-14.59,2.286,0.2032,0.2032,1.6002,3.4798,3.4798,3.4798,2,30,1
0.2032,1.6002,0.0,0.762,2.032,15.8,0,1,-15.8,0.762,0.7112,0.762,2.032,1.9558,2.9464,2.9464,3,30,1
0.2032,1.6002,0.0,0.2032,1.9812,15.35,0,1,-15.35,2.286,2.54,0.2032,1.9812,3.0226,2.6416,2.6416,2,10,1
0.2032,1.6002,15.04,0.2032,1.9812,0.0,1,0,15.04,1.0668,0.7112,0.2032,1.6002,2.2606,2.6416,2.2606,2,10,0
0.2032,1.6002,0.0,0.2032,1.6002,10.01,0,1,-10.01,0.4572,2.54,0.2032,1.6002,1.1938,1.1938,1.1938,2,10,1
0.2032,1.6002,0.0,0.2032,1.6002,13.21,0,1,-13.21,1.0668,2.032,0.2032,1.6002,1.8034,1.8034,1.8034,2,20,1
0.2032,1.6002,0.0,2.286,0.2032,13.98,0,1,-13.98,1.6764,0.2032,2.286,0.2032,2.8702,1.1176,1.1176,3,20,1
0.2032,1.6002,0.0,1.9812,2.032,12.3,0,1,-12.3,2.54,1.143,1.9812,2.032,2.794,1.9558,1.9558,3,10,1
0.2032,1.6002,0.0,1.0668,2.54,13.82,0,1,-13.82,2.54,1.6002,1.0668,2.54,2.3368,2.413,2.413,3,30,1
0.2032,1.6002,15.04,1.0668,2.54,0.0,1,0,15.04,1.0668,0.2032,0.2032,1.6002,2.2606,2.9464,2.2606,2,10,0
2.286,0.2032,13.98,1.0668,2.54,0.0,1,0,13.98,0.2032,0.762,2.286,0.2032,2.6416,2.6416,2.6416,1,30,0
2.286,0.2032,0.0,0.2032,1.6002,9.61,0,1,-9.61,1.0668,2.54,0.2032,1.6002,3.556,1.8034,1.8034,2,30,1
2.286,0.2032,0.0,0.2032,1.6002,13.82,0,1,-13.82,0.762,0.2032,0.2032,1.6002,2.032,1.9558,1.9558,2,30,1
2.286,0.2032,0.0,0.2032,1.6002,13.21,0,1,-13.21,1.0668,2.032,0.2032,1.6002,3.556,1.8034,1.8034,2,10,1
2.286,0.2032,0.0,1.9812,2.032,14.28,0,1,-14.28,0.2032,1.143,1.9812,2.032,3.0226,3.175,3.175,1,20,1
2.54,1.9812,18.4,1.9812,2.032,0.0,1,0,18.4,0.2032,0.762,2.54,1.9812,3.556,3.556,3.556,1,20,0
2.54,1.9812,4.27,2.54,1.6002,17.94,1,1,-13.67,0.2032,1.143,2.54,1.6002,3.175,2.794,2.794,1,30,1
2.54,1.9812,0.0,1.0668,0.2032,15.19,0,1,-15.19,0.2032,1.143,1.0668,0.2032,3.175,1.8034,1.8034,1,20,1
2.54,1.9812,0.0,0.762,0.2032,12.6,0,1,-12.6,0.2032,1.143,0.762,0.2032,3.175,1.4986,1.4986,1,20,1
0.2032,1.9812,12.91,0.762,0.2032,0.0,1,0,12.91,1.0668,2.54,0.2032,1.9812,1.4224,3.2512,1.4224,2,10,0
0.2032,1.9812,0.0,0.2032,1.9812,17.79,0,1,-17.79,2.286,0.2032,0.2032,1.9812,3.8608,3.8608,3.8608,2,20,1
0.2032,1.9812,0.0,1.6764,2.54,15.96,0,1,-15.96,0.2032,0.762,1.6764,2.54,1.7272,3.2512,3.2512,1,20,1
0.2032,1.9812,0.0,0.2032,1.9812,11.08,0,1,-11.08,1.0668,2.032,0.2032,1.9812,1.4224,1.4224,1.4224,2,20,1
0.2032,1.9812,0.0,0.762,2.032,12.6,0,1,-12.6,0.2032,1.143,0.762,2.032,1.3462,1.9558,1.9558,1,10,1
0.2032,1.9812,0.0,0.2032,1.9812,9.25,0,1,-9.25,0.4572,2.54,0.2032,1.9812,0.8128,0.8128,0.8128,2,30,1
0.2032,1.9812,0.0,0.2032,1.6002,18.24,0,1,-18.24,1.6764,0.2032,0.2032,1.6002,3.2512,2.8702,2.8702,2,20,1
0.2032,1.9812,14.13,0.2032,1.6002,0.0,1,0,14.13,1.6764,2.032,0.2032,1.9812,2.032,2.413,2.032,2,10,0
0.2032,1.9812,0.0,1.9812,0.2032,13.37,0,1,-13.37,0.2032,0.762,1.9812,0.2032,1.7272,2.3368,2.3368,1,20,1
0.2032,1.9812,0.0,0.2032,1.6002,13.37,0,1,-13.37,1.6764,0.2032,0.2032,1.6002,3.2512,2.8702,2.8702,2,30,1
0.2032,1.9812,0.0,1.0668,0.2032,11.54,0,1,-11.54,0.2032,1.143,1.0668,0.2032,1.3462,1.8034,1.8034,1,10,1
0.2032,1.9812,14.13,1.0668,0.2032,0.0,1,0,14.13,1.6764,2.54,0.2032,1.9812,2.032,2.9464,2.032,2,30,0
0.2032,1.9812,0.0,0.2032,1.6002,13.98,0,1,-13.98,1.6764,0.2032,0.2032,1.6002,3.2512,2.8702,2.8702,2,20,1
0.2032,1.9812,0.0,1.6764,0.7112,12.76,0,1,-12.76,0.2032,0.762,1.6764,0.7112,1.7272,2.032,2.032,1,20,1
0.2032,1.9812,0.0,1.9812,2.54,13.52,0,1,-13.52,2.54,1.143,1.9812,2.54,3.175,1.9558,1.9558,3,30,1
0.2032,1.6002,14.59,1.9812,2.54,0.0,1,0,14.59,0.762,0.2032,0.2032,1.6002,1.9558,3.556,1.9558,2,30,0
0.2032,1.9812,11.23,1.9812,2.54,0.0,1,0,11.23,0.762,2.032,0.2032,1.9812,1.1176,1.7272,1.1176,2,30,0
0.2032,1.6002,11.23,1.9812,2.54,0.0,1,0,11.23,0.762,2.032,0.2032,1.6002,1.4986,1.7272,1.4986,2,20,0
1.6764,2.032,13.67,1.9812,2.54,0.0,1,0,13.67,0.2032,1.143,1.6764,2.032,2.8702,3.175,2.8702,1,20,0
0.4572,0.2032,14.13,1.9812,2.54,0.0,1,0,14.13,1.0668,0.7112,0.4572,0.2032,1.1176,3.2512,1.1176,3,30,0
0.2032,1.6002,9.3,1.9812,2.54,0.0,1,0,9.3,0.4572,0.2032,0.2032,1.6002,1.651,3.8608,1.651,2,20,0
0.2032,1.6002,0.0,0.2032,1.6002,13.67,0,1,-13.67,2.54,1.6002,0.2032,1.6002,2.3368,2.3368,2.3368,2,10,1
0.2032,1.6002,0.0,0.2032,1.9812,19.46,0,1,-19.46,1.9812,0.2032,0.2032,1.9812,3.175,3.556,3.556,2,20,1
1.9812,2.032,15.8,0.2032,1.9812,6.1,1,1,9.7,0.2032,0.762,1.9812,2.032,3.556,1.7272,3.556,1,30,0
1.9812,2.032,4.12,1.0668,0.7112,12.3,1,1,-8.18,0.2032,0.762,1.0668,0.7112,3.556,1.4224,1.4224,1,30,1
1.9812,2.032,0.0,1.0668,2.032,14.13,0,1,-14.13,0.2032,1.143,1.0668,2.032,3.175,2.2606,2.2606,1,10,1
0.2032,1.9812,11.69,1.0668,2.032,0.0,1,0,11.69,1.6764,2.54,0.2032,1.9812,2.032,1.1176,2.032,2,20,0
0.2032,1.6002,14.59,1.0668,2.032,0.0,1,0,14.59,0.762,0.2032,0.2032,1.6002,1.9558,3.2512,1.9558,2,10,0
0.2032,1.6002,0.0,1.6764,0.2032,14.13,0,1,-14.13,0.762,2.54,1.6764,0.2032,1.4986,3.2512,3.2512,3,20,1
0.2032,1.6002,0.0,1.6764,0.2032,14.69,0,2,-14.69,2.54,0.762,1.6764,0.2032,3.175,1.4224,1.4224,3,30,1
0.2032,1.9812,14.89,1.6764,0.2032,0.0,1,0,14.89,1.6764,2.54,0.2032,1.9812,2.032,2.9464,2.032,2,30,0
1.0668,2.54,12.3,1.6764,0.2032,0.0,1,0,12.3,1.6764,2.032,1.0668,2.54,1.1176,2.9464,1.1176,3,30,0
0.2032,1.6002,10.62,1.6764,0.2032,0.0,1,0,10.62,1.0668,2.032,0.2032,1.6002,1.8034,2.9464,1.8034,2,30,0
1.9812,0.7112,13.37,1.6764,0.2032,0.0,1,0,13.37,0.2032,1.143,1.9812,0.7112,2.7178,2.413,2.7178,1,10,0
1.9812,0.7112,0.0,2.54,1.143,15.5,0,1,-15.5,0.2032,1.143,2.54,1.143,2.7178,2.3368,2.3368,1,10,1
1.6764,0.2032,14.74,2.54,1.143,0.0,1,0,14.74,0.2032,0.762,1.6764,0.2032,2.032,2.7178,2.032,1,10,0
0.2032,1.6002,12.76,2.54,1.143,0.0,1,0,12.76,0.762,0.7112,0.2032,1.6002,1.9558,2.7178,1.9558,2,20,0
0.2032,1.6002,0.0,0.2032,1.9812,16.11,0,1,-16.11,1.6764,0.7112,0.2032,1.9812,2.8702,3.2512,3.2512,2,10,1
0.2032,1.9812,19.46,0.2032,1.9812,0.0,1,0,19.46,1.9812,0.7112,0.2032,1.9812,3.556,3.556,3.556,2,20,0
0.2032,1.9812,0.0,1.6764,2.54,14.43,0,1,-14.43,0.2032,1.143,1.6764,2.54,1.3462,2.8702,2.8702,1,30,1
0.2032,1.9812,0.0,2.54,0.762,12.3,0,1,-12.3,1.9812,2.032,2.54,0.762,2.3368,2.3368,2.3368,3,10,1
0.2032,1.9812,0.0,0.2032,1.6002,16.11,0,1,-16.11,1.9812,2.54,0.2032,1.6002,2.3368,2.7178,2.7178,2,20,1
0.2032,1.9812,0.0,0.2032,1.9812,19.46,0,1,-19.46,1.9812,0.2032,0.2032,1.9812,3.556,3.556,3.556,2,20,1
0.2032,1.9812,11.69,0.2032,1.9812,3.51,1,1,8.18,1.0668,2.54,0.2032,1.9812,1.4224,1.4224,1.4224,2,20,0
0.2032,1.9812,0.0,0.762,0.2032,11.69,0,1,-11.69,0.2032,1.143,0.762,0.2032,1.3462,1.4986,1.4986,1,20,1
0.2032,1.6002,11.23,0.762,0.2032,0.0,1,0,11.23,0.762,2.032,0.2032,1.6002,1.4986,2.9464,1.4986,2,30,0
2.286,2.54,13.06,0.762,0.2032,0.0,1,0,13.06,1.6764,2.032,2.286,2.54,1.1176,3.2512,1.1176,3,10,0
0.2032,1.6002,13.06,0.762,0.2032,0.0,1,0,13.06,1.0668,2.032,0.2032,1.6002,1.8034,3.2512,1.8034,2,20,0
0.2032,1.9812,12.45,0.762,0.2032,0.0,1,0,12.45,1.0668,2.032,0.2032,1.9812,1.4224,3.2512,1.4224,2,10,0
0.2032,1.9812,0.0,1.0668,0.7112,11.08,0,1,-11.08,0.2032,0.762,1.0668,0.7112,1.7272,1.4224,1.4224,1,10,1
1.9812,2.54,11.69,1.0668,0.7112,0.0,1,0,11.69,0.762,2.032,1.9812,2.54,1.7272,3.2512,1.7272,3,30,0
1.9812,2.54,0.0,0.2032,1.6002,15.19,0,1,-15.19,1.9812,0.2032,0.2032,1.6002,2.9464,3.175,3.175,2,10,1
1.9812,2.54,0.0,2.286,2.54,16.41,0,1,-16.41,0.2032,0.762,2.286,2.54,3.556,3.8608,3.8608,1,10,1
1.9812,0.7112,17.79,2.286,2.54,4.12,1,1,13.67,0.2032,1.143,1.9812,0.7112,2.7178,3.4798,2.7178,1,20,0
1.9812,0.7112,0.0,0.2032,1.9812,12.3,0,1,-12.3,1.9812,2.54,0.2032,1.9812,2.9464,2.3368,2.3368,2,30,1
1.9812,0.7112,0.0,2.54,1.143,14.59,0,1,-14.59,0.762,2.032,2.54,1.143,3.556,3.175,3.175,3,30,1
1.9812,0.7112,0.0,2.286,0.2032,16.72,0,1,-16.72,0.2032,1.143,2.286,0.2032,2.7178,3.0226,3.0226,1,30,1
0.2032,1.9812,15.35,2.286,0.2032,0.0,1,0,15.35,1.0668,2.032,0.2032,1.9812,1.4224,3.556,1.4224,2,10,0
0.762,0.7112,11.69,2.286,0.2032,0.0,1,0,11.69,0.2032,1.143,0.762,0.7112,1.4986,3.0226,1.4986,1,20,0
0.762,0.7112,0.0,0.2032,1.9812,15.96,0,1,-15.96,1.9812,2.54,0.2032,1.9812,3.556,2.3368,2.3368,2,30,1
1.6764,0.2032,11.08,0.2032,1.9812,0.0,1,0,11.08,1.9812,0.2032,1.6764,0.2032,0.8128,3.556,0.8128,3,10,0
0.2032,1.9812,15.96,0.2032,1.9812,0.0,1,0,15.96,2.286,0.2032,0.2032,1.9812,3.8608,3.8608,3.8608,2,10,0
0.2032,1.9812,0.0,0.762,0.7112,11.69,0,1,-11.69,0.2032,1.143,0.762,0.7112,1.3462,1.4986,1.4986,1,10,1
0.2032,1.6002,10.01,0.762,0.7112,0.0,1,0,10.01,0.4572,2.54,0.2032,1.6002,1.1938,2.6416,1.1938,2,30,0
1.0668,0.7112,11.54,0.762,0.7112,0.0,1,0,11.54,0.2032,1.143,1.0668,0.7112,1.8034,1.4986,1.8034,1,20,0
1.0668,0.7112,0.0,1.9812,0.2032,12.91,0,1,-12.91,0.2032,0.762,1.9812,0.2032,1.4224,2.3368,2.3368,1,10,1
2.54,1.6002,15.19,1.9812,0.2032,0.0,1,0,15.19,0.2032,0.762,2.54,1.6002,3.175,2.3368,3.175,1,20,0
2.54,1.6002,0.0,1.9812,2.54,17.79,0,1,-17.79,0.2032,1.143,1.9812,2.54,2.794,3.175,3.175,1,20,1
2.286,2.54,18.55,1.9812,2.54,0.0,1,0,18.55,0.2032,1.143,2.286,2.54,3.4798,3.175,3.4798,1,30,0
2.286,2.54,0.0,2.54,0.762,19.0,0,1,-19.0,0.2032,0.762,2.54,0.762,3.8608,2.9464,2.9464,1,10,1
2.286,2.54,0.0,0.2032,1.6002,14.59,0,1,-14.59,1.0668,0.7112,0.2032,1.6002,3.556,2.2606,2.2606,2,10,1
2.286,2.54,0.0,1.6764,0.2032,12.76,0,1,-12.76,0.2032,0.762,1.6764,0.2032,3.8608,2.032,2.032,1,30,1
0.2032,1.6002,13.06,1.6764,0.2032,0.0,1,0,13.06,0.762,2.54,0.2032,1.6002,1.4986,3.2512,1.4986,2,30,0
0.2032,1.9812,11.23,1.6764,0.2032,0.0,1,0,11.23,0.762,2.032,0.2032,1.9812,1.1176,3.2512,1.1176,2,30,0
0.2032,1.9812,0.0,0.2032,1.9812,13.52,0,1,-13.52,0.4572,0.2032,0.2032,1.9812,2.032,2.032,2.032,2,30,1
0.2032,1.9812,0.0,0.2032,1.6002,11.23,0,1,-11.23,0.762,2.54,0.2032,1.6002,1.1176,1.4986,1.4986,2,20,1
0.2032,1.9812,0.0,1.6764,2.54,13.67,0,1,-13.67,0.2032,1.143,1.6764,2.54,1.3462,2.8702,2.8702,1,30,1
1.9812,2.032,16.57,1.6764,2.54,0.0,1,0,16.57,0.2032,0.762,1.9812,2.032,3.556,3.2512,3.556,1,10,0
1.9812,2.032,4.12,1.9812,0.7112,17.18,1,1,-13.06,0.2032,1.143,1.9812,0.7112,3.175,2.7178,2.7178,1,30,1
1.9812,2.032,0.0,1.6764,2.032,17.18,0,1,-17.18,0.2032,1.143,1.6764,2.032,3.175,2.8702,2.8702,1,10,1
1.9812,2.032,0.0,0.762,0.2032,14.74,0,1,-14.74,0.2032,1.143,0.762,0.2032,3.175,1.4986,1.4986,1,20,1
1.9812,2.032,0.0,0.762,2.54,12.91,0,1,-12.91,0.2032,0.762,0.762,2.54,3.556,2.3368,2.3368,1,10,1
1.9812,2.032,0.0,0.4572,0.2032,12.3,0,1,-12.3,0.2032,0.762,0.4572,0.2032,3.556,0.8128,0.8128,1,10,1
1.9812,2.032,0.0,2.54,1.143,13.06,0,1,-13.06,0.2032,1.143,2.54,1.143,3.175,2.3368,2.3368,1,20,1
0.2032,1.9812,11.69,2.54,1.143,0.0,1,0,11.69,1.6764,2.032,0.2032,1.9812,2.032,2.2606,2.032,2,20,0
0.2032,1.9812,0.0,0.2032,1.6002,15.35,0,1,-15.35,1.0668,0.2032,0.2032,1.6002,2.6416,2.2606,2.2606,2,20,1
0.2032,1.9812,0.0,0.4572,0.2032,10.32,0,1,-10.32,0.2032,0.762,0.4572,0.2032,1.7272,0.8128,0.8128,1,10,1
0.2032,1.9812,0.0,2.286,2.54,15.35,0,1,-15.35,1.6764,0.2032,2.286,2.54,3.2512,2.9464,2.9464,3,20,1
0.2032,1.9812,0.0,1.6764,0.2032,12.91,0,1,-12.91,2.286,0.2032,1.6764,0.2032,3.8608,1.1176,1.1176,3,10,1
0.2032,1.9812,0.0,0.2032,1.9812,15.96,0,1,-15.96,2.54,0.762,0.2032,1.9812,3.556,3.556,3.556,2,20,1
0.2032,1.9812,0.0,0.4572,2.54,17.18,0,1,-17.18,1.0668,0.7112,0.4572,2.54,2.6416,2.9464,2.9464,3,10,1
2.286,0.2032,14.74,0.4572,2.54,3.0,1,1,11.74,0.2032,0.762,2.286,0.2032,2.6416,2.032,2.6416,1,10,0
2.286,0.2032,0.0,1.6764,2.54,9.45,0,1,-9.45,0.4572,2.54,1.6764,2.54,4.1656,1.7272,1.7272,3,20,1
2.286,0.2032,0.0,1.9812,2.54,18.09,0,1,-18.09,0.2032,1.143,1.9812,2.54,3.0226,3.175,3.175,1,10,1
0.2032,1.9812,14.74,1.9812,2.54,0.0,1,0,14.74,1.0668,0.2032,0.2032,1.9812,2.6416,3.2512,2.6416,2,20,0
0.2032,1.9812,0.0,0.762,2.032,19.0,0,1,-19.0,2.286,0.2032,0.762,2.032,3.8608,3.8608,3.8608,3,30,1
0.2032,1.6002,18.24,0.762,2.032,4.73,1,1,13.51,1.6764,0.2032,0.2032,1.6002,2.8702,3.2512,2.8702,2,20,0
0.4572,2.54,20.07,0.762,2.032,0.0,1,0,20.07,2.54,0.762,0.4572,2.54,3.8608,3.556,3.8608,3,10,0
0.4572,2.54,3.51,0.2032,1.9812,10.47,1,1,-6.96,1.0668,2.032,0.2032,1.9812,1.1176,1.4224,1.4224,2,20,1
0.4572,2.54,0.0,0.2032,1.6002,14.59,0,1,-14.59,0.762,0.7112,0.2032,1.6002,2.6416,1.9558,1.9558,2,20,1
0.4572,2.54,0.0,0.762,2.54,11.84,0,1,-11.84,0.2032,1.143,0.762,2.54,1.651,1.9558,1.9558,1,30,1
0.4572,2.54,0.0,0.2032,1.9812,9.25,0,1,-9.25,0.762,2.032,0.2032,1.9812,0.8128,1.1176,1.1176,2,30,1
0.4572,2.54,0.0,0.2032,1.9812,16.57,0,1,-16.57,1.0668,0.7112,0.2032,1.9812,2.9464,2.6416,2.6416,2,10,1
0.2032,1.9812,7.63,0.2032,1.9812,0.0,1,0,7.63,0.4572,2.54,0.2032,1.9812,0.8128,0.8128,0.8128,2,20,0
0.2032,1.9812,0.0,1.0668,2.54,14.74,0,1,-14.74,0.2032,0.762,1.0668,2.54,1.7272,2.6416,2.6416,1,10,1
0.2032,1.9812,0.0,0.2032,1.9812,20.83,0,1,-20.83,2.286,0.2032,0.2032,1.9812,3.8608,3.8608,3.8608,2,20,1
2.286,2.54,12.3,0.2032,1.9812,4.27,1,1,8.03,1.9812,2.54,2.286,2.54,0.8128,2.3368,0.8128,3,30,0
2.286,2.54,0.0,1.9812,0.7112,14.13,0,1,-14.13,0.2032,0.762,1.9812,0.7112,3.8608,2.3368,2.3368,1,10,1
0.2032,1.9812,12.3,1.9812,0.7112,0.0,1,0,12.3,1.0668,2.032,0.2032,1.9812,1.4224,3.2512,1.4224,2,10,0
0.2032,1.9812,0.0,0.2032,1.6002,14.59,0,1,-14.59,2.54,0.762,0.2032,1.6002,3.556,3.175,3.175,2,10,1
0.2032,1.9812,0.0,0.762,0.2032,10.93,0,1,-10.93,0.2032,0.762,0.762,0.2032,1.7272,1.1176,1.1176,1,20,1
1.6764,2.032,12.3,0.762,0.2032,0.0,1,0,12.3,1.9812,2.54,1.6764,2.032,0.8128,3.556,0.8128,3,20,0
1.6764,2.032,0.0,0.2032,1.6002,15.8,0,1,-15.8,1.9812,0.7112,0.2032,1.6002,3.2512,3.175,3.175,2,30,1
1.6764,0.7112,14.13,0.2032,1.6002,0.0,1,0,14.13,2.286,2.54,1.6764,0.7112,2.9464,3.0226,2.9464,3,10,0
1.6764,0.7112,0.0,2.54,0.762,14.59,0,1,-14.59,0.2032,0.762,2.54,0.762,2.032,2.9464,2.9464,1,10,1
1.9812,2.54,12.5,2.54,0.762,0.0,1,0,12.5,1.6764,0.7112,1.9812,2.54,3.2512,1.4224,3.2512,3,10,0
1.9812,2.54,0.0,1.9812,2.032,16.57,0,1,-16.57,1.0668,0.2032,1.9812,2.032,3.2512,3.2512,3.2512,3,10,1
1.9812,2.54,0.0,0.2032,1.6002,12.45,0,1,-12.45,0.4572,2.54,0.2032,1.6002,2.032,1.1938,1.1938,2,10,1
1.9812,2.54,0.0,1.9812,2.54,14.28,0,1,-14.28,0.2032,1.143,1.9812,2.54,3.175,3.175,3.175,1,20,1
1.9812,2.54,0.0,1.6764,2.032,19.61,0,1,-19.61,0.2032,0.762,1.6764,2.032,3.556,3.2512,3.2512,1,10,1
0.2032,1.9812,11.69,1.6764,2.032,3.51,1,1,8.18,1.6764,2.032,0.2032,1.9812,2.032,0.0,2.032,2,30,0
0.2032,1.9812,0.0,1.6764,0.7112,12.91,0,1,-12.91,1.6764,2.54,1.6764,0.7112,2.032,2.9464,2.9464,3,20,1
1.9812,0.2032,14.13,1.6764,0.7112,0.0,1,0,14.13,0.2032,0.762,1.9812,0.2032,2.3368,2.032,2.3368,1,30,0
1.9812,0.2032,0.0,2.54,0.762,16.26,0,1,-16.26,0.2032,1.143,2.54,0.762,2.7178,2.7178,2.7178,1,30,1
1.9812,0.2032,0.0,0.762,0.2032,14.43,0,1,-14.43,0.2032,1.143,0.762,0.2032,2.7178,1.4986,1.4986,1,10,1
1.9812,0.2032,0.0,2.286,0.2032,15.04,0,1,-15.04,0.2032,1.143,2.286,0.2032,2.7178,3.0226,3.0226,1,20,1
1.9812,0.2032,0.0,0.2032,1.6002,13.98,0,1,-13.98,2.54,0.762,0.2032,1.6002,1.1176,3.175,3.175,2,10,1
1.9812,0.2032,0.0,1.6764,0.7112,12.76,0,1,-12.76,0.2032,1.143,1.6764,0.7112,2.7178,2.413,2.413,1,30,1
1.9812,0.2032,0.0,1.0668,0.7112,14.43,0,1,-14.43,0.2032,1.143,1.0668,0.7112,2.7178,1.8034,1.8034,1,10,1
1.9812,0.2032,0.0,0.4572,0.2032,17.79,0,1,-17.79,0.762,2.54,0.4572,0.2032,3.556,2.6416,2.6416,3,30,1
1.9812,0.2032,0.0,0.762,2.032,12.3,0,1,-12.3,0.2032,1.143,0.762,2.032,2.7178,1.9558,1.9558,1,30,1
0.2032,1.6002,13.37,0.762,2.032,0.0,1,0,13.37,0.4572,0.2032,0.2032,1.6002,1.651,2.6416,1.651,2,10,0
0.2032,1.6002,0.0,1.9812,0.2032,15.35,0,1,-15.35,1.9812,2.032,1.9812,0.2032,2.7178,2.9464,2.9464,3,10,1
0.2032,1.6002,0.0,0.2032,1.9812,14.13,0,1,-14.13,1.9812,0.7112,0.2032,1.9812,3.175,3.556,3.556,2,10,1
2.54,1.9812,14.28,0.2032,1.9812,0.0,1,0,14.28,0.2032,1.143,2.54,1.9812,3.175,1.3462,3.175,1,10,0
2.54,1.9812,0.0,2.286,0.2032,14.74,0,1,-14.74,1.0668,0.7112,2.286,0.2032,3.2512,1.7272,1.7272,3,10,1
2.54,1.9812,0.0,0.762,0.7112,13.52,0,1,-13.52,0.2032,0.762,0.762,0.7112,3.556,1.1176,1.1176,1,30,1
1.9812,0.2032,14.13,0.762,0.7112,0.0,1,0,14.13,1.9812,2.54,1.9812,0.2032,2.9464,3.556,2.9464,3,30,0
0.2032,1.6002,17.33,0.762,0.7112,0.0,1,0,17.33,1.9812,2.54,0.2032,1.6002,2.7178,3.556,2.7178,2,30,0
0.2032,1.6002,0.0,1.9812,0.7112,12.91,0,1,-12.91,0.2032,0.762,1.9812,0.7112,1.3462,2.3368,2.3368,1,20,1
0.2032,1.9812,13.37,1.9812,0.7112,0.0,1,0,13.37,0.4572,0.2032,0.2032,1.9812,2.032,2.032,2.032,2,30,0
0.2032,1.9812,11.69,1.9812,0.7112,0.0,1,0,11.69,1.0668,2.032,0.2032,1.9812,1.4224,3.2512,1.4224,2,20,0
1.6764,0.7112,13.52,1.9812,0.7112,0.0,1,0,13.52,0.2032,1.143,1.6764,0.7112,2.413,2.7178,2.413,1,30,0
0.2032,1.9812,14.74,1.9812,0.7112,0.0,1,0,14.74,0.762,2.54,0.2032,1.9812,1.1176,3.556,1.1176,2,30,0
0.2032,1.9812,0.0,0.2032,1.9812,14.13,0,1,-14.13,1.9812,0.2032,0.2032,1.9812,3.556,3.556,3.556,2,10,1
0.2032,1.9812,0.0,1.9812,2.54,15.04,0,1,-15.04,0.2032,1.143,1.9812,2.54,1.3462,3.175,3.175,1,20,1
0.4572,0.2032,11.08,1.9812,2.54,0.0,1,0,11.08,0.2032,1.143,0.4572,0.2032,1.1938,3.175,1.1938,1,30,0
1.9812,0.2032,12.3,1.9812,2.54,0.0,1,0,12.3,0.2032,0.762,1.9812,0.2032,2.3368,3.556,2.3368,1,20,0
1.9812,0.2032,0.0,0.2032,1.6002,13.67,0,1,-13.67,2.286,2.54,0.2032,1.6002,2.6416,3.0226,3.0226,2,20,1
1.9812,0.2032,0.0,0.2032,1.9812,10.01,0,1,-10.01,0.4572,2.54,0.2032,1.9812,3.8608,0.8128,0.8128,2,30,1
2.54,1.143,10.01,0.2032,1.9812,0.0,1,0,10.01,2.54,0.762,2.54,1.143,0.889,3.556,0.889,3,30,0
0.2032,1.9812,16.11,0.2032,1.9812,0.0,1,0,16.11,2.286,0.2032,0.2032,1.9812,3.8608,3.8608,3.8608,2,20,0
0.2032,1.9812,0.0,1.6764,2.54,14.43,0,1,-14.43,0.2032,1.143,1.6764,2.54,1.3462,2.8702,2.8702,1,20,1
0.2032,1.9812,15.35,1.6764,2.54,0.0,1,0,15.35,0.762,0.2032,0.2032,1.9812,2.3368,3.2512,2.3368,2,20,0
0.2032,1.9812,0.0,0.2032,1.9812,19.61,0,1,-19.61,2.286,0.2032,0.2032,1.9812,3.8608,3.8608,3.8608,2,20,1
2.54,1.9812,17.79,0.2032,1.9812,6.1,1,1,11.69,1.9812,0.7112,2.54,1.9812,2.3368,3.556,2.3368,3,10,0
2.54,1.9812,0.0,2.54,1.6002,13.67,0,1,-13.67,0.762,2.54,2.54,1.6002,2.3368,2.7178,2.7178,3,10,1
2.54,1.9812,0.0,1.6764,2.032,16.41,0,1,-16.41,1.9812,0.2032,1.6764,2.032,2.3368,3.2512,3.2512,3,10,1
2.54,1.9812,0.0,1.0668,0.2032,15.35,0,1,-15.35,0.2032,0.762,1.0668,0.2032,3.556,1.4224,1.4224,1,20,1
2.54,1.9812,0.0,0.2032,1.9812,14.74,0,1,-14.74,1.6764,0.2032,0.2032,1.9812,2.6416,3.2512,3.2512,2,10,1
0.2032,1.6002,13.67,0.2032,1.9812,0.0,1,0,13.67,1.6764,2.032,0.2032,1.6002,2.413,2.032,2.413,2,10,0
0.2032,1.6002,0.0,0.2032,1.9812,14.13,0,1,-14.13,1.6764,2.54,0.2032,1.9812,2.413,2.032,2.032,2,10,1
0.2032,1.6002,0.0,0.2032,1.6002,16.11,0,1,-16.11,1.9812,2.032,0.2032,1.6002,2.7178,2.7178,2.7178,2,10,1
0.2032,1.6002,0.0,1.9812,2.54,14.28,0,1,-14.28,0.2032,1.143,1.9812,2.54,0.9652,3.175,3.175,1,20,1
2.54,0.762,14.59,1.9812,2.54,0.0,1,0,14.59,1.0668,0.2032,2.54,0.762,2.032,3.2512,2.032,3,30,0
2.54,1.9812,17.79,1.9812,2.54,0.0,1,0,17.79,0.2032,1.143,2.54,1.9812,3.175,3.175,3.175,1,10,0
2.54,1.9812,3.51,0.4572,2.54,17.18,1,1,-13.67,0.2032,0.762,0.4572,2.54,3.556,2.032,2.032,1,20,1
2.54,1.9812,0.0,2.54,1.6002,13.06,0,1,-13.06,1.0668,2.54,2.54,1.6002,2.032,2.413,2.413,3,30,1
0.2032,1.6002,13.67,2.54,1.6002,0.0,1,0,13.67,0.4572,2.54,0.2032,1.6002,1.1938,3.0226,1.1938,2,30,0
1.0668,2.54,12.45,2.54,1.6002,0.0,1,0,12.45,0.2032,1.143,1.0668,2.54,2.2606,2.794,2.2606,1,30,0
2.286,2.54,17.48,2.54,1.6002,0.0,1,0,17.48,0.2032,1.143,2.286,2.54,3.4798,2.794,3.4798,1,20,0
1.9812,2.032,9.86,2.54,1.6002,0.0,1,0,9.86,1.6764,2.032,1.9812,2.032,0.8128,1.8034,0.8128,3,20,0
1.9812,2.032,0.0,0.2032,1.6002,15.04,0,1,-15.04,2.54,0.762,0.2032,1.6002,2.3368,3.175,3.175,2,30,1
1.9812,2.032,0.0,1.0668,0.7112,11.54,0,1,-11.54,0.2032,1.143,1.0668,0.7112,3.175,1.8034,1.8034,1,30,1
1.9812,2.032,0.0,2.54,1.9812,15.96,0,1,-15.96,0.2032,1.143,2.54,1.9812,3.175,3.175,3.175,1,10,1
2.286,0.2032,12.3,2.54,1.9812,0.0,1,0,12.3,1.9812,2.54,2.286,0.2032,2.6416,1.1176,2.6416,3,10,0
2.286,0.2032,0.0,2.286,0.2032,14.74,0,1,-14.74,1.6764,2.032,2.286,0.2032,2.9464,2.9464,2.9464,3,10,1
2.286,0.2032,0.0,0.2032,1.9812,14.74,0,1,-14.74,2.54,1.6002,0.2032,1.9812,1.651,2.7178,2.7178,2,20,1
