batch_id,group_id,task_id,batch_position,batch_size,r1_next_x,r1_next_y,r1_tuf,r2_next_x,r2_next_y,r2_tuf,r1_queue_length,r2_queue_length,tuf_difference,task_pl_x,task_pl_y,task_dl_x,task_dl_y,r1_dist_to_pickup,r2_dist_to_pickup,task_dist_to_dropoff,task_type,deadline,assigned_robot,sequence_rank
B00001,B00001_R1,1,1,4,1.3716,0.2032,0.0,1.3716,2.54,0.0,0,0,0.0,0.762,0.7112,0.2032,1.9812,1.1176,2.9464,2.3368,2,10,0,1
B00001,B00001_R1,2,2,4,1.3716,0.2032,0.0,1.3716,2.54,0.0,0,0,0.0,0.4572,2.54,0.2032,1.6002,3.2512,1.4224,1.1938,2,30,0,2
B00001,B00001_R2,3,3,4,1.3716,0.2032,0.0,1.3716,2.54,0.0,0,0,0.0,0.4572,0.2032,1.0668,2.54,1.4224,3.2512,2.9464,3,10,1,2
B00001,B00001_R2,4,4,4,1.3716,0.2032,0.0,1.3716,2.54,0.0,0,0,0.0,1.6764,0.7112,0.4572,0.2032,0.8128,2.6416,1.7272,3,30,1,1
B00002,B00002_R1,5,1,1,0.2032,1.6002,7.71,1.0668,2.54,14.63,1,1,-6.92,2.54,1.143,0.2032,1.6002,2.794,2.8702,2.794,2,30,0,1
B00003,B00003_R1,6,1,7,0.2032,1.6002,0.0,1.0668,2.54,0.0,0,0,0.0,0.2032,1.143,1.6764,2.54,0.9652,2.2606,2.8702,1,10,0,1
B00003,B00003_R2,7,2,7,0.2032,1.6002,0.0,1.0668,2.54,0.0,0,0,0.0,0.762,2.032,0.2032,1.9812,1.4986,0.8128,1.1176,2,20,1,1
B00003,B00003_R2,8,3,7,0.2032,1.6002,0.0,1.0668,2.54,0.0,0,0,0.0,0.2032,1.143,1.6764,2.54,0.9652,2.2606,2.8702,1,20,1,4
B00003,B00003_R2,9,4,7,0.2032,1.6002,0.0,1.0668,2.54,0.0,0,0,0.0,1.0668,0.2032,1.0668,2.032,2.2606,2.9464,2.9464,3,10,1,3
B00003,B00003_R1,10,5,7,0.2032,1.6002,0.0,1.0668,2.54,0.0,0,0,0.0,2.54,0.762,0.2032,1.6002,3.175,3.2512,3.175,2,30,0,2
B00003,B00003_R2,11,6,7,0.2032,1.6002,0.0,1.0668,2.54,0.0,0,0,0.0,0.2032,0.762,1.6764,0.2032,1.3462,2.6416,2.032,1,30,1,2
B00003,B00003_R1,12,7,7,0.2032,1.6002,0.0,1.0668,2.54,0.0,0,0,0.0,0.2032,1.143,1.9812,2.032,0.9652,2.2606,3.175,1,20,0,3
B00004,B00004_R2,13,1,5,1.9812,2.032,47.89,1.6764,2.54,62.31,2,3,-14.42,1.0668,0.7112,0.2032,1.6002,3.2512,2.9464,2.2606,2,20,1,1
B00004,B00004_R2,14,2,5,1.9812,2.032,47.89,1.6764,2.54,62.31,2,3,-14.42,0.2032,1.143,2.286,2.54,3.175,2.8702,3.4798,1,20,1,2
B00004,B00004_R1,15,3,5,1.9812,2.032,47.89,1.6764,2.54,62.31,2,3,-14.42,0.762,0.2032,1.9812,0.7112,3.556,3.2512,1.7272,3,10,0,2
B00004,B00004_R1,16,4,5,1.9812,2.032,47.89,1.6764,2.54,62.31,2,3,-14.42,1.0668,0.2032,0.2032,1.9812,3.2512,2.9464,2.6416,2,10,0,3
B00004,B00004_R1,17,5,5,1.9812,2.032,47.89,1.6764,2.54,62.31,2,3,-14.42,2.54,1.9812,0.2032,1.6002,1.1176,1.4224,2.7178,2,30,0,1
B00005,B00005_R1,18,1,6,0.2032,1.9812,42.58,2.286,2.54,50.1,2,2,-7.52,0.2032,0.762,1.0668,2.032,1.7272,3.8608,2.6416,1,30,0,2
B00005,B00005_R1,19,2,6,0.2032,1.9812,42.58,2.286,2.54,50.1,2,2,-7.52,0.2032,1.143,1.9812,2.54,1.3462,3.4798,3.175,1,20,0,3
B00005,B00005_R2,20,3,6,0.2032,1.9812,42.58,2.286,2.54,50.1,2,2,-7.52,1.6764,2.032,0.2032,1.6002,2.032,1.1176,2.413,2,20,1,1
B00005,B00005_R2,21,4,6,0.2032,1.9812,42.58,2.286,2.54,50.1,2,2,-7.52,0.2032,1.143,1.6764,2.032,1.3462,3.4798,2.8702,1,30,1,2
B00005,B00005_R2,22,5,6,0.2032,1.9812,42.58,2.286,2.54,50.1,2,2,-7.52,1.0668,2.54,2.54,1.143,1.4224,1.7272,2.8702,3,10,1,3
B00005,B00005_R1,23,6,6,0.2032,1.9812,42.58,2.286,2.54,50.1,2,2,-7.52,0.2032,1.143,0.762,0.7112,1.3462,3.4798,1.4986,1,10,0,1
B00006,B00006_R1,24,1,3,1.9812,2.54,48.3,2.54,1.143,42.88,2,2,5.42,2.54,1.9812,0.2032,1.9812,1.1176,1.3462,2.9464,2,10,0,1
B00006,B00006_R2,25,2,3,1.9812,2.54,48.3,2.54,1.143,42.88,2,2,5.42,1.0668,0.2032,0.2032,1.6002,3.2512,2.413,2.2606,2,20,1,1
B00006,B00006_R2,26,3,3,1.9812,2.54,48.3,2.54,1.143,42.88,2,2,5.42,0.762,0.2032,0.2032,1.9812,3.556,2.7178,2.3368,2,20,1,2
B00007,B00007_R1,27,1,4,0.2032,1.9812,37.57,0.2032,1.9812,61.72,2,3,-24.15,2.54,1.143,0.2032,1.9812,3.175,3.175,3.175,2,20,0,3
B00007,B00007_R2,28,2,4,0.2032,1.9812,37.57,0.2032,1.9812,61.72,2,3,-24.15,0.2032,1.143,1.9812,2.032,1.3462,1.3462,3.175,1,20,1,1
B00007,B00007_R1,29,3,4,0.2032,1.9812,37.57,0.2032,1.9812,61.72,2,3,-24.15,0.2032,0.762,1.6764,2.032,1.7272,1.7272,3.2512,1,20,0,2
B00007,B00007_R1,30,4,4,0.2032,1.9812,37.57,0.2032,1.9812,61.72,2,3,-24.15,0.2032,0.762,0.4572,0.2032,1.7272,1.7272,0.8128,1,30,0,1
B00008,B00008_R2,31,1,1,0.2032,1.9812,68.53,1.9812,2.032,46.79,4,2,21.74,0.2032,0.762,1.6764,0.2032,1.7272,3.556,2.032,1,30,1,1
B00009,B00009_R2,32,1,7,0.2032,1.9812,15.53,1.6764,0.2032,11.02,1,1,4.51,0.2032,1.143,2.286,2.54,1.3462,2.413,3.4798,1,10,1,4
B00009,B00009_R1,33,2,7,0.2032,1.9812,15.53,1.6764,0.2032,11.02,1,1,4.51,0.2032,1.143,1.0668,2.032,1.3462,2.413,2.2606,1,20,0,1
B00009,B00009_R2,34,3,7,0.2032,1.9812,15.53,1.6764,0.2032,11.02,1,1,4.51,0.4572,0.2032,0.2032,1.6002,2.032,1.7272,1.651,2,10,1,2
B00009,B00009_R2,35,4,7,0.2032,1.9812,15.53,1.6764,0.2032,11.02,1,1,4.51,0.4572,0.2032,1.6764,0.2032,2.032,1.7272,1.7272,3,30,1,1
B00009,B00009_R2,36,5,7,0.2032,1.9812,15.53,1.6764,0.2032,11.02,1,1,4.51,0.2032,1.143,1.0668,2.54,1.3462,2.413,2.2606,1,30,1,3
B00009,B00009_R1,37,6,7,0.2032,1.9812,15.53,1.6764,0.2032,11.02,1,1,4.51,1.0668,2.032,2.54,1.6002,1.4224,2.9464,2.413,3,10,0,2
B00009,B00009_R1,38,7,7,0.2032,1.9812,15.53,1.6764,0.2032,11.02,1,1,4.51,0.2032,0.762,2.54,1.9812,1.7272,2.032,3.556,1,20,0,3
B00010,B00010_R2,39,1,6,2.54,1.9812,17.04,2.286,2.54,40.58,1,2,-23.54,0.2032,1.143,1.9812,2.032,3.175,3.4798,3.175,1,30,1,2
B00010,B00010_R2,40,2,6,2.54,1.9812,17.04,2.286,2.54,40.58,1,2,-23.54,2.54,0.762,0.2032,1.6002,1.7272,2.032,3.175,2,10,1,1
B00010,B00010_R1,41,3,6,2.54,1.9812,17.04,2.286,2.54,40.58,1,2,-23.54,0.762,0.7112,0.2032,1.6002,3.556,3.8608,1.9558,2,30,0,3
B00010,B00010_R1,42,4,6,2.54,1.9812,17.04,2.286,2.54,40.58,1,2,-23.54,0.2032,0.762,0.762,2.032,3.556,3.8608,2.3368,1,10,0,4
B00010,B00010_R1,43,5,6,2.54,1.9812,17.04,2.286,2.54,40.58,1,2,-23.54,1.0668,2.54,0.2032,1.6002,2.032,1.7272,1.8034,2,10,0,1
B00010,B00010_R1,44,6,6,2.54,1.9812,17.04,2.286,2.54,40.58,1,2,-23.54,0.2032,0.762,0.762,0.2032,3.556,3.8608,1.1176,1,30,0,2
B00011,B00011_R1,45,1,7,0.762,2.032,52.0,1.9812,2.032,48.89,3,2,3.11,2.286,0.2032,0.2032,1.6002,3.8608,2.6416,3.4798,2,30,0,3
B00011,B00011_R2,46,2,7,0.762,2.032,52.0,1.9812,2.032,48.89,3,2,3.11,0.762,0.2032,0.2032,1.9812,2.9464,3.556,2.3368,2,20,1,3
B00011,B00011_R1,47,3,7,0.762,2.032,52.0,1.9812,2.032,48.89,3,2,3.11,0.2032,1.143,0.762,2.032,1.9558,3.175,1.9558,1,30,0,1
B00011,B00011_R2,48,4,7,0.762,2.032,52.0,1.9812,2.032,48.89,3,2,3.11,1.0668,0.2032,0.762,0.7112,3.2512,3.2512,0.8128,3,20,1,2
B00011,B00011_R2,49,5,7,0.762,2.032,52.0,1.9812,2.032,48.89,3,2,3.11,1.6764,2.54,0.2032,1.6002,1.4224,0.8128,2.413,2,20,1,1
B00011,B00011_R1,50,6,7,0.762,2.032,52.0,1.9812,2.032,48.89,3,2,3.11,0.2032,1.143,0.762,2.032,1.9558,3.175,1.9558,1,10,0,2
B00011,B00011_R2,51,7,7,0.762,2.032,52.0,1.9812,2.032,48.89,3,2,3.11,1.6764,0.2032,1.6764,2.032,3.2512,3.2512,2.9464,3,30,1,4
B00012,B00012_R2,52,1,3,0.2032,1.6002,109.12,1.6764,2.032,100.08,5,5,9.04,0.2032,1.143,1.9812,2.54,0.9652,2.8702,3.175,1,20,1,2
B00012,B00012_R2,53,2,3,0.2032,1.6002,109.12,1.6764,2.032,100.08,5,5,9.04,1.0668,2.032,1.0668,2.54,1.8034,1.1176,0.508,3,10,1,1
B00012,B00012_R1,54,3,3,0.2032,1.6002,109.12,1.6764,2.032,100.08,5,5,9.04,0.2032,0.762,2.54,1.6002,1.3462,3.2512,3.175,1,10,0,1
B00013,B00013_R2,55,1,7,2.54,1.6002,69.55,1.9812,2.54,82.56,3,4,-13.01,0.2032,0.762,1.0668,2.032,3.175,3.556,2.6416,1,20,1,3
B00013,B00013_R1,56,2,7,2.54,1.6002,69.55,1.9812,2.54,82.56,3,4,-13.01,1.6764,2.032,1.6764,2.54,1.8034,0.8128,0.508,3,30,0,2
B00013,B00013_R1,57,3,7,2.54,1.6002,69.55,1.9812,2.54,82.56,3,4,-13.01,1.6764,0.2032,0.2032,1.6002,2.2606,3.2512,2.8702,2,10,0,3
B00013,B00013_R2,58,4,7,2.54,1.6002,69.55,1.9812,2.54,82.56,3,4,-13.01,0.762,2.54,0.2032,1.9812,2.7178,1.7272,1.1176,2,10,1,1
B00013,B00013_R1,59,5,7,2.54,1.6002,69.55,1.9812,2.54,82.56,3,4,-13.01,0.2032,0.762,2.286,2.54,3.175,3.556,3.8608,1,10,0,4
B00013,B00013_R1,60,6,7,2.54,1.6002,69.55,1.9812,2.54,82.56,3,4,-13.01,2.54,1.143,1.6764,2.032,0.9652,1.9558,2.2606,3,20,0,1
B00013,B00013_R2,61,7,7,2.54,1.6002,69.55,1.9812,2.54,82.56,3,4,-13.01,0.2032,0.762,1.9812,0.2032,3.175,3.556,2.3368,1,10,1,2
B00014,B00014_R1,62,1,2,2.286,2.54,82.25,1.0668,2.032,90.17,4,4,-7.92,2.54,1.9812,1.0668,0.2032,0.8128,2.032,3.2512,3,30,0,1
B00014,B00014_R2,63,2,2,2.286,2.54,82.25,1.0668,2.032,90.17,4,4,-7.92,1.0668,0.7112,1.0668,2.54,3.556,2.9464,2.9464,3,30,1,1
B00015,B00015_R2,64,1,5,1.0668,0.2032,82.56,1.0668,2.54,84.36,4,4,-1.8,0.2032,0.762,1.6764,2.54,1.4224,2.6416,3.2512,1,20,1,2
B00015,B00015_R2,65,2,5,1.0668,0.2032,82.56,1.0668,2.54,84.36,4,4,-1.8,1.0668,0.7112,0.2032,1.6002,0.508,2.9464,2.2606,2,30,1,1
B00015,B00015_R1,66,3,5,1.0668,0.2032,82.56,1.0668,2.54,84.36,4,4,-1.8,1.9812,0.7112,1.0668,2.032,1.4224,3.2512,3.2512,3,30,0,3
B00015,B00015_R1,67,4,5,1.0668,0.2032,82.56,1.0668,2.54,84.36,4,4,-1.8,1.0668,0.2032,0.2032,1.9812,0.0,2.9464,2.6416,2,10,0,1
B00015,B00015_R1,68,5,5,1.0668,0.2032,82.56,1.0668,2.54,84.36,4,4,-1.8,0.2032,1.143,2.286,2.54,1.8034,2.2606,3.4798,1,10,0,2
B00016,B00016_R2,69,1,7,1.0668,2.032,119.33,1.6764,2.54,105.61,5,4,13.72,2.54,1.6002,2.54,0.762,2.413,1.8034,1.3462,3,10,1,3
B00016,B00016_R1,70,2,7,1.0668,2.032,119.33,1.6764,2.54,105.61,5,4,13.72,0.4572,2.54,0.2032,1.9812,1.1176,1.7272,0.8128,2,20,0,2
B00016,B00016_R1,71,3,7,1.0668,2.032,119.33,1.6764,2.54,105.61,5,4,13.72,2.54,1.9812,0.2032,1.9812,2.032,1.4224,2.9464,2,30,0,3
B00016,B00016_R2,72,4,7,1.0668,2.032,119.33,1.6764,2.54,105.61,5,4,13.72,0.762,2.54,2.286,2.54,0.8128,1.4224,2.032,3,30,1,2
B00016,B00016_R2,73,5,7,1.0668,2.032,119.33,1.6764,2.54,105.61,5,4,13.72,2.54,1.9812,0.762,2.032,2.032,1.4224,2.3368,3,20,1,1
B00016,B00016_R1,74,6,7,1.0668,2.032,119.33,1.6764,2.54,105.61,5,4,13.72,1.0668,2.54,0.2032,1.9812,0.508,1.1176,1.4224,2,30,0,1
B00016,B00016_R2,75,7,7,1.0668,2.032,119.33,1.6764,2.54,105.61,5,4,13.72,2.54,1.9812,0.2032,1.6002,2.032,1.4224,2.7178,2,20,1,4
B00017,B00017_R2,76,1,4,0.2032,1.9812,141.87,0.2032,1.6002,141.78,7,7,0.09,0.2032,0.762,1.6764,0.7112,1.7272,1.3462,2.032,1,10,1,1
B00017,B00017_R1,77,2,4,0.2032,1.9812,141.87,0.2032,1.6002,141.78,7,7,0.09,2.54,1.143,0.2032,1.9812,3.175,2.794,3.175,2,20,0,2
B00017,B00017_R2,78,3,4,0.2032,1.9812,141.87,0.2032,1.6002,141.78,7,7,0.09,1.9812,0.2032,2.286,0.2032,3.556,3.175,0.8128,3,30,1,2
B00017,B00017_R1,79,4,4,0.2032,1.9812,141.87,0.2032,1.6002,141.78,7,7,0.09,0.4572,2.54,0.762,2.54,0.8128,1.1938,0.8128,3,20,0,1
B00018,B00018_R1,80,1,5,0.2032,1.9812,153.1,2.286,0.2032,132.36,7,7,20.74,0.2032,1.143,2.54,1.6002,1.3462,3.0226,2.794,1,30,0,1
B00018,B00018_R2,81,2,5,0.2032,1.9812,153.1,2.286,0.2032,132.36,7,7,20.74,0.4572,0.2032,0.2032,1.9812,2.032,2.3368,2.032,2,30,1,3
B00018,B00018_R1,82,3,5,0.2032,1.9812,153.1,2.286,0.2032,132.36,7,7,20.74,1.9812,2.54,1.0668,0.2032,2.3368,2.6416,3.2512,3,10,0,2
B00018,B00018_R2,83,4,5,0.2032,1.9812,153.1,2.286,0.2032,132.36,7,7,20.74,1.0668,2.54,0.2032,1.6002,1.4224,3.556,1.8034,2,20,1,2
B00018,B00018_R2,84,5,5,0.2032,1.9812,153.1,2.286,0.2032,132.36,7,7,20.74,2.54,1.6002,0.2032,1.9812,2.7178,1.651,2.7178,2,10,1,1
B00019,B00019_R2,85,1,4,1.0668,0.2032,161.71,0.2032,1.9812,167.32,8,9,-5.61,0.762,2.032,0.2032,1.9812,3.2512,1.1176,1.1176,2,20,1,2
B00019,B00019_R2,86,2,4,1.0668,0.2032,161.71,0.2032,1.9812,167.32,8,9,-5.61,0.2032,1.143,0.762,2.032,1.8034,1.3462,1.9558,1,20,1,1
B00019,B00019_R1,87,3,4,1.0668,0.2032,161.71,0.2032,1.9812,167.32,8,9,-5.61,0.2032,0.762,1.6764,2.54,1.4224,1.7272,3.2512,1,30,0,2
B00019,B00019_R1,88,4,4,1.0668,0.2032,161.71,0.2032,1.9812,167.32,8,9,-5.61,0.2032,0.762,1.0668,0.7112,1.4224,1.7272,1.4224,1,10,0,1
B00020,B00020_R2,89,1,2,1.6764,2.54,173.94,0.2032,1.9812,174.32,8,10,-0.38,0.2032,0.762,2.54,1.6002,3.2512,1.7272,3.175,1,10,1,1
B00020,B00020_R1,90,2,2,1.6764,2.54,173.94,0.2032,1.9812,174.32,8,10,-0.38,1.9812,2.032,0.2032,1.9812,0.8128,2.3368,2.3368,2,20,0,1
B00021,B00021_R1,91,1,7,0.2032,1.9812,165.32,2.54,1.6002,172.62,8,9,-7.3,0.762,2.54,1.9812,2.54,1.1176,2.7178,1.7272,3,20,0,3
B00021,B00021_R1,92,2,7,0.2032,1.9812,165.32,2.54,1.6002,172.62,8,9,-7.3,0.2032,1.143,1.6764,0.7112,1.3462,2.794,2.413,1,10,0,1
B00021,B00021_R1,93,3,7,0.2032,1.9812,165.32,2.54,1.6002,172.62,8,9,-7.3,0.762,0.7112,0.2032,1.6002,2.3368,3.175,1.9558,2,30,0,2
B00021,B00021_R2,94,4,7,0.2032,1.9812,165.32,2.54,1.6002,172.62,8,9,-7.3,0.2032,0.762,2.54,1.143,1.7272,3.175,2.7178,1,20,1,2
B00021,B00021_R2,95,5,7,0.2032,1.9812,165.32,2.54,1.6002,172.62,8,9,-7.3,1.9812,0.7112,2.286,0.2032,3.556,1.9558,0.8128,3,30,1,1
B00021,B00021_R2,96,6,7,0.2032,1.9812,165.32,2.54,1.6002,172.62,8,9,-7.3,0.2032,0.762,2.54,1.9812,1.7272,3.175,3.556,1,30,1,3
B00021,B00021_R1,97,7,7,0.2032,1.9812,165.32,2.54,1.6002,172.62,8,9,-7.3,0.2032,0.762,2.54,1.6002,1.7272,3.175,3.175,1,20,0,4
B00022,B00022_R1,98,1,7,2.54,1.6002,197.68,2.54,1.9812,192.17,9,9,5.51,2.286,0.2032,0.2032,1.6002,1.651,2.032,3.4798,2,10,0,1
B00022,B00022_R2,99,2,7,2.54,1.6002,197.68,2.54,1.9812,192.17,9,9,5.51,1.6764,2.54,0.2032,1.9812,1.8034,1.4224,2.032,2,20,1,1
B00022,B00022_R2,100,3,7,2.54,1.6002,197.68,2.54,1.9812,192.17,9,9,5.51,1.0668,0.7112,0.2032,1.6002,2.8702,3.2512,2.2606,2,30,1,3
B00022,B00022_R1,101,4,7,2.54,1.6002,197.68,2.54,1.9812,192.17,9,9,5.51,0.762,0.7112,0.2032,1.9812,3.175,3.556,2.3368,2,10,0,3
B00022,B00022_R2,102,5,7,2.54,1.6002,197.68,2.54,1.9812,192.17,9,9,5.51,0.2032,1.143,2.54,1.6002,2.794,3.175,2.794,1,30,1,4
B00022,B00022_R2,103,6,7,2.54,1.6002,197.68,2.54,1.9812,192.17,9,9,5.51,0.4572,0.2032,1.6764,0.7112,3.4798,3.8608,1.7272,3,30,1,2
B00022,B00022_R1,104,7,7,2.54,1.6002,197.68,2.54,1.9812,192.17,9,9,5.51,0.4572,0.2032,0.2032,1.6002,3.4798,3.8608,1.651,2,30,0,2
B00023,B00023_R2,105,1,1,0.2032,1.9812,235.64,2.54,1.6002,240.97,11,12,-5.33,2.54,1.6002,2.286,0.2032,2.7178,0.0,1.651,3,30,1,1
B00024,B00024_R2,106,1,4,0.2032,1.9812,202.58,2.286,0.2032,222.83,9,11,-20.25,2.54,1.9812,2.286,0.2032,2.9464,2.032,2.032,3,30,1,1
B00024,B00024_R1,107,2,4,0.2032,1.9812,202.58,2.286,0.2032,222.83,9,11,-20.25,0.2032,0.762,1.0668,0.2032,1.7272,2.6416,1.4224,1,30,0,2
B00024,B00024_R1,108,3,4,0.2032,1.9812,202.58,2.286,0.2032,222.83,9,11,-20.25,0.4572,2.54,0.2032,1.6002,0.8128,4.1656,1.1938,2,30,0,1
B00024,B00024_R1,109,4,4,0.2032,1.9812,202.58,2.286,0.2032,222.83,9,11,-20.25,0.2032,1.143,1.9812,0.7112,1.3462,3.0226,2.7178,1,10,0,3
B00025,B00025_R2,110,1,4,1.9812,0.7112,226.62,2.286,0.2032,222.84,11,11,3.78,1.0668,2.032,0.2032,1.9812,3.2512,3.556,1.4224,2,30,1,2
B00025,B00025_R1,111,2,4,1.9812,0.7112,226.62,2.286,0.2032,222.84,11,11,3.78,1.6764,2.032,0.2032,1.6002,3.2512,2.9464,2.413,2,30,0,2
B00025,B00025_R1,112,3,4,1.9812,0.7112,226.62,2.286,0.2032,222.84,11,11,3.78,0.2032,0.762,0.762,2.032,2.3368,2.6416,2.3368,1,20,0,1
B00025,B00025_R2,113,4,4,1.9812,0.7112,226.62,2.286,0.2032,222.84,11,11,3.78,2.54,1.9812,0.2032,1.6002,2.3368,2.032,2.7178,2,20,1,1
B00026,B00026_R2,114,1,7,0.2032,1.6002,168.51,0.2032,1.9812,158.7,8,8,9.81,0.2032,1.143,1.6764,0.2032,0.9652,1.3462,2.413,1,20,1,1
B00026,B00026_R1,115,2,7,0.2032,1.6002,168.51,0.2032,1.9812,158.7,8,8,9.81,0.2032,0.762,1.9812,2.54,1.3462,1.7272,3.556,1,10,0,1
B00026,B00026_R2,116,3,7,0.2032,1.6002,168.51,0.2032,1.9812,158.7,8,8,9.81,1.9812,0.2032,0.2032,1.6002,3.175,3.556,3.175,2,20,1,2
B00026,B00026_R1,117,4,7,0.2032,1.6002,168.51,0.2032,1.9812,158.7,8,8,9.81,2.286,2.54,0.2032,1.9812,3.0226,2.6416,2.6416,2,10,0,2
B00026,B00026_R2,118,5,7,0.2032,1.6002,168.51,0.2032,1.9812,158.7,8,8,9.81,1.0668,0.7112,0.2032,1.6002,2.2606,2.6416,2.2606,2,10,1,3
B00026,B00026_R1,119,6,7,0.2032,1.6002,168.51,0.2032,1.9812,158.7,8,8,9.81,2.54,1.9812,0.2032,1.9812,2.7178,2.9464,2.9464,2,30,0,3
B00026,B00026_R2,120,7,7,0.2032,1.6002,168.51,0.2032,1.9812,158.7,8,8,9.81,2.54,1.143,0.2032,1.9812,2.794,3.175,3.175,2,30,1,4
B00027,B00027_R2,121,1,3,0.2032,1.9812,211.0,0.2032,1.9812,234.05,10,11,-23.05,0.762,2.032,0.2032,1.6002,1.1176,1.1176,1.4986,2,10,1,1
B00027,B00027_R1,122,2,3,0.2032,1.9812,211.0,0.2032,1.9812,234.05,10,11,-23.05,0.2032,1.143,0.762,0.7112,1.3462,1.3462,1.4986,1,10,0,1
B00027,B00027_R1,123,3,3,0.2032,1.9812,211.0,0.2032,1.9812,234.05,10,11,-23.05,1.6764,0.2032,0.2032,1.6002,3.2512,3.2512,2.8702,2,30,0,2
B00028,B00028_R2,124,1,4,0.2032,1.6002,226.93,0.2032,1.6002,223.12,11,11,3.81,0.2032,0.762,2.54,1.143,1.3462,1.3462,2.7178,1,20,1,2
B00028,B00028_R2,125,2,4,0.2032,1.6002,226.93,0.2032,1.6002,223.12,11,11,3.81,1.0668,2.54,0.2032,1.9812,1.8034,1.8034,1.4224,2,30,1,1
B00028,B00028_R1,126,3,4,0.2032,1.6002,226.93,0.2032,1.6002,223.12,11,11,3.81,0.2032,1.143,2.54,1.9812,0.9652,0.9652,3.175,1,10,0,2
B00028,B00028_R1,127,4,4,0.2032,1.6002,226.93,0.2032,1.6002,223.12,11,11,3.81,0.4572,2.54,0.2032,1.9812,1.1938,1.1938,0.8128,2,20,0,1
B00029,B00029_R1,128,1,6,2.54,1.9812,238.56,2.54,1.143,232.64,11,11,5.92,0.2032,0.762,2.54,1.6002,3.556,2.7178,3.175,1,10,0,3
B00029,B00029_R2,129,2,6,2.54,1.9812,238.56,2.54,1.143,232.64,11,11,5.92,1.0668,2.032,0.2032,1.9812,2.032,2.8702,1.4224,2,20,1,2
B00029,B00029_R2,130,3,6,2.54,1.9812,238.56,2.54,1.143,232.64,11,11,5.92,0.2032,0.762,1.9812,2.54,3.556,2.7178,3.556,1,20,1,3
B00029,B00029_R2,131,4,6,2.54,1.9812,238.56,2.54,1.143,232.64,11,11,5.92,1.9812,0.7112,0.2032,1.6002,2.3368,1.4986,3.175,2,20,1,1
B00029,B00029_R1,132,5,6,2.54,1.9812,238.56,2.54,1.143,232.64,11,11,5.92,0.2032,1.143,0.4572,2.54,3.175,2.3368,1.651,1,20,0,2
B00029,B00029_R1,133,6,6,2.54,1.9812,238.56,2.54,1.143,232.64,11,11,5.92,2.286,2.54,0.2032,1.6002,0.8128,1.651,3.0226,2,10,0,1
B00030,B00030_R1,134,1,1,2.54,1.6002,207.9,1.9812,2.54,216.33,10,10,-8.43,2.54,1.6002,0.2032,1.9812,0.0,1.4986,2.7178,2,20,0,1
B00031,B00031_R1,135,1,5,0.2032,1.9812,158.69,1.9812,2.54,144.18,8,7,14.51,0.2032,1.143,1.6764,2.032,1.3462,3.175,2.8702,1,10,0,2
B00031,B00031_R2,136,2,5,0.2032,1.9812,158.69,1.9812,2.54,144.18,8,7,14.51,0.4572,0.2032,2.286,0.2032,2.032,3.8608,2.3368,3,10,1,2
B00031,B00031_R1,137,3,5,0.2032,1.9812,158.69,1.9812,2.54,144.18,8,7,14.51,0.762,2.54,0.762,2.032,1.1176,1.7272,0.508,3,10,0,1
B00031,B00031_R2,138,4,5,0.2032,1.9812,158.69,1.9812,2.54,144.18,8,7,14.51,2.286,2.54,0.2032,1.6002,2.6416,0.8128,3.0226,2,30,1,1
B00031,B00031_R2,139,5,5,0.2032,1.9812,158.69,1.9812,2.54,144.18,8,7,14.51,2.54,1.143,0.2032,1.9812,3.175,1.9558,3.175,2,10,1,3
B00032,B00032_R2,140,1,3,1.6764,2.032,170.32,0.2032,1.9812,178.45,9,8,-8.13,2.54,0.762,0.2032,1.6002,2.6416,3.556,3.175,2,10,1,1
B00032,B00032_R1,141,2,3,1.6764,2.032,170.32,0.2032,1.9812,178.45,9,8,-8.13,2.286,0.2032,1.9812,0.2032,2.9464,3.8608,0.8128,3,10,0,2
B00032,B00032_R1,142,3,3,1.6764,2.032,170.32,0.2032,1.9812,178.45,9,8,-8.13,2.54,1.9812,1.9812,0.7112,1.4224,2.9464,2.3368,3,10,0,1
B00033,B00033_R2,143,1,7,1.9812,0.2032,175.33,0.2032,1.6002,186.47,9,8,-11.14,0.2032,0.762,2.54,1.9812,2.3368,1.3462,3.556,1,10,1,2
B00033,B00033_R1,144,2,7,1.9812,0.2032,175.33,0.2032,1.6002,186.47,9,8,-11.14,0.2032,1.143,0.762,2.54,2.7178,0.9652,1.9558,1,30,0,3
B00033,B00033_R1,145,3,7,1.9812,0.2032,175.33,0.2032,1.6002,186.47,9,8,-11.14,1.6764,2.032,0.2032,1.6002,3.2512,2.413,2.413,2,20,0,4
B00033,B00033_R2,146,4,7,1.9812,0.2032,175.33,0.2032,1.6002,186.47,9,8,-11.14,0.2032,1.143,0.762,0.7112,2.7178,0.9652,1.4986,1,10,1,1
B00033,B00033_R1,147,5,7,1.9812,0.2032,175.33,0.2032,1.6002,186.47,9,8,-11.14,1.0668,0.2032,2.54,1.6002,1.4224,2.2606,2.8702,3,30,0,1
B00033,B00033_R1,148,6,7,1.9812,0.2032,175.33,0.2032,1.6002,186.47,9,8,-11.14,2.286,2.54,0.2032,1.6002,2.6416,3.0226,3.0226,2,10,0,2
B00033,B00033_R2,149,7,7,1.9812,0.2032,175.33,0.2032,1.6002,186.47,9,8,-11.14,1.9812,2.032,0.4572,0.2032,2.9464,2.7178,3.8608,3,20,1,3
B00034,B00034_R2,150,1,3,0.2032,1.6002,229.52,0.4572,0.2032,225.65,12,10,3.87,2.286,0.2032,2.54,0.762,3.4798,2.3368,0.8128,3,10,1,1
B00034,B00034_R1,151,2,3,0.2032,1.6002,229.52,0.4572,0.2032,225.65,12,10,3.87,2.54,1.9812,2.54,1.143,2.7178,3.8608,1.3462,3,20,0,1
B00034,B00034_R2,152,3,3,0.2032,1.6002,229.52,0.4572,0.2032,225.65,12,10,3.87,2.54,1.143,0.2032,1.9812,2.794,3.0226,3.175,2,30,1,2
B00035,B00035_R1,153,1,5,2.54,1.143,220.3,0.2032,1.9812,231.86,11,10,-11.56,2.54,1.6002,1.0668,2.032,0.9652,2.7178,2.413,3,10,0,3
B00035,B00035_R1,154,2,5,2.54,1.143,220.3,0.2032,1.9812,231.86,11,10,-11.56,1.9812,0.7112,0.2032,1.6002,1.4986,3.556,3.175,2,20,0,2
B00035,B00035_R2,155,3,5,2.54,1.143,220.3,0.2032,1.9812,231.86,11,10,-11.56,2.54,1.6002,0.2032,1.9812,0.9652,2.7178,2.7178,2,20,1,2
B00035,B00035_R1,156,4,5,2.54,1.143,220.3,0.2032,1.9812,231.86,11,10,-11.56,1.9812,0.7112,1.0668,0.7112,1.4986,3.556,1.4224,3,20,0,1
B00035,B00035_R2,157,5,5,2.54,1.143,220.3,0.2032,1.9812,231.86,11,10,-11.56,0.2032,1.143,0.762,0.2032,2.3368,1.3462,1.4986,1,30,1,1
B00036,B00036_R2,158,1,7,1.0668,2.032,257.18,0.2032,1.9812,245.28,13,11,11.9,0.2032,0.762,2.54,1.6002,2.6416,1.7272,3.175,1,30,1,4
B00036,B00036_R2,159,2,7,1.0668,2.032,257.18,0.2032,1.9812,245.28,13,11,11.9,1.9812,2.54,1.0668,0.2032,1.4224,2.3368,3.2512,3,10,1,2
B00036,B00036_R2,160,3,7,1.0668,2.032,257.18,0.2032,1.9812,245.28,13,11,11.9,0.762,0.7112,0.2032,1.9812,3.2512,2.3368,2.3368,2,20,1,3
B00036,B00036_R1,161,4,7,1.0668,2.032,257.18,0.2032,1.9812,245.28,13,11,11.9,0.2032,0.762,2.286,2.54,2.6416,1.7272,3.8608,1,10,0,3
B00036,B00036_R1,162,5,7,1.0668,2.032,257.18,0.2032,1.9812,245.28,13,11,11.9,1.0668,2.54,0.2032,1.9812,0.508,1.4224,1.4224,2,10,0,1
B00036,B00036_R1,163,6,7,1.0668,2.032,257.18,0.2032,1.9812,245.28,13,11,11.9,0.2032,1.143,1.6764,0.2032,2.2606,1.3462,2.413,1,10,0,2
B00036,B00036_R2,164,7,7,1.0668,2.032,257.18,0.2032,1.9812,245.28,13,11,11.9,0.2032,1.143,1.6764,2.032,2.2606,1.3462,2.8702,1,20,1,1
B00037,B00037_R1,165,1,3,2.286,2.54,294.75,2.54,1.6002,297.07,14,13,-2.32,0.2032,1.143,1.9812,2.032,3.4798,2.794,3.175,1,20,0,1
B00037,B00037_R2,166,2,3,2.286,2.54,294.75,2.54,1.6002,297.07,14,13,-2.32,0.2032,0.762,1.6764,0.2032,3.8608,3.175,2.032,1,20,1,1
B00037,B00037_R2,167,3,3,2.286,2.54,294.75,2.54,1.6002,297.07,14,13,-2.32,1.6764,0.2032,0.2032,1.6002,2.9464,2.2606,2.8702,2,30,1,2
B00038,B00038_R1,168,1,5,1.9812,2.032,293.35,0.2032,1.6002,300.66,14,14,-7.31,1.0668,2.032,0.4572,2.54,1.4224,1.8034,1.1176,3,30,0,1
B00038,B00038_R2,169,2,5,1.9812,2.032,293.35,0.2032,1.6002,300.66,14,14,-7.31,2.54,1.143,0.2032,1.6002,1.9558,2.794,2.794,2,10,1,2
B00038,B00038_R2,170,3,5,1.9812,2.032,293.35,0.2032,1.6002,300.66,14,14,-7.31,0.2032,1.143,1.6764,2.54,3.175,0.9652,2.8702,1,30,1,1
B00038,B00038_R1,171,4,5,1.9812,2.032,293.35,0.2032,1.6002,300.66,14,14,-7.31,0.2032,1.143,0.762,0.2032,3.175,0.9652,1.4986,1,10,0,2
B00038,B00038_R1,172,5,5,1.9812,2.032,293.35,0.2032,1.6002,300.66,14,14,-7.31,1.0668,0.2032,0.2032,1.6002,3.2512,2.2606,2.2606,2,20,0,3
B00039,B00039_R2,173,1,5,0.2032,1.6002,321.3,0.2032,1.6002,316.49,15,14,4.81,0.2032,0.762,1.6764,0.2032,1.3462,1.3462,2.032,1,30,1,1
B00039,B00039_R1,174,2,5,0.2032,1.6002,321.3,0.2032,1.6002,316.49,15,14,4.81,2.286,2.54,0.2032,1.9812,3.0226,3.0226,2.6416,2,10,0,2
B00039,B00039_R2,175,3,5,0.2032,1.6002,321.3,0.2032,1.6002,316.49,15,14,4.81,1.9812,0.7112,0.2032,1.9812,3.175,3.175,3.556,2,30,1,2
B00039,B00039_R2,176,4,5,0.2032,1.6002,321.3,0.2032,1.6002,316.49,15,14,4.81,2.286,2.54,0.2032,1.9812,3.0226,3.0226,2.6416,2,10,1,3
B00039,B00039_R1,177,5,5,0.2032,1.6002,321.3,0.2032,1.6002,316.49,15,14,4.81,0.762,2.032,2.54,1.143,1.4986,1.4986,3.175,3,30,0,1
B00040,B00040_R2,178,1,6,0.2032,1.9812,338.04,0.2032,1.9812,354.08,16,16,-16.04,1.6764,2.54,0.762,0.2032,2.032,2.032,3.2512,3,10,1,2
B00040,B00040_R1,179,2,6,0.2032,1.9812,338.04,0.2032,1.9812,354.08,16,16,-16.04,0.2032,0.762,2.54,1.143,1.7272,1.7272,2.7178,1,10,0,2
B00040,B00040_R2,180,3,6,0.2032,1.9812,338.04,0.2032,1.9812,354.08,16,16,-16.04,0.2032,1.143,1.6764,2.54,1.3462,1.3462,2.8702,1,10,1,1
B00040,B00040_R1,181,4,6,0.2032,1.9812,338.04,0.2032,1.9812,354.08,16,16,-16.04,2.54,0.762,0.2032,1.6002,3.556,3.556,3.175,2,20,0,3
B00040,B00040_R1,182,5,6,0.2032,1.9812,338.04,0.2032,1.9812,354.08,16,16,-16.04,0.762,2.032,2.286,0.2032,1.1176,1.1176,3.8608,3,30,0,4
B00040,B00040_R1,183,6,6,0.2032,1.9812,338.04,0.2032,1.9812,354.08,16,16,-16.04,0.2032,1.143,0.762,0.2032,1.3462,1.3462,1.4986,1,30,0,1
B00041,B00041_R2,184,1,3,2.286,0.2032,393.15,0.762,0.2032,365.09,18,17,28.06,0.2032,1.143,1.6764,2.032,3.0226,1.4986,2.8702,1,20,1,2
B00041,B00041_R2,185,2,3,2.286,0.2032,393.15,0.762,0.2032,365.09,18,17,28.06,0.2032,0.762,1.0668,0.2032,2.6416,1.1176,1.4224,1,10,1,1
B00041,B00041_R1,186,3,3,2.286,0.2032,393.15,0.762,0.2032,365.09,18,17,28.06,2.54,1.9812,0.762,2.032,2.032,3.556,2.3368,3,20,0,1
B00042,B00042_R1,187,1,4,0.762,2.032,381.53,1.6764,2.032,377.32,18,17,4.21,0.2032,1.143,0.762,2.032,1.9558,2.8702,1.9558,1,30,0,1
B00042,B00042_R1,188,2,4,0.762,2.032,381.53,1.6764,2.032,377.32,18,17,4.21,0.2032,1.143,2.54,1.143,1.9558,2.8702,2.3368,1,30,0,2
B00042,B00042_R2,189,3,4,0.762,2.032,381.53,1.6764,2.032,377.32,18,17,4.21,1.6764,0.2032,1.9812,0.7112,3.2512,2.9464,0.8128,3,10,1,1
B00042,B00042_R2,190,4,4,0.762,2.032,381.53,1.6764,2.032,377.32,18,17,4.21,1.6764,0.2032,0.2032,1.9812,3.2512,2.9464,3.2512,2,10,1,2
B00043,B00043_R2,191,1,2,2.54,1.143,343.96,0.2032,1.9812,322.82,16,15,21.14,1.0668,2.54,2.54,1.6002,2.8702,1.4224,2.413,3,20,1,2
B00043,B00043_R2,192,2,2,2.54,1.143,343.96,0.2032,1.9812,322.82,16,15,21.14,0.2032,0.762,0.762,0.7112,2.7178,1.7272,1.1176,1,30,1,1
B00044,B00044_R1,193,1,3,2.54,1.143,316.71,2.54,1.6002,330.84,14,15,-14.13,0.4572,0.2032,0.2032,1.9812,3.0226,3.4798,2.032,2,20,0,2
B00044,B00044_R1,194,2,3,2.54,1.143,316.71,2.54,1.6002,330.84,14,15,-14.13,0.2032,1.143,0.762,2.032,2.3368,2.794,1.9558,1,20,0,1
B00044,B00044_R2,195,3,3,2.54,1.143,316.71,2.54,1.6002,330.84,14,15,-14.13,1.6764,2.032,0.2032,1.9812,2.2606,1.8034,2.032,2,20,1,1
B00045,B00045_R1,196,1,2,0.2032,1.9812,318.1,0.2032,1.9812,322.43,15,15,-4.33,1.6764,2.54,1.9812,0.7112,2.032,2.032,3.2512,3,10,0,1
B00045,B00045_R2,197,2,2,0.2032,1.9812,318.1,0.2032,1.9812,322.43,15,15,-4.33,0.4572,2.54,0.2032,1.6002,0.8128,0.8128,1.1938,2,30,1,1
B00046,B00046_R2,198,1,1,1.9812,0.7112,313.4,0.2032,1.6002,300.88,14,14,12.52,0.2032,0.762,1.0668,0.2032,2.3368,1.3462,1.4224,1,10,1,1
B00047,B00047_R2,199,1,5,1.9812,0.7112,288.76,1.0668,0.2032,283.54,13,14,5.22,1.6764,0.7112,2.54,1.9812,0.8128,1.1176,2.6416,3,20,1,1
B00047,B00047_R2,200,2,5,1.9812,0.7112,288.76,1.0668,0.2032,283.54,13,14,5.22,1.6764,2.54,0.2032,1.9812,3.2512,2.9464,2.032,2,20,1,3
B00047,B00047_R2,201,3,5,1.9812,0.7112,288.76,1.0668,0.2032,283.54,13,14,5.22,1.6764,2.032,0.2032,1.9812,3.2512,2.9464,2.032,2,20,1,2
B00047,B00047_R1,202,4,5,1.9812,0.7112,288.76,1.0668,0.2032,283.54,13,14,5.22,2.54,1.143,0.2032,1.6002,1.4986,2.413,2.794,2,30,0,1
B00047,B00047_R1,203,5,5,1.9812,0.7112,288.76,1.0668,0.2032,283.54,13,14,5.22,1.6764,2.032,0.2032,1.9812,3.2512,2.9464,2.032,2,20,0,2
B00048,B00048_R1,204,1,7,0.2032,1.9812,211.82,0.2032,1.9812,227.43,9,11,-15.61,2.286,0.2032,0.2032,1.9812,3.8608,3.8608,3.8608,2,10,0,3
B00048,B00048_R1,205,2,7,0.2032,1.9812,211.82,0.2032,1.9812,227.43,9,11,-15.61,0.762,0.7112,1.6764,0.2032,2.3368,2.3368,1.4224,3,10,0,2
B00048,B00048_R1,206,3,7,0.2032,1.9812,211.82,0.2032,1.9812,227.43,9,11,-15.61,1.9812,2.54,0.2032,1.6002,2.3368,2.3368,2.7178,2,30,0,4
B00048,B00048_R2,207,4,7,0.2032,1.9812,211.82,0.2032,1.9812,227.43,9,11,-15.61,0.2032,0.762,1.6764,2.032,1.7272,1.7272,3.2512,1,20,1,3
B00048,B00048_R1,208,5,7,0.2032,1.9812,211.82,0.2032,1.9812,227.43,9,11,-15.61,0.2032,1.143,0.4572,0.2032,1.3462,1.3462,1.1938,1,30,0,1
B00048,B00048_R2,209,6,7,0.2032,1.9812,211.82,0.2032,1.9812,227.43,9,11,-15.61,2.54,1.6002,0.2032,1.9812,2.7178,2.7178,2.7178,2,30,1,2
B00048,B00048_R2,210,7,7,0.2032,1.9812,211.82,0.2032,1.9812,227.43,9,11,-15.61,0.2032,1.143,2.54,1.143,1.3462,1.3462,2.3368,1,10,1,1
B00049,B00049_R2,211,1,7,0.2032,1.6002,226.13,1.6764,2.032,226.83,10,11,-0.7,2.286,0.2032,0.4572,2.54,3.4798,2.9464,4.1656,3,10,1,3
B00049,B00049_R1,212,2,7,0.2032,1.6002,226.13,1.6764,2.032,226.83,10,11,-0.7,2.54,1.6002,0.2032,1.9812,2.3368,1.8034,2.7178,2,30,0,2
B00049,B00049_R1,213,3,7,0.2032,1.6002,226.13,1.6764,2.032,226.83,10,11,-0.7,1.9812,0.2032,0.2032,1.9812,3.175,3.2512,3.556,2,20,0,4
B00049,B00049_R2,214,4,7,0.2032,1.6002,226.13,1.6764,2.032,226.83,10,11,-0.7,0.762,0.7112,1.9812,2.54,1.9558,3.2512,3.556,3,20,1,2
B00049,B00049_R1,215,5,7,0.2032,1.6002,226.13,1.6764,2.032,226.83,10,11,-0.7,0.2032,1.143,1.9812,0.2032,0.9652,2.8702,2.7178,1,10,0,3
B00049,B00049_R2,216,6,7,0.2032,1.6002,226.13,1.6764,2.032,226.83,10,11,-0.7,2.54,1.143,0.2032,1.6002,2.794,2.2606,2.794,2,30,1,1
B00049,B00049_R1,217,7,7,0.2032,1.6002,226.13,1.6764,2.032,226.83,10,11,-0.7,0.2032,1.143,2.54,1.6002,0.9652,2.8702,2.794,1,30,0,1
B00050,B00050_R2,218,1,3,0.2032,1.9812,270.62,0.4572,2.54,280.35,13,13,-9.73,1.9812,2.54,0.2032,1.6002,2.3368,2.032,2.7178,2,20,1,1
B00050,B00050_R1,219,2,3,0.2032,1.9812,270.62,0.4572,2.54,280.35,13,13,-9.73,1.6764,2.54,2.54,0.762,2.032,1.7272,2.6416,3,30,0,1
B00050,B00050_R1,220,3,3,0.2032,1.9812,270.62,0.4572,2.54,280.35,13,13,-9.73,2.54,1.143,0.2032,1.6002,3.175,3.4798,2.794,2,30,0,2
B00051,B00051_R1,221,1,3,0.2032,1.6002,247.67,0.2032,1.6002,249.19,12,11,-1.52,0.2032,0.762,0.762,2.032,1.3462,1.3462,2.3368,1,20,0,1
B00051,B00051_R1,222,2,3,0.2032,1.6002,247.67,0.2032,1.6002,249.19,12,11,-1.52,1.0668,0.7112,0.2032,1.9812,2.2606,2.2606,2.6416,2,30,0,2
B00051,B00051_R2,223,3,3,0.2032,1.6002,247.67,0.2032,1.6002,249.19,12,11,-1.52,0.762,0.7112,1.6764,2.54,1.9558,1.9558,3.2512,3,20,1,1
B00052,B00052_R1,224,1,5,0.2032,1.9812,266.91,1.6764,2.54,255.11,13,11,11.8,0.2032,1.143,0.4572,2.54,1.3462,2.8702,1.651,1,20,0,1
B00052,B00052_R2,225,2,5,0.2032,1.9812,266.91,1.6764,2.54,255.11,13,11,11.8,0.2032,0.762,1.0668,2.032,1.7272,3.2512,2.6416,1,30,1,3
B00052,B00052_R1,226,3,5,0.2032,1.9812,266.91,1.6764,2.54,255.11,13,11,11.8,0.2032,1.143,0.762,2.54,1.3462,2.8702,1.9558,1,20,0,2
B00052,B00052_R2,227,4,5,0.2032,1.9812,266.91,1.6764,2.54,255.11,13,11,11.8,2.54,1.9812,0.2032,1.9812,2.9464,1.4224,2.9464,2,10,1,1
B00052,B00052_R2,228,5,5,0.2032,1.9812,266.91,1.6764,2.54,255.11,13,11,11.8,0.2032,0.762,0.4572,0.2032,1.7272,3.2512,0.8128,1,30,1,2
B00053,B00053_R2,229,1,3,0.762,2.54,278.93,1.0668,2.032,285.57,13,12,-6.64,2.54,0.762,2.286,0.2032,3.556,3.2512,0.8128,3,10,1,1
B00053,B00053_R1,230,2,3,0.762,2.54,278.93,1.0668,2.032,285.57,13,12,-6.64,0.2032,0.762,1.9812,2.032,2.3368,2.6416,3.556,1,30,0,2
B00053,B00053_R1,231,3,3,0.762,2.54,278.93,1.0668,2.032,285.57,13,12,-6.64,0.2032,0.762,0.762,2.032,2.3368,2.6416,2.3368,1,30,0,1
B00054,B00054_R1,232,1,5,1.9812,2.032,310.41,2.286,0.2032,277.25,14,12,33.16,1.9812,2.032,0.2032,1.6002,0.0,2.6416,2.7178,2,20,0,1
B00054,B00054_R2,233,2,5,1.9812,2.032,310.41,2.286,0.2032,277.25,14,12,33.16,2.54,1.143,0.2032,1.9812,1.9558,1.1938,3.175,2,20,1,1
B00054,B00054_R2,234,3,5,1.9812,2.032,310.41,2.286,0.2032,277.25,14,12,33.16,0.762,2.032,2.54,1.6002,1.7272,3.8608,2.7178,3,20,1,3
B00054,B00054_R2,235,4,5,1.9812,2.032,310.41,2.286,0.2032,277.25,14,12,33.16,0.762,2.54,2.286,2.54,1.7272,3.8608,2.032,3,20,1,2
B00054,B00054_R1,236,5,5,1.9812,2.032,310.41,2.286,0.2032,277.25,14,12,33.16,0.2032,0.762,2.54,0.762,3.556,2.6416,2.9464,1,10,0,2
B00055,B00055_R2,237,1,6,2.54,0.762,305.89,2.54,1.6002,310.92,14,13,-5.03,0.762,2.032,0.762,0.2032,3.556,2.7178,2.9464,3,10,1,3
B00055,B00055_R2,238,2,6,2.54,0.762,305.89,2.54,1.6002,310.92,14,13,-5.03,0.2032,1.143,0.762,2.54,2.7178,2.794,1.9558,1,20,1,2
B00055,B00055_R1,239,3,6,2.54,0.762,305.89,2.54,1.6002,310.92,14,13,-5.03,0.2032,0.762,2.54,1.143,2.9464,3.175,2.7178,1,10,0,3
B00055,B00055_R1,240,4,6,2.54,0.762,305.89,2.54,1.6002,310.92,14,13,-5.03,0.2032,0.762,1.6764,0.7112,2.9464,3.175,2.032,1,30,0,2
B00055,B00055_R2,241,5,6,2.54,0.762,305.89,2.54,1.6002,310.92,14,13,-5.03,1.0668,2.032,0.2032,1.6002,3.2512,2.413,1.8034,2,30,1,1
B00055,B00055_R1,242,6,6,2.54,0.762,305.89,2.54,1.6002,310.92,14,13,-5.03,1.9812,0.2032,0.2032,1.6002,1.1176,1.9558,3.175,2,20,0,1
B00056,B00056_R2,243,1,3,2.54,1.143,349.08,0.762,0.2032,333.16,16,15,15.92,1.6764,0.7112,0.2032,1.6002,1.8034,1.4224,2.8702,2,30,1,1
B00056,B00056_R1,244,2,3,2.54,1.143,349.08,0.762,0.2032,333.16,16,15,15.92,2.54,1.143,0.2032,1.9812,0.0,2.7178,3.175,2,30,0,1
B00056,B00056_R2,245,3,3,2.54,1.143,349.08,0.762,0.2032,333.16,16,15,15.92,0.2032,0.762,2.54,1.6002,2.7178,1.1176,3.175,1,30,1,2
B00057,B00057_R1,246,1,3,0.2032,1.9812,331.84,2.54,1.6002,338.16,15,15,-6.32,1.0668,2.032,0.4572,0.2032,1.4224,2.413,2.9464,3,20,0,1
B00057,B00057_R2,247,2,3,0.2032,1.9812,331.84,2.54,1.6002,338.16,15,15,-6.32,0.2032,1.143,2.54,0.762,1.3462,2.794,2.7178,1,20,1,1
B00057,B00057_R1,248,3,3,0.2032,1.9812,331.84,2.54,1.6002,338.16,15,15,-6.32,0.762,0.7112,0.2032,1.9812,2.3368,3.175,2.3368,2,20,0,2
B00058,B00058_R2,249,1,3,0.2032,1.9812,342.46,2.54,0.762,330.84,16,15,11.62,1.0668,2.54,0.2032,1.9812,1.4224,3.2512,1.4224,2,20,1,1
B00058,B00058_R1,250,2,3,0.2032,1.9812,342.46,2.54,0.762,330.84,16,15,11.62,0.2032,1.143,0.762,0.7112,1.3462,2.7178,1.4986,1,20,0,1
B00058,B00058_R2,251,3,3,0.2032,1.9812,342.46,2.54,0.762,330.84,16,15,11.62,0.762,2.032,0.2032,1.9812,1.1176,3.556,1.1176,2,10,1,2
B00059,B00059_R2,252,1,7,0.762,0.7112,325.72,0.2032,1.9812,336.85,15,16,-11.13,0.2032,1.143,0.762,2.032,1.4986,1.3462,1.9558,1,30,1,1
B00059,B00059_R1,253,2,7,0.762,0.7112,325.72,0.2032,1.9812,336.85,15,16,-11.13,0.2032,0.762,1.0668,2.54,1.1176,1.7272,2.6416,1,10,0,2
B00059,B00059_R1,254,3,7,0.762,0.7112,325.72,0.2032,1.9812,336.85,15,16,-11.13,1.0668,2.54,0.2032,1.9812,3.2512,1.4224,1.4224,2,30,0,3
B00059,B00059_R1,255,4,7,0.762,0.7112,325.72,0.2032,1.9812,336.85,15,16,-11.13,1.0668,0.7112,0.2032,1.9812,0.8128,2.6416,2.6416,2,20,0,1
B00059,B00059_R1,256,5,7,0.762,0.7112,325.72,0.2032,1.9812,336.85,15,16,-11.13,2.286,2.54,0.2032,1.6002,3.8608,2.6416,3.0226,2,20,0,4
B00059,B00059_R2,257,6,7,0.762,0.7112,325.72,0.2032,1.9812,336.85,15,16,-11.13,1.9812,0.7112,0.2032,1.6002,1.7272,3.556,3.175,2,10,1,3
B00059,B00059_R2,258,7,7,0.762,0.7112,325.72,0.2032,1.9812,336.85,15,16,-11.13,1.9812,2.032,0.2032,1.6002,3.556,2.3368,2.7178,2,20,1,2
B00060,B00060_R1,259,1,4,0.2032,1.6002,372.21,0.2032,1.6002,371.42,18,17,0.79,0.762,0.7112,1.6764,0.2032,1.9558,1.9558,1.4224,3,20,0,2
B00060,B00060_R2,260,2,4,0.2032,1.6002,372.21,0.2032,1.6002,371.42,18,17,0.79,1.6764,2.54,0.2032,1.6002,2.413,2.413,2.413,2,20,1,2
B00060,B00060_R1,261,3,4,0.2032,1.6002,372.21,0.2032,1.6002,371.42,18,17,0.79,0.2032,1.143,0.762,0.7112,0.9652,0.9652,1.4986,1,30,0,1
B00060,B00060_R2,262,4,4,0.2032,1.6002,372.21,0.2032,1.6002,371.42,18,17,0.79,0.2032,1.143,2.286,2.54,0.9652,0.9652,3.4798,1,10,1,1
B00061,B00061_R2,263,1,3,1.6764,0.2032,372.29,0.2032,1.6002,392.67,19,18,-20.38,0.2032,0.762,1.0668,0.2032,2.032,1.3462,1.4224,1,20,1,1
B00061,B00061_R1,264,2,3,1.6764,0.2032,372.29,0.2032,1.6002,392.67,19,18,-20.38,1.0668,0.7112,0.2032,1.6002,1.1176,2.2606,2.2606,2,20,0,1
B00061,B00061_R1,265,3,3,1.6764,0.2032,372.29,0.2032,1.6002,392.67,19,18,-20.38,0.2032,0.762,0.762,2.54,2.032,1.3462,2.3368,1,10,0,2
B00062,B00062_R2,266,1,7,0.762,2.54,387.93,1.0668,0.2032,374.13,19,17,13.8,2.54,1.6002,0.2032,1.6002,2.7178,2.8702,2.3368,2,10,1,3
B00062,B00062_R1,267,2,7,0.762,2.54,387.93,1.0668,0.2032,374.13,19,17,13.8,0.4572,2.54,0.2032,1.6002,0.8128,2.9464,1.1938,2,20,0,1
B00062,B00062_R2,268,3,7,0.762,2.54,387.93,1.0668,0.2032,374.13,19,17,13.8,0.762,2.032,2.54,0.762,0.508,3.2512,3.556,3,20,1,4
B00062,B00062_R2,269,4,7,0.762,2.54,387.93,1.0668,0.2032,374.13,19,17,13.8,1.6764,0.7112,2.54,1.6002,3.2512,1.1176,2.2606,3,30,1,2
B00062,B00062_R2,270,5,7,0.762,2.54,387.93,1.0668,0.2032,374.13,19,17,13.8,0.2032,0.762,0.762,0.7112,2.3368,1.4224,1.1176,1,10,1,1
B00062,B00062_R1,271,6,7,0.762,2.54,387.93,1.0668,0.2032,374.13,19,17,13.8,2.286,2.54,0.2032,1.6002,2.032,3.556,3.0226,2,30,0,3
B00062,B00062_R1,272,7,7,0.762,2.54,387.93,1.0668,0.2032,374.13,19,17,13.8,0.2032,0.762,2.54,1.6002,2.3368,1.4224,3.175,1,20,0,2
B00063,B00063_R1,273,1,6,0.2032,1.6002,377.9,2.54,0.762,385.44,19,18,-7.54,1.6764,2.54,0.2032,1.9812,2.413,2.6416,2.032,2,10,0,2
B00063,B00063_R1,274,2,6,0.2032,1.6002,377.9,2.54,0.762,385.44,19,18,-7.54,0.2032,0.762,1.0668,2.032,1.3462,2.9464,2.6416,1,10,0,1
B00063,B00063_R2,275,3,6,0.2032,1.6002,377.9,2.54,0.762,385.44,19,18,-7.54,1.6764,0.2032,0.2032,1.6002,2.8702,1.4224,2.8702,2,20,1,1
B00063,B00063_R1,276,4,6,0.2032,1.6002,377.9,2.54,0.762,385.44,19,18,-7.54,0.2032,0.762,2.54,1.9812,1.3462,2.9464,3.556,1,20,0,3
B00063,B00063_R2,277,5,6,0.2032,1.6002,377.9,2.54,0.762,385.44,19,18,-7.54,0.762,0.7112,2.54,0.762,1.9558,2.3368,2.3368,3,20,1,3
B00063,B00063_R2,278,6,6,0.2032,1.6002,377.9,2.54,0.762,385.44,19,18,-7.54,0.2032,1.143,2.286,0.2032,0.9652,2.7178,3.0226,1,30,1,2
B00064,B00064_R2,279,1,6,2.54,1.9812,414.58,2.54,0.762,429.73,21,20,-15.15,1.6764,0.7112,0.2032,1.9812,2.6416,1.4224,3.2512,2,30,1,1
B00064,B00064_R1,280,2,6,2.54,1.9812,414.58,2.54,0.762,429.73,21,20,-15.15,0.2032,1.143,0.4572,0.2032,3.175,2.7178,1.1938,1,20,0,1
B00064,B00064_R1,281,3,6,2.54,1.9812,414.58,2.54,0.762,429.73,21,20,-15.15,0.2032,0.762,1.9812,0.2032,3.556,2.9464,2.3368,1,20,0,2
B00064,B00064_R1,282,4,6,2.54,1.9812,414.58,2.54,0.762,429.73,21,20,-15.15,0.2032,1.143,2.286,2.54,3.175,2.7178,3.4798,1,20,0,4
B00064,B00064_R1,283,5,6,2.54,1.9812,414.58,2.54,0.762,429.73,21,20,-15.15,1.9812,0.2032,0.2032,1.6002,2.3368,1.1176,3.175,2,20,0,3
B00064,B00064_R2,284,6,6,2.54,1.9812,414.58,2.54,0.762,429.73,21,20,-15.15,0.2032,0.762,1.6764,2.54,3.556,2.9464,3.2512,1,30,1,2
B00065,B00065_R1,285,1,6,2.286,2.54,463.47,1.6764,2.54,457.29,23,21,6.18,0.2032,0.762,0.762,0.7112,3.8608,3.2512,1.1176,1,10,0,2
B00065,B00065_R2,286,2,6,2.286,2.54,463.47,1.6764,2.54,457.29,23,21,6.18,0.762,0.2032,1.6764,2.032,3.8608,3.2512,3.2512,3,10,1,3
B00065,B00065_R1,287,3,6,2.286,2.54,463.47,1.6764,2.54,457.29,23,21,6.18,1.9812,2.54,0.2032,1.9812,0.8128,0.8128,2.3368,2,20,0,1
B00065,B00065_R1,288,4,6,2.286,2.54,463.47,1.6764,2.54,457.29,23,21,6.18,0.2032,0.762,1.6764,0.7112,3.8608,3.2512,2.032,1,20,0,3
B00065,B00065_R2,289,5,6,2.286,2.54,463.47,1.6764,2.54,457.29,23,21,6.18,1.6764,2.54,0.762,2.032,1.1176,0.0,1.4224,3,20,1,1
B00065,B00065_R2,290,6,6,2.286,2.54,463.47,1.6764,2.54,457.29,23,21,6.18,0.762,2.54,1.6764,0.2032,2.032,1.4224,3.2512,3,30,1,2
B00066,B00066_R2,291,1,1,1.6764,0.7112,489.81,1.6764,2.032,477.62,25,22,12.19,2.54,1.143,0.2032,1.9812,1.8034,2.2606,3.175,2,10,1,1
B00067,B00067_R1,292,1,4,1.6764,0.7112,454.03,0.2032,1.9812,467.2,24,22,-13.17,0.2032,1.143,2.54,1.6002,2.413,1.3462,2.794,1,10,0,2
B00067,B00067_R2,293,2,4,1.6764,0.7112,454.03,0.2032,1.9812,467.2,24,22,-13.17,0.2032,1.143,1.0668,2.54,2.413,1.3462,2.2606,1,30,1,1
B00067,B00067_R1,294,3,4,1.6764,0.7112,454.03,0.2032,1.9812,467.2,24,22,-13.17,1.0668,0.7112,0.2032,1.9812,1.1176,2.6416,2.6416,2,20,0,1
B00067,B00067_R2,295,4,4,1.6764,0.7112,454.03,0.2032,1.9812,467.2,24,22,-13.17,0.2032,1.143,2.54,0.762,2.413,1.3462,2.7178,1,20,1,2
B00068,B00068_R2,296,1,1,2.54,1.6002,474.78,2.54,0.762,474.91,24,22,-0.13,0.2032,0.762,1.6764,2.54,3.175,2.9464,3.2512,1,10,1,1
B00069,B00069_R1,297,1,3,2.54,1.6002,452.34,1.6764,2.54,482.24,23,22,-29.9,0.2032,0.762,1.6764,0.2032,3.175,3.2512,2.032,1,30,0,2
B00069,B00069_R1,298,2,3,2.54,1.6002,452.34,1.6764,2.54,482.24,23,22,-29.9,2.54,1.6002,0.2032,1.6002,0.0,1.8034,2.3368,2,30,0,1
B00069,B00069_R2,299,3,3,2.54,1.6002,452.34,1.6764,2.54,482.24,23,22,-29.9,1.6764,2.032,0.762,0.7112,1.8034,0.508,3.2512,3,30,1,1
B00070,B00070_R1,300,1,5,1.6764,0.2032,450.22,0.762,0.7112,468.81,23,21,-18.59,0.762,2.54,0.2032,1.9812,3.2512,2.9464,1.1176,2,30,0,2
B00070,B00070_R1,301,2,5,1.6764,0.2032,450.22,0.762,0.7112,468.81,23,21,-18.59,1.9812,0.2032,0.2032,1.9812,0.8128,1.7272,3.556,2,10,0,1
B00070,B00070_R2,302,3,5,1.6764,0.2032,450.22,0.762,0.7112,468.81,23,21,-18.59,1.6764,2.54,0.2032,1.6002,2.9464,3.2512,2.413,2,20,1,2
B00070,B00070_R1,303,4,5,1.6764,0.2032,450.22,0.762,0.7112,468.81,23,21,-18.59,2.286,0.2032,0.2032,1.9812,1.1176,2.032,3.8608,2,30,0,3
B00070,B00070_R2,304,5,5,1.6764,0.2032,450.22,0.762,0.7112,468.81,23,21,-18.59,0.2032,1.143,1.0668,2.032,2.413,1.4986,2.2606,1,20,1,1
B00071,B00071_R1,305,1,3,0.2032,1.9812,499.73,0.2032,1.6002,471.71,25,22,28.02,2.54,1.9812,0.2032,1.9812,2.9464,2.7178,2.9464,2,20,0,1
B00071,B00071_R2,306,2,3,0.2032,1.9812,499.73,0.2032,1.6002,471.71,25,22,28.02,1.6764,2.54,0.2032,1.9812,2.032,2.413,2.032,2,20,1,1
B00071,B00071_R2,307,3,3,0.2032,1.9812,499.73,0.2032,1.6002,471.71,25,22,28.02,1.6764,0.7112,0.2032,1.9812,3.2512,2.8702,3.2512,2,30,1,2
B00072,B00072_R1,308,1,4,0.2032,1.9812,498.33,0.2032,1.9812,490.25,24,22,8.08,1.0668,0.2032,0.2032,1.9812,2.6416,2.6416,2.6416,2,10,0,2
B00072,B00072_R1,309,2,4,0.2032,1.9812,498.33,0.2032,1.9812,490.25,24,22,8.08,0.2032,1.143,1.9812,0.2032,1.3462,1.3462,2.7178,1,20,0,1
B00072,B00072_R2,310,3,4,0.2032,1.9812,498.33,0.2032,1.9812,490.25,24,22,8.08,1.6764,2.54,0.2032,1.9812,2.032,2.032,2.032,2,30,1,1
B00072,B00072_R2,311,4,4,0.2032,1.9812,498.33,0.2032,1.9812,490.25,24,22,8.08,1.6764,2.54,1.9812,0.7112,2.032,2.032,3.2512,3,10,1,2
B00073,B00073_R1,312,1,4,0.2032,1.9812,490.92,1.9812,0.7112,497.57,23,22,-6.65,1.9812,2.54,0.2032,1.6002,2.3368,2.9464,2.7178,2,30,0,3
B00073,B00073_R1,313,2,4,0.2032,1.9812,490.92,1.9812,0.7112,497.57,23,22,-6.65,1.9812,2.032,1.9812,2.54,2.3368,2.9464,0.508,3,10,0,2
B00073,B00073_R2,314,3,4,0.2032,1.9812,490.92,1.9812,0.7112,497.57,23,22,-6.65,2.286,0.2032,1.0668,0.2032,3.8608,0.8128,1.7272,3,10,1,1
B00073,B00073_R1,315,4,4,0.2032,1.9812,490.92,1.9812,0.7112,497.57,23,22,-6.65,0.762,2.54,0.2032,1.9812,1.1176,3.556,1.1176,2,10,0,1
B00074,B00074_R1,316,1,3,0.2032,1.6002,517.46,1.0668,0.2032,486.46,25,21,31.0,0.2032,1.143,2.54,1.6002,0.9652,1.8034,2.794,1,10,0,1
B00074,B00074_R2,317,2,3,0.2032,1.6002,517.46,1.0668,0.2032,486.46,25,21,31.0,0.4572,0.2032,0.2032,1.6002,1.651,1.1176,1.651,2,30,1,1
B00074,B00074_R2,318,3,3,0.2032,1.6002,517.46,1.0668,0.2032,486.46,25,21,31.0,0.2032,0.762,2.286,2.54,1.3462,1.4224,3.8608,1,10,1,2
B00075,B00075_R1,319,1,6,2.54,1.6002,470.98,2.286,2.54,459.31,23,20,11.67,0.2032,0.762,0.762,2.032,3.175,3.8608,2.3368,1,30,0,2
B00075,B00075_R2,320,2,6,2.54,1.6002,470.98,2.286,2.54,459.31,23,20,11.67,0.2032,1.143,1.0668,0.2032,2.794,3.4798,1.8034,1,20,1,2
B00075,B00075_R2,321,3,6,2.54,1.6002,470.98,2.286,2.54,459.31,23,20,11.67,0.2032,0.762,0.762,2.032,3.175,3.8608,2.3368,1,20,1,3
B00075,B00075_R1,322,4,6,2.54,1.6002,470.98,2.286,2.54,459.31,23,20,11.67,1.0668,2.032,1.9812,2.54,2.413,1.7272,1.4224,3,10,0,3
B00075,B00075_R1,323,5,6,2.54,1.6002,470.98,2.286,2.54,459.31,23,20,11.67,2.54,1.143,0.2032,1.6002,0.9652,1.651,2.794,2,30,0,1
B00075,B00075_R2,324,6,6,2.54,1.6002,470.98,2.286,2.54,459.31,23,20,11.67,2.286,2.54,0.2032,1.6002,1.1938,0.0,3.0226,2,10,1,1
B00076,B00076_R2,325,1,4,1.9812,2.54,466.05,0.762,2.032,441.66,23,20,24.39,0.2032,0.762,1.9812,0.2032,3.556,2.3368,2.3368,1,30,1,2
B00076,B00076_R1,326,2,4,1.9812,2.54,466.05,0.762,2.032,441.66,23,20,24.39,1.9812,2.032,0.2032,1.6002,0.508,1.7272,2.7178,2,30,0,1
B00076,B00076_R2,327,3,4,1.9812,2.54,466.05,0.762,2.032,441.66,23,20,24.39,0.2032,0.762,0.762,0.7112,3.556,2.3368,1.1176,1,10,1,1
B00076,B00076_R1,328,4,4,1.9812,2.54,466.05,0.762,2.032,441.66,23,20,24.39,0.2032,1.143,2.54,1.143,3.175,1.9558,2.3368,1,30,0,2
B00077,B00077_R2,329,1,2,2.54,1.143,443.3,1.9812,0.2032,424.04,22,19,19.26,0.4572,0.2032,0.2032,1.6002,3.0226,2.032,1.651,2,20,1,1
B00077,B00077_R2,330,2,2,2.54,1.143,443.3,1.9812,0.2032,424.04,22,19,19.26,0.762,2.54,0.2032,1.9812,3.175,3.556,1.1176,2,10,1,2
B00078,B00078_R1,331,1,3,2.54,1.143,415.05,0.2032,1.9812,430.94,21,20,-15.89,0.2032,1.143,0.762,0.2032,2.3368,1.3462,1.4986,1,30,0,1
B00078,B00078_R1,332,2,3,2.54,1.143,415.05,0.2032,1.9812,430.94,21,20,-15.89,1.0668,0.7112,1.0668,2.54,2.413,2.6416,2.9464,3,10,0,2
B00078,B00078_R2,333,3,3,2.54,1.143,415.05,0.2032,1.9812,430.94,21,20,-15.89,1.0668,2.032,0.2032,1.6002,2.8702,1.4224,1.8034,2,30,1,1
B00079,B00079_R1,334,1,2,1.0668,2.54,431.19,0.2032,1.6002,420.02,21,20,11.17,2.54,0.762,0.2032,1.6002,3.2512,3.175,3.175,2,10,0,1
B00079,B00079_R2,335,2,2,1.0668,2.54,431.19,0.2032,1.6002,420.02,21,20,11.17,0.2032,0.762,2.286,0.2032,2.6416,1.3462,2.6416,1,10,1,1
B00080,B00080_R2,336,1,4,0.2032,1.6002,433.41,2.286,0.2032,397.57,21,19,35.84,1.0668,2.54,0.2032,1.6002,1.8034,3.556,1.8034,2,10,1,2
B00080,B00080_R2,337,2,4,0.2032,1.6002,433.41,2.286,0.2032,397.57,21,19,35.84,1.9812,2.032,0.2032,1.6002,2.7178,2.6416,2.7178,2,30,1,3
B00080,B00080_R2,338,3,4,0.2032,1.6002,433.41,2.286,0.2032,397.57,21,19,35.84,2.54,1.143,0.2032,1.6002,2.794,1.1938,2.794,2,30,1,1
B00080,B00080_R1,339,4,4,0.2032,1.6002,433.41,2.286,0.2032,397.57,21,19,35.84,2.286,2.54,0.2032,1.6002,3.0226,2.3368,3.0226,2,20,0,1
B00081,B00081_R1,340,1,6,0.2032,1.6002,408.47,0.2032,1.6002,405.39,19,19,3.08,2.54,1.6002,0.2032,1.6002,2.3368,2.3368,2.3368,2,30,0,2
B00081,B00081_R2,341,2,6,0.2032,1.6002,408.47,0.2032,1.6002,405.39,19,19,3.08,0.2032,1.143,0.762,0.2032,0.9652,0.9652,1.4986,1,30,1,1
B00081,B00081_R2,342,3,6,0.2032,1.6002,408.47,0.2032,1.6002,405.39,19,19,3.08,2.54,1.9812,0.762,2.032,2.7178,2.7178,2.3368,3,10,1,3
B00081,B00081_R2,343,4,6,0.2032,1.6002,408.47,0.2032,1.6002,405.39,19,19,3.08,1.6764,0.7112,0.2032,1.6002,2.8702,2.8702,2.8702,2,20,1,2
B00081,B00081_R1,344,5,6,0.2032,1.6002,408.47,0.2032,1.6002,405.39,19,19,3.08,0.2032,0.762,1.0668,2.54,1.3462,1.3462,2.6416,1,20,0,3
B00081,B00081_R1,345,6,6,0.2032,1.6002,408.47,0.2032,1.6002,405.39,19,19,3.08,0.2032,0.762,2.54,1.6002,1.3462,1.3462,3.175,1,20,0,1
B00082,B00082_R2,346,1,6,1.0668,2.54,437.42,0.762,2.032,430.62,20,21,6.8,0.4572,2.54,0.2032,1.6002,1.1176,0.8128,1.1938,2,10,1,1
B00082,B00082_R1,347,2,6,1.0668,2.54,437.42,0.762,2.032,430.62,20,21,6.8,1.0668,0.2032,0.2032,1.6002,2.9464,3.2512,2.2606,2,10,0,3
B00082,B00082_R1,348,3,6,1.0668,2.54,437.42,0.762,2.032,430.62,20,21,6.8,0.2032,1.143,0.762,0.2032,2.2606,1.9558,1.4986,1,10,0,2
B00082,B00082_R2,349,4,6,1.0668,2.54,437.42,0.762,2.032,430.62,20,21,6.8,2.54,1.9812,1.9812,0.2032,2.032,2.3368,2.3368,3,10,1,3
B00082,B00082_R1,350,5,6,1.0668,2.54,437.42,0.762,2.032,430.62,20,21,6.8,1.0668,2.54,0.2032,1.9812,0.0,0.8128,1.4224,2,20,0,1
B00082,B00082_R2,351,6,6,1.0668,2.54,437.42,0.762,2.032,430.62,20,21,6.8,0.2032,1.143,1.6764,0.2032,2.2606,1.9558,2.413,1,20,1,2
B00083,B00083_R1,352,1,1,0.2032,1.6002,439.69,1.9812,0.2032,460.48,22,23,-20.79,2.54,1.9812,1.0668,2.54,2.7178,2.3368,2.032,3,10,0,1
B00084,B00084_R2,353,1,1,1.0668,2.54,435.09,1.9812,0.2032,424.8,22,21,10.29,1.6764,2.032,0.2032,1.6002,1.1176,3.2512,2.413,2,10,1,1
B00085,B00085_R1,354,1,1,1.0668,2.54,372.28,0.2032,1.6002,393.65,19,19,-21.37,2.54,1.9812,0.2032,1.6002,2.032,2.7178,2.7178,2,30,0,1
B00086,B00086_R1,355,1,2,0.2032,1.6002,375.29,0.2032,1.6002,368.91,18,18,6.38,2.54,1.6002,0.2032,1.9812,2.3368,2.3368,2.7178,2,10,0,1
B00086,B00086_R2,356,2,2,0.2032,1.6002,375.29,0.2032,1.6002,368.91,18,18,6.38,2.286,2.54,0.2032,1.6002,3.0226,3.0226,3.0226,2,20,1,1
B00087,B00087_R2,357,1,7,0.2032,1.9812,373.59,0.2032,1.6002,367.81,18,17,5.78,0.2032,1.143,0.4572,2.54,1.3462,0.9652,1.651,1,30,1,1
B00087,B00087_R2,358,2,7,0.2032,1.9812,373.59,0.2032,1.6002,367.81,18,17,5.78,2.54,1.143,0.4572,0.2032,3.175,2.794,3.0226,3,30,1,4
B00087,B00087_R2,359,3,7,0.2032,1.9812,373.59,0.2032,1.6002,367.81,18,17,5.78,0.2032,1.143,1.9812,2.54,1.3462,0.9652,3.175,1,30,1,2
B00087,B00087_R2,360,4,7,0.2032,1.9812,373.59,0.2032,1.6002,367.81,18,17,5.78,1.9812,2.54,0.2032,1.9812,2.3368,2.7178,2.3368,2,20,1,3
B00087,B00087_R1,361,5,7,0.2032,1.9812,373.59,0.2032,1.6002,367.81,18,17,5.78,2.54,0.762,1.6764,2.032,3.556,3.175,2.6416,3,30,0,3
B00087,B00087_R1,362,6,7,0.2032,1.9812,373.59,0.2032,1.6002,367.81,18,17,5.78,2.54,1.6002,0.2032,1.6002,2.7178,2.3368,2.3368,2,20,0,2
B00087,B00087_R1,363,7,7,0.2032,1.9812,373.59,0.2032,1.6002,367.81,18,17,5.78,0.2032,1.143,1.0668,2.032,1.3462,0.9652,2.2606,1,10,0,1
B00088,B00088_R1,364,1,3,1.6764,2.032,412.97,0.4572,0.2032,427.81,19,20,-14.84,2.54,0.762,0.2032,1.9812,2.6416,2.6416,3.556,2,20,0,2
B00088,B00088_R1,365,2,3,1.6764,2.032,412.97,0.4572,0.2032,427.81,19,20,-14.84,0.762,2.032,1.9812,0.2032,1.4224,2.6416,3.556,3,30,0,1
B00088,B00088_R2,366,3,3,1.6764,2.032,412.97,0.4572,0.2032,427.81,19,20,-14.84,0.2032,0.762,1.6764,2.032,3.2512,0.8128,3.2512,1,30,1,1
B00089,B00089_R2,367,1,6,0.2032,1.9812,443.25,1.6764,2.032,417.09,20,19,26.16,0.762,2.032,1.9812,2.54,1.1176,1.4224,1.7272,3,20,1,3
B00089,B00089_R1,368,2,6,0.2032,1.9812,443.25,1.6764,2.032,417.09,20,19,26.16,2.54,0.762,1.6764,2.032,3.556,2.6416,2.6416,3,30,0,2
B00089,B00089_R2,369,3,6,0.2032,1.9812,443.25,1.6764,2.032,417.09,20,19,26.16,1.0668,2.54,0.2032,1.6002,1.4224,1.1176,1.8034,2,20,1,1
B00089,B00089_R1,370,4,6,0.2032,1.9812,443.25,1.6764,2.032,417.09,20,19,26.16,0.2032,1.143,2.54,1.9812,1.3462,2.8702,3.175,1,30,0,1
B00089,B00089_R2,371,5,6,0.2032,1.9812,443.25,1.6764,2.032,417.09,20,19,26.16,0.2032,0.762,0.762,2.54,1.7272,3.2512,2.3368,1,10,1,2
B00089,B00089_R2,372,6,6,0.2032,1.9812,443.25,1.6764,2.032,417.09,20,19,26.16,0.762,0.7112,1.0668,2.54,2.3368,3.2512,3.2512,3,10,1,4
B00090,B00090_R2,373,1,7,1.6764,2.032,457.59,1.0668,2.54,483.11,20,22,-25.52,1.0668,2.54,0.762,2.54,1.1176,0.0,0.8128,3,10,1,1
B00090,B00090_R1,374,2,7,1.6764,2.032,457.59,1.0668,2.54,483.11,20,22,-25.52,1.0668,0.7112,0.2032,1.6002,2.9464,2.9464,2.2606,2,10,0,3
B00090,B00090_R2,375,3,7,1.6764,2.032,457.59,1.0668,2.54,483.11,20,22,-25.52,0.2032,1.143,0.4572,2.54,2.8702,2.2606,1.651,1,20,1,2
B00090,B00090_R1,376,4,7,1.6764,2.032,457.59,1.0668,2.54,483.11,20,22,-25.52,1.6764,2.54,0.2032,1.9812,0.508,1.1176,2.032,2,20,0,1
B00090,B00090_R1,377,5,7,1.6764,2.032,457.59,1.0668,2.54,483.11,20,22,-25.52,0.2032,1.143,1.6764,2.54,2.8702,2.2606,2.8702,1,30,0,4
B00090,B00090_R1,378,6,7,1.6764,2.032,457.59,1.0668,2.54,483.11,20,22,-25.52,0.2032,1.143,1.0668,0.2032,2.8702,2.2606,1.8034,1,30,0,2
B00090,B00090_R2,379,7,7,1.6764,2.032,457.59,1.0668,2.54,483.11,20,22,-25.52,0.2032,1.143,1.6764,0.7112,2.8702,2.2606,2.413,1,30,1,3
B00091,B00091_R1,380,1,6,1.6764,2.54,456.77,1.6764,0.7112,475.8,21,22,-19.03,2.54,1.9812,0.2032,1.9812,1.4224,2.6416,2.9464,2,30,0,1
B00091,B00091_R1,381,2,6,1.6764,2.54,456.77,1.6764,0.7112,475.8,21,22,-19.03,1.6764,0.2032,1.9812,2.54,2.9464,0.508,3.2512,3,10,0,3
B00091,B00091_R2,382,3,6,1.6764,2.54,456.77,1.6764,0.7112,475.8,21,22,-19.03,0.2032,0.762,2.286,2.54,3.2512,2.032,3.8608,1,20,1,3
B00091,B00091_R2,383,4,6,1.6764,2.54,456.77,1.6764,0.7112,475.8,21,22,-19.03,0.2032,1.143,0.762,2.032,2.8702,2.413,1.9558,1,10,1,2
B00091,B00091_R2,384,5,6,1.6764,2.54,456.77,1.6764,0.7112,475.8,21,22,-19.03,1.9812,0.2032,0.2032,1.9812,3.2512,0.8128,3.556,2,10,1,1
B00091,B00091_R1,385,6,6,1.6764,2.54,456.77,1.6764,0.7112,475.8,21,22,-19.03,0.2032,1.143,1.9812,2.54,2.8702,2.413,3.175,1,20,0,2
B00092,B00092_R2,386,1,2,1.9812,2.54,497.36,2.286,2.54,514.57,23,24,-17.21,1.9812,0.7112,0.2032,1.9812,2.9464,2.6416,3.556,2,10,1,1
B00092,B00092_R1,387,2,2,1.9812,2.54,497.36,2.286,2.54,514.57,23,24,-17.21,0.2032,1.143,1.0668,2.032,3.175,3.4798,2.2606,1,30,0,1
B00093,B00093_R1,388,1,6,1.0668,2.032,494.07,0.2032,1.9812,515.57,22,23,-21.5,2.54,1.6002,0.2032,1.6002,2.413,2.7178,2.3368,2,30,0,1
B00093,B00093_R1,389,2,6,1.0668,2.032,494.07,0.2032,1.9812,515.57,22,23,-21.5,0.2032,1.143,0.762,2.54,2.2606,1.3462,1.9558,1,10,0,2
B00093,B00093_R2,390,3,6,1.0668,2.032,494.07,0.2032,1.9812,515.57,22,23,-21.5,2.54,0.762,0.4572,0.2032,3.2512,3.556,2.6416,3,10,1,2
B00093,B00093_R1,391,4,6,1.0668,2.032,494.07,0.2032,1.9812,515.57,22,23,-21.5,2.54,0.762,0.2032,1.6002,3.2512,3.556,3.175,2,30,0,3
B00093,B00093_R2,392,5,6,1.0668,2.032,494.07,0.2032,1.9812,515.57,22,23,-21.5,0.2032,0.762,1.0668,0.7112,2.6416,1.7272,1.4224,1,20,1,1
B00093,B00093_R2,393,6,6,1.0668,2.032,494.07,0.2032,1.9812,515.57,22,23,-21.5,0.762,0.2032,0.2032,1.9812,3.2512,2.3368,2.3368,2,10,1,3
B00094,B00094_R2,394,1,7,0.2032,1.6002,544.18,0.2032,1.9812,540.21,24,25,3.97,0.4572,2.54,0.2032,1.9812,1.1938,0.8128,0.8128,2,20,1,1
B00094,B00094_R2,395,2,7,0.2032,1.6002,544.18,0.2032,1.9812,540.21,24,25,3.97,1.6764,2.032,0.2032,1.9812,2.413,2.032,2.032,2,20,1,4
B00094,B00094_R1,396,3,7,0.2032,1.6002,544.18,0.2032,1.9812,540.21,24,25,3.97,0.762,2.032,0.2032,1.6002,1.4986,1.1176,1.4986,2,30,0,2
B00094,B00094_R2,397,4,7,0.2032,1.6002,544.18,0.2032,1.9812,540.21,24,25,3.97,0.2032,0.762,0.762,2.032,1.3462,1.7272,2.3368,1,20,1,3
B00094,B00094_R1,398,5,7,0.2032,1.6002,544.18,0.2032,1.9812,540.21,24,25,3.97,2.54,1.9812,0.2032,1.9812,2.7178,2.9464,2.9464,2,30,0,3
B00094,B00094_R1,399,6,7,0.2032,1.6002,544.18,0.2032,1.9812,540.21,24,25,3.97,0.2032,1.143,0.762,2.032,0.9652,1.3462,1.9558,1,30,0,1
B00094,B00094_R2,400,7,7,0.2032,1.6002,544.18,0.2032,1.9812,540.21,24,25,3.97,1.0668,2.54,0.2032,1.9812,1.8034,1.4224,1.4224,2,20,1,2
B00095,B00095_R1,401,1,7,0.2032,1.9812,581.36,0.2032,1.9812,585.4,26,27,-4.04,0.762,0.2032,1.9812,2.032,2.3368,2.3368,3.556,3,30,0,4
B00095,B00095_R2,402,2,7,0.2032,1.9812,581.36,0.2032,1.9812,585.4,26,27,-4.04,1.0668,0.2032,0.2032,1.9812,2.6416,2.6416,2.6416,2,10,1,2
B00095,B00095_R2,403,3,7,0.2032,1.9812,581.36,0.2032,1.9812,585.4,26,27,-4.04,0.762,2.032,0.2032,1.9812,1.1176,1.1176,1.1176,2,20,1,1
B00095,B00095_R1,404,4,7,0.2032,1.9812,581.36,0.2032,1.9812,585.4,26,27,-4.04,1.6764,0.2032,0.762,0.2032,3.2512,3.2512,1.4224,3,30,0,3
B00095,B00095_R1,405,5,7,0.2032,1.9812,581.36,0.2032,1.9812,585.4,26,27,-4.04,0.2032,1.143,0.762,0.7112,1.3462,1.3462,1.4986,1,10,0,2
B00095,B00095_R2,406,6,7,0.2032,1.9812,581.36,0.2032,1.9812,585.4,26,27,-4.04,0.2032,0.762,1.6764,2.032,1.7272,1.7272,3.2512,1,10,1,3
B00095,B00095_R1,407,7,7,0.2032,1.9812,581.36,0.2032,1.9812,585.4,26,27,-4.04,0.4572,2.54,0.2032,1.9812,0.8128,0.8128,0.8128,2,10,0,1
B00096,B00096_R1,408,1,7,1.9812,2.032,589.17,1.6764,2.032,589.7,27,28,-0.53,1.9812,2.032,2.54,1.143,0.0,0.8128,1.9558,3,20,0,1
B00096,B00096_R2,409,2,7,1.9812,2.032,589.17,1.6764,2.032,589.7,27,28,-0.53,2.54,1.9812,0.2032,1.6002,1.1176,1.4224,2.7178,2,20,1,1
B00096,B00096_R1,410,3,7,1.9812,2.032,589.17,1.6764,2.032,589.7,27,28,-0.53,0.762,2.032,0.2032,1.6002,1.7272,1.4224,1.4986,2,10,0,3
B00096,B00096_R1,411,4,7,1.9812,2.032,589.17,1.6764,2.032,589.7,27,28,-0.53,2.54,0.762,0.762,2.54,2.3368,2.6416,3.556,3,30,0,2
B00096,B00096_R1,412,5,7,1.9812,2.032,589.17,1.6764,2.032,589.7,27,28,-0.53,0.2032,0.762,0.4572,2.54,3.556,3.2512,2.032,1,30,0,4
B00096,B00096_R2,413,6,7,1.9812,2.032,589.17,1.6764,2.032,589.7,27,28,-0.53,1.0668,0.7112,1.9812,2.54,3.2512,2.9464,3.2512,3,30,1,3
B00096,B00096_R2,414,7,7,1.9812,2.032,589.17,1.6764,2.032,589.7,27,28,-0.53,0.2032,0.762,1.6764,0.7112,3.556,3.2512,2.032,1,30,1,2
B00097,B00097_R2,415,1,3,0.4572,2.54,620.02,1.9812,2.54,614.45,29,29,5.57,2.54,1.6002,0.2032,1.9812,3.0226,1.4986,2.7178,2,30,1,1
B00097,B00097_R1,416,2,3,0.4572,2.54,620.02,1.9812,2.54,614.45,29,29,5.57,0.762,0.7112,0.4572,0.2032,2.6416,3.556,0.8128,3,20,0,1
B00097,B00097_R1,417,3,3,0.4572,2.54,620.02,1.9812,2.54,614.45,29,29,5.57,0.2032,0.762,1.9812,0.7112,2.032,3.556,2.3368,1,20,0,2
B00098,B00098_R2,418,1,1,1.9812,0.7112,625.32,0.2032,1.9812,611.24,30,29,14.08,2.54,1.143,0.2032,1.6002,1.4986,3.175,2.794,2,30,1,1
B00099,B00099_R1,419,1,4,1.9812,0.7112,510.19,0.2032,1.6002,540.02,25,25,-29.83,1.0668,0.7112,2.286,0.2032,1.4224,2.2606,1.7272,3,20,0,1
B00099,B00099_R1,420,2,4,1.9812,0.7112,510.19,0.2032,1.6002,540.02,25,25,-29.83,2.54,0.762,1.0668,2.54,1.1176,3.175,3.2512,3,30,0,2
B00099,B00099_R1,421,3,4,1.9812,0.7112,510.19,0.2032,1.6002,540.02,25,25,-29.83,2.286,2.54,0.2032,1.9812,2.6416,3.0226,2.6416,2,30,0,3
B00099,B00099_R2,422,4,4,1.9812,0.7112,510.19,0.2032,1.6002,540.02,25,25,-29.83,0.762,0.7112,0.2032,1.9812,1.7272,1.9558,2.3368,2,30,1,1
B00100,B00100_R2,423,1,3,0.2032,1.9812,526.32,0.2032,1.9812,494.73,26,23,31.59,0.762,2.54,1.9812,2.54,1.1176,1.1176,1.7272,3,30,1,1
B00100,B00100_R1,424,2,3,0.2032,1.9812,526.32,0.2032,1.9812,494.73,26,23,31.59,0.2032,1.143,1.6764,0.7112,1.3462,1.3462,2.413,1,10,0,1
B00100,B00100_R2,425,3,3,0.2032,1.9812,526.32,0.2032,1.9812,494.73,26,23,31.59,0.2032,1.143,2.54,1.6002,1.3462,1.3462,2.794,1,20,1,2
B00101,B00101_R1,426,1,6,1.6764,0.7112,520.11,2.54,1.6002,521.59,25,24,-1.48,0.2032,0.762,1.0668,2.032,2.032,3.175,2.6416,1,10,0,3
B00101,B00101_R1,427,2,6,1.6764,0.7112,520.11,2.54,1.6002,521.59,25,24,-1.48,0.2032,1.143,0.762,0.2032,2.413,2.794,1.4986,1,20,0,2
B00101,B00101_R2,428,3,6,1.6764,0.7112,520.11,2.54,1.6002,521.59,25,24,-1.48,0.2032,1.143,1.0668,2.032,2.413,2.794,2.2606,1,10,1,2
B00101,B00101_R1,429,4,6,1.6764,0.7112,520.11,2.54,1.6002,521.59,25,24,-1.48,1.0668,0.7112,2.54,1.143,1.1176,2.8702,2.413,3,10,0,1
B00101,B00101_R2,430,5,6,1.6764,0.7112,520.11,2.54,1.6002,521.59,25,24,-1.48,1.6764,2.54,0.2032,1.6002,2.9464,1.8034,2.413,2,20,1,1
B00101,B00101_R2,431,6,6,1.6764,0.7112,520.11,2.54,1.6002,521.59,25,24,-1.48,0.2032,1.143,2.54,1.143,2.413,2.794,2.3368,1,30,1,3
B00102,B00102_R2,432,1,3,1.0668,2.032,552.27,2.54,1.143,555.55,27,25,-3.28,2.54,1.143,0.2032,1.6002,2.8702,0.0,2.794,2,30,1,1
B00102,B00102_R1,433,2,3,1.0668,2.032,552.27,2.54,1.143,555.55,27,25,-3.28,1.9812,2.032,1.0668,0.2032,1.4224,1.9558,3.2512,3,30,0,1
B00102,B00102_R2,434,3,3,1.0668,2.032,552.27,2.54,1.143,555.55,27,25,-3.28,1.6764,2.54,0.2032,1.6002,1.1176,2.2606,2.413,2,20,1,2
B00103,B00103_R1,435,1,2,1.0668,0.2032,538.24,0.2032,1.6002,571.88,26,26,-33.64,0.762,2.54,0.2032,1.9812,3.2512,1.4986,1.1176,2,20,0,2
B00103,B00103_R1,436,2,2,1.0668,0.2032,538.24,0.2032,1.6002,571.88,26,26,-33.64,1.6764,0.2032,0.2032,1.9812,1.1176,2.8702,3.2512,2,20,0,1
B00104,B00104_R1,437,1,3,0.2032,1.9812,492.43,0.2032,1.6002,494.43,25,23,-2.0,0.762,0.2032,0.2032,1.6002,2.3368,1.9558,1.9558,2,20,0,2
B00104,B00104_R1,438,2,3,0.2032,1.9812,492.43,0.2032,1.6002,494.43,25,23,-2.0,0.2032,1.143,0.762,0.2032,1.3462,0.9652,1.4986,1,10,0,1
B00104,B00104_R2,439,3,3,0.2032,1.9812,492.43,0.2032,1.6002,494.43,25,23,-2.0,1.9812,0.2032,0.2032,1.9812,3.556,3.175,3.556,2,20,1,1
B00105,B00105_R2,440,1,4,0.2032,1.6002,502.44,0.2032,1.9812,497.55,26,23,4.89,2.54,1.6002,0.2032,1.6002,2.3368,2.7178,2.3368,2,30,1,2
B00105,B00105_R2,441,2,4,0.2032,1.6002,502.44,0.2032,1.9812,497.55,26,23,4.89,0.2032,1.143,1.0668,2.54,0.9652,1.3462,2.2606,1,20,1,1
B00105,B00105_R1,442,3,4,0.2032,1.6002,502.44,0.2032,1.9812,497.55,26,23,4.89,1.0668,0.2032,0.2032,1.6002,2.2606,2.6416,2.2606,2,10,0,2
B00105,B00105_R1,443,4,4,0.2032,1.6002,502.44,0.2032,1.9812,497.55,26,23,4.89,0.2032,1.143,1.6764,0.2032,0.9652,1.3462,2.413,1,30,0,1
B00106,B00106_R2,444,1,4,0.2032,1.6002,505.15,0.2032,1.6002,510.68,27,23,-5.53,0.762,0.7112,0.2032,1.6002,1.9558,1.9558,1.9558,2,10,1,2
B00106,B00106_R1,445,2,4,0.2032,1.6002,505.15,0.2032,1.6002,510.68,27,23,-5.53,0.2032,1.143,0.762,2.032,0.9652,0.9652,1.9558,1,30,0,1
B00106,B00106_R1,446,3,4,0.2032,1.6002,505.15,0.2032,1.6002,510.68,27,23,-5.53,0.762,2.54,1.9812,2.032,1.4986,1.4986,1.7272,3,30,0,2
B00106,B00106_R2,447,4,4,0.2032,1.6002,505.15,0.2032,1.6002,510.68,27,23,-5.53,0.2032,0.762,0.762,0.2032,1.3462,1.3462,1.1176,1,30,1,1
B00107,B00107_R1,448,1,7,1.9812,2.032,514.86,0.2032,1.6002,521.1,27,24,-6.24,2.286,2.54,1.9812,0.7112,0.8128,3.0226,2.6416,3,20,0,3
B00107,B00107_R1,449,2,7,1.9812,2.032,514.86,0.2032,1.6002,521.1,27,24,-6.24,1.6764,2.54,0.2032,1.6002,0.8128,2.413,2.413,2,20,0,1
B00107,B00107_R2,450,3,7,1.9812,2.032,514.86,0.2032,1.6002,521.1,27,24,-6.24,0.2032,1.143,2.54,0.762,3.175,0.9652,2.7178,1,30,1,1
B00107,B00107_R1,451,4,7,1.9812,2.032,514.86,0.2032,1.6002,521.1,27,24,-6.24,0.2032,0.762,2.54,1.143,3.556,1.3462,2.7178,1,10,0,2
B00107,B00107_R1,452,5,7,1.9812,2.032,514.86,0.2032,1.6002,521.1,27,24,-6.24,1.0668,0.2032,0.2032,1.9812,3.2512,2.2606,2.6416,2,30,0,4
B00107,B00107_R2,453,6,7,1.9812,2.032,514.86,0.2032,1.6002,521.1,27,24,-6.24,2.54,1.9812,0.2032,1.9812,1.1176,2.7178,2.9464,2,10,1,2
B00107,B00107_R2,454,7,7,1.9812,2.032,514.86,0.2032,1.6002,521.1,27,24,-6.24,2.54,1.9812,0.2032,1.9812,1.1176,2.7178,2.9464,2,10,1,3
B00108,B00108_R1,455,1,4,0.2032,1.9812,566.04,0.2032,1.9812,564.7,30,25,1.34,0.2032,1.143,1.0668,0.2032,1.3462,1.3462,1.8034,1,30,0,1
B00108,B00108_R2,456,2,4,0.2032,1.9812,566.04,0.2032,1.9812,564.7,30,25,1.34,2.286,0.2032,1.0668,2.032,3.8608,3.8608,3.556,3,10,1,2
B00108,B00108_R2,457,3,4,0.2032,1.9812,566.04,0.2032,1.9812,564.7,30,25,1.34,0.2032,1.143,1.9812,2.54,1.3462,1.3462,3.175,1,10,1,1
B00108,B00108_R1,458,4,4,0.2032,1.9812,566.04,0.2032,1.9812,564.7,30,25,1.34,1.9812,0.2032,0.2032,1.9812,3.556,3.556,3.556,2,10,0,2
B00109,B00109_R1,459,1,3,0.2032,1.9812,586.68,1.0668,2.032,599.37,30,26,-12.69,0.2032,0.762,1.9812,2.54,1.7272,2.6416,3.556,1,10,0,1
B00109,B00109_R1,460,2,3,0.2032,1.9812,586.68,1.0668,2.032,599.37,30,26,-12.69,2.54,1.143,0.2032,1.9812,3.175,2.8702,3.175,2,30,0,2
B00109,B00109_R2,461,3,3,0.2032,1.9812,586.68,1.0668,2.032,599.37,30,26,-12.69,2.286,0.2032,0.2032,1.9812,3.8608,3.556,3.8608,2,10,1,1
B00110,B00110_R1,462,1,4,0.2032,1.9812,588.8,0.2032,1.9812,567.32,29,24,21.48,0.2032,0.762,2.54,1.143,1.7272,1.7272,2.7178,1,30,0,1
B00110,B00110_R1,463,2,4,0.2032,1.9812,588.8,0.2032,1.9812,567.32,29,24,21.48,1.9812,0.7112,0.2032,1.6002,3.556,3.556,3.175,2,30,0,2
B00110,B00110_R2,464,3,4,0.2032,1.9812,588.8,0.2032,1.9812,567.32,29,24,21.48,0.4572,0.2032,0.2032,1.9812,2.032,2.032,2.032,2,20,1,1
B00110,B00110_R2,465,4,4,0.2032,1.9812,588.8,0.2032,1.9812,567.32,29,24,21.48,1.0668,0.2032,0.2032,1.9812,2.6416,2.6416,2.6416,2,30,1,2
B00111,B00111_R2,466,1,3,0.2032,1.6002,608.25,0.2032,1.9812,585.56,30,25,22.69,1.0668,0.7112,0.2032,1.6002,2.2606,2.6416,2.2606,2,10,1,2
B00111,B00111_R1,467,2,3,0.2032,1.6002,608.25,0.2032,1.9812,585.56,30,25,22.69,0.2032,1.143,1.9812,0.7112,0.9652,1.3462,2.7178,1,10,0,1
B00111,B00111_R2,468,3,3,0.2032,1.6002,608.25,0.2032,1.9812,585.56,30,25,22.69,0.2032,0.762,0.762,0.2032,1.3462,1.7272,1.1176,1,20,1,1
B00112,B00112_R2,469,1,7,1.9812,0.7112,600.53,0.2032,1.6002,586.65,29,25,13.88,1.9812,2.032,0.4572,2.54,2.9464,2.7178,2.032,3,10,1,3
B00112,B00112_R1,470,2,7,1.9812,0.7112,600.53,0.2032,1.6002,586.65,29,25,13.88,2.54,1.143,0.2032,1.6002,1.4986,2.794,2.794,2,30,0,3
B00112,B00112_R2,471,3,7,1.9812,0.7112,600.53,0.2032,1.6002,586.65,29,25,13.88,0.2032,1.143,0.762,0.7112,2.7178,0.9652,1.4986,1,10,1,1
B00112,B00112_R1,472,4,7,1.9812,0.7112,600.53,0.2032,1.6002,586.65,29,25,13.88,2.54,1.9812,0.2032,1.6002,2.3368,2.7178,2.7178,2,30,0,2
B00112,B00112_R2,473,5,7,1.9812,0.7112,600.53,0.2032,1.6002,586.65,29,25,13.88,1.6764,2.032,0.2032,1.9812,3.2512,2.413,2.032,2,30,1,4
B00112,B00112_R1,474,6,7,1.9812,0.7112,600.53,0.2032,1.6002,586.65,29,25,13.88,1.6764,0.7112,2.54,1.9812,0.8128,2.8702,2.6416,3,20,0,1
B00112,B00112_R2,475,7,7,1.9812,0.7112,600.53,0.2032,1.6002,586.65,29,25,13.88,0.762,0.7112,2.54,1.9812,1.7272,1.9558,3.556,3,20,1,2
B00113,B00113_R2,476,1,6,0.2032,1.6002,639.11,0.2032,1.9812,623.52,31,28,15.59,1.9812,0.7112,0.2032,1.9812,3.175,3.556,3.556,2,20,1,4
B00113,B00113_R2,477,2,6,0.2032,1.6002,639.11,0.2032,1.9812,623.52,31,28,15.59,0.2032,0.762,0.762,2.032,1.3462,1.7272,2.3368,1,30,1,1
B00113,B00113_R1,478,3,6,0.2032,1.6002,639.11,0.2032,1.9812,623.52,31,28,15.59,2.286,0.2032,0.2032,1.9812,3.4798,3.8608,3.8608,2,30,0,2
B00113,B00113_R1,479,4,6,0.2032,1.6002,639.11,0.2032,1.9812,623.52,31,28,15.59,0.2032,1.143,2.54,0.762,0.9652,1.3462,2.7178,1,20,0,1
B00113,B00113_R2,480,5,6,0.2032,1.6002,639.11,0.2032,1.9812,623.52,31,28,15.59,0.2032,1.143,1.0668,0.7112,0.9652,1.3462,1.8034,1,30,1,3
B00113,B00113_R2,481,6,6,0.2032,1.6002,639.11,0.2032,1.9812,623.52,31,28,15.59,0.762,2.032,0.2032,1.9812,1.4986,1.1176,1.1176,2,30,1,2
B00114,B00114_R2,482,1,5,0.2032,1.9812,653.45,0.2032,1.9812,663.08,31,30,-9.63,1.0668,2.032,0.2032,1.6002,1.4224,1.4224,1.8034,2,30,1,1
B00114,B00114_R1,483,2,5,0.2032,1.9812,653.45,0.2032,1.9812,663.08,31,30,-9.63,0.2032,1.143,0.762,0.7112,1.3462,1.3462,1.4986,1,20,0,2
B00114,B00114_R2,484,3,5,0.2032,1.9812,653.45,0.2032,1.9812,663.08,31,30,-9.63,0.2032,1.143,1.9812,2.032,1.3462,1.3462,3.175,1,10,1,2
B00114,B00114_R1,485,4,5,0.2032,1.9812,653.45,0.2032,1.9812,663.08,31,30,-9.63,0.762,2.54,0.2032,1.6002,1.1176,1.1176,1.4986,2,30,0,1
B00114,B00114_R1,486,5,5,0.2032,1.9812,653.45,0.2032,1.9812,663.08,31,30,-9.63,0.2032,0.762,1.6764,0.2032,1.7272,1.7272,2.032,1,10,0,3
B00115,B00115_R2,487,1,7,1.6764,0.2032,672.08,1.9812,2.032,684.72,33,31,-12.64,0.2032,0.762,1.9812,0.7112,2.032,3.556,2.3368,1,10,1,2
B00115,B00115_R1,488,2,7,1.6764,0.2032,672.08,1.9812,2.032,684.72,33,31,-12.64,0.2032,1.143,2.54,1.143,2.413,3.175,2.3368,1,10,0,3
B00115,B00115_R1,489,3,7,1.6764,0.2032,672.08,1.9812,2.032,684.72,33,31,-12.64,0.2032,1.143,2.54,1.9812,2.413,3.175,3.175,1,30,0,4
B00115,B00115_R2,490,4,7,1.6764,0.2032,672.08,1.9812,2.032,684.72,33,31,-12.64,0.2032,1.143,1.9812,2.54,2.413,3.175,3.175,1,30,1,3
B00115,B00115_R2,491,5,7,1.6764,0.2032,672.08,1.9812,2.032,684.72,33,31,-12.64,1.9812,2.032,0.4572,2.54,3.2512,0.0,2.032,3,10,1,1
B00115,B00115_R1,492,6,7,1.6764,0.2032,672.08,1.9812,2.032,684.72,33,31,-12.64,0.2032,0.762,0.762,2.032,2.032,3.556,2.3368,1,20,0,1
B00115,B00115_R1,493,7,7,1.6764,0.2032,672.08,1.9812,2.032,684.72,33,31,-12.64,1.6764,2.54,0.2032,1.6002,2.9464,0.8128,2.413,2,30,0,2
B00116,B00116_R2,494,1,1,2.54,1.9812,741.52,1.9812,2.54,713.78,36,33,27.74,1.6764,2.54,0.2032,1.6002,1.4224,0.8128,2.413,2,20,1,1
B00117,B00117_R1,495,1,2,2.54,1.9812,709.05,0.2032,1.6002,701.25,34,32,7.8,2.54,0.762,0.2032,1.6002,1.7272,3.175,3.175,2,20,0,1
B00117,B00117_R2,496,2,2,2.54,1.9812,709.05,0.2032,1.6002,701.25,34,32,7.8,2.54,0.762,0.2032,1.6002,1.7272,3.175,3.175,2,30,1,1
B00118,B00118_R1,497,1,4,0.2032,1.6002,667.97,0.2032,1.6002,666.09,32,30,1.88,0.2032,1.143,1.6764,2.032,0.9652,0.9652,2.8702,1,20,0,1
B00118,B00118_R1,498,2,4,0.2032,1.6002,667.97,0.2032,1.6002,666.09,32,30,1.88,1.6764,2.032,1.9812,2.54,2.413,2.413,0.8128,3,20,0,2
B00118,B00118_R2,499,3,4,0.2032,1.6002,667.97,0.2032,1.6002,666.09,32,30,1.88,0.2032,1.143,2.54,1.9812,0.9652,0.9652,3.175,1,30,1,2
B00118,B00118_R2,500,4,4,0.2032,1.6002,667.97,0.2032,1.6002,666.09,32,30,1.88,0.2032,0.762,1.0668,2.54,1.3462,1.3462,2.6416,1,10,1,1
B00119,B00119_R2,501,1,4,1.9812,2.54,667.66,2.54,1.9812,674.4,33,31,-6.74,1.6764,0.7112,2.54,0.762,3.2512,2.6416,1.4224,3,30,1,1
B00119,B00119_R1,502,2,4,1.9812,2.54,667.66,2.54,1.9812,674.4,33,31,-6.74,0.2032,1.143,0.762,2.032,3.175,3.175,1.9558,1,10,0,1
B00119,B00119_R1,503,3,4,1.9812,2.54,667.66,2.54,1.9812,674.4,33,31,-6.74,0.2032,0.762,2.54,1.9812,3.556,3.556,3.556,1,10,0,2
B00119,B00119_R2,504,4,4,1.9812,2.54,667.66,2.54,1.9812,674.4,33,31,-6.74,2.54,0.762,2.286,2.54,2.3368,1.7272,2.032,3,30,1,2
B00120,B00120_R2,505,1,1,2.54,1.9812,698.53,2.286,2.54,673.79,33,31,24.74,0.2032,0.762,2.54,1.6002,3.556,3.8608,3.175,1,20,1,1
B00121,B00121_R2,506,1,5,2.54,1.9812,678.0,2.54,1.6002,686.82,32,31,-8.82,1.6764,2.032,1.0668,0.2032,1.4224,1.8034,2.9464,3,10,1,2
B00121,B00121_R1,507,2,5,2.54,1.9812,678.0,2.54,1.6002,686.82,32,31,-8.82,1.6764,0.7112,0.2032,1.9812,2.6416,2.2606,3.2512,2,10,0,3
B00121,B00121_R1,508,3,5,2.54,1.9812,678.0,2.54,1.6002,686.82,32,31,-8.82,2.54,1.9812,0.762,0.2032,0.0,0.889,3.556,3,10,0,1
B00121,B00121_R2,509,4,5,2.54,1.9812,678.0,2.54,1.6002,686.82,32,31,-8.82,1.6764,2.032,0.762,2.032,1.4224,1.8034,1.4224,3,10,1,1
B00121,B00121_R1,510,5,5,2.54,1.9812,678.0,2.54,1.6002,686.82,32,31,-8.82,1.9812,0.2032,0.762,0.2032,2.3368,1.9558,1.7272,3,30,0,2
B00122,B00122_R2,511,1,1,0.2032,1.9812,659.18,1.0668,0.2032,635.51,30,29,23.67,1.9812,2.032,0.2032,1.9812,2.3368,3.2512,2.3368,2,10,1,1
B00123,B00123_R2,512,1,3,0.2032,1.9812,597.67,0.2032,1.9812,571.28,28,27,26.39,0.4572,2.54,0.2032,1.9812,0.8128,0.8128,0.8128,2,10,1,1
B00123,B00123_R2,513,2,3,0.2032,1.9812,597.67,0.2032,1.9812,571.28,28,27,26.39,1.0668,0.2032,0.2032,1.6002,2.6416,2.6416,2.2606,2,10,1,2
B00123,B00123_R1,514,3,3,0.2032,1.9812,597.67,0.2032,1.9812,571.28,28,27,26.39,0.2032,1.143,1.9812,2.54,1.3462,1.3462,3.175,1,20,0,1
B00124,B00124_R2,515,1,3,1.9812,2.54,597.58,0.2032,1.6002,578.48,27,28,19.1,0.2032,0.762,1.6764,2.032,3.556,1.3462,3.2512,1,10,1,1
B00124,B00124_R1,516,2,3,1.9812,2.54,597.58,0.2032,1.6002,578.48,27,28,19.1,2.54,0.762,0.2032,1.9812,2.3368,3.175,3.556,2,30,0,1
B00124,B00124_R2,517,3,3,1.9812,2.54,597.58,0.2032,1.6002,578.48,27,28,19.1,0.762,0.7112,1.0668,2.54,3.556,1.9558,3.2512,3,10,1,2
B00125,B00125_R2,518,1,3,0.2032,1.9812,591.37,1.0668,2.54,609.76,27,28,-18.39,0.2032,1.143,1.6764,2.032,1.3462,2.2606,2.8702,1,30,1,1
B00125,B00125_R1,519,2,3,0.2032,1.9812,591.37,1.0668,2.54,609.76,27,28,-18.39,0.2032,1.143,0.762,0.7112,1.3462,2.2606,1.4986,1,20,0,1
B00125,B00125_R1,520,3,3,0.2032,1.9812,591.37,1.0668,2.54,609.76,27,28,-18.39,0.2032,0.762,1.9812,2.032,1.7272,2.6416,3.556,1,20,0,2
B00126,B00126_R1,521,1,3,1.9812,2.032,589.76,1.6764,2.032,611.07,27,28,-21.31,0.2032,1.143,1.6764,2.032,3.175,2.8702,2.8702,1,10,0,2
B00126,B00126_R2,522,2,3,1.9812,2.032,589.76,1.6764,2.032,611.07,27,28,-21.31,0.762,2.54,1.0668,0.2032,1.7272,1.4224,3.2512,3,30,1,1
B00126,B00126_R1,523,3,3,1.9812,2.032,589.76,1.6764,2.032,611.07,27,28,-21.31,2.286,2.54,1.9812,0.2032,0.8128,1.1176,2.6416,3,20,0,1
B00127,B00127_R1,524,1,1,1.6764,2.032,604.99,1.0668,0.2032,606.56,28,27,-1.57,2.54,1.9812,0.2032,1.6002,1.4224,3.2512,2.7178,2,20,0,1
B00128,B00128_R1,525,1,7,0.2032,1.6002,568.62,1.0668,0.2032,545.25,26,24,23.37,0.2032,1.143,1.0668,2.54,0.9652,1.8034,2.2606,1,30,0,1
B00128,B00128_R1,526,2,7,0.2032,1.6002,568.62,1.0668,0.2032,545.25,26,24,23.37,0.4572,2.54,2.286,0.2032,1.1938,2.9464,4.1656,3,20,0,2
B00128,B00128_R2,527,3,7,0.2032,1.6002,568.62,1.0668,0.2032,545.25,26,24,23.37,0.2032,0.762,2.54,1.143,1.3462,1.4224,2.7178,1,20,1,2
B00128,B00128_R2,528,4,7,0.2032,1.6002,568.62,1.0668,0.2032,545.25,26,24,23.37,0.2032,1.143,1.9812,2.032,0.9652,1.8034,3.175,1,10,1,3
B00128,B00128_R2,529,5,7,0.2032,1.6002,568.62,1.0668,0.2032,545.25,26,24,23.37,0.762,0.7112,0.2032,1.9812,1.9558,0.8128,2.3368,2,10,1,1
B00128,B00128_R1,530,6,7,0.2032,1.6002,568.62,1.0668,0.2032,545.25,26,24,23.37,0.4572,0.2032,1.9812,2.54,1.651,1.1176,3.8608,3,30,0,3
B00128,B00128_R2,531,7,7,0.2032,1.6002,568.62,1.0668,0.2032,545.25,26,24,23.37,0.2032,0.762,2.286,2.54,1.3462,1.4224,3.8608,1,10,1,4
B00129,B00129_R1,532,1,6,1.9812,2.54,602.88,2.286,2.54,631.55,27,27,-28.67,0.2032,1.143,0.4572,0.2032,3.175,3.4798,1.1938,1,30,0,2
B00129,B00129_R2,533,2,6,1.9812,2.54,602.88,2.286,2.54,631.55,27,27,-28.67,0.762,0.2032,0.2032,1.9812,3.556,3.8608,2.3368,2,10,1,2
B00129,B00129_R1,534,3,6,1.9812,2.54,602.88,2.286,2.54,631.55,27,27,-28.67,1.0668,0.2032,2.54,1.6002,3.2512,3.556,2.8702,3,30,0,4
B00129,B00129_R1,535,4,6,1.9812,2.54,602.88,2.286,2.54,631.55,27,27,-28.67,1.6764,2.032,0.762,2.032,0.8128,1.1176,1.4224,3,30,0,1
B00129,B00129_R2,536,5,6,1.9812,2.54,602.88,2.286,2.54,631.55,27,27,-28.67,0.2032,0.762,0.762,0.2032,3.556,3.8608,1.1176,1,30,1,1
B00129,B00129_R1,537,6,6,1.9812,2.54,602.88,2.286,2.54,631.55,27,27,-28.67,0.2032,0.762,1.0668,0.7112,3.556,3.8608,1.4224,1,10,0,3
B00130,B00130_R1,538,1,3,2.54,1.6002,643.54,0.2032,1.9812,636.65,30,27,6.89,0.762,0.2032,0.2032,1.6002,3.175,2.3368,1.9558,2,10,0,1
B00130,B00130_R2,539,2,3,2.54,1.6002,643.54,0.2032,1.9812,636.65,30,27,6.89,0.2032,1.143,1.9812,2.54,2.794,1.3462,3.175,1,20,1,2
B00130,B00130_R2,540,3,3,2.54,1.6002,643.54,0.2032,1.9812,636.65,30,27,6.89,0.2032,1.143,0.4572,2.54,2.794,1.3462,1.651,1,30,1,1
B00131,B00131_R2,541,1,6,0.2032,1.6002,590.03,1.9812,2.54,591.47,27,25,-1.44,0.2032,1.143,1.6764,2.54,0.9652,3.175,2.8702,1,10,1,2
B00131,B00131_R1,542,2,6,0.2032,1.6002,590.03,1.9812,2.54,591.47,27,25,-1.44,0.2032,0.762,1.6764,0.7112,1.3462,3.556,2.032,1,30,0,1
B00131,B00131_R2,543,3,6,0.2032,1.6002,590.03,1.9812,2.54,591.47,27,25,-1.44,1.9812,2.032,0.762,0.7112,2.7178,0.508,3.556,3,20,1,3
B00131,B00131_R1,544,4,6,0.2032,1.6002,590.03,1.9812,2.54,591.47,27,25,-1.44,1.9812,0.7112,0.2032,1.6002,3.175,2.9464,3.175,2,20,0,2
B00131,B00131_R2,545,5,6,0.2032,1.6002,590.03,1.9812,2.54,591.47,27,25,-1.44,2.54,1.9812,0.2032,1.6002,2.7178,1.1176,2.7178,2,10,1,1
B00131,B00131_R1,546,6,6,0.2032,1.6002,590.03,1.9812,2.54,591.47,27,25,-1.44,0.2032,0.762,1.9812,2.54,1.3462,3.556,3.556,1,20,0,3
B00132,B00132_R1,547,1,6,1.9812,2.54,623.1,0.762,0.7112,631.26,28,27,-8.16,0.2032,0.762,2.54,1.6002,3.556,1.1176,3.175,1,20,0,2
B00132,B00132_R2,548,2,6,1.9812,2.54,623.1,0.762,0.7112,631.26,28,27,-8.16,0.2032,0.762,0.4572,2.54,3.556,1.1176,2.032,1,20,1,1
B00132,B00132_R2,549,3,6,1.9812,2.54,623.1,0.762,0.7112,631.26,28,27,-8.16,1.9812,2.032,0.2032,1.6002,0.508,3.556,2.7178,2,20,1,3
B00132,B00132_R1,550,4,6,1.9812,2.54,623.1,0.762,0.7112,631.26,28,27,-8.16,2.54,0.762,0.2032,1.6002,2.3368,2.3368,3.175,2,30,0,3
B00132,B00132_R1,551,5,6,1.9812,2.54,623.1,0.762,0.7112,631.26,28,27,-8.16,1.9812,2.54,0.2032,1.9812,0.0,3.556,2.3368,2,30,0,1
B00132,B00132_R2,552,6,6,1.9812,2.54,623.1,0.762,0.7112,631.26,28,27,-8.16,0.2032,1.143,1.6764,2.032,3.175,1.4986,2.8702,1,30,1,2
B00133,B00133_R1,553,1,6,0.2032,1.6002,615.38,0.2032,1.6002,616.21,28,27,-0.83,0.4572,0.2032,1.9812,0.2032,1.651,1.651,2.032,3,30,0,1
B00133,B00133_R2,554,2,6,0.2032,1.6002,615.38,0.2032,1.6002,616.21,28,27,-0.83,1.9812,2.54,0.2032,1.6002,2.7178,2.7178,2.7178,2,10,1,3
B00133,B00133_R2,555,3,6,0.2032,1.6002,615.38,0.2032,1.6002,616.21,28,27,-0.83,0.2032,0.762,2.286,2.54,1.3462,1.3462,3.8608,1,30,1,2
B00133,B00133_R1,556,4,6,0.2032,1.6002,615.38,0.2032,1.6002,616.21,28,27,-0.83,1.6764,2.032,0.2032,1.6002,2.413,2.413,2.413,2,10,0,3
B00133,B00133_R2,557,5,6,0.2032,1.6002,615.38,0.2032,1.6002,616.21,28,27,-0.83,0.4572,2.54,0.2032,1.6002,1.1938,1.1938,1.1938,2,10,1,1
B00133,B00133_R1,558,6,6,0.2032,1.6002,615.38,0.2032,1.6002,616.21,28,27,-0.83,1.0668,0.7112,0.2032,1.9812,2.2606,2.2606,2.6416,2,10,0,2
B00134,B00134_R2,559,1,5,0.2032,1.6002,624.91,0.2032,1.6002,608.29,28,27,16.62,1.9812,0.2032,2.54,1.9812,3.175,3.175,2.3368,3,10,1,2
B00134,B00134_R2,560,2,5,0.2032,1.6002,624.91,0.2032,1.6002,608.29,28,27,16.62,0.2032,1.143,1.9812,0.7112,0.9652,0.9652,2.7178,1,20,1,1
B00134,B00134_R2,561,3,5,0.2032,1.6002,624.91,0.2032,1.6002,608.29,28,27,16.62,1.9812,2.032,2.54,0.762,2.7178,2.7178,2.3368,3,20,1,3
B00134,B00134_R1,562,4,5,0.2032,1.6002,624.91,0.2032,1.6002,608.29,28,27,16.62,0.2032,1.143,2.286,0.2032,0.9652,0.9652,3.0226,1,10,0,1
B00134,B00134_R1,563,5,5,0.2032,1.6002,624.91,0.2032,1.6002,608.29,28,27,16.62,0.2032,0.762,1.6764,2.54,1.3462,1.3462,3.2512,1,30,0,2
B00135,B00135_R1,564,1,3,1.6764,2.54,643.65,2.54,0.762,631.44,29,28,12.21,0.2032,1.143,0.762,2.54,2.8702,2.7178,1.9558,1,10,0,1
B00135,B00135_R2,565,2,3,1.6764,2.54,643.65,2.54,0.762,631.44,29,28,12.21,0.762,0.2032,0.2032,1.6002,3.2512,2.3368,1.9558,2,10,1,2
B00135,B00135_R2,566,3,3,1.6764,2.54,643.65,2.54,0.762,631.44,29,28,12.21,0.2032,1.143,0.762,0.7112,2.8702,2.7178,1.4986,1,10,1,1
B00136,B00136_R2,567,1,1,0.762,2.54,632.02,0.2032,1.6002,635.93,28,29,-3.91,0.2032,0.762,1.9812,0.2032,2.3368,1.3462,2.3368,1,20,1,1
B00137,B00137_R1,568,1,3,0.762,2.54,599.25,1.9812,0.2032,632.83,27,29,-33.58,0.2032,1.143,0.762,2.032,1.9558,2.7178,1.9558,1,10,0,1
B00137,B00137_R2,569,2,3,0.762,2.54,599.25,1.9812,0.2032,632.83,27,29,-33.58,0.2032,0.762,2.54,1.9812,2.3368,2.3368,3.556,1,20,1,1
B00137,B00137_R1,570,3,3,0.762,2.54,599.25,1.9812,0.2032,632.83,27,29,-33.58,0.2032,1.143,2.54,0.762,1.9558,2.7178,2.7178,1,30,0,2
B00138,B00138_R2,571,1,3,2.54,0.762,616.38,2.54,1.9812,630.53,28,28,-14.15,0.762,2.032,2.286,0.2032,3.556,2.3368,3.8608,3,10,1,1
B00138,B00138_R1,572,2,3,2.54,0.762,616.38,2.54,1.9812,630.53,28,28,-14.15,0.2032,0.762,1.9812,0.2032,2.9464,3.556,2.3368,1,30,0,1
B00138,B00138_R1,573,3,3,2.54,0.762,616.38,2.54,1.9812,630.53,28,28,-14.15,0.762,2.032,2.54,1.143,3.556,2.3368,3.175,3,10,0,2
B00139,B00139_R2,574,1,5,2.54,1.143,642.55,2.286,0.2032,621.0,28,28,21.55,0.4572,0.2032,1.0668,2.032,3.0226,2.3368,2.9464,3,20,1,3
B00139,B00139_R2,575,2,5,2.54,1.143,642.55,2.286,0.2032,621.0,28,28,21.55,0.4572,0.2032,0.2032,1.6002,3.0226,2.3368,1.651,2,30,1,1
B00139,B00139_R2,576,3,5,2.54,1.143,642.55,2.286,0.2032,621.0,28,28,21.55,0.2032,0.762,1.0668,0.2032,2.7178,2.6416,1.4224,1,30,1,2
B00139,B00139_R1,577,4,5,2.54,1.143,642.55,2.286,0.2032,621.0,28,28,21.55,2.54,1.9812,0.2032,1.6002,1.3462,2.032,2.7178,2,10,0,1
B00139,B00139_R1,578,5,5,2.54,1.143,642.55,2.286,0.2032,621.0,28,28,21.55,0.762,2.032,1.6764,0.7112,3.175,3.8608,3.2512,3,30,0,2
B00140,B00140_R2,579,1,4,1.6764,0.7112,658.68,1.0668,2.032,639.63,29,29,19.05,0.2032,0.762,1.6764,0.7112,2.032,2.6416,2.032,1,10,1,1
B00140,B00140_R1,580,2,4,1.6764,0.7112,658.68,1.0668,2.032,639.63,29,29,19.05,1.0668,0.7112,0.2032,1.6002,1.1176,2.9464,2.2606,2,20,0,1
B00140,B00140_R2,581,3,4,1.6764,0.7112,658.68,1.0668,2.032,639.63,29,29,19.05,0.762,0.7112,0.2032,1.6002,1.4224,3.2512,1.9558,2,10,1,2
B00140,B00140_R1,582,4,4,1.6764,0.7112,658.68,1.0668,2.032,639.63,29,29,19.05,0.2032,1.143,1.6764,0.2032,2.413,2.2606,2.413,1,10,0,2
B00141,B00141_R2,583,1,1,1.6764,0.2032,655.87,0.2032,1.6002,652.76,29,30,3.11,0.2032,1.143,0.762,2.032,2.413,0.9652,1.9558,1,10,1,1
B00142,B00142_R1,584,1,6,1.6764,0.2032,626.72,0.762,2.032,637.52,28,30,-10.8,0.2032,0.762,0.762,2.54,2.032,2.3368,2.3368,1,30,0,1
B00142,B00142_R1,585,2,6,1.6764,0.2032,626.72,0.762,2.032,637.52,28,30,-10.8,0.4572,2.54,0.4572,0.2032,3.556,0.8128,2.3368,3,30,0,2
B00142,B00142_R2,586,3,6,1.6764,0.2032,626.72,0.762,2.032,637.52,28,30,-10.8,1.6764,2.54,0.2032,1.6002,2.9464,1.4224,2.413,2,20,1,2
B00142,B00142_R1,587,4,6,1.6764,0.2032,626.72,0.762,2.032,637.52,28,30,-10.8,0.2032,1.143,1.0668,2.54,2.413,1.9558,2.2606,1,10,0,3
B00142,B00142_R2,588,5,6,1.6764,0.2032,626.72,0.762,2.032,637.52,28,30,-10.8,0.2032,1.143,2.286,0.2032,2.413,1.9558,3.0226,1,20,1,3
B00142,B00142_R2,589,6,6,1.6764,0.2032,626.72,0.762,2.032,637.52,28,30,-10.8,0.762,2.54,1.0668,2.54,3.2512,0.508,0.8128,3,30,1,1
B00143,B00143_R2,590,1,3,1.0668,2.54,649.26,2.286,0.2032,659.65,29,31,-10.39,0.2032,0.762,1.9812,0.7112,2.6416,2.6416,2.3368,1,30,1,1
B00143,B00143_R1,591,2,3,1.0668,2.54,649.26,2.286,0.2032,659.65,29,31,-10.39,1.6764,0.7112,0.2032,1.9812,2.9464,1.1176,3.2512,2,30,0,2
B00143,B00143_R1,592,3,3,1.0668,2.54,649.26,2.286,0.2032,659.65,29,31,-10.39,0.2032,1.143,1.9812,0.7112,2.2606,3.0226,2.7178,1,30,0,1
B00144,B00144_R1,593,1,7,0.2032,1.9812,639.95,1.9812,0.7112,609.15,29,29,30.8,1.0668,2.032,0.2032,1.9812,1.4224,3.2512,1.4224,2,10,0,2
B00144,B00144_R2,594,2,7,0.2032,1.9812,639.95,1.9812,0.7112,609.15,29,29,30.8,0.762,0.7112,0.2032,1.9812,2.3368,1.7272,2.3368,2,20,1,2
B00144,B00144_R1,595,3,7,0.2032,1.9812,639.95,1.9812,0.7112,609.15,29,29,30.8,0.2032,1.143,0.762,2.032,1.3462,2.7178,1.9558,1,20,0,1
B00144,B00144_R2,596,4,7,0.2032,1.9812,639.95,1.9812,0.7112,609.15,29,29,30.8,0.2032,1.143,0.762,2.032,1.3462,2.7178,1.9558,1,30,1,3
B00144,B00144_R2,597,5,7,0.2032,1.9812,639.95,1.9812,0.7112,609.15,29,29,30.8,1.9812,2.032,0.2032,1.6002,2.3368,2.9464,2.7178,2,30,1,4
B00144,B00144_R1,598,6,7,0.2032,1.9812,639.95,1.9812,0.7112,609.15,29,29,30.8,0.2032,0.762,0.762,2.54,1.7272,2.3368,2.3368,1,10,0,3
B00144,B00144_R2,599,7,7,0.2032,1.9812,639.95,1.9812,0.7112,609.15,29,29,30.8,1.0668,0.2032,2.286,0.2032,2.6416,1.4224,1.7272,3,20,1,1
B00145,B00145_R2,600,1,1,0.762,2.54,674.31,0.2032,1.6002,666.06,30,32,8.25,1.6764,2.032,1.9812,2.032,1.4224,2.413,0.8128,3,20,1,1
B00146,B00146_R1,601,1,7,0.762,2.54,609.38,1.9812,2.032,620.77,27,30,-11.39,0.762,0.2032,0.2032,1.9812,2.9464,3.556,2.3368,2,30,0,2
B00146,B00146_R2,602,2,7,0.762,2.54,609.38,1.9812,2.032,620.77,27,30,-11.39,0.762,0.7112,1.0668,2.032,2.9464,3.556,3.2512,3,10,1,3
B00146,B00146_R1,603,3,7,0.762,2.54,609.38,1.9812,2.032,620.77,27,30,-11.39,2.286,2.54,0.2032,1.6002,2.032,0.8128,3.0226,2,20,0,4
B00146,B00146_R2,604,4,7,0.762,2.54,609.38,1.9812,2.032,620.77,27,30,-11.39,2.54,1.9812,2.54,1.143,2.3368,1.1176,1.3462,3,10,1,1
B00146,B00146_R1,605,5,7,0.762,2.54,609.38,1.9812,2.032,620.77,27,30,-11.39,1.0668,0.2032,0.4572,0.2032,3.2512,3.2512,1.1176,3,30,0,1
B00146,B00146_R1,606,6,7,0.762,2.54,609.38,1.9812,2.032,620.77,27,30,-11.39,0.2032,0.762,1.9812,2.54,2.3368,3.556,3.556,1,20,0,3
B00146,B00146_R2,607,7,7,0.762,2.54,609.38,1.9812,2.032,620.77,27,30,-11.39,2.54,1.6002,0.2032,1.9812,2.7178,1.4986,2.7178,2,20,1,2
B00147,B00147_R2,608,1,4,0.2032,1.6002,669.01,1.0668,2.032,649.63,30,31,19.38,1.0668,2.032,0.2032,1.9812,1.8034,0.0,1.4224,2,10,1,1
B00147,B00147_R2,609,2,4,0.2032,1.6002,669.01,1.0668,2.032,649.63,30,31,19.38,2.54,0.762,0.762,2.032,3.175,3.2512,3.556,3,20,1,3
B00147,B00147_R2,610,3,4,0.2032,1.6002,669.01,1.0668,2.032,649.63,30,31,19.38,0.4572,2.54,1.0668,2.032,1.1938,1.1176,1.1176,3,10,1,2
B00147,B00147_R1,611,4,4,0.2032,1.6002,669.01,1.0668,2.032,649.63,30,31,19.38,2.286,0.2032,0.2032,1.9812,3.4798,3.556,3.8608,2,20,0,1
B00148,B00148_R2,612,1,3,0.2032,1.9812,638.06,0.762,2.032,648.52,28,31,-10.46,1.6764,0.7112,0.2032,1.9812,3.2512,3.2512,3.2512,2,10,1,1
B00148,B00148_R1,613,2,3,0.2032,1.9812,638.06,0.762,2.032,648.52,28,31,-10.46,0.2032,1.143,0.4572,2.54,1.3462,1.9558,1.651,1,10,0,1
B00148,B00148_R1,614,3,3,0.2032,1.9812,638.06,0.762,2.032,648.52,28,31,-10.46,0.2032,0.762,2.54,1.9812,1.7272,2.3368,3.556,1,10,0,2
B00149,B00149_R2,615,1,3,2.54,1.9812,647.88,0.2032,1.9812,652.63,28,31,-4.75,0.762,2.032,0.2032,1.6002,2.3368,1.1176,1.4986,2,30,1,1
B00149,B00149_R1,616,2,3,2.54,1.9812,647.88,0.2032,1.9812,652.63,28,31,-4.75,1.9812,2.54,0.2032,1.6002,1.1176,2.3368,2.7178,2,30,0,1
B00149,B00149_R2,617,3,3,2.54,1.9812,647.88,0.2032,1.9812,652.63,28,31,-4.75,0.2032,1.143,1.9812,2.54,3.175,1.3462,3.175,1,20,1,2
B00150,B00150_R1,618,1,5,0.2032,1.6002,638.96,1.9812,2.54,665.56,28,32,-26.6,0.2032,0.762,0.4572,0.2032,1.3462,3.556,0.8128,1,20,0,1
B00150,B00150_R1,619,2,5,0.2032,1.6002,638.96,1.9812,2.54,665.56,28,32,-26.6,0.2032,1.143,2.54,1.143,0.9652,3.175,2.3368,1,30,0,3
B00150,B00150_R2,620,3,5,0.2032,1.6002,638.96,1.9812,2.54,665.56,28,32,-26.6,0.2032,1.143,1.0668,0.2032,0.9652,3.175,1.8034,1,30,1,2
B00150,B00150_R2,621,4,5,0.2032,1.6002,638.96,1.9812,2.54,665.56,28,32,-26.6,1.9812,2.54,0.2032,1.6002,2.7178,0.0,2.7178,2,30,1,1
B00150,B00150_R1,622,5,5,0.2032,1.6002,638.96,1.9812,2.54,665.56,28,32,-26.6,0.2032,0.762,0.762,0.7112,1.3462,3.556,1.1176,1,10,0,2
B00151,B00151_R2,623,1,7,2.54,1.143,657.68,1.0668,0.2032,668.26,30,32,-10.58,1.9812,0.7112,1.9812,2.54,1.4986,1.4224,2.9464,3,20,1,3
B00151,B00151_R1,624,2,7,2.54,1.143,657.68,1.0668,0.2032,668.26,30,32,-10.58,1.0668,0.7112,0.2032,1.6002,2.413,0.508,2.2606,2,10,0,2
B00151,B00151_R1,625,3,7,2.54,1.143,657.68,1.0668,0.2032,668.26,30,32,-10.58,0.4572,0.2032,0.2032,1.6002,3.0226,1.1176,1.651,2,20,0,3
B00151,B00151_R1,626,4,7,2.54,1.143,657.68,1.0668,0.2032,668.26,30,32,-10.58,0.2032,0.762,1.0668,2.032,2.7178,1.4224,2.6416,1,10,0,4
B00151,B00151_R1,627,5,7,2.54,1.143,657.68,1.0668,0.2032,668.26,30,32,-10.58,0.2032,1.143,1.0668,0.7112,2.3368,1.8034,1.8034,1,20,0,1
B00151,B00151_R2,628,6,7,2.54,1.143,657.68,1.0668,0.2032,668.26,30,32,-10.58,0.4572,0.2032,0.2032,1.9812,3.0226,1.1176,2.032,2,10,1,1
B00151,B00151_R2,629,7,7,2.54,1.143,657.68,1.0668,0.2032,668.26,30,32,-10.58,0.4572,2.54,0.2032,1.6002,3.4798,2.9464,1.1938,2,30,1,2
B00152,B00152_R2,630,1,7,1.0668,2.032,699.74,1.9812,2.54,697.41,32,34,2.33,2.286,2.54,0.2032,1.6002,1.7272,0.8128,3.0226,2,30,1,2
B00152,B00152_R2,631,2,7,1.0668,2.032,699.74,1.9812,2.54,697.41,32,34,2.33,0.2032,1.143,1.6764,2.032,2.2606,3.175,2.8702,1,30,1,3
B00152,B00152_R1,632,3,7,1.0668,2.032,699.74,1.9812,2.54,697.41,32,34,2.33,0.2032,0.762,1.0668,0.2032,2.6416,3.556,1.4224,1,20,0,2
B00152,B00152_R1,633,4,7,1.0668,2.032,699.74,1.9812,2.54,697.41,32,34,2.33,0.762,0.2032,0.2032,1.9812,3.2512,3.556,2.3368,2,10,0,3
B00152,B00152_R1,634,5,7,1.0668,2.032,699.74,1.9812,2.54,697.41,32,34,2.33,0.2032,0.762,1.9812,0.7112,2.6416,3.556,2.3368,1,20,0,4
B00152,B00152_R2,635,6,7,1.0668,2.032,699.74,1.9812,2.54,697.41,32,34,2.33,1.9812,2.032,2.54,1.6002,1.4224,0.508,1.4986,3,10,1,1
B00152,B00152_R1,636,7,7,1.0668,2.032,699.74,1.9812,2.54,697.41,32,34,2.33,0.762,2.54,0.2032,1.6002,0.8128,1.7272,1.4986,2,10,0,1
B00153,B00153_R2,637,1,3,1.9812,0.7112,632.58,1.6764,2.032,624.15,31,31,8.43,1.0668,2.032,0.2032,1.6002,3.2512,1.1176,1.8034,2,20,1,1
B00153,B00153_R1,638,2,3,1.9812,0.7112,632.58,1.6764,2.032,624.15,31,31,8.43,0.2032,1.143,1.9812,0.7112,2.7178,2.8702,2.7178,1,20,0,1
B00153,B00153_R2,639,3,3,1.9812,0.7112,632.58,1.6764,2.032,624.15,31,31,8.43,0.2032,1.143,0.762,0.2032,2.7178,2.8702,1.4986,1,10,1,2
B00154,B00154_R1,640,1,6,1.9812,0.7112,622.56,0.762,0.2032,636.38,30,32,-13.82,0.2032,1.143,0.762,2.032,2.7178,1.4986,1.9558,1,10,0,3
B00154,B00154_R1,641,2,6,1.9812,0.7112,622.56,0.762,0.2032,636.38,30,32,-13.82,1.9812,0.2032,1.9812,2.54,0.508,1.7272,2.9464,3,10,0,1
B00154,B00154_R2,642,3,6,1.9812,0.7112,622.56,0.762,0.2032,636.38,30,32,-13.82,0.2032,0.762,1.9812,0.2032,2.3368,1.1176,2.3368,1,10,1,3
B00154,B00154_R2,643,4,6,1.9812,0.7112,622.56,0.762,0.2032,636.38,30,32,-13.82,0.2032,0.762,1.6764,0.7112,2.3368,1.1176,2.032,1,20,1,1
B00154,B00154_R1,644,5,6,1.9812,0.7112,622.56,0.762,0.2032,636.38,30,32,-13.82,0.4572,2.54,0.2032,1.9812,3.8608,2.6416,0.8128,2,30,0,2
B00154,B00154_R2,645,6,6,1.9812,0.7112,622.56,0.762,0.2032,636.38,30,32,-13.82,0.2032,0.762,1.6764,0.2032,2.3368,1.1176,2.032,1,20,1,2
B00155,B00155_R1,646,1,6,0.762,2.032,652.31,1.9812,0.2032,662.02,32,33,-9.71,0.762,2.54,0.2032,1.9812,0.508,3.556,1.1176,2,30,0,1
B00155,B00155_R1,647,2,6,0.762,2.032,652.31,1.9812,0.2032,662.02,32,33,-9.71,0.4572,0.2032,0.2032,1.6002,2.6416,2.032,1.651,2,30,0,2
B00155,B00155_R2,648,3,6,0.762,2.032,652.31,1.9812,0.2032,662.02,32,33,-9.71,2.286,2.54,0.2032,1.9812,2.032,2.6416,2.6416,2,20,1,2
B00155,B00155_R1,649,4,6,0.762,2.032,652.31,1.9812,0.2032,662.02,32,33,-9.71,1.9812,2.54,0.2032,1.6002,1.7272,2.9464,2.7178,2,10,0,4
B00155,B00155_R2,650,5,6,0.762,2.032,652.31,1.9812,0.2032,662.02,32,33,-9.71,1.0668,0.7112,2.54,0.762,3.2512,1.4224,2.032,3,30,1,1
B00155,B00155_R1,651,6,6,0.762,2.032,652.31,1.9812,0.2032,662.02,32,33,-9.71,0.2032,0.762,1.0668,2.032,2.3368,2.3368,2.6416,1,30,0,3
B00156,B00156_R1,652,1,4,0.2032,1.6002,693.57,0.2032,1.9812,679.96,34,34,13.61,0.2032,1.143,0.762,2.54,0.9652,1.3462,1.9558,1,10,0,1
B00156,B00156_R1,653,2,4,0.2032,1.6002,693.57,0.2032,1.9812,679.96,34,34,13.61,1.6764,2.032,0.2032,1.6002,2.413,2.032,2.413,2,30,0,2
B00156,B00156_R2,654,3,4,0.2032,1.6002,693.57,0.2032,1.9812,679.96,34,34,13.61,0.2032,1.143,1.0668,0.7112,0.9652,1.3462,1.8034,1,20,1,1
B00156,B00156_R2,655,4,4,0.2032,1.6002,693.57,0.2032,1.9812,679.96,34,34,13.61,2.286,2.54,0.2032,1.9812,3.0226,2.6416,2.6416,2,20,1,2
B00157,B00157_R1,656,1,7,0.2032,1.6002,706.09,0.2032,1.9812,706.92,35,34,-0.83,0.2032,1.143,0.4572,2.54,0.9652,1.3462,1.651,1,20,0,1
B00157,B00157_R2,657,2,7,0.2032,1.6002,706.09,0.2032,1.9812,706.92,35,34,-0.83,0.762,0.2032,0.2032,1.9812,1.9558,2.3368,2.3368,2,30,1,3
B00157,B00157_R2,658,3,7,0.2032,1.6002,706.09,0.2032,1.9812,706.92,35,34,-0.83,0.2032,0.762,0.4572,0.2032,1.3462,1.7272,0.8128,1,20,1,1
B00157,B00157_R1,659,4,7,0.2032,1.6002,706.09,0.2032,1.9812,706.92,35,34,-0.83,0.2032,1.143,1.6764,0.2032,0.9652,1.3462,2.413,1,20,0,3
B00157,B00157_R1,660,5,7,0.2032,1.6002,706.09,0.2032,1.9812,706.92,35,34,-0.83,0.762,2.032,0.2032,1.6002,1.4986,1.1176,1.4986,2,10,0,2
B00157,B00157_R1,661,6,7,0.2032,1.6002,706.09,0.2032,1.9812,706.92,35,34,-0.83,1.0668,0.2032,0.2032,1.6002,2.2606,2.6416,2.2606,2,10,0,4
B00157,B00157_R2,662,7,7,0.2032,1.6002,706.09,0.2032,1.9812,706.92,35,34,-0.83,0.2032,0.762,1.6764,0.2032,1.3462,1.7272,2.032,1,30,1,2
B00158,B00158_R2,663,1,1,0.2032,1.6002,738.65,0.2032,1.9812,734.27,37,36,4.38,1.9812,2.032,0.2032,1.9812,2.7178,2.3368,2.3368,2,20,1,1
B00159,B00159_R2,664,1,5,0.2032,1.6002,658.51,0.2032,1.9812,663.84,33,33,-5.33,0.762,0.7112,0.2032,1.9812,1.9558,2.3368,2.3368,2,30,1,2
B00159,B00159_R1,665,2,5,0.2032,1.6002,658.51,0.2032,1.9812,663.84,33,33,-5.33,0.2032,1.143,1.9812,2.032,0.9652,1.3462,3.175,1,30,0,1
B00159,B00159_R2,666,3,5,0.2032,1.6002,658.51,0.2032,1.9812,663.84,33,33,-5.33,0.762,2.54,0.2032,1.9812,1.4986,1.1176,1.1176,2,10,1,1
B00159,B00159_R1,667,4,5,0.2032,1.6002,658.51,0.2032,1.9812,663.84,33,33,-5.33,1.9812,2.032,0.2032,1.9812,2.7178,2.3368,2.3368,2,30,0,2
B00159,B00159_R1,668,5,5,0.2032,1.6002,658.51,0.2032,1.9812,663.84,33,33,-5.33,0.2032,1.143,1.9812,0.2032,0.9652,1.3462,2.7178,1,30,0,3
B00160,B00160_R2,669,1,6,1.9812,0.2032,613.9,0.2032,1.9812,618.15,32,30,-4.25,0.762,0.7112,0.2032,1.9812,1.7272,2.3368,2.3368,2,20,1,3
B00160,B00160_R2,670,2,6,1.9812,0.2032,613.9,0.2032,1.9812,618.15,32,30,-4.25,2.286,2.54,0.2032,1.6002,2.6416,2.6416,3.0226,2,20,1,2
B00160,B00160_R2,671,3,6,1.9812,0.2032,613.9,0.2032,1.9812,618.15,32,30,-4.25,0.2032,0.762,1.0668,2.032,2.3368,1.7272,2.6416,1,10,1,1
B00160,B00160_R1,672,4,6,1.9812,0.2032,613.9,0.2032,1.9812,618.15,32,30,-4.25,1.6764,0.7112,0.2032,1.6002,0.8128,3.2512,2.8702,2,30,0,1
B00160,B00160_R1,673,5,6,1.9812,0.2032,613.9,0.2032,1.9812,618.15,32,30,-4.25,2.54,1.143,0.4572,2.54,1.4986,3.175,3.4798,3,20,0,3
B00160,B00160_R1,674,6,6,1.9812,0.2032,613.9,0.2032,1.9812,618.15,32,30,-4.25,0.2032,0.762,1.9812,0.2032,2.3368,1.7272,2.3368,1,20,0,2
B00161,B00161_R1,675,1,7,0.4572,2.54,644.56,0.2032,1.9812,658.03,33,32,-13.47,0.4572,0.2032,0.2032,1.6002,2.3368,2.032,1.651,2,30,0,2
B00161,B00161_R2,676,2,7,0.4572,2.54,644.56,0.2032,1.9812,658.03,33,32,-13.47,1.9812,2.032,0.2032,1.9812,2.032,2.3368,2.3368,2,30,1,2
B00161,B00161_R1,677,3,7,0.4572,2.54,644.56,0.2032,1.9812,658.03,33,32,-13.47,0.762,0.7112,2.54,1.9812,2.6416,2.3368,3.556,3,10,0,3
B00161,B00161_R2,678,4,7,0.4572,2.54,644.56,0.2032,1.9812,658.03,33,32,-13.47,0.2032,0.762,1.0668,2.54,2.032,1.7272,2.6416,1,20,1,1
B00161,B00161_R1,679,5,7,0.4572,2.54,644.56,0.2032,1.9812,658.03,33,32,-13.47,2.54,1.9812,0.2032,1.9812,2.6416,2.9464,2.9464,2,30,0,4
B00161,B00161_R2,680,6,7,0.4572,2.54,644.56,0.2032,1.9812,658.03,33,32,-13.47,2.54,1.6002,0.2032,1.6002,3.0226,2.7178,2.3368,2,30,1,3
B00161,B00161_R1,681,7,7,0.4572,2.54,644.56,0.2032,1.9812,658.03,33,32,-13.47,1.9812,2.032,0.2032,1.6002,2.032,2.3368,2.7178,2,30,0,1
B00162,B00162_R2,682,1,7,0.2032,1.9812,698.26,0.2032,1.6002,705.84,36,33,-7.58,0.2032,1.143,0.762,0.7112,1.3462,0.9652,1.4986,1,10,1,1
B00162,B00162_R1,683,2,7,0.2032,1.9812,698.26,0.2032,1.6002,705.84,36,33,-7.58,1.9812,2.032,0.2032,1.6002,2.3368,2.7178,2.7178,2,20,0,2
B00162,B00162_R2,684,3,7,0.2032,1.9812,698.26,0.2032,1.6002,705.84,36,33,-7.58,1.0668,0.7112,0.2032,1.6002,2.6416,2.2606,2.2606,2,30,1,2
B00162,B00162_R1,685,4,7,0.2032,1.9812,698.26,0.2032,1.6002,705.84,36,33,-7.58,2.54,1.143,1.6764,2.032,3.175,2.794,2.2606,3,10,0,3
B00162,B00162_R2,686,5,7,0.2032,1.9812,698.26,0.2032,1.6002,705.84,36,33,-7.58,2.54,0.762,0.762,0.7112,3.556,3.175,2.3368,3,20,1,3
B00162,B00162_R1,687,6,7,0.2032,1.9812,698.26,0.2032,1.6002,705.84,36,33,-7.58,1.9812,2.54,1.6764,2.032,2.3368,2.7178,0.8128,3,10,0,1
B00162,B00162_R1,688,7,7,0.2032,1.9812,698.26,0.2032,1.6002,705.84,36,33,-7.58,2.54,1.6002,0.2032,1.9812,2.7178,2.3368,2.7178,2,30,0,4
B00163,B00163_R2,689,1,2,0.2032,1.9812,735.64,0.762,0.7112,686.59,37,33,49.05,0.2032,1.143,1.6764,2.032,1.3462,1.4986,2.8702,1,30,1,1
B00163,B00163_R2,690,2,2,0.2032,1.9812,735.64,0.762,0.7112,686.59,37,33,49.05,2.54,1.143,0.2032,1.9812,3.175,2.7178,3.175,2,30,1,2
B00164,B00164_R1,691,1,7,0.2032,1.9812,676.65,0.2032,1.9812,681.3,34,32,-4.65,0.2032,1.143,0.762,2.54,1.3462,1.3462,1.9558,1,10,0,1
B00164,B00164_R2,692,2,7,0.2032,1.9812,676.65,0.2032,1.9812,681.3,34,32,-4.65,1.6764,2.54,1.0668,0.2032,2.032,2.032,2.9464,3,20,1,2
B00164,B00164_R1,693,3,7,0.2032,1.9812,676.65,0.2032,1.9812,681.3,34,32,-4.65,2.54,1.143,0.2032,1.9812,3.175,3.175,3.175,2,20,0,4
B00164,B00164_R1,694,4,7,0.2032,1.9812,676.65,0.2032,1.9812,681.3,34,32,-4.65,1.9812,2.032,0.2032,1.6002,2.3368,2.3368,2.7178,2,20,0,2
B00164,B00164_R2,695,5,7,0.2032,1.9812,676.65,0.2032,1.9812,681.3,34,32,-4.65,0.762,0.7112,0.2032,1.6002,2.3368,2.3368,1.9558,2,30,1,3
B00164,B00164_R2,696,6,7,0.2032,1.9812,676.65,0.2032,1.9812,681.3,34,32,-4.65,0.2032,0.762,1.6764,2.54,1.7272,1.7272,3.2512,1,10,1,1
B00164,B00164_R1,697,7,7,0.2032,1.9812,676.65,0.2032,1.9812,681.3,34,32,-4.65,0.2032,0.762,2.54,1.6002,1.7272,1.7272,3.175,1,30,0,3
B00165,B00165_R2,698,1,5,0.2032,1.9812,740.57,0.2032,1.6002,716.87,37,34,23.7,0.2032,1.143,2.54,1.143,1.3462,0.9652,2.3368,1,20,1,2
B00165,B00165_R1,699,2,5,0.2032,1.9812,740.57,0.2032,1.6002,716.87,37,34,23.7,0.762,2.032,0.4572,0.2032,1.1176,1.4986,2.6416,3,20,0,2
B00165,B00165_R2,700,3,5,0.2032,1.9812,740.57,0.2032,1.6002,716.87,37,34,23.7,0.762,2.032,0.2032,1.6002,1.1176,1.4986,1.4986,2,20,1,1
B00165,B00165_R1,701,4,5,0.2032,1.9812,740.57,0.2032,1.6002,716.87,37,34,23.7,1.9812,2.54,0.762,2.54,2.3368,2.7178,1.7272,3,10,0,1
B00165,B00165_R2,702,5,5,0.2032,1.9812,740.57,0.2032,1.6002,716.87,37,34,23.7,1.9812,0.7112,1.0668,0.7112,3.556,3.175,1.4224,3,10,1,3
B00166,B00166_R2,703,1,3,0.4572,0.2032,759.51,1.0668,0.7112,741.3,37,36,18.21,2.54,1.143,2.54,1.9812,3.0226,2.413,1.3462,3,30,1,2
B00166,B00166_R2,704,2,3,0.4572,0.2032,759.51,1.0668,0.7112,741.3,37,36,18.21,1.0668,0.7112,0.2032,1.9812,1.1176,0.0,2.6416,2,10,1,1
B00166,B00166_R1,705,3,3,0.4572,0.2032,759.51,1.0668,0.7112,741.3,37,36,18.21,0.2032,1.143,1.0668,2.032,1.1938,1.8034,2.2606,1,20,0,1
B00167,B00167_R1,706,1,1,1.0668,2.032,756.01,2.54,1.9812,759.75,37,36,-3.74,1.6764,0.7112,0.2032,1.9812,2.9464,2.6416,3.2512,2,30,0,1
B00168,B00168_R2,707,1,6,0.2032,1.9812,752.21,2.54,1.9812,730.3,36,35,21.91,0.2032,0.762,0.762,0.2032,1.7272,3.556,1.1176,1,20,1,2
B00168,B00168_R2,708,2,6,0.2032,1.9812,752.21,2.54,1.9812,730.3,36,35,21.91,1.9812,0.2032,0.2032,1.9812,3.556,2.3368,3.556,2,20,1,4
B00168,B00168_R2,709,3,6,0.2032,1.9812,752.21,2.54,1.9812,730.3,36,35,21.91,0.2032,0.762,1.6764,0.7112,1.7272,3.556,2.032,1,20,1,3
B00168,B00168_R1,710,4,6,0.2032,1.9812,752.21,2.54,1.9812,730.3,36,35,21.91,1.0668,2.54,0.2032,1.6002,1.4224,2.032,1.8034,2,20,0,1
B00168,B00168_R1,711,5,6,0.2032,1.9812,752.21,2.54,1.9812,730.3,36,35,21.91,0.2032,0.762,2.54,1.9812,1.7272,3.556,3.556,1,20,0,2
B00168,B00168_R2,712,6,6,0.2032,1.9812,752.21,2.54,1.9812,730.3,36,35,21.91,2.286,2.54,0.2032,1.9812,2.6416,0.8128,2.6416,2,20,1,1
B00169,B00169_R2,713,1,6,2.54,1.9812,763.82,0.2032,1.9812,776.99,37,37,-13.17,1.6764,0.2032,0.2032,1.6002,2.6416,3.2512,2.8702,2,10,1,2
B00169,B00169_R1,714,2,6,2.54,1.9812,763.82,0.2032,1.9812,776.99,37,37,-13.17,2.54,1.9812,2.54,1.6002,0.0,2.9464,0.889,3,10,0,1
B00169,B00169_R1,715,3,6,2.54,1.9812,763.82,0.2032,1.9812,776.99,37,37,-13.17,1.9812,2.032,0.2032,1.9812,1.1176,2.3368,2.3368,2,10,0,4
B00169,B00169_R2,716,4,6,2.54,1.9812,763.82,0.2032,1.9812,776.99,37,37,-13.17,1.6764,2.54,0.2032,1.6002,1.4224,2.032,2.413,2,20,1,1
B00169,B00169_R1,717,5,6,2.54,1.9812,763.82,0.2032,1.9812,776.99,37,37,-13.17,0.4572,0.2032,0.2032,1.9812,3.8608,2.032,2.032,2,10,0,3
B00169,B00169_R1,718,6,6,2.54,1.9812,763.82,0.2032,1.9812,776.99,37,37,-13.17,2.286,2.54,0.2032,1.6002,0.8128,2.6416,3.0226,2,20,0,2
B00170,B00170_R1,719,1,4,0.2032,1.9812,809.1,0.2032,1.6002,806.06,39,38,3.04,1.6764,0.2032,1.0668,0.7112,3.2512,2.8702,1.1176,3,30,0,2
B00170,B00170_R1,720,2,4,0.2032,1.9812,809.1,0.2032,1.6002,806.06,39,38,3.04,0.2032,1.143,1.0668,0.2032,1.3462,0.9652,1.8034,1,20,0,1
B00170,B00170_R2,721,3,4,0.2032,1.9812,809.1,0.2032,1.6002,806.06,39,38,3.04,0.2032,1.143,1.0668,2.032,1.3462,0.9652,2.2606,1,30,1,1
B00170,B00170_R2,722,4,4,0.2032,1.9812,809.1,0.2032,1.6002,806.06,39,38,3.04,0.2032,0.762,2.54,1.6002,1.7272,1.3462,3.175,1,30,1,2
B00171,B00171_R2,723,1,4,1.0668,0.7112,818.31,2.54,1.6002,820.69,40,38,-2.38,0.2032,1.143,2.286,0.2032,1.8034,2.794,3.0226,1,10,1,1
B00171,B00171_R1,724,2,4,1.0668,0.7112,818.31,2.54,1.6002,820.69,40,38,-2.38,0.2032,0.762,2.54,0.762,1.4224,3.175,2.9464,1,20,0,2
B00171,B00171_R2,725,3,4,1.0668,0.7112,818.31,2.54,1.6002,820.69,40,38,-2.38,0.2032,0.762,2.54,1.143,1.4224,3.175,2.7178,1,30,1,2
B00171,B00171_R1,726,4,4,1.0668,0.7112,818.31,2.54,1.6002,820.69,40,38,-2.38,0.4572,0.2032,0.2032,1.6002,1.1176,3.4798,1.651,2,20,0,1
B00172,B00172_R2,727,1,4,2.54,0.762,830.23,2.54,1.143,844.94,40,39,-14.71,0.2032,1.143,1.6764,2.54,2.7178,2.3368,2.8702,1,10,1,2
B00172,B00172_R2,728,2,4,2.54,0.762,830.23,2.54,1.143,844.94,40,39,-14.71,1.0668,2.032,0.2032,1.9812,3.2512,2.8702,1.4224,2,20,1,1
B00172,B00172_R1,729,3,4,2.54,0.762,830.23,2.54,1.143,844.94,40,39,-14.71,1.9812,0.7112,0.2032,1.6002,1.1176,1.4986,3.175,2,10,0,1
B00172,B00172_R1,730,4,4,2.54,0.762,830.23,2.54,1.143,844.94,40,39,-14.71,0.2032,1.143,1.9812,2.032,2.7178,2.3368,3.175,1,10,0,2
B00173,B00173_R1,731,1,1,1.9812,2.032,845.16,1.6764,2.54,858.05,41,40,-12.89,1.0668,2.032,0.2032,1.6002,1.4224,1.1176,1.8034,2,30,0,1
B00174,B00174_R1,732,1,3,0.2032,1.6002,785.55,1.6764,2.54,772.9,38,35,12.65,0.2032,1.143,2.286,2.54,0.9652,2.8702,3.4798,1,10,0,1
B00174,B00174_R2,733,2,3,0.2032,1.6002,785.55,1.6764,2.54,772.9,38,35,12.65,0.2032,0.762,0.4572,2.54,1.3462,3.2512,2.032,1,20,1,1
B00174,B00174_R2,734,3,3,0.2032,1.6002,785.55,1.6764,2.54,772.9,38,35,12.65,0.2032,0.762,1.0668,2.54,1.3462,3.2512,2.6416,1,30,1,2
B00175,B00175_R2,735,1,2,2.286,2.54,783.24,1.0668,2.54,791.14,37,36,-7.9,0.4572,2.54,0.2032,1.9812,2.3368,1.1176,0.8128,2,10,1,1
B00175,B00175_R1,736,2,2,2.286,2.54,783.24,1.0668,2.54,791.14,37,36,-7.9,1.0668,2.032,0.2032,1.6002,1.7272,0.508,1.8034,2,20,0,1
B00176,B00176_R2,737,1,3,0.2032,1.6002,778.04,0.2032,1.9812,777.72,37,35,0.32,0.2032,0.762,1.6764,0.7112,1.3462,1.7272,2.032,1,20,1,2
B00176,B00176_R1,738,2,3,0.2032,1.6002,778.04,0.2032,1.9812,777.72,37,35,0.32,0.2032,1.143,2.54,1.9812,0.9652,1.3462,3.175,1,10,0,1
B00176,B00176_R2,739,3,3,0.2032,1.6002,778.04,0.2032,1.9812,777.72,37,35,0.32,0.4572,2.54,0.2032,1.6002,1.1938,0.8128,1.1938,2,30,1,1
B00177,B00177_R2,740,1,3,2.54,1.9812,769.63,1.6764,0.7112,776.71,36,36,-7.08,0.4572,0.2032,0.2032,1.6002,3.8608,1.7272,1.651,2,10,1,1
B00177,B00177_R1,741,2,3,2.54,1.9812,769.63,1.6764,0.7112,776.71,36,36,-7.08,0.762,2.54,0.762,0.7112,2.3368,3.2512,2.9464,3,20,0,1
B00177,B00177_R2,742,3,3,2.54,1.9812,769.63,1.6764,0.7112,776.71,36,36,-7.08,0.2032,1.143,1.6764,2.54,3.175,2.413,2.8702,1,30,1,2
B00178,B00178_R2,743,1,2,0.762,0.7112,768.24,1.6764,2.54,792.94,36,37,-24.7,1.9812,2.032,0.2032,1.6002,3.556,0.8128,2.7178,2,30,1,1
B00178,B00178_R1,744,2,2,0.762,0.7112,768.24,1.6764,2.54,792.94,36,37,-24.7,1.9812,2.032,1.9812,0.2032,3.556,0.8128,2.9464,3,10,0,1
B00179,B00179_R2,745,1,7,1.9812,0.2032,765.04,0.2032,1.6002,776.01,35,36,-10.97,0.2032,1.143,2.54,1.9812,2.7178,0.9652,3.175,1,20,1,1
B00179,B00179_R1,746,2,7,1.9812,0.2032,765.04,0.2032,1.6002,776.01,35,36,-10.97,1.9812,0.7112,1.9812,0.2032,0.508,3.175,0.508,3,30,0,1
B00179,B00179_R1,747,3,7,1.9812,0.2032,765.04,0.2032,1.6002,776.01,35,36,-10.97,0.2032,0.762,1.6764,2.032,2.3368,1.3462,3.2512,1,20,0,4
B00179,B00179_R2,748,4,7,1.9812,0.2032,765.04,0.2032,1.6002,776.01,35,36,-10.97,0.2032,1.143,1.9812,2.54,2.7178,0.9652,3.175,1,20,1,3
B00179,B00179_R1,749,5,7,1.9812,0.2032,765.04,0.2032,1.6002,776.01,35,36,-10.97,2.54,1.143,1.9812,0.2032,1.4986,2.794,1.4986,3,10,0,2
B00179,B00179_R2,750,6,7,1.9812,0.2032,765.04,0.2032,1.6002,776.01,35,36,-10.97,2.54,1.9812,0.2032,1.6002,2.3368,2.7178,2.7178,2,30,1,2
B00179,B00179_R1,751,7,7,1.9812,0.2032,765.04,0.2032,1.6002,776.01,35,36,-10.97,0.2032,0.762,0.4572,0.2032,2.3368,1.3462,0.8128,1,20,0,3
B00180,B00180_R1,752,1,3,1.6764,2.032,796.68,1.9812,2.54,805.55,38,38,-8.87,0.2032,0.762,1.6764,2.032,3.2512,3.556,3.2512,1,30,0,2
B00180,B00180_R1,753,2,3,1.6764,2.032,796.68,1.9812,2.54,805.55,38,38,-8.87,1.0668,2.032,0.2032,1.9812,1.1176,1.4224,1.4224,2,30,0,1
B00180,B00180_R2,754,3,3,1.6764,2.032,796.68,1.9812,2.54,805.55,38,38,-8.87,1.9812,2.54,0.2032,1.9812,0.8128,0.0,2.3368,2,10,1,1
B00181,B00181_R2,755,1,1,1.6764,2.032,747.99,0.2032,1.9812,720.98,36,34,27.01,0.762,2.54,0.2032,1.9812,1.4224,1.1176,1.1176,2,20,1,1
B00182,B00182_R1,756,1,3,1.6764,2.032,685.77,0.2032,1.9812,674.27,33,33,11.5,1.6764,2.032,0.2032,1.6002,0.0,2.032,2.413,2,30,0,1
B00182,B00182_R2,757,2,3,1.6764,2.032,685.77,0.2032,1.9812,674.27,33,33,11.5,1.9812,2.54,0.2032,1.9812,0.8128,2.3368,2.3368,2,20,1,1
B00182,B00182_R2,758,3,3,1.6764,2.032,685.77,0.2032,1.9812,674.27,33,33,11.5,2.286,2.54,0.2032,1.6002,1.1176,2.6416,3.0226,2,20,1,2
B00183,B00183_R1,759,1,7,0.2032,1.6002,636.67,0.2032,1.6002,668.78,31,32,-32.11,0.2032,0.762,2.54,1.6002,1.3462,1.3462,3.175,1,20,0,5
B00183,B00183_R2,760,2,7,0.2032,1.6002,636.67,0.2032,1.6002,668.78,31,32,-32.11,0.2032,0.762,2.54,1.9812,1.3462,1.3462,3.556,1,20,1,2
B00183,B00183_R1,761,3,7,0.2032,1.6002,636.67,0.2032,1.6002,668.78,31,32,-32.11,1.9812,0.2032,0.2032,1.9812,3.175,3.175,3.556,2,30,0,4
B00183,B00183_R1,762,4,7,0.2032,1.6002,636.67,0.2032,1.6002,668.78,31,32,-32.11,0.2032,1.143,2.54,1.143,0.9652,0.9652,2.3368,1,30,0,3
B00183,B00183_R2,763,5,7,0.2032,1.6002,636.67,0.2032,1.6002,668.78,31,32,-32.11,0.2032,1.143,2.54,1.6002,0.9652,0.9652,2.794,1,20,1,1
B00183,B00183_R1,764,6,7,0.2032,1.6002,636.67,0.2032,1.6002,668.78,31,32,-32.11,1.0668,2.032,0.2032,1.6002,1.8034,1.8034,1.8034,2,20,0,2
B00183,B00183_R1,765,7,7,0.2032,1.6002,636.67,0.2032,1.6002,668.78,31,32,-32.11,0.2032,1.143,1.0668,2.032,0.9652,0.9652,2.2606,1,30,0,1
B00184,B00184_R1,766,1,4,2.54,1.6002,700.98,2.54,1.9812,694.24,34,32,6.74,1.9812,0.2032,0.2032,1.6002,1.9558,2.3368,3.175,2,20,0,1
B00184,B00184_R2,767,2,4,2.54,1.6002,700.98,2.54,1.9812,694.24,34,32,6.74,0.4572,2.54,0.2032,1.6002,3.0226,2.6416,1.1938,2,10,1,2
B00184,B00184_R2,768,3,4,2.54,1.6002,700.98,2.54,1.9812,694.24,34,32,6.74,0.762,2.032,1.6764,2.54,2.7178,2.3368,1.4224,3,30,1,1
B00184,B00184_R1,769,4,4,2.54,1.6002,700.98,2.54,1.9812,694.24,34,32,6.74,0.2032,1.143,2.286,0.2032,2.794,3.175,3.0226,1,20,0,2
B00185,B00185_R2,770,1,1,2.286,0.2032,688.86,0.2032,1.6002,674.8,33,31,14.06,0.2032,1.143,2.286,0.2032,3.0226,0.9652,3.0226,1,20,1,1
B00186,B00186_R2,771,1,7,2.286,0.2032,657.4,2.286,0.2032,667.08,32,31,-9.68,1.0668,0.7112,0.2032,1.9812,1.7272,1.7272,2.6416,2,30,1,1
B00186,B00186_R1,772,2,7,2.286,0.2032,657.4,2.286,0.2032,667.08,32,31,-9.68,0.4572,0.2032,0.2032,1.6002,2.3368,2.3368,1.651,2,20,0,2
B00186,B00186_R1,773,3,7,2.286,0.2032,657.4,2.286,0.2032,667.08,32,31,-9.68,0.2032,0.762,0.762,0.7112,2.6416,2.6416,1.1176,1,10,0,1
B00186,B00186_R1,774,4,7,2.286,0.2032,657.4,2.286,0.2032,667.08,32,31,-9.68,1.9812,2.54,0.2032,1.9812,2.6416,2.6416,2.3368,2,30,0,4
B00186,B00186_R2,775,5,7,2.286,0.2032,657.4,2.286,0.2032,667.08,32,31,-9.68,1.0668,2.032,0.2032,1.9812,3.556,3.556,1.4224,2,30,1,2
B00186,B00186_R1,776,6,7,2.286,0.2032,657.4,2.286,0.2032,667.08,32,31,-9.68,0.2032,1.143,2.54,0.762,3.0226,3.0226,2.7178,1,20,0,3
B00186,B00186_R2,777,7,7,2.286,0.2032,657.4,2.286,0.2032,667.08,32,31,-9.68,1.6764,2.032,0.2032,1.6002,2.9464,2.9464,2.413,2,30,1,3
B00187,B00187_R2,778,1,1,0.2032,1.9812,712.92,0.2032,1.6002,705.27,35,32,7.65,0.2032,1.143,1.0668,2.54,1.3462,0.9652,2.2606,1,10,1,1
B00188,B00188_R1,779,1,5,0.2032,1.9812,686.37,1.0668,2.54,689.73,33,32,-3.36,0.4572,2.54,1.0668,0.7112,0.8128,1.1176,2.9464,3,20,0,1
B00188,B00188_R2,780,2,5,0.2032,1.9812,686.37,1.0668,2.54,689.73,33,32,-3.36,1.0668,2.032,0.2032,1.9812,1.4224,0.508,1.4224,2,10,1,1
B00188,B00188_R2,781,3,5,0.2032,1.9812,686.37,1.0668,2.54,689.73,33,32,-3.36,1.9812,2.032,0.2032,1.9812,2.3368,1.4224,2.3368,2,30,1,2
B00188,B00188_R1,782,4,5,0.2032,1.9812,686.37,1.0668,2.54,689.73,33,32,-3.36,1.0668,0.7112,0.2032,1.6002,2.6416,2.9464,2.2606,2,10,0,2
B00188,B00188_R1,783,5,5,0.2032,1.9812,686.37,1.0668,2.54,689.73,33,32,-3.36,0.2032,1.143,0.4572,0.2032,1.3462,2.2606,1.1938,1,30,0,3
B00189,B00189_R1,784,1,5,0.4572,0.2032,704.49,0.2032,1.9812,686.61,35,32,17.88,0.762,0.2032,0.2032,1.6002,0.8128,2.3368,1.9558,2,10,0,1
B00189,B00189_R1,785,2,5,0.4572,0.2032,704.49,0.2032,1.9812,686.61,35,32,17.88,0.2032,1.143,1.6764,2.54,1.1938,1.3462,2.8702,1,20,0,2
B00189,B00189_R2,786,3,5,0.4572,0.2032,704.49,0.2032,1.9812,686.61,35,32,17.88,2.54,0.762,1.0668,0.7112,2.6416,3.556,2.032,3,20,1,3
B00189,B00189_R2,787,4,5,0.4572,0.2032,704.49,0.2032,1.9812,686.61,35,32,17.88,1.0668,2.54,0.762,2.54,2.9464,1.4224,0.8128,3,10,1,1
B00189,B00189_R2,788,5,5,0.4572,0.2032,704.49,0.2032,1.9812,686.61,35,32,17.88,0.2032,1.143,0.762,0.2032,1.1938,1.3462,1.4986,1,10,1,2
B00190,B00190_R1,789,1,3,1.6764,2.54,707.09,1.0668,0.7112,720.98,35,34,-13.89,1.0668,2.032,1.6764,2.54,1.1176,2.9464,1.1176,3,30,0,1
B00190,B00190_R1,790,2,3,1.6764,2.54,707.09,1.0668,0.7112,720.98,35,34,-13.89,0.2032,1.143,1.0668,2.54,2.8702,1.8034,2.2606,1,10,0,2
B00190,B00190_R2,791,3,3,1.6764,2.54,707.09,1.0668,0.7112,720.98,35,34,-13.89,0.2032,0.762,2.54,0.762,3.2512,1.4224,2.9464,1,20,1,1
B00191,B00191_R2,792,1,3,1.0668,2.54,722.32,2.54,0.762,705.85,36,34,16.47,2.54,0.762,1.6764,2.54,3.2512,0.0,2.6416,3,30,1,1
B00191,B00191_R2,793,2,3,1.0668,2.54,722.32,2.54,0.762,705.85,36,34,16.47,1.0668,0.2032,1.0668,2.032,2.9464,2.032,2.9464,3,30,1,2
B00191,B00191_R1,794,3,3,1.0668,2.54,722.32,2.54,0.762,705.85,36,34,16.47,0.2032,0.762,2.286,2.54,2.6416,2.9464,3.8608,1,20,0,1
B00192,B00192_R1,795,1,5,2.286,2.54,729.65,1.0668,2.032,709.45,35,34,20.2,1.9812,2.032,1.0668,2.032,0.8128,1.4224,1.4224,3,30,0,1
B00192,B00192_R2,796,2,5,2.286,2.54,729.65,1.0668,2.032,709.45,35,34,20.2,0.2032,0.762,0.762,2.032,3.8608,2.6416,2.3368,1,10,1,3
B00192,B00192_R2,797,3,5,2.286,2.54,729.65,1.0668,2.032,709.45,35,34,20.2,0.2032,1.143,0.762,0.7112,3.4798,2.2606,1.4986,1,10,1,2
B00192,B00192_R1,798,4,5,2.286,2.54,729.65,1.0668,2.032,709.45,35,34,20.2,2.54,1.6002,0.2032,1.6002,1.1938,2.413,2.3368,2,20,0,2
B00192,B00192_R2,799,5,5,2.286,2.54,729.65,1.0668,2.032,709.45,35,34,20.2,0.762,2.032,0.2032,1.9812,2.032,0.8128,1.1176,2,20,1,1
B00193,B00193_R2,800,1,7,0.2032,1.6002,738.87,0.762,2.032,728.69,36,36,10.18,0.2032,1.143,1.0668,2.032,0.9652,1.9558,2.2606,1,30,1,1
B00193,B00193_R2,801,2,7,0.2032,1.6002,738.87,0.762,2.032,728.69,36,36,10.18,0.2032,0.762,0.4572,2.54,1.3462,2.3368,2.032,1,10,1,3
B00193,B00193_R2,802,3,7,0.2032,1.6002,738.87,0.762,2.032,728.69,36,36,10.18,2.286,2.54,0.2032,1.9812,3.0226,2.032,2.6416,2,30,1,2
B00193,B00193_R1,803,4,7,0.2032,1.6002,738.87,0.762,2.032,728.69,36,36,10.18,0.762,0.2032,2.54,1.9812,1.9558,2.9464,3.556,3,20,0,2
B00193,B00193_R1,804,5,7,0.2032,1.6002,738.87,0.762,2.032,728.69,36,36,10.18,2.286,0.2032,0.762,2.54,3.4798,3.8608,3.8608,3,20,0,3
B00193,B00193_R1,805,6,7,0.2032,1.6002,738.87,0.762,2.032,728.69,36,36,10.18,0.2032,0.762,1.6764,0.7112,1.3462,2.3368,2.032,1,30,0,1
B00193,B00193_R2,806,7,7,0.2032,1.6002,738.87,0.762,2.032,728.69,36,36,10.18,0.2032,0.762,1.6764,2.032,1.3462,2.3368,3.2512,1,30,1,4
B00194,B00194_R1,807,1,4,0.762,2.54,752.71,1.6764,2.032,749.23,36,37,3.48,2.54,1.9812,2.54,0.762,2.3368,1.4224,1.7272,3,30,0,2
B00194,B00194_R1,808,2,4,0.762,2.54,752.71,1.6764,2.032,749.23,36,37,3.48,0.2032,0.762,2.54,1.6002,2.3368,3.2512,3.175,1,20,0,1
B00194,B00194_R2,809,3,4,0.762,2.54,752.71,1.6764,2.032,749.23,36,37,3.48,1.6764,2.54,0.2032,1.6002,1.4224,0.508,2.413,2,30,1,1
B00194,B00194_R2,810,4,4,0.762,2.54,752.71,1.6764,2.032,749.23,36,37,3.48,0.2032,1.143,1.0668,0.2032,1.9558,2.8702,1.8034,1,30,1,2
B00195,B00195_R2,811,1,3,2.54,0.762,767.24,1.0668,0.2032,763.56,37,37,3.68,1.9812,2.032,0.2032,1.9812,2.3368,3.2512,2.3368,2,20,1,2
B00195,B00195_R1,812,2,3,2.54,0.762,767.24,1.0668,0.2032,763.56,37,37,3.68,0.762,0.2032,0.2032,1.6002,2.3368,0.8128,1.9558,2,10,0,1
B00195,B00195_R2,813,3,3,2.54,0.762,767.24,1.0668,0.2032,763.56,37,37,3.68,1.0668,0.2032,0.2032,1.9812,2.032,0.0,2.6416,2,20,1,1
B00196,B00196_R2,814,1,6,0.2032,1.6002,757.72,0.2032,1.9812,775.28,36,38,-17.56,1.6764,0.2032,1.0668,0.2032,2.8702,3.2512,1.1176,3,10,1,2
B00196,B00196_R1,815,2,6,0.2032,1.6002,757.72,0.2032,1.9812,775.28,36,38,-17.56,1.9812,2.032,0.2032,1.6002,2.7178,2.3368,2.7178,2,20,0,3
B00196,B00196_R2,816,3,6,0.2032,1.6002,757.72,0.2032,1.9812,775.28,36,38,-17.56,1.0668,2.54,0.2032,1.6002,1.8034,1.4224,1.8034,2,30,1,1
B00196,B00196_R1,817,4,6,0.2032,1.6002,757.72,0.2032,1.9812,775.28,36,38,-17.56,2.286,2.54,0.2032,1.9812,3.0226,2.6416,2.6416,2,30,0,2
B00196,B00196_R2,818,5,6,0.2032,1.6002,757.72,0.2032,1.9812,775.28,36,38,-17.56,1.9812,2.032,0.2032,1.6002,2.7178,2.3368,2.7178,2,20,1,3
B00196,B00196_R1,819,6,6,0.2032,1.6002,757.72,0.2032,1.9812,775.28,36,38,-17.56,0.2032,0.762,0.762,2.54,1.3462,1.7272,2.3368,1,20,0,1
B00197,B00197_R1,820,1,4,0.2032,1.6002,784.76,0.2032,1.6002,819.86,38,40,-35.1,0.2032,0.762,1.6764,0.7112,1.3462,1.3462,2.032,1,30,0,1
B00197,B00197_R2,821,2,4,0.2032,1.6002,784.76,0.2032,1.6002,819.86,38,40,-35.1,1.9812,2.032,0.2032,1.6002,2.7178,2.7178,2.7178,2,10,1,1
B00197,B00197_R1,822,3,4,0.2032,1.6002,784.76,0.2032,1.6002,819.86,38,40,-35.1,1.9812,0.7112,1.6764,0.7112,3.175,3.175,0.8128,3,20,0,2
B00197,B00197_R1,823,4,4,0.2032,1.6002,784.76,0.2032,1.6002,819.86,38,40,-35.1,0.4572,0.2032,0.2032,1.6002,1.651,1.651,1.651,2,10,0,3
B00198,B00198_R2,824,1,6,0.2032,1.6002,811.22,0.2032,1.6002,822.17,39,39,-10.95,0.2032,0.762,1.6764,2.032,1.3462,1.3462,3.2512,1,30,1,3
B00198,B00198_R1,825,2,6,0.2032,1.6002,811.22,0.2032,1.6002,822.17,39,39,-10.95,0.2032,0.762,2.54,1.9812,1.3462,1.3462,3.556,1,10,0,3
B00198,B00198_R2,826,3,6,0.2032,1.6002,811.22,0.2032,1.6002,822.17,39,39,-10.95,0.2032,1.143,0.762,2.54,0.9652,0.9652,1.9558,1,20,1,1
B00198,B00198_R2,827,4,6,0.2032,1.6002,811.22,0.2032,1.6002,822.17,39,39,-10.95,0.2032,0.762,1.0668,0.2032,1.3462,1.3462,1.4224,1,20,1,2
B00198,B00198_R1,828,5,6,0.2032,1.6002,811.22,0.2032,1.6002,822.17,39,39,-10.95,0.2032,1.143,2.54,1.6002,0.9652,0.9652,2.794,1,10,0,1
B00198,B00198_R1,829,6,6,0.2032,1.6002,811.22,0.2032,1.6002,822.17,39,39,-10.95,2.54,1.143,0.2032,1.6002,2.794,2.794,2.794,2,30,0,2
B00199,B00199_R1,830,1,1,2.54,1.9812,848.2,1.6764,2.032,857.14,41,41,-8.94,0.2032,1.143,0.4572,2.54,3.175,2.8702,1.651,1,10,0,1
B00200,B00200_R1,831,1,4,0.4572,2.54,845.0,1.6764,2.032,823.58,40,39,21.42,0.2032,1.143,0.762,0.2032,1.651,2.8702,1.4986,1,10,0,1
B00200,B00200_R1,832,2,4,0.4572,2.54,845.0,1.6764,2.032,823.58,40,39,21.42,1.6764,0.2032,0.2032,1.9812,3.556,2.9464,3.2512,2,30,0,2
B00200,B00200_R2,833,3,4,0.4572,2.54,845.0,1.6764,2.032,823.58,40,39,21.42,1.0668,0.2032,1.6764,2.54,2.9464,2.9464,2.9464,3,20,1,1
B00200,B00200_R2,834,4,4,0.4572,2.54,845.0,1.6764,2.032,823.58,40,39,21.42,1.9812,0.2032,0.2032,1.9812,3.8608,3.2512,3.556,2,30,1,2
B00201,B00201_R2,835,1,3,0.2032,1.9812,862.03,0.2032,1.9812,863.08,41,40,-1.05,2.286,0.2032,0.2032,1.6002,3.8608,3.8608,3.4798,2,30,1,1
B00201,B00201_R1,836,2,3,0.2032,1.9812,862.03,0.2032,1.9812,863.08,41,40,-1.05,1.0668,2.54,0.2032,1.9812,1.4224,1.4224,1.4224,2,20,0,1
B00201,B00201_R1,837,3,3,0.2032,1.9812,862.03,0.2032,1.9812,863.08,41,40,-1.05,1.6764,0.7112,0.2032,1.9812,3.2512,3.2512,3.2512,2,10,0,2
B00202,B00202_R2,838,1,1,0.2032,1.9812,879.57,0.2032,1.6002,866.2,41,39,13.37,0.2032,1.143,2.54,1.143,1.3462,0.9652,2.3368,1,20,1,1
B00203,B00203_R2,839,1,1,0.2032,1.9812,828.69,2.54,1.143,803.46,38,37,25.23,0.2032,0.762,0.762,0.7112,1.7272,2.7178,1.1176,1,10,1,1
B00204,B00204_R1,840,1,5,0.2032,1.9812,802.74,0.762,0.7112,793.94,37,37,8.8,0.2032,1.143,0.762,2.032,1.3462,1.4986,1.9558,1,30,0,1
B00204,B00204_R2,841,2,5,0.2032,1.9812,802.74,0.762,0.7112,793.94,37,37,8.8,0.2032,0.762,1.9812,0.2032,1.7272,1.1176,2.3368,1,20,1,3
B00204,B00204_R2,842,3,5,0.2032,1.9812,802.74,0.762,0.7112,793.94,37,37,8.8,0.2032,0.762,1.9812,0.7112,1.7272,1.1176,2.3368,1,10,1,2
B00204,B00204_R1,843,4,5,0.2032,1.9812,802.74,0.762,0.7112,793.94,37,37,8.8,2.54,1.9812,0.2032,1.9812,2.9464,3.556,2.9464,2,20,0,2
B00204,B00204_R2,844,5,5,0.2032,1.9812,802.74,0.762,0.7112,793.94,37,37,8.8,0.762,0.7112,1.6764,0.2032,2.3368,0.0,1.4224,3,30,1,1
B00205,B00205_R1,845,1,2,0.2032,1.9812,812.56,1.9812,0.2032,823.8,38,38,-11.24,1.6764,2.54,2.54,1.9812,2.032,3.2512,1.4224,3,20,0,1
B00205,B00205_R2,846,2,2,0.2032,1.9812,812.56,1.9812,0.2032,823.8,38,38,-11.24,0.762,0.7112,0.2032,1.6002,2.3368,1.7272,1.9558,2,10,1,1
B00206,B00206_R2,847,1,2,2.54,1.9812,767.88,0.2032,1.6002,792.84,36,37,-24.96,1.0668,0.2032,0.2032,1.9812,3.2512,2.2606,2.6416,2,20,1,1
B00206,B00206_R1,848,2,2,2.54,1.9812,767.88,0.2032,1.6002,792.84,36,37,-24.96,1.6764,0.7112,0.2032,1.6002,2.6416,2.8702,2.8702,2,30,0,1
B00207,B00207_R1,849,1,7,0.2032,1.6002,734.92,0.2032,1.9812,761.08,34,35,-26.16,1.6764,0.7112,0.2032,1.6002,2.8702,3.2512,2.8702,2,20,0,2
B00207,B00207_R1,850,2,7,0.2032,1.6002,734.92,0.2032,1.9812,761.08,34,35,-26.16,2.54,1.6002,0.2032,1.9812,2.3368,2.7178,2.7178,2,10,0,4
B00207,B00207_R1,851,3,7,0.2032,1.6002,734.92,0.2032,1.9812,761.08,34,35,-26.16,0.2032,1.143,1.9812,0.7112,0.9652,1.3462,2.7178,1,10,0,1
B00207,B00207_R2,852,4,7,0.2032,1.6002,734.92,0.2032,1.9812,761.08,34,35,-26.16,1.0668,0.2032,2.286,2.54,2.2606,2.6416,3.556,3,20,1,2
B00207,B00207_R2,853,5,7,0.2032,1.6002,734.92,0.2032,1.9812,761.08,34,35,-26.16,1.0668,2.54,0.2032,1.6002,1.8034,1.4224,1.8034,2,30,1,1
B00207,B00207_R2,854,6,7,0.2032,1.6002,734.92,0.2032,1.9812,761.08,34,35,-26.16,2.286,2.54,0.2032,1.9812,3.0226,2.6416,2.6416,2,10,1,3
B00207,B00207_R1,855,7,7,0.2032,1.6002,734.92,0.2032,1.9812,761.08,34,35,-26.16,1.0668,0.2032,0.2032,1.9812,2.2606,2.6416,2.6416,2,10,0,3
B00208,B00208_R2,856,1,5,0.2032,1.9812,799.26,0.2032,1.9812,798.16,36,36,1.1,0.762,2.54,0.2032,1.6002,1.1176,1.1176,1.4986,2,10,1,1
B00208,B00208_R2,857,2,5,0.2032,1.9812,799.26,0.2032,1.9812,798.16,36,36,1.1,0.2032,1.143,1.0668,0.7112,1.3462,1.3462,1.8034,1,20,1,2
B00208,B00208_R2,858,3,5,0.2032,1.9812,799.26,0.2032,1.9812,798.16,36,36,1.1,0.762,0.2032,0.2032,1.9812,2.3368,2.3368,2.3368,2,30,1,3
B00208,B00208_R1,859,4,5,0.2032,1.9812,799.26,0.2032,1.9812,798.16,36,36,1.1,0.2032,0.762,1.6764,0.2032,1.7272,1.7272,2.032,1,20,0,1
B00208,B00208_R1,860,5,5,0.2032,1.9812,799.26,0.2032,1.9812,798.16,36,36,1.1,1.9812,0.2032,0.2032,1.6002,3.556,3.556,3.175,2,30,0,2
B00209,B00209_R2,861,1,5,0.2032,1.6002,821.11,0.2032,1.9812,817.98,37,38,3.13,0.2032,0.762,2.54,1.143,1.3462,1.7272,2.7178,1,30,1,3
B00209,B00209_R2,862,2,5,0.2032,1.6002,821.11,0.2032,1.9812,817.98,37,38,3.13,1.9812,2.032,0.762,0.2032,2.7178,2.3368,3.556,3,30,1,2
B00209,B00209_R2,863,3,5,0.2032,1.6002,821.11,0.2032,1.9812,817.98,37,38,3.13,0.2032,1.143,0.762,2.54,0.9652,1.3462,1.9558,1,30,1,1
B00209,B00209_R1,864,4,5,0.2032,1.6002,821.11,0.2032,1.9812,817.98,37,38,3.13,0.2032,0.762,1.6764,2.032,1.3462,1.7272,3.2512,1,20,0,2
B00209,B00209_R1,865,5,5,0.2032,1.6002,821.11,0.2032,1.9812,817.98,37,38,3.13,0.4572,0.2032,0.2032,1.9812,1.651,2.032,2.032,2,30,0,1
B00210,B00210_R1,866,1,4,1.6764,2.032,835.44,2.54,1.143,854.74,37,40,-19.3,0.762,0.2032,0.2032,1.6002,3.2512,2.7178,1.9558,2,10,0,1
B00210,B00210_R2,867,2,4,1.6764,2.032,835.44,2.54,1.143,854.74,37,40,-19.3,0.2032,0.762,1.0668,2.54,3.2512,2.7178,2.6416,1,10,1,2
B00210,B00210_R2,868,3,4,1.6764,2.032,835.44,2.54,1.143,854.74,37,40,-19.3,2.54,1.6002,0.2032,1.9812,1.8034,0.9652,2.7178,2,30,1,1
B00210,B00210_R1,869,4,4,1.6764,2.032,835.44,2.54,1.143,854.74,37,40,-19.3,0.2032,0.762,1.9812,2.54,3.2512,2.7178,3.556,1,20,0,2
B00211,B00211_R2,870,1,3,1.9812,2.54,858.19,1.0668,2.54,875.9,38,40,-17.71,0.2032,0.762,1.0668,2.032,3.556,2.6416,2.6416,1,20,1,1
B00211,B00211_R1,871,2,3,1.9812,2.54,858.19,1.0668,2.54,875.9,38,40,-17.71,0.2032,0.762,1.9812,0.7112,3.556,2.6416,2.3368,1,10,0,2
B00211,B00211_R1,872,3,3,1.9812,2.54,858.19,1.0668,2.54,875.9,38,40,-17.71,0.2032,0.762,1.9812,0.7112,3.556,2.6416,2.3368,1,30,0,1
B00212,B00212_R2,873,1,4,1.9812,0.7112,853.49,1.0668,2.032,844.85,37,38,8.64,0.2032,1.143,2.54,0.762,2.7178,2.2606,2.7178,1,30,1,1
B00212,B00212_R1,874,2,4,1.9812,0.7112,853.49,1.0668,2.032,844.85,37,38,8.64,1.9812,0.7112,0.2032,1.6002,0.0,3.2512,3.175,2,30,0,1
B00212,B00212_R2,875,3,4,1.9812,0.7112,853.49,1.0668,2.032,844.85,37,38,8.64,1.9812,0.2032,0.2032,1.9812,0.508,3.2512,3.556,2,30,1,2
B00212,B00212_R1,876,4,4,1.9812,0.7112,853.49,1.0668,2.032,844.85,37,38,8.64,1.6764,0.7112,0.2032,1.9812,0.8128,2.9464,3.2512,2,20,0,2
B00213,B00213_R1,877,1,6,0.2032,1.9812,869.11,0.2032,1.9812,864.59,38,39,4.52,1.6764,0.2032,0.2032,1.6002,3.2512,3.2512,2.8702,2,30,0,3
B00213,B00213_R1,878,2,6,0.2032,1.9812,869.11,0.2032,1.9812,864.59,38,39,4.52,1.0668,2.032,0.2032,1.6002,1.4224,1.4224,1.8034,2,20,0,1
B00213,B00213_R1,879,3,6,0.2032,1.9812,869.11,0.2032,1.9812,864.59,38,39,4.52,1.9812,0.2032,1.6764,0.2032,3.556,3.556,0.8128,3,10,0,2
B00213,B00213_R2,880,4,6,0.2032,1.9812,869.11,0.2032,1.9812,864.59,38,39,4.52,1.0668,2.54,0.2032,1.9812,1.4224,1.4224,1.4224,2,20,1,1
B00213,B00213_R2,881,5,6,0.2032,1.9812,869.11,0.2032,1.9812,864.59,38,39,4.52,1.6764,0.7112,0.2032,1.9812,3.2512,3.2512,3.2512,2,30,1,3
B00213,B00213_R2,882,6,6,0.2032,1.9812,869.11,0.2032,1.9812,864.59,38,39,4.52,0.762,0.2032,0.2032,1.6002,2.3368,2.3368,1.9558,2,20,1,2
B00214,B00214_R1,883,1,3,0.2032,1.6002,890.24,0.2032,1.9812,899.75,39,40,-9.51,2.54,1.6002,1.6764,2.54,2.3368,2.7178,1.8034,3,10,0,1
B00214,B00214_R2,884,2,3,0.2032,1.6002,890.24,0.2032,1.9812,899.75,39,40,-9.51,0.2032,0.762,0.762,2.54,1.3462,1.7272,2.3368,1,20,1,1
B00214,B00214_R1,885,3,3,0.2032,1.6002,890.24,0.2032,1.9812,899.75,39,40,-9.51,2.54,1.143,0.2032,1.6002,2.794,3.175,2.794,2,10,0,2
B00215,B00215_R2,886,1,4,0.2032,1.6002,897.04,0.762,2.54,889.92,40,40,7.12,0.2032,1.143,0.762,2.032,0.9652,1.9558,1.9558,1,20,1,1
B00215,B00215_R2,887,2,4,0.2032,1.6002,897.04,0.762,2.54,889.92,40,40,7.12,0.2032,1.143,1.9812,2.032,0.9652,1.9558,3.175,1,10,1,2
B00215,B00215_R1,888,3,4,0.2032,1.6002,897.04,0.762,2.54,889.92,40,40,7.12,0.2032,0.762,2.54,1.143,1.3462,2.3368,2.7178,1,20,0,1
B00215,B00215_R1,889,4,4,0.2032,1.6002,897.04,0.762,2.54,889.92,40,40,7.12,2.286,0.2032,1.0668,0.2032,3.4798,3.8608,1.7272,3,10,0,2
B00216,B00216_R1,890,1,6,1.0668,0.2032,904.75,1.9812,2.032,904.25,40,40,0.5,0.762,0.7112,0.2032,1.9812,0.8128,3.556,2.3368,2,30,0,2
B00216,B00216_R2,891,2,6,1.0668,0.2032,904.75,1.9812,2.032,904.25,40,40,0.5,1.6764,0.2032,0.2032,1.6002,1.1176,3.2512,2.8702,2,10,1,3
B00216,B00216_R2,892,3,6,1.0668,0.2032,904.75,1.9812,2.032,904.25,40,40,0.5,1.0668,2.032,0.2032,1.6002,2.9464,1.4224,1.8034,2,10,1,1
B00216,B00216_R1,893,4,6,1.0668,0.2032,904.75,1.9812,2.032,904.25,40,40,0.5,1.0668,0.7112,0.4572,0.2032,0.508,3.2512,1.1176,3,20,0,1
B00216,B00216_R2,894,5,6,1.0668,0.2032,904.75,1.9812,2.032,904.25,40,40,0.5,0.2032,0.762,2.286,2.54,1.4224,3.556,3.8608,1,20,1,2
B00216,B00216_R1,895,6,6,1.0668,0.2032,904.75,1.9812,2.032,904.25,40,40,0.5,1.6764,0.2032,1.6764,2.54,1.1176,3.2512,2.9464,3,20,0,3
B00217,B00217_R2,896,1,6,1.6764,2.54,940.31,0.2032,1.6002,958.56,42,42,-18.25,0.2032,0.762,0.762,0.2032,3.2512,1.3462,1.1176,1,10,1,1
B00217,B00217_R1,897,2,6,1.6764,2.54,940.31,0.2032,1.6002,958.56,42,42,-18.25,1.9812,2.032,0.762,0.7112,0.8128,2.7178,3.556,3,20,0,1
B00217,B00217_R1,898,3,6,1.6764,2.54,940.31,0.2032,1.6002,958.56,42,42,-18.25,0.2032,0.762,1.6764,0.7112,3.2512,1.3462,2.032,1,20,0,2
B00217,B00217_R2,899,4,6,1.6764,2.54,940.31,0.2032,1.6002,958.56,42,42,-18.25,0.762,0.2032,1.6764,0.2032,3.2512,1.9558,1.4224,3,30,1,2
B00217,B00217_R1,900,5,6,1.6764,2.54,940.31,0.2032,1.6002,958.56,42,42,-18.25,0.2032,1.143,1.6764,2.54,2.8702,0.9652,2.8702,1,20,0,3
B00217,B00217_R2,901,6,6,1.6764,2.54,940.31,0.2032,1.6002,958.56,42,42,-18.25,2.54,0.762,2.54,1.6002,2.6416,3.175,1.3462,3,10,1,3
B00218,B00218_R1,902,1,4,1.6764,2.54,940.72,2.54,1.6002,946.22,42,42,-5.5,0.2032,0.762,1.0668,0.7112,3.2512,3.175,1.4224,1,20,0,1
B00218,B00218_R2,903,2,4,1.6764,2.54,940.72,2.54,1.6002,946.22,42,42,-5.5,0.2032,1.143,0.4572,2.54,2.8702,2.794,1.651,1,30,1,1
B00218,B00218_R1,904,3,4,1.6764,2.54,940.72,2.54,1.6002,946.22,42,42,-5.5,0.2032,1.143,2.54,1.143,2.8702,2.794,2.3368,1,10,0,2
B00218,B00218_R2,905,4,4,1.6764,2.54,940.72,2.54,1.6002,946.22,42,42,-5.5,0.4572,2.54,1.9812,0.7112,1.7272,3.0226,3.8608,3,20,1,2
B00219,B00219_R2,906,1,1,2.54,1.143,961.96,1.9812,0.7112,953.44,43,43,8.52,2.54,1.9812,0.2032,1.9812,1.3462,2.3368,2.9464,2,20,1,1
B00220,B00220_R1,907,1,3,2.54,1.143,936.41,0.2032,1.9812,939.11,41,42,-2.7,0.2032,1.143,1.0668,2.54,2.3368,1.3462,2.2606,1,20,0,2
B00220,B00220_R1,908,2,3,2.54,1.143,936.41,0.2032,1.9812,939.11,41,42,-2.7,2.286,2.54,0.2032,1.6002,1.651,2.6416,3.0226,2,30,0,1
B00220,B00220_R2,909,3,3,2.54,1.143,936.41,0.2032,1.9812,939.11,41,42,-2.7,0.2032,1.143,1.0668,2.032,2.3368,1.3462,2.2606,1,10,1,1
B00221,B00221_R2,910,1,3,1.0668,2.54,951.94,1.0668,2.032,929.59,42,42,22.35,2.54,1.9812,1.6764,0.7112,2.032,2.032,2.6416,3,10,1,1
B00221,B00221_R2,911,2,3,1.0668,2.54,951.94,1.0668,2.032,929.59,42,42,22.35,0.2032,0.762,1.0668,2.54,2.6416,2.6416,2.6416,1,30,1,2
B00221,B00221_R1,912,3,3,1.0668,2.54,951.94,1.0668,2.032,929.59,42,42,22.35,0.2032,1.143,1.9812,0.7112,2.2606,2.2606,2.7178,1,20,0,1
B00222,B00222_R2,913,1,3,1.9812,0.7112,938.21,1.0668,2.54,945.43,41,42,-7.22,2.54,1.9812,0.2032,1.9812,2.3368,2.032,2.9464,2,30,1,1
B00222,B00222_R1,914,2,3,1.9812,0.7112,938.21,1.0668,2.54,945.43,41,42,-7.22,1.0668,2.032,0.762,0.7112,3.2512,0.508,3.2512,3,10,0,2
B00222,B00222_R1,915,3,3,1.9812,0.7112,938.21,1.0668,2.54,945.43,41,42,-7.22,1.9812,0.7112,0.2032,1.9812,0.0,3.2512,3.556,2,20,0,1
B00223,B00223_R2,916,1,3,0.762,0.7112,918.77,0.2032,1.9812,890.71,41,41,28.06,0.2032,0.762,1.9812,2.032,1.1176,1.7272,3.556,1,30,1,2
B00223,B00223_R1,917,2,3,0.762,0.7112,918.77,0.2032,1.9812,890.71,41,41,28.06,1.6764,0.2032,1.0668,0.7112,1.4224,3.2512,1.1176,3,10,0,1
B00223,B00223_R2,918,3,3,0.762,0.7112,918.77,0.2032,1.9812,890.71,41,41,28.06,0.762,2.032,0.2032,1.6002,2.9464,1.1176,1.4986,2,30,1,1
B00224,B00224_R2,919,1,6,1.0668,0.7112,836.01,1.9812,2.032,840.62,37,38,-4.61,0.2032,1.143,1.6764,0.2032,1.8034,3.175,2.413,1,10,1,2
B00224,B00224_R1,920,2,6,1.0668,0.7112,836.01,1.9812,2.032,840.62,37,38,-4.61,0.2032,0.762,1.6764,2.54,1.4224,3.556,3.2512,1,20,0,3
B00224,B00224_R2,921,3,6,1.0668,0.7112,836.01,1.9812,2.032,840.62,37,38,-4.61,0.2032,1.143,1.6764,2.032,1.8034,3.175,2.8702,1,10,1,3
B00224,B00224_R1,922,4,6,1.0668,0.7112,836.01,1.9812,2.032,840.62,37,38,-4.61,1.9812,0.2032,2.286,0.2032,1.4224,2.9464,0.8128,3,20,0,2
B00224,B00224_R2,923,5,6,1.0668,0.7112,836.01,1.9812,2.032,840.62,37,38,-4.61,1.6764,2.032,0.2032,1.9812,2.9464,0.8128,2.032,2,10,1,1
B00224,B00224_R1,924,6,6,1.0668,0.7112,836.01,1.9812,2.032,840.62,37,38,-4.61,0.2032,1.143,1.9812,0.2032,1.8034,3.175,2.7178,1,10,0,1
B00225,B00225_R1,925,1,1,1.6764,2.54,865.26,1.6764,2.032,871.28,39,40,-6.02,1.6764,0.7112,0.2032,1.6002,2.9464,2.9464,2.8702,2,20,0,1
B00226,B00226_R1,926,1,3,0.2032,1.6002,829.89,1.6764,2.032,816.48,37,37,13.41,2.54,1.143,0.2032,1.9812,2.794,2.2606,3.175,2,20,0,1
B00226,B00226_R2,927,2,3,0.2032,1.6002,829.89,1.6764,2.032,816.48,37,37,13.41,0.4572,2.54,0.2032,1.9812,1.1938,1.7272,0.8128,2,30,1,1
B00226,B00226_R2,928,3,3,0.2032,1.6002,829.89,1.6764,2.032,816.48,37,37,13.41,2.54,0.762,1.6764,2.032,3.175,2.6416,2.6416,3,30,1,2
B00227,B00227_R1,929,1,3,0.2032,1.9812,829.29,1.6764,2.032,831.01,37,38,-1.72,0.2032,0.762,0.762,0.2032,1.7272,3.2512,1.1176,1,10,0,1
B00227,B00227_R1,930,2,3,0.2032,1.9812,829.29,1.6764,2.032,831.01,37,38,-1.72,0.2032,0.762,1.9812,2.54,1.7272,3.2512,3.556,1,20,0,2
B00227,B00227_R2,931,3,3,0.2032,1.9812,829.29,1.6764,2.032,831.01,37,38,-1.72,0.2032,1.143,0.762,2.54,1.3462,2.8702,1.9558,1,30,1,1
B00228,B00228_R1,932,1,5,1.9812,2.54,836.4,0.762,2.54,826.3,37,37,10.1,0.2032,0.762,0.762,2.54,3.556,2.3368,2.3368,1,30,0,2
B00228,B00228_R1,933,2,5,1.9812,2.54,836.4,0.762,2.54,826.3,37,37,10.1,1.9812,0.2032,0.2032,1.9812,2.9464,3.556,3.556,2,30,0,1
B00228,B00228_R2,934,3,5,1.9812,2.54,836.4,0.762,2.54,826.3,37,37,10.1,0.762,0.2032,0.2032,1.6002,3.556,2.9464,1.9558,2,10,1,2
B00228,B00228_R2,935,4,5,1.9812,2.54,836.4,0.762,2.54,826.3,37,37,10.1,0.2032,0.762,2.286,2.54,3.556,2.3368,3.8608,1,30,1,3
B00228,B00228_R2,936,5,5,1.9812,2.54,836.4,0.762,2.54,826.3,37,37,10.1,0.2032,0.762,1.0668,0.2032,3.556,2.3368,1.4224,1,30,1,1
B00229,B00229_R1,937,1,4,0.762,2.54,822.18,2.286,2.54,836.23,36,37,-14.05,0.4572,2.54,2.54,1.6002,0.8128,2.3368,3.0226,3,10,0,2
B00229,B00229_R2,938,2,4,0.762,2.54,822.18,2.286,2.54,836.23,36,37,-14.05,1.0668,2.54,0.2032,1.9812,0.8128,1.7272,1.4224,2,10,1,1
B00229,B00229_R2,939,3,4,0.762,2.54,822.18,2.286,2.54,836.23,36,37,-14.05,0.2032,0.762,1.0668,0.2032,2.3368,3.8608,1.4224,1,20,1,2
B00229,B00229_R1,940,4,4,0.762,2.54,822.18,2.286,2.54,836.23,36,37,-14.05,1.0668,2.54,0.2032,1.9812,0.8128,1.7272,1.4224,2,20,0,1
B00230,B00230_R1,941,1,1,2.54,1.6002,823.28,1.0668,0.2032,838.82,37,38,-15.54,0.762,2.032,0.2032,1.9812,2.7178,3.2512,1.1176,2,20,0,1
B00231,B00231_R1,942,1,3,0.2032,1.9812,802.12,1.0668,0.2032,804.55,37,36,-2.43,0.4572,2.54,0.2032,1.9812,0.8128,2.9464,0.8128,2,10,0,1
B00231,B00231_R1,943,2,3,0.2032,1.9812,802.12,1.0668,0.2032,804.55,37,36,-2.43,0.2032,1.143,1.9812,2.54,1.3462,1.8034,3.175,1,10,0,2
B00231,B00231_R2,944,3,3,0.2032,1.9812,802.12,1.0668,0.2032,804.55,37,36,-2.43,2.54,0.762,2.286,0.2032,3.556,2.032,0.8128,3,20,1,1
B00232,B00232_R2,945,1,6,1.9812,2.54,809.94,2.286,0.2032,789.1,37,36,20.84,0.762,0.7112,0.762,2.032,3.556,2.032,2.9464,3,20,1,4
B00232,B00232_R1,946,2,6,1.9812,2.54,809.94,2.286,0.2032,789.1,37,36,20.84,0.2032,0.762,1.6764,2.54,3.556,2.6416,3.2512,1,20,0,2
B00232,B00232_R2,947,3,6,1.9812,2.54,809.94,2.286,0.2032,789.1,37,36,20.84,1.9812,0.7112,0.2032,1.6002,2.9464,0.8128,3.175,2,30,1,1
B00232,B00232_R2,948,4,6,1.9812,2.54,809.94,2.286,0.2032,789.1,37,36,20.84,0.2032,1.143,0.4572,2.54,3.175,3.0226,1.651,1,30,1,2
B00232,B00232_R2,949,5,6,1.9812,2.54,809.94,2.286,0.2032,789.1,37,36,20.84,0.2032,1.143,1.9812,2.032,3.175,3.0226,3.175,1,30,1,3
B00232,B00232_R1,950,6,6,1.9812,2.54,809.94,2.286,0.2032,789.1,37,36,20.84,1.6764,0.2032,0.2032,1.9812,3.2512,1.1176,3.2512,2,10,0,1
B00233,B00233_R1,951,1,2,1.6764,2.54,834.4,0.762,2.032,854.54,38,39,-20.14,0.2032,0.762,1.0668,0.2032,3.2512,2.3368,1.4224,1,10,0,1
B00233,B00233_R2,952,2,2,1.6764,2.54,834.4,0.762,2.032,854.54,38,39,-20.14,0.2032,1.143,0.4572,2.54,2.8702,1.9558,1.651,1,30,1,1
B00234,B00234_R2,953,1,6,1.0668,0.2032,824.29,0.4572,2.54,836.6,37,38,-12.31,0.2032,1.143,1.0668,0.2032,1.8034,1.651,1.8034,1,20,1,2
B00234,B00234_R1,954,2,6,1.0668,0.2032,824.29,0.4572,2.54,836.6,37,38,-12.31,0.2032,0.762,0.4572,2.54,1.4224,2.032,2.032,1,10,0,2
B00234,B00234_R1,955,3,6,1.0668,0.2032,824.29,0.4572,2.54,836.6,37,38,-12.31,2.54,1.143,0.2032,1.6002,2.413,3.4798,2.794,2,30,0,3
B00234,B00234_R1,956,4,6,1.0668,0.2032,824.29,0.4572,2.54,836.6,37,38,-12.31,0.2032,0.762,1.0668,0.2032,1.4224,2.032,1.4224,1,30,0,1
B00234,B00234_R2,957,5,6,1.0668,0.2032,824.29,0.4572,2.54,836.6,37,38,-12.31,1.9812,0.2032,0.2032,1.6002,1.4224,3.8608,3.175,2,20,1,3
B00234,B00234_R2,958,6,6,1.0668,0.2032,824.29,0.4572,2.54,836.6,37,38,-12.31,0.762,2.54,0.2032,1.9812,3.2512,0.8128,1.1176,2,20,1,1
B00235,B00235_R2,959,1,3,0.2032,1.6002,867.19,0.2032,1.6002,863.35,39,40,3.84,0.2032,1.143,1.6764,2.032,0.9652,0.9652,2.8702,1,30,1,1
B00235,B00235_R2,960,2,3,0.2032,1.6002,867.19,0.2032,1.6002,863.35,39,40,3.84,1.0668,2.54,0.762,2.032,1.8034,1.8034,0.8128,3,20,1,2
B00235,B00235_R1,961,3,3,0.2032,1.6002,867.19,0.2032,1.6002,863.35,39,40,3.84,0.2032,0.762,2.54,0.762,1.3462,1.3462,2.9464,1,10,0,1
B00236,B00236_R2,962,1,4,2.54,0.762,819.2,0.762,2.032,824.47,37,39,-5.27,2.286,0.2032,0.2032,1.9812,0.8128,3.8608,3.8608,2,30,1,2
B00236,B00236_R1,963,2,4,2.54,0.762,819.2,0.762,2.032,824.47,37,39,-5.27,1.9812,0.2032,0.2032,1.6002,1.1176,3.556,3.175,2,30,0,1
B00236,B00236_R1,964,3,4,2.54,0.762,819.2,0.762,2.032,824.47,37,39,-5.27,0.2032,1.143,1.6764,2.54,2.7178,1.9558,2.8702,1,10,0,2
B00236,B00236_R2,965,4,4,2.54,0.762,819.2,0.762,2.032,824.47,37,39,-5.27,0.2032,0.762,1.0668,0.7112,2.9464,2.3368,1.4224,1,30,1,1
B00237,B00237_R1,966,1,4,1.6764,2.54,813.39,0.2032,1.9812,817.67,36,38,-4.28,0.4572,0.2032,0.2032,1.9812,3.556,2.032,2.032,2,30,0,2
B00237,B00237_R2,967,2,4,1.6764,2.54,813.39,0.2032,1.9812,817.67,36,38,-4.28,0.2032,0.762,0.762,0.7112,3.2512,1.7272,1.1176,1,20,1,1
B00237,B00237_R1,968,3,4,1.6764,2.54,813.39,0.2032,1.9812,817.67,36,38,-4.28,1.6764,0.2032,0.2032,1.9812,2.9464,3.2512,3.2512,2,30,0,1
B00237,B00237_R2,969,4,4,1.6764,2.54,813.39,0.2032,1.9812,817.67,36,38,-4.28,0.762,0.7112,0.2032,1.9812,3.2512,2.3368,2.3368,2,10,1,2
B00238,B00238_R2,970,1,7,0.2032,1.9812,823.21,0.2032,1.9812,808.94,36,39,14.27,2.54,1.9812,2.54,1.143,2.9464,2.9464,1.3462,3,20,1,2
B00238,B00238_R1,971,2,7,0.2032,1.9812,823.21,0.2032,1.9812,808.94,36,39,14.27,0.2032,1.143,0.4572,2.54,1.3462,1.3462,1.651,1,10,0,1
B00238,B00238_R1,972,3,7,0.2032,1.9812,823.21,0.2032,1.9812,808.94,36,39,14.27,1.9812,0.7112,0.2032,1.9812,3.556,3.556,3.556,2,10,0,3
B00238,B00238_R2,973,4,7,0.2032,1.9812,823.21,0.2032,1.9812,808.94,36,39,14.27,0.762,0.2032,1.6764,2.54,2.3368,2.3368,3.2512,3,10,1,4
B00238,B00238_R2,974,5,7,0.2032,1.9812,823.21,0.2032,1.9812,808.94,36,39,14.27,1.0668,0.2032,0.2032,1.6002,2.6416,2.6416,2.2606,2,20,1,3
B00238,B00238_R2,975,6,7,0.2032,1.9812,823.21,0.2032,1.9812,808.94,36,39,14.27,0.2032,0.762,2.54,1.9812,1.7272,1.7272,3.556,1,30,1,1
B00238,B00238_R1,976,7,7,0.2032,1.9812,823.21,0.2032,1.9812,808.94,36,39,14.27,0.2032,0.762,2.286,0.2032,1.7272,1.7272,2.6416,1,10,0,2
B00239,B00239_R1,977,1,5,0.2032,1.9812,864.49,1.6764,2.54,868.05,38,41,-3.56,0.2032,0.762,1.9812,2.032,1.7272,3.2512,3.556,1,10,0,2
B00239,B00239_R2,978,2,5,0.2032,1.9812,864.49,1.6764,2.54,868.05,38,41,-3.56,0.2032,0.762,1.9812,0.7112,1.7272,3.2512,2.3368,1,10,1,2
B00239,B00239_R2,979,3,5,0.2032,1.9812,864.49,1.6764,2.54,868.05,38,41,-3.56,2.54,1.143,1.9812,2.032,3.175,2.2606,1.9558,3,10,1,3
B00239,B00239_R2,980,4,5,0.2032,1.9812,864.49,1.6764,2.54,868.05,38,41,-3.56,1.6764,2.032,0.2032,1.9812,2.032,0.508,2.032,2,30,1,1
B00239,B00239_R1,981,5,5,0.2032,1.9812,864.49,1.6764,2.54,868.05,38,41,-3.56,0.762,0.7112,0.2032,1.6002,2.3368,3.2512,1.9558,2,30,0,1
B00240,B00240_R1,982,1,2,1.9812,2.032,882.82,1.9812,2.032,905.53,39,43,-22.71,0.2032,0.762,1.9812,0.7112,3.556,3.556,2.3368,1,30,0,2
B00240,B00240_R1,983,2,2,1.9812,2.032,882.82,1.9812,2.032,905.53,39,43,-22.71,1.9812,2.54,2.54,1.9812,0.508,0.508,1.1176,3,10,0,1
B00241,B00241_R1,984,1,4,1.9812,0.7112,885.72,1.9812,2.032,873.67,39,41,12.05,0.762,0.2032,0.2032,1.6002,1.7272,3.556,1.9558,2,10,0,2
B00241,B00241_R2,985,2,4,1.9812,0.7112,885.72,1.9812,2.032,873.67,39,41,12.05,0.2032,1.143,1.9812,2.54,2.7178,3.175,3.175,1,30,1,2
B00241,B00241_R1,986,3,4,1.9812,0.7112,885.72,1.9812,2.032,873.67,39,41,12.05,2.286,0.2032,2.54,1.143,0.8128,2.6416,1.1938,3,30,0,1
B00241,B00241_R2,987,4,4,1.9812,0.7112,885.72,1.9812,2.032,873.67,39,41,12.05,1.6764,2.54,0.2032,1.6002,3.2512,0.8128,2.413,2,20,1,1
B00242,B00242_R2,988,1,3,0.2032,1.6002,892.23,1.9812,2.54,881.27,40,42,10.96,0.2032,0.762,0.762,2.032,1.3462,3.556,2.3368,1,30,1,2
B00242,B00242_R2,989,2,3,0.2032,1.6002,892.23,1.9812,2.54,881.27,40,42,10.96,1.0668,2.54,0.2032,1.6002,1.8034,1.4224,1.8034,2,30,1,1
B00242,B00242_R1,990,3,3,0.2032,1.6002,892.23,1.9812,2.54,881.27,40,42,10.96,0.2032,1.143,1.9812,0.2032,0.9652,3.175,2.7178,1,30,0,1
B00243,B00243_R2,991,1,5,1.9812,0.2032,808.97,0.762,2.032,825.75,36,40,-16.78,0.2032,0.762,0.4572,2.54,2.3368,2.3368,2.032,1,30,1,1
B00243,B00243_R2,992,2,5,1.9812,0.2032,808.97,0.762,2.032,825.75,36,40,-16.78,0.2032,0.762,2.54,1.9812,2.3368,2.3368,3.556,1,20,1,2
B00243,B00243_R1,993,3,5,1.9812,0.2032,808.97,0.762,2.032,825.75,36,40,-16.78,1.0668,0.7112,0.2032,1.6002,1.4224,3.2512,2.2606,2,20,0,3
B00243,B00243_R1,994,4,5,1.9812,0.2032,808.97,0.762,2.032,825.75,36,40,-16.78,2.54,0.762,0.2032,1.6002,1.1176,3.556,3.175,2,10,0,1
B00243,B00243_R1,995,5,5,1.9812,0.2032,808.97,0.762,2.032,825.75,36,40,-16.78,0.2032,0.762,0.4572,0.2032,2.3368,2.3368,0.8128,1,10,0,2
B00244,B00244_R2,996,1,3,0.2032,1.6002,787.42,2.54,1.9812,782.68,35,37,4.74,0.762,0.7112,0.2032,1.6002,1.9558,3.556,1.9558,2,30,1,1
B00244,B00244_R1,997,2,3,0.2032,1.6002,787.42,2.54,1.9812,782.68,35,37,4.74,0.2032,0.762,2.286,0.2032,1.3462,3.556,2.6416,1,20,0,1
B00244,B00244_R1,998,3,3,0.2032,1.6002,787.42,2.54,1.9812,782.68,35,37,4.74,2.286,0.2032,0.2032,1.9812,3.4798,2.032,3.8608,2,30,0,2
B00245,B00245_R2,999,1,6,0.2032,1.9812,787.41,0.2032,1.6002,773.76,36,37,13.65,0.4572,2.54,0.2032,1.6002,0.8128,1.1938,1.1938,2,20,1,1
B00245,B00245_R2,1000,2,6,0.2032,1.9812,787.41,0.2032,1.6002,773.76,36,37,13.65,1.9812,0.2032,0.2032,1.6002,3.556,3.175,3.175,2,10,1,3
B00245,B00245_R1,1001,3,6,0.2032,1.9812,787.41,0.2032,1.6002,773.76,36,37,13.65,1.0668,2.032,1.6764,2.54,1.4224,1.8034,1.1176,3,10,0,1
B00245,B00245_R2,1002,4,6,0.2032,1.9812,787.41,0.2032,1.6002,773.76,36,37,13.65,0.2032,0.762,2.54,1.6002,1.7272,1.3462,3.175,1,20,1,2
B00245,B00245_R1,1003,5,6,0.2032,1.9812,787.41,0.2032,1.6002,773.76,36,37,13.65,0.762,0.7112,0.2032,1.6002,2.3368,1.9558,1.9558,2,30,0,3
B00245,B00245_R1,1004,6,6,0.2032,1.9812,787.41,0.2032,1.6002,773.76,36,37,13.65,2.286,2.54,0.2032,1.6002,2.6416,3.0226,3.0226,2,20,0,2
