batch_id,group_id,task_id,batch_position,batch_size,r1_next_x,r1_next_y,r1_tuf,r2_next_x,r2_next_y,r2_tuf,r1_queue_length,r2_queue_length,tuf_difference,task_pl_x,task_pl_y,task_dl_x,task_dl_y,r1_dist_to_pickup,r2_dist_to_pickup,task_dist_to_dropoff,task_type,deadline,assigned_robot,sequence_rank
B00001,B00001_R1,1,1,3,1.3716,0.2032,0.0,1.3716,2.54,0.0,0,0,0.0,0.2032,0.762,2.54,1.6002,1.7272,2.9464,3.175,1,30,0,2
B00001,B00001_R2,2,2,3,1.3716,0.2032,0.0,1.3716,2.54,0.0,0,0,0.0,0.762,2.54,0.2032,1.6002,2.9464,1.1176,1.4986,2,10,1,1
B00001,B00001_R1,3,3,3,1.3716,0.2032,0.0,1.3716,2.54,0.0,0,0,0.0,0.2032,0.762,0.762,0.2032,1.7272,2.9464,1.1176,1,20,0,1
B00002,B00002_R1,4,1,1,2.54,1.6002,0.0,0.2032,1.6002,0.0,0,0,0.0,1.6764,0.2032,0.2032,1.9812,2.2606,2.8702,3.2512,2,30,0,1
B00003,B00003_R2,5,1,2,0.2032,1.9812,0.0,0.2032,1.6002,0.0,0,0,0.0,2.286,0.2032,0.2032,1.9812,3.8608,3.4798,3.8608,2,30,1,1
B00003,B00003_R1,6,2,2,0.2032,1.9812,0.0,0.2032,1.6002,0.0,0,0,0.0,2.54,1.6002,0.762,2.032,2.7178,2.3368,2.7178,3,30,0,1
B00004,B00004_R2,7,1,4,0.762,2.032,0.0,0.2032,1.9812,0.0,0,0,0.0,0.2032,1.143,0.762,2.54,1.9558,1.3462,1.9558,1,20,1,1
B00004,B00004_R1,8,2,4,0.762,2.032,0.0,0.2032,1.9812,0.0,0,0,0.0,1.0668,2.54,0.2032,1.9812,0.8128,1.4224,1.4224,2,20,0,1
B00004,B00004_R2,9,3,4,0.762,2.032,0.0,0.2032,1.9812,0.0,0,0,0.0,0.762,2.032,0.2032,1.6002,0.0,1.1176,1.4986,2,30,1,2
B00004,B00004_R1,10,4,4,0.762,2.032,0.0,0.2032,1.9812,0.0,0,0,0.0,2.54,1.9812,0.2032,1.9812,2.3368,2.9464,2.9464,2,20,0,2
B00005,B00005_R1,11,1,3,0.2032,1.9812,0.0,0.2032,1.6002,0.0,0,0,0.0,0.4572,2.54,0.2032,1.9812,0.8128,1.1938,0.8128,2,20,0,1
B00005,B00005_R2,12,2,3,0.2032,1.9812,0.0,0.2032,1.6002,0.0,0,0,0.0,1.6764,2.032,0.2032,1.6002,2.032,2.413,2.413,2,30,1,1
B00005,B00005_R1,13,3,3,0.2032,1.9812,0.0,0.2032,1.6002,0.0,0,0,0.0,1.0668,2.032,0.2032,1.6002,1.4224,1.8034,1.8034,2,30,0,2
B00006,B00006_R1,14,1,3,0.2032,1.6002,10.12,0.2032,1.6002,0.0,1,0,10.12,0.2032,0.762,1.6764,0.7112,1.3462,1.3462,2.032,1,10,0,1
B00006,B00006_R2,15,2,3,0.2032,1.6002,10.12,0.2032,1.6002,0.0,1,0,10.12,0.2032,0.762,1.0668,0.7112,1.3462,1.3462,1.4224,1,20,1,1
B00006,B00006_R2,16,3,3,0.2032,1.6002,10.12,0.2032,1.6002,0.0,1,0,10.12,0.4572,0.2032,0.2032,1.9812,1.651,1.651,2.032,2,10,1,2
B00007,B00007_R2,17,1,3,1.6764,0.7112,8.82,0.2032,1.9812,15.02,1,1,-6.2,1.0668,0.2032,0.2032,1.9812,1.1176,2.6416,2.6416,2,30,1,1
B00007,B00007_R1,18,2,3,1.6764,0.7112,8.82,0.2032,1.9812,15.02,1,1,-6.2,0.2032,1.143,1.9812,2.54,2.413,1.3462,3.175,1,10,0,2
B00007,B00007_R1,19,3,3,1.6764,0.7112,8.82,0.2032,1.9812,15.02,1,1,-6.2,2.286,0.2032,0.2032,1.6002,1.1176,3.8608,3.4798,2,10,0,1
B00008,B00008_R1,20,1,4,1.9812,2.54,0.0,0.2032,1.9812,0.0,0,0,0.0,0.2032,0.762,0.762,0.2032,3.556,1.7272,1.1176,1,30,0,2
B00008,B00008_R1,21,2,4,1.9812,2.54,0.0,0.2032,1.9812,0.0,0,0,0.0,0.4572,2.54,0.2032,1.9812,2.032,0.8128,0.8128,2,30,0,1
B00008,B00008_R2,22,3,4,1.9812,2.54,0.0,0.2032,1.9812,0.0,0,0,0.0,0.2032,0.762,2.54,1.143,3.556,1.7272,2.7178,1,10,1,2
B00008,B00008_R2,23,4,4,1.9812,2.54,0.0,0.2032,1.9812,0.0,0,0,0.0,0.2032,0.762,0.762,0.2032,3.556,1.7272,1.1176,1,10,1,1
B00009,B00009_R2,24,1,3,0.762,0.2032,0.0,2.54,1.143,0.0,0,0,0.0,1.0668,2.032,0.2032,1.9812,3.2512,2.8702,1.4224,2,20,1,1
B00009,B00009_R1,25,2,3,0.762,0.2032,0.0,2.54,1.143,0.0,0,0,0.0,0.2032,0.762,1.9812,2.032,1.1176,2.7178,3.556,1,10,0,1
B00009,B00009_R2,26,3,3,0.762,0.2032,0.0,2.54,1.143,0.0,0,0,0.0,0.2032,1.143,1.9812,2.032,1.4986,2.3368,3.175,1,30,1,2
B00010,B00010_R1,27,1,3,1.9812,2.032,0.0,1.9812,2.032,22.84,0,1,-22.84,0.2032,0.762,1.9812,0.7112,3.556,3.556,2.3368,1,30,0,2
B00010,B00010_R1,28,2,3,1.9812,2.032,0.0,1.9812,2.032,22.84,0,1,-22.84,0.2032,1.143,0.762,2.54,3.175,3.175,1.9558,1,10,0,1
B00010,B00010_R2,29,3,3,1.9812,2.032,0.0,1.9812,2.032,22.84,0,1,-22.84,0.2032,0.762,1.9812,0.7112,3.556,3.556,2.3368,1,20,1,1
B00011,B00011_R2,30,1,3,1.9812,0.7112,24.45,1.9812,0.7112,12.22,1,1,12.23,0.2032,0.762,1.0668,2.54,2.3368,2.3368,2.6416,1,30,1,1
B00011,B00011_R2,31,2,3,1.9812,0.7112,24.45,1.9812,0.7112,12.22,1,1,12.23,0.4572,2.54,0.762,0.2032,3.8608,3.8608,2.6416,3,30,1,2
B00011,B00011_R1,32,3,3,1.9812,0.7112,24.45,1.9812,0.7112,12.22,1,1,12.23,0.2032,1.143,0.4572,0.2032,2.7178,2.7178,1.1938,1,30,0,1
B00012,B00012_R2,33,1,3,0.4572,0.2032,0.0,0.762,0.2032,0.0,0,0,0.0,0.2032,1.143,1.6764,2.032,1.1938,1.4986,2.8702,1,20,1,1
B00012,B00012_R1,34,2,3,0.4572,0.2032,0.0,0.762,0.2032,0.0,0,0,0.0,0.2032,1.143,1.6764,0.2032,1.1938,1.4986,2.413,1,20,0,2
B00012,B00012_R1,35,3,3,0.4572,0.2032,0.0,0.762,0.2032,0.0,0,0,0.0,0.2032,1.143,0.762,0.2032,1.1938,1.4986,1.4986,1,20,0,1
B00013,B00013_R1,36,1,2,1.6764,0.2032,18.03,1.6764,2.032,0.0,1,0,18.03,2.286,0.2032,2.54,0.762,1.1176,2.9464,0.8128,3,30,0,1
B00013,B00013_R2,37,2,2,1.6764,0.2032,18.03,1.6764,2.032,0.0,1,0,18.03,2.286,0.2032,2.54,1.143,1.1176,2.9464,1.1938,3,10,1,1
B00014,B00014_R1,38,1,5,2.54,0.762,6.21,2.54,1.143,0.0,1,0,6.21,0.762,0.2032,0.2032,1.6002,2.3368,2.7178,1.9558,2,30,0,1
B00014,B00014_R2,39,2,5,2.54,0.762,6.21,2.54,1.143,0.0,1,0,6.21,1.6764,2.54,0.2032,1.9812,2.6416,2.2606,2.032,2,20,1,3
B00014,B00014_R1,40,3,5,2.54,0.762,6.21,2.54,1.143,0.0,1,0,6.21,0.2032,1.143,2.54,0.762,2.7178,2.3368,2.7178,1,20,0,2
B00014,B00014_R2,41,4,5,2.54,0.762,6.21,2.54,1.143,0.0,1,0,6.21,2.286,2.54,0.2032,1.6002,2.032,1.651,3.0226,2,10,1,1
B00014,B00014_R2,42,5,5,2.54,0.762,6.21,2.54,1.143,0.0,1,0,6.21,0.2032,1.143,1.0668,2.032,2.7178,2.3368,2.2606,1,30,1,2
B00015,B00015_R1,43,1,4,2.54,0.762,20.54,0.2032,1.9812,36.16,1,2,-15.62,0.2032,1.143,1.9812,2.54,2.7178,1.3462,3.175,1,10,0,2
B00015,B00015_R2,44,2,4,2.54,0.762,20.54,0.2032,1.9812,36.16,1,2,-15.62,0.2032,0.762,2.286,0.2032,2.9464,1.7272,2.6416,1,30,1,2
B00015,B00015_R1,45,3,4,2.54,0.762,20.54,0.2032,1.9812,36.16,1,2,-15.62,2.54,0.762,0.2032,1.9812,0.0,3.556,3.556,2,30,0,1
B00015,B00015_R2,46,4,4,2.54,0.762,20.54,0.2032,1.9812,36.16,1,2,-15.62,0.2032,1.143,0.4572,0.2032,2.7178,1.3462,1.1938,1,10,1,1
B00016,B00016_R2,47,1,5,1.9812,2.54,40.89,2.286,0.2032,46.69,2,3,-5.8,2.286,0.2032,0.762,0.2032,2.6416,0.0,2.032,3,10,1,1
B00016,B00016_R1,48,2,5,1.9812,2.54,40.89,2.286,0.2032,46.69,2,3,-5.8,0.762,2.032,0.2032,1.6002,1.7272,3.8608,1.4986,2,20,0,1
B00016,B00016_R1,49,3,5,1.9812,2.54,40.89,2.286,0.2032,46.69,2,3,-5.8,0.2032,0.762,1.0668,2.54,3.556,2.6416,2.6416,1,30,0,3
B00016,B00016_R2,50,4,5,1.9812,2.54,40.89,2.286,0.2032,46.69,2,3,-5.8,0.2032,0.762,2.54,1.6002,3.556,2.6416,3.175,1,20,1,2
B00016,B00016_R1,51,5,5,1.9812,2.54,40.89,2.286,0.2032,46.69,2,3,-5.8,0.2032,0.762,0.762,0.2032,3.556,2.6416,1.1176,1,10,0,2
B00017,B00017_R1,52,1,3,1.0668,2.54,55.3,2.54,1.6002,56.6,3,3,-1.3,0.2032,0.762,1.6764,2.032,2.6416,3.175,3.2512,1,30,0,2
B00017,B00017_R2,53,2,3,1.0668,2.54,55.3,2.54,1.6002,56.6,3,3,-1.3,2.54,0.762,1.9812,0.7112,3.2512,1.3462,1.1176,3,20,1,1
B00017,B00017_R1,54,3,3,1.0668,2.54,55.3,2.54,1.6002,56.6,3,3,-1.3,0.762,2.032,0.2032,1.6002,0.8128,2.7178,1.4986,2,20,0,1
B00018,B00018_R1,55,1,4,1.6764,2.032,67.52,1.9812,0.7112,49.69,4,3,17.83,0.2032,1.143,1.0668,2.032,2.8702,2.7178,2.2606,1,20,0,2
B00018,B00018_R1,56,2,4,1.6764,2.032,67.52,1.9812,0.7112,49.69,4,3,17.83,0.2032,1.143,0.762,2.032,2.8702,2.7178,1.9558,1,30,0,1
B00018,B00018_R2,57,3,4,1.6764,2.032,67.52,1.9812,0.7112,49.69,4,3,17.83,0.2032,0.762,2.54,1.6002,3.2512,2.3368,3.175,1,30,1,2
B00018,B00018_R2,58,4,4,1.6764,2.032,67.52,1.9812,0.7112,49.69,4,3,17.83,0.2032,0.762,1.9812,0.2032,3.2512,2.3368,2.3368,1,20,1,1
B00019,B00019_R2,59,1,3,1.0668,2.032,63.52,2.54,1.6002,39.98,3,2,23.54,0.2032,1.143,2.286,2.54,2.2606,2.794,3.4798,1,20,1,2
B00019,B00019_R2,60,2,3,1.0668,2.032,63.52,2.54,1.6002,39.98,3,2,23.54,1.9812,2.032,0.2032,1.9812,1.4224,1.4986,2.3368,2,20,1,1
B00019,B00019_R1,61,3,3,1.0668,2.032,63.52,2.54,1.6002,39.98,3,2,23.54,1.6764,2.032,0.2032,1.6002,1.1176,1.8034,2.413,2,30,0,1
B00020,B00020_R2,62,1,1,0.2032,1.6002,42.58,2.286,2.54,46.19,2,2,-3.61,2.54,0.762,0.2032,1.9812,3.175,2.032,3.556,2,10,1,1
B00021,B00021_R1,63,1,1,0.2032,1.6002,12.53,0.2032,1.9812,44.8,1,2,-32.27,1.0668,2.54,0.762,0.7112,1.8034,1.4224,3.2512,3,10,0,1
B00022,B00022_R1,64,1,5,0.762,0.7112,11.22,0.2032,1.9812,16.03,1,1,-4.81,0.4572,0.2032,0.2032,1.9812,0.8128,2.032,2.032,2,10,0,3
B00022,B00022_R2,65,2,5,0.762,0.7112,11.22,0.2032,1.9812,16.03,1,1,-4.81,1.9812,0.7112,0.762,0.7112,1.7272,3.556,1.7272,3,10,1,2
B00022,B00022_R1,66,3,5,0.762,0.7112,11.22,0.2032,1.9812,16.03,1,1,-4.81,0.762,0.7112,1.0668,0.7112,0.0,2.3368,0.8128,3,30,0,1
B00022,B00022_R1,67,4,5,0.762,0.7112,11.22,0.2032,1.9812,16.03,1,1,-4.81,0.2032,0.762,0.4572,0.2032,1.1176,1.7272,0.8128,1,30,0,2
B00022,B00022_R2,68,5,5,0.762,0.7112,11.22,0.2032,1.9812,16.03,1,1,-4.81,0.2032,0.762,1.6764,0.2032,1.1176,1.7272,2.032,1,20,1,1
B00023,B00023_R2,69,1,4,0.2032,1.9812,26.64,0.762,0.7112,16.03,2,1,10.61,0.762,0.7112,1.0668,0.2032,2.3368,0.0,0.8128,3,30,1,1
B00023,B00023_R2,70,2,4,0.2032,1.9812,26.64,0.762,0.7112,16.03,2,1,10.61,1.9812,0.7112,0.2032,1.6002,3.556,1.7272,3.175,2,10,1,3
B00023,B00023_R2,71,3,4,0.2032,1.9812,26.64,0.762,0.7112,16.03,2,1,10.61,0.2032,0.762,1.6764,0.2032,1.7272,1.1176,2.032,1,30,1,2
B00023,B00023_R1,72,4,4,0.2032,1.9812,26.64,0.762,0.7112,16.03,2,1,10.61,0.2032,1.143,1.9812,2.032,1.3462,1.4986,3.175,1,20,0,1
B00024,B00024_R1,73,1,1,1.9812,2.032,27.85,0.2032,1.6002,47.59,2,3,-19.74,2.54,1.9812,0.2032,1.9812,1.1176,2.7178,2.9464,2,10,0,1
B00025,B00025_R1,74,1,3,0.2032,1.9812,22.04,0.2032,1.6002,21.74,1,1,0.3,1.6764,2.032,0.2032,1.9812,2.032,2.413,2.032,2,20,0,1
B00025,B00025_R2,75,2,3,0.2032,1.9812,22.04,0.2032,1.6002,21.74,1,1,0.3,1.0668,0.2032,2.54,1.6002,2.6416,2.2606,2.8702,3,20,1,1
B00025,B00025_R2,76,3,3,0.2032,1.9812,22.04,0.2032,1.6002,21.74,1,1,0.3,2.54,1.6002,0.2032,1.9812,2.7178,2.3368,2.7178,2,10,1,2
B00026,B00026_R1,77,1,1,0.2032,1.9812,11.02,0.2032,1.9812,31.06,1,2,-20.04,2.286,0.2032,1.9812,2.54,3.8608,3.8608,2.6416,3,20,0,1
B00027,B00027_R1,78,1,3,1.9812,2.54,0.0,0.2032,1.9812,0.0,0,0,0.0,1.6764,0.7112,2.286,0.2032,3.2512,3.2512,1.1176,3,20,0,1
B00027,B00027_R2,79,2,3,1.9812,2.54,0.0,0.2032,1.9812,0.0,0,0,0.0,0.2032,1.143,1.9812,2.032,3.175,1.3462,3.175,1,10,1,2
B00027,B00027_R2,80,3,3,1.9812,2.54,0.0,0.2032,1.9812,0.0,0,0,0.0,0.4572,0.2032,0.2032,1.6002,3.8608,2.032,1.651,2,20,1,1
B00028,B00028_R1,81,1,4,2.286,0.2032,0.0,1.9812,2.032,21.34,0,1,-21.34,1.6764,0.2032,0.2032,1.6002,1.1176,3.2512,2.8702,2,10,0,3
B00028,B00028_R1,82,2,4,2.286,0.2032,0.0,1.9812,2.032,21.34,0,1,-21.34,0.2032,1.143,2.54,0.762,3.0226,3.175,2.7178,1,30,0,2
B00028,B00028_R1,83,3,4,2.286,0.2032,0.0,1.9812,2.032,21.34,0,1,-21.34,1.0668,0.7112,0.2032,1.6002,1.7272,3.2512,2.2606,2,10,0,1
B00028,B00028_R2,84,4,4,2.286,0.2032,0.0,1.9812,2.032,21.34,0,1,-21.34,0.2032,0.762,1.0668,2.032,2.6416,3.556,2.6416,1,20,1,1
B00029,B00029_R2,85,1,3,0.2032,1.6002,14.33,1.0668,2.032,0.0,1,0,14.33,0.2032,1.143,0.762,0.2032,0.9652,2.2606,1.4986,1,10,1,1
B00029,B00029_R2,86,2,3,0.2032,1.6002,14.33,1.0668,2.032,0.0,1,0,14.33,0.762,0.2032,0.2032,1.9812,1.9558,3.2512,2.3368,2,30,1,2
B00029,B00029_R1,87,3,3,0.2032,1.6002,14.33,1.0668,2.032,0.0,1,0,14.33,0.2032,1.143,1.9812,2.54,0.9652,2.2606,3.175,1,20,0,1
B00030,B00030_R1,88,1,3,1.9812,2.54,0.0,0.2032,1.9812,15.22,0,1,-15.22,0.762,2.54,0.762,2.032,1.7272,1.1176,0.508,3,30,0,2
B00030,B00030_R1,89,2,3,1.9812,2.54,0.0,0.2032,1.9812,15.22,0,1,-15.22,2.54,1.9812,0.2032,1.9812,1.1176,2.9464,2.9464,2,20,0,1
B00030,B00030_R2,90,3,3,1.9812,2.54,0.0,0.2032,1.9812,15.22,0,1,-15.22,0.4572,0.2032,0.2032,1.9812,3.8608,2.032,2.032,2,10,1,1
B00031,B00031_R2,91,1,5,0.762,2.032,12.42,0.2032,1.9812,11.02,1,1,1.4,0.2032,1.143,0.4572,0.2032,1.9558,1.3462,1.1938,1,10,1,2
B00031,B00031_R2,92,2,5,0.762,2.032,12.42,0.2032,1.9812,11.02,1,1,1.4,0.2032,1.143,1.9812,0.2032,1.9558,1.3462,2.7178,1,20,1,3
B00031,B00031_R2,93,3,5,0.762,2.032,12.42,0.2032,1.9812,11.02,1,1,1.4,0.2032,1.143,0.4572,0.2032,1.9558,1.3462,1.1938,1,20,1,1
B00031,B00031_R1,94,4,5,0.762,2.032,12.42,0.2032,1.9812,11.02,1,1,1.4,0.2032,1.143,2.54,1.6002,1.9558,1.3462,2.794,1,30,0,2
B00031,B00031_R1,95,5,5,0.762,2.032,12.42,0.2032,1.9812,11.02,1,1,1.4,0.2032,1.143,1.0668,2.54,1.9558,1.3462,2.2606,1,30,0,1
B00032,B00032_R1,96,1,1,2.54,1.6002,0.0,1.9812,0.2032,0.0,0,0,0.0,1.9812,2.032,0.2032,1.6002,1.4986,2.9464,2.7178,2,10,0,1
B00033,B00033_R2,97,1,4,0.2032,1.6002,0.0,1.9812,0.2032,0.0,0,0,0.0,2.54,0.762,0.2032,1.6002,3.175,1.1176,3.175,2,10,1,1
B00033,B00033_R1,98,2,4,0.2032,1.6002,0.0,1.9812,0.2032,0.0,0,0,0.0,0.2032,1.143,2.54,1.143,0.9652,2.7178,2.3368,1,20,0,1
B00033,B00033_R1,99,3,4,0.2032,1.6002,0.0,1.9812,0.2032,0.0,0,0,0.0,2.286,0.2032,0.762,2.032,3.4798,0.8128,3.8608,3,30,0,2
B00033,B00033_R2,100,4,4,0.2032,1.6002,0.0,1.9812,0.2032,0.0,0,0,0.0,2.54,1.6002,0.2032,1.6002,2.3368,1.9558,2.3368,2,30,1,2
B00034,B00034_R1,101,1,3,0.762,2.032,18.24,0.2032,1.6002,19.84,1,1,-1.6,2.54,1.9812,0.2032,1.6002,2.3368,2.7178,2.7178,2,10,0,1
B00034,B00034_R2,102,2,3,0.762,2.032,18.24,0.2032,1.6002,19.84,1,1,-1.6,0.2032,0.762,2.286,0.2032,2.3368,1.3462,2.6416,1,10,1,1
B00034,B00034_R2,103,3,3,0.762,2.032,18.24,0.2032,1.6002,19.84,1,1,-1.6,2.54,1.6002,0.2032,1.9812,2.7178,2.3368,2.7178,2,10,1,2
B00035,B00035_R1,104,1,1,0.2032,1.6002,13.73,0.2032,1.9812,35.67,1,2,-21.94,2.54,1.9812,0.2032,1.6002,2.7178,2.9464,2.7178,2,10,0,1
B00036,B00036_R2,105,1,4,0.2032,1.6002,0.0,0.2032,1.9812,0.0,0,0,0.0,0.2032,0.762,1.0668,0.2032,1.3462,1.7272,1.4224,1,10,1,1
B00036,B00036_R1,106,2,4,0.2032,1.6002,0.0,0.2032,1.9812,0.0,0,0,0.0,1.9812,0.2032,0.2032,1.6002,3.175,3.556,3.175,2,10,0,2
B00036,B00036_R2,107,3,4,0.2032,1.6002,0.0,0.2032,1.9812,0.0,0,0,0.0,0.2032,0.762,1.6764,2.54,1.3462,1.7272,3.2512,1,10,1,2
B00036,B00036_R1,108,4,4,0.2032,1.6002,0.0,0.2032,1.9812,0.0,0,0,0.0,0.2032,1.143,2.54,1.9812,0.9652,1.3462,3.175,1,10,0,1
B00037,B00037_R2,109,1,2,0.2032,1.6002,23.45,1.6764,2.54,22.24,1,1,1.21,2.286,2.54,0.2032,1.9812,3.0226,1.1176,2.6416,2,20,1,1
B00037,B00037_R1,110,2,2,0.2032,1.6002,23.45,1.6764,2.54,22.24,1,1,1.21,2.54,1.6002,2.286,2.54,2.3368,1.8034,1.1938,3,10,0,1
B00038,B00038_R2,111,1,5,2.286,2.54,7.71,0.2032,1.9812,13.43,1,1,-5.72,0.2032,1.143,0.762,2.54,3.4798,1.3462,1.9558,1,10,1,1
B00038,B00038_R1,112,2,5,2.286,2.54,7.71,0.2032,1.9812,13.43,1,1,-5.72,0.2032,0.762,2.54,1.6002,3.8608,1.7272,3.175,1,10,0,3
B00038,B00038_R2,113,3,5,2.286,2.54,7.71,0.2032,1.9812,13.43,1,1,-5.72,0.2032,0.762,2.54,1.9812,3.8608,1.7272,3.556,1,10,1,2
B00038,B00038_R1,114,4,5,2.286,2.54,7.71,0.2032,1.9812,13.43,1,1,-5.72,0.2032,0.762,0.762,2.032,3.8608,1.7272,2.3368,1,10,0,2
B00038,B00038_R1,115,5,5,2.286,2.54,7.71,0.2032,1.9812,13.43,1,1,-5.72,1.0668,2.54,1.0668,0.7112,1.7272,1.4224,2.9464,3,30,0,1
B00039,B00039_R2,116,1,3,2.54,1.6002,48.6,2.54,1.9812,29.26,2,1,19.34,0.2032,1.143,1.9812,2.54,2.794,3.175,3.175,1,10,1,2
B00039,B00039_R2,117,2,3,2.54,1.6002,48.6,2.54,1.9812,29.26,2,1,19.34,0.2032,0.762,1.0668,0.7112,3.175,3.556,1.4224,1,30,1,1
B00039,B00039_R1,118,3,3,2.54,1.6002,48.6,2.54,1.9812,29.26,2,1,19.34,0.4572,2.54,2.54,0.762,3.0226,2.6416,3.8608,3,10,0,1
B00040,B00040_R2,119,1,2,2.54,0.762,48.7,1.9812,2.54,34.26,2,2,14.44,2.286,2.54,0.2032,1.6002,2.032,0.8128,3.0226,2,10,1,1
B00040,B00040_R2,120,2,2,2.54,0.762,48.7,1.9812,2.54,34.26,2,2,14.44,0.4572,2.54,0.2032,1.6002,3.8608,2.032,1.1938,2,30,1,2
B00041,B00041_R2,121,1,5,2.54,0.762,0.0,0.2032,1.6002,0.0,0,0,0.0,0.2032,0.762,0.762,2.54,2.9464,1.3462,2.3368,1,30,1,3
B00041,B00041_R2,122,2,5,2.54,0.762,0.0,0.2032,1.6002,0.0,0,0,0.0,0.2032,0.762,1.9812,0.7112,2.9464,1.3462,2.3368,1,10,1,1
B00041,B00041_R1,123,3,5,2.54,0.762,0.0,0.2032,1.6002,0.0,0,0,0.0,0.2032,0.762,0.762,2.032,2.9464,1.3462,2.3368,1,30,0,2
B00041,B00041_R1,124,4,5,2.54,0.762,0.0,0.2032,1.6002,0.0,0,0,0.0,1.0668,0.2032,0.2032,1.9812,2.032,2.2606,2.6416,2,20,0,1
B00041,B00041_R2,125,5,5,2.54,0.762,0.0,0.2032,1.6002,0.0,0,0,0.0,1.0668,0.2032,0.2032,1.9812,2.032,2.2606,2.6416,2,20,1,2
B00042,B00042_R2,126,1,5,0.762,2.032,22.04,0.762,2.54,44.08,1,2,-22.04,0.2032,1.143,1.9812,2.032,1.9558,1.9558,3.175,1,20,1,2
B00042,B00042_R1,127,2,5,0.762,2.032,22.04,0.762,2.54,44.08,1,2,-22.04,0.2032,0.762,1.9812,0.7112,2.3368,2.3368,2.3368,1,10,0,1
B00042,B00042_R1,128,3,5,0.762,2.032,22.04,0.762,2.54,44.08,1,2,-22.04,1.0668,0.2032,1.6764,0.7112,3.2512,3.2512,1.1176,3,20,0,2
B00042,B00042_R1,129,4,5,0.762,2.032,22.04,0.762,2.54,44.08,1,2,-22.04,1.6764,0.7112,0.2032,1.9812,3.2512,3.2512,3.2512,2,20,0,3
B00042,B00042_R2,130,5,5,0.762,2.032,22.04,0.762,2.54,44.08,1,2,-22.04,1.6764,2.54,0.2032,1.6002,1.4224,1.4224,2.413,2,30,1,1
B00043,B00043_R2,131,1,5,0.2032,1.9812,47.08,1.9812,2.032,55.7,3,3,-8.62,0.2032,1.143,1.0668,2.032,1.3462,3.175,2.2606,1,30,1,2
B00043,B00043_R1,132,2,5,0.2032,1.9812,47.08,1.9812,2.032,55.7,3,3,-8.62,0.2032,0.762,2.54,1.143,1.7272,3.556,2.7178,1,30,0,2
B00043,B00043_R1,133,3,5,0.2032,1.9812,47.08,1.9812,2.032,55.7,3,3,-8.62,2.54,1.6002,0.2032,1.6002,2.7178,1.4986,2.3368,2,30,0,3
B00043,B00043_R1,134,4,5,0.2032,1.9812,47.08,1.9812,2.032,55.7,3,3,-8.62,0.2032,0.762,1.0668,0.2032,1.7272,3.556,1.4224,1,20,0,1
B00043,B00043_R2,135,5,5,0.2032,1.9812,47.08,1.9812,2.032,55.7,3,3,-8.62,1.6764,2.032,0.2032,1.6002,2.032,0.8128,2.413,2,10,1,1
B00044,B00044_R1,136,1,5,0.2032,1.6002,49.98,1.0668,2.032,31.26,3,2,18.72,2.54,1.6002,0.2032,1.9812,2.3368,2.413,2.7178,2,20,0,2
B00044,B00044_R2,137,2,5,0.2032,1.6002,49.98,1.0668,2.032,31.26,3,2,18.72,0.4572,0.2032,0.2032,1.9812,1.651,2.9464,2.032,2,10,1,2
B00044,B00044_R2,138,3,5,0.2032,1.6002,49.98,1.0668,2.032,31.26,3,2,18.72,0.2032,1.143,1.6764,2.54,0.9652,2.2606,2.8702,1,30,1,3
B00044,B00044_R2,139,4,5,0.2032,1.6002,49.98,1.0668,2.032,31.26,3,2,18.72,1.0668,2.032,1.0668,0.2032,1.8034,0.0,2.9464,3,10,1,1
B00044,B00044_R1,140,5,5,0.2032,1.6002,49.98,1.0668,2.032,31.26,3,2,18.72,0.2032,1.143,2.54,1.143,0.9652,2.2606,2.3368,1,10,0,1
B00045,B00045_R1,141,1,5,0.2032,1.9812,32.76,1.6764,2.54,33.66,2,2,-0.9,0.2032,0.762,0.4572,0.2032,1.7272,3.2512,0.8128,1,30,0,1
B00045,B00045_R1,142,2,5,0.2032,1.9812,32.76,1.6764,2.54,33.66,2,2,-0.9,0.2032,0.762,0.762,0.7112,1.7272,3.2512,1.1176,1,20,0,2
B00045,B00045_R2,143,3,5,0.2032,1.9812,32.76,1.6764,2.54,33.66,2,2,-0.9,1.0668,2.032,1.0668,2.54,1.4224,1.1176,0.508,3,20,1,1
B00045,B00045_R2,144,4,5,0.2032,1.9812,32.76,1.6764,2.54,33.66,2,2,-0.9,1.9812,0.7112,1.6764,2.032,3.556,3.2512,3.2512,3,20,1,2
B00045,B00045_R1,145,5,5,0.2032,1.9812,32.76,1.6764,2.54,33.66,2,2,-0.9,1.6764,0.7112,0.2032,1.6002,3.2512,2.9464,2.8702,2,20,0,3
B00046,B00046_R2,146,1,4,0.2032,1.6002,52.59,1.6764,2.032,44.09,3,2,8.5,1.6764,2.54,2.54,1.6002,2.413,0.508,1.8034,3,30,1,1
B00046,B00046_R2,147,2,4,0.2032,1.6002,52.59,1.6764,2.032,44.09,3,2,8.5,0.2032,0.762,1.6764,0.7112,1.3462,3.2512,2.032,1,10,1,2
B00046,B00046_R1,148,3,4,0.2032,1.6002,52.59,1.6764,2.032,44.09,3,2,8.5,0.2032,1.143,0.762,0.7112,0.9652,2.8702,1.4986,1,30,0,1
B00046,B00046_R1,149,4,4,0.2032,1.6002,52.59,1.6764,2.032,44.09,3,2,8.5,1.0668,0.2032,1.9812,0.2032,2.2606,2.9464,1.4224,3,30,0,2
B00047,B00047_R2,150,1,5,1.9812,0.2032,30.55,1.6764,0.7112,26.55,2,1,4.0,1.6764,0.7112,1.9812,2.032,0.8128,0.0,3.2512,3,10,1,1
B00047,B00047_R2,151,2,5,1.9812,0.2032,30.55,1.6764,0.7112,26.55,2,1,4.0,0.2032,1.143,1.6764,0.2032,2.7178,2.413,2.413,1,30,1,3
B00047,B00047_R2,152,3,5,1.9812,0.2032,30.55,1.6764,0.7112,26.55,2,1,4.0,0.762,2.032,0.762,0.7112,3.556,3.2512,2.9464,3,10,1,2
B00047,B00047_R1,153,4,5,1.9812,0.2032,30.55,1.6764,0.7112,26.55,2,1,4.0,0.2032,0.762,1.9812,2.54,2.3368,2.032,3.556,1,20,0,2
B00047,B00047_R1,154,5,5,1.9812,0.2032,30.55,1.6764,0.7112,26.55,2,1,4.0,0.2032,0.762,1.0668,0.7112,2.3368,2.032,1.4224,1,20,0,1
B00048,B00048_R2,155,1,3,1.9812,2.54,55.1,1.6764,0.2032,61.72,3,3,-6.62,0.762,0.2032,0.2032,1.9812,3.556,1.4224,2.3368,2,30,1,1
B00048,B00048_R1,156,2,3,1.9812,2.54,55.1,1.6764,0.2032,61.72,3,3,-6.62,1.9812,0.2032,0.2032,1.9812,2.9464,0.8128,3.556,2,30,0,1
B00048,B00048_R2,157,3,3,1.9812,2.54,55.1,1.6764,0.2032,61.72,3,3,-6.62,0.2032,0.762,0.762,2.54,3.556,2.032,2.3368,1,20,1,2
B00049,B00049_R1,158,1,4,0.2032,1.9812,57.32,0.762,2.54,78.95,2,4,-21.63,0.762,2.032,0.2032,1.9812,1.1176,0.508,1.1176,2,10,0,2
B00049,B00049_R1,159,2,4,0.2032,1.9812,57.32,0.762,2.54,78.95,2,4,-21.63,0.4572,2.54,0.2032,1.9812,0.8128,0.8128,0.8128,2,10,0,1
B00049,B00049_R1,160,3,4,0.2032,1.9812,57.32,0.762,2.54,78.95,2,4,-21.63,1.6764,0.2032,1.6764,2.54,3.2512,3.2512,2.9464,3,30,0,3
B00049,B00049_R2,161,4,4,0.2032,1.9812,57.32,0.762,2.54,78.95,2,4,-21.63,1.9812,2.54,0.2032,1.9812,2.3368,1.7272,2.3368,2,10,1,1
B00050,B00050_R2,162,1,3,1.6764,2.54,51.49,0.2032,1.9812,34.26,3,2,17.23,0.2032,1.143,1.0668,0.2032,2.8702,1.3462,1.8034,1,30,1,1
B00050,B00050_R2,163,2,3,1.6764,2.54,51.49,0.2032,1.9812,34.26,3,2,17.23,0.2032,0.762,1.6764,0.7112,3.2512,1.7272,2.032,1,30,1,2
B00050,B00050_R1,164,3,3,1.6764,2.54,51.49,0.2032,1.9812,34.26,3,2,17.23,0.4572,2.54,0.762,0.2032,1.7272,0.8128,2.6416,3,20,0,1
B00051,B00051_R1,165,1,3,0.762,0.2032,0.0,1.6764,0.7112,0.0,0,0,0.0,0.2032,1.143,1.6764,2.54,1.4986,2.413,2.8702,1,10,0,2
B00051,B00051_R2,166,2,3,0.762,0.2032,0.0,1.6764,0.7112,0.0,0,0,0.0,2.54,1.143,0.2032,1.9812,2.7178,1.8034,3.175,2,20,1,1
B00051,B00051_R1,167,3,3,0.762,0.2032,0.0,1.6764,0.7112,0.0,0,0,0.0,0.4572,0.2032,0.2032,1.9812,0.8128,1.7272,2.032,2,30,0,1
B00052,B00052_R1,168,1,4,1.6764,2.54,0.0,0.2032,1.9812,0.0,0,0,0.0,1.9812,2.54,0.2032,1.6002,0.8128,2.3368,2.7178,2,20,0,1
B00052,B00052_R2,169,2,4,1.6764,2.54,0.0,0.2032,1.9812,0.0,0,0,0.0,0.2032,1.143,1.0668,0.2032,2.8702,1.3462,1.8034,1,10,1,1
B00052,B00052_R2,170,3,4,1.6764,2.54,0.0,0.2032,1.9812,0.0,0,0,0.0,1.6764,0.7112,2.54,1.6002,2.9464,3.2512,2.2606,3,10,1,2
B00052,B00052_R1,171,4,4,1.6764,2.54,0.0,0.2032,1.9812,0.0,0,0,0.0,0.4572,0.2032,0.2032,1.9812,3.556,2.032,2.032,2,10,0,2
B00053,B00053_R1,172,1,3,0.2032,1.9812,0.0,2.54,1.6002,0.0,0,0,0.0,1.6764,2.032,0.2032,1.6002,2.032,1.8034,2.413,2,30,0,2
B00053,B00053_R1,173,2,3,0.2032,1.9812,0.0,2.54,1.6002,0.0,0,0,0.0,0.2032,0.762,0.762,2.54,1.7272,3.175,2.3368,1,20,0,1
B00053,B00053_R2,174,3,3,0.2032,1.9812,0.0,2.54,1.6002,0.0,0,0,0.0,1.0668,0.7112,1.9812,0.7112,2.6416,2.8702,1.4224,3,10,1,1
B00054,B00054_R1,175,1,4,0.2032,1.6002,21.14,1.9812,0.7112,0.0,1,0,21.14,0.2032,0.762,0.4572,0.2032,1.3462,2.3368,0.8128,1,30,0,1
B00054,B00054_R1,176,2,4,0.2032,1.6002,21.14,1.9812,0.7112,0.0,1,0,21.14,0.2032,0.762,0.762,0.2032,1.3462,2.3368,1.1176,1,30,0,2
B00054,B00054_R2,177,3,4,0.2032,1.6002,21.14,1.9812,0.7112,0.0,1,0,21.14,2.54,1.9812,1.0668,2.032,2.7178,2.3368,2.032,3,30,1,2
B00054,B00054_R2,178,4,4,0.2032,1.6002,21.14,1.9812,0.7112,0.0,1,0,21.14,0.762,0.2032,1.9812,2.032,1.9558,1.7272,3.556,3,10,1,1
B00055,B00055_R1,179,1,5,0.762,0.2032,19.83,1.0668,2.032,18.43,2,1,1.4,0.2032,1.143,0.4572,0.2032,1.4986,2.2606,1.1938,1,10,0,1
B00055,B00055_R2,180,2,5,0.762,0.2032,19.83,1.0668,2.032,18.43,2,1,1.4,0.2032,1.143,1.0668,2.032,1.4986,2.2606,2.2606,1,10,1,2
B00055,B00055_R1,181,3,5,0.762,0.2032,19.83,1.0668,2.032,18.43,2,1,1.4,1.6764,0.7112,0.2032,1.9812,1.4224,2.9464,3.2512,2,30,0,2
B00055,B00055_R2,182,4,5,0.762,0.2032,19.83,1.0668,2.032,18.43,2,1,1.4,1.0668,2.032,0.2032,1.6002,3.2512,0.0,1.8034,2,10,1,3
B00055,B00055_R2,183,5,5,0.762,0.2032,19.83,1.0668,2.032,18.43,2,1,1.4,1.0668,2.032,0.2032,1.6002,3.2512,0.0,1.8034,2,10,1,1
B00056,B00056_R1,184,1,3,0.2032,1.9812,42.28,0.2032,1.6002,41.97,2,3,0.31,0.2032,1.143,1.6764,2.032,1.3462,0.9652,2.8702,1,20,0,1
B00056,B00056_R2,185,2,3,0.2032,1.9812,42.28,0.2032,1.6002,41.97,2,3,0.31,0.2032,1.143,1.6764,0.7112,1.3462,0.9652,2.413,1,30,1,1
B00056,B00056_R2,186,3,3,0.2032,1.9812,42.28,0.2032,1.6002,41.97,2,3,0.31,0.2032,0.762,2.54,1.143,1.7272,1.3462,2.7178,1,30,1,2
B00057,B00057_R1,187,1,4,1.6764,2.032,0.0,2.54,1.143,0.0,0,0,0.0,0.2032,0.762,1.0668,0.7112,3.2512,2.7178,1.4224,1,30,0,1
B00057,B00057_R2,188,2,4,1.6764,2.032,0.0,2.54,1.143,0.0,0,0,0.0,0.2032,0.762,0.762,2.032,3.2512,2.7178,2.3368,1,30,1,2
B00057,B00057_R2,189,3,4,1.6764,2.032,0.0,2.54,1.143,0.0,0,0,0.0,0.762,0.7112,0.2032,1.6002,3.2512,2.7178,1.9558,2,30,1,1
B00057,B00057_R1,190,4,4,1.6764,2.032,0.0,2.54,1.143,0.0,0,0,0.0,0.762,0.2032,0.2032,1.6002,3.2512,2.7178,1.9558,2,30,0,2
B00058,B00058_R1,191,1,5,0.2032,1.6002,16.93,0.762,2.032,20.54,1,1,-3.61,0.2032,0.762,2.54,0.762,1.3462,2.3368,2.9464,1,30,0,1
B00058,B00058_R2,192,2,5,0.2032,1.6002,16.93,0.762,2.032,20.54,1,1,-3.61,2.54,1.9812,0.2032,1.6002,2.7178,2.3368,2.7178,2,20,1,3
B00058,B00058_R2,193,3,5,0.2032,1.6002,16.93,0.762,2.032,20.54,1,1,-3.61,1.0668,2.032,0.2032,1.9812,1.8034,0.8128,1.4224,2,30,1,1
B00058,B00058_R2,194,4,5,0.2032,1.6002,16.93,0.762,2.032,20.54,1,1,-3.61,0.2032,0.762,2.54,1.9812,1.3462,2.3368,3.556,1,30,1,2
B00058,B00058_R1,195,5,5,0.2032,1.6002,16.93,0.762,2.032,20.54,1,1,-3.61,1.0668,0.2032,0.2032,1.9812,2.2606,3.2512,2.6416,2,20,0,2
B00059,B00059_R2,196,1,2,0.2032,1.9812,39.08,0.2032,1.6002,52.2,2,3,-13.12,2.54,0.762,0.2032,1.6002,3.556,3.175,3.175,2,30,1,1
B00059,B00059_R1,197,2,2,0.2032,1.9812,39.08,0.2032,1.6002,52.2,2,3,-13.12,1.6764,2.032,0.2032,1.6002,2.032,2.413,2.413,2,10,0,1
B00060,B00060_R2,198,1,3,0.2032,1.6002,23.55,0.2032,1.6002,47.8,1,2,-24.25,2.54,1.6002,0.2032,1.9812,2.3368,2.3368,2.7178,2,20,1,1
B00060,B00060_R1,199,2,3,0.2032,1.6002,23.55,0.2032,1.6002,47.8,1,2,-24.25,1.9812,0.7112,0.4572,0.2032,3.175,3.175,2.032,3,20,0,1
B00060,B00060_R1,200,3,3,0.2032,1.6002,23.55,0.2032,1.6002,47.8,1,2,-24.25,1.6764,0.2032,0.2032,1.9812,2.8702,2.8702,3.2512,2,20,0,2
B00061,B00061_R1,201,1,2,0.2032,1.9812,36.67,0.2032,1.9812,41.48,2,2,-4.81,1.6764,2.54,0.2032,1.6002,2.032,2.032,2.413,2,10,0,1
B00061,B00061_R2,202,2,2,0.2032,1.9812,36.67,0.2032,1.9812,41.48,2,2,-4.81,0.2032,0.762,0.762,2.032,1.7272,1.7272,2.3368,1,30,1,1
B00062,B00062_R2,203,1,3,0.2032,1.6002,23.55,0.762,2.032,22.04,1,1,1.51,1.6764,2.032,2.54,1.9812,2.413,1.4224,1.4224,3,10,1,2
B00062,B00062_R1,204,2,3,0.2032,1.6002,23.55,0.762,2.032,22.04,1,1,1.51,0.2032,0.762,1.9812,0.7112,1.3462,2.3368,2.3368,1,10,0,1
B00062,B00062_R2,205,3,3,0.2032,1.6002,23.55,0.762,2.032,22.04,1,1,1.51,0.762,2.032,0.2032,1.9812,1.4986,0.0,1.1176,2,20,1,1
B00063,B00063_R2,206,1,1,1.9812,0.7112,0.0,2.54,1.9812,0.0,0,0,0.0,0.762,2.54,1.9812,0.7112,3.556,2.3368,3.556,3,30,1,1
B00064,B00064_R2,207,1,3,1.9812,0.7112,0.0,1.9812,0.7112,0.0,0,0,0.0,0.762,2.54,0.2032,1.9812,3.556,3.556,1.1176,2,20,1,1
B00064,B00064_R1,208,2,3,1.9812,0.7112,0.0,1.9812,0.7112,0.0,0,0,0.0,1.6764,2.54,2.286,0.2032,3.2512,3.2512,2.9464,3,20,0,1
B00064,B00064_R2,209,3,3,1.9812,0.7112,0.0,1.9812,0.7112,0.0,0,0,0.0,0.4572,2.54,1.6764,0.7112,3.8608,3.8608,3.556,3,20,1,2
B00065,B00065_R1,210,1,3,2.286,0.2032,0.0,1.6764,0.7112,23.25,0,1,-23.25,1.9812,0.7112,0.2032,1.9812,0.8128,0.8128,3.556,2,20,0,1
B00065,B00065_R2,211,2,3,2.286,0.2032,0.0,1.6764,0.7112,23.25,0,1,-23.25,0.2032,0.762,2.54,0.762,2.6416,2.032,2.9464,1,20,1,1
B00065,B00065_R1,212,3,3,2.286,0.2032,0.0,1.6764,0.7112,23.25,0,1,-23.25,0.4572,2.54,0.2032,1.6002,4.1656,3.556,1.1938,2,10,0,2
B00066,B00066_R1,213,1,3,0.2032,1.6002,12.92,2.54,0.762,14.63,1,1,-1.71,0.762,2.032,0.2032,1.6002,1.4986,3.556,1.4986,2,30,0,1
B00066,B00066_R2,214,2,3,0.2032,1.6002,12.92,2.54,0.762,14.63,1,1,-1.71,2.54,1.143,0.2032,1.6002,2.794,0.889,2.794,2,30,1,1
B00066,B00066_R1,215,3,3,0.2032,1.6002,12.92,2.54,0.762,14.63,1,1,-1.71,0.2032,0.762,2.54,1.6002,1.3462,2.9464,3.175,1,20,0,2
B00067,B00067_R2,216,1,3,2.54,1.6002,32.77,0.2032,1.6002,0.0,2,0,32.77,0.762,2.032,0.2032,1.9812,2.7178,1.4986,1.1176,2,10,1,1
B00067,B00067_R1,217,2,3,2.54,1.6002,32.77,0.2032,1.6002,0.0,2,0,32.77,1.6764,2.54,1.9812,2.54,1.8034,2.413,0.8128,3,30,0,1
B00067,B00067_R2,218,3,3,2.54,1.6002,32.77,0.2032,1.6002,0.0,2,0,32.77,1.0668,2.032,0.2032,1.6002,2.413,1.8034,1.8034,2,10,1,2
B00068,B00068_R1,219,1,3,1.9812,2.54,0.0,0.2032,1.6002,0.0,0,0,0.0,1.6764,2.032,0.762,2.032,0.8128,2.413,1.4224,3,30,0,1
B00068,B00068_R2,220,2,3,1.9812,2.54,0.0,0.2032,1.6002,0.0,0,0,0.0,1.6764,0.2032,0.2032,1.6002,3.2512,2.8702,2.8702,2,30,1,1
B00068,B00068_R1,221,3,3,1.9812,2.54,0.0,0.2032,1.6002,0.0,0,0,0.0,0.2032,0.762,1.9812,0.2032,3.556,1.3462,2.3368,1,30,0,2
B00069,B00069_R1,222,1,5,1.9812,0.2032,19.54,0.2032,1.6002,0.0,1,0,19.54,0.762,0.7112,1.0668,0.7112,1.7272,1.9558,0.8128,3,10,0,1
B00069,B00069_R2,223,2,5,1.9812,0.2032,19.54,0.2032,1.6002,0.0,1,0,19.54,0.2032,0.762,0.4572,0.2032,2.3368,1.3462,0.8128,1,10,1,1
B00069,B00069_R2,224,3,5,1.9812,0.2032,19.54,0.2032,1.6002,0.0,1,0,19.54,0.2032,1.143,2.54,1.6002,2.7178,0.9652,2.794,1,20,1,2
B00069,B00069_R2,225,4,5,1.9812,0.2032,19.54,0.2032,1.6002,0.0,1,0,19.54,2.54,1.6002,1.9812,2.54,1.9558,2.3368,1.4986,3,20,1,3
B00069,B00069_R1,226,5,5,1.9812,0.2032,19.54,0.2032,1.6002,0.0,1,0,19.54,1.6764,0.7112,0.2032,1.6002,0.8128,2.8702,2.8702,2,10,0,2
B00070,B00070_R1,227,1,4,0.2032,1.6002,27.95,1.9812,2.54,25.95,2,2,2.0,0.762,0.7112,0.2032,1.9812,1.9558,3.556,2.3368,2,20,0,1
B00070,B00070_R1,228,2,4,0.2032,1.6002,27.95,1.9812,2.54,25.95,2,2,2.0,0.762,0.2032,0.762,2.032,1.9558,3.556,2.9464,3,20,0,2
B00070,B00070_R2,229,3,4,0.2032,1.6002,27.95,1.9812,2.54,25.95,2,2,2.0,1.9812,0.7112,0.2032,1.9812,3.175,2.9464,3.556,2,20,1,1
B00070,B00070_R2,230,4,4,0.2032,1.6002,27.95,1.9812,2.54,25.95,2,2,2.0,0.2032,1.143,2.286,2.54,0.9652,3.175,3.4798,1,10,1,2
B00071,B00071_R1,231,1,1,0.762,2.032,14.63,2.286,2.54,25.05,1,1,-10.42,0.2032,1.143,1.6764,2.032,1.9558,3.4798,2.8702,1,20,0,1
B00072,B00072_R1,232,1,3,1.6764,2.032,0.0,2.286,2.54,0.0,0,0,0.0,1.9812,2.54,0.2032,1.9812,0.8128,0.8128,2.3368,2,30,0,1
B00072,B00072_R2,233,2,3,1.6764,2.032,0.0,2.286,2.54,0.0,0,0,0.0,2.54,1.9812,0.2032,1.6002,1.4224,0.8128,2.7178,2,30,1,1
B00072,B00072_R1,234,3,3,1.6764,2.032,0.0,2.286,2.54,0.0,0,0,0.0,0.2032,0.762,1.6764,0.2032,3.2512,3.8608,2.032,1,20,0,2
B00073,B00073_R2,235,1,3,1.6764,0.2032,19.84,0.2032,1.6002,0.0,1,0,19.84,1.9812,2.54,0.2032,1.6002,3.2512,2.7178,2.7178,2,20,1,2
B00073,B00073_R1,236,2,3,1.6764,0.2032,19.84,0.2032,1.6002,0.0,1,0,19.84,0.2032,0.762,1.0668,0.7112,2.032,1.3462,1.4224,1,30,0,1
B00073,B00073_R2,237,3,3,1.6764,0.2032,19.84,0.2032,1.6002,0.0,1,0,19.84,0.2032,0.762,1.6764,2.54,2.032,1.3462,3.2512,1,10,1,1
B00074,B00074_R2,238,1,3,1.0668,0.7112,8.61,0.2032,1.6002,18.93,1,1,-10.32,0.2032,1.143,1.9812,2.54,1.8034,0.9652,3.175,1,30,1,1
B00074,B00074_R1,239,2,3,1.0668,0.7112,8.61,0.2032,1.6002,18.93,1,1,-10.32,0.2032,1.143,1.0668,2.54,1.8034,0.9652,2.2606,1,10,0,1
B00074,B00074_R1,240,3,3,1.0668,0.7112,8.61,0.2032,1.6002,18.93,1,1,-10.32,1.6764,2.54,1.6764,2.032,2.9464,2.413,0.508,3,10,0,2
B00075,B00075_R2,241,1,5,1.6764,2.032,12.42,1.9812,2.54,15.53,1,1,-3.11,2.54,1.6002,0.2032,1.9812,1.8034,1.4986,2.7178,2,30,1,2
B00075,B00075_R2,242,2,5,1.6764,2.032,12.42,1.9812,2.54,15.53,1,1,-3.11,1.9812,2.54,2.54,1.6002,0.8128,0.0,1.4986,3,30,1,1
B00075,B00075_R2,243,3,5,1.6764,2.032,12.42,1.9812,2.54,15.53,1,1,-3.11,0.4572,0.2032,0.2032,1.6002,3.556,3.8608,1.651,2,30,1,3
B00075,B00075_R1,244,4,5,1.6764,2.032,12.42,1.9812,2.54,15.53,1,1,-3.11,0.2032,0.762,2.54,1.143,3.2512,3.556,2.7178,1,10,0,1
B00075,B00075_R1,245,5,5,1.6764,2.032,12.42,1.9812,2.54,15.53,1,1,-3.11,1.9812,0.7112,0.2032,1.6002,3.2512,2.9464,3.175,2,10,0,2
B00076,B00076_R2,246,1,3,0.2032,1.6002,38.18,0.2032,1.6002,37.27,2,2,0.91,0.2032,0.762,1.9812,0.7112,1.3462,1.3462,2.3368,1,20,1,1
B00076,B00076_R2,247,2,3,0.2032,1.6002,38.18,0.2032,1.6002,37.27,2,2,0.91,2.54,0.762,2.286,2.54,3.175,3.175,2.032,3,20,1,2
B00076,B00076_R1,248,3,3,0.2032,1.6002,38.18,0.2032,1.6002,37.27,2,2,0.91,2.286,2.54,0.2032,1.9812,3.0226,3.0226,2.6416,2,20,0,1
B00077,B00077_R2,249,1,5,0.2032,1.9812,0.0,2.286,2.54,18.43,0,1,-18.43,0.2032,0.762,1.0668,2.54,1.7272,3.8608,2.6416,1,10,1,2
B00077,B00077_R1,250,2,5,0.2032,1.9812,0.0,2.286,2.54,18.43,0,1,-18.43,1.6764,0.2032,2.54,1.9812,3.2512,2.9464,2.6416,3,10,0,2
B00077,B00077_R1,251,3,5,0.2032,1.9812,0.0,2.286,2.54,18.43,0,1,-18.43,0.2032,0.762,2.286,0.2032,1.7272,3.8608,2.6416,1,10,0,3
B00077,B00077_R2,252,4,5,0.2032,1.9812,0.0,2.286,2.54,18.43,0,1,-18.43,1.0668,0.2032,0.2032,1.6002,2.6416,3.556,2.2606,2,30,1,1
B00077,B00077_R1,253,5,5,0.2032,1.9812,0.0,2.286,2.54,18.43,0,1,-18.43,0.2032,0.762,1.6764,0.2032,1.7272,3.8608,2.032,1,10,0,1
B00078,B00078_R2,254,1,3,2.286,0.2032,46.89,1.0668,2.54,33.66,2,2,13.23,0.762,0.2032,0.2032,1.6002,2.032,3.2512,1.9558,2,20,1,2
B00078,B00078_R2,255,2,3,2.286,0.2032,46.89,1.0668,2.54,33.66,2,2,13.23,2.286,2.54,0.2032,1.9812,2.3368,1.7272,2.6416,2,30,1,1
B00078,B00078_R1,256,3,3,2.286,0.2032,46.89,1.0668,2.54,33.66,2,2,13.23,1.9812,0.2032,0.2032,1.9812,0.8128,3.2512,3.556,2,20,0,1
B00079,B00079_R1,257,1,1,0.2032,1.9812,0.0,0.2032,1.6002,10.72,0,1,-10.72,0.762,0.2032,0.762,2.54,2.3368,1.9558,2.9464,3,30,0,1
B00080,B00080_R2,258,1,3,0.762,2.54,0.0,0.2032,1.6002,0.0,0,0,0.0,0.2032,1.143,0.4572,0.2032,1.9558,0.9652,1.1938,1,30,1,2
B00080,B00080_R1,259,2,3,0.762,2.54,0.0,0.2032,1.6002,0.0,0,0,0.0,2.54,1.9812,0.2032,1.9812,2.3368,2.7178,2.9464,2,10,0,1
B00080,B00080_R2,260,3,3,0.762,2.54,0.0,0.2032,1.6002,0.0,0,0,0.0,0.4572,2.54,0.2032,1.6002,0.8128,1.1938,1.1938,2,30,1,1
B00081,B00081_R2,261,1,4,0.2032,1.9812,0.0,0.4572,0.2032,7.71,0,1,-7.71,2.286,2.54,1.9812,2.54,2.6416,4.1656,0.8128,3,30,1,2
B00081,B00081_R1,262,2,4,0.2032,1.9812,0.0,0.4572,0.2032,7.71,0,1,-7.71,0.2032,1.143,1.0668,2.54,1.3462,1.1938,2.2606,1,10,0,2
B00081,B00081_R2,263,3,4,0.2032,1.9812,0.0,0.4572,0.2032,7.71,0,1,-7.71,0.2032,0.762,1.6764,0.7112,1.7272,0.8128,2.032,1,20,1,1
B00081,B00081_R1,264,4,4,0.2032,1.9812,0.0,0.4572,0.2032,7.71,0,1,-7.71,0.762,2.032,0.2032,1.6002,1.1176,2.6416,1.4986,2,10,0,1
B00082,B00082_R2,265,1,3,1.0668,2.54,14.92,1.9812,2.54,26.05,1,2,-11.13,1.0668,0.7112,0.2032,1.6002,2.9464,3.2512,2.2606,2,30,1,1
B00082,B00082_R1,266,2,3,1.0668,2.54,14.92,1.9812,2.54,26.05,1,2,-11.13,0.762,2.54,0.2032,1.9812,0.8128,1.7272,1.1176,2,20,0,1
B00082,B00082_R1,267,3,3,1.0668,2.54,14.92,1.9812,2.54,26.05,1,2,-11.13,0.762,0.2032,0.2032,1.6002,3.2512,3.556,1.9558,2,30,0,2
B00083,B00083_R1,268,1,5,0.2032,1.6002,0.0,0.2032,1.6002,0.0,0,0,0.0,0.2032,0.762,1.6764,0.7112,1.3462,1.3462,2.032,1,10,0,2
B00083,B00083_R1,269,2,5,0.2032,1.6002,0.0,0.2032,1.6002,0.0,0,0,0.0,0.2032,1.143,0.4572,0.2032,0.9652,0.9652,1.1938,1,10,0,1
B00083,B00083_R1,270,3,5,0.2032,1.6002,0.0,0.2032,1.6002,0.0,0,0,0.0,1.9812,0.7112,1.0668,2.032,3.175,3.175,3.2512,3,20,0,3
B00083,B00083_R2,271,4,5,0.2032,1.6002,0.0,0.2032,1.6002,0.0,0,0,0.0,1.6764,2.54,0.2032,1.6002,2.413,2.413,2.413,2,20,1,2
B00083,B00083_R2,272,5,5,0.2032,1.6002,0.0,0.2032,1.6002,0.0,0,0,0.0,1.9812,2.032,0.2032,1.9812,2.7178,2.7178,2.3368,2,10,1,1
B00084,B00084_R2,273,1,2,1.0668,2.032,12.42,0.2032,1.6002,0.0,1,0,12.42,1.0668,0.2032,0.2032,1.9812,2.9464,2.2606,2.6416,2,20,1,1
B00084,B00084_R1,274,2,2,1.0668,2.032,12.42,0.2032,1.6002,0.0,1,0,12.42,2.286,0.2032,0.2032,1.9812,3.556,3.4798,3.8608,2,20,0,1
B00085,B00085_R2,275,1,3,0.2032,1.9812,0.0,0.2032,1.9812,0.0,0,0,0.0,1.6764,0.7112,0.2032,1.6002,3.2512,3.2512,2.8702,2,30,1,2
B00085,B00085_R1,276,2,3,0.2032,1.9812,0.0,0.2032,1.9812,0.0,0,0,0.0,1.9812,0.7112,0.2032,1.6002,3.556,3.556,3.175,2,30,0,1
B00085,B00085_R2,277,3,3,0.2032,1.9812,0.0,0.2032,1.9812,0.0,0,0,0.0,0.762,0.7112,0.2032,1.9812,2.3368,2.3368,2.3368,2,20,1,1
B00086,B00086_R2,278,1,3,0.2032,1.6002,0.0,0.2032,1.6002,30.16,0,1,-30.16,0.2032,1.143,2.54,1.6002,0.9652,0.9652,2.794,1,20,1,1
B00086,B00086_R1,279,2,3,0.2032,1.6002,0.0,0.2032,1.6002,30.16,0,1,-30.16,1.0668,2.032,0.2032,1.9812,1.8034,1.8034,1.4224,2,30,0,2
B00086,B00086_R1,280,3,3,0.2032,1.6002,0.0,0.2032,1.6002,30.16,0,1,-30.16,0.2032,1.143,2.286,2.54,0.9652,0.9652,3.4798,1,20,0,1
B00087,B00087_R2,281,1,3,0.2032,1.9812,16.23,2.54,1.6002,14.03,1,1,2.2,0.2032,1.143,2.54,1.143,1.3462,2.794,2.3368,1,10,1,2
B00087,B00087_R1,282,2,3,0.2032,1.9812,16.23,2.54,1.6002,14.03,1,1,2.2,0.2032,0.762,1.0668,2.032,1.7272,3.175,2.6416,1,10,0,1
B00087,B00087_R2,283,3,3,0.2032,1.9812,16.23,2.54,1.6002,14.03,1,1,2.2,2.54,1.9812,0.2032,1.6002,2.9464,0.889,2.7178,2,30,1,1
B00088,B00088_R1,284,1,3,1.0668,2.032,13.43,2.54,1.143,19.03,1,1,-5.6,1.0668,2.032,0.2032,1.6002,0.0,2.8702,1.8034,2,10,0,1
B00088,B00088_R1,285,2,3,1.0668,2.032,13.43,2.54,1.143,19.03,1,1,-5.6,0.2032,1.143,0.4572,2.54,2.2606,2.3368,1.651,1,10,0,2
B00088,B00088_R2,286,3,3,1.0668,2.032,13.43,2.54,1.143,19.03,1,1,-5.6,0.2032,1.143,2.54,0.762,2.2606,2.3368,2.7178,1,30,1,1
B00089,B00089_R1,287,1,5,0.4572,2.54,16.33,2.54,0.762,13.73,1,1,2.6,1.0668,2.032,1.9812,2.54,1.1176,3.2512,1.4224,3,10,0,1
B00089,B00089_R2,288,2,5,0.4572,2.54,16.33,2.54,0.762,13.73,1,1,2.6,2.286,0.2032,0.2032,1.9812,4.1656,0.8128,3.8608,2,20,1,1
B00089,B00089_R2,289,3,5,0.4572,2.54,16.33,2.54,0.762,13.73,1,1,2.6,0.2032,0.762,2.286,2.54,2.032,2.9464,3.8608,1,10,1,2
B00089,B00089_R1,290,4,5,0.4572,2.54,16.33,2.54,0.762,13.73,1,1,2.6,1.6764,2.54,0.2032,1.6002,1.7272,2.6416,2.413,2,10,0,2
B00089,B00089_R1,291,5,5,0.4572,2.54,16.33,2.54,0.762,13.73,1,1,2.6,0.2032,0.762,1.9812,0.2032,2.032,2.9464,2.3368,1,30,0,3
B00090,B00090_R2,292,1,3,1.9812,0.2032,47.88,2.286,2.54,28.06,3,1,19.82,0.4572,0.2032,0.2032,1.9812,2.032,4.1656,2.032,2,10,1,2
B00090,B00090_R1,293,2,3,1.9812,0.2032,47.88,2.286,2.54,28.06,3,1,19.82,1.9812,0.2032,1.9812,0.7112,0.0,2.6416,0.508,3,30,0,1
B00090,B00090_R2,294,3,3,1.9812,0.2032,47.88,2.286,2.54,28.06,3,1,19.82,2.54,1.143,0.2032,1.9812,1.4986,1.651,3.175,2,20,1,1
B00091,B00091_R1,295,1,5,1.9812,0.7112,5.01,0.2032,1.9812,0.0,1,0,5.01,0.2032,0.762,1.9812,0.2032,2.3368,1.7272,2.3368,1,10,0,1
B00091,B00091_R2,296,2,5,1.9812,0.7112,5.01,0.2032,1.9812,0.0,1,0,5.01,0.4572,2.54,0.2032,1.9812,3.8608,0.8128,0.8128,2,30,1,1
B00091,B00091_R2,297,3,5,1.9812,0.7112,5.01,0.2032,1.9812,0.0,1,0,5.01,2.286,2.54,2.54,0.762,2.6416,2.6416,2.032,3,10,1,3
B00091,B00091_R1,298,4,5,1.9812,0.7112,5.01,0.2032,1.9812,0.0,1,0,5.01,0.2032,1.143,2.286,0.2032,2.7178,1.3462,3.0226,1,30,0,2
B00091,B00091_R2,299,5,5,1.9812,0.7112,5.01,0.2032,1.9812,0.0,1,0,5.01,0.2032,1.143,2.54,1.143,2.7178,1.3462,2.3368,1,20,1,2
B00092,B00092_R1,300,1,3,2.286,0.2032,0.0,2.54,0.762,5.51,0,1,-5.51,0.2032,0.762,2.54,1.9812,2.6416,2.9464,3.556,1,20,0,2
B00092,B00092_R1,301,2,3,2.286,0.2032,0.0,2.54,0.762,5.51,0,1,-5.51,0.2032,0.762,0.762,0.7112,2.6416,2.9464,1.1176,1,10,0,1
B00092,B00092_R2,302,3,3,2.286,0.2032,0.0,2.54,0.762,5.51,0,1,-5.51,1.9812,2.032,0.4572,0.2032,2.6416,2.3368,3.8608,3,30,1,1
B00093,B00093_R1,303,1,3,2.54,1.9812,24.45,0.4572,0.2032,0.0,1,0,24.45,0.4572,2.54,2.286,2.54,2.6416,2.3368,2.3368,3,30,0,1
B00093,B00093_R2,304,2,3,2.54,1.9812,24.45,0.4572,0.2032,0.0,1,0,24.45,0.2032,1.143,2.286,0.2032,3.175,1.1938,3.0226,1,10,1,2
B00093,B00093_R2,305,3,3,2.54,1.9812,24.45,0.4572,0.2032,0.0,1,0,24.45,0.2032,1.143,2.54,1.143,3.175,1.1938,2.3368,1,20,1,1
B00094,B00094_R1,306,1,3,2.286,2.54,0.0,2.286,0.2032,0.0,0,0,0.0,1.0668,2.032,0.2032,1.6002,1.7272,3.556,1.8034,2,20,0,1
B00094,B00094_R1,307,2,3,2.286,2.54,0.0,2.286,0.2032,0.0,0,0,0.0,0.4572,0.2032,0.2032,1.9812,4.1656,2.3368,2.032,2,20,0,2
B00094,B00094_R2,308,3,3,2.286,2.54,0.0,2.286,0.2032,0.0,0,0,0.0,0.762,0.7112,0.2032,1.9812,3.8608,2.032,2.3368,2,20,1,1
B00095,B00095_R1,309,1,3,0.2032,1.9812,0.0,0.2032,1.9812,0.0,0,0,0.0,2.54,1.6002,0.762,0.7112,2.7178,2.7178,3.175,3,20,0,1
B00095,B00095_R1,310,2,3,0.2032,1.9812,0.0,0.2032,1.9812,0.0,0,0,0.0,1.6764,0.2032,1.6764,0.7112,3.2512,3.2512,0.508,3,30,0,2
B00095,B00095_R2,311,3,3,0.2032,1.9812,0.0,0.2032,1.9812,0.0,0,0,0.0,2.54,1.143,0.2032,1.9812,3.175,3.175,3.175,2,10,1,1
B00096,B00096_R2,312,1,1,1.6764,0.7112,0.0,0.2032,1.9812,0.0,0,0,0.0,0.2032,1.143,1.6764,0.7112,2.413,1.3462,2.413,1,20,1,1
B00097,B00097_R2,313,1,3,1.6764,0.7112,0.0,1.6764,0.7112,0.0,0,0,0.0,1.9812,2.54,0.2032,1.9812,3.2512,3.2512,2.3368,2,30,1,2
B00097,B00097_R1,314,2,3,1.6764,0.7112,0.0,1.6764,0.7112,0.0,0,0,0.0,0.2032,1.143,1.9812,0.7112,2.413,2.413,2.7178,1,10,0,1
B00097,B00097_R2,315,3,3,1.6764,0.7112,0.0,1.6764,0.7112,0.0,0,0,0.0,1.6764,0.7112,1.0668,2.54,0.0,0.0,2.9464,3,30,1,1
B00098,B00098_R2,316,1,4,1.9812,0.7112,0.0,0.2032,1.9812,15.22,0,1,-15.22,0.762,0.2032,1.0668,0.2032,1.7272,2.3368,0.8128,3,20,1,2
B00098,B00098_R2,317,2,4,1.9812,0.7112,0.0,0.2032,1.9812,15.22,0,1,-15.22,0.2032,1.143,0.4572,0.2032,2.7178,1.3462,1.1938,1,20,1,1
B00098,B00098_R1,318,3,4,1.9812,0.7112,0.0,0.2032,1.9812,15.22,0,1,-15.22,1.6764,0.7112,0.2032,1.9812,0.8128,3.2512,3.2512,2,20,0,1
B00098,B00098_R1,319,4,4,1.9812,0.7112,0.0,0.2032,1.9812,15.22,0,1,-15.22,0.762,2.54,0.2032,1.9812,3.556,1.1176,1.1176,2,20,0,2
B00099,B00099_R2,320,1,3,0.2032,1.9812,12.62,1.0668,0.2032,20.13,1,2,-7.51,1.0668,0.2032,0.2032,1.9812,2.6416,0.0,2.6416,2,30,1,1
B00099,B00099_R1,321,2,3,0.2032,1.9812,12.62,1.0668,0.2032,20.13,1,2,-7.51,2.286,2.54,0.2032,1.9812,2.6416,3.556,2.6416,2,20,0,2
B00099,B00099_R1,322,3,3,0.2032,1.9812,12.62,1.0668,0.2032,20.13,1,2,-7.51,0.2032,1.143,2.54,1.143,1.3462,1.8034,2.3368,1,10,0,1
B00100,B00100_R2,323,1,1,0.2032,1.9812,34.16,0.2032,1.9812,16.43,2,1,17.73,1.9812,0.2032,0.2032,1.9812,3.556,3.556,3.556,2,10,1,1
B00101,B00101_R1,324,1,4,0.2032,1.9812,0.0,0.2032,1.9812,17.04,0,1,-17.04,0.2032,1.143,0.762,2.032,1.3462,1.3462,1.9558,1,10,0,1
B00101,B00101_R2,325,2,4,0.2032,1.9812,0.0,0.2032,1.9812,17.04,0,1,-17.04,0.2032,0.762,1.0668,0.2032,1.7272,1.7272,1.4224,1,10,1,2
B00101,B00101_R2,326,3,4,0.2032,1.9812,0.0,0.2032,1.9812,17.04,0,1,-17.04,0.2032,1.143,0.762,0.7112,1.3462,1.3462,1.4986,1,10,1,1
B00101,B00101_R1,327,4,4,0.2032,1.9812,0.0,0.2032,1.9812,17.04,0,1,-17.04,1.9812,2.032,2.286,2.54,2.3368,2.3368,0.8128,3,20,0,2
B00102,B00102_R1,328,1,3,2.286,2.54,13.82,1.0668,0.2032,16.03,1,1,-2.21,1.6764,2.54,0.2032,1.9812,1.1176,2.9464,2.032,2,10,0,1
B00102,B00102_R2,329,2,3,2.286,2.54,13.82,1.0668,0.2032,16.03,1,1,-2.21,1.9812,0.7112,2.54,0.762,2.6416,1.4224,1.1176,3,30,1,1
B00102,B00102_R1,330,3,3,2.286,2.54,13.82,1.0668,0.2032,16.03,1,1,-2.21,1.6764,2.032,0.2032,1.9812,1.1176,2.9464,2.032,2,10,0,2
B00103,B00103_R2,331,1,3,0.2032,1.9812,33.06,2.54,0.762,7.41,2,1,25.65,0.2032,0.762,0.4572,0.2032,1.7272,2.9464,0.8128,1,10,1,1
B00103,B00103_R1,332,2,3,0.2032,1.9812,33.06,2.54,0.762,7.41,2,1,25.65,1.0668,2.54,0.2032,1.9812,1.4224,3.2512,1.4224,2,10,0,1
B00103,B00103_R2,333,3,3,0.2032,1.9812,33.06,2.54,0.762,7.41,2,1,25.65,0.2032,0.762,0.762,2.032,1.7272,2.9464,2.3368,1,10,1,2
B00104,B00104_R1,334,1,3,0.2032,1.9812,0.0,0.762,2.032,0.0,0,0,0.0,0.2032,1.143,2.54,1.143,1.3462,1.9558,2.3368,1,20,0,2
B00104,B00104_R2,335,2,3,0.2032,1.9812,0.0,0.762,2.032,0.0,0,0,0.0,1.9812,2.032,1.9812,0.7112,2.3368,1.7272,2.9464,3,20,1,1
B00104,B00104_R1,336,3,3,0.2032,1.9812,0.0,0.762,2.032,0.0,0,0,0.0,0.4572,0.2032,0.2032,1.9812,2.032,2.6416,2.032,2,20,0,1
B00105,B00105_R2,337,1,3,2.54,1.143,0.0,1.9812,0.7112,0.0,0,0,0.0,1.9812,2.032,2.54,1.143,1.9558,2.9464,1.9558,3,30,1,2
B00105,B00105_R2,338,2,3,2.54,1.143,0.0,1.9812,0.7112,0.0,0,0,0.0,0.762,0.7112,0.2032,1.6002,2.7178,1.7272,1.9558,2,10,1,1
B00105,B00105_R1,339,3,3,2.54,1.143,0.0,1.9812,0.7112,0.0,0,0,0.0,1.6764,0.7112,0.2032,1.6002,1.8034,0.8128,2.8702,2,30,0,1
B00106,B00106_R1,340,1,3,0.2032,1.6002,0.0,2.54,1.143,24.45,0,1,-24.45,0.762,0.2032,0.2032,1.9812,1.9558,2.7178,2.3368,2,30,0,2
B00106,B00106_R1,341,2,3,0.2032,1.6002,0.0,2.54,1.143,24.45,0,1,-24.45,0.2032,0.762,0.4572,2.54,1.3462,2.7178,2.032,1,20,0,1
B00106,B00106_R2,342,3,3,0.2032,1.6002,0.0,2.54,1.143,24.45,0,1,-24.45,1.6764,0.2032,0.2032,1.9812,2.8702,1.8034,3.2512,2,30,1,1
B00107,B00107_R1,343,1,3,0.2032,1.9812,0.0,0.2032,1.9812,0.0,0,0,0.0,1.9812,2.032,2.286,0.2032,2.3368,2.3368,2.6416,3,10,0,1
B00107,B00107_R1,344,2,3,0.2032,1.9812,0.0,0.2032,1.9812,0.0,0,0,0.0,1.0668,0.7112,0.2032,1.9812,2.6416,2.6416,2.6416,2,30,0,2
B00107,B00107_R2,345,3,3,0.2032,1.9812,0.0,0.2032,1.9812,0.0,0,0,0.0,2.54,1.6002,0.2032,1.6002,2.7178,2.7178,2.3368,2,20,1,1
B00108,B00108_R2,346,1,3,0.2032,1.9812,0.0,0.2032,1.6002,0.0,0,0,0.0,1.6764,0.7112,2.54,1.6002,3.2512,2.8702,2.2606,3,20,1,2
B00108,B00108_R2,347,2,3,0.2032,1.9812,0.0,0.2032,1.6002,0.0,0,0,0.0,0.2032,0.762,1.6764,0.2032,1.7272,1.3462,2.032,1,20,1,1
B00108,B00108_R1,348,3,3,0.2032,1.9812,0.0,0.2032,1.6002,0.0,0,0,0.0,0.2032,1.143,1.9812,2.032,1.3462,0.9652,3.175,1,30,0,1
B00109,B00109_R1,349,1,5,1.9812,2.032,0.0,2.54,1.6002,15.93,0,1,-15.93,0.2032,0.762,1.0668,0.2032,3.556,3.175,1.4224,1,10,0,2
B00109,B00109_R2,350,2,5,1.9812,2.032,0.0,2.54,1.6002,15.93,0,1,-15.93,0.2032,1.143,2.54,1.143,3.175,2.794,2.3368,1,30,1,1
B00109,B00109_R1,351,3,5,1.9812,2.032,0.0,2.54,1.6002,15.93,0,1,-15.93,0.2032,1.143,0.762,0.7112,3.175,2.794,1.4986,1,10,0,1
B00109,B00109_R2,352,4,5,1.9812,2.032,0.0,2.54,1.6002,15.93,0,1,-15.93,0.4572,2.54,2.286,0.2032,2.032,3.0226,4.1656,3,30,1,2
B00109,B00109_R1,353,5,5,1.9812,2.032,0.0,2.54,1.6002,15.93,0,1,-15.93,0.2032,0.762,2.286,0.2032,3.556,3.175,2.6416,1,10,0,3
B00110,B00110_R2,354,1,5,2.286,0.2032,38.07,2.286,0.2032,48.4,2,2,-10.33,0.2032,0.762,0.4572,0.2032,2.6416,2.6416,0.8128,1,30,1,1
B00110,B00110_R1,355,2,5,2.286,0.2032,38.07,2.286,0.2032,48.4,2,2,-10.33,1.9812,0.2032,0.2032,1.6002,0.8128,0.8128,3.175,2,20,0,1
B00110,B00110_R1,356,3,5,2.286,0.2032,38.07,2.286,0.2032,48.4,2,2,-10.33,1.0668,2.032,0.2032,1.9812,3.556,3.556,1.4224,2,30,0,2
B00110,B00110_R1,357,4,5,2.286,0.2032,38.07,2.286,0.2032,48.4,2,2,-10.33,0.2032,1.143,1.9812,0.7112,3.0226,3.0226,2.7178,1,30,0,3
B00110,B00110_R2,358,5,5,2.286,0.2032,38.07,2.286,0.2032,48.4,2,2,-10.33,0.2032,1.143,2.286,2.54,3.0226,3.0226,3.4798,1,10,1,2
B00111,B00111_R2,359,1,1,1.9812,0.7112,75.94,2.286,2.54,44.09,4,2,31.85,0.2032,1.143,1.0668,2.032,2.7178,3.4798,2.2606,1,20,1,1
B00112,B00112_R1,360,1,1,1.9812,0.7112,40.77,1.0668,2.032,45.4,2,2,-4.63,1.9812,0.2032,1.0668,0.7112,0.508,3.2512,1.4224,3,10,0,1
B00113,B00113_R1,361,1,4,1.0668,0.7112,27.35,1.0668,2.032,0.0,2,0,27.35,0.2032,1.143,2.54,1.143,1.8034,2.2606,2.3368,1,20,0,1
B00113,B00113_R2,362,2,4,1.0668,0.7112,27.35,1.0668,2.032,0.0,2,0,27.35,1.0668,2.54,0.2032,1.6002,2.9464,0.508,1.8034,2,10,1,1
B00113,B00113_R2,363,3,4,1.0668,0.7112,27.35,1.0668,2.032,0.0,2,0,27.35,0.2032,0.762,0.762,0.7112,1.4224,2.6416,1.1176,1,20,1,3
B00113,B00113_R2,364,4,4,1.0668,0.7112,27.35,1.0668,2.032,0.0,2,0,27.35,0.4572,2.54,0.4572,0.2032,2.9464,1.1176,2.3368,3,10,1,2
B00114,B00114_R1,365,1,1,2.54,1.143,22.34,0.762,0.7112,28.84,1,2,-6.5,0.2032,1.143,2.286,0.2032,2.3368,1.4986,3.0226,1,20,0,1
B00115,B00115_R2,366,1,4,2.286,0.2032,14.93,0.762,0.7112,6.41,1,1,8.52,0.762,2.54,0.2032,1.6002,3.8608,2.9464,1.4986,2,10,1,3
B00115,B00115_R1,367,2,4,2.286,0.2032,14.93,0.762,0.7112,6.41,1,1,8.52,1.6764,2.54,1.9812,2.032,2.9464,3.2512,0.8128,3,30,0,1
B00115,B00115_R2,368,3,4,2.286,0.2032,14.93,0.762,0.7112,6.41,1,1,8.52,0.4572,2.54,0.2032,1.6002,4.1656,2.6416,1.1938,2,30,1,2
B00115,B00115_R2,369,4,4,2.286,0.2032,14.93,0.762,0.7112,6.41,1,1,8.52,0.2032,0.762,0.4572,2.54,2.6416,1.1176,2.032,1,10,1,1
B00116,B00116_R2,370,1,5,1.9812,2.032,0.0,0.2032,1.6002,28.54,0,2,-28.54,1.9812,0.7112,0.2032,1.6002,2.9464,3.175,3.175,2,20,1,2
B00116,B00116_R1,371,2,5,1.9812,2.032,0.0,0.2032,1.6002,28.54,0,2,-28.54,1.6764,0.2032,0.2032,1.6002,3.2512,2.8702,2.8702,2,10,0,3
B00116,B00116_R1,372,3,5,1.9812,2.032,0.0,0.2032,1.6002,28.54,0,2,-28.54,2.286,2.54,0.2032,1.9812,0.8128,3.0226,2.6416,2,30,0,1
B00116,B00116_R2,373,4,5,1.9812,2.032,0.0,0.2032,1.6002,28.54,0,2,-28.54,0.2032,1.143,1.9812,2.54,3.175,0.9652,3.175,1,30,1,1
B00116,B00116_R1,374,5,5,1.9812,2.032,0.0,0.2032,1.6002,28.54,0,2,-28.54,0.762,0.7112,0.2032,1.9812,3.556,1.9558,2.3368,2,30,0,2
B00117,B00117_R1,375,1,1,0.2032,1.6002,0.0,0.2032,1.6002,0.0,0,0,0.0,1.9812,2.032,0.2032,1.6002,2.7178,2.7178,2.7178,2,10,0,1
B00118,B00118_R1,376,1,3,0.2032,1.6002,0.0,0.2032,1.6002,0.0,0,0,0.0,2.54,1.143,0.2032,1.6002,2.794,2.794,2.794,2,20,0,1
B00118,B00118_R1,377,2,3,0.2032,1.6002,0.0,0.2032,1.6002,0.0,0,0,0.0,1.0668,2.54,0.2032,1.6002,1.8034,1.8034,1.8034,2,30,0,2
B00118,B00118_R2,378,3,3,0.2032,1.6002,0.0,0.2032,1.6002,0.0,0,0,0.0,2.286,0.2032,1.6764,2.54,3.4798,3.4798,2.9464,3,30,1,1
B00119,B00119_R2,379,1,4,0.2032,1.6002,17.73,1.6764,2.54,0.0,1,0,17.73,0.2032,0.762,2.286,0.2032,1.3462,3.2512,2.6416,1,10,1,2
B00119,B00119_R2,380,2,4,0.2032,1.6002,17.73,1.6764,2.54,0.0,1,0,17.73,0.762,2.032,0.2032,1.9812,1.4986,1.4224,1.1176,2,10,1,1
B00119,B00119_R2,381,3,4,0.2032,1.6002,17.73,1.6764,2.54,0.0,1,0,17.73,2.286,0.2032,0.4572,2.54,3.4798,2.9464,4.1656,3,10,1,3
B00119,B00119_R1,382,4,4,0.2032,1.6002,17.73,1.6764,2.54,0.0,1,0,17.73,0.2032,0.762,2.286,0.2032,1.3462,3.2512,2.6416,1,30,0,1
B00120,B00120_R2,383,1,3,2.286,0.2032,13.43,0.4572,2.54,41.37,1,2,-27.94,1.9812,2.54,0.2032,1.9812,2.6416,2.032,2.3368,2,10,1,1
B00120,B00120_R1,384,2,3,2.286,0.2032,13.43,0.4572,2.54,41.37,1,2,-27.94,2.54,0.762,0.2032,1.9812,0.8128,3.8608,3.556,2,30,0,1
B00120,B00120_R1,385,3,3,2.286,0.2032,13.43,0.4572,2.54,41.37,1,2,-27.94,1.0668,0.2032,1.0668,2.032,1.7272,2.9464,2.9464,3,20,0,2
B00121,B00121_R1,386,1,3,1.0668,2.032,28.06,0.2032,1.9812,42.69,1,2,-14.63,1.9812,0.7112,0.2032,1.6002,3.2512,3.556,3.175,2,10,0,2
B00121,B00121_R2,387,2,3,1.0668,2.032,28.06,0.2032,1.9812,42.69,1,2,-14.63,0.762,0.2032,0.2032,1.9812,3.2512,2.3368,2.3368,2,20,1,1
B00121,B00121_R1,388,3,3,1.0668,2.032,28.06,0.2032,1.9812,42.69,1,2,-14.63,0.2032,0.762,1.0668,0.7112,2.6416,1.7272,1.4224,1,10,0,1
B00122,B00122_R2,389,1,4,0.2032,1.6002,0.0,0.2032,1.9812,0.0,0,0,0.0,0.2032,0.762,2.54,0.762,1.3462,1.7272,2.9464,1,30,1,2
B00122,B00122_R1,390,2,4,0.2032,1.6002,0.0,0.2032,1.9812,0.0,0,0,0.0,0.2032,0.762,0.4572,2.54,1.3462,1.7272,2.032,1,30,0,1
B00122,B00122_R2,391,3,4,0.2032,1.6002,0.0,0.2032,1.9812,0.0,0,0,0.0,1.9812,2.54,0.2032,1.9812,2.7178,2.3368,2.3368,2,20,1,1
B00122,B00122_R1,392,4,4,0.2032,1.6002,0.0,0.2032,1.9812,0.0,0,0,0.0,0.762,2.54,0.2032,1.6002,1.4986,1.1176,1.4986,2,30,0,2
B00123,B00123_R2,393,1,4,0.2032,1.6002,0.0,2.54,0.762,0.0,0,0,0.0,0.4572,2.54,2.286,2.54,1.1938,3.8608,2.3368,3,20,1,2
B00123,B00123_R1,394,2,4,0.2032,1.6002,0.0,2.54,0.762,0.0,0,0,0.0,0.2032,1.143,0.762,0.7112,0.9652,2.7178,1.4986,1,20,0,1
B00123,B00123_R2,395,3,4,0.2032,1.6002,0.0,2.54,0.762,0.0,0,0,0.0,0.2032,1.143,0.762,2.54,0.9652,2.7178,1.9558,1,30,1,1
B00123,B00123_R1,396,4,4,0.2032,1.6002,0.0,2.54,0.762,0.0,0,0,0.0,0.2032,1.143,2.54,0.762,0.9652,2.7178,2.7178,1,10,0,2
B00124,B00124_R1,397,1,4,2.54,0.762,17.73,2.286,2.54,17.43,1,1,0.3,0.762,0.7112,0.2032,1.6002,2.3368,3.8608,1.9558,2,30,0,1
B00124,B00124_R2,398,2,4,2.54,0.762,17.73,2.286,2.54,17.43,1,1,0.3,0.2032,0.762,0.4572,2.54,2.9464,3.8608,2.032,1,20,1,2
B00124,B00124_R1,399,3,4,2.54,0.762,17.73,2.286,2.54,17.43,1,1,0.3,1.0668,0.2032,1.9812,2.54,2.032,3.556,3.2512,3,30,0,2
B00124,B00124_R2,400,4,4,2.54,0.762,17.73,2.286,2.54,17.43,1,1,0.3,2.286,0.2032,0.2032,1.6002,0.8128,2.3368,3.4798,2,20,1,1
B00125,B00125_R1,401,1,5,1.9812,2.54,38.48,0.4572,2.54,36.08,2,2,2.4,2.54,1.9812,1.0668,2.54,1.1176,2.6416,2.032,3,30,0,1
B00125,B00125_R1,402,2,5,1.9812,2.54,38.48,0.4572,2.54,36.08,2,2,2.4,1.0668,2.032,1.9812,0.7112,1.4224,1.1176,3.2512,3,20,0,2
B00125,B00125_R2,403,3,5,1.9812,2.54,38.48,0.4572,2.54,36.08,2,2,2.4,0.4572,0.2032,0.2032,1.6002,3.8608,2.3368,1.651,2,10,1,2
B00125,B00125_R2,404,4,5,1.9812,2.54,38.48,0.4572,2.54,36.08,2,2,2.4,0.2032,1.143,0.762,0.7112,3.175,1.651,1.4986,1,30,1,1
B00125,B00125_R1,405,5,5,1.9812,2.54,38.48,0.4572,2.54,36.08,2,2,2.4,2.286,0.2032,0.2032,1.6002,2.6416,4.1656,3.4798,2,30,0,3
B00126,B00126_R2,406,1,3,0.2032,1.6002,62.21,0.2032,1.6002,34.16,3,2,28.05,0.762,2.032,0.2032,1.6002,1.4986,1.4986,1.4986,2,10,1,1
B00126,B00126_R1,407,2,3,0.2032,1.6002,62.21,0.2032,1.6002,34.16,3,2,28.05,0.2032,0.762,1.0668,0.7112,1.3462,1.3462,1.4224,1,10,0,1
B00126,B00126_R2,408,3,3,0.2032,1.6002,62.21,0.2032,1.6002,34.16,3,2,28.05,0.2032,1.143,1.9812,2.54,0.9652,0.9652,3.175,1,20,1,2
B00127,B00127_R2,409,1,2,1.0668,0.7112,55.7,1.9812,2.54,49.69,3,3,6.01,1.6764,0.2032,0.2032,1.9812,1.1176,3.2512,3.2512,2,20,1,1
B00127,B00127_R1,410,2,2,1.0668,0.7112,55.7,1.9812,2.54,49.69,3,3,6.01,0.2032,0.762,1.9812,2.032,1.4224,3.556,3.556,1,10,0,1
B00128,B00128_R1,411,1,5,1.9812,2.032,42.58,0.2032,1.9812,54.01,2,2,-11.43,0.2032,1.143,2.54,1.6002,3.175,1.3462,2.794,1,20,0,3
B00128,B00128_R1,412,2,5,1.9812,2.032,42.58,0.2032,1.9812,54.01,2,2,-11.43,1.0668,0.2032,0.2032,1.9812,3.2512,2.6416,2.6416,2,30,0,2
B00128,B00128_R2,413,3,5,1.9812,2.032,42.58,0.2032,1.9812,54.01,2,2,-11.43,0.2032,1.143,1.9812,0.2032,3.175,1.3462,2.7178,1,30,1,1
B00128,B00128_R2,414,4,5,1.9812,2.032,42.58,0.2032,1.9812,54.01,2,2,-11.43,0.2032,0.762,1.0668,2.032,3.556,1.7272,2.6416,1,10,1,2
B00128,B00128_R1,415,5,5,1.9812,2.032,42.58,0.2032,1.9812,54.01,2,2,-11.43,2.54,1.143,1.6764,0.7112,1.9558,3.175,1.8034,3,20,0,1
B00129,B00129_R2,416,1,1,2.54,1.6002,43.18,1.0668,2.032,25.65,2,1,17.53,1.6764,0.2032,0.2032,1.6002,2.2606,2.9464,2.8702,2,20,1,1
B00130,B00130_R2,417,1,3,2.54,1.6002,18.03,0.2032,1.6002,26.75,1,1,-8.72,0.762,2.032,0.2032,1.6002,2.7178,1.4986,1.4986,2,20,1,1
B00130,B00130_R1,418,2,3,2.54,1.6002,18.03,0.2032,1.6002,26.75,1,1,-8.72,2.54,1.6002,1.9812,0.2032,0.0,2.3368,1.9558,3,10,0,1
B00130,B00130_R1,419,3,3,2.54,1.6002,18.03,0.2032,1.6002,26.75,1,1,-8.72,1.9812,0.7112,0.2032,1.6002,1.9558,3.175,3.175,2,20,0,2
B00131,B00131_R1,420,1,4,0.2032,1.6002,24.54,0.2032,1.6002,8.92,2,1,15.62,1.0668,2.54,0.2032,1.6002,1.8034,1.8034,1.8034,2,30,0,1
B00131,B00131_R2,421,2,4,0.2032,1.6002,24.54,0.2032,1.6002,8.92,2,1,15.62,2.286,0.2032,0.2032,1.6002,3.4798,3.4798,3.4798,2,10,1,2
B00131,B00131_R2,422,3,4,0.2032,1.6002,24.54,0.2032,1.6002,8.92,2,1,15.62,0.2032,1.143,2.54,0.762,0.9652,0.9652,2.7178,1,20,1,1
B00131,B00131_R1,423,4,4,0.2032,1.6002,24.54,0.2032,1.6002,8.92,2,1,15.62,2.54,1.9812,0.2032,1.9812,2.7178,2.7178,2.9464,2,10,0,2
B00132,B00132_R2,424,1,3,0.2032,1.9812,47.59,0.2032,1.6002,22.94,2,1,24.65,2.286,2.54,0.2032,1.9812,2.6416,3.0226,2.6416,2,30,1,2
B00132,B00132_R2,425,2,3,0.2032,1.9812,47.59,0.2032,1.6002,22.94,2,1,24.65,0.2032,1.143,1.9812,0.7112,1.3462,0.9652,2.7178,1,10,1,1
B00132,B00132_R1,426,3,3,0.2032,1.9812,47.59,0.2032,1.6002,22.94,2,1,24.65,0.4572,0.2032,0.2032,1.9812,2.032,1.651,2.032,2,30,0,1
B00133,B00133_R2,427,1,5,0.2032,1.9812,36.67,0.2032,1.9812,40.59,2,2,-3.92,2.54,1.6002,0.2032,1.9812,2.7178,2.7178,2.7178,2,30,1,2
B00133,B00133_R1,428,2,5,0.2032,1.9812,36.67,0.2032,1.9812,40.59,2,2,-3.92,0.2032,1.143,0.762,2.54,1.3462,1.3462,1.9558,1,20,0,1
B00133,B00133_R1,429,3,5,0.2032,1.9812,36.67,0.2032,1.9812,40.59,2,2,-3.92,0.762,0.2032,2.54,1.9812,2.3368,2.3368,3.556,3,30,0,3
B00133,B00133_R1,430,4,5,0.2032,1.9812,36.67,0.2032,1.9812,40.59,2,2,-3.92,0.762,2.54,0.4572,0.2032,1.1176,1.1176,2.6416,3,10,0,2
B00133,B00133_R2,431,5,5,0.2032,1.9812,36.67,0.2032,1.9812,40.59,2,2,-3.92,1.9812,2.54,0.2032,1.6002,2.3368,2.3368,2.7178,2,20,1,1
B00134,B00134_R2,432,1,3,2.54,1.9812,58.71,0.2032,1.9812,51.9,3,2,6.81,0.2032,1.143,0.762,2.54,3.175,1.3462,1.9558,1,20,1,1
B00134,B00134_R1,433,2,3,2.54,1.9812,58.71,0.2032,1.9812,51.9,3,2,6.81,1.9812,2.54,0.2032,1.9812,1.1176,2.3368,2.3368,2,30,0,1
B00134,B00134_R2,434,3,3,2.54,1.9812,58.71,0.2032,1.9812,51.9,3,2,6.81,0.2032,1.143,1.6764,0.7112,3.175,1.3462,2.413,1,10,1,2
B00135,B00135_R1,435,1,5,0.2032,1.9812,56.32,1.6764,0.7112,56.01,3,3,0.31,0.2032,0.762,0.762,2.54,1.7272,2.032,2.3368,1,20,0,3
B00135,B00135_R2,436,2,5,0.2032,1.9812,56.32,1.6764,0.7112,56.01,3,3,0.31,2.286,0.2032,2.54,1.143,3.8608,1.1176,1.1938,3,20,1,1
B00135,B00135_R2,437,3,5,0.2032,1.9812,56.32,1.6764,0.7112,56.01,3,3,0.31,2.286,0.2032,1.0668,2.54,3.8608,1.1176,3.556,3,10,1,2
B00135,B00135_R1,438,4,5,0.2032,1.9812,56.32,1.6764,0.7112,56.01,3,3,0.31,0.4572,0.2032,0.2032,1.6002,2.032,1.7272,1.651,2,10,0,2
B00135,B00135_R1,439,5,5,0.2032,1.9812,56.32,1.6764,0.7112,56.01,3,3,0.31,0.762,2.54,0.762,2.032,1.1176,3.2512,0.508,3,10,0,1
B00136,B00136_R2,440,1,4,0.762,2.54,75.54,1.0668,2.54,63.12,4,3,12.42,0.2032,0.762,1.6764,2.54,2.3368,2.6416,3.2512,1,10,1,2
B00136,B00136_R1,441,2,4,0.762,2.54,75.54,1.0668,2.54,63.12,4,3,12.42,2.54,0.762,0.2032,1.9812,3.556,3.2512,3.556,2,30,0,2
B00136,B00136_R2,442,3,4,0.762,2.54,75.54,1.0668,2.54,63.12,4,3,12.42,0.762,0.7112,2.286,0.2032,2.9464,3.2512,2.032,3,20,1,1
B00136,B00136_R1,443,4,4,0.762,2.54,75.54,1.0668,2.54,63.12,4,3,12.42,0.2032,1.143,2.286,0.2032,1.9558,2.2606,3.0226,1,30,0,1
B00137,B00137_R1,444,1,3,0.2032,1.9812,97.39,1.6764,2.54,88.58,5,4,8.81,0.4572,2.54,0.2032,1.9812,0.8128,1.7272,0.8128,2,10,0,1
B00137,B00137_R2,445,2,3,0.2032,1.9812,97.39,1.6764,2.54,88.58,5,4,8.81,2.54,1.9812,1.6764,0.2032,2.9464,1.4224,2.6416,3,30,1,1
B00137,B00137_R1,446,3,3,0.2032,1.9812,97.39,1.6764,2.54,88.58,5,4,8.81,0.2032,0.762,0.4572,2.54,1.7272,3.2512,2.032,1,20,0,2
B00138,B00138_R2,447,1,3,0.4572,2.54,47.79,1.6764,0.2032,13.43,3,1,34.36,1.6764,0.7112,1.6764,2.54,3.556,0.508,2.9464,3,10,1,1
B00138,B00138_R2,448,2,3,0.4572,2.54,47.79,1.6764,0.2032,13.43,3,1,34.36,0.2032,0.762,2.54,1.9812,2.032,2.032,3.556,1,10,1,3
B00138,B00138_R2,449,3,3,0.4572,2.54,47.79,1.6764,0.2032,13.43,3,1,34.36,1.6764,2.54,0.2032,1.9812,1.7272,2.9464,2.032,2,10,1,2
B00139,B00139_R2,450,1,3,0.4572,2.54,0.0,2.54,1.9812,17.04,0,1,-17.04,1.6764,2.032,0.2032,1.9812,1.7272,1.4224,2.032,2,20,1,1
B00139,B00139_R1,451,2,3,0.4572,2.54,0.0,2.54,1.9812,17.04,0,1,-17.04,0.2032,0.762,1.0668,0.7112,2.032,3.556,1.4224,1,30,0,2
B00139,B00139_R1,452,3,3,0.4572,2.54,0.0,2.54,1.9812,17.04,0,1,-17.04,0.2032,0.762,0.4572,2.54,2.032,3.556,2.032,1,20,0,1
B00140,B00140_R1,453,1,4,1.0668,0.7112,0.0,0.2032,1.9812,0.0,0,0,0.0,1.6764,0.2032,0.2032,1.6002,1.1176,3.2512,2.8702,2,10,0,1
B00140,B00140_R1,454,2,4,1.0668,0.7112,0.0,0.2032,1.9812,0.0,0,0,0.0,2.54,1.6002,0.4572,0.2032,2.8702,2.7178,3.4798,3,20,0,2
B00140,B00140_R2,455,3,4,1.0668,0.7112,0.0,0.2032,1.9812,0.0,0,0,0.0,0.2032,0.762,0.762,0.7112,1.4224,1.7272,1.1176,1,30,1,1
B00140,B00140_R2,456,4,4,1.0668,0.7112,0.0,0.2032,1.9812,0.0,0,0,0.0,0.762,0.2032,0.2032,1.9812,0.8128,2.3368,2.3368,2,20,1,2
B00141,B00141_R2,457,1,4,0.4572,0.2032,24.35,0.2032,1.9812,12.22,1,1,12.13,0.2032,0.762,2.54,1.6002,0.8128,1.7272,3.175,1,30,1,1
B00141,B00141_R1,458,2,4,0.4572,0.2032,24.35,0.2032,1.9812,12.22,1,1,12.13,0.2032,0.762,2.54,1.9812,0.8128,1.7272,3.556,1,10,0,2
B00141,B00141_R1,459,3,4,0.4572,0.2032,24.35,0.2032,1.9812,12.22,1,1,12.13,1.0668,0.7112,0.2032,1.6002,1.1176,2.6416,2.2606,2,20,0,1
B00141,B00141_R2,460,4,4,0.4572,0.2032,24.35,0.2032,1.9812,12.22,1,1,12.13,0.2032,0.762,1.6764,2.54,0.8128,1.7272,3.2512,1,30,1,2
B00142,B00142_R2,461,1,4,2.54,1.9812,0.0,1.6764,2.54,0.0,0,0,0.0,0.2032,1.143,1.6764,0.7112,3.175,2.8702,2.413,1,20,1,1
B00142,B00142_R2,462,2,4,2.54,1.9812,0.0,1.6764,2.54,0.0,0,0,0.0,0.2032,0.762,1.9812,0.7112,3.556,3.2512,2.3368,1,30,1,2
B00142,B00142_R1,463,3,4,2.54,1.9812,0.0,1.6764,2.54,0.0,0,0,0.0,0.2032,0.762,1.0668,2.032,3.556,3.2512,2.6416,1,30,0,2
B00142,B00142_R1,464,4,4,2.54,1.9812,0.0,1.6764,2.54,0.0,0,0,0.0,2.54,1.143,0.2032,1.9812,1.3462,2.2606,3.175,2,30,0,1
B00143,B00143_R1,465,1,5,1.0668,2.032,20.74,1.9812,0.7112,22.24,1,1,-1.5,1.6764,2.54,0.2032,1.6002,1.1176,3.2512,2.413,2,30,0,1
B00143,B00143_R2,466,2,5,1.0668,2.032,20.74,1.9812,0.7112,22.24,1,1,-1.5,1.0668,0.2032,2.286,0.2032,2.9464,1.4224,1.7272,3,10,1,1
B00143,B00143_R2,467,3,5,1.0668,2.032,20.74,1.9812,0.7112,22.24,1,1,-1.5,0.2032,0.762,2.54,1.6002,2.6416,2.3368,3.175,1,10,1,2
B00143,B00143_R1,468,4,5,1.0668,2.032,20.74,1.9812,0.7112,22.24,1,1,-1.5,0.2032,1.143,1.6764,2.032,2.2606,2.7178,2.8702,1,20,0,2
B00143,B00143_R1,469,5,5,1.0668,2.032,20.74,1.9812,0.7112,22.24,1,1,-1.5,0.762,2.032,1.0668,0.7112,0.8128,3.556,3.2512,3,20,0,3
B00144,B00144_R1,470,1,4,1.0668,0.7112,24.45,2.54,1.6002,0.0,1,0,24.45,0.762,0.7112,0.2032,1.9812,0.8128,3.175,2.3368,2,20,0,1
B00144,B00144_R2,471,2,4,1.0668,0.7112,24.45,2.54,1.6002,0.0,1,0,24.45,0.2032,0.762,1.6764,0.2032,1.4224,3.175,2.032,1,30,1,2
B00144,B00144_R2,472,3,4,1.0668,0.7112,24.45,2.54,1.6002,0.0,1,0,24.45,1.6764,0.7112,0.2032,1.6002,1.1176,2.2606,2.8702,2,20,1,1
B00144,B00144_R2,473,4,4,1.0668,0.7112,24.45,2.54,1.6002,0.0,1,0,24.45,1.9812,0.2032,0.762,2.032,1.4224,1.9558,3.556,3,20,1,3
B00145,B00145_R2,474,1,3,0.2032,1.9812,0.0,0.762,2.032,17.04,0,1,-17.04,1.6764,0.7112,2.286,2.54,3.2512,3.2512,2.9464,3,20,1,1
B00145,B00145_R1,475,2,3,0.2032,1.9812,0.0,0.762,2.032,17.04,0,1,-17.04,0.762,2.54,0.2032,1.6002,1.1176,0.508,1.4986,2,30,0,2
B00145,B00145_R1,476,3,3,0.2032,1.9812,0.0,0.762,2.032,17.04,0,1,-17.04,0.2032,1.143,0.762,2.032,1.3462,1.9558,1.9558,1,10,0,1
B00146,B00146_R1,477,1,2,0.2032,1.6002,11.92,2.286,2.54,0.0,1,0,11.92,0.4572,0.2032,0.2032,1.9812,1.651,4.1656,2.032,2,20,0,1
B00146,B00146_R2,478,2,2,0.2032,1.6002,11.92,2.286,2.54,0.0,1,0,11.92,1.9812,0.7112,1.9812,2.032,3.175,2.6416,2.9464,3,30,1,1
B00147,B00147_R1,479,1,4,0.2032,1.9812,10.02,1.9812,2.032,0.0,1,0,10.02,1.0668,0.2032,1.9812,2.032,2.6416,3.2512,3.2512,3,20,0,2
B00147,B00147_R1,480,2,4,0.2032,1.9812,10.02,1.9812,2.032,0.0,1,0,10.02,0.762,0.2032,0.2032,1.6002,2.3368,3.556,1.9558,2,10,0,1
B00147,B00147_R2,481,3,4,0.2032,1.9812,10.02,1.9812,2.032,0.0,1,0,10.02,2.286,0.2032,0.2032,1.9812,3.8608,2.6416,3.8608,2,20,1,2
B00147,B00147_R2,482,4,4,0.2032,1.9812,10.02,1.9812,2.032,0.0,1,0,10.02,1.0668,2.032,0.2032,1.9812,1.4224,1.4224,1.4224,2,10,1,1
B00148,B00148_R2,483,1,4,1.9812,2.032,0.0,0.2032,1.9812,0.0,0,0,0.0,0.2032,0.762,1.0668,0.2032,3.556,1.7272,1.4224,1,20,1,1
B00148,B00148_R1,484,2,4,1.9812,2.032,0.0,0.2032,1.9812,0.0,0,0,0.0,1.9812,2.032,0.2032,1.9812,0.0,2.3368,2.3368,2,10,0,1
B00148,B00148_R2,485,3,4,1.9812,2.032,0.0,0.2032,1.9812,0.0,0,0,0.0,0.2032,0.762,2.54,1.143,3.556,1.7272,2.7178,1,30,1,2
B00148,B00148_R1,486,4,4,1.9812,2.032,0.0,0.2032,1.9812,0.0,0,0,0.0,2.54,1.9812,0.2032,1.6002,1.1176,2.9464,2.7178,2,10,0,2
B00149,B00149_R1,487,1,2,0.2032,1.6002,23.75,2.54,1.143,20.14,1,1,3.61,0.2032,0.762,0.4572,2.54,1.3462,2.7178,2.032,1,10,0,1
B00149,B00149_R2,488,2,2,0.2032,1.6002,23.75,2.54,1.143,20.14,1,1,3.61,0.762,0.2032,0.762,2.032,1.9558,2.7178,2.9464,3,30,1,1
B00150,B00150_R2,489,1,4,0.4572,2.54,11.02,0.762,2.032,14.63,1,1,-3.61,1.0668,2.54,2.286,2.54,1.1176,0.8128,1.7272,3,10,1,1
B00150,B00150_R2,490,2,4,0.4572,2.54,11.02,0.762,2.032,14.63,1,1,-3.61,0.762,0.7112,0.2032,1.9812,2.6416,2.9464,2.3368,2,30,1,2
B00150,B00150_R1,491,3,4,0.4572,2.54,11.02,0.762,2.032,14.63,1,1,-3.61,0.762,0.7112,2.54,1.6002,2.6416,2.9464,3.175,3,10,0,2
B00150,B00150_R1,492,4,4,0.4572,2.54,11.02,0.762,2.032,14.63,1,1,-3.61,0.2032,0.762,2.54,0.762,2.032,2.3368,2.9464,1,20,0,1
B00151,B00151_R2,493,1,4,2.54,1.6002,0.0,0.2032,1.9812,0.0,0,0,0.0,0.4572,2.54,0.2032,1.6002,3.0226,0.8128,1.1938,2,30,1,2
B00151,B00151_R1,494,2,4,2.54,1.6002,0.0,0.2032,1.9812,0.0,0,0,0.0,2.54,1.143,0.2032,1.6002,0.9652,3.175,2.794,2,20,0,1
B00151,B00151_R2,495,3,4,2.54,1.6002,0.0,0.2032,1.9812,0.0,0,0,0.0,1.0668,0.7112,0.2032,1.6002,2.8702,2.6416,2.2606,2,20,1,1
B00151,B00151_R1,496,4,4,2.54,1.6002,0.0,0.2032,1.9812,0.0,0,0,0.0,0.2032,1.143,1.9812,2.032,2.794,1.3462,3.175,1,10,0,2
B00152,B00152_R1,497,1,3,1.9812,2.032,15.53,0.2032,1.6002,15.42,1,1,0.11,0.2032,0.762,1.9812,0.2032,3.556,1.3462,2.3368,1,20,0,2
B00152,B00152_R1,498,2,3,1.9812,2.032,15.53,0.2032,1.6002,15.42,1,1,0.11,0.762,2.032,0.2032,1.9812,1.7272,1.4986,1.1176,2,30,0,1
B00152,B00152_R2,499,3,3,1.9812,2.032,15.53,0.2032,1.6002,15.42,1,1,0.11,0.762,0.7112,0.2032,1.9812,3.556,1.9558,2.3368,2,10,1,1
B00153,B00153_R2,500,1,4,1.9812,0.2032,0.0,0.2032,1.9812,0.0,0,0,0.0,0.2032,1.143,2.54,0.762,2.7178,1.3462,2.7178,1,30,1,1
B00153,B00153_R2,501,2,4,1.9812,0.2032,0.0,0.2032,1.9812,0.0,0,0,0.0,2.286,0.2032,0.2032,1.9812,0.8128,3.8608,3.8608,2,30,1,2
B00153,B00153_R1,502,3,4,1.9812,0.2032,0.0,0.2032,1.9812,0.0,0,0,0.0,1.9812,0.7112,0.2032,1.9812,0.508,3.556,3.556,2,10,0,1
B00153,B00153_R1,503,4,4,1.9812,0.2032,0.0,0.2032,1.9812,0.0,0,0,0.0,1.9812,0.7112,0.2032,1.9812,0.508,3.556,3.556,2,10,0,2
B00154,B00154_R2,504,1,5,0.2032,1.9812,31.57,0.2032,1.9812,21.24,1,1,10.33,0.2032,1.143,2.54,1.6002,1.3462,1.3462,2.794,1,30,1,2
B00154,B00154_R2,505,2,5,0.2032,1.9812,31.57,0.2032,1.9812,21.24,1,1,10.33,2.54,1.143,0.2032,1.9812,3.175,3.175,3.175,2,30,1,3
B00154,B00154_R1,506,3,5,0.2032,1.9812,31.57,0.2032,1.9812,21.24,1,1,10.33,1.9812,2.54,0.2032,1.9812,2.3368,2.3368,2.3368,2,20,0,2
B00154,B00154_R1,507,4,5,0.2032,1.9812,31.57,0.2032,1.9812,21.24,1,1,10.33,0.4572,0.2032,0.2032,1.9812,2.032,2.032,2.032,2,10,0,1
B00154,B00154_R2,508,5,5,0.2032,1.9812,31.57,0.2032,1.9812,21.24,1,1,10.33,0.762,0.7112,0.2032,1.6002,2.3368,2.3368,1.9558,2,20,1,1
B00155,B00155_R1,509,1,3,0.2032,1.9812,0.0,0.2032,1.9812,22.34,0,1,-22.34,0.4572,2.54,0.2032,1.6002,0.8128,0.8128,1.1938,2,10,0,1
B00155,B00155_R2,510,2,3,0.2032,1.9812,0.0,0.2032,1.9812,22.34,0,1,-22.34,1.9812,2.54,0.2032,1.6002,2.3368,2.3368,2.7178,2,30,1,1
B00155,B00155_R1,511,3,3,0.2032,1.9812,0.0,0.2032,1.9812,22.34,0,1,-22.34,0.4572,0.2032,1.0668,0.2032,2.032,2.032,1.1176,3,10,0,2
B00156,B00156_R1,512,1,3,1.0668,0.2032,10.41,0.2032,1.6002,13.73,1,1,-3.32,0.2032,1.143,1.0668,2.54,1.8034,0.9652,2.2606,1,10,0,2
B00156,B00156_R1,513,2,3,1.0668,0.2032,10.41,0.2032,1.6002,13.73,1,1,-3.32,1.9812,0.7112,0.2032,1.9812,1.4224,3.175,3.556,2,20,0,1
B00156,B00156_R2,514,3,3,1.0668,0.2032,10.41,0.2032,1.6002,13.73,1,1,-3.32,0.2032,0.762,2.54,1.6002,1.4224,1.3462,3.175,1,30,1,1
B00157,B00157_R1,515,1,3,1.0668,2.54,35.07,2.54,1.6002,0.0,2,0,35.07,0.2032,1.143,1.0668,0.7112,2.2606,2.794,1.8034,1,20,0,1
B00157,B00157_R2,516,2,3,1.0668,2.54,35.07,2.54,1.6002,0.0,2,0,35.07,0.2032,1.143,1.9812,2.032,2.2606,2.794,3.175,1,30,1,2
B00157,B00157_R2,517,3,3,1.0668,2.54,35.07,2.54,1.6002,0.0,2,0,35.07,1.9812,2.032,0.2032,1.9812,1.4224,1.4986,2.3368,2,10,1,1
B00158,B00158_R1,518,1,1,1.0668,0.7112,0.0,1.9812,2.032,0.0,0,0,0.0,1.6764,0.2032,2.286,0.2032,1.1176,3.2512,1.1176,3,10,0,1
B00159,B00159_R1,519,1,2,2.286,0.2032,0.0,1.9812,2.032,0.0,0,0,0.0,0.762,0.7112,0.2032,1.6002,2.032,3.556,1.9558,2,20,0,1
B00159,B00159_R2,520,2,2,2.286,0.2032,0.0,1.9812,2.032,0.0,0,0,0.0,0.2032,1.143,1.6764,2.54,3.0226,3.175,2.8702,1,10,1,1
B00160,B00160_R2,521,1,3,0.2032,1.6002,0.0,1.6764,2.54,0.0,0,0,0.0,0.762,2.54,0.2032,1.6002,1.4986,1.4224,1.4986,2,10,1,1
B00160,B00160_R1,522,2,3,0.2032,1.6002,0.0,1.6764,2.54,0.0,0,0,0.0,2.286,0.2032,0.2032,1.6002,3.4798,2.9464,3.4798,2,20,0,2
B00160,B00160_R1,523,3,3,0.2032,1.6002,0.0,1.6764,2.54,0.0,0,0,0.0,0.2032,0.762,2.54,1.143,1.3462,3.2512,2.7178,1,10,0,1
B00161,B00161_R1,524,1,4,0.2032,1.6002,0.0,0.2032,1.6002,0.0,0,0,0.0,1.9812,2.032,2.286,2.54,2.7178,2.7178,0.8128,3,10,0,1
B00161,B00161_R2,525,2,4,0.2032,1.6002,0.0,0.2032,1.6002,0.0,0,0,0.0,0.2032,0.762,0.4572,2.54,1.3462,1.3462,2.032,1,10,1,1
B00161,B00161_R1,526,3,4,0.2032,1.6002,0.0,0.2032,1.6002,0.0,0,0,0.0,2.54,0.762,0.4572,2.54,3.175,3.175,3.8608,3,30,0,2
B00161,B00161_R2,527,4,4,0.2032,1.6002,0.0,0.2032,1.6002,0.0,0,0,0.0,1.6764,2.032,2.286,0.2032,2.413,2.413,2.9464,3,10,1,2
B00162,B00162_R2,528,1,3,0.4572,2.54,25.55,2.286,0.2032,22.24,1,1,3.31,0.762,0.7112,0.2032,1.9812,2.6416,2.032,2.3368,2,20,1,2
B00162,B00162_R1,529,2,3,0.4572,2.54,25.55,2.286,0.2032,22.24,1,1,3.31,0.2032,0.762,1.6764,2.032,2.032,2.6416,3.2512,1,20,0,1
B00162,B00162_R2,530,3,3,0.4572,2.54,25.55,2.286,0.2032,22.24,1,1,3.31,0.4572,0.2032,0.2032,1.6002,2.3368,2.3368,1.651,2,10,1,1
B00163,B00163_R1,531,1,1,1.6764,2.032,15.83,0.2032,1.9812,32.46,1,2,-16.63,1.6764,0.2032,0.2032,1.9812,2.9464,3.2512,3.2512,2,30,0,1
B00164,B00164_R1,532,1,1,0.2032,1.9812,0.0,0.2032,1.9812,0.0,0,0,0.0,1.9812,2.032,1.9812,0.2032,2.3368,2.3368,2.9464,3,10,0,1
B00165,B00165_R2,533,1,2,1.9812,0.2032,0.0,0.2032,1.9812,0.0,0,0,0.0,0.2032,0.762,1.0668,0.2032,2.3368,1.7272,1.4224,1,20,1,1
B00165,B00165_R1,534,2,2,1.9812,0.2032,0.0,0.2032,1.9812,0.0,0,0,0.0,1.9812,0.2032,0.2032,1.9812,0.0,3.556,3.556,2,10,0,1
B00166,B00166_R1,535,1,2,0.2032,1.9812,0.0,1.0668,0.2032,0.0,0,0,0.0,0.2032,1.143,1.0668,2.54,1.3462,1.8034,2.2606,1,30,0,1
B00166,B00166_R2,536,2,2,0.2032,1.9812,0.0,1.0668,0.2032,0.0,0,0,0.0,1.0668,0.2032,0.2032,1.6002,2.6416,0.0,2.2606,2,20,1,1
B00167,B00167_R2,537,1,1,1.0668,2.54,0.0,0.2032,1.6002,0.0,0,0,0.0,0.2032,0.762,1.6764,2.54,2.6416,1.3462,3.2512,1,20,1,1
B00168,B00168_R2,538,1,3,1.0668,2.54,0.0,1.6764,2.54,0.0,0,0,0.0,1.9812,0.7112,0.2032,1.9812,3.2512,3.2512,3.556,2,10,1,1
B00168,B00168_R1,539,2,3,1.0668,2.54,0.0,1.6764,2.54,0.0,0,0,0.0,0.2032,0.762,2.54,1.9812,2.6416,3.2512,3.556,1,20,0,2
B00168,B00168_R1,540,3,3,1.0668,2.54,0.0,1.6764,2.54,0.0,0,0,0.0,0.2032,0.762,0.762,2.54,2.6416,3.2512,2.3368,1,20,0,1
B00169,B00169_R2,541,1,1,2.54,1.9812,29.26,0.2032,1.9812,0.0,1,0,29.26,0.2032,0.762,1.9812,2.54,3.556,1.7272,3.556,1,20,1,1
B00170,B00170_R2,542,1,1,2.54,1.9812,0.0,1.9812,2.54,0.0,0,0,0.0,0.2032,0.762,0.762,2.54,3.556,3.556,2.3368,1,30,1,1
B00171,B00171_R2,543,1,5,2.54,1.9812,0.0,0.762,2.54,0.0,0,0,0.0,1.6764,2.032,0.4572,0.2032,1.4224,1.4224,3.556,3,20,1,1
B00171,B00171_R2,544,2,5,2.54,1.9812,0.0,0.762,2.54,0.0,0,0,0.0,0.4572,0.2032,0.2032,1.6002,3.8608,2.6416,1.651,2,20,1,2
B00171,B00171_R1,545,3,5,2.54,1.9812,0.0,0.762,2.54,0.0,0,0,0.0,1.9812,2.032,0.2032,1.6002,1.1176,1.7272,2.7178,2,20,0,1
B00171,B00171_R1,546,4,5,2.54,1.9812,0.0,0.762,2.54,0.0,0,0,0.0,0.2032,0.762,1.9812,0.2032,3.556,2.3368,2.3368,1,30,0,2
B00171,B00171_R2,547,5,5,2.54,1.9812,0.0,0.762,2.54,0.0,0,0,0.0,0.2032,0.762,1.0668,0.7112,3.556,2.3368,1.4224,1,10,1,3
B00172,B00172_R1,548,1,5,1.9812,0.2032,0.0,1.0668,0.7112,7.61,0,1,-7.61,2.286,0.2032,1.0668,0.2032,0.8128,1.7272,1.7272,3,20,0,1
B00172,B00172_R1,549,2,5,1.9812,0.2032,0.0,1.0668,0.7112,7.61,0,1,-7.61,1.0668,0.2032,0.2032,1.6002,1.4224,0.508,2.2606,2,30,0,2
B00172,B00172_R2,550,3,5,1.9812,0.2032,0.0,1.0668,0.7112,7.61,0,1,-7.61,1.6764,2.032,1.0668,2.54,3.2512,2.9464,1.1176,3,20,1,2
B00172,B00172_R2,551,4,5,1.9812,0.2032,0.0,1.0668,0.7112,7.61,0,1,-7.61,0.2032,0.762,0.762,0.2032,2.3368,1.4224,1.1176,1,20,1,1
B00172,B00172_R1,552,5,5,1.9812,0.2032,0.0,1.0668,0.7112,7.61,0,1,-7.61,0.4572,2.54,1.6764,0.7112,3.8608,2.9464,3.556,3,20,0,3
B00173,B00173_R1,553,1,4,1.6764,0.7112,13.33,1.0668,2.54,0.0,1,0,13.33,0.2032,1.143,0.4572,0.2032,2.413,2.2606,1.1938,1,30,0,2
B00173,B00173_R1,554,2,4,1.6764,0.7112,13.33,1.0668,2.54,0.0,1,0,13.33,1.6764,2.54,0.2032,1.6002,2.9464,1.1176,2.413,2,20,0,1
B00173,B00173_R2,555,3,4,1.6764,0.7112,13.33,1.0668,2.54,0.0,1,0,13.33,1.9812,2.54,0.2032,1.6002,3.2512,1.4224,2.7178,2,10,1,2
B00173,B00173_R2,556,4,4,1.6764,0.7112,13.33,1.0668,2.54,0.0,1,0,13.33,1.9812,2.54,0.2032,1.9812,3.2512,1.4224,2.3368,2,20,1,1
B00174,B00174_R2,557,1,5,0.4572,0.2032,14.52,0.2032,1.6002,25.95,1,1,-11.43,0.2032,1.143,0.762,2.032,1.1938,0.9652,1.9558,1,20,1,1
B00174,B00174_R1,558,2,5,0.4572,0.2032,14.52,0.2032,1.6002,25.95,1,1,-11.43,0.762,0.2032,1.6764,2.54,0.8128,1.9558,3.2512,3,30,0,1
B00174,B00174_R1,559,3,5,0.4572,0.2032,14.52,0.2032,1.6002,25.95,1,1,-11.43,2.286,2.54,0.2032,1.9812,4.1656,3.0226,2.6416,2,20,0,2
B00174,B00174_R1,560,4,5,0.4572,0.2032,14.52,0.2032,1.6002,25.95,1,1,-11.43,2.286,0.2032,0.2032,1.9812,2.3368,3.4798,3.8608,2,20,0,3
B00174,B00174_R2,561,5,5,0.4572,0.2032,14.52,0.2032,1.6002,25.95,1,1,-11.43,2.286,0.2032,0.2032,1.9812,2.3368,3.4798,3.8608,2,30,1,2
B00175,B00175_R2,562,1,5,0.2032,1.9812,73.15,0.2032,1.9812,47.2,3,2,25.95,0.2032,0.762,0.762,0.2032,1.7272,1.7272,1.1176,1,10,1,1
B00175,B00175_R1,563,2,5,0.2032,1.9812,73.15,0.2032,1.9812,47.2,3,2,25.95,1.0668,0.7112,0.2032,1.6002,2.6416,2.6416,2.2606,2,20,0,2
B00175,B00175_R2,564,3,5,0.2032,1.9812,73.15,0.2032,1.9812,47.2,3,2,25.95,2.286,2.54,0.2032,1.9812,2.6416,2.6416,2.6416,2,10,1,3
B00175,B00175_R1,565,4,5,0.2032,1.9812,73.15,0.2032,1.9812,47.2,3,2,25.95,0.2032,1.143,2.286,0.2032,1.3462,1.3462,3.0226,1,10,0,1
B00175,B00175_R2,566,5,5,0.2032,1.9812,73.15,0.2032,1.9812,47.2,3,2,25.95,0.762,0.2032,0.2032,1.9812,2.3368,2.3368,2.3368,2,30,1,2
B00176,B00176_R2,567,1,5,0.2032,1.6002,0.0,0.2032,1.9812,0.0,0,0,0.0,2.54,1.143,0.762,0.2032,2.794,3.175,2.7178,3,20,1,1
B00176,B00176_R2,568,2,5,0.2032,1.6002,0.0,0.2032,1.9812,0.0,0,0,0.0,2.286,0.2032,0.2032,1.9812,3.4798,3.8608,3.8608,2,20,1,2
B00176,B00176_R1,569,3,5,0.2032,1.6002,0.0,0.2032,1.9812,0.0,0,0,0.0,1.9812,0.7112,0.2032,1.9812,3.175,3.556,3.556,2,30,0,2
B00176,B00176_R1,570,4,5,0.2032,1.6002,0.0,0.2032,1.9812,0.0,0,0,0.0,0.2032,0.762,1.9812,0.2032,1.3462,1.7272,2.3368,1,20,0,1
B00176,B00176_R1,571,5,5,0.2032,1.6002,0.0,0.2032,1.9812,0.0,0,0,0.0,1.0668,0.2032,1.6764,2.54,2.2606,2.6416,2.9464,3,30,0,3
B00177,B00177_R2,572,1,3,1.6764,2.54,50.1,0.2032,1.9812,29.26,2,1,20.84,0.2032,0.762,1.0668,0.2032,3.2512,1.7272,1.4224,1,10,1,1
B00177,B00177_R1,573,2,3,1.6764,2.54,50.1,0.2032,1.9812,29.26,2,1,20.84,1.0668,2.032,0.762,2.54,1.1176,1.4224,0.8128,3,10,0,1
B00177,B00177_R2,574,3,3,1.6764,2.54,50.1,0.2032,1.9812,29.26,2,1,20.84,1.6764,0.7112,0.2032,1.6002,2.9464,3.2512,2.8702,2,30,1,2
B00178,B00178_R1,575,1,2,0.762,2.54,28.25,0.2032,1.6002,30.35,2,2,-2.1,2.54,1.143,0.2032,1.6002,3.175,2.794,2.794,2,30,0,1
B00178,B00178_R2,576,2,2,0.762,2.54,28.25,0.2032,1.6002,30.35,2,2,-2.1,2.54,1.6002,0.2032,1.6002,2.7178,2.3368,2.3368,2,20,1,1
B00179,B00179_R2,577,1,1,0.2032,1.6002,29.56,0.2032,1.6002,24.45,1,1,5.11,0.2032,1.143,0.762,0.2032,0.9652,0.9652,1.4986,1,10,1,1
B00180,B00180_R2,578,1,3,0.2032,1.6002,0.0,0.762,0.2032,0.0,0,0,0.0,2.286,2.54,0.2032,1.6002,3.0226,3.8608,3.0226,2,20,1,1
B00180,B00180_R1,579,2,3,0.2032,1.6002,0.0,0.762,0.2032,0.0,0,0,0.0,0.2032,1.143,0.762,2.54,0.9652,1.4986,1.9558,1,30,0,2
B00180,B00180_R1,580,3,3,0.2032,1.6002,0.0,0.762,0.2032,0.0,0,0,0.0,2.54,1.6002,0.2032,1.6002,2.3368,3.175,2.3368,2,10,0,1
B00181,B00181_R2,581,1,3,0.762,2.54,10.72,0.2032,1.6002,0.0,1,0,10.72,1.0668,0.7112,1.0668,2.54,3.2512,2.2606,2.9464,3,10,1,2
B00181,B00181_R2,582,2,3,0.762,2.54,10.72,0.2032,1.6002,0.0,1,0,10.72,0.762,0.2032,1.9812,0.2032,2.9464,1.9558,1.7272,3,10,1,1
B00181,B00181_R1,583,3,3,0.762,2.54,10.72,0.2032,1.6002,0.0,1,0,10.72,1.6764,2.54,1.9812,0.2032,1.4224,2.413,3.2512,3,20,0,1
B00182,B00182_R1,584,1,2,1.9812,0.2032,0.0,1.0668,2.54,0.0,0,0,0.0,0.762,0.2032,0.762,0.7112,1.7272,3.2512,0.508,3,20,0,1
B00182,B00182_R2,585,2,2,1.9812,0.2032,0.0,1.0668,2.54,0.0,0,0,0.0,0.2032,1.143,1.6764,2.032,2.7178,2.2606,2.8702,1,20,1,1
B00183,B00183_R1,586,1,4,0.762,0.7112,0.0,1.6764,2.032,0.0,0,0,0.0,1.9812,0.7112,0.2032,1.9812,1.7272,3.2512,3.556,2,20,0,2
B00183,B00183_R1,587,2,4,0.762,0.7112,0.0,1.6764,2.032,0.0,0,0,0.0,0.2032,1.143,0.4572,0.2032,1.4986,2.8702,1.1938,1,10,0,1
B00183,B00183_R2,588,3,4,0.762,0.7112,0.0,1.6764,2.032,0.0,0,0,0.0,2.54,1.6002,0.2032,1.9812,3.175,1.8034,2.7178,2,20,1,1
B00183,B00183_R2,589,4,4,0.762,0.7112,0.0,1.6764,2.032,0.0,0,0,0.0,0.762,2.54,0.2032,1.6002,2.9464,1.4224,1.4986,2,30,1,2
B00184,B00184_R1,590,1,3,0.2032,1.9812,0.0,0.2032,1.6002,0.0,0,0,0.0,2.54,0.762,0.2032,1.6002,3.556,3.175,3.175,2,10,0,1
B00184,B00184_R2,591,2,3,0.2032,1.9812,0.0,0.2032,1.6002,0.0,0,0,0.0,1.0668,0.2032,0.2032,1.6002,2.6416,2.2606,2.2606,2,20,1,1
B00184,B00184_R2,592,3,3,0.2032,1.9812,0.0,0.2032,1.6002,0.0,0,0,0.0,2.54,1.143,0.2032,1.6002,3.175,2.794,2.794,2,20,1,2
B00185,B00185_R1,593,1,3,0.2032,1.6002,0.0,0.2032,1.6002,0.0,0,0,0.0,2.54,1.9812,0.2032,1.6002,2.7178,2.7178,2.7178,2,30,0,1
B00185,B00185_R2,594,2,3,0.2032,1.6002,0.0,0.2032,1.6002,0.0,0,0,0.0,0.2032,1.143,1.0668,0.2032,0.9652,0.9652,1.8034,1,30,1,2
B00185,B00185_R2,595,3,3,0.2032,1.6002,0.0,0.2032,1.6002,0.0,0,0,0.0,1.6764,2.54,0.2032,1.6002,2.413,2.413,2.413,2,10,1,1
B00186,B00186_R1,596,1,1,0.2032,1.6002,0.0,1.0668,0.2032,14.12,0,1,-14.12,0.2032,0.762,0.762,0.2032,1.3462,1.4224,1.1176,1,10,0,1
B00187,B00187_R1,597,1,5,0.762,0.2032,0.0,1.0668,0.2032,0.0,0,0,0.0,0.2032,0.762,0.4572,2.54,1.1176,1.4224,2.032,1,30,0,3
B00187,B00187_R2,598,2,5,0.762,0.2032,0.0,1.0668,0.2032,0.0,0,0,0.0,1.0668,0.2032,1.9812,0.7112,0.8128,0.0,1.4224,3,20,1,1
B00187,B00187_R2,599,3,5,0.762,0.2032,0.0,1.0668,0.2032,0.0,0,0,0.0,0.762,0.7112,1.0668,2.032,0.508,0.8128,3.2512,3,30,1,2
B00187,B00187_R1,600,4,5,0.762,0.2032,0.0,1.0668,0.2032,0.0,0,0,0.0,0.762,2.54,0.2032,1.6002,2.9464,3.2512,1.4986,2,20,0,2
B00187,B00187_R1,601,5,5,0.762,0.2032,0.0,1.0668,0.2032,0.0,0,0,0.0,0.762,0.2032,0.4572,2.54,0.0,0.8128,2.6416,3,30,0,1
B00188,B00188_R2,602,1,2,0.4572,2.54,28.26,1.0668,2.032,15.83,2,1,12.43,1.0668,0.7112,1.0668,0.2032,2.9464,2.9464,0.508,3,10,1,1
B00188,B00188_R1,603,2,2,0.4572,2.54,28.26,1.0668,2.032,15.83,2,1,12.43,0.4572,2.54,0.2032,1.9812,0.0,1.1176,0.8128,2,30,0,1
B00189,B00189_R2,604,1,4,0.2032,1.9812,0.0,1.0668,0.2032,0.0,0,0,0.0,0.2032,0.762,2.286,2.54,1.7272,1.4224,3.8608,1,10,1,2
B00189,B00189_R1,605,2,4,0.2032,1.9812,0.0,1.0668,0.2032,0.0,0,0,0.0,0.762,2.54,2.286,2.54,1.1176,3.2512,2.032,3,10,0,1
B00189,B00189_R2,606,3,4,0.2032,1.9812,0.0,1.0668,0.2032,0.0,0,0,0.0,0.2032,1.143,0.4572,0.2032,1.3462,1.8034,1.1938,1,20,1,1
B00189,B00189_R1,607,4,4,0.2032,1.9812,0.0,1.0668,0.2032,0.0,0,0,0.0,1.9812,0.2032,0.2032,1.9812,3.556,1.4224,3.556,2,10,0,2
B00190,B00190_R1,608,1,3,0.2032,1.9812,0.0,2.286,2.54,0.0,0,0,0.0,1.6764,0.7112,0.762,2.032,3.2512,2.9464,3.2512,3,10,0,1
B00190,B00190_R2,609,2,3,0.2032,1.9812,0.0,2.286,2.54,0.0,0,0,0.0,2.54,1.9812,0.2032,1.6002,2.9464,0.8128,2.7178,2,10,1,1
B00190,B00190_R2,610,3,3,0.2032,1.9812,0.0,2.286,2.54,0.0,0,0,0.0,0.2032,0.762,1.6764,2.032,1.7272,3.8608,3.2512,1,20,1,2
B00191,B00191_R1,611,1,2,0.762,2.032,0.0,1.6764,2.032,18.83,0,1,-18.83,0.2032,0.762,2.54,1.143,2.3368,3.2512,2.7178,1,20,0,1
B00191,B00191_R2,612,2,2,0.762,2.032,0.0,1.6764,2.032,18.83,0,1,-18.83,0.4572,2.54,0.2032,1.6002,0.8128,1.7272,1.1938,2,30,1,1
B00192,B00192_R1,613,1,5,2.54,1.143,0.0,0.2032,1.6002,7.71,0,1,-7.71,0.2032,1.143,1.6764,2.54,2.3368,0.9652,2.8702,1,30,0,2
B00192,B00192_R1,614,2,5,2.54,1.143,0.0,0.2032,1.6002,7.71,0,1,-7.71,1.9812,0.7112,0.2032,1.9812,1.4986,3.175,3.556,2,10,0,1
B00192,B00192_R1,615,3,5,2.54,1.143,0.0,0.2032,1.6002,7.71,0,1,-7.71,0.2032,1.143,2.54,1.9812,2.3368,0.9652,3.175,1,10,0,3
B00192,B00192_R2,616,4,5,2.54,1.143,0.0,0.2032,1.6002,7.71,0,1,-7.71,0.4572,0.2032,1.9812,2.54,3.0226,1.651,3.8608,3,20,1,2
B00192,B00192_R2,617,5,5,2.54,1.143,0.0,0.2032,1.6002,7.71,0,1,-7.71,0.2032,0.762,1.0668,2.032,2.7178,1.3462,2.6416,1,10,1,1
B00193,B00193_R2,618,1,3,2.54,1.9812,52.5,1.9812,2.54,32.87,2,1,19.63,0.762,0.2032,0.2032,1.9812,3.556,3.556,2.3368,2,30,1,2
B00193,B00193_R2,619,2,3,2.54,1.9812,52.5,1.9812,2.54,32.87,2,1,19.63,0.2032,1.143,1.6764,0.2032,3.175,3.175,2.413,1,20,1,1
B00193,B00193_R1,620,3,3,2.54,1.9812,52.5,1.9812,2.54,32.87,2,1,19.63,0.2032,0.762,1.6764,2.032,3.556,3.556,3.2512,1,30,0,1
B00194,B00194_R2,621,1,4,1.6764,2.032,0.0,0.2032,1.9812,0.0,0,0,0.0,0.2032,1.143,1.6764,2.032,2.8702,1.3462,2.8702,1,10,1,2
B00194,B00194_R1,622,2,4,1.6764,2.032,0.0,0.2032,1.9812,0.0,0,0,0.0,0.2032,0.762,1.0668,0.7112,3.2512,1.7272,1.4224,1,20,0,2
B00194,B00194_R1,623,3,4,1.6764,2.032,0.0,0.2032,1.9812,0.0,0,0,0.0,1.0668,2.54,2.286,0.2032,1.1176,1.4224,3.556,3,10,0,1
B00194,B00194_R2,624,4,4,1.6764,2.032,0.0,0.2032,1.9812,0.0,0,0,0.0,0.4572,2.54,0.2032,1.9812,1.7272,0.8128,0.8128,2,10,1,1
B00195,B00195_R2,625,1,5,1.0668,0.7112,22.04,1.6764,2.032,14.33,1,1,7.71,1.0668,2.54,0.2032,1.6002,2.9464,1.1176,1.8034,2,20,1,2
B00195,B00195_R1,626,2,5,1.0668,0.7112,22.04,1.6764,2.032,14.33,1,1,7.71,0.2032,1.143,1.0668,0.2032,1.8034,2.8702,1.8034,1,20,0,1
B00195,B00195_R2,627,3,5,1.0668,0.7112,22.04,1.6764,2.032,14.33,1,1,7.71,1.6764,2.54,0.2032,1.6002,2.9464,0.508,2.413,2,30,1,1
B00195,B00195_R1,628,4,5,1.0668,0.7112,22.04,1.6764,2.032,14.33,1,1,7.71,0.2032,0.762,2.54,1.6002,1.4224,3.2512,3.175,1,30,0,2
B00195,B00195_R2,629,5,5,1.0668,0.7112,22.04,1.6764,2.032,14.33,1,1,7.71,0.2032,1.143,1.9812,0.7112,1.8034,2.8702,2.7178,1,10,1,3
B00196,B00196_R1,630,1,1,2.54,1.6002,34.27,1.9812,0.7112,43.78,2,3,-9.51,0.2032,0.762,0.762,0.2032,3.175,2.3368,1.1176,1,30,0,1
B00197,B00197_R2,631,1,3,0.762,0.2032,0.0,1.9812,0.7112,0.0,0,0,0.0,0.762,2.54,2.54,1.9812,2.9464,3.556,2.3368,3,20,1,1
B00197,B00197_R1,632,2,3,0.762,0.2032,0.0,1.9812,0.7112,0.0,0,0,0.0,0.2032,0.762,2.54,1.143,1.1176,2.3368,2.7178,1,30,0,2
B00197,B00197_R1,633,3,3,0.762,0.2032,0.0,1.9812,0.7112,0.0,0,0,0.0,0.2032,1.143,1.6764,0.7112,1.4986,2.7178,2.413,1,10,0,1
B00198,B00198_R2,634,1,4,2.54,1.143,22.54,2.54,1.9812,0.0,1,0,22.54,1.6764,2.54,0.2032,1.6002,2.2606,1.4224,2.413,2,10,1,1
B00198,B00198_R1,635,2,4,2.54,1.143,22.54,2.54,1.9812,0.0,1,0,22.54,0.2032,1.143,2.54,1.6002,2.3368,3.175,2.794,1,30,0,1
B00198,B00198_R2,636,3,4,2.54,1.143,22.54,2.54,1.9812,0.0,1,0,22.54,0.762,2.032,0.762,0.2032,3.175,2.3368,2.9464,3,20,1,3
B00198,B00198_R2,637,4,4,2.54,1.143,22.54,2.54,1.9812,0.0,1,0,22.54,0.2032,1.143,0.762,2.032,2.3368,3.175,1.9558,1,20,1,2
B00199,B00199_R2,638,1,4,2.54,1.6002,14.03,0.762,0.2032,32.35,1,2,-18.32,0.2032,0.762,1.6764,0.2032,3.175,1.1176,2.032,1,30,1,1
B00199,B00199_R1,639,2,4,2.54,1.6002,14.03,0.762,0.2032,32.35,1,2,-18.32,0.2032,0.762,2.286,2.54,3.175,1.1176,3.8608,1,30,0,2
B00199,B00199_R1,640,3,4,2.54,1.6002,14.03,0.762,0.2032,32.35,1,2,-18.32,2.286,2.54,0.2032,1.6002,1.1938,3.8608,3.0226,2,10,0,1
B00199,B00199_R2,641,4,4,2.54,1.6002,14.03,0.762,0.2032,32.35,1,2,-18.32,0.4572,0.2032,1.6764,2.032,3.4798,0.8128,3.556,3,30,1,2
B00200,B00200_R1,642,1,4,2.286,2.54,26.55,1.6764,2.032,55.01,1,3,-28.46,1.6764,0.2032,0.2032,1.6002,2.9464,2.9464,2.8702,2,10,0,3
B00200,B00200_R1,643,2,4,2.286,2.54,26.55,1.6764,2.032,55.01,1,3,-28.46,1.9812,2.032,0.2032,1.9812,0.8128,0.8128,2.3368,2,10,0,1
B00200,B00200_R1,644,3,4,2.286,2.54,26.55,1.6764,2.032,55.01,1,3,-28.46,0.2032,1.143,2.54,1.6002,3.4798,2.8702,2.794,1,10,0,2
B00200,B00200_R2,645,4,4,2.286,2.54,26.55,1.6764,2.032,55.01,1,3,-28.46,1.6764,2.54,0.762,0.7112,1.1176,0.508,3.2512,3,20,1,1
B00201,B00201_R1,646,1,4,0.2032,1.6002,60.81,0.762,0.7112,47.7,3,2,13.11,2.286,0.2032,0.2032,1.6002,3.4798,2.032,3.4798,2,10,0,2
B00201,B00201_R1,647,2,4,0.2032,1.6002,60.81,0.762,0.7112,47.7,3,2,13.11,0.2032,0.762,2.54,1.6002,1.3462,1.1176,3.175,1,30,0,1
B00201,B00201_R2,648,3,4,0.2032,1.6002,60.81,0.762,0.7112,47.7,3,2,13.11,1.0668,0.2032,1.6764,2.032,2.2606,0.8128,2.9464,3,20,1,1
B00201,B00201_R2,649,4,4,0.2032,1.6002,60.81,0.762,0.7112,47.7,3,2,13.11,1.6764,2.54,0.2032,1.6002,2.413,3.2512,2.413,2,20,1,2
B00202,B00202_R2,650,1,4,0.2032,1.6002,0.0,0.2032,1.6002,0.0,0,0,0.0,1.0668,2.032,1.0668,0.2032,1.8034,1.8034,2.9464,3,20,1,1
B00202,B00202_R1,651,2,4,0.2032,1.6002,0.0,0.2032,1.6002,0.0,0,0,0.0,1.6764,2.032,0.4572,0.2032,2.413,2.413,3.556,3,20,0,2
B00202,B00202_R2,652,3,4,0.2032,1.6002,0.0,0.2032,1.6002,0.0,0,0,0.0,0.762,0.7112,0.2032,1.6002,1.9558,1.9558,1.9558,2,10,1,2
B00202,B00202_R1,653,4,4,0.2032,1.6002,0.0,0.2032,1.6002,0.0,0,0,0.0,0.2032,0.762,1.9812,0.7112,1.3462,1.3462,2.3368,1,20,0,1
B00203,B00203_R2,654,1,1,0.4572,0.2032,32.87,0.2032,1.6002,16.93,1,1,15.94,1.9812,2.54,0.762,0.7112,3.8608,2.7178,3.556,3,30,1,1
B00204,B00204_R2,655,1,3,0.4572,0.2032,0.0,0.762,0.7112,17.04,0,1,-17.04,2.286,0.2032,0.2032,1.9812,2.3368,2.032,3.8608,2,10,1,1
B00204,B00204_R1,656,2,3,0.4572,0.2032,0.0,0.762,0.7112,17.04,0,1,-17.04,1.0668,0.2032,0.2032,1.9812,1.1176,0.8128,2.6416,2,30,0,1
B00204,B00204_R1,657,3,3,0.4572,0.2032,0.0,0.762,0.7112,17.04,0,1,-17.04,1.0668,2.54,0.2032,1.9812,2.9464,3.2512,1.4224,2,30,0,2
B00205,B00205_R2,658,1,4,0.2032,1.9812,0.0,0.2032,1.9812,0.0,0,0,0.0,0.2032,1.143,1.9812,0.2032,1.3462,1.3462,2.7178,1,20,1,1
B00205,B00205_R2,659,2,4,0.2032,1.9812,0.0,0.2032,1.9812,0.0,0,0,0.0,2.54,1.6002,0.2032,1.9812,2.7178,2.7178,2.7178,2,20,1,2
B00205,B00205_R1,660,3,4,0.2032,1.9812,0.0,0.2032,1.9812,0.0,0,0,0.0,0.2032,0.762,2.54,1.143,1.7272,1.7272,2.7178,1,20,0,2
B00205,B00205_R1,661,4,4,0.2032,1.9812,0.0,0.2032,1.9812,0.0,0,0,0.0,0.2032,0.762,1.0668,0.7112,1.7272,1.7272,1.4224,1,20,0,1
B00206,B00206_R2,662,1,4,2.54,1.143,20.14,0.2032,1.9812,22.24,1,1,-2.1,0.2032,1.143,2.54,1.6002,2.3368,1.3462,2.794,1,20,1,2
B00206,B00206_R2,663,2,4,2.54,1.143,20.14,0.2032,1.9812,22.24,1,1,-2.1,0.762,0.2032,0.2032,1.9812,2.7178,2.3368,2.3368,2,10,1,1
B00206,B00206_R1,664,3,4,2.54,1.143,20.14,0.2032,1.9812,22.24,1,1,-2.1,0.2032,1.143,1.9812,2.54,2.3368,1.3462,3.175,1,20,0,2
B00206,B00206_R1,665,4,4,2.54,1.143,20.14,0.2032,1.9812,22.24,1,1,-2.1,1.9812,0.7112,0.2032,1.6002,1.4986,3.556,3.175,2,20,0,1
B00207,B00207_R2,666,1,1,1.9812,2.54,37.87,2.54,1.6002,34.56,2,2,3.31,0.2032,1.143,0.762,2.032,3.175,2.794,1.9558,1,20,1,1
B00208,B00208_R2,667,1,4,1.9812,2.54,0.0,0.762,2.032,0.0,0,0,0.0,0.2032,0.762,1.9812,0.2032,3.556,2.3368,2.3368,1,30,1,1
B00208,B00208_R2,668,2,4,1.9812,2.54,0.0,0.762,2.032,0.0,0,0,0.0,2.286,0.2032,0.2032,1.9812,2.6416,3.8608,3.8608,2,30,1,2
B00208,B00208_R1,669,3,4,1.9812,2.54,0.0,0.762,2.032,0.0,0,0,0.0,0.762,2.54,0.4572,2.54,1.7272,0.508,0.8128,3,30,0,2
B00208,B00208_R1,670,4,4,1.9812,2.54,0.0,0.762,2.032,0.0,0,0,0.0,1.6764,2.032,0.2032,1.6002,0.8128,1.4224,2.413,2,30,0,1
B00209,B00209_R2,671,1,3,0.4572,2.54,10.21,0.2032,1.9812,24.45,1,1,-14.24,0.2032,0.762,0.4572,0.2032,2.032,1.7272,0.8128,1,10,1,1
B00209,B00209_R1,672,2,3,0.4572,2.54,10.21,0.2032,1.9812,24.45,1,1,-14.24,1.9812,0.7112,2.286,0.2032,3.8608,3.556,0.8128,3,10,0,2
B00209,B00209_R1,673,3,3,0.4572,2.54,10.21,0.2032,1.9812,24.45,1,1,-14.24,0.2032,1.143,1.9812,0.7112,1.651,1.3462,2.7178,1,10,0,1
B00210,B00210_R2,674,1,3,2.286,0.2032,18.33,0.4572,0.2032,6.21,2,1,12.12,0.2032,1.143,0.762,0.2032,3.0226,1.1938,1.4986,1,30,1,1
B00210,B00210_R2,675,2,3,2.286,0.2032,18.33,0.4572,0.2032,6.21,2,1,12.12,0.762,0.2032,0.762,2.032,2.032,0.8128,2.9464,3,30,1,2
B00210,B00210_R1,676,3,3,2.286,0.2032,18.33,0.4572,0.2032,6.21,2,1,12.12,1.6764,0.7112,1.0668,0.7112,1.1176,1.7272,1.1176,3,30,0,1
B00211,B00211_R1,677,1,4,1.0668,0.7112,0.0,0.762,2.032,0.0,0,0,0.0,1.0668,0.2032,0.4572,0.2032,0.508,3.2512,1.1176,3,20,0,1
B00211,B00211_R2,678,2,4,1.0668,0.7112,0.0,0.762,2.032,0.0,0,0,0.0,1.9812,0.7112,2.54,1.9812,1.4224,3.556,2.3368,3,10,1,2
B00211,B00211_R1,679,3,4,1.0668,0.7112,0.0,0.762,2.032,0.0,0,0,0.0,0.762,0.2032,0.2032,1.6002,0.8128,2.9464,1.9558,2,30,0,2
B00211,B00211_R2,680,4,4,1.0668,0.7112,0.0,0.762,2.032,0.0,0,0,0.0,0.2032,1.143,2.54,1.6002,1.8034,1.9558,2.794,1,10,1,1
B00212,B00212_R2,681,1,4,0.2032,1.6002,10.72,2.54,1.9812,21.94,1,1,-11.22,1.6764,2.54,0.2032,1.6002,2.413,1.4224,2.413,2,10,1,1
B00212,B00212_R2,682,2,4,0.2032,1.6002,10.72,2.54,1.9812,21.94,1,1,-11.22,0.2032,0.762,1.0668,2.032,1.3462,3.556,2.6416,1,30,1,2
B00212,B00212_R1,683,3,4,0.2032,1.6002,10.72,2.54,1.9812,21.94,1,1,-11.22,0.2032,0.762,1.6764,0.7112,1.3462,3.556,2.032,1,30,0,1
B00212,B00212_R1,684,4,4,0.2032,1.6002,10.72,2.54,1.9812,21.94,1,1,-11.22,0.2032,0.762,1.6764,2.54,1.3462,3.556,3.2512,1,30,0,2
B00213,B00213_R1,685,1,5,1.6764,2.54,33.27,1.0668,2.032,34.27,2,2,-1.0,1.6764,0.7112,0.2032,1.9812,2.9464,2.9464,3.2512,2,10,0,1
B00213,B00213_R2,686,2,5,1.6764,2.54,33.27,1.0668,2.032,34.27,2,2,-1.0,0.2032,0.762,1.6764,0.7112,3.2512,2.6416,2.032,1,20,1,2
B00213,B00213_R2,687,3,5,1.6764,2.54,33.27,1.0668,2.032,34.27,2,2,-1.0,0.762,2.54,0.2032,1.9812,1.4224,0.8128,1.1176,2,30,1,1
B00213,B00213_R1,688,4,5,1.6764,2.54,33.27,1.0668,2.032,34.27,2,2,-1.0,0.2032,0.762,1.6764,2.54,3.2512,2.6416,3.2512,1,10,0,2
B00213,B00213_R2,689,5,5,1.6764,2.54,33.27,1.0668,2.032,34.27,2,2,-1.0,0.762,0.2032,2.54,1.9812,3.2512,3.2512,3.556,3,20,1,3
B00214,B00214_R1,690,1,1,1.6764,2.54,56.11,2.54,1.9812,60.11,2,3,-4.0,1.0668,2.54,1.0668,2.032,1.1176,2.032,0.508,3,30,0,1
B00215,B00215_R2,691,1,3,1.0668,2.032,0.0,2.54,1.9812,0.0,0,0,0.0,0.2032,0.762,2.286,2.54,2.6416,3.556,3.8608,1,20,1,1
B00215,B00215_R1,692,2,3,1.0668,2.032,0.0,2.54,1.9812,0.0,0,0,0.0,0.762,0.2032,0.2032,1.9812,3.2512,3.556,2.3368,2,30,0,2
B00215,B00215_R1,693,3,3,1.0668,2.032,0.0,2.54,1.9812,0.0,0,0,0.0,0.2032,1.143,2.54,0.762,2.2606,3.175,2.7178,1,20,0,1
B00216,B00216_R2,694,1,2,0.2032,1.9812,24.45,2.286,2.54,0.0,1,0,24.45,0.2032,1.143,2.54,0.762,1.3462,3.4798,2.7178,1,30,1,2
B00216,B00216_R2,695,2,2,0.2032,1.9812,24.45,2.286,2.54,0.0,1,0,24.45,0.4572,2.54,1.0668,2.032,0.8128,2.3368,1.1176,3,20,1,1
B00217,B00217_R1,696,1,5,0.2032,1.9812,0.0,2.54,0.762,25.65,0,1,-25.65,1.0668,2.54,0.762,2.54,1.4224,3.2512,0.8128,3,20,0,2
B00217,B00217_R2,697,2,5,0.2032,1.9812,0.0,2.54,0.762,25.65,0,1,-25.65,0.2032,1.143,0.762,2.032,1.3462,2.7178,1.9558,1,10,1,1
B00217,B00217_R1,698,3,5,0.2032,1.9812,0.0,2.54,0.762,25.65,0,1,-25.65,0.762,2.032,0.2032,1.6002,1.1176,3.556,1.4986,2,20,0,3
B00217,B00217_R1,699,4,5,0.2032,1.9812,0.0,2.54,0.762,25.65,0,1,-25.65,0.2032,1.143,0.762,2.032,1.3462,2.7178,1.9558,1,10,0,4
B00217,B00217_R1,700,5,5,0.2032,1.9812,0.0,2.54,0.762,25.65,0,1,-25.65,0.2032,1.143,0.762,2.54,1.3462,2.7178,1.9558,1,10,0,1
B00218,B00218_R1,701,1,5,0.762,2.032,41.66,0.762,2.032,10.72,3,1,30.94,0.2032,0.762,2.54,1.143,2.3368,2.3368,2.7178,1,20,0,2
B00218,B00218_R1,702,2,5,0.762,2.032,41.66,0.762,2.032,10.72,3,1,30.94,1.9812,2.54,0.2032,1.9812,1.7272,1.7272,2.3368,2,30,0,1
B00218,B00218_R2,703,3,5,0.762,2.032,41.66,0.762,2.032,10.72,3,1,30.94,1.0668,0.2032,0.2032,1.6002,3.2512,3.2512,2.2606,2,30,1,2
B00218,B00218_R2,704,4,5,0.762,2.032,41.66,0.762,2.032,10.72,3,1,30.94,0.2032,0.762,2.286,2.54,2.3368,2.3368,3.8608,1,10,1,3
B00218,B00218_R2,705,5,5,0.762,2.032,41.66,0.762,2.032,10.72,3,1,30.94,0.2032,0.762,1.9812,0.7112,2.3368,2.3368,2.3368,1,30,1,1
B00219,B00219_R2,706,1,1,2.54,1.143,66.12,2.286,2.54,47.09,4,2,19.03,0.2032,0.762,2.286,2.54,2.7178,3.8608,3.8608,1,20,1,1
B00220,B00220_R1,707,1,5,2.54,1.143,43.39,2.286,2.54,54.72,2,2,-11.33,0.762,2.54,0.2032,1.9812,3.175,2.032,1.1176,2,30,0,3
B00220,B00220_R2,708,2,5,2.54,1.143,43.39,2.286,2.54,54.72,2,2,-11.33,0.2032,0.762,1.9812,0.7112,2.7178,3.8608,2.3368,1,30,1,2
B00220,B00220_R2,709,3,5,2.54,1.143,43.39,2.286,2.54,54.72,2,2,-11.33,1.9812,2.54,0.2032,1.6002,1.9558,0.8128,2.7178,2,10,1,1
B00220,B00220_R1,710,4,5,2.54,1.143,43.39,2.286,2.54,54.72,2,2,-11.33,0.4572,0.2032,0.4572,2.54,3.0226,4.1656,2.3368,3,10,0,2
B00220,B00220_R1,711,5,5,2.54,1.143,43.39,2.286,2.54,54.72,2,2,-11.33,2.54,0.762,2.286,0.2032,0.889,2.032,0.8128,3,20,0,1
B00221,B00221_R1,712,1,2,0.2032,1.9812,64.52,1.9812,0.7112,40.48,4,2,24.04,1.0668,2.032,1.0668,0.7112,1.4224,3.2512,2.9464,3,30,0,1
B00221,B00221_R2,713,2,2,0.2032,1.9812,64.52,1.9812,0.7112,40.48,4,2,24.04,0.2032,1.143,2.286,0.2032,1.3462,2.7178,3.0226,1,30,1,1
B00222,B00222_R2,714,1,4,1.0668,0.7112,61.32,2.286,0.2032,40.88,3,2,20.44,2.54,0.762,0.2032,1.6002,2.032,0.8128,3.175,2,10,1,1
B00222,B00222_R1,715,2,4,1.0668,0.7112,61.32,2.286,0.2032,40.88,3,2,20.44,2.286,2.54,0.2032,1.6002,3.556,2.3368,3.0226,2,30,0,1
B00222,B00222_R2,716,3,4,1.0668,0.7112,61.32,2.286,0.2032,40.88,3,2,20.44,2.54,1.6002,0.2032,1.9812,2.8702,1.651,2.7178,2,10,1,3
B00222,B00222_R2,717,4,4,1.0668,0.7112,61.32,2.286,0.2032,40.88,3,2,20.44,1.0668,2.032,0.2032,1.6002,2.9464,3.556,1.8034,2,10,1,2
B00223,B00223_R1,718,1,3,0.2032,1.6002,62.63,0.2032,1.9812,82.86,3,4,-20.23,2.286,2.54,0.2032,1.9812,3.0226,2.6416,2.6416,2,30,0,2
B00223,B00223_R1,719,2,3,0.2032,1.6002,62.63,0.2032,1.9812,82.86,3,4,-20.23,0.2032,1.143,2.54,1.9812,0.9652,1.3462,3.175,1,20,0,1
B00223,B00223_R2,720,3,3,0.2032,1.6002,62.63,0.2032,1.9812,82.86,3,4,-20.23,0.762,0.2032,0.2032,1.9812,1.9558,2.3368,2.3368,2,10,1,1
B00224,B00224_R2,721,1,5,0.2032,1.9812,35.17,0.2032,1.9812,38.18,2,2,-3.01,0.2032,0.762,1.9812,0.7112,1.7272,1.7272,2.3368,1,10,1,1
B00224,B00224_R1,722,2,5,0.2032,1.9812,35.17,0.2032,1.9812,38.18,2,2,-3.01,0.2032,1.143,2.54,1.143,1.3462,1.3462,2.3368,1,30,0,2
B00224,B00224_R1,723,3,5,0.2032,1.9812,35.17,0.2032,1.9812,38.18,2,2,-3.01,0.2032,1.143,2.54,0.762,1.3462,1.3462,2.7178,1,20,0,3
B00224,B00224_R2,724,4,5,0.2032,1.9812,35.17,0.2032,1.9812,38.18,2,2,-3.01,0.2032,0.762,1.0668,2.032,1.7272,1.7272,2.6416,1,20,1,2
B00224,B00224_R1,725,5,5,0.2032,1.9812,35.17,0.2032,1.9812,38.18,2,2,-3.01,0.4572,2.54,0.2032,1.9812,0.8128,0.8128,0.8128,2,20,0,1
B00225,B00225_R1,726,1,5,2.54,0.762,0.0,1.0668,2.032,0.0,0,0,0.0,0.2032,1.143,0.762,0.2032,2.7178,2.2606,1.4986,1,10,0,1
B00225,B00225_R1,727,2,5,2.54,0.762,0.0,1.0668,2.032,0.0,0,0,0.0,0.2032,0.762,2.286,2.54,2.9464,2.6416,3.8608,1,10,0,2
B00225,B00225_R2,728,3,5,2.54,0.762,0.0,1.0668,2.032,0.0,0,0,0.0,0.762,2.032,0.2032,1.6002,3.556,0.8128,1.4986,2,30,1,2
B00225,B00225_R2,729,4,5,2.54,0.762,0.0,1.0668,2.032,0.0,0,0,0.0,1.6764,2.54,0.2032,1.9812,2.6416,1.1176,2.032,2,30,1,1
B00225,B00225_R2,730,5,5,2.54,0.762,0.0,1.0668,2.032,0.0,0,0,0.0,0.2032,1.143,0.762,0.2032,2.7178,2.2606,1.4986,1,30,1,3
B00226,B00226_R2,731,1,4,2.286,2.54,23.45,0.762,0.2032,31.05,1,2,-7.6,0.762,0.2032,0.2032,1.9812,3.8608,0.0,2.3368,2,10,1,1
B00226,B00226_R1,732,2,4,2.286,2.54,23.45,0.762,0.2032,31.05,1,2,-7.6,0.2032,1.143,0.4572,2.54,3.4798,1.4986,1.651,1,30,0,2
B00226,B00226_R1,733,3,4,2.286,2.54,23.45,0.762,0.2032,31.05,1,2,-7.6,2.54,0.762,2.54,1.9812,2.032,2.3368,1.7272,3,30,0,1
B00226,B00226_R2,734,4,4,2.286,2.54,23.45,0.762,0.2032,31.05,1,2,-7.6,0.4572,0.2032,0.2032,1.9812,4.1656,0.8128,2.032,2,10,1,2
B00227,B00227_R2,735,1,4,0.4572,2.54,34.87,0.2032,1.9812,46.18,2,3,-11.31,1.6764,0.7112,0.2032,1.6002,3.556,3.2512,2.8702,2,10,1,2
B00227,B00227_R1,736,2,4,0.4572,2.54,34.87,0.2032,1.9812,46.18,2,3,-11.31,2.54,1.9812,0.2032,1.6002,2.6416,2.9464,2.7178,2,10,0,2
B00227,B00227_R2,737,3,4,0.4572,2.54,34.87,0.2032,1.9812,46.18,2,3,-11.31,0.2032,0.762,1.9812,0.7112,2.032,1.7272,2.3368,1,30,1,1
B00227,B00227_R1,738,4,4,0.4572,2.54,34.87,0.2032,1.9812,46.18,2,3,-11.31,1.9812,2.54,0.2032,1.9812,2.032,2.3368,2.3368,2,30,0,1
B00228,B00228_R1,739,1,5,0.2032,1.6002,51.61,0.2032,1.6002,64.62,2,3,-13.01,1.9812,0.7112,0.4572,0.2032,3.175,3.175,2.032,3,10,0,3
B00228,B00228_R2,740,2,5,0.2032,1.6002,51.61,0.2032,1.6002,64.62,2,3,-13.01,1.6764,0.2032,0.2032,1.6002,2.8702,2.8702,2.8702,2,30,1,2
B00228,B00228_R2,741,3,5,0.2032,1.6002,51.61,0.2032,1.6002,64.62,2,3,-13.01,0.2032,1.143,1.0668,2.54,0.9652,0.9652,2.2606,1,20,1,1
B00228,B00228_R1,742,4,5,0.2032,1.6002,51.61,0.2032,1.6002,64.62,2,3,-13.01,1.9812,0.7112,2.54,1.143,3.175,3.175,1.4986,3,10,0,2
B00228,B00228_R1,743,5,5,0.2032,1.6002,51.61,0.2032,1.6002,64.62,2,3,-13.01,0.2032,1.143,2.54,1.143,0.9652,0.9652,2.3368,1,10,0,1
B00229,B00229_R1,744,1,5,0.4572,0.2032,11.02,0.2032,1.6002,14.33,1,1,-3.31,2.286,2.54,0.2032,1.6002,4.1656,3.0226,3.0226,2,20,0,2
B00229,B00229_R1,745,2,5,0.4572,0.2032,11.02,0.2032,1.6002,14.33,1,1,-3.31,0.2032,0.762,0.762,2.032,0.8128,1.3462,2.3368,1,30,0,3
B00229,B00229_R2,746,3,5,0.4572,0.2032,11.02,0.2032,1.6002,14.33,1,1,-3.31,0.2032,1.143,1.0668,2.54,1.1938,0.9652,2.2606,1,20,1,1
B00229,B00229_R1,747,4,5,0.4572,0.2032,11.02,0.2032,1.6002,14.33,1,1,-3.31,0.2032,0.762,2.54,1.6002,0.8128,1.3462,3.175,1,10,0,1
B00229,B00229_R2,748,5,5,0.4572,0.2032,11.02,0.2032,1.6002,14.33,1,1,-3.31,0.2032,0.762,2.54,0.762,0.8128,1.3462,2.9464,1,10,1,2
B00230,B00230_R2,749,1,3,0.762,2.032,12.22,2.54,0.762,0.0,1,0,12.22,1.6764,2.54,0.2032,1.9812,1.4224,2.6416,2.032,2,20,1,2
B00230,B00230_R1,750,2,3,0.762,2.032,12.22,2.54,0.762,0.0,1,0,12.22,0.2032,1.143,0.762,2.032,1.9558,2.7178,1.9558,1,20,0,1
B00230,B00230_R2,751,3,3,0.762,2.032,12.22,2.54,0.762,0.0,1,0,12.22,2.286,0.2032,1.0668,2.032,3.8608,0.8128,3.556,3,30,1,1
B00231,B00231_R2,752,1,5,0.762,2.032,10.72,0.2032,1.9812,17.43,1,1,-6.71,0.762,0.2032,2.54,1.6002,2.9464,2.3368,3.175,3,20,1,2
B00231,B00231_R1,753,2,5,0.762,2.032,10.72,0.2032,1.9812,17.43,1,1,-6.71,0.2032,0.762,2.286,2.54,2.3368,1.7272,3.8608,1,10,0,3
B00231,B00231_R1,754,3,5,0.762,2.032,10.72,0.2032,1.9812,17.43,1,1,-6.71,0.762,0.2032,0.2032,1.9812,2.9464,2.3368,2.3368,2,20,0,2
B00231,B00231_R2,755,4,5,0.762,2.032,10.72,0.2032,1.9812,17.43,1,1,-6.71,0.2032,1.143,1.6764,2.032,1.9558,1.3462,2.8702,1,20,1,1
B00231,B00231_R1,756,5,5,0.762,2.032,10.72,0.2032,1.9812,17.43,1,1,-6.71,0.2032,1.143,2.286,0.2032,1.9558,1.3462,3.0226,1,10,0,1
B00232,B00232_R2,757,1,3,2.286,2.54,51.31,2.54,1.6002,45.7,2,2,5.61,0.762,2.032,0.2032,1.9812,2.032,2.7178,1.1176,2,10,1,1
B00232,B00232_R1,758,2,3,2.286,2.54,51.31,2.54,1.6002,45.7,2,2,5.61,1.0668,2.032,2.54,1.143,1.7272,2.413,2.8702,3,30,0,1
B00232,B00232_R2,759,3,3,2.286,2.54,51.31,2.54,1.6002,45.7,2,2,5.61,0.2032,0.762,1.9812,2.54,3.8608,3.175,3.556,1,30,1,2
B00233,B00233_R1,760,1,3,2.54,1.143,42.39,1.9812,2.54,48.0,2,2,-5.61,0.4572,0.2032,1.0668,2.54,3.0226,3.8608,2.9464,3,10,0,2
B00233,B00233_R1,761,2,3,2.54,1.143,42.39,1.9812,2.54,48.0,2,2,-5.61,0.2032,1.143,0.762,0.2032,2.3368,3.175,1.4986,1,30,0,1
B00233,B00233_R2,762,3,3,2.54,1.143,42.39,1.9812,2.54,48.0,2,2,-5.61,0.2032,1.143,1.0668,0.2032,2.3368,3.175,1.8034,1,30,1,1
B00234,B00234_R1,763,1,5,1.0668,2.54,41.98,1.0668,0.2032,42.69,2,2,-0.71,1.0668,2.032,0.2032,1.9812,0.508,2.9464,1.4224,2,20,0,1
B00234,B00234_R2,764,2,5,1.0668,2.54,41.98,1.0668,0.2032,42.69,2,2,-0.71,0.2032,0.762,1.6764,0.7112,2.6416,1.4224,2.032,1,30,1,1
B00234,B00234_R1,765,3,5,1.0668,2.54,41.98,1.0668,0.2032,42.69,2,2,-0.71,0.2032,1.143,0.762,2.54,2.2606,1.8034,1.9558,1,20,0,2
B00234,B00234_R2,766,4,5,1.0668,2.54,41.98,1.0668,0.2032,42.69,2,2,-0.71,1.0668,0.7112,1.0668,2.032,2.9464,0.508,2.9464,3,30,1,2
B00234,B00234_R1,767,5,5,1.0668,2.54,41.98,1.0668,0.2032,42.69,2,2,-0.71,0.762,2.54,1.9812,2.032,0.8128,3.2512,1.7272,3,20,0,3
B00235,B00235_R2,768,1,4,1.9812,2.032,60.1,1.0668,2.032,41.68,4,2,18.42,0.2032,0.762,0.4572,2.54,3.556,2.6416,2.032,1,10,1,2
B00235,B00235_R2,769,2,4,1.9812,2.032,60.1,1.0668,2.032,41.68,4,2,18.42,0.2032,1.143,2.54,1.143,3.175,2.2606,2.3368,1,30,1,3
B00235,B00235_R1,770,3,4,1.9812,2.032,60.1,1.0668,2.032,41.68,4,2,18.42,1.0668,0.2032,0.2032,1.9812,3.2512,2.9464,2.6416,2,30,0,1
B00235,B00235_R2,771,4,4,1.9812,2.032,60.1,1.0668,2.032,41.68,4,2,18.42,1.0668,2.54,0.2032,1.6002,1.4224,0.508,1.8034,2,10,1,1
B00236,B00236_R2,772,1,2,0.2032,1.9812,61.11,2.54,1.143,70.83,3,4,-9.72,0.762,0.2032,0.2032,1.6002,2.3368,2.7178,1.9558,2,10,1,1
B00236,B00236_R1,773,2,2,0.2032,1.9812,61.11,2.54,1.143,70.83,3,4,-9.72,0.762,2.032,0.2032,1.6002,1.1176,3.175,1.4986,2,10,0,1
B00237,B00237_R2,774,1,4,0.2032,1.6002,55.41,0.2032,1.6002,65.53,3,3,-10.12,2.286,0.2032,0.2032,1.6002,3.4798,3.4798,3.4798,2,10,1,2
B00237,B00237_R2,775,2,4,0.2032,1.6002,55.41,0.2032,1.6002,65.53,3,3,-10.12,0.2032,1.143,1.9812,0.2032,0.9652,0.9652,2.7178,1,10,1,1
B00237,B00237_R1,776,3,4,0.2032,1.6002,55.41,0.2032,1.6002,65.53,3,3,-10.12,1.0668,2.032,0.2032,1.9812,1.8034,1.8034,1.4224,2,30,0,1
B00237,B00237_R1,777,4,4,0.2032,1.6002,55.41,0.2032,1.6002,65.53,3,3,-10.12,1.6764,2.54,1.6764,0.7112,2.413,2.413,2.9464,3,10,0,2
B00238,B00238_R2,778,1,5,1.6764,0.7112,68.02,0.2032,1.6002,85.96,4,4,-17.94,1.0668,2.032,0.2032,1.6002,2.9464,1.8034,1.8034,2,20,1,2
B00238,B00238_R1,779,2,5,1.6764,0.7112,68.02,0.2032,1.6002,85.96,4,4,-17.94,0.2032,1.143,1.0668,0.2032,2.413,0.9652,1.8034,1,10,0,3
B00238,B00238_R1,780,3,5,1.6764,0.7112,68.02,0.2032,1.6002,85.96,4,4,-17.94,2.54,1.143,2.54,1.6002,1.8034,2.794,0.9652,3,10,0,1
B00238,B00238_R1,781,4,5,1.6764,0.7112,68.02,0.2032,1.6002,85.96,4,4,-17.94,2.54,1.9812,0.2032,1.6002,2.6416,2.7178,2.7178,2,30,0,2
B00238,B00238_R2,782,5,5,1.6764,0.7112,68.02,0.2032,1.6002,85.96,4,4,-17.94,1.0668,2.032,0.4572,2.54,2.9464,1.8034,1.1176,3,30,1,1
B00239,B00239_R1,783,1,5,1.0668,0.2032,98.48,0.2032,1.6002,89.26,5,5,9.22,1.0668,0.7112,0.2032,1.6002,0.508,2.2606,2.2606,2,30,0,1
B00239,B00239_R1,784,2,5,1.0668,0.2032,98.48,0.2032,1.6002,89.26,5,5,9.22,2.286,2.54,1.9812,0.2032,3.556,3.0226,2.6416,3,30,0,2
B00239,B00239_R2,785,3,5,1.0668,0.2032,98.48,0.2032,1.6002,89.26,5,5,9.22,2.54,1.9812,0.2032,1.6002,3.2512,2.7178,2.7178,2,30,1,2
B00239,B00239_R2,786,4,5,1.0668,0.2032,98.48,0.2032,1.6002,89.26,5,5,9.22,0.2032,0.762,1.6764,0.7112,1.4224,1.3462,2.032,1,20,1,3
B00239,B00239_R2,787,5,5,1.0668,0.2032,98.48,0.2032,1.6002,89.26,5,5,9.22,0.2032,0.762,2.54,1.9812,1.4224,1.3462,3.556,1,30,1,1
B00240,B00240_R2,788,1,4,1.9812,0.2032,114.02,1.6764,0.7112,119.42,6,6,-5.4,0.2032,1.143,2.54,1.143,2.7178,2.413,2.3368,1,30,1,2
B00240,B00240_R1,789,2,4,1.9812,0.2032,114.02,1.6764,0.7112,119.42,6,6,-5.4,0.2032,1.143,0.762,2.54,2.7178,2.413,1.9558,1,20,0,1
B00240,B00240_R2,790,3,4,1.9812,0.2032,114.02,1.6764,0.7112,119.42,6,6,-5.4,0.2032,0.762,0.4572,2.54,2.3368,2.032,2.032,1,20,1,1
B00240,B00240_R1,791,4,4,1.9812,0.2032,114.02,1.6764,0.7112,119.42,6,6,-5.4,0.2032,0.762,1.9812,0.2032,2.3368,2.032,2.3368,1,10,0,2
B00241,B00241_R2,792,1,3,1.9812,0.2032,131.36,2.54,1.143,130.14,6,7,1.22,0.2032,1.143,1.6764,0.2032,2.7178,2.3368,2.413,1,30,1,2
B00241,B00241_R1,793,2,3,1.9812,0.2032,131.36,2.54,1.143,130.14,6,7,1.22,1.6764,0.7112,0.2032,1.9812,0.8128,1.8034,3.2512,2,20,0,1
B00241,B00241_R2,794,3,3,1.9812,0.2032,131.36,2.54,1.143,130.14,6,7,1.22,2.286,2.54,0.2032,1.6002,2.6416,1.651,3.0226,2,30,1,1
B00242,B00242_R2,795,1,2,0.2032,1.9812,126.35,1.6764,0.2032,148.99,6,7,-22.64,2.54,1.6002,0.762,0.2032,2.7178,2.2606,3.175,3,10,1,1
B00242,B00242_R1,796,2,2,0.2032,1.9812,126.35,1.6764,0.2032,148.99,6,7,-22.64,1.0668,2.54,0.4572,0.2032,1.4224,2.9464,2.9464,3,30,0,1
B00243,B00243_R1,797,1,2,0.4572,0.2032,122.55,0.762,0.2032,148.1,5,7,-25.55,0.2032,1.143,2.54,1.143,1.1938,1.4986,2.3368,1,20,0,1
B00243,B00243_R1,798,2,2,0.4572,0.2032,122.55,0.762,0.2032,148.1,5,7,-25.55,1.9812,0.2032,1.6764,0.2032,2.032,1.7272,0.8128,3,30,0,2
B00244,B00244_R2,799,1,3,1.6764,0.2032,27.34,0.762,0.2032,15.53,2,1,11.81,1.6764,0.7112,0.2032,1.6002,0.508,1.4224,2.8702,2,20,1,1
B00244,B00244_R1,800,2,3,1.6764,0.2032,27.34,0.762,0.2032,15.53,2,1,11.81,1.9812,0.7112,0.4572,2.54,0.8128,1.7272,3.8608,3,10,0,1
B00244,B00244_R2,801,3,3,1.6764,0.2032,27.34,0.762,0.2032,15.53,2,1,11.81,0.2032,1.143,1.0668,2.032,2.413,1.4986,2.2606,1,30,1,2
B00245,B00245_R2,802,1,4,0.4572,2.54,24.45,1.0668,2.032,26.34,1,2,-1.89,0.2032,0.762,0.762,0.2032,2.032,2.6416,1.1176,1,30,1,1
B00245,B00245_R2,803,2,4,0.4572,2.54,24.45,1.0668,2.032,26.34,1,2,-1.89,0.2032,0.762,0.4572,2.54,2.032,2.6416,2.032,1,30,1,2
B00245,B00245_R1,804,3,4,0.4572,2.54,24.45,1.0668,2.032,26.34,1,2,-1.89,0.2032,0.762,2.54,1.9812,2.032,2.6416,3.556,1,20,0,2
B00245,B00245_R1,805,4,4,0.4572,2.54,24.45,1.0668,2.032,26.34,1,2,-1.89,0.2032,1.143,0.762,0.2032,1.651,2.2606,1.4986,1,20,0,1
B00246,B00246_R2,806,1,4,2.54,1.9812,33.37,0.4572,2.54,39.27,2,2,-5.9,0.2032,0.762,2.54,0.762,3.556,2.032,2.9464,1,20,1,1
B00246,B00246_R2,807,2,4,2.54,1.9812,33.37,0.4572,2.54,39.27,2,2,-5.9,1.9812,0.7112,1.6764,2.54,2.3368,3.8608,3.2512,3,10,1,2
B00246,B00246_R1,808,3,4,2.54,1.9812,33.37,0.4572,2.54,39.27,2,2,-5.9,1.6764,2.032,0.2032,1.6002,1.4224,1.7272,2.413,2,30,0,1
B00246,B00246_R1,809,4,4,2.54,1.9812,33.37,0.4572,2.54,39.27,2,2,-5.9,0.2032,1.143,1.6764,2.032,3.175,1.651,2.8702,1,10,0,2
B00247,B00247_R1,810,1,3,1.6764,2.032,42.28,1.6764,2.54,59.92,2,3,-17.64,1.0668,0.7112,0.2032,1.9812,2.9464,2.9464,2.6416,2,30,0,2
B00247,B00247_R2,811,2,3,1.6764,2.032,42.28,1.6764,2.54,59.92,2,3,-17.64,0.2032,0.762,1.9812,0.7112,3.2512,3.2512,2.3368,1,30,1,1
B00247,B00247_R1,812,3,3,1.6764,2.032,42.28,1.6764,2.54,59.92,2,3,-17.64,0.2032,1.143,1.0668,0.7112,2.8702,2.8702,1.8034,1,30,0,1
B00248,B00248_R2,813,1,3,0.2032,1.9812,55.21,1.9812,0.7112,51.31,3,2,3.9,0.2032,0.762,0.762,0.2032,1.7272,2.3368,1.1176,1,30,1,1
B00248,B00248_R1,814,2,3,0.2032,1.9812,55.21,1.9812,0.7112,51.31,3,2,3.9,0.2032,0.762,2.286,2.54,1.7272,2.3368,3.8608,1,30,0,1
B00248,B00248_R2,815,3,3,0.2032,1.9812,55.21,1.9812,0.7112,51.31,3,2,3.9,0.2032,0.762,0.762,2.54,1.7272,2.3368,2.3368,1,20,1,2
B00249,B00249_R2,816,1,4,2.286,2.54,18.24,0.762,2.54,19.64,1,1,-1.4,0.2032,1.143,1.9812,0.7112,3.4798,1.9558,2.7178,1,10,1,2
B00249,B00249_R1,817,2,4,2.286,2.54,18.24,0.762,2.54,19.64,1,1,-1.4,1.6764,0.7112,2.54,1.9812,2.9464,3.2512,2.6416,3,20,0,2
B00249,B00249_R1,818,3,4,2.286,2.54,18.24,0.762,2.54,19.64,1,1,-1.4,0.2032,0.762,1.6764,0.7112,3.8608,2.3368,2.032,1,20,0,1
B00249,B00249_R2,819,4,4,2.286,2.54,18.24,0.762,2.54,19.64,1,1,-1.4,0.2032,1.143,2.54,1.143,3.4798,1.9558,2.3368,1,10,1,1
B00250,B00250_R2,820,1,3,2.54,1.9812,20.43,1.9812,0.7112,43.98,2,2,-23.55,1.0668,0.7112,0.2032,1.6002,3.2512,1.4224,2.2606,2,20,1,1
B00250,B00250_R1,821,2,3,2.54,1.9812,20.43,1.9812,0.7112,43.98,2,2,-23.55,1.9812,2.54,0.2032,1.6002,1.1176,2.9464,2.7178,2,30,0,1
B00250,B00250_R1,822,3,3,2.54,1.9812,20.43,1.9812,0.7112,43.98,2,2,-23.55,0.2032,1.143,1.9812,2.54,3.175,2.7178,3.175,1,10,0,2
B00251,B00251_R2,823,1,3,1.9812,2.54,41.27,0.2032,1.6002,33.27,2,2,8.0,1.9812,0.2032,0.2032,1.6002,2.9464,3.175,3.175,2,20,1,2
B00251,B00251_R1,824,2,3,1.9812,2.54,41.27,0.2032,1.6002,33.27,2,2,8.0,1.9812,2.032,0.2032,1.9812,0.508,2.7178,2.3368,2,10,0,1
B00251,B00251_R2,825,3,3,1.9812,2.54,41.27,0.2032,1.6002,33.27,2,2,8.0,2.54,1.9812,1.9812,0.2032,1.1176,2.7178,2.3368,3,20,1,1
B00252,B00252_R1,826,1,4,0.2032,1.9812,32.76,0.2032,1.6002,44.48,2,2,-11.72,0.2032,1.143,0.762,2.54,1.3462,0.9652,1.9558,1,10,0,1
B00252,B00252_R1,827,2,4,0.2032,1.9812,32.76,0.2032,1.6002,44.48,2,2,-11.72,1.9812,2.032,2.286,0.2032,2.3368,2.7178,2.6416,3,20,0,2
B00252,B00252_R2,828,3,4,0.2032,1.9812,32.76,0.2032,1.6002,44.48,2,2,-11.72,1.0668,0.2032,0.2032,1.6002,2.6416,2.2606,2.2606,2,30,1,2
B00252,B00252_R2,829,4,4,0.2032,1.9812,32.76,0.2032,1.6002,44.48,2,2,-11.72,0.2032,1.143,1.0668,0.2032,1.3462,0.9652,1.8034,1,20,1,1
B00253,B00253_R1,830,1,5,2.286,0.2032,42.28,0.2032,1.6002,47.38,2,3,-5.1,2.54,1.143,0.2032,1.6002,1.1938,2.794,2.794,2,30,0,1
B00253,B00253_R2,831,2,5,2.286,0.2032,42.28,0.2032,1.6002,47.38,2,3,-5.1,0.2032,0.762,1.9812,2.54,2.6416,1.3462,3.556,1,30,1,2
B00253,B00253_R1,832,3,5,2.286,0.2032,42.28,0.2032,1.6002,47.38,2,3,-5.1,0.2032,0.762,2.54,1.143,2.6416,1.3462,2.7178,1,30,0,2
B00253,B00253_R1,833,4,5,2.286,0.2032,42.28,0.2032,1.6002,47.38,2,3,-5.1,0.2032,0.762,2.54,1.9812,2.6416,1.3462,3.556,1,20,0,3
B00253,B00253_R2,834,5,5,2.286,0.2032,42.28,0.2032,1.6002,47.38,2,3,-5.1,0.2032,1.143,1.9812,2.032,3.0226,0.9652,3.175,1,10,1,1
B00254,B00254_R1,835,1,4,2.54,1.9812,87.98,1.9812,2.54,71.33,4,3,16.65,0.2032,0.762,1.9812,0.2032,3.556,3.556,2.3368,1,10,0,2
B00254,B00254_R2,836,2,4,2.54,1.9812,87.98,1.9812,2.54,71.33,4,3,16.65,0.2032,0.762,2.54,1.9812,3.556,3.556,3.556,1,10,1,2
B00254,B00254_R1,837,3,4,2.54,1.9812,87.98,1.9812,2.54,71.33,4,3,16.65,2.54,0.762,1.6764,0.7112,1.7272,2.3368,1.4224,3,10,0,1
B00254,B00254_R2,838,4,4,2.54,1.9812,87.98,1.9812,2.54,71.33,4,3,16.65,0.2032,0.762,1.0668,0.7112,3.556,3.556,1.4224,1,20,1,1
B00255,B00255_R1,839,1,5,1.9812,0.2032,94.49,2.54,1.9812,100.9,4,4,-6.41,0.2032,1.143,0.762,2.032,2.7178,3.175,1.9558,1,30,0,2
B00255,B00255_R1,840,2,5,1.9812,0.2032,94.49,2.54,1.9812,100.9,4,4,-6.41,0.2032,0.762,0.762,2.54,2.3368,3.556,2.3368,1,30,0,3
B00255,B00255_R2,841,3,5,1.9812,0.2032,94.49,2.54,1.9812,100.9,4,4,-6.41,0.2032,1.143,2.54,1.9812,2.7178,3.175,3.175,1,20,1,2
B00255,B00255_R1,842,4,5,1.9812,0.2032,94.49,2.54,1.9812,100.9,4,4,-6.41,2.286,0.2032,0.2032,1.6002,0.8128,2.032,3.4798,2,30,0,1
B00255,B00255_R2,843,5,5,1.9812,0.2032,94.49,2.54,1.9812,100.9,4,4,-6.41,2.54,0.762,0.2032,1.9812,1.1176,1.7272,3.556,2,10,1,1
B00256,B00256_R2,844,1,5,0.762,2.54,58.72,2.54,1.9812,26.85,3,2,31.87,2.54,1.143,0.2032,1.6002,3.175,1.3462,2.794,2,20,1,1
B00256,B00256_R2,845,2,5,0.762,2.54,58.72,2.54,1.9812,26.85,3,2,31.87,1.0668,0.2032,1.0668,0.7112,3.2512,3.2512,0.508,3,30,1,3
B00256,B00256_R2,846,3,5,0.762,2.54,58.72,2.54,1.9812,26.85,3,2,31.87,0.2032,0.762,0.4572,0.2032,2.3368,3.556,0.8128,1,20,1,2
B00256,B00256_R1,847,4,5,0.762,2.54,58.72,2.54,1.9812,26.85,3,2,31.87,0.2032,0.762,1.6764,0.2032,2.3368,3.556,2.032,1,30,0,2
B00256,B00256_R1,848,5,5,0.762,2.54,58.72,2.54,1.9812,26.85,3,2,31.87,0.762,2.032,0.762,2.54,0.508,2.3368,0.508,3,10,0,1
B00257,B00257_R2,849,1,2,1.6764,0.2032,60.71,1.0668,0.7112,48.28,4,3,12.43,0.2032,0.762,0.762,2.032,2.032,1.4224,2.3368,1,30,1,1
B00257,B00257_R1,850,2,2,1.6764,0.2032,60.71,1.0668,0.7112,48.28,4,3,12.43,2.286,0.2032,0.2032,1.6002,1.1176,1.7272,3.4798,2,20,0,1
B00258,B00258_R2,851,1,4,0.2032,1.6002,35.17,0.762,2.032,19.84,2,1,15.33,2.286,0.2032,0.2032,1.9812,3.4798,3.8608,3.8608,2,10,1,2
B00258,B00258_R1,852,2,4,0.2032,1.6002,35.17,0.762,2.032,19.84,2,1,15.33,1.9812,2.54,0.2032,1.6002,2.7178,1.7272,2.7178,2,30,0,2
B00258,B00258_R1,853,3,4,0.2032,1.6002,35.17,0.762,2.032,19.84,2,1,15.33,0.2032,1.143,1.9812,2.54,0.9652,1.9558,3.175,1,20,0,1
B00258,B00258_R2,854,4,4,0.2032,1.6002,35.17,0.762,2.032,19.84,2,1,15.33,1.0668,2.54,2.286,0.2032,1.8034,0.8128,3.556,3,20,1,1
B00259,B00259_R2,855,1,4,0.2032,1.6002,39.07,0.2032,1.9812,38.28,2,2,0.79,1.6764,2.032,0.2032,1.6002,2.413,2.032,2.413,2,10,1,1
B00259,B00259_R1,856,2,4,0.2032,1.6002,39.07,0.2032,1.9812,38.28,2,2,0.79,2.286,0.2032,0.2032,1.9812,3.4798,3.8608,3.8608,2,20,0,2
B00259,B00259_R1,857,3,4,0.2032,1.6002,39.07,0.2032,1.9812,38.28,2,2,0.79,0.762,0.7112,0.762,0.2032,1.9558,2.3368,0.508,3,10,0,1
B00259,B00259_R2,858,4,4,0.2032,1.6002,39.07,0.2032,1.9812,38.28,2,2,0.79,2.54,1.143,0.2032,1.6002,2.794,3.175,2.794,2,20,1,2
B00260,B00260_R2,859,1,2,0.2032,1.9812,58.72,0.2032,1.6002,51.61,3,2,7.11,0.2032,1.143,1.6764,2.54,1.3462,0.9652,2.8702,1,10,1,1
B00260,B00260_R1,860,2,2,0.2032,1.9812,58.72,0.2032,1.6002,51.61,3,2,7.11,0.2032,1.143,1.0668,2.54,1.3462,0.9652,2.2606,1,30,0,1
B00261,B00261_R2,861,1,4,1.0668,2.54,11.92,1.6764,2.54,0.0,1,0,11.92,0.2032,1.143,1.9812,2.54,2.2606,2.8702,3.175,1,10,1,2
B00261,B00261_R1,862,2,4,1.0668,2.54,11.92,1.6764,2.54,0.0,1,0,11.92,0.2032,0.762,1.6764,0.7112,2.6416,3.2512,2.032,1,30,0,1
B00261,B00261_R1,863,3,4,1.0668,2.54,11.92,1.6764,2.54,0.0,1,0,11.92,0.2032,0.762,2.54,0.762,2.6416,3.2512,2.9464,1,20,0,2
B00261,B00261_R2,864,4,4,1.0668,2.54,11.92,1.6764,2.54,0.0,1,0,11.92,0.2032,0.762,0.762,2.032,2.6416,3.2512,2.3368,1,30,1,1
B00262,B00262_R2,865,1,5,2.54,0.762,0.0,1.9812,2.54,0.0,0,0,0.0,0.2032,0.762,0.762,0.2032,2.9464,3.556,1.1176,1,10,1,2
B00262,B00262_R2,866,2,5,2.54,0.762,0.0,1.9812,2.54,0.0,0,0,0.0,1.6764,2.54,0.2032,1.6002,2.6416,0.8128,2.413,2,10,1,1
B00262,B00262_R2,867,3,5,2.54,0.762,0.0,1.9812,2.54,0.0,0,0,0.0,1.6764,0.7112,0.2032,1.9812,1.4224,3.2512,3.2512,2,20,1,3
B00262,B00262_R1,868,4,5,2.54,0.762,0.0,1.9812,2.54,0.0,0,0,0.0,2.286,2.54,1.0668,2.032,2.032,0.8128,1.7272,3,20,0,1
B00262,B00262_R1,869,5,5,2.54,0.762,0.0,1.9812,2.54,0.0,0,0,0.0,0.4572,2.54,0.2032,1.9812,3.8608,2.032,0.8128,2,20,0,2
B00263,B00263_R2,870,1,5,0.2032,1.9812,0.0,0.2032,1.9812,13.63,0,1,-13.63,0.2032,1.143,1.9812,2.032,1.3462,1.3462,3.175,1,10,1,2
B00263,B00263_R2,871,2,5,0.2032,1.9812,0.0,0.2032,1.9812,13.63,0,1,-13.63,0.4572,2.54,0.2032,1.6002,0.8128,0.8128,1.1938,2,30,1,1
B00263,B00263_R1,872,3,5,0.2032,1.9812,0.0,0.2032,1.9812,13.63,0,1,-13.63,0.2032,1.143,2.54,1.9812,1.3462,1.3462,3.175,1,10,0,1
B00263,B00263_R1,873,4,5,0.2032,1.9812,0.0,0.2032,1.9812,13.63,0,1,-13.63,1.6764,0.7112,0.2032,1.6002,3.2512,3.2512,2.8702,2,30,0,3
B00263,B00263_R1,874,5,5,0.2032,1.9812,0.0,0.2032,1.9812,13.63,0,1,-13.63,1.9812,0.7112,0.4572,0.2032,3.556,3.556,2.032,3,30,0,2
B00264,B00264_R1,875,1,3,0.2032,1.6002,14.33,1.9812,2.032,0.0,1,0,14.33,0.762,0.7112,0.2032,1.6002,1.9558,3.556,1.9558,2,10,0,1
B00264,B00264_R2,876,2,3,0.2032,1.6002,14.33,1.9812,2.032,0.0,1,0,14.33,1.9812,2.54,2.54,1.6002,2.7178,0.508,1.4986,3,10,1,1
B00264,B00264_R2,877,3,3,0.2032,1.6002,14.33,1.9812,2.032,0.0,1,0,14.33,0.762,2.032,0.2032,1.6002,1.4986,1.7272,1.4986,2,30,1,2
B00265,B00265_R1,878,1,4,0.2032,1.6002,0.0,0.2032,1.6002,12.92,0,1,-12.92,2.54,1.143,0.2032,1.9812,2.794,2.794,3.175,2,30,0,1
B00265,B00265_R2,879,2,4,0.2032,1.6002,0.0,0.2032,1.6002,12.92,0,1,-12.92,2.54,1.9812,0.2032,1.6002,2.7178,2.7178,2.7178,2,30,1,2
B00265,B00265_R2,880,3,4,0.2032,1.6002,0.0,0.2032,1.6002,12.92,0,1,-12.92,0.2032,1.143,1.6764,2.54,0.9652,0.9652,2.8702,1,30,1,1
B00265,B00265_R1,881,4,4,0.2032,1.6002,0.0,0.2032,1.6002,12.92,0,1,-12.92,0.762,0.2032,0.2032,1.9812,1.9558,1.9558,2.3368,2,30,0,2
B00266,B00266_R2,882,1,3,0.2032,1.9812,23.45,0.2032,1.6002,33.86,1,2,-10.41,1.6764,0.7112,0.2032,1.6002,3.2512,2.8702,2.8702,2,10,1,1
B00266,B00266_R1,883,2,3,0.2032,1.9812,23.45,0.2032,1.6002,33.86,1,2,-10.41,0.2032,1.143,1.6764,0.2032,1.3462,0.9652,2.413,1,30,0,1
B00266,B00266_R1,884,3,3,0.2032,1.9812,23.45,0.2032,1.6002,33.86,1,2,-10.41,1.6764,0.2032,0.2032,1.6002,3.2512,2.8702,2.8702,2,20,0,2
B00267,B00267_R2,885,1,1,0.2032,1.6002,29.86,0.2032,1.6002,28.66,2,1,1.2,1.0668,2.54,2.286,2.54,1.8034,1.8034,1.7272,3,10,1,1
B00268,B00268_R2,886,1,2,0.2032,1.6002,0.0,2.286,2.54,0.0,0,0,0.0,1.6764,0.7112,0.2032,1.6002,2.8702,2.9464,2.8702,2,10,1,1
B00268,B00268_R1,887,2,2,0.2032,1.6002,0.0,2.286,2.54,0.0,0,0,0.0,0.2032,0.762,2.54,1.9812,1.3462,3.8608,3.556,1,10,0,1
B00269,B00269_R1,888,1,5,2.54,1.9812,0.0,0.2032,1.6002,0.0,0,0,0.0,1.9812,0.2032,0.2032,1.6002,2.3368,3.175,3.175,2,10,0,2
B00269,B00269_R1,889,2,5,2.54,1.9812,0.0,0.2032,1.6002,0.0,0,0,0.0,1.6764,2.032,2.54,1.143,1.4224,2.413,2.2606,3,20,0,1
B00269,B00269_R2,890,3,5,2.54,1.9812,0.0,0.2032,1.6002,0.0,0,0,0.0,0.2032,0.762,0.4572,0.2032,3.556,1.3462,0.8128,1,10,1,1
B00269,B00269_R2,891,4,5,2.54,1.9812,0.0,0.2032,1.6002,0.0,0,0,0.0,0.2032,0.762,1.0668,0.2032,3.556,1.3462,1.4224,1,20,1,2
B00269,B00269_R2,892,5,5,2.54,1.9812,0.0,0.2032,1.6002,0.0,0,0,0.0,1.6764,0.7112,0.2032,1.9812,2.6416,2.8702,3.2512,2,20,1,3
B00270,B00270_R2,893,1,3,0.2032,1.6002,0.0,0.2032,1.9812,0.0,0,0,0.0,0.4572,2.54,0.2032,1.6002,1.1938,0.8128,1.1938,2,10,1,1
B00270,B00270_R1,894,2,3,0.2032,1.6002,0.0,0.2032,1.9812,0.0,0,0,0.0,2.286,2.54,0.4572,2.54,3.0226,2.6416,2.3368,3,20,0,1
B00270,B00270_R2,895,3,3,0.2032,1.6002,0.0,0.2032,1.9812,0.0,0,0,0.0,0.762,2.032,0.2032,1.6002,1.4986,1.1176,1.4986,2,30,1,2
B00271,B00271_R1,896,1,1,0.4572,2.54,0.0,0.2032,1.6002,11.92,0,1,-11.92,1.0668,0.7112,0.2032,1.6002,2.9464,2.2606,2.2606,2,10,0,1
B00272,B00272_R2,897,1,3,0.2032,1.6002,0.0,0.2032,1.6002,0.0,0,0,0.0,0.2032,1.143,1.0668,2.54,0.9652,0.9652,2.2606,1,30,1,2
B00272,B00272_R2,898,2,3,0.2032,1.6002,0.0,0.2032,1.6002,0.0,0,0,0.0,0.2032,1.143,0.4572,2.54,0.9652,0.9652,1.651,1,30,1,1
B00272,B00272_R1,899,3,3,0.2032,1.6002,0.0,0.2032,1.6002,0.0,0,0,0.0,0.2032,1.143,1.9812,0.7112,0.9652,0.9652,2.7178,1,20,0,1
B00273,B00273_R2,900,1,5,1.9812,0.7112,0.0,1.0668,2.54,15.93,0,1,-15.93,0.4572,2.54,0.2032,1.6002,3.8608,1.1176,1.1938,2,30,1,1
B00273,B00273_R1,901,2,5,1.9812,0.7112,0.0,1.0668,2.54,15.93,0,1,-15.93,2.54,1.143,1.0668,2.032,1.4986,2.8702,2.8702,3,10,0,3
B00273,B00273_R2,902,3,5,1.9812,0.7112,0.0,1.0668,2.54,15.93,0,1,-15.93,1.6764,0.7112,0.2032,1.6002,0.8128,2.9464,2.8702,2,30,1,2
B00273,B00273_R1,903,4,5,1.9812,0.7112,0.0,1.0668,2.54,15.93,0,1,-15.93,2.54,1.143,0.2032,1.6002,1.4986,2.8702,2.794,2,10,0,1
B00273,B00273_R1,904,5,5,1.9812,0.7112,0.0,1.0668,2.54,15.93,0,1,-15.93,0.2032,1.143,1.9812,2.54,2.7178,2.2606,3.175,1,10,0,2
B00274,B00274_R1,905,1,3,1.0668,2.032,0.0,0.2032,1.6002,0.0,0,0,0.0,1.9812,0.7112,1.6764,2.54,3.2512,3.175,3.2512,3,20,0,1
B00274,B00274_R2,906,2,3,1.0668,2.032,0.0,0.2032,1.6002,0.0,0,0,0.0,2.54,1.6002,0.2032,1.6002,2.413,2.3368,2.3368,2,30,1,2
B00274,B00274_R2,907,3,3,1.0668,2.032,0.0,0.2032,1.6002,0.0,0,0,0.0,0.762,0.7112,0.762,2.032,3.2512,1.9558,2.9464,3,10,1,1
B00275,B00275_R1,908,1,4,1.6764,2.54,0.0,0.2032,1.6002,25.95,0,1,-25.95,0.2032,1.143,1.6764,2.032,2.8702,0.9652,2.8702,1,20,0,3
B00275,B00275_R2,909,2,4,1.6764,2.54,0.0,0.2032,1.6002,25.95,0,1,-25.95,0.2032,1.143,2.54,1.9812,2.8702,0.9652,3.175,1,10,1,1
B00275,B00275_R1,910,3,4,1.6764,2.54,0.0,0.2032,1.6002,25.95,0,1,-25.95,0.4572,0.2032,0.2032,1.9812,3.556,1.651,2.032,2,10,0,2
B00275,B00275_R1,911,4,4,1.6764,2.54,0.0,0.2032,1.6002,25.95,0,1,-25.95,2.286,2.54,0.762,2.032,1.1176,3.0226,2.032,3,20,0,1
B00276,B00276_R1,912,1,3,1.6764,2.032,46.09,2.54,1.9812,15.53,2,1,30.56,0.2032,1.143,2.286,2.54,2.8702,3.175,3.4798,1,10,0,1
B00276,B00276_R2,913,2,3,1.6764,2.032,46.09,2.54,1.9812,15.53,2,1,30.56,0.2032,0.762,2.54,1.6002,3.2512,3.556,3.175,1,10,1,2
B00276,B00276_R2,914,3,3,1.6764,2.032,46.09,2.54,1.9812,15.53,2,1,30.56,2.54,1.9812,2.286,2.54,1.4224,0.0,0.8128,3,10,1,1
B00277,B00277_R2,915,1,3,2.286,2.54,45.4,2.54,1.6002,33.77,2,1,11.63,0.2032,0.762,0.4572,2.54,3.8608,3.175,2.032,1,30,1,2
B00277,B00277_R1,916,2,3,2.286,2.54,45.4,2.54,1.6002,33.77,2,1,11.63,0.762,2.032,0.2032,1.9812,2.032,2.7178,1.1176,2,30,0,1
B00277,B00277_R2,917,3,3,2.286,2.54,45.4,2.54,1.6002,33.77,2,1,11.63,1.0668,0.7112,1.6764,0.7112,3.556,2.8702,1.1176,3,30,1,1
B00278,B00278_R1,918,1,1,0.2032,1.9812,18.43,0.4572,2.54,29.45,1,2,-11.02,0.762,0.2032,0.2032,1.6002,2.3368,2.6416,1.9558,2,30,0,1
B00279,B00279_R1,919,1,5,0.2032,1.6002,0.0,0.4572,2.54,0.0,0,0,0.0,0.2032,1.143,0.762,0.7112,0.9652,1.651,1.4986,1,10,0,1
B00279,B00279_R2,920,2,5,0.2032,1.6002,0.0,0.4572,2.54,0.0,0,0,0.0,2.54,0.762,0.2032,1.9812,3.175,3.8608,3.556,2,30,1,2
B00279,B00279_R1,921,3,5,0.2032,1.6002,0.0,0.4572,2.54,0.0,0,0,0.0,0.2032,1.143,1.6764,0.2032,0.9652,1.651,2.413,1,10,0,3
B00279,B00279_R1,922,4,5,0.2032,1.6002,0.0,0.4572,2.54,0.0,0,0,0.0,0.2032,0.762,0.762,0.7112,1.3462,2.032,1.1176,1,30,0,2
B00279,B00279_R2,923,5,5,0.2032,1.6002,0.0,0.4572,2.54,0.0,0,0,0.0,0.2032,1.143,1.6764,0.2032,0.9652,1.651,2.413,1,20,1,1
B00280,B00280_R2,924,1,3,1.6764,0.2032,31.85,0.2032,1.9812,23.45,2,1,8.4,0.2032,0.762,1.0668,0.2032,2.032,1.7272,1.4224,1,20,1,1
B00280,B00280_R1,925,2,3,1.6764,0.2032,31.85,0.2032,1.9812,23.45,2,1,8.4,2.54,1.6002,0.2032,1.9812,2.2606,2.7178,2.7178,2,20,0,1
B00280,B00280_R2,926,3,3,1.6764,0.2032,31.85,0.2032,1.9812,23.45,2,1,8.4,1.0668,0.2032,0.2032,1.9812,1.1176,2.6416,2.6416,2,10,1,2
B00281,B00281_R2,927,1,3,0.2032,1.9812,33.56,0.2032,1.9812,25.04,2,2,8.52,1.9812,2.032,0.2032,1.6002,2.3368,2.3368,2.7178,2,10,1,2
B00281,B00281_R2,928,2,3,0.2032,1.9812,33.56,0.2032,1.9812,25.04,2,2,8.52,0.2032,0.762,0.762,2.032,1.7272,1.7272,2.3368,1,30,1,1
B00281,B00281_R1,929,3,3,0.2032,1.9812,33.56,0.2032,1.9812,25.04,2,2,8.52,1.0668,0.2032,1.6764,0.2032,2.6416,2.6416,1.1176,3,20,0,1
B00282,B00282_R1,930,1,4,1.6764,0.2032,20.84,0.2032,1.6002,45.59,1,2,-24.75,0.4572,0.2032,0.2032,1.6002,1.7272,1.651,1.651,2,10,0,1
B00282,B00282_R2,931,2,4,1.6764,0.2032,20.84,0.2032,1.6002,45.59,1,2,-24.75,0.2032,1.143,1.9812,2.54,2.413,0.9652,3.175,1,10,1,1
B00282,B00282_R1,932,3,4,1.6764,0.2032,20.84,0.2032,1.6002,45.59,1,2,-24.75,0.2032,0.762,1.0668,2.54,2.032,1.3462,2.6416,1,20,0,3
B00282,B00282_R1,933,4,4,1.6764,0.2032,20.84,0.2032,1.6002,45.59,1,2,-24.75,0.762,2.032,0.2032,1.6002,3.2512,1.4986,1.4986,2,30,0,2
B00283,B00283_R1,934,1,3,1.0668,2.54,49.09,1.9812,2.54,36.07,3,2,13.02,0.2032,1.143,2.54,1.6002,2.2606,3.175,2.794,1,20,0,1
B00283,B00283_R2,935,2,3,1.0668,2.54,49.09,1.9812,2.54,36.07,3,2,13.02,1.6764,0.7112,0.2032,1.6002,2.9464,3.2512,2.8702,2,20,1,2
B00283,B00283_R2,936,3,3,1.0668,2.54,49.09,1.9812,2.54,36.07,3,2,13.02,1.6764,2.032,1.0668,0.2032,1.1176,0.8128,2.9464,3,10,1,1
B00284,B00284_R2,937,1,4,2.54,1.6002,47.69,0.2032,1.6002,42.58,2,2,5.11,1.0668,2.032,0.2032,1.6002,2.413,1.8034,1.8034,2,30,1,2
B00284,B00284_R1,938,2,4,2.54,1.6002,47.69,0.2032,1.6002,42.58,2,2,5.11,0.2032,1.143,1.6764,2.54,2.794,0.9652,2.8702,1,20,0,2
B00284,B00284_R1,939,3,4,2.54,1.6002,47.69,0.2032,1.6002,42.58,2,2,5.11,2.54,1.9812,0.2032,1.9812,0.889,2.7178,2.9464,2,30,0,1
B00284,B00284_R2,940,4,4,2.54,1.6002,47.69,0.2032,1.6002,42.58,2,2,5.11,0.2032,0.762,0.4572,2.54,3.175,1.3462,2.032,1,30,1,1
B00285,B00285_R2,941,1,5,1.6764,2.54,57.81,0.2032,1.6002,51.2,3,3,6.61,2.54,0.762,0.2032,1.6002,2.6416,3.175,3.175,2,30,1,3
B00285,B00285_R1,942,2,5,1.6764,2.54,57.81,0.2032,1.6002,51.2,3,3,6.61,2.286,0.2032,0.762,0.7112,2.9464,3.4798,2.032,3,20,0,1
B00285,B00285_R2,943,3,5,1.6764,2.54,57.81,0.2032,1.6002,51.2,3,3,6.61,1.6764,0.2032,2.54,1.143,2.9464,2.8702,1.8034,3,30,1,2
B00285,B00285_R2,944,4,5,1.6764,2.54,57.81,0.2032,1.6002,51.2,3,3,6.61,0.2032,1.143,1.6764,2.54,2.8702,0.9652,2.8702,1,30,1,1
B00285,B00285_R1,945,5,5,1.6764,2.54,57.81,0.2032,1.6002,51.2,3,3,6.61,0.2032,0.762,2.54,1.9812,3.2512,1.3462,3.556,1,10,0,2
B00286,B00286_R2,946,1,3,2.54,1.9812,72.74,0.2032,1.6002,85.46,3,4,-12.72,0.762,0.7112,0.2032,1.9812,3.556,1.9558,2.3368,2,10,1,1
B00286,B00286_R1,947,2,3,2.54,1.9812,72.74,0.2032,1.6002,85.46,3,4,-12.72,0.2032,1.143,2.54,1.9812,3.175,0.9652,3.175,1,30,0,2
B00286,B00286_R1,948,3,3,2.54,1.9812,72.74,0.2032,1.6002,85.46,3,4,-12.72,1.0668,2.032,0.2032,1.9812,2.032,1.8034,1.4224,2,10,0,1
B00287,B00287_R2,949,1,2,2.54,1.9812,23.85,0.2032,1.9812,17.43,1,1,6.42,1.6764,0.7112,1.9812,2.032,2.6416,3.2512,3.2512,3,30,1,1
B00287,B00287_R1,950,2,2,2.54,1.9812,23.85,0.2032,1.9812,17.43,1,1,6.42,1.9812,2.54,0.2032,1.6002,1.1176,2.3368,2.7178,2,30,0,1
B00288,B00288_R2,951,1,3,0.2032,1.6002,0.0,1.9812,2.032,0.0,0,0,0.0,1.0668,2.54,0.2032,1.9812,1.8034,1.4224,1.4224,2,30,1,2
B00288,B00288_R2,952,2,3,0.2032,1.6002,0.0,1.9812,2.032,0.0,0,0,0.0,0.4572,2.54,0.2032,1.9812,1.1938,2.032,0.8128,2,10,1,1
B00288,B00288_R1,953,3,3,0.2032,1.6002,0.0,1.9812,2.032,0.0,0,0,0.0,0.2032,0.762,1.6764,2.54,1.3462,3.556,3.2512,1,20,0,1
B00289,B00289_R2,954,1,3,1.6764,2.54,0.0,0.2032,1.9812,0.0,0,0,0.0,0.2032,0.762,0.762,2.54,3.2512,1.7272,2.3368,1,10,1,2
B00289,B00289_R1,955,2,3,1.6764,2.54,0.0,0.2032,1.9812,0.0,0,0,0.0,2.54,1.6002,2.286,0.2032,1.8034,2.7178,1.651,3,20,0,1
B00289,B00289_R2,956,3,3,1.6764,2.54,0.0,0.2032,1.9812,0.0,0,0,0.0,0.2032,1.143,0.762,2.54,2.8702,1.3462,1.9558,1,20,1,1
B00290,B00290_R2,957,1,5,2.286,0.2032,0.0,0.762,2.54,22.24,0,1,-22.24,1.6764,2.032,0.2032,1.9812,2.9464,1.4224,2.032,2,10,1,1
B00290,B00290_R1,958,2,5,2.286,0.2032,0.0,0.762,2.54,22.24,0,1,-22.24,0.4572,2.54,0.2032,1.6002,4.1656,0.8128,1.1938,2,30,0,2
B00290,B00290_R2,959,3,5,2.286,0.2032,0.0,0.762,2.54,22.24,0,1,-22.24,1.6764,2.54,1.6764,0.7112,2.9464,1.4224,2.9464,3,20,1,2
B00290,B00290_R1,960,4,5,2.286,0.2032,0.0,0.762,2.54,22.24,0,1,-22.24,1.6764,0.2032,0.2032,1.9812,1.1176,3.2512,3.2512,2,10,0,1
B00290,B00290_R1,961,5,5,2.286,0.2032,0.0,0.762,2.54,22.24,0,1,-22.24,0.2032,0.762,1.9812,0.7112,2.6416,2.3368,2.3368,1,10,0,3
B00291,B00291_R2,962,1,3,1.9812,0.7112,11.22,1.6764,0.7112,0.0,1,0,11.22,2.54,1.9812,0.2032,1.6002,2.3368,2.6416,2.7178,2,30,1,2
B00291,B00291_R2,963,2,3,1.9812,0.7112,11.22,1.6764,0.7112,0.0,1,0,11.22,1.0668,0.2032,0.2032,1.6002,1.4224,1.1176,2.2606,2,30,1,1
B00291,B00291_R1,964,3,3,1.9812,0.7112,11.22,1.6764,0.7112,0.0,1,0,11.22,2.54,1.143,0.2032,1.9812,1.4986,1.8034,3.175,2,30,0,1
B00292,B00292_R1,965,1,4,0.2032,1.9812,0.0,0.2032,1.6002,26.45,0,1,-26.45,1.0668,2.54,0.2032,1.9812,1.4224,1.8034,1.4224,2,10,0,1
B00292,B00292_R1,966,2,4,0.2032,1.9812,0.0,0.2032,1.6002,26.45,0,1,-26.45,0.2032,0.762,1.6764,0.7112,1.7272,1.3462,2.032,1,10,0,3
B00292,B00292_R1,967,3,4,0.2032,1.9812,0.0,0.2032,1.6002,26.45,0,1,-26.45,0.2032,1.143,0.4572,0.2032,1.3462,0.9652,1.1938,1,30,0,2
B00292,B00292_R2,968,4,4,0.2032,1.9812,0.0,0.2032,1.6002,26.45,0,1,-26.45,0.2032,1.143,2.286,0.2032,1.3462,0.9652,3.0226,1,30,1,1
B00293,B00293_R2,969,1,4,1.6764,0.7112,0.0,2.286,0.2032,0.0,0,0,0.0,1.6764,2.54,0.2032,1.6002,2.9464,2.9464,2.413,2,30,1,1
B00293,B00293_R2,970,2,4,1.6764,0.7112,0.0,2.286,0.2032,0.0,0,0,0.0,0.2032,1.143,2.54,0.762,2.413,3.0226,2.7178,1,20,1,2
B00293,B00293_R1,971,3,4,1.6764,0.7112,0.0,2.286,0.2032,0.0,0,0,0.0,0.2032,0.762,1.6764,0.2032,2.032,2.6416,2.032,1,20,0,1
B00293,B00293_R1,972,4,4,1.6764,0.7112,0.0,2.286,0.2032,0.0,0,0,0.0,0.2032,1.143,1.0668,2.54,2.413,3.0226,2.2606,1,30,0,2
B00294,B00294_R2,973,1,3,1.0668,2.54,0.0,2.54,0.762,0.0,0,0,0.0,0.762,0.7112,1.9812,2.54,3.2512,2.3368,3.556,3,10,1,1
B00294,B00294_R1,974,2,3,1.0668,2.54,0.0,2.54,0.762,0.0,0,0,0.0,0.762,2.032,0.2032,1.6002,0.8128,3.556,1.4986,2,30,0,1
B00294,B00294_R1,975,3,3,1.0668,2.54,0.0,2.54,0.762,0.0,0,0,0.0,0.2032,0.762,0.762,0.7112,2.6416,2.9464,1.1176,1,30,0,2
B00295,B00295_R2,976,1,1,0.762,0.7112,10.41,1.9812,2.54,0.0,1,0,10.41,1.9812,2.032,0.2032,1.6002,3.556,0.508,2.7178,2,30,1,1
B00296,B00296_R2,977,1,5,0.762,0.7112,0.0,0.2032,1.6002,0.0,0,0,0.0,0.2032,0.762,1.6764,2.54,1.1176,1.3462,3.2512,1,30,1,1
B00296,B00296_R1,978,2,5,0.762,0.7112,0.0,0.2032,1.6002,0.0,0,0,0.0,1.9812,0.2032,1.0668,2.54,1.7272,3.175,3.2512,3,10,0,3
B00296,B00296_R1,979,3,5,0.762,0.7112,0.0,0.2032,1.6002,0.0,0,0,0.0,0.2032,0.762,2.286,0.2032,1.1176,1.3462,2.6416,1,30,0,2
B00296,B00296_R1,980,4,5,0.762,0.7112,0.0,0.2032,1.6002,0.0,0,0,0.0,1.6764,0.2032,0.2032,1.6002,1.4224,2.8702,2.8702,2,20,0,1
B00296,B00296_R2,981,5,5,0.762,0.7112,0.0,0.2032,1.6002,0.0,0,0,0.0,2.54,1.143,0.2032,1.6002,2.7178,2.794,2.794,2,20,1,2
B00297,B00297_R1,982,1,3,1.0668,2.54,15.83,0.2032,1.6002,0.0,1,0,15.83,0.4572,2.54,0.2032,1.9812,1.1176,1.1938,0.8128,2,20,0,1
B00297,B00297_R2,983,2,3,1.0668,2.54,15.83,0.2032,1.6002,0.0,1,0,15.83,0.2032,0.762,1.6764,0.2032,2.6416,1.3462,2.032,1,10,1,1
B00297,B00297_R2,984,3,3,1.0668,2.54,15.83,0.2032,1.6002,0.0,1,0,15.83,2.54,0.762,0.2032,1.6002,3.2512,3.175,3.175,2,10,1,2
B00298,B00298_R1,985,1,1,0.2032,1.9812,0.0,0.2032,1.6002,23.15,0,1,-23.15,0.762,2.032,0.2032,1.9812,1.1176,1.4986,1.1176,2,30,0,1
B00299,B00299_R1,986,1,3,0.2032,1.9812,0.0,0.2032,1.6002,0.0,0,0,0.0,1.9812,2.54,0.2032,1.9812,2.3368,2.7178,2.3368,2,30,0,1
B00299,B00299_R1,987,2,3,0.2032,1.9812,0.0,0.2032,1.6002,0.0,0,0,0.0,2.286,2.54,0.762,0.7112,2.6416,3.0226,3.8608,3,20,0,2
B00299,B00299_R2,988,3,3,0.2032,1.9812,0.0,0.2032,1.6002,0.0,0,0,0.0,1.6764,0.7112,0.2032,1.9812,3.2512,2.8702,3.2512,2,30,1,1
B00300,B00300_R1,989,1,4,0.762,0.7112,31.67,0.2032,1.9812,0.0,1,0,31.67,0.762,0.2032,0.2032,1.6002,0.508,2.3368,1.9558,2,20,0,1
B00300,B00300_R2,990,2,4,0.762,0.7112,31.67,0.2032,1.9812,0.0,1,0,31.67,0.2032,0.762,1.0668,2.032,1.1176,1.7272,2.6416,1,20,1,2
B00300,B00300_R2,991,3,4,0.762,0.7112,31.67,0.2032,1.9812,0.0,1,0,31.67,2.286,2.54,0.2032,1.6002,3.8608,2.6416,3.0226,2,20,1,3
B00300,B00300_R2,992,4,4,0.762,0.7112,31.67,0.2032,1.9812,0.0,1,0,31.67,0.4572,2.54,0.2032,1.9812,2.6416,0.8128,0.8128,2,10,1,1
B00301,B00301_R1,993,1,5,0.2032,1.6002,0.0,0.2032,1.6002,14.93,0,1,-14.93,0.762,0.2032,0.2032,1.9812,1.9558,1.9558,2.3368,2,10,0,2
B00301,B00301_R1,994,2,5,0.2032,1.6002,0.0,0.2032,1.6002,14.93,0,1,-14.93,0.2032,1.143,1.6764,0.2032,0.9652,0.9652,2.413,1,10,0,1
B00301,B00301_R2,995,3,5,0.2032,1.6002,0.0,0.2032,1.6002,14.93,0,1,-14.93,0.2032,1.143,0.762,2.54,0.9652,0.9652,1.9558,1,10,1,1
B00301,B00301_R1,996,4,5,0.2032,1.6002,0.0,0.2032,1.6002,14.93,0,1,-14.93,0.762,0.7112,0.2032,1.9812,1.9558,1.9558,2.3368,2,10,0,3
B00301,B00301_R2,997,5,5,0.2032,1.6002,0.0,0.2032,1.6002,14.93,0,1,-14.93,2.286,2.54,0.2032,1.6002,3.0226,3.0226,3.0226,2,20,1,2
B00302,B00302_R2,998,1,4,0.2032,1.9812,40.68,0.2032,1.6002,25.95,2,1,14.73,0.2032,1.143,2.54,0.762,1.3462,0.9652,2.7178,1,20,1,1
B00302,B00302_R1,999,2,4,0.2032,1.9812,40.68,0.2032,1.6002,25.95,2,1,14.73,0.2032,0.762,0.4572,2.54,1.7272,1.3462,2.032,1,20,0,2
B00302,B00302_R2,1000,3,4,0.2032,1.9812,40.68,0.2032,1.6002,25.95,2,1,14.73,0.762,0.7112,0.2032,1.9812,2.3368,1.9558,2.3368,2,10,1,2
