batch_id,group_id,task_id,batch_position,batch_size,r1_next_x,r1_next_y,r1_tuf,r2_next_x,r2_next_y,r2_tuf,r1_queue_length,r2_queue_length,tuf_difference,task_pl_x,task_pl_y,task_dl_x,task_dl_y,r1_dist_to_pickup,r2_dist_to_pickup,task_dist_to_dropoff,task_type,deadline,assigned_robot,sequence_rank
B00001,B00001_R1,1,1,7,1.3716,0.2032,0,1.3716,2.54,0,0,0,0,1.0668,0.2032,0.2032,1.6002,0.8128,2.6416,2.2606,2,20,0,1
B00001,B00001_R1,2,2,7,1.3716,0.2032,0,1.3716,2.54,0,0,0,0,0.2032,0.762,1.6764,2.032,1.7272,2.9464,3.2512,1,30,0,3
B00001,B00001_R2,3,3,7,1.3716,0.2032,0,1.3716,2.54,0,0,0,0,2.54,0.762,2.54,1.143,1.7272,2.9464,0.889,3,10,1,1
B00001,B00001_R1,4,4,7,1.3716,0.2032,0,1.3716,2.54,0,0,0,0,0.2032,0.762,0.4572,2.54,1.7272,2.9464,2.032,1,10,0,2
B00001,B00001_R2,5,5,7,1.3716,0.2032,0,1.3716,2.54,0,0,0,0,2.54,0.762,1.0668,2.032,1.7272,2.9464,3.2512,3,10,1,3
B00001,B00001_R2,6,6,7,1.3716,0.2032,0,1.3716,2.54,0,0,0,0,2.286,0.2032,1.6764,0.2032,1.4224,3.2512,1.1176,3,30,1,2
B00001,B00001_R2,7,7,7,1.3716,0.2032,0,1.3716,2.54,0,0,0,0,1.9812,2.54,1.0668,2.54,2.9464,1.1176,1.4224,3,30,1,4
B00002,B00002_R1,8,1,1,1.6764,2.032,37.88,1.0668,2.54,49.09,2,3,-11.21,0.2032,0.762,1.0668,2.032,3.2512,2.6416,2.6416,1,10,0,1
B00003,B00003_R2,9,1,3,1.0668,2.032,29.26,1.0668,2.54,17.23,1,1,12.03,0.762,0.7112,1.0668,0.2032,3.2512,3.2512,0.8128,3,10,1,1
B00003,B00003_R1,10,2,3,1.0668,2.032,29.26,1.0668,2.54,17.23,1,1,12.03,0.2032,1.143,1.9812,2.54,2.2606,2.2606,3.175,1,10,0,1
B00003,B00003_R2,11,3,3,1.0668,2.032,29.26,1.0668,2.54,17.23,1,1,12.03,1.0668,0.7112,0.2032,1.6002,2.9464,2.9464,2.2606,2,30,1,2
B00004,B00004_R1,12,1,5,1.9812,2.54,15.53,0.2032,1.6002,23.14,1,2,-7.61,1.0668,2.032,0.2032,1.9812,1.4224,1.8034,1.4224,2,30,0,3
B00004,B00004_R2,13,2,5,1.9812,2.54,15.53,0.2032,1.6002,23.14,1,2,-7.61,0.2032,0.762,0.762,0.2032,3.556,1.3462,1.1176,1,20,1,1
B00004,B00004_R1,14,3,5,1.9812,2.54,15.53,0.2032,1.6002,23.14,1,2,-7.61,1.6764,2.54,2.286,0.2032,0.8128,2.413,2.9464,3,10,0,1
B00004,B00004_R1,15,4,5,1.9812,2.54,15.53,0.2032,1.6002,23.14,1,2,-7.61,2.54,0.762,0.2032,1.6002,2.3368,3.175,3.175,2,30,0,2
B00004,B00004_R2,16,5,5,1.9812,2.54,15.53,0.2032,1.6002,23.14,1,2,-7.61,0.2032,1.143,1.9812,0.7112,3.175,0.9652,2.7178,1,30,1,2
B00005,B00005_R2,17,1,4,0.2032,1.9812,40.47,1.9812,0.7112,38.37,2,2,2.1,1.9812,2.032,0.2032,1.6002,2.3368,2.9464,2.7178,2,30,1,2
B00005,B00005_R1,18,2,4,0.2032,1.9812,40.47,1.9812,0.7112,38.37,2,2,2.1,0.2032,1.143,2.286,2.54,1.3462,2.7178,3.4798,1,30,0,2
B00005,B00005_R2,19,3,4,0.2032,1.9812,40.47,1.9812,0.7112,38.37,2,2,2.1,0.2032,1.143,1.9812,2.032,1.3462,2.7178,3.175,1,30,1,1
B00005,B00005_R1,20,4,4,0.2032,1.9812,40.47,1.9812,0.7112,38.37,2,2,2.1,0.762,2.032,0.2032,1.6002,1.1176,3.556,1.4986,2,10,0,1
B00006,B00006_R1,21,1,3,2.286,2.54,48.49,0.2032,1.6002,59.72,3,3,-11.23,1.0668,0.7112,0.2032,1.6002,3.556,2.2606,2.2606,2,20,0,2
B00006,B00006_R1,22,2,3,2.286,2.54,48.49,0.2032,1.6002,59.72,3,3,-11.23,0.2032,1.143,0.762,0.7112,3.4798,0.9652,1.4986,1,30,0,1
B00006,B00006_R2,23,3,3,2.286,2.54,48.49,0.2032,1.6002,59.72,3,3,-11.23,0.2032,0.762,1.0668,2.032,3.8608,1.3462,2.6416,1,20,1,1
B00007,B00007_R2,24,1,6,0.2032,1.6002,41.58,1.0668,2.032,13.43,2,1,28.15,2.286,2.54,0.2032,1.9812,3.0226,1.7272,2.6416,2,30,1,4
B00007,B00007_R2,25,2,6,0.2032,1.6002,41.58,1.0668,2.032,13.43,2,1,28.15,1.6764,0.2032,2.54,1.9812,2.8702,2.9464,2.6416,3,30,1,3
B00007,B00007_R2,26,3,6,0.2032,1.6002,41.58,1.0668,2.032,13.43,2,1,28.15,0.2032,0.762,0.762,0.7112,1.3462,2.6416,1.1176,1,30,1,2
B00007,B00007_R1,27,4,6,0.2032,1.6002,41.58,1.0668,2.032,13.43,2,1,28.15,0.2032,0.762,2.286,2.54,1.3462,2.6416,3.8608,1,20,0,2
B00007,B00007_R1,28,5,6,0.2032,1.6002,41.58,1.0668,2.032,13.43,2,1,28.15,0.2032,0.762,0.762,2.032,1.3462,2.6416,2.3368,1,10,0,1
B00007,B00007_R2,29,6,6,0.2032,1.6002,41.58,1.0668,2.032,13.43,2,1,28.15,0.2032,1.143,0.4572,0.2032,0.9652,2.2606,1.1938,1,30,1,1
B00008,B00008_R1,30,1,3,2.286,2.54,62.92,0.2032,1.9812,55.3,3,3,7.62,0.2032,1.143,1.9812,0.2032,3.4798,1.3462,2.7178,1,10,0,1
B00008,B00008_R2,31,2,3,2.286,2.54,62.92,0.2032,1.9812,55.3,3,3,7.62,0.2032,1.143,1.9812,0.2032,3.4798,1.3462,2.7178,1,30,1,2
B00008,B00008_R2,32,3,3,2.286,2.54,62.92,0.2032,1.9812,55.3,3,3,7.62,0.2032,0.762,0.4572,0.2032,3.8608,1.7272,0.8128,1,10,1,1
B00009,B00009_R2,33,1,6,1.9812,0.2032,13.73,1.9812,0.2032,47.49,1,3,-33.76,1.6764,0.7112,0.2032,1.6002,0.8128,0.8128,2.8702,2,20,1,1
B00009,B00009_R2,34,2,6,1.9812,0.2032,13.73,1.9812,0.2032,47.49,1,3,-33.76,1.0668,2.54,0.2032,1.6002,3.2512,3.2512,1.8034,2,30,1,2
B00009,B00009_R1,35,3,6,1.9812,0.2032,13.73,1.9812,0.2032,47.49,1,3,-33.76,0.2032,0.762,2.286,0.2032,2.3368,2.3368,2.6416,1,30,0,3
B00009,B00009_R1,36,4,6,1.9812,0.2032,13.73,1.9812,0.2032,47.49,1,3,-33.76,1.9812,0.2032,0.2032,1.6002,0,0,3.175,2,20,0,1
B00009,B00009_R1,37,5,6,1.9812,0.2032,13.73,1.9812,0.2032,47.49,1,3,-33.76,0.2032,1.143,0.762,0.2032,2.7178,2.7178,1.4986,1,30,0,2
B00009,B00009_R1,38,6,6,1.9812,0.2032,13.73,1.9812,0.2032,47.49,1,3,-33.76,2.54,1.9812,2.54,1.143,2.3368,2.3368,1.3462,3,30,0,4
B00010,B00010_R2,39,1,5,2.54,1.143,55.91,0.2032,1.6002,62.22,3,3,-6.31,2.286,2.54,0.2032,1.9812,1.651,3.0226,2.6416,2,10,1,2
B00010,B00010_R1,40,2,5,2.54,1.143,55.91,0.2032,1.6002,62.22,3,3,-6.31,2.54,1.6002,0.2032,1.9812,0.9652,2.3368,2.7178,2,20,0,1
B00010,B00010_R1,41,3,5,2.54,1.143,55.91,0.2032,1.6002,62.22,3,3,-6.31,1.9812,2.032,0.2032,1.6002,1.9558,2.7178,2.7178,2,30,0,2
B00010,B00010_R2,42,4,5,2.54,1.143,55.91,0.2032,1.6002,62.22,3,3,-6.31,0.2032,0.762,1.9812,0.7112,2.7178,1.3462,2.3368,1,30,1,1
B00010,B00010_R1,43,5,5,2.54,1.143,55.91,0.2032,1.6002,62.22,3,3,-6.31,1.0668,2.032,0.762,0.7112,2.8702,1.8034,3.2512,3,30,0,3
B00011,B00011_R1,44,1,4,0.762,0.7112,105.21,0.2032,1.9812,81.97,5,4,23.24,0.2032,1.143,2.54,1.9812,1.4986,1.3462,3.175,1,20,0,1
B00011,B00011_R2,45,2,4,0.762,0.7112,105.21,0.2032,1.9812,81.97,5,4,23.24,0.2032,0.762,1.0668,0.7112,1.1176,1.7272,1.4224,1,20,1,1
B00011,B00011_R2,46,3,4,0.762,0.7112,105.21,0.2032,1.9812,81.97,5,4,23.24,0.2032,0.762,1.9812,0.7112,1.1176,1.7272,2.3368,1,10,1,2
B00011,B00011_R2,47,4,4,0.762,0.7112,105.21,0.2032,1.9812,81.97,5,4,23.24,1.9812,0.7112,0.2032,1.9812,1.7272,3.556,3.556,2,30,1,3
B00012,B00012_R1,48,1,5,2.54,1.9812,96.89,0.2032,1.9812,106.71,4,5,-9.82,1.0668,2.032,0.762,0.2032,2.032,1.4224,3.2512,3,10,0,2
B00012,B00012_R1,49,2,5,2.54,1.9812,96.89,0.2032,1.9812,106.71,4,5,-9.82,2.54,1.9812,1.6764,2.032,0,2.9464,1.4224,3,10,0,1
B00012,B00012_R2,50,3,5,2.54,1.9812,96.89,0.2032,1.9812,106.71,4,5,-9.82,0.2032,0.762,1.6764,2.54,3.556,1.7272,3.2512,1,30,1,1
B00012,B00012_R2,51,4,5,2.54,1.9812,96.89,0.2032,1.9812,106.71,4,5,-9.82,1.9812,0.2032,0.2032,1.9812,2.3368,3.556,3.556,2,20,1,2
B00012,B00012_R1,52,5,5,2.54,1.9812,96.89,0.2032,1.9812,106.71,4,5,-9.82,1.9812,0.7112,0.2032,1.9812,2.3368,3.556,3.556,2,30,0,3
B00013,B00013_R2,53,1,4,0.2032,1.9812,125.85,0.2032,1.9812,131.26,6,6,-5.41,0.762,0.7112,1.6764,0.2032,2.3368,2.3368,1.4224,3,20,1,2
B00013,B00013_R1,54,2,4,0.2032,1.9812,125.85,0.2032,1.9812,131.26,6,6,-5.41,0.4572,0.2032,2.286,0.2032,2.032,2.032,2.3368,3,30,0,2
B00013,B00013_R2,55,3,4,0.2032,1.9812,125.85,0.2032,1.9812,131.26,6,6,-5.41,0.2032,0.762,1.6764,0.7112,1.7272,1.7272,2.032,1,20,1,1
B00013,B00013_R1,56,4,4,0.2032,1.9812,125.85,0.2032,1.9812,131.26,6,6,-5.41,1.0668,2.032,0.2032,1.9812,1.4224,1.4224,1.4224,2,10,0,1
B00014,B00014_R2,57,1,3,2.286,0.2032,141.48,1.6764,0.2032,137.47,7,6,4.01,0.2032,1.143,2.54,1.6002,3.0226,2.413,2.794,1,20,1,1
B00014,B00014_R2,58,2,3,2.286,0.2032,141.48,1.6764,0.2032,137.47,7,6,4.01,1.9812,2.032,1.9812,0.2032,2.6416,3.2512,2.9464,3,20,1,2
B00014,B00014_R1,59,3,3,2.286,0.2032,141.48,1.6764,0.2032,137.47,7,6,4.01,0.2032,0.762,1.9812,0.2032,2.6416,2.032,2.3368,1,20,0,1
B00015,B00015_R1,60,1,7,1.9812,0.2032,127.85,1.9812,0.2032,163.73,6,7,-35.88,0.2032,1.143,1.0668,0.7112,2.7178,2.7178,1.8034,1,20,0,2
B00015,B00015_R1,61,2,7,1.9812,0.2032,127.85,1.9812,0.2032,163.73,6,7,-35.88,0.2032,0.762,1.6764,2.032,2.3368,2.3368,3.2512,1,10,0,4
B00015,B00015_R1,62,3,7,1.9812,0.2032,127.85,1.9812,0.2032,163.73,6,7,-35.88,1.6764,2.032,0.2032,1.9812,3.2512,3.2512,2.032,2,20,0,5
B00015,B00015_R1,63,4,7,1.9812,0.2032,127.85,1.9812,0.2032,163.73,6,7,-35.88,1.0668,0.2032,0.2032,1.6002,1.4224,1.4224,2.2606,2,10,0,1
B00015,B00015_R2,64,5,7,1.9812,0.2032,127.85,1.9812,0.2032,163.73,6,7,-35.88,2.54,1.6002,0.2032,1.9812,1.9558,1.9558,2.7178,2,30,1,1
B00015,B00015_R1,65,6,7,1.9812,0.2032,127.85,1.9812,0.2032,163.73,6,7,-35.88,0.2032,0.762,0.4572,0.2032,2.3368,2.3368,0.8128,1,20,0,3
B00015,B00015_R2,66,7,7,1.9812,0.2032,127.85,1.9812,0.2032,163.73,6,7,-35.88,0.2032,0.762,0.762,2.54,2.3368,2.3368,2.3368,1,10,1,2
B00016,B00016_R1,67,1,5,0.2032,1.9812,126.22,0.762,2.54,105.2,7,5,21.02,1.0668,2.54,1.6764,2.032,1.4224,0.8128,1.1176,3,30,0,1
B00016,B00016_R2,68,2,5,0.2032,1.9812,126.22,0.762,2.54,105.2,7,5,21.02,0.2032,1.143,1.9812,2.032,1.3462,1.9558,3.175,1,10,1,2
B00016,B00016_R2,69,3,5,0.2032,1.9812,126.22,0.762,2.54,105.2,7,5,21.02,0.762,2.54,0.2032,1.9812,1.1176,0,1.1176,2,30,1,1
B00016,B00016_R2,70,4,5,0.2032,1.9812,126.22,0.762,2.54,105.2,7,5,21.02,1.9812,0.2032,0.2032,1.6002,3.556,3.556,3.175,2,30,1,3
B00016,B00016_R1,71,5,5,0.2032,1.9812,126.22,0.762,2.54,105.2,7,5,21.02,2.286,2.54,0.762,0.7112,2.6416,2.032,3.8608,3,30,0,2
B00017,B00017_R1,72,1,5,0.762,0.7112,130.03,0.2032,1.6002,134.46,7,6,-4.43,1.9812,2.032,1.9812,0.7112,3.556,2.7178,2.9464,3,30,0,2
B00017,B00017_R2,73,2,5,0.762,0.7112,130.03,0.2032,1.6002,134.46,7,6,-4.43,0.2032,1.143,1.6764,0.7112,1.4986,0.9652,2.413,1,30,1,1
B00017,B00017_R1,74,3,5,0.762,0.7112,130.03,0.2032,1.6002,134.46,7,6,-4.43,0.2032,0.762,1.6764,2.54,1.1176,1.3462,3.2512,1,30,0,1
B00017,B00017_R2,75,4,5,0.762,0.7112,130.03,0.2032,1.6002,134.46,7,6,-4.43,0.2032,0.762,2.286,0.2032,1.1176,1.3462,2.6416,1,30,1,3
B00017,B00017_R2,76,5,5,0.762,0.7112,130.03,0.2032,1.6002,134.46,7,6,-4.43,1.6764,0.2032,0.2032,1.6002,1.4224,2.8702,2.8702,2,20,1,2
B00018,B00018_R2,77,1,6,1.9812,0.7112,128.04,2.286,0.2032,124.84,7,6,3.2,1.0668,0.7112,0.762,2.54,1.4224,1.7272,3.2512,3,10,1,2
B00018,B00018_R2,78,2,6,1.9812,0.7112,128.04,2.286,0.2032,124.84,7,6,3.2,0.2032,0.762,0.4572,0.2032,2.3368,2.6416,0.8128,1,10,1,1
B00018,B00018_R1,79,3,6,1.9812,0.7112,128.04,2.286,0.2032,124.84,7,6,3.2,1.6764,0.7112,0.2032,1.6002,0.8128,1.1176,2.8702,2,20,0,1
B00018,B00018_R1,80,4,6,1.9812,0.7112,128.04,2.286,0.2032,124.84,7,6,3.2,0.2032,1.143,1.0668,2.54,2.7178,3.0226,2.2606,1,10,0,2
B00018,B00018_R2,81,5,6,1.9812,0.7112,128.04,2.286,0.2032,124.84,7,6,3.2,1.9812,2.54,0.2032,1.9812,2.9464,2.6416,2.3368,2,10,1,3
B00018,B00018_R1,82,6,6,1.9812,0.7112,128.04,2.286,0.2032,124.84,7,6,3.2,1.0668,2.54,0.2032,1.9812,3.2512,3.556,1.4224,2,10,0,3
B00019,B00019_R1,83,1,5,0.2032,1.9812,150.67,0.2032,1.9812,171.04,8,8,-20.37,0.2032,1.143,2.286,2.54,1.3462,1.3462,3.4798,1,20,0,1
B00019,B00019_R2,84,2,5,0.2032,1.9812,150.67,0.2032,1.9812,171.04,8,8,-20.37,0.762,0.2032,0.2032,1.9812,2.3368,2.3368,2.3368,2,10,1,1
B00019,B00019_R1,85,3,5,0.2032,1.9812,150.67,0.2032,1.9812,171.04,8,8,-20.37,1.9812,0.7112,0.2032,1.6002,3.556,3.556,3.175,2,10,0,3
B00019,B00019_R1,86,4,5,0.2032,1.9812,150.67,0.2032,1.9812,171.04,8,8,-20.37,2.54,0.762,1.0668,0.2032,3.556,3.556,2.032,3,20,0,2
B00019,B00019_R2,87,5,5,0.2032,1.9812,150.67,0.2032,1.9812,171.04,8,8,-20.37,1.0668,0.7112,0.2032,1.9812,2.6416,2.6416,2.6416,2,10,1,2
B00020,B00020_R2,88,1,3,0.2032,1.6002,166.21,0.2032,1.9812,157.32,8,7,8.89,0.2032,1.143,1.9812,0.2032,0.9652,1.3462,2.7178,1,10,1,1
B00020,B00020_R2,89,2,3,0.2032,1.6002,166.21,0.2032,1.9812,157.32,8,7,8.89,2.286,2.54,0.2032,1.9812,3.0226,2.6416,2.6416,2,30,1,2
B00020,B00020_R1,90,3,3,0.2032,1.6002,166.21,0.2032,1.9812,157.32,8,7,8.89,0.762,0.2032,0.2032,1.9812,1.9558,2.3368,2.3368,2,20,0,1
B00021,B00021_R1,91,1,7,0.2032,1.9812,124.52,0.2032,1.9812,145.5,6,6,-20.98,0.2032,1.143,0.762,2.032,1.3462,1.3462,1.9558,1,30,0,1
B00021,B00021_R1,92,2,7,0.2032,1.9812,124.52,0.2032,1.9812,145.5,6,6,-20.98,0.2032,1.143,1.0668,0.7112,1.3462,1.3462,1.8034,1,10,0,3
B00021,B00021_R1,93,3,7,0.2032,1.9812,124.52,0.2032,1.9812,145.5,6,6,-20.98,0.762,2.032,0.762,2.54,1.1176,1.1176,0.508,3,20,0,2
B00021,B00021_R2,94,4,7,0.2032,1.9812,124.52,0.2032,1.9812,145.5,6,6,-20.98,2.54,1.9812,0.2032,1.6002,2.9464,2.9464,2.7178,2,10,1,3
B00021,B00021_R2,95,5,7,0.2032,1.9812,124.52,0.2032,1.9812,145.5,6,6,-20.98,1.6764,0.7112,2.286,0.2032,3.2512,3.2512,1.1176,3,20,1,2
B00021,B00021_R2,96,6,7,0.2032,1.9812,124.52,0.2032,1.9812,145.5,6,6,-20.98,0.4572,2.54,1.6764,0.7112,0.8128,0.8128,3.556,3,10,1,1
B00021,B00021_R1,97,7,7,0.2032,1.9812,124.52,0.2032,1.9812,145.5,6,6,-20.98,0.2032,1.143,2.286,0.2032,1.3462,1.3462,3.0226,1,30,0,4
B00022,B00022_R1,98,1,7,2.286,0.2032,175.72,0.2032,1.6002,170.84,9,8,4.88,2.54,1.143,2.286,2.54,1.1938,2.794,1.651,3,20,0,1
B00022,B00022_R2,99,2,7,2.286,0.2032,175.72,0.2032,1.6002,170.84,9,8,4.88,0.762,2.032,0.4572,0.2032,3.8608,1.4986,2.6416,3,20,1,4
B00022,B00022_R2,100,3,7,2.286,0.2032,175.72,0.2032,1.6002,170.84,9,8,4.88,0.762,0.7112,1.0668,0.2032,2.032,1.9558,0.8128,3,20,1,2
B00022,B00022_R2,101,4,7,2.286,0.2032,175.72,0.2032,1.6002,170.84,9,8,4.88,2.54,0.762,0.2032,1.9812,0.8128,3.175,3.556,2,30,1,3
B00022,B00022_R1,102,5,7,2.286,0.2032,175.72,0.2032,1.6002,170.84,9,8,4.88,2.286,2.54,0.2032,1.6002,2.3368,3.0226,3.0226,2,10,0,2
B00022,B00022_R1,103,6,7,2.286,0.2032,175.72,0.2032,1.6002,170.84,9,8,4.88,2.54,1.6002,0.2032,1.6002,1.651,2.3368,2.3368,2,10,0,3
B00022,B00022_R2,104,7,7,2.286,0.2032,175.72,0.2032,1.6002,170.84,9,8,4.88,0.2032,0.762,1.0668,0.2032,2.6416,1.3462,1.4224,1,20,1,1
B00023,B00023_R1,105,1,3,0.2032,1.6002,201.67,0.4572,0.2032,212.42,10,10,-10.75,1.6764,0.7112,2.54,1.6002,2.8702,1.7272,2.2606,3,10,0,2
B00023,B00023_R1,106,2,3,0.2032,1.6002,201.67,0.4572,0.2032,212.42,10,10,-10.75,0.2032,1.143,1.9812,0.2032,0.9652,1.1938,2.7178,1,10,0,1
B00023,B00023_R2,107,3,3,0.2032,1.6002,201.67,0.4572,0.2032,212.42,10,10,-10.75,0.2032,1.143,2.286,2.54,0.9652,1.1938,3.4798,1,30,1,1
B00024,B00024_R1,108,1,3,2.54,1.6002,180.03,2.286,2.54,174.54,10,9,5.49,0.2032,0.762,1.6764,0.7112,3.175,3.8608,2.032,1,20,0,1
B00024,B00024_R2,109,2,3,2.54,1.6002,180.03,2.286,2.54,174.54,10,9,5.49,0.2032,1.143,0.4572,2.54,2.794,3.4798,1.651,1,30,1,2
B00024,B00024_R2,110,3,3,2.54,1.6002,180.03,2.286,2.54,174.54,10,9,5.49,0.762,0.2032,0.2032,1.6002,3.175,3.8608,1.9558,2,30,1,1
B00025,B00025_R1,111,1,6,1.6764,0.7112,178.73,0.4572,2.54,183.15,9,9,-4.42,0.762,2.032,1.9812,0.7112,3.2512,0.8128,3.556,3,30,0,2
B00025,B00025_R1,112,2,6,1.6764,0.7112,178.73,0.4572,2.54,183.15,9,9,-4.42,1.6764,0.2032,0.2032,1.6002,0.508,3.556,2.8702,2,10,0,3
B00025,B00025_R2,113,3,6,1.6764,0.7112,178.73,0.4572,2.54,183.15,9,9,-4.42,1.0668,2.032,0.762,0.7112,2.9464,1.1176,3.2512,3,20,1,2
B00025,B00025_R2,114,4,6,1.6764,0.7112,178.73,0.4572,2.54,183.15,9,9,-4.42,1.0668,0.7112,0.2032,1.9812,1.1176,2.9464,2.6416,2,10,1,3
B00025,B00025_R1,115,5,6,1.6764,0.7112,178.73,0.4572,2.54,183.15,9,9,-4.42,1.0668,0.7112,0.4572,2.54,1.1176,2.9464,2.9464,3,30,0,1
B00025,B00025_R2,116,6,6,1.6764,0.7112,178.73,0.4572,2.54,183.15,9,9,-4.42,0.762,2.54,1.0668,2.032,3.2512,0.8128,0.8128,3,30,1,1
B00026,B00026_R2,117,1,6,0.2032,1.6002,190.66,0.2032,1.9812,181.95,9,9,8.71,0.762,0.2032,0.2032,1.9812,1.9558,2.3368,2.3368,2,30,1,3
B00026,B00026_R2,118,2,6,0.2032,1.6002,190.66,0.2032,1.9812,181.95,9,9,8.71,0.4572,0.2032,0.2032,1.6002,1.651,2.032,1.651,2,10,1,1
B00026,B00026_R1,119,3,6,0.2032,1.6002,190.66,0.2032,1.9812,181.95,9,9,8.71,0.2032,0.762,1.0668,2.032,1.3462,1.7272,2.6416,1,20,0,3
B00026,B00026_R2,120,4,6,0.2032,1.6002,190.66,0.2032,1.9812,181.95,9,9,8.71,0.2032,1.143,0.762,2.032,0.9652,1.3462,1.9558,1,10,1,2
B00026,B00026_R1,121,5,6,0.2032,1.6002,190.66,0.2032,1.9812,181.95,9,9,8.71,1.6764,2.032,0.2032,1.9812,2.413,2.032,2.032,2,10,0,2
B00026,B00026_R1,122,6,6,0.2032,1.6002,190.66,0.2032,1.9812,181.95,9,9,8.71,0.2032,1.143,1.0668,2.54,0.9652,1.3462,2.2606,1,10,0,1
B00027,B00027_R2,123,1,4,1.0668,2.032,230.84,0.2032,1.9812,223.44,11,11,7.4,0.2032,0.762,1.0668,2.54,2.6416,1.7272,2.6416,1,30,1,2
B00027,B00027_R2,124,2,4,1.0668,2.032,230.84,0.2032,1.9812,223.44,11,11,7.4,0.4572,0.2032,1.6764,0.7112,2.9464,2.032,1.7272,3,20,1,1
B00027,B00027_R1,125,3,4,1.0668,2.032,230.84,0.2032,1.9812,223.44,11,11,7.4,0.4572,2.54,1.9812,2.54,1.1176,0.8128,2.032,3,20,0,1
B00027,B00027_R1,126,4,4,1.0668,2.032,230.84,0.2032,1.9812,223.44,11,11,7.4,0.2032,0.762,1.0668,2.032,2.6416,1.7272,2.6416,1,20,0,2
B00028,B00028_R2,127,1,3,1.0668,2.032,175.13,1.0668,2.54,161.11,8,8,14.02,0.762,0.7112,0.2032,1.9812,3.2512,3.2512,2.3368,2,20,1,2
B00028,B00028_R2,128,2,3,1.0668,2.032,175.13,1.0668,2.54,161.11,8,8,14.02,1.6764,0.2032,0.762,0.2032,2.9464,2.9464,1.4224,3,30,1,1
B00028,B00028_R1,129,3,3,1.0668,2.032,175.13,1.0668,2.54,161.11,8,8,14.02,0.2032,0.762,2.54,1.6002,2.6416,2.6416,3.175,1,10,0,1
B00029,B00029_R2,130,1,6,2.54,1.6002,175.84,0.2032,1.9812,186.17,8,9,-10.33,0.2032,1.143,1.9812,0.2032,2.794,1.3462,2.7178,1,20,1,1
B00029,B00029_R2,131,2,6,2.54,1.6002,175.84,0.2032,1.9812,186.17,8,9,-10.33,0.2032,1.143,1.9812,2.032,2.794,1.3462,3.175,1,10,1,3
B00029,B00029_R1,132,3,6,2.54,1.6002,175.84,0.2032,1.9812,186.17,8,9,-10.33,2.54,1.143,0.2032,1.6002,0.9652,3.175,2.794,2,20,0,1
B00029,B00029_R2,133,4,6,2.54,1.6002,175.84,0.2032,1.9812,186.17,8,9,-10.33,1.0668,0.7112,0.2032,1.9812,2.8702,2.6416,2.6416,2,20,1,2
B00029,B00029_R1,134,5,6,2.54,1.6002,175.84,0.2032,1.9812,186.17,8,9,-10.33,0.762,0.7112,0.2032,1.6002,3.175,2.3368,1.9558,2,20,0,2
B00029,B00029_R1,135,6,6,2.54,1.6002,175.84,0.2032,1.9812,186.17,8,9,-10.33,0.762,0.2032,0.2032,1.9812,3.175,2.3368,2.3368,2,10,0,3
B00030,B00030_R1,136,1,3,0.2032,1.9812,203.48,1.9812,2.032,225.94,9,11,-22.46,2.286,2.54,1.6764,2.032,2.6416,0.8128,1.1176,3,20,0,2
B00030,B00030_R1,137,2,3,0.2032,1.9812,203.48,1.9812,2.032,225.94,9,11,-22.46,0.2032,0.762,1.6764,2.032,1.7272,3.556,3.2512,1,30,0,1
B00030,B00030_R2,138,3,3,0.2032,1.9812,203.48,1.9812,2.032,225.94,9,11,-22.46,2.286,2.54,0.2032,1.6002,2.6416,0.8128,3.0226,2,10,1,1
B00031,B00031_R2,139,1,7,1.6764,2.032,217.81,0.2032,1.6002,219.23,10,10,-1.42,1.9812,0.7112,0.2032,1.6002,3.2512,3.175,3.175,2,20,1,3
B00031,B00031_R1,140,2,7,1.6764,2.032,217.81,0.2032,1.6002,219.23,10,10,-1.42,0.2032,0.762,0.4572,2.54,3.2512,1.3462,2.032,1,30,0,2
B00031,B00031_R2,141,3,7,1.6764,2.032,217.81,0.2032,1.6002,219.23,10,10,-1.42,0.2032,0.762,2.54,0.762,3.2512,1.3462,2.9464,1,10,1,2
B00031,B00031_R1,142,4,7,1.6764,2.032,217.81,0.2032,1.6002,219.23,10,10,-1.42,0.2032,0.762,2.286,2.54,3.2512,1.3462,3.8608,1,20,0,3
B00031,B00031_R1,143,5,7,1.6764,2.032,217.81,0.2032,1.6002,219.23,10,10,-1.42,1.9812,2.54,0.2032,1.6002,0.8128,2.7178,2.7178,2,30,0,1
B00031,B00031_R2,144,6,7,1.6764,2.032,217.81,0.2032,1.6002,219.23,10,10,-1.42,0.2032,0.762,1.0668,0.2032,3.2512,1.3462,1.4224,1,10,1,1
B00031,B00031_R2,145,7,7,1.6764,2.032,217.81,0.2032,1.6002,219.23,10,10,-1.42,0.2032,0.762,2.54,1.143,3.2512,1.3462,2.7178,1,10,1,4
B00032,B00032_R1,146,1,3,2.286,2.54,259.69,2.54,1.143,272.22,12,13,-12.53,2.54,1.9812,0.2032,1.9812,0.8128,1.3462,2.9464,2,10,0,1
B00032,B00032_R2,147,2,3,2.286,2.54,259.69,2.54,1.143,272.22,12,13,-12.53,1.6764,0.2032,2.286,0.2032,2.9464,1.8034,1.1176,3,30,1,1
B00032,B00032_R1,148,3,3,2.286,2.54,259.69,2.54,1.143,272.22,12,13,-12.53,0.2032,1.143,1.9812,0.2032,3.4798,2.3368,2.7178,1,10,0,2
B00033,B00033_R2,149,1,4,1.9812,0.2032,276.53,2.286,0.2032,256.69,12,12,19.84,0.2032,1.143,2.54,1.9812,2.7178,3.0226,3.175,1,30,1,3
B00033,B00033_R2,150,2,4,1.9812,0.2032,276.53,2.286,0.2032,256.69,12,12,19.84,2.54,0.762,1.6764,0.2032,1.1176,0.8128,1.4224,3,30,1,1
B00033,B00033_R2,151,3,4,1.9812,0.2032,276.53,2.286,0.2032,256.69,12,12,19.84,1.0668,2.032,0.2032,1.9812,3.2512,3.556,1.4224,2,10,1,2
B00033,B00033_R1,152,4,4,1.9812,0.2032,276.53,2.286,0.2032,256.69,12,12,19.84,0.2032,0.762,2.54,1.6002,2.3368,2.6416,3.175,1,10,0,1
B00034,B00034_R2,153,1,4,2.54,1.6002,224.03,2.54,1.9812,253.68,10,12,-29.65,1.9812,2.032,1.0668,0.7112,1.4986,1.1176,3.2512,3,10,1,1
B00034,B00034_R1,154,2,4,2.54,1.6002,224.03,2.54,1.9812,253.68,10,12,-29.65,0.2032,1.143,0.762,2.54,2.794,3.175,1.9558,1,10,0,2
B00034,B00034_R1,155,3,4,2.54,1.6002,224.03,2.54,1.9812,253.68,10,12,-29.65,0.2032,1.143,0.762,0.7112,2.794,3.175,1.4986,1,10,0,1
B00034,B00034_R1,156,4,4,2.54,1.6002,224.03,2.54,1.9812,253.68,10,12,-29.65,0.2032,1.143,1.9812,2.032,2.794,3.175,3.175,1,20,0,3
B00035,B00035_R1,157,1,4,1.9812,2.032,222.83,1.0668,0.7112,223.53,10,11,-0.7,0.2032,0.762,1.0668,2.032,3.556,1.4224,2.6416,1,30,0,2
B00035,B00035_R2,158,2,4,1.9812,2.032,222.83,1.0668,0.7112,223.53,10,11,-0.7,2.54,0.762,1.6764,2.54,2.3368,2.032,2.6416,3,10,1,2
B00035,B00035_R1,159,3,4,1.9812,2.032,222.83,1.0668,0.7112,223.53,10,11,-0.7,2.54,1.143,0.2032,1.6002,1.9558,2.413,2.794,2,20,0,1
B00035,B00035_R2,160,4,4,1.9812,2.032,222.83,1.0668,0.7112,223.53,10,11,-0.7,0.2032,1.143,0.762,0.7112,3.175,1.8034,1.4986,1,30,1,1
B00036,B00036_R2,161,1,3,1.0668,2.032,156.81,1.6764,2.54,137.26,7,7,19.55,0.762,0.7112,0.2032,1.6002,3.2512,3.2512,1.9558,2,30,1,1
B00036,B00036_R1,162,2,3,1.0668,2.032,156.81,1.6764,2.54,137.26,7,7,19.55,0.2032,0.762,2.286,0.2032,2.6416,3.2512,2.6416,1,30,0,1
B00036,B00036_R2,163,3,3,1.0668,2.032,156.81,1.6764,2.54,137.26,7,7,19.55,0.2032,1.143,0.4572,2.54,2.2606,2.8702,1.651,1,10,1,2
B00037,B00037_R2,164,1,4,2.286,0.2032,142.18,0.4572,2.54,157.91,6,7,-15.73,0.762,2.54,0.2032,1.6002,3.8608,0.8128,1.4986,2,10,1,1
B00037,B00037_R1,165,2,4,2.286,0.2032,142.18,0.4572,2.54,157.91,6,7,-15.73,0.2032,0.762,0.4572,0.2032,2.6416,2.032,0.8128,1,30,0,1
B00037,B00037_R1,166,3,4,2.286,0.2032,142.18,0.4572,2.54,157.91,6,7,-15.73,0.2032,0.762,2.54,1.9812,2.6416,2.032,3.556,1,30,0,2
B00037,B00037_R2,167,4,4,2.286,0.2032,142.18,0.4572,2.54,157.91,6,7,-15.73,0.2032,0.762,0.4572,2.54,2.6416,2.032,2.032,1,20,1,2
B00038,B00038_R1,168,1,1,2.54,1.9812,153.21,0.4572,2.54,160.8,7,8,-7.59,1.6764,2.54,0.2032,1.9812,1.4224,1.7272,2.032,2,20,0,1
B00039,B00039_R2,169,1,4,0.2032,1.9812,135.88,0.4572,2.54,122.02,6,6,13.86,0.2032,0.762,1.9812,0.7112,1.7272,2.032,2.3368,1,10,1,2
B00039,B00039_R1,170,2,4,0.2032,1.9812,135.88,0.4572,2.54,122.02,6,6,13.86,0.2032,1.143,1.0668,0.7112,1.3462,1.651,1.8034,1,10,0,1
B00039,B00039_R2,171,3,4,0.2032,1.9812,135.88,0.4572,2.54,122.02,6,6,13.86,0.2032,0.762,1.0668,0.2032,1.7272,2.032,1.4224,1,20,1,1
B00039,B00039_R1,172,4,4,0.2032,1.9812,135.88,0.4572,2.54,122.02,6,6,13.86,1.6764,0.2032,1.9812,0.7112,3.2512,3.556,0.8128,3,20,0,2
B00040,B00040_R2,173,1,5,1.9812,0.7112,134.87,1.9812,0.7112,138.86,7,7,-3.99,1.6764,2.032,0.4572,2.54,3.2512,3.2512,1.7272,3,20,1,1
B00040,B00040_R1,174,2,5,1.9812,0.7112,134.87,1.9812,0.7112,138.86,7,7,-3.99,0.2032,1.143,1.0668,0.2032,2.7178,2.7178,1.8034,1,10,0,2
B00040,B00040_R2,175,3,5,1.9812,0.7112,134.87,1.9812,0.7112,138.86,7,7,-3.99,0.4572,2.54,1.9812,0.7112,3.8608,3.8608,3.8608,3,20,1,2
B00040,B00040_R1,176,4,5,1.9812,0.7112,134.87,1.9812,0.7112,138.86,7,7,-3.99,0.2032,0.762,1.0668,0.2032,2.3368,2.3368,1.4224,1,30,0,1
B00040,B00040_R1,177,5,5,1.9812,0.7112,134.87,1.9812,0.7112,138.86,7,7,-3.99,0.2032,0.762,1.6764,0.7112,2.3368,2.3368,2.032,1,20,0,3
B00041,B00041_R2,178,1,6,1.6764,0.7112,135.66,1.9812,0.7112,121.83,7,6,13.83,0.2032,1.143,1.9812,0.2032,2.413,2.7178,2.7178,1,30,1,3
B00041,B00041_R2,179,2,6,1.6764,0.7112,135.66,1.9812,0.7112,121.83,7,6,13.83,0.4572,0.2032,2.54,1.9812,1.7272,2.032,3.8608,3,10,1,1
B00041,B00041_R1,180,3,6,1.6764,0.7112,135.66,1.9812,0.7112,121.83,7,6,13.83,0.2032,1.143,0.4572,2.54,2.413,2.7178,1.651,1,10,0,2
B00041,B00041_R1,181,4,6,1.6764,0.7112,135.66,1.9812,0.7112,121.83,7,6,13.83,1.6764,2.032,1.6764,0.7112,2.9464,3.2512,2.9464,3,20,0,3
B00041,B00041_R2,182,5,6,1.6764,0.7112,135.66,1.9812,0.7112,121.83,7,6,13.83,2.286,2.54,0.2032,1.6002,2.9464,2.6416,3.0226,2,30,1,2
B00041,B00041_R1,183,6,6,1.6764,0.7112,135.66,1.9812,0.7112,121.83,7,6,13.83,1.6764,0.7112,0.2032,1.9812,0,0.8128,3.2512,2,10,0,1
B00042,B00042_R2,184,1,3,1.6764,0.7112,164.9,1.9812,0.2032,169.33,9,8,-4.43,2.54,1.6002,0.2032,1.6002,2.2606,1.9558,2.3368,2,10,1,1
B00042,B00042_R1,185,2,3,1.6764,0.7112,164.9,1.9812,0.2032,169.33,9,8,-4.43,1.9812,2.032,1.0668,2.54,3.2512,2.9464,1.4224,3,30,0,2
B00042,B00042_R1,186,3,3,1.6764,0.7112,164.9,1.9812,0.2032,169.33,9,8,-4.43,0.2032,0.762,0.762,2.032,2.032,2.3368,2.3368,1,30,0,1
B00043,B00043_R2,187,1,1,1.0668,2.54,177.13,0.2032,1.6002,161.61,9,7,15.52,1.9812,2.032,0.4572,2.54,1.4224,2.7178,2.032,3,10,1,1
B00044,B00044_R1,188,1,4,1.0668,2.54,151.28,0.4572,2.54,149.69,8,7,1.59,0.2032,1.143,0.762,2.54,2.2606,1.651,1.9558,1,30,0,2
B00044,B00044_R2,189,2,4,1.0668,2.54,151.28,0.4572,2.54,149.69,8,7,1.59,0.2032,0.762,1.0668,0.2032,2.6416,2.032,1.4224,1,10,1,1
B00044,B00044_R1,190,3,4,1.0668,2.54,151.28,0.4572,2.54,149.69,8,7,1.59,1.6764,2.032,0.2032,1.9812,1.1176,1.7272,2.032,2,20,0,1
B00044,B00044_R2,191,4,4,1.0668,2.54,151.28,0.4572,2.54,149.69,8,7,1.59,1.0668,0.7112,1.0668,0.2032,2.9464,2.9464,0.508,3,10,1,2
B00045,B00045_R1,192,1,4,0.762,2.54,159.89,1.0668,0.2032,148.28,8,7,11.61,1.0668,2.54,2.54,0.762,0.8128,2.9464,3.2512,3,10,0,1
B00045,B00045_R2,193,2,4,0.762,2.54,159.89,1.0668,0.2032,148.28,8,7,11.61,0.2032,0.762,0.762,2.032,2.3368,1.4224,2.3368,1,20,1,1
B00045,B00045_R1,194,3,4,0.762,2.54,159.89,1.0668,0.2032,148.28,8,7,11.61,2.54,1.6002,0.2032,1.9812,2.7178,2.8702,2.7178,2,10,0,2
B00045,B00045_R2,195,4,4,0.762,2.54,159.89,1.0668,0.2032,148.28,8,7,11.61,0.2032,1.143,2.286,0.2032,1.9558,1.8034,3.0226,1,10,1,2
B00046,B00046_R1,196,1,6,0.2032,1.9812,181.33,2.286,0.2032,164.51,9,8,16.82,0.2032,1.143,1.9812,2.032,1.3462,3.0226,3.175,1,30,0,3
B00046,B00046_R2,197,2,6,0.2032,1.9812,181.33,2.286,0.2032,164.51,9,8,16.82,1.0668,0.2032,0.2032,1.6002,2.6416,1.7272,2.2606,2,10,1,3
B00046,B00046_R2,198,3,6,0.2032,1.9812,181.33,2.286,0.2032,164.51,9,8,16.82,2.54,1.6002,0.2032,1.9812,2.7178,1.651,2.7178,2,20,1,2
B00046,B00046_R1,199,4,6,0.2032,1.9812,181.33,2.286,0.2032,164.51,9,8,16.82,1.0668,0.2032,1.6764,0.7112,2.6416,1.7272,1.1176,3,10,0,1
B00046,B00046_R2,200,5,6,0.2032,1.9812,181.33,2.286,0.2032,164.51,9,8,16.82,2.54,0.762,1.6764,2.032,3.556,0.8128,2.6416,3,10,1,1
B00046,B00046_R1,201,6,6,0.2032,1.9812,181.33,2.286,0.2032,164.51,9,8,16.82,1.6764,0.2032,0.2032,1.6002,3.2512,1.1176,2.8702,2,10,0,2
B00047,B00047_R1,202,1,7,1.9812,2.032,214.19,0.2032,1.6002,206.4,11,10,7.79,0.2032,1.143,2.54,1.143,3.175,0.9652,2.3368,1,10,0,2
B00047,B00047_R2,203,2,7,1.9812,2.032,214.19,0.2032,1.6002,206.4,11,10,7.79,0.4572,2.54,0.2032,1.9812,2.032,1.1938,0.8128,2,30,1,3
B00047,B00047_R2,204,3,7,1.9812,2.032,214.19,0.2032,1.6002,206.4,11,10,7.79,1.0668,0.2032,0.2032,1.9812,3.2512,2.2606,2.6416,2,10,1,2
B00047,B00047_R2,205,4,7,1.9812,2.032,214.19,0.2032,1.6002,206.4,11,10,7.79,0.2032,0.762,2.54,1.9812,3.556,1.3462,3.556,1,30,1,4
B00047,B00047_R2,206,5,7,1.9812,2.032,214.19,0.2032,1.6002,206.4,11,10,7.79,0.2032,1.143,0.4572,0.2032,3.175,0.9652,1.1938,1,20,1,1
B00047,B00047_R1,207,6,7,1.9812,2.032,214.19,0.2032,1.6002,206.4,11,10,7.79,0.2032,1.143,1.9812,0.7112,3.175,0.9652,2.7178,1,10,0,3
B00047,B00047_R1,208,7,7,1.9812,2.032,214.19,0.2032,1.6002,206.4,11,10,7.79,0.762,2.54,0.2032,1.6002,1.7272,1.4986,1.4986,2,20,0,1
B00048,B00048_R2,209,1,3,1.9812,0.7112,249.45,2.54,1.9812,244.37,12,12,5.08,0.2032,1.143,0.762,2.032,2.7178,3.175,1.9558,1,30,1,2
B00048,B00048_R2,210,2,3,1.9812,0.7112,249.45,2.54,1.9812,244.37,12,12,5.08,0.2032,1.143,0.4572,2.54,2.7178,3.175,1.651,1,10,1,1
B00048,B00048_R1,211,3,3,1.9812,0.7112,249.45,2.54,1.9812,244.37,12,12,5.08,1.9812,0.7112,1.0668,2.54,0,2.3368,3.2512,3,20,0,1
B00049,B00049_R1,212,1,5,1.0668,2.54,235.21,0.762,2.032,253.88,12,13,-18.67,0.4572,2.54,0.2032,1.9812,1.1176,0.8128,0.8128,2,20,0,1
B00049,B00049_R1,213,2,5,1.0668,2.54,235.21,0.762,2.032,253.88,12,13,-18.67,0.2032,1.143,1.6764,0.2032,2.2606,1.9558,2.413,1,20,0,2
B00049,B00049_R2,214,3,5,1.0668,2.54,235.21,0.762,2.032,253.88,12,13,-18.67,2.54,1.6002,0.2032,1.6002,2.413,2.7178,2.3368,2,20,1,2
B00049,B00049_R2,215,4,5,1.0668,2.54,235.21,0.762,2.032,253.88,12,13,-18.67,1.0668,2.032,2.54,1.6002,0.508,0.8128,2.413,3,30,1,1
B00049,B00049_R1,216,5,5,1.0668,2.54,235.21,0.762,2.032,253.88,12,13,-18.67,2.54,0.762,1.9812,0.7112,3.2512,3.556,1.1176,3,30,0,3
B00050,B00050_R1,217,1,5,1.9812,0.7112,258.66,0.2032,1.6002,269.21,13,13,-10.55,1.0668,0.2032,0.2032,1.6002,1.4224,2.2606,2.2606,2,10,0,1
B00050,B00050_R1,218,2,5,1.9812,0.7112,258.66,0.2032,1.6002,269.21,13,13,-10.55,0.2032,1.143,0.762,0.2032,2.7178,0.9652,1.4986,1,20,0,2
B00050,B00050_R2,219,3,5,1.9812,0.7112,258.66,0.2032,1.6002,269.21,13,13,-10.55,0.2032,1.143,2.286,2.54,2.7178,0.9652,3.4798,1,30,1,2
B00050,B00050_R1,220,4,5,1.9812,0.7112,258.66,0.2032,1.6002,269.21,13,13,-10.55,0.2032,1.143,2.54,1.6002,2.7178,0.9652,2.794,1,10,0,3
B00050,B00050_R2,221,5,5,1.9812,0.7112,258.66,0.2032,1.6002,269.21,13,13,-10.55,1.0668,2.032,0.2032,1.6002,3.2512,1.8034,1.8034,2,30,1,1
B00051,B00051_R2,222,1,3,2.54,1.6002,292.63,2.286,2.54,281.44,15,14,11.19,2.286,2.54,0.762,0.7112,1.1938,0,3.8608,3,20,1,1
B00051,B00051_R1,223,2,3,2.54,1.6002,292.63,2.286,2.54,281.44,15,14,11.19,0.2032,0.762,0.762,2.54,3.175,3.8608,2.3368,1,30,0,1
B00051,B00051_R2,224,3,3,2.54,1.6002,292.63,2.286,2.54,281.44,15,14,11.19,0.762,0.7112,0.2032,1.6002,3.175,3.8608,1.9558,2,20,1,2
B00052,B00052_R1,225,1,6,0.762,2.54,282.52,0.2032,1.6002,281.83,14,14,0.69,0.762,0.7112,0.2032,1.6002,2.9464,1.9558,1.9558,2,20,0,3
B00052,B00052_R2,226,2,6,0.762,2.54,282.52,0.2032,1.6002,281.83,14,14,0.69,2.54,1.143,1.0668,2.54,3.175,2.794,2.8702,3,30,1,2
B00052,B00052_R2,227,3,6,0.762,2.54,282.52,0.2032,1.6002,281.83,14,14,0.69,0.2032,0.762,2.54,1.143,2.3368,1.3462,2.7178,1,30,1,1
B00052,B00052_R1,228,4,6,0.762,2.54,282.52,0.2032,1.6002,281.83,14,14,0.69,0.762,2.032,1.0668,2.54,0.508,1.4986,0.8128,3,10,0,1
B00052,B00052_R1,229,5,6,0.762,2.54,282.52,0.2032,1.6002,281.83,14,14,0.69,2.54,1.9812,0.4572,2.54,2.3368,2.7178,2.6416,3,30,0,2
B00052,B00052_R2,230,6,6,0.762,2.54,282.52,0.2032,1.6002,281.83,14,14,0.69,2.54,1.143,0.2032,1.9812,3.175,2.794,3.175,2,30,1,3
B00053,B00053_R1,231,1,6,0.2032,1.6002,316.48,0.2032,1.9812,313.78,16,16,2.7,0.2032,1.143,0.762,2.032,0.9652,1.3462,1.9558,1,30,0,1
B00053,B00053_R2,232,2,6,0.2032,1.6002,316.48,0.2032,1.9812,313.78,16,16,2.7,0.2032,1.143,2.54,0.762,0.9652,1.3462,2.7178,1,20,1,3
B00053,B00053_R2,233,3,6,0.2032,1.6002,316.48,0.2032,1.9812,313.78,16,16,2.7,0.762,0.7112,0.2032,1.6002,1.9558,2.3368,1.9558,2,30,1,1
B00053,B00053_R1,234,4,6,0.2032,1.6002,316.48,0.2032,1.9812,313.78,16,16,2.7,0.2032,1.143,2.54,0.762,0.9652,1.3462,2.7178,1,20,0,3
B00053,B00053_R2,235,5,6,0.2032,1.6002,316.48,0.2032,1.9812,313.78,16,16,2.7,0.2032,1.143,0.762,2.032,0.9652,1.3462,1.9558,1,20,1,2
B00053,B00053_R1,236,6,6,0.2032,1.6002,316.48,0.2032,1.9812,313.78,16,16,2.7,0.762,2.54,0.2032,1.6002,1.4986,1.1176,1.4986,2,20,0,2
B00054,B00054_R1,237,1,3,2.54,0.762,331.8,2.54,0.762,352.26,17,17,-20.46,2.54,1.6002,0.2032,1.9812,1.3462,1.3462,2.7178,2,30,0,1
B00054,B00054_R2,238,2,3,2.54,0.762,331.8,2.54,0.762,352.26,17,17,-20.46,0.2032,0.762,1.6764,0.2032,2.9464,2.9464,2.032,1,10,1,1
B00054,B00054_R1,239,3,3,2.54,0.762,331.8,2.54,0.762,352.26,17,17,-20.46,0.2032,1.143,2.54,1.143,2.7178,2.7178,2.3368,1,30,0,2
B00055,B00055_R2,240,1,6,2.54,1.143,313.67,1.6764,0.2032,332.32,17,16,-18.65,2.54,1.9812,0.2032,1.9812,1.3462,2.6416,2.9464,2,30,1,2
B00055,B00055_R1,241,2,6,2.54,1.143,313.67,1.6764,0.2032,332.32,17,16,-18.65,2.54,1.6002,0.2032,1.9812,0.9652,2.2606,2.7178,2,20,0,1
B00055,B00055_R1,242,3,6,2.54,1.143,313.67,1.6764,0.2032,332.32,17,16,-18.65,1.9812,2.54,0.2032,1.6002,1.9558,3.2512,2.7178,2,20,0,4
B00055,B00055_R1,243,4,6,2.54,1.143,313.67,1.6764,0.2032,332.32,17,16,-18.65,0.762,2.54,0.2032,1.9812,3.175,3.2512,1.1176,2,20,0,2
B00055,B00055_R1,244,5,6,2.54,1.143,313.67,1.6764,0.2032,332.32,17,16,-18.65,1.0668,2.54,0.2032,1.9812,2.8702,2.9464,1.4224,2,30,0,3
B00055,B00055_R2,245,6,6,2.54,1.143,313.67,1.6764,0.2032,332.32,17,16,-18.65,1.6764,0.7112,0.2032,1.6002,1.8034,0.508,2.8702,2,30,1,1
B00056,B00056_R2,246,1,2,0.2032,1.6002,366.97,0.2032,1.9812,340.44,19,16,26.53,0.2032,0.762,1.0668,2.032,1.3462,1.7272,2.6416,1,30,1,1
B00056,B00056_R2,247,2,2,0.2032,1.6002,366.97,0.2032,1.9812,340.44,19,16,26.53,2.54,1.143,0.2032,1.9812,2.794,3.175,3.175,2,10,1,2
B00057,B00057_R1,248,1,1,0.2032,1.6002,341.13,0.2032,1.9812,367.11,18,17,-25.98,0.762,0.7112,2.54,0.762,1.9558,2.3368,2.3368,3,30,0,1
B00058,B00058_R1,249,1,3,2.54,0.762,342.83,0.2032,1.9812,339.36,17,15,3.47,2.286,0.2032,0.2032,1.9812,0.8128,3.8608,3.8608,2,10,0,1
B00058,B00058_R2,250,2,3,2.54,0.762,342.83,0.2032,1.9812,339.36,17,15,3.47,0.4572,2.54,0.2032,1.6002,3.8608,0.8128,1.1938,2,20,1,1
B00058,B00058_R2,251,3,3,2.54,0.762,342.83,0.2032,1.9812,339.36,17,15,3.47,0.2032,0.762,2.54,1.143,2.9464,1.7272,2.7178,1,20,1,2
B00059,B00059_R1,252,1,5,0.2032,1.9812,339.93,2.54,1.143,348.27,17,16,-8.34,1.9812,2.54,0.2032,1.9812,2.3368,1.9558,2.3368,2,20,0,3
B00059,B00059_R1,253,2,5,0.2032,1.9812,339.93,2.54,1.143,348.27,17,16,-8.34,2.54,1.9812,2.54,1.6002,2.9464,1.3462,0.889,3,10,0,2
B00059,B00059_R2,254,3,5,0.2032,1.9812,339.93,2.54,1.143,348.27,17,16,-8.34,1.0668,0.2032,0.2032,1.6002,2.6416,2.413,2.2606,2,20,1,2
B00059,B00059_R2,255,4,5,0.2032,1.9812,339.93,2.54,1.143,348.27,17,16,-8.34,2.286,0.2032,0.2032,1.6002,3.8608,1.1938,3.4798,2,30,1,1
B00059,B00059_R1,256,5,5,0.2032,1.9812,339.93,2.54,1.143,348.27,17,16,-8.34,0.762,0.7112,2.54,1.9812,2.3368,2.7178,3.556,3,30,0,1
B00060,B00060_R1,257,1,7,0.2032,1.9812,367.98,0.2032,1.6002,358.59,18,16,9.39,1.9812,0.2032,0.2032,1.9812,3.556,3.175,3.556,2,20,0,3
B00060,B00060_R2,258,2,7,0.2032,1.9812,367.98,0.2032,1.6002,358.59,18,16,9.39,2.54,1.6002,0.2032,1.9812,2.7178,2.3368,2.7178,2,30,1,4
B00060,B00060_R2,259,3,7,0.2032,1.9812,367.98,0.2032,1.6002,358.59,18,16,9.39,0.2032,0.762,1.6764,0.2032,1.7272,1.3462,2.032,1,30,1,1
B00060,B00060_R1,260,4,7,0.2032,1.9812,367.98,0.2032,1.6002,358.59,18,16,9.39,1.9812,2.54,0.762,2.032,2.3368,2.7178,1.7272,3,30,0,2
B00060,B00060_R1,261,5,7,0.2032,1.9812,367.98,0.2032,1.6002,358.59,18,16,9.39,0.2032,0.762,2.286,2.54,1.7272,1.3462,3.8608,1,20,0,1
B00060,B00060_R2,262,6,7,0.2032,1.9812,367.98,0.2032,1.6002,358.59,18,16,9.39,0.762,0.2032,0.2032,1.9812,2.3368,1.9558,2.3368,2,20,1,3
B00060,B00060_R2,263,7,7,0.2032,1.9812,367.98,0.2032,1.6002,358.59,18,16,9.39,1.6764,0.7112,0.2032,1.9812,3.2512,2.8702,3.2512,2,20,1,2
B00061,B00061_R1,264,1,3,0.2032,1.9812,382.72,0.2032,1.9812,397.59,18,17,-14.87,1.9812,0.7112,0.2032,1.9812,3.556,3.556,3.556,2,30,0,2
B00061,B00061_R1,265,2,3,0.2032,1.9812,382.72,0.2032,1.9812,397.59,18,17,-14.87,2.54,1.143,1.6764,0.7112,3.175,3.175,1.8034,3,10,0,1
B00061,B00061_R2,266,3,3,0.2032,1.9812,382.72,0.2032,1.9812,397.59,18,17,-14.87,0.2032,0.762,1.9812,2.032,1.7272,1.7272,3.556,1,20,1,1
B00062,B00062_R1,267,1,4,0.2032,1.9812,400.66,1.9812,2.032,382.37,19,17,18.29,0.2032,0.762,1.9812,0.2032,1.7272,3.556,2.3368,1,20,0,2
B00062,B00062_R2,268,2,4,0.2032,1.9812,400.66,1.9812,2.032,382.37,19,17,18.29,2.54,1.6002,2.54,1.143,2.7178,1.4986,0.9652,3,10,1,1
B00062,B00062_R2,269,3,4,0.2032,1.9812,400.66,1.9812,2.032,382.37,19,17,18.29,2.54,1.6002,0.2032,1.6002,2.7178,1.4986,2.3368,2,10,1,2
B00062,B00062_R1,270,4,4,0.2032,1.9812,400.66,1.9812,2.032,382.37,19,17,18.29,0.4572,2.54,0.2032,1.6002,0.8128,2.032,1.1938,2,20,0,1
B00063,B00063_R2,271,1,4,1.9812,0.2032,410.48,0.2032,1.6002,388.88,19,17,21.6,0.2032,0.762,0.762,2.54,2.3368,1.3462,2.3368,1,30,1,1
B00063,B00063_R1,272,2,4,1.9812,0.2032,410.48,0.2032,1.6002,388.88,19,17,21.6,0.2032,0.762,2.54,1.9812,2.3368,1.3462,3.556,1,30,0,1
B00063,B00063_R2,273,3,4,1.9812,0.2032,410.48,0.2032,1.6002,388.88,19,17,21.6,0.2032,1.143,2.54,1.9812,2.7178,0.9652,3.175,1,30,1,3
B00063,B00063_R2,274,4,4,1.9812,0.2032,410.48,0.2032,1.6002,388.88,19,17,21.6,0.2032,1.143,2.54,1.143,2.7178,0.9652,2.3368,1,30,1,2
B00064,B00064_R1,275,1,4,2.54,1.9812,376.62,2.54,1.9812,398.29,17,18,-21.67,0.762,0.2032,0.2032,1.9812,3.556,3.556,2.3368,2,30,0,2
B00064,B00064_R2,276,2,4,2.54,1.9812,376.62,2.54,1.9812,398.29,17,18,-21.67,0.2032,0.762,1.9812,2.54,3.556,3.556,3.556,1,10,1,1
B00064,B00064_R1,277,3,4,2.54,1.9812,376.62,2.54,1.9812,398.29,17,18,-21.67,0.2032,0.762,1.0668,0.7112,3.556,3.556,1.4224,1,10,0,1
B00064,B00064_R1,278,4,4,2.54,1.9812,376.62,2.54,1.9812,398.29,17,18,-21.67,0.2032,0.762,1.0668,2.032,3.556,3.556,2.6416,1,20,0,3
B00065,B00065_R2,279,1,2,1.0668,2.032,416,1.9812,2.54,396.39,19,17,19.61,0.2032,1.143,1.9812,2.032,2.2606,3.175,3.175,1,30,1,1
B00065,B00065_R1,280,2,2,1.0668,2.032,416,1.9812,2.54,396.39,19,17,19.61,0.2032,1.143,0.762,2.54,2.2606,3.175,1.9558,1,10,0,1
B00066,B00066_R2,281,1,1,0.762,2.54,414,1.9812,2.032,389.88,18,17,24.12,0.2032,1.143,1.9812,2.032,1.9558,3.175,3.175,1,20,1,1
B00067,B00067_R1,282,1,1,0.762,2.54,388.05,1.9812,2.032,391.5,17,16,-3.45,1.0668,0.2032,0.762,0.7112,3.2512,3.2512,0.8128,3,30,0,1
B00068,B00068_R2,283,1,3,0.762,0.7112,333.44,1.9812,2.032,321.16,15,13,12.28,0.762,2.54,1.9812,2.032,2.9464,1.7272,1.7272,3,10,1,2
B00068,B00068_R1,284,2,3,0.762,0.7112,333.44,1.9812,2.032,321.16,15,13,12.28,0.2032,0.762,0.762,2.032,1.1176,3.556,2.3368,1,20,0,1
B00068,B00068_R2,285,3,3,0.762,0.7112,333.44,1.9812,2.032,321.16,15,13,12.28,1.9812,2.032,0.2032,1.6002,3.556,0,2.7178,2,10,1,1
B00069,B00069_R2,286,1,6,0.762,2.032,334.65,1.9812,2.032,332.27,15,14,2.38,0.4572,2.54,1.0668,2.032,0.8128,2.032,1.1176,3,20,1,2
B00069,B00069_R2,287,2,6,0.762,2.032,334.65,1.9812,2.032,332.27,15,14,2.38,1.0668,0.7112,0.2032,1.9812,3.2512,3.2512,2.6416,2,20,1,3
B00069,B00069_R1,288,3,6,0.762,2.032,334.65,1.9812,2.032,332.27,15,14,2.38,0.762,2.032,0.2032,1.6002,0,1.7272,1.4986,2,20,0,1
B00069,B00069_R2,289,4,6,0.762,2.032,334.65,1.9812,2.032,332.27,15,14,2.38,2.54,1.143,0.2032,1.9812,3.175,1.9558,3.175,2,30,1,1
B00069,B00069_R1,290,5,6,0.762,2.032,334.65,1.9812,2.032,332.27,15,14,2.38,0.4572,2.54,1.9812,0.7112,0.8128,2.032,3.8608,3,20,0,2
B00069,B00069_R1,291,6,6,0.762,2.032,334.65,1.9812,2.032,332.27,15,14,2.38,1.0668,0.7112,0.2032,1.9812,3.2512,3.2512,2.6416,2,20,0,3
B00070,B00070_R1,292,1,5,0.2032,1.9812,321.22,0.2032,1.9812,332.46,15,14,-11.24,1.9812,0.7112,0.2032,1.9812,3.556,3.556,3.556,2,10,0,3
B00070,B00070_R1,293,2,5,0.2032,1.9812,321.22,0.2032,1.9812,332.46,15,14,-11.24,0.2032,0.762,1.0668,0.7112,1.7272,1.7272,1.4224,1,10,0,1
B00070,B00070_R1,294,3,5,0.2032,1.9812,321.22,0.2032,1.9812,332.46,15,14,-11.24,2.54,0.762,1.6764,0.7112,3.556,3.556,1.4224,3,10,0,2
B00070,B00070_R2,295,4,5,0.2032,1.9812,321.22,0.2032,1.9812,332.46,15,14,-11.24,0.2032,0.762,0.762,0.7112,1.7272,1.7272,1.1176,1,20,1,1
B00070,B00070_R2,296,5,5,0.2032,1.9812,321.22,0.2032,1.9812,332.46,15,14,-11.24,0.2032,1.143,1.6764,2.032,1.3462,1.3462,2.8702,1,10,1,2
B00071,B00071_R2,297,1,3,0.2032,1.9812,316.6,1.6764,2.032,311.32,15,13,5.28,2.54,1.6002,0.2032,1.6002,2.7178,1.8034,2.3368,2,20,1,1
B00071,B00071_R1,298,2,3,0.2032,1.9812,316.6,1.6764,2.032,311.32,15,13,5.28,0.4572,2.54,0.2032,1.9812,0.8128,1.7272,0.8128,2,30,0,1
B00071,B00071_R1,299,3,3,0.2032,1.9812,316.6,1.6764,2.032,311.32,15,13,5.28,0.762,0.2032,0.2032,1.9812,2.3368,3.2512,2.3368,2,10,0,2
B00072,B00072_R2,300,1,4,0.2032,1.9812,331.23,0.2032,1.6002,302.4,16,13,28.83,2.54,1.6002,2.286,0.2032,2.7178,2.3368,1.651,3,30,1,3
B00072,B00072_R2,301,2,4,0.2032,1.9812,331.23,0.2032,1.6002,302.4,16,13,28.83,1.0668,0.2032,1.9812,0.7112,2.6416,2.2606,1.4224,3,10,1,2
B00072,B00072_R2,302,3,4,0.2032,1.9812,331.23,0.2032,1.6002,302.4,16,13,28.83,0.762,2.032,0.2032,1.6002,1.1176,1.4986,1.4986,2,20,1,1
B00072,B00072_R1,303,4,4,0.2032,1.9812,331.23,0.2032,1.6002,302.4,16,13,28.83,1.9812,2.032,0.2032,1.6002,2.3368,2.7178,2.7178,2,30,0,1
B00073,B00073_R2,304,1,3,0.2032,1.6002,283.84,2.286,0.2032,271.42,14,13,12.42,0.4572,2.54,0.2032,1.9812,1.1938,4.1656,0.8128,2,30,1,2
B00073,B00073_R2,305,2,3,0.2032,1.6002,283.84,2.286,0.2032,271.42,14,13,12.42,1.9812,0.2032,2.54,1.9812,3.175,0.8128,2.3368,3,30,1,1
B00073,B00073_R1,306,3,3,0.2032,1.6002,283.84,2.286,0.2032,271.42,14,13,12.42,0.2032,0.762,0.762,2.54,1.3462,2.6416,2.3368,1,30,0,1
B00074,B00074_R1,307,1,5,0.762,2.54,211,0.2032,1.9812,216.71,11,11,-5.71,0.2032,1.143,2.54,1.6002,1.9558,1.3462,2.794,1,30,0,2
B00074,B00074_R1,308,2,5,0.762,2.54,211,0.2032,1.9812,216.71,11,11,-5.71,1.0668,2.032,0.2032,1.6002,0.8128,1.4224,1.8034,2,10,0,1
B00074,B00074_R2,309,3,5,0.762,2.54,211,0.2032,1.9812,216.71,11,11,-5.71,1.6764,0.7112,0.2032,1.9812,3.2512,3.2512,3.2512,2,20,1,2
B00074,B00074_R2,310,4,5,0.762,2.54,211,0.2032,1.9812,216.71,11,11,-5.71,1.9812,0.2032,0.2032,1.6002,3.556,3.556,3.175,2,10,1,1
B00074,B00074_R1,311,5,5,0.762,2.54,211,0.2032,1.9812,216.71,11,11,-5.71,2.286,0.2032,1.0668,2.54,3.8608,3.8608,3.556,3,10,0,3
B00075,B00075_R1,312,1,7,1.0668,2.54,252.68,0.2032,1.9812,250.29,12,11,2.39,1.0668,2.032,2.54,1.6002,0.508,1.4224,2.413,3,20,0,3
B00075,B00075_R1,313,2,7,1.0668,2.54,252.68,0.2032,1.9812,250.29,12,11,2.39,2.286,0.2032,1.6764,2.54,3.556,3.8608,2.9464,3,20,0,4
B00075,B00075_R2,314,3,7,1.0668,2.54,252.68,0.2032,1.9812,250.29,12,11,2.39,0.2032,0.762,1.9812,2.54,2.6416,1.7272,3.556,1,10,1,3
B00075,B00075_R1,315,4,7,1.0668,2.54,252.68,0.2032,1.9812,250.29,12,11,2.39,1.0668,2.032,0.2032,1.6002,0.508,1.4224,1.8034,2,20,0,1
B00075,B00075_R2,316,5,7,1.0668,2.54,252.68,0.2032,1.9812,250.29,12,11,2.39,0.2032,1.143,2.54,1.9812,2.2606,1.3462,3.175,1,20,1,1
B00075,B00075_R1,317,6,7,1.0668,2.54,252.68,0.2032,1.9812,250.29,12,11,2.39,0.2032,1.143,1.6764,2.032,2.2606,1.3462,2.8702,1,30,0,2
B00075,B00075_R2,318,7,7,1.0668,2.54,252.68,0.2032,1.9812,250.29,12,11,2.39,1.0668,0.2032,0.2032,1.9812,2.9464,2.6416,2.6416,2,10,1,2
B00076,B00076_R1,319,1,4,1.6764,2.54,302.18,1.9812,2.54,292.38,15,13,9.8,0.2032,1.143,0.762,0.7112,2.8702,3.175,1.4986,1,30,0,2
B00076,B00076_R2,320,2,4,1.6764,2.54,302.18,1.9812,2.54,292.38,15,13,9.8,0.2032,1.143,2.54,1.143,2.8702,3.175,2.3368,1,20,1,2
B00076,B00076_R2,321,3,4,1.6764,2.54,302.18,1.9812,2.54,292.38,15,13,9.8,1.9812,2.032,0.2032,1.9812,0.8128,0.508,2.3368,2,10,1,1
B00076,B00076_R1,322,4,4,1.6764,2.54,302.18,1.9812,2.54,292.38,15,13,9.8,0.762,2.032,0.2032,1.9812,1.4224,1.7272,1.1176,2,20,0,1
B00077,B00077_R2,323,1,2,0.762,0.7112,303.58,2.54,1.143,299.49,15,13,4.09,1.6764,0.2032,0.2032,1.9812,1.4224,1.8034,3.2512,2,20,1,1
B00077,B00077_R1,324,2,2,0.762,0.7112,303.58,2.54,1.143,299.49,15,13,4.09,1.6764,0.2032,1.0668,0.2032,1.4224,1.8034,1.1176,3,20,0,1
B00078,B00078_R2,325,1,2,1.0668,0.2032,293.76,0.2032,1.9812,294.19,15,13,-0.43,2.54,1.143,1.0668,0.7112,2.413,3.175,2.413,3,30,1,1
B00078,B00078_R1,326,2,2,1.0668,0.2032,293.76,0.2032,1.9812,294.19,15,13,-0.43,0.762,0.7112,0.2032,1.9812,0.8128,2.3368,2.3368,2,20,0,1
B00079,B00079_R2,327,1,6,0.2032,1.9812,282.73,1.0668,0.7112,292.79,14,12,-10.06,1.9812,0.2032,0.2032,1.9812,3.556,1.4224,3.556,2,30,1,3
B00079,B00079_R1,328,2,6,0.2032,1.9812,282.73,1.0668,0.7112,292.79,14,12,-10.06,1.0668,2.032,0.2032,1.9812,1.4224,2.9464,1.4224,2,10,0,1
B00079,B00079_R1,329,3,6,0.2032,1.9812,282.73,1.0668,0.7112,292.79,14,12,-10.06,0.4572,0.2032,1.9812,2.54,2.032,1.1176,3.8608,3,10,0,2
B00079,B00079_R2,330,4,6,0.2032,1.9812,282.73,1.0668,0.7112,292.79,14,12,-10.06,0.2032,0.762,0.762,2.032,1.7272,1.4224,2.3368,1,20,1,2
B00079,B00079_R1,331,5,6,0.2032,1.9812,282.73,1.0668,0.7112,292.79,14,12,-10.06,2.286,0.2032,0.2032,1.9812,3.8608,1.7272,3.8608,2,10,0,3
B00079,B00079_R2,332,6,6,0.2032,1.9812,282.73,1.0668,0.7112,292.79,14,12,-10.06,2.286,0.2032,0.2032,1.6002,3.8608,1.7272,3.4798,2,30,1,1
B00080,B00080_R2,333,1,5,0.2032,1.9812,324.22,0.2032,1.9812,347.5,16,14,-23.28,1.6764,2.032,0.4572,0.2032,2.032,2.032,3.556,3,10,1,2
B00080,B00080_R1,334,2,5,0.2032,1.9812,324.22,0.2032,1.9812,347.5,16,14,-23.28,0.2032,0.762,1.0668,2.032,1.7272,1.7272,2.6416,1,30,0,3
B00080,B00080_R1,335,3,5,0.2032,1.9812,324.22,0.2032,1.9812,347.5,16,14,-23.28,1.9812,0.7112,1.6764,0.7112,3.556,3.556,0.8128,3,10,0,2
B00080,B00080_R1,336,4,5,0.2032,1.9812,324.22,0.2032,1.9812,347.5,16,14,-23.28,0.2032,1.143,0.4572,0.2032,1.3462,1.3462,1.1938,1,20,0,1
B00080,B00080_R2,337,5,5,0.2032,1.9812,324.22,0.2032,1.9812,347.5,16,14,-23.28,0.2032,1.143,1.6764,2.54,1.3462,1.3462,2.8702,1,10,1,1
B00081,B00081_R2,338,1,4,1.0668,2.032,347.66,0.4572,0.2032,360.32,17,14,-12.66,0.2032,1.143,2.54,1.6002,2.2606,1.1938,2.794,1,20,1,1
B00081,B00081_R1,339,2,4,1.0668,2.032,347.66,0.4572,0.2032,360.32,17,14,-12.66,1.6764,2.032,0.2032,1.9812,1.1176,3.556,2.032,2,30,0,1
B00081,B00081_R1,340,3,4,1.0668,2.032,347.66,0.4572,0.2032,360.32,17,14,-12.66,0.2032,0.762,1.0668,2.54,2.6416,0.8128,2.6416,1,10,0,2
B00081,B00081_R2,341,4,4,1.0668,2.032,347.66,0.4572,0.2032,360.32,17,14,-12.66,2.286,0.2032,0.2032,1.9812,3.556,2.3368,3.8608,2,30,1,2
B00082,B00082_R2,342,1,6,1.0668,2.54,366.2,0.2032,1.9812,377.25,18,15,-11.05,0.4572,0.2032,1.0668,2.54,2.9464,2.032,2.9464,3,30,1,3
B00082,B00082_R2,343,2,6,1.0668,2.54,366.2,0.2032,1.9812,377.25,18,15,-11.05,0.4572,0.2032,0.2032,1.6002,2.9464,2.032,1.651,2,20,1,1
B00082,B00082_R2,344,3,6,1.0668,2.54,366.2,0.2032,1.9812,377.25,18,15,-11.05,0.2032,0.762,2.54,0.762,2.6416,1.7272,2.9464,1,10,1,2
B00082,B00082_R1,345,4,6,1.0668,2.54,366.2,0.2032,1.9812,377.25,18,15,-11.05,0.2032,1.143,1.6764,2.032,2.2606,1.3462,2.8702,1,20,0,2
B00082,B00082_R1,346,5,6,1.0668,2.54,366.2,0.2032,1.9812,377.25,18,15,-11.05,0.2032,1.143,0.762,2.54,2.2606,1.3462,1.9558,1,30,0,1
B00082,B00082_R1,347,6,6,1.0668,2.54,366.2,0.2032,1.9812,377.25,18,15,-11.05,0.2032,0.762,2.54,1.9812,2.6416,1.7272,3.556,1,30,0,3
B00083,B00083_R2,348,1,4,2.54,1.9812,301.49,1.0668,2.54,259.41,14,11,42.08,1.6764,2.032,1.9812,0.2032,1.4224,1.1176,3.2512,3,10,1,2
B00083,B00083_R2,349,2,4,2.54,1.9812,301.49,1.0668,2.54,259.41,14,11,42.08,1.6764,0.2032,1.0668,2.54,2.6416,2.9464,2.9464,3,10,1,3
B00083,B00083_R1,350,3,4,2.54,1.9812,301.49,1.0668,2.54,259.41,14,11,42.08,1.9812,0.7112,0.2032,1.6002,2.3368,3.2512,3.175,2,10,0,1
B00083,B00083_R2,351,4,4,2.54,1.9812,301.49,1.0668,2.54,259.41,14,11,42.08,1.6764,2.54,0.2032,1.9812,1.4224,1.1176,2.032,2,10,1,1
B00084,B00084_R2,352,1,5,0.2032,1.6002,304.3,1.0668,2.54,299.49,13,13,4.81,1.0668,2.54,0.2032,1.6002,1.8034,0,1.8034,2,20,1,1
B00084,B00084_R1,353,2,5,0.2032,1.6002,304.3,1.0668,2.54,299.49,13,13,4.81,0.2032,1.143,2.286,2.54,0.9652,2.2606,3.4798,1,10,0,2
B00084,B00084_R2,354,3,5,0.2032,1.6002,304.3,1.0668,2.54,299.49,13,13,4.81,0.4572,0.2032,1.9812,0.2032,1.651,2.9464,2.032,3,10,1,3
B00084,B00084_R2,355,4,5,0.2032,1.6002,304.3,1.0668,2.54,299.49,13,13,4.81,0.4572,0.2032,0.2032,1.6002,1.651,2.9464,1.651,2,10,1,2
B00084,B00084_R1,356,5,5,0.2032,1.6002,304.3,1.0668,2.54,299.49,13,13,4.81,0.2032,0.762,0.762,2.032,1.3462,2.6416,2.3368,1,20,0,1
B00085,B00085_R2,357,1,3,2.286,2.54,325.25,1.9812,0.2032,318.61,14,14,6.64,0.762,0.2032,0.2032,1.6002,3.8608,1.7272,1.9558,2,20,1,1
B00085,B00085_R1,358,2,3,2.286,2.54,325.25,1.9812,0.2032,318.61,14,14,6.64,2.54,1.9812,0.2032,1.6002,0.8128,2.3368,2.7178,2,20,0,1
B00085,B00085_R2,359,3,3,2.286,2.54,325.25,1.9812,0.2032,318.61,14,14,6.64,0.2032,0.762,1.6764,2.54,3.8608,2.3368,3.2512,1,10,1,2
B00086,B00086_R1,360,1,2,0.2032,1.6002,307.32,1.6764,2.54,320.92,13,15,-13.6,0.2032,1.143,0.762,0.7112,0.9652,2.8702,1.4986,1,30,0,1
B00086,B00086_R1,361,2,2,0.2032,1.6002,307.32,1.6764,2.54,320.92,13,15,-13.6,0.762,0.2032,0.2032,1.6002,1.9558,3.2512,1.9558,2,10,0,2
B00087,B00087_R2,362,1,3,0.2032,1.6002,302.8,1.6764,2.54,284.55,14,13,18.25,0.762,2.54,2.286,0.2032,1.4986,1.4224,3.8608,3,20,1,1
B00087,B00087_R2,363,2,3,0.2032,1.6002,302.8,1.6764,2.54,284.55,14,13,18.25,1.9812,0.7112,0.2032,1.6002,3.175,3.2512,3.175,2,20,1,2
B00087,B00087_R1,364,3,3,0.2032,1.6002,302.8,1.6764,2.54,284.55,14,13,18.25,0.2032,1.143,1.0668,2.032,0.9652,2.8702,2.2606,1,10,0,1
B00088,B00088_R2,365,1,6,1.0668,2.032,298.79,0.2032,1.6002,301.89,14,14,-3.1,1.0668,0.7112,2.286,0.2032,2.9464,2.2606,1.7272,3,10,1,2
B00088,B00088_R2,366,2,6,1.0668,2.032,298.79,0.2032,1.6002,301.89,14,14,-3.1,2.54,1.9812,1.0668,0.7112,2.032,2.7178,3.2512,3,30,1,3
B00088,B00088_R1,367,3,6,1.0668,2.032,298.79,0.2032,1.6002,301.89,14,14,-3.1,0.762,2.032,0.762,0.7112,0.8128,1.4986,2.9464,3,10,0,1
B00088,B00088_R1,368,4,6,1.0668,2.032,298.79,0.2032,1.6002,301.89,14,14,-3.1,0.4572,2.54,0.2032,1.6002,1.1176,1.1938,1.1938,2,20,0,3
B00088,B00088_R1,369,5,6,1.0668,2.032,298.79,0.2032,1.6002,301.89,14,14,-3.1,0.762,0.7112,0.2032,1.9812,3.2512,1.9558,2.3368,2,10,0,2
B00088,B00088_R2,370,6,6,1.0668,2.032,298.79,0.2032,1.6002,301.89,14,14,-3.1,0.2032,0.762,0.762,0.7112,2.6416,1.3462,1.1176,1,30,1,1
B00089,B00089_R1,371,1,4,0.2032,1.6002,318.11,1.0668,0.7112,321.73,15,15,-3.62,2.54,1.9812,0.2032,1.6002,2.7178,3.2512,2.7178,2,20,0,2
B00089,B00089_R1,372,2,4,0.2032,1.6002,318.11,1.0668,0.7112,321.73,15,15,-3.62,0.2032,0.762,0.762,2.032,1.3462,1.4224,2.3368,1,30,0,1
B00089,B00089_R2,373,3,4,0.2032,1.6002,318.11,1.0668,0.7112,321.73,15,15,-3.62,2.54,1.143,1.6764,2.54,2.794,2.413,2.2606,3,10,1,2
B00089,B00089_R2,374,4,4,0.2032,1.6002,318.11,1.0668,0.7112,321.73,15,15,-3.62,0.2032,0.762,2.54,0.762,1.3462,1.4224,2.9464,1,30,1,1
B00090,B00090_R1,375,1,4,0.2032,1.6002,336.35,1.6764,2.54,334.65,16,16,1.7,0.2032,0.762,2.286,0.2032,1.3462,3.2512,2.6416,1,20,0,2
B00090,B00090_R2,376,2,4,0.2032,1.6002,336.35,1.6764,2.54,334.65,16,16,1.7,0.762,0.7112,0.2032,1.6002,1.9558,3.2512,1.9558,2,10,1,2
B00090,B00090_R2,377,3,4,0.2032,1.6002,336.35,1.6764,2.54,334.65,16,16,1.7,1.6764,0.7112,0.762,0.2032,2.8702,2.9464,1.4224,3,20,1,1
B00090,B00090_R1,378,4,4,0.2032,1.6002,336.35,1.6764,2.54,334.65,16,16,1.7,0.762,0.7112,1.0668,0.2032,1.9558,3.2512,0.8128,3,30,0,1
B00091,B00091_R2,379,1,5,2.286,0.2032,339.25,0.2032,1.6002,343.98,16,17,-4.73,0.4572,2.54,0.2032,1.9812,4.1656,1.1938,0.8128,2,30,1,1
B00091,B00091_R1,380,2,5,2.286,0.2032,339.25,0.2032,1.6002,343.98,16,17,-4.73,1.0668,0.7112,0.2032,1.6002,1.7272,2.2606,2.2606,2,30,0,1
B00091,B00091_R2,381,3,5,2.286,0.2032,339.25,0.2032,1.6002,343.98,16,17,-4.73,0.762,0.2032,0.2032,1.6002,2.032,1.9558,1.9558,2,30,1,2
B00091,B00091_R2,382,4,5,2.286,0.2032,339.25,0.2032,1.6002,343.98,16,17,-4.73,0.2032,1.143,1.9812,2.54,3.0226,0.9652,3.175,1,10,1,3
B00091,B00091_R1,383,5,5,2.286,0.2032,339.25,0.2032,1.6002,343.98,16,17,-4.73,0.2032,0.762,1.6764,2.54,2.6416,1.3462,3.2512,1,10,0,2
B00092,B00092_R1,384,1,4,1.6764,2.54,344.26,1.9812,2.54,365.3,17,18,-21.04,1.6764,0.7112,0.2032,1.6002,2.9464,3.2512,2.8702,2,10,0,2
B00092,B00092_R2,385,2,4,1.6764,2.54,344.26,1.9812,2.54,365.3,17,18,-21.04,1.9812,2.032,0.762,2.032,0.8128,0.508,1.7272,3,10,1,1
B00092,B00092_R2,386,3,4,1.6764,2.54,344.26,1.9812,2.54,365.3,17,18,-21.04,0.762,0.7112,0.2032,1.9812,3.2512,3.556,2.3368,2,20,1,2
B00092,B00092_R1,387,4,4,1.6764,2.54,344.26,1.9812,2.54,365.3,17,18,-21.04,2.286,2.54,1.0668,0.2032,1.1176,0.8128,3.556,3,10,0,1
B00093,B00093_R1,388,1,1,0.2032,1.6002,355.07,0.2032,1.9812,383.14,18,19,-28.07,0.2032,0.762,1.6764,0.2032,1.3462,1.7272,2.032,1,30,0,1
B00094,B00094_R1,389,1,7,1.6764,0.2032,344.45,0.2032,1.9812,353.99,17,17,-9.54,2.54,1.9812,0.2032,1.9812,2.6416,2.9464,2.9464,2,10,0,4
B00094,B00094_R2,390,2,7,1.6764,0.2032,344.45,0.2032,1.9812,353.99,17,17,-9.54,1.9812,2.54,0.2032,1.6002,3.2512,2.3368,2.7178,2,20,1,2
B00094,B00094_R2,391,3,7,1.6764,0.2032,344.45,0.2032,1.9812,353.99,17,17,-9.54,0.762,2.54,1.9812,2.032,3.2512,1.1176,1.7272,3,30,1,1
B00094,B00094_R1,392,4,7,1.6764,0.2032,344.45,0.2032,1.9812,353.99,17,17,-9.54,1.6764,2.032,0.2032,1.9812,2.9464,2.032,2.032,2,20,0,3
B00094,B00094_R1,393,5,7,1.6764,0.2032,344.45,0.2032,1.9812,353.99,17,17,-9.54,0.762,0.7112,0.2032,1.6002,1.4224,2.3368,1.9558,2,10,0,1
B00094,B00094_R2,394,6,7,1.6764,0.2032,344.45,0.2032,1.9812,353.99,17,17,-9.54,0.4572,0.2032,2.54,1.143,1.7272,2.032,3.0226,3,10,1,3
B00094,B00094_R1,395,7,7,1.6764,0.2032,344.45,0.2032,1.9812,353.99,17,17,-9.54,0.2032,0.762,0.762,2.032,2.032,1.7272,2.3368,1,10,0,2
B00095,B00095_R1,396,1,4,0.2032,1.9812,399.56,2.54,1.143,384.04,20,19,15.52,0.2032,1.143,1.9812,0.2032,1.3462,2.3368,2.7178,1,20,0,2
B00095,B00095_R2,397,2,4,0.2032,1.9812,399.56,2.54,1.143,384.04,20,19,15.52,0.2032,1.143,0.762,2.54,1.3462,2.3368,1.9558,1,20,1,1
B00095,B00095_R1,398,3,4,0.2032,1.9812,399.56,2.54,1.143,384.04,20,19,15.52,0.2032,1.143,0.762,2.54,1.3462,2.3368,1.9558,1,30,0,1
B00095,B00095_R2,399,4,4,0.2032,1.9812,399.56,2.54,1.143,384.04,20,19,15.52,0.2032,0.762,2.54,1.6002,1.7272,2.7178,3.175,1,20,1,2
B00096,B00096_R2,400,1,3,1.9812,0.2032,413.58,2.54,1.6002,399.87,20,19,13.71,0.2032,1.143,1.0668,2.54,2.7178,2.794,2.2606,1,20,1,2
B00096,B00096_R2,401,2,3,1.9812,0.2032,413.58,2.54,1.6002,399.87,20,19,13.71,1.6764,0.7112,0.2032,1.9812,0.8128,2.2606,3.2512,2,20,1,1
B00096,B00096_R1,402,3,3,1.9812,0.2032,413.58,2.54,1.6002,399.87,20,19,13.71,0.2032,0.762,2.54,1.6002,2.3368,3.175,3.175,1,10,0,1
B00097,B00097_R2,403,1,1,2.54,1.6002,418.8,1.0668,2.54,420.01,20,20,-1.21,0.2032,0.762,2.54,1.6002,3.175,2.6416,3.175,1,20,1,1
B00098,B00098_R1,404,1,5,2.54,1.6002,364.61,2.54,1.6002,396.47,17,18,-31.86,1.6764,2.032,0.2032,1.9812,1.8034,1.8034,2.032,2,20,0,1
B00098,B00098_R1,405,2,5,2.54,1.6002,364.61,2.54,1.6002,396.47,17,18,-31.86,0.762,2.032,0.2032,1.6002,2.7178,2.7178,1.4986,2,30,0,2
B00098,B00098_R2,406,3,5,2.54,1.6002,364.61,2.54,1.6002,396.47,17,18,-31.86,0.2032,0.762,2.54,1.143,3.175,3.175,2.7178,1,30,1,1
B00098,B00098_R1,407,4,5,2.54,1.6002,364.61,2.54,1.6002,396.47,17,18,-31.86,0.2032,1.143,0.762,0.7112,2.794,2.794,1.4986,1,30,0,3
B00098,B00098_R1,408,5,5,2.54,1.6002,364.61,2.54,1.6002,396.47,17,18,-31.86,0.4572,0.2032,0.2032,1.9812,3.4798,3.4798,2.032,2,30,0,4
B00099,B00099_R2,409,1,3,0.2032,1.9812,406.79,2.54,1.143,390.25,19,18,16.54,0.2032,1.143,1.6764,0.2032,1.3462,2.3368,2.413,1,10,1,1
B00099,B00099_R2,410,2,3,0.2032,1.9812,406.79,2.54,1.143,390.25,19,18,16.54,1.6764,0.2032,0.2032,1.6002,3.2512,1.8034,2.8702,2,30,1,2
B00099,B00099_R1,411,3,3,0.2032,1.9812,406.79,2.54,1.143,390.25,19,18,16.54,0.2032,1.143,1.6764,0.2032,1.3462,2.3368,2.413,1,30,0,1
B00100,B00100_R2,412,1,6,1.6764,0.2032,390.96,0.2032,1.6002,399.27,19,18,-8.31,0.2032,0.762,1.6764,0.7112,2.032,1.3462,2.032,1,30,1,3
B00100,B00100_R1,413,2,6,1.6764,0.2032,390.96,0.2032,1.6002,399.27,19,18,-8.31,1.6764,0.2032,2.54,1.9812,0,2.8702,2.6416,3,30,0,2
B00100,B00100_R1,414,3,6,1.6764,0.2032,390.96,0.2032,1.6002,399.27,19,18,-8.31,0.762,0.7112,1.6764,0.2032,1.4224,1.9558,1.4224,3,30,0,1
B00100,B00100_R2,415,4,6,1.6764,0.2032,390.96,0.2032,1.6002,399.27,19,18,-8.31,0.2032,0.762,1.0668,0.2032,2.032,1.3462,1.4224,1,10,1,2
B00100,B00100_R1,416,5,6,1.6764,0.2032,390.96,0.2032,1.6002,399.27,19,18,-8.31,1.6764,2.032,0.2032,1.6002,2.9464,2.413,2.413,2,10,0,3
B00100,B00100_R2,417,6,6,1.6764,0.2032,390.96,0.2032,1.6002,399.27,19,18,-8.31,0.2032,0.762,0.762,0.2032,2.032,1.3462,1.1176,1,10,1,1
B00101,B00101_R2,418,1,3,0.2032,1.6002,417.51,1.6764,0.7112,422.41,20,20,-4.9,1.0668,0.7112,0.2032,1.9812,2.2606,1.1176,2.6416,2,10,1,1
B00101,B00101_R1,419,2,3,0.2032,1.6002,417.51,1.6764,0.7112,422.41,20,20,-4.9,1.0668,0.7112,0.2032,1.9812,2.2606,1.1176,2.6416,2,10,0,2
B00101,B00101_R1,420,3,3,0.2032,1.6002,417.51,1.6764,0.7112,422.41,20,20,-4.9,0.2032,0.762,0.4572,0.2032,1.3462,2.032,0.8128,1,30,0,1
B00102,B00102_R1,421,1,3,0.2032,1.9812,430.13,0.2032,1.9812,418.61,21,19,11.52,0.2032,0.762,1.0668,2.54,1.7272,1.7272,2.6416,1,30,0,1
B00102,B00102_R2,422,2,3,0.2032,1.9812,430.13,0.2032,1.9812,418.61,21,19,11.52,0.2032,1.143,1.0668,0.2032,1.3462,1.3462,1.8034,1,10,1,1
B00102,B00102_R2,423,3,3,0.2032,1.9812,430.13,0.2032,1.9812,418.61,21,19,11.52,0.762,0.2032,0.2032,1.9812,2.3368,2.3368,2.3368,2,10,1,2
B00103,B00103_R1,424,1,6,1.0668,2.54,384.04,0.2032,1.9812,395.37,19,18,-11.33,1.6764,0.2032,0.2032,1.9812,2.9464,3.2512,3.2512,2,10,0,3
B00103,B00103_R2,425,2,6,1.0668,2.54,384.04,0.2032,1.9812,395.37,19,18,-11.33,0.2032,1.143,1.0668,0.7112,2.2606,1.3462,1.8034,1,10,1,1
B00103,B00103_R1,426,3,6,1.0668,2.54,384.04,0.2032,1.9812,395.37,19,18,-11.33,0.2032,1.143,0.4572,0.2032,2.2606,1.3462,1.1938,1,20,0,2
B00103,B00103_R2,427,4,6,1.0668,2.54,384.04,0.2032,1.9812,395.37,19,18,-11.33,2.54,0.762,1.6764,2.032,3.2512,3.556,2.6416,3,10,1,3
B00103,B00103_R2,428,5,6,1.0668,2.54,384.04,0.2032,1.9812,395.37,19,18,-11.33,1.6764,0.7112,0.2032,1.6002,2.9464,3.2512,2.8702,2,10,1,2
B00103,B00103_R1,429,6,6,1.0668,2.54,384.04,0.2032,1.9812,395.37,19,18,-11.33,1.6764,2.54,0.2032,1.9812,1.1176,2.032,2.032,2,30,0,1
B00104,B00104_R1,430,1,4,0.2032,1.9812,416.19,1.6764,2.032,437.64,21,20,-21.45,0.4572,0.2032,0.2032,1.9812,2.032,3.556,2.032,2,10,0,2
B00104,B00104_R2,431,2,4,0.2032,1.9812,416.19,1.6764,2.032,437.64,21,20,-21.45,2.54,0.762,1.9812,2.54,3.556,2.6416,2.3368,3,20,1,1
B00104,B00104_R1,432,3,4,0.2032,1.9812,416.19,1.6764,2.032,437.64,21,20,-21.45,0.2032,1.143,1.6764,0.2032,1.3462,2.8702,2.413,1,10,0,1
B00104,B00104_R1,433,4,4,0.2032,1.9812,416.19,1.6764,2.032,437.64,21,20,-21.45,0.2032,1.143,2.54,1.143,1.3462,2.8702,2.3368,1,10,0,3
B00105,B00105_R1,434,1,6,2.54,1.143,447.15,1.9812,2.54,441.06,22,20,6.09,1.6764,2.54,0.2032,1.9812,2.2606,0.8128,2.032,2,30,0,2
B00105,B00105_R2,435,2,6,2.54,1.143,447.15,1.9812,2.54,441.06,22,20,6.09,0.2032,0.762,2.286,0.2032,2.7178,3.556,2.6416,1,30,1,2
B00105,B00105_R1,436,3,6,2.54,1.143,447.15,1.9812,2.54,441.06,22,20,6.09,2.286,2.54,1.6764,2.032,1.651,0.8128,1.1176,3,10,0,1
B00105,B00105_R1,437,4,6,2.54,1.143,447.15,1.9812,2.54,441.06,22,20,6.09,0.2032,1.143,1.9812,2.54,2.3368,3.175,3.175,1,30,0,3
B00105,B00105_R2,438,5,6,2.54,1.143,447.15,1.9812,2.54,441.06,22,20,6.09,1.9812,2.032,0.2032,1.9812,1.9558,0.508,2.3368,2,10,1,1
B00105,B00105_R2,439,6,6,2.54,1.143,447.15,1.9812,2.54,441.06,22,20,6.09,2.286,0.2032,0.2032,1.6002,1.1938,2.6416,3.4798,2,20,1,3
B00106,B00106_R1,440,1,5,1.9812,2.54,469.69,0.2032,1.6002,463.1,24,21,6.59,1.0668,2.54,0.2032,1.9812,1.4224,1.8034,1.4224,2,30,0,1
B00106,B00106_R2,441,2,5,1.9812,2.54,469.69,0.2032,1.6002,463.1,24,21,6.59,0.762,0.2032,1.6764,0.7112,3.556,1.9558,1.4224,3,30,1,2
B00106,B00106_R1,442,3,5,1.9812,2.54,469.69,0.2032,1.6002,463.1,24,21,6.59,1.0668,2.54,0.2032,1.9812,1.4224,1.8034,1.4224,2,30,0,2
B00106,B00106_R2,443,4,5,1.9812,2.54,469.69,0.2032,1.6002,463.1,24,21,6.59,0.2032,0.762,0.762,0.2032,3.556,1.3462,1.1176,1,20,1,1
B00106,B00106_R2,444,5,5,1.9812,2.54,469.69,0.2032,1.6002,463.1,24,21,6.59,1.0668,0.2032,0.2032,1.9812,3.2512,2.2606,2.6416,2,30,1,3
B00107,B00107_R1,445,1,4,0.2032,1.9812,476.9,0.2032,1.9812,476.11,25,23,0.79,1.9812,0.7112,0.2032,1.6002,3.556,3.556,3.175,2,30,0,2
B00107,B00107_R1,446,2,4,0.2032,1.9812,476.9,0.2032,1.9812,476.11,25,23,0.79,1.9812,0.7112,0.762,0.7112,3.556,3.556,1.7272,3,30,0,1
B00107,B00107_R2,447,3,4,0.2032,1.9812,476.9,0.2032,1.9812,476.11,25,23,0.79,2.54,1.9812,0.2032,1.9812,2.9464,2.9464,2.9464,2,20,1,1
B00107,B00107_R2,448,4,4,0.2032,1.9812,476.9,0.2032,1.9812,476.11,25,23,0.79,1.6764,0.2032,0.2032,1.9812,3.2512,3.2512,3.2512,2,30,1,2
B00108,B00108_R2,449,1,5,0.2032,1.6002,498.25,0.2032,1.9812,493.75,25,23,4.5,1.6764,2.54,1.9812,2.54,2.413,2.032,0.8128,3,10,1,1
B00108,B00108_R2,450,2,5,0.2032,1.6002,498.25,0.2032,1.9812,493.75,25,23,4.5,0.2032,0.762,1.0668,0.2032,1.3462,1.7272,1.4224,1,30,1,3
B00108,B00108_R2,451,3,5,0.2032,1.6002,498.25,0.2032,1.9812,493.75,25,23,4.5,1.9812,2.032,0.2032,1.6002,2.7178,2.3368,2.7178,2,30,1,2
B00108,B00108_R1,452,4,5,0.2032,1.6002,498.25,0.2032,1.9812,493.75,25,23,4.5,2.54,1.6002,0.2032,1.6002,2.3368,2.7178,2.3368,2,20,0,2
B00108,B00108_R1,453,5,5,0.2032,1.6002,498.25,0.2032,1.9812,493.75,25,23,4.5,0.2032,1.143,2.54,1.9812,0.9652,1.3462,3.175,1,30,0,1
B00109,B00109_R1,454,1,2,0.2032,1.6002,501.44,1.0668,0.2032,512.97,26,25,-11.53,1.6764,2.032,0.2032,1.9812,2.413,2.9464,2.032,2,20,0,1
B00109,B00109_R2,455,2,2,0.2032,1.6002,501.44,1.0668,0.2032,512.97,26,25,-11.53,1.6764,0.2032,2.286,2.54,2.8702,1.1176,2.9464,3,30,1,1
B00110,B00110_R1,456,1,3,0.2032,1.9812,497.64,2.286,2.54,490.22,25,24,7.42,0.2032,0.762,0.762,2.032,1.7272,3.8608,2.3368,1,20,0,2
B00110,B00110_R1,457,2,3,0.2032,1.9812,497.64,2.286,2.54,490.22,25,24,7.42,0.2032,0.762,0.762,0.2032,1.7272,3.8608,1.1176,1,10,0,1
B00110,B00110_R2,458,3,3,0.2032,1.9812,497.64,2.286,2.54,490.22,25,24,7.42,0.2032,1.143,2.54,1.6002,1.3462,3.4798,2.794,1,10,1,1
B00111,B00111_R2,459,1,7,0.762,2.032,512.57,2.54,1.6002,493.24,26,24,19.33,0.2032,1.143,1.9812,2.54,1.9558,2.794,3.175,1,10,1,2
B00111,B00111_R1,460,2,7,0.762,2.032,512.57,2.54,1.6002,493.24,26,24,19.33,0.2032,1.143,0.762,0.2032,1.9558,2.794,1.4986,1,10,0,1
B00111,B00111_R2,461,3,7,0.762,2.032,512.57,2.54,1.6002,493.24,26,24,19.33,1.9812,2.54,0.762,2.032,1.7272,1.4986,1.7272,3,10,1,1
B00111,B00111_R1,462,4,7,0.762,2.032,512.57,2.54,1.6002,493.24,26,24,19.33,0.2032,1.143,1.6764,0.2032,1.9558,2.794,2.413,1,10,0,3
B00111,B00111_R1,463,5,7,0.762,2.032,512.57,2.54,1.6002,493.24,26,24,19.33,0.762,0.7112,1.0668,2.032,2.9464,3.175,3.2512,3,30,0,2
B00111,B00111_R2,464,6,7,0.762,2.032,512.57,2.54,1.6002,493.24,26,24,19.33,0.2032,0.762,1.9812,2.032,2.3368,3.175,3.556,1,10,1,4
B00111,B00111_R2,465,7,7,0.762,2.032,512.57,2.54,1.6002,493.24,26,24,19.33,1.9812,2.54,0.4572,0.2032,1.7272,1.4986,3.8608,3,30,1,3
B00112,B00112_R1,466,1,3,1.6764,0.2032,545.64,1.9812,2.032,555.65,27,27,-10.01,1.0668,0.2032,0.2032,1.9812,1.1176,3.2512,2.6416,2,30,0,1
B00112,B00112_R2,467,2,3,1.6764,0.2032,545.64,1.9812,2.032,555.65,27,27,-10.01,1.0668,0.2032,0.2032,1.9812,1.1176,3.2512,2.6416,2,10,1,1
B00112,B00112_R1,468,3,3,1.6764,0.2032,545.64,1.9812,2.032,555.65,27,27,-10.01,0.2032,0.762,1.6764,0.2032,2.032,3.556,2.032,1,20,0,2
B00113,B00113_R2,469,1,3,1.6764,0.2032,567.09,0.2032,1.9812,563.67,28,26,3.42,0.2032,0.762,0.762,2.54,2.032,1.7272,2.3368,1,20,1,1
B00113,B00113_R1,470,2,3,1.6764,0.2032,567.09,0.2032,1.9812,563.67,28,26,3.42,1.9812,0.2032,0.2032,1.9812,0.8128,3.556,3.556,2,10,0,1
B00113,B00113_R2,471,3,3,1.6764,0.2032,567.09,0.2032,1.9812,563.67,28,26,3.42,1.9812,2.54,0.2032,1.6002,3.2512,2.3368,2.7178,2,10,1,2
B00114,B00114_R1,472,1,7,0.2032,1.9812,555.77,0.2032,1.6002,584.42,27,27,-28.65,0.2032,1.143,0.4572,0.2032,1.3462,0.9652,1.1938,1,10,0,2
B00114,B00114_R2,473,2,7,0.2032,1.9812,555.77,0.2032,1.6002,584.42,27,27,-28.65,0.2032,1.143,2.54,0.762,1.3462,0.9652,2.7178,1,30,1,1
B00114,B00114_R1,474,3,7,0.2032,1.9812,555.77,0.2032,1.6002,584.42,27,27,-28.65,1.0668,2.032,0.2032,1.6002,1.4224,1.8034,1.8034,2,10,0,1
B00114,B00114_R2,475,4,7,0.2032,1.9812,555.77,0.2032,1.6002,584.42,27,27,-28.65,2.54,1.6002,1.6764,2.032,2.7178,2.3368,1.8034,3,10,1,2
B00114,B00114_R2,476,5,7,0.2032,1.9812,555.77,0.2032,1.6002,584.42,27,27,-28.65,1.9812,2.54,0.2032,1.6002,2.3368,2.7178,2.7178,2,20,1,3
B00114,B00114_R1,477,6,7,0.2032,1.9812,555.77,0.2032,1.6002,584.42,27,27,-28.65,0.2032,1.143,2.286,0.2032,1.3462,0.9652,3.0226,1,30,0,4
B00114,B00114_R1,478,7,7,0.2032,1.9812,555.77,0.2032,1.6002,584.42,27,27,-28.65,0.2032,1.143,1.6764,0.7112,1.3462,0.9652,2.413,1,30,0,3
B00115,B00115_R2,479,1,1,2.286,0.2032,614.79,0.2032,1.6002,611.47,30,28,3.32,0.2032,0.762,1.9812,2.54,2.6416,1.3462,3.556,1,30,1,1
B00116,B00116_R1,480,1,4,2.286,0.2032,581.11,1.9812,2.54,610.08,29,28,-28.97,0.2032,0.762,2.286,0.2032,2.6416,3.556,2.6416,1,10,0,3
B00116,B00116_R1,481,2,4,2.286,0.2032,581.11,1.9812,2.54,610.08,29,28,-28.97,0.2032,0.762,0.762,0.7112,2.6416,3.556,1.1176,1,30,0,1
B00116,B00116_R1,482,3,4,2.286,0.2032,581.11,1.9812,2.54,610.08,29,28,-28.97,0.4572,2.54,0.2032,1.6002,4.1656,2.032,1.1938,2,10,0,2
B00116,B00116_R2,483,4,4,2.286,0.2032,581.11,1.9812,2.54,610.08,29,28,-28.97,1.6764,2.54,0.762,0.2032,2.9464,0.8128,3.2512,3,30,1,1
B00117,B00117_R2,484,1,2,2.286,0.2032,623.4,0.762,0.2032,600.26,30,27,23.14,0.2032,1.143,0.762,0.7112,3.0226,1.4986,1.4986,1,10,1,2
B00117,B00117_R2,485,2,2,2.286,0.2032,623.4,0.762,0.2032,600.26,30,27,23.14,0.2032,0.762,1.0668,0.2032,2.6416,1.1176,1.4224,1,30,1,1
B00118,B00118_R1,486,1,3,2.286,0.2032,597.55,0.762,0.7112,592.93,29,28,4.62,0.2032,1.143,1.0668,0.7112,3.0226,1.4986,1.8034,1,10,0,1
B00118,B00118_R2,487,2,3,2.286,0.2032,597.55,0.762,0.7112,592.93,29,28,4.62,0.762,0.7112,0.762,0.2032,2.032,0,0.508,3,20,1,1
B00118,B00118_R2,488,3,3,2.286,0.2032,597.55,0.762,0.7112,592.93,29,28,4.62,0.2032,1.143,0.762,2.032,3.0226,1.4986,1.9558,1,30,1,2
B00119,B00119_R2,489,1,2,1.0668,0.7112,585.93,0.762,2.032,591.13,28,28,-5.2,2.54,1.6002,0.762,0.7112,2.8702,2.7178,3.175,3,10,1,1
B00119,B00119_R1,490,2,2,1.0668,0.7112,585.93,0.762,2.032,591.13,28,28,-5.2,0.762,0.2032,0.2032,1.6002,0.8128,2.9464,1.9558,2,30,0,1
B00120,B00120_R2,491,1,3,0.2032,1.6002,573.7,0.762,0.7112,597.14,28,28,-23.44,1.6764,0.7112,0.2032,1.6002,2.8702,1.4224,2.8702,2,10,1,1
B00120,B00120_R1,492,2,3,0.2032,1.6002,573.7,0.762,0.7112,597.14,28,28,-23.44,2.54,1.6002,0.2032,1.6002,2.3368,3.175,2.3368,2,20,0,2
B00120,B00120_R1,493,3,3,0.2032,1.6002,573.7,0.762,0.7112,597.14,28,28,-23.44,0.2032,0.762,0.762,2.54,1.3462,1.1176,2.3368,1,10,0,1
B00121,B00121_R2,494,1,6,0.2032,1.6002,591.04,0.2032,1.6002,592.02,28,28,-0.98,0.2032,1.143,1.9812,2.54,0.9652,0.9652,3.175,1,30,1,3
B00121,B00121_R1,495,2,6,0.2032,1.6002,591.04,0.2032,1.6002,592.02,28,28,-0.98,2.54,1.143,0.2032,1.9812,2.794,2.794,3.175,2,30,0,3
B00121,B00121_R2,496,3,6,0.2032,1.6002,591.04,0.2032,1.6002,592.02,28,28,-0.98,1.0668,2.032,0.762,2.54,1.8034,1.8034,0.8128,3,10,1,2
B00121,B00121_R1,497,4,6,0.2032,1.6002,591.04,0.2032,1.6002,592.02,28,28,-0.98,0.4572,0.2032,0.762,0.2032,1.651,1.651,0.8128,3,30,0,1
B00121,B00121_R1,498,5,6,0.2032,1.6002,591.04,0.2032,1.6002,592.02,28,28,-0.98,0.2032,1.143,1.6764,0.7112,0.9652,0.9652,2.413,1,20,0,2
B00121,B00121_R2,499,6,6,0.2032,1.6002,591.04,0.2032,1.6002,592.02,28,28,-0.98,0.2032,1.143,0.762,2.54,0.9652,0.9652,1.9558,1,30,1,1
B00122,B00122_R1,500,1,3,0.2032,1.9812,629.51,1.9812,2.54,626.99,30,29,2.52,0.2032,1.143,1.6764,2.032,1.3462,3.175,2.8702,1,30,0,1
B00122,B00122_R2,501,2,3,0.2032,1.9812,629.51,1.9812,2.54,626.99,30,29,2.52,1.9812,0.2032,2.286,0.2032,3.556,2.9464,0.8128,3,20,1,1
B00122,B00122_R2,502,3,3,0.2032,1.9812,629.51,1.9812,2.54,626.99,30,29,2.52,2.286,0.2032,2.54,1.6002,3.8608,2.6416,1.651,3,10,1,2
B00123,B00123_R2,503,1,7,1.6764,2.032,619.39,2.54,1.6002,627.09,29,30,-7.7,0.2032,1.143,1.0668,0.2032,2.8702,2.794,1.8034,1,20,1,2
B00123,B00123_R2,504,2,7,1.6764,2.032,619.39,2.54,1.6002,627.09,29,30,-7.7,2.54,1.143,0.2032,1.9812,2.2606,0.9652,3.175,2,30,1,1
B00123,B00123_R1,505,3,7,1.6764,2.032,619.39,2.54,1.6002,627.09,29,30,-7.7,1.6764,2.54,0.2032,1.6002,0.508,1.8034,2.413,2,20,0,1
B00123,B00123_R1,506,4,7,1.6764,2.032,619.39,2.54,1.6002,627.09,29,30,-7.7,0.2032,0.762,1.9812,2.032,3.2512,3.175,3.556,1,30,0,4
B00123,B00123_R1,507,5,7,1.6764,2.032,619.39,2.54,1.6002,627.09,29,30,-7.7,0.2032,0.762,0.4572,0.2032,3.2512,3.175,0.8128,1,20,0,2
B00123,B00123_R1,508,6,7,1.6764,2.032,619.39,2.54,1.6002,627.09,29,30,-7.7,0.2032,0.762,1.0668,0.7112,3.2512,3.175,1.4224,1,10,0,3
B00123,B00123_R2,509,7,7,1.6764,2.032,619.39,2.54,1.6002,627.09,29,30,-7.7,0.2032,1.143,2.286,0.2032,2.8702,2.794,3.0226,1,20,1,3
B00124,B00124_R2,510,1,2,1.9812,2.032,597.63,2.286,0.2032,593.72,29,28,3.91,1.6764,0.7112,0.2032,1.9812,3.2512,1.1176,3.2512,2,10,1,1
B00124,B00124_R1,511,2,2,1.9812,2.032,597.63,2.286,0.2032,593.72,29,28,3.91,0.2032,1.143,1.0668,0.2032,3.175,3.0226,1.8034,1,10,0,1
B00125,B00125_R2,512,1,2,1.0668,0.2032,593.52,0.2032,1.9812,578.19,29,28,15.33,0.2032,0.762,2.54,1.9812,1.4224,1.7272,3.556,1,20,1,1
B00125,B00125_R1,513,2,2,1.0668,0.2032,593.52,0.2032,1.9812,578.19,29,28,15.33,0.4572,0.2032,0.2032,1.6002,1.1176,2.032,1.651,2,20,0,1
B00126,B00126_R1,514,1,3,0.2032,1.6002,583.2,2.54,1.9812,578.7,28,28,4.5,0.2032,0.762,2.54,1.143,1.3462,3.556,2.7178,1,30,0,1
B00126,B00126_R2,515,2,3,0.2032,1.6002,583.2,2.54,1.9812,578.7,28,28,4.5,2.54,1.9812,1.9812,0.7112,2.7178,0,2.3368,3,30,1,1
B00126,B00126_R2,516,3,3,0.2032,1.6002,583.2,2.54,1.9812,578.7,28,28,4.5,1.9812,2.032,0.2032,1.9812,2.7178,1.1176,2.3368,2,30,1,2
B00127,B00127_R2,517,1,4,2.54,1.143,513.26,0.2032,1.9812,514.37,25,25,-1.11,2.54,1.6002,1.9812,0.7112,0.9652,2.7178,1.9558,3,20,1,2
B00127,B00127_R2,518,2,4,2.54,1.143,513.26,0.2032,1.9812,514.37,25,25,-1.11,0.2032,1.143,0.762,2.032,2.3368,1.3462,1.9558,1,20,1,1
B00127,B00127_R1,519,3,4,2.54,1.143,513.26,0.2032,1.9812,514.37,25,25,-1.11,0.2032,0.762,1.0668,0.7112,2.7178,1.7272,1.4224,1,10,0,2
B00127,B00127_R1,520,4,4,2.54,1.143,513.26,0.2032,1.9812,514.37,25,25,-1.11,2.54,1.143,1.0668,0.2032,0,3.175,2.413,3,30,0,1
B00128,B00128_R2,521,1,4,1.0668,0.7112,455.25,1.9812,0.7112,467.08,22,23,-11.83,1.6764,0.2032,0.2032,1.6002,1.1176,0.8128,2.8702,2,30,1,1
B00128,B00128_R1,522,2,4,1.0668,0.7112,455.25,1.9812,0.7112,467.08,22,23,-11.83,0.2032,0.762,0.4572,0.2032,1.4224,2.3368,0.8128,1,10,0,1
B00128,B00128_R2,523,3,4,1.0668,0.7112,455.25,1.9812,0.7112,467.08,22,23,-11.83,0.4572,2.54,2.54,1.6002,2.9464,3.8608,3.0226,3,30,1,2
B00128,B00128_R1,524,4,4,1.0668,0.7112,455.25,1.9812,0.7112,467.08,22,23,-11.83,0.2032,0.762,2.54,1.6002,1.4224,2.3368,3.175,1,20,0,2
B00129,B00129_R1,525,1,3,2.54,1.6002,462.04,2.54,1.6002,474.18,23,24,-12.14,1.0668,2.54,0.2032,1.6002,2.413,2.413,1.8034,2,30,0,1
B00129,B00129_R1,526,2,3,2.54,1.6002,462.04,2.54,1.6002,474.18,23,24,-12.14,0.2032,1.143,0.762,0.7112,2.794,2.794,1.4986,1,30,0,2
B00129,B00129_R2,527,3,3,2.54,1.6002,462.04,2.54,1.6002,474.18,23,24,-12.14,0.2032,1.143,1.0668,2.032,2.794,2.794,2.2606,1,10,1,1
B00130,B00130_R1,528,1,1,0.762,0.7112,469.05,1.0668,2.032,475.09,24,23,-6.04,0.2032,0.762,0.762,0.2032,1.1176,2.6416,1.1176,1,10,0,1
B00131,B00131_R2,529,1,3,0.762,0.2032,455.32,1.0668,2.032,448.95,23,22,6.37,1.9812,0.2032,1.6764,2.54,1.7272,3.2512,3.2512,3,30,1,1
B00131,B00131_R1,530,2,3,0.762,0.2032,455.32,1.0668,2.032,448.95,23,22,6.37,0.2032,0.762,0.4572,2.54,1.1176,2.6416,2.032,1,10,0,2
B00131,B00131_R1,531,3,3,0.762,0.2032,455.32,1.0668,2.032,448.95,23,22,6.37,1.0668,0.2032,0.2032,1.9812,0.8128,2.9464,2.6416,2,10,0,1
B00132,B00132_R2,532,1,5,0.4572,2.54,459.13,1.6764,2.54,463.69,24,21,-4.56,0.4572,0.2032,0.2032,1.9812,2.3368,3.556,2.032,2,30,1,2
B00132,B00132_R2,533,2,5,0.4572,2.54,459.13,1.6764,2.54,463.69,24,21,-4.56,2.54,1.6002,0.2032,1.6002,3.0226,1.8034,2.3368,2,10,1,1
B00132,B00132_R1,534,3,5,0.4572,2.54,459.13,1.6764,2.54,463.69,24,21,-4.56,1.0668,0.7112,0.2032,1.6002,2.9464,2.9464,2.2606,2,10,0,3
B00132,B00132_R1,535,4,5,0.4572,2.54,459.13,1.6764,2.54,463.69,24,21,-4.56,1.0668,2.032,0.2032,1.9812,1.1176,1.1176,1.4224,2,20,0,1
B00132,B00132_R1,536,5,5,0.4572,2.54,459.13,1.6764,2.54,463.69,24,21,-4.56,0.2032,1.143,1.9812,0.2032,1.651,2.8702,2.7178,1,30,0,2
B00133,B00133_R1,537,1,2,0.2032,1.6002,490.69,0.2032,1.9812,473.2,25,22,17.49,0.2032,1.143,1.0668,2.54,0.9652,1.3462,2.2606,1,20,0,1
B00133,B00133_R2,538,2,2,0.2032,1.6002,490.69,0.2032,1.9812,473.2,25,22,17.49,0.2032,0.762,1.6764,0.2032,1.3462,1.7272,2.032,1,30,1,1
B00134,B00134_R1,539,1,7,1.0668,2.54,475.15,1.6764,0.2032,455.57,25,21,19.58,1.9812,2.54,0.2032,1.9812,1.4224,3.2512,2.3368,2,30,0,1
B00134,B00134_R1,540,2,7,1.0668,2.54,475.15,1.6764,0.2032,455.57,25,21,19.58,0.2032,1.143,2.286,2.54,2.2606,2.413,3.4798,1,30,0,3
B00134,B00134_R2,541,3,7,1.0668,2.54,475.15,1.6764,0.2032,455.57,25,21,19.58,0.762,0.7112,0.2032,1.6002,3.2512,1.4224,1.9558,2,20,1,3
B00134,B00134_R1,542,4,7,1.0668,2.54,475.15,1.6764,0.2032,455.57,25,21,19.58,0.2032,1.143,1.6764,2.032,2.2606,2.413,2.8702,1,10,0,2
B00134,B00134_R2,543,5,7,1.0668,2.54,475.15,1.6764,0.2032,455.57,25,21,19.58,0.2032,1.143,0.4572,0.2032,2.2606,2.413,1.1938,1,30,1,2
B00134,B00134_R2,544,6,7,1.0668,2.54,475.15,1.6764,0.2032,455.57,25,21,19.58,0.2032,1.143,2.286,2.54,2.2606,2.413,3.4798,1,20,1,4
B00134,B00134_R2,545,7,7,1.0668,2.54,475.15,1.6764,0.2032,455.57,25,21,19.58,1.6764,0.7112,0.2032,1.9812,2.9464,0.508,3.2512,2,30,1,1
B00135,B00135_R2,546,1,7,2.286,2.54,521.75,2.286,2.54,509.18,26,24,12.57,0.2032,0.762,1.0668,2.032,3.8608,3.8608,2.6416,1,30,1,4
B00135,B00135_R2,547,2,7,2.286,2.54,521.75,2.286,2.54,509.18,26,24,12.57,0.4572,2.54,0.2032,1.9812,2.3368,2.3368,0.8128,2,20,1,2
B00135,B00135_R1,548,3,7,2.286,2.54,521.75,2.286,2.54,509.18,26,24,12.57,2.54,1.6002,0.2032,1.9812,1.1938,1.1938,2.7178,2,10,0,1
B00135,B00135_R1,549,4,7,2.286,2.54,521.75,2.286,2.54,509.18,26,24,12.57,1.0668,0.7112,0.2032,1.6002,3.556,3.556,2.2606,2,10,0,3
B00135,B00135_R2,550,5,7,2.286,2.54,521.75,2.286,2.54,509.18,26,24,12.57,0.762,0.2032,0.2032,1.9812,3.8608,3.8608,2.3368,2,10,1,3
B00135,B00135_R2,551,6,7,2.286,2.54,521.75,2.286,2.54,509.18,26,24,12.57,2.286,2.54,0.2032,1.9812,0,0,2.6416,2,20,1,1
B00135,B00135_R1,552,7,7,2.286,2.54,521.75,2.286,2.54,509.18,26,24,12.57,0.2032,0.762,1.9812,0.2032,3.8608,3.8608,2.3368,1,30,0,2
B00136,B00136_R2,553,1,3,0.2032,1.6002,554.21,1.0668,2.032,553.27,28,26,0.94,1.6764,2.032,0.2032,1.6002,2.413,1.1176,2.413,2,20,1,1
B00136,B00136_R1,554,2,3,0.2032,1.6002,554.21,1.0668,2.032,553.27,28,26,0.94,0.2032,1.143,0.762,0.2032,0.9652,2.2606,1.4986,1,10,0,1
B00136,B00136_R1,555,3,3,0.2032,1.6002,554.21,1.0668,2.032,553.27,28,26,0.94,0.2032,1.143,2.54,0.762,0.9652,2.2606,2.7178,1,20,0,2
B00137,B00137_R2,556,1,4,2.54,0.762,531.57,0.2032,1.6002,517.51,27,24,14.06,0.4572,2.54,0.2032,1.9812,3.8608,1.1938,0.8128,2,10,1,1
B00137,B00137_R2,557,2,4,2.54,0.762,531.57,0.2032,1.6002,517.51,27,24,14.06,0.2032,1.143,0.762,0.7112,2.7178,0.9652,1.4986,1,20,1,2
B00137,B00137_R2,558,3,4,2.54,0.762,531.57,0.2032,1.6002,517.51,27,24,14.06,0.2032,0.762,1.9812,2.54,2.9464,1.3462,3.556,1,30,1,3
B00137,B00137_R1,559,4,4,2.54,0.762,531.57,0.2032,1.6002,517.51,27,24,14.06,2.286,2.54,1.6764,2.032,2.032,3.0226,1.1176,3,10,0,1
B00138,B00138_R1,560,1,1,1.6764,2.032,528.97,1.9812,2.54,544.56,27,26,-15.59,2.54,1.143,0.2032,1.9812,2.2606,1.9558,3.175,2,20,0,1
B00139,B00139_R2,561,1,6,0.2032,1.9812,527.78,1.9812,2.54,506.38,26,24,21.4,0.2032,1.143,0.762,0.7112,1.3462,3.175,1.4986,1,10,1,2
B00139,B00139_R2,562,2,6,0.2032,1.9812,527.78,1.9812,2.54,506.38,26,24,21.4,0.762,0.2032,0.2032,1.6002,2.3368,3.556,1.9558,2,20,1,4
B00139,B00139_R1,563,3,6,0.2032,1.9812,527.78,1.9812,2.54,506.38,26,24,21.4,0.762,0.7112,2.286,2.54,2.3368,3.556,3.8608,3,10,0,2
B00139,B00139_R2,564,4,6,0.2032,1.9812,527.78,1.9812,2.54,506.38,26,24,21.4,1.9812,2.54,0.2032,1.6002,2.3368,0,2.7178,2,30,1,1
B00139,B00139_R2,565,5,6,0.2032,1.9812,527.78,1.9812,2.54,506.38,26,24,21.4,0.762,0.2032,1.0668,0.7112,2.3368,3.556,0.8128,3,10,1,3
B00139,B00139_R1,566,6,6,0.2032,1.9812,527.78,1.9812,2.54,506.38,26,24,21.4,0.762,2.032,0.4572,0.2032,1.1176,1.7272,2.6416,3,30,0,1
B00140,B00140_R2,567,1,2,2.286,2.54,540.01,0.2032,1.6002,537.12,27,27,2.89,0.2032,0.762,0.4572,0.2032,3.8608,1.3462,0.8128,1,30,1,1
B00140,B00140_R1,568,2,2,2.286,2.54,540.01,0.2032,1.6002,537.12,27,27,2.89,1.6764,2.032,0.2032,1.6002,1.1176,2.413,2.413,2,10,0,1
B00141,B00141_R2,569,1,3,0.2032,1.6002,528.39,0.4572,0.2032,524.78,26,27,3.61,0.2032,1.143,1.6764,0.2032,0.9652,1.1938,2.413,1,30,1,1
B00141,B00141_R1,570,2,3,0.2032,1.6002,528.39,0.4572,0.2032,524.78,26,27,3.61,0.762,2.032,0.2032,1.6002,1.4986,2.6416,1.4986,2,10,0,1
B00141,B00141_R2,571,3,3,0.2032,1.6002,528.39,0.4572,0.2032,524.78,26,27,3.61,2.54,1.6002,0.2032,1.9812,2.3368,3.4798,2.7178,2,20,1,2
B00142,B00142_R1,572,1,4,0.2032,1.6002,522.07,0.2032,1.9812,539.42,26,27,-17.35,2.54,1.143,0.2032,1.6002,2.794,3.175,2.794,2,30,0,1
B00142,B00142_R1,573,2,4,0.2032,1.6002,522.07,0.2032,1.9812,539.42,26,27,-17.35,1.6764,0.2032,0.4572,2.54,2.8702,3.2512,3.556,3,30,0,2
B00142,B00142_R2,574,3,4,0.2032,1.6002,522.07,0.2032,1.9812,539.42,26,27,-17.35,2.286,0.2032,0.2032,1.9812,3.4798,3.8608,3.8608,2,20,1,2
B00142,B00142_R2,575,4,4,0.2032,1.6002,522.07,0.2032,1.9812,539.42,26,27,-17.35,0.2032,1.143,1.9812,2.032,0.9652,1.3462,3.175,1,30,1,1
B00143,B00143_R1,576,1,3,0.4572,2.54,558.07,0.2032,1.9812,564.28,26,28,-6.21,1.6764,2.54,1.9812,2.54,1.7272,2.032,0.8128,3,30,0,1
B00143,B00143_R1,577,2,3,0.4572,2.54,558.07,0.2032,1.9812,564.28,26,28,-6.21,1.9812,2.032,0.2032,1.9812,2.032,2.3368,2.3368,2,10,0,2
B00143,B00143_R2,578,3,3,0.4572,2.54,558.07,0.2032,1.9812,564.28,26,28,-6.21,1.6764,0.7112,2.286,0.2032,3.556,3.2512,1.1176,3,10,1,1
B00144,B00144_R1,579,1,3,0.2032,1.9812,557.07,2.286,0.2032,550.56,27,27,6.51,0.2032,1.143,2.54,0.762,1.3462,3.0226,2.7178,1,20,0,2
B00144,B00144_R1,580,2,3,0.2032,1.9812,557.07,2.286,0.2032,550.56,27,27,6.51,0.762,2.032,0.2032,1.9812,1.1176,3.8608,1.1176,2,30,0,1
B00144,B00144_R2,581,3,3,0.2032,1.9812,557.07,2.286,0.2032,550.56,27,27,6.51,2.54,1.9812,0.2032,1.9812,2.9464,2.032,2.9464,2,30,1,1
B00145,B00145_R1,582,1,5,2.54,0.762,568.08,0.2032,1.9812,534.42,27,27,33.66,2.54,1.6002,0.2032,1.6002,1.3462,2.7178,2.3368,2,20,0,1
B00145,B00145_R2,583,2,5,2.54,0.762,568.08,0.2032,1.9812,534.42,27,27,33.66,2.286,2.54,0.2032,1.9812,2.032,2.6416,2.6416,2,30,1,4
B00145,B00145_R2,584,3,5,2.54,0.762,568.08,0.2032,1.9812,534.42,27,27,33.66,0.762,2.032,0.2032,1.9812,3.556,1.1176,1.1176,2,30,1,1
B00145,B00145_R2,585,4,5,2.54,0.762,568.08,0.2032,1.9812,534.42,27,27,33.66,0.2032,0.762,1.6764,2.032,2.9464,1.7272,3.2512,1,10,1,3
B00145,B00145_R2,586,5,5,2.54,0.762,568.08,0.2032,1.9812,534.42,27,27,33.66,0.762,2.032,0.2032,1.6002,3.556,1.1176,1.4986,2,30,1,2
B00146,B00146_R1,587,1,7,0.2032,1.6002,567.59,0.2032,1.9812,572.39,27,29,-4.8,2.54,0.762,0.2032,1.6002,3.175,3.556,3.175,2,20,0,3
B00146,B00146_R1,588,2,7,0.2032,1.6002,567.59,0.2032,1.9812,572.39,27,29,-4.8,0.2032,1.143,1.0668,0.7112,0.9652,1.3462,1.8034,1,30,0,1
B00146,B00146_R2,589,3,7,0.2032,1.6002,567.59,0.2032,1.9812,572.39,27,29,-4.8,2.286,0.2032,0.2032,1.6002,3.4798,3.8608,3.4798,2,10,1,3
B00146,B00146_R1,590,4,7,0.2032,1.6002,567.59,0.2032,1.9812,572.39,27,29,-4.8,1.6764,0.2032,2.286,2.54,2.8702,3.2512,2.9464,3,30,0,2
B00146,B00146_R2,591,5,7,0.2032,1.6002,567.59,0.2032,1.9812,572.39,27,29,-4.8,0.2032,1.143,2.286,2.54,0.9652,1.3462,3.4798,1,10,1,1
B00146,B00146_R1,592,6,7,0.2032,1.6002,567.59,0.2032,1.9812,572.39,27,29,-4.8,0.2032,1.143,1.9812,2.032,0.9652,1.3462,3.175,1,30,0,4
B00146,B00146_R2,593,7,7,0.2032,1.6002,567.59,0.2032,1.9812,572.39,27,29,-4.8,2.54,0.762,0.2032,1.6002,3.175,3.556,3.175,2,10,1,2
B00147,B00147_R2,594,1,5,1.9812,2.032,621.18,0.2032,1.6002,631.1,29,31,-9.92,0.2032,0.762,1.0668,2.032,3.556,1.3462,2.6416,1,20,1,2
B00147,B00147_R1,595,2,5,1.9812,2.032,621.18,0.2032,1.6002,631.1,29,31,-9.92,0.2032,1.143,2.54,1.9812,3.175,0.9652,3.175,1,30,0,2
B00147,B00147_R2,596,3,5,1.9812,2.032,621.18,0.2032,1.6002,631.1,29,31,-9.92,1.9812,0.7112,0.2032,1.9812,2.9464,3.175,3.556,2,10,1,3
B00147,B00147_R2,597,4,5,1.9812,2.032,621.18,0.2032,1.6002,631.1,29,31,-9.92,0.2032,0.762,0.4572,0.2032,3.556,1.3462,0.8128,1,20,1,1
B00147,B00147_R1,598,5,5,1.9812,2.032,621.18,0.2032,1.6002,631.1,29,31,-9.92,1.9812,0.2032,0.2032,1.9812,2.9464,3.175,3.556,2,10,0,1
B00148,B00148_R1,599,1,1,2.54,1.9812,652.36,0.2032,1.9812,677.1,30,33,-24.74,0.2032,0.762,1.6764,0.7112,3.556,1.7272,2.032,1,20,0,1
B00149,B00149_R2,600,1,4,1.6764,0.7112,646.15,0.2032,1.9812,646.24,29,31,-0.09,0.2032,1.143,0.762,2.54,2.413,1.3462,1.9558,1,30,1,1
B00149,B00149_R1,601,2,4,1.6764,0.7112,646.15,0.2032,1.9812,646.24,29,31,-0.09,1.9812,0.2032,2.54,1.6002,0.8128,3.556,1.9558,3,30,0,1
B00149,B00149_R1,602,3,4,1.6764,0.7112,646.15,0.2032,1.9812,646.24,29,31,-0.09,2.54,1.143,0.2032,1.9812,1.8034,3.175,3.175,2,30,0,2
B00149,B00149_R2,603,4,4,1.6764,0.7112,646.15,0.2032,1.9812,646.24,29,31,-0.09,0.2032,0.762,2.286,0.2032,2.032,1.7272,2.6416,1,30,1,2
B00150,B00150_R2,604,1,3,0.2032,1.9812,662.08,2.286,0.2032,667.18,30,32,-5.1,2.54,0.762,0.2032,1.9812,3.556,0.8128,3.556,2,30,1,1
B00150,B00150_R1,605,2,3,0.2032,1.9812,662.08,2.286,0.2032,667.18,30,32,-5.1,0.2032,1.143,1.9812,0.2032,1.3462,3.0226,2.7178,1,10,0,1
B00150,B00150_R1,606,3,3,0.2032,1.9812,662.08,2.286,0.2032,667.18,30,32,-5.1,0.2032,0.762,1.6764,2.54,1.7272,2.6416,3.2512,1,30,0,2
B00151,B00151_R2,607,1,7,1.6764,2.54,642.24,0.2032,1.9812,632.61,29,30,9.63,0.2032,1.143,0.762,0.7112,2.8702,1.3462,1.4986,1,20,1,1
B00151,B00151_R1,608,2,7,1.6764,2.54,642.24,0.2032,1.9812,632.61,29,30,9.63,1.6764,0.7112,0.2032,1.9812,2.9464,3.2512,3.2512,2,30,0,1
B00151,B00151_R2,609,3,7,1.6764,2.54,642.24,0.2032,1.9812,632.61,29,30,9.63,0.2032,1.143,1.6764,2.032,2.8702,1.3462,2.8702,1,30,1,4
B00151,B00151_R2,610,4,7,1.6764,2.54,642.24,0.2032,1.9812,632.61,29,30,9.63,0.2032,0.762,0.762,2.032,3.2512,1.7272,2.3368,1,10,1,3
B00151,B00151_R1,611,5,7,1.6764,2.54,642.24,0.2032,1.9812,632.61,29,30,9.63,0.2032,0.762,2.286,0.2032,3.2512,1.7272,2.6416,1,30,0,2
B00151,B00151_R1,612,6,7,1.6764,2.54,642.24,0.2032,1.9812,632.61,29,30,9.63,2.54,0.762,0.2032,1.9812,2.6416,3.556,3.556,2,30,0,3
B00151,B00151_R2,613,7,7,1.6764,2.54,642.24,0.2032,1.9812,632.61,29,30,9.63,1.0668,0.2032,0.2032,1.9812,2.9464,2.6416,2.6416,2,10,1,2
B00152,B00152_R1,614,1,3,0.2032,1.9812,687.94,1.6764,2.032,681.1,31,32,6.84,1.9812,0.2032,0.2032,1.9812,3.556,3.2512,3.556,2,20,0,1
B00152,B00152_R2,615,2,3,0.2032,1.9812,687.94,1.6764,2.032,681.1,31,32,6.84,1.9812,2.032,1.0668,2.54,2.3368,0.8128,1.4224,3,30,1,1
B00152,B00152_R2,616,3,3,0.2032,1.9812,687.94,1.6764,2.032,681.1,31,32,6.84,2.54,1.6002,0.762,2.54,2.7178,1.8034,2.7178,3,30,1,2
B00153,B00153_R2,617,1,3,0.2032,1.9812,689.25,0.762,2.54,694.52,30,33,-5.27,0.762,2.54,0.2032,1.9812,1.1176,0,1.1176,2,30,1,1
B00153,B00153_R2,618,2,3,0.2032,1.9812,689.25,0.762,2.54,694.52,30,33,-5.27,0.2032,1.143,1.0668,2.54,1.3462,1.9558,2.2606,1,30,1,2
B00153,B00153_R1,619,3,3,0.2032,1.9812,689.25,0.762,2.54,694.52,30,33,-5.27,0.2032,0.762,1.9812,2.032,1.7272,2.3368,3.556,1,30,0,1
B00154,B00154_R2,620,1,4,1.9812,2.032,691.47,1.0668,2.54,701.73,30,33,-10.26,0.2032,0.762,1.0668,2.032,3.556,2.6416,2.6416,1,30,1,2
B00154,B00154_R1,621,2,4,1.9812,2.032,691.47,1.0668,2.54,701.73,30,33,-10.26,0.2032,0.762,0.762,2.032,3.556,2.6416,2.3368,1,10,0,2
B00154,B00154_R2,622,3,4,1.9812,2.032,691.47,1.0668,2.54,701.73,30,33,-10.26,0.2032,1.143,1.0668,0.2032,3.175,2.2606,1.8034,1,30,1,1
B00154,B00154_R1,623,4,4,1.9812,2.032,691.47,1.0668,2.54,701.73,30,33,-10.26,2.286,0.2032,0.2032,1.9812,2.6416,3.556,3.8608,2,10,0,1
B00155,B00155_R1,624,1,3,0.762,2.032,713.02,1.0668,2.032,718.36,30,34,-5.34,1.9812,0.2032,0.2032,1.9812,3.556,3.2512,3.556,2,10,0,2
B00155,B00155_R1,625,2,3,0.762,2.032,713.02,1.0668,2.032,718.36,30,34,-5.34,1.9812,2.54,1.9812,0.7112,1.7272,1.4224,2.9464,3,30,0,1
B00155,B00155_R2,626,3,3,0.762,2.032,713.02,1.0668,2.032,718.36,30,34,-5.34,2.286,2.54,0.2032,1.6002,2.032,1.7272,3.0226,2,10,1,1
B00156,B00156_R2,627,1,2,0.2032,1.9812,698.88,0.2032,1.6002,696.23,30,32,2.65,1.6764,0.7112,0.2032,1.6002,3.2512,2.8702,2.8702,2,10,1,1
B00156,B00156_R1,628,2,2,0.2032,1.9812,698.88,0.2032,1.6002,696.23,30,32,2.65,0.2032,0.762,2.54,0.762,1.7272,1.3462,2.9464,1,30,0,1
B00157,B00157_R1,629,1,3,2.54,0.762,691.27,0.2032,1.6002,699.65,29,31,-8.38,0.2032,0.762,1.0668,0.7112,2.9464,1.3462,1.4224,1,20,0,2
B00157,B00157_R1,630,2,3,2.54,0.762,691.27,0.2032,1.6002,699.65,29,31,-8.38,0.2032,0.762,0.762,0.2032,2.9464,1.3462,1.1176,1,10,0,1
B00157,B00157_R2,631,3,3,2.54,0.762,691.27,0.2032,1.6002,699.65,29,31,-8.38,0.2032,1.143,1.6764,0.7112,2.7178,0.9652,2.413,1,30,1,1
B00158,B00158_R1,632,1,6,1.0668,0.7112,652.08,1.6764,0.7112,649.25,28,29,2.83,0.762,0.2032,0.2032,1.9812,0.8128,1.4224,2.3368,2,10,0,2
B00158,B00158_R2,633,2,6,1.0668,0.7112,652.08,1.6764,0.7112,649.25,28,29,2.83,0.762,0.7112,0.2032,1.9812,0.8128,1.4224,2.3368,2,30,1,3
B00158,B00158_R1,634,3,6,1.0668,0.7112,652.08,1.6764,0.7112,649.25,28,29,2.83,0.2032,0.762,0.762,0.2032,1.4224,2.032,1.1176,1,30,0,1
B00158,B00158_R2,635,4,6,1.0668,0.7112,652.08,1.6764,0.7112,649.25,28,29,2.83,1.9812,0.7112,0.2032,1.9812,1.4224,0.8128,3.556,2,30,1,1
B00158,B00158_R2,636,5,6,1.0668,0.7112,652.08,1.6764,0.7112,649.25,28,29,2.83,1.6764,2.54,0.2032,1.6002,2.9464,2.9464,2.413,2,20,1,2
B00158,B00158_R1,637,6,6,1.0668,0.7112,652.08,1.6764,0.7112,649.25,28,29,2.83,2.54,0.762,0.2032,1.6002,2.032,1.4224,3.175,2,10,0,3
B00159,B00159_R2,638,1,1,0.2032,1.6002,694.86,0.2032,1.9812,687.32,30,31,7.54,0.2032,1.143,1.0668,2.54,0.9652,1.3462,2.2606,1,30,1,1
B00160,B00160_R1,639,1,7,0.2032,1.6002,667.82,1.0668,2.54,673.29,28,31,-5.47,0.4572,2.54,0.2032,1.9812,1.1938,1.1176,0.8128,2,20,0,1
B00160,B00160_R1,640,2,7,0.2032,1.6002,667.82,1.0668,2.54,673.29,28,31,-5.47,0.2032,1.143,0.762,0.7112,0.9652,2.2606,1.4986,1,30,0,2
B00160,B00160_R1,641,3,7,0.2032,1.6002,667.82,1.0668,2.54,673.29,28,31,-5.47,1.9812,0.2032,0.2032,1.6002,3.175,3.2512,3.175,2,30,0,3
B00160,B00160_R2,642,4,7,0.2032,1.6002,667.82,1.0668,2.54,673.29,28,31,-5.47,0.2032,0.762,1.0668,2.54,1.3462,2.6416,2.6416,1,20,1,2
B00160,B00160_R1,643,5,7,0.2032,1.6002,667.82,1.0668,2.54,673.29,28,31,-5.47,0.2032,1.143,1.9812,2.54,0.9652,2.2606,3.175,1,30,0,4
B00160,B00160_R2,644,6,7,0.2032,1.6002,667.82,1.0668,2.54,673.29,28,31,-5.47,1.6764,0.7112,0.2032,1.9812,2.8702,2.9464,3.2512,2,20,1,3
B00160,B00160_R2,645,7,7,0.2032,1.6002,667.82,1.0668,2.54,673.29,28,31,-5.47,0.762,2.032,0.2032,1.6002,1.4986,0.8128,1.4986,2,20,1,1
B00161,B00161_R2,646,1,4,1.9812,2.54,716.3,0.2032,1.9812,711.16,31,32,5.14,1.9812,0.7112,2.54,1.143,2.9464,3.556,1.4986,3,10,1,3
B00161,B00161_R2,647,2,4,1.9812,2.54,716.3,0.2032,1.9812,711.16,31,32,5.14,0.2032,0.762,1.9812,0.2032,3.556,1.7272,2.3368,1,20,1,2
B00161,B00161_R2,648,3,4,1.9812,2.54,716.3,0.2032,1.9812,711.16,31,32,5.14,0.2032,0.762,0.4572,0.2032,3.556,1.7272,0.8128,1,30,1,1
B00161,B00161_R1,649,4,4,1.9812,2.54,716.3,0.2032,1.9812,711.16,31,32,5.14,0.2032,1.143,2.286,2.54,3.175,1.3462,3.4798,1,30,0,1
B00162,B00162_R1,650,1,2,2.286,2.54,686.36,2.54,1.143,698.22,29,32,-11.86,0.2032,1.143,1.9812,0.7112,3.4798,2.3368,2.7178,1,20,0,1
B00162,B00162_R2,651,2,2,2.286,2.54,686.36,2.54,1.143,698.22,29,32,-11.86,0.2032,1.143,1.0668,2.032,3.4798,2.3368,2.2606,1,30,1,1
B00163,B00163_R1,652,1,5,1.9812,0.7112,647.28,1.0668,2.032,650.33,27,31,-3.05,0.4572,0.2032,0.2032,1.6002,2.032,2.9464,1.651,2,10,0,1
B00163,B00163_R2,653,2,5,1.9812,0.7112,647.28,1.0668,2.032,650.33,27,31,-3.05,1.6764,2.54,1.6764,0.7112,3.2512,1.1176,2.9464,3,30,1,2
B00163,B00163_R1,654,3,5,1.9812,0.7112,647.28,1.0668,2.032,650.33,27,31,-3.05,0.2032,0.762,1.0668,0.2032,2.3368,2.6416,1.4224,1,10,0,2
B00163,B00163_R1,655,4,5,1.9812,0.7112,647.28,1.0668,2.032,650.33,27,31,-3.05,0.2032,0.762,0.4572,2.54,2.3368,2.6416,2.032,1,10,0,3
B00163,B00163_R2,656,5,5,1.9812,0.7112,647.28,1.0668,2.032,650.33,27,31,-3.05,1.6764,2.54,0.2032,1.6002,3.2512,1.1176,2.413,2,20,1,1
B00164,B00164_R1,657,1,3,0.4572,2.54,663.5,1.6764,0.7112,669.88,29,31,-6.38,0.2032,1.143,1.6764,0.2032,1.651,2.413,2.413,1,30,0,2
B00164,B00164_R2,658,2,3,0.4572,2.54,663.5,1.6764,0.7112,669.88,29,31,-6.38,0.2032,0.762,1.6764,2.54,2.032,2.032,3.2512,1,10,1,1
B00164,B00164_R1,659,3,3,0.4572,2.54,663.5,1.6764,0.7112,669.88,29,31,-6.38,1.9812,2.032,0.2032,1.6002,2.032,3.2512,2.7178,2,10,0,1
B00165,B00165_R2,660,1,3,1.6764,0.2032,679.64,1.6764,2.54,661.27,29,31,18.37,1.6764,2.54,1.0668,2.54,2.9464,0,1.1176,3,10,1,1
B00165,B00165_R2,661,2,3,1.6764,0.2032,679.64,1.6764,2.54,661.27,29,31,18.37,0.4572,0.2032,0.2032,1.6002,1.7272,3.556,1.651,2,20,1,2
B00165,B00165_R1,662,3,3,1.6764,0.2032,679.64,1.6764,2.54,661.27,29,31,18.37,1.6764,0.2032,1.9812,0.2032,0,2.9464,0.8128,3,10,0,1
B00166,B00166_R1,663,1,1,1.9812,0.2032,658.2,0.2032,1.6002,659.76,29,31,-1.56,0.762,0.7112,2.54,0.762,1.7272,1.9558,2.3368,3,20,0,1
B00167,B00167_R2,664,1,7,2.54,0.762,638.45,0.2032,1.6002,627.9,28,30,10.55,1.6764,0.2032,0.2032,1.9812,1.4224,2.8702,3.2512,2,10,1,4
B00167,B00167_R1,665,2,7,2.54,0.762,638.45,0.2032,1.6002,627.9,28,30,10.55,0.2032,1.143,2.54,1.6002,2.7178,0.9652,2.794,1,10,0,2
B00167,B00167_R1,666,3,7,2.54,0.762,638.45,0.2032,1.6002,627.9,28,30,10.55,1.6764,2.54,0.2032,1.6002,2.6416,2.413,2.413,2,10,0,3
B00167,B00167_R2,667,4,7,2.54,0.762,638.45,0.2032,1.6002,627.9,28,30,10.55,0.762,2.54,1.9812,0.2032,3.556,1.4986,3.556,3,20,1,2
B00167,B00167_R2,668,5,7,2.54,0.762,638.45,0.2032,1.6002,627.9,28,30,10.55,0.762,0.7112,1.9812,0.2032,2.3368,1.9558,1.7272,3,30,1,3
B00167,B00167_R2,669,6,7,2.54,0.762,638.45,0.2032,1.6002,627.9,28,30,10.55,0.4572,2.54,0.2032,1.9812,3.8608,1.1938,0.8128,2,20,1,1
B00167,B00167_R1,670,7,7,2.54,0.762,638.45,0.2032,1.6002,627.9,28,30,10.55,2.54,0.762,0.2032,1.9812,0,3.175,3.556,2,30,0,1
B00168,B00168_R2,671,1,2,0.2032,1.6002,663.19,0.2032,1.9812,673.68,30,32,-10.49,1.0668,2.032,2.54,0.762,1.8034,1.4224,3.2512,3,20,1,1
B00168,B00168_R1,672,2,2,0.2032,1.6002,663.19,0.2032,1.9812,673.68,30,32,-10.49,1.9812,2.032,0.2032,1.9812,2.7178,2.3368,2.3368,2,20,0,1
B00169,B00169_R2,673,1,4,0.2032,1.9812,668.49,2.54,0.762,668.67,30,32,-0.18,2.54,1.143,0.2032,1.6002,3.175,0.889,2.794,2,10,1,1
B00169,B00169_R1,674,2,4,0.2032,1.9812,668.49,2.54,0.762,668.67,30,32,-0.18,0.2032,1.143,1.6764,2.54,1.3462,2.7178,2.8702,1,30,0,2
B00169,B00169_R2,675,3,4,0.2032,1.9812,668.49,2.54,0.762,668.67,30,32,-0.18,0.2032,0.762,2.54,1.143,1.7272,2.9464,2.7178,1,10,1,2
B00169,B00169_R1,676,4,4,0.2032,1.9812,668.49,2.54,0.762,668.67,30,32,-0.18,0.2032,1.143,0.762,2.032,1.3462,2.7178,1.9558,1,10,0,1
B00170,B00170_R2,677,1,3,1.6764,2.54,622.18,2.54,1.143,659.16,29,31,-36.98,2.54,0.762,0.2032,1.6002,2.6416,0.889,3.175,2,10,1,1
B00170,B00170_R1,678,2,3,1.6764,2.54,622.18,2.54,1.143,659.16,29,31,-36.98,0.2032,0.762,0.762,0.2032,3.2512,2.7178,1.1176,1,20,0,1
B00170,B00170_R1,679,3,3,1.6764,2.54,622.18,2.54,1.143,659.16,29,31,-36.98,0.2032,1.143,1.6764,2.54,2.8702,2.3368,2.8702,1,20,0,2
B00171,B00171_R1,680,1,4,1.6764,2.54,628.4,0.2032,1.6002,651.95,29,31,-23.55,1.6764,2.54,0.2032,1.6002,0,2.413,2.413,2,10,0,2
B00171,B00171_R1,681,2,4,1.6764,2.54,628.4,0.2032,1.6002,651.95,29,31,-23.55,1.6764,2.032,1.9812,2.54,0.508,2.413,0.8128,3,30,0,1
B00171,B00171_R1,682,3,4,1.6764,2.54,628.4,0.2032,1.6002,651.95,29,31,-23.55,0.2032,1.143,0.762,2.032,2.8702,0.9652,1.9558,1,20,0,3
B00171,B00171_R2,683,4,4,1.6764,2.54,628.4,0.2032,1.6002,651.95,29,31,-23.55,0.2032,0.762,1.0668,2.032,3.2512,1.3462,2.6416,1,30,1,1
B00172,B00172_R1,684,1,7,0.762,2.032,646.42,1.0668,2.032,646.04,31,30,0.38,2.54,0.762,1.6764,0.2032,3.556,3.2512,1.4224,3,20,0,2
B00172,B00172_R2,685,2,7,0.762,2.032,646.42,1.0668,2.032,646.04,31,30,0.38,0.762,2.54,0.2032,1.6002,0.508,0.8128,1.4986,2,20,1,3
B00172,B00172_R1,686,3,7,0.762,2.032,646.42,1.0668,2.032,646.04,31,30,0.38,1.6764,2.54,1.6764,2.032,1.4224,1.1176,0.508,3,20,0,1
B00172,B00172_R2,687,4,7,0.762,2.032,646.42,1.0668,2.032,646.04,31,30,0.38,0.2032,1.143,0.762,2.54,1.9558,2.2606,1.9558,1,10,1,2
B00172,B00172_R2,688,5,7,0.762,2.032,646.42,1.0668,2.032,646.04,31,30,0.38,2.54,1.6002,0.2032,1.6002,2.7178,2.413,2.3368,2,20,1,4
B00172,B00172_R2,689,6,7,0.762,2.032,646.42,1.0668,2.032,646.04,31,30,0.38,1.0668,2.032,0.2032,1.6002,0.8128,0,1.8034,2,10,1,1
B00172,B00172_R1,690,7,7,0.762,2.032,646.42,1.0668,2.032,646.04,31,30,0.38,2.286,0.2032,0.2032,1.9812,3.8608,3.556,3.8608,2,10,0,3
B00173,B00173_R1,691,1,6,0.2032,1.9812,680.87,0.2032,1.6002,682.41,33,33,-1.54,1.9812,2.032,0.762,2.032,2.3368,2.7178,1.7272,3,20,0,1
B00173,B00173_R2,692,2,6,0.2032,1.9812,680.87,0.2032,1.6002,682.41,33,33,-1.54,0.2032,1.143,1.9812,0.7112,1.3462,0.9652,2.7178,1,30,1,1
B00173,B00173_R1,693,3,6,0.2032,1.9812,680.87,0.2032,1.6002,682.41,33,33,-1.54,1.0668,2.032,0.2032,1.9812,1.4224,1.8034,1.4224,2,30,0,2
B00173,B00173_R2,694,4,6,0.2032,1.9812,680.87,0.2032,1.6002,682.41,33,33,-1.54,2.54,1.143,1.9812,2.54,3.175,2.794,1.9558,3,10,1,2
B00173,B00173_R2,695,5,6,0.2032,1.9812,680.87,0.2032,1.6002,682.41,33,33,-1.54,1.9812,2.032,2.54,0.762,2.3368,2.7178,2.3368,3,30,1,3
B00173,B00173_R1,696,6,6,0.2032,1.9812,680.87,0.2032,1.6002,682.41,33,33,-1.54,0.2032,1.143,1.6764,0.7112,1.3462,0.9652,2.413,1,20,0,3
B00174,B00174_R2,697,1,5,1.6764,0.7112,701.9,2.54,0.762,701.64,34,34,0.26,0.762,0.2032,1.9812,2.032,1.4224,2.3368,3.556,3,10,1,2
B00174,B00174_R1,698,2,5,1.6764,0.7112,701.9,2.54,0.762,701.64,34,34,0.26,0.2032,1.143,0.762,2.54,2.413,2.7178,1.9558,1,20,0,1
B00174,B00174_R2,699,3,5,1.6764,0.7112,701.9,2.54,0.762,701.64,34,34,0.26,2.54,1.6002,0.762,0.2032,2.2606,1.3462,3.175,3,30,1,1
B00174,B00174_R1,700,4,5,1.6764,0.7112,701.9,2.54,0.762,701.64,34,34,0.26,1.0668,2.54,0.2032,1.6002,2.9464,3.2512,1.8034,2,20,0,2
B00174,B00174_R1,701,5,5,1.6764,0.7112,701.9,2.54,0.762,701.64,34,34,0.26,0.2032,0.762,1.6764,0.7112,2.032,2.9464,2.032,1,20,0,3
B00175,B00175_R2,702,1,5,1.6764,0.7112,736.17,1.9812,2.032,710.06,36,35,26.11,0.2032,1.143,1.9812,2.54,2.413,3.175,3.175,1,20,1,3
B00175,B00175_R1,703,2,5,1.6764,0.7112,736.17,1.9812,2.032,710.06,36,35,26.11,1.9812,0.7112,0.2032,1.6002,0.8128,2.9464,3.175,2,30,0,1
B00175,B00175_R2,704,3,5,1.6764,0.7112,736.17,1.9812,2.032,710.06,36,35,26.11,1.0668,2.032,0.2032,1.6002,2.9464,1.4224,1.8034,2,30,1,1
B00175,B00175_R2,705,4,5,1.6764,0.7112,736.17,1.9812,2.032,710.06,36,35,26.11,0.2032,1.143,0.762,0.7112,2.413,3.175,1.4986,1,20,1,2
B00175,B00175_R1,706,5,5,1.6764,0.7112,736.17,1.9812,2.032,710.06,36,35,26.11,0.2032,1.143,1.0668,0.2032,2.413,3.175,1.8034,1,10,0,2
B00176,B00176_R1,707,1,5,1.0668,0.2032,752.21,1.9812,2.54,733.19,36,36,19.02,1.6764,0.7112,2.54,1.6002,1.1176,3.2512,2.2606,3,30,0,2
B00176,B00176_R2,708,2,5,1.0668,0.2032,752.21,1.9812,2.54,733.19,36,36,19.02,1.9812,2.032,0.2032,1.6002,3.2512,0.508,2.7178,2,20,1,1
B00176,B00176_R2,709,3,5,1.0668,0.2032,752.21,1.9812,2.54,733.19,36,36,19.02,2.54,1.6002,0.2032,1.9812,2.8702,1.4986,2.7178,2,30,1,3
B00176,B00176_R1,710,4,5,1.0668,0.2032,752.21,1.9812,2.54,733.19,36,36,19.02,1.0668,0.7112,1.6764,0.2032,0.508,3.2512,1.1176,3,10,0,1
B00176,B00176_R2,711,5,5,1.0668,0.2032,752.21,1.9812,2.54,733.19,36,36,19.02,0.762,2.54,0.2032,1.6002,3.2512,1.7272,1.4986,2,10,1,2
B00177,B00177_R1,712,1,4,2.54,1.6002,685.68,0.2032,1.9812,713.85,34,35,-28.17,2.54,1.9812,0.762,0.2032,0.889,2.9464,3.556,3,30,0,1
B00177,B00177_R1,713,2,4,2.54,1.6002,685.68,0.2032,1.9812,713.85,34,35,-28.17,0.2032,0.762,1.9812,2.54,3.175,1.7272,3.556,1,20,0,3
B00177,B00177_R2,714,3,4,2.54,1.6002,685.68,0.2032,1.9812,713.85,34,35,-28.17,0.2032,1.143,1.6764,0.2032,2.794,1.3462,2.413,1,30,1,1
B00177,B00177_R1,715,4,4,2.54,1.6002,685.68,0.2032,1.9812,713.85,34,35,-28.17,0.2032,0.762,0.762,0.2032,3.175,1.7272,1.1176,1,10,0,2
B00178,B00178_R2,716,1,6,1.9812,2.54,703.7,1.6764,0.2032,698.32,36,35,5.38,1.9812,0.7112,2.286,0.2032,2.9464,0.8128,0.8128,3,30,1,1
B00178,B00178_R1,717,2,6,1.9812,2.54,703.7,1.6764,0.2032,698.32,36,35,5.38,0.762,2.54,0.2032,1.6002,1.7272,3.2512,1.4986,2,10,0,1
B00178,B00178_R2,718,3,6,1.9812,2.54,703.7,1.6764,0.2032,698.32,36,35,5.38,0.2032,1.143,2.54,1.143,3.175,2.413,2.3368,1,20,1,4
B00178,B00178_R1,719,4,6,1.9812,2.54,703.7,1.6764,0.2032,698.32,36,35,5.38,0.2032,1.143,2.286,2.54,3.175,2.413,3.4798,1,30,0,2
B00178,B00178_R2,720,5,6,1.9812,2.54,703.7,1.6764,0.2032,698.32,36,35,5.38,0.762,0.7112,0.4572,0.2032,3.556,1.4224,0.8128,3,30,1,2
B00178,B00178_R2,721,6,6,1.9812,2.54,703.7,1.6764,0.2032,698.32,36,35,5.38,0.4572,0.2032,0.2032,1.6002,3.8608,1.7272,1.651,2,20,1,3
B00179,B00179_R1,722,1,3,2.286,2.54,712.52,2.54,1.143,727.66,36,37,-15.14,2.54,1.6002,0.2032,1.6002,1.1938,0.9652,2.3368,2,20,0,1
B00179,B00179_R1,723,2,3,2.286,2.54,712.52,2.54,1.143,727.66,36,37,-15.14,0.2032,1.143,0.762,0.7112,3.4798,2.3368,1.4986,1,30,0,2
B00179,B00179_R2,724,3,3,2.286,2.54,712.52,2.54,1.143,727.66,36,37,-15.14,1.9812,0.7112,1.6764,2.54,2.6416,1.4986,3.2512,3,20,1,1
B00180,B00180_R1,725,1,6,0.762,0.7112,719.33,1.6764,2.54,728.98,37,37,-9.65,1.9812,0.7112,0.2032,1.6002,1.7272,3.2512,3.175,2,20,0,3
B00180,B00180_R2,726,2,6,0.762,0.7112,719.33,1.6764,2.54,728.98,37,37,-9.65,2.54,1.9812,0.2032,1.6002,3.556,1.4224,2.7178,2,20,1,2
B00180,B00180_R1,727,3,6,0.762,0.7112,719.33,1.6764,2.54,728.98,37,37,-9.65,0.2032,1.143,2.54,1.6002,1.4986,2.8702,2.794,1,20,0,1
B00180,B00180_R2,728,4,6,0.762,0.7112,719.33,1.6764,2.54,728.98,37,37,-9.65,2.54,1.9812,1.6764,2.54,3.556,1.4224,1.4224,3,10,1,1
B00180,B00180_R2,729,5,6,0.762,0.7112,719.33,1.6764,2.54,728.98,37,37,-9.65,2.54,1.9812,0.2032,1.9812,3.556,1.4224,2.9464,2,30,1,3
B00180,B00180_R1,730,6,6,0.762,0.7112,719.33,1.6764,2.54,728.98,37,37,-9.65,2.54,1.143,0.762,0.7112,2.7178,2.2606,2.7178,3,20,0,2
B00181,B00181_R1,731,1,7,0.2032,1.6002,759.91,0.2032,1.9812,763.84,38,38,-3.93,0.2032,1.143,1.9812,0.2032,0.9652,1.3462,2.7178,1,30,0,4
B00181,B00181_R2,732,2,7,0.2032,1.6002,759.91,0.2032,1.9812,763.84,38,38,-3.93,0.2032,1.143,2.54,1.143,0.9652,1.3462,2.3368,1,20,1,2
B00181,B00181_R2,733,3,7,0.2032,1.6002,759.91,0.2032,1.9812,763.84,38,38,-3.93,0.762,2.032,0.2032,1.9812,1.4986,1.1176,1.1176,2,20,1,1
B00181,B00181_R1,734,4,7,0.2032,1.6002,759.91,0.2032,1.9812,763.84,38,38,-3.93,1.6764,0.7112,0.2032,1.9812,2.8702,3.2512,3.2512,2,20,0,3
B00181,B00181_R1,735,5,7,0.2032,1.6002,759.91,0.2032,1.9812,763.84,38,38,-3.93,0.4572,0.2032,0.2032,1.6002,1.651,2.032,1.651,2,20,0,1
B00181,B00181_R1,736,6,7,0.2032,1.6002,759.91,0.2032,1.9812,763.84,38,38,-3.93,0.2032,0.762,1.6764,0.7112,1.3462,1.7272,2.032,1,20,0,2
B00181,B00181_R2,737,7,7,0.2032,1.6002,759.91,0.2032,1.9812,763.84,38,38,-3.93,0.2032,1.143,1.9812,2.032,0.9652,1.3462,3.175,1,10,1,3
B00182,B00182_R2,738,1,4,1.9812,0.2032,807.59,1.9812,2.032,794.49,41,40,13.1,1.0668,2.032,1.0668,2.54,3.2512,1.4224,0.508,3,10,1,1
B00182,B00182_R1,739,2,4,1.9812,0.2032,807.59,1.9812,2.032,794.49,41,40,13.1,1.0668,0.7112,0.2032,1.6002,1.4224,3.2512,2.2606,2,30,0,2
B00182,B00182_R2,740,3,4,1.9812,0.2032,807.59,1.9812,2.032,794.49,41,40,13.1,1.6764,0.2032,0.4572,2.54,0.8128,3.2512,3.556,3,20,1,2
B00182,B00182_R1,741,4,4,1.9812,0.2032,807.59,1.9812,2.032,794.49,41,40,13.1,1.6764,0.7112,1.0668,2.032,0.8128,3.2512,2.9464,3,10,0,1
B00183,B00183_R2,742,1,5,0.2032,1.6002,833.24,0.4572,2.54,798.29,41,40,34.95,0.2032,1.143,0.4572,2.54,0.9652,1.651,1.651,1,20,1,3
B00183,B00183_R2,743,2,5,0.2032,1.6002,833.24,0.4572,2.54,798.29,41,40,34.95,1.0668,2.54,2.286,2.54,1.8034,1.1176,1.7272,3,30,1,1
B00183,B00183_R1,744,3,5,0.2032,1.6002,833.24,0.4572,2.54,798.29,41,40,34.95,1.9812,0.7112,1.0668,0.2032,3.175,3.8608,1.4224,3,30,0,2
B00183,B00183_R1,745,4,5,0.2032,1.6002,833.24,0.4572,2.54,798.29,41,40,34.95,0.2032,1.143,0.762,0.7112,0.9652,1.651,1.4986,1,10,0,1
B00183,B00183_R2,746,5,5,0.2032,1.6002,833.24,0.4572,2.54,798.29,41,40,34.95,2.286,2.54,0.2032,1.6002,3.0226,2.3368,3.0226,2,30,1,2
B00184,B00184_R1,747,1,4,1.0668,0.2032,766.61,0.4572,2.54,776.85,39,39,-10.24,0.2032,0.762,1.6764,2.54,1.4224,2.032,3.2512,1,30,0,2
B00184,B00184_R1,748,2,4,1.0668,0.2032,766.61,0.4572,2.54,776.85,39,39,-10.24,0.762,0.2032,0.4572,0.2032,0.8128,2.6416,0.8128,3,20,0,1
B00184,B00184_R2,749,3,4,1.0668,0.2032,766.61,0.4572,2.54,776.85,39,39,-10.24,1.9812,2.54,0.2032,1.6002,3.2512,2.032,2.7178,2,20,1,2
B00184,B00184_R2,750,4,4,1.0668,0.2032,766.61,0.4572,2.54,776.85,39,39,-10.24,0.762,2.54,1.6764,2.54,3.2512,0.8128,1.4224,3,30,1,1
B00185,B00185_R1,751,1,4,1.6764,2.54,769.82,0.2032,1.6002,785.76,39,40,-15.94,1.0668,2.54,0.4572,2.54,1.1176,1.8034,1.1176,3,30,0,1
B00185,B00185_R2,752,2,4,1.6764,2.54,769.82,0.2032,1.6002,785.76,39,40,-15.94,0.2032,0.762,1.6764,0.7112,3.2512,1.3462,2.032,1,20,1,1
B00185,B00185_R1,753,3,4,1.6764,2.54,769.82,0.2032,1.6002,785.76,39,40,-15.94,0.4572,2.54,1.9812,0.2032,1.7272,1.1938,3.8608,3,20,0,3
B00185,B00185_R1,754,4,4,1.6764,2.54,769.82,0.2032,1.6002,785.76,39,40,-15.94,1.0668,2.032,0.2032,1.9812,1.1176,1.8034,1.4224,2,20,0,2
B00186,B00186_R2,755,1,6,1.9812,0.2032,797.86,1.6764,0.7112,764.82,41,39,33.04,0.2032,1.143,2.54,0.762,2.7178,2.413,2.7178,1,30,1,4
B00186,B00186_R2,756,2,6,1.9812,0.2032,797.86,1.6764,0.7112,764.82,41,39,33.04,0.2032,1.143,1.9812,2.54,2.7178,2.413,3.175,1,10,1,2
B00186,B00186_R1,757,3,6,1.9812,0.2032,797.86,1.6764,0.7112,764.82,41,39,33.04,0.2032,0.762,1.9812,2.032,2.3368,2.032,3.556,1,10,0,2
B00186,B00186_R2,758,4,6,1.9812,0.2032,797.86,1.6764,0.7112,764.82,41,39,33.04,2.54,1.9812,0.2032,1.9812,2.3368,2.6416,2.9464,2,10,1,3
B00186,B00186_R1,759,5,6,1.9812,0.2032,797.86,1.6764,0.7112,764.82,41,39,33.04,1.9812,0.2032,0.2032,1.9812,0,0.8128,3.556,2,10,0,1
B00186,B00186_R2,760,6,6,1.9812,0.2032,797.86,1.6764,0.7112,764.82,41,39,33.04,1.9812,0.7112,0.2032,1.6002,0.508,0.8128,3.175,2,10,1,1
B00187,B00187_R1,761,1,1,1.9812,2.032,814.8,2.54,0.762,824.13,42,42,-9.33,1.0668,2.54,1.0668,0.2032,1.4224,3.2512,2.9464,3,20,0,1
B00188,B00188_R1,762,1,6,1.0668,0.2032,812.51,2.54,0.762,788.36,41,40,24.15,0.762,0.7112,0.2032,1.9812,0.8128,2.3368,2.3368,2,30,0,2
B00188,B00188_R1,763,2,6,1.0668,0.2032,812.51,2.54,0.762,788.36,41,40,24.15,0.762,0.7112,1.0668,0.7112,0.8128,2.3368,0.8128,3,20,0,1
B00188,B00188_R2,764,3,6,1.0668,0.2032,812.51,2.54,0.762,788.36,41,40,24.15,0.2032,1.143,0.4572,0.2032,1.8034,2.7178,1.1938,1,10,1,1
B00188,B00188_R2,765,4,6,1.0668,0.2032,812.51,2.54,0.762,788.36,41,40,24.15,0.2032,0.762,1.9812,0.2032,1.4224,2.9464,2.3368,1,30,1,2
B00188,B00188_R1,766,5,6,1.0668,0.2032,812.51,2.54,0.762,788.36,41,40,24.15,0.2032,1.143,1.9812,2.54,1.8034,2.7178,3.175,1,10,0,3
B00188,B00188_R2,767,6,6,1.0668,0.2032,812.51,2.54,0.762,788.36,41,40,24.15,0.2032,1.143,1.9812,2.54,1.8034,2.7178,3.175,1,10,1,3
B00189,B00189_R2,768,1,4,1.9812,2.54,841.67,1.9812,2.54,832.75,43,42,8.92,1.6764,0.7112,2.286,2.54,3.2512,3.2512,2.9464,3,30,1,2
B00189,B00189_R1,769,2,4,1.9812,2.54,841.67,1.9812,2.54,832.75,43,42,8.92,2.54,1.143,0.2032,1.6002,1.9558,1.9558,2.794,2,20,0,2
B00189,B00189_R1,770,3,4,1.9812,2.54,841.67,1.9812,2.54,832.75,43,42,8.92,1.0668,2.54,0.2032,1.6002,1.4224,1.4224,1.8034,2,10,0,1
B00189,B00189_R2,771,4,4,1.9812,2.54,841.67,1.9812,2.54,832.75,43,42,8.92,2.54,1.6002,0.2032,1.9812,1.4986,1.4986,2.7178,2,10,1,1
B00190,B00190_R1,772,1,5,0.2032,1.6002,834.67,2.286,2.54,834.05,42,41,0.62,2.54,1.9812,0.2032,1.9812,2.7178,0.8128,2.9464,2,10,0,2
B00190,B00190_R2,773,2,5,0.2032,1.6002,834.67,2.286,2.54,834.05,42,41,0.62,1.6764,2.54,0.4572,0.2032,2.413,1.1176,3.556,3,30,1,1
B00190,B00190_R1,774,3,5,0.2032,1.6002,834.67,2.286,2.54,834.05,42,41,0.62,0.2032,1.143,1.6764,2.54,0.9652,3.4798,2.8702,1,10,0,1
B00190,B00190_R2,775,4,5,0.2032,1.6002,834.67,2.286,2.54,834.05,42,41,0.62,2.54,0.762,0.2032,1.9812,3.175,2.032,3.556,2,20,1,3
B00190,B00190_R2,776,5,5,0.2032,1.6002,834.67,2.286,2.54,834.05,42,41,0.62,0.4572,0.2032,1.9812,0.2032,1.651,4.1656,2.032,3,30,1,2
B00191,B00191_R1,777,1,4,0.2032,1.9812,815.65,0.2032,1.9812,839.56,41,41,-23.91,0.2032,1.143,1.0668,2.032,1.3462,1.3462,2.2606,1,10,0,1
B00191,B00191_R2,778,2,4,0.2032,1.9812,815.65,0.2032,1.9812,839.56,41,41,-23.91,0.2032,0.762,2.54,1.9812,1.7272,1.7272,3.556,1,10,1,1
B00191,B00191_R1,779,3,4,0.2032,1.9812,815.65,0.2032,1.9812,839.56,41,41,-23.91,2.286,2.54,0.2032,1.6002,2.6416,2.6416,3.0226,2,10,0,2
B00191,B00191_R1,780,4,4,0.2032,1.9812,815.65,0.2032,1.9812,839.56,41,41,-23.91,1.9812,0.2032,0.762,0.2032,3.556,3.556,1.7272,3,10,0,3
B00192,B00192_R2,781,1,1,0.762,0.2032,825.56,2.54,1.9812,801.7,41,39,23.86,0.2032,1.143,1.6764,2.54,1.4986,3.175,2.8702,1,30,1,1
B00193,B00193_R1,782,1,5,0.762,0.2032,792.8,1.6764,2.54,805.71,39,38,-12.91,0.2032,1.143,2.54,1.6002,1.4986,2.8702,2.794,1,10,0,2
B00193,B00193_R1,783,2,5,0.762,0.2032,792.8,1.6764,2.54,805.71,39,38,-12.91,1.9812,0.7112,0.2032,1.6002,1.7272,3.2512,3.175,2,30,0,3
B00193,B00193_R2,784,3,5,0.762,0.2032,792.8,1.6764,2.54,805.71,39,38,-12.91,1.6764,0.7112,0.2032,1.9812,1.4224,2.9464,3.2512,2,10,1,2
B00193,B00193_R1,785,4,5,0.762,0.2032,792.8,1.6764,2.54,805.71,39,38,-12.91,1.0668,0.7112,0.2032,1.9812,0.8128,2.9464,2.6416,2,30,0,1
B00193,B00193_R2,786,5,5,0.762,0.2032,792.8,1.6764,2.54,805.71,39,38,-12.91,1.9812,0.2032,0.2032,1.6002,1.7272,3.2512,3.175,2,20,1,1
B00194,B00194_R2,787,1,7,0.2032,1.6002,839.09,0.2032,1.9812,842.79,41,39,-3.7,1.0668,2.032,0.2032,1.6002,1.8034,1.4224,1.8034,2,30,1,4
B00194,B00194_R2,788,2,7,0.2032,1.6002,839.09,0.2032,1.9812,842.79,41,39,-3.7,0.2032,1.143,0.4572,2.54,0.9652,1.3462,1.651,1,20,1,3
B00194,B00194_R2,789,3,7,0.2032,1.6002,839.09,0.2032,1.9812,842.79,41,39,-3.7,0.762,2.032,0.2032,1.6002,1.4986,1.1176,1.4986,2,30,1,2
B00194,B00194_R1,790,4,7,0.2032,1.6002,839.09,0.2032,1.9812,842.79,41,39,-3.7,0.2032,0.762,0.762,0.7112,1.3462,1.7272,1.1176,1,30,0,1
B00194,B00194_R2,791,5,7,0.2032,1.6002,839.09,0.2032,1.9812,842.79,41,39,-3.7,0.762,2.54,0.2032,1.9812,1.4986,1.1176,1.1176,2,10,1,1
B00194,B00194_R1,792,6,7,0.2032,1.6002,839.09,0.2032,1.9812,842.79,41,39,-3.7,1.9812,0.7112,1.6764,0.7112,3.175,3.556,0.8128,3,20,0,2
B00194,B00194_R1,793,7,7,0.2032,1.6002,839.09,0.2032,1.9812,842.79,41,39,-3.7,1.9812,0.2032,0.2032,1.6002,3.175,3.556,3.175,2,10,0,3
B00195,B00195_R1,794,1,3,0.2032,1.6002,871.25,0.2032,1.6002,880.16,43,42,-8.91,0.2032,1.143,1.0668,2.032,0.9652,0.9652,2.2606,1,10,0,1
B00195,B00195_R2,795,2,3,0.2032,1.6002,871.25,0.2032,1.6002,880.16,43,42,-8.91,1.6764,0.7112,1.0668,2.032,2.8702,2.8702,2.9464,3,20,1,1
B00195,B00195_R1,796,3,3,0.2032,1.6002,871.25,0.2032,1.6002,880.16,43,42,-8.91,1.6764,2.032,0.2032,1.9812,2.413,2.413,2.032,2,20,0,2
B00196,B00196_R1,797,1,7,0.2032,1.9812,881.86,1.0668,2.032,874.25,43,41,7.61,2.54,1.143,0.2032,1.9812,3.175,2.8702,3.175,2,30,0,3
B00196,B00196_R2,798,2,7,0.2032,1.9812,881.86,1.0668,2.032,874.25,43,41,7.61,1.9812,0.2032,1.0668,0.2032,3.556,3.2512,1.4224,3,20,1,1
B00196,B00196_R2,799,3,7,0.2032,1.9812,881.86,1.0668,2.032,874.25,43,41,7.61,1.0668,0.7112,1.9812,0.2032,2.6416,2.9464,1.4224,3,10,1,2
B00196,B00196_R2,800,4,7,0.2032,1.9812,881.86,1.0668,2.032,874.25,43,41,7.61,1.9812,0.2032,0.2032,1.6002,3.556,3.2512,3.175,2,30,1,3
B00196,B00196_R2,801,5,7,0.2032,1.9812,881.86,1.0668,2.032,874.25,43,41,7.61,2.54,1.143,0.2032,1.6002,3.175,2.8702,2.794,2,10,1,4
B00196,B00196_R1,802,6,7,0.2032,1.9812,881.86,1.0668,2.032,874.25,43,41,7.61,1.9812,0.7112,0.2032,1.6002,3.556,3.2512,3.175,2,30,0,2
B00196,B00196_R1,803,7,7,0.2032,1.9812,881.86,1.0668,2.032,874.25,43,41,7.61,0.2032,0.762,0.762,0.2032,1.7272,2.6416,1.1176,1,20,0,1
B00197,B00197_R1,804,1,4,0.2032,1.9812,931.77,0.2032,1.6002,931.86,45,44,-0.09,2.54,0.762,0.2032,1.6002,3.556,3.175,3.175,2,10,0,2
B00197,B00197_R2,805,2,4,0.2032,1.9812,931.77,0.2032,1.6002,931.86,45,44,-0.09,0.2032,1.143,2.54,1.9812,1.3462,0.9652,3.175,1,30,1,2
B00197,B00197_R2,806,3,4,0.2032,1.9812,931.77,0.2032,1.6002,931.86,45,44,-0.09,0.2032,0.762,1.0668,2.54,1.7272,1.3462,2.6416,1,20,1,1
B00197,B00197_R1,807,4,4,0.2032,1.9812,931.77,0.2032,1.6002,931.86,45,44,-0.09,0.2032,0.762,2.286,0.2032,1.7272,1.3462,2.6416,1,10,0,1
B00198,B00198_R2,808,1,6,0.2032,1.6002,940.99,2.54,1.9812,957.62,45,44,-16.63,1.0668,2.54,0.2032,1.9812,1.8034,2.032,1.4224,2,20,1,1
B00198,B00198_R1,809,2,6,0.2032,1.6002,940.99,2.54,1.9812,957.62,45,44,-16.63,0.2032,1.143,1.6764,0.2032,0.9652,3.175,2.413,1,20,0,1
B00198,B00198_R1,810,3,6,0.2032,1.6002,940.99,2.54,1.9812,957.62,45,44,-16.63,1.0668,0.7112,0.2032,1.9812,2.2606,3.2512,2.6416,2,20,0,2
B00198,B00198_R1,811,4,6,0.2032,1.6002,940.99,2.54,1.9812,957.62,45,44,-16.63,0.2032,1.143,1.6764,0.7112,0.9652,3.175,2.413,1,20,0,3
B00198,B00198_R2,812,5,6,0.2032,1.6002,940.99,2.54,1.9812,957.62,45,44,-16.63,1.0668,2.032,0.2032,1.9812,1.8034,2.032,1.4224,2,20,1,2
B00198,B00198_R2,813,6,6,0.2032,1.6002,940.99,2.54,1.9812,957.62,45,44,-16.63,1.0668,2.032,0.2032,1.6002,1.8034,2.032,1.8034,2,20,1,3
B00199,B00199_R1,814,1,3,1.6764,0.7112,970.74,0.2032,1.6002,993.89,47,46,-23.15,0.2032,1.143,1.6764,2.54,2.413,0.9652,2.8702,1,20,0,2
B00199,B00199_R1,815,2,3,1.6764,0.7112,970.74,0.2032,1.6002,993.89,47,46,-23.15,0.762,0.2032,2.54,1.143,1.4224,1.9558,2.7178,3,10,0,1
B00199,B00199_R2,816,3,3,1.6764,0.7112,970.74,0.2032,1.6002,993.89,47,46,-23.15,0.2032,1.143,2.286,0.2032,2.413,0.9652,3.0226,1,30,1,1
B00200,B00200_R2,817,1,1,1.6764,2.54,991.68,2.286,0.2032,978.66,47,45,13.02,0.2032,1.143,2.54,1.143,2.8702,3.0226,2.3368,1,20,1,1
B00201,B00201_R1,818,1,2,1.6764,2.54,922.85,2.54,1.143,937.89,44,43,-15.04,0.2032,1.143,0.762,2.54,2.8702,2.3368,1.9558,1,10,0,1
B00201,B00201_R2,819,2,2,1.6764,2.54,922.85,2.54,1.143,937.89,44,43,-15.04,1.6764,0.7112,0.2032,1.9812,2.9464,1.8034,3.2512,2,10,1,1
B00202,B00202_R1,820,1,5,0.762,2.54,920.55,0.2032,1.9812,940.7,44,43,-20.15,0.4572,0.2032,0.2032,1.6002,2.6416,2.032,1.651,2,30,0,2
B00202,B00202_R1,821,2,5,0.762,2.54,920.55,0.2032,1.9812,940.7,44,43,-20.15,0.762,2.54,0.2032,1.6002,0,1.1176,1.4986,2,30,0,1
B00202,B00202_R1,822,3,5,0.762,2.54,920.55,0.2032,1.9812,940.7,44,43,-20.15,1.0668,0.7112,2.54,1.9812,3.2512,2.6416,3.2512,3,30,0,3
B00202,B00202_R2,823,4,5,0.762,2.54,920.55,0.2032,1.9812,940.7,44,43,-20.15,1.0668,2.032,2.54,1.9812,0.8128,1.4224,2.032,3,20,1,1
B00202,B00202_R2,824,5,5,0.762,2.54,920.55,0.2032,1.9812,940.7,44,43,-20.15,1.0668,0.2032,0.2032,1.6002,3.2512,2.6416,2.2606,2,10,1,2
B00203,B00203_R1,825,1,5,2.54,1.9812,921.16,0.2032,1.6002,919.87,44,42,1.29,1.9812,0.7112,0.2032,1.9812,2.3368,3.175,3.556,2,10,0,2
B00203,B00203_R1,826,2,5,2.54,1.9812,921.16,0.2032,1.6002,919.87,44,42,1.29,2.286,2.54,1.6764,0.7112,0.8128,3.0226,2.9464,3,20,0,1
B00203,B00203_R2,827,3,5,2.54,1.9812,921.16,0.2032,1.6002,919.87,44,42,1.29,1.6764,2.032,0.2032,1.6002,1.4224,2.413,2.413,2,30,1,2
B00203,B00203_R2,828,4,5,2.54,1.9812,921.16,0.2032,1.6002,919.87,44,42,1.29,0.2032,1.143,0.4572,2.54,3.175,0.9652,1.651,1,30,1,1
B00203,B00203_R2,829,5,5,2.54,1.9812,921.16,0.2032,1.6002,919.87,44,42,1.29,1.0668,0.2032,0.2032,1.6002,3.2512,2.2606,2.2606,2,10,1,3
B00204,B00204_R1,830,1,6,0.2032,1.9812,908.34,0.2032,1.6002,923.38,43,42,-15.04,0.2032,1.143,1.0668,2.032,1.3462,0.9652,2.2606,1,20,0,3
B00204,B00204_R1,831,2,6,0.2032,1.9812,908.34,0.2032,1.6002,923.38,43,42,-15.04,0.762,0.2032,0.2032,1.6002,2.3368,1.9558,1.9558,2,30,0,2
B00204,B00204_R1,832,3,6,0.2032,1.9812,908.34,0.2032,1.6002,923.38,43,42,-15.04,1.6764,0.2032,0.2032,1.9812,3.2512,2.8702,3.2512,2,20,0,4
B00204,B00204_R2,833,4,6,0.2032,1.9812,908.34,0.2032,1.6002,923.38,43,42,-15.04,1.9812,0.2032,0.2032,1.9812,3.556,3.175,3.556,2,10,1,2
B00204,B00204_R1,834,5,6,0.2032,1.9812,908.34,0.2032,1.6002,923.38,43,42,-15.04,0.2032,1.143,1.0668,0.7112,1.3462,0.9652,1.8034,1,10,0,1
B00204,B00204_R2,835,6,6,0.2032,1.9812,908.34,0.2032,1.6002,923.38,43,42,-15.04,0.2032,1.143,1.9812,2.54,1.3462,0.9652,3.175,1,30,1,1
B00205,B00205_R1,836,1,3,0.2032,1.9812,968.25,0.2032,1.9812,957.05,46,43,11.2,2.286,0.2032,1.6764,2.54,3.8608,3.8608,2.9464,3,20,0,1
B00205,B00205_R2,837,2,3,0.2032,1.9812,968.25,0.2032,1.9812,957.05,46,43,11.2,1.0668,2.032,0.2032,1.9812,1.4224,1.4224,1.4224,2,30,1,1
B00205,B00205_R2,838,3,3,0.2032,1.9812,968.25,0.2032,1.9812,957.05,46,43,11.2,1.6764,2.54,0.2032,1.9812,2.032,2.032,2.032,2,10,1,2
B00206,B00206_R1,839,1,6,1.6764,2.54,950.63,0.2032,1.9812,946.83,44,42,3.8,1.9812,2.54,0.2032,1.9812,0.8128,2.3368,2.3368,2,10,0,1
B00206,B00206_R1,840,2,6,1.6764,2.54,950.63,0.2032,1.9812,946.83,44,42,3.8,0.2032,0.762,1.6764,0.2032,3.2512,1.7272,2.032,1,30,0,2
B00206,B00206_R1,841,3,6,1.6764,2.54,950.63,0.2032,1.9812,946.83,44,42,3.8,0.2032,0.762,1.0668,2.032,3.2512,1.7272,2.6416,1,30,0,3
B00206,B00206_R2,842,4,6,1.6764,2.54,950.63,0.2032,1.9812,946.83,44,42,3.8,1.0668,2.032,0.2032,1.6002,1.1176,1.4224,1.8034,2,10,1,2
B00206,B00206_R2,843,5,6,1.6764,2.54,950.63,0.2032,1.9812,946.83,44,42,3.8,0.2032,1.143,0.762,2.032,2.8702,1.3462,1.9558,1,30,1,1
B00206,B00206_R2,844,6,6,1.6764,2.54,950.63,0.2032,1.9812,946.83,44,42,3.8,0.2032,1.143,2.286,0.2032,2.8702,1.3462,3.0226,1,20,1,3
B00207,B00207_R2,845,1,6,1.0668,2.032,981.29,2.286,0.2032,966.06,45,43,15.23,2.54,0.762,0.2032,1.9812,3.2512,0.8128,3.556,2,10,1,1
B00207,B00207_R1,846,2,6,1.0668,2.032,981.29,2.286,0.2032,966.06,45,43,15.23,0.2032,0.762,0.762,0.2032,2.6416,2.6416,1.1176,1,20,0,2
B00207,B00207_R1,847,3,6,1.0668,2.032,981.29,2.286,0.2032,966.06,45,43,15.23,1.0668,2.032,0.2032,1.9812,0,3.556,1.4224,2,20,0,1
B00207,B00207_R2,848,4,6,1.0668,2.032,981.29,2.286,0.2032,966.06,45,43,15.23,0.2032,1.143,2.286,2.54,2.2606,3.0226,3.4798,1,10,1,2
B00207,B00207_R2,849,5,6,1.0668,2.032,981.29,2.286,0.2032,966.06,45,43,15.23,1.9812,2.032,1.0668,0.2032,1.4224,2.6416,3.2512,3,20,1,3
B00207,B00207_R1,850,6,6,1.0668,2.032,981.29,2.286,0.2032,966.06,45,43,15.23,0.4572,0.2032,0.2032,1.6002,2.9464,2.3368,1.651,2,10,0,3
B00208,B00208_R1,851,1,2,0.2032,1.6002,996,1.0668,0.2032,1006.05,47,45,-10.05,2.286,2.54,0.2032,1.6002,3.0226,3.556,3.0226,2,20,0,1
B00208,B00208_R2,852,2,2,0.2032,1.6002,996,1.0668,0.2032,1006.05,47,45,-10.05,1.9812,2.032,1.0668,2.032,2.7178,3.2512,1.4224,3,30,1,1
B00209,B00209_R1,853,1,3,0.2032,1.6002,985.57,1.0668,2.032,995.33,46,44,-9.76,0.2032,1.143,0.4572,2.54,0.9652,2.2606,1.651,1,30,0,2
B00209,B00209_R1,854,2,3,0.2032,1.6002,985.57,1.0668,2.032,995.33,46,44,-9.76,0.2032,0.762,0.762,0.2032,1.3462,2.6416,1.1176,1,20,0,1
B00209,B00209_R2,855,3,3,0.2032,1.6002,985.57,1.0668,2.032,995.33,46,44,-9.76,0.762,2.032,0.2032,1.6002,1.4986,0.8128,1.4986,2,30,1,1
B00210,B00210_R2,856,1,4,0.4572,2.54,965.03,0.2032,1.6002,940.12,45,42,24.91,0.2032,0.762,1.9812,0.2032,2.032,1.3462,2.3368,1,30,1,2
B00210,B00210_R2,857,2,4,0.4572,2.54,965.03,0.2032,1.6002,940.12,45,42,24.91,1.6764,0.7112,0.2032,1.9812,3.556,2.8702,3.2512,2,30,1,3
B00210,B00210_R2,858,3,4,0.4572,2.54,965.03,0.2032,1.6002,940.12,45,42,24.91,0.2032,1.143,0.4572,2.54,1.651,0.9652,1.651,1,10,1,1
B00210,B00210_R1,859,4,4,0.4572,2.54,965.03,0.2032,1.6002,940.12,45,42,24.91,1.6764,2.032,0.2032,1.9812,1.7272,2.413,2.032,2,10,0,1
B00211,B00211_R1,860,1,3,0.2032,1.9812,953.11,0.2032,1.9812,967.87,45,44,-14.76,0.762,2.032,0.2032,1.9812,1.1176,1.1176,1.1176,2,20,0,1
B00211,B00211_R2,861,2,3,0.2032,1.9812,953.11,0.2032,1.9812,967.87,45,44,-14.76,2.286,0.2032,1.0668,2.54,3.8608,3.8608,3.556,3,30,1,1
B00211,B00211_R1,862,3,3,0.2032,1.9812,953.11,0.2032,1.9812,967.87,45,44,-14.76,1.0668,0.7112,2.54,1.143,2.6416,2.6416,2.413,3,30,0,2
B00212,B00212_R1,863,1,4,2.54,1.143,958.71,1.0668,2.54,976.91,45,44,-18.2,0.2032,0.762,1.6764,2.54,2.7178,2.6416,3.2512,1,20,0,2
B00212,B00212_R2,864,2,4,2.54,1.143,958.71,1.0668,2.54,976.91,45,44,-18.2,1.6764,2.54,0.2032,1.6002,2.2606,1.1176,2.413,2,10,1,1
B00212,B00212_R1,865,3,4,2.54,1.143,958.71,1.0668,2.54,976.91,45,44,-18.2,1.6764,0.2032,0.2032,1.6002,1.8034,2.9464,2.8702,2,30,0,1
B00212,B00212_R2,866,4,4,2.54,1.143,958.71,1.0668,2.54,976.91,45,44,-18.2,0.2032,1.143,1.6764,2.032,2.3368,2.2606,2.8702,1,10,1,2
B00213,B00213_R1,867,1,2,1.6764,2.54,984.06,1.6764,2.032,984.72,46,44,-0.66,0.2032,1.143,1.6764,2.54,2.8702,2.8702,2.8702,1,30,0,1
B00213,B00213_R2,868,2,2,1.6764,2.54,984.06,1.6764,2.032,984.72,46,44,-0.66,1.9812,0.7112,1.6764,0.7112,3.2512,3.2512,0.8128,3,10,1,1
B00214,B00214_R1,869,1,4,1.6764,2.54,982.66,1.6764,0.7112,964.37,46,44,18.29,1.9812,2.032,1.6764,0.2032,0.8128,3.2512,3.2512,3,30,0,1
B00214,B00214_R2,870,2,4,1.6764,2.54,982.66,1.6764,0.7112,964.37,46,44,18.29,0.2032,0.762,1.9812,2.54,3.2512,2.032,3.556,1,20,1,2
B00214,B00214_R1,871,3,4,1.6764,2.54,982.66,1.6764,0.7112,964.37,46,44,18.29,1.9812,0.7112,0.762,2.54,3.2512,0.8128,3.556,3,30,0,2
B00214,B00214_R2,872,4,4,1.6764,2.54,982.66,1.6764,0.7112,964.37,46,44,18.29,0.2032,0.762,1.0668,0.2032,3.2512,2.032,1.4224,1,20,1,1
B00215,B00215_R1,873,1,3,0.762,2.54,987.67,1.9812,2.54,963.96,46,44,23.71,0.4572,2.54,0.2032,1.6002,0.8128,2.032,1.1938,2,10,0,1
B00215,B00215_R2,874,2,3,0.762,2.54,987.67,1.9812,2.54,963.96,46,44,23.71,1.6764,2.54,0.2032,1.6002,1.4224,0.8128,2.413,2,10,1,1
B00215,B00215_R2,875,3,3,0.762,2.54,987.67,1.9812,2.54,963.96,46,44,23.71,0.2032,1.143,0.4572,0.2032,1.9558,3.175,1.1938,1,10,1,2
B00216,B00216_R2,876,1,7,0.2032,1.6002,907.81,0.4572,0.2032,912.16,43,42,-4.35,0.2032,1.143,1.6764,2.032,0.9652,1.1938,2.8702,1,20,1,2
B00216,B00216_R1,877,2,7,0.2032,1.6002,907.81,0.4572,0.2032,912.16,43,42,-4.35,0.2032,0.762,2.286,0.2032,1.3462,0.8128,2.6416,1,10,0,4
B00216,B00216_R1,878,3,7,0.2032,1.6002,907.81,0.4572,0.2032,912.16,43,42,-4.35,0.2032,1.143,1.6764,0.7112,0.9652,1.1938,2.413,1,30,0,3
B00216,B00216_R2,879,4,7,0.2032,1.6002,907.81,0.4572,0.2032,912.16,43,42,-4.35,0.2032,0.762,1.0668,2.032,1.3462,0.8128,2.6416,1,20,1,1
B00216,B00216_R1,880,5,7,0.2032,1.6002,907.81,0.4572,0.2032,912.16,43,42,-4.35,0.2032,1.143,2.54,1.6002,0.9652,1.1938,2.794,1,30,0,1
B00216,B00216_R1,881,6,7,0.2032,1.6002,907.81,0.4572,0.2032,912.16,43,42,-4.35,2.54,1.6002,0.2032,1.6002,2.3368,3.4798,2.3368,2,30,0,2
B00216,B00216_R2,882,7,7,0.2032,1.6002,907.81,0.4572,0.2032,912.16,43,42,-4.35,0.2032,1.143,1.6764,2.032,0.9652,1.1938,2.8702,1,30,1,3
B00217,B00217_R2,883,1,3,2.286,0.2032,959.71,1.6764,2.032,951.63,45,44,8.08,2.54,0.762,2.286,2.54,0.8128,2.6416,2.032,3,10,1,1
B00217,B00217_R1,884,2,3,2.286,0.2032,959.71,1.6764,2.032,951.63,45,44,8.08,0.2032,1.143,1.0668,0.7112,3.0226,2.8702,1.8034,1,10,0,2
B00217,B00217_R1,885,3,3,2.286,0.2032,959.71,1.6764,2.032,951.63,45,44,8.08,1.9812,0.7112,1.0668,0.7112,0.8128,3.2512,1.4224,3,30,0,1
B00218,B00218_R2,886,1,7,1.0668,0.7112,968.63,2.286,2.54,947.63,46,43,21,0.2032,0.762,1.6764,0.7112,1.4224,3.8608,2.032,1,10,1,2
B00218,B00218_R2,887,2,7,1.0668,0.7112,968.63,2.286,2.54,947.63,46,43,21,0.2032,0.762,1.9812,0.7112,1.4224,3.8608,2.3368,1,30,1,4
B00218,B00218_R1,888,3,7,1.0668,0.7112,968.63,2.286,2.54,947.63,46,43,21,1.0668,2.032,0.2032,1.6002,2.9464,1.7272,1.8034,2,30,0,2
B00218,B00218_R2,889,4,7,1.0668,0.7112,968.63,2.286,2.54,947.63,46,43,21,1.9812,2.032,0.2032,1.6002,3.2512,0.8128,2.7178,2,30,1,1
B00218,B00218_R2,890,5,7,1.0668,0.7112,968.63,2.286,2.54,947.63,46,43,21,1.6764,0.2032,0.2032,1.9812,1.1176,2.9464,3.2512,2,10,1,3
B00218,B00218_R1,891,6,7,1.0668,0.7112,968.63,2.286,2.54,947.63,46,43,21,0.2032,0.762,1.0668,2.032,1.4224,3.8608,2.6416,1,30,0,1
B00218,B00218_R1,892,7,7,1.0668,0.7112,968.63,2.286,2.54,947.63,46,43,21,2.54,1.6002,0.2032,1.9812,2.8702,1.1938,2.7178,2,10,0,3
B00219,B00219_R1,893,1,5,0.2032,1.9812,1006.7,1.9812,0.7112,1012.17,48,46,-5.47,0.2032,0.762,0.762,0.7112,1.7272,2.3368,1.1176,1,10,0,3
B00219,B00219_R2,894,2,5,0.2032,1.9812,1006.7,1.9812,0.7112,1012.17,48,46,-5.47,2.54,0.762,0.2032,1.9812,3.556,1.1176,3.556,2,10,1,1
B00219,B00219_R1,895,3,5,0.2032,1.9812,1006.7,1.9812,0.7112,1012.17,48,46,-5.47,1.0668,0.2032,0.2032,1.6002,2.6416,1.4224,2.2606,2,30,0,2
B00219,B00219_R2,896,4,5,0.2032,1.9812,1006.7,1.9812,0.7112,1012.17,48,46,-5.47,2.54,1.9812,0.2032,1.9812,2.9464,2.3368,2.9464,2,30,1,2
B00219,B00219_R1,897,5,5,0.2032,1.9812,1006.7,1.9812,0.7112,1012.17,48,46,-5.47,0.2032,1.143,1.0668,0.7112,1.3462,2.7178,1.8034,1,10,0,1
B00220,B00220_R1,898,1,7,0.762,0.7112,1027.23,0.2032,1.9812,1023.29,49,46,3.94,0.2032,0.762,2.54,1.6002,1.1176,1.7272,3.175,1,10,0,2
B00220,B00220_R2,899,2,7,0.762,0.7112,1027.23,0.2032,1.9812,1023.29,49,46,3.94,0.762,2.032,0.2032,1.6002,2.9464,1.1176,1.4986,2,20,1,2
B00220,B00220_R1,900,3,7,0.762,0.7112,1027.23,0.2032,1.9812,1023.29,49,46,3.94,0.2032,0.762,0.762,0.7112,1.1176,1.7272,1.1176,1,10,0,1
B00220,B00220_R1,901,4,7,0.762,0.7112,1027.23,0.2032,1.9812,1023.29,49,46,3.94,1.9812,2.54,2.54,1.9812,3.556,2.3368,1.1176,3,20,0,3
B00220,B00220_R2,902,5,7,0.762,0.7112,1027.23,0.2032,1.9812,1023.29,49,46,3.94,0.2032,1.143,1.9812,0.7112,1.4986,1.3462,2.7178,1,10,1,3
B00220,B00220_R2,903,6,7,0.762,0.7112,1027.23,0.2032,1.9812,1023.29,49,46,3.94,0.762,2.54,0.2032,1.9812,2.9464,1.1176,1.1176,2,20,1,1
B00220,B00220_R2,904,7,7,0.762,0.7112,1027.23,0.2032,1.9812,1023.29,49,46,3.94,1.6764,0.2032,0.2032,1.6002,1.4224,3.2512,2.8702,2,10,1,4
B00221,B00221_R1,905,1,5,2.54,1.9812,1006.77,0.2032,1.6002,1026.68,49,47,-19.91,2.54,1.143,0.2032,1.6002,1.3462,2.794,2.794,2,30,0,1
B00221,B00221_R1,906,2,5,2.54,1.9812,1006.77,0.2032,1.6002,1026.68,49,47,-19.91,0.2032,0.762,1.6764,0.2032,3.556,1.3462,2.032,1,30,0,2
B00221,B00221_R2,907,3,5,2.54,1.9812,1006.77,0.2032,1.6002,1026.68,49,47,-19.91,1.6764,2.54,0.2032,1.6002,1.4224,2.413,2.413,2,20,1,2
B00221,B00221_R1,908,4,5,2.54,1.9812,1006.77,0.2032,1.6002,1026.68,49,47,-19.91,2.286,0.2032,0.4572,2.54,2.032,3.4798,4.1656,3,20,0,3
B00221,B00221_R2,909,5,5,2.54,1.9812,1006.77,0.2032,1.6002,1026.68,49,47,-19.91,0.762,0.7112,0.2032,1.9812,3.556,1.9558,2.3368,2,20,1,1
B00222,B00222_R2,910,1,6,0.4572,2.54,1048.56,0.2032,1.6002,1047.33,51,48,1.23,0.2032,0.762,1.6764,2.032,2.032,1.3462,3.2512,1,20,1,1
B00222,B00222_R2,911,2,6,0.4572,2.54,1048.56,0.2032,1.6002,1047.33,51,48,1.23,1.9812,2.032,0.2032,1.6002,2.032,2.7178,2.7178,2,30,1,3
B00222,B00222_R2,912,3,6,0.4572,2.54,1048.56,0.2032,1.6002,1047.33,51,48,1.23,1.9812,2.032,0.2032,1.9812,2.032,2.7178,2.3368,2,20,1,2
B00222,B00222_R1,913,4,6,0.4572,2.54,1048.56,0.2032,1.6002,1047.33,51,48,1.23,2.286,0.2032,0.762,2.54,4.1656,3.4798,3.8608,3,30,0,3
B00222,B00222_R1,914,5,6,0.4572,2.54,1048.56,0.2032,1.6002,1047.33,51,48,1.23,0.762,2.032,0.2032,1.9812,0.8128,1.4986,1.1176,2,30,0,1
B00222,B00222_R1,915,6,6,0.4572,2.54,1048.56,0.2032,1.6002,1047.33,51,48,1.23,0.762,2.032,0.2032,1.6002,0.8128,1.4986,1.4986,2,20,0,2
B00223,B00223_R2,916,1,4,0.762,2.54,1079.22,0.2032,1.6002,1084,52,49,-4.78,1.0668,0.7112,0.2032,1.6002,3.2512,2.2606,2.2606,2,30,1,1
B00223,B00223_R2,917,2,4,0.762,2.54,1079.22,0.2032,1.6002,1084,52,49,-4.78,2.54,1.9812,0.2032,1.6002,2.3368,2.7178,2.7178,2,10,1,2
B00223,B00223_R1,918,3,4,0.762,2.54,1079.22,0.2032,1.6002,1084,52,49,-4.78,1.6764,2.54,0.2032,1.9812,1.4224,2.413,2.032,2,30,0,1
B00223,B00223_R1,919,4,4,0.762,2.54,1079.22,0.2032,1.6002,1084,52,49,-4.78,1.0668,2.54,1.9812,0.7112,0.8128,1.8034,3.2512,3,10,0,2
B00224,B00224_R2,920,1,4,1.9812,0.7112,1088.75,0.2032,1.6002,1098.03,53,50,-9.28,0.2032,1.143,0.4572,2.54,2.7178,0.9652,1.651,1,20,1,1
B00224,B00224_R1,921,2,4,1.9812,0.7112,1088.75,0.2032,1.6002,1098.03,53,50,-9.28,0.2032,0.762,1.9812,0.2032,2.3368,1.3462,2.3368,1,30,0,2
B00224,B00224_R2,922,3,4,1.9812,0.7112,1088.75,0.2032,1.6002,1098.03,53,50,-9.28,0.2032,0.762,1.6764,2.032,2.3368,1.3462,3.2512,1,30,1,2
B00224,B00224_R1,923,4,4,1.9812,0.7112,1088.75,0.2032,1.6002,1098.03,53,50,-9.28,0.4572,0.2032,0.2032,1.6002,2.032,1.651,1.651,2,10,0,1
B00225,B00225_R1,924,1,1,1.9812,0.2032,1090.45,1.6764,2.032,1112.16,53,51,-21.71,0.2032,1.143,1.6764,2.032,2.7178,2.8702,2.8702,1,30,0,1
B00226,B00226_R1,925,1,4,1.6764,2.032,1097.08,1.6764,2.032,1077.99,53,49,19.09,1.0668,0.2032,0.2032,1.6002,2.9464,2.9464,2.2606,2,30,0,2
B00226,B00226_R1,926,2,4,1.6764,2.032,1097.08,1.6764,2.032,1077.99,53,49,19.09,0.2032,0.762,0.4572,0.2032,3.2512,3.2512,0.8128,1,20,0,1
B00226,B00226_R2,927,3,4,1.6764,2.032,1097.08,1.6764,2.032,1077.99,53,49,19.09,2.54,0.762,0.2032,1.6002,2.6416,2.6416,3.175,2,10,1,2
B00226,B00226_R2,928,4,4,1.6764,2.032,1097.08,1.6764,2.032,1077.99,53,49,19.09,1.6764,0.2032,2.54,1.143,2.9464,2.9464,1.8034,3,10,1,1
B00227,B00227_R1,929,1,4,0.2032,1.6002,1110.3,0.2032,1.6002,1098.64,54,50,11.66,0.2032,1.143,0.762,2.032,0.9652,0.9652,1.9558,1,20,0,1
B00227,B00227_R2,930,2,4,0.2032,1.6002,1110.3,0.2032,1.6002,1098.64,54,50,11.66,2.54,1.6002,0.2032,1.6002,2.3368,2.3368,2.3368,2,10,1,1
B00227,B00227_R2,931,3,4,0.2032,1.6002,1110.3,0.2032,1.6002,1098.64,54,50,11.66,1.9812,2.032,0.2032,1.6002,2.7178,2.7178,2.7178,2,30,1,2
B00227,B00227_R1,932,4,4,0.2032,1.6002,1110.3,0.2032,1.6002,1098.64,54,50,11.66,1.6764,2.54,0.2032,1.6002,2.413,2.413,2.413,2,30,0,2
B00228,B00228_R2,933,1,5,0.2032,1.6002,1119.01,0.2032,1.6002,1114.17,54,50,4.84,0.2032,0.762,1.0668,2.032,1.3462,1.3462,2.6416,1,30,1,3
B00228,B00228_R2,934,2,5,0.2032,1.6002,1119.01,0.2032,1.6002,1114.17,54,50,4.84,1.0668,0.2032,0.2032,1.9812,2.2606,2.2606,2.6416,2,30,1,2
B00228,B00228_R1,935,3,5,0.2032,1.6002,1119.01,0.2032,1.6002,1114.17,54,50,4.84,1.6764,0.2032,0.2032,1.6002,2.8702,2.8702,2.8702,2,10,0,2
B00228,B00228_R1,936,4,5,0.2032,1.6002,1119.01,0.2032,1.6002,1114.17,54,50,4.84,0.2032,1.143,0.4572,2.54,0.9652,0.9652,1.651,1,30,0,1
B00228,B00228_R2,937,5,5,0.2032,1.6002,1119.01,0.2032,1.6002,1114.17,54,50,4.84,0.2032,1.143,1.0668,0.7112,0.9652,0.9652,1.8034,1,10,1,1
B00229,B00229_R1,938,1,7,0.2032,1.6002,1135.15,1.0668,2.032,1135.81,55,52,-0.66,0.2032,0.762,1.9812,0.7112,1.3462,2.6416,2.3368,1,30,0,1
B00229,B00229_R2,939,2,7,0.2032,1.6002,1135.15,1.0668,2.032,1135.81,55,52,-0.66,0.762,2.54,1.9812,2.032,1.4986,0.8128,1.7272,3,10,1,1
B00229,B00229_R1,940,3,7,0.2032,1.6002,1135.15,1.0668,2.032,1135.81,55,52,-0.66,0.2032,1.143,1.6764,2.54,0.9652,2.2606,2.8702,1,30,0,4
B00229,B00229_R1,941,4,7,0.2032,1.6002,1135.15,1.0668,2.032,1135.81,55,52,-0.66,2.54,1.143,2.54,0.762,2.794,2.8702,0.889,3,10,0,2
B00229,B00229_R1,942,5,7,0.2032,1.6002,1135.15,1.0668,2.032,1135.81,55,52,-0.66,1.6764,0.2032,0.2032,1.9812,2.8702,2.9464,3.2512,2,30,0,3
B00229,B00229_R2,943,6,7,0.2032,1.6002,1135.15,1.0668,2.032,1135.81,55,52,-0.66,1.6764,2.032,1.0668,0.2032,2.413,1.1176,2.9464,3,30,1,2
B00229,B00229_R2,944,7,7,0.2032,1.6002,1135.15,1.0668,2.032,1135.81,55,52,-0.66,0.762,0.2032,1.0668,2.032,1.9558,3.2512,3.2512,3,20,1,3
B00230,B00230_R2,945,1,4,1.6764,2.54,1157.79,1.0668,2.032,1134.1,56,52,23.69,0.2032,0.762,1.0668,2.032,3.2512,2.6416,2.6416,1,10,1,3
B00230,B00230_R2,946,2,4,1.6764,2.54,1157.79,1.0668,2.032,1134.1,56,52,23.69,1.0668,2.032,0.2032,1.9812,1.1176,0,1.4224,2,30,1,1
B00230,B00230_R2,947,3,4,1.6764,2.54,1157.79,1.0668,2.032,1134.1,56,52,23.69,0.2032,1.143,1.9812,0.7112,2.8702,2.2606,2.7178,1,30,1,2
B00230,B00230_R1,948,4,4,1.6764,2.54,1157.79,1.0668,2.032,1134.1,56,52,23.69,2.54,1.143,0.2032,1.6002,2.2606,2.8702,2.794,2,20,0,1
B00231,B00231_R1,949,1,7,0.2032,1.6002,1135.04,1.0668,2.032,1171.47,55,54,-36.43,2.54,1.6002,0.2032,1.9812,2.3368,2.413,2.7178,2,10,0,2
B00231,B00231_R2,950,2,7,0.2032,1.6002,1135.04,1.0668,2.032,1171.47,55,54,-36.43,1.0668,0.7112,0.2032,1.6002,2.2606,2.9464,2.2606,2,30,1,2
B00231,B00231_R1,951,3,7,0.2032,1.6002,1135.04,1.0668,2.032,1171.47,55,54,-36.43,1.0668,0.7112,0.2032,1.6002,2.2606,2.9464,2.2606,2,30,0,4
B00231,B00231_R1,952,4,7,0.2032,1.6002,1135.04,1.0668,2.032,1171.47,55,54,-36.43,0.2032,1.143,1.9812,0.2032,0.9652,2.2606,2.7178,1,30,0,3
B00231,B00231_R1,953,5,7,0.2032,1.6002,1135.04,1.0668,2.032,1171.47,55,54,-36.43,0.2032,1.143,2.54,1.6002,0.9652,2.2606,2.794,1,20,0,5
B00231,B00231_R1,954,6,7,0.2032,1.6002,1135.04,1.0668,2.032,1171.47,55,54,-36.43,0.2032,1.143,2.54,1.6002,0.9652,2.2606,2.794,1,20,0,1
B00231,B00231_R2,955,7,7,0.2032,1.6002,1135.04,1.0668,2.032,1171.47,55,54,-36.43,1.9812,2.54,2.54,0.762,2.7178,1.4224,2.3368,3,30,1,1
B00232,B00232_R2,956,1,7,2.54,1.6002,1207.78,0.2032,1.6002,1184.39,59,54,23.39,0.762,2.54,2.54,1.143,2.7178,1.4986,3.175,3,30,1,2
B00232,B00232_R2,957,2,7,2.54,1.6002,1207.78,0.2032,1.6002,1184.39,59,54,23.39,1.9812,0.2032,0.2032,1.6002,1.9558,3.175,3.175,2,30,1,3
B00232,B00232_R1,958,3,7,2.54,1.6002,1207.78,0.2032,1.6002,1184.39,59,54,23.39,0.2032,1.143,1.6764,2.54,2.794,0.9652,2.8702,1,20,0,2
B00232,B00232_R1,959,4,7,2.54,1.6002,1207.78,0.2032,1.6002,1184.39,59,54,23.39,1.6764,2.032,0.2032,1.9812,1.8034,2.413,2.032,2,20,0,3
B00232,B00232_R2,960,5,7,2.54,1.6002,1207.78,0.2032,1.6002,1184.39,59,54,23.39,0.2032,1.143,0.4572,2.54,2.794,0.9652,1.651,1,10,1,1
B00232,B00232_R2,961,6,7,2.54,1.6002,1207.78,0.2032,1.6002,1184.39,59,54,23.39,0.2032,0.762,1.6764,2.032,3.175,1.3462,3.2512,1,30,1,4
B00232,B00232_R1,962,7,7,2.54,1.6002,1207.78,0.2032,1.6002,1184.39,59,54,23.39,1.6764,2.032,0.2032,1.6002,1.8034,2.413,2.413,2,20,0,1
B00233,B00233_R2,963,1,3,0.2032,1.9812,1245.55,1.6764,2.032,1239.5,61,57,6.05,2.54,1.9812,2.54,1.143,2.9464,1.4224,1.3462,3,20,1,1
B00233,B00233_R2,964,2,3,0.2032,1.9812,1245.55,1.6764,2.032,1239.5,61,57,6.05,2.54,1.6002,0.2032,1.6002,2.7178,1.8034,2.3368,2,10,1,2
B00233,B00233_R1,965,3,3,0.2032,1.9812,1245.55,1.6764,2.032,1239.5,61,57,6.05,1.0668,2.54,2.286,0.2032,1.4224,1.1176,3.556,3,10,0,1
B00234,B00234_R2,966,1,4,2.286,0.2032,1222.72,0.2032,1.6002,1206.03,59,56,16.69,0.2032,1.143,2.54,1.9812,3.0226,0.9652,3.175,1,10,1,1
B00234,B00234_R2,967,2,4,2.286,0.2032,1222.72,0.2032,1.6002,1206.03,59,56,16.69,2.54,1.9812,0.2032,1.9812,2.032,2.7178,2.9464,2,30,1,2
B00234,B00234_R1,968,3,4,2.286,0.2032,1222.72,0.2032,1.6002,1206.03,59,56,16.69,0.4572,0.2032,1.0668,2.54,2.3368,1.651,2.9464,3,30,0,2
B00234,B00234_R1,969,4,4,2.286,0.2032,1222.72,0.2032,1.6002,1206.03,59,56,16.69,1.6764,0.7112,2.286,0.2032,1.1176,2.8702,1.1176,3,10,0,1
B00235,B00235_R1,970,1,4,1.0668,2.54,1225.02,0.2032,1.9812,1220.75,59,56,4.27,2.286,2.54,0.762,2.54,1.7272,2.6416,2.032,3,20,0,1
B00235,B00235_R1,971,2,4,1.0668,2.54,1225.02,0.2032,1.9812,1220.75,59,56,4.27,0.2032,1.143,1.0668,2.54,2.2606,1.3462,2.2606,1,20,0,2
B00235,B00235_R2,972,3,4,1.0668,2.54,1225.02,0.2032,1.9812,1220.75,59,56,4.27,0.2032,1.143,1.6764,0.2032,2.2606,1.3462,2.413,1,10,1,1
B00235,B00235_R2,973,4,4,1.0668,2.54,1225.02,0.2032,1.9812,1220.75,59,56,4.27,0.762,0.2032,1.9812,2.54,3.2512,2.3368,3.556,3,20,1,2
B00236,B00236_R1,974,1,7,1.0668,2.54,1243.86,1.9812,2.54,1237.78,60,57,6.08,0.762,2.54,0.2032,1.6002,0.8128,1.7272,1.4986,2,30,0,1
B00236,B00236_R2,975,2,7,1.0668,2.54,1243.86,1.9812,2.54,1237.78,60,57,6.08,0.2032,0.762,0.762,2.54,2.6416,3.556,2.3368,1,20,1,2
B00236,B00236_R1,976,3,7,1.0668,2.54,1243.86,1.9812,2.54,1237.78,60,57,6.08,1.6764,0.7112,2.54,1.143,2.9464,3.2512,1.8034,3,10,0,4
B00236,B00236_R2,977,4,7,1.0668,2.54,1243.86,1.9812,2.54,1237.78,60,57,6.08,1.6764,2.032,0.4572,0.2032,1.1176,0.8128,3.556,3,30,1,1
B00236,B00236_R1,978,5,7,1.0668,2.54,1243.86,1.9812,2.54,1237.78,60,57,6.08,0.2032,1.143,2.54,1.143,2.2606,3.175,2.3368,1,10,0,2
B00236,B00236_R1,979,6,7,1.0668,2.54,1243.86,1.9812,2.54,1237.78,60,57,6.08,2.54,1.143,2.54,0.762,2.8702,1.9558,0.889,3,30,0,3
B00236,B00236_R2,980,7,7,1.0668,2.54,1243.86,1.9812,2.54,1237.78,60,57,6.08,0.2032,1.143,1.9812,2.54,2.2606,3.175,3.175,1,30,1,3
B00237,B00237_R2,981,1,6,2.54,1.143,1247.65,1.9812,2.54,1231.85,61,57,15.8,1.0668,2.032,1.9812,0.2032,2.8702,1.4224,3.2512,3,20,1,3
B00237,B00237_R1,982,2,6,2.54,1.143,1247.65,1.9812,2.54,1231.85,61,57,15.8,0.2032,0.762,2.54,1.6002,2.7178,3.556,3.175,1,10,0,3
B00237,B00237_R1,983,3,6,2.54,1.143,1247.65,1.9812,2.54,1231.85,61,57,15.8,1.0668,0.7112,0.2032,1.6002,2.413,3.2512,2.2606,2,10,0,2
B00237,B00237_R1,984,4,6,2.54,1.143,1247.65,1.9812,2.54,1231.85,61,57,15.8,2.54,0.762,2.286,0.2032,0.889,2.3368,0.8128,3,10,0,1
B00237,B00237_R2,985,5,6,2.54,1.143,1247.65,1.9812,2.54,1231.85,61,57,15.8,2.286,2.54,0.2032,1.9812,1.651,0.8128,2.6416,2,10,1,1
B00237,B00237_R2,986,6,6,2.54,1.143,1247.65,1.9812,2.54,1231.85,61,57,15.8,0.2032,0.762,1.0668,2.54,2.7178,3.556,2.6416,1,20,1,2
B00238,B00238_R2,987,1,3,2.54,1.6002,1268.98,1.9812,0.2032,1261.42,62,59,7.56,0.2032,0.762,0.762,0.2032,3.175,2.3368,1.1176,1,10,1,2
B00238,B00238_R2,988,2,3,2.54,1.6002,1268.98,1.9812,0.2032,1261.42,62,59,7.56,1.9812,0.2032,0.2032,1.6002,1.9558,0,3.175,2,10,1,1
B00238,B00238_R1,989,3,3,2.54,1.6002,1268.98,1.9812,0.2032,1261.42,62,59,7.56,0.2032,0.762,0.762,0.2032,3.175,2.3368,1.1176,1,10,0,1
B00239,B00239_R2,990,1,3,0.762,0.2032,1253.44,0.762,0.2032,1269.83,62,59,-16.39,0.2032,0.762,2.286,0.2032,1.1176,1.1176,2.6416,1,20,1,1
B00239,B00239_R1,991,2,3,0.762,0.2032,1253.44,0.762,0.2032,1269.83,62,59,-16.39,0.2032,1.143,1.9812,2.54,1.4986,1.4986,3.175,1,20,0,1
B00239,B00239_R1,992,3,3,0.762,0.2032,1253.44,0.762,0.2032,1269.83,62,59,-16.39,0.762,2.54,0.762,2.032,2.9464,2.9464,0.508,3,20,0,2
B00240,B00240_R2,993,1,2,0.762,2.032,1266.06,2.286,0.2032,1258.82,63,59,7.24,0.2032,0.762,1.9812,0.2032,2.3368,2.6416,2.3368,1,20,1,1
B00240,B00240_R1,994,2,2,0.762,2.032,1266.06,2.286,0.2032,1258.82,63,59,7.24,1.0668,2.54,0.762,2.032,0.8128,3.556,0.8128,3,10,0,1
B00241,B00241_R2,995,1,5,0.762,2.032,1224.78,1.9812,0.2032,1225.86,61,57,-1.08,0.2032,1.143,1.6764,0.7112,1.9558,2.7178,2.413,1,10,1,2
B00241,B00241_R2,996,2,5,0.762,2.032,1224.78,1.9812,0.2032,1225.86,61,57,-1.08,0.4572,0.2032,0.2032,1.9812,2.6416,2.032,2.032,2,30,1,3
B00241,B00241_R1,997,3,5,0.762,2.032,1224.78,1.9812,0.2032,1225.86,61,57,-1.08,0.2032,1.143,1.9812,2.54,1.9558,2.7178,3.175,1,30,0,1
B00241,B00241_R2,998,4,5,0.762,2.032,1224.78,1.9812,0.2032,1225.86,61,57,-1.08,2.54,0.762,0.2032,1.6002,3.556,1.1176,3.175,2,20,1,1
B00241,B00241_R1,999,5,5,0.762,2.032,1224.78,1.9812,0.2032,1225.86,61,57,-1.08,2.286,2.54,0.2032,1.9812,2.032,2.6416,2.6416,2,20,0,2
B00242,B00242_R1,1000,1,3,0.2032,1.9812,1241.42,0.2032,1.9812,1245.99,61,58,-4.57,1.9812,0.2032,0.4572,0.2032,3.556,3.556,2.032,3,10,0,2
B00242,B00242_R1,1001,2,3,0.2032,1.9812,1241.42,0.2032,1.9812,1245.99,61,58,-4.57,0.2032,1.143,0.762,2.54,1.3462,1.3462,1.9558,1,20,0,1
B00242,B00242_R2,1002,3,3,0.2032,1.9812,1241.42,0.2032,1.9812,1245.99,61,58,-4.57,2.54,1.143,0.2032,1.9812,3.175,3.175,3.175,2,10,1,1