batch_id,group_id,task_id,batch_position,batch_size,r1_next_x,r1_next_y,r1_tuf,r2_next_x,r2_next_y,r2_tuf,r1_queue_length,r2_queue_length,tuf_difference,task_pl_x,task_pl_y,task_dl_x,task_dl_y,r1_dist_to_pickup,r2_dist_to_pickup,task_dist_to_dropoff,task_type,deadline,assigned_robot,sequence_rank
B00001,B00001_R2,1,1,4,1.3716,0.2032,0.0,1.3716,2.54,0.0,0,0,0.0,1.9812,0.2032,1.9812,2.54,1.1176,2.9464,2.9464,3,30,1,2
B00001,B00001_R1,2,2,4,1.3716,0.2032,0.0,1.3716,2.54,0.0,0,0,0.0,0.762,0.7112,0.2032,1.9812,1.1176,2.9464,2.3368,2,30,0,1
B00001,B00001_R1,3,3,4,1.3716,0.2032,0.0,1.3716,2.54,0.0,0,0,0.0,0.4572,0.2032,0.4572,2.54,1.4224,3.2512,2.3368,3,30,0,2
B00001,B00001_R2,4,4,4,1.3716,0.2032,0.0,1.3716,2.54,0.0,0,0,0.0,0.762,2.032,2.54,1.9812,2.9464,1.1176,2.3368,3,10,1,1
B00002,B00002_R2,5,1,4,0.4572,2.54,23.25,1.9812,2.54,26.86,1,1,-3.61,0.4572,0.2032,0.2032,1.6002,2.3368,3.8608,1.651,2,20,1,2
B00002,B00002_R1,6,2,4,0.4572,2.54,23.25,1.9812,2.54,26.86,1,1,-3.61,0.2032,1.143,1.9812,0.7112,1.651,3.175,2.7178,1,10,0,1
B00002,B00002_R2,7,3,4,0.4572,2.54,23.25,1.9812,2.54,26.86,1,1,-3.61,0.762,2.032,0.2032,1.9812,0.8128,1.7272,1.1176,2,30,1,1
B00002,B00002_R1,8,4,4,0.4572,2.54,23.25,1.9812,2.54,26.86,1,1,-3.61,1.9812,0.7112,0.2032,1.6002,3.8608,2.9464,3.175,2,30,0,2
B00003,B00003_R1,9,1,1,0.2032,1.6002,4.0,0.2032,1.6002,4.0,1,1,0.0,0.2032,1.143,1.6764,0.7112,0.9652,0.9652,2.413,1,20,0,1
B00004,B00004_R2,10,1,3,1.6764,0.7112,0.0,0.2032,1.6002,0.0,0,0,0.0,0.4572,0.2032,1.9812,2.54,1.7272,1.651,3.8608,3,20,1,2
B00004,B00004_R2,11,2,3,1.6764,0.7112,0.0,0.2032,1.6002,0.0,0,0,0.0,0.762,0.2032,0.2032,1.6002,1.4224,1.9558,1.9558,2,20,1,1
B00004,B00004_R1,12,3,3,1.6764,0.7112,0.0,0.2032,1.6002,0.0,0,0,0.0,2.286,0.2032,0.2032,1.9812,1.1176,3.4798,3.8608,2,30,0,1
B00005,B00005_R1,13,1,3,0.2032,1.9812,9.12,1.9812,2.54,33.57,1,2,-24.45,0.762,0.2032,0.2032,1.9812,2.3368,3.556,2.3368,2,30,0,2
B00005,B00005_R2,14,2,3,0.2032,1.9812,9.12,1.9812,2.54,33.57,1,2,-24.45,2.286,0.2032,0.2032,1.9812,3.8608,2.6416,3.8608,2,30,1,1
B00005,B00005_R1,15,3,3,0.2032,1.9812,9.12,1.9812,2.54,33.57,1,2,-24.45,0.2032,1.143,1.0668,0.2032,1.3462,3.175,1.8034,1,10,0,1
B00006,B00006_R1,16,1,1,0.2032,1.9812,5.51,0.2032,1.9812,24.95,1,1,-19.44,0.2032,0.762,1.6764,0.7112,1.7272,1.7272,2.032,1,20,0,1
B00007,B00007_R2,17,1,4,1.6764,0.7112,5.21,0.2032,1.9812,4.0,1,1,1.21,0.2032,0.762,1.6764,0.2032,2.032,1.7272,2.032,1,30,1,2
B00007,B00007_R1,18,2,4,1.6764,0.7112,5.21,0.2032,1.9812,4.0,1,1,1.21,1.6764,0.7112,0.2032,1.9812,0.0,3.2512,3.2512,2,30,0,1
B00007,B00007_R2,19,3,4,1.6764,0.7112,5.21,0.2032,1.9812,4.0,1,1,1.21,1.9812,2.54,0.2032,1.9812,3.2512,2.3368,2.3368,2,10,1,1
B00007,B00007_R1,20,4,4,1.6764,0.7112,5.21,0.2032,1.9812,4.0,1,1,1.21,2.286,2.54,0.2032,1.6002,2.9464,2.6416,3.0226,2,30,0,2
B00008,B00008_R2,21,1,3,0.2032,1.6002,12.73,1.6764,0.2032,8.82,1,1,3.91,0.2032,0.762,0.762,2.032,1.3462,2.032,2.3368,1,20,1,2
B00008,B00008_R1,22,2,3,0.2032,1.6002,12.73,1.6764,0.2032,8.82,1,1,3.91,0.2032,0.762,2.54,0.762,1.3462,2.032,2.9464,1,20,0,1
B00008,B00008_R2,23,3,3,0.2032,1.6002,12.73,1.6764,0.2032,8.82,1,1,3.91,0.762,0.2032,0.2032,1.6002,1.9558,1.4224,1.9558,2,20,1,1
B00009,B00009_R2,24,1,4,2.54,0.762,17.63,0.762,2.032,29.05,1,2,-11.42,0.2032,1.143,1.6764,2.54,2.7178,1.9558,2.8702,1,30,1,1
B00009,B00009_R1,25,2,4,2.54,0.762,17.63,0.762,2.032,29.05,1,2,-11.42,2.54,0.762,0.2032,1.9812,0.0,3.556,3.556,2,30,0,2
B00009,B00009_R1,26,3,4,2.54,0.762,17.63,0.762,2.032,29.05,1,2,-11.42,2.54,0.762,0.2032,1.6002,0.0,3.556,3.175,2,30,0,1
B00009,B00009_R2,27,4,4,2.54,0.762,17.63,0.762,2.032,29.05,1,2,-11.42,2.54,1.143,0.2032,1.6002,0.889,3.175,2.794,2,20,1,2
B00010,B00010_R1,28,1,1,0.2032,1.9812,45.6,0.2032,1.6002,58.91,2,3,-13.31,0.2032,0.762,1.0668,0.7112,1.7272,1.3462,1.4224,1,10,0,1
B00011,B00011_R1,29,1,2,1.0668,0.7112,23.94,0.2032,1.6002,19.84,2,1,4.1,0.2032,0.762,0.762,0.2032,1.4224,1.3462,1.1176,1,30,0,1
B00011,B00011_R2,30,2,2,1.0668,0.7112,23.94,0.2032,1.6002,19.84,2,1,4.1,0.2032,0.762,1.9812,0.2032,1.4224,1.3462,2.3368,1,20,1,1
B00012,B00012_R1,31,1,4,0.762,0.2032,20.03,1.9812,0.2032,19.54,2,1,0.49,1.9812,2.54,0.2032,1.6002,3.556,2.9464,2.7178,2,10,0,2
B00012,B00012_R1,32,2,4,0.762,0.2032,20.03,1.9812,0.2032,19.54,2,1,0.49,0.762,2.54,1.9812,2.54,2.9464,3.556,1.7272,3,10,0,1
B00012,B00012_R2,33,3,4,0.762,0.2032,20.03,1.9812,0.2032,19.54,2,1,0.49,0.2032,1.143,0.762,0.7112,1.4986,2.7178,1.4986,1,10,1,2
B00012,B00012_R2,34,4,4,0.762,0.2032,20.03,1.9812,0.2032,19.54,2,1,0.49,2.286,2.54,0.2032,1.6002,3.8608,2.6416,3.0226,2,30,1,1
B00013,B00013_R2,35,1,2,0.2032,1.6002,40.18,0.762,0.7112,43.09,2,2,-2.91,1.0668,0.2032,0.2032,1.6002,2.2606,0.8128,2.2606,2,10,1,1
B00013,B00013_R1,36,2,2,0.2032,1.6002,40.18,0.762,0.7112,43.09,2,2,-2.91,0.2032,0.762,2.286,0.2032,1.3462,1.1176,2.6416,1,20,0,1
B00014,B00014_R2,37,1,4,2.286,0.2032,21.74,0.2032,1.6002,18.13,1,1,3.61,2.54,1.6002,0.2032,1.6002,1.651,2.3368,2.3368,2,30,1,2
B00014,B00014_R2,38,2,4,2.286,0.2032,21.74,0.2032,1.6002,18.13,1,1,3.61,0.2032,1.143,1.9812,0.7112,3.0226,0.9652,2.7178,1,20,1,1
B00014,B00014_R1,39,3,4,2.286,0.2032,21.74,0.2032,1.6002,18.13,1,1,3.61,0.2032,0.762,1.0668,0.2032,2.6416,1.3462,1.4224,1,10,0,2
B00014,B00014_R1,40,4,4,2.286,0.2032,21.74,0.2032,1.6002,18.13,1,1,3.61,2.54,1.143,1.0668,0.2032,1.1938,2.794,2.413,3,30,0,1
B00015,B00015_R1,41,1,1,1.0668,0.2032,17.23,0.2032,1.6002,22.94,1,1,-5.71,2.54,1.143,1.6764,2.032,2.413,2.794,2.2606,3,20,0,1
B00016,B00016_R2,42,1,4,1.6764,2.032,0.0,0.2032,1.6002,0.0,0,0,0.0,0.2032,1.143,1.0668,0.2032,2.8702,0.9652,1.8034,1,20,1,1
B00016,B00016_R1,43,2,4,1.6764,2.032,0.0,0.2032,1.6002,0.0,0,0,0.0,1.0668,2.032,0.2032,1.9812,1.1176,1.8034,1.4224,2,20,0,1
B00016,B00016_R1,44,3,4,1.6764,2.032,0.0,0.2032,1.6002,0.0,0,0,0.0,1.6764,2.032,0.2032,1.9812,0.0,2.413,2.032,2,30,0,2
B00016,B00016_R2,45,4,4,1.6764,2.032,0.0,0.2032,1.6002,0.0,0,0,0.0,0.2032,1.143,1.9812,0.7112,2.8702,0.9652,2.7178,1,20,1,2
B00017,B00017_R1,46,1,1,0.2032,1.9812,21.04,1.9812,0.7112,23.85,1,1,-2.81,1.6764,2.032,1.0668,0.7112,2.032,3.2512,2.9464,3,30,0,1
B00018,B00018_R2,47,1,1,1.0668,0.7112,25.65,1.9812,0.7112,9.12,1,1,16.53,0.2032,1.143,1.6764,0.2032,1.8034,2.7178,2.413,1,20,1,1
B00019,B00019_R2,48,1,3,1.0668,0.7112,0.0,1.6764,0.2032,0.0,0,0,0.0,2.54,0.762,1.0668,2.54,2.032,1.4224,3.2512,3,20,1,1
B00019,B00019_R2,49,2,3,1.0668,0.7112,0.0,1.6764,0.2032,0.0,0,0,0.0,1.9812,2.54,0.2032,1.9812,3.2512,3.2512,2.3368,2,20,1,2
B00019,B00019_R1,50,3,3,1.0668,0.7112,0.0,1.6764,0.2032,0.0,0,0,0.0,2.286,2.54,0.2032,1.6002,3.556,2.9464,3.0226,2,30,0,1
B00020,B00020_R1,51,1,2,0.2032,1.6002,0.0,0.2032,1.9812,7.61,0,1,-7.61,1.0668,0.2032,1.0668,2.54,2.2606,2.6416,2.9464,3,10,0,1
B00020,B00020_R2,52,2,2,0.2032,1.6002,0.0,0.2032,1.9812,7.61,0,1,-7.61,0.762,2.032,0.2032,1.9812,1.4986,1.1176,1.1176,2,10,1,1
B00021,B00021_R2,53,1,2,1.0668,2.54,7.91,0.2032,1.9812,0.0,1,0,7.91,0.4572,0.2032,0.2032,1.6002,2.9464,2.032,1.651,2,10,1,1
B00021,B00021_R1,54,2,2,1.0668,2.54,7.91,0.2032,1.9812,0.0,1,0,7.91,2.54,1.143,0.2032,1.6002,2.8702,3.175,2.794,2,10,0,1
B00022,B00022_R2,55,1,3,0.2032,1.6002,0.0,0.2032,1.6002,0.0,0,0,0.0,2.54,1.143,0.4572,0.2032,2.794,2.794,3.0226,3,30,1,2
B00022,B00022_R2,56,2,3,0.2032,1.6002,0.0,0.2032,1.6002,0.0,0,0,0.0,2.54,1.6002,0.2032,1.6002,2.3368,2.3368,2.3368,2,20,1,1
B00022,B00022_R1,57,3,3,0.2032,1.6002,0.0,0.2032,1.6002,0.0,0,0,0.0,1.9812,2.032,0.2032,1.6002,2.7178,2.7178,2.7178,2,10,0,1
B00023,B00023_R2,58,1,4,0.2032,1.6002,10.32,0.4572,0.2032,32.96,1,2,-22.64,2.54,0.762,0.2032,1.6002,3.175,2.6416,3.175,2,10,1,1
B00023,B00023_R1,59,2,4,0.2032,1.6002,10.32,0.4572,0.2032,32.96,1,2,-22.64,0.2032,1.143,2.54,1.9812,0.9652,1.1938,3.175,1,20,0,2
B00023,B00023_R1,60,3,4,0.2032,1.6002,10.32,0.4572,0.2032,32.96,1,2,-22.64,2.54,1.6002,1.6764,0.2032,2.3368,3.4798,2.2606,3,20,0,3
B00023,B00023_R1,61,4,4,0.2032,1.6002,10.32,0.4572,0.2032,32.96,1,2,-22.64,0.762,2.54,0.2032,1.9812,1.4986,2.6416,1.1176,2,30,0,1
B00024,B00024_R1,62,1,2,1.6764,0.2032,27.55,0.2032,1.6002,21.94,2,1,5.61,1.0668,0.2032,0.2032,1.9812,1.1176,2.2606,2.6416,2,10,0,1
B00024,B00024_R2,63,2,2,1.6764,0.2032,27.55,0.2032,1.6002,21.94,2,1,5.61,0.2032,1.143,2.54,0.762,2.413,0.9652,2.7178,1,20,1,1
B00025,B00025_R2,64,1,1,0.2032,1.9812,27.25,2.54,0.762,20.54,2,1,6.71,0.2032,0.762,2.286,2.54,1.7272,2.9464,3.8608,1,20,1,1
B00026,B00026_R1,65,1,1,0.2032,1.9812,7.31,2.286,2.54,32.87,1,1,-25.56,1.6764,0.7112,1.6764,2.032,3.2512,2.9464,2.9464,3,20,0,1
B00027,B00027_R2,66,1,4,1.6764,2.032,17.63,2.286,2.54,13.93,1,1,3.7,0.2032,1.143,1.6764,0.7112,2.8702,3.4798,2.413,1,30,1,2
B00027,B00027_R2,67,2,4,1.6764,2.032,17.63,2.286,2.54,13.93,1,1,3.7,2.286,0.2032,0.762,2.54,2.9464,2.3368,3.8608,3,20,1,1
B00027,B00027_R1,68,3,4,1.6764,2.032,17.63,2.286,2.54,13.93,1,1,3.7,0.2032,1.143,0.4572,2.54,2.8702,3.4798,1.651,1,10,0,1
B00027,B00027_R1,69,4,4,1.6764,2.032,17.63,2.286,2.54,13.93,1,1,3.7,0.2032,1.143,2.54,1.9812,2.8702,3.4798,3.175,1,20,0,2
B00028,B00028_R2,70,1,4,2.54,1.9812,46.69,1.6764,0.7112,48.2,2,2,-1.51,0.2032,0.762,1.6764,2.54,3.556,2.032,3.2512,1,20,1,1
B00028,B00028_R1,71,2,4,2.54,1.9812,46.69,1.6764,0.7112,48.2,2,2,-1.51,1.9812,2.032,0.2032,1.9812,1.1176,3.2512,2.3368,2,10,0,2
B00028,B00028_R2,72,3,4,2.54,1.9812,46.69,1.6764,0.7112,48.2,2,2,-1.51,0.762,2.032,0.2032,1.9812,2.3368,3.2512,1.1176,2,30,1,2
B00028,B00028_R1,73,4,4,2.54,1.9812,46.69,1.6764,0.7112,48.2,2,2,-1.51,1.6764,2.032,1.9812,2.54,1.4224,2.9464,0.8128,3,20,0,1
B00029,B00029_R1,74,1,3,0.2032,1.9812,57.1,0.2032,1.9812,70.14,3,4,-13.04,0.2032,1.143,2.54,1.9812,1.3462,1.3462,3.175,1,20,0,1
B00029,B00029_R1,75,2,3,0.2032,1.9812,57.1,0.2032,1.9812,70.14,3,4,-13.04,1.9812,2.032,0.2032,1.9812,2.3368,2.3368,2.3368,2,20,0,2
B00029,B00029_R2,76,3,3,0.2032,1.9812,57.1,0.2032,1.9812,70.14,3,4,-13.04,1.6764,0.7112,0.2032,1.6002,3.2512,3.2512,2.8702,2,30,1,1
B00030,B00030_R1,77,1,4,0.2032,1.9812,81.05,0.2032,1.6002,80.96,5,4,0.09,1.9812,0.7112,0.2032,1.6002,3.556,3.175,3.175,2,10,0,2
B00030,B00030_R2,78,2,4,0.2032,1.9812,81.05,0.2032,1.6002,80.96,5,4,0.09,2.286,2.54,0.2032,1.9812,2.6416,3.0226,2.6416,2,30,1,2
B00030,B00030_R1,79,3,4,0.2032,1.9812,81.05,0.2032,1.6002,80.96,5,4,0.09,0.2032,0.762,0.762,0.2032,1.7272,1.3462,1.1176,1,20,0,1
B00030,B00030_R2,80,4,4,0.2032,1.9812,81.05,0.2032,1.6002,80.96,5,4,0.09,0.2032,0.762,2.286,0.2032,1.7272,1.3462,2.6416,1,30,1,1
B00031,B00031_R1,81,1,1,0.2032,1.6002,103.3,0.2032,1.9812,106.91,5,5,-3.61,0.762,2.032,0.2032,1.6002,1.4986,1.1176,1.4986,2,30,0,1
B00032,B00032_R1,82,1,4,0.2032,1.6002,80.05,0.2032,1.9812,66.93,4,3,13.12,1.6764,2.54,0.762,2.032,2.413,2.032,1.4224,3,10,0,2
B00032,B00032_R2,83,2,4,0.2032,1.6002,80.05,0.2032,1.9812,66.93,4,3,13.12,0.2032,0.762,0.762,0.2032,1.3462,1.7272,1.1176,1,20,1,1
B00032,B00032_R1,84,3,4,0.2032,1.6002,80.05,0.2032,1.9812,66.93,4,3,13.12,0.2032,1.143,1.6764,2.032,0.9652,1.3462,2.8702,1,30,0,1
B00032,B00032_R2,85,4,4,0.2032,1.6002,80.05,0.2032,1.9812,66.93,4,3,13.12,0.2032,1.143,2.54,0.762,0.9652,1.3462,2.7178,1,10,1,2
B00033,B00033_R1,86,1,3,0.762,2.032,95.17,2.54,0.762,86.26,5,4,8.91,1.6764,2.54,0.2032,1.6002,1.4224,2.6416,2.413,2,20,0,1
B00033,B00033_R2,87,2,3,0.762,2.032,95.17,2.54,0.762,86.26,5,4,8.91,1.6764,0.7112,0.2032,1.6002,3.2512,1.4224,2.8702,2,30,1,1
B00033,B00033_R2,88,3,3,0.762,2.032,95.17,2.54,0.762,86.26,5,4,8.91,2.54,1.9812,0.2032,1.6002,2.3368,1.7272,2.7178,2,30,1,2
B00034,B00034_R2,89,1,3,0.2032,1.6002,73.73,0.2032,1.6002,96.68,4,5,-22.95,0.762,2.54,0.2032,1.6002,1.4986,1.4986,1.4986,2,10,1,1
B00034,B00034_R1,90,2,3,0.2032,1.6002,73.73,0.2032,1.6002,96.68,4,5,-22.95,1.9812,0.2032,0.2032,1.9812,3.175,3.175,3.556,2,10,0,2
B00034,B00034_R1,91,3,3,0.2032,1.6002,73.73,0.2032,1.6002,96.68,4,5,-22.95,0.2032,0.762,1.9812,0.2032,1.3462,1.3462,2.3368,1,30,0,1
B00035,B00035_R1,92,1,4,0.2032,1.9812,75.34,0.2032,1.6002,73.74,4,4,1.6,0.4572,2.54,1.6764,2.54,0.8128,1.1938,1.7272,3,30,0,1
B00035,B00035_R2,93,2,4,0.2032,1.9812,75.34,0.2032,1.6002,73.74,4,4,1.6,0.2032,0.762,1.6764,2.54,1.7272,1.3462,3.2512,1,20,1,2
B00035,B00035_R1,94,3,4,0.2032,1.9812,75.34,0.2032,1.6002,73.74,4,4,1.6,1.6764,2.54,0.2032,1.9812,2.032,2.413,2.032,2,20,0,2
B00035,B00035_R2,95,4,4,0.2032,1.9812,75.34,0.2032,1.6002,73.74,4,4,1.6,0.762,0.2032,0.2032,1.6002,2.3368,1.9558,1.9558,2,30,1,1
B00036,B00036_R1,96,1,3,0.2032,1.9812,86.16,1.6764,2.54,100.3,5,5,-14.14,1.6764,2.032,0.2032,1.6002,2.032,0.508,2.413,2,20,0,1
B00036,B00036_R2,97,2,3,0.2032,1.9812,86.16,1.6764,2.54,100.3,5,5,-14.14,1.9812,2.54,0.762,2.54,2.3368,0.8128,1.7272,3,10,1,1
B00036,B00036_R1,98,3,3,0.2032,1.9812,86.16,1.6764,2.54,100.3,5,5,-14.14,1.0668,0.7112,0.2032,1.9812,2.6416,2.9464,2.6416,2,30,0,2
B00037,B00037_R2,99,1,3,0.2032,1.9812,114.21,0.762,2.54,96.18,6,5,18.03,0.762,2.032,0.2032,1.9812,1.1176,0.508,1.1176,2,10,1,1
B00037,B00037_R1,100,2,3,0.2032,1.9812,114.21,0.762,2.54,96.18,6,5,18.03,0.2032,1.143,2.54,0.762,1.3462,1.9558,2.7178,1,20,0,1
B00037,B00037_R2,101,3,3,0.2032,1.9812,114.21,0.762,2.54,96.18,6,5,18.03,1.6764,0.7112,0.2032,1.9812,3.2512,3.2512,3.2512,2,30,1,2
B00038,B00038_R2,102,1,1,2.54,0.762,97.78,0.2032,1.9812,98.99,5,5,-1.21,0.2032,0.762,1.0668,0.7112,2.9464,1.7272,1.4224,1,20,1,1
B00039,B00039_R1,103,1,3,2.54,0.762,76.15,1.0668,0.7112,97.38,4,5,-21.23,0.2032,1.143,2.54,1.143,2.7178,1.8034,2.3368,1,30,0,2
B00039,B00039_R1,104,2,3,2.54,0.762,76.15,1.0668,0.7112,97.38,4,5,-21.23,1.6764,0.7112,0.2032,1.9812,1.4224,1.1176,3.2512,2,10,0,1
B00039,B00039_R2,105,3,3,2.54,0.762,76.15,1.0668,0.7112,97.38,4,5,-21.23,0.762,0.2032,0.2032,1.9812,2.3368,0.8128,2.3368,2,10,1,1
B00040,B00040_R2,106,1,1,2.54,1.143,102.7,0.2032,1.9812,94.77,5,5,7.93,1.0668,0.2032,0.4572,0.2032,2.413,2.6416,1.1176,3,20,1,1
B00041,B00041_R2,107,1,2,2.54,1.143,83.46,0.4572,0.2032,95.78,4,5,-12.32,0.2032,0.762,0.762,0.2032,2.7178,0.8128,1.1176,1,30,1,1
B00041,B00041_R1,108,2,2,2.54,1.143,83.46,0.4572,0.2032,95.78,4,5,-12.32,2.54,1.9812,1.0668,2.032,1.3462,3.8608,2.032,3,30,0,1
B00042,B00042_R1,109,1,4,1.0668,2.032,59.72,0.762,0.2032,68.82,3,4,-9.1,1.0668,2.54,1.9812,2.032,0.508,3.2512,1.4224,3,30,0,1
B00042,B00042_R2,110,2,4,1.0668,2.032,59.72,0.762,0.2032,68.82,3,4,-9.1,2.54,1.9812,0.2032,1.6002,2.032,3.556,2.7178,2,20,1,2
B00042,B00042_R1,111,3,4,1.0668,2.032,59.72,0.762,0.2032,68.82,3,4,-9.1,2.286,2.54,0.2032,1.6002,1.7272,3.8608,3.0226,2,20,0,2
B00042,B00042_R2,112,4,4,1.0668,2.032,59.72,0.762,0.2032,68.82,3,4,-9.1,1.0668,0.7112,0.2032,1.6002,2.9464,0.8128,2.2606,2,30,1,1
B00043,B00043_R1,113,1,3,0.2032,1.6002,73.64,0.2032,1.6002,95.27,4,5,-21.63,1.6764,0.7112,0.2032,1.6002,2.8702,2.8702,2.8702,2,20,0,2
B00043,B00043_R2,114,2,3,0.2032,1.6002,73.64,0.2032,1.6002,95.27,4,5,-21.63,2.54,1.6002,0.2032,1.6002,2.3368,2.3368,2.3368,2,10,1,1
B00043,B00043_R1,115,3,3,0.2032,1.6002,73.64,0.2032,1.6002,95.27,4,5,-21.63,0.2032,0.762,0.762,0.2032,1.3462,1.3462,1.1176,1,10,0,1
B00044,B00044_R1,116,1,3,0.2032,1.6002,92.77,0.2032,1.6002,98.68,5,5,-5.91,0.2032,1.143,2.54,0.762,0.9652,0.9652,2.7178,1,10,0,2
B00044,B00044_R2,117,2,3,0.2032,1.6002,92.77,0.2032,1.6002,98.68,5,5,-5.91,1.0668,2.54,1.0668,0.7112,1.8034,1.8034,2.9464,3,30,1,1
B00044,B00044_R1,118,3,3,0.2032,1.6002,92.77,0.2032,1.6002,98.68,5,5,-5.91,1.0668,2.032,0.2032,1.6002,1.8034,1.8034,1.8034,2,20,0,1
B00045,B00045_R1,119,1,5,2.54,0.762,113.21,1.0668,0.7112,105.2,6,5,8.01,1.9812,0.2032,0.2032,1.9812,1.1176,1.4224,3.556,2,30,0,1
B00045,B00045_R2,120,2,5,2.54,0.762,113.21,1.0668,0.7112,105.2,6,5,8.01,0.4572,0.2032,0.2032,1.9812,2.6416,1.1176,2.032,2,10,1,1
B00045,B00045_R2,121,3,5,2.54,0.762,113.21,1.0668,0.7112,105.2,6,5,8.01,0.2032,1.143,0.762,2.54,2.7178,1.8034,1.9558,1,10,1,2
B00045,B00045_R2,122,4,5,2.54,0.762,113.21,1.0668,0.7112,105.2,6,5,8.01,1.0668,2.032,0.2032,1.6002,3.2512,2.9464,1.8034,2,20,1,3
B00045,B00045_R1,123,5,5,2.54,0.762,113.21,1.0668,0.7112,105.2,6,5,8.01,0.2032,0.762,1.6764,2.032,2.9464,1.4224,3.2512,1,30,0,2
B00046,B00046_R2,124,1,1,1.6764,2.032,143.48,0.2032,1.6002,136.26,7,7,7.22,1.0668,0.2032,0.2032,1.6002,2.9464,2.2606,2.2606,2,30,1,1
B00047,B00047_R1,125,1,3,1.6764,2.032,103.0,0.2032,1.6002,122.23,5,6,-19.23,0.2032,1.143,2.54,1.6002,2.8702,0.9652,2.794,1,30,0,2
B00047,B00047_R2,126,2,3,1.6764,2.032,103.0,0.2032,1.6002,122.23,5,6,-19.23,0.762,0.7112,1.9812,2.032,3.2512,1.9558,3.556,3,30,1,1
B00047,B00047_R1,127,3,3,1.6764,2.032,103.0,0.2032,1.6002,122.23,5,6,-19.23,2.54,1.9812,0.2032,1.6002,1.4224,2.7178,2.7178,2,20,0,1
B00048,B00048_R1,128,1,2,2.54,1.6002,126.94,1.9812,2.032,127.64,6,6,-0.7,0.2032,0.762,1.9812,0.7112,3.175,3.556,2.3368,1,30,0,1
B00048,B00048_R2,129,2,2,2.54,1.6002,126.94,1.9812,2.032,127.64,6,6,-0.7,2.54,1.9812,0.2032,1.6002,0.889,1.1176,2.7178,2,30,1,1
B00049,B00049_R2,130,1,4,1.9812,0.7112,92.28,0.2032,1.6002,88.07,4,4,4.21,1.6764,2.032,0.2032,1.9812,3.2512,2.413,2.032,2,30,1,2
B00049,B00049_R2,131,2,4,1.9812,0.7112,92.28,0.2032,1.6002,88.07,4,4,4.21,0.2032,1.143,1.9812,2.54,2.7178,0.9652,3.175,1,30,1,1
B00049,B00049_R1,132,3,4,1.9812,0.7112,92.28,0.2032,1.6002,88.07,4,4,4.21,1.9812,0.2032,0.2032,1.6002,0.508,3.175,3.175,2,30,0,2
B00049,B00049_R1,133,4,4,1.9812,0.7112,92.28,0.2032,1.6002,88.07,4,4,4.21,1.0668,0.7112,1.9812,0.2032,1.4224,2.2606,1.4224,3,10,0,1
B00050,B00050_R1,134,1,3,0.2032,1.6002,106.7,0.2032,1.9812,106.8,5,5,-0.1,0.2032,1.143,2.54,0.762,0.9652,1.3462,2.7178,1,30,0,1
B00050,B00050_R1,135,2,3,0.2032,1.6002,106.7,0.2032,1.9812,106.8,5,5,-0.1,2.54,0.762,0.2032,1.9812,3.175,3.556,3.556,2,30,0,2
B00050,B00050_R2,136,3,3,0.2032,1.6002,106.7,0.2032,1.9812,106.8,5,5,-0.1,0.2032,0.762,1.0668,0.7112,1.3462,1.7272,1.4224,1,30,1,1
B00051,B00051_R2,137,1,1,0.2032,1.9812,124.94,1.0668,0.7112,105.89,6,5,19.05,0.2032,0.762,2.54,1.6002,1.7272,1.4224,3.175,1,20,1,1
B00052,B00052_R1,138,1,4,0.2032,1.9812,48.19,2.54,1.6002,48.99,3,3,-0.8,0.762,0.2032,0.2032,1.6002,2.3368,3.175,1.9558,2,30,0,1
B00052,B00052_R1,139,2,4,0.2032,1.9812,48.19,2.54,1.6002,48.99,3,3,-0.8,0.2032,0.762,1.6764,2.54,1.7272,3.175,3.2512,1,20,0,2
B00052,B00052_R2,140,3,4,0.2032,1.9812,48.19,2.54,1.6002,48.99,3,3,-0.8,0.2032,0.762,1.6764,2.54,1.7272,3.175,3.2512,1,10,1,2
B00052,B00052_R2,141,4,4,0.2032,1.9812,48.19,2.54,1.6002,48.99,3,3,-0.8,1.6764,0.7112,1.9812,0.7112,3.2512,2.2606,0.8128,3,10,1,1
B00053,B00053_R2,142,1,4,1.6764,2.54,56.21,1.6764,2.54,53.8,3,3,2.41,0.4572,0.2032,1.0668,0.7112,3.556,3.556,1.1176,3,20,1,2
B00053,B00053_R2,143,2,4,1.6764,2.54,56.21,1.6764,2.54,53.8,3,3,2.41,1.9812,2.54,0.2032,1.9812,0.8128,0.8128,2.3368,2,20,1,1
B00053,B00053_R1,144,3,4,1.6764,2.54,56.21,1.6764,2.54,53.8,3,3,2.41,0.2032,1.143,0.762,0.2032,2.8702,2.8702,1.4986,1,10,0,2
B00053,B00053_R1,145,4,4,1.6764,2.54,56.21,1.6764,2.54,53.8,3,3,2.41,0.762,2.032,0.2032,1.9812,1.4224,1.4224,1.1176,2,10,0,1
B00054,B00054_R2,146,1,2,0.762,0.2032,67.13,1.0668,0.7112,74.13,4,4,-7.0,1.9812,2.032,1.0668,0.2032,3.556,3.2512,3.2512,3,20,1,1
B00054,B00054_R1,147,2,2,0.762,0.2032,67.13,1.0668,0.7112,74.13,4,4,-7.0,0.2032,1.143,1.9812,0.7112,1.4986,1.8034,2.7178,1,10,0,1
B00055,B00055_R1,148,1,3,1.9812,0.7112,69.23,1.0668,0.2032,81.86,4,4,-12.63,2.286,2.54,0.2032,1.9812,2.6416,3.556,2.6416,2,30,0,1
B00055,B00055_R1,149,2,3,1.9812,0.7112,69.23,1.0668,0.2032,81.86,4,4,-12.63,0.4572,2.54,0.2032,1.6002,3.8608,2.9464,1.1938,2,20,0,2
B00055,B00055_R2,150,3,3,1.9812,0.7112,69.23,1.0668,0.2032,81.86,4,4,-12.63,0.2032,0.762,1.9812,2.54,2.3368,1.4224,3.556,1,20,1,1
B00056,B00056_R1,151,1,3,0.2032,1.6002,69.83,1.9812,2.54,67.73,4,3,2.1,0.2032,1.143,0.762,0.2032,0.9652,3.175,1.4986,1,30,0,1
B00056,B00056_R2,152,2,3,0.2032,1.6002,69.83,1.9812,2.54,67.73,4,3,2.1,1.6764,2.032,2.54,1.143,2.413,0.8128,2.2606,3,10,1,1
B00056,B00056_R1,153,3,3,0.2032,1.6002,69.83,1.9812,2.54,67.73,4,3,2.1,1.0668,0.7112,2.286,0.2032,2.2606,3.2512,1.7272,3,20,0,2
B00057,B00057_R1,154,1,4,2.286,0.2032,81.66,2.54,1.143,64.82,5,3,16.84,1.6764,0.7112,0.2032,1.9812,1.1176,1.8034,3.2512,2,20,0,1
B00057,B00057_R2,155,2,4,2.286,0.2032,81.66,2.54,1.143,64.82,5,3,16.84,0.762,0.7112,2.54,1.143,2.032,2.7178,2.7178,3,30,1,2
B00057,B00057_R2,156,3,4,2.286,0.2032,81.66,2.54,1.143,64.82,5,3,16.84,0.2032,1.143,1.0668,0.7112,3.0226,2.3368,1.8034,1,10,1,1
B00057,B00057_R1,157,4,4,2.286,0.2032,81.66,2.54,1.143,64.82,5,3,16.84,0.2032,0.762,1.6764,2.032,2.6416,2.7178,3.2512,1,10,0,2
B00058,B00058_R1,158,1,4,1.6764,2.032,111.01,2.54,1.143,86.06,6,4,24.95,0.762,2.032,2.54,1.143,1.4224,3.175,3.175,3,20,0,1
B00058,B00058_R2,159,2,4,1.6764,2.032,111.01,2.54,1.143,86.06,6,4,24.95,0.762,2.032,0.2032,1.6002,1.4224,3.175,1.4986,2,10,1,3
B00058,B00058_R2,160,3,4,1.6764,2.032,111.01,2.54,1.143,86.06,6,4,24.95,1.6764,2.032,1.9812,2.54,0.0,2.2606,0.8128,3,10,1,1
B00058,B00058_R2,161,4,4,1.6764,2.032,111.01,2.54,1.143,86.06,6,4,24.95,0.4572,2.54,0.2032,1.9812,1.7272,3.4798,0.8128,2,30,1,2
B00059,B00059_R2,162,1,2,2.54,1.143,115.52,0.2032,1.6002,118.51,6,7,-2.99,1.0668,2.032,0.2032,1.6002,2.8702,1.8034,1.8034,2,20,1,1
B00059,B00059_R1,163,2,2,2.54,1.143,115.52,0.2032,1.6002,118.51,6,7,-2.99,1.6764,0.7112,0.2032,1.6002,1.8034,2.8702,2.8702,2,10,0,1
B00060,B00060_R2,164,1,2,0.2032,1.6002,97.5,0.2032,1.6002,98.28,4,6,-0.78,0.2032,1.143,1.9812,0.7112,0.9652,0.9652,2.7178,1,10,1,1
B00060,B00060_R1,165,2,2,0.2032,1.6002,97.5,0.2032,1.6002,98.28,4,6,-0.78,0.2032,0.762,2.54,0.762,1.3462,1.3462,2.9464,1,30,0,1
B00061,B00061_R2,166,1,3,2.54,0.762,100.19,1.9812,0.7112,100.08,5,6,0.11,0.2032,0.762,1.0668,2.032,2.9464,2.3368,2.6416,1,10,1,1
B00061,B00061_R1,167,2,3,2.54,0.762,100.19,1.9812,0.7112,100.08,5,6,0.11,2.54,0.762,0.2032,1.6002,0.0,1.1176,3.175,2,30,0,1
B00061,B00061_R1,168,3,3,2.54,0.762,100.19,1.9812,0.7112,100.08,5,6,0.11,0.2032,0.762,1.0668,2.54,2.9464,2.3368,2.6416,1,10,0,2
B00062,B00062_R2,169,1,3,1.0668,2.54,80.54,1.0668,2.032,63.92,4,3,16.62,2.54,1.143,0.2032,1.9812,2.8702,2.8702,3.175,2,20,1,2
B00062,B00062_R1,170,2,3,1.0668,2.54,80.54,1.0668,2.032,63.92,4,3,16.62,1.9812,0.2032,0.2032,1.6002,3.2512,3.2512,3.175,2,10,0,1
B00062,B00062_R2,171,3,3,1.0668,2.54,80.54,1.0668,2.032,63.92,4,3,16.62,0.2032,0.762,2.54,1.6002,2.6416,2.6416,3.175,1,20,1,1
B00063,B00063_R2,172,1,3,0.2032,1.6002,91.78,0.2032,1.9812,94.68,4,4,-2.9,0.762,0.7112,0.2032,1.6002,1.9558,2.3368,1.9558,2,30,1,1
B00063,B00063_R1,173,2,3,0.2032,1.6002,91.78,0.2032,1.9812,94.68,4,4,-2.9,2.54,0.762,1.6764,0.7112,3.175,3.556,1.4224,3,10,0,2
B00063,B00063_R1,174,3,3,0.2032,1.6002,91.78,0.2032,1.9812,94.68,4,4,-2.9,0.2032,0.762,2.54,1.6002,1.3462,1.7272,3.175,1,20,0,1
B00064,B00064_R2,175,1,4,1.6764,0.7112,112.42,0.2032,1.6002,97.69,5,4,14.73,0.2032,1.143,2.54,1.143,2.413,0.9652,2.3368,1,20,1,1
B00064,B00064_R2,176,2,4,1.6764,0.7112,112.42,0.2032,1.6002,97.69,5,4,14.73,2.54,1.143,0.762,0.7112,1.8034,2.794,2.7178,3,20,1,2
B00064,B00064_R1,177,3,4,1.6764,0.7112,112.42,0.2032,1.6002,97.69,5,4,14.73,0.2032,1.143,1.9812,2.032,2.413,0.9652,3.175,1,30,0,1
B00064,B00064_R2,178,4,4,1.6764,0.7112,112.42,0.2032,1.6002,97.69,5,4,14.73,0.762,0.2032,0.762,2.54,1.4224,1.9558,2.9464,3,10,1,3
B00065,B00065_R1,179,1,4,1.9812,2.032,120.95,0.762,2.54,129.64,5,6,-8.69,2.54,0.762,0.2032,1.9812,2.3368,3.556,3.556,2,20,0,1
B00065,B00065_R1,180,2,4,1.9812,2.032,120.95,0.762,2.54,129.64,5,6,-8.69,0.2032,0.762,1.0668,2.032,3.556,2.3368,2.6416,1,10,0,2
B00065,B00065_R2,181,3,4,1.9812,2.032,120.95,0.762,2.54,129.64,5,6,-8.69,0.2032,1.143,2.286,0.2032,3.175,1.9558,3.0226,1,20,1,1
B00065,B00065_R2,182,4,4,1.9812,2.032,120.95,0.762,2.54,129.64,5,6,-8.69,0.762,0.2032,1.9812,2.54,3.556,2.9464,3.556,3,30,1,2
B00066,B00066_R1,183,1,1,1.0668,2.032,151.71,1.9812,2.54,167.42,6,8,-15.71,2.54,1.143,0.2032,1.6002,2.8702,1.9558,2.794,2,20,0,1
B00067,B00067_R2,184,1,1,0.2032,1.6002,120.54,1.9812,2.54,105.3,5,5,15.24,1.9812,0.2032,0.2032,1.6002,3.175,2.9464,3.175,2,20,1,1
B00068,B00068_R1,185,1,3,0.2032,1.6002,99.4,0.2032,1.6002,116.24,4,5,-16.84,0.2032,0.762,2.54,1.6002,1.3462,1.3462,3.175,1,20,0,1
B00068,B00068_R2,186,2,3,0.2032,1.6002,99.4,0.2032,1.6002,116.24,4,5,-16.84,1.0668,0.2032,0.2032,1.9812,2.2606,2.2606,2.6416,2,20,1,1
B00068,B00068_R1,187,3,3,0.2032,1.6002,99.4,0.2032,1.6002,116.24,4,5,-16.84,2.286,2.54,0.2032,1.9812,3.0226,3.0226,2.6416,2,10,0,2
B00069,B00069_R2,188,1,1,0.2032,1.9812,84.27,0.2032,1.9812,80.16,4,3,4.11,0.2032,0.762,1.6764,0.7112,1.7272,1.7272,2.032,1,20,1,1
B00070,B00070_R1,189,1,2,0.2032,1.9812,43.98,1.6764,0.7112,60.72,2,3,-16.74,0.2032,1.143,1.9812,2.54,1.3462,2.413,3.175,1,20,0,1
B00070,B00070_R2,190,2,2,0.2032,1.9812,43.98,1.6764,0.7112,60.72,2,3,-16.74,2.54,1.9812,0.2032,1.6002,2.9464,2.6416,2.7178,2,10,1,1
B00071,B00071_R1,191,1,3,1.9812,2.54,44.99,0.2032,1.6002,67.84,2,3,-22.85,1.6764,2.54,0.2032,1.9812,0.8128,2.413,2.032,2,20,0,1
B00071,B00071_R2,192,2,3,1.9812,2.54,44.99,0.2032,1.6002,67.84,2,3,-22.85,0.4572,2.54,0.762,2.032,2.032,1.1938,0.8128,3,10,1,1
B00071,B00071_R1,193,3,3,1.9812,2.54,44.99,0.2032,1.6002,67.84,2,3,-22.85,1.6764,2.54,0.762,0.7112,0.8128,2.413,3.2512,3,10,0,2
B00072,B00072_R1,194,1,2,0.762,0.7112,26.86,0.762,2.032,21.53,1,2,5.33,1.9812,2.54,1.0668,2.032,3.556,1.7272,1.4224,3,20,0,1
B00072,B00072_R2,195,2,2,0.762,0.7112,26.86,0.762,2.032,21.53,1,2,5.33,1.0668,2.032,0.2032,1.9812,3.2512,0.8128,1.4224,2,10,1,1
B00073,B00073_R2,196,1,1,1.0668,2.032,36.57,0.2032,1.9812,14.82,2,1,21.75,1.0668,0.7112,0.2032,1.9812,2.9464,2.6416,2.6416,2,20,1,1
B00074,B00074_R1,197,1,5,1.0668,2.032,15.02,0.2032,1.9812,22.54,1,1,-7.52,0.2032,0.762,2.54,1.6002,2.6416,1.7272,3.175,1,30,0,3
B00074,B00074_R1,198,2,5,1.0668,2.032,15.02,0.2032,1.9812,22.54,1,1,-7.52,1.6764,2.54,1.9812,0.7112,1.1176,2.032,3.2512,3,10,0,1
B00074,B00074_R2,199,3,5,1.0668,2.032,15.02,0.2032,1.9812,22.54,1,1,-7.52,2.54,1.9812,0.2032,1.6002,2.032,2.9464,2.7178,2,30,1,2
B00074,B00074_R2,200,4,5,1.0668,2.032,15.02,0.2032,1.9812,22.54,1,1,-7.52,0.2032,0.762,2.54,1.9812,2.6416,1.7272,3.556,1,10,1,1
B00074,B00074_R1,201,5,5,1.0668,2.032,15.02,0.2032,1.9812,22.54,1,1,-7.52,1.0668,0.7112,0.2032,1.9812,2.9464,2.6416,2.6416,2,10,0,2
B00075,B00075_R1,202,1,3,2.54,1.6002,45.19,0.2032,1.6002,25.85,2,2,19.34,0.2032,1.143,1.0668,2.54,2.794,0.9652,2.2606,1,10,0,1
B00075,B00075_R2,203,2,3,2.54,1.6002,45.19,0.2032,1.6002,25.85,2,2,19.34,0.2032,1.143,1.0668,0.2032,2.794,0.9652,1.8034,1,20,1,1
B00075,B00075_R2,204,3,3,2.54,1.6002,45.19,0.2032,1.6002,25.85,2,2,19.34,0.2032,0.762,1.6764,0.2032,3.175,1.3462,2.032,1,20,1,2
B00076,B00076_R2,205,1,3,1.0668,2.54,33.56,1.6764,0.2032,19.64,2,1,13.92,2.286,0.2032,0.2032,1.6002,3.556,1.1176,3.4798,2,20,1,1
B00076,B00076_R1,206,2,3,1.0668,2.54,33.56,1.6764,0.2032,19.64,2,1,13.92,0.762,0.7112,1.9812,2.54,3.2512,1.4224,3.556,3,20,0,1
B00076,B00076_R2,207,3,3,1.0668,2.54,33.56,1.6764,0.2032,19.64,2,1,13.92,0.762,0.7112,0.2032,1.9812,3.2512,1.4224,2.3368,2,20,1,2
B00077,B00077_R2,208,1,1,1.9812,2.54,43.79,0.2032,1.9812,47.09,2,2,-3.3,0.762,0.7112,0.2032,1.6002,3.556,2.3368,1.9558,2,30,1,1
B00078,B00078_R1,209,1,2,1.9812,2.54,23.45,0.2032,1.6002,53.49,1,3,-30.04,0.762,0.7112,0.4572,0.2032,3.556,1.9558,0.8128,3,30,0,1
B00078,B00078_R1,210,2,2,1.9812,2.54,23.45,0.2032,1.6002,53.49,1,3,-30.04,0.2032,0.762,0.4572,2.54,3.556,1.3462,2.032,1,20,0,2
B00079,B00079_R1,211,1,4,0.4572,2.54,40.48,0.2032,1.6002,30.25,2,2,10.23,1.0668,2.032,0.2032,1.9812,1.1176,1.8034,1.4224,2,30,0,1
B00079,B00079_R2,212,2,4,0.4572,2.54,40.48,0.2032,1.6002,30.25,2,2,10.23,1.9812,2.032,0.2032,1.6002,2.032,2.7178,2.7178,2,10,1,2
B00079,B00079_R1,213,3,4,0.4572,2.54,40.48,0.2032,1.6002,30.25,2,2,10.23,1.9812,0.7112,0.2032,1.6002,3.8608,3.175,3.175,2,10,0,2
B00079,B00079_R2,214,4,4,0.4572,2.54,40.48,0.2032,1.6002,30.25,2,2,10.23,0.2032,1.143,1.0668,2.032,1.651,0.9652,2.2606,1,10,1,1
B00080,B00080_R2,215,1,3,0.2032,1.6002,71.04,0.2032,1.6002,50.79,4,3,20.25,0.762,2.032,0.2032,1.6002,1.4986,1.4986,1.4986,2,20,1,1
B00080,B00080_R1,216,2,3,0.2032,1.6002,71.04,0.2032,1.6002,50.79,4,3,20.25,0.2032,1.143,1.0668,0.2032,0.9652,0.9652,1.8034,1,10,0,1
B00080,B00080_R2,217,3,3,0.2032,1.6002,71.04,0.2032,1.6002,50.79,4,3,20.25,2.54,1.6002,0.2032,1.9812,2.3368,2.3368,2.7178,2,20,1,2
B00081,B00081_R1,218,1,2,1.0668,0.2032,48.5,0.2032,1.9812,54.1,2,3,-5.6,0.762,0.7112,1.6764,0.2032,0.8128,2.3368,1.4224,3,30,0,1
B00081,B00081_R2,219,2,2,1.0668,0.2032,48.5,0.2032,1.9812,54.1,2,3,-5.6,1.9812,2.54,0.762,2.54,3.2512,2.3368,1.7272,3,10,1,1
B00082,B00082_R1,220,1,1,1.6764,0.2032,43.87,0.762,2.54,55.9,3,3,-12.03,0.2032,1.143,2.54,1.6002,2.413,1.9558,2.794,1,20,0,1
B00083,B00083_R1,221,1,5,2.54,1.6002,48.98,0.762,2.54,38.77,3,2,10.21,1.0668,0.2032,0.4572,0.2032,2.8702,3.2512,1.1176,3,20,0,1
B00083,B00083_R1,222,2,5,2.54,1.6002,48.98,0.762,2.54,38.77,3,2,10.21,1.0668,0.7112,0.2032,1.6002,2.8702,3.2512,2.2606,2,10,0,2
B00083,B00083_R2,223,3,5,2.54,1.6002,48.98,0.762,2.54,38.77,3,2,10.21,0.4572,2.54,0.2032,1.9812,3.0226,0.8128,0.8128,2,10,1,1
B00083,B00083_R2,224,4,5,2.54,1.6002,48.98,0.762,2.54,38.77,3,2,10.21,1.0668,2.032,0.2032,1.6002,2.413,0.8128,1.8034,2,30,1,2
B00083,B00083_R2,225,5,5,2.54,1.6002,48.98,0.762,2.54,38.77,3,2,10.21,0.2032,1.143,1.9812,2.032,2.794,1.9558,3.175,1,10,1,3
B00084,B00084_R1,226,1,1,0.2032,1.6002,67.63,1.9812,2.032,69.72,3,4,-2.09,0.762,2.54,0.2032,1.6002,1.4986,1.7272,1.4986,2,30,0,1
B00085,B00085_R2,227,1,2,0.2032,1.6002,70.13,1.9812,2.032,50.28,4,3,19.85,1.9812,0.7112,0.2032,1.6002,3.175,2.9464,3.175,2,10,1,1
B00085,B00085_R1,228,2,2,0.2032,1.6002,70.13,1.9812,2.032,50.28,4,3,19.85,1.6764,0.2032,0.2032,1.6002,2.8702,3.2512,2.8702,2,20,0,1
B00086,B00086_R2,229,1,3,0.2032,1.6002,76.24,0.2032,1.6002,59.21,4,3,17.03,0.4572,0.2032,0.2032,1.6002,1.651,1.651,1.651,2,10,1,1
B00086,B00086_R2,230,2,3,0.2032,1.6002,76.24,0.2032,1.6002,59.21,4,3,17.03,0.2032,0.762,1.9812,0.7112,1.3462,1.3462,2.3368,1,30,1,2
B00086,B00086_R1,231,3,3,0.2032,1.6002,76.24,0.2032,1.6002,59.21,4,3,17.03,1.6764,2.032,0.762,2.54,2.413,2.413,1.4224,3,30,0,1
B00087,B00087_R1,232,1,1,0.762,2.54,56.51,1.9812,0.7112,58.1,3,3,-1.59,0.2032,0.762,0.762,0.7112,2.3368,2.3368,1.1176,1,10,0,1
B00088,B00088_R2,233,1,2,0.762,0.7112,58.11,1.9812,0.7112,38.57,3,2,19.54,0.2032,1.143,0.762,2.032,1.4986,2.7178,1.9558,1,30,1,1
B00088,B00088_R1,234,2,2,0.762,0.7112,58.11,1.9812,0.7112,38.57,3,2,19.54,0.2032,0.762,0.4572,2.54,1.1176,2.3368,2.032,1,20,0,1
B00089,B00089_R2,235,1,3,0.4572,2.54,54.6,0.762,2.032,42.18,3,2,12.42,2.54,0.762,0.2032,1.6002,3.8608,3.556,3.175,2,30,1,2
B00089,B00089_R2,236,2,3,0.4572,2.54,54.6,0.762,2.032,42.18,3,2,12.42,0.2032,1.143,0.762,2.032,1.651,1.9558,1.9558,1,10,1,1
B00089,B00089_R1,237,3,3,0.4572,2.54,54.6,0.762,2.032,42.18,3,2,12.42,1.0668,0.7112,0.2032,1.9812,2.9464,3.2512,2.6416,2,10,0,1
B00090,B00090_R1,238,1,3,0.2032,1.9812,62.72,0.2032,1.6002,76.25,3,3,-13.53,1.0668,2.54,2.286,2.54,1.4224,1.8034,1.7272,3,20,0,1
B00090,B00090_R2,239,2,3,0.2032,1.9812,62.72,0.2032,1.6002,76.25,3,3,-13.53,0.2032,0.762,2.286,0.2032,1.7272,1.3462,2.6416,1,10,1,1
B00090,B00090_R1,240,3,3,0.2032,1.9812,62.72,0.2032,1.6002,76.25,3,3,-13.53,0.4572,2.54,2.54,0.762,0.8128,1.1938,3.8608,3,20,0,2
B00091,B00091_R2,241,1,3,2.54,0.762,90.97,2.286,0.2032,75.75,4,3,15.22,0.2032,1.143,1.0668,2.54,2.7178,3.0226,2.2606,1,30,1,1
B00091,B00091_R1,242,2,3,2.54,0.762,90.97,2.286,0.2032,75.75,4,3,15.22,0.2032,1.143,1.6764,0.2032,2.7178,3.0226,2.413,1,30,0,1
B00091,B00091_R2,243,3,3,2.54,0.762,90.97,2.286,0.2032,75.75,4,3,15.22,0.762,2.032,2.54,0.762,3.556,3.8608,3.556,3,10,1,2
B00092,B00092_R1,244,1,1,1.6764,0.2032,55.71,2.54,0.762,66.54,2,3,-10.83,1.6764,0.7112,0.2032,1.9812,0.508,1.4224,3.2512,2,10,0,1
B00093,B00093_R2,245,1,3,0.2032,1.9812,18.83,2.54,0.762,5.51,1,1,13.32,0.2032,1.143,1.6764,2.54,1.3462,2.7178,2.8702,1,20,1,2
B00093,B00093_R2,246,2,3,0.2032,1.9812,18.83,2.54,0.762,5.51,1,1,13.32,0.2032,0.762,2.54,1.143,1.7272,2.9464,2.7178,1,20,1,1
B00093,B00093_R1,247,3,3,0.2032,1.9812,18.83,2.54,0.762,5.51,1,1,13.32,0.2032,1.143,1.6764,2.54,1.3462,2.7178,2.8702,1,10,0,1
B00094,B00094_R2,248,1,3,1.6764,2.54,0.0,1.6764,2.54,0.0,0,0,0.0,0.2032,1.143,1.6764,0.2032,2.8702,2.8702,2.413,1,20,1,2
B00094,B00094_R1,249,2,3,1.6764,2.54,0.0,1.6764,2.54,0.0,0,0,0.0,0.762,0.7112,1.0668,0.7112,3.2512,3.2512,0.8128,3,20,0,1
B00094,B00094_R2,250,3,3,1.6764,2.54,0.0,1.6764,2.54,0.0,0,0,0.0,1.6764,2.032,0.2032,1.6002,0.508,0.508,2.413,2,30,1,1
B00095,B00095_R1,251,1,1,1.0668,0.7112,0.0,1.6764,0.2032,0.0,0,0,0.0,0.2032,1.143,1.0668,2.54,1.8034,2.413,2.2606,1,10,0,1
B00096,B00096_R1,252,1,4,1.0668,2.54,0.0,1.6764,0.2032,0.0,0,0,0.0,1.9812,2.032,0.2032,1.6002,1.4224,3.2512,2.7178,2,10,0,2
B00096,B00096_R1,253,2,4,1.0668,2.54,0.0,1.6764,0.2032,0.0,0,0,0.0,0.4572,2.54,0.2032,1.9812,1.1176,3.556,0.8128,2,10,0,1
B00096,B00096_R2,254,3,4,1.0668,2.54,0.0,1.6764,0.2032,0.0,0,0,0.0,2.54,1.143,0.2032,1.6002,2.8702,1.8034,2.794,2,20,1,1
B00096,B00096_R2,255,4,4,1.0668,2.54,0.0,1.6764,0.2032,0.0,0,0,0.0,0.2032,1.143,1.0668,2.032,2.2606,2.413,2.2606,1,30,1,2
B00097,B00097_R2,256,1,2,0.2032,1.6002,0.0,1.0668,2.032,0.0,0,0,0.0,1.9812,2.54,2.54,1.6002,2.7178,1.4224,1.4986,3,30,1,1
B00097,B00097_R1,257,2,2,0.2032,1.6002,0.0,1.0668,2.032,0.0,0,0,0.0,0.2032,0.762,2.54,0.762,1.3462,2.6416,2.9464,1,10,0,1
B00098,B00098_R1,258,1,2,2.54,0.762,0.0,2.54,1.6002,0.0,0,0,0.0,0.2032,1.143,1.0668,2.032,2.7178,2.794,2.2606,1,10,0,1
B00098,B00098_R2,259,2,2,2.54,0.762,0.0,2.54,1.6002,0.0,0,0,0.0,1.0668,2.032,0.762,0.7112,3.2512,2.413,3.2512,3,30,1,1
B00099,B00099_R1,260,1,2,1.0668,2.032,0.0,0.762,0.7112,0.0,0,0,0.0,0.2032,0.762,0.4572,0.2032,2.6416,1.1176,0.8128,1,20,0,1
B00099,B00099_R2,261,2,2,1.0668,2.032,0.0,0.762,0.7112,0.0,0,0,0.0,1.9812,0.2032,0.2032,1.6002,3.2512,1.7272,3.175,2,30,1,1
B00100,B00100_R2,262,1,2,0.4572,0.2032,0.0,0.2032,1.6002,0.0,0,0,0.0,2.54,1.9812,0.2032,1.9812,3.8608,2.7178,2.9464,2,30,1,1
B00100,B00100_R1,263,2,2,0.4572,0.2032,0.0,0.2032,1.6002,0.0,0,0,0.0,0.2032,1.143,1.9812,2.54,1.1938,0.9652,3.175,1,30,0,1
B00101,B00101_R2,264,1,3,1.9812,2.54,0.0,0.2032,1.9812,0.0,0,0,0.0,0.2032,1.143,1.0668,2.54,3.175,1.3462,2.2606,1,20,1,1
B00101,B00101_R1,265,2,3,1.9812,2.54,0.0,0.2032,1.9812,0.0,0,0,0.0,0.2032,1.143,2.286,0.2032,3.175,1.3462,3.0226,1,10,0,1
B00101,B00101_R2,266,3,3,1.9812,2.54,0.0,0.2032,1.9812,0.0,0,0,0.0,0.4572,2.54,1.0668,2.032,2.032,0.8128,1.1176,3,30,1,2
B00102,B00102_R2,267,1,5,2.286,0.2032,6.71,1.0668,2.032,20.03,1,2,-13.32,0.762,0.7112,0.2032,1.6002,2.032,3.2512,1.9558,2,10,1,2
B00102,B00102_R1,268,2,5,2.286,0.2032,6.71,1.0668,2.032,20.03,1,2,-13.32,2.286,0.2032,0.2032,1.9812,0.0,3.556,3.8608,2,20,0,1
B00102,B00102_R1,269,3,5,2.286,0.2032,6.71,1.0668,2.032,20.03,1,2,-13.32,2.286,2.54,0.4572,2.54,2.3368,1.7272,2.3368,3,30,0,3
B00102,B00102_R2,270,4,5,2.286,0.2032,6.71,1.0668,2.032,20.03,1,2,-13.32,1.0668,2.032,0.2032,1.9812,3.556,0.0,1.4224,2,30,1,1
B00102,B00102_R1,271,5,5,2.286,0.2032,6.71,1.0668,2.032,20.03,1,2,-13.32,0.2032,1.143,0.762,2.032,3.0226,2.2606,1.9558,1,10,0,2
B00103,B00103_R2,272,1,1,0.4572,2.54,51.4,0.2032,1.6002,34.55,3,2,16.85,2.286,2.54,0.2032,1.6002,2.3368,3.0226,3.0226,2,20,1,1
B00104,B00104_R1,273,1,4,0.4572,2.54,29.66,0.2032,1.6002,43.58,2,2,-13.92,1.9812,2.032,0.2032,1.6002,2.032,2.7178,2.7178,2,30,0,1
B00104,B00104_R1,274,2,4,0.4572,2.54,29.66,0.2032,1.6002,43.58,2,2,-13.92,0.2032,1.143,1.6764,0.2032,1.651,0.9652,2.413,1,20,0,2
B00104,B00104_R2,275,3,4,0.4572,2.54,29.66,0.2032,1.6002,43.58,2,2,-13.92,0.2032,0.762,1.9812,0.7112,2.032,1.3462,2.3368,1,30,1,2
B00104,B00104_R2,276,4,4,0.4572,2.54,29.66,0.2032,1.6002,43.58,2,2,-13.92,0.2032,1.143,1.0668,0.7112,1.651,0.9652,1.8034,1,10,1,1
B00105,B00105_R1,277,1,5,1.6764,0.2032,54.11,1.9812,0.7112,63.02,3,3,-8.91,0.762,0.2032,0.2032,1.9812,1.4224,1.7272,2.3368,2,10,0,1
B00105,B00105_R2,278,2,5,1.6764,0.2032,54.11,1.9812,0.7112,63.02,3,3,-8.91,1.9812,0.2032,2.54,1.143,0.8128,0.508,1.4986,3,30,1,1
B00105,B00105_R1,279,3,5,1.6764,0.2032,54.11,1.9812,0.7112,63.02,3,3,-8.91,0.762,2.032,0.2032,1.9812,3.2512,3.556,1.1176,2,10,0,2
B00105,B00105_R1,280,4,5,1.6764,0.2032,54.11,1.9812,0.7112,63.02,3,3,-8.91,0.2032,1.143,0.762,2.54,2.413,2.7178,1.9558,1,10,0,3
B00105,B00105_R2,281,5,5,1.6764,0.2032,54.11,1.9812,0.7112,63.02,3,3,-8.91,0.2032,1.143,0.762,2.54,2.413,2.7178,1.9558,1,10,1,2
B00106,B00106_R2,282,1,5,0.762,2.54,70.22,0.762,2.54,57.7,4,3,12.52,0.762,2.54,1.0668,0.7112,0.0,0.0,3.2512,3,20,1,1
B00106,B00106_R2,283,2,5,0.762,2.54,70.22,0.762,2.54,57.7,4,3,12.52,2.54,1.143,0.2032,1.9812,3.175,3.175,3.175,2,30,1,3
B00106,B00106_R1,284,3,5,0.762,2.54,70.22,0.762,2.54,57.7,4,3,12.52,1.6764,0.2032,0.2032,1.9812,3.2512,3.2512,3.2512,2,30,0,2
B00106,B00106_R1,285,4,5,0.762,2.54,70.22,0.762,2.54,57.7,4,3,12.52,0.4572,0.2032,0.2032,1.9812,2.6416,2.6416,2.032,2,20,0,1
B00106,B00106_R2,286,5,5,0.762,2.54,70.22,0.762,2.54,57.7,4,3,12.52,1.9812,0.7112,0.2032,1.6002,3.556,3.556,3.175,2,10,1,2
B00107,B00107_R1,287,1,4,0.2032,1.9812,105.19,0.2032,1.9812,109.4,5,5,-4.21,0.2032,1.143,2.54,0.762,1.3462,1.3462,2.7178,1,20,0,1
B00107,B00107_R2,288,2,4,0.2032,1.9812,105.19,0.2032,1.9812,109.4,5,5,-4.21,0.2032,0.762,0.4572,0.2032,1.7272,1.7272,0.8128,1,10,1,1
B00107,B00107_R2,289,3,4,0.2032,1.9812,105.19,0.2032,1.9812,109.4,5,5,-4.21,0.4572,0.2032,0.2032,1.6002,2.032,2.032,1.651,2,20,1,2
B00107,B00107_R1,290,4,4,0.2032,1.9812,105.19,0.2032,1.9812,109.4,5,5,-4.21,1.0668,0.7112,0.2032,1.9812,2.6416,2.6416,2.6416,2,20,0,2
B00108,B00108_R1,291,1,3,0.2032,1.9812,132.05,0.2032,1.6002,119.42,6,6,12.63,1.6764,0.2032,0.762,0.2032,3.2512,2.8702,1.4224,3,10,0,1
B00108,B00108_R2,292,2,3,0.2032,1.9812,132.05,0.2032,1.6002,119.42,6,6,12.63,0.2032,1.143,0.4572,2.54,1.3462,0.9652,1.651,1,10,1,1
B00108,B00108_R2,293,3,3,0.2032,1.9812,132.05,0.2032,1.6002,119.42,6,6,12.63,0.2032,0.762,0.762,2.032,1.7272,1.3462,2.3368,1,30,1,2
B00109,B00109_R1,294,1,1,0.762,0.2032,116.63,0.762,2.032,118.43,5,6,-1.8,2.286,0.2032,0.2032,1.9812,2.032,3.8608,3.8608,2,30,0,1
B00110,B00110_R1,295,1,3,0.2032,1.9812,82.16,0.762,2.032,57.31,4,4,24.85,1.0668,0.7112,1.6764,2.54,2.6416,3.2512,2.9464,3,20,0,1
B00110,B00110_R2,296,2,3,0.2032,1.9812,82.16,0.762,2.032,57.31,4,4,24.85,0.2032,1.143,1.9812,0.7112,1.3462,1.9558,2.7178,1,20,1,1
B00110,B00110_R2,297,3,3,0.2032,1.9812,82.16,0.762,2.032,57.31,4,4,24.85,2.54,0.762,0.2032,1.9812,3.556,3.556,3.556,2,30,1,2
B00111,B00111_R1,298,1,2,1.6764,2.54,69.94,0.2032,1.9812,65.13,3,3,4.81,1.9812,2.032,1.6764,0.7112,0.8128,2.3368,3.2512,3,20,0,1
B00111,B00111_R2,299,2,2,1.6764,2.54,69.94,0.2032,1.9812,65.13,3,3,4.81,0.2032,0.762,0.4572,2.54,3.2512,1.7272,2.032,1,10,1,1
B00112,B00112_R1,300,1,4,1.6764,0.7112,71.34,0.4572,2.54,66.33,3,3,5.01,1.6764,2.54,0.2032,1.6002,2.9464,1.7272,2.413,2,30,0,2
B00112,B00112_R2,301,2,4,1.6764,0.7112,71.34,0.4572,2.54,66.33,3,3,5.01,1.6764,2.032,0.762,2.54,2.9464,1.7272,1.4224,3,20,1,1
B00112,B00112_R2,302,3,4,1.6764,0.7112,71.34,0.4572,2.54,66.33,3,3,5.01,2.54,1.9812,0.2032,1.6002,2.6416,2.6416,2.7178,2,30,1,2
B00112,B00112_R1,303,4,4,1.6764,0.7112,71.34,0.4572,2.54,66.33,3,3,5.01,2.54,0.762,0.2032,1.9812,1.4224,3.8608,3.556,2,30,0,1
B00113,B00113_R2,304,1,1,0.2032,1.6002,80.96,0.2032,1.6002,70.73,4,4,10.23,0.2032,0.762,0.762,0.7112,1.3462,1.3462,1.1176,1,30,1,1
B00114,B00114_R2,305,1,2,0.2032,1.6002,61.62,0.762,0.7112,65.32,3,4,-3.7,0.2032,0.762,1.0668,2.032,1.3462,1.1176,2.6416,1,10,1,1
B00114,B00114_R1,306,2,2,0.2032,1.6002,61.62,0.762,0.7112,65.32,3,4,-3.7,2.54,1.9812,0.2032,1.9812,2.7178,3.556,2.9464,2,30,0,1
B00115,B00115_R1,307,1,4,0.2032,1.9812,48.5,1.0668,2.032,47.79,2,3,0.71,0.2032,0.762,1.9812,2.032,1.7272,2.6416,3.556,1,30,0,2
B00115,B00115_R1,308,2,4,0.2032,1.9812,48.5,1.0668,2.032,47.79,2,3,0.71,0.2032,1.143,0.762,0.7112,1.3462,2.2606,1.4986,1,20,0,1
B00115,B00115_R2,309,3,4,0.2032,1.9812,48.5,1.0668,2.032,47.79,2,3,0.71,0.2032,1.143,1.9812,2.032,1.3462,2.2606,3.175,1,30,1,2
B00115,B00115_R2,310,4,4,0.2032,1.9812,48.5,1.0668,2.032,47.79,2,3,0.71,1.0668,2.54,1.6764,2.032,1.4224,0.508,1.1176,3,20,1,1
B00116,B00116_R2,311,1,1,1.9812,2.032,69.04,1.9812,2.032,68.33,3,4,0.71,0.2032,0.762,1.6764,2.54,3.556,3.556,3.2512,1,10,1,1
B00117,B00117_R1,312,1,2,1.9812,2.032,28.45,1.6764,2.54,60.53,2,2,-32.08,0.2032,1.143,0.762,2.54,3.175,2.8702,1.9558,1,20,0,1
B00117,B00117_R1,313,2,2,1.9812,2.032,28.45,1.6764,2.54,60.53,2,2,-32.08,0.4572,0.2032,0.2032,1.9812,3.8608,3.556,2.032,2,10,0,2
B00118,B00118_R2,314,1,3,0.2032,1.9812,59.82,1.6764,2.54,41.99,3,2,17.83,2.54,1.9812,1.9812,2.54,2.9464,1.4224,1.1176,3,20,1,1
B00118,B00118_R1,315,2,3,0.2032,1.9812,59.82,1.6764,2.54,41.99,3,2,17.83,0.762,2.54,0.2032,1.9812,1.1176,1.4224,1.1176,2,20,0,1
B00118,B00118_R2,316,3,3,0.2032,1.9812,59.82,1.6764,2.54,41.99,3,2,17.83,2.286,0.2032,0.762,0.2032,3.8608,2.9464,2.032,3,30,1,2
B00119,B00119_R1,317,1,2,0.2032,1.9812,53.99,0.762,0.2032,60.32,3,3,-6.33,0.762,2.032,0.2032,1.9812,1.1176,2.9464,1.1176,2,30,0,1
B00119,B00119_R2,318,2,2,0.2032,1.9812,53.99,0.762,0.2032,60.32,3,3,-6.33,1.6764,2.54,0.2032,1.6002,2.032,3.2512,2.413,2,10,1,1
B00120,B00120_R2,319,1,2,0.2032,1.9812,28.64,0.2032,1.6002,47.9,2,2,-19.26,0.2032,1.143,0.762,0.7112,1.3462,0.9652,1.4986,1,30,1,1
B00120,B00120_R1,320,2,2,0.2032,1.9812,28.64,0.2032,1.6002,47.9,2,2,-19.26,1.9812,2.032,0.2032,1.9812,2.3368,2.7178,2.3368,2,30,0,1
B00121,B00121_R1,321,1,3,0.2032,1.9812,0.0,0.762,0.7112,0.0,0,0,0.0,0.2032,0.762,2.54,1.6002,1.7272,1.1176,3.175,1,30,0,2
B00121,B00121_R1,322,2,3,0.2032,1.9812,0.0,0.762,0.7112,0.0,0,0,0.0,1.6764,2.54,0.2032,1.9812,2.032,3.2512,2.032,2,20,0,1
B00121,B00121_R2,323,3,3,0.2032,1.9812,0.0,0.762,0.7112,0.0,0,0,0.0,0.2032,1.143,1.9812,0.7112,1.3462,1.4986,2.7178,1,20,1,1
B00122,B00122_R2,324,1,1,2.54,1.6002,22.84,1.9812,0.7112,5.21,1,1,17.63,1.0668,2.032,0.2032,1.9812,2.413,3.2512,1.4224,2,20,1,1
B00123,B00123_R1,325,1,4,2.54,1.6002,0.0,0.2032,1.9812,11.61,0,1,-11.61,1.6764,0.2032,0.2032,1.9812,2.2606,3.2512,3.2512,2,10,0,1
B00123,B00123_R1,326,2,4,2.54,1.6002,0.0,0.2032,1.9812,11.61,0,1,-11.61,0.762,2.032,2.286,2.54,2.7178,1.1176,2.032,3,20,0,2
B00123,B00123_R2,327,3,4,2.54,1.6002,0.0,0.2032,1.9812,11.61,0,1,-11.61,2.286,0.2032,2.54,1.6002,1.651,3.8608,1.651,3,10,1,2
B00123,B00123_R2,328,4,4,2.54,1.6002,0.0,0.2032,1.9812,11.61,0,1,-11.61,0.2032,0.762,2.286,0.2032,3.175,1.7272,2.6416,1,30,1,1
B00124,B00124_R2,329,1,1,2.286,2.54,8.82,2.54,1.6002,5.81,1,1,3.01,1.6764,2.54,0.2032,1.9812,1.1176,1.8034,2.032,2,20,1,1
B00125,B00125_R2,330,1,3,2.286,2.54,0.0,0.2032,1.9812,6.41,0,1,-6.41,2.54,0.762,0.2032,1.6002,2.032,3.556,3.175,2,20,1,1
B00125,B00125_R1,331,2,3,2.286,2.54,0.0,0.2032,1.9812,6.41,0,1,-6.41,2.286,2.54,0.2032,1.6002,0.0,2.6416,3.0226,2,30,0,1
B00125,B00125_R1,332,3,3,2.286,2.54,0.0,0.2032,1.9812,6.41,0,1,-6.41,1.6764,0.2032,0.2032,1.9812,2.9464,3.2512,3.2512,2,20,0,2
B00126,B00126_R1,333,1,3,0.2032,1.9812,13.63,0.2032,1.6002,0.0,1,0,13.63,0.2032,0.762,1.0668,0.7112,1.7272,1.3462,1.4224,1,10,0,1
B00126,B00126_R2,334,2,3,0.2032,1.9812,13.63,0.2032,1.6002,0.0,1,0,13.63,0.2032,1.143,1.6764,2.032,1.3462,0.9652,2.8702,1,20,1,1
B00126,B00126_R2,335,3,3,0.2032,1.9812,13.63,0.2032,1.6002,0.0,1,0,13.63,1.9812,2.032,0.2032,1.9812,2.3368,2.7178,2.3368,2,30,1,2
B00127,B00127_R1,336,1,2,1.0668,0.7112,11.61,0.2032,1.9812,18.43,1,1,-6.82,0.762,0.2032,0.2032,1.6002,0.8128,2.3368,1.9558,2,20,0,1
B00127,B00127_R2,337,2,2,1.0668,0.7112,11.61,0.2032,1.9812,18.43,1,1,-6.82,1.0668,2.032,0.4572,0.2032,2.9464,1.4224,2.9464,3,30,1,1
B00128,B00128_R2,338,1,2,0.2032,1.6002,8.51,0.4572,0.2032,22.24,1,1,-13.73,0.4572,0.2032,0.2032,1.9812,1.651,0.0,2.032,2,10,1,1
B00128,B00128_R1,339,2,2,0.2032,1.6002,8.51,0.4572,0.2032,22.24,1,1,-13.73,0.2032,1.143,1.6764,0.7112,0.9652,1.1938,2.413,1,10,0,1
B00129,B00129_R1,340,1,3,1.6764,0.7112,7.91,0.2032,1.9812,14.02,1,1,-6.11,1.9812,0.2032,0.2032,1.9812,0.8128,3.556,3.556,2,30,0,2
B00129,B00129_R1,341,2,3,1.6764,0.7112,7.91,0.2032,1.9812,14.02,1,1,-6.11,0.4572,0.2032,1.6764,0.7112,1.7272,2.032,1.7272,3,30,0,1
B00129,B00129_R2,342,3,3,1.6764,0.7112,7.91,0.2032,1.9812,14.02,1,1,-6.11,1.0668,0.7112,0.2032,1.6002,1.1176,2.6416,2.2606,2,20,1,1
B00130,B00130_R1,343,1,2,0.2032,1.9812,30.86,0.2032,1.6002,21.04,2,1,9.82,1.6764,0.7112,1.6764,2.54,3.2512,2.8702,2.9464,3,10,0,1
B00130,B00130_R2,344,2,2,0.2032,1.9812,30.86,0.2032,1.6002,21.04,2,1,9.82,1.6764,0.2032,0.2032,1.9812,3.2512,2.8702,3.2512,2,20,1,1
B00131,B00131_R2,345,1,1,1.6764,2.54,41.38,0.2032,1.9812,30.16,2,1,11.22,1.9812,0.7112,0.2032,1.9812,3.2512,3.556,3.556,2,30,1,1
B00132,B00132_R1,346,1,1,1.6764,2.54,19.84,0.2032,1.9812,44.99,1,2,-25.15,2.54,0.762,1.6764,0.2032,2.6416,3.556,1.4224,3,10,0,1
B00133,B00133_R2,347,1,4,1.6764,0.2032,22.04,0.2032,1.9812,26.15,1,1,-4.11,0.2032,1.143,2.54,1.6002,2.413,1.3462,2.794,1,20,1,2
B00133,B00133_R2,348,2,4,1.6764,0.2032,22.04,0.2032,1.9812,26.15,1,1,-4.11,0.4572,2.54,0.2032,1.6002,3.556,0.8128,1.1938,2,10,1,1
B00133,B00133_R1,349,3,4,1.6764,0.2032,22.04,0.2032,1.9812,26.15,1,1,-4.11,1.0668,2.032,0.2032,1.6002,2.9464,1.4224,1.8034,2,20,0,1
B00133,B00133_R1,350,4,4,1.6764,0.2032,22.04,0.2032,1.9812,26.15,1,1,-4.11,0.2032,1.143,2.54,1.143,2.413,1.3462,2.3368,1,20,0,2
B00134,B00134_R2,351,1,3,2.54,1.143,43.78,2.54,1.6002,38.76,2,3,5.02,0.2032,0.762,0.4572,0.2032,2.7178,3.175,0.8128,1,30,1,1
B00134,B00134_R2,352,2,3,2.54,1.143,43.78,2.54,1.6002,38.76,2,3,5.02,0.4572,0.2032,0.2032,1.6002,3.0226,3.4798,1.651,2,10,1,2
B00134,B00134_R1,353,3,3,2.54,1.143,43.78,2.54,1.6002,38.76,2,3,5.02,0.762,0.7112,1.0668,0.7112,2.7178,3.175,0.8128,3,30,0,1
B00135,B00135_R2,354,1,2,1.0668,0.7112,45.68,0.2032,1.6002,52.29,3,3,-6.61,1.0668,2.032,1.0668,0.2032,2.9464,1.8034,2.9464,3,30,1,1
B00135,B00135_R1,355,2,2,1.0668,0.7112,45.68,0.2032,1.6002,52.29,3,3,-6.61,1.9812,2.54,1.6764,2.032,3.2512,2.7178,0.8128,3,20,0,1
B00136,B00136_R1,356,1,2,1.6764,2.032,27.25,1.0668,0.2032,37.27,2,2,-10.02,0.762,2.54,0.2032,1.9812,1.4224,3.2512,1.1176,2,30,0,1
B00136,B00136_R2,357,2,2,1.6764,2.032,27.25,1.0668,0.2032,37.27,2,2,-10.02,0.2032,1.143,1.6764,2.54,2.8702,1.8034,2.8702,1,30,1,1
B00137,B00137_R1,358,1,2,0.2032,1.9812,25.24,1.6764,2.54,42.08,2,2,-16.84,0.2032,1.143,1.9812,2.54,1.3462,2.8702,3.175,1,20,0,1
B00137,B00137_R2,359,2,2,0.2032,1.9812,25.24,1.6764,2.54,42.08,2,2,-16.84,1.9812,2.54,0.2032,1.6002,2.3368,0.8128,2.7178,2,30,1,1
B00138,B00138_R1,360,1,2,1.9812,2.54,23.85,0.2032,1.6002,40.98,1,2,-17.13,2.54,1.143,0.2032,1.9812,1.9558,2.794,3.175,2,20,0,2
B00138,B00138_R1,361,2,2,1.9812,2.54,23.85,0.2032,1.6002,40.98,1,2,-17.13,1.6764,2.54,2.54,1.6002,0.8128,2.413,1.8034,3,10,0,1
B00139,B00139_R2,362,1,4,0.2032,1.9812,45.08,0.2032,1.6002,19.94,3,1,25.14,0.4572,2.54,0.2032,1.9812,0.8128,1.1938,0.8128,2,10,1,1
B00139,B00139_R1,363,2,4,0.2032,1.9812,45.08,0.2032,1.6002,19.94,3,1,25.14,2.54,1.6002,1.0668,0.7112,2.7178,2.3368,2.8702,3,20,0,1
B00139,B00139_R2,364,3,4,0.2032,1.9812,45.08,0.2032,1.6002,19.94,3,1,25.14,0.762,2.54,0.2032,1.6002,1.1176,1.4986,1.4986,2,20,1,2
B00139,B00139_R2,365,4,4,0.2032,1.9812,45.08,0.2032,1.6002,19.94,3,1,25.14,0.2032,0.762,2.286,0.2032,1.7272,1.3462,2.6416,1,10,1,3
B00140,B00140_R1,366,1,3,1.0668,0.7112,50.4,2.286,0.2032,51.99,2,3,-1.59,0.2032,1.143,1.9812,2.54,1.8034,3.0226,3.175,1,10,0,1
B00140,B00140_R2,367,2,3,1.0668,0.7112,50.4,2.286,0.2032,51.99,2,3,-1.59,0.2032,0.762,2.54,0.762,1.4224,2.6416,2.9464,1,10,1,1
B00140,B00140_R1,368,3,3,1.0668,0.7112,50.4,2.286,0.2032,51.99,2,3,-1.59,0.4572,2.54,1.6764,2.54,2.9464,4.1656,1.7272,3,20,0,2
B00141,B00141_R2,369,1,4,1.6764,2.54,59.82,2.54,0.762,40.48,3,2,19.34,1.9812,0.7112,2.54,1.6002,3.2512,1.1176,1.9558,3,20,1,1
B00141,B00141_R2,370,2,4,1.6764,2.54,59.82,2.54,0.762,40.48,3,2,19.34,0.762,0.2032,2.54,1.143,3.2512,2.3368,2.7178,3,10,1,2
B00141,B00141_R1,371,3,4,1.6764,2.54,59.82,2.54,0.762,40.48,3,2,19.34,1.0668,0.2032,0.2032,1.6002,2.9464,2.032,2.2606,2,10,0,2
B00141,B00141_R1,372,4,4,1.6764,2.54,59.82,2.54,0.762,40.48,3,2,19.34,0.762,2.54,1.6764,0.2032,1.4224,3.556,3.2512,3,20,0,1
B00142,B00142_R1,373,1,3,0.2032,1.6002,83.16,2.54,1.143,67.23,4,3,15.93,0.762,0.7112,2.54,1.6002,1.9558,2.7178,3.175,3,20,0,1
B00142,B00142_R2,374,2,3,0.2032,1.6002,83.16,2.54,1.143,67.23,4,3,15.93,0.2032,1.143,1.6764,2.032,0.9652,2.3368,2.8702,1,20,1,2
B00142,B00142_R2,375,3,3,0.2032,1.6002,83.16,2.54,1.143,67.23,4,3,15.93,1.0668,2.54,0.2032,1.9812,1.8034,2.8702,1.4224,2,20,1,1
B00143,B00143_R1,376,1,1,2.54,1.6002,88.67,1.6764,2.032,92.97,4,4,-4.3,0.2032,1.143,0.762,2.032,2.794,2.8702,1.9558,1,30,0,1
B00144,B00144_R2,377,1,4,0.762,2.032,51.0,1.6764,2.032,34.25,2,2,16.75,1.9812,0.2032,1.0668,2.032,3.556,3.2512,3.2512,3,10,1,2
B00144,B00144_R1,378,2,4,0.762,2.032,51.0,1.6764,2.032,34.25,2,2,16.75,0.762,2.032,0.2032,1.9812,0.0,1.4224,1.1176,2,30,0,1
B00144,B00144_R2,379,3,4,0.762,2.032,51.0,1.6764,2.032,34.25,2,2,16.75,2.54,1.9812,2.54,1.6002,2.3368,1.4224,0.889,3,10,1,1
B00144,B00144_R1,380,4,4,0.762,2.032,51.0,1.6764,2.032,34.25,2,2,16.75,2.286,2.54,0.2032,1.9812,2.032,1.1176,2.6416,2,30,0,2
B00145,B00145_R1,381,1,3,0.2032,1.9812,50.99,1.0668,2.032,36.06,3,2,14.93,2.54,1.143,0.2032,1.9812,3.175,2.8702,3.175,2,30,0,1
B00145,B00145_R2,382,2,3,0.2032,1.9812,50.99,1.0668,2.032,36.06,3,2,14.93,2.54,1.143,0.2032,1.6002,3.175,2.8702,2.794,2,20,1,2
B00145,B00145_R2,383,3,3,0.2032,1.9812,50.99,1.0668,2.032,36.06,3,2,14.93,2.54,0.762,1.9812,0.7112,3.556,3.2512,1.1176,3,30,1,1
B00146,B00146_R1,384,1,4,0.2032,1.9812,57.93,0.2032,1.6002,59.82,2,3,-1.89,0.762,2.032,0.2032,1.6002,1.1176,1.4986,1.4986,2,20,0,1
B00146,B00146_R2,385,2,4,0.2032,1.9812,57.93,0.2032,1.6002,59.82,2,3,-1.89,1.0668,2.54,0.2032,1.6002,1.4224,1.8034,1.8034,2,10,1,2
B00146,B00146_R2,386,3,4,0.2032,1.9812,57.93,0.2032,1.6002,59.82,2,3,-1.89,0.762,2.54,0.4572,2.54,1.1176,1.4986,0.8128,3,10,1,1
B00146,B00146_R1,387,4,4,0.2032,1.9812,57.93,0.2032,1.6002,59.82,2,3,-1.89,0.2032,1.143,2.54,0.762,1.3462,0.9652,2.7178,1,20,0,2
B00147,B00147_R1,388,1,1,2.54,0.762,76.76,0.2032,1.6002,72.12,4,4,4.64,2.54,1.143,1.0668,2.54,0.889,2.794,2.8702,3,30,0,1
B00148,B00148_R2,389,1,4,1.0668,2.54,77.25,0.2032,1.6002,52.19,4,3,25.06,0.2032,0.762,1.6764,0.7112,2.6416,1.3462,2.032,1,30,1,1
B00148,B00148_R2,390,2,4,1.0668,2.54,77.25,0.2032,1.6002,52.19,4,3,25.06,0.762,0.7112,0.2032,1.9812,3.2512,1.9558,2.3368,2,30,1,2
B00148,B00148_R2,391,3,4,1.0668,2.54,77.25,0.2032,1.6002,52.19,4,3,25.06,0.2032,1.143,1.6764,2.54,2.2606,0.9652,2.8702,1,10,1,3
B00148,B00148_R1,392,4,4,1.0668,2.54,77.25,0.2032,1.6002,52.19,4,3,25.06,1.9812,2.54,0.762,2.032,1.4224,2.7178,1.7272,3,30,0,1
B00149,B00149_R1,393,1,3,0.762,2.032,76.14,1.6764,2.54,94.47,4,5,-18.33,0.2032,1.143,2.54,1.6002,1.9558,2.8702,2.794,1,10,0,2
B00149,B00149_R1,394,2,3,0.762,2.032,76.14,1.6764,2.54,94.47,4,5,-18.33,0.4572,2.54,0.2032,1.9812,0.8128,1.7272,0.8128,2,30,0,1
B00149,B00149_R2,395,3,3,0.762,2.032,76.14,1.6764,2.54,94.47,4,5,-18.33,1.0668,0.2032,2.54,1.143,3.2512,2.9464,2.413,3,10,1,1
B00150,B00150_R2,396,1,3,2.54,1.6002,90.76,2.54,1.143,103.1,5,5,-12.34,0.2032,1.143,1.9812,0.7112,2.794,2.3368,2.7178,1,20,1,1
B00150,B00150_R1,397,2,3,2.54,1.6002,90.76,2.54,1.143,103.1,5,5,-12.34,1.6764,2.032,0.2032,1.9812,1.8034,2.2606,2.032,2,20,0,1
B00150,B00150_R1,398,3,3,2.54,1.6002,90.76,2.54,1.143,103.1,5,5,-12.34,0.2032,1.143,1.0668,2.032,2.794,2.3368,2.2606,1,10,0,2
B00151,B00151_R2,399,1,4,1.0668,2.032,111.9,1.9812,0.7112,106.61,6,5,5.29,2.54,1.6002,0.2032,1.6002,2.413,1.9558,2.3368,2,30,1,2
B00151,B00151_R1,400,2,4,1.0668,2.032,111.9,1.9812,0.7112,106.61,6,5,5.29,0.2032,0.762,2.54,1.9812,2.6416,2.3368,3.556,1,30,0,2
B00151,B00151_R1,401,3,4,1.0668,2.032,111.9,1.9812,0.7112,106.61,6,5,5.29,1.9812,2.032,0.2032,1.6002,1.4224,2.9464,2.7178,2,10,0,1
B00151,B00151_R2,402,4,4,1.0668,2.032,111.9,1.9812,0.7112,106.61,6,5,5.29,1.6764,0.2032,2.54,1.9812,2.9464,0.8128,2.6416,3,20,1,1
B00152,B00152_R2,403,1,5,2.54,1.9812,138.85,0.2032,1.6002,125.34,7,6,13.51,2.286,2.54,1.6764,0.2032,0.8128,3.0226,2.9464,3,30,1,3
B00152,B00152_R2,404,2,5,2.54,1.9812,138.85,0.2032,1.6002,125.34,7,6,13.51,2.54,1.9812,2.286,2.54,0.0,2.7178,0.8128,3,30,1,2
B00152,B00152_R2,405,3,5,2.54,1.9812,138.85,0.2032,1.6002,125.34,7,6,13.51,0.762,2.54,2.54,1.9812,2.3368,1.4986,2.3368,3,20,1,1
B00152,B00152_R1,406,4,5,2.54,1.9812,138.85,0.2032,1.6002,125.34,7,6,13.51,1.6764,2.54,0.2032,1.9812,1.4224,2.413,2.032,2,30,0,2
B00152,B00152_R1,407,5,5,2.54,1.9812,138.85,0.2032,1.6002,125.34,7,6,13.51,2.54,1.6002,1.0668,2.54,0.889,2.3368,2.413,3,10,0,1
B00153,B00153_R2,408,1,1,0.2032,1.9812,158.08,1.6764,0.2032,152.79,8,8,5.29,2.54,1.6002,2.286,2.54,2.7178,2.2606,1.1938,3,20,1,1
B00154,B00154_R2,409,1,2,0.2032,1.9812,137.75,2.286,2.54,152.38,7,8,-14.63,1.6764,0.7112,0.2032,1.6002,3.2512,2.9464,2.8702,2,20,1,1
B00154,B00154_R1,410,2,2,0.2032,1.9812,137.75,2.286,2.54,152.38,7,8,-14.63,1.0668,0.2032,0.2032,1.9812,2.6416,3.556,2.6416,2,30,0,1
B00155,B00155_R2,411,1,4,0.2032,1.9812,142.27,0.2032,1.6002,160.9,7,8,-18.63,1.9812,2.032,0.2032,1.6002,2.3368,2.7178,2.7178,2,30,1,2
B00155,B00155_R1,412,2,4,0.2032,1.9812,142.27,0.2032,1.6002,160.9,7,8,-18.63,0.2032,0.762,1.0668,2.032,1.7272,1.3462,2.6416,1,10,0,1
B00155,B00155_R1,413,3,4,0.2032,1.9812,142.27,0.2032,1.6002,160.9,7,8,-18.63,1.9812,0.7112,0.762,2.54,3.556,3.175,3.556,3,30,0,2
B00155,B00155_R2,414,4,4,0.2032,1.9812,142.27,0.2032,1.6002,160.9,7,8,-18.63,0.2032,0.762,1.0668,2.032,1.7272,1.3462,2.6416,1,20,1,1
B00156,B00156_R1,415,1,4,0.762,2.54,179.05,0.2032,1.6002,184.24,8,10,-5.19,1.6764,0.7112,0.2032,1.9812,3.2512,2.8702,3.2512,2,20,0,2
B00156,B00156_R2,416,2,4,0.762,2.54,179.05,0.2032,1.6002,184.24,8,10,-5.19,1.9812,0.7112,0.2032,1.6002,3.556,3.175,3.175,2,30,1,2
B00156,B00156_R2,417,3,4,0.762,2.54,179.05,0.2032,1.6002,184.24,8,10,-5.19,0.2032,0.762,2.54,0.762,2.3368,1.3462,2.9464,1,30,1,1
B00156,B00156_R1,418,4,4,0.762,2.54,179.05,0.2032,1.6002,184.24,8,10,-5.19,1.0668,2.54,1.0668,0.2032,0.8128,1.8034,2.9464,3,20,0,1
B00157,B00157_R2,419,1,3,0.2032,1.9812,142.09,0.2032,1.6002,149.48,6,7,-7.39,0.2032,0.762,1.6764,2.54,1.7272,1.3462,3.2512,1,20,1,1
B00157,B00157_R1,420,2,3,0.2032,1.9812,142.09,0.2032,1.6002,149.48,6,7,-7.39,0.2032,1.143,2.54,1.6002,1.3462,0.9652,2.794,1,30,0,1
B00157,B00157_R1,421,3,3,0.2032,1.9812,142.09,0.2032,1.6002,149.48,6,7,-7.39,0.2032,0.762,2.54,1.6002,1.7272,1.3462,3.175,1,20,0,2
B00158,B00158_R2,422,1,1,2.54,1.6002,174.66,1.6764,2.54,153.78,7,7,20.88,0.2032,0.762,1.9812,0.2032,3.175,3.2512,2.3368,1,30,1,1
B00159,B00159_R1,423,1,4,2.54,1.6002,153.62,1.9812,0.2032,161.71,6,7,-8.09,2.54,1.143,0.2032,1.6002,0.9652,1.4986,2.794,2,20,0,1
B00159,B00159_R2,424,2,4,2.54,1.6002,153.62,1.9812,0.2032,161.71,6,7,-8.09,0.2032,0.762,0.4572,0.2032,3.175,2.3368,0.8128,1,20,1,2
B00159,B00159_R2,425,3,4,2.54,1.6002,153.62,1.9812,0.2032,161.71,6,7,-8.09,2.286,0.2032,0.2032,1.6002,1.651,0.8128,3.4798,2,20,1,1
B00159,B00159_R1,426,4,4,2.54,1.6002,153.62,1.9812,0.2032,161.71,6,7,-8.09,0.2032,0.762,1.6764,0.7112,3.175,2.3368,2.032,1,30,0,2
B00160,B00160_R1,427,1,2,1.6764,0.7112,174.55,0.4572,0.2032,178.63,8,8,-4.08,2.286,2.54,0.2032,1.6002,2.9464,4.1656,3.0226,2,10,0,1
B00160,B00160_R2,428,2,2,1.6764,0.7112,174.55,0.4572,0.2032,178.63,8,8,-4.08,2.54,0.762,0.2032,1.6002,1.4224,2.6416,3.175,2,30,1,1
B00161,B00161_R1,429,1,2,0.2032,1.6002,183.27,0.2032,1.6002,186.85,8,8,-3.58,1.6764,2.032,2.286,0.2032,2.413,2.413,2.9464,3,20,0,1
B00161,B00161_R2,430,2,2,0.2032,1.6002,183.27,0.2032,1.6002,186.85,8,8,-3.58,0.2032,1.143,2.54,0.762,0.9652,0.9652,2.7178,1,10,1,1
B00162,B00162_R1,431,1,3,2.286,0.2032,191.19,2.54,0.762,185.05,8,8,6.14,1.9812,2.54,0.2032,1.6002,2.6416,2.3368,2.7178,2,20,0,2
B00162,B00162_R1,432,2,3,2.286,0.2032,191.19,2.54,0.762,185.05,8,8,6.14,2.286,0.2032,1.6764,2.54,0.0,0.8128,2.9464,3,30,0,1
B00162,B00162_R2,433,3,3,2.286,0.2032,191.19,2.54,0.762,185.05,8,8,6.14,2.54,1.6002,0.2032,1.6002,1.651,1.3462,2.3368,2,30,1,1
B00163,B00163_R2,434,1,2,0.2032,1.6002,207.72,0.2032,1.6002,187.86,9,9,19.86,0.2032,0.762,1.6764,2.54,1.3462,1.3462,3.2512,1,10,1,1
B00163,B00163_R1,435,2,2,0.2032,1.6002,207.72,0.2032,1.6002,187.86,9,9,19.86,1.6764,0.2032,1.0668,0.2032,2.8702,2.8702,1.1176,3,10,0,1
B00164,B00164_R2,436,1,1,1.0668,0.2032,209.62,1.6764,2.54,191.47,9,9,18.15,0.4572,2.54,0.2032,1.9812,2.9464,1.7272,0.8128,2,30,1,1
B00165,B00165_R2,437,1,1,1.0668,0.2032,169.24,0.2032,1.9812,169.02,8,8,0.22,1.9812,2.54,0.2032,1.6002,3.2512,2.3368,2.7178,2,30,1,1
B00166,B00166_R1,438,1,3,1.0668,0.2032,148.4,0.2032,1.6002,172.63,7,8,-24.23,0.762,0.2032,2.286,0.2032,0.8128,1.9558,2.032,3,10,0,1
B00166,B00166_R1,439,2,3,1.0668,0.2032,148.4,0.2032,1.6002,172.63,7,8,-24.23,0.2032,1.143,1.0668,2.54,1.8034,0.9652,2.2606,1,10,0,2
B00166,B00166_R2,440,3,3,1.0668,0.2032,148.4,0.2032,1.6002,172.63,7,8,-24.23,0.762,2.54,1.0668,0.7112,3.2512,1.4986,3.2512,3,30,1,1
B00167,B00167_R2,441,1,3,1.0668,2.54,174.14,1.0668,0.7112,175.44,8,8,-1.3,0.2032,1.143,0.762,0.7112,2.2606,1.8034,1.4986,1,10,1,1
B00167,B00167_R1,442,2,3,1.0668,2.54,174.14,1.0668,0.7112,175.44,8,8,-1.3,2.286,2.54,0.2032,1.9812,1.7272,3.556,2.6416,2,10,0,1
B00167,B00167_R2,443,3,3,1.0668,2.54,174.14,1.0668,0.7112,175.44,8,8,-1.3,0.2032,0.762,1.6764,2.54,2.6416,1.4224,3.2512,1,20,1,2
B00168,B00168_R1,444,1,4,0.2032,1.9812,175.45,1.6764,2.54,199.79,8,9,-24.34,1.0668,2.54,0.2032,1.9812,1.4224,1.1176,1.4224,2,20,0,1
B00168,B00168_R2,445,2,4,0.2032,1.9812,175.45,1.6764,2.54,199.79,8,9,-24.34,1.6764,2.54,1.0668,0.2032,2.032,0.0,2.9464,3,10,1,1
B00168,B00168_R2,446,3,4,0.2032,1.9812,175.45,1.6764,2.54,199.79,8,9,-24.34,1.6764,0.2032,0.2032,1.6002,3.2512,2.9464,2.8702,2,20,1,2
B00168,B00168_R1,447,4,4,0.2032,1.9812,175.45,1.6764,2.54,199.79,8,9,-24.34,1.9812,0.7112,0.2032,1.6002,3.556,3.2512,3.175,2,20,0,2
B00169,B00169_R1,448,1,3,0.2032,1.6002,203.61,0.2032,1.6002,221.22,9,11,-17.61,0.762,2.54,0.2032,1.9812,1.4986,1.4986,1.1176,2,20,0,1
B00169,B00169_R1,449,2,3,0.2032,1.6002,203.61,0.2032,1.6002,221.22,9,11,-17.61,2.54,1.143,0.2032,1.9812,2.794,2.794,3.175,2,20,0,2
B00169,B00169_R2,450,3,3,0.2032,1.6002,203.61,0.2032,1.6002,221.22,9,11,-17.61,1.9812,0.7112,0.2032,1.9812,3.175,3.175,3.556,2,10,1,1
B00170,B00170_R2,451,1,3,0.2032,1.9812,232.36,0.2032,1.9812,231.15,11,11,1.21,1.9812,0.7112,0.2032,1.6002,3.556,3.556,3.175,2,10,1,2
B00170,B00170_R2,452,2,3,0.2032,1.9812,232.36,0.2032,1.9812,231.15,11,11,1.21,0.2032,0.762,2.286,0.2032,1.7272,1.7272,2.6416,1,20,1,1
B00170,B00170_R1,453,3,3,0.2032,1.9812,232.36,0.2032,1.9812,231.15,11,11,1.21,1.0668,2.032,0.2032,1.9812,1.4224,1.4224,1.4224,2,20,0,1
B00171,B00171_R1,454,1,2,0.2032,1.9812,192.18,0.2032,1.6002,215.12,9,10,-22.94,0.2032,0.762,1.0668,0.2032,1.7272,1.3462,1.4224,1,10,0,1
B00171,B00171_R1,455,2,2,0.2032,1.9812,192.18,0.2032,1.6002,215.12,9,10,-22.94,0.2032,1.143,1.6764,0.2032,1.3462,0.9652,2.413,1,30,0,2
B00172,B00172_R1,456,1,4,1.6764,0.2032,209.61,0.2032,1.6002,195.48,10,9,14.13,2.54,1.6002,0.2032,1.6002,2.2606,2.3368,2.3368,2,20,0,2
B00172,B00172_R1,457,2,4,1.6764,0.2032,209.61,0.2032,1.6002,195.48,10,9,14.13,0.762,0.7112,0.2032,1.6002,1.4224,1.9558,1.9558,2,30,0,1
B00172,B00172_R2,458,3,4,1.6764,0.2032,209.61,0.2032,1.6002,195.48,10,9,14.13,1.9812,2.54,0.2032,1.9812,3.2512,2.7178,2.3368,2,20,1,2
B00172,B00172_R2,459,4,4,1.6764,0.2032,209.61,0.2032,1.6002,195.48,10,9,14.13,0.2032,1.143,1.6764,2.032,2.413,0.9652,2.8702,1,10,1,1
B00173,B00173_R2,460,1,1,0.2032,1.6002,233.46,0.2032,1.9812,217.61,11,10,15.85,0.2032,0.762,0.762,2.54,1.3462,1.7272,2.3368,1,20,1,1
B00174,B00174_R1,461,1,3,0.2032,1.6002,215.72,0.762,2.54,216.21,10,10,-0.49,1.6764,2.54,0.2032,1.9812,2.413,1.4224,2.032,2,30,0,1
B00174,B00174_R2,462,2,3,0.2032,1.6002,215.72,0.762,2.54,216.21,10,10,-0.49,1.0668,2.54,0.2032,1.6002,1.8034,0.8128,1.8034,2,10,1,1
B00174,B00174_R2,463,3,3,0.2032,1.6002,215.72,0.762,2.54,216.21,10,10,-0.49,1.0668,0.2032,1.9812,0.7112,2.2606,3.2512,1.4224,3,10,1,2
B00175,B00175_R1,464,1,3,0.2032,1.9812,217.22,1.9812,0.7112,234.24,10,11,-17.02,0.2032,1.143,1.6764,2.54,1.3462,2.7178,2.8702,1,20,0,2
B00175,B00175_R1,465,2,3,0.2032,1.9812,217.22,1.9812,0.7112,234.24,10,11,-17.02,0.762,2.54,0.2032,1.9812,1.1176,3.556,1.1176,2,30,0,1
B00175,B00175_R2,466,3,3,0.2032,1.9812,217.22,1.9812,0.7112,234.24,10,11,-17.02,2.54,0.762,0.2032,1.9812,3.556,1.1176,3.556,2,20,1,1
B00176,B00176_R1,467,1,2,1.6764,2.54,235.15,0.2032,1.9812,239.86,11,11,-4.71,1.9812,2.54,0.2032,1.6002,0.8128,2.3368,2.7178,2,10,0,1
B00176,B00176_R2,468,2,2,1.6764,2.54,235.15,0.2032,1.9812,239.86,11,11,-4.71,1.9812,0.7112,0.2032,1.9812,3.2512,3.556,3.556,2,30,1,1
B00177,B00177_R1,469,1,5,0.2032,1.6002,195.77,0.2032,1.9812,211.11,10,10,-15.34,0.2032,0.762,1.9812,0.2032,1.3462,1.7272,2.3368,1,10,0,1
B00177,B00177_R2,470,2,5,0.2032,1.6002,195.77,0.2032,1.9812,211.11,10,10,-15.34,1.0668,2.032,0.2032,1.6002,1.8034,1.4224,1.8034,2,10,1,1
B00177,B00177_R2,471,3,5,0.2032,1.6002,195.77,0.2032,1.9812,211.11,10,10,-15.34,0.2032,0.762,1.6764,2.032,1.3462,1.7272,3.2512,1,20,1,2
B00177,B00177_R1,472,4,5,0.2032,1.6002,195.77,0.2032,1.9812,211.11,10,10,-15.34,1.0668,0.7112,0.2032,1.6002,2.2606,2.6416,2.2606,2,20,0,3
B00177,B00177_R1,473,5,5,0.2032,1.6002,195.77,0.2032,1.9812,211.11,10,10,-15.34,1.9812,0.7112,1.0668,0.7112,3.175,3.556,1.4224,3,30,0,2
B00178,B00178_R1,474,1,1,0.2032,1.6002,201.67,1.6764,2.032,213.21,11,10,-11.54,2.54,1.6002,0.2032,1.9812,2.3368,1.8034,2.7178,2,20,0,1
B00179,B00179_R2,475,1,4,0.2032,1.9812,207.68,1.6764,2.032,196.07,11,9,11.61,1.6764,2.032,0.2032,1.6002,2.032,0.0,2.413,2,30,1,1
B00179,B00179_R2,476,2,4,0.2032,1.9812,207.68,1.6764,2.032,196.07,11,9,11.61,1.6764,0.7112,1.9812,0.7112,3.2512,2.9464,0.8128,3,30,1,2
B00179,B00179_R1,477,3,4,0.2032,1.9812,207.68,1.6764,2.032,196.07,11,9,11.61,0.762,2.032,0.762,0.7112,1.1176,1.4224,2.9464,3,30,0,2
B00179,B00179_R1,478,4,4,0.2032,1.9812,207.68,1.6764,2.032,196.07,11,9,11.61,0.4572,2.54,0.762,2.54,0.8128,1.7272,0.8128,3,30,0,1
B00180,B00180_R2,479,1,3,0.762,0.7112,219.8,1.9812,0.7112,211.6,12,10,8.2,1.6764,0.2032,0.2032,1.9812,1.4224,0.8128,3.2512,2,30,1,1
B00180,B00180_R1,480,2,3,0.762,0.7112,219.8,1.9812,0.7112,211.6,12,10,8.2,0.2032,0.762,1.0668,2.54,1.1176,2.3368,2.6416,1,30,0,1
B00180,B00180_R2,481,3,3,0.762,0.7112,219.8,1.9812,0.7112,211.6,12,10,8.2,1.0668,2.032,0.2032,1.9812,3.2512,3.2512,1.4224,2,30,1,2
B00181,B00181_R1,482,1,3,1.0668,2.54,220.1,0.2032,1.9812,228.83,12,11,-8.73,1.0668,2.032,2.286,0.2032,0.508,1.4224,3.556,3,30,0,1
B00181,B00181_R1,483,2,3,1.0668,2.54,220.1,0.2032,1.9812,228.83,12,11,-8.73,0.762,0.7112,2.54,0.762,3.2512,2.3368,2.3368,3,10,0,2
B00181,B00181_R2,484,3,3,1.0668,2.54,220.1,0.2032,1.9812,228.83,12,11,-8.73,0.2032,0.762,2.54,0.762,2.6416,1.7272,2.9464,1,10,1,1
B00182,B00182_R2,485,1,3,2.54,0.762,244.64,2.54,0.762,234.85,13,11,9.79,2.54,1.143,0.2032,1.6002,0.889,0.889,2.794,2,20,1,1
B00182,B00182_R2,486,2,3,2.54,0.762,244.64,2.54,0.762,234.85,13,11,9.79,0.2032,1.143,0.4572,0.2032,2.7178,2.7178,1.1938,1,30,1,2
B00182,B00182_R1,487,3,3,2.54,0.762,244.64,2.54,0.762,234.85,13,11,9.79,2.286,0.2032,0.2032,1.6002,0.8128,0.8128,3.4798,2,30,0,1
B00183,B00183_R2,488,1,4,0.2032,1.6002,249.15,0.4572,0.2032,247.86,13,12,1.29,0.2032,0.762,0.4572,2.54,1.3462,0.8128,2.032,1,20,1,1
B00183,B00183_R2,489,2,4,0.2032,1.6002,249.15,0.4572,0.2032,247.86,13,12,1.29,0.2032,1.143,2.54,1.6002,0.9652,1.1938,2.794,1,20,1,2
B00183,B00183_R1,490,3,4,0.2032,1.6002,249.15,0.4572,0.2032,247.86,13,12,1.29,0.2032,1.143,1.9812,2.54,0.9652,1.1938,3.175,1,30,0,1
B00183,B00183_R1,491,4,4,0.2032,1.6002,249.15,0.4572,0.2032,247.86,13,12,1.29,1.9812,2.032,2.286,0.2032,2.7178,3.8608,2.6416,3,30,0,2
B00184,B00184_R2,492,1,2,2.286,0.2032,248.45,2.54,1.6002,248.27,13,12,0.18,1.6764,2.54,0.2032,1.6002,2.9464,1.8034,2.413,2,10,1,1
B00184,B00184_R1,493,2,2,2.286,0.2032,248.45,2.54,1.6002,248.27,13,12,0.18,1.0668,0.7112,0.2032,1.9812,1.7272,2.8702,2.6416,2,20,0,1
B00185,B00185_R1,494,1,5,0.2032,1.9812,231.23,0.2032,1.6002,229.13,12,12,2.1,0.762,0.2032,1.6764,2.54,2.3368,1.9558,3.2512,3,30,0,2
B00185,B00185_R2,495,2,5,0.2032,1.9812,231.23,0.2032,1.6002,229.13,12,12,2.1,1.9812,2.54,0.2032,1.9812,2.3368,2.7178,2.3368,2,10,1,2
B00185,B00185_R2,496,3,5,0.2032,1.9812,231.23,0.2032,1.6002,229.13,12,12,2.1,0.2032,1.143,1.6764,2.032,1.3462,0.9652,2.8702,1,30,1,1
B00185,B00185_R1,497,4,5,0.2032,1.9812,231.23,0.2032,1.6002,229.13,12,12,2.1,0.2032,0.762,1.6764,0.7112,1.7272,1.3462,2.032,1,20,0,1
B00185,B00185_R2,498,5,5,0.2032,1.9812,231.23,0.2032,1.6002,229.13,12,12,2.1,0.2032,1.143,2.54,1.143,1.3462,0.9652,2.3368,1,10,1,3
B00186,B00186_R1,499,1,2,1.6764,2.54,256.39,2.54,1.143,269.9,12,14,-13.51,2.286,2.54,1.0668,0.7112,1.1176,1.651,3.556,3,10,0,1
B00186,B00186_R2,500,2,2,1.6764,2.54,256.39,2.54,1.143,269.9,12,14,-13.51,0.2032,0.762,2.286,2.54,3.2512,2.7178,3.8608,1,20,1,1
B00187,B00187_R2,501,1,2,1.0668,0.7112,260.4,2.286,2.54,282.43,13,14,-22.03,1.9812,2.54,0.4572,2.54,3.2512,0.8128,2.032,3,20,1,1
B00187,B00187_R1,502,2,2,1.0668,0.7112,260.4,2.286,2.54,282.43,13,14,-22.03,1.6764,2.54,0.2032,1.9812,2.9464,1.1176,2.032,2,10,0,1
B00188,B00188_R2,503,1,4,0.2032,1.9812,225.64,0.4572,2.54,237.45,10,12,-11.81,0.2032,0.762,1.0668,0.2032,1.7272,2.032,1.4224,1,30,1,1
B00188,B00188_R1,504,2,4,0.2032,1.9812,225.64,0.4572,2.54,237.45,10,12,-11.81,2.54,1.9812,2.54,1.6002,2.9464,2.6416,0.889,3,10,0,2
B00188,B00188_R2,505,3,4,0.2032,1.9812,225.64,0.4572,2.54,237.45,10,12,-11.81,0.762,0.7112,0.2032,1.6002,2.3368,2.6416,1.9558,2,30,1,2
B00188,B00188_R1,506,4,4,0.2032,1.9812,225.64,0.4572,2.54,237.45,10,12,-11.81,0.2032,0.762,2.54,1.143,1.7272,2.032,2.7178,1,10,0,1
B00189,B00189_R2,507,1,4,2.54,1.6002,243.97,0.2032,1.6002,253.18,11,13,-9.21,0.762,2.032,0.4572,2.54,2.7178,1.4986,0.8128,3,10,1,1
B00189,B00189_R1,508,2,4,2.54,1.6002,243.97,0.2032,1.6002,253.18,11,13,-9.21,1.6764,2.032,0.2032,1.6002,1.8034,2.413,2.413,2,30,0,1
B00189,B00189_R1,509,3,4,2.54,1.6002,243.97,0.2032,1.6002,253.18,11,13,-9.21,0.2032,0.762,1.6764,0.7112,3.175,1.3462,2.032,1,10,0,2
B00189,B00189_R2,510,4,4,2.54,1.6002,243.97,0.2032,1.6002,253.18,11,13,-9.21,0.762,2.032,0.2032,1.6002,2.7178,1.4986,1.4986,2,20,1,2
B00190,B00190_R1,511,1,1,1.6764,0.7112,262.7,0.2032,1.6002,265.28,12,14,-2.58,2.54,1.9812,0.2032,1.6002,2.6416,2.7178,2.7178,2,30,0,1
B00191,B00191_R2,512,1,3,0.2032,1.6002,274.53,0.2032,1.6002,243.54,13,13,30.99,0.2032,1.143,1.9812,2.032,0.9652,0.9652,3.175,1,10,1,1
B00191,B00191_R1,513,2,3,0.2032,1.6002,274.53,0.2032,1.6002,243.54,13,13,30.99,0.762,0.7112,2.54,1.6002,1.9558,1.9558,3.175,3,10,0,1
B00191,B00191_R2,514,3,3,0.2032,1.6002,274.53,0.2032,1.6002,243.54,13,13,30.99,1.9812,2.032,0.2032,1.6002,2.7178,2.7178,2.7178,2,30,1,2
B00192,B00192_R1,515,1,2,2.54,1.6002,217.13,0.2032,1.6002,201.96,10,11,15.17,1.9812,0.2032,0.4572,0.2032,1.9558,3.175,2.032,3,10,0,1
B00192,B00192_R2,516,2,2,2.54,1.6002,217.13,0.2032,1.6002,201.96,10,11,15.17,1.0668,2.032,0.2032,1.6002,2.413,1.8034,1.8034,2,30,1,1
B00193,B00193_R2,517,1,1,0.4572,0.2032,201.19,0.2032,1.6002,182.93,9,10,18.26,0.2032,1.143,1.9812,0.7112,1.1938,0.9652,2.7178,1,10,1,1
B00194,B00194_R1,518,1,1,0.4572,0.2032,178.95,1.9812,0.7112,181.13,8,10,-2.18,0.2032,0.762,1.6764,0.7112,0.8128,2.3368,2.032,1,10,0,1
B00195,B00195_R2,519,1,3,1.6764,0.7112,172.73,1.9812,0.7112,161.68,8,9,11.05,1.9812,0.7112,1.6764,0.2032,0.8128,0.0,0.8128,3,20,1,1
B00195,B00195_R2,520,2,3,1.6764,0.7112,172.73,1.9812,0.7112,161.68,8,9,11.05,0.2032,1.143,0.4572,0.2032,2.413,2.7178,1.1938,1,30,1,2
B00195,B00195_R1,521,3,3,1.6764,0.7112,172.73,1.9812,0.7112,161.68,8,9,11.05,0.2032,0.762,0.4572,0.2032,2.032,2.3368,0.8128,1,10,0,1
B00196,B00196_R1,522,1,3,0.4572,0.2032,151.59,0.4572,0.2032,153.26,7,9,-1.67,1.6764,2.54,0.2032,1.9812,3.556,3.556,2.032,2,10,0,2
B00196,B00196_R1,523,2,3,0.4572,0.2032,151.59,0.4572,0.2032,153.26,7,9,-1.67,1.6764,0.7112,2.286,2.54,1.7272,1.7272,2.9464,3,30,0,1
B00196,B00196_R2,524,3,3,0.4572,0.2032,151.59,0.4572,0.2032,153.26,7,9,-1.67,1.0668,0.7112,0.2032,1.6002,1.1176,1.1176,2.2606,2,20,1,1
B00197,B00197_R2,525,1,3,0.2032,1.9812,171.83,0.2032,1.6002,148.97,8,9,22.86,2.286,0.2032,0.2032,1.9812,3.8608,3.4798,3.8608,2,30,1,2
B00197,B00197_R1,526,2,3,0.2032,1.9812,171.83,0.2032,1.6002,148.97,8,9,22.86,1.9812,0.2032,0.2032,1.6002,3.556,3.175,3.175,2,20,0,1
B00197,B00197_R2,527,3,3,0.2032,1.9812,171.83,0.2032,1.6002,148.97,8,9,22.86,0.2032,1.143,1.6764,2.032,1.3462,0.9652,2.8702,1,30,1,1
B00198,B00198_R2,528,1,1,0.2032,1.6002,185.06,0.2032,1.9812,182.65,8,9,2.41,1.9812,2.54,0.2032,1.9812,2.7178,2.3368,2.3368,2,10,1,1
B00199,B00199_R1,529,1,2,0.2032,1.6002,146.18,0.2032,1.9812,167.02,7,8,-20.84,0.2032,1.143,0.762,0.2032,0.9652,1.3462,1.4986,1,20,0,1
B00199,B00199_R1,530,2,2,0.2032,1.6002,146.18,0.2032,1.9812,167.02,7,8,-20.84,1.9812,2.54,0.2032,1.9812,2.7178,2.3368,2.3368,2,10,0,2
B00200,B00200_R2,531,1,4,0.2032,1.9812,171.13,0.2032,1.9812,146.79,8,7,24.34,1.6764,0.7112,0.2032,1.6002,3.2512,3.2512,2.8702,2,20,1,3
B00200,B00200_R2,532,2,4,0.2032,1.9812,171.13,0.2032,1.9812,146.79,8,7,24.34,1.6764,2.54,1.0668,0.2032,2.032,2.032,2.9464,3,20,1,2
B00200,B00200_R2,533,3,4,0.2032,1.9812,171.13,0.2032,1.9812,146.79,8,7,24.34,1.6764,2.54,0.2032,1.9812,2.032,2.032,2.032,2,30,1,1
B00200,B00200_R1,534,4,4,0.2032,1.9812,171.13,0.2032,1.9812,146.79,8,7,24.34,1.9812,0.2032,0.2032,1.9812,3.556,3.556,3.556,2,30,0,1
B00201,B00201_R1,535,1,5,0.2032,1.9812,185.76,0.2032,1.6002,196.68,8,9,-10.92,1.9812,0.2032,0.2032,1.6002,3.556,3.175,3.175,2,10,0,2
B00201,B00201_R1,536,2,5,0.2032,1.9812,185.76,0.2032,1.6002,196.68,8,9,-10.92,0.2032,1.143,1.6764,0.7112,1.3462,0.9652,2.413,1,10,0,1
B00201,B00201_R1,537,3,5,0.2032,1.9812,185.76,0.2032,1.6002,196.68,8,9,-10.92,0.2032,0.762,2.54,1.9812,1.7272,1.3462,3.556,1,20,0,3
B00201,B00201_R2,538,4,5,0.2032,1.9812,185.76,0.2032,1.6002,196.68,8,9,-10.92,0.2032,0.762,2.286,0.2032,1.7272,1.3462,2.6416,1,30,1,1
B00201,B00201_R2,539,5,5,0.2032,1.9812,185.76,0.2032,1.6002,196.68,8,9,-10.92,2.54,1.143,0.2032,1.9812,3.175,2.794,3.175,2,30,1,2
B00202,B00202_R2,540,1,1,2.54,1.9812,232.65,0.2032,1.9812,222.93,10,10,9.72,0.2032,0.762,1.9812,2.032,3.556,1.7272,3.556,1,30,1,1
B00203,B00203_R2,541,1,4,2.54,1.9812,215.62,1.9812,2.032,228.25,9,10,-12.63,0.4572,0.2032,1.9812,0.7112,3.8608,3.8608,2.032,3,20,1,2
B00203,B00203_R2,542,2,4,2.54,1.9812,215.62,1.9812,2.032,228.25,9,10,-12.63,0.2032,1.143,0.762,2.54,3.175,3.175,1.9558,1,30,1,1
B00203,B00203_R1,543,3,4,2.54,1.9812,215.62,1.9812,2.032,228.25,9,10,-12.63,0.4572,0.2032,0.762,2.032,3.8608,3.8608,2.6416,3,30,0,2
B00203,B00203_R1,544,4,4,2.54,1.9812,215.62,1.9812,2.032,228.25,9,10,-12.63,1.6764,0.7112,2.54,1.143,2.6416,3.2512,1.8034,3,10,0,1
B00204,B00204_R1,545,1,3,0.762,2.032,245.49,1.9812,0.7112,260.82,10,11,-15.33,1.0668,0.2032,0.2032,1.9812,3.2512,1.4224,2.6416,2,30,0,2
B00204,B00204_R1,546,2,3,0.762,2.032,245.49,1.9812,0.7112,260.82,10,11,-15.33,0.2032,0.762,0.762,0.7112,2.3368,2.3368,1.1176,1,30,0,1
B00204,B00204_R2,547,3,3,0.762,2.032,245.49,1.9812,0.7112,260.82,10,11,-15.33,1.6764,0.7112,0.2032,1.9812,3.2512,0.8128,3.2512,2,20,1,1
B00205,B00205_R2,548,1,3,0.2032,1.9812,266.44,0.2032,1.9812,259.71,11,11,6.73,0.4572,2.54,0.2032,1.6002,0.8128,0.8128,1.1938,2,10,1,1
B00205,B00205_R2,549,2,3,0.2032,1.9812,266.44,0.2032,1.9812,259.71,11,11,6.73,0.2032,0.762,2.286,0.2032,1.7272,1.7272,2.6416,1,20,1,2
B00205,B00205_R1,550,3,3,0.2032,1.9812,266.44,0.2032,1.9812,259.71,11,11,6.73,1.6764,2.032,0.2032,1.6002,2.032,2.032,2.413,2,30,0,1
B00206,B00206_R1,551,1,3,0.2032,1.6002,269.34,2.286,0.2032,274.13,12,12,-4.79,0.762,0.2032,0.2032,1.6002,1.9558,2.032,1.9558,2,10,0,1
B00206,B00206_R2,552,2,3,0.2032,1.6002,269.34,2.286,0.2032,274.13,12,12,-4.79,1.9812,0.2032,0.2032,1.9812,3.175,0.8128,3.556,2,20,1,1
B00206,B00206_R1,553,3,3,0.2032,1.6002,269.34,2.286,0.2032,274.13,12,12,-4.79,0.762,0.2032,0.2032,1.9812,1.9558,2.032,2.3368,2,30,0,2
B00207,B00207_R2,554,1,4,0.2032,1.9812,290.38,0.2032,1.9812,278.14,12,13,12.24,1.0668,0.7112,0.2032,1.6002,2.6416,2.6416,2.2606,2,20,1,2
B00207,B00207_R1,555,2,4,0.2032,1.9812,290.38,0.2032,1.9812,278.14,12,13,12.24,0.2032,1.143,1.6764,0.2032,1.3462,1.3462,2.413,1,30,0,1
B00207,B00207_R1,556,3,4,0.2032,1.9812,290.38,0.2032,1.9812,278.14,12,13,12.24,1.6764,0.2032,2.286,2.54,3.2512,3.2512,2.9464,3,10,0,2
B00207,B00207_R2,557,4,4,0.2032,1.9812,290.38,0.2032,1.9812,278.14,12,13,12.24,1.0668,2.54,0.2032,1.6002,1.4224,1.4224,1.8034,2,30,1,1
B00208,B00208_R1,558,1,2,2.286,2.54,288.97,0.2032,1.6002,281.45,13,13,7.52,0.2032,0.762,1.9812,0.2032,3.8608,1.3462,2.3368,1,20,0,1
B00208,B00208_R2,559,2,2,2.286,2.54,288.97,0.2032,1.6002,281.45,13,13,7.52,0.2032,1.143,1.9812,2.54,3.4798,0.9652,3.175,1,20,1,1
B00209,B00209_R2,560,1,1,1.9812,0.2032,279.14,1.9812,2.54,263.11,13,12,16.03,0.4572,0.2032,0.2032,1.9812,2.032,3.8608,2.032,2,10,1,1
B00210,B00210_R2,561,1,2,1.9812,0.2032,261.01,0.2032,1.9812,271.22,12,12,-10.21,1.0668,2.54,1.9812,2.032,3.2512,1.4224,1.4224,3,10,1,1
B00210,B00210_R1,562,2,2,1.9812,0.2032,261.01,0.2032,1.9812,271.22,12,12,-10.21,0.2032,1.143,0.762,2.032,2.7178,1.3462,1.9558,1,20,0,1
B00211,B00211_R1,563,1,5,0.762,2.032,265.23,1.9812,2.032,268.91,12,12,-3.68,2.54,0.762,0.2032,1.6002,3.556,2.3368,3.175,2,10,0,3
B00211,B00211_R2,564,2,5,0.762,2.032,265.23,1.9812,2.032,268.91,12,12,-3.68,2.286,2.54,0.2032,1.6002,2.032,0.8128,3.0226,2,30,1,1
B00211,B00211_R1,565,3,5,0.762,2.032,265.23,1.9812,2.032,268.91,12,12,-3.68,0.762,2.032,0.2032,1.9812,0.0,1.7272,1.1176,2,10,0,1
B00211,B00211_R1,566,4,5,0.762,2.032,265.23,1.9812,2.032,268.91,12,12,-3.68,0.2032,0.762,2.54,0.762,2.3368,3.556,2.9464,1,20,0,2
B00211,B00211_R2,567,5,5,0.762,2.032,265.23,1.9812,2.032,268.91,12,12,-3.68,0.2032,1.143,1.9812,2.54,1.9558,3.175,3.175,1,20,1,2
B00212,B00212_R2,568,1,1,0.2032,1.6002,277.73,1.9812,2.54,274.01,13,13,3.72,2.54,1.143,2.286,2.54,2.794,1.9558,1.651,3,30,1,1
B00213,B00213_R1,569,1,3,0.2032,1.6002,253.98,2.286,2.54,271.1,12,13,-17.12,0.2032,0.762,2.54,1.9812,1.3462,3.8608,3.556,1,20,0,2
B00213,B00213_R2,570,2,3,0.2032,1.6002,253.98,2.286,2.54,271.1,12,13,-17.12,0.2032,0.762,2.54,0.762,1.3462,3.8608,2.9464,1,10,1,1
B00213,B00213_R1,571,3,3,0.2032,1.6002,253.98,2.286,2.54,271.1,12,13,-17.12,0.4572,2.54,0.2032,1.6002,1.1938,2.3368,1.1938,2,20,0,1
B00214,B00214_R1,572,1,4,2.54,1.9812,275.11,2.54,0.762,285.74,13,13,-10.63,2.286,2.54,1.6764,2.032,0.8128,2.032,1.1176,3,20,0,1
B00214,B00214_R2,573,2,4,2.54,1.9812,275.11,2.54,0.762,285.74,13,13,-10.63,0.2032,0.762,0.762,0.2032,3.556,2.9464,1.1176,1,10,1,2
B00214,B00214_R2,574,3,4,2.54,1.9812,275.11,2.54,0.762,285.74,13,13,-10.63,0.4572,0.2032,0.762,0.7112,3.8608,2.6416,0.8128,3,20,1,1
B00214,B00214_R1,575,4,4,2.54,1.9812,275.11,2.54,0.762,285.74,13,13,-10.63,0.2032,0.762,1.9812,2.032,3.556,2.9464,3.556,1,20,0,2
B00215,B00215_R1,576,1,3,1.9812,2.032,241.34,0.762,0.2032,237.85,12,11,3.49,0.2032,1.143,2.54,1.9812,3.175,1.4986,3.175,1,20,0,1
B00215,B00215_R2,577,2,3,1.9812,2.032,241.34,0.762,0.2032,237.85,12,11,3.49,0.2032,0.762,1.9812,0.7112,3.556,1.1176,2.3368,1,10,1,1
B00215,B00215_R2,578,3,3,1.9812,2.032,241.34,0.762,0.2032,237.85,12,11,3.49,0.2032,0.762,1.9812,2.54,3.556,1.1176,3.556,1,30,1,2
B00216,B00216_R1,579,1,2,2.54,1.9812,231.84,1.9812,2.54,245.98,11,11,-14.14,2.54,1.9812,0.2032,1.6002,0.0,1.1176,2.7178,2,20,0,1
B00216,B00216_R2,580,2,2,2.54,1.9812,231.84,1.9812,2.54,245.98,11,11,-14.14,1.0668,2.032,0.2032,1.6002,2.032,1.4224,1.8034,2,20,1,1
B00217,B00217_R1,581,1,2,0.2032,1.6002,228.12,0.2032,1.6002,244.17,11,11,-16.05,1.9812,0.7112,0.2032,1.6002,3.175,3.175,3.175,2,30,0,2
B00217,B00217_R1,582,2,2,0.2032,1.6002,228.12,0.2032,1.6002,244.17,11,11,-16.05,0.2032,0.762,1.9812,0.2032,1.3462,1.3462,2.3368,1,30,0,1
B00218,B00218_R2,583,1,3,0.2032,1.6002,250.57,0.2032,1.6002,224.73,12,11,25.84,0.4572,0.2032,0.2032,1.6002,1.651,1.651,1.651,2,20,1,1
B00218,B00218_R2,584,2,3,0.2032,1.6002,250.57,0.2032,1.6002,224.73,12,11,25.84,0.2032,0.762,1.0668,2.032,1.3462,1.3462,2.6416,1,20,1,2
B00218,B00218_R1,585,3,3,0.2032,1.6002,250.57,0.2032,1.6002,224.73,12,11,25.84,0.2032,1.143,1.6764,0.7112,0.9652,0.9652,2.413,1,30,0,1
B00219,B00219_R2,586,1,3,1.6764,0.7112,231.64,1.0668,2.032,225.92,11,11,5.72,0.2032,1.143,1.6764,2.032,2.413,2.2606,2.8702,1,20,1,1
B00219,B00219_R2,587,2,3,1.6764,0.7112,231.64,1.0668,2.032,225.92,11,11,5.72,0.2032,1.143,2.54,1.9812,2.413,2.2606,3.175,1,30,1,2
B00219,B00219_R1,588,3,3,1.6764,0.7112,231.64,1.0668,2.032,225.92,11,11,5.72,0.2032,1.143,2.286,2.54,2.413,2.2606,3.4798,1,30,0,1
B00220,B00220_R1,589,1,2,2.286,2.54,220.03,2.54,1.9812,240.35,10,11,-20.32,0.2032,1.143,1.9812,0.7112,3.4798,3.175,2.7178,1,10,0,2
B00220,B00220_R1,590,2,2,2.286,2.54,220.03,2.54,1.9812,240.35,10,11,-20.32,2.286,2.54,0.762,0.7112,0.0,0.8128,3.8608,3,10,0,1
B00221,B00221_R1,591,1,4,1.9812,0.7112,220.64,2.54,1.9812,198.97,10,9,21.67,1.6764,0.7112,2.286,2.54,0.8128,2.6416,2.9464,3,20,0,1
B00221,B00221_R2,592,2,4,1.9812,0.7112,220.64,2.54,1.9812,198.97,10,9,21.67,1.9812,2.54,2.54,1.143,2.9464,1.1176,1.9558,3,20,1,1
B00221,B00221_R1,593,3,4,1.9812,0.7112,220.64,2.54,1.9812,198.97,10,9,21.67,1.6764,2.54,0.2032,1.6002,3.2512,1.4224,2.413,2,30,0,2
B00221,B00221_R2,594,4,4,1.9812,0.7112,220.64,2.54,1.9812,198.97,10,9,21.67,1.0668,0.7112,0.2032,1.9812,1.4224,3.2512,2.6416,2,10,1,2
B00222,B00222_R1,595,1,3,0.2032,1.6002,221.13,0.2032,1.9812,204.17,10,9,16.96,1.6764,0.7112,1.6764,0.2032,2.8702,3.2512,0.508,3,20,0,1
B00222,B00222_R2,596,2,3,0.2032,1.6002,221.13,0.2032,1.9812,204.17,10,9,16.96,0.4572,2.54,0.2032,1.6002,1.1938,0.8128,1.1938,2,10,1,1
B00222,B00222_R2,597,3,3,0.2032,1.6002,221.13,0.2032,1.9812,204.17,10,9,16.96,0.2032,1.143,1.6764,0.2032,0.9652,1.3462,2.413,1,20,1,2
B00223,B00223_R2,598,1,1,1.6764,0.2032,219.53,1.6764,0.2032,216.4,11,10,3.13,0.2032,1.143,2.286,2.54,2.413,2.413,3.4798,1,20,1,1
B00224,B00224_R2,599,1,5,1.6764,0.2032,179.55,2.286,2.54,203.48,9,9,-23.93,2.54,1.9812,0.2032,1.9812,2.6416,0.8128,2.9464,2,30,1,1
B00224,B00224_R1,600,2,5,1.6764,0.2032,179.55,2.286,2.54,203.48,9,9,-23.93,0.2032,1.143,0.4572,0.2032,2.413,3.4798,1.1938,1,10,0,1
B00224,B00224_R2,601,3,5,1.6764,0.2032,179.55,2.286,2.54,203.48,9,9,-23.93,0.2032,0.762,1.0668,0.2032,2.032,3.8608,1.4224,1,30,1,2
B00224,B00224_R1,602,4,5,1.6764,0.2032,179.55,2.286,2.54,203.48,9,9,-23.93,0.2032,0.762,1.0668,0.2032,2.032,3.8608,1.4224,1,30,0,2
B00224,B00224_R1,603,5,5,1.6764,0.2032,179.55,2.286,2.54,203.48,9,9,-23.93,0.2032,0.762,1.6764,0.2032,2.032,3.8608,2.032,1,10,0,3
B00225,B00225_R1,604,1,3,1.6764,0.2032,195.87,1.0668,0.2032,201.98,10,9,-6.11,1.0668,2.54,0.2032,1.9812,2.9464,2.9464,1.4224,2,20,0,1
B00225,B00225_R2,605,2,3,1.6764,0.2032,195.87,1.0668,0.2032,201.98,10,9,-6.11,0.2032,1.143,1.6764,2.032,2.413,1.8034,2.8702,1,20,1,1
B00225,B00225_R1,606,3,3,1.6764,0.2032,195.87,1.0668,0.2032,201.98,10,9,-6.11,0.762,2.032,0.2032,1.9812,3.2512,3.2512,1.1176,2,20,0,2
B00226,B00226_R1,607,1,2,0.2032,1.9812,212.5,1.6764,2.032,208.09,11,10,4.41,0.2032,1.143,2.54,1.6002,1.3462,2.8702,2.794,1,20,0,1
B00226,B00226_R2,608,2,2,0.2032,1.9812,212.5,1.6764,2.032,208.09,11,10,4.41,2.54,1.9812,0.4572,0.2032,2.9464,1.4224,3.8608,3,30,1,1
B00227,B00227_R1,609,1,2,2.54,1.6002,213.9,0.4572,0.2032,215.71,11,10,-1.81,0.4572,2.54,0.2032,1.6002,3.0226,2.3368,1.1938,2,20,0,1
B00227,B00227_R2,610,2,2,2.54,1.6002,213.9,0.4572,0.2032,215.71,11,10,-1.81,0.2032,1.143,0.762,0.2032,2.794,1.1938,1.4986,1,10,1,1
B00228,B00228_R2,611,1,4,0.2032,1.6002,217.1,0.762,0.2032,211.61,11,10,5.49,1.0668,2.032,0.2032,1.9812,1.8034,3.2512,1.4224,2,20,1,2
B00228,B00228_R1,612,2,4,0.2032,1.6002,217.1,0.762,0.2032,211.61,11,10,5.49,1.9812,2.54,0.2032,1.9812,2.7178,3.556,2.3368,2,30,0,2
B00228,B00228_R2,613,3,4,0.2032,1.6002,217.1,0.762,0.2032,211.61,11,10,5.49,1.6764,0.7112,0.2032,1.6002,2.8702,1.4224,2.8702,2,30,1,1
B00228,B00228_R1,614,4,4,0.2032,1.6002,217.1,0.762,0.2032,211.61,11,10,5.49,0.2032,0.762,1.6764,2.54,1.3462,1.1176,3.2512,1,10,0,1
B00229,B00229_R1,615,1,3,0.2032,1.9812,238.24,0.2032,1.9812,232.74,12,11,5.5,0.2032,0.762,2.54,1.9812,1.7272,1.7272,3.556,1,10,0,1
B00229,B00229_R2,616,2,3,0.2032,1.9812,238.24,0.2032,1.9812,232.74,12,11,5.5,1.6764,2.54,0.2032,1.6002,2.032,2.032,2.413,2,20,1,1
B00229,B00229_R2,617,3,3,0.2032,1.9812,238.24,0.2032,1.9812,232.74,12,11,5.5,0.762,0.7112,0.2032,1.9812,2.3368,2.3368,2.3368,2,30,1,2
B00230,B00230_R1,618,1,1,2.54,1.9812,245.46,0.2032,1.9812,257.89,12,12,-12.43,0.2032,0.762,1.0668,2.54,3.556,1.7272,2.6416,1,10,0,1
B00231,B00231_R1,619,1,4,1.0668,2.54,255.98,0.2032,1.9812,240.16,12,11,15.82,1.6764,2.032,0.2032,1.9812,1.1176,2.032,2.032,2,10,0,1
B00231,B00231_R2,620,2,4,1.0668,2.54,255.98,0.2032,1.9812,240.16,12,11,15.82,0.2032,0.762,2.54,1.6002,2.6416,1.7272,3.175,1,30,1,1
B00231,B00231_R1,621,3,4,1.0668,2.54,255.98,0.2032,1.9812,240.16,12,11,15.82,1.0668,0.7112,1.6764,2.54,2.9464,2.6416,2.9464,3,30,0,2
B00231,B00231_R2,622,4,4,1.0668,2.54,255.98,0.2032,1.9812,240.16,12,11,15.82,1.6764,0.2032,0.762,2.032,2.9464,3.2512,3.2512,3,10,1,2
B00232,B00232_R2,623,1,2,1.6764,2.54,261.7,0.762,2.032,248.48,12,11,13.22,0.2032,0.762,1.6764,0.2032,3.2512,2.3368,2.032,1,10,1,1
B00232,B00232_R1,624,2,2,1.6764,2.54,261.7,0.762,2.032,248.48,12,11,13.22,0.2032,0.762,1.0668,0.2032,3.2512,2.3368,1.4224,1,30,0,1
B00233,B00233_R1,625,1,4,1.0668,0.2032,267.91,1.6764,0.2032,254.89,12,12,13.02,0.4572,0.2032,0.2032,1.6002,1.1176,1.7272,1.651,2,10,0,1
B00233,B00233_R2,626,2,4,1.0668,0.2032,267.91,1.6764,0.2032,254.89,12,12,13.02,1.6764,2.032,0.2032,1.6002,2.9464,2.9464,2.413,2,10,1,2
B00233,B00233_R2,627,3,4,1.0668,0.2032,267.91,1.6764,0.2032,254.89,12,12,13.02,0.4572,0.2032,0.2032,1.6002,1.1176,1.7272,1.651,2,20,1,1
B00233,B00233_R1,628,4,4,1.0668,0.2032,267.91,1.6764,0.2032,254.89,12,12,13.02,2.54,1.6002,1.6764,0.7112,2.8702,2.2606,2.2606,3,20,0,2
B00234,B00234_R2,629,1,4,1.6764,0.7112,288.25,0.2032,1.6002,276.85,13,12,11.4,2.54,1.9812,1.9812,2.54,2.6416,2.7178,1.1176,3,20,1,2
B00234,B00234_R1,630,2,4,1.6764,0.7112,288.25,0.2032,1.6002,276.85,13,12,11.4,1.0668,0.7112,0.2032,1.6002,1.1176,2.2606,2.2606,2,20,0,1
B00234,B00234_R2,631,3,4,1.6764,0.7112,288.25,0.2032,1.6002,276.85,13,12,11.4,0.2032,1.143,2.54,1.9812,2.413,0.9652,3.175,1,20,1,1
B00234,B00234_R1,632,4,4,1.6764,0.7112,288.25,0.2032,1.6002,276.85,13,12,11.4,0.2032,1.143,1.0668,2.54,2.413,0.9652,2.2606,1,10,0,2
B00235,B00235_R2,633,1,2,1.0668,2.54,305.38,1.9812,2.54,293.06,14,14,12.32,2.54,0.762,0.2032,1.6002,3.2512,2.3368,3.175,2,20,1,1
B00235,B00235_R1,634,2,2,1.0668,2.54,305.38,1.9812,2.54,293.06,14,14,12.32,0.4572,0.2032,0.2032,1.9812,2.9464,3.8608,2.032,2,10,0,1
B00236,B00236_R1,635,1,2,0.2032,1.9812,309.5,0.2032,1.6002,299.98,14,14,9.52,0.762,0.7112,1.9812,0.2032,2.3368,1.9558,1.7272,3,10,0,1
B00236,B00236_R2,636,2,2,0.2032,1.9812,309.5,0.2032,1.6002,299.98,14,14,9.52,0.2032,1.143,1.9812,0.7112,1.3462,0.9652,2.7178,1,30,1,1
B00237,B00237_R2,637,1,3,1.9812,0.2032,312.1,1.9812,0.7112,301.88,14,14,10.22,0.2032,1.143,1.6764,0.2032,2.7178,2.7178,2.413,1,20,1,2
B00237,B00237_R1,638,2,3,1.9812,0.2032,312.1,1.9812,0.7112,301.88,14,14,10.22,0.2032,1.143,2.286,0.2032,2.7178,2.7178,3.0226,1,20,0,1
B00237,B00237_R2,639,3,3,1.9812,0.2032,312.1,1.9812,0.7112,301.88,14,14,10.22,1.0668,0.7112,0.2032,1.6002,1.4224,1.4224,2.2606,2,20,1,1
B00238,B00238_R2,640,1,1,2.286,0.2032,238.86,1.6764,0.2032,237.37,11,11,1.49,0.2032,1.143,1.0668,2.54,3.0226,2.413,2.2606,1,30,1,1
B00239,B00239_R2,641,1,2,2.286,0.2032,222.03,1.0668,2.54,240.78,10,11,-18.75,1.0668,2.032,2.286,0.2032,3.556,0.508,3.556,3,30,1,1
B00239,B00239_R1,642,2,2,2.286,0.2032,222.03,1.0668,2.54,240.78,10,11,-18.75,0.2032,1.143,0.4572,0.2032,3.0226,2.2606,1.1938,1,10,0,1
B00240,B00240_R1,643,1,5,0.4572,0.2032,221.22,2.286,0.2032,244.18,10,12,-22.96,0.762,0.2032,2.54,1.143,0.8128,2.032,2.7178,3,20,0,1
B00240,B00240_R2,644,2,5,0.4572,0.2032,221.22,2.286,0.2032,244.18,10,12,-22.96,0.762,0.2032,0.2032,1.9812,0.8128,2.032,2.3368,2,10,1,1
B00240,B00240_R1,645,3,5,0.4572,0.2032,221.22,2.286,0.2032,244.18,10,12,-22.96,2.54,1.143,0.2032,1.9812,3.0226,1.1938,3.175,2,10,0,2
B00240,B00240_R2,646,4,5,0.4572,0.2032,221.22,2.286,0.2032,244.18,10,12,-22.96,0.2032,0.762,2.54,1.143,0.8128,2.6416,2.7178,1,10,1,2
B00240,B00240_R1,647,5,5,0.4572,0.2032,221.22,2.286,0.2032,244.18,10,12,-22.96,1.9812,2.54,0.2032,1.9812,3.8608,2.6416,2.3368,2,20,0,3
B00241,B00241_R2,648,1,2,0.2032,1.9812,264.51,2.54,1.143,272.63,12,13,-8.12,0.2032,0.762,1.0668,2.032,1.7272,2.7178,2.6416,1,20,1,1
B00241,B00241_R1,649,2,2,0.2032,1.9812,264.51,2.54,1.143,272.63,12,13,-8.12,0.2032,1.143,2.286,0.2032,1.3462,2.3368,3.0226,1,20,0,1
B00242,B00242_R1,650,1,2,2.286,0.2032,203.89,1.0668,2.032,219.04,9,10,-15.15,1.9812,0.2032,0.2032,1.9812,0.8128,3.2512,3.556,2,10,0,1
B00242,B00242_R2,651,2,2,2.286,0.2032,203.89,1.0668,2.032,219.04,9,10,-15.15,1.6764,0.2032,0.2032,1.6002,1.1176,2.9464,2.8702,2,10,1,1
B00243,B00243_R1,652,1,1,0.2032,1.9812,208.41,0.2032,1.6002,228.36,9,10,-19.95,2.54,1.9812,0.2032,1.6002,2.9464,2.7178,2.7178,2,20,0,1
B00244,B00244_R2,653,1,1,0.2032,1.6002,218.43,0.2032,1.6002,206.02,10,9,12.41,1.6764,2.54,0.2032,1.9812,2.413,2.413,2.032,2,20,1,1
B00245,B00245_R1,654,1,2,0.2032,1.6002,196.69,0.2032,1.9812,208.23,9,9,-11.54,0.2032,1.143,1.9812,2.54,0.9652,1.3462,3.175,1,30,0,1
B00245,B00245_R2,655,2,2,0.2032,1.6002,196.69,0.2032,1.9812,208.23,9,9,-11.54,0.2032,0.762,1.0668,0.2032,1.3462,1.7272,1.4224,1,20,1,1
B00246,B00246_R1,656,1,1,1.9812,2.54,200.69,1.0668,0.2032,206.92,9,9,-6.23,0.2032,1.143,1.9812,0.2032,3.175,1.8034,2.7178,1,30,0,1
B00247,B00247_R2,657,1,2,1.9812,0.2032,208.31,1.0668,0.2032,186.48,9,8,21.83,2.286,0.2032,2.286,2.54,0.8128,1.7272,2.3368,3,20,1,1
B00247,B00247_R2,658,2,2,1.9812,0.2032,208.31,1.0668,0.2032,186.48,9,8,21.83,0.762,2.54,0.2032,1.6002,3.556,3.2512,1.4986,2,20,1,2
B00248,B00248_R1,659,1,1,1.9812,0.2032,147.5,0.2032,1.6002,167.63,6,8,-20.13,0.762,2.54,2.286,0.2032,3.556,1.4986,3.8608,3,20,0,1
B00249,B00249_R2,660,1,3,2.286,0.2032,142.49,0.2032,1.6002,129.35,6,6,13.14,0.2032,1.143,1.9812,0.7112,3.0226,0.9652,2.7178,1,30,1,1
B00249,B00249_R2,661,2,3,2.286,0.2032,142.49,0.2032,1.6002,129.35,6,6,13.14,0.2032,0.762,1.0668,2.032,2.6416,1.3462,2.6416,1,30,1,2
B00249,B00249_R1,662,3,3,2.286,0.2032,142.49,0.2032,1.6002,129.35,6,6,13.14,1.9812,2.032,0.2032,1.9812,2.6416,2.7178,2.3368,2,10,0,1
B00250,B00250_R2,663,1,3,0.2032,1.9812,150.01,1.0668,2.032,154.2,6,7,-4.19,1.6764,0.7112,0.2032,1.9812,3.2512,2.9464,3.2512,2,30,1,1
B00250,B00250_R1,664,2,3,0.2032,1.9812,150.01,1.0668,2.032,154.2,6,7,-4.19,0.4572,2.54,0.2032,1.6002,0.8128,1.1176,1.1938,2,30,0,1
B00250,B00250_R1,665,3,3,0.2032,1.9812,150.01,1.0668,2.032,154.2,6,7,-4.19,0.2032,1.143,1.6764,2.54,1.3462,2.2606,2.8702,1,10,0,2
B00251,B00251_R2,666,1,4,1.6764,2.54,143.78,0.2032,1.9812,143.47,6,7,0.31,2.286,2.54,0.2032,1.6002,1.1176,2.6416,3.0226,2,10,1,2
B00251,B00251_R2,667,2,4,1.6764,2.54,143.78,0.2032,1.9812,143.47,6,7,0.31,0.762,2.54,0.2032,1.6002,1.4224,1.1176,1.4986,2,30,1,1
B00251,B00251_R1,668,3,4,1.6764,2.54,143.78,0.2032,1.9812,143.47,6,7,0.31,1.9812,2.54,0.2032,1.6002,0.8128,2.3368,2.7178,2,10,0,1
B00251,B00251_R1,669,4,4,1.6764,2.54,143.78,0.2032,1.9812,143.47,6,7,0.31,1.0668,0.2032,2.286,2.54,2.9464,2.6416,3.556,3,20,0,2
B00252,B00252_R2,670,1,1,2.286,2.54,151.3,0.2032,1.6002,149.49,7,7,1.81,1.0668,0.7112,2.286,0.2032,3.556,2.2606,1.7272,3,20,1,1
B00253,B00253_R1,671,1,1,2.286,2.54,130.85,2.286,0.2032,150.09,6,7,-19.24,0.762,2.54,0.2032,1.6002,2.032,3.8608,1.4986,2,20,0,1
B00254,B00254_R1,672,1,2,0.2032,1.6002,129.55,2.286,0.2032,130.45,6,6,-0.9,0.2032,1.143,2.286,0.2032,0.9652,3.0226,3.0226,1,20,0,1
B00254,B00254_R2,673,2,2,0.2032,1.6002,129.55,2.286,0.2032,130.45,6,6,-0.9,0.2032,0.762,1.6764,0.2032,1.3462,2.6416,2.032,1,30,1,1
B00255,B00255_R2,674,1,3,2.286,0.2032,132.05,1.6764,0.2032,133.76,7,6,-1.71,0.762,2.032,0.2032,1.6002,3.8608,3.2512,1.4986,2,30,1,2
B00255,B00255_R1,675,2,3,2.286,0.2032,132.05,1.6764,0.2032,133.76,7,6,-1.71,2.286,2.54,0.2032,1.9812,2.3368,2.9464,2.6416,2,20,0,1
B00255,B00255_R2,676,3,3,2.286,0.2032,132.05,1.6764,0.2032,133.76,7,6,-1.71,0.2032,0.762,0.762,2.032,2.6416,2.032,2.3368,1,20,1,1
B00256,B00256_R2,677,1,4,0.2032,1.9812,137.37,0.2032,1.6002,148.59,6,7,-11.22,0.2032,1.143,0.762,0.7112,1.3462,0.9652,1.4986,1,10,1,1
B00256,B00256_R1,678,2,4,0.2032,1.9812,137.37,0.2032,1.6002,148.59,6,7,-11.22,0.2032,0.762,1.0668,2.54,1.7272,1.3462,2.6416,1,10,0,1
B00256,B00256_R1,679,3,4,0.2032,1.9812,137.37,0.2032,1.6002,148.59,6,7,-11.22,1.9812,2.54,0.2032,1.6002,2.3368,2.7178,2.7178,2,20,0,2
B00256,B00256_R2,680,4,4,0.2032,1.9812,137.37,0.2032,1.6002,148.59,6,7,-11.22,0.4572,0.2032,0.2032,1.6002,2.032,1.651,1.651,2,30,1,2
B00257,B00257_R1,681,1,3,0.2032,1.6002,161.82,0.2032,1.6002,159.01,7,8,2.81,0.762,0.7112,0.2032,1.9812,1.9558,1.9558,2.3368,2,30,0,1
B00257,B00257_R2,682,2,3,0.2032,1.6002,161.82,0.2032,1.6002,159.01,7,8,2.81,0.2032,0.762,0.762,2.54,1.3462,1.3462,2.3368,1,20,1,2
B00257,B00257_R2,683,3,3,0.2032,1.6002,161.82,0.2032,1.6002,159.01,7,8,2.81,0.2032,1.143,0.4572,2.54,0.9652,0.9652,1.651,1,30,1,1
B00258,B00258_R1,684,1,3,0.2032,1.9812,164.82,0.762,2.54,181.26,7,9,-16.44,1.9812,0.2032,1.6764,2.032,3.556,3.556,3.2512,3,20,0,2
B00258,B00258_R1,685,2,3,0.2032,1.9812,164.82,0.762,2.54,181.26,7,9,-16.44,0.762,2.032,0.2032,1.6002,1.1176,0.508,1.4986,2,20,0,1
B00258,B00258_R2,686,3,3,0.2032,1.9812,164.82,0.762,2.54,181.26,7,9,-16.44,1.9812,0.7112,0.2032,1.6002,3.556,3.556,3.175,2,20,1,1
B00259,B00259_R1,687,1,1,1.6764,2.032,193.88,0.2032,1.6002,192.58,9,10,1.3,2.286,2.54,0.4572,2.54,1.1176,3.0226,2.3368,3,30,0,1
B00260,B00260_R1,688,1,2,0.4572,2.54,195.18,0.2032,1.6002,172.05,9,9,23.13,2.54,1.9812,0.2032,1.6002,2.6416,2.7178,2.7178,2,30,0,1
B00260,B00260_R2,689,2,2,0.4572,2.54,195.18,0.2032,1.6002,172.05,9,9,23.13,2.54,1.9812,0.2032,1.6002,2.6416,2.7178,2.7178,2,10,1,1
B00261,B00261_R1,690,1,3,0.2032,1.6002,199.0,0.2032,1.6002,180.26,9,9,18.74,0.4572,2.54,1.6764,0.7112,1.1938,1.1938,3.556,3,30,0,1
B00261,B00261_R2,691,2,3,0.2032,1.6002,199.0,0.2032,1.6002,180.26,9,9,18.74,0.2032,1.143,2.54,1.6002,0.9652,0.9652,2.794,1,10,1,1
B00261,B00261_R2,692,3,3,0.2032,1.6002,199.0,0.2032,1.6002,180.26,9,9,18.74,1.6764,2.032,0.2032,1.9812,2.413,2.413,2.032,2,20,1,2
B00262,B00262_R2,693,1,2,1.6764,0.7112,183.46,0.2032,1.9812,180.96,8,9,2.5,0.2032,0.762,1.0668,2.032,2.032,1.7272,2.6416,1,10,1,1
B00262,B00262_R1,694,2,2,1.6764,0.7112,183.46,0.2032,1.9812,180.96,8,9,2.5,1.6764,0.2032,0.2032,1.6002,0.508,3.2512,2.8702,2,20,0,1
B00263,B00263_R1,695,1,1,0.2032,1.6002,161.53,1.0668,2.032,163.83,7,7,-2.3,2.54,1.6002,0.2032,1.9812,2.3368,2.413,2.7178,2,10,0,1
B00264,B00264_R2,696,1,2,0.2032,1.9812,148.21,1.0668,2.032,123.05,6,5,25.16,0.2032,0.762,2.54,1.6002,1.7272,2.6416,3.175,1,20,1,2
B00264,B00264_R2,697,2,2,0.2032,1.9812,148.21,1.0668,2.032,123.05,6,5,25.16,0.762,2.54,0.2032,1.6002,1.1176,0.8128,1.4986,2,20,1,1
B00265,B00265_R1,698,1,3,0.2032,1.9812,129.26,2.54,1.6002,141.08,6,7,-11.82,0.2032,0.762,0.4572,0.2032,1.7272,3.175,0.8128,1,10,0,1
B00265,B00265_R1,699,2,3,0.2032,1.9812,129.26,2.54,1.6002,141.08,6,7,-11.82,0.2032,0.762,2.54,1.6002,1.7272,3.175,3.175,1,20,0,2
B00265,B00265_R2,700,3,3,0.2032,1.9812,129.26,2.54,1.6002,141.08,6,7,-11.82,2.286,2.54,0.2032,1.6002,2.6416,1.1938,3.0226,2,10,1,1
B00266,B00266_R2,701,1,1,2.54,1.6002,144.99,0.2032,1.6002,143.57,7,7,1.42,0.4572,0.2032,0.2032,1.9812,3.4798,1.651,2.032,2,30,1,1
B00267,B00267_R1,702,1,1,2.54,1.6002,124.54,0.2032,1.9812,144.57,6,7,-20.03,0.2032,1.143,0.762,2.54,2.794,1.3462,1.9558,1,20,0,1
B00268,B00268_R2,703,1,1,0.762,2.54,88.47,0.2032,1.9812,82.15,4,4,6.32,0.2032,1.143,1.6764,2.032,1.9558,1.3462,2.8702,1,20,1,1
B00269,B00269_R1,704,1,2,0.762,2.54,28.75,1.6764,2.032,43.18,2,2,-14.43,0.2032,0.762,1.6764,2.54,2.3368,3.2512,3.2512,1,30,0,2
B00269,B00269_R1,705,2,2,0.762,2.54,28.75,1.6764,2.032,43.18,2,2,-14.43,1.0668,2.032,0.2032,1.6002,0.8128,1.1176,1.8034,2,30,0,1
B00270,B00270_R2,706,1,2,1.6764,2.54,48.39,1.6764,2.032,22.64,3,1,25.75,1.9812,0.2032,0.2032,1.9812,3.2512,3.2512,3.556,2,10,1,2
B00270,B00270_R2,707,2,2,1.6764,2.54,48.39,1.6764,2.032,22.64,3,1,25.75,0.2032,0.762,2.286,0.2032,3.2512,3.2512,2.6416,1,20,1,1
B00271,B00271_R2,708,1,2,1.6764,2.54,7.91,0.2032,1.9812,39.68,1,2,-31.77,0.2032,1.143,2.286,2.54,2.8702,1.3462,3.4798,1,20,1,1
B00271,B00271_R1,709,2,2,1.6764,2.54,7.91,0.2032,1.9812,39.68,1,2,-31.77,2.286,0.2032,0.2032,1.9812,2.9464,3.8608,3.8608,2,30,0,1
B00272,B00272_R1,710,1,2,0.2032,1.9812,21.24,2.286,2.54,45.09,1,2,-23.85,2.54,1.9812,1.9812,0.7112,2.9464,0.8128,2.3368,3,10,0,2
B00272,B00272_R1,711,2,2,0.2032,1.9812,21.24,2.286,2.54,45.09,1,2,-23.85,1.6764,2.54,1.6764,2.032,2.032,1.1176,0.508,3,30,0,1
B00273,B00273_R2,712,1,1,1.9812,0.7112,36.87,2.286,2.54,22.54,2,1,14.33,0.2032,1.143,2.286,2.54,2.7178,3.4798,3.4798,1,10,1,1
B00274,B00274_R1,713,1,3,1.9812,0.7112,17.43,2.286,2.54,33.47,1,1,-16.04,1.9812,0.2032,0.2032,1.9812,0.508,2.6416,3.556,2,20,0,1
B00274,B00274_R1,714,2,3,1.9812,0.7112,17.43,2.286,2.54,33.47,1,1,-16.04,1.9812,2.032,1.6764,2.032,2.9464,0.8128,0.8128,3,30,0,2
B00274,B00274_R2,715,3,3,1.9812,0.7112,17.43,2.286,2.54,33.47,1,1,-16.04,2.286,2.54,1.9812,0.2032,2.6416,0.0,2.6416,3,20,1,1
B00275,B00275_R1,716,1,1,1.6764,2.032,17.43,1.9812,0.2032,11.22,1,1,6.21,0.762,2.54,0.2032,1.9812,1.4224,3.556,1.1176,2,30,0,1
B00276,B00276_R2,717,1,3,0.2032,1.9812,12.62,1.9812,0.2032,0.0,1,0,12.62,0.2032,0.762,0.762,2.54,1.7272,2.3368,2.3368,1,10,1,1
B00276,B00276_R1,718,2,3,0.2032,1.9812,12.62,1.9812,0.2032,0.0,1,0,12.62,2.286,2.54,0.2032,1.6002,2.6416,2.6416,3.0226,2,30,0,1
B00276,B00276_R2,719,3,3,0.2032,1.9812,12.62,1.9812,0.2032,0.0,1,0,12.62,0.762,2.032,0.2032,1.9812,1.1176,3.556,1.1176,2,20,1,2
B00277,B00277_R1,720,1,2,0.2032,1.6002,21.34,0.2032,1.9812,12.42,1,1,8.92,2.54,1.9812,1.6764,2.54,2.7178,2.9464,1.4224,3,10,0,1
B00277,B00277_R2,721,2,2,0.2032,1.6002,21.34,0.2032,1.9812,12.42,1,1,8.92,0.4572,2.54,0.2032,1.6002,1.1938,0.8128,1.1938,2,20,1,1
B00278,B00278_R2,722,1,1,1.6764,2.54,0.0,0.2032,1.6002,0.0,0,0,0.0,0.2032,1.143,1.6764,2.032,2.8702,0.9652,2.8702,1,20,1,1
B00279,B00279_R1,723,1,2,1.6764,2.54,0.0,1.6764,2.032,0.0,0,0,0.0,2.54,1.6002,0.2032,1.9812,1.8034,1.8034,2.7178,2,30,0,1
B00279,B00279_R2,724,2,2,1.6764,2.54,0.0,1.6764,2.032,0.0,0,0,0.0,1.0668,2.54,1.6764,2.032,1.1176,1.1176,1.1176,3,30,1,1
B00280,B00280_R2,725,1,1,0.2032,1.9812,5.51,1.6764,2.032,0.0,1,0,5.51,2.286,2.54,0.2032,1.6002,2.6416,1.1176,3.0226,2,30,1,1
B00281,B00281_R1,726,1,3,0.2032,1.9812,0.0,0.2032,1.6002,0.0,0,0,0.0,0.762,2.54,0.2032,1.9812,1.1176,1.4986,1.1176,2,10,0,1
B00281,B00281_R1,727,2,3,0.2032,1.9812,0.0,0.2032,1.6002,0.0,0,0,0.0,1.0668,2.54,1.9812,2.54,1.4224,1.8034,1.4224,3,30,0,2
B00281,B00281_R2,728,3,3,0.2032,1.9812,0.0,0.2032,1.6002,0.0,0,0,0.0,0.2032,0.762,0.762,0.7112,1.7272,1.3462,1.1176,1,10,1,1
B00282,B00282_R1,729,1,2,1.9812,2.54,0.0,0.762,0.7112,0.0,0,0,0.0,0.762,2.032,0.2032,1.9812,1.7272,2.9464,1.1176,2,20,0,1
B00282,B00282_R2,730,2,2,1.9812,2.54,0.0,0.762,0.7112,0.0,0,0,0.0,0.2032,1.143,1.6764,0.7112,3.175,1.4986,2.413,1,30,1,1
B00283,B00283_R2,731,1,4,0.2032,1.9812,0.0,1.6764,0.7112,4.0,0,1,-4.0,0.2032,1.143,0.4572,0.2032,1.3462,2.413,1.1938,1,20,1,2
B00283,B00283_R1,732,2,4,0.2032,1.9812,0.0,1.6764,0.7112,4.0,0,1,-4.0,0.2032,1.143,2.286,2.54,1.3462,2.413,3.4798,1,10,0,2
B00283,B00283_R2,733,3,4,0.2032,1.9812,0.0,1.6764,0.7112,4.0,0,1,-4.0,0.762,0.7112,0.2032,1.9812,2.3368,1.4224,2.3368,2,10,1,1
B00283,B00283_R1,734,4,4,0.2032,1.9812,0.0,1.6764,0.7112,4.0,0,1,-4.0,0.762,2.032,0.2032,1.6002,1.1176,3.2512,1.4986,2,10,0,1
B00284,B00284_R1,735,1,1,2.286,2.54,0.0,0.4572,0.2032,0.0,0,0,0.0,2.286,2.54,2.54,1.9812,0.0,4.1656,0.8128,3,30,0,1
B00285,B00285_R2,736,1,2,2.54,1.9812,0.0,0.4572,0.2032,0.0,0,0,0.0,0.2032,0.762,1.6764,0.7112,3.556,0.8128,2.032,1,10,1,1
B00285,B00285_R1,737,2,2,2.54,1.9812,0.0,0.4572,0.2032,0.0,0,0,0.0,0.4572,0.2032,0.2032,1.6002,3.8608,0.0,1.651,2,30,0,1
B00286,B00286_R1,738,1,2,0.2032,1.6002,0.0,1.6764,0.7112,0.0,0,0,0.0,0.2032,0.762,2.54,1.9812,1.3462,2.032,3.556,1,10,0,1
B00286,B00286_R2,739,2,2,0.2032,1.6002,0.0,1.6764,0.7112,0.0,0,0,0.0,1.6764,0.7112,0.2032,1.6002,2.8702,0.0,2.8702,2,30,1,1
B00287,B00287_R1,740,1,2,2.54,1.9812,12.73,0.2032,1.6002,0.0,1,0,12.73,1.6764,0.2032,0.2032,1.9812,2.6416,2.8702,3.2512,2,20,0,1
B00287,B00287_R2,741,2,2,2.54,1.9812,12.73,0.2032,1.6002,0.0,1,0,12.73,0.2032,0.762,2.54,0.762,3.556,1.3462,2.9464,1,10,1,1
B00288,B00288_R1,742,1,1,0.2032,1.9812,0.0,2.54,0.762,0.0,0,0,0.0,0.762,2.032,0.2032,1.6002,1.1176,3.556,1.4986,2,30,0,1
B00289,B00289_R1,743,1,2,0.2032,1.6002,0.0,2.54,0.762,0.0,0,0,0.0,1.6764,2.032,1.9812,0.2032,2.413,2.6416,3.2512,3,30,0,1
B00289,B00289_R2,744,2,2,0.2032,1.6002,0.0,2.54,0.762,0.0,0,0,0.0,1.0668,0.2032,0.2032,1.6002,2.2606,2.032,2.2606,2,10,1,1
B00290,B00290_R2,745,1,2,1.9812,0.2032,0.0,0.2032,1.6002,0.0,0,0,0.0,1.0668,2.032,0.2032,1.6002,3.2512,1.8034,1.8034,2,30,1,1
B00290,B00290_R1,746,2,2,1.9812,0.2032,0.0,0.2032,1.6002,0.0,0,0,0.0,2.54,1.6002,0.2032,1.9812,1.9558,2.3368,2.7178,2,20,0,1
B00291,B00291_R2,747,1,2,0.2032,1.9812,9.12,0.2032,1.6002,0.0,1,0,9.12,1.9812,0.7112,0.2032,1.9812,3.556,3.175,3.556,2,30,1,1
B00291,B00291_R1,748,2,2,0.2032,1.9812,9.12,0.2032,1.6002,0.0,1,0,9.12,0.762,2.54,0.2032,1.9812,1.1176,1.4986,1.1176,2,30,0,1
B00292,B00292_R1,749,1,2,0.2032,1.9812,0.0,0.2032,1.9812,0.0,0,0,0.0,0.2032,1.143,1.6764,2.032,1.3462,1.3462,2.8702,1,30,0,1
B00292,B00292_R2,750,2,2,0.2032,1.9812,0.0,0.2032,1.9812,0.0,0,0,0.0,1.9812,0.7112,2.54,0.762,3.556,3.556,1.1176,3,20,1,1
B00293,B00293_R1,751,1,3,1.6764,2.032,7.91,2.54,0.762,0.0,1,0,7.91,1.6764,2.032,0.2032,1.9812,0.0,2.6416,2.032,2,30,0,1
B00293,B00293_R1,752,2,3,1.6764,2.032,7.91,2.54,0.762,0.0,1,0,7.91,0.4572,2.54,0.2032,1.9812,1.7272,3.8608,0.8128,2,30,0,2
B00293,B00293_R2,753,3,3,1.6764,2.032,7.91,2.54,0.762,0.0,1,0,7.91,0.4572,0.2032,0.2032,1.6002,3.556,2.6416,1.651,2,30,1,1
B00294,B00294_R2,754,1,2,0.2032,1.9812,12.42,0.2032,1.6002,0.0,1,0,12.42,0.2032,1.143,2.286,2.54,1.3462,0.9652,3.4798,1,10,1,1
B00294,B00294_R1,755,2,2,0.2032,1.9812,12.42,0.2032,1.6002,0.0,1,0,12.42,0.2032,0.762,2.54,1.143,1.7272,1.3462,2.7178,1,10,0,1
B00295,B00295_R1,756,1,4,2.54,1.143,0.0,2.286,2.54,0.0,0,0,0.0,0.2032,1.143,1.0668,0.2032,2.3368,3.4798,1.8034,1,10,0,1
B00295,B00295_R2,757,2,4,2.54,1.143,0.0,2.286,2.54,0.0,0,0,0.0,0.2032,0.762,1.6764,2.032,2.7178,3.8608,3.2512,1,10,1,2
B00295,B00295_R2,758,3,4,2.54,1.143,0.0,2.286,2.54,0.0,0,0,0.0,0.2032,1.143,1.6764,2.54,2.3368,3.4798,2.8702,1,30,1,1
B00295,B00295_R1,759,4,4,2.54,1.143,0.0,2.286,2.54,0.0,0,0,0.0,0.2032,0.762,2.54,1.9812,2.7178,3.8608,3.556,1,10,0,2
B00296,B00296_R1,760,1,2,2.54,1.9812,25.65,1.6764,2.032,39.58,1,2,-13.93,0.2032,0.762,2.54,0.762,3.556,3.2512,2.9464,1,20,0,1
B00296,B00296_R2,761,2,2,2.54,1.9812,25.65,1.6764,2.032,39.58,1,2,-13.93,1.6764,2.032,2.54,1.6002,1.4224,0.0,1.8034,3,10,1,1
B00297,B00297_R1,762,1,2,2.54,0.762,40.79,2.54,1.6002,31.95,2,2,8.84,1.9812,0.7112,0.2032,1.6002,1.1176,1.9558,3.175,2,10,0,1
B00297,B00297_R2,763,2,2,2.54,0.762,40.79,2.54,1.6002,31.95,2,2,8.84,1.0668,2.032,0.2032,1.9812,3.2512,2.413,1.4224,2,10,1,1
B00298,B00298_R2,764,1,4,0.2032,1.6002,0.0,0.2032,1.9812,0.0,0,0,0.0,0.762,2.032,0.2032,1.6002,1.4986,1.1176,1.4986,2,20,1,1
B00298,B00298_R1,765,2,4,0.2032,1.6002,0.0,0.2032,1.9812,0.0,0,0,0.0,0.2032,0.762,1.0668,0.2032,1.3462,1.7272,1.4224,1,30,0,1
B00298,B00298_R2,766,3,4,0.2032,1.6002,0.0,0.2032,1.9812,0.0,0,0,0.0,0.2032,1.143,0.762,2.032,0.9652,1.3462,1.9558,1,30,1,2
B00298,B00298_R1,767,4,4,0.2032,1.6002,0.0,0.2032,1.9812,0.0,0,0,0.0,1.9812,0.7112,0.2032,1.6002,3.175,3.556,3.175,2,30,0,2
B00299,B00299_R1,768,1,5,0.2032,1.6002,0.0,0.762,2.032,0.0,0,0,0.0,1.6764,0.2032,1.0668,2.54,2.8702,3.2512,2.9464,3,20,0,2
B00299,B00299_R2,769,2,5,0.2032,1.6002,0.0,0.762,2.032,0.0,0,0,0.0,2.54,1.143,0.2032,1.6002,2.794,3.175,2.794,2,20,1,1
B00299,B00299_R1,770,3,5,0.2032,1.6002,0.0,0.762,2.032,0.0,0,0,0.0,0.2032,0.762,1.9812,0.2032,1.3462,2.3368,2.3368,1,10,0,1
B00299,B00299_R2,771,4,5,0.2032,1.6002,0.0,0.762,2.032,0.0,0,0,0.0,0.2032,1.143,1.6764,2.032,0.9652,1.9558,2.8702,1,30,1,2
B00299,B00299_R1,772,5,5,0.2032,1.6002,0.0,0.762,2.032,0.0,0,0,0.0,1.9812,2.54,0.2032,1.9812,2.7178,1.7272,2.3368,2,30,0,3
B00300,B00300_R1,773,1,5,0.2032,1.9812,20.84,1.6764,2.032,7.91,1,1,12.93,0.2032,1.143,2.54,1.9812,1.3462,2.8702,3.175,1,30,0,2
B00300,B00300_R2,774,2,5,0.2032,1.9812,20.84,1.6764,2.032,7.91,1,1,12.93,0.2032,1.143,2.54,0.762,1.3462,2.8702,2.7178,1,30,1,2
B00300,B00300_R2,775,3,5,0.2032,1.9812,20.84,1.6764,2.032,7.91,1,1,12.93,2.54,0.762,0.2032,1.9812,3.556,2.6416,3.556,2,10,1,3
B00300,B00300_R1,776,4,5,0.2032,1.9812,20.84,1.6764,2.032,7.91,1,1,12.93,0.762,2.54,0.2032,1.6002,1.1176,1.4224,1.4986,2,30,0,1
B00300,B00300_R2,777,5,5,0.2032,1.9812,20.84,1.6764,2.032,7.91,1,1,12.93,1.0668,2.032,0.2032,1.6002,1.4224,1.1176,1.8034,2,20,1,1
B00301,B00301_R2,778,1,1,2.54,1.9812,42.67,0.2032,1.9812,46.09,3,3,-3.42,0.2032,1.143,2.54,1.6002,3.175,1.3462,2.794,1,10,1,1
B00302,B00302_R1,779,1,3,2.54,1.9812,22.34,2.54,1.6002,47.89,1,3,-25.55,1.9812,2.54,0.2032,1.6002,1.1176,1.4986,2.7178,2,20,0,1
B00302,B00302_R2,780,2,3,2.54,1.9812,22.34,2.54,1.6002,47.89,1,3,-25.55,1.0668,2.032,0.2032,1.6002,2.032,2.413,1.8034,2,20,1,1
B00302,B00302_R1,781,3,3,2.54,1.9812,22.34,2.54,1.6002,47.89,1,3,-25.55,1.0668,2.54,0.2032,1.6002,2.032,2.413,1.8034,2,20,0,2
B00303,B00303_R1,782,1,1,0.2032,1.6002,41.38,0.2032,1.6002,50.49,2,3,-9.11,2.286,2.54,1.6764,0.2032,3.0226,3.0226,2.9464,3,20,0,1
B00304,B00304_R1,783,1,5,1.6764,0.2032,49.8,0.2032,1.6002,30.25,2,2,19.55,1.9812,0.7112,0.2032,1.9812,0.8128,3.175,3.556,2,30,0,1
B00304,B00304_R2,784,2,5,1.6764,0.2032,49.8,0.2032,1.6002,30.25,2,2,19.55,0.2032,0.762,1.0668,2.54,2.032,1.3462,2.6416,1,10,1,1
B00304,B00304_R1,785,3,5,1.6764,0.2032,49.8,0.2032,1.6002,30.25,2,2,19.55,0.762,0.2032,0.2032,1.9812,1.4224,1.9558,2.3368,2,10,0,2
B00304,B00304_R2,786,4,5,1.6764,0.2032,49.8,0.2032,1.6002,30.25,2,2,19.55,1.9812,0.7112,0.2032,1.9812,0.8128,3.175,3.556,2,30,1,3
B00304,B00304_R2,787,5,5,1.6764,0.2032,49.8,0.2032,1.6002,30.25,2,2,19.55,1.0668,2.032,0.2032,1.6002,2.9464,1.8034,1.8034,2,20,1,2
B00305,B00305_R2,788,1,5,0.2032,1.9812,39.28,0.2032,1.9812,39.28,2,2,0.0,1.6764,2.032,0.2032,1.9812,2.032,2.032,2.032,2,10,1,1
B00305,B00305_R1,789,2,5,0.2032,1.9812,39.28,0.2032,1.9812,39.28,2,2,0.0,0.762,0.7112,0.2032,1.6002,2.3368,2.3368,1.9558,2,30,0,3
B00305,B00305_R1,790,3,5,0.2032,1.9812,39.28,0.2032,1.9812,39.28,2,2,0.0,1.9812,0.2032,0.762,0.2032,3.556,3.556,1.7272,3,20,0,2
B00305,B00305_R1,791,4,5,0.2032,1.9812,39.28,0.2032,1.9812,39.28,2,2,0.0,0.2032,1.143,1.9812,0.7112,1.3462,1.3462,2.7178,1,10,0,1
B00305,B00305_R2,792,5,5,0.2032,1.9812,39.28,0.2032,1.9812,39.28,2,2,0.0,2.286,0.2032,0.2032,1.6002,3.8608,3.8608,3.4798,2,20,1,2
B00306,B00306_R1,793,1,3,0.2032,1.6002,72.73,0.2032,1.6002,77.06,4,3,-4.33,0.762,2.032,0.2032,1.9812,1.4986,1.4986,1.1176,2,30,0,1
B00306,B00306_R1,794,2,3,0.2032,1.6002,72.73,0.2032,1.6002,77.06,4,3,-4.33,0.4572,2.54,0.2032,1.6002,1.1938,1.1938,1.1938,2,10,0,2
B00306,B00306_R2,795,3,3,0.2032,1.6002,72.73,0.2032,1.6002,77.06,4,3,-4.33,2.54,1.143,0.762,0.2032,2.794,2.794,2.7178,3,20,1,1
B00307,B00307_R1,796,1,4,0.2032,1.6002,60.8,0.762,0.2032,62.74,4,2,-1.94,0.2032,0.762,1.9812,2.032,1.3462,1.1176,3.556,1,20,0,2
B00307,B00307_R2,797,2,4,0.2032,1.6002,60.8,0.762,0.2032,62.74,4,2,-1.94,1.6764,0.2032,1.9812,0.7112,2.8702,1.4224,0.8128,3,20,1,1
B00307,B00307_R2,798,3,4,0.2032,1.6002,60.8,0.762,0.2032,62.74,4,2,-1.94,1.0668,0.7112,0.2032,1.9812,2.2606,0.8128,2.6416,2,20,1,2
B00307,B00307_R1,799,4,4,0.2032,1.6002,60.8,0.762,0.2032,62.74,4,2,-1.94,0.2032,1.143,0.4572,0.2032,0.9652,1.4986,1.1938,1,10,0,1
B00308,B00308_R2,800,1,2,1.9812,2.032,81.74,0.2032,1.9812,80.35,5,4,1.39,0.2032,0.762,2.286,0.2032,3.556,1.7272,2.6416,1,10,1,1
B00308,B00308_R1,801,2,2,1.9812,2.032,81.74,0.2032,1.9812,80.35,5,4,1.39,2.54,0.762,0.2032,1.6002,2.3368,3.556,3.175,2,30,0,1
B00309,B00309_R1,802,1,2,0.2032,1.6002,89.86,2.286,0.2032,85.06,5,4,4.8,0.2032,0.762,1.9812,0.7112,1.3462,2.6416,2.3368,1,30,0,1
B00309,B00309_R2,803,2,2,0.2032,1.6002,89.86,2.286,0.2032,85.06,5,4,4.8,2.54,1.6002,0.2032,1.9812,2.3368,1.651,2.7178,2,30,1,1
B00310,B00310_R2,804,1,3,1.9812,0.7112,86.07,0.2032,1.9812,83.36,4,4,2.71,0.2032,0.762,0.4572,2.54,2.3368,1.7272,2.032,1,30,1,1
B00310,B00310_R2,805,2,3,1.9812,0.7112,86.07,0.2032,1.9812,83.36,4,4,2.71,0.2032,0.762,1.9812,0.7112,2.3368,1.7272,2.3368,1,10,1,2
B00310,B00310_R1,806,3,3,1.9812,0.7112,86.07,0.2032,1.9812,83.36,4,4,2.71,2.286,0.2032,0.2032,1.6002,0.8128,3.8608,3.4798,2,20,0,1
B00311,B00311_R1,807,1,1,0.2032,1.6002,29.35,1.9812,0.7112,49.6,2,3,-20.25,1.9812,0.7112,2.54,0.762,3.175,0.0,1.1176,3,10,0,1
B00312,B00312_R1,808,1,4,2.54,0.762,11.41,1.9812,0.7112,8.82,1,1,2.59,1.6764,2.032,0.2032,1.6002,2.6416,3.2512,2.413,2,30,0,2
B00312,B00312_R1,809,2,4,2.54,0.762,11.41,1.9812,0.7112,8.82,1,1,2.59,2.54,1.9812,1.0668,2.032,1.7272,2.3368,2.032,3,30,0,1
B00312,B00312_R2,810,3,4,2.54,0.762,11.41,1.9812,0.7112,8.82,1,1,2.59,1.6764,2.54,0.2032,1.6002,2.6416,3.2512,2.413,2,10,1,2
B00312,B00312_R2,811,4,4,2.54,0.762,11.41,1.9812,0.7112,8.82,1,1,2.59,2.286,0.2032,1.9812,0.7112,0.8128,0.8128,0.8128,3,20,1,1
B00313,B00313_R2,812,1,1,0.2032,1.6002,33.96,0.2032,1.6002,28.36,2,1,5.6,1.9812,2.032,0.2032,1.9812,2.7178,2.7178,2.3368,2,10,1,1
B00314,B00314_R2,813,1,3,0.2032,1.6002,11.52,0.2032,1.9812,36.27,1,2,-24.75,2.54,1.6002,0.2032,1.6002,2.3368,2.7178,2.3368,2,30,1,1
B00314,B00314_R1,814,2,3,0.2032,1.6002,11.52,0.2032,1.9812,36.27,1,2,-24.75,1.0668,2.54,0.2032,1.9812,1.8034,1.4224,1.4224,2,20,0,1
B00314,B00314_R1,815,3,3,0.2032,1.6002,11.52,0.2032,1.9812,36.27,1,2,-24.75,2.286,2.54,0.2032,1.6002,3.0226,2.6416,3.0226,2,20,0,2
B00315,B00315_R1,816,1,3,0.2032,1.6002,39.97,0.2032,1.6002,41.17,2,2,-1.2,0.4572,0.2032,0.2032,1.6002,1.651,1.651,1.651,2,10,0,1
B00315,B00315_R1,817,2,3,0.2032,1.6002,39.97,0.2032,1.6002,41.17,2,2,-1.2,0.2032,0.762,2.54,1.9812,1.3462,1.3462,3.556,1,20,0,2
B00315,B00315_R2,818,3,3,0.2032,1.6002,39.97,0.2032,1.6002,41.17,2,2,-1.2,1.9812,2.032,0.2032,1.6002,2.7178,2.7178,2.7178,2,30,1,1
B00316,B00316_R2,819,1,1,2.54,1.9812,63.31,0.2032,1.6002,50.91,3,2,12.4,0.2032,0.762,1.9812,0.7112,3.556,1.3462,2.3368,1,20,1,1
B00317,B00317_R1,820,1,3,2.54,1.9812,43.38,1.9812,0.7112,48.0,2,2,-4.62,2.54,1.6002,0.2032,1.6002,0.889,1.9558,2.3368,2,10,0,1
B00317,B00317_R1,821,2,3,2.54,1.9812,43.38,1.9812,0.7112,48.0,2,2,-4.62,0.2032,1.143,0.4572,2.54,3.175,2.7178,1.651,1,10,0,2
B00317,B00317_R2,822,3,3,2.54,1.9812,43.38,1.9812,0.7112,48.0,2,2,-4.62,1.0668,0.2032,1.9812,0.2032,3.2512,1.4224,1.4224,3,20,1,1
B00318,B00318_R2,823,1,4,0.4572,2.54,57.6,1.9812,0.2032,45.38,3,3,12.22,0.4572,0.2032,1.6764,2.032,2.3368,2.032,3.556,3,30,1,2
B00318,B00318_R1,824,2,4,0.4572,2.54,57.6,1.9812,0.2032,45.38,3,3,12.22,1.9812,2.032,0.2032,1.6002,2.032,2.9464,2.7178,2,30,0,2
B00318,B00318_R2,825,3,4,0.4572,2.54,57.6,1.9812,0.2032,45.38,3,3,12.22,1.0668,0.7112,0.2032,1.9812,2.9464,1.4224,2.6416,2,20,1,1
B00318,B00318_R1,826,4,4,0.4572,2.54,57.6,1.9812,0.2032,45.38,3,3,12.22,0.2032,1.143,1.9812,2.032,1.651,2.7178,3.175,1,10,0,1
B00319,B00319_R1,827,1,2,0.2032,1.6002,76.84,1.6764,2.032,74.94,4,4,1.9,0.2032,0.762,1.9812,0.7112,1.3462,3.2512,2.3368,1,30,0,1
B00319,B00319_R2,828,2,2,0.2032,1.6002,76.84,1.6764,2.032,74.94,4,4,1.9,2.54,1.6002,0.2032,1.6002,2.3368,1.8034,2.3368,2,20,1,1
B00320,B00320_R2,829,1,1,1.9812,0.7112,19.54,0.2032,1.6002,16.23,1,1,3.31,0.2032,0.762,2.54,1.9812,2.3368,1.3462,3.556,1,30,1,1
B00321,B00321_R2,830,1,3,1.9812,0.7112,0.0,2.54,1.9812,0.0,0,0,0.0,1.0668,2.032,2.54,1.143,3.2512,2.032,2.8702,3,30,1,1
B00321,B00321_R1,831,2,3,1.9812,0.7112,0.0,2.54,1.9812,0.0,0,0,0.0,0.762,0.2032,0.2032,1.6002,1.7272,3.556,1.9558,2,20,0,1
B00321,B00321_R1,832,3,3,1.9812,0.7112,0.0,2.54,1.9812,0.0,0,0,0.0,0.2032,0.762,2.286,0.2032,2.3368,3.556,2.6416,1,20,0,2
B00322,B00322_R1,833,1,5,2.286,0.2032,0.0,2.54,1.143,0.0,0,0,0.0,0.2032,1.143,2.54,1.143,3.0226,2.3368,2.3368,1,20,0,3
B00322,B00322_R2,834,2,5,2.286,0.2032,0.0,2.54,1.143,0.0,0,0,0.0,1.0668,0.2032,0.2032,1.6002,1.7272,2.413,2.2606,2,10,1,1
B00322,B00322_R1,835,3,5,2.286,0.2032,0.0,2.54,1.143,0.0,0,0,0.0,1.6764,0.2032,0.2032,1.6002,1.1176,1.8034,2.8702,2,20,0,1
B00322,B00322_R2,836,4,5,2.286,0.2032,0.0,2.54,1.143,0.0,0,0,0.0,0.2032,0.762,2.54,0.762,2.6416,2.7178,2.9464,1,30,1,2
B00322,B00322_R1,837,5,5,2.286,0.2032,0.0,2.54,1.143,0.0,0,0,0.0,0.2032,1.143,0.762,2.54,3.0226,2.3368,1.9558,1,10,0,2
B00323,B00323_R2,838,1,4,2.54,1.143,48.08,2.54,0.762,21.94,3,1,26.14,2.54,1.6002,0.2032,1.6002,0.9652,1.3462,2.3368,2,20,1,1
B00323,B00323_R2,839,2,4,2.54,1.143,48.08,2.54,0.762,21.94,3,1,26.14,0.2032,0.762,0.4572,2.54,2.7178,2.9464,2.032,1,30,1,2
B00323,B00323_R1,840,3,4,2.54,1.143,48.08,2.54,0.762,21.94,3,1,26.14,1.0668,0.7112,0.2032,1.9812,2.413,2.032,2.6416,2,20,0,1
B00323,B00323_R2,841,4,4,2.54,1.143,48.08,2.54,0.762,21.94,3,1,26.14,0.2032,0.762,1.9812,0.7112,2.7178,2.9464,2.3368,1,20,1,3
B00324,B00324_R2,842,1,3,0.2032,1.9812,54.1,1.9812,0.7112,63.13,3,3,-9.03,1.9812,0.7112,1.9812,0.2032,3.556,0.0,0.508,3,10,1,1
B00324,B00324_R1,843,2,3,0.2032,1.9812,54.1,1.9812,0.7112,63.13,3,3,-9.03,1.0668,2.54,0.2032,1.6002,1.4224,3.2512,1.8034,2,20,0,1
B00324,B00324_R1,844,3,3,0.2032,1.9812,54.1,1.9812,0.7112,63.13,3,3,-9.03,0.2032,0.762,1.0668,2.032,1.7272,2.3368,2.6416,1,20,0,2
B00325,B00325_R2,845,1,2,1.0668,2.032,74.03,1.9812,0.2032,50.6,4,3,23.43,1.0668,0.7112,0.2032,1.6002,2.9464,1.4224,2.2606,2,20,1,1
B00325,B00325_R1,846,2,2,1.0668,2.032,74.03,1.9812,0.2032,50.6,4,3,23.43,1.6764,2.54,2.54,1.9812,1.1176,3.2512,1.4224,3,30,0,1
B00326,B00326_R2,847,1,2,2.54,1.9812,72.93,0.2032,1.6002,51.8,4,3,21.13,1.6764,2.54,0.2032,1.9812,1.4224,2.413,2.032,2,30,1,2
B00326,B00326_R2,848,2,2,2.54,1.9812,72.93,0.2032,1.6002,51.8,4,3,21.13,0.762,2.54,0.2032,1.9812,2.3368,1.4986,1.1176,2,20,1,1
B00327,B00327_R1,849,1,2,2.54,1.9812,50.89,0.2032,1.9812,66.92,3,4,-16.03,1.9812,2.032,0.4572,0.2032,1.1176,2.3368,3.8608,3,30,0,1
B00327,B00327_R2,850,2,2,2.54,1.9812,50.89,0.2032,1.9812,66.92,3,4,-16.03,1.9812,2.032,0.2032,1.9812,1.1176,2.3368,2.3368,2,20,1,1
B00328,B00328_R1,851,1,4,0.4572,0.2032,37.26,0.2032,1.9812,56.9,2,3,-19.64,0.4572,2.54,0.2032,1.9812,2.3368,0.8128,0.8128,2,20,0,2
B00328,B00328_R1,852,2,4,0.4572,0.2032,37.26,0.2032,1.9812,56.9,2,3,-19.64,0.2032,1.143,1.9812,0.2032,1.1938,1.3462,2.7178,1,10,0,3
B00328,B00328_R2,853,3,4,0.4572,0.2032,37.26,0.2032,1.9812,56.9,2,3,-19.64,0.2032,0.762,1.9812,2.54,0.8128,1.7272,3.556,1,30,1,1
B00328,B00328_R1,854,4,4,0.4572,0.2032,37.26,0.2032,1.9812,56.9,2,3,-19.64,0.2032,0.762,0.762,2.54,0.8128,1.7272,2.3368,1,10,0,1
B00329,B00329_R2,855,1,1,1.9812,0.2032,67.72,1.9812,2.54,61.33,4,3,6.39,0.2032,0.762,0.762,2.54,2.3368,3.556,2.3368,1,30,1,1
B00330,B00330_R1,856,1,1,1.9812,0.2032,27.25,0.762,2.54,50.3,2,2,-23.05,0.2032,0.762,2.54,1.143,2.3368,2.3368,2.7178,1,10,0,1
B00331,B00331_R2,857,1,1,2.54,1.143,12.73,0.762,2.54,9.72,1,1,3.01,0.2032,0.762,2.286,0.2032,2.7178,2.3368,2.6416,1,30,1,1
B00332,B00332_R2,858,1,2,2.54,1.143,0.0,2.286,0.2032,0.0,0,0,0.0,0.2032,1.143,1.0668,0.2032,2.3368,3.0226,1.8034,1,30,1,1
B00332,B00332_R1,859,2,2,2.54,1.143,0.0,2.286,0.2032,0.0,0,0,0.0,1.6764,2.54,0.2032,1.9812,2.2606,2.9464,2.032,2,10,0,1
B00333,B00333_R2,860,1,1,0.2032,1.9812,5.21,1.0668,0.2032,0.0,1,0,5.21,0.2032,1.143,1.9812,0.2032,1.3462,1.8034,2.7178,1,30,1,1
B00334,B00334_R1,861,1,2,0.2032,1.9812,0.0,1.9812,0.2032,0.0,0,0,0.0,0.762,0.7112,0.2032,1.6002,2.3368,1.7272,1.9558,2,30,0,1
B00334,B00334_R2,862,2,2,0.2032,1.9812,0.0,1.9812,0.2032,0.0,0,0,0.0,1.0668,0.2032,2.54,1.143,2.6416,1.4224,2.413,3,10,1,1
B00335,B00335_R2,863,1,3,0.2032,1.6002,5.81,2.54,1.143,0.0,1,0,5.81,0.2032,1.143,0.4572,2.54,0.9652,2.3368,1.651,1,20,1,1
B00335,B00335_R2,864,2,3,0.2032,1.6002,5.81,2.54,1.143,0.0,1,0,5.81,0.762,2.54,0.2032,1.9812,1.4986,3.175,1.1176,2,10,1,2
B00335,B00335_R1,865,3,3,0.2032,1.6002,5.81,2.54,1.143,0.0,1,0,5.81,0.2032,0.762,2.286,2.54,1.3462,2.7178,3.8608,1,10,0,1
B00336,B00336_R2,866,1,2,2.286,2.54,13.93,0.2032,1.9812,13.62,1,1,0.31,0.762,0.2032,0.2032,1.9812,3.8608,2.3368,2.3368,2,10,1,1
B00336,B00336_R1,867,2,2,2.286,2.54,13.93,0.2032,1.9812,13.62,1,1,0.31,2.286,0.2032,0.2032,1.6002,2.3368,3.8608,3.4798,2,30,0,1
B00337,B00337_R1,868,1,3,0.2032,1.6002,20.74,0.2032,1.9812,18.63,1,1,2.11,0.2032,1.143,1.9812,2.54,0.9652,1.3462,3.175,1,30,0,1
B00337,B00337_R2,869,2,3,0.2032,1.6002,20.74,0.2032,1.9812,18.63,1,1,2.11,0.762,2.032,0.2032,1.9812,1.4986,1.1176,1.1176,2,10,1,1
B00337,B00337_R2,870,3,3,0.2032,1.6002,20.74,0.2032,1.9812,18.63,1,1,2.11,0.2032,1.143,1.6764,0.2032,0.9652,1.3462,2.413,1,30,1,2
B00338,B00338_R1,871,1,1,1.9812,2.54,22.34,1.6764,0.2032,34.66,1,2,-12.32,0.2032,1.143,2.54,1.143,3.175,2.413,2.3368,1,30,0,1
B00339,B00339_R2,872,1,2,2.54,1.143,27.76,1.6764,0.2032,15.53,1,1,12.23,0.2032,0.762,2.286,2.54,2.7178,2.032,3.8608,1,10,1,2
B00339,B00339_R2,873,2,2,2.54,1.143,27.76,1.6764,0.2032,15.53,1,1,12.23,0.2032,0.762,0.4572,0.2032,2.7178,2.032,0.8128,1,10,1,1
B00340,B00340_R1,874,1,3,2.54,1.143,0.0,2.286,2.54,0.0,0,0,0.0,0.2032,0.762,1.0668,0.7112,2.7178,3.8608,1.4224,1,20,0,2
B00340,B00340_R1,875,2,3,2.54,1.143,0.0,2.286,2.54,0.0,0,0,0.0,0.2032,1.143,0.4572,0.2032,2.3368,3.4798,1.1938,1,20,0,1
B00340,B00340_R2,876,3,3,2.54,1.143,0.0,2.286,2.54,0.0,0,0,0.0,0.2032,0.762,1.0668,0.2032,2.7178,3.8608,1.4224,1,10,1,1
B00341,B00341_R2,877,1,2,1.0668,0.7112,13.82,1.0668,0.2032,0.0,1,0,13.82,1.9812,0.7112,1.0668,2.54,1.4224,1.4224,3.2512,3,20,1,1
B00341,B00341_R1,878,2,2,1.0668,0.7112,13.82,1.0668,0.2032,0.0,1,0,13.82,1.9812,2.54,0.2032,1.9812,3.2512,3.2512,2.3368,2,30,0,1
B00342,B00342_R2,879,1,2,0.2032,1.9812,23.15,1.0668,2.54,7.91,1,1,15.24,1.0668,0.7112,0.2032,1.9812,2.6416,2.9464,2.6416,2,30,1,1
B00342,B00342_R1,880,2,2,0.2032,1.9812,23.15,1.0668,2.54,7.91,1,1,15.24,0.4572,0.2032,0.2032,1.9812,2.032,2.9464,2.032,2,20,0,1
B00343,B00343_R1,881,1,3,0.2032,1.9812,22.04,0.2032,1.9812,16.43,1,1,5.61,1.9812,0.2032,0.2032,1.9812,3.556,3.556,3.556,2,30,0,1
B00343,B00343_R2,882,2,3,0.2032,1.9812,22.04,0.2032,1.9812,16.43,1,1,5.61,0.2032,0.762,1.0668,2.032,1.7272,1.7272,2.6416,1,10,1,1
B00343,B00343_R2,883,3,3,0.2032,1.9812,22.04,0.2032,1.9812,16.43,1,1,5.61,1.6764,0.2032,0.2032,1.6002,3.2512,3.2512,2.8702,2,30,1,2
B00344,B00344_R2,884,1,4,0.2032,1.9812,34.07,0.2032,1.6002,47.89,1,2,-13.82,0.2032,1.143,1.0668,0.2032,1.3462,0.9652,1.8034,1,30,1,1
B00344,B00344_R1,885,2,4,0.2032,1.9812,34.07,0.2032,1.6002,47.89,1,2,-13.82,0.762,2.54,0.2032,1.6002,1.1176,1.4986,1.4986,2,20,0,1
B00344,B00344_R1,886,3,4,0.2032,1.9812,34.07,0.2032,1.6002,47.89,1,2,-13.82,0.2032,1.143,1.0668,0.2032,1.3462,0.9652,1.8034,1,30,0,2
B00344,B00344_R2,887,4,4,0.2032,1.9812,34.07,0.2032,1.6002,47.89,1,2,-13.82,0.762,0.2032,0.2032,1.9812,2.3368,1.9558,2.3368,2,20,1,2
B00345,B00345_R1,888,1,2,1.0668,0.2032,53.3,0.2032,1.9812,62.11,3,3,-8.81,0.762,0.7112,0.2032,1.9812,0.8128,2.3368,2.3368,2,20,0,1
B00345,B00345_R2,889,2,2,1.0668,0.2032,53.3,0.2032,1.9812,62.11,3,3,-8.81,0.2032,1.143,0.762,2.032,1.8034,1.3462,1.9558,1,10,1,1
B00346,B00346_R1,890,1,1,0.2032,1.9812,48.28,0.762,2.032,62.0,3,4,-13.72,0.2032,0.762,2.54,1.9812,1.7272,2.3368,3.556,1,20,0,1
B00347,B00347_R2,891,1,2,2.54,1.9812,58.41,0.762,2.032,37.46,3,2,20.95,1.6764,2.032,0.2032,1.6002,1.4224,1.4224,2.413,2,30,1,2
B00347,B00347_R2,892,2,2,2.54,1.9812,58.41,0.762,2.032,37.46,3,2,20.95,1.9812,2.032,1.0668,2.54,1.1176,1.7272,1.4224,3,30,1,1
B00348,B00348_R1,893,1,2,2.54,1.9812,35.68,0.2032,1.6002,57.4,2,3,-21.72,0.2032,0.762,1.9812,2.54,3.556,1.3462,3.556,1,20,0,2
B00348,B00348_R1,894,2,2,2.54,1.9812,35.68,0.2032,1.6002,57.4,2,3,-21.72,2.54,1.9812,1.9812,0.2032,0.0,2.7178,2.3368,3,20,0,1
B00349,B00349_R1,895,1,3,1.9812,2.54,38.98,0.2032,1.6002,18.93,2,1,20.05,2.286,0.2032,0.2032,1.6002,2.6416,3.4798,3.4798,2,10,0,1
B00349,B00349_R2,896,2,3,1.9812,2.54,38.98,0.2032,1.6002,18.93,2,1,20.05,0.762,0.7112,0.2032,1.9812,3.556,1.9558,2.3368,2,20,1,2
B00349,B00349_R2,897,3,3,1.9812,2.54,38.98,0.2032,1.6002,18.93,2,1,20.05,2.54,1.143,0.762,0.2032,1.9558,2.794,2.7178,3,30,1,1
B00350,B00350_R2,898,1,1,0.2032,1.6002,50.2,0.2032,1.9812,43.98,2,2,6.22,0.2032,0.762,0.762,2.032,1.3462,1.7272,2.3368,1,10,1,1
B00351,B00351_R1,899,1,1,0.2032,1.6002,29.16,0.762,2.032,45.68,1,3,-16.52,0.2032,0.762,2.286,2.54,1.3462,2.3368,3.8608,1,30,0,1
B00352,B00352_R2,900,1,1,2.286,2.54,37.77,0.762,2.032,22.04,2,1,15.73,1.0668,2.032,0.2032,1.9812,1.7272,0.8128,1.4224,2,10,1,1
B00353,B00353_R2,901,1,4,2.286,2.54,13.93,0.2032,1.9812,18.82,1,2,-4.89,0.2032,1.143,1.0668,0.7112,3.4798,1.3462,1.8034,1,30,1,1
B00353,B00353_R1,902,2,4,2.286,2.54,13.93,0.2032,1.9812,18.82,1,2,-4.89,1.6764,2.032,0.2032,1.6002,1.1176,2.032,2.413,2,10,0,1
B00353,B00353_R1,903,3,4,2.286,2.54,13.93,0.2032,1.9812,18.82,1,2,-4.89,1.0668,0.2032,0.762,2.032,3.556,2.6416,3.2512,3,30,0,2
B00353,B00353_R2,904,4,4,2.286,2.54,13.93,0.2032,1.9812,18.82,1,2,-4.89,2.286,0.2032,0.2032,1.6002,2.3368,3.8608,3.4798,2,20,1,2
B00354,B00354_R1,905,1,2,0.762,2.032,43.29,0.2032,1.6002,43.98,2,2,-0.69,0.762,0.7112,0.2032,1.6002,2.9464,1.9558,1.9558,2,20,0,1
B00354,B00354_R2,906,2,2,0.762,2.032,43.29,0.2032,1.6002,43.98,2,2,-0.69,0.2032,1.143,1.9812,2.032,1.9558,0.9652,3.175,1,10,1,1
B00355,B00355_R1,907,1,3,0.2032,1.6002,25.35,1.9812,2.032,25.34,1,2,0.01,0.2032,1.143,1.9812,0.7112,0.9652,3.175,2.7178,1,20,0,1
B00355,B00355_R1,908,2,3,0.2032,1.6002,25.35,1.9812,2.032,25.34,1,2,0.01,1.0668,0.7112,0.2032,1.9812,2.2606,3.2512,2.6416,2,30,0,2
B00355,B00355_R2,909,3,3,0.2032,1.6002,25.35,1.9812,2.032,25.34,1,2,0.01,0.762,0.7112,0.762,2.032,1.9558,3.556,2.9464,3,30,1,1
B00356,B00356_R2,910,1,2,0.2032,1.9812,49.89,0.762,2.032,36.88,3,2,13.01,2.54,1.6002,0.2032,1.6002,2.7178,2.7178,2.3368,2,20,1,1
B00356,B00356_R1,911,2,2,0.2032,1.9812,49.89,0.762,2.032,36.88,3,2,13.01,0.762,0.7112,1.9812,0.7112,2.3368,2.9464,1.7272,3,30,0,1
B00357,B00357_R2,912,1,1,1.9812,0.7112,30.86,0.2032,1.6002,22.54,2,1,8.32,1.6764,0.2032,0.2032,1.9812,0.8128,2.8702,3.2512,2,20,1,1
B00358,B00358_R1,913,1,1,1.9812,0.7112,0.0,0.2032,1.9812,13.63,0,1,-13.63,0.2032,1.143,1.9812,2.54,2.7178,1.3462,3.175,1,10,0,1
B00359,B00359_R2,914,1,2,1.9812,2.54,9.12,0.2032,1.9812,0.0,1,0,9.12,1.9812,0.7112,0.2032,1.6002,2.9464,3.556,3.175,2,20,1,1
B00359,B00359_R1,915,2,2,1.9812,2.54,9.12,0.2032,1.9812,0.0,1,0,9.12,2.286,0.2032,2.54,1.143,2.6416,3.8608,1.1938,3,20,0,1
B00360,B00360_R2,916,1,5,2.54,1.143,10.71,0.2032,1.6002,12.12,1,1,-1.41,0.2032,0.762,1.0668,2.032,2.7178,1.3462,2.6416,1,20,1,2
B00360,B00360_R2,917,2,5,2.54,1.143,10.71,0.2032,1.6002,12.12,1,1,-1.41,0.4572,2.54,1.6764,0.2032,3.4798,1.1938,3.556,3,30,1,3
B00360,B00360_R1,918,3,5,2.54,1.143,10.71,0.2032,1.6002,12.12,1,1,-1.41,0.2032,0.762,1.6764,2.032,2.7178,1.3462,3.2512,1,20,0,2
B00360,B00360_R2,919,4,5,2.54,1.143,10.71,0.2032,1.6002,12.12,1,1,-1.41,0.2032,1.143,1.0668,0.2032,2.3368,0.9652,1.8034,1,10,1,1
B00360,B00360_R1,920,5,5,2.54,1.143,10.71,0.2032,1.6002,12.12,1,1,-1.41,0.2032,1.143,1.6764,0.7112,2.3368,0.9652,2.413,1,20,0,1
B00361,B00361_R1,921,1,4,1.6764,2.032,42.39,1.6764,0.2032,54.1,2,3,-11.71,0.2032,1.143,1.6764,2.54,2.8702,2.413,2.8702,1,20,0,3
B00361,B00361_R2,922,2,4,1.6764,2.032,42.39,1.6764,0.2032,54.1,2,3,-11.71,0.762,0.7112,0.2032,1.9812,3.2512,1.4224,2.3368,2,10,1,1
B00361,B00361_R1,923,3,4,1.6764,2.032,42.39,1.6764,0.2032,54.1,2,3,-11.71,1.0668,2.032,1.6764,2.54,1.1176,2.9464,1.1176,3,30,0,1
B00361,B00361_R1,924,4,4,1.6764,2.032,42.39,1.6764,0.2032,54.1,2,3,-11.71,1.0668,2.032,0.2032,1.6002,1.1176,2.9464,1.8034,2,10,0,2
B00362,B00362_R2,925,1,1,1.6764,2.54,34.26,0.2032,1.9812,15.22,2,1,19.04,1.0668,2.032,0.762,0.2032,1.1176,1.4224,3.2512,3,20,1,1
B00363,B00363_R2,926,1,3,1.6764,2.54,0.0,0.762,0.2032,0.0,0,0,0.0,2.54,0.762,0.2032,1.6002,2.6416,2.3368,3.175,2,10,1,2
B00363,B00363_R1,927,2,3,1.6764,2.54,0.0,0.762,0.2032,0.0,0,0,0.0,2.286,2.54,0.2032,1.6002,1.1176,3.8608,3.0226,2,20,0,1
B00363,B00363_R2,928,3,3,1.6764,2.54,0.0,0.762,0.2032,0.0,0,0,0.0,0.2032,0.762,1.0668,0.2032,3.2512,1.1176,1.4224,1,20,1,1
B00364,B00364_R1,929,1,2,0.2032,1.6002,4.0,0.2032,1.6002,25.55,1,1,-21.55,1.0668,0.2032,1.0668,0.7112,2.2606,2.2606,0.508,3,20,0,1
B00364,B00364_R1,930,2,2,0.2032,1.6002,4.0,0.2032,1.6002,25.55,1,1,-21.55,2.54,0.762,0.762,0.7112,3.175,3.175,2.3368,3,10,0,2
B00365,B00365_R2,931,1,1,0.762,0.7112,23.25,0.2032,1.6002,7.61,1,1,15.64,2.54,1.143,0.2032,1.9812,2.7178,2.794,3.175,2,20,1,1
B00366,B00366_R1,932,1,3,0.762,0.7112,0.0,0.2032,1.9812,0.0,0,0,0.0,0.2032,0.762,2.286,0.2032,1.1176,1.7272,2.6416,1,20,0,1
B00366,B00366_R2,933,2,3,0.762,0.7112,0.0,0.2032,1.9812,0.0,0,0,0.0,1.9812,2.032,0.2032,1.6002,3.556,2.3368,2.7178,2,10,1,1
B00366,B00366_R1,934,3,3,0.762,0.7112,0.0,0.2032,1.9812,0.0,0,0,0.0,1.9812,2.032,0.4572,2.54,3.556,2.3368,2.032,3,20,0,2
B00367,B00367_R2,935,1,4,0.4572,2.54,28.45,0.2032,1.6002,0.0,2,0,28.45,1.9812,0.7112,1.0668,0.7112,3.8608,3.175,1.4224,3,10,1,2
B00367,B00367_R2,936,2,4,0.4572,2.54,28.45,0.2032,1.6002,0.0,2,0,28.45,0.762,0.7112,0.2032,1.9812,2.6416,1.9558,2.3368,2,30,1,3
B00367,B00367_R1,937,3,4,0.4572,2.54,28.45,0.2032,1.6002,0.0,2,0,28.45,0.2032,0.762,1.0668,2.032,2.032,1.3462,2.6416,1,30,0,1
B00367,B00367_R2,938,4,4,0.4572,2.54,28.45,0.2032,1.6002,0.0,2,0,28.45,2.54,1.9812,2.286,0.2032,2.6416,2.7178,2.032,3,20,1,1
B00368,B00368_R1,939,1,5,1.0668,2.032,32.06,0.2032,1.9812,38.46,2,3,-6.4,0.2032,0.762,1.6764,0.7112,2.6416,1.7272,2.032,1,10,0,1
B00368,B00368_R1,940,2,5,1.0668,2.032,32.06,0.2032,1.9812,38.46,2,3,-6.4,0.2032,0.762,1.9812,0.2032,2.6416,1.7272,2.3368,1,20,0,3
B00368,B00368_R1,941,3,5,1.0668,2.032,32.06,0.2032,1.9812,38.46,2,3,-6.4,1.6764,0.7112,1.0668,0.2032,2.9464,3.2512,1.1176,3,20,0,2
B00368,B00368_R2,942,4,5,1.0668,2.032,32.06,0.2032,1.9812,38.46,2,3,-6.4,0.2032,1.143,1.6764,0.2032,2.2606,1.3462,2.413,1,10,1,1
B00368,B00368_R2,943,5,5,1.0668,2.032,32.06,0.2032,1.9812,38.46,2,3,-6.4,0.4572,0.2032,1.6764,2.032,2.9464,2.032,3.556,3,20,1,2
B00369,B00369_R1,944,1,1,1.9812,0.2032,68.12,1.6764,2.032,66.13,4,3,1.99,0.4572,0.2032,1.6764,2.032,2.032,3.556,3.556,3,20,0,1
B00370,B00370_R2,945,1,2,1.6764,2.032,55.31,1.6764,2.032,24.65,3,1,30.66,0.2032,1.143,0.762,0.7112,2.8702,2.8702,1.4986,1,30,1,1
B00370,B00370_R2,946,2,2,1.6764,2.032,55.31,1.6764,2.032,24.65,3,1,30.66,2.286,0.2032,0.2032,1.6002,2.9464,2.9464,3.4798,2,10,1,2
B00371,B00371_R2,947,1,3,1.6764,2.032,35.67,0.2032,1.6002,56.22,2,3,-20.55,0.2032,0.762,1.0668,2.54,3.2512,1.3462,2.6416,1,20,1,1
B00371,B00371_R1,948,2,3,1.6764,2.032,35.67,0.2032,1.6002,56.22,2,3,-20.55,1.0668,2.032,0.2032,1.6002,1.1176,1.8034,1.8034,2,20,0,1
B00371,B00371_R1,949,3,3,1.6764,2.032,35.67,0.2032,1.6002,56.22,2,3,-20.55,1.0668,0.7112,0.2032,1.6002,2.9464,2.2606,2.2606,2,10,0,2
B00372,B00372_R2,950,1,4,0.2032,1.6002,56.21,1.0668,2.54,57.41,3,3,-1.2,1.0668,2.54,0.2032,1.9812,1.8034,0.0,1.4224,2,20,1,1
B00372,B00372_R1,951,2,4,0.2032,1.6002,56.21,1.0668,2.54,57.41,3,3,-1.2,1.9812,0.2032,0.2032,1.9812,3.175,3.2512,3.556,2,10,0,2
B00372,B00372_R1,952,3,4,0.2032,1.6002,56.21,1.0668,2.54,57.41,3,3,-1.2,0.762,0.2032,0.2032,1.9812,1.9558,3.2512,2.3368,2,10,0,1
B00372,B00372_R2,953,4,4,0.2032,1.6002,56.21,1.0668,2.54,57.41,3,3,-1.2,2.286,0.2032,0.4572,2.54,3.4798,3.556,4.1656,3,10,1,2
B00373,B00373_R1,954,1,2,0.2032,1.9812,72.94,0.4572,2.54,65.72,3,3,7.22,0.762,2.032,0.2032,1.6002,1.1176,0.8128,1.4986,2,30,0,1
B00373,B00373_R2,955,2,2,0.2032,1.9812,72.94,0.4572,2.54,65.72,3,3,7.22,1.6764,2.54,0.762,0.2032,2.032,1.7272,3.2512,3,10,1,1
B00374,B00374_R1,956,1,1,0.2032,1.6002,49.4,0.762,0.2032,51.8,2,2,-2.4,2.54,1.9812,0.2032,1.9812,2.7178,3.556,2.9464,2,20,0,1
B00375,B00375_R2,957,1,2,0.2032,1.9812,58.32,0.762,0.2032,30.86,3,2,27.46,0.2032,1.143,1.0668,0.2032,1.3462,1.4986,1.8034,1,20,1,1
B00375,B00375_R2,958,2,2,0.2032,1.9812,58.32,0.762,0.2032,30.86,3,2,27.46,0.2032,1.143,2.54,1.9812,1.3462,1.4986,3.175,1,10,1,2
B00376,B00376_R1,959,1,2,0.2032,1.9812,36.27,2.54,1.9812,55.6,2,3,-19.33,0.762,0.7112,0.2032,1.9812,2.3368,3.556,2.3368,2,20,0,1
B00376,B00376_R2,960,2,2,0.2032,1.9812,36.27,2.54,1.9812,55.6,2,3,-19.33,2.54,1.143,0.2032,1.9812,3.175,1.3462,3.175,2,20,1,1
B00377,B00377_R1,961,1,1,0.2032,1.9812,20.14,0.2032,1.9812,42.38,1,2,-22.24,0.2032,0.762,0.4572,2.54,1.7272,1.7272,2.032,1,30,0,1
B00378,B00378_R2,962,1,1,0.4572,2.54,0.0,0.2032,1.9812,0.0,0,0,0.0,0.2032,0.762,2.286,0.2032,2.032,1.7272,2.6416,1,30,1,1
B00379,B00379_R2,963,1,2,0.4572,2.54,0.0,2.286,0.2032,4.0,0,1,-4.0,0.2032,1.143,0.762,2.54,1.651,3.0226,1.9558,1,10,1,1
B00379,B00379_R1,964,2,2,0.4572,2.54,0.0,2.286,0.2032,4.0,0,1,-4.0,0.2032,1.143,1.9812,2.032,1.651,3.0226,3.175,1,20,0,1
B00380,B00380_R1,965,1,4,1.9812,2.032,0.0,0.762,2.54,0.0,0,0,0.0,0.2032,0.762,2.54,1.9812,3.556,2.3368,3.556,1,30,0,2
B00380,B00380_R2,966,2,4,1.9812,2.032,0.0,0.762,2.54,0.0,0,0,0.0,1.0668,0.2032,1.9812,0.7112,3.2512,3.2512,1.4224,3,20,1,2
B00380,B00380_R1,967,3,4,1.9812,2.032,0.0,0.762,2.54,0.0,0,0,0.0,1.6764,2.032,0.762,0.2032,0.8128,1.4224,3.2512,3,20,0,1
B00380,B00380_R2,968,4,4,1.9812,2.032,0.0,0.762,2.54,0.0,0,0,0.0,0.2032,1.143,2.54,1.9812,3.175,1.9558,3.175,1,20,1,1
B00381,B00381_R2,969,1,1,2.54,1.9812,0.0,1.9812,0.7112,0.0,0,0,0.0,0.2032,0.762,1.0668,0.7112,3.556,2.3368,1.4224,1,30,1,1
B00382,B00382_R2,970,1,1,2.54,1.9812,0.0,1.0668,0.7112,0.0,0,0,0.0,0.762,0.2032,1.9812,0.7112,3.556,0.8128,1.7272,3,20,1,1
B00383,B00383_R2,971,1,5,2.54,1.9812,0.0,1.9812,0.7112,0.0,0,0,0.0,1.0668,2.032,0.2032,1.9812,2.032,3.2512,1.4224,2,20,1,2
B00383,B00383_R2,972,2,5,2.54,1.9812,0.0,1.9812,0.7112,0.0,0,0,0.0,2.286,0.2032,0.2032,1.6002,2.032,0.8128,3.4798,2,20,1,1
B00383,B00383_R1,973,3,5,2.54,1.9812,0.0,1.9812,0.7112,0.0,0,0,0.0,1.9812,2.54,0.2032,1.9812,1.1176,2.9464,2.3368,2,10,0,1
B00383,B00383_R1,974,4,5,2.54,1.9812,0.0,1.9812,0.7112,0.0,0,0,0.0,0.762,2.54,0.2032,1.6002,2.3368,3.556,1.4986,2,20,0,3
B00383,B00383_R1,975,5,5,2.54,1.9812,0.0,1.9812,0.7112,0.0,0,0,0.0,0.4572,2.54,0.2032,1.9812,2.6416,3.8608,0.8128,2,20,0,2
B00384,B00384_R2,976,1,3,0.2032,1.6002,11.92,0.2032,1.9812,4.0,1,1,7.92,0.762,2.032,1.6764,2.54,1.4986,1.1176,1.4224,3,10,1,2
B00384,B00384_R1,977,2,3,0.2032,1.6002,11.92,0.2032,1.9812,4.0,1,1,7.92,0.2032,0.762,0.762,2.032,1.3462,1.7272,2.3368,1,10,0,1
B00384,B00384_R2,978,3,3,0.2032,1.6002,11.92,0.2032,1.9812,4.0,1,1,7.92,0.4572,2.54,0.2032,1.6002,1.1938,0.8128,1.1938,2,10,1,1
B00385,B00385_R1,979,1,3,0.762,2.032,9.72,1.6764,2.54,15.02,1,1,-5.3,0.4572,0.2032,0.2032,1.9812,2.6416,3.556,2.032,2,10,0,1
B00385,B00385_R2,980,2,3,0.762,2.032,9.72,1.6764,2.54,15.02,1,1,-5.3,1.6764,0.7112,0.2032,1.6002,3.2512,2.9464,2.8702,2,10,1,2
B00385,B00385_R2,981,3,3,0.762,2.032,9.72,1.6764,2.54,15.02,1,1,-5.3,1.9812,0.2032,2.286,0.2032,3.556,3.2512,0.8128,3,20,1,1
B00386,B00386_R1,982,1,3,0.2032,1.9812,14.02,0.2032,1.6002,38.87,1,2,-24.85,2.54,0.762,0.2032,1.6002,3.556,3.175,3.175,2,30,0,2
B00386,B00386_R2,983,2,3,0.2032,1.9812,14.02,0.2032,1.6002,38.87,1,2,-24.85,0.2032,1.143,1.0668,2.54,1.3462,0.9652,2.2606,1,20,1,1
B00386,B00386_R1,984,3,3,0.2032,1.9812,14.02,0.2032,1.6002,38.87,1,2,-24.85,0.762,2.54,0.2032,1.6002,1.1176,1.4986,1.4986,2,30,0,1
B00387,B00387_R2,985,1,2,0.2032,1.6002,0.0,1.0668,2.54,0.0,0,0,0.0,1.0668,2.54,0.2032,1.9812,1.8034,0.0,1.4224,2,10,1,1
B00387,B00387_R1,986,2,2,0.2032,1.6002,0.0,1.0668,2.54,0.0,0,0,0.0,0.2032,0.762,2.54,1.9812,1.3462,2.6416,3.556,1,20,0,1
B00388,B00388_R1,987,1,3,2.54,1.9812,9.12,0.2032,1.9812,0.0,1,0,9.12,2.286,2.54,1.6764,2.032,0.8128,2.6416,1.1176,3,10,0,1
B00388,B00388_R2,988,2,3,2.54,1.9812,9.12,0.2032,1.9812,0.0,1,0,9.12,1.6764,2.032,0.2032,1.9812,1.4224,2.032,2.032,2,10,1,1
B00388,B00388_R1,989,3,3,2.54,1.9812,9.12,0.2032,1.9812,0.0,1,0,9.12,1.0668,2.54,0.2032,1.9812,2.032,1.4224,1.4224,2,30,0,2
B00389,B00389_R1,990,1,1,0.2032,1.9812,0.0,0.2032,1.9812,0.0,0,0,0.0,0.2032,1.143,1.6764,2.54,1.3462,1.3462,2.8702,1,20,0,1
B00390,B00390_R1,991,1,5,1.6764,2.54,7.91,0.2032,1.9812,0.0,1,0,7.91,2.286,0.2032,1.0668,0.7112,2.9464,3.8608,1.7272,3,10,0,1
B00390,B00390_R2,992,2,5,1.6764,2.54,7.91,0.2032,1.9812,0.0,1,0,7.91,0.762,2.032,1.6764,2.032,1.4224,1.1176,1.4224,3,10,1,1
B00390,B00390_R1,993,3,5,1.6764,2.54,7.91,0.2032,1.9812,0.0,1,0,7.91,0.2032,0.762,1.6764,0.2032,3.2512,1.7272,2.032,1,30,0,2
B00390,B00390_R2,994,4,5,1.6764,2.54,7.91,0.2032,1.9812,0.0,1,0,7.91,2.54,1.9812,0.2032,1.6002,1.4224,2.9464,2.7178,2,30,1,2
B00390,B00390_R2,995,5,5,1.6764,2.54,7.91,0.2032,1.9812,0.0,1,0,7.91,0.2032,1.143,2.54,1.6002,2.8702,1.3462,2.794,1,20,1,3
B00391,B00391_R2,996,1,2,1.6764,0.2032,10.02,2.54,1.6002,19.84,1,1,-9.82,0.762,2.54,1.0668,2.032,3.2512,2.7178,0.8128,3,30,1,1
B00391,B00391_R1,997,2,2,1.6764,0.2032,10.02,2.54,1.6002,19.84,1,1,-9.82,0.2032,1.143,1.6764,0.7112,2.413,2.794,2.413,1,10,0,1
B00392,B00392_R1,998,1,1,1.6764,0.7112,15.53,1.0668,2.032,18.93,1,1,-3.4,1.0668,0.7112,0.2032,1.9812,1.1176,2.9464,2.6416,2,10,0,1
B00393,B00393_R2,999,1,4,0.2032,1.9812,0.0,1.0668,2.032,0.0,0,0,0.0,1.9812,2.54,0.2032,1.6002,2.3368,1.4224,2.7178,2,30,1,2
B00393,B00393_R1,1000,2,4,0.2032,1.9812,0.0,1.0668,2.032,0.0,0,0,0.0,1.9812,0.7112,0.762,0.7112,3.556,3.2512,1.7272,3,10,0,1
B00393,B00393_R2,1001,3,4,0.2032,1.9812,0.0,1.0668,2.032,0.0,0,0,0.0,1.9812,2.54,2.286,2.54,2.3368,1.4224,0.8128,3,10,1,1
B00393,B00393_R1,1002,4,4,0.2032,1.9812,0.0,1.0668,2.032,0.0,0,0,0.0,2.54,1.143,0.2032,1.9812,3.175,2.8702,3.175,2,30,0,2
