batch_id,group_id,task_id,batch_position,batch_size,r1_next_x,r1_next_y,r1_tuf,r2_next_x,r2_next_y,r2_tuf,r1_queue_length,r2_queue_length,tuf_difference,task_pl_x,task_pl_y,task_dl_x,task_dl_y,r1_dist_to_pickup,r2_dist_to_pickup,task_dist_to_dropoff,task_type,deadline,assigned_robot,sequence_rank
B00001,B00001_R2,1,1,4,1.3716,0.2032,0.0,1.3716,2.54,0.0,0,0,0.0,2.286,2.54,0.2032,1.6002,3.2512,1.4224,3.0226,2,20,1,1
B00001,B00001_R2,2,2,4,1.3716,0.2032,0.0,1.3716,2.54,0.0,0,0,0.0,0.2032,1.143,1.6764,0.7112,2.1082,2.5654,2.413,1,30,1,2
B00001,B00001_R1,3,3,4,1.3716,0.2032,0.0,1.3716,2.54,0.0,0,0,0.0,0.2032,1.143,1.9812,2.54,2.1082,2.5654,3.175,1,20,0,2
B00001,B00001_R1,4,4,4,1.3716,0.2032,0.0,1.3716,2.54,0.0,0,0,0.0,0.762,0.2032,0.2032,1.6002,1.1176,2.9464,1.9558,2,20,0,1
B00002,B00002_R1,5,1,2,1.9812,2.54,21.34,1.6764,0.7112,23.34,1,2,-2.0,1.0668,2.54,0.2032,1.6002,1.4224,2.9464,1.8034,2,10,0,1
B00002,B00002_R2,6,2,2,1.9812,2.54,21.34,1.6764,0.7112,23.34,1,2,-2.0,0.2032,0.762,0.4572,2.54,3.556,2.032,2.032,1,10,1,1
B00003,B00003_R1,7,1,3,0.2032,1.6002,18.73,0.4572,2.54,22.04,1,1,-3.31,2.54,1.6002,0.2032,1.9812,2.3368,3.0226,2.7178,2,30,0,1
B00003,B00003_R2,8,2,3,0.2032,1.6002,18.73,0.4572,2.54,22.04,1,1,-3.31,0.2032,0.762,1.9812,2.032,1.3462,2.032,3.556,1,20,1,2
B00003,B00003_R2,9,3,3,0.2032,1.6002,18.73,0.4572,2.54,22.04,1,1,-3.31,1.0668,2.54,0.2032,1.9812,1.8034,1.1176,1.4224,2,10,1,1
B00004,B00004_R1,10,1,1,0.2032,1.9812,5.51,1.9812,2.032,26.86,1,1,-21.35,1.9812,2.032,1.9812,2.54,2.3368,0.0,0.508,3,20,0,1
B00005,B00005_R1,11,1,1,1.9812,2.54,0.0,1.9812,2.032,9.12,0,1,-9.12,1.6764,0.2032,0.2032,1.9812,3.2512,3.2512,3.2512,2,10,0,1
B00006,B00006_R2,12,1,3,0.2032,1.9812,13.63,1.9812,2.032,0.0,1,0,13.63,0.2032,1.143,0.4572,2.54,1.3462,3.175,1.651,1,20,1,2
B00006,B00006_R1,13,2,3,0.2032,1.9812,13.63,1.9812,2.032,0.0,1,0,13.63,0.2032,0.762,1.6764,0.7112,1.7272,3.556,2.032,1,10,0,1
B00006,B00006_R2,14,3,3,0.2032,1.9812,13.63,1.9812,2.032,0.0,1,0,13.63,2.54,0.762,0.2032,1.6002,3.556,2.3368,3.175,2,20,1,1
B00007,B00007_R1,15,1,1,1.6764,0.7112,14.02,0.4572,2.54,27.55,1,2,-13.53,0.2032,0.762,0.4572,0.2032,2.032,2.032,0.8128,1,30,0,1
B00008,B00008_R1,16,1,1,0.4572,0.2032,11.41,0.4572,2.54,6.71,1,1,4.7,1.9812,0.2032,0.2032,1.9812,2.032,3.8608,3.556,2,20,0,1
B00009,B00009_R1,17,1,2,0.2032,1.9812,20.04,0.4572,2.54,0.0,1,0,20.04,0.2032,1.143,2.54,0.762,1.3462,1.651,2.7178,1,20,0,1
B00009,B00009_R2,18,2,2,0.2032,1.9812,20.04,0.4572,2.54,0.0,1,0,20.04,0.2032,1.143,2.54,1.6002,1.3462,1.651,2.794,1,20,1,1
B00010,B00010_R2,19,1,2,2.54,0.762,21.04,2.54,1.6002,7.61,1,1,13.43,1.6764,2.54,0.4572,2.54,2.6416,1.8034,1.7272,3,10,1,2
B00010,B00010_R2,20,2,2,2.54,0.762,21.04,2.54,1.6002,7.61,1,1,13.43,2.54,1.9812,1.9812,2.032,1.7272,0.889,1.1176,3,20,1,1
B00011,B00011_R2,21,1,2,2.54,0.762,0.0,0.4572,2.54,16.03,0,1,-16.03,0.2032,1.143,1.9812,0.2032,2.7178,1.651,2.7178,1,10,1,1
B00011,B00011_R1,22,2,2,2.54,0.762,0.0,0.4572,2.54,16.03,0,1,-16.03,1.9812,0.7112,2.54,1.9812,1.1176,3.8608,2.3368,3,30,0,1
B00012,B00012_R1,23,1,4,2.54,1.9812,0.0,1.9812,0.2032,21.04,0,1,-21.04,2.286,2.54,0.2032,1.9812,0.8128,2.6416,2.6416,2,30,0,1
B00012,B00012_R1,24,2,4,2.54,1.9812,0.0,1.9812,0.2032,21.04,0,1,-21.04,0.2032,1.143,1.0668,0.2032,3.175,2.7178,1.8034,1,30,0,2
B00012,B00012_R2,25,3,4,2.54,1.9812,0.0,1.9812,0.2032,21.04,0,1,-21.04,0.2032,0.762,2.54,1.6002,3.556,2.3368,3.175,1,20,1,1
B00012,B00012_R1,26,4,4,2.54,1.9812,0.0,1.9812,0.2032,21.04,0,1,-21.04,0.762,0.2032,2.54,1.9812,3.556,1.7272,3.556,3,30,0,3
B00013,B00013_R2,27,1,3,2.54,1.9812,40.68,2.54,1.6002,27.76,2,1,12.92,1.0668,2.032,0.2032,1.9812,2.032,2.413,1.4224,2,10,1,1
B00013,B00013_R2,28,2,3,2.54,1.9812,40.68,2.54,1.6002,27.76,2,1,12.92,0.2032,1.143,1.0668,2.54,3.175,2.794,2.2606,1,10,1,2
B00013,B00013_R1,29,3,3,2.54,1.9812,40.68,2.54,1.6002,27.76,2,1,12.92,0.2032,1.143,2.54,1.6002,3.175,2.794,2.794,1,20,0,1
B00014,B00014_R2,30,1,1,2.54,1.6002,29.56,1.0668,2.54,31.85,1,2,-2.29,0.762,2.032,0.2032,1.6002,2.7178,0.8128,1.4986,2,20,1,1
B00015,B00015_R2,31,1,3,2.54,1.6002,11.22,0.2032,1.6002,24.24,1,2,-13.02,0.2032,1.143,2.286,2.54,2.794,0.9652,3.4798,1,10,1,1
B00015,B00015_R1,32,2,3,2.54,1.6002,11.22,0.2032,1.6002,24.24,1,2,-13.02,0.762,2.032,0.2032,1.6002,2.7178,1.4986,1.4986,2,20,0,2
B00015,B00015_R1,33,3,3,2.54,1.6002,11.22,0.2032,1.6002,24.24,1,2,-13.02,1.9812,0.7112,0.2032,1.6002,1.9558,3.175,3.175,2,20,0,1
B00016,B00016_R1,34,1,2,0.2032,1.6002,36.36,2.286,2.54,23.55,2,1,12.81,0.2032,0.762,0.4572,2.54,1.3462,3.8608,2.032,1,30,0,1
B00016,B00016_R2,35,2,2,0.2032,1.6002,36.36,2.286,2.54,23.55,2,1,12.81,0.2032,0.762,2.54,1.6002,1.3462,3.8608,3.175,1,10,1,1
B00017,B00017_R1,36,1,2,0.4572,2.54,32.26,2.54,1.6002,40.48,2,2,-8.22,0.2032,1.143,1.0668,0.2032,1.651,2.794,1.8034,1,30,0,1
B00017,B00017_R2,37,2,2,0.4572,2.54,32.26,2.54,1.6002,40.48,2,2,-8.22,2.286,2.54,0.4572,0.2032,2.3368,1.1938,4.1656,3,10,1,1
B00018,B00018_R1,38,1,5,1.0668,0.2032,33.66,0.4572,0.2032,48.2,2,2,-14.54,1.9812,0.7112,0.2032,1.9812,1.4224,2.032,3.556,2,20,0,3
B00018,B00018_R2,39,2,5,1.0668,0.2032,33.66,0.4572,0.2032,48.2,2,2,-14.54,1.6764,2.032,0.4572,0.2032,2.9464,3.556,3.556,3,20,1,2
B00018,B00018_R1,40,3,5,1.0668,0.2032,33.66,0.4572,0.2032,48.2,2,2,-14.54,1.9812,2.032,2.286,0.2032,3.2512,3.8608,2.6416,3,10,0,2
B00018,B00018_R1,41,4,5,1.0668,0.2032,33.66,0.4572,0.2032,48.2,2,2,-14.54,0.2032,1.143,1.6764,2.54,1.8034,1.1938,2.8702,1,30,0,1
B00018,B00018_R2,42,5,5,1.0668,0.2032,33.66,0.4572,0.2032,48.2,2,2,-14.54,0.4572,0.2032,0.2032,1.9812,1.1176,0.0,2.032,2,30,1,1
B00019,B00019_R2,43,1,5,0.2032,1.9812,80.46,0.4572,0.2032,69.24,4,3,11.22,0.2032,1.143,0.4572,0.2032,1.3462,1.1938,1.1938,1,10,1,1
B00019,B00019_R1,44,2,5,0.2032,1.9812,80.46,0.4572,0.2032,69.24,4,3,11.22,0.2032,1.143,0.762,0.7112,1.3462,1.1938,1.4986,1,10,0,2
B00019,B00019_R1,45,3,5,0.2032,1.9812,80.46,0.4572,0.2032,69.24,4,3,11.22,0.4572,2.54,0.2032,1.6002,0.8128,2.3368,1.1938,2,30,0,1
B00019,B00019_R2,46,4,5,0.2032,1.9812,80.46,0.4572,0.2032,69.24,4,3,11.22,0.2032,1.143,1.6764,0.2032,1.3462,1.1938,2.413,1,30,1,2
B00019,B00019_R2,47,5,5,0.2032,1.9812,80.46,0.4572,0.2032,69.24,4,3,11.22,1.9812,0.7112,2.54,1.6002,3.556,2.032,1.9558,3,10,1,3
B00020,B00020_R2,48,1,2,0.762,0.7112,89.87,2.54,1.6002,101.38,5,6,-11.51,1.0668,2.54,2.54,1.9812,3.2512,2.413,2.032,3,30,1,1
B00020,B00020_R1,49,2,2,0.762,0.7112,89.87,2.54,1.6002,101.38,5,6,-11.51,0.2032,0.762,0.4572,2.54,1.1176,3.175,2.032,1,10,0,1
B00021,B00021_R2,50,1,2,0.4572,2.54,87.76,2.54,1.9812,104.2,5,5,-16.44,0.2032,0.762,0.762,2.032,2.032,3.556,2.3368,1,30,1,1
B00021,B00021_R1,51,2,2,0.4572,2.54,87.76,2.54,1.9812,104.2,5,5,-16.44,0.2032,1.143,2.286,2.54,1.651,3.175,3.4798,1,10,0,1
B00022,B00022_R1,52,1,4,2.286,2.54,94.37,0.762,2.032,115.72,5,6,-21.35,1.9812,2.54,1.0668,2.032,0.8128,1.7272,1.4224,3,10,0,1
B00022,B00022_R2,53,2,4,2.286,2.54,94.37,0.762,2.032,115.72,5,6,-21.35,1.0668,0.7112,1.6764,2.54,3.556,3.2512,2.9464,3,30,1,1
B00022,B00022_R1,54,3,4,2.286,2.54,94.37,0.762,2.032,115.72,5,6,-21.35,0.2032,1.143,0.762,2.032,3.4798,1.9558,1.9558,1,10,0,2
B00022,B00022_R1,55,4,4,2.286,2.54,94.37,0.762,2.032,115.72,5,6,-21.35,0.2032,1.143,0.762,2.54,3.4798,1.9558,1.9558,1,10,0,3
B00023,B00023_R2,56,1,2,0.762,2.54,131.03,1.6764,2.54,124.44,7,6,6.59,1.6764,0.2032,0.2032,1.6002,3.2512,2.9464,2.8702,2,30,1,1
B00023,B00023_R1,57,2,2,0.762,2.54,131.03,1.6764,2.54,124.44,7,6,6.59,1.0668,2.54,0.2032,1.9812,0.8128,1.1176,1.4224,2,30,0,1
B00024,B00024_R1,58,1,1,0.2032,1.9812,126.31,0.2032,1.6002,133.16,7,6,-6.85,0.762,2.032,0.2032,1.9812,1.1176,1.4986,1.1176,2,20,0,1
B00025,B00025_R2,59,1,1,0.2032,1.9812,120.0,0.2032,1.6002,112.23,7,4,7.77,0.2032,0.762,1.0668,0.2032,1.7272,1.3462,1.4224,1,10,1,1
B00026,B00026_R1,60,1,2,0.2032,1.9812,102.47,1.0668,0.2032,109.61,6,5,-7.14,0.2032,0.762,2.54,0.762,1.7272,1.4224,2.9464,1,30,0,1
B00026,B00026_R2,61,2,2,0.2032,1.9812,102.47,1.0668,0.2032,109.61,6,5,-7.14,1.6764,0.7112,0.2032,1.9812,3.2512,1.1176,3.2512,2,10,1,1
B00027,B00027_R1,62,1,1,2.54,0.762,104.58,0.2032,1.9812,114.82,6,5,-10.24,1.9812,2.54,0.2032,1.6002,2.3368,2.3368,2.7178,2,20,0,1
B00028,B00028_R2,63,1,1,0.2032,1.6002,109.39,0.2032,1.9812,91.68,6,4,17.71,1.9812,2.54,0.2032,1.9812,2.7178,2.3368,2.3368,2,10,1,1
B00029,B00029_R1,64,1,4,0.2032,1.6002,89.76,0.2032,1.9812,93.59,5,4,-3.83,2.54,1.143,0.2032,1.9812,2.794,3.175,3.175,2,30,0,2
B00029,B00029_R2,65,2,4,0.2032,1.6002,89.76,0.2032,1.9812,93.59,5,4,-3.83,0.2032,0.762,2.286,0.2032,1.3462,1.7272,2.6416,1,20,1,1
B00029,B00029_R1,66,3,4,0.2032,1.6002,89.76,0.2032,1.9812,93.59,5,4,-3.83,1.6764,0.7112,2.54,1.6002,2.8702,3.2512,2.2606,3,20,0,1
B00029,B00029_R2,67,4,4,0.2032,1.6002,89.76,0.2032,1.9812,93.59,5,4,-3.83,1.6764,0.7112,0.2032,1.9812,2.8702,3.2512,3.2512,2,20,1,2
B00030,B00030_R2,68,1,2,0.2032,1.9812,117.81,0.2032,1.9812,123.25,6,6,-5.44,0.2032,1.143,1.9812,0.7112,1.3462,1.3462,2.7178,1,30,1,1
B00030,B00030_R1,69,2,2,0.2032,1.9812,117.81,0.2032,1.9812,123.25,6,6,-5.44,2.54,0.762,1.9812,2.032,3.556,3.556,2.3368,3,10,0,1
B00031,B00031_R1,70,1,4,1.9812,2.032,127.25,1.9812,0.7112,123.85,5,6,3.4,2.54,0.762,0.2032,1.9812,2.3368,1.1176,3.556,2,30,0,1
B00031,B00031_R2,71,2,4,1.9812,2.032,127.25,1.9812,0.7112,123.85,5,6,3.4,0.2032,1.143,1.9812,2.032,3.175,2.7178,3.175,1,20,1,2
B00031,B00031_R1,72,3,4,1.9812,2.032,127.25,1.9812,0.7112,123.85,5,6,3.4,0.2032,1.143,1.9812,0.2032,3.175,2.7178,2.7178,1,10,0,2
B00031,B00031_R2,73,4,4,1.9812,2.032,127.25,1.9812,0.7112,123.85,5,6,3.4,0.4572,0.2032,0.762,0.2032,3.8608,2.032,0.8128,3,30,1,1
B00032,B00032_R1,74,1,2,1.9812,0.2032,155.1,1.9812,2.032,145.59,6,7,9.51,2.54,0.762,0.4572,0.2032,1.1176,2.3368,2.6416,3,20,0,1
B00032,B00032_R2,75,2,2,1.9812,0.2032,155.1,1.9812,2.032,145.59,6,7,9.51,1.9812,2.032,0.2032,1.9812,2.9464,0.0,2.3368,2,20,1,1
B00033,B00033_R2,76,1,3,0.4572,0.2032,160.31,0.2032,1.9812,140.66,7,7,19.65,0.2032,0.762,1.6764,2.54,0.8128,1.7272,3.2512,1,30,1,1
B00033,B00033_R1,77,2,3,0.4572,0.2032,160.31,0.2032,1.9812,140.66,7,7,19.65,1.6764,0.2032,0.2032,1.6002,1.7272,3.2512,2.8702,2,20,0,1
B00033,B00033_R2,78,3,3,0.4572,0.2032,160.31,0.2032,1.9812,140.66,7,7,19.65,2.286,2.54,1.0668,2.54,4.1656,2.6416,1.7272,3,20,1,2
B00034,B00034_R1,79,1,3,0.2032,1.6002,162.81,1.0668,2.54,164.0,7,8,-1.19,0.2032,0.762,2.54,1.143,1.3462,2.6416,2.7178,1,30,0,1
B00034,B00034_R1,80,2,3,0.2032,1.6002,162.81,1.0668,2.54,164.0,7,8,-1.19,1.9812,0.2032,0.2032,1.6002,3.175,3.2512,3.175,2,20,0,2
B00034,B00034_R2,81,3,3,0.2032,1.6002,162.81,1.0668,2.54,164.0,7,8,-1.19,0.2032,0.762,2.54,1.143,1.3462,2.6416,2.7178,1,30,1,1
B00035,B00035_R2,82,1,1,0.2032,1.6002,190.57,2.54,1.143,170.02,8,8,20.55,0.2032,1.143,1.0668,0.7112,0.9652,2.3368,1.8034,1,10,1,1
B00036,B00036_R1,83,1,3,0.2032,1.6002,147.99,1.0668,0.7112,149.28,7,7,-1.29,0.2032,1.143,1.0668,2.032,0.9652,1.8034,2.2606,1,30,0,1
B00036,B00036_R2,84,2,3,0.2032,1.6002,147.99,1.0668,0.7112,149.28,7,7,-1.29,0.2032,1.143,0.4572,2.54,0.9652,1.8034,1.651,1,10,1,2
B00036,B00036_R2,85,3,3,0.2032,1.6002,147.99,1.0668,0.7112,149.28,7,7,-1.29,0.762,0.7112,0.2032,1.6002,1.9558,0.8128,1.9558,2,30,1,1
B00037,B00037_R1,86,1,1,1.0668,2.032,146.78,0.4572,2.54,165.31,7,8,-18.53,1.6764,0.7112,0.762,0.2032,2.9464,3.556,1.4224,3,20,0,1
B00038,B00038_R1,87,1,2,0.762,0.2032,150.19,0.4572,2.54,144.86,7,8,5.33,0.762,0.2032,0.4572,0.2032,0.0,2.6416,0.8128,3,30,0,1
B00038,B00038_R2,88,2,2,0.762,0.2032,150.19,0.4572,2.54,144.86,7,8,5.33,1.0668,0.2032,0.2032,1.9812,0.8128,2.9464,2.6416,2,20,1,1
B00039,B00039_R1,89,1,1,0.4572,0.2032,118.42,0.2032,1.9812,132.05,6,7,-13.63,0.2032,0.762,1.0668,2.032,0.8128,1.7272,2.6416,1,30,0,1
B00040,B00040_R2,90,1,3,1.0668,2.032,117.32,0.2032,1.9812,110.82,6,5,6.5,2.286,2.54,0.2032,1.6002,1.7272,2.6416,3.0226,2,30,1,2
B00040,B00040_R1,91,2,3,1.0668,2.032,117.32,0.2032,1.9812,110.82,6,5,6.5,1.9812,0.2032,0.2032,1.6002,3.2512,3.556,3.175,2,10,0,1
B00040,B00040_R2,92,3,3,1.0668,2.032,117.32,0.2032,1.9812,110.82,6,5,6.5,0.2032,1.143,0.762,2.032,2.2606,1.3462,1.9558,1,20,1,1
B00041,B00041_R1,93,1,3,0.2032,1.6002,126.65,0.2032,1.6002,139.86,6,7,-13.21,1.9812,2.032,0.2032,1.9812,2.7178,2.7178,2.3368,2,30,0,1
B00041,B00041_R2,94,2,3,0.2032,1.6002,126.65,0.2032,1.6002,139.86,6,7,-13.21,1.9812,0.7112,0.2032,1.6002,3.175,3.175,3.175,2,10,1,1
B00041,B00041_R1,95,3,3,0.2032,1.6002,126.65,0.2032,1.6002,139.86,6,7,-13.21,2.54,1.143,0.2032,1.6002,2.794,2.794,2.794,2,20,0,2
B00042,B00042_R2,96,1,2,0.2032,1.6002,165.32,0.2032,1.6002,150.49,8,7,14.83,1.6764,0.2032,0.2032,1.9812,2.8702,2.8702,3.2512,2,10,1,1
B00042,B00042_R1,97,2,2,0.2032,1.6002,165.32,0.2032,1.6002,150.49,8,7,14.83,0.2032,1.143,2.286,0.2032,0.9652,0.9652,3.0226,1,10,0,1
B00043,B00043_R2,98,1,1,2.286,0.2032,165.93,0.2032,1.9812,157.91,8,7,8.02,0.2032,0.762,1.9812,0.7112,2.6416,1.7272,2.3368,1,20,1,1
B00044,B00044_R2,99,1,4,2.286,0.2032,145.08,1.9812,0.7112,156.31,7,6,-11.23,0.2032,1.143,2.54,1.6002,3.0226,2.7178,2.794,1,30,1,2
B00044,B00044_R1,100,2,4,2.286,0.2032,145.08,1.9812,0.7112,156.31,7,6,-11.23,0.2032,0.762,0.762,2.032,2.6416,2.3368,2.3368,1,30,0,1
B00044,B00044_R1,101,3,4,2.286,0.2032,145.08,1.9812,0.7112,156.31,7,6,-11.23,0.2032,1.143,1.9812,2.54,3.0226,2.7178,3.175,1,20,0,2
B00044,B00044_R2,102,4,4,2.286,0.2032,145.08,1.9812,0.7112,156.31,7,6,-11.23,1.9812,0.2032,0.2032,1.9812,0.8128,0.508,3.556,2,10,1,1
B00045,B00045_R2,103,1,4,1.9812,2.54,158.31,2.54,1.6002,163.32,6,7,-5.01,1.9812,0.7112,0.2032,1.6002,2.9464,1.9558,3.175,2,20,1,1
B00045,B00045_R1,104,2,4,1.9812,2.54,158.31,2.54,1.6002,163.32,6,7,-5.01,0.2032,1.143,1.9812,0.7112,3.175,2.794,2.7178,1,20,0,2
B00045,B00045_R1,105,3,4,1.9812,2.54,158.31,2.54,1.6002,163.32,6,7,-5.01,0.2032,0.762,1.0668,0.2032,3.556,3.175,1.4224,1,20,0,1
B00045,B00045_R2,106,4,4,1.9812,2.54,158.31,2.54,1.6002,163.32,6,7,-5.01,0.2032,1.143,0.762,2.032,3.175,2.794,1.9558,1,10,1,2
B00046,B00046_R2,107,1,4,1.9812,0.7112,186.26,0.762,2.032,189.36,8,8,-3.1,0.2032,0.762,1.9812,0.7112,2.3368,2.3368,2.3368,1,10,1,1
B00046,B00046_R1,108,2,4,1.9812,0.7112,186.26,0.762,2.032,189.36,8,8,-3.1,0.2032,0.762,1.9812,2.54,2.3368,2.3368,3.556,1,20,0,2
B00046,B00046_R2,109,3,4,1.9812,0.7112,186.26,0.762,2.032,189.36,8,8,-3.1,2.54,0.762,1.0668,2.032,1.1176,3.556,3.2512,3,10,1,2
B00046,B00046_R1,110,4,4,1.9812,0.7112,186.26,0.762,2.032,189.36,8,8,-3.1,2.286,0.2032,0.2032,1.6002,0.8128,3.8608,3.4798,2,20,0,1
B00047,B00047_R1,111,1,3,1.9812,2.54,196.68,1.0668,2.032,195.67,8,9,1.01,2.54,0.762,0.2032,1.6002,2.3368,3.2512,3.175,2,10,0,1
B00047,B00047_R2,112,2,3,1.9812,2.54,196.68,1.0668,2.032,195.67,8,9,1.01,0.2032,1.143,1.6764,0.7112,3.175,2.2606,2.413,1,20,1,1
B00047,B00047_R2,113,3,3,1.9812,2.54,196.68,1.0668,2.032,195.67,8,9,1.01,0.2032,0.762,1.0668,2.54,3.556,2.6416,2.6416,1,20,1,2
B00048,B00048_R1,114,1,3,0.2032,1.6002,181.45,1.0668,2.54,202.49,8,9,-21.04,0.2032,0.762,0.762,0.2032,1.3462,2.6416,1.1176,1,20,0,1
B00048,B00048_R1,115,2,3,0.2032,1.6002,181.45,1.0668,2.54,202.49,8,9,-21.04,1.0668,0.2032,1.0668,2.54,2.2606,2.9464,2.9464,3,20,0,2
B00048,B00048_R2,116,3,3,0.2032,1.6002,181.45,1.0668,2.54,202.49,8,9,-21.04,2.286,2.54,0.2032,1.9812,3.0226,1.7272,2.6416,2,30,1,1
B00049,B00049_R2,117,1,2,1.0668,2.54,198.09,0.2032,1.9812,206.01,9,9,-7.92,1.0668,0.2032,0.2032,1.9812,2.9464,2.6416,2.6416,2,10,1,1
B00049,B00049_R1,118,2,2,1.0668,2.54,198.09,0.2032,1.9812,206.01,9,9,-7.92,1.6764,2.54,2.286,0.2032,1.1176,2.032,2.9464,3,20,0,1
B00050,B00050_R1,119,1,1,2.286,0.2032,202.69,0.2032,1.9812,211.83,9,9,-9.14,1.6764,2.032,0.2032,1.6002,2.9464,2.032,2.413,2,30,0,1
B00051,B00051_R2,120,1,3,0.2032,1.6002,207.91,0.2032,1.9812,190.49,9,8,17.42,0.2032,0.762,0.762,0.2032,1.3462,1.7272,1.1176,1,20,1,1
B00051,B00051_R2,121,2,3,0.2032,1.6002,207.91,0.2032,1.9812,190.49,9,8,17.42,1.0668,0.2032,2.286,2.54,2.2606,2.6416,3.556,3,10,1,2
B00051,B00051_R1,122,3,3,0.2032,1.6002,207.91,0.2032,1.9812,190.49,9,8,17.42,1.9812,0.2032,2.54,1.6002,3.175,3.556,1.9558,3,10,0,1
B00052,B00052_R2,123,1,1,2.54,1.6002,211.92,2.286,2.54,212.33,9,10,-0.41,2.286,2.54,2.286,0.2032,1.1938,0.0,2.3368,3,10,1,1
B00053,B00053_R1,124,1,3,2.54,1.6002,192.07,2.286,0.2032,207.62,9,10,-15.55,1.6764,2.54,0.2032,1.9812,1.8034,2.9464,2.032,2,10,0,1
B00053,B00053_R1,125,2,3,2.54,1.6002,192.07,2.286,0.2032,207.62,9,10,-15.55,0.2032,0.762,1.9812,2.032,3.175,2.6416,3.556,1,30,0,2
B00053,B00053_R2,126,3,3,2.54,1.6002,192.07,2.286,0.2032,207.62,9,10,-15.55,1.9812,2.032,2.286,0.2032,1.4986,2.6416,2.6416,3,20,1,1
B00054,B00054_R2,127,1,2,1.9812,2.032,220.74,2.286,0.2032,213.64,10,10,7.1,0.2032,0.762,0.762,2.54,3.556,2.6416,2.3368,1,30,1,1
B00054,B00054_R1,128,2,2,1.9812,2.032,220.74,2.286,0.2032,213.64,10,10,7.1,2.54,1.143,0.2032,1.9812,1.9558,1.1938,3.175,2,30,0,1
B00055,B00055_R2,129,1,4,0.2032,1.9812,226.76,0.762,2.54,218.74,10,10,8.02,0.762,2.54,0.2032,1.6002,1.1176,0.0,1.4986,2,20,1,1
B00055,B00055_R1,130,2,4,0.2032,1.9812,226.76,0.762,2.54,218.74,10,10,8.02,0.2032,0.762,2.54,1.9812,1.7272,2.3368,3.556,1,10,0,2
B00055,B00055_R1,131,3,4,0.2032,1.9812,226.76,0.762,2.54,218.74,10,10,8.02,1.6764,2.54,0.2032,1.9812,2.032,1.4224,2.032,2,10,0,1
B00055,B00055_R2,132,4,4,0.2032,1.9812,226.76,0.762,2.54,218.74,10,10,8.02,1.9812,0.2032,0.2032,1.6002,3.556,3.556,3.175,2,30,1,2
B00056,B00056_R2,133,1,2,2.54,1.9812,254.71,0.2032,1.6002,241.29,11,11,13.42,0.2032,0.762,0.762,2.54,3.556,1.3462,2.3368,1,10,1,2
B00056,B00056_R2,134,2,2,2.54,1.9812,254.71,0.2032,1.6002,241.29,11,11,13.42,0.2032,1.143,0.762,2.032,3.175,0.9652,1.9558,1,20,1,1
B00057,B00057_R1,135,1,1,2.54,1.9812,234.16,0.762,2.54,263.13,10,12,-28.97,0.2032,1.143,0.762,2.54,3.175,1.9558,1.9558,1,10,0,1
B00058,B00058_R1,136,1,5,0.762,2.54,242.48,0.762,2.54,243.29,10,11,-0.81,0.2032,0.762,1.0668,2.032,2.3368,2.3368,2.6416,1,20,0,3
B00058,B00058_R1,137,2,5,0.762,2.54,242.48,0.762,2.54,243.29,10,11,-0.81,1.6764,2.54,0.2032,1.9812,1.4224,1.4224,2.032,2,10,0,1
B00058,B00058_R2,138,3,5,0.762,2.54,242.48,0.762,2.54,243.29,10,11,-0.81,0.2032,1.143,2.54,1.6002,1.9558,1.9558,2.794,1,10,1,1
B00058,B00058_R1,139,4,5,0.762,2.54,242.48,0.762,2.54,243.29,10,11,-0.81,0.2032,0.762,1.9812,0.2032,2.3368,2.3368,2.3368,1,30,0,2
B00058,B00058_R2,140,5,5,0.762,2.54,242.48,0.762,2.54,243.29,10,11,-0.81,0.2032,1.143,1.9812,2.54,1.9558,1.9558,3.175,1,10,1,2
B00059,B00059_R2,141,1,1,1.0668,2.032,287.77,1.9812,2.54,274.35,12,12,13.42,1.0668,2.54,0.2032,1.9812,0.508,1.4224,1.4224,2,10,1,1
B00060,B00060_R1,142,1,3,1.0668,2.032,267.93,0.2032,1.9812,274.74,11,13,-6.81,1.6764,2.54,0.2032,1.9812,1.1176,2.032,2.032,2,30,0,1
B00060,B00060_R1,143,2,3,1.0668,2.032,267.93,0.2032,1.9812,274.74,11,13,-6.81,2.54,1.6002,0.2032,1.9812,2.413,2.7178,2.7178,2,10,0,2
B00060,B00060_R2,144,3,3,1.0668,2.032,267.93,0.2032,1.9812,274.74,11,13,-6.81,1.6764,0.7112,0.2032,1.6002,2.9464,3.2512,2.8702,2,10,1,1
B00061,B00061_R2,145,1,1,0.2032,1.9812,292.87,0.2032,1.6002,284.06,13,13,8.81,2.54,1.143,0.2032,1.9812,3.175,2.794,3.175,2,20,1,1
B00062,B00062_R1,146,1,1,0.2032,1.9812,272.34,0.2032,1.9812,294.28,12,13,-21.94,2.54,1.9812,1.9812,0.7112,2.9464,2.9464,2.3368,3,30,0,1
B00063,B00063_R1,147,1,4,1.9812,0.7112,282.36,0.2032,1.9812,273.95,12,12,8.41,0.4572,0.2032,0.2032,1.9812,2.032,2.032,2.032,2,10,0,1
B00063,B00063_R2,148,2,4,1.9812,0.7112,282.36,0.2032,1.9812,273.95,12,12,8.41,1.9812,2.032,1.9812,0.7112,2.9464,2.3368,2.9464,3,10,1,2
B00063,B00063_R2,149,3,4,1.9812,0.7112,282.36,0.2032,1.9812,273.95,12,12,8.41,1.6764,2.54,1.6764,2.032,3.2512,2.032,0.508,3,30,1,1
B00063,B00063_R1,150,4,4,1.9812,0.7112,282.36,0.2032,1.9812,273.95,12,12,8.41,0.2032,1.143,1.0668,0.7112,2.7178,1.3462,1.8034,1,30,0,2
B00064,B00064_R2,151,1,5,1.0668,0.7112,301.99,1.9812,0.7112,289.97,13,13,12.02,0.2032,1.143,2.54,1.9812,1.8034,2.7178,3.175,1,30,1,2
B00064,B00064_R1,152,2,5,1.0668,0.7112,301.99,1.9812,0.7112,289.97,13,13,12.02,0.2032,0.762,2.286,2.54,1.4224,2.3368,3.8608,1,30,0,2
B00064,B00064_R2,153,3,5,1.0668,0.7112,301.99,1.9812,0.7112,289.97,13,13,12.02,2.286,0.2032,0.2032,1.9812,1.7272,0.8128,3.8608,2,10,1,1
B00064,B00064_R1,154,4,5,1.0668,0.7112,301.99,1.9812,0.7112,289.97,13,13,12.02,0.4572,0.2032,0.762,0.7112,1.1176,2.032,0.8128,3,10,0,1
B00064,B00064_R2,155,5,5,1.0668,0.7112,301.99,1.9812,0.7112,289.97,13,13,12.02,0.2032,1.143,2.54,1.9812,1.8034,2.7178,3.175,1,10,1,3
B00065,B00065_R1,156,1,4,2.286,2.54,317.81,2.54,1.9812,348.7,14,15,-30.89,2.54,1.6002,0.2032,1.6002,1.1938,0.889,2.3368,2,20,0,1
B00065,B00065_R2,157,2,4,2.286,2.54,317.81,2.54,1.9812,348.7,14,15,-30.89,1.9812,0.2032,0.2032,1.9812,2.6416,2.3368,3.556,2,20,1,1
B00065,B00065_R1,158,3,4,2.286,2.54,317.81,2.54,1.9812,348.7,14,15,-30.89,1.6764,0.2032,0.2032,1.9812,2.9464,2.6416,3.2512,2,30,0,3
B00065,B00065_R1,159,4,4,2.286,2.54,317.81,2.54,1.9812,348.7,14,15,-30.89,1.0668,0.2032,0.2032,1.9812,3.556,3.2512,2.6416,2,10,0,2
B00066,B00066_R2,160,1,3,0.2032,1.9812,371.93,0.2032,1.9812,357.72,16,15,14.21,0.2032,0.762,1.6764,0.7112,1.7272,1.7272,2.032,1,30,1,1
B00066,B00066_R2,161,2,3,0.2032,1.9812,371.93,0.2032,1.9812,357.72,16,15,14.21,1.6764,0.2032,0.2032,1.9812,3.2512,3.2512,3.2512,2,10,1,2
B00066,B00066_R1,162,3,3,0.2032,1.9812,371.93,0.2032,1.9812,357.72,16,15,14.21,1.0668,0.7112,0.2032,1.9812,2.6416,2.6416,2.6416,2,10,0,1
B00067,B00067_R2,163,1,4,0.2032,1.9812,381.96,0.2032,1.9812,378.95,17,16,3.01,0.4572,0.2032,2.286,2.54,2.032,2.032,4.1656,3,10,1,2
B00067,B00067_R1,164,2,4,0.2032,1.9812,381.96,0.2032,1.9812,378.95,17,16,3.01,0.2032,1.143,0.4572,2.54,1.3462,1.3462,1.651,1,10,0,1
B00067,B00067_R2,165,3,4,0.2032,1.9812,381.96,0.2032,1.9812,378.95,17,16,3.01,0.2032,0.762,1.0668,0.7112,1.7272,1.7272,1.4224,1,20,1,1
B00067,B00067_R1,166,4,4,0.2032,1.9812,381.96,0.2032,1.9812,378.95,17,16,3.01,1.9812,2.032,0.2032,1.9812,2.3368,2.3368,2.3368,2,10,0,2
B00068,B00068_R1,167,1,3,0.2032,1.9812,403.7,2.286,2.54,404.71,18,17,-1.01,0.2032,1.143,1.6764,0.7112,1.3462,3.4798,2.413,1,20,0,1
B00068,B00068_R1,168,2,3,0.2032,1.9812,403.7,2.286,2.54,404.71,18,17,-1.01,1.6764,0.2032,0.2032,1.9812,3.2512,2.9464,3.2512,2,30,0,2
B00068,B00068_R2,169,3,3,0.2032,1.9812,403.7,2.286,2.54,404.71,18,17,-1.01,0.2032,1.143,2.54,1.9812,1.3462,3.4798,3.175,1,20,1,1
B00069,B00069_R1,170,1,2,0.2032,1.9812,424.73,2.54,1.9812,417.04,19,17,7.69,0.2032,1.143,1.9812,0.7112,1.3462,3.175,2.7178,1,10,0,1
B00069,B00069_R2,171,2,2,0.2032,1.9812,424.73,2.54,1.9812,417.04,19,17,7.69,0.762,0.2032,0.2032,1.9812,2.3368,3.556,2.3368,2,30,1,1
B00070,B00070_R2,172,1,2,1.9812,0.7112,426.23,0.2032,1.9812,425.26,19,17,0.97,0.2032,0.762,1.0668,0.7112,2.3368,1.7272,1.4224,1,30,1,1
B00070,B00070_R1,173,2,2,1.9812,0.7112,426.23,0.2032,1.9812,425.26,19,17,0.97,0.762,0.7112,0.2032,1.6002,1.7272,2.3368,1.9558,2,20,0,1
B00071,B00071_R1,174,1,2,0.2032,1.6002,426.84,1.0668,0.7112,426.55,19,18,0.29,0.762,0.7112,1.6764,2.032,1.9558,0.8128,3.2512,3,20,0,1
B00071,B00071_R2,175,2,2,0.2032,1.6002,426.84,1.0668,0.7112,426.55,19,18,0.29,1.0668,0.7112,0.2032,1.6002,2.2606,0.0,2.2606,2,30,1,1
B00072,B00072_R2,176,1,4,1.6764,2.032,432.85,0.2032,1.6002,418.83,19,18,14.02,1.9812,0.2032,0.2032,1.9812,3.2512,3.175,3.556,2,10,1,2
B00072,B00072_R1,177,2,4,1.6764,2.032,432.85,0.2032,1.6002,418.83,19,18,14.02,0.2032,1.143,1.9812,2.032,2.8702,0.9652,3.175,1,30,0,2
B00072,B00072_R1,178,3,4,1.6764,2.032,432.85,0.2032,1.6002,418.83,19,18,14.02,1.9812,2.032,0.2032,1.9812,0.8128,2.7178,2.3368,2,30,0,1
B00072,B00072_R2,179,4,4,1.6764,2.032,432.85,0.2032,1.6002,418.83,19,18,14.02,0.2032,0.762,2.54,1.6002,3.2512,1.3462,3.175,1,10,1,1
B00073,B00073_R1,180,1,3,1.9812,2.032,454.48,0.2032,1.9812,450.29,21,19,4.19,0.2032,1.143,1.9812,0.7112,3.175,1.3462,2.7178,1,20,0,2
B00073,B00073_R1,181,2,3,1.9812,2.032,454.48,0.2032,1.9812,450.29,21,19,4.19,1.9812,2.032,0.2032,1.9812,0.0,2.3368,2.3368,2,10,0,1
B00073,B00073_R2,182,3,3,1.9812,2.032,454.48,0.2032,1.9812,450.29,21,19,4.19,0.2032,0.762,1.9812,0.2032,3.556,1.7272,2.3368,1,30,1,1
B00074,B00074_R2,183,1,3,1.9812,0.7112,469.31,1.9812,0.2032,452.8,21,19,16.51,1.0668,2.54,0.2032,1.9812,3.2512,3.2512,1.4224,2,10,1,1
B00074,B00074_R2,184,2,3,1.9812,0.7112,469.31,1.9812,0.2032,452.8,21,19,16.51,0.2032,1.143,1.6764,2.032,2.7178,2.7178,2.8702,1,30,1,2
B00074,B00074_R1,185,3,3,1.9812,0.7112,469.31,1.9812,0.2032,452.8,21,19,16.51,2.286,2.54,0.2032,1.6002,2.6416,2.6416,3.0226,2,10,0,1
B00075,B00075_R2,186,1,3,0.2032,1.6002,479.33,1.6764,2.032,477.65,22,20,1.68,0.4572,0.2032,0.2032,1.9812,1.651,3.556,2.032,2,30,1,1
B00075,B00075_R1,187,2,3,0.2032,1.6002,479.33,1.6764,2.032,477.65,22,20,1.68,0.762,0.7112,1.9812,0.7112,1.9558,3.2512,1.7272,3,20,0,2
B00075,B00075_R1,188,3,3,0.2032,1.6002,479.33,1.6764,2.032,477.65,22,20,1.68,0.2032,0.762,1.6764,0.7112,1.3462,3.2512,2.032,1,10,0,1
B00076,B00076_R2,189,1,3,1.9812,0.7112,497.35,0.2032,1.9812,488.88,23,21,8.47,1.0668,0.2032,1.9812,2.54,1.4224,2.6416,3.2512,3,20,1,2
B00076,B00076_R2,190,2,3,1.9812,0.7112,497.35,0.2032,1.9812,488.88,23,21,8.47,0.2032,0.762,1.6764,0.2032,2.3368,1.7272,2.032,1,20,1,1
B00076,B00076_R1,191,3,3,1.9812,0.7112,497.35,0.2032,1.9812,488.88,23,21,8.47,1.9812,2.032,0.2032,1.6002,2.9464,2.3368,2.7178,2,20,0,1
B00077,B00077_R1,192,1,1,0.2032,1.6002,506.07,1.9812,2.54,512.22,23,22,-6.15,2.54,1.143,0.2032,1.6002,2.794,1.9558,2.794,2,10,0,1
B00078,B00078_R2,193,1,1,0.2032,1.6002,513.0,1.9812,2.54,489.78,23,21,23.22,0.2032,1.143,1.0668,2.032,0.9652,3.175,2.2606,1,10,1,1
B00079,B00079_R1,194,1,1,0.2032,1.6002,492.66,1.0668,2.032,499.11,22,21,-6.45,2.54,1.143,0.4572,0.2032,2.794,2.8702,3.0226,3,30,0,1
B00080,B00080_R2,195,1,4,0.4572,0.2032,502.49,1.0668,2.032,477.06,22,20,25.43,0.2032,1.143,1.0668,2.54,1.1938,2.2606,2.2606,1,30,1,1
B00080,B00080_R1,196,2,4,0.4572,0.2032,502.49,1.0668,2.032,477.06,22,20,25.43,0.2032,0.762,1.0668,2.54,0.8128,2.6416,2.6416,1,20,0,1
B00080,B00080_R2,197,3,4,0.4572,0.2032,502.49,1.0668,2.032,477.06,22,20,25.43,0.2032,1.143,2.286,2.54,1.1938,2.2606,3.4798,1,10,1,2
B00080,B00080_R1,198,4,4,0.4572,0.2032,502.49,1.0668,2.032,477.06,22,20,25.43,0.2032,1.143,1.6764,2.54,1.1938,2.2606,2.8702,1,20,0,2
B00081,B00081_R2,199,1,1,1.6764,2.54,527.93,2.286,2.54,510.72,23,21,17.21,0.2032,0.762,0.762,0.7112,3.2512,3.8608,1.1176,1,10,1,1
B00082,B00082_R2,200,1,1,1.6764,2.54,507.2,0.762,0.7112,515.13,22,22,-7.93,0.2032,0.762,1.6764,0.2032,3.2512,1.1176,2.032,1,20,1,1
B00083,B00083_R1,201,1,1,1.6764,2.54,486.36,1.6764,0.2032,512.42,21,22,-26.06,1.6764,0.7112,0.4572,0.2032,2.9464,0.508,1.7272,3,20,0,1
B00084,B00084_R2,202,1,4,0.4572,0.2032,491.06,1.6764,0.2032,491.97,22,21,-0.91,0.2032,0.762,1.6764,2.032,0.8128,2.032,3.2512,1,20,1,2
B00084,B00084_R1,203,2,4,0.4572,0.2032,491.06,1.6764,0.2032,491.97,22,21,-0.91,0.762,2.032,1.0668,2.032,2.6416,3.2512,0.8128,3,20,0,2
B00084,B00084_R2,204,3,4,0.4572,0.2032,491.06,1.6764,0.2032,491.97,22,21,-0.91,1.6764,0.2032,1.6764,2.032,1.7272,0.0,2.9464,3,30,1,1
B00084,B00084_R1,205,4,4,0.4572,0.2032,491.06,1.6764,0.2032,491.97,22,21,-0.91,0.2032,1.143,0.762,2.032,1.1938,2.413,1.9558,1,30,0,1
B00085,B00085_R1,206,1,4,1.0668,2.032,498.35,1.6764,2.032,521.24,23,22,-22.89,0.762,2.032,0.2032,1.6002,0.8128,1.4224,1.4986,2,30,0,1
B00085,B00085_R1,207,2,4,1.0668,2.032,498.35,1.6764,2.032,521.24,23,22,-22.89,2.286,0.2032,0.2032,1.9812,3.556,2.9464,3.8608,2,10,0,3
B00085,B00085_R1,208,3,4,1.0668,2.032,498.35,1.6764,2.032,521.24,23,22,-22.89,0.2032,1.143,1.9812,2.032,2.2606,2.8702,3.175,1,30,0,2
B00085,B00085_R2,209,4,4,1.0668,2.032,498.35,1.6764,2.032,521.24,23,22,-22.89,1.6764,0.2032,0.2032,1.9812,2.9464,2.9464,3.2512,2,10,1,1
B00086,B00086_R1,210,1,2,0.2032,1.9812,547.54,0.2032,1.9812,531.06,25,22,16.48,0.2032,1.143,1.0668,2.54,1.3462,1.3462,2.2606,1,20,0,1
B00086,B00086_R2,211,2,2,0.2032,1.9812,547.54,0.2032,1.9812,531.06,25,22,16.48,0.2032,0.762,1.6764,2.032,1.7272,1.7272,3.2512,1,20,1,1
B00087,B00087_R2,212,1,2,1.0668,2.54,546.64,1.6764,2.032,539.67,25,22,6.97,1.6764,2.032,0.2032,1.9812,1.1176,0.0,2.032,2,30,1,1
B00087,B00087_R1,213,2,2,1.0668,2.54,546.64,1.6764,2.032,539.67,25,22,6.97,0.2032,0.762,0.762,0.7112,2.6416,3.2512,1.1176,1,20,0,1
B00088,B00088_R1,214,1,4,0.762,0.7112,547.54,0.2032,1.9812,531.25,25,22,16.29,1.6764,0.2032,0.2032,1.9812,1.4224,3.2512,3.2512,2,30,0,2
B00088,B00088_R2,215,2,4,0.762,0.7112,547.54,0.2032,1.9812,531.25,25,22,16.29,0.2032,1.143,1.6764,0.7112,1.4986,1.3462,2.413,1,30,1,1
B00088,B00088_R1,216,3,4,0.762,0.7112,547.54,0.2032,1.9812,531.25,25,22,16.29,0.762,0.2032,0.2032,1.9812,0.508,2.3368,2.3368,2,20,0,1
B00088,B00088_R2,217,4,4,0.762,0.7112,547.54,0.2032,1.9812,531.25,25,22,16.29,1.6764,0.7112,0.2032,1.6002,1.4224,3.2512,2.8702,2,10,1,2
B00089,B00089_R1,218,1,3,0.2032,1.9812,576.1,0.2032,1.6002,549.88,26,24,26.22,0.2032,0.762,2.286,0.2032,1.7272,1.3462,2.6416,1,10,0,1
B00089,B00089_R2,219,2,3,0.2032,1.9812,576.1,0.2032,1.6002,549.88,26,24,26.22,0.2032,0.762,2.286,2.54,1.7272,1.3462,3.8608,1,30,1,2
B00089,B00089_R2,220,3,3,0.2032,1.9812,576.1,0.2032,1.6002,549.88,26,24,26.22,0.762,2.032,0.2032,1.6002,1.1176,1.4986,1.4986,2,10,1,1
B00090,B00090_R2,221,1,1,2.286,0.2032,579.52,2.286,2.54,573.61,26,25,5.91,2.54,1.143,1.6764,2.032,1.1938,1.651,2.2606,3,10,1,1
B00091,B00091_R1,222,1,1,2.286,0.2032,537.94,1.6764,2.032,555.28,24,24,-17.34,2.286,2.54,0.2032,1.9812,2.3368,1.1176,2.6416,2,30,0,1
B00092,B00092_R1,223,1,2,0.2032,1.9812,523.82,1.6764,2.032,513.7,24,22,10.12,0.2032,1.143,0.762,0.2032,1.3462,2.8702,1.4986,1,30,0,1
B00092,B00092_R2,224,2,2,0.2032,1.9812,523.82,1.6764,2.032,513.7,24,22,10.12,1.0668,2.032,1.6764,0.7112,1.4224,1.1176,2.9464,3,20,1,1
B00093,B00093_R1,225,1,3,0.762,0.2032,521.11,1.6764,0.7112,514.79,24,23,6.32,0.2032,0.762,1.6764,0.7112,1.1176,2.032,2.032,1,20,0,1
B00093,B00093_R1,226,2,3,0.762,0.2032,521.11,1.6764,0.7112,514.79,24,23,6.32,1.0668,2.54,1.0668,0.7112,3.2512,2.9464,2.9464,3,20,0,2
B00093,B00093_R2,227,3,3,0.762,0.2032,521.11,1.6764,0.7112,514.79,24,23,6.32,1.0668,2.54,0.762,0.2032,3.2512,2.9464,3.2512,3,30,1,1
B00094,B00094_R2,228,1,2,1.0668,0.7112,548.46,0.762,0.2032,525.62,25,23,22.84,0.4572,0.2032,0.2032,1.6002,1.1176,0.8128,1.651,2,30,1,1
B00094,B00094_R2,229,2,2,1.0668,0.7112,548.46,0.762,0.2032,525.62,25,23,22.84,1.0668,2.54,0.762,0.7112,2.9464,3.2512,3.2512,3,30,1,2
B00095,B00095_R1,230,1,4,1.0668,0.7112,528.83,0.762,0.7112,548.05,24,24,-19.22,0.4572,0.2032,0.2032,1.9812,1.1176,0.8128,2.032,2,10,0,2
B00095,B00095_R1,231,2,4,1.0668,0.7112,528.83,0.762,0.7112,548.05,24,24,-19.22,1.9812,2.54,0.2032,1.9812,3.2512,3.556,2.3368,2,30,0,3
B00095,B00095_R2,232,3,4,1.0668,0.7112,528.83,0.762,0.7112,548.05,24,24,-19.22,2.54,0.762,0.2032,1.6002,2.032,2.3368,3.175,2,10,1,1
B00095,B00095_R1,233,4,4,1.0668,0.7112,528.83,0.762,0.7112,548.05,24,24,-19.22,1.6764,0.7112,1.0668,0.7112,1.1176,1.4224,1.1176,3,30,0,1
B00096,B00096_R2,234,1,2,0.2032,1.9812,565.69,0.2032,1.6002,554.89,26,24,10.8,0.2032,1.143,2.54,1.6002,1.3462,0.9652,2.794,1,10,1,1
B00096,B00096_R1,235,2,2,0.2032,1.9812,565.69,0.2032,1.6002,554.89,26,24,10.8,1.9812,2.032,0.2032,1.9812,2.3368,2.7178,2.3368,2,10,0,1
B00097,B00097_R1,236,1,4,0.2032,1.9812,570.89,2.54,1.6002,555.68,26,24,15.21,1.0668,0.7112,0.2032,1.6002,2.6416,2.8702,2.2606,2,10,0,2
B00097,B00097_R2,237,2,4,0.2032,1.9812,570.89,2.54,1.6002,555.68,26,24,15.21,0.762,2.032,0.2032,1.6002,1.1176,2.7178,1.4986,2,30,1,2
B00097,B00097_R1,238,3,4,0.2032,1.9812,570.89,2.54,1.6002,555.68,26,24,15.21,0.2032,1.143,0.762,0.7112,1.3462,2.794,1.4986,1,10,0,1
B00097,B00097_R2,239,4,4,0.2032,1.9812,570.89,2.54,1.6002,555.68,26,24,15.21,1.9812,0.2032,0.2032,1.9812,3.556,1.9558,3.556,2,10,1,1
B00098,B00098_R2,240,1,3,0.2032,1.6002,586.62,0.2032,1.6002,578.43,27,25,8.19,0.2032,0.762,1.9812,0.2032,1.3462,1.3462,2.3368,1,20,1,1
B00098,B00098_R1,241,2,3,0.2032,1.6002,586.62,0.2032,1.6002,578.43,27,25,8.19,0.2032,1.143,1.6764,2.032,0.9652,0.9652,2.8702,1,30,0,1
B00098,B00098_R2,242,3,3,0.2032,1.6002,586.62,0.2032,1.6002,578.43,27,25,8.19,0.762,0.7112,0.2032,1.9812,1.9558,1.9558,2.3368,2,20,1,2
B00099,B00099_R1,243,1,1,1.6764,2.032,586.72,0.2032,1.9812,600.17,27,26,-13.45,0.2032,0.762,0.762,2.032,3.2512,1.7272,2.3368,1,20,0,1
B00100,B00100_R1,244,1,4,0.762,2.032,593.64,0.2032,1.9812,579.92,27,26,13.72,0.2032,1.143,1.0668,2.032,1.9558,1.3462,2.2606,1,30,0,2
B00100,B00100_R2,245,2,4,0.762,2.032,593.64,0.2032,1.9812,579.92,27,26,13.72,2.54,1.143,0.2032,1.6002,3.175,3.175,2.794,2,10,1,2
B00100,B00100_R1,246,3,4,0.762,2.032,593.64,0.2032,1.9812,579.92,27,26,13.72,1.0668,2.032,0.2032,1.6002,0.8128,1.4224,1.8034,2,30,0,1
B00100,B00100_R2,247,4,4,0.762,2.032,593.64,0.2032,1.9812,579.92,27,26,13.72,0.4572,2.54,0.2032,1.6002,0.8128,0.8128,1.1938,2,30,1,1
B00101,B00101_R2,248,1,1,1.0668,2.032,609.25,0.2032,1.6002,602.36,29,27,6.89,1.0668,2.54,0.2032,1.6002,0.508,1.8034,1.8034,2,20,1,1
B00102,B00102_R1,249,1,2,1.0668,2.032,590.61,0.2032,1.6002,602.75,28,27,-12.14,0.2032,0.762,1.0668,2.032,2.6416,1.3462,2.6416,1,30,0,1
B00102,B00102_R2,250,2,2,1.0668,2.032,590.61,0.2032,1.6002,602.75,28,27,-12.14,0.2032,1.143,2.54,0.762,2.2606,0.9652,2.7178,1,20,1,1
B00103,B00103_R1,251,1,4,1.0668,2.032,596.33,2.54,0.762,602.25,28,27,-5.92,0.2032,1.143,1.9812,2.032,2.2606,2.7178,3.175,1,20,0,2
B00103,B00103_R2,252,2,4,1.0668,2.032,596.33,2.54,0.762,602.25,28,27,-5.92,2.286,2.54,0.2032,1.6002,1.7272,2.032,3.0226,2,20,1,1
B00103,B00103_R2,253,3,4,1.0668,2.032,596.33,2.54,0.762,602.25,28,27,-5.92,0.2032,0.762,1.9812,0.2032,2.6416,2.9464,2.3368,1,10,1,2
B00103,B00103_R1,254,4,4,1.0668,2.032,596.33,2.54,0.762,602.25,28,27,-5.92,0.2032,1.143,1.0668,2.032,2.2606,2.7178,2.2606,1,20,0,1
B00104,B00104_R2,255,1,1,1.9812,2.032,626.6,1.9812,0.2032,626.2,29,28,0.4,2.286,0.2032,0.2032,1.6002,2.6416,0.8128,3.4798,2,30,1,1
B00105,B00105_R2,256,1,2,1.9812,2.032,604.96,0.2032,1.6002,633.9,28,29,-28.94,1.0668,0.2032,0.2032,1.9812,3.2512,2.2606,2.6416,2,20,1,1
B00105,B00105_R1,257,2,2,1.9812,2.032,604.96,0.2032,1.6002,633.9,28,29,-28.94,1.6764,0.2032,0.2032,1.9812,3.2512,2.8702,3.2512,2,10,0,1
B00106,B00106_R1,258,1,1,0.2032,1.9812,617.39,0.2032,1.9812,636.82,29,29,-19.43,1.6764,2.032,2.54,1.6002,2.032,2.032,1.8034,3,20,0,1
B00107,B00107_R1,259,1,1,2.54,1.6002,617.89,0.2032,1.9812,616.78,29,28,1.11,2.54,1.6002,0.2032,1.9812,0.0,2.7178,2.7178,2,30,0,1
B00108,B00108_R2,260,1,1,0.2032,1.9812,615.2,0.2032,1.9812,595.94,28,27,19.26,2.54,1.6002,0.2032,1.9812,2.7178,2.7178,2.7178,2,20,1,1
B00109,B00109_R1,261,1,4,0.2032,1.9812,574.52,0.2032,1.9812,583.62,26,27,-9.1,2.286,0.2032,0.2032,1.9812,3.8608,3.8608,3.8608,2,20,0,2
B00109,B00109_R2,262,2,4,0.2032,1.9812,574.52,0.2032,1.9812,583.62,26,27,-9.1,2.286,2.54,0.2032,1.9812,2.6416,2.6416,2.6416,2,10,1,2
B00109,B00109_R2,263,3,4,0.2032,1.9812,574.52,0.2032,1.9812,583.62,26,27,-9.1,0.2032,1.143,2.54,1.6002,1.3462,1.3462,2.794,1,20,1,1
B00109,B00109_R1,264,4,4,0.2032,1.9812,574.52,0.2032,1.9812,583.62,26,27,-9.1,0.2032,1.143,0.4572,0.2032,1.3462,1.3462,1.1938,1,30,0,1
B00110,B00110_R1,265,1,1,0.2032,1.9812,579.53,0.2032,1.9812,585.92,26,27,-6.39,1.6764,0.2032,0.4572,2.54,3.2512,3.2512,3.556,3,30,0,1
B00111,B00111_R2,266,1,2,0.4572,2.54,591.56,0.2032,1.9812,566.29,26,26,25.27,0.762,2.54,0.2032,1.6002,0.8128,1.1176,1.4986,2,20,1,1
B00111,B00111_R2,267,2,2,0.4572,2.54,591.56,0.2032,1.9812,566.29,26,26,25.27,2.54,0.762,1.0668,2.54,3.8608,3.556,3.2512,3,20,1,2
B00112,B00112_R1,268,1,2,0.4572,2.54,573.33,1.0668,2.54,591.45,25,26,-18.12,0.4572,2.54,0.2032,1.9812,0.0,1.1176,0.8128,2,30,0,1
B00112,B00112_R1,269,2,2,0.4572,2.54,573.33,1.0668,2.54,591.45,25,26,-18.12,1.9812,0.2032,0.2032,1.6002,3.8608,3.2512,3.175,2,30,0,2
B00113,B00113_R2,270,1,1,0.2032,1.6002,595.36,1.0668,2.54,572.62,27,25,22.74,0.4572,0.2032,0.2032,1.9812,1.651,2.9464,2.032,2,30,1,1
B00114,B00114_R2,271,1,3,0.2032,1.6002,573.61,0.2032,1.9812,577.93,26,26,-4.32,0.2032,1.143,2.286,0.2032,0.9652,1.3462,3.0226,1,30,1,1
B00114,B00114_R1,272,2,3,0.2032,1.6002,573.61,0.2032,1.9812,577.93,26,26,-4.32,0.2032,0.762,1.6764,0.7112,1.3462,1.7272,2.032,1,10,0,1
B00114,B00114_R1,273,3,3,0.2032,1.6002,573.61,0.2032,1.9812,577.93,26,26,-4.32,0.762,0.7112,0.762,2.54,1.9558,2.3368,2.9464,3,10,0,2
B00115,B00115_R2,274,1,3,0.762,2.54,596.76,2.286,0.2032,580.94,27,26,15.82,0.2032,1.143,1.0668,0.2032,1.9558,3.0226,1.8034,1,30,1,2
B00115,B00115_R1,275,2,3,0.762,2.54,596.76,2.286,0.2032,580.94,27,26,15.82,0.2032,1.143,2.286,0.2032,1.9558,3.0226,3.0226,1,20,0,1
B00115,B00115_R2,276,3,3,0.762,2.54,596.76,2.286,0.2032,580.94,27,26,15.82,0.2032,1.143,0.4572,0.2032,1.9558,3.0226,1.1938,1,30,1,1
B00116,B00116_R1,277,1,2,2.286,0.2032,601.27,1.0668,0.2032,602.68,27,27,-1.41,0.762,2.54,0.2032,1.6002,3.8608,3.2512,1.4986,2,20,0,1
B00116,B00116_R2,278,2,2,2.286,0.2032,601.27,1.0668,0.2032,602.68,27,27,-1.41,0.2032,1.143,0.4572,0.2032,3.0226,1.8034,1.1938,1,30,1,1
B00117,B00117_R2,279,1,1,0.2032,1.6002,609.3,0.4572,0.2032,599.16,27,27,10.14,0.2032,0.762,1.9812,0.2032,1.3462,0.8128,2.3368,1,30,1,1
B00118,B00118_R1,280,1,3,0.2032,1.6002,588.56,1.9812,0.2032,597.75,26,27,-9.19,0.2032,1.143,1.9812,2.032,0.9652,2.7178,3.175,1,10,0,1
B00118,B00118_R2,281,2,3,0.2032,1.6002,588.56,1.9812,0.2032,597.75,26,27,-9.19,1.9812,0.2032,0.2032,1.9812,3.175,0.0,3.556,2,30,1,1
B00118,B00118_R1,282,3,3,0.2032,1.6002,588.56,1.9812,0.2032,597.75,26,27,-9.19,2.286,2.54,0.2032,1.9812,3.0226,2.6416,2.6416,2,10,0,2
B00119,B00119_R2,283,1,3,0.2032,1.9812,608.0,0.2032,1.9812,596.96,27,27,11.04,0.2032,1.143,2.54,1.9812,1.3462,1.3462,3.175,1,20,1,2
B00119,B00119_R1,284,2,3,0.2032,1.9812,608.0,0.2032,1.9812,596.96,27,27,11.04,0.4572,2.54,2.286,0.2032,0.8128,0.8128,4.1656,3,10,0,1
B00119,B00119_R2,285,3,3,0.2032,1.9812,608.0,0.2032,1.9812,596.96,27,27,11.04,0.2032,1.143,1.0668,0.7112,1.3462,1.3462,1.8034,1,30,1,1
B00120,B00120_R2,286,1,2,2.286,0.2032,595.79,2.54,1.9812,601.05,26,28,-5.26,0.2032,1.143,0.762,0.2032,3.0226,3.175,1.4986,1,20,1,1
B00120,B00120_R1,287,2,2,2.286,0.2032,595.79,2.54,1.9812,601.05,26,28,-5.26,1.9812,0.2032,1.0668,2.54,0.8128,2.3368,3.2512,3,20,0,1
B00121,B00121_R1,288,1,3,1.0668,2.54,576.54,0.762,0.2032,584.12,26,27,-7.58,0.2032,1.143,2.286,0.2032,2.2606,1.4986,3.0226,1,10,0,1
B00121,B00121_R1,289,2,3,1.0668,2.54,576.54,0.762,0.2032,584.12,26,27,-7.58,1.9812,0.2032,0.4572,0.2032,3.2512,1.7272,2.032,3,30,0,2
B00121,B00121_R2,290,3,3,1.0668,2.54,576.54,0.762,0.2032,584.12,26,27,-7.58,0.2032,0.762,2.54,1.6002,2.6416,1.1176,3.175,1,10,1,1
B00122,B00122_R2,291,1,1,0.4572,0.2032,600.4,2.54,1.6002,587.82,26,27,12.58,0.762,0.7112,2.54,1.6002,0.8128,3.175,3.175,3,20,1,1
B00123,B00123_R1,292,1,1,0.4572,0.2032,581.27,2.54,1.6002,597.65,25,27,-16.38,0.2032,0.762,1.0668,2.032,0.8128,3.175,2.6416,1,10,0,1
B00124,B00124_R2,293,1,2,1.0668,2.032,579.77,2.54,1.6002,579.61,25,26,0.16,2.54,1.143,0.2032,1.6002,2.8702,0.9652,2.794,2,30,1,1
B00124,B00124_R1,294,2,2,1.0668,2.032,579.77,2.54,1.6002,579.61,25,26,0.16,1.0668,2.032,0.2032,1.6002,0.0,2.413,1.8034,2,30,0,1
B00125,B00125_R2,295,1,2,0.2032,1.6002,572.24,0.2032,1.6002,578.02,26,26,-5.78,1.9812,0.7112,0.2032,1.9812,3.175,3.175,3.556,2,10,1,1
B00125,B00125_R1,296,2,2,0.2032,1.6002,572.24,0.2032,1.6002,578.02,26,26,-5.78,2.286,0.2032,0.2032,1.6002,3.4798,3.4798,3.4798,2,10,0,1
B00126,B00126_R1,297,1,2,0.2032,1.6002,582.97,0.2032,1.9812,592.85,25,26,-9.88,2.54,1.143,0.2032,1.9812,2.794,3.175,3.175,2,20,0,1
B00126,B00126_R2,298,2,2,0.2032,1.6002,582.97,0.2032,1.9812,592.85,25,26,-9.88,1.0668,2.54,2.54,1.9812,1.8034,1.4224,2.032,3,30,1,1
B00127,B00127_R2,299,1,1,0.2032,1.9812,593.8,2.54,1.9812,590.54,25,26,3.26,1.6764,0.7112,0.2032,1.6002,3.2512,2.6416,2.8702,2,20,1,1
B00128,B00128_R1,300,1,3,0.2032,1.9812,574.55,0.2032,1.6002,599.17,25,26,-24.62,0.2032,0.762,1.0668,0.7112,1.7272,1.3462,1.4224,1,20,0,1
B00128,B00128_R2,301,2,3,0.2032,1.9812,574.55,0.2032,1.6002,599.17,25,26,-24.62,2.54,1.6002,1.0668,2.032,2.7178,2.3368,2.413,3,10,1,1
B00128,B00128_R1,302,3,3,0.2032,1.9812,574.55,0.2032,1.6002,599.17,25,26,-24.62,1.9812,0.2032,2.54,0.762,3.556,3.175,1.1176,3,30,0,2
B00129,B00129_R2,303,1,4,2.54,0.762,592.47,1.0668,2.032,602.88,26,26,-10.41,2.54,1.6002,0.2032,1.6002,1.3462,2.413,2.3368,2,30,1,1
B00129,B00129_R2,304,2,4,2.54,0.762,592.47,1.0668,2.032,602.88,26,26,-10.41,0.2032,1.143,0.762,2.54,2.7178,2.2606,1.9558,1,30,1,2
B00129,B00129_R1,305,3,4,2.54,0.762,592.47,1.0668,2.032,602.88,26,26,-10.41,1.9812,0.7112,0.2032,1.9812,1.1176,3.2512,3.556,2,20,0,2
B00129,B00129_R1,306,4,4,2.54,0.762,592.47,1.0668,2.032,602.88,26,26,-10.41,2.286,0.2032,1.6764,0.2032,0.8128,3.556,1.1176,3,30,0,1
B00130,B00130_R1,307,1,1,0.2032,1.9812,605.49,0.762,2.54,623.52,27,27,-18.03,1.0668,2.032,0.2032,1.9812,1.4224,0.8128,1.4224,2,30,0,1
B00131,B00131_R2,308,1,1,0.2032,1.9812,603.19,0.762,2.54,602.98,27,26,0.21,1.6764,2.032,0.762,2.032,2.032,1.4224,1.4224,3,20,1,1
B00132,B00132_R2,309,1,4,0.2032,1.9812,583.44,0.762,2.032,601.27,27,27,-17.83,1.9812,2.032,0.2032,1.6002,2.3368,1.7272,2.7178,2,10,1,1
B00132,B00132_R1,310,2,4,0.2032,1.9812,583.44,0.762,2.032,601.27,27,27,-17.83,1.9812,0.7112,0.2032,1.6002,3.556,3.556,3.175,2,20,0,2
B00132,B00132_R1,311,3,4,0.2032,1.9812,583.44,0.762,2.032,601.27,27,27,-17.83,0.2032,1.143,2.54,1.143,1.3462,1.9558,2.3368,1,20,0,1
B00132,B00132_R2,312,4,4,0.2032,1.9812,583.44,0.762,2.032,601.27,27,27,-17.83,2.286,2.54,0.2032,1.6002,2.6416,2.032,3.0226,2,10,1,2
B00133,B00133_R2,313,1,3,0.2032,1.6002,609.49,0.2032,1.6002,634.15,28,28,-24.66,0.2032,0.762,1.6764,2.032,1.3462,1.3462,3.2512,1,20,1,1
B00133,B00133_R1,314,2,3,0.2032,1.6002,609.49,0.2032,1.6002,634.15,28,28,-24.66,1.9812,0.7112,0.2032,1.6002,3.175,3.175,3.175,2,20,0,2
B00133,B00133_R1,315,3,3,0.2032,1.6002,609.49,0.2032,1.6002,634.15,28,28,-24.66,0.2032,1.143,2.286,2.54,0.9652,0.9652,3.4798,1,30,0,1
B00134,B00134_R1,316,1,3,0.2032,1.6002,641.27,1.6764,2.032,638.75,29,28,2.52,0.2032,0.762,1.6764,0.7112,1.3462,3.2512,2.032,1,10,0,2
B00134,B00134_R2,317,2,3,0.2032,1.6002,641.27,1.6764,2.032,638.75,29,28,2.52,1.9812,2.032,0.2032,1.9812,2.7178,0.8128,2.3368,2,30,1,1
B00134,B00134_R1,318,3,3,0.2032,1.6002,641.27,1.6764,2.032,638.75,29,28,2.52,0.2032,0.762,0.762,0.7112,1.3462,3.2512,1.1176,1,20,0,1
B00135,B00135_R1,319,1,4,1.6764,0.7112,650.28,0.2032,1.9812,636.14,29,28,14.14,0.762,0.2032,2.54,0.762,1.4224,2.3368,2.3368,3,10,0,1
B00135,B00135_R2,320,2,4,1.6764,0.7112,650.28,0.2032,1.9812,636.14,29,28,14.14,1.9812,2.032,0.2032,1.9812,3.2512,2.3368,2.3368,2,10,1,1
B00135,B00135_R1,321,3,4,1.6764,0.7112,650.28,0.2032,1.9812,636.14,29,28,14.14,2.54,1.143,0.2032,1.9812,1.8034,3.175,3.175,2,30,0,2
B00135,B00135_R2,322,4,4,1.6764,0.7112,650.28,0.2032,1.9812,636.14,29,28,14.14,0.762,0.2032,0.2032,1.9812,1.4224,2.3368,2.3368,2,30,1,2
B00136,B00136_R2,323,1,1,0.2032,1.9812,677.23,0.2032,1.9812,664.5,31,29,12.73,1.9812,0.2032,0.2032,1.9812,3.556,3.556,3.556,2,10,1,1
B00137,B00137_R1,324,1,1,0.2032,1.9812,658.39,0.2032,1.9812,678.93,30,29,-20.54,0.762,2.032,2.54,1.9812,1.1176,1.1176,2.3368,3,20,0,1
B00138,B00138_R1,325,1,5,2.54,1.9812,635.95,0.2032,1.9812,640.15,29,28,-4.2,1.6764,2.54,0.2032,1.9812,1.4224,2.032,2.032,2,10,0,1
B00138,B00138_R2,326,2,5,2.54,1.9812,635.95,0.2032,1.9812,640.15,29,28,-4.2,0.762,2.54,0.2032,1.6002,2.3368,1.1176,1.4986,2,10,1,1
B00138,B00138_R2,327,3,5,2.54,1.9812,635.95,0.2032,1.9812,640.15,29,28,-4.2,0.2032,0.762,1.6764,2.54,3.556,1.7272,3.2512,1,10,1,3
B00138,B00138_R2,328,4,5,2.54,1.9812,635.95,0.2032,1.9812,640.15,29,28,-4.2,0.2032,1.143,1.0668,0.2032,3.175,1.3462,1.8034,1,30,1,2
B00138,B00138_R1,329,5,5,2.54,1.9812,635.95,0.2032,1.9812,640.15,29,28,-4.2,0.2032,1.143,1.9812,2.032,3.175,1.3462,3.175,1,30,0,2
B00139,B00139_R1,330,1,3,1.9812,2.032,638.25,1.6764,2.54,654.98,30,29,-16.73,1.9812,2.54,0.2032,1.6002,0.508,0.8128,2.7178,2,10,0,1
B00139,B00139_R2,331,2,3,1.9812,2.032,638.25,1.6764,2.54,654.98,30,29,-16.73,1.9812,0.7112,0.2032,1.6002,2.9464,3.2512,3.175,2,10,1,1
B00139,B00139_R1,332,3,3,1.9812,2.032,638.25,1.6764,2.54,654.98,30,29,-16.73,0.762,0.7112,0.2032,1.6002,3.556,3.2512,1.9558,2,20,0,2
B00140,B00140_R1,333,1,1,0.2032,1.6002,658.48,0.2032,1.6002,668.71,31,29,-10.23,0.2032,0.762,0.762,0.7112,1.3462,1.3462,1.1176,1,30,0,1
B00141,B00141_R2,334,1,4,0.762,0.7112,656.77,0.2032,1.6002,646.07,31,28,10.7,0.4572,2.54,0.762,2.032,2.6416,1.1938,0.8128,3,20,1,1
B00141,B00141_R2,335,2,4,0.762,0.7112,656.77,0.2032,1.6002,646.07,31,28,10.7,2.54,1.143,0.2032,1.6002,2.7178,2.794,2.794,2,20,1,3
B00141,B00141_R2,336,3,4,0.762,0.7112,656.77,0.2032,1.6002,646.07,31,28,10.7,0.4572,2.54,2.54,0.762,2.6416,1.1938,3.8608,3,20,1,2
B00141,B00141_R1,337,4,4,0.762,0.7112,656.77,0.2032,1.6002,646.07,31,28,10.7,0.2032,1.143,1.6764,2.032,1.4986,0.9652,2.8702,1,20,0,1
B00142,B00142_R1,338,1,2,1.6764,2.032,656.57,0.2032,1.6002,684.75,31,30,-28.18,0.2032,0.762,1.0668,0.7112,3.2512,1.3462,1.4224,1,10,0,1
B00142,B00142_R1,339,2,2,1.6764,2.032,656.57,0.2032,1.6002,684.75,31,30,-28.18,0.2032,1.143,1.0668,2.54,2.8702,0.9652,2.2606,1,30,0,2
B00143,B00143_R2,340,1,1,1.0668,2.54,681.42,0.2032,1.6002,664.62,32,29,16.8,2.54,1.143,0.762,0.7112,2.8702,2.794,2.7178,3,20,1,1
B00144,B00144_R1,341,1,2,1.0668,2.54,659.08,0.762,0.7112,673.24,31,29,-14.16,2.54,1.143,0.2032,1.9812,2.8702,2.7178,3.175,2,30,0,1
B00144,B00144_R2,342,2,2,1.0668,2.54,659.08,0.762,0.7112,673.24,31,29,-14.16,0.4572,0.2032,0.2032,1.9812,2.9464,0.8128,2.032,2,20,1,1
B00145,B00145_R1,343,1,2,0.2032,1.9812,669.3,0.2032,1.9812,670.24,31,29,-0.94,0.2032,0.762,2.54,0.762,1.7272,1.7272,2.9464,1,30,0,1
B00145,B00145_R2,344,2,2,0.2032,1.9812,669.3,0.2032,1.9812,670.24,31,29,-0.94,0.4572,2.54,1.6764,2.54,0.8128,0.8128,1.7272,3,30,1,1
B00146,B00146_R1,345,1,3,2.54,0.762,678.42,1.6764,2.54,666.03,32,29,12.39,1.6764,0.2032,0.2032,1.6002,1.4224,2.9464,2.8702,2,30,0,1
B00146,B00146_R2,346,2,3,2.54,0.762,678.42,1.6764,2.54,666.03,32,29,12.39,0.2032,1.143,2.54,1.143,2.7178,2.8702,2.3368,1,30,1,1
B00146,B00146_R2,347,3,3,2.54,0.762,678.42,1.6764,2.54,666.03,32,29,12.39,0.2032,0.762,2.54,0.762,2.9464,3.2512,2.9464,1,10,1,2
B00147,B00147_R1,348,1,3,0.2032,1.6002,678.72,2.54,0.762,702.1,32,30,-23.38,0.2032,0.762,0.762,0.7112,1.3462,2.9464,1.1176,1,20,0,2
B00147,B00147_R1,349,2,3,0.2032,1.6002,678.72,2.54,0.762,702.1,32,30,-23.38,0.4572,2.54,0.2032,1.6002,1.1938,3.8608,1.1938,2,30,0,1
B00147,B00147_R2,350,3,3,0.2032,1.6002,678.72,2.54,0.762,702.1,32,30,-23.38,1.6764,2.032,0.2032,1.9812,2.413,2.6416,2.032,2,30,1,1
B00148,B00148_R1,351,1,3,0.762,0.7112,691.22,0.2032,1.9812,704.21,33,30,-12.99,0.2032,0.762,2.54,0.762,1.1176,1.7272,2.9464,1,30,0,1
B00148,B00148_R2,352,2,3,0.762,0.7112,691.22,0.2032,1.9812,704.21,33,30,-12.99,0.4572,2.54,0.2032,1.6002,2.6416,0.8128,1.1938,2,30,1,1
B00148,B00148_R1,353,3,3,0.762,0.7112,691.22,0.2032,1.9812,704.21,33,30,-12.99,1.9812,0.2032,0.2032,1.6002,1.7272,3.556,3.175,2,20,0,2
B00149,B00149_R1,354,1,4,0.2032,1.6002,715.06,0.2032,1.6002,697.39,34,30,17.67,1.6764,0.2032,0.2032,1.9812,2.8702,2.8702,3.2512,2,10,0,2
B00149,B00149_R2,355,2,4,0.2032,1.6002,715.06,0.2032,1.6002,697.39,34,30,17.67,0.762,2.032,0.2032,1.9812,1.4986,1.4986,1.1176,2,10,1,1
B00149,B00149_R2,356,3,4,0.2032,1.6002,715.06,0.2032,1.6002,697.39,34,30,17.67,2.54,1.9812,0.2032,1.6002,2.7178,2.7178,2.7178,2,30,1,2
B00149,B00149_R1,357,4,4,0.2032,1.6002,715.06,0.2032,1.6002,697.39,34,30,17.67,0.2032,0.762,1.6764,0.7112,1.3462,1.3462,2.032,1,10,0,1
B00150,B00150_R2,358,1,3,0.2032,1.9812,738.01,0.2032,1.6002,723.13,35,32,14.88,0.2032,1.143,1.6764,0.2032,1.3462,0.9652,2.413,1,20,1,1
B00150,B00150_R1,359,2,3,0.2032,1.9812,738.01,0.2032,1.6002,723.13,35,32,14.88,0.2032,0.762,2.54,1.6002,1.7272,1.3462,3.175,1,20,0,1
B00150,B00150_R2,360,3,3,0.2032,1.9812,738.01,0.2032,1.6002,723.13,35,32,14.88,2.286,0.2032,0.2032,1.6002,3.8608,3.4798,3.4798,2,20,1,2
B00151,B00151_R2,361,1,3,2.54,1.6002,740.52,0.2032,1.6002,746.69,35,33,-6.17,0.2032,0.762,0.762,0.2032,3.175,1.3462,1.1176,1,30,1,1
B00151,B00151_R1,362,2,3,2.54,1.6002,740.52,0.2032,1.6002,746.69,35,33,-6.17,1.0668,2.54,2.54,1.6002,2.413,1.8034,2.413,3,10,0,1
B00151,B00151_R2,363,3,3,2.54,1.6002,740.52,0.2032,1.6002,746.69,35,33,-6.17,0.2032,0.762,1.6764,2.54,3.175,1.3462,3.2512,1,10,1,2
B00152,B00152_R1,364,1,1,2.54,1.6002,724.39,1.6764,2.54,744.07,34,34,-19.68,0.2032,1.143,2.54,0.762,2.794,2.8702,2.7178,1,20,0,1
B00153,B00153_R1,365,1,3,2.54,0.762,732.71,1.6764,2.54,723.43,35,33,9.28,2.54,1.143,1.0668,2.032,0.889,2.2606,2.8702,3,30,0,1
B00153,B00153_R2,366,2,3,2.54,0.762,732.71,1.6764,2.54,723.43,35,33,9.28,2.286,2.54,0.2032,1.9812,2.032,1.1176,2.6416,2,20,1,1
B00153,B00153_R2,367,3,3,2.54,0.762,732.71,1.6764,2.54,723.43,35,33,9.28,0.762,0.2032,0.2032,1.6002,2.3368,3.2512,1.9558,2,30,1,2
B00154,B00154_R2,368,1,2,1.0668,2.032,732.41,0.2032,1.6002,748.57,35,34,-16.16,0.2032,1.143,1.0668,2.54,2.2606,0.9652,2.2606,1,30,1,1
B00154,B00154_R1,369,2,2,1.0668,2.032,732.41,0.2032,1.6002,748.57,35,34,-16.16,2.54,1.143,0.2032,1.6002,2.8702,2.794,2.794,2,30,0,1
B00155,B00155_R1,370,1,1,0.2032,1.6002,738.33,1.0668,2.54,745.96,34,34,-7.63,2.286,0.2032,0.4572,2.54,3.4798,3.556,4.1656,3,10,0,1
B00156,B00156_R2,371,1,1,0.4572,2.54,757.68,1.0668,2.54,725.52,34,33,32.16,1.9812,2.032,0.2032,1.9812,2.032,1.4224,2.3368,2,10,1,1
B00157,B00157_R1,372,1,2,0.4572,2.54,736.64,0.2032,1.9812,726.52,33,33,10.12,0.2032,0.762,2.54,0.762,2.032,1.7272,2.9464,1,20,0,1
B00157,B00157_R2,373,2,2,0.4572,2.54,736.64,0.2032,1.9812,726.52,33,33,10.12,2.54,1.6002,0.2032,1.6002,3.0226,2.7178,2.3368,2,20,1,1
B00158,B00158_R2,374,1,4,2.54,0.762,741.75,0.2032,1.6002,732.73,33,33,9.02,0.2032,0.762,2.54,1.143,2.9464,1.3462,2.7178,1,20,1,1
B00158,B00158_R2,375,2,4,2.54,0.762,741.75,0.2032,1.6002,732.73,33,33,9.02,2.54,1.143,0.2032,1.9812,0.889,2.794,3.175,2,30,1,2
B00158,B00158_R1,376,3,4,2.54,0.762,741.75,0.2032,1.6002,732.73,33,33,9.02,0.762,2.54,0.2032,1.6002,3.556,1.4986,1.4986,2,10,0,2
B00158,B00158_R1,377,4,4,2.54,0.762,741.75,0.2032,1.6002,732.73,33,33,9.02,1.0668,0.7112,0.4572,2.54,2.032,2.2606,2.9464,3,30,0,1
B00159,B00159_R2,378,1,1,0.2032,1.6002,762.58,0.2032,1.9812,752.46,34,34,10.12,0.2032,1.143,2.286,0.2032,0.9652,1.3462,3.0226,1,30,1,1
B00160,B00160_R1,379,1,1,0.2032,1.6002,741.84,2.286,0.2032,756.98,33,34,-15.14,0.2032,0.762,1.9812,2.032,1.3462,2.6416,3.556,1,20,0,1
B00161,B00161_R2,380,1,1,1.9812,2.032,747.64,2.286,0.2032,735.73,34,34,11.91,2.286,0.2032,1.6764,0.7112,2.6416,0.0,1.1176,3,30,1,1
B00162,B00162_R2,381,1,3,1.9812,2.032,726.8,1.6764,0.7112,725.9,33,34,0.9,0.762,0.2032,0.2032,1.9812,3.556,1.4224,2.3368,2,10,1,2
B00162,B00162_R2,382,2,3,1.9812,2.032,726.8,1.6764,0.7112,725.9,33,34,0.9,2.286,0.2032,0.4572,0.2032,2.6416,1.1176,2.3368,3,30,1,1
B00162,B00162_R1,383,3,3,1.9812,2.032,726.8,1.6764,0.7112,725.9,33,34,0.9,0.762,2.032,1.0668,0.7112,1.7272,3.2512,3.2512,3,30,0,1
B00163,B00163_R1,384,1,5,1.0668,0.7112,712.58,0.2032,1.9812,724.79,32,34,-12.21,2.54,1.143,1.9812,2.032,2.413,3.175,1.9558,3,20,0,2
B00163,B00163_R1,385,2,5,1.0668,0.7112,712.58,0.2032,1.9812,724.79,32,34,-12.21,1.0668,0.2032,2.54,1.6002,0.508,2.6416,2.8702,3,20,0,1
B00163,B00163_R2,386,3,5,1.0668,0.7112,712.58,0.2032,1.9812,724.79,32,34,-12.21,0.2032,1.143,0.4572,0.2032,1.8034,1.3462,1.1938,1,10,1,1
B00163,B00163_R2,387,4,5,1.0668,0.7112,712.58,0.2032,1.9812,724.79,32,34,-12.21,0.2032,0.762,1.9812,0.7112,1.4224,1.7272,2.3368,1,10,1,2
B00163,B00163_R1,388,5,5,1.0668,0.7112,712.58,0.2032,1.9812,724.79,32,34,-12.21,0.2032,1.143,0.4572,2.54,1.8034,1.3462,1.651,1,30,0,3
B00164,B00164_R1,389,1,3,0.4572,2.54,754.86,1.9812,0.7112,738.21,34,35,16.65,1.6764,2.54,0.2032,1.6002,1.7272,3.2512,2.413,2,30,0,1
B00164,B00164_R2,390,2,3,0.4572,2.54,754.86,1.9812,0.7112,738.21,34,35,16.65,1.6764,0.7112,0.2032,1.6002,3.556,0.8128,2.8702,2,10,1,1
B00164,B00164_R2,391,3,3,0.4572,2.54,754.86,1.9812,0.7112,738.21,34,35,16.65,0.762,2.032,1.9812,2.54,0.8128,3.556,1.7272,3,30,1,2
B00165,B00165_R1,392,1,3,0.2032,1.6002,756.67,1.9812,2.54,756.35,34,36,0.32,2.54,0.762,0.762,0.7112,3.175,2.3368,2.3368,3,30,0,2
B00165,B00165_R1,393,2,3,0.2032,1.6002,756.67,1.9812,2.54,756.35,34,36,0.32,0.762,0.2032,0.4572,0.2032,1.9558,3.556,0.8128,3,20,0,1
B00165,B00165_R2,394,3,3,0.2032,1.6002,756.67,1.9812,2.54,756.35,34,36,0.32,1.6764,2.54,0.2032,1.9812,2.413,0.8128,2.032,2,30,1,1
B00166,B00166_R2,395,1,4,0.762,0.7112,779.31,0.2032,1.9812,755.64,35,37,23.67,1.6764,0.2032,0.2032,1.9812,1.4224,3.2512,3.2512,2,10,1,3
B00166,B00166_R1,396,2,4,0.762,0.7112,779.31,0.2032,1.9812,755.64,35,37,23.67,0.2032,1.143,2.54,1.9812,1.4986,1.3462,3.175,1,20,0,1
B00166,B00166_R2,397,3,4,0.762,0.7112,779.31,0.2032,1.9812,755.64,35,37,23.67,1.0668,2.54,0.2032,1.6002,3.2512,1.4224,1.8034,2,20,1,1
B00166,B00166_R2,398,4,4,0.762,0.7112,779.31,0.2032,1.9812,755.64,35,37,23.67,0.2032,0.762,1.9812,0.7112,1.1176,1.7272,2.3368,1,30,1,2
B00167,B00167_R2,399,1,3,2.54,1.9812,782.91,0.2032,1.9812,794.9,35,39,-11.99,0.2032,1.143,2.54,1.6002,3.175,1.3462,2.794,1,10,1,1
B00167,B00167_R1,400,2,3,2.54,1.9812,782.91,0.2032,1.9812,794.9,35,39,-11.99,1.6764,2.54,0.2032,1.9812,1.4224,2.032,2.032,2,30,0,2
B00167,B00167_R1,401,3,3,2.54,1.9812,782.91,0.2032,1.9812,794.9,35,39,-11.99,2.54,1.9812,0.2032,1.9812,0.0,2.9464,2.9464,2,30,0,1
B00168,B00168_R2,402,1,1,0.2032,1.9812,803.85,2.54,1.6002,796.4,36,39,7.45,1.0668,2.54,1.9812,2.032,1.4224,2.413,1.4224,3,10,1,1
B00169,B00169_R2,403,1,3,0.2032,1.9812,782.71,1.9812,2.032,800.61,35,39,-17.9,2.54,1.6002,0.762,0.2032,2.7178,1.4986,3.175,3,30,1,1
B00169,B00169_R1,404,2,3,0.2032,1.9812,782.71,1.9812,2.032,800.61,35,39,-17.9,1.0668,0.2032,0.2032,1.6002,2.6416,3.2512,2.2606,2,10,0,2
B00169,B00169_R1,405,3,3,0.2032,1.9812,782.71,1.9812,2.032,800.61,35,39,-17.9,2.54,1.6002,1.9812,0.2032,2.7178,1.4986,1.9558,3,10,0,1
B00170,B00170_R1,406,1,3,0.2032,1.6002,809.66,0.762,0.2032,801.71,36,39,7.95,2.54,1.6002,0.2032,1.9812,2.3368,3.175,2.7178,2,30,0,2
B00170,B00170_R2,407,2,3,0.2032,1.6002,809.66,0.762,0.2032,801.71,36,39,7.95,2.286,0.2032,0.2032,1.9812,3.4798,2.032,3.8608,2,10,1,1
B00170,B00170_R1,408,3,3,0.2032,1.6002,809.66,0.762,0.2032,801.71,36,39,7.95,2.286,2.54,2.54,1.6002,3.0226,3.8608,1.1938,3,30,0,1
B00171,B00171_R2,409,1,1,0.2032,1.9812,825.99,0.2032,1.9812,810.43,37,39,15.56,0.2032,1.143,1.6764,2.54,1.3462,1.3462,2.8702,1,10,1,1
B00172,B00172_R2,410,1,3,0.2032,1.9812,807.85,1.6764,2.54,812.94,36,39,-5.09,2.286,0.2032,0.2032,1.6002,3.8608,2.9464,3.4798,2,20,1,1
B00172,B00172_R1,411,2,3,0.2032,1.9812,807.85,1.6764,2.54,812.94,36,39,-5.09,0.2032,0.762,0.762,2.032,1.7272,3.2512,2.3368,1,10,0,1
B00172,B00172_R1,412,3,3,0.2032,1.9812,807.85,1.6764,2.54,812.94,36,39,-5.09,1.6764,0.2032,0.2032,1.6002,3.2512,2.9464,2.8702,2,30,0,2
B00173,B00173_R1,413,1,3,0.2032,1.6002,838.2,0.2032,1.6002,824.56,37,39,13.64,0.2032,1.143,2.286,2.54,0.9652,0.9652,3.4798,1,30,0,1
B00173,B00173_R2,414,2,3,0.2032,1.6002,838.2,0.2032,1.6002,824.56,37,39,13.64,0.2032,1.143,2.54,1.143,0.9652,0.9652,2.3368,1,20,1,1
B00173,B00173_R2,415,3,3,0.2032,1.6002,838.2,0.2032,1.6002,824.56,37,39,13.64,0.2032,1.143,1.9812,2.032,0.9652,0.9652,3.175,1,30,1,2
B00174,B00174_R1,416,1,1,2.286,2.54,841.52,1.9812,2.032,850.51,37,40,-8.99,0.762,2.032,0.2032,1.6002,2.032,1.7272,1.4986,2,20,0,1
B00175,B00175_R2,417,1,4,0.2032,1.6002,840.62,1.9812,2.032,830.77,37,40,9.85,1.0668,2.032,2.286,2.54,1.8034,1.4224,1.7272,3,20,1,1
B00175,B00175_R1,418,2,4,0.2032,1.6002,840.62,1.9812,2.032,830.77,37,40,9.85,0.2032,1.143,1.0668,2.54,0.9652,3.175,2.2606,1,10,0,2
B00175,B00175_R1,419,3,4,0.2032,1.6002,840.62,1.9812,2.032,830.77,37,40,9.85,0.2032,1.143,0.4572,0.2032,0.9652,3.175,1.1938,1,20,0,1
B00175,B00175_R2,420,4,4,0.2032,1.6002,840.62,1.9812,2.032,830.77,37,40,9.85,2.54,1.6002,0.2032,1.9812,2.3368,1.4986,2.7178,2,10,1,2
B00176,B00176_R2,421,1,2,1.0668,2.54,855.34,0.2032,1.9812,848.2,39,40,7.14,0.2032,0.762,2.54,0.762,2.6416,1.7272,2.9464,1,20,1,1
B00176,B00176_R1,422,2,2,1.0668,2.54,855.34,0.2032,1.9812,848.2,39,40,7.14,0.762,2.032,2.54,1.9812,0.8128,1.1176,2.3368,3,30,0,1
B00177,B00177_R2,423,1,1,2.54,1.9812,852.63,2.54,0.762,854.42,39,40,-1.79,1.0668,0.2032,0.2032,1.6002,3.2512,2.032,2.2606,2,30,1,1
B00178,B00178_R1,424,1,1,2.54,1.9812,832.99,0.2032,1.6002,857.01,38,41,-24.02,0.2032,0.762,2.286,2.54,3.556,1.3462,3.8608,1,10,0,1
B00179,B00179_R2,425,1,1,2.286,2.54,847.44,0.2032,1.6002,837.07,38,40,10.37,0.2032,1.143,0.762,0.2032,3.4798,0.9652,1.4986,1,10,1,1
B00180,B00180_R1,426,1,1,2.286,2.54,825.0,0.762,0.2032,832.16,36,40,-7.16,1.6764,0.2032,0.2032,1.9812,2.9464,1.4224,3.2512,2,20,0,1
B00181,B00181_R2,427,1,2,0.2032,1.9812,837.42,0.762,0.2032,812.72,37,39,24.7,0.2032,1.143,1.0668,2.54,1.3462,1.4986,2.2606,1,20,1,2
B00181,B00181_R2,428,2,2,0.2032,1.9812,837.42,0.762,0.2032,812.72,37,39,24.7,1.6764,0.7112,0.2032,1.9812,3.2512,1.4224,3.2512,2,10,1,1
B00182,B00182_R2,429,1,3,0.2032,1.9812,818.09,1.0668,2.54,836.78,36,40,-18.69,1.6764,2.032,0.2032,1.9812,2.032,1.1176,2.032,2,10,1,1
B00182,B00182_R1,430,2,3,0.2032,1.9812,818.09,1.0668,2.54,836.78,36,40,-18.69,0.762,0.7112,0.2032,1.6002,2.3368,3.2512,1.9558,2,20,0,1
B00182,B00182_R1,431,3,3,0.2032,1.9812,818.09,1.0668,2.54,836.78,36,40,-18.69,2.54,0.762,0.2032,1.6002,3.556,3.2512,3.175,2,20,0,2
B00183,B00183_R2,432,1,1,0.2032,1.6002,851.56,0.2032,1.9812,837.17,37,40,14.39,1.6764,2.032,0.2032,1.6002,2.413,2.032,2.413,2,10,1,1
B00184,B00184_R1,433,1,2,0.2032,1.6002,833.43,0.2032,1.6002,840.18,36,40,-6.75,2.54,1.6002,1.9812,0.2032,2.3368,2.3368,1.9558,3,30,0,1
B00184,B00184_R2,434,2,2,0.2032,1.6002,833.43,0.2032,1.6002,840.18,36,40,-6.75,1.0668,2.032,0.2032,1.6002,1.8034,1.8034,1.8034,2,20,1,1
B00185,B00185_R2,435,1,4,1.9812,0.2032,813.38,0.2032,1.6002,817.93,35,39,-4.55,1.6764,0.2032,0.2032,1.9812,0.8128,2.8702,3.2512,2,20,1,2
B00185,B00185_R1,436,2,4,1.9812,0.2032,813.38,0.2032,1.6002,817.93,35,39,-4.55,0.762,0.7112,1.0668,0.7112,1.7272,1.9558,0.8128,3,20,0,1
B00185,B00185_R2,437,3,4,1.9812,0.2032,813.38,0.2032,1.6002,817.93,35,39,-4.55,0.2032,0.762,1.6764,0.2032,2.3368,1.3462,2.032,1,20,1,1
B00185,B00185_R1,438,4,4,1.9812,0.2032,813.38,0.2032,1.6002,817.93,35,39,-4.55,1.6764,2.032,0.2032,1.6002,3.2512,2.413,2.413,2,20,0,2
B00186,B00186_R1,439,1,1,0.2032,1.6002,837.23,0.2032,1.9812,838.76,36,40,-1.53,0.2032,0.762,1.6764,0.2032,1.3462,1.7272,2.032,1,10,0,1
B00187,B00187_R2,440,1,2,1.6764,0.2032,835.62,0.2032,1.9812,816.52,37,39,19.1,0.2032,1.143,1.6764,2.032,2.413,1.3462,2.8702,1,30,1,1
B00187,B00187_R1,441,2,2,1.6764,0.2032,835.62,0.2032,1.9812,816.52,37,39,19.1,0.2032,0.762,2.286,0.2032,2.032,1.7272,2.6416,1,30,0,1
B00188,B00188_R2,442,1,3,2.286,0.2032,840.44,1.6764,2.032,819.23,37,39,21.21,0.2032,0.762,0.762,0.7112,2.6416,3.2512,1.1176,1,20,1,1
B00188,B00188_R1,443,2,3,2.286,0.2032,840.44,1.6764,2.032,819.23,37,39,21.21,2.54,1.143,0.2032,1.6002,1.1938,2.2606,2.794,2,30,0,1
B00188,B00188_R2,444,3,3,2.286,0.2032,840.44,1.6764,2.032,819.23,37,39,21.21,1.0668,0.7112,0.2032,1.6002,1.7272,2.9464,2.2606,2,20,1,2
B00189,B00189_R2,445,1,2,0.2032,1.6002,841.64,0.2032,1.6002,839.17,37,40,2.47,1.6764,2.54,2.54,0.762,2.413,2.413,2.6416,3,30,1,1
B00189,B00189_R1,446,2,2,0.2032,1.6002,841.64,0.2032,1.6002,839.17,37,40,2.47,1.0668,0.7112,0.2032,1.9812,2.2606,2.2606,2.6416,2,10,0,1
B00190,B00190_R2,447,1,4,0.2032,1.9812,828.1,2.54,0.762,825.55,37,39,2.55,2.54,1.143,0.2032,1.9812,3.175,0.889,3.175,2,10,1,1
B00190,B00190_R1,448,2,4,0.2032,1.9812,828.1,2.54,0.762,825.55,37,39,2.55,1.9812,0.2032,0.2032,1.9812,3.556,1.1176,3.556,2,10,0,2
B00190,B00190_R2,449,3,4,0.2032,1.9812,828.1,2.54,0.762,825.55,37,39,2.55,0.2032,1.143,1.9812,2.032,1.3462,2.7178,3.175,1,30,1,2
B00190,B00190_R1,450,4,4,0.2032,1.9812,828.1,2.54,0.762,825.55,37,39,2.55,0.2032,1.143,0.762,0.2032,1.3462,2.7178,1.4986,1,30,0,1
B00191,B00191_R1,451,1,1,0.2032,1.9812,849.85,1.9812,2.032,850.49,38,41,-0.64,0.762,2.032,0.2032,1.9812,1.1176,1.7272,1.1176,2,30,0,1
B00192,B00192_R1,452,1,4,0.2032,1.9812,845.23,1.9812,2.032,832.06,38,40,13.17,0.2032,1.143,0.4572,0.2032,1.3462,3.175,1.1938,1,20,0,1
B00192,B00192_R1,453,2,4,0.2032,1.9812,845.23,1.9812,2.032,832.06,38,40,13.17,1.9812,0.2032,0.2032,1.6002,3.556,2.9464,3.175,2,30,0,2
B00192,B00192_R2,454,3,4,0.2032,1.9812,845.23,1.9812,2.032,832.06,38,40,13.17,1.9812,0.7112,0.2032,1.6002,3.556,2.9464,3.175,2,20,1,2
B00192,B00192_R2,455,4,4,0.2032,1.9812,845.23,1.9812,2.032,832.06,38,40,13.17,0.2032,1.143,0.4572,0.2032,1.3462,3.175,1.1938,1,10,1,1
B00193,B00193_R2,456,1,1,0.2032,1.6002,866.97,0.2032,1.6002,861.23,39,41,5.74,0.4572,0.2032,0.2032,1.9812,1.651,1.651,2.032,2,10,1,1
B00194,B00194_R1,457,1,2,0.2032,1.6002,847.54,0.2032,1.9812,863.33,38,41,-15.79,2.54,1.143,0.2032,1.9812,2.794,3.175,3.175,2,10,0,1
B00194,B00194_R2,458,2,2,0.2032,1.6002,847.54,0.2032,1.9812,863.33,38,41,-15.79,2.54,1.9812,0.2032,1.9812,2.7178,2.9464,2.9464,2,20,1,1
B00195,B00195_R1,459,1,3,0.2032,1.9812,816.07,0.2032,1.9812,829.48,37,38,-13.41,0.2032,1.143,0.762,2.032,1.3462,1.3462,1.9558,1,30,0,1
B00195,B00195_R2,460,2,3,0.2032,1.9812,816.07,0.2032,1.9812,829.48,37,38,-13.41,0.4572,0.2032,2.54,1.6002,2.032,2.032,3.4798,3,20,1,1
B00195,B00195_R1,461,3,3,0.2032,1.9812,816.07,0.2032,1.9812,829.48,37,38,-13.41,0.2032,1.143,1.9812,0.7112,1.3462,1.3462,2.7178,1,10,0,2
B00196,B00196_R2,462,1,2,1.9812,0.7112,838.02,2.54,1.6002,837.11,37,38,0.91,0.2032,0.762,1.9812,0.7112,2.3368,3.175,2.3368,1,20,1,1
B00196,B00196_R1,463,2,2,1.9812,0.7112,838.02,2.54,1.6002,837.11,37,38,0.91,1.9812,0.2032,1.9812,0.7112,0.508,1.9558,0.508,3,20,0,1
B00197,B00197_R1,464,1,1,1.9812,0.7112,828.19,1.9812,0.7112,846.43,38,38,-18.24,0.2032,0.762,0.762,2.032,2.3368,2.3368,2.3368,1,20,0,1
B00198,B00198_R2,465,1,4,0.762,2.032,832.7,1.9812,0.7112,824.4,38,37,8.3,0.4572,2.54,2.286,0.2032,0.8128,3.8608,4.1656,3,20,1,2
B00198,B00198_R2,466,2,4,0.762,2.032,832.7,1.9812,0.7112,824.4,38,37,8.3,1.9812,0.7112,0.2032,1.9812,3.556,0.0,3.556,2,20,1,1
B00198,B00198_R1,467,3,4,0.762,2.032,832.7,1.9812,0.7112,824.4,38,37,8.3,1.0668,2.032,1.0668,0.7112,0.8128,3.2512,2.9464,3,20,0,1
B00198,B00198_R1,468,4,4,0.762,2.032,832.7,1.9812,0.7112,824.4,38,37,8.3,0.2032,1.143,1.0668,2.54,1.9558,2.7178,2.2606,1,20,0,2
B00199,B00199_R2,469,1,3,1.0668,2.54,856.25,2.286,0.2032,850.45,39,38,5.8,0.2032,0.762,1.6764,2.54,2.6416,2.6416,3.2512,1,10,1,1
B00199,B00199_R1,470,2,3,1.0668,2.54,856.25,2.286,0.2032,850.45,39,38,5.8,1.0668,2.54,0.2032,1.6002,0.0,3.556,1.8034,2,10,0,1
B00199,B00199_R1,471,3,3,1.0668,2.54,856.25,2.286,0.2032,850.45,39,38,5.8,1.0668,2.032,0.2032,1.6002,0.508,3.556,1.8034,2,20,0,2
B00200,B00200_R1,472,1,3,0.2032,1.6002,868.77,1.6764,2.54,858.57,40,38,10.2,1.0668,0.7112,2.286,2.54,2.2606,2.9464,3.556,3,10,0,1
B00200,B00200_R2,473,2,3,0.2032,1.6002,868.77,1.6764,2.54,858.57,40,38,10.2,1.6764,0.7112,0.2032,1.6002,2.8702,2.9464,2.8702,2,30,1,2
B00200,B00200_R2,474,3,3,0.2032,1.6002,868.77,1.6764,2.54,858.57,40,38,10.2,1.0668,2.032,2.286,2.54,1.8034,1.1176,1.7272,3,10,1,1
B00201,B00201_R2,475,1,1,2.286,2.54,877.79,0.2032,1.6002,885.43,40,39,-7.64,0.2032,1.143,0.4572,2.54,3.4798,0.9652,1.651,1,10,1,1
B00202,B00202_R1,476,1,2,2.286,2.54,858.05,0.4572,2.54,883.63,39,39,-25.58,0.2032,1.143,2.54,1.6002,3.4798,1.651,2.794,1,30,0,2
B00202,B00202_R1,477,2,2,2.286,2.54,858.05,0.4572,2.54,883.63,39,39,-25.58,2.54,1.6002,0.2032,1.6002,1.1938,3.0226,2.3368,2,10,0,1
B00203,B00203_R2,478,1,1,2.54,1.6002,878.39,0.4572,2.54,863.39,40,38,15.0,2.286,2.54,0.2032,1.9812,1.1938,2.3368,2.6416,2,10,1,1
B00204,B00204_R1,479,1,5,2.54,1.6002,858.25,0.2032,1.9812,868.29,39,38,-10.04,0.2032,0.762,1.9812,0.2032,3.175,1.7272,2.3368,1,10,0,2
B00204,B00204_R2,480,2,5,2.54,1.6002,858.25,0.2032,1.9812,868.29,39,38,-10.04,0.2032,1.143,1.9812,0.7112,2.794,1.3462,2.7178,1,30,1,3
B00204,B00204_R2,481,3,5,2.54,1.6002,858.25,0.2032,1.9812,868.29,39,38,-10.04,0.2032,1.143,0.762,2.54,2.794,1.3462,1.9558,1,10,1,1
B00204,B00204_R1,482,4,5,2.54,1.6002,858.25,0.2032,1.9812,868.29,39,38,-10.04,1.9812,2.54,1.0668,0.2032,1.4986,2.3368,3.2512,3,20,0,1
B00204,B00204_R2,483,5,5,2.54,1.6002,858.25,0.2032,1.9812,868.29,39,38,-10.04,0.762,2.032,0.2032,1.6002,2.7178,1.1176,1.4986,2,20,1,2
B00205,B00205_R1,484,1,1,1.9812,0.2032,883.3,1.9812,0.7112,900.25,40,40,-16.95,0.762,0.7112,0.2032,1.9812,1.7272,1.7272,2.3368,2,30,0,1
B00206,B00206_R1,485,1,4,0.2032,1.9812,886.01,1.9812,0.7112,879.91,40,39,6.1,0.2032,1.143,1.0668,2.032,1.3462,2.7178,2.2606,1,30,0,2
B00206,B00206_R2,486,2,4,0.2032,1.9812,886.01,1.9812,0.7112,879.91,40,39,6.1,0.2032,1.143,1.6764,2.54,1.3462,2.7178,2.8702,1,10,1,2
B00206,B00206_R2,487,3,4,0.2032,1.9812,886.01,1.9812,0.7112,879.91,40,39,6.1,1.0668,0.7112,0.762,0.7112,2.6416,1.4224,0.8128,3,30,1,1
B00206,B00206_R1,488,4,4,0.2032,1.9812,886.01,1.9812,0.7112,879.91,40,39,6.1,0.4572,2.54,0.2032,1.6002,0.8128,3.8608,1.1938,2,30,0,1
B00207,B00207_R2,489,1,1,1.0668,2.032,897.02,1.6764,2.54,894.53,41,40,2.49,0.2032,0.762,1.0668,0.2032,2.6416,3.2512,1.4224,1,10,1,1
B00208,B00208_R1,490,1,2,1.0668,2.032,877.79,1.0668,0.2032,901.55,40,41,-23.76,0.2032,0.762,0.762,0.2032,2.6416,1.4224,1.1176,1,10,0,1
B00208,B00208_R1,491,2,2,1.0668,2.032,877.79,1.0668,0.2032,901.55,40,41,-23.76,0.2032,0.762,0.762,0.2032,2.6416,1.4224,1.1176,1,20,0,2
B00209,B00209_R1,492,1,4,0.762,0.2032,892.91,1.0668,0.2032,880.7,41,40,12.21,0.2032,0.762,1.9812,0.7112,1.1176,1.4224,2.3368,1,20,0,1
B00209,B00209_R2,493,2,4,0.762,0.2032,892.91,1.0668,0.2032,880.7,41,40,12.21,1.9812,2.54,0.2032,1.6002,3.556,3.2512,2.7178,2,20,1,2
B00209,B00209_R1,494,3,4,0.762,0.2032,892.91,1.0668,0.2032,880.7,41,40,12.21,1.0668,2.54,1.0668,0.2032,3.2512,2.9464,2.9464,3,20,0,2
B00209,B00209_R2,495,4,4,0.762,0.2032,892.91,1.0668,0.2032,880.7,41,40,12.21,1.0668,2.032,2.54,1.143,3.2512,2.9464,2.8702,3,20,1,1
B00210,B00210_R1,496,1,3,1.0668,0.2032,923.27,0.2032,1.6002,914.57,43,41,8.7,1.6764,2.032,0.2032,1.6002,2.9464,2.413,2.413,2,10,0,1
B00210,B00210_R2,497,2,3,1.0668,0.2032,923.27,0.2032,1.6002,914.57,43,41,8.7,0.2032,1.143,2.286,0.2032,1.8034,0.9652,3.0226,1,10,1,2
B00210,B00210_R2,498,3,3,1.0668,0.2032,923.27,0.2032,1.6002,914.57,43,41,8.7,0.2032,1.143,0.4572,0.2032,1.8034,0.9652,1.1938,1,30,1,1
B00211,B00211_R2,499,1,4,0.2032,1.6002,931.39,2.286,0.2032,931.9,43,42,-0.51,1.6764,2.032,1.9812,2.032,2.413,2.9464,0.8128,3,20,1,1
B00211,B00211_R1,500,2,4,0.2032,1.6002,931.39,2.286,0.2032,931.9,43,42,-0.51,0.2032,1.143,2.54,1.143,0.9652,3.0226,2.3368,1,30,0,1
B00211,B00211_R2,501,3,4,0.2032,1.6002,931.39,2.286,0.2032,931.9,43,42,-0.51,1.0668,2.032,1.9812,2.032,1.8034,3.556,1.4224,3,30,1,2
B00211,B00211_R1,502,4,4,0.2032,1.6002,931.39,2.286,0.2032,931.9,43,42,-0.51,0.2032,0.762,1.6764,0.7112,1.3462,2.6416,2.032,1,20,0,2
B00212,B00212_R1,503,1,3,1.6764,0.7112,953.22,1.9812,2.032,946.82,44,43,6.4,2.54,1.9812,0.4572,2.54,2.6416,1.1176,2.6416,3,20,0,1
B00212,B00212_R2,504,2,3,1.6764,0.7112,953.22,1.9812,2.032,946.82,44,43,6.4,2.54,1.9812,1.0668,0.7112,2.6416,1.1176,3.2512,3,20,1,1
B00212,B00212_R2,505,3,3,1.6764,0.7112,953.22,1.9812,2.032,946.82,44,43,6.4,1.0668,0.7112,0.2032,1.9812,1.1176,3.2512,2.6416,2,10,1,2
B00213,B00213_R1,506,1,1,0.4572,2.54,960.35,0.2032,1.9812,968.07,44,44,-7.72,1.9812,0.2032,0.2032,1.6002,3.8608,3.556,3.175,2,30,0,1
B00214,B00214_R2,507,1,1,0.2032,1.6002,972.98,0.2032,1.9812,946.63,44,43,26.35,1.6764,2.032,0.2032,1.6002,2.413,2.032,2.413,2,30,1,1
B00215,B00215_R2,508,1,4,0.2032,1.6002,953.34,0.2032,1.6002,952.14,43,44,1.2,2.54,1.6002,0.762,0.2032,2.3368,2.3368,3.175,3,10,1,2
B00215,B00215_R1,509,2,4,0.2032,1.6002,953.34,0.2032,1.6002,952.14,43,44,1.2,0.2032,0.762,0.762,0.2032,1.3462,1.3462,1.1176,1,30,0,1
B00215,B00215_R1,510,3,4,0.2032,1.6002,953.34,0.2032,1.6002,952.14,43,44,1.2,2.286,0.2032,0.2032,1.6002,3.4798,3.4798,3.4798,2,30,0,2
B00215,B00215_R2,511,4,4,0.2032,1.6002,953.34,0.2032,1.6002,952.14,43,44,1.2,0.2032,1.143,1.9812,2.032,0.9652,0.9652,3.175,1,20,1,1
B00216,B00216_R2,512,1,4,0.2032,1.6002,978.79,0.762,0.2032,978.09,44,45,0.7,1.6764,2.032,0.2032,1.9812,2.413,3.2512,2.032,2,30,1,2
B00216,B00216_R1,513,2,4,0.2032,1.6002,978.79,0.762,0.2032,978.09,44,45,0.7,0.2032,0.762,2.54,1.143,1.3462,1.1176,2.7178,1,10,0,2
B00216,B00216_R2,514,3,4,0.2032,1.6002,978.79,0.762,0.2032,978.09,44,45,0.7,0.2032,0.762,1.9812,2.032,1.3462,1.1176,3.556,1,20,1,1
B00216,B00216_R1,515,4,4,0.2032,1.6002,978.79,0.762,0.2032,978.09,44,45,0.7,0.2032,0.762,0.4572,0.2032,1.3462,1.1176,0.8128,1,10,0,1
B00217,B00217_R2,516,1,4,2.54,1.143,991.01,0.2032,1.9812,999.53,45,46,-8.52,0.2032,0.762,1.6764,2.54,2.7178,1.7272,3.2512,1,30,1,1
B00217,B00217_R1,517,2,4,2.54,1.143,991.01,0.2032,1.9812,999.53,45,46,-8.52,0.4572,0.2032,0.2032,1.9812,3.0226,2.032,2.032,2,20,0,2
B00217,B00217_R2,518,3,4,2.54,1.143,991.01,0.2032,1.9812,999.53,45,46,-8.52,2.286,2.54,0.2032,1.6002,1.651,2.6416,3.0226,2,30,1,2
B00217,B00217_R1,519,4,4,2.54,1.143,991.01,0.2032,1.9812,999.53,45,46,-8.52,1.6764,0.2032,0.2032,1.6002,1.8034,3.2512,2.8702,2,10,0,1
B00218,B00218_R2,520,1,4,0.2032,1.9812,1015.66,0.2032,1.6002,1028.19,47,47,-12.53,0.2032,0.762,2.54,1.143,1.7272,1.3462,2.7178,1,30,1,1
B00218,B00218_R2,521,2,4,0.2032,1.9812,1015.66,0.2032,1.6002,1028.19,47,47,-12.53,1.9812,2.032,1.0668,0.7112,2.3368,2.7178,3.2512,3,30,1,2
B00218,B00218_R1,522,3,4,0.2032,1.9812,1015.66,0.2032,1.6002,1028.19,47,47,-12.53,1.6764,2.032,1.9812,0.7112,2.032,2.413,3.2512,3,30,0,2
B00218,B00218_R1,523,4,4,0.2032,1.9812,1015.66,0.2032,1.6002,1028.19,47,47,-12.53,2.286,2.54,0.4572,2.54,2.6416,3.0226,2.3368,3,30,0,1
B00219,B00219_R1,524,1,1,1.9812,0.7112,1028.48,1.0668,0.7112,1035.4,47,47,-6.92,1.9812,2.032,0.2032,1.6002,2.9464,3.2512,2.7178,2,30,0,1
B00220,B00220_R2,525,1,3,0.2032,1.6002,1032.19,1.0668,0.7112,1015.76,47,46,16.43,1.6764,2.032,0.2032,1.9812,2.413,2.9464,2.032,2,20,1,2
B00220,B00220_R2,526,2,3,0.2032,1.6002,1032.19,1.0668,0.7112,1015.76,47,46,16.43,0.762,0.7112,0.2032,1.9812,1.9558,0.8128,2.3368,2,20,1,1
B00220,B00220_R1,527,3,3,0.2032,1.6002,1032.19,1.0668,0.7112,1015.76,47,46,16.43,2.54,1.143,1.6764,0.7112,2.794,2.413,1.8034,3,30,0,1
B00221,B00221_R1,528,1,1,1.6764,0.7112,1037.4,0.2032,1.9812,1038.79,48,47,-1.39,0.2032,0.762,1.6764,2.54,2.032,1.7272,3.2512,1,30,0,1
B00222,B00222_R2,529,1,1,1.6764,2.54,1044.23,0.2032,1.9812,1015.15,47,46,29.08,0.2032,0.762,1.6764,0.2032,3.2512,1.7272,2.032,1,20,1,1
B00223,B00223_R1,530,1,2,1.6764,2.54,1024.68,1.6764,0.2032,1017.46,47,46,7.22,1.6764,2.54,0.2032,1.6002,0.0,2.9464,2.413,2,30,0,1
B00223,B00223_R2,531,2,2,1.6764,2.54,1024.68,1.6764,0.2032,1017.46,47,46,7.22,0.2032,0.762,2.54,0.762,3.2512,2.032,2.9464,1,10,1,1
B00224,B00224_R1,532,1,2,0.2032,1.6002,1019.67,2.54,0.762,1022.87,47,46,-3.2,0.2032,1.143,0.762,0.7112,0.9652,2.7178,1.4986,1,10,0,1
B00224,B00224_R2,533,2,2,0.2032,1.6002,1019.67,2.54,0.762,1022.87,47,46,-3.2,0.2032,0.762,1.9812,0.7112,1.3462,2.9464,2.3368,1,30,1,1
B00225,B00225_R2,534,1,3,0.762,0.7112,1015.76,1.9812,0.7112,1027.88,47,46,-12.12,1.6764,0.2032,2.54,0.762,1.4224,0.8128,1.4224,3,20,1,1
B00225,B00225_R1,535,2,3,0.762,0.7112,1015.76,1.9812,0.7112,1027.88,47,46,-12.12,0.2032,1.143,0.762,0.7112,1.4986,2.7178,1.4986,1,30,0,2
B00225,B00225_R1,536,3,3,0.762,0.7112,1015.76,1.9812,0.7112,1027.88,47,46,-12.12,1.0668,0.2032,0.2032,1.6002,0.8128,1.4224,2.2606,2,10,0,1
B00226,B00226_R2,537,1,4,0.762,0.7112,1029.69,2.54,0.762,1022.57,48,46,7.12,1.9812,2.54,0.2032,1.9812,3.556,2.3368,2.3368,2,10,1,1
B00226,B00226_R1,538,2,4,0.762,0.7112,1029.69,2.54,0.762,1022.57,48,46,7.12,0.2032,0.762,1.0668,0.2032,1.1176,2.9464,1.4224,1,30,0,2
B00226,B00226_R1,539,3,4,0.762,0.7112,1029.69,2.54,0.762,1022.57,48,46,7.12,1.0668,0.7112,1.0668,0.2032,0.8128,2.032,0.508,3,30,0,1
B00226,B00226_R2,540,4,4,0.762,0.7112,1029.69,2.54,0.762,1022.57,48,46,7.12,1.6764,2.032,0.2032,1.6002,3.2512,2.6416,2.413,2,10,1,2
B00227,B00227_R1,541,1,3,1.0668,0.2032,1037.18,0.2032,1.6002,1050.13,49,47,-12.95,0.762,0.7112,1.0668,0.2032,0.8128,1.9558,0.8128,3,10,0,1
B00227,B00227_R1,542,2,3,1.0668,0.2032,1037.18,0.2032,1.6002,1050.13,49,47,-12.95,1.0668,0.7112,0.2032,1.9812,0.508,2.2606,2.6416,2,10,0,2
B00227,B00227_R2,543,3,3,1.0668,0.2032,1037.18,0.2032,1.6002,1050.13,49,47,-12.95,0.2032,0.762,2.286,2.54,1.4224,1.3462,3.8608,1,30,1,1
B00228,B00228_R1,544,1,5,0.2032,1.9812,1048.09,2.286,2.54,1056.74,50,47,-8.65,2.54,0.762,0.2032,1.9812,3.556,2.032,3.556,2,20,0,3
B00228,B00228_R2,545,2,5,0.2032,1.9812,1048.09,2.286,2.54,1056.74,50,47,-8.65,1.6764,2.54,0.2032,1.6002,2.032,1.1176,2.413,2,30,1,1
B00228,B00228_R2,546,3,5,0.2032,1.9812,1048.09,2.286,2.54,1056.74,50,47,-8.65,0.2032,1.143,2.286,2.54,1.3462,3.4798,3.4798,1,10,1,2
B00228,B00228_R1,547,4,5,0.2032,1.9812,1048.09,2.286,2.54,1056.74,50,47,-8.65,0.2032,0.762,0.762,0.7112,1.7272,3.8608,1.1176,1,20,0,2
B00228,B00228_R1,548,5,5,0.2032,1.9812,1048.09,2.286,2.54,1056.74,50,47,-8.65,0.2032,1.143,0.762,0.2032,1.3462,3.4798,1.4986,1,10,0,1
B00229,B00229_R2,549,1,2,0.2032,1.9812,1088.86,2.286,2.54,1080.69,52,48,8.17,1.0668,2.54,0.2032,1.9812,1.4224,1.7272,1.4224,2,10,1,1
B00229,B00229_R1,550,2,2,0.2032,1.9812,1088.86,2.286,2.54,1080.69,52,48,8.17,0.2032,0.762,0.762,2.032,1.7272,3.8608,2.3368,1,20,0,1
B00230,B00230_R2,551,1,1,0.762,2.032,1089.86,0.2032,1.9812,1076.28,52,48,13.58,1.0668,2.54,0.2032,1.9812,0.8128,1.4224,1.4224,2,20,1,1
B00231,B00231_R1,552,1,2,0.762,2.032,1069.72,0.2032,1.9812,1075.47,51,49,-5.75,1.9812,2.032,1.0668,0.7112,1.7272,2.3368,3.2512,3,30,0,1
B00231,B00231_R2,553,2,2,0.762,2.032,1069.72,0.2032,1.9812,1075.47,51,49,-5.75,0.2032,1.143,2.54,0.762,1.9558,1.3462,2.7178,1,20,1,1
B00232,B00232_R1,554,1,5,1.0668,0.7112,1076.64,2.54,0.762,1077.87,51,49,-1.23,1.0668,0.2032,0.2032,1.9812,0.508,2.032,2.6416,2,30,0,1
B00232,B00232_R2,555,2,5,1.0668,0.7112,1076.64,2.54,0.762,1077.87,51,49,-1.23,2.54,1.9812,0.2032,1.9812,3.2512,1.7272,2.9464,2,20,1,2
B00232,B00232_R1,556,3,5,1.0668,0.7112,1076.64,2.54,0.762,1077.87,51,49,-1.23,1.0668,2.032,0.2032,1.6002,2.9464,3.2512,1.8034,2,20,0,2
B00232,B00232_R2,557,4,5,1.0668,0.7112,1076.64,2.54,0.762,1077.87,51,49,-1.23,2.54,1.143,0.2032,1.6002,2.413,0.889,2.794,2,30,1,1
B00232,B00232_R1,558,5,5,1.0668,0.7112,1076.64,2.54,0.762,1077.87,51,49,-1.23,0.2032,1.143,2.286,2.54,1.8034,2.7178,3.4798,1,10,0,3
B00233,B00233_R2,559,1,3,2.286,2.54,1116.01,0.2032,1.9812,1108.13,53,50,7.88,0.762,2.032,0.2032,1.9812,2.032,1.1176,1.1176,2,10,1,1
B00233,B00233_R1,560,2,3,2.286,2.54,1116.01,0.2032,1.9812,1108.13,53,50,7.88,2.54,1.6002,1.6764,0.2032,1.1938,2.7178,2.2606,3,20,0,1
B00233,B00233_R2,561,3,3,2.286,2.54,1116.01,0.2032,1.9812,1108.13,53,50,7.88,0.2032,0.762,1.9812,0.2032,3.8608,1.7272,2.3368,1,10,1,2
B00234,B00234_R1,562,1,2,1.6764,0.2032,1095.08,1.9812,0.2032,1101.71,53,50,-6.63,0.2032,1.143,1.9812,0.7112,2.413,2.7178,2.7178,1,20,0,1
B00234,B00234_R2,563,2,2,1.6764,0.2032,1095.08,1.9812,0.2032,1101.71,53,50,-6.63,1.0668,2.032,0.2032,1.6002,2.9464,3.2512,1.8034,2,30,1,1
B00235,B00235_R1,564,1,1,1.9812,0.7112,1104.4,0.2032,1.6002,1107.51,53,51,-3.11,1.6764,0.7112,0.2032,1.9812,0.8128,2.8702,3.2512,2,30,0,1
B00236,B00236_R1,565,1,4,0.2032,1.9812,1102.7,0.2032,1.6002,1087.36,52,50,15.34,1.0668,2.54,0.2032,1.9812,1.4224,1.8034,1.4224,2,30,0,1
B00236,B00236_R2,566,2,4,0.2032,1.9812,1102.7,0.2032,1.6002,1087.36,52,50,15.34,1.0668,0.2032,0.2032,1.9812,2.6416,2.2606,2.6416,2,20,1,3
B00236,B00236_R2,567,3,4,0.2032,1.9812,1102.7,0.2032,1.6002,1087.36,52,50,15.34,0.2032,0.762,0.4572,0.2032,1.7272,1.3462,0.8128,1,30,1,1
B00236,B00236_R2,568,4,4,0.2032,1.9812,1102.7,0.2032,1.6002,1087.36,52,50,15.34,1.0668,0.2032,0.2032,1.6002,2.6416,2.2606,2.2606,2,20,1,2
B00237,B00237_R1,569,1,1,0.2032,1.9812,1100.48,0.2032,1.9812,1126.14,53,52,-25.66,1.9812,2.032,0.2032,1.9812,2.3368,2.3368,2.3368,2,30,0,1
B00238,B00238_R1,570,1,3,0.2032,1.9812,1104.09,0.2032,1.9812,1108.1,53,51,-4.01,0.2032,0.762,2.286,0.2032,1.7272,1.7272,2.6416,1,30,0,2
B00238,B00238_R1,571,2,3,0.2032,1.9812,1104.09,0.2032,1.9812,1108.1,53,51,-4.01,0.762,2.032,1.0668,2.032,1.1176,1.1176,0.8128,3,30,0,1
B00238,B00238_R2,572,3,3,0.2032,1.9812,1104.09,0.2032,1.9812,1108.1,53,51,-4.01,0.2032,1.143,2.54,0.762,1.3462,1.3462,2.7178,1,10,1,1
B00239,B00239_R2,573,1,1,2.286,0.2032,1124.94,2.54,0.762,1107.7,54,51,17.24,1.9812,2.032,2.286,2.54,2.6416,2.3368,0.8128,3,10,1,1
B00240,B00240_R1,574,1,3,2.286,0.2032,1104.4,2.286,2.54,1108.39,52,52,-3.99,2.54,0.762,0.2032,1.6002,0.8128,2.032,3.175,2,20,0,1
B00240,B00240_R1,575,2,3,2.286,0.2032,1104.4,2.286,2.54,1108.39,52,52,-3.99,0.2032,1.143,2.286,2.54,3.0226,3.4798,3.4798,1,10,0,2
B00240,B00240_R2,576,3,3,2.286,0.2032,1104.4,2.286,2.54,1108.39,52,52,-3.99,2.54,1.143,0.2032,1.9812,1.1938,1.651,3.175,2,10,1,1
B00241,B00241_R2,577,1,2,2.286,2.54,1129.46,0.2032,1.9812,1111.1,53,52,18.36,2.54,1.9812,1.9812,0.7112,0.8128,2.9464,2.3368,3,20,1,1
B00241,B00241_R1,578,2,2,2.286,2.54,1129.46,0.2032,1.9812,1111.1,53,52,18.36,2.286,2.54,1.0668,2.032,0.0,2.6416,1.7272,3,30,0,1
B00242,B00242_R2,579,1,4,1.0668,2.032,1124.64,1.9812,0.7112,1119.92,54,52,4.72,1.6764,0.7112,0.2032,1.6002,2.9464,0.8128,2.8702,2,10,1,1
B00242,B00242_R1,580,2,4,1.0668,2.032,1124.64,1.9812,0.7112,1119.92,54,52,4.72,1.9812,2.032,2.286,0.2032,1.4224,2.9464,2.6416,3,20,0,2
B00242,B00242_R2,581,3,4,1.0668,2.032,1124.64,1.9812,0.7112,1119.92,54,52,4.72,0.2032,0.762,1.6764,2.54,2.6416,2.3368,3.2512,1,10,1,2
B00242,B00242_R1,582,4,4,1.0668,2.032,1124.64,1.9812,0.7112,1119.92,54,52,4.72,0.762,2.032,1.9812,0.7112,0.8128,3.556,3.556,3,10,0,1
B00243,B00243_R2,583,1,2,2.286,0.2032,1153.3,1.6764,2.54,1143.47,55,53,9.83,2.54,1.9812,0.2032,1.9812,2.032,1.4224,2.9464,2,30,1,1
B00243,B00243_R1,584,2,2,2.286,0.2032,1153.3,1.6764,2.54,1143.47,55,53,9.83,0.2032,1.143,1.0668,0.7112,3.0226,2.8702,1.8034,1,30,0,1
B00244,B00244_R2,585,1,5,1.0668,0.7112,1157.51,0.2032,1.9812,1144.98,55,53,12.53,1.6764,2.032,0.2032,1.6002,2.9464,2.032,2.413,2,10,1,2
B00244,B00244_R1,586,2,5,1.0668,0.7112,1157.51,0.2032,1.9812,1144.98,55,53,12.53,1.0668,0.2032,0.2032,1.9812,0.508,2.6416,2.6416,2,30,0,1
B00244,B00244_R1,587,3,5,1.0668,0.7112,1157.51,0.2032,1.9812,1144.98,55,53,12.53,1.0668,2.54,0.4572,0.2032,2.9464,1.4224,2.9464,3,10,0,2
B00244,B00244_R2,588,4,5,1.0668,0.7112,1157.51,0.2032,1.9812,1144.98,55,53,12.53,0.2032,0.762,1.9812,0.7112,1.4224,1.7272,2.3368,1,30,1,3
B00244,B00244_R2,589,5,5,1.0668,0.7112,1157.51,0.2032,1.9812,1144.98,55,53,12.53,0.2032,1.143,2.54,1.6002,1.8034,1.3462,2.794,1,30,1,1
B00245,B00245_R1,590,1,5,0.4572,0.2032,1179.25,1.9812,0.7112,1191.57,56,55,-12.32,0.2032,0.762,1.6764,2.54,0.8128,2.3368,3.2512,1,30,0,1
B00245,B00245_R1,591,2,5,0.4572,0.2032,1179.25,1.9812,0.7112,1191.57,56,55,-12.32,0.2032,1.143,2.54,0.762,1.1938,2.7178,2.7178,1,10,0,3
B00245,B00245_R1,592,3,5,0.4572,0.2032,1179.25,1.9812,0.7112,1191.57,56,55,-12.32,0.762,2.032,0.2032,1.9812,2.6416,3.556,1.1176,2,20,0,2
B00245,B00245_R2,593,4,5,0.4572,0.2032,1179.25,1.9812,0.7112,1191.57,56,55,-12.32,1.0668,0.7112,1.9812,0.2032,1.1176,1.4224,1.4224,3,30,1,1
B00245,B00245_R2,594,5,5,0.4572,0.2032,1179.25,1.9812,0.7112,1191.57,56,55,-12.32,2.54,0.762,0.2032,1.6002,2.6416,1.1176,3.175,2,10,1,2
B00246,B00246_R1,595,1,3,2.54,0.762,1221.32,0.2032,1.6002,1213.21,58,56,8.11,2.54,1.9812,0.762,2.032,1.7272,2.7178,2.3368,3,10,0,1
B00246,B00246_R2,596,2,3,2.54,0.762,1221.32,0.2032,1.6002,1213.21,58,56,8.11,0.2032,0.762,0.762,0.7112,2.9464,1.3462,1.1176,1,20,1,2
B00246,B00246_R2,597,3,3,2.54,0.762,1221.32,0.2032,1.6002,1213.21,58,56,8.11,0.762,2.032,0.2032,1.6002,3.556,1.4986,1.4986,2,20,1,1
B00247,B00247_R2,598,1,1,0.762,2.032,1221.32,0.762,0.7112,1223.43,58,57,-2.11,0.762,0.2032,0.2032,1.9812,2.9464,0.508,2.3368,2,20,1,1
B00248,B00248_R1,599,1,3,0.762,2.032,1202.89,0.2032,1.9812,1220.72,57,57,-17.83,0.4572,2.54,2.54,1.6002,0.8128,0.8128,3.0226,3,20,0,1
B00248,B00248_R1,600,2,3,0.762,2.032,1202.89,0.2032,1.9812,1220.72,57,57,-17.83,1.9812,2.032,0.762,0.2032,1.7272,2.3368,3.556,3,10,0,2
B00248,B00248_R2,601,3,3,0.762,2.032,1202.89,0.2032,1.9812,1220.72,57,57,-17.83,0.2032,0.762,1.6764,0.2032,2.3368,1.7272,2.032,1,20,1,1
B00249,B00249_R2,602,1,2,0.762,0.2032,1228.15,1.6764,0.2032,1222.22,58,57,5.93,0.2032,1.143,1.9812,2.54,1.4986,2.413,3.175,1,30,1,1
B00249,B00249_R1,603,2,2,0.762,0.2032,1228.15,1.6764,0.2032,1222.22,58,57,5.93,0.2032,0.762,0.4572,0.2032,1.1176,2.032,0.8128,1,10,0,1
B00250,B00250_R1,604,1,1,0.4572,0.2032,1223.73,1.9812,2.54,1229.53,58,57,-5.8,0.2032,1.143,1.9812,2.032,1.1938,3.175,3.175,1,30,0,1
B00251,B00251_R2,605,1,3,1.9812,2.032,1221.75,1.9812,2.54,1208.5,57,56,13.25,0.4572,0.2032,0.2032,1.9812,3.8608,3.8608,2.032,2,10,1,2
B00251,B00251_R2,606,2,3,1.9812,2.032,1221.75,1.9812,2.54,1208.5,57,56,13.25,0.2032,0.762,1.0668,0.7112,3.556,3.556,1.4224,1,10,1,1
B00251,B00251_R1,607,3,3,1.9812,2.032,1221.75,1.9812,2.54,1208.5,57,56,13.25,0.2032,1.143,1.0668,2.54,3.175,3.175,2.2606,1,10,0,1
B00252,B00252_R1,608,1,1,1.0668,2.54,1229.57,0.2032,1.9812,1233.04,57,57,-3.47,1.6764,0.2032,1.0668,0.7112,2.9464,3.2512,1.1176,3,30,0,1
B00253,B00253_R2,609,1,1,1.0668,0.7112,1233.57,0.2032,1.9812,1212.59,58,57,20.98,2.54,0.762,0.2032,1.9812,2.032,3.556,3.556,2,10,1,1
B00254,B00254_R2,610,1,3,1.0668,0.7112,1214.43,0.2032,1.9812,1225.94,57,56,-11.51,1.9812,2.54,0.762,0.7112,3.2512,2.3368,3.556,3,20,1,1
B00254,B00254_R1,611,2,3,1.0668,0.7112,1214.43,0.2032,1.9812,1225.94,57,56,-11.51,1.9812,0.2032,0.2032,1.6002,1.4224,3.556,3.175,2,10,0,2
B00254,B00254_R1,612,3,3,1.0668,0.7112,1214.43,0.2032,1.9812,1225.94,57,56,-11.51,0.4572,0.2032,0.2032,1.6002,1.1176,2.032,1.651,2,10,0,1
B00255,B00255_R2,613,1,2,0.2032,1.6002,1221.96,0.762,0.7112,1213.92,57,55,8.04,0.762,0.2032,0.2032,1.9812,1.9558,0.508,2.3368,2,10,1,1
B00255,B00255_R1,614,2,2,0.2032,1.6002,1221.96,0.762,0.7112,1213.92,57,55,8.04,0.2032,1.143,2.54,1.9812,0.9652,1.4986,3.175,1,20,0,1
B00256,B00256_R2,615,1,1,2.54,1.9812,1220.55,0.2032,1.9812,1212.91,57,55,7.64,0.2032,1.143,1.9812,0.2032,3.175,1.3462,2.7178,1,20,1,1
B00257,B00257_R1,616,1,1,2.54,1.9812,1202.51,1.9812,0.2032,1212.71,57,55,-10.2,1.0668,2.54,0.2032,1.6002,2.032,3.2512,1.8034,2,20,0,1
B00258,B00258_R2,617,1,3,0.2032,1.6002,1203.0,1.9812,0.2032,1194.07,57,54,8.93,2.54,1.9812,2.54,1.6002,2.7178,2.3368,0.889,3,30,1,1
B00258,B00258_R1,618,2,3,0.2032,1.6002,1203.0,1.9812,0.2032,1194.07,57,54,8.93,0.762,2.54,0.2032,1.6002,1.4986,3.556,1.4986,2,20,0,1
B00258,B00258_R2,619,3,3,0.2032,1.6002,1203.0,1.9812,0.2032,1194.07,57,54,8.93,1.9812,2.032,1.0668,0.2032,2.7178,2.9464,3.2512,3,20,1,2
B00259,B00259_R1,620,1,2,0.2032,1.6002,1198.89,1.0668,0.2032,1216.21,57,55,-17.32,1.9812,2.54,0.4572,2.54,2.7178,3.2512,2.032,3,30,0,2
B00259,B00259_R1,621,2,2,0.2032,1.6002,1198.89,1.0668,0.2032,1216.21,57,55,-17.32,0.2032,1.143,2.286,2.54,0.9652,1.8034,3.4798,1,20,0,1
B00260,B00260_R2,622,1,4,0.4572,2.54,1221.73,1.0668,0.2032,1193.87,58,54,27.86,0.2032,0.762,2.54,0.762,2.032,1.4224,2.9464,1,10,1,3
B00260,B00260_R2,623,2,4,0.4572,2.54,1221.73,1.0668,0.2032,1193.87,58,54,27.86,0.2032,0.762,2.286,2.54,2.032,1.4224,3.8608,1,10,1,1
B00260,B00260_R1,624,3,4,0.4572,2.54,1221.73,1.0668,0.2032,1193.87,58,54,27.86,0.2032,0.762,2.54,0.762,2.032,1.4224,2.9464,1,20,0,1
B00260,B00260_R2,625,4,4,0.4572,2.54,1221.73,1.0668,0.2032,1193.87,58,54,27.86,1.9812,2.54,0.2032,1.9812,2.032,3.2512,2.3368,2,10,1,2
B00261,B00261_R1,626,1,2,2.54,0.762,1229.44,2.54,0.762,1248.28,59,57,-18.84,1.6764,2.54,0.2032,1.6002,2.6416,2.6416,2.413,2,30,0,1
B00261,B00261_R2,627,2,2,2.54,0.762,1229.44,2.54,0.762,1248.28,59,57,-18.84,2.54,1.9812,0.2032,1.9812,1.7272,1.7272,2.9464,2,10,1,1
B00262,B00262_R1,628,1,1,0.2032,1.6002,1212.32,0.2032,1.9812,1230.75,57,56,-18.43,1.6764,2.54,0.2032,1.9812,2.413,2.032,2.032,2,30,0,1
B00263,B00263_R2,629,1,2,0.2032,1.9812,1212.42,0.2032,1.9812,1209.61,57,55,2.81,0.4572,2.54,1.6764,0.7112,0.8128,0.8128,3.556,3,10,1,1
B00263,B00263_R1,630,2,2,0.2032,1.9812,1212.42,0.2032,1.9812,1209.61,57,55,2.81,0.2032,1.143,1.0668,0.2032,1.3462,1.3462,1.8034,1,30,0,1
B00264,B00264_R1,631,1,1,1.0668,0.2032,1213.31,1.6764,0.7112,1215.12,58,55,-1.81,0.2032,1.143,1.0668,0.7112,1.8034,2.413,1.8034,1,10,0,1
B00265,B00265_R2,632,1,2,1.0668,0.7112,1213.72,1.6764,0.7112,1192.88,58,54,20.84,0.4572,2.54,0.2032,1.9812,2.9464,3.556,0.8128,2,20,1,2
B00265,B00265_R2,633,2,2,1.0668,0.7112,1213.72,1.6764,0.7112,1192.88,58,54,20.84,1.9812,0.7112,2.286,2.54,1.4224,0.8128,2.6416,3,30,1,1
B00266,B00266_R1,634,1,3,1.0668,0.7112,1194.08,0.2032,1.9812,1210.42,57,55,-16.34,0.2032,1.143,0.762,0.7112,1.8034,1.3462,1.4986,1,10,0,2
B00266,B00266_R2,635,2,3,1.0668,0.7112,1194.08,0.2032,1.9812,1210.42,57,55,-16.34,1.0668,2.54,0.2032,1.6002,2.9464,1.4224,1.8034,2,10,1,1
B00266,B00266_R1,636,3,3,1.0668,0.7112,1194.08,0.2032,1.9812,1210.42,57,55,-16.34,0.2032,0.762,0.762,0.2032,1.4224,1.7272,1.1176,1,20,0,1
B00267,B00267_R2,637,1,2,0.762,0.7112,1184.75,0.2032,1.6002,1186.97,57,54,-2.22,1.0668,2.54,0.762,2.54,3.2512,1.8034,0.8128,3,30,1,1
B00267,B00267_R1,638,2,2,0.762,0.7112,1184.75,0.2032,1.6002,1186.97,57,54,-2.22,0.2032,0.762,1.0668,0.7112,1.1176,1.3462,1.4224,1,10,0,1
B00268,B00268_R1,639,1,1,1.0668,0.7112,1163.1,0.762,2.54,1164.42,57,54,-1.32,0.2032,0.762,0.4572,0.2032,1.4224,2.3368,0.8128,1,30,0,1
B00269,B00269_R1,640,1,4,0.4572,0.2032,1159.38,0.762,2.54,1144.79,57,53,14.59,1.0668,0.2032,0.2032,1.9812,1.1176,3.2512,2.6416,2,20,0,1
B00269,B00269_R2,641,2,4,0.4572,0.2032,1159.38,0.762,2.54,1144.79,57,53,14.59,1.6764,2.032,0.2032,1.6002,3.556,1.4224,2.413,2,20,1,1
B00269,B00269_R2,642,3,4,0.4572,0.2032,1159.38,0.762,2.54,1144.79,57,53,14.59,2.54,0.762,1.0668,2.54,2.6416,3.556,3.2512,3,10,1,2
B00269,B00269_R1,643,4,4,0.4572,0.2032,1159.38,0.762,2.54,1144.79,57,53,14.59,0.2032,0.762,0.762,2.54,0.8128,2.3368,2.3368,1,30,0,2
B00270,B00270_R2,644,1,3,0.762,2.54,1180.21,1.0668,2.54,1176.65,58,54,3.56,1.9812,0.2032,1.0668,0.7112,3.556,3.2512,1.4224,3,30,1,2
B00270,B00270_R1,645,2,3,0.762,2.54,1180.21,1.0668,2.54,1176.65,58,54,3.56,0.762,0.2032,1.0668,2.032,2.9464,3.2512,3.2512,3,20,0,1
B00270,B00270_R2,646,3,3,0.762,2.54,1180.21,1.0668,2.54,1176.65,58,54,3.56,0.2032,1.143,1.0668,0.2032,1.9558,2.2606,1.8034,1,30,1,1
B00271,B00271_R2,647,1,2,1.0668,2.032,1188.54,1.0668,0.7112,1196.48,57,55,-7.94,0.762,0.7112,0.2032,1.9812,3.2512,0.8128,2.3368,2,10,1,1
B00271,B00271_R1,648,2,2,1.0668,2.032,1188.54,1.0668,0.7112,1196.48,57,55,-7.94,1.6764,2.54,0.2032,1.9812,1.1176,2.9464,2.032,2,20,0,1
B00272,B00272_R2,649,1,2,0.2032,1.9812,1188.04,0.2032,1.9812,1194.07,57,55,-6.03,0.2032,0.762,1.6764,0.7112,1.7272,1.7272,2.032,1,10,1,1
B00272,B00272_R1,650,2,2,0.2032,1.9812,1188.04,0.2032,1.9812,1194.07,57,55,-6.03,0.2032,0.762,2.286,0.2032,1.7272,1.7272,2.6416,1,10,0,1
B00273,B00273_R1,651,1,4,2.286,0.2032,1191.26,1.6764,0.7112,1195.07,57,55,-3.81,0.4572,2.54,2.286,0.2032,4.1656,3.556,4.1656,3,10,0,2
B00273,B00273_R1,652,2,4,2.286,0.2032,1191.26,1.6764,0.7112,1195.07,57,55,-3.81,2.286,2.54,0.2032,1.9812,2.3368,2.9464,2.6416,2,20,0,1
B00273,B00273_R2,653,3,4,2.286,0.2032,1191.26,1.6764,0.7112,1195.07,57,55,-3.81,0.2032,0.762,1.9812,0.7112,2.6416,2.032,2.3368,1,20,1,1
B00273,B00273_R2,654,4,4,2.286,0.2032,1191.26,1.6764,0.7112,1195.07,57,55,-3.81,0.2032,1.143,2.54,1.9812,3.0226,2.413,3.175,1,30,1,2
B00274,B00274_R2,655,1,3,2.286,0.2032,1222.93,2.54,1.9812,1227.65,57,56,-4.72,0.2032,1.143,2.54,0.762,3.0226,3.175,2.7178,1,30,1,2
B00274,B00274_R1,656,2,3,2.286,0.2032,1222.93,2.54,1.9812,1227.65,57,56,-4.72,0.2032,0.762,1.9812,0.2032,2.6416,3.556,2.3368,1,30,0,1
B00274,B00274_R2,657,3,3,2.286,0.2032,1222.93,2.54,1.9812,1227.65,57,56,-4.72,1.6764,2.54,1.0668,2.54,2.9464,1.4224,1.1176,3,20,1,1
B00275,B00275_R1,658,1,4,1.9812,0.2032,1210.51,2.54,0.762,1231.45,56,57,-20.94,0.4572,2.54,1.0668,2.032,3.8608,3.8608,1.1176,3,20,0,2
B00275,B00275_R1,659,2,4,1.9812,0.2032,1210.51,2.54,0.762,1231.45,56,57,-20.94,2.286,0.2032,0.2032,1.9812,0.8128,0.8128,3.8608,2,10,0,1
B00275,B00275_R2,660,3,4,1.9812,0.2032,1210.51,2.54,0.762,1231.45,56,57,-20.94,0.2032,0.762,1.6764,2.54,2.3368,2.9464,3.2512,1,30,1,1
B00275,B00275_R1,661,4,4,1.9812,0.2032,1210.51,2.54,0.762,1231.45,56,57,-20.94,1.6764,2.54,0.2032,1.9812,3.2512,2.6416,2.032,2,10,0,3
B00276,B00276_R1,662,1,2,0.2032,1.9812,1247.38,1.6764,2.54,1241.07,58,57,6.31,0.2032,1.143,2.54,1.143,1.3462,2.8702,2.3368,1,10,0,1
B00276,B00276_R2,663,2,2,0.2032,1.9812,1247.38,1.6764,2.54,1241.07,58,57,6.31,0.762,0.2032,0.762,2.54,2.3368,3.2512,2.9464,3,20,1,1
B00277,B00277_R2,664,1,5,2.54,1.143,1245.38,0.762,2.54,1249.19,58,57,-3.81,0.762,0.2032,0.762,2.54,2.7178,2.9464,2.9464,3,10,1,3
B00277,B00277_R2,665,2,5,2.54,1.143,1245.38,0.762,2.54,1249.19,58,57,-3.81,0.762,2.54,0.2032,1.9812,3.175,0.0,1.1176,2,30,1,1
B00277,B00277_R2,666,3,5,2.54,1.143,1245.38,0.762,2.54,1249.19,58,57,-3.81,0.2032,1.143,1.6764,0.2032,2.3368,1.9558,2.413,1,30,1,2
B00277,B00277_R1,667,4,5,2.54,1.143,1245.38,0.762,2.54,1249.19,58,57,-3.81,0.2032,1.143,1.9812,2.032,2.3368,1.9558,3.175,1,10,0,2
B00277,B00277_R1,668,5,5,2.54,1.143,1245.38,0.762,2.54,1249.19,58,57,-3.81,2.54,1.9812,0.2032,1.6002,1.3462,2.3368,2.7178,2,10,0,1
B00278,B00278_R1,669,1,3,1.9812,2.032,1268.02,0.762,2.54,1283.05,59,59,-15.03,2.286,0.2032,0.2032,1.6002,2.6416,3.8608,3.4798,2,30,0,1
B00278,B00278_R2,670,2,3,1.9812,2.032,1268.02,0.762,2.54,1283.05,59,59,-15.03,1.6764,0.7112,0.2032,1.6002,3.2512,3.2512,2.8702,2,30,1,1
B00278,B00278_R1,671,3,3,1.9812,2.032,1268.02,0.762,2.54,1283.05,59,59,-15.03,0.2032,0.762,0.762,0.2032,3.556,2.3368,1.1176,1,20,0,2
B00279,B00279_R1,672,1,4,0.762,0.2032,1294.46,0.2032,1.6002,1293.68,61,59,0.78,1.6764,0.7112,0.2032,1.9812,1.4224,2.8702,3.2512,2,20,0,2
B00279,B00279_R1,673,2,4,0.762,0.2032,1294.46,0.2032,1.6002,1293.68,61,59,0.78,1.9812,0.2032,1.6764,0.7112,1.7272,3.175,0.8128,3,30,0,1
B00279,B00279_R2,674,3,4,0.762,0.2032,1294.46,0.2032,1.6002,1293.68,61,59,0.78,0.762,2.54,0.2032,1.6002,2.9464,1.4986,1.4986,2,30,1,1
B00279,B00279_R2,675,4,4,0.762,0.2032,1294.46,0.2032,1.6002,1293.68,61,59,0.78,0.2032,1.143,0.762,0.7112,1.4986,0.9652,1.4986,1,10,1,2
B00280,B00280_R2,676,1,2,0.2032,1.9812,1288.16,0.762,0.7112,1286.46,60,59,1.7,0.2032,1.143,1.9812,0.7112,1.3462,1.4986,2.7178,1,10,1,1
B00280,B00280_R1,677,2,2,0.2032,1.9812,1288.16,0.762,0.7112,1286.46,60,59,1.7,2.54,1.6002,0.2032,1.9812,2.7178,3.175,2.7178,2,10,0,1
B00281,B00281_R2,678,1,3,0.2032,1.9812,1296.07,1.9812,0.7112,1291.06,61,59,5.01,0.2032,0.762,2.54,1.143,1.7272,2.3368,2.7178,1,10,1,1
B00281,B00281_R1,679,2,3,0.2032,1.9812,1296.07,1.9812,0.7112,1291.06,61,59,5.01,2.286,2.54,1.9812,0.2032,2.6416,2.6416,2.6416,3,20,0,2
B00281,B00281_R1,680,3,3,0.2032,1.9812,1296.07,1.9812,0.7112,1291.06,61,59,5.01,0.2032,1.143,1.0668,2.54,1.3462,2.7178,2.2606,1,30,0,1
B00282,B00282_R2,681,1,4,1.9812,0.2032,1315.92,2.54,1.143,1294.58,61,59,21.34,0.2032,1.143,2.54,1.6002,2.7178,2.3368,2.794,1,10,1,3
B00282,B00282_R1,682,2,4,1.9812,0.2032,1315.92,2.54,1.143,1294.58,61,59,21.34,2.286,0.2032,1.0668,2.54,0.8128,1.1938,3.556,3,10,0,1
B00282,B00282_R2,683,3,4,1.9812,0.2032,1315.92,2.54,1.143,1294.58,61,59,21.34,2.286,2.54,0.2032,1.9812,2.6416,1.651,2.6416,2,10,1,1
B00282,B00282_R2,684,4,4,1.9812,0.2032,1315.92,2.54,1.143,1294.58,61,59,21.34,0.2032,0.762,0.4572,0.2032,2.3368,2.7178,0.8128,1,10,1,2
B00283,B00283_R2,685,1,3,1.0668,2.54,1322.04,2.54,1.6002,1337.35,62,61,-15.31,0.2032,0.762,1.9812,2.032,2.6416,3.175,3.556,1,30,1,1
B00283,B00283_R1,686,2,3,1.0668,2.54,1322.04,2.54,1.6002,1337.35,62,61,-15.31,0.2032,0.762,2.286,2.54,2.6416,3.175,3.8608,1,20,0,2
B00283,B00283_R1,687,3,3,1.0668,2.54,1322.04,2.54,1.6002,1337.35,62,61,-15.31,0.762,2.032,0.2032,1.9812,0.8128,2.7178,1.1176,2,10,0,1
B00284,B00284_R1,688,1,1,2.286,2.54,1343.48,1.9812,2.032,1347.58,63,61,-4.1,1.9812,2.032,2.54,0.762,0.8128,0.0,2.3368,3,20,0,1
B00285,B00285_R2,689,1,2,2.54,0.762,1341.37,1.9812,2.032,1327.75,63,60,13.62,2.54,1.6002,0.4572,2.54,1.3462,1.4986,3.0226,3,10,1,1
B00285,B00285_R1,690,2,2,2.54,0.762,1341.37,1.9812,2.032,1327.75,63,60,13.62,0.2032,1.143,1.9812,0.7112,2.7178,3.175,2.7178,1,10,0,1
B00286,B00286_R2,691,1,3,1.9812,0.7112,1351.99,0.4572,2.54,1332.96,63,60,19.03,0.2032,0.762,1.0668,2.54,2.3368,2.032,2.6416,1,30,1,2
B00286,B00286_R1,692,2,3,1.9812,0.7112,1351.99,0.4572,2.54,1332.96,63,60,19.03,0.762,0.7112,2.54,1.143,1.7272,2.6416,2.7178,3,10,0,1
B00286,B00286_R2,693,3,3,1.9812,0.7112,1351.99,0.4572,2.54,1332.96,63,60,19.03,0.2032,1.143,0.762,2.54,2.7178,1.651,1.9558,1,10,1,1
B00287,B00287_R1,694,1,4,2.54,1.143,1351.91,1.0668,2.54,1357.11,63,61,-5.2,1.9812,0.2032,0.2032,1.9812,1.4986,3.2512,3.556,2,20,0,1
B00287,B00287_R2,695,2,4,2.54,1.143,1351.91,1.0668,2.54,1357.11,63,61,-5.2,0.762,0.2032,1.6764,2.54,2.7178,3.2512,3.2512,3,20,1,2
B00287,B00287_R1,696,3,4,2.54,1.143,1351.91,1.0668,2.54,1357.11,63,61,-5.2,0.2032,0.762,0.762,2.54,2.7178,2.6416,2.3368,1,20,0,2
B00287,B00287_R2,697,4,4,2.54,1.143,1351.91,1.0668,2.54,1357.11,63,61,-5.2,1.9812,2.032,2.286,2.54,1.9558,1.4224,0.8128,3,10,1,1
B00288,B00288_R1,698,1,3,0.762,2.54,1380.25,1.6764,2.54,1384.96,64,62,-4.71,0.2032,1.143,1.0668,2.032,1.9558,2.8702,2.2606,1,20,0,2
B00288,B00288_R2,699,2,3,0.762,2.54,1380.25,1.6764,2.54,1384.96,64,62,-4.71,0.2032,1.143,2.54,0.762,1.9558,2.8702,2.7178,1,20,1,1
B00288,B00288_R1,700,3,3,0.762,2.54,1380.25,1.6764,2.54,1384.96,64,62,-4.71,0.2032,1.143,0.4572,0.2032,1.9558,2.8702,1.1938,1,20,0,1
B00289,B00289_R2,701,1,1,1.0668,2.032,1398.69,2.54,0.762,1392.38,65,62,6.31,1.9812,2.54,0.2032,1.9812,1.4224,2.3368,2.3368,2,10,1,1
B00290,B00290_R1,702,1,2,1.0668,2.032,1380.35,0.2032,1.9812,1397.29,64,62,-16.94,0.762,2.032,0.2032,1.9812,0.8128,1.1176,1.1176,2,20,0,1
B00290,B00290_R1,703,2,2,1.0668,2.032,1380.35,0.2032,1.9812,1397.29,64,62,-16.94,1.9812,0.2032,0.4572,2.54,3.2512,3.556,3.8608,3,10,0,2
B00291,B00291_R2,704,1,1,0.4572,2.54,1387.07,0.2032,1.9812,1358.51,64,61,28.56,2.286,2.54,0.2032,1.6002,2.3368,2.6416,3.0226,2,10,1,1
B00292,B00292_R2,705,1,3,0.4572,2.54,1345.38,0.2032,1.6002,1344.28,62,60,1.1,1.9812,0.2032,0.2032,1.6002,3.8608,3.175,3.175,2,30,1,2
B00292,B00292_R1,706,2,3,0.4572,2.54,1345.38,0.2032,1.6002,1344.28,62,60,1.1,2.54,1.143,0.2032,1.6002,3.4798,2.794,2.794,2,20,0,1
B00292,B00292_R2,707,3,3,0.4572,2.54,1345.38,0.2032,1.6002,1344.28,62,60,1.1,0.2032,1.143,2.54,0.762,1.651,0.9652,2.7178,1,30,1,1
B00293,B00293_R2,708,1,4,0.2032,1.6002,1356.31,0.2032,1.6002,1370.03,63,61,-13.72,0.2032,0.762,0.762,2.032,1.3462,1.3462,2.3368,1,20,1,1
B00293,B00293_R1,709,2,4,0.2032,1.6002,1356.31,0.2032,1.6002,1370.03,63,61,-13.72,2.54,1.6002,0.2032,1.6002,2.3368,2.3368,2.3368,2,10,0,2
B00293,B00293_R2,710,3,4,0.2032,1.6002,1356.31,0.2032,1.6002,1370.03,63,61,-13.72,1.0668,2.54,0.2032,1.6002,1.8034,1.8034,1.8034,2,10,1,2
B00293,B00293_R1,711,4,4,0.2032,1.6002,1356.31,0.2032,1.6002,1370.03,63,61,-13.72,0.2032,1.143,1.0668,0.2032,0.9652,0.9652,1.8034,1,20,0,1
B00294,B00294_R1,712,1,3,0.2032,1.6002,1376.15,0.2032,1.6002,1384.96,63,62,-8.81,2.54,1.143,0.2032,1.6002,2.794,2.794,2.794,2,30,0,1
B00294,B00294_R1,713,2,3,0.2032,1.6002,1376.15,0.2032,1.6002,1384.96,63,62,-8.81,2.54,0.762,0.2032,1.6002,3.175,3.175,3.175,2,30,0,2
B00294,B00294_R2,714,3,3,0.2032,1.6002,1376.15,0.2032,1.6002,1384.96,63,62,-8.81,1.9812,2.032,0.4572,0.2032,2.7178,2.7178,3.8608,3,20,1,1
B00295,B00295_R2,715,1,1,0.2032,1.6002,1418.74,0.4572,0.2032,1396.39,65,62,22.35,0.2032,1.143,2.286,0.2032,0.9652,1.1938,3.0226,1,20,1,1
B00296,B00296_R1,716,1,3,0.2032,1.6002,1397.9,2.286,0.2032,1399.09,64,62,-1.19,0.762,2.54,0.2032,1.6002,1.4986,3.8608,1.4986,2,20,0,1
B00296,B00296_R2,717,2,3,0.2032,1.6002,1397.9,2.286,0.2032,1399.09,64,62,-1.19,1.0668,2.032,0.2032,1.9812,1.8034,3.556,1.4224,2,10,1,1
B00296,B00296_R1,718,3,3,0.2032,1.6002,1397.9,2.286,0.2032,1399.09,64,62,-1.19,0.2032,1.143,1.6764,0.2032,0.9652,3.0226,2.413,1,30,0,2
B00297,B00297_R2,719,1,3,1.6764,0.2032,1415.13,0.2032,1.9812,1405.31,65,62,9.82,2.286,2.54,0.2032,1.6002,2.9464,2.6416,3.0226,2,20,1,2
B00297,B00297_R2,720,2,3,1.6764,0.2032,1415.13,0.2032,1.9812,1405.31,65,62,9.82,0.2032,1.143,2.286,0.2032,2.413,1.3462,3.0226,1,30,1,1
B00297,B00297_R1,721,3,3,1.6764,0.2032,1415.13,0.2032,1.9812,1405.31,65,62,9.82,1.9812,0.7112,1.6764,0.7112,0.8128,3.556,0.8128,3,30,0,1
B00298,B00298_R2,722,1,3,1.6764,0.7112,1407.02,0.2032,1.6002,1434.68,65,63,-27.66,2.286,0.2032,0.2032,1.9812,1.1176,3.4798,3.8608,2,30,1,1
B00298,B00298_R1,723,2,3,1.6764,0.7112,1407.02,0.2032,1.6002,1434.68,65,63,-27.66,1.9812,2.032,2.286,2.54,3.2512,2.7178,0.8128,3,10,0,2
B00298,B00298_R1,724,3,3,1.6764,0.7112,1407.02,0.2032,1.6002,1434.68,65,63,-27.66,1.6764,0.7112,0.2032,1.9812,0.0,2.8702,3.2512,2,20,0,1
B00299,B00299_R1,725,1,4,2.286,2.54,1424.34,0.2032,1.9812,1449.02,66,63,-24.68,0.2032,0.762,1.9812,0.7112,3.8608,1.7272,2.3368,1,30,0,2
B00299,B00299_R2,726,2,4,2.286,2.54,1424.34,0.2032,1.9812,1449.02,66,63,-24.68,0.762,0.7112,1.9812,2.032,3.8608,2.3368,3.556,3,30,1,1
B00299,B00299_R1,727,3,4,2.286,2.54,1424.34,0.2032,1.9812,1449.02,66,63,-24.68,0.762,2.032,0.2032,1.6002,2.032,1.1176,1.4986,2,10,0,1
B00299,B00299_R1,728,4,4,2.286,2.54,1424.34,0.2032,1.9812,1449.02,66,63,-24.68,1.6764,0.7112,0.2032,1.6002,2.9464,3.2512,2.8702,2,20,0,3
B00300,B00300_R1,729,1,2,0.2032,1.6002,1467.83,1.9812,2.032,1457.95,68,63,9.88,0.4572,2.54,1.9812,0.7112,1.1938,2.032,3.8608,3,30,0,1
B00300,B00300_R2,730,2,2,0.2032,1.6002,1467.83,1.9812,2.032,1457.95,68,63,9.88,1.6764,0.2032,0.2032,1.6002,2.8702,3.2512,2.8702,2,30,1,1
B00301,B00301_R2,731,1,3,1.9812,0.7112,1471.44,0.2032,1.6002,1467.57,68,63,3.87,1.6764,2.032,0.2032,1.9812,3.2512,2.413,2.032,2,30,1,2
B00301,B00301_R2,732,2,3,1.9812,0.7112,1471.44,0.2032,1.6002,1467.57,68,63,3.87,0.2032,1.143,0.762,2.54,2.7178,0.9652,1.9558,1,20,1,1
B00301,B00301_R1,733,3,3,1.9812,0.7112,1471.44,0.2032,1.6002,1467.57,68,63,3.87,0.2032,1.143,0.762,2.54,2.7178,0.9652,1.9558,1,10,0,1
B00302,B00302_R1,734,1,1,0.762,2.54,1476.65,0.2032,1.9812,1487.6,68,64,-10.95,0.2032,0.762,1.9812,0.2032,2.3368,1.7272,2.3368,1,10,0,1
B00303,B00303_R1,735,1,4,1.9812,0.2032,1481.37,0.2032,1.9812,1465.66,68,63,15.71,1.9812,0.2032,0.2032,1.9812,0.0,3.556,3.556,2,10,0,2
B00303,B00303_R2,736,2,4,1.9812,0.2032,1481.37,0.2032,1.9812,1465.66,68,63,15.71,0.2032,1.143,1.0668,2.54,2.7178,1.3462,2.2606,1,30,1,1
B00303,B00303_R1,737,3,4,1.9812,0.2032,1481.37,0.2032,1.9812,1465.66,68,63,15.71,1.9812,0.2032,2.286,0.2032,0.0,3.556,0.8128,3,10,0,1
B00303,B00303_R2,738,4,4,1.9812,0.2032,1481.37,0.2032,1.9812,1465.66,68,63,15.71,0.2032,1.143,1.9812,0.7112,2.7178,1.3462,2.7178,1,10,1,2
B00304,B00304_R1,739,1,1,0.2032,1.9812,1493.18,1.9812,0.7112,1489.31,69,64,3.87,0.2032,1.143,1.9812,0.7112,1.3462,2.7178,2.7178,1,20,0,1
B00305,B00305_R2,740,1,3,1.9812,0.7112,1493.48,1.9812,0.7112,1469.88,69,63,23.6,2.54,1.6002,0.2032,1.9812,1.9558,1.9558,2.7178,2,20,1,1
B00305,B00305_R1,741,2,3,1.9812,0.7112,1493.48,1.9812,0.7112,1469.88,69,63,23.6,2.54,1.9812,0.2032,1.9812,2.3368,2.3368,2.9464,2,20,0,1
B00305,B00305_R2,742,3,3,1.9812,0.7112,1493.48,1.9812,0.7112,1469.88,69,63,23.6,0.2032,1.143,1.0668,0.2032,2.7178,2.7178,1.8034,1,30,1,2
B00306,B00306_R2,743,1,4,0.2032,1.9812,1499.5,1.0668,0.2032,1492.42,69,65,7.08,0.2032,0.762,1.6764,0.7112,1.7272,1.4224,2.032,1,20,1,1
B00306,B00306_R1,744,2,4,0.2032,1.9812,1499.5,1.0668,0.2032,1492.42,69,65,7.08,0.2032,1.143,1.9812,2.54,1.3462,1.8034,3.175,1,20,0,2
B00306,B00306_R2,745,3,4,0.2032,1.9812,1499.5,1.0668,0.2032,1492.42,69,65,7.08,0.2032,0.762,2.286,2.54,1.7272,1.4224,3.8608,1,20,1,2
B00306,B00306_R1,746,4,4,0.2032,1.9812,1499.5,1.0668,0.2032,1492.42,69,65,7.08,0.2032,1.143,1.0668,0.2032,1.3462,1.8034,1.8034,1,10,0,1
B00307,B00307_R2,747,1,4,1.9812,2.54,1524.84,2.286,2.54,1521.57,70,66,3.27,2.54,0.762,0.2032,1.9812,2.3368,2.032,3.556,2,20,1,1
B00307,B00307_R1,748,2,4,1.9812,2.54,1524.84,2.286,2.54,1521.57,70,66,3.27,1.9812,0.7112,0.2032,1.9812,2.9464,2.6416,3.556,2,30,0,2
B00307,B00307_R2,749,3,4,1.9812,2.54,1524.84,2.286,2.54,1521.57,70,66,3.27,0.2032,0.762,1.6764,2.032,3.556,3.8608,3.2512,1,10,1,2
B00307,B00307_R1,750,4,4,1.9812,2.54,1524.84,2.286,2.54,1521.57,70,66,3.27,0.762,2.032,2.54,1.143,1.7272,2.032,3.175,3,30,0,1
B00308,B00308_R2,751,1,3,0.2032,1.9812,1555.49,1.6764,2.032,1553.04,72,67,2.45,2.286,0.2032,0.2032,1.6002,3.8608,2.9464,3.4798,2,30,1,1
B00308,B00308_R1,752,2,3,0.2032,1.9812,1555.49,1.6764,2.032,1553.04,72,67,2.45,1.0668,0.7112,1.9812,2.54,2.6416,2.9464,3.2512,3,30,0,2
B00308,B00308_R1,753,3,3,0.2032,1.9812,1555.49,1.6764,2.032,1553.04,72,67,2.45,0.2032,1.143,0.762,2.032,1.3462,2.8702,1.9558,1,30,0,1
B00309,B00309_R1,754,1,2,1.9812,2.54,1585.36,0.2032,1.6002,1566.18,73,67,19.18,2.54,1.6002,1.6764,2.54,1.4986,2.3368,1.8034,3,10,0,1
B00309,B00309_R2,755,2,2,1.9812,2.54,1585.36,0.2032,1.6002,1566.18,73,67,19.18,1.6764,0.2032,0.2032,1.6002,3.2512,2.8702,2.8702,2,20,1,1
B00310,B00310_R1,756,1,2,1.6764,2.54,1587.25,0.2032,1.6002,1573.8,73,67,13.45,2.54,1.6002,2.54,0.762,1.8034,2.3368,1.3462,3,30,0,1
B00310,B00310_R2,757,2,2,1.6764,2.54,1587.25,0.2032,1.6002,1573.8,73,67,13.45,0.2032,0.762,2.54,1.6002,3.2512,1.3462,3.175,1,30,1,1
B00311,B00311_R1,758,1,2,2.54,0.762,1582.64,2.54,1.6002,1577.92,73,67,4.72,0.2032,0.762,2.54,1.143,2.9464,3.175,2.7178,1,30,0,1
B00311,B00311_R2,759,2,2,2.54,0.762,1582.64,2.54,1.6002,1577.92,73,67,4.72,2.54,1.6002,0.2032,1.9812,1.3462,0.0,2.7178,2,10,1,1
B00312,B00312_R2,760,1,1,2.54,1.143,1593.47,0.2032,1.9812,1570.9,73,67,22.57,0.2032,0.762,1.6764,2.54,2.7178,1.7272,3.2512,1,30,1,1
B00313,B00313_R1,761,1,1,2.54,1.143,1569.92,1.6764,2.54,1580.01,72,68,-10.09,1.0668,2.032,0.2032,1.6002,2.8702,1.1176,1.8034,2,10,0,1
B00314,B00314_R2,762,1,5,0.2032,1.6002,1574.74,1.6764,2.54,1560.08,72,67,14.66,0.762,0.2032,1.9812,0.2032,1.9558,3.2512,1.7272,3,10,1,2
B00314,B00314_R2,763,2,5,0.2032,1.6002,1574.74,1.6764,2.54,1560.08,72,67,14.66,1.6764,2.032,0.2032,1.6002,2.413,0.508,2.413,2,30,1,1
B00314,B00314_R2,764,3,5,0.2032,1.6002,1574.74,1.6764,2.54,1560.08,72,67,14.66,2.54,1.6002,0.2032,1.6002,2.3368,1.8034,2.3368,2,30,1,3
B00314,B00314_R1,765,4,5,0.2032,1.6002,1574.74,1.6764,2.54,1560.08,72,67,14.66,0.2032,0.762,1.9812,2.032,1.3462,3.2512,3.556,1,30,0,2
B00314,B00314_R1,766,5,5,0.2032,1.6002,1574.74,1.6764,2.54,1560.08,72,67,14.66,0.4572,0.2032,0.2032,1.6002,1.651,3.556,1.651,2,20,0,1
B00315,B00315_R2,767,1,2,1.9812,2.032,1598.47,0.2032,1.6002,1600.24,73,69,-1.77,0.4572,2.54,2.286,2.54,2.032,1.1938,2.3368,3,30,1,1
B00315,B00315_R1,768,2,2,1.9812,2.032,1598.47,0.2032,1.6002,1600.24,73,69,-1.77,0.762,2.032,0.2032,1.6002,1.7272,1.4986,1.4986,2,20,0,1
B00316,B00316_R2,769,1,5,0.2032,1.6002,1597.26,2.286,2.54,1600.94,73,69,-3.68,2.286,2.54,1.0668,0.2032,3.0226,0.0,3.556,3,10,1,1
B00316,B00316_R1,770,2,5,0.2032,1.6002,1597.26,2.286,2.54,1600.94,73,69,-3.68,2.54,0.762,0.2032,1.9812,3.175,2.032,3.556,2,20,0,3
B00316,B00316_R2,771,3,5,0.2032,1.6002,1597.26,2.286,2.54,1600.94,73,69,-3.68,0.4572,0.2032,0.2032,1.9812,1.651,4.1656,2.032,2,30,1,2
B00316,B00316_R1,772,4,5,0.2032,1.6002,1597.26,2.286,2.54,1600.94,73,69,-3.68,0.2032,1.143,1.9812,2.54,0.9652,3.4798,3.175,1,30,0,1
B00316,B00316_R1,773,5,5,0.2032,1.6002,1597.26,2.286,2.54,1600.94,73,69,-3.68,1.0668,2.54,1.6764,2.032,1.8034,1.7272,1.1176,3,10,0,2
B00317,B00317_R2,774,1,3,0.2032,1.9812,1643.55,0.2032,1.9812,1618.57,75,70,24.98,0.2032,0.762,1.0668,0.2032,1.7272,1.7272,1.4224,1,30,1,1
B00317,B00317_R2,775,2,3,0.2032,1.9812,1643.55,0.2032,1.9812,1618.57,75,70,24.98,1.9812,0.7112,0.2032,1.9812,3.556,3.556,3.556,2,10,1,2
B00317,B00317_R1,776,3,3,0.2032,1.9812,1643.55,0.2032,1.9812,1618.57,75,70,24.98,1.6764,0.7112,0.2032,1.6002,3.2512,3.2512,2.8702,2,20,0,1
B00318,B00318_R2,777,1,1,0.2032,1.6002,1635.04,0.2032,1.9812,1621.97,74,70,13.07,0.762,0.2032,0.4572,2.54,1.9558,2.3368,2.6416,3,10,1,1
B00319,B00319_R2,778,1,3,0.2032,1.6002,1615.6,0.4572,2.54,1626.78,73,70,-11.18,2.286,0.2032,0.2032,1.6002,3.4798,4.1656,3.4798,2,30,1,1
B00319,B00319_R1,779,2,3,0.2032,1.6002,1615.6,0.4572,2.54,1626.78,73,70,-11.18,0.4572,0.2032,0.762,0.7112,1.651,2.3368,0.8128,3,20,0,1
B00319,B00319_R1,780,3,3,0.2032,1.6002,1615.6,0.4572,2.54,1626.78,73,70,-11.18,0.762,0.7112,1.6764,2.54,1.9558,2.6416,3.2512,3,20,0,2
B00320,B00320_R1,781,1,4,1.6764,2.54,1631.32,0.2032,1.6002,1642.72,74,70,-11.4,0.2032,1.143,0.762,2.54,2.8702,0.9652,1.9558,1,30,0,1
B00320,B00320_R2,782,2,4,1.6764,2.54,1631.32,0.2032,1.6002,1642.72,74,70,-11.4,0.4572,0.2032,0.2032,1.6002,3.556,1.651,1.651,2,10,1,2
B00320,B00320_R1,783,3,4,1.6764,2.54,1631.32,0.2032,1.6002,1642.72,74,70,-11.4,0.2032,1.143,2.54,0.762,2.8702,0.9652,2.7178,1,10,0,2
B00320,B00320_R2,784,4,4,1.6764,2.54,1631.32,0.2032,1.6002,1642.72,74,70,-11.4,0.2032,1.143,1.0668,0.7112,2.8702,0.9652,1.8034,1,20,1,1
B00321,B00321_R1,785,1,3,2.54,0.762,1659.6,0.2032,1.6002,1659.56,75,71,0.04,2.54,1.9812,0.2032,1.9812,1.7272,2.7178,2.9464,2,30,0,1
B00321,B00321_R2,786,2,3,2.54,0.762,1659.6,0.2032,1.6002,1659.56,75,71,0.04,0.2032,1.143,0.762,0.2032,2.7178,0.9652,1.4986,1,20,1,1
B00321,B00321_R2,787,3,3,2.54,0.762,1659.6,0.2032,1.6002,1659.56,75,71,0.04,0.2032,0.762,1.6764,0.2032,2.9464,1.3462,2.032,1,10,1,2
B00322,B00322_R1,788,1,1,0.2032,1.9812,1663.51,1.6764,0.2032,1671.77,75,72,-8.26,1.9812,2.54,1.0668,0.2032,2.3368,3.2512,3.2512,3,10,0,1
B00323,B00323_R2,789,1,1,1.0668,0.2032,1670.43,1.6764,0.2032,1650.82,75,72,19.61,0.4572,0.2032,0.2032,1.6002,1.1176,1.7272,1.651,2,30,1,1
B00324,B00324_R1,790,1,3,1.0668,0.2032,1652.39,0.2032,1.6002,1649.33,74,72,3.06,1.9812,0.7112,0.2032,1.6002,1.4224,3.175,3.175,2,20,0,2
B00324,B00324_R1,791,2,3,1.0668,0.2032,1652.39,0.2032,1.6002,1649.33,74,72,3.06,1.9812,0.7112,1.0668,0.2032,1.4224,3.175,1.4224,3,10,0,1
B00324,B00324_R2,792,3,3,1.0668,0.2032,1652.39,0.2032,1.6002,1649.33,74,72,3.06,1.9812,0.2032,0.2032,1.6002,1.4224,3.175,3.175,2,30,1,1
B00325,B00325_R2,793,1,2,0.2032,1.6002,1671.53,0.2032,1.6002,1657.96,75,71,13.57,0.2032,0.762,0.762,0.2032,1.3462,1.3462,1.1176,1,30,1,2
B00325,B00325_R2,794,2,2,0.2032,1.6002,1671.53,0.2032,1.6002,1657.96,75,71,13.57,0.2032,0.762,0.4572,0.2032,1.3462,1.3462,0.8128,1,30,1,1
B00326,B00326_R1,795,1,3,0.2032,1.6002,1652.19,0.762,0.2032,1667.67,74,72,-15.48,0.2032,0.762,1.6764,0.7112,1.3462,1.1176,2.032,1,20,0,1
B00326,B00326_R1,796,2,3,0.2032,1.6002,1652.19,0.762,0.2032,1667.67,74,72,-15.48,0.2032,0.762,1.0668,2.54,1.3462,1.1176,2.6416,1,10,0,2
B00326,B00326_R2,797,3,3,0.2032,1.6002,1652.19,0.762,0.2032,1667.67,74,72,-15.48,0.2032,1.143,2.286,0.2032,0.9652,1.4986,3.0226,1,20,1,1
B00327,B00327_R2,798,1,2,1.0668,2.54,1651.4,2.286,0.2032,1651.43,74,72,-0.03,2.54,1.9812,2.286,2.54,2.032,2.032,0.8128,3,30,1,1
B00327,B00327_R1,799,2,2,1.0668,2.54,1651.4,2.286,0.2032,1651.43,74,72,-0.03,0.2032,0.762,1.9812,2.032,2.6416,2.6416,3.556,1,20,0,1
B00328,B00328_R2,800,1,5,1.9812,2.032,1666.53,2.286,2.54,1649.93,75,72,16.6,0.2032,1.143,1.0668,0.2032,3.175,3.4798,1.8034,1,10,1,2
B00328,B00328_R1,801,2,5,1.9812,2.032,1666.53,2.286,2.54,1649.93,75,72,16.6,0.762,0.2032,1.6764,0.7112,3.556,3.8608,1.4224,3,10,0,1
B00328,B00328_R1,802,3,5,1.9812,2.032,1666.53,2.286,2.54,1649.93,75,72,16.6,0.2032,0.762,1.0668,2.54,3.556,3.8608,2.6416,1,10,0,2
B00328,B00328_R2,803,4,5,1.9812,2.032,1666.53,2.286,2.54,1649.93,75,72,16.6,1.0668,0.2032,0.762,2.032,3.2512,3.556,3.2512,3,30,1,3
B00328,B00328_R2,804,5,5,1.9812,2.032,1666.53,2.286,2.54,1649.93,75,72,16.6,0.762,2.032,0.2032,1.6002,1.7272,2.032,1.4986,2,20,1,1
B00329,B00329_R2,805,1,4,1.0668,2.54,1695.88,0.762,2.032,1685.48,76,74,10.4,0.762,0.2032,1.0668,2.54,3.2512,2.9464,3.2512,3,10,1,2
B00329,B00329_R2,806,2,4,1.0668,2.54,1695.88,0.762,2.032,1685.48,76,74,10.4,0.4572,2.54,0.2032,1.6002,1.1176,0.8128,1.1938,2,20,1,1
B00329,B00329_R1,807,3,4,1.0668,2.54,1695.88,0.762,2.032,1685.48,76,74,10.4,1.6764,0.2032,1.9812,0.2032,2.9464,3.2512,0.8128,3,30,0,1
B00329,B00329_R1,808,4,4,1.0668,2.54,1695.88,0.762,2.032,1685.48,76,74,10.4,2.54,1.6002,1.0668,0.2032,2.413,2.7178,2.8702,3,20,0,2
B00330,B00330_R2,809,1,1,1.0668,0.2032,1723.34,1.0668,2.54,1706.62,77,75,16.72,2.54,1.9812,0.2032,1.9812,3.2512,2.032,2.9464,2,10,1,1
B00331,B00331_R1,810,1,1,1.0668,0.2032,1701.1,0.2032,1.9812,1709.73,76,75,-8.63,0.762,2.54,1.9812,0.7112,3.2512,1.1176,3.556,3,20,0,1
B00332,B00332_R2,811,1,2,1.9812,0.7112,1712.94,0.2032,1.9812,1690.29,76,75,22.65,0.762,2.54,0.2032,1.9812,3.556,1.1176,1.1176,2,30,1,1
B00332,B00332_R1,812,2,2,1.9812,0.7112,1712.94,0.2032,1.9812,1690.29,76,75,22.65,1.9812,0.7112,0.2032,1.9812,0.0,3.556,3.556,2,20,0,1
B00333,B00333_R2,813,1,1,0.2032,1.9812,1713.64,0.2032,1.9812,1687.07,76,75,26.57,1.0668,2.032,0.2032,1.6002,1.4224,1.4224,1.8034,2,10,1,1
B00334,B00334_R1,814,1,5,0.2032,1.9812,1693.11,0.2032,1.6002,1682.97,75,75,10.14,1.9812,2.032,1.0668,2.54,2.3368,2.7178,1.4224,3,30,0,2
B00334,B00334_R2,815,2,5,0.2032,1.9812,1693.11,0.2032,1.6002,1682.97,75,75,10.14,0.2032,0.762,0.4572,0.2032,1.7272,1.3462,0.8128,1,20,1,1
B00334,B00334_R2,816,3,5,0.2032,1.9812,1693.11,0.2032,1.6002,1682.97,75,75,10.14,2.54,1.6002,2.54,1.143,2.7178,2.3368,0.9652,3,10,1,3
B00334,B00334_R1,817,4,5,0.2032,1.9812,1693.11,0.2032,1.6002,1682.97,75,75,10.14,1.6764,2.54,1.6764,2.032,2.032,2.413,0.508,3,20,0,1
B00334,B00334_R2,818,5,5,0.2032,1.9812,1693.11,0.2032,1.6002,1682.97,75,75,10.14,0.762,0.2032,0.2032,1.9812,2.3368,1.9558,2.3368,2,10,1,2
B00335,B00335_R1,819,1,4,1.0668,2.54,1703.42,2.54,1.143,1718.32,76,77,-14.9,1.6764,2.032,0.2032,1.9812,1.1176,2.2606,2.032,2,20,0,1
B00335,B00335_R1,820,2,4,1.0668,2.54,1703.42,2.54,1.143,1718.32,76,77,-14.9,2.54,0.762,0.2032,1.9812,3.2512,0.889,3.556,2,10,0,3
B00335,B00335_R1,821,3,4,1.0668,2.54,1703.42,2.54,1.143,1718.32,76,77,-14.9,0.2032,1.143,1.9812,0.7112,2.2606,2.3368,2.7178,1,10,0,2
B00335,B00335_R2,822,4,4,1.0668,2.54,1703.42,2.54,1.143,1718.32,76,77,-14.9,2.286,2.54,0.2032,1.9812,1.7272,1.651,2.6416,2,30,1,1
B00336,B00336_R2,823,1,2,0.2032,1.9812,1748.9,0.2032,1.9812,1719.82,78,77,29.08,1.6764,2.54,1.9812,2.032,2.032,2.032,0.8128,3,20,1,1
B00336,B00336_R2,824,2,2,0.2032,1.9812,1748.9,0.2032,1.9812,1719.82,78,77,29.08,1.9812,0.7112,0.2032,1.6002,3.556,3.556,3.175,2,10,1,2
B00337,B00337_R1,825,1,2,0.2032,1.9812,1727.65,0.2032,1.6002,1745.66,78,78,-18.01,0.762,2.032,0.2032,1.6002,1.1176,1.4986,1.4986,2,10,0,1
B00337,B00337_R1,826,2,2,0.2032,1.9812,1727.65,0.2032,1.6002,1745.66,78,78,-18.01,1.9812,0.2032,0.2032,1.6002,3.556,3.175,3.175,2,10,0,2
B00338,B00338_R2,827,1,3,0.2032,1.6002,1755.32,0.2032,1.6002,1726.33,78,77,28.99,0.2032,1.143,1.0668,2.54,0.9652,0.9652,2.2606,1,30,1,1
B00338,B00338_R2,828,2,3,0.2032,1.6002,1755.32,0.2032,1.6002,1726.33,78,77,28.99,0.2032,1.143,2.286,2.54,0.9652,0.9652,3.4798,1,20,1,2
B00338,B00338_R1,829,3,3,0.2032,1.6002,1755.32,0.2032,1.6002,1726.33,78,77,28.99,0.2032,1.143,1.9812,2.54,0.9652,0.9652,3.175,1,20,0,1
B00339,B00339_R2,830,1,3,1.9812,2.54,1757.63,2.286,2.54,1753.08,78,78,4.55,0.2032,0.762,0.4572,2.54,3.556,3.8608,2.032,1,10,1,2
B00339,B00339_R1,831,2,3,1.9812,2.54,1757.63,2.286,2.54,1753.08,78,78,4.55,2.286,0.2032,0.2032,1.9812,2.6416,2.3368,3.8608,2,10,0,1
B00339,B00339_R2,832,3,3,1.9812,2.54,1757.63,2.286,2.54,1753.08,78,78,4.55,1.6764,2.54,0.2032,1.9812,0.8128,1.1176,2.032,2,10,1,1
B00340,B00340_R1,833,1,1,0.2032,1.9812,1768.35,0.4572,2.54,1774.52,78,79,-6.17,1.0668,0.2032,1.9812,0.7112,2.6416,2.9464,1.4224,3,20,0,1
B00341,B00341_R2,834,1,1,1.9812,0.7112,1769.05,0.4572,2.54,1751.98,78,78,17.07,0.2032,0.762,0.762,0.2032,2.3368,2.032,1.1176,1,30,1,1
B00342,B00342_R1,835,1,2,1.9812,0.7112,1748.81,0.762,0.2032,1750.27,77,78,-1.46,1.6764,2.032,0.2032,1.6002,3.2512,3.2512,2.413,2,10,0,1
B00342,B00342_R2,836,2,2,1.9812,0.7112,1748.81,0.762,0.2032,1750.27,77,78,-1.46,0.2032,1.143,2.286,0.2032,2.7178,1.4986,3.0226,1,20,1,1
B00343,B00343_R1,837,1,2,0.2032,1.6002,1757.92,2.286,0.2032,1751.18,78,78,6.74,1.0668,0.7112,1.9812,2.032,2.2606,1.7272,3.2512,3,20,0,1
B00343,B00343_R2,838,2,2,0.2032,1.6002,1757.92,2.286,0.2032,1751.18,78,78,6.74,2.286,2.54,1.6764,0.7112,3.0226,2.3368,2.9464,3,10,1,1
B00344,B00344_R2,839,1,1,1.9812,2.032,1766.34,1.6764,0.7112,1759.81,78,78,6.53,2.286,0.2032,0.2032,1.9812,2.6416,1.1176,3.8608,2,30,1,1
B00345,B00345_R1,840,1,1,1.9812,2.032,1744.81,0.2032,1.9812,1765.92,76,78,-21.11,0.2032,0.762,1.6764,0.2032,3.556,1.7272,2.032,1,10,0,1
B00346,B00346_R1,841,1,3,1.6764,0.2032,1755.13,0.2032,1.9812,1746.08,77,78,9.05,0.2032,0.762,1.9812,0.2032,2.032,1.7272,2.3368,1,20,0,1
B00346,B00346_R2,842,2,3,1.6764,0.2032,1755.13,0.2032,1.9812,1746.08,77,78,9.05,2.54,1.6002,1.6764,2.032,2.2606,2.7178,1.8034,3,30,1,2
B00346,B00346_R2,843,3,3,1.6764,0.2032,1755.13,0.2032,1.9812,1746.08,77,78,9.05,0.2032,1.143,2.54,1.9812,2.413,1.3462,3.175,1,20,1,1
B00347,B00347_R1,844,1,3,1.9812,0.2032,1756.94,1.6764,2.032,1767.91,77,79,-10.97,0.2032,0.762,0.762,2.54,2.3368,3.2512,2.3368,1,20,0,2
B00347,B00347_R2,845,2,3,1.9812,0.2032,1756.94,1.6764,2.032,1767.91,77,79,-10.97,2.286,2.54,0.2032,1.6002,2.6416,1.1176,3.0226,2,10,1,1
B00347,B00347_R1,846,3,3,1.9812,0.2032,1756.94,1.6764,2.032,1767.91,77,79,-10.97,0.2032,1.143,1.0668,0.7112,2.7178,2.8702,1.8034,1,30,0,1
B00348,B00348_R2,847,1,3,0.762,2.54,1783.59,0.2032,1.6002,1768.61,78,79,14.98,0.4572,0.2032,1.6764,0.2032,2.6416,1.651,1.7272,3,20,1,1
B00348,B00348_R1,848,2,3,0.762,2.54,1783.59,0.2032,1.6002,1768.61,78,79,14.98,0.2032,0.762,1.0668,2.032,2.3368,1.3462,2.6416,1,20,0,1
B00348,B00348_R2,849,3,3,0.762,2.54,1783.59,0.2032,1.6002,1768.61,78,79,14.98,1.9812,0.7112,0.2032,1.9812,3.556,3.175,3.556,2,10,1,2
B00349,B00349_R1,850,1,1,1.0668,2.032,1785.69,0.2032,1.9812,1789.76,78,80,-4.07,0.2032,1.143,2.54,1.143,2.2606,1.3462,2.3368,1,10,0,1
B00350,B00350_R1,851,1,2,2.54,1.143,1790.61,0.2032,1.9812,1769.02,78,79,21.59,2.286,2.54,0.2032,1.6002,1.651,2.6416,3.0226,2,10,0,1
B00350,B00350_R2,852,2,2,2.54,1.143,1790.61,0.2032,1.9812,1769.02,78,79,21.59,1.0668,2.54,0.2032,1.6002,2.8702,1.4224,1.8034,2,30,1,1
B00351,B00351_R2,853,1,3,0.2032,1.6002,1791.61,0.2032,1.6002,1769.22,78,79,22.39,0.762,0.2032,1.9812,2.54,1.9558,1.9558,3.556,3,30,1,1
B00351,B00351_R1,854,2,3,0.2032,1.6002,1791.61,0.2032,1.6002,1769.22,78,79,22.39,1.0668,0.7112,0.2032,1.6002,2.2606,2.2606,2.2606,2,10,0,1
B00351,B00351_R2,855,3,3,0.2032,1.6002,1791.61,0.2032,1.6002,1769.22,78,79,22.39,2.286,2.54,1.0668,0.7112,3.0226,3.0226,3.556,3,10,1,2
B00352,B00352_R2,856,1,1,0.2032,1.6002,1797.42,1.0668,0.7112,1799.59,79,81,-2.17,1.6764,0.2032,1.9812,2.032,2.8702,1.1176,3.2512,3,20,1,1
B00353,B00353_R1,857,1,2,0.2032,1.6002,1774.99,1.9812,2.032,1801.79,77,81,-26.8,0.2032,1.143,0.4572,0.2032,0.9652,3.175,1.1938,1,30,0,1
B00353,B00353_R2,858,2,2,0.2032,1.6002,1774.99,1.9812,2.032,1801.79,77,81,-26.8,1.9812,2.54,1.9812,2.032,2.7178,0.508,0.508,3,30,1,1
B00354,B00354_R2,859,1,2,0.4572,0.2032,1769.87,1.9812,2.032,1792.56,77,81,-22.69,1.9812,2.54,1.6764,2.032,3.8608,0.508,0.8128,3,30,1,1
B00354,B00354_R1,860,2,2,0.4572,0.2032,1769.87,1.9812,2.032,1792.56,77,81,-22.69,0.762,0.7112,0.2032,1.6002,0.8128,3.556,1.9558,2,30,0,1
B00355,B00355_R1,861,1,1,0.2032,1.6002,1768.87,1.6764,2.032,1781.83,77,81,-12.96,1.9812,2.54,0.762,2.032,2.7178,0.8128,1.7272,3,10,0,1
B00356,B00356_R2,862,1,2,0.762,2.032,1771.77,1.6764,2.032,1764.69,78,81,7.08,0.2032,0.762,2.286,2.54,2.3368,3.2512,3.8608,1,20,1,1
B00356,B00356_R1,863,2,2,0.762,2.032,1771.77,1.6764,2.032,1764.69,78,81,7.08,0.2032,1.143,0.4572,0.2032,1.9558,2.8702,1.1938,1,20,0,1
B00357,B00357_R2,864,1,3,0.4572,0.2032,1770.75,2.286,2.54,1776.12,78,81,-5.37,0.4572,2.54,0.2032,1.6002,2.3368,2.3368,1.1938,2,30,1,1
B00357,B00357_R2,865,2,3,0.4572,0.2032,1770.75,2.286,2.54,1776.12,78,81,-5.37,0.2032,0.762,1.9812,2.54,0.8128,3.8608,3.556,1,10,1,2
B00357,B00357_R1,866,3,3,0.4572,0.2032,1770.75,2.286,2.54,1776.12,78,81,-5.37,0.762,0.7112,1.0668,2.032,0.8128,3.8608,3.2512,3,10,0,1
B00358,B00358_R1,867,1,1,1.0668,2.032,1771.15,1.9812,2.54,1801.47,78,82,-30.32,0.2032,0.762,1.6764,2.032,2.6416,3.556,3.2512,1,10,0,1
B00359,B00359_R1,868,1,1,1.6764,2.032,1781.28,1.9812,2.54,1784.03,78,81,-2.75,2.54,1.9812,0.2032,1.6002,1.4224,1.1176,2.7178,2,10,0,1
B00360,B00360_R1,869,1,3,0.2032,1.6002,1783.27,1.9812,2.54,1761.6,79,80,21.67,0.2032,0.762,1.6764,0.2032,1.3462,3.556,2.032,1,30,0,1
B00360,B00360_R2,870,2,3,0.2032,1.6002,1783.27,1.9812,2.54,1761.6,79,80,21.67,2.54,0.762,0.2032,1.9812,3.175,2.3368,3.556,2,30,1,2
B00360,B00360_R2,871,3,3,0.2032,1.6002,1783.27,1.9812,2.54,1761.6,79,80,21.67,2.54,1.6002,0.2032,1.6002,2.3368,1.4986,2.3368,2,10,1,1
B00361,B00361_R1,872,1,5,1.6764,0.2032,1781.77,0.2032,1.9812,1795.46,79,81,-13.69,0.2032,0.762,1.0668,2.54,2.032,1.7272,2.6416,1,10,0,2
B00361,B00361_R1,873,2,5,1.6764,0.2032,1781.77,0.2032,1.9812,1795.46,79,81,-13.69,0.2032,1.143,1.6764,2.54,2.413,1.3462,2.8702,1,20,0,3
B00361,B00361_R2,874,3,5,1.6764,0.2032,1781.77,0.2032,1.9812,1795.46,79,81,-13.69,0.2032,0.762,1.6764,2.032,2.032,1.7272,3.2512,1,20,1,2
B00361,B00361_R2,875,4,5,1.6764,0.2032,1781.77,0.2032,1.9812,1795.46,79,81,-13.69,0.2032,0.762,1.0668,2.54,2.032,1.7272,2.6416,1,10,1,1
B00361,B00361_R1,876,5,5,1.6764,0.2032,1781.77,0.2032,1.9812,1795.46,79,81,-13.69,1.6764,0.7112,0.2032,1.9812,0.508,3.2512,3.2512,2,30,0,1
B00362,B00362_R1,877,1,2,1.6764,2.54,1834.47,1.6764,2.032,1826.73,81,82,7.74,1.0668,2.54,0.2032,1.9812,1.1176,1.1176,1.4224,2,10,0,1
B00362,B00362_R2,878,2,2,1.6764,2.54,1834.47,1.6764,2.032,1826.73,81,82,7.74,0.2032,1.143,0.762,0.2032,2.8702,2.8702,1.4986,1,10,1,1
B00363,B00363_R1,879,1,2,0.2032,1.9812,1825.85,0.762,0.2032,1827.34,81,82,-1.49,0.2032,1.143,1.9812,2.032,1.3462,1.4986,3.175,1,10,0,1
B00363,B00363_R2,880,2,2,0.2032,1.9812,1825.85,0.762,0.2032,1827.34,81,82,-1.49,0.2032,0.762,0.762,0.7112,1.7272,1.1176,1.1176,1,10,1,1
B00364,B00364_R2,881,1,1,1.9812,2.032,1831.87,0.762,0.7112,1824.12,81,83,7.75,0.2032,1.143,1.0668,0.7112,3.175,1.4986,1.8034,1,20,1,1
B00365,B00365_R1,882,1,4,1.9812,2.032,1772.06,1.0668,0.7112,1782.32,78,81,-10.26,1.6764,2.032,0.2032,1.6002,0.8128,2.9464,2.413,2,30,0,1
B00365,B00365_R2,883,2,4,1.9812,2.032,1772.06,1.0668,0.7112,1782.32,78,81,-10.26,2.54,1.6002,0.2032,1.6002,1.4986,2.8702,2.3368,2,20,1,2
B00365,B00365_R2,884,3,4,1.9812,2.032,1772.06,1.0668,0.7112,1782.32,78,81,-10.26,1.0668,0.2032,0.2032,1.6002,3.2512,0.508,2.2606,2,20,1,1
B00365,B00365_R1,885,4,4,1.9812,2.032,1772.06,1.0668,0.7112,1782.32,78,81,-10.26,1.9812,0.7112,0.2032,1.6002,2.9464,1.4224,3.175,2,20,0,2
B00366,B00366_R2,886,1,2,0.2032,1.6002,1800.62,0.2032,1.6002,1804.26,79,83,-3.64,0.4572,0.2032,0.2032,1.9812,1.651,1.651,2.032,2,20,1,1
B00366,B00366_R1,887,2,2,0.2032,1.6002,1800.62,0.2032,1.6002,1804.26,79,83,-3.64,1.9812,0.7112,0.2032,1.9812,3.175,3.175,3.556,2,30,0,1
B00367,B00367_R2,888,1,1,0.2032,1.9812,1813.56,0.2032,1.9812,1803.85,79,83,9.71,0.2032,1.143,2.286,2.54,1.3462,1.3462,3.4798,1,30,1,1
B00368,B00368_R1,889,1,1,0.2032,1.9812,1793.62,2.286,2.54,1807.86,78,83,-14.24,0.2032,0.762,2.54,0.762,1.7272,3.8608,2.9464,1,10,0,1
B00369,B00369_R2,890,1,3,2.54,0.762,1797.23,2.286,2.54,1789.82,78,83,7.41,0.2032,1.143,1.6764,0.7112,2.7178,3.4798,2.413,1,10,1,2
B00369,B00369_R2,891,2,3,2.54,0.762,1797.23,2.286,2.54,1789.82,78,83,7.41,0.2032,1.143,0.4572,2.54,2.7178,3.4798,1.651,1,20,1,1
B00369,B00369_R1,892,3,3,2.54,0.762,1797.23,2.286,2.54,1789.82,78,83,7.41,1.6764,0.7112,1.0668,2.032,1.4224,2.9464,2.9464,3,10,0,1
B00370,B00370_R1,893,1,2,1.0668,2.032,1799.83,1.6764,0.7112,1816.37,78,84,-16.54,1.9812,2.032,0.2032,1.6002,1.4224,3.2512,2.7178,2,10,0,1
B00370,B00370_R2,894,2,2,1.0668,2.032,1799.83,1.6764,0.7112,1816.37,78,84,-16.54,0.2032,0.762,1.9812,2.032,2.6416,2.032,3.556,1,30,1,1
B00371,B00371_R1,895,1,3,0.2032,1.6002,1802.84,1.9812,2.032,1824.49,78,84,-21.65,0.4572,2.54,0.762,2.54,1.1938,2.032,0.8128,3,10,0,1
B00371,B00371_R1,896,2,3,0.2032,1.6002,1802.84,1.9812,2.032,1824.49,78,84,-21.65,0.2032,0.762,1.9812,2.032,1.3462,3.556,3.556,1,10,0,2
B00371,B00371_R2,897,3,3,0.2032,1.6002,1802.84,1.9812,2.032,1824.49,78,84,-21.65,0.2032,0.762,1.6764,2.54,1.3462,3.556,3.2512,1,30,1,1
B00372,B00372_R1,898,1,2,1.9812,2.032,1822.57,1.6764,2.54,1837.12,79,84,-14.55,0.2032,1.143,1.9812,0.2032,3.175,2.8702,2.7178,1,30,0,1
B00372,B00372_R2,899,2,2,1.9812,2.032,1822.57,1.6764,2.54,1837.12,79,84,-14.55,1.0668,0.2032,0.2032,1.6002,3.2512,2.9464,2.2606,2,20,1,1
B00373,B00373_R1,900,1,2,1.9812,0.2032,1834.2,0.2032,1.6002,1843.14,79,84,-8.94,1.0668,0.2032,2.286,2.54,1.4224,2.2606,3.556,3,30,0,1
B00373,B00373_R2,901,2,2,1.9812,0.2032,1834.2,0.2032,1.6002,1843.14,79,84,-8.94,0.2032,0.762,0.4572,0.2032,2.3368,1.3462,0.8128,1,20,1,1
B00374,B00374_R2,902,1,3,2.286,2.54,1839.71,0.4572,0.2032,1837.21,79,84,2.5,0.2032,0.762,1.9812,2.032,3.8608,0.8128,3.556,1,10,1,1
B00374,B00374_R1,903,2,3,2.286,2.54,1839.71,0.4572,0.2032,1837.21,79,84,2.5,1.0668,2.032,0.2032,1.6002,1.7272,2.9464,1.8034,2,10,0,1
B00374,B00374_R1,904,3,3,2.286,2.54,1839.71,0.4572,0.2032,1837.21,79,84,2.5,0.2032,1.143,1.6764,2.032,3.4798,1.1938,2.8702,1,30,0,2
B00375,B00375_R2,905,1,2,1.6764,2.032,1860.65,1.9812,2.032,1841.23,80,84,19.42,1.6764,0.7112,0.2032,1.6002,2.9464,3.2512,2.8702,2,10,1,1
B00375,B00375_R1,906,2,2,1.6764,2.032,1860.65,1.9812,2.032,1841.23,80,84,19.42,0.762,2.032,0.4572,2.54,1.4224,1.7272,0.8128,3,30,0,1
B00376,B00376_R1,907,1,1,0.4572,2.54,1852.02,0.2032,1.6002,1850.84,80,84,1.18,1.0668,2.032,0.2032,1.6002,1.1176,1.8034,1.8034,2,10,0,1
B00377,B00377_R2,908,1,2,0.2032,1.6002,1851.12,0.2032,1.6002,1830.01,80,83,21.11,0.2032,1.143,0.762,0.2032,0.9652,0.9652,1.4986,1,10,1,1
B00377,B00377_R2,909,2,2,0.2032,1.6002,1851.12,0.2032,1.6002,1830.01,80,83,21.11,0.2032,1.143,2.286,2.54,0.9652,0.9652,3.4798,1,30,1,2
B00378,B00378_R1,910,1,1,0.2032,1.6002,1831.88,2.286,2.54,1851.94,80,85,-20.06,0.2032,1.143,1.9812,0.7112,0.9652,3.4798,2.7178,1,30,0,1
B00379,B00379_R1,911,1,1,1.9812,0.7112,1832.78,2.286,2.54,1832.61,80,84,0.17,1.6764,0.7112,0.2032,1.9812,0.8128,2.9464,3.2512,2,30,0,1
B00380,B00380_R1,912,1,3,0.2032,1.9812,1836.79,2.286,2.54,1813.06,80,83,23.73,0.2032,1.143,2.54,1.9812,1.3462,3.4798,3.175,1,30,0,1
B00380,B00380_R2,913,2,3,0.2032,1.9812,1836.79,2.286,2.54,1813.06,80,83,23.73,2.286,0.2032,0.762,0.2032,3.8608,2.3368,2.032,3,20,1,1
B00380,B00380_R2,914,3,3,0.2032,1.9812,1836.79,2.286,2.54,1813.06,80,83,23.73,1.6764,0.7112,0.2032,1.9812,3.2512,2.9464,3.2512,2,30,1,2
B00381,B00381_R1,915,1,4,2.54,1.9812,1838.1,0.2032,1.9812,1838.52,80,84,-0.42,0.2032,1.143,2.286,0.2032,3.175,1.3462,3.0226,1,10,0,2
B00381,B00381_R2,916,2,4,2.54,1.9812,1838.1,0.2032,1.9812,1838.52,80,84,-0.42,0.2032,1.143,1.6764,2.54,3.175,1.3462,2.8702,1,30,1,2
B00381,B00381_R1,917,3,4,2.54,1.9812,1838.1,0.2032,1.9812,1838.52,80,84,-0.42,1.0668,2.54,0.2032,1.6002,2.032,1.4224,1.8034,2,10,0,1
B00381,B00381_R2,918,4,4,2.54,1.9812,1838.1,0.2032,1.9812,1838.52,80,84,-0.42,0.2032,0.762,1.6764,0.7112,3.556,1.7272,2.032,1,20,1,1
B00382,B00382_R1,919,1,2,2.286,0.2032,1861.04,1.6764,2.54,1865.87,81,86,-4.83,0.2032,0.762,0.762,2.032,2.6416,3.2512,2.3368,1,30,0,1
B00382,B00382_R2,920,2,2,2.286,0.2032,1861.04,1.6764,2.54,1865.87,81,86,-4.83,0.2032,1.143,1.6764,2.032,3.0226,2.8702,2.8702,1,30,1,1
B00383,B00383_R1,921,1,1,0.762,2.032,1867.55,1.6764,2.032,1875.59,82,86,-8.04,2.286,2.54,0.2032,1.9812,2.032,1.1176,2.6416,2,10,0,1
B00384,B00384_R2,922,1,4,0.2032,1.9812,1870.26,1.6764,2.032,1853.95,82,85,16.31,1.0668,2.032,0.2032,1.6002,1.4224,1.1176,1.8034,2,20,1,1
B00384,B00384_R2,923,2,4,0.2032,1.9812,1870.26,1.6764,2.032,1853.95,82,85,16.31,0.762,0.2032,0.2032,1.9812,2.3368,3.2512,2.3368,2,30,1,3
B00384,B00384_R1,924,3,4,0.2032,1.9812,1870.26,1.6764,2.032,1853.95,82,85,16.31,0.2032,0.762,1.6764,0.7112,1.7272,3.2512,2.032,1,20,0,1
B00384,B00384_R2,925,4,4,0.2032,1.9812,1870.26,1.6764,2.032,1853.95,82,85,16.31,0.2032,1.143,1.0668,0.2032,1.3462,2.8702,1.8034,1,30,1,2
B00385,B00385_R1,926,1,3,1.6764,0.7112,1870.26,0.2032,1.9812,1887.3,82,87,-17.04,1.0668,2.032,0.2032,1.9812,2.9464,1.4224,1.4224,2,20,0,1
B00385,B00385_R2,927,2,3,1.6764,0.7112,1870.26,0.2032,1.9812,1887.3,82,87,-17.04,0.2032,0.762,2.54,1.143,2.032,1.7272,2.7178,1,30,1,1
B00385,B00385_R1,928,3,3,1.6764,0.7112,1870.26,0.2032,1.9812,1887.3,82,87,-17.04,0.762,2.54,0.4572,0.2032,3.2512,1.1176,2.6416,3,10,0,2
B00386,B00386_R2,929,1,1,0.4572,0.2032,1894.72,2.54,1.143,1889.81,83,87,4.91,0.2032,1.143,1.0668,0.2032,1.1938,2.3368,1.8034,1,30,1,1
B00387,B00387_R1,930,1,1,0.4572,0.2032,1875.57,1.0668,0.2032,1890.81,82,87,-15.24,0.2032,0.762,1.0668,0.7112,0.8128,1.4224,1.4224,1,10,0,1
B00388,B00388_R1,931,1,3,1.0668,0.7112,1869.56,1.0668,0.2032,1872.28,82,86,-2.72,2.54,0.762,0.2032,1.6002,2.032,2.032,3.175,2,30,0,2
B00388,B00388_R1,932,2,3,1.0668,0.7112,1869.56,1.0668,0.2032,1872.28,82,86,-2.72,0.2032,0.762,1.9812,0.7112,1.4224,1.4224,2.3368,1,30,0,1
B00388,B00388_R2,933,3,3,1.0668,0.7112,1869.56,1.0668,0.2032,1872.28,82,86,-2.72,0.4572,2.54,0.2032,1.6002,2.9464,2.9464,1.1938,2,30,1,1
B00389,B00389_R2,934,1,1,0.2032,1.6002,1891.8,0.2032,1.6002,1874.08,83,86,17.72,2.286,2.54,0.2032,1.6002,3.0226,3.0226,3.0226,2,20,1,1
B00390,B00390_R2,935,1,4,0.2032,1.6002,1871.76,0.2032,1.6002,1882.0,82,86,-10.24,2.286,0.2032,0.2032,1.9812,3.4798,3.4798,3.8608,2,20,1,1
B00390,B00390_R1,936,2,4,0.2032,1.6002,1871.76,0.2032,1.6002,1882.0,82,86,-10.24,2.286,0.2032,0.2032,1.6002,3.4798,3.4798,3.4798,2,20,0,3
B00390,B00390_R1,937,3,4,0.2032,1.6002,1871.76,0.2032,1.6002,1882.0,82,86,-10.24,1.6764,2.032,1.9812,0.2032,2.413,2.413,3.2512,3,10,0,2
B00390,B00390_R1,938,4,4,0.2032,1.6002,1871.76,0.2032,1.6002,1882.0,82,86,-10.24,1.6764,2.54,1.0668,2.032,2.413,2.413,1.1176,3,10,0,1
B00391,B00391_R2,939,1,2,0.2032,1.6002,1918.16,0.2032,1.9812,1897.04,84,86,21.12,0.2032,0.762,0.4572,0.2032,1.3462,1.7272,0.8128,1,10,1,1
B00391,B00391_R2,940,2,2,0.2032,1.6002,1918.16,0.2032,1.9812,1897.04,84,86,21.12,0.2032,1.143,1.6764,0.2032,0.9652,1.3462,2.413,1,30,1,2
B00392,B00392_R1,941,1,2,0.2032,1.6002,1877.39,1.6764,0.2032,1893.84,82,86,-16.45,1.0668,2.54,0.2032,1.9812,1.8034,2.9464,1.4224,2,20,0,1
B00392,B00392_R2,942,2,2,0.2032,1.6002,1877.39,1.6764,0.2032,1893.84,82,86,-16.45,0.2032,0.762,2.286,2.54,1.3462,2.032,3.8608,1,20,1,1
B00393,B00393_R1,943,1,1,0.2032,1.9812,1878.18,2.286,2.54,1903.47,83,86,-25.29,1.9812,0.2032,0.2032,1.9812,3.556,2.6416,3.556,2,30,0,1
B00394,B00394_R2,944,1,4,0.2032,1.9812,1890.3,2.286,2.54,1880.02,83,85,10.28,1.9812,2.032,0.2032,1.6002,2.3368,0.8128,2.7178,2,10,1,1
B00394,B00394_R1,945,2,4,0.2032,1.9812,1890.3,2.286,2.54,1880.02,83,85,10.28,2.54,1.6002,0.2032,1.9812,2.7178,1.1938,2.7178,2,30,0,2
B00394,B00394_R2,946,3,4,0.2032,1.9812,1890.3,2.286,2.54,1880.02,83,85,10.28,1.0668,0.2032,0.2032,1.9812,2.6416,3.556,2.6416,2,10,1,2
B00394,B00394_R1,947,4,4,0.2032,1.9812,1890.3,2.286,2.54,1880.02,83,85,10.28,0.2032,1.143,1.9812,2.54,1.3462,3.4798,3.175,1,20,0,1
B00395,B00395_R1,948,1,4,0.2032,1.9812,1897.32,0.2032,1.9812,1886.93,83,86,10.39,0.762,2.032,0.762,2.54,1.1176,1.1176,0.508,3,30,0,1
B00395,B00395_R1,949,2,4,0.2032,1.9812,1897.32,0.2032,1.9812,1886.93,83,86,10.39,0.762,2.54,1.9812,0.2032,1.1176,1.1176,3.556,3,20,0,2
B00395,B00395_R2,950,3,4,0.2032,1.9812,1897.32,0.2032,1.9812,1886.93,83,86,10.39,0.2032,1.143,0.762,0.2032,1.3462,1.3462,1.4986,1,30,1,1
B00395,B00395_R2,951,4,4,0.2032,1.9812,1897.32,0.2032,1.9812,1886.93,83,86,10.39,0.4572,2.54,1.9812,0.7112,0.8128,0.8128,3.8608,3,10,1,2
B00396,B00396_R1,952,1,3,1.9812,0.2032,1910.64,1.9812,0.7112,1916.38,84,88,-5.74,1.0668,0.2032,0.4572,2.54,1.4224,1.4224,2.9464,3,10,0,1
B00396,B00396_R2,953,2,3,1.9812,0.2032,1910.64,1.9812,0.7112,1916.38,84,88,-5.74,2.286,0.2032,1.9812,2.54,0.8128,0.8128,2.6416,3,30,1,1
B00396,B00396_R1,954,3,3,1.9812,0.2032,1910.64,1.9812,0.7112,1916.38,84,88,-5.74,0.2032,0.762,1.0668,2.54,2.3368,2.3368,2.6416,1,20,0,2
B00397,B00397_R2,955,1,1,1.0668,2.54,1935.1,1.9812,2.54,1915.09,85,87,20.01,2.54,0.762,0.2032,1.6002,3.2512,2.3368,3.175,2,10,1,1
B00398,B00398_R1,956,1,1,1.0668,2.54,1914.56,0.2032,1.6002,1923.11,84,87,-8.55,2.54,1.143,0.2032,1.9812,2.8702,2.794,3.175,2,10,0,1
B00399,B00399_R2,957,1,1,0.2032,1.9812,1905.33,0.2032,1.6002,1884.94,84,85,20.39,1.6764,2.54,1.0668,0.7112,2.032,2.413,2.9464,3,30,1,1
B00400,B00400_R2,958,1,2,0.2032,1.9812,1887.29,1.0668,0.7112,1889.25,83,85,-1.96,1.9812,2.032,0.2032,1.6002,2.3368,3.2512,2.7178,2,20,1,1
B00400,B00400_R1,959,2,2,0.2032,1.9812,1887.29,1.0668,0.7112,1889.25,83,85,-1.96,0.762,2.54,0.2032,1.6002,1.1176,3.2512,1.4986,2,30,0,1
B00401,B00401_R2,960,1,2,0.2032,1.6002,1879.98,0.2032,1.6002,1898.07,83,85,-18.09,1.0668,0.7112,0.2032,1.9812,2.2606,2.2606,2.6416,2,20,1,1
B00401,B00401_R1,961,2,2,0.2032,1.6002,1879.98,0.2032,1.6002,1898.07,83,85,-18.09,1.6764,0.2032,0.2032,1.9812,2.8702,2.8702,3.2512,2,20,0,1
B00402,B00402_R1,962,1,1,0.2032,1.9812,1892.7,0.2032,1.9812,1905.69,83,85,-12.99,2.54,1.9812,0.2032,1.9812,2.9464,2.9464,2.9464,2,30,0,1
B00403,B00403_R2,963,1,4,0.2032,1.9812,1899.92,0.2032,1.9812,1885.36,83,84,14.56,1.6764,2.54,0.2032,1.9812,2.032,2.032,2.032,2,20,1,1
B00403,B00403_R1,964,2,4,0.2032,1.9812,1899.92,0.2032,1.9812,1885.36,83,84,14.56,1.0668,2.032,0.2032,1.6002,1.4224,1.4224,1.8034,2,20,0,1
B00403,B00403_R2,965,3,4,0.2032,1.9812,1899.92,0.2032,1.9812,1885.36,83,84,14.56,2.286,0.2032,0.2032,1.9812,3.8608,3.8608,3.8608,2,30,1,2
B00403,B00403_R1,966,4,4,0.2032,1.9812,1899.92,0.2032,1.9812,1885.36,83,84,14.56,1.0668,0.7112,0.2032,1.6002,2.6416,2.6416,2.2606,2,20,0,2
B00404,B00404_R2,967,1,1,0.2032,1.6002,1921.46,0.2032,1.9812,1921.93,84,85,-0.47,1.6764,2.54,2.54,1.9812,2.413,2.032,1.4224,3,20,1,1
B00405,B00405_R1,968,1,2,0.2032,1.6002,1902.02,2.54,1.9812,1924.34,84,85,-22.32,0.2032,0.762,1.9812,2.032,1.3462,3.556,3.556,1,30,0,2
B00405,B00405_R1,969,2,2,0.2032,1.6002,1902.02,2.54,1.9812,1924.34,84,85,-22.32,0.2032,0.762,0.762,2.54,1.3462,3.556,2.3368,1,20,0,1
B00406,B00406_R1,970,1,3,1.9812,2.032,1931.37,2.54,1.9812,1900.7,85,84,30.67,2.286,0.2032,0.2032,1.6002,2.6416,2.032,3.4798,2,20,0,1
B00406,B00406_R2,971,2,3,1.9812,2.032,1931.37,2.54,1.9812,1900.7,85,84,30.67,0.4572,0.2032,0.2032,1.6002,3.8608,3.8608,1.651,2,20,1,2
B00406,B00406_R2,972,3,3,1.9812,2.032,1931.37,2.54,1.9812,1900.7,85,84,30.67,1.0668,2.032,0.4572,0.2032,1.4224,2.032,2.9464,3,10,1,1
B00407,B00407_R2,973,1,1,0.2032,1.6002,1941.9,0.2032,1.6002,1918.83,85,85,23.07,1.6764,2.54,0.762,2.54,2.413,2.413,1.4224,3,20,1,1
B00408,B00408_R1,974,1,1,0.2032,1.6002,1920.56,0.762,2.54,1921.05,84,84,-0.49,0.2032,0.762,1.6764,2.032,1.3462,2.3368,3.2512,1,30,0,1
B00409,B00409_R1,975,1,2,1.6764,2.032,1925.37,0.762,2.54,1899.5,84,84,25.87,1.6764,0.2032,0.2032,1.9812,2.9464,3.2512,3.2512,2,10,0,1
B00409,B00409_R2,976,2,2,1.6764,2.032,1925.37,0.762,2.54,1899.5,84,84,25.87,1.0668,0.7112,2.286,2.54,2.9464,3.2512,3.556,3,10,1,1
B00410,B00410_R2,977,1,4,0.2032,1.9812,1934.19,2.286,2.54,1912.74,84,84,21.45,1.0668,0.2032,1.0668,2.032,2.6416,3.556,2.9464,3,20,1,1
B00410,B00410_R1,978,2,4,0.2032,1.9812,1934.19,2.286,2.54,1912.74,84,84,21.45,0.2032,1.143,0.762,2.032,1.3462,3.4798,1.9558,1,10,0,1
B00410,B00410_R2,979,3,4,0.2032,1.9812,1934.19,2.286,2.54,1912.74,84,84,21.45,1.0668,0.7112,0.762,2.54,2.6416,3.556,3.2512,3,30,1,2
B00410,B00410_R1,980,4,4,0.2032,1.9812,1934.19,2.286,2.54,1912.74,84,84,21.45,0.2032,1.143,0.762,2.032,1.3462,3.4798,1.9558,1,10,0,2
B00411,B00411_R1,981,1,2,0.762,2.032,1955.42,0.762,2.54,1954.03,86,85,1.39,0.2032,0.762,0.4572,2.54,2.3368,2.3368,2.032,1,10,0,1
B00411,B00411_R2,982,2,2,0.762,2.032,1955.42,0.762,2.54,1954.03,86,85,1.39,0.2032,1.143,1.9812,2.032,1.9558,1.9558,3.175,1,20,1,1
B00412,B00412_R1,983,1,4,0.4572,2.54,1958.63,1.9812,2.032,1957.55,86,84,1.08,0.2032,0.762,0.762,0.2032,2.032,3.556,1.1176,1,10,0,1
B00412,B00412_R2,984,2,4,0.4572,2.54,1958.63,1.9812,2.032,1957.55,86,84,1.08,0.762,2.54,0.2032,1.9812,0.8128,1.7272,1.1176,2,30,1,1
B00412,B00412_R1,985,3,4,0.4572,2.54,1958.63,1.9812,2.032,1957.55,86,84,1.08,0.2032,0.762,1.6764,0.7112,2.032,3.556,2.032,1,20,0,2
B00412,B00412_R2,986,4,4,0.4572,2.54,1958.63,1.9812,2.032,1957.55,86,84,1.08,0.2032,0.762,1.0668,0.2032,2.032,3.556,1.4224,1,20,1,2
B00413,B00413_R1,987,1,2,1.6764,0.7112,1974.84,1.0668,0.2032,1975.48,87,85,-0.64,2.54,1.9812,0.2032,1.6002,2.6416,3.2512,2.7178,2,20,0,1
B00413,B00413_R2,988,2,2,1.6764,0.7112,1974.84,1.0668,0.2032,1975.48,87,85,-0.64,0.4572,2.54,0.2032,1.6002,3.556,2.9464,1.1938,2,20,1,1
B00414,B00414_R1,989,1,4,0.2032,1.6002,1978.17,0.2032,1.6002,1980.09,86,85,-1.92,0.762,2.032,0.2032,1.9812,1.4986,1.4986,1.1176,2,20,0,1
B00414,B00414_R2,990,2,4,0.2032,1.6002,1978.17,0.2032,1.6002,1980.09,86,85,-1.92,1.6764,2.54,1.0668,0.7112,2.413,2.413,2.9464,3,20,1,2
B00414,B00414_R2,991,3,4,0.2032,1.6002,1978.17,0.2032,1.6002,1980.09,86,85,-1.92,2.286,2.54,1.6764,2.54,3.0226,3.0226,1.1176,3,20,1,1
B00414,B00414_R1,992,4,4,0.2032,1.6002,1978.17,0.2032,1.6002,1980.09,86,85,-1.92,2.54,0.762,0.2032,1.6002,3.175,3.175,3.175,2,20,0,2
B00415,B00415_R2,993,1,4,0.2032,1.6002,2008.64,1.0668,0.7112,1997.72,87,86,10.92,0.762,0.2032,0.2032,1.6002,1.9558,0.8128,1.9558,2,10,1,1
B00415,B00415_R1,994,2,4,0.2032,1.6002,2008.64,1.0668,0.7112,1997.72,87,86,10.92,0.2032,1.143,0.4572,2.54,0.9652,1.8034,1.651,1,30,0,1
B00415,B00415_R2,995,3,4,0.2032,1.6002,2008.64,1.0668,0.7112,1997.72,87,86,10.92,2.54,0.762,0.2032,1.9812,3.175,2.032,3.556,2,10,1,2
B00415,B00415_R1,996,4,4,0.2032,1.6002,2008.64,1.0668,0.7112,1997.72,87,86,10.92,0.762,2.54,0.4572,2.54,1.4986,3.2512,0.8128,3,10,0,2
B00416,B00416_R1,997,1,4,0.4572,2.54,2018.35,0.2032,1.9812,2027.59,89,87,-9.24,1.0668,2.54,0.2032,1.6002,1.1176,1.4224,1.8034,2,20,0,1
B00416,B00416_R2,998,2,4,0.4572,2.54,2018.35,0.2032,1.9812,2027.59,89,87,-9.24,1.6764,2.032,0.2032,1.6002,1.7272,2.032,2.413,2,10,1,2
B00416,B00416_R2,999,3,4,0.4572,2.54,2018.35,0.2032,1.9812,2027.59,89,87,-9.24,0.2032,1.143,1.6764,2.54,1.651,1.3462,2.8702,1,10,1,1
B00416,B00416_R1,1000,4,4,0.4572,2.54,2018.35,0.2032,1.9812,2027.59,89,87,-9.24,0.4572,0.2032,2.54,1.9812,2.3368,2.032,3.8608,3,20,0,2
