batch_id,group_id,task_id,batch_position,batch_size,r1_next_x,r1_next_y,r1_tuf,r2_next_x,r2_next_y,r2_tuf,r1_queue_length,r2_queue_length,tuf_difference,task_pl_x,task_pl_y,task_dl_x,task_dl_y,r1_dist_to_pickup,r2_dist_to_pickup,task_dist_to_dropoff,task_type,deadline,assigned_robot,sequence_rank
B00001,B00001_R1,1,1,1,1.3716,0.2032,0.0,1.3716,2.54,0.0,0,0,0.0,0.762,0.2032,0.2032,1.9812,1.1176,2.9464,2.3368,2,20,0,1
B00002,B00002_R1,2,1,3,0.2032,1.9812,0.0,1.3716,2.54,0.0,0,0,0.0,2.54,0.762,0.2032,1.6002,3.556,2.9464,3.175,2,10,0,2
B00002,B00002_R1,3,2,3,0.2032,1.9812,0.0,1.3716,2.54,0.0,0,0,0.0,0.2032,1.143,1.9812,0.2032,1.3462,2.5654,2.7178,1,20,0,1
B00002,B00002_R2,4,3,3,0.2032,1.9812,0.0,1.3716,2.54,0.0,0,0,0.0,1.9812,2.032,0.2032,1.6002,2.3368,1.1176,2.7178,2,10,1,1
B00003,B00003_R1,5,1,4,0.2032,1.6002,0.0,0.2032,1.6002,0.0,0,0,0.0,0.762,2.032,0.2032,1.6002,1.4986,1.4986,1.4986,2,30,0,1
B00003,B00003_R2,6,2,4,0.2032,1.6002,0.0,0.2032,1.6002,0.0,0,0,0.0,1.6764,0.2032,0.2032,1.6002,2.8702,2.8702,2.8702,2,30,1,2
B00003,B00003_R1,7,3,4,0.2032,1.6002,0.0,0.2032,1.6002,0.0,0,0,0.0,0.2032,1.143,2.54,1.9812,0.9652,0.9652,3.175,1,30,0,2
B00003,B00003_R2,8,4,4,0.2032,1.6002,0.0,0.2032,1.6002,0.0,0,0,0.0,0.2032,1.143,1.9812,0.2032,0.9652,0.9652,2.7178,1,10,1,1
B00004,B00004_R2,9,1,7,2.54,1.9812,0.0,0.2032,1.6002,0.0,0,0,0.0,0.4572,0.2032,0.2032,1.9812,3.8608,1.651,2.032,2,20,1,2
B00004,B00004_R1,10,2,7,2.54,1.9812,0.0,0.2032,1.6002,0.0,0,0,0.0,0.762,2.032,0.2032,1.6002,2.3368,1.4986,1.4986,2,20,0,1
B00004,B00004_R1,11,3,7,2.54,1.9812,0.0,0.2032,1.6002,0.0,0,0,0.0,0.2032,1.143,1.6764,0.7112,3.175,0.9652,2.413,1,30,0,2
B00004,B00004_R2,12,4,7,2.54,1.9812,0.0,0.2032,1.6002,0.0,0,0,0.0,1.0668,0.2032,0.2032,1.6002,3.2512,2.2606,2.2606,2,20,1,4
B00004,B00004_R2,13,5,7,2.54,1.9812,0.0,0.2032,1.6002,0.0,0,0,0.0,0.2032,1.143,0.762,0.2032,3.175,0.9652,1.4986,1,20,1,1
B00004,B00004_R2,14,6,7,2.54,1.9812,0.0,0.2032,1.6002,0.0,0,0,0.0,0.762,2.54,0.2032,1.6002,2.3368,1.4986,1.4986,2,30,1,3
B00004,B00004_R1,15,7,7,2.54,1.9812,0.0,0.2032,1.6002,0.0,0,0,0.0,1.6764,0.2032,0.2032,1.9812,2.6416,2.8702,3.2512,2,30,0,3
B00005,B00005_R1,16,1,6,0.2032,1.9812,20.84,0.2032,1.6002,40.18,1,2,-19.34,0.2032,0.762,2.286,0.2032,1.7272,1.3462,2.6416,1,30,0,3
B00005,B00005_R1,17,2,6,0.2032,1.9812,20.84,0.2032,1.6002,40.18,1,2,-19.34,1.0668,2.032,0.2032,1.6002,1.4224,1.8034,1.8034,2,30,0,1
B00005,B00005_R1,18,3,6,0.2032,1.9812,20.84,0.2032,1.6002,40.18,1,2,-19.34,1.9812,0.2032,0.2032,1.6002,3.556,3.175,3.175,2,10,0,4
B00005,B00005_R2,19,4,6,0.2032,1.9812,20.84,0.2032,1.6002,40.18,1,2,-19.34,2.54,1.143,0.2032,1.9812,3.175,2.794,3.175,2,30,1,2
B00005,B00005_R1,20,5,6,0.2032,1.9812,20.84,0.2032,1.6002,40.18,1,2,-19.34,0.2032,0.762,1.0668,0.2032,1.7272,1.3462,1.4224,1,30,0,2
B00005,B00005_R2,21,6,6,0.2032,1.9812,20.84,0.2032,1.6002,40.18,1,2,-19.34,0.2032,1.143,2.54,1.6002,1.3462,0.9652,2.794,1,20,1,1
B00006,B00006_R1,22,1,7,0.2032,1.6002,60.71,0.2032,1.9812,43.18,3,2,17.53,0.2032,1.143,2.54,1.143,0.9652,1.3462,2.3368,1,30,0,1
B00006,B00006_R2,23,2,7,0.2032,1.6002,60.71,0.2032,1.9812,43.18,3,2,17.53,2.286,0.2032,0.2032,1.6002,3.4798,3.8608,3.4798,2,10,1,2
B00006,B00006_R2,24,3,7,0.2032,1.6002,60.71,0.2032,1.9812,43.18,3,2,17.53,0.2032,0.762,1.9812,2.032,1.3462,1.7272,3.556,1,30,1,4
B00006,B00006_R1,25,4,7,0.2032,1.6002,60.71,0.2032,1.9812,43.18,3,2,17.53,1.0668,0.7112,0.762,2.032,2.2606,2.6416,3.2512,3,20,0,3
B00006,B00006_R2,26,5,7,0.2032,1.6002,60.71,0.2032,1.9812,43.18,3,2,17.53,0.4572,2.54,1.9812,2.032,1.1938,0.8128,2.032,3,20,1,1
B00006,B00006_R1,27,6,7,0.2032,1.6002,60.71,0.2032,1.9812,43.18,3,2,17.53,2.54,1.143,0.2032,1.9812,2.794,3.175,3.175,2,20,0,2
B00006,B00006_R2,28,7,7,0.2032,1.6002,60.71,0.2032,1.9812,43.18,3,2,17.53,1.0668,0.7112,0.2032,1.6002,2.2606,2.6416,2.2606,2,10,1,3
B00007,B00007_R1,29,1,4,0.762,2.032,82.35,1.9812,2.032,90.38,4,4,-8.03,1.0668,2.54,0.2032,1.9812,0.8128,1.4224,1.4224,2,10,0,1
B00007,B00007_R2,30,2,4,0.762,2.032,82.35,1.9812,2.032,90.38,4,4,-8.03,0.2032,0.762,0.762,0.2032,2.3368,3.556,1.1176,1,10,1,2
B00007,B00007_R2,31,3,4,0.762,2.032,82.35,1.9812,2.032,90.38,4,4,-8.03,1.9812,2.54,2.54,1.6002,1.7272,0.508,1.4986,3,30,1,1
B00007,B00007_R1,32,4,4,0.762,2.032,82.35,1.9812,2.032,90.38,4,4,-8.03,0.2032,1.143,0.4572,2.54,1.9558,3.175,1.651,1,10,0,2
B00008,B00008_R2,33,1,7,0.4572,2.54,77.44,0.762,0.2032,74.13,4,4,3.31,2.54,1.9812,0.2032,1.6002,2.6416,3.556,2.7178,2,30,1,4
B00008,B00008_R2,34,2,7,0.4572,2.54,77.44,0.762,0.2032,74.13,4,4,3.31,0.2032,0.762,0.4572,0.2032,2.032,1.1176,0.8128,1,30,1,1
B00008,B00008_R1,35,3,7,0.4572,2.54,77.44,0.762,0.2032,74.13,4,4,3.31,2.286,2.54,0.2032,1.9812,2.3368,3.8608,2.6416,2,20,0,2
B00008,B00008_R1,36,4,7,0.4572,2.54,77.44,0.762,0.2032,74.13,4,4,3.31,1.9812,0.2032,0.2032,1.9812,3.8608,1.7272,3.556,2,30,0,3
B00008,B00008_R2,37,5,7,0.4572,2.54,77.44,0.762,0.2032,74.13,4,4,3.31,0.2032,0.762,0.762,0.7112,2.032,1.1176,1.1176,1,20,1,2
B00008,B00008_R2,38,6,7,0.4572,2.54,77.44,0.762,0.2032,74.13,4,4,3.31,0.2032,0.762,2.54,1.9812,2.032,1.1176,3.556,1,30,1,3
B00008,B00008_R1,39,7,7,0.4572,2.54,77.44,0.762,0.2032,74.13,4,4,3.31,0.2032,1.143,1.0668,2.54,1.651,1.4986,2.2606,1,30,0,1
B00009,B00009_R2,40,1,3,0.2032,1.9812,105.2,0.2032,1.6002,100.28,5,6,4.92,0.2032,1.143,1.0668,2.032,1.3462,0.9652,2.2606,1,10,1,1
B00009,B00009_R2,41,2,3,0.2032,1.9812,105.2,0.2032,1.6002,100.28,5,6,4.92,0.2032,0.762,0.762,2.54,1.7272,1.3462,2.3368,1,20,1,2
B00009,B00009_R1,42,3,3,0.2032,1.9812,105.2,0.2032,1.6002,100.28,5,6,4.92,0.2032,0.762,2.286,0.2032,1.7272,1.3462,2.6416,1,30,0,1
B00010,B00010_R2,43,1,6,2.286,0.2032,80.57,0.762,2.54,99.18,3,5,-18.61,0.2032,0.762,0.4572,2.54,2.6416,2.3368,2.032,1,10,1,2
B00010,B00010_R1,44,2,6,2.286,0.2032,80.57,0.762,2.54,99.18,3,5,-18.61,0.2032,1.143,2.286,2.54,3.0226,1.9558,3.4798,1,30,0,3
B00010,B00010_R1,45,3,6,2.286,0.2032,80.57,0.762,2.54,99.18,3,5,-18.61,0.2032,1.143,1.9812,2.032,3.0226,1.9558,3.175,1,30,0,2
B00010,B00010_R2,46,4,6,2.286,0.2032,80.57,0.762,2.54,99.18,3,5,-18.61,0.762,2.54,0.2032,1.6002,3.8608,0.0,1.4986,2,30,1,1
B00010,B00010_R1,47,5,6,2.286,0.2032,80.57,0.762,2.54,99.18,3,5,-18.61,2.54,1.143,0.2032,1.9812,1.1938,3.175,3.175,2,10,0,1
B00010,B00010_R2,48,6,6,2.286,0.2032,80.57,0.762,2.54,99.18,3,5,-18.61,0.2032,0.762,1.9812,2.032,2.6416,2.3368,3.556,1,10,1,3
B00011,B00011_R1,49,1,1,2.286,2.54,102.62,1.9812,2.032,120.43,4,6,-17.81,1.9812,2.54,0.2032,1.6002,0.8128,0.508,2.7178,2,20,0,1
B00012,B00012_R2,50,1,5,0.2032,1.6002,76.06,1.9812,2.032,82.77,3,4,-6.71,1.9812,0.2032,1.6764,2.54,3.175,2.9464,3.2512,3,10,1,2
B00012,B00012_R1,51,2,5,0.2032,1.6002,76.06,1.9812,2.032,82.77,3,4,-6.71,1.9812,0.7112,0.2032,1.6002,3.175,2.9464,3.175,2,20,0,2
B00012,B00012_R1,52,3,5,0.2032,1.6002,76.06,1.9812,2.032,82.77,3,4,-6.71,0.2032,1.143,1.9812,0.7112,0.9652,3.175,2.7178,1,10,0,1
B00012,B00012_R1,53,4,5,0.2032,1.6002,76.06,1.9812,2.032,82.77,3,4,-6.71,0.762,0.7112,1.9812,2.54,1.9558,3.556,3.556,3,10,0,3
B00012,B00012_R2,54,5,5,0.2032,1.6002,76.06,1.9812,2.032,82.77,3,4,-6.71,2.54,1.6002,1.0668,2.54,2.3368,1.4986,2.413,3,20,1,1
B00013,B00013_R1,55,1,6,1.9812,2.54,0.0,1.6764,2.54,0.0,0,0,0.0,0.2032,1.143,1.9812,2.54,3.175,2.8702,3.175,1,30,0,3
B00013,B00013_R2,56,2,6,1.9812,2.54,0.0,1.6764,2.54,0.0,0,0,0.0,1.6764,2.032,0.2032,1.6002,0.8128,0.508,2.413,2,10,1,1
B00013,B00013_R2,57,3,6,1.9812,2.54,0.0,1.6764,2.54,0.0,0,0,0.0,0.762,0.7112,0.2032,1.6002,3.556,3.2512,1.9558,2,10,1,2
B00013,B00013_R1,58,4,6,1.9812,2.54,0.0,1.6764,2.54,0.0,0,0,0.0,2.286,0.2032,0.2032,1.6002,2.6416,2.9464,3.4798,2,30,0,1
B00013,B00013_R2,59,5,6,1.9812,2.54,0.0,1.6764,2.54,0.0,0,0,0.0,0.2032,0.762,2.54,1.9812,3.556,3.2512,3.556,1,30,1,3
B00013,B00013_R1,60,6,6,1.9812,2.54,0.0,1.6764,2.54,0.0,0,0,0.0,0.762,0.2032,0.2032,1.6002,3.556,3.2512,1.9558,2,30,0,2
B00014,B00014_R1,61,1,7,1.9812,2.54,0.0,2.54,1.9812,0.0,0,0,0.0,0.2032,0.762,0.762,0.7112,3.556,3.556,1.1176,1,30,0,2
B00014,B00014_R2,62,2,7,1.9812,2.54,0.0,2.54,1.9812,0.0,0,0,0.0,0.2032,0.762,1.0668,2.032,3.556,3.556,2.6416,1,20,1,3
B00014,B00014_R1,63,3,7,1.9812,2.54,0.0,2.54,1.9812,0.0,0,0,0.0,1.6764,2.032,0.2032,1.6002,0.8128,1.4224,2.413,2,10,0,1
B00014,B00014_R2,64,4,7,1.9812,2.54,0.0,2.54,1.9812,0.0,0,0,0.0,2.54,0.762,0.762,0.2032,2.3368,1.7272,2.3368,3,20,1,1
B00014,B00014_R1,65,5,7,1.9812,2.54,0.0,2.54,1.9812,0.0,0,0,0.0,0.2032,1.143,1.0668,2.032,3.175,3.175,2.2606,1,30,0,4
B00014,B00014_R2,66,6,7,1.9812,2.54,0.0,2.54,1.9812,0.0,0,0,0.0,0.762,0.2032,0.2032,1.6002,3.556,3.556,1.9558,2,10,1,2
B00014,B00014_R1,67,7,7,1.9812,2.54,0.0,2.54,1.9812,0.0,0,0,0.0,1.6764,0.2032,0.2032,1.6002,3.2512,2.6416,2.8702,2,30,0,3
B00015,B00015_R1,68,1,6,1.0668,2.032,41.67,1.0668,2.032,21.74,2,1,19.93,1.0668,2.032,1.9812,0.2032,0.0,0.0,3.2512,3,10,0,1
B00015,B00015_R1,69,2,6,1.0668,2.032,41.67,1.0668,2.032,21.74,2,1,19.93,1.6764,0.7112,1.6764,0.2032,2.9464,2.9464,0.508,3,20,0,2
B00015,B00015_R2,70,3,6,1.0668,2.032,41.67,1.0668,2.032,21.74,2,1,19.93,0.762,2.032,0.2032,1.6002,0.8128,0.8128,1.4986,2,30,1,1
B00015,B00015_R2,71,4,6,1.0668,2.032,41.67,1.0668,2.032,21.74,2,1,19.93,1.6764,2.54,0.2032,1.9812,1.1176,1.1176,2.032,2,20,1,3
B00015,B00015_R1,72,5,6,1.0668,2.032,41.67,1.0668,2.032,21.74,2,1,19.93,2.54,1.143,0.2032,1.6002,2.8702,2.8702,2.794,2,20,0,3
B00015,B00015_R2,73,6,6,1.0668,2.032,41.67,1.0668,2.032,21.74,2,1,19.93,0.2032,0.762,0.762,2.032,2.6416,2.6416,2.3368,1,30,1,2
B00016,B00016_R2,74,1,4,0.2032,1.6002,54.19,0.2032,1.9812,40.18,3,2,14.01,0.2032,1.143,1.6764,0.7112,0.9652,1.3462,2.413,1,10,1,2
B00016,B00016_R1,75,2,4,0.2032,1.6002,54.19,0.2032,1.9812,40.18,3,2,14.01,0.2032,1.143,0.762,0.7112,0.9652,1.3462,1.4986,1,20,0,1
B00016,B00016_R2,76,3,4,0.2032,1.6002,54.19,0.2032,1.9812,40.18,3,2,14.01,1.0668,2.54,0.2032,1.6002,1.8034,1.4224,1.8034,2,10,1,1
B00016,B00016_R1,77,4,4,0.2032,1.6002,54.19,0.2032,1.9812,40.18,3,2,14.01,1.9812,0.2032,0.2032,1.9812,3.175,3.556,3.556,2,10,0,2
B00017,B00017_R1,78,1,3,0.2032,1.9812,56.62,1.6764,0.7112,29.46,3,2,27.16,0.4572,2.54,0.2032,1.9812,0.8128,3.556,0.8128,2,30,0,1
B00017,B00017_R2,79,2,3,0.2032,1.9812,56.62,1.6764,0.7112,29.46,3,2,27.16,1.9812,0.2032,2.286,2.54,3.556,0.8128,2.6416,3,10,1,1
B00017,B00017_R2,80,3,3,0.2032,1.9812,56.62,1.6764,0.7112,29.46,3,2,27.16,1.9812,0.7112,0.2032,1.6002,3.556,0.8128,3.175,2,30,1,2
B00018,B00018_R1,81,1,7,0.2032,1.9812,29.46,0.2032,1.6002,42.39,2,2,-12.93,0.2032,1.143,1.9812,0.7112,1.3462,0.9652,2.7178,1,30,0,1
B00018,B00018_R2,82,2,7,0.2032,1.9812,29.46,0.2032,1.6002,42.39,2,2,-12.93,2.54,1.6002,0.762,0.2032,2.7178,2.3368,3.175,3,10,1,3
B00018,B00018_R2,83,3,7,0.2032,1.9812,29.46,0.2032,1.6002,42.39,2,2,-12.93,1.0668,2.54,0.2032,1.6002,1.4224,1.8034,1.8034,2,10,1,2
B00018,B00018_R2,84,4,7,0.2032,1.9812,29.46,0.2032,1.6002,42.39,2,2,-12.93,1.0668,2.54,0.2032,1.9812,1.4224,1.8034,1.4224,2,20,1,1
B00018,B00018_R1,85,5,7,0.2032,1.9812,29.46,0.2032,1.6002,42.39,2,2,-12.93,1.6764,0.7112,0.2032,1.6002,3.2512,2.8702,2.8702,2,10,0,3
B00018,B00018_R1,86,6,7,0.2032,1.9812,29.46,0.2032,1.6002,42.39,2,2,-12.93,1.9812,2.54,0.2032,1.9812,2.3368,2.7178,2.3368,2,10,0,4
B00018,B00018_R1,87,7,7,0.2032,1.9812,29.46,0.2032,1.6002,42.39,2,2,-12.93,1.9812,0.7112,1.6764,0.2032,3.556,3.175,0.8128,3,20,0,2
B00019,B00019_R2,88,1,3,0.2032,1.9812,54.5,0.762,0.2032,55.1,3,3,-0.6,0.2032,1.143,1.9812,0.2032,1.3462,1.4986,2.7178,1,30,1,2
B00019,B00019_R1,89,2,3,0.2032,1.9812,54.5,0.762,0.2032,55.1,3,3,-0.6,2.54,1.6002,0.2032,1.6002,2.7178,3.175,2.3368,2,10,0,1
B00019,B00019_R2,90,3,3,0.2032,1.9812,54.5,0.762,0.2032,55.1,3,3,-0.6,0.762,0.7112,0.2032,1.6002,2.3368,0.508,1.9558,2,30,1,1
B00020,B00020_R2,91,1,5,0.2032,1.6002,51.9,1.9812,0.2032,49.0,2,3,2.9,2.54,0.762,1.6764,2.032,3.175,1.1176,2.6416,3,10,1,1
B00020,B00020_R1,92,2,5,0.2032,1.6002,51.9,1.9812,0.2032,49.0,2,3,2.9,1.0668,0.2032,0.2032,1.9812,2.2606,1.4224,2.6416,2,10,0,2
B00020,B00020_R2,93,3,5,0.2032,1.6002,51.9,1.9812,0.2032,49.0,2,3,2.9,1.9812,2.54,0.2032,1.9812,2.7178,2.9464,2.3368,2,10,1,2
B00020,B00020_R1,94,4,5,0.2032,1.6002,51.9,1.9812,0.2032,49.0,2,3,2.9,0.2032,0.762,0.762,0.2032,1.3462,2.3368,1.1176,1,10,0,1
B00020,B00020_R1,95,5,5,0.2032,1.6002,51.9,1.9812,0.2032,49.0,2,3,2.9,0.4572,2.54,2.54,1.9812,1.1938,3.8608,2.6416,3,30,0,3
B00021,B00021_R2,96,1,7,2.54,1.9812,55.01,0.2032,1.9812,39.27,3,2,15.74,1.6764,0.7112,0.2032,1.9812,2.6416,3.2512,3.2512,2,30,1,3
B00021,B00021_R1,97,2,7,2.54,1.9812,55.01,0.2032,1.9812,39.27,3,2,15.74,2.286,2.54,0.2032,1.6002,0.8128,2.6416,3.0226,2,30,0,3
B00021,B00021_R2,98,3,7,2.54,1.9812,55.01,0.2032,1.9812,39.27,3,2,15.74,1.6764,2.54,0.2032,1.9812,1.4224,2.032,2.032,2,10,1,4
B00021,B00021_R2,99,4,7,2.54,1.9812,55.01,0.2032,1.9812,39.27,3,2,15.74,1.0668,2.032,0.2032,1.9812,2.032,1.4224,1.4224,2,10,1,1
B00021,B00021_R1,100,5,7,2.54,1.9812,55.01,0.2032,1.9812,39.27,3,2,15.74,0.2032,0.762,0.762,2.54,3.556,1.7272,2.3368,1,20,0,2
B00021,B00021_R2,101,6,7,2.54,1.9812,55.01,0.2032,1.9812,39.27,3,2,15.74,0.4572,0.2032,1.0668,0.2032,3.8608,2.032,1.1176,3,10,1,2
B00021,B00021_R1,102,7,7,2.54,1.9812,55.01,0.2032,1.9812,39.27,3,2,15.74,2.54,1.6002,0.2032,1.6002,0.889,2.7178,2.3368,2,10,0,1
B00022,B00022_R2,103,1,2,0.2032,1.6002,78.65,0.2032,1.9812,80.95,4,4,-2.3,1.0668,2.032,0.2032,1.9812,1.8034,1.4224,1.4224,2,10,1,1
B00022,B00022_R1,104,2,2,0.2032,1.6002,78.65,0.2032,1.9812,80.95,4,4,-2.3,0.2032,0.762,0.4572,2.54,1.3462,1.7272,2.032,1,30,0,1
B00023,B00023_R1,105,1,6,0.4572,2.54,11.02,0.2032,1.9812,8.61,1,1,2.41,0.4572,2.54,1.0668,2.032,0.0,0.8128,1.1176,3,30,0,1
B00023,B00023_R1,106,2,6,0.4572,2.54,11.02,0.2032,1.9812,8.61,1,1,2.41,0.2032,1.143,2.54,1.143,1.651,1.3462,2.3368,1,30,0,3
B00023,B00023_R2,107,3,6,0.4572,2.54,11.02,0.2032,1.9812,8.61,1,1,2.41,1.9812,0.2032,0.2032,1.6002,3.8608,3.556,3.175,2,20,1,2
B00023,B00023_R2,108,4,6,0.4572,2.54,11.02,0.2032,1.9812,8.61,1,1,2.41,0.2032,1.143,0.762,2.032,1.651,1.3462,1.9558,1,30,1,3
B00023,B00023_R2,109,5,6,0.4572,2.54,11.02,0.2032,1.9812,8.61,1,1,2.41,0.4572,0.2032,1.6764,0.7112,2.3368,2.032,1.7272,3,30,1,1
B00023,B00023_R1,110,6,6,0.4572,2.54,11.02,0.2032,1.9812,8.61,1,1,2.41,1.0668,2.54,0.2032,1.6002,1.1176,1.4224,1.8034,2,20,0,2
B00024,B00024_R1,111,1,6,2.54,1.143,19.03,0.762,2.032,33.06,1,2,-14.03,0.2032,1.143,1.9812,2.032,2.3368,1.9558,3.175,1,10,0,3
B00024,B00024_R2,112,2,6,2.54,1.143,19.03,0.762,2.032,33.06,1,2,-14.03,0.2032,1.143,1.0668,0.7112,2.3368,1.9558,1.8034,1,20,1,1
B00024,B00024_R1,113,3,6,2.54,1.143,19.03,0.762,2.032,33.06,1,2,-14.03,0.2032,1.143,0.762,2.032,2.3368,1.9558,1.9558,1,10,0,2
B00024,B00024_R2,114,4,6,2.54,1.143,19.03,0.762,2.032,33.06,1,2,-14.03,0.2032,0.762,2.286,0.2032,2.7178,2.3368,2.6416,1,20,1,3
B00024,B00024_R2,115,5,6,2.54,1.143,19.03,0.762,2.032,33.06,1,2,-14.03,0.762,0.2032,2.286,0.2032,2.7178,2.9464,2.032,3,20,1,2
B00024,B00024_R1,116,6,6,2.54,1.143,19.03,0.762,2.032,33.06,1,2,-14.03,2.54,1.6002,0.4572,2.54,0.9652,2.7178,3.0226,3,10,0,1
B00025,B00025_R1,117,1,1,1.9812,2.032,46.49,2.286,0.2032,54.21,2,3,-7.72,0.2032,1.143,1.0668,2.032,3.175,3.0226,2.2606,1,10,0,1
B00026,B00026_R1,118,1,3,1.0668,2.032,11.92,2.286,0.2032,5.21,1,1,6.71,0.762,0.2032,0.2032,1.9812,3.2512,2.032,2.3368,2,30,0,1
B00026,B00026_R2,119,2,3,1.0668,2.032,11.92,2.286,0.2032,5.21,1,1,6.71,1.0668,0.7112,0.2032,1.6002,2.9464,1.7272,2.2606,2,20,1,1
B00026,B00026_R2,120,3,3,1.0668,2.032,11.92,2.286,0.2032,5.21,1,1,6.71,0.2032,1.143,1.6764,2.54,2.2606,3.0226,2.8702,1,30,1,2
B00027,B00027_R2,121,1,4,0.2032,1.9812,0.0,1.6764,2.54,0.0,0,0,0.0,1.9812,2.54,0.2032,1.6002,2.3368,0.8128,2.7178,2,30,1,2
B00027,B00027_R1,122,2,4,0.2032,1.9812,0.0,1.6764,2.54,0.0,0,0,0.0,0.2032,1.143,1.9812,0.7112,1.3462,2.8702,2.7178,1,20,0,2
B00027,B00027_R2,123,3,4,0.2032,1.9812,0.0,1.6764,2.54,0.0,0,0,0.0,2.286,2.54,1.9812,0.7112,2.6416,1.1176,2.6416,3,20,1,1
B00027,B00027_R1,124,4,4,0.2032,1.9812,0.0,1.6764,2.54,0.0,0,0,0.0,0.762,2.54,0.2032,1.6002,1.1176,1.4224,1.4986,2,30,0,1
B00028,B00028_R1,125,1,1,1.9812,0.7112,0.0,0.2032,1.6002,0.0,0,0,0.0,2.54,1.6002,1.9812,0.7112,1.9558,2.3368,1.9558,3,20,0,1
B00029,B00029_R1,126,1,5,1.9812,0.7112,0.0,0.2032,1.6002,0.0,0,0,0.0,1.9812,0.2032,0.2032,1.6002,0.508,3.175,3.175,2,30,0,2
B00029,B00029_R2,127,2,5,1.9812,0.7112,0.0,0.2032,1.6002,0.0,0,0,0.0,0.2032,1.143,2.286,2.54,2.7178,0.9652,3.4798,1,30,1,2
B00029,B00029_R2,128,3,5,1.9812,0.7112,0.0,0.2032,1.6002,0.0,0,0,0.0,1.9812,2.54,0.2032,1.6002,2.9464,2.7178,2.7178,2,20,1,3
B00029,B00029_R2,129,4,5,1.9812,0.7112,0.0,0.2032,1.6002,0.0,0,0,0.0,1.0668,0.7112,0.2032,1.6002,1.4224,2.2606,2.2606,2,10,1,1
B00029,B00029_R1,130,5,5,1.9812,0.7112,0.0,0.2032,1.6002,0.0,0,0,0.0,2.286,0.2032,0.2032,1.9812,0.8128,3.4798,3.8608,2,10,0,1
B00030,B00030_R1,131,1,3,0.2032,1.6002,0.0,0.2032,1.6002,19.94,0,1,-19.94,0.2032,0.762,2.54,1.6002,1.3462,1.3462,3.175,1,30,0,1
B00030,B00030_R2,132,2,3,0.2032,1.6002,0.0,0.2032,1.6002,19.94,0,1,-19.94,2.54,1.143,0.2032,1.6002,2.794,2.794,2.794,2,10,1,1
B00030,B00030_R1,133,3,3,0.2032,1.6002,0.0,0.2032,1.6002,19.94,0,1,-19.94,2.54,0.762,0.2032,1.6002,3.175,3.175,3.175,2,20,0,2
B00031,B00031_R2,134,1,3,0.2032,1.6002,0.0,0.2032,1.6002,0.0,0,0,0.0,1.6764,0.2032,0.2032,1.9812,2.8702,2.8702,3.2512,2,20,1,2
B00031,B00031_R2,135,2,3,0.2032,1.6002,0.0,0.2032,1.6002,0.0,0,0,0.0,0.2032,1.143,1.0668,2.032,0.9652,0.9652,2.2606,1,10,1,1
B00031,B00031_R1,136,3,3,0.2032,1.6002,0.0,0.2032,1.6002,0.0,0,0,0.0,1.6764,0.2032,0.2032,1.9812,2.8702,2.8702,3.2512,2,30,0,1
B00032,B00032_R2,137,1,3,0.2032,1.9812,0.0,0.2032,1.9812,0.0,0,0,0.0,0.2032,0.762,1.0668,0.2032,1.7272,1.7272,1.4224,1,20,1,1
B00032,B00032_R1,138,2,3,0.2032,1.9812,0.0,0.2032,1.9812,0.0,0,0,0.0,2.54,0.762,0.2032,1.9812,3.556,3.556,3.556,2,20,0,1
B00032,B00032_R2,139,3,3,0.2032,1.9812,0.0,0.2032,1.9812,0.0,0,0,0.0,0.762,0.2032,0.2032,1.6002,2.3368,2.3368,1.9558,2,20,1,2
B00033,B00033_R1,140,1,5,0.2032,1.9812,0.0,0.2032,1.6002,0.0,0,0,0.0,1.9812,2.032,0.2032,1.6002,2.3368,2.7178,2.7178,2,10,0,1
B00033,B00033_R2,141,2,5,0.2032,1.9812,0.0,0.2032,1.6002,0.0,0,0,0.0,0.2032,0.762,0.4572,0.2032,1.7272,1.3462,0.8128,1,20,1,1
B00033,B00033_R2,142,3,5,0.2032,1.9812,0.0,0.2032,1.6002,0.0,0,0,0.0,1.6764,0.2032,0.2032,1.9812,3.2512,2.8702,3.2512,2,20,1,3
B00033,B00033_R2,143,4,5,0.2032,1.9812,0.0,0.2032,1.6002,0.0,0,0,0.0,0.2032,0.762,0.762,0.2032,1.7272,1.3462,1.1176,1,20,1,2
B00033,B00033_R1,144,5,5,0.2032,1.9812,0.0,0.2032,1.6002,0.0,0,0,0.0,0.4572,2.54,0.2032,1.9812,0.8128,1.1938,0.8128,2,30,0,2
B00034,B00034_R1,145,1,3,0.2032,1.9812,0.0,0.2032,1.9812,0.0,0,0,0.0,2.54,1.143,2.286,0.2032,3.175,3.175,1.1938,3,20,0,1
B00034,B00034_R2,146,2,3,0.2032,1.9812,0.0,0.2032,1.9812,0.0,0,0,0.0,1.0668,0.2032,0.762,0.7112,2.6416,2.6416,0.8128,3,20,1,2
B00034,B00034_R2,147,3,3,0.2032,1.9812,0.0,0.2032,1.9812,0.0,0,0,0.0,0.2032,1.143,0.4572,0.2032,1.3462,1.3462,1.1938,1,20,1,1
B00035,B00035_R1,148,1,1,2.286,0.2032,0.0,0.762,0.7112,0.0,0,0,0.0,2.54,1.9812,1.0668,2.54,2.032,3.556,2.032,3,10,0,1
B00036,B00036_R1,149,1,2,1.0668,2.54,0.0,0.762,0.7112,0.0,0,0,0.0,0.762,2.54,0.2032,1.6002,0.8128,2.9464,1.4986,2,10,0,1
B00036,B00036_R2,150,2,2,1.0668,2.54,0.0,0.762,0.7112,0.0,0,0,0.0,0.2032,1.143,1.6764,0.2032,2.2606,1.4986,2.413,1,20,1,1
B00037,B00037_R1,151,1,1,0.2032,1.6002,0.0,1.6764,0.2032,0.0,0,0,0.0,0.2032,1.143,0.762,0.2032,0.9652,2.413,1.4986,1,20,0,1
B00038,B00038_R2,152,1,3,0.762,0.2032,0.0,1.6764,0.2032,0.0,0,0,0.0,0.762,2.032,0.2032,1.6002,2.9464,3.2512,1.4986,2,30,1,1
B00038,B00038_R1,153,2,3,0.762,0.2032,0.0,1.6764,0.2032,0.0,0,0,0.0,0.2032,0.762,2.54,1.143,1.1176,2.032,2.7178,1,30,0,2
B00038,B00038_R1,154,3,3,0.762,0.2032,0.0,1.6764,0.2032,0.0,0,0,0.0,0.2032,0.762,0.762,0.2032,1.1176,2.032,1.1176,1,20,0,1
B00039,B00039_R2,155,1,3,2.54,1.143,0.0,0.2032,1.6002,0.0,0,0,0.0,0.2032,1.143,0.4572,2.54,2.3368,0.9652,1.651,1,20,1,1
B00039,B00039_R2,156,2,3,2.54,1.143,0.0,0.2032,1.6002,0.0,0,0,0.0,0.4572,0.2032,0.2032,1.6002,3.0226,1.651,1.651,2,30,1,2
B00039,B00039_R1,157,3,3,2.54,1.143,0.0,0.2032,1.6002,0.0,0,0,0.0,0.4572,0.2032,0.2032,1.6002,3.0226,1.651,1.651,2,30,0,1
B00040,B00040_R2,158,1,3,0.2032,1.6002,0.0,0.2032,1.6002,0.0,0,0,0.0,0.2032,0.762,0.762,0.7112,1.3462,1.3462,1.1176,1,20,1,2
B00040,B00040_R1,159,2,3,0.2032,1.6002,0.0,0.2032,1.6002,0.0,0,0,0.0,0.2032,1.143,1.6764,0.7112,0.9652,0.9652,2.413,1,20,0,1
B00040,B00040_R2,160,3,3,0.2032,1.6002,0.0,0.2032,1.6002,0.0,0,0,0.0,0.762,2.032,0.2032,1.9812,1.4986,1.4986,1.1176,2,10,1,1
B00041,B00041_R1,161,1,4,1.6764,0.7112,0.0,0.762,0.7112,0.0,0,0,0.0,0.2032,1.143,1.6764,0.2032,2.413,1.4986,2.413,1,10,0,2
B00041,B00041_R1,162,2,4,1.6764,0.7112,0.0,0.762,0.7112,0.0,0,0,0.0,1.9812,0.7112,0.2032,1.6002,0.8128,1.7272,3.175,2,30,0,1
B00041,B00041_R2,163,3,4,1.6764,0.7112,0.0,0.762,0.7112,0.0,0,0,0.0,0.762,0.7112,2.54,1.9812,1.4224,0.0,3.556,3,10,1,1
B00041,B00041_R2,164,4,4,1.6764,0.7112,0.0,0.762,0.7112,0.0,0,0,0.0,1.6764,2.54,0.2032,1.6002,2.9464,3.2512,2.413,2,30,1,2
B00042,B00042_R2,165,1,3,1.6764,0.2032,0.0,0.2032,1.6002,0.0,0,0,0.0,0.2032,1.143,0.762,0.2032,2.413,0.9652,1.4986,1,30,1,1
B00042,B00042_R2,166,2,3,1.6764,0.2032,0.0,0.2032,1.6002,0.0,0,0,0.0,0.762,0.7112,0.2032,1.9812,1.4224,1.9558,2.3368,2,30,1,2
B00042,B00042_R1,167,3,3,1.6764,0.2032,0.0,0.2032,1.6002,0.0,0,0,0.0,2.54,0.762,0.4572,0.2032,1.4224,3.175,2.6416,3,10,0,1
B00043,B00043_R2,168,1,6,0.4572,0.2032,0.0,0.2032,1.9812,0.0,0,0,0.0,2.54,1.9812,0.2032,1.9812,3.8608,2.9464,2.9464,2,20,1,2
B00043,B00043_R1,169,2,6,0.4572,0.2032,0.0,0.2032,1.9812,0.0,0,0,0.0,2.54,1.143,0.2032,1.9812,3.0226,3.175,3.175,2,20,0,3
B00043,B00043_R2,170,3,6,0.4572,0.2032,0.0,0.2032,1.9812,0.0,0,0,0.0,1.6764,0.7112,0.2032,1.6002,1.7272,3.2512,2.8702,2,30,1,3
B00043,B00043_R2,171,4,6,0.4572,0.2032,0.0,0.2032,1.9812,0.0,0,0,0.0,0.2032,1.143,2.54,1.9812,1.1938,1.3462,3.175,1,10,1,1
B00043,B00043_R1,172,5,6,0.4572,0.2032,0.0,0.2032,1.9812,0.0,0,0,0.0,0.762,0.2032,0.2032,1.9812,0.8128,2.3368,2.3368,2,20,0,1
B00043,B00043_R1,173,6,6,0.4572,0.2032,0.0,0.2032,1.9812,0.0,0,0,0.0,0.762,2.54,0.2032,1.6002,2.6416,1.1176,1.4986,2,20,0,2
B00044,B00044_R1,174,1,4,0.2032,1.9812,0.0,0.2032,1.6002,0.0,0,0,0.0,0.2032,1.143,2.54,1.6002,1.3462,0.9652,2.794,1,30,0,1
B00044,B00044_R2,175,2,4,0.2032,1.9812,0.0,0.2032,1.6002,0.0,0,0,0.0,1.9812,2.032,0.2032,1.9812,2.3368,2.7178,2.3368,2,20,1,2
B00044,B00044_R2,176,3,4,0.2032,1.9812,0.0,0.2032,1.6002,0.0,0,0,0.0,2.54,0.762,1.9812,2.032,3.556,3.175,2.3368,3,20,1,1
B00044,B00044_R1,177,4,4,0.2032,1.9812,0.0,0.2032,1.6002,0.0,0,0,0.0,1.6764,0.7112,0.2032,1.9812,3.2512,2.8702,3.2512,2,10,0,2
B00045,B00045_R2,178,1,5,0.2032,1.9812,0.0,0.2032,1.9812,0.0,0,0,0.0,1.0668,2.54,0.2032,1.6002,1.4224,1.4224,1.8034,2,20,1,1
B00045,B00045_R2,179,2,5,0.2032,1.9812,0.0,0.2032,1.9812,0.0,0,0,0.0,0.2032,1.143,1.6764,0.7112,1.3462,1.3462,2.413,1,10,1,2
B00045,B00045_R1,180,3,5,0.2032,1.9812,0.0,0.2032,1.9812,0.0,0,0,0.0,0.4572,0.2032,0.4572,2.54,2.032,2.032,2.3368,3,10,0,1
B00045,B00045_R2,181,4,5,0.2032,1.9812,0.0,0.2032,1.9812,0.0,0,0,0.0,1.0668,0.2032,0.2032,1.9812,2.6416,2.6416,2.6416,2,20,1,3
B00045,B00045_R1,182,5,5,0.2032,1.9812,0.0,0.2032,1.9812,0.0,0,0,0.0,0.2032,0.762,2.286,2.54,1.7272,1.7272,3.8608,1,20,0,2
B00046,B00046_R2,183,1,6,2.286,2.54,0.0,0.2032,1.9812,0.0,0,0,0.0,1.9812,0.7112,1.0668,0.7112,2.6416,3.556,1.4224,3,20,1,2
B00046,B00046_R1,184,2,6,2.286,2.54,0.0,0.2032,1.9812,0.0,0,0,0.0,2.54,1.6002,0.762,2.032,1.1938,2.7178,2.7178,3,10,0,1
B00046,B00046_R1,185,3,6,2.286,2.54,0.0,0.2032,1.9812,0.0,0,0,0.0,0.2032,0.762,0.4572,2.54,3.8608,1.7272,2.032,1,30,0,3
B00046,B00046_R1,186,4,6,2.286,2.54,0.0,0.2032,1.9812,0.0,0,0,0.0,1.9812,2.032,0.2032,1.6002,0.8128,2.3368,2.7178,2,30,0,2
B00046,B00046_R2,187,5,6,2.286,2.54,0.0,0.2032,1.9812,0.0,0,0,0.0,0.762,2.54,1.6764,0.2032,2.032,1.1176,3.2512,3,20,1,1
B00046,B00046_R2,188,6,6,2.286,2.54,0.0,0.2032,1.9812,0.0,0,0,0.0,1.6764,0.2032,0.2032,1.9812,2.9464,3.2512,3.2512,2,30,1,3
B00047,B00047_R1,189,1,6,0.4572,2.54,19.34,0.2032,1.9812,23.25,1,1,-3.91,0.762,2.032,0.2032,1.9812,0.8128,1.1176,1.1176,2,30,0,1
B00047,B00047_R2,190,2,6,0.4572,2.54,19.34,0.2032,1.9812,23.25,1,1,-3.91,1.9812,2.54,2.286,2.54,2.032,2.3368,0.8128,3,10,1,2
B00047,B00047_R2,191,3,6,0.4572,2.54,19.34,0.2032,1.9812,23.25,1,1,-3.91,1.6764,2.54,0.2032,1.9812,1.7272,2.032,2.032,2,20,1,3
B00047,B00047_R2,192,4,6,0.4572,2.54,19.34,0.2032,1.9812,23.25,1,1,-3.91,0.762,2.032,0.2032,1.9812,0.8128,1.1176,1.1176,2,10,1,1
B00047,B00047_R1,193,5,6,0.4572,2.54,19.34,0.2032,1.9812,23.25,1,1,-3.91,2.54,0.762,0.2032,1.9812,3.8608,3.556,3.556,2,30,0,3
B00047,B00047_R1,194,6,6,0.4572,2.54,19.34,0.2032,1.9812,23.25,1,1,-3.91,0.762,0.2032,0.762,0.7112,2.6416,2.3368,0.508,3,30,0,2
B00048,B00048_R2,195,1,1,0.2032,1.9812,46.49,0.2032,1.9812,36.86,2,2,9.63,0.762,2.54,0.2032,1.9812,1.1176,1.1176,1.1176,2,30,1,1
B00049,B00049_R1,196,1,3,0.2032,1.9812,0.0,0.2032,1.9812,7.41,0,1,-7.41,0.2032,0.762,1.0668,0.2032,1.7272,1.7272,1.4224,1,10,0,1
B00049,B00049_R1,197,2,3,0.2032,1.9812,0.0,0.2032,1.9812,7.41,0,1,-7.41,2.54,0.762,1.0668,2.54,3.556,3.556,3.2512,3,30,0,2
B00049,B00049_R2,198,3,3,0.2032,1.9812,0.0,0.2032,1.9812,7.41,0,1,-7.41,0.2032,1.143,1.0668,2.032,1.3462,1.3462,2.2606,1,30,1,1
B00050,B00050_R1,199,1,2,1.0668,2.54,0.0,1.0668,2.032,0.0,0,0,0.0,0.762,2.032,0.2032,1.6002,0.8128,0.8128,1.4986,2,10,0,1
B00050,B00050_R2,200,2,2,1.0668,2.54,0.0,1.0668,2.032,0.0,0,0,0.0,0.2032,0.762,2.54,1.6002,2.6416,2.6416,3.175,1,10,1,1
B00051,B00051_R2,201,1,3,0.2032,1.6002,0.0,2.54,1.6002,0.0,0,0,0.0,2.54,1.6002,0.2032,1.9812,2.3368,0.0,2.7178,2,20,1,1
B00051,B00051_R2,202,2,3,0.2032,1.6002,0.0,2.54,1.6002,0.0,0,0,0.0,0.4572,2.54,0.2032,1.6002,1.1938,3.0226,1.1938,2,20,1,2
B00051,B00051_R1,203,3,3,0.2032,1.6002,0.0,2.54,1.6002,0.0,0,0,0.0,1.0668,2.54,2.286,0.2032,1.8034,2.413,3.556,3,30,0,1
B00052,B00052_R1,204,1,4,2.286,0.2032,0.0,0.2032,1.6002,0.0,0,0,0.0,1.9812,2.54,0.2032,1.6002,2.6416,2.7178,2.7178,2,10,0,2
B00052,B00052_R1,205,2,4,2.286,0.2032,0.0,0.2032,1.6002,0.0,0,0,0.0,2.54,0.762,2.286,2.54,0.8128,3.175,2.032,3,30,0,1
B00052,B00052_R2,206,3,4,2.286,0.2032,0.0,0.2032,1.6002,0.0,0,0,0.0,0.762,0.2032,0.2032,1.6002,2.032,1.9558,1.9558,2,20,1,1
B00052,B00052_R2,207,4,4,2.286,0.2032,0.0,0.2032,1.6002,0.0,0,0,0.0,0.2032,1.143,1.0668,2.032,3.0226,0.9652,2.2606,1,30,1,2
B00053,B00053_R1,208,1,6,0.2032,1.6002,0.0,1.0668,2.032,0.0,0,0,0.0,0.2032,0.762,1.0668,2.54,1.3462,2.6416,2.6416,1,30,0,2
B00053,B00053_R2,209,2,6,0.2032,1.6002,0.0,1.0668,2.032,0.0,0,0,0.0,2.286,2.54,0.762,2.54,3.0226,1.7272,2.032,3,10,1,1
B00053,B00053_R2,210,3,6,0.2032,1.6002,0.0,1.0668,2.032,0.0,0,0,0.0,0.762,2.54,0.2032,1.6002,1.4986,0.8128,1.4986,2,10,1,2
B00053,B00053_R1,211,4,6,0.2032,1.6002,0.0,1.0668,2.032,0.0,0,0,0.0,0.2032,1.143,0.762,0.7112,0.9652,2.2606,1.4986,1,10,0,1
B00053,B00053_R2,212,5,6,0.2032,1.6002,0.0,1.0668,2.032,0.0,0,0,0.0,2.286,2.54,0.2032,1.6002,3.0226,1.7272,3.0226,2,20,1,3
B00053,B00053_R1,213,6,6,0.2032,1.6002,0.0,1.0668,2.032,0.0,0,0,0.0,1.0668,2.54,0.2032,1.9812,1.8034,0.508,1.4224,2,30,0,3
B00054,B00054_R2,214,1,6,0.2032,1.9812,11.61,0.2032,1.6002,29.86,1,1,-18.25,1.9812,2.54,1.0668,0.2032,2.3368,2.7178,3.2512,3,10,1,2
B00054,B00054_R1,215,2,6,0.2032,1.9812,11.61,0.2032,1.6002,29.86,1,1,-18.25,1.9812,0.2032,0.762,0.7112,3.556,3.175,1.7272,3,30,0,2
B00054,B00054_R2,216,3,6,0.2032,1.9812,11.61,0.2032,1.6002,29.86,1,1,-18.25,1.6764,2.54,0.2032,1.6002,2.032,2.413,2.413,2,20,1,1
B00054,B00054_R1,217,4,6,0.2032,1.9812,11.61,0.2032,1.6002,29.86,1,1,-18.25,2.54,0.762,1.0668,0.2032,3.556,3.175,2.032,3,20,0,4
B00054,B00054_R1,218,5,6,0.2032,1.9812,11.61,0.2032,1.6002,29.86,1,1,-18.25,0.2032,0.762,0.762,0.2032,1.7272,1.3462,1.1176,1,30,0,3
B00054,B00054_R1,219,6,6,0.2032,1.9812,11.61,0.2032,1.6002,29.86,1,1,-18.25,0.2032,1.143,1.6764,0.7112,1.3462,0.9652,2.413,1,10,0,1
B00055,B00055_R1,220,1,7,1.0668,0.2032,54.1,1.0668,0.2032,29.56,3,1,24.54,0.2032,0.762,1.9812,2.54,1.4224,1.4224,3.556,1,30,0,1
B00055,B00055_R2,221,2,7,1.0668,0.2032,54.1,1.0668,0.2032,29.56,3,1,24.54,0.762,2.032,0.2032,1.6002,3.2512,3.2512,1.4986,2,20,1,3
B00055,B00055_R2,222,3,7,1.0668,0.2032,54.1,1.0668,0.2032,29.56,3,1,24.54,0.4572,0.2032,0.2032,1.9812,1.1176,1.1176,2.032,2,10,1,1
B00055,B00055_R2,223,4,7,1.0668,0.2032,54.1,1.0668,0.2032,29.56,3,1,24.54,0.762,2.032,1.9812,2.032,3.2512,3.2512,1.7272,3,30,1,4
B00055,B00055_R2,224,5,7,1.0668,0.2032,54.1,1.0668,0.2032,29.56,3,1,24.54,1.0668,2.032,0.762,2.54,2.9464,2.9464,0.8128,3,10,1,2
B00055,B00055_R1,225,6,7,1.0668,0.2032,54.1,1.0668,0.2032,29.56,3,1,24.54,2.54,1.9812,0.2032,1.9812,3.2512,3.2512,2.9464,2,30,0,2
B00055,B00055_R2,226,7,7,1.0668,0.2032,54.1,1.0668,0.2032,29.56,3,1,24.54,1.9812,2.032,2.54,0.762,3.2512,3.2512,2.3368,3,20,1,5
B00056,B00056_R1,227,1,6,0.2032,1.9812,58.71,2.54,0.762,58.08,3,4,0.63,1.0668,2.54,0.2032,1.9812,1.4224,3.2512,1.4224,2,30,0,2
B00056,B00056_R1,228,2,6,0.2032,1.9812,58.71,2.54,0.762,58.08,3,4,0.63,0.2032,0.762,2.54,0.762,1.7272,2.9464,2.9464,1,10,0,3
B00056,B00056_R2,229,3,6,0.2032,1.9812,58.71,2.54,0.762,58.08,3,4,0.63,0.762,0.7112,1.9812,0.7112,2.3368,2.3368,1.7272,3,30,1,2
B00056,B00056_R1,230,4,6,0.2032,1.9812,58.71,2.54,0.762,58.08,3,4,0.63,0.2032,1.143,1.0668,2.54,1.3462,2.7178,2.2606,1,10,0,1
B00056,B00056_R2,231,5,6,0.2032,1.9812,58.71,2.54,0.762,58.08,3,4,0.63,1.0668,0.7112,0.2032,1.9812,2.6416,2.032,2.6416,2,30,1,3
B00056,B00056_R2,232,6,6,0.2032,1.9812,58.71,2.54,0.762,58.08,3,4,0.63,0.762,0.2032,0.2032,1.6002,2.3368,2.3368,1.9558,2,10,1,1
B00057,B00057_R1,233,1,2,2.54,0.762,33.06,0.2032,1.9812,53.3,2,3,-20.24,1.9812,2.032,0.2032,1.6002,2.3368,2.3368,2.7178,2,20,0,1
B00057,B00057_R2,234,2,2,2.54,0.762,33.06,0.2032,1.9812,53.3,2,3,-20.24,0.2032,1.143,1.6764,0.7112,2.7178,1.3462,2.413,1,10,1,1
B00058,B00058_R2,235,1,4,0.2032,1.6002,0.0,1.6764,0.7112,0.0,0,0,0.0,1.6764,0.7112,0.2032,1.6002,2.8702,0.0,2.8702,2,10,1,1
B00058,B00058_R1,236,2,4,0.2032,1.6002,0.0,1.6764,0.7112,0.0,0,0,0.0,1.0668,2.54,2.54,1.143,1.8034,2.9464,2.8702,3,10,0,2
B00058,B00058_R2,237,3,4,0.2032,1.6002,0.0,1.6764,0.7112,0.0,0,0,0.0,0.2032,0.762,1.6764,2.54,1.3462,2.032,3.2512,1,10,1,2
B00058,B00058_R1,238,4,4,0.2032,1.6002,0.0,1.6764,0.7112,0.0,0,0,0.0,0.2032,0.762,0.4572,2.54,1.3462,2.032,2.032,1,10,0,1
B00059,B00059_R2,239,1,4,2.54,1.143,0.0,1.6764,2.54,0.0,0,0,0.0,0.2032,0.762,0.4572,0.2032,2.7178,3.2512,0.8128,1,30,1,2
B00059,B00059_R2,240,2,4,2.54,1.143,0.0,1.6764,2.54,0.0,0,0,0.0,1.6764,2.032,0.2032,1.6002,2.2606,0.508,2.413,2,30,1,1
B00059,B00059_R1,241,3,4,2.54,1.143,0.0,1.6764,2.54,0.0,0,0,0.0,0.762,0.2032,0.2032,1.6002,2.7178,3.2512,1.9558,2,20,0,2
B00059,B00059_R1,242,4,4,2.54,1.143,0.0,1.6764,2.54,0.0,0,0,0.0,0.2032,1.143,1.0668,0.7112,2.3368,2.8702,1.8034,1,10,0,1
B00060,B00060_R2,243,1,5,0.2032,1.6002,0.0,0.4572,0.2032,0.0,0,0,0.0,0.2032,0.762,0.762,2.54,1.3462,0.8128,2.3368,1,10,1,1
B00060,B00060_R1,244,2,5,0.2032,1.6002,0.0,0.4572,0.2032,0.0,0,0,0.0,2.286,2.54,0.2032,1.9812,3.0226,4.1656,2.6416,2,10,0,2
B00060,B00060_R1,245,3,5,0.2032,1.6002,0.0,0.4572,0.2032,0.0,0,0,0.0,0.2032,0.762,1.9812,0.7112,1.3462,0.8128,2.3368,1,10,0,1
B00060,B00060_R2,246,4,5,0.2032,1.6002,0.0,0.4572,0.2032,0.0,0,0,0.0,1.0668,2.032,0.2032,1.6002,1.8034,2.9464,1.8034,2,20,1,3
B00060,B00060_R2,247,5,5,0.2032,1.6002,0.0,0.4572,0.2032,0.0,0,0,0.0,0.762,2.032,0.2032,1.6002,1.4986,2.6416,1.4986,2,10,1,2
B00061,B00061_R1,248,1,2,0.2032,1.9812,0.0,0.2032,1.6002,20.24,0,1,-20.24,2.286,0.2032,0.2032,1.9812,3.8608,3.4798,3.8608,2,10,0,1
B00061,B00061_R2,249,2,2,0.2032,1.9812,0.0,0.2032,1.6002,20.24,0,1,-20.24,0.762,0.7112,0.2032,1.9812,2.3368,1.9558,2.3368,2,30,1,1
B00062,B00062_R2,250,1,6,0.2032,1.9812,0.0,0.2032,1.9812,0.0,0,0,0.0,2.286,0.2032,0.2032,1.9812,3.8608,3.8608,3.8608,2,30,1,3
B00062,B00062_R2,251,2,6,0.2032,1.9812,0.0,0.2032,1.9812,0.0,0,0,0.0,0.2032,0.762,0.762,2.54,1.7272,1.7272,2.3368,1,10,1,1
B00062,B00062_R2,252,3,6,0.2032,1.9812,0.0,0.2032,1.9812,0.0,0,0,0.0,1.6764,2.032,2.54,1.143,2.032,2.032,2.2606,3,30,1,2
B00062,B00062_R1,253,4,6,0.2032,1.9812,0.0,0.2032,1.9812,0.0,0,0,0.0,2.286,2.54,0.2032,1.9812,2.6416,2.6416,2.6416,2,30,0,3
B00062,B00062_R1,254,5,6,0.2032,1.9812,0.0,0.2032,1.9812,0.0,0,0,0.0,0.4572,0.2032,0.2032,1.6002,2.032,2.032,1.651,2,10,0,1
B00062,B00062_R1,255,6,6,0.2032,1.9812,0.0,0.2032,1.9812,0.0,0,0,0.0,0.2032,1.143,0.4572,2.54,1.3462,1.3462,1.651,1,30,0,2
B00063,B00063_R1,256,1,5,0.2032,1.9812,25.65,0.2032,1.9812,25.95,1,1,-0.3,0.2032,1.143,2.286,2.54,1.3462,1.3462,3.4798,1,20,0,3
B00063,B00063_R1,257,2,5,0.2032,1.9812,25.65,0.2032,1.9812,25.95,1,1,-0.3,1.0668,0.2032,0.2032,1.6002,2.6416,2.6416,2.2606,2,10,0,2
B00063,B00063_R1,258,3,5,0.2032,1.9812,25.65,0.2032,1.9812,25.95,1,1,-0.3,0.2032,0.762,1.0668,0.2032,1.7272,1.7272,1.4224,1,10,0,1
B00063,B00063_R2,259,4,5,0.2032,1.9812,25.65,0.2032,1.9812,25.95,1,1,-0.3,0.2032,0.762,1.9812,2.54,1.7272,1.7272,3.556,1,30,1,2
B00063,B00063_R2,260,5,5,0.2032,1.9812,25.65,0.2032,1.9812,25.95,1,1,-0.3,0.2032,0.762,1.6764,0.2032,1.7272,1.7272,2.032,1,10,1,1
B00064,B00064_R2,261,1,3,2.286,2.54,38.47,1.9812,2.54,28.06,2,1,10.41,1.9812,0.2032,0.762,2.54,2.6416,2.9464,3.556,3,30,1,2
B00064,B00064_R2,262,2,3,2.286,2.54,38.47,1.9812,2.54,28.06,2,1,10.41,1.6764,2.54,0.762,2.032,1.1176,0.8128,1.4224,3,20,1,1
B00064,B00064_R1,263,3,3,2.286,2.54,38.47,1.9812,2.54,28.06,2,1,10.41,2.54,1.143,0.2032,1.9812,1.651,1.9558,3.175,2,30,0,1
B00065,B00065_R1,264,1,6,0.2032,1.9812,18.53,0.762,2.54,34.07,1,1,-15.54,1.9812,2.032,1.9812,0.2032,2.3368,1.7272,2.9464,3,20,0,4
B00065,B00065_R2,265,2,6,0.2032,1.9812,18.53,0.762,2.54,34.07,1,1,-15.54,1.6764,2.032,0.2032,1.6002,2.032,1.4224,2.413,2,30,1,1
B00065,B00065_R1,266,3,6,0.2032,1.9812,18.53,0.762,2.54,34.07,1,1,-15.54,0.2032,1.143,1.0668,2.54,1.3462,1.9558,2.2606,1,30,0,1
B00065,B00065_R1,267,4,6,0.2032,1.9812,18.53,0.762,2.54,34.07,1,1,-15.54,1.0668,2.54,0.2032,1.9812,1.4224,0.8128,1.4224,2,30,0,2
B00065,B00065_R2,268,5,6,0.2032,1.9812,18.53,0.762,2.54,34.07,1,1,-15.54,1.0668,2.032,1.9812,0.7112,1.4224,0.8128,3.2512,3,10,1,2
B00065,B00065_R1,269,6,6,0.2032,1.9812,18.53,0.762,2.54,34.07,1,1,-15.54,1.0668,2.032,2.54,1.9812,1.4224,0.8128,2.032,3,20,0,3
B00066,B00066_R1,270,1,7,1.9812,0.2032,50.29,1.9812,0.7112,21.04,3,1,29.25,0.2032,0.762,2.54,0.762,2.3368,2.3368,2.9464,1,20,0,2
B00066,B00066_R2,271,2,7,1.9812,0.2032,50.29,1.9812,0.7112,21.04,3,1,29.25,0.762,2.54,0.2032,1.9812,3.556,3.556,1.1176,2,10,1,2
B00066,B00066_R2,272,3,7,1.9812,0.2032,50.29,1.9812,0.7112,21.04,3,1,29.25,1.0668,2.032,0.2032,1.9812,3.2512,3.2512,1.4224,2,30,1,4
B00066,B00066_R2,273,4,7,1.9812,0.2032,50.29,1.9812,0.7112,21.04,3,1,29.25,0.2032,1.143,2.54,1.9812,2.7178,2.7178,3.175,1,10,1,5
B00066,B00066_R1,274,5,7,1.9812,0.2032,50.29,1.9812,0.7112,21.04,3,1,29.25,0.2032,0.762,1.9812,0.7112,2.3368,2.3368,2.3368,1,10,0,1
B00066,B00066_R2,275,6,7,1.9812,0.2032,50.29,1.9812,0.7112,21.04,3,1,29.25,0.762,2.032,0.2032,1.9812,3.556,3.556,1.1176,2,30,1,3
B00066,B00066_R2,276,7,7,1.9812,0.2032,50.29,1.9812,0.7112,21.04,3,1,29.25,1.6764,0.2032,0.2032,1.6002,0.8128,0.8128,2.8702,2,20,1,1
B00067,B00067_R1,277,1,3,2.54,0.762,65.94,2.54,1.9812,63.31,3,4,2.63,0.762,0.2032,0.2032,1.6002,2.3368,3.556,1.9558,2,10,0,1
B00067,B00067_R2,278,2,3,2.54,0.762,65.94,2.54,1.9812,63.31,3,4,2.63,1.6764,2.54,0.2032,1.9812,2.6416,1.4224,2.032,2,20,1,1
B00067,B00067_R2,279,3,3,2.54,0.762,65.94,2.54,1.9812,63.31,3,4,2.63,1.0668,2.032,0.2032,1.9812,3.2512,2.032,1.4224,2,20,1,2
B00068,B00068_R1,280,1,1,0.2032,1.6002,37.57,0.2032,1.9812,69.33,2,4,-31.76,0.762,0.2032,0.2032,1.9812,1.9558,2.3368,2.3368,2,10,0,1
B00069,B00069_R1,281,1,1,0.2032,1.9812,11.22,0.2032,1.9812,21.23,1,2,-10.01,0.762,2.032,0.762,0.2032,1.1176,1.1176,2.9464,3,10,0,1
B00070,B00070_R2,282,1,3,0.762,0.2032,0.0,0.2032,1.9812,0.0,0,0,0.0,2.54,1.9812,0.2032,1.9812,3.556,2.9464,2.9464,2,20,1,1
B00070,B00070_R1,283,2,3,0.762,0.2032,0.0,0.2032,1.9812,0.0,0,0,0.0,0.2032,0.762,1.0668,0.7112,1.1176,1.7272,1.4224,1,10,0,1
B00070,B00070_R1,284,3,3,0.762,0.2032,0.0,0.2032,1.9812,0.0,0,0,0.0,1.9812,0.7112,0.2032,1.9812,1.7272,3.556,3.556,2,30,0,2
B00071,B00071_R1,285,1,3,0.2032,1.9812,0.0,0.2032,1.9812,0.0,0,0,0.0,0.2032,0.762,0.762,2.032,1.7272,1.7272,2.3368,1,10,0,1
B00071,B00071_R2,286,2,3,0.2032,1.9812,0.0,0.2032,1.9812,0.0,0,0,0.0,0.2032,0.762,0.762,2.54,1.7272,1.7272,2.3368,1,30,1,2
B00071,B00071_R2,287,3,3,0.2032,1.9812,0.0,0.2032,1.9812,0.0,0,0,0.0,0.2032,1.143,1.6764,0.2032,1.3462,1.3462,2.413,1,30,1,1
B00072,B00072_R2,288,1,1,0.762,2.032,0.0,0.762,2.54,0.0,0,0,0.0,1.0668,2.54,0.2032,1.6002,0.8128,0.8128,1.8034,2,30,1,1
B00073,B00073_R1,289,1,5,0.762,2.032,0.0,0.2032,1.6002,0.0,0,0,0.0,0.2032,1.143,0.762,2.54,1.9558,0.9652,1.9558,1,20,0,2
B00073,B00073_R2,290,2,5,0.762,2.032,0.0,0.2032,1.6002,0.0,0,0,0.0,1.6764,0.2032,1.9812,2.54,3.2512,2.8702,3.2512,3,10,1,2
B00073,B00073_R1,291,3,5,0.762,2.032,0.0,0.2032,1.6002,0.0,0,0,0.0,0.2032,1.143,1.9812,2.032,1.9558,0.9652,3.175,1,10,0,3
B00073,B00073_R1,292,4,5,0.762,2.032,0.0,0.2032,1.6002,0.0,0,0,0.0,1.0668,2.54,0.2032,1.6002,0.8128,1.8034,1.8034,2,10,0,1
B00073,B00073_R2,293,5,5,0.762,2.032,0.0,0.2032,1.6002,0.0,0,0,0.0,0.2032,1.143,2.54,1.6002,1.9558,0.9652,2.794,1,10,1,1
B00074,B00074_R2,294,1,3,1.9812,2.032,26.25,1.9812,2.54,0.0,1,0,26.25,0.2032,1.143,1.0668,0.2032,3.175,3.175,1.8034,1,20,1,3
B00074,B00074_R2,295,2,3,1.9812,2.032,26.25,1.9812,2.54,0.0,1,0,26.25,1.9812,2.032,1.9812,2.54,0.0,0.508,0.508,3,10,1,1
B00074,B00074_R2,296,3,3,1.9812,2.032,26.25,1.9812,2.54,0.0,1,0,26.25,2.54,1.6002,0.2032,1.6002,1.4986,1.4986,2.3368,2,10,1,2
B00075,B00075_R1,297,1,7,1.9812,2.032,0.0,1.0668,0.2032,16.93,0,1,-16.93,0.2032,1.143,1.0668,2.54,3.175,1.8034,2.2606,1,20,0,2
B00075,B00075_R2,298,2,7,1.9812,2.032,0.0,1.0668,0.2032,16.93,0,1,-16.93,0.2032,0.762,1.6764,2.54,3.556,1.4224,3.2512,1,20,1,3
B00075,B00075_R1,299,3,7,1.9812,2.032,0.0,1.0668,0.2032,16.93,0,1,-16.93,0.2032,1.143,1.0668,2.032,3.175,1.8034,2.2606,1,30,0,3
B00075,B00075_R1,300,4,7,1.9812,2.032,0.0,1.0668,0.2032,16.93,0,1,-16.93,1.0668,0.2032,1.9812,2.032,3.2512,0.0,3.2512,3,30,0,4
B00075,B00075_R2,301,5,7,1.9812,2.032,0.0,1.0668,0.2032,16.93,0,1,-16.93,1.6764,0.7112,0.2032,1.6002,3.2512,1.1176,2.8702,2,10,1,2
B00075,B00075_R1,302,6,7,1.9812,2.032,0.0,1.0668,0.2032,16.93,0,1,-16.93,2.54,1.9812,0.2032,1.9812,1.1176,3.2512,2.9464,2,30,0,1
B00075,B00075_R2,303,7,7,1.9812,2.032,0.0,1.0668,0.2032,16.93,0,1,-16.93,0.762,0.2032,1.6764,0.2032,3.556,0.8128,1.4224,3,30,1,1
B00076,B00076_R1,304,1,7,1.9812,2.032,0.0,1.6764,2.54,0.0,0,0,0.0,0.2032,0.762,1.9812,2.54,3.556,3.2512,3.556,1,20,0,3
B00076,B00076_R1,305,2,7,1.9812,2.032,0.0,1.6764,2.54,0.0,0,0,0.0,1.9812,2.032,0.2032,1.6002,0.0,0.8128,2.7178,2,10,0,4
B00076,B00076_R2,306,3,7,1.9812,2.032,0.0,1.6764,2.54,0.0,0,0,0.0,1.0668,2.032,0.762,0.2032,1.4224,1.1176,3.2512,3,10,1,2
B00076,B00076_R1,307,4,7,1.9812,2.032,0.0,1.6764,2.54,0.0,0,0,0.0,1.9812,2.032,0.2032,1.9812,0.0,0.8128,2.3368,2,10,0,1
B00076,B00076_R1,308,5,7,1.9812,2.032,0.0,1.6764,2.54,0.0,0,0,0.0,1.0668,2.032,0.2032,1.6002,1.4224,1.1176,1.8034,2,10,0,2
B00076,B00076_R2,309,6,7,1.9812,2.032,0.0,1.6764,2.54,0.0,0,0,0.0,1.9812,0.2032,0.2032,1.9812,2.9464,3.2512,3.556,2,30,1,3
B00076,B00076_R2,310,7,7,1.9812,2.032,0.0,1.6764,2.54,0.0,0,0,0.0,1.9812,2.54,0.2032,1.9812,0.508,0.8128,2.3368,2,20,1,1
B00077,B00077_R2,311,1,1,0.2032,1.6002,44.08,0.2032,1.9812,26.86,2,1,17.22,1.6764,0.2032,1.9812,2.54,2.8702,3.2512,3.2512,3,10,1,1
B00078,B00078_R2,312,1,7,0.2032,1.6002,0.0,1.9812,2.54,0.0,0,0,0.0,1.9812,2.54,0.762,0.2032,2.7178,0.0,3.556,3,20,1,1
B00078,B00078_R1,313,2,7,0.2032,1.6002,0.0,1.9812,2.54,0.0,0,0,0.0,0.4572,2.54,0.2032,1.6002,1.1938,2.032,1.1938,2,30,0,2
B00078,B00078_R2,314,3,7,0.2032,1.6002,0.0,1.9812,2.54,0.0,0,0,0.0,1.6764,0.2032,0.2032,1.9812,2.8702,3.2512,3.2512,2,10,1,3
B00078,B00078_R1,315,4,7,0.2032,1.6002,0.0,1.9812,2.54,0.0,0,0,0.0,2.54,1.9812,2.54,1.143,2.7178,1.1176,1.3462,3,30,0,4
B00078,B00078_R2,316,5,7,0.2032,1.6002,0.0,1.9812,2.54,0.0,0,0,0.0,0.2032,1.143,0.762,0.7112,0.9652,3.175,1.4986,1,10,1,2
B00078,B00078_R1,317,6,7,0.2032,1.6002,0.0,1.9812,2.54,0.0,0,0,0.0,0.2032,1.143,1.9812,2.032,0.9652,3.175,3.175,1,20,0,3
B00078,B00078_R1,318,7,7,0.2032,1.6002,0.0,1.9812,2.54,0.0,0,0,0.0,0.2032,1.143,0.762,2.54,0.9652,3.175,1.9558,1,10,0,1
B00079,B00079_R1,319,1,7,2.54,1.143,38.07,0.2032,1.9812,24.45,2,1,13.62,0.2032,0.762,0.762,2.032,2.7178,1.7272,2.3368,1,20,0,2
B00079,B00079_R2,320,2,7,2.54,1.143,38.07,0.2032,1.9812,24.45,2,1,13.62,1.0668,0.7112,0.2032,1.6002,2.413,2.6416,2.2606,2,30,1,3
B00079,B00079_R2,321,3,7,2.54,1.143,38.07,0.2032,1.9812,24.45,2,1,13.62,0.2032,0.762,1.9812,2.54,2.7178,1.7272,3.556,1,10,1,4
B00079,B00079_R1,322,4,7,2.54,1.143,38.07,0.2032,1.9812,24.45,2,1,13.62,2.54,1.9812,0.2032,1.6002,1.3462,2.9464,2.7178,2,10,0,1
B00079,B00079_R2,323,5,7,2.54,1.143,38.07,0.2032,1.9812,24.45,2,1,13.62,1.0668,2.032,0.2032,1.6002,2.8702,1.4224,1.8034,2,30,1,1
B00079,B00079_R2,324,6,7,2.54,1.143,38.07,0.2032,1.9812,24.45,2,1,13.62,0.2032,0.762,1.9812,0.7112,2.7178,1.7272,2.3368,1,20,1,2
B00079,B00079_R1,325,7,7,2.54,1.143,38.07,0.2032,1.9812,24.45,2,1,13.62,1.6764,2.54,0.2032,1.9812,2.2606,2.032,2.032,2,30,0,3
B00080,B00080_R1,326,1,3,0.2032,1.9812,62.22,1.9812,2.54,66.43,3,3,-4.21,0.2032,0.762,2.286,2.54,1.7272,3.556,3.8608,1,20,0,2
B00080,B00080_R1,327,2,3,0.2032,1.9812,62.22,1.9812,2.54,66.43,3,3,-4.21,0.2032,0.762,1.0668,2.032,1.7272,3.556,2.6416,1,10,0,1
B00080,B00080_R2,328,3,3,0.2032,1.9812,62.22,1.9812,2.54,66.43,3,3,-4.21,2.54,1.143,0.2032,1.9812,3.175,1.9558,3.175,2,20,1,1
B00081,B00081_R1,329,1,4,2.286,2.54,18.24,0.2032,1.9812,0.0,1,0,18.24,0.762,2.032,1.0668,0.2032,2.032,1.1176,3.2512,3,30,0,2
B00081,B00081_R2,330,2,4,2.286,2.54,18.24,0.2032,1.9812,0.0,1,0,18.24,0.2032,0.762,2.54,0.762,3.8608,1.7272,2.9464,1,30,1,1
B00081,B00081_R2,331,3,4,2.286,2.54,18.24,0.2032,1.9812,0.0,1,0,18.24,2.54,0.762,0.2032,1.6002,2.032,3.556,3.175,2,10,1,2
B00081,B00081_R1,332,4,4,2.286,2.54,18.24,0.2032,1.9812,0.0,1,0,18.24,1.6764,2.032,0.2032,1.9812,1.1176,2.032,2.032,2,10,0,1
B00082,B00082_R2,333,1,5,1.0668,0.2032,15.83,0.2032,1.6002,0.0,1,0,15.83,0.2032,1.143,0.4572,2.54,1.8034,0.9652,1.651,1,20,1,1
B00082,B00082_R1,334,2,5,1.0668,0.2032,15.83,0.2032,1.6002,0.0,1,0,15.83,1.6764,0.2032,0.2032,1.6002,1.1176,2.8702,2.8702,2,20,0,1
B00082,B00082_R2,335,3,5,1.0668,0.2032,15.83,0.2032,1.6002,0.0,1,0,15.83,2.286,0.2032,0.2032,1.6002,1.7272,3.4798,3.4798,2,20,1,3
B00082,B00082_R1,336,4,5,1.0668,0.2032,15.83,0.2032,1.6002,0.0,1,0,15.83,0.2032,0.762,2.54,1.9812,1.4224,1.3462,3.556,1,30,0,2
B00082,B00082_R2,337,5,5,1.0668,0.2032,15.83,0.2032,1.6002,0.0,1,0,15.83,0.2032,1.143,2.54,1.6002,1.8034,0.9652,2.794,1,10,1,2
B00083,B00083_R1,338,1,4,2.54,1.9812,12.73,0.2032,1.6002,26.25,1,1,-13.52,0.2032,0.762,2.54,1.143,3.556,1.3462,2.7178,1,10,0,2
B00083,B00083_R2,339,2,4,2.54,1.9812,12.73,0.2032,1.6002,26.25,1,1,-13.52,0.2032,1.143,1.6764,0.2032,3.175,0.9652,2.413,1,30,1,1
B00083,B00083_R1,340,3,4,2.54,1.9812,12.73,0.2032,1.6002,26.25,1,1,-13.52,0.4572,0.2032,0.2032,1.9812,3.8608,1.651,2.032,2,10,0,1
B00083,B00083_R2,341,4,4,2.54,1.9812,12.73,0.2032,1.6002,26.25,1,1,-13.52,0.2032,0.762,2.286,0.2032,3.556,1.3462,2.6416,1,10,1,2
B00084,B00084_R1,342,1,4,2.54,1.143,0.0,2.286,0.2032,0.0,0,0,0.0,2.54,1.143,0.2032,1.9812,0.0,1.1938,3.175,2,10,0,1
B00084,B00084_R1,343,2,4,2.54,1.143,0.0,2.286,0.2032,0.0,0,0,0.0,0.2032,0.762,1.6764,2.032,2.7178,2.6416,3.2512,1,20,0,2
B00084,B00084_R2,344,3,4,2.54,1.143,0.0,2.286,0.2032,0.0,0,0,0.0,0.762,0.7112,2.286,0.2032,2.7178,2.032,2.032,3,10,1,1
B00084,B00084_R2,345,4,4,2.54,1.143,0.0,2.286,0.2032,0.0,0,0,0.0,0.4572,0.2032,2.54,0.762,3.0226,2.3368,2.6416,3,30,1,2
B00085,B00085_R2,346,1,3,1.6764,2.032,0.0,2.54,0.762,0.0,0,0,0.0,0.2032,0.762,1.6764,0.2032,3.2512,2.9464,2.032,1,10,1,1
B00085,B00085_R2,347,2,3,1.6764,2.032,0.0,2.54,0.762,0.0,0,0,0.0,0.2032,0.762,0.762,2.54,3.2512,2.9464,2.3368,1,20,1,2
B00085,B00085_R1,348,3,3,1.6764,2.032,0.0,2.54,0.762,0.0,0,0,0.0,0.2032,0.762,1.9812,2.032,3.2512,2.9464,3.556,1,10,0,1
B00086,B00086_R1,349,1,6,1.9812,2.032,0.0,0.762,2.54,0.0,0,0,0.0,0.2032,1.143,1.9812,2.032,3.175,1.9558,3.175,1,20,0,3
B00086,B00086_R2,350,2,6,1.9812,2.032,0.0,0.762,2.54,0.0,0,0,0.0,0.2032,1.143,2.286,0.2032,3.175,1.9558,3.0226,1,10,1,1
B00086,B00086_R2,351,3,6,1.9812,2.032,0.0,0.762,2.54,0.0,0,0,0.0,0.2032,0.762,1.9812,2.032,3.556,2.3368,3.556,1,10,1,3
B00086,B00086_R1,352,4,6,1.9812,2.032,0.0,0.762,2.54,0.0,0,0,0.0,1.6764,2.032,0.2032,1.6002,0.8128,1.4224,2.413,2,10,0,1
B00086,B00086_R1,353,5,6,1.9812,2.032,0.0,0.762,2.54,0.0,0,0,0.0,0.762,0.7112,0.2032,1.6002,3.556,2.9464,1.9558,2,20,0,2
B00086,B00086_R2,354,6,6,1.9812,2.032,0.0,0.762,2.54,0.0,0,0,0.0,2.54,0.762,0.4572,0.2032,2.3368,3.556,2.6416,3,10,1,2
B00087,B00087_R1,355,1,7,1.9812,2.032,0.0,1.9812,2.032,0.0,0,0,0.0,1.6764,2.54,2.54,1.143,0.8128,0.8128,2.2606,3,30,0,1
B00087,B00087_R2,356,2,7,1.9812,2.032,0.0,1.9812,2.032,0.0,0,0,0.0,1.6764,0.7112,0.2032,1.6002,3.2512,3.2512,2.8702,2,10,1,4
B00087,B00087_R2,357,3,7,1.9812,2.032,0.0,1.9812,2.032,0.0,0,0,0.0,0.2032,1.143,1.9812,0.7112,3.175,3.175,2.7178,1,10,1,3
B00087,B00087_R2,358,4,7,1.9812,2.032,0.0,1.9812,2.032,0.0,0,0,0.0,0.762,2.54,0.2032,1.9812,1.7272,1.7272,1.1176,2,20,1,1
B00087,B00087_R2,359,5,7,1.9812,2.032,0.0,1.9812,2.032,0.0,0,0,0.0,0.2032,1.143,0.4572,2.54,3.175,3.175,1.651,1,10,1,2
B00087,B00087_R1,360,6,7,1.9812,2.032,0.0,1.9812,2.032,0.0,0,0,0.0,1.9812,0.2032,0.2032,1.6002,2.9464,2.9464,3.175,2,20,0,2
B00087,B00087_R1,361,7,7,1.9812,2.032,0.0,1.9812,2.032,0.0,0,0,0.0,0.2032,1.143,2.286,2.54,3.175,3.175,3.4798,1,10,0,3
B00088,B00088_R2,362,1,4,2.286,2.54,23.55,0.2032,1.6002,43.79,1,2,-20.24,1.6764,0.2032,0.2032,1.9812,2.9464,2.8702,3.2512,2,10,1,1
B00088,B00088_R1,363,2,4,2.286,2.54,23.55,0.2032,1.6002,43.79,1,2,-20.24,1.9812,2.54,0.2032,1.6002,0.8128,2.7178,2.7178,2,20,0,1
B00088,B00088_R1,364,3,4,2.286,2.54,23.55,0.2032,1.6002,43.79,1,2,-20.24,0.762,2.54,0.2032,1.9812,2.032,1.4986,1.1176,2,30,0,2
B00088,B00088_R1,365,4,4,2.286,2.54,23.55,0.2032,1.6002,43.79,1,2,-20.24,0.762,0.2032,0.2032,1.6002,3.8608,1.9558,1.9558,2,10,0,3
B00089,B00089_R2,366,1,6,0.2032,1.6002,39.27,0.2032,1.9812,30.16,2,1,9.11,1.9812,2.032,0.2032,1.9812,2.7178,2.3368,2.3368,2,30,1,2
B00089,B00089_R2,367,2,6,0.2032,1.6002,39.27,0.2032,1.9812,30.16,2,1,9.11,1.6764,2.032,0.2032,1.6002,2.413,2.032,2.413,2,30,1,3
B00089,B00089_R1,368,3,6,0.2032,1.6002,39.27,0.2032,1.9812,30.16,2,1,9.11,1.6764,2.54,2.54,1.6002,2.413,2.032,1.8034,3,30,0,1
B00089,B00089_R1,369,4,6,0.2032,1.6002,39.27,0.2032,1.9812,30.16,2,1,9.11,0.2032,1.143,0.762,0.7112,0.9652,1.3462,1.4986,1,10,0,3
B00089,B00089_R1,370,5,6,0.2032,1.6002,39.27,0.2032,1.9812,30.16,2,1,9.11,2.54,1.6002,0.2032,1.6002,2.3368,2.7178,2.3368,2,20,0,2
B00089,B00089_R2,371,6,6,0.2032,1.6002,39.27,0.2032,1.9812,30.16,2,1,9.11,0.762,2.54,2.54,1.9812,1.4986,1.1176,2.3368,3,10,1,1
B00090,B00090_R2,372,1,2,0.762,0.7112,44.07,0.2032,1.6002,38.77,3,2,5.3,2.54,1.6002,1.0668,2.032,3.175,2.3368,2.413,3,30,1,1
B00090,B00090_R1,373,2,2,0.762,0.7112,44.07,0.2032,1.6002,38.77,3,2,5.3,0.2032,1.143,1.6764,2.032,1.4986,0.9652,2.8702,1,20,0,1
B00091,B00091_R2,374,1,3,1.6764,2.032,0.0,1.0668,2.032,0.0,0,0,0.0,0.2032,0.762,0.762,0.2032,3.2512,2.6416,1.1176,1,20,1,1
B00091,B00091_R1,375,2,3,1.6764,2.032,0.0,1.0668,2.032,0.0,0,0,0.0,0.2032,0.762,0.762,2.032,3.2512,2.6416,2.3368,1,10,0,1
B00091,B00091_R2,376,3,3,1.6764,2.032,0.0,1.0668,2.032,0.0,0,0,0.0,0.762,0.2032,0.2032,1.9812,3.2512,3.2512,2.3368,2,10,1,2
B00092,B00092_R2,377,1,5,0.762,2.032,0.0,0.2032,1.9812,0.0,0,0,0.0,1.6764,2.54,0.2032,1.6002,1.4224,2.032,2.413,2,30,1,2
B00092,B00092_R1,378,2,5,0.762,2.032,0.0,0.2032,1.9812,0.0,0,0,0.0,1.6764,0.7112,2.54,1.6002,3.2512,3.2512,2.2606,3,20,0,3
B00092,B00092_R2,379,3,5,0.762,2.032,0.0,0.2032,1.9812,0.0,0,0,0.0,0.762,2.54,0.2032,1.6002,0.508,1.1176,1.4986,2,30,1,1
B00092,B00092_R1,380,4,5,0.762,2.032,0.0,0.2032,1.9812,0.0,0,0,0.0,1.0668,2.54,0.4572,0.2032,0.8128,1.4224,2.9464,3,10,0,1
B00092,B00092_R1,381,5,5,0.762,2.032,0.0,0.2032,1.9812,0.0,0,0,0.0,0.2032,0.762,1.9812,0.7112,2.3368,1.7272,2.3368,1,20,0,2
B00093,B00093_R1,382,1,5,2.54,1.6002,18.13,0.2032,1.6002,0.0,1,0,18.13,2.54,1.6002,0.2032,1.9812,0.0,2.3368,2.7178,2,20,0,1
B00093,B00093_R2,383,2,5,2.54,1.6002,18.13,0.2032,1.6002,0.0,1,0,18.13,1.9812,2.54,0.2032,1.9812,1.4986,2.7178,2.3368,2,30,1,2
B00093,B00093_R2,384,3,5,2.54,1.6002,18.13,0.2032,1.6002,0.0,1,0,18.13,0.2032,0.762,0.4572,2.54,3.175,1.3462,2.032,1,10,1,3
B00093,B00093_R2,385,4,5,2.54,1.6002,18.13,0.2032,1.6002,0.0,1,0,18.13,0.2032,0.762,0.762,2.54,3.175,1.3462,2.3368,1,20,1,1
B00093,B00093_R1,386,5,5,2.54,1.6002,18.13,0.2032,1.6002,0.0,1,0,18.13,2.286,2.54,0.2032,1.9812,1.1938,3.0226,2.6416,2,30,0,2
B00094,B00094_R1,387,1,2,0.2032,1.9812,26.86,0.4572,2.54,20.84,1,1,6.02,1.6764,0.7112,0.2032,1.6002,3.2512,3.556,2.8702,2,10,0,1
B00094,B00094_R2,388,2,2,0.2032,1.9812,26.86,0.4572,2.54,20.84,1,1,6.02,2.286,2.54,0.2032,1.6002,2.6416,2.3368,3.0226,2,30,1,1
B00095,B00095_R1,389,1,3,0.2032,1.6002,0.0,0.2032,1.6002,0.0,0,0,0.0,0.2032,1.143,1.6764,0.7112,0.9652,0.9652,2.413,1,10,0,1
B00095,B00095_R2,390,2,3,0.2032,1.6002,0.0,0.2032,1.6002,0.0,0,0,0.0,0.4572,0.2032,0.762,0.2032,1.651,1.651,0.8128,3,20,1,1
B00095,B00095_R2,391,3,3,0.2032,1.6002,0.0,0.2032,1.6002,0.0,0,0,0.0,0.2032,0.762,1.9812,0.7112,1.3462,1.3462,2.3368,1,20,1,2
B00096,B00096_R2,392,1,5,1.6764,0.7112,0.0,1.9812,0.7112,0.0,0,0,0.0,1.9812,0.2032,0.2032,1.6002,0.8128,0.508,3.175,2,10,1,1
B00096,B00096_R2,393,2,5,1.6764,0.7112,0.0,1.9812,0.7112,0.0,0,0,0.0,0.2032,0.762,2.54,1.9812,2.032,2.3368,3.556,1,20,1,2
B00096,B00096_R1,394,3,5,1.6764,0.7112,0.0,1.9812,0.7112,0.0,0,0,0.0,0.762,0.2032,1.0668,0.2032,1.4224,1.7272,0.8128,3,10,0,1
B00096,B00096_R1,395,4,5,1.6764,0.7112,0.0,1.9812,0.7112,0.0,0,0,0.0,1.0668,0.2032,0.2032,1.9812,1.1176,1.4224,2.6416,2,20,0,2
B00096,B00096_R1,396,5,5,1.6764,0.7112,0.0,1.9812,0.7112,0.0,0,0,0.0,0.2032,0.762,2.54,1.6002,2.032,2.3368,3.175,1,30,0,3
B00097,B00097_R2,397,1,3,2.54,1.6002,25.35,2.54,1.9812,0.0,1,0,25.35,0.4572,2.54,0.2032,1.9812,3.0226,2.6416,0.8128,2,30,1,2
B00097,B00097_R1,398,2,3,2.54,1.6002,25.35,2.54,1.9812,0.0,1,0,25.35,1.0668,0.7112,0.2032,1.9812,2.8702,3.2512,2.6416,2,10,0,1
B00097,B00097_R2,399,3,3,2.54,1.6002,25.35,2.54,1.9812,0.0,1,0,25.35,1.0668,2.54,0.4572,2.54,2.413,2.032,1.1176,3,30,1,1
B00098,B00098_R2,400,1,3,0.2032,1.9812,0.0,0.2032,1.9812,0.0,0,0,0.0,1.9812,0.7112,0.2032,1.9812,3.556,3.556,3.556,2,20,1,1
B00098,B00098_R1,401,2,3,0.2032,1.9812,0.0,0.2032,1.9812,0.0,0,0,0.0,0.762,0.7112,0.2032,1.9812,2.3368,2.3368,2.3368,2,30,0,1
B00098,B00098_R1,402,3,3,0.2032,1.9812,0.0,0.2032,1.9812,0.0,0,0,0.0,0.2032,0.762,0.4572,2.54,1.7272,1.7272,2.032,1,30,0,2
B00099,B00099_R2,403,1,7,0.4572,2.54,0.0,0.2032,1.9812,0.0,0,0,0.0,0.2032,0.762,1.0668,2.032,2.032,1.7272,2.6416,1,10,1,1
B00099,B00099_R2,404,2,7,0.4572,2.54,0.0,0.2032,1.9812,0.0,0,0,0.0,2.286,2.54,0.2032,1.9812,2.3368,2.6416,2.6416,2,30,1,2
B00099,B00099_R1,405,3,7,0.4572,2.54,0.0,0.2032,1.9812,0.0,0,0,0.0,0.2032,0.762,0.762,0.2032,2.032,1.7272,1.1176,1,10,0,2
B00099,B00099_R1,406,4,7,0.4572,2.54,0.0,0.2032,1.9812,0.0,0,0,0.0,0.4572,2.54,0.2032,1.9812,0.0,0.8128,0.8128,2,30,0,1
B00099,B00099_R1,407,5,7,0.4572,2.54,0.0,0.2032,1.9812,0.0,0,0,0.0,1.6764,0.2032,0.2032,1.6002,3.556,3.2512,2.8702,2,20,0,4
B00099,B00099_R2,408,6,7,0.4572,2.54,0.0,0.2032,1.9812,0.0,0,0,0.0,2.54,1.143,0.762,0.7112,3.4798,3.175,2.7178,3,10,1,3
B00099,B00099_R1,409,7,7,0.4572,2.54,0.0,0.2032,1.9812,0.0,0,0,0.0,1.9812,0.2032,0.762,0.7112,3.8608,3.556,1.7272,3,20,0,3
B00100,B00100_R2,410,1,1,0.2032,1.6002,42.58,0.762,0.7112,29.26,2,1,13.32,0.762,0.2032,0.2032,1.6002,1.9558,0.508,1.9558,2,30,1,1
B00101,B00101_R1,411,1,3,0.2032,1.6002,0.0,0.2032,1.6002,0.0,0,0,0.0,1.9812,0.7112,2.54,1.143,3.175,3.175,1.4986,3,20,0,2
B00101,B00101_R1,412,2,3,0.2032,1.6002,0.0,0.2032,1.6002,0.0,0,0,0.0,0.2032,0.762,0.762,0.7112,1.3462,1.3462,1.1176,1,30,0,1
B00101,B00101_R2,413,3,3,0.2032,1.6002,0.0,0.2032,1.6002,0.0,0,0,0.0,0.2032,0.762,1.9812,2.032,1.3462,1.3462,3.556,1,30,1,1
B00102,B00102_R2,414,1,7,2.54,1.143,0.0,1.9812,2.032,0.0,0,0,0.0,1.0668,2.032,0.762,0.7112,2.8702,1.4224,3.2512,3,10,1,2
B00102,B00102_R2,415,2,7,2.54,1.143,0.0,1.9812,2.032,0.0,0,0,0.0,1.9812,0.2032,0.762,2.54,1.4986,2.9464,3.556,3,10,1,3
B00102,B00102_R2,416,3,7,2.54,1.143,0.0,1.9812,2.032,0.0,0,0,0.0,2.54,1.6002,0.2032,1.6002,0.9652,1.4986,2.3368,2,20,1,1
B00102,B00102_R1,417,4,7,2.54,1.143,0.0,1.9812,2.032,0.0,0,0,0.0,2.54,1.143,1.9812,2.032,0.0,1.9558,1.9558,3,20,0,1
B00102,B00102_R1,418,5,7,2.54,1.143,0.0,1.9812,2.032,0.0,0,0,0.0,1.9812,0.7112,0.2032,1.9812,1.4986,2.9464,3.556,2,20,0,4
B00102,B00102_R1,419,6,7,2.54,1.143,0.0,1.9812,2.032,0.0,0,0,0.0,0.4572,2.54,1.9812,0.7112,3.4798,2.032,3.8608,3,30,0,3
B00102,B00102_R1,420,7,7,2.54,1.143,0.0,1.9812,2.032,0.0,0,0,0.0,0.762,2.032,0.2032,1.9812,3.175,1.7272,1.1176,2,20,0,2
B00103,B00103_R2,421,1,4,0.2032,1.9812,0.0,0.762,2.54,0.0,0,0,0.0,2.54,1.9812,0.2032,1.9812,2.9464,2.3368,2.9464,2,20,1,2
B00103,B00103_R1,422,2,4,0.2032,1.9812,0.0,0.762,2.54,0.0,0,0,0.0,2.54,1.143,0.2032,1.6002,3.175,3.175,2.794,2,10,0,2
B00103,B00103_R2,423,3,4,0.2032,1.9812,0.0,0.762,2.54,0.0,0,0,0.0,2.286,2.54,0.2032,1.9812,2.6416,2.032,2.6416,2,10,1,1
B00103,B00103_R1,424,4,4,0.2032,1.9812,0.0,0.762,2.54,0.0,0,0,0.0,0.762,2.032,1.9812,0.7112,1.1176,0.508,3.556,3,30,0,1
B00104,B00104_R2,425,1,4,0.2032,1.6002,0.0,0.2032,1.9812,3.0,0,1,-3.0,1.0668,0.2032,0.762,0.2032,2.2606,2.6416,0.8128,3,10,1,2
B00104,B00104_R1,426,2,4,0.2032,1.6002,0.0,0.2032,1.9812,3.0,0,1,-3.0,1.6764,0.2032,0.2032,1.6002,2.8702,3.2512,2.8702,2,10,0,2
B00104,B00104_R2,427,3,4,0.2032,1.6002,0.0,0.2032,1.9812,3.0,0,1,-3.0,0.2032,1.143,1.0668,0.7112,0.9652,1.3462,1.8034,1,30,1,1
B00104,B00104_R1,428,4,4,0.2032,1.6002,0.0,0.2032,1.9812,3.0,0,1,-3.0,0.2032,0.762,1.9812,0.7112,1.3462,1.7272,2.3368,1,20,0,1
B00105,B00105_R2,429,1,5,0.2032,1.6002,0.0,0.762,0.2032,0.0,0,0,0.0,0.2032,1.143,1.9812,0.7112,0.9652,1.4986,2.7178,1,30,1,2
B00105,B00105_R2,430,2,5,0.2032,1.6002,0.0,0.762,0.2032,0.0,0,0,0.0,2.54,1.9812,1.0668,2.54,2.7178,3.556,2.032,3,30,1,3
B00105,B00105_R1,431,3,5,0.2032,1.6002,0.0,0.762,0.2032,0.0,0,0,0.0,0.2032,0.762,2.286,0.2032,1.3462,1.1176,2.6416,1,30,0,2
B00105,B00105_R2,432,4,5,0.2032,1.6002,0.0,0.762,0.2032,0.0,0,0,0.0,0.762,0.7112,0.2032,1.9812,1.9558,0.508,2.3368,2,30,1,1
B00105,B00105_R1,433,5,5,0.2032,1.6002,0.0,0.762,0.2032,0.0,0,0,0.0,0.2032,1.143,1.9812,0.7112,0.9652,1.4986,2.7178,1,20,0,1
B00106,B00106_R1,434,1,3,2.286,0.2032,0.0,1.0668,2.54,23.25,0,1,-23.25,2.54,1.6002,0.2032,1.6002,1.651,2.413,2.3368,2,10,0,1
B00106,B00106_R1,435,2,3,2.286,0.2032,0.0,1.0668,2.54,23.25,0,1,-23.25,0.2032,0.762,2.286,0.2032,2.6416,2.6416,2.6416,1,20,0,2
B00106,B00106_R2,436,3,3,2.286,0.2032,0.0,1.0668,2.54,23.25,0,1,-23.25,0.762,0.2032,1.0668,0.2032,2.032,3.2512,0.8128,3,30,1,1
B00107,B00107_R1,437,1,5,2.286,0.2032,0.0,1.0668,0.2032,0.0,0,0,0.0,0.2032,0.762,1.6764,2.54,2.6416,1.4224,3.2512,1,30,0,2
B00107,B00107_R2,438,2,5,2.286,0.2032,0.0,1.0668,0.2032,0.0,0,0,0.0,1.6764,2.54,1.0668,2.54,2.9464,2.9464,1.1176,3,30,1,2
B00107,B00107_R2,439,3,5,2.286,0.2032,0.0,1.0668,0.2032,0.0,0,0,0.0,1.0668,2.032,0.2032,1.6002,3.556,2.9464,1.8034,2,20,1,3
B00107,B00107_R2,440,4,5,2.286,0.2032,0.0,1.0668,0.2032,0.0,0,0,0.0,1.0668,0.2032,0.762,2.032,1.7272,0.0,3.2512,3,10,1,1
B00107,B00107_R1,441,5,5,2.286,0.2032,0.0,1.0668,0.2032,0.0,0,0,0.0,1.9812,2.54,0.2032,1.6002,2.6416,3.2512,2.7178,2,10,0,1
B00108,B00108_R1,442,1,3,1.6764,2.54,0.0,0.2032,1.6002,15.12,0,1,-15.12,0.2032,1.143,2.286,0.2032,2.8702,0.9652,3.0226,1,30,0,1
B00108,B00108_R2,443,2,3,1.6764,2.54,0.0,0.2032,1.6002,15.12,0,1,-15.12,1.6764,0.7112,0.2032,1.9812,2.9464,2.8702,3.2512,2,10,1,1
B00108,B00108_R1,444,3,3,1.6764,2.54,0.0,0.2032,1.6002,15.12,0,1,-15.12,1.9812,0.7112,0.2032,1.9812,3.2512,3.175,3.556,2,30,0,2
B00109,B00109_R1,445,1,7,0.2032,1.9812,0.0,0.2032,1.9812,0.0,0,0,0.0,0.2032,0.762,2.286,0.2032,1.7272,1.7272,2.6416,1,30,0,2
B00109,B00109_R2,446,2,7,0.2032,1.9812,0.0,0.2032,1.9812,0.0,0,0,0.0,0.2032,0.762,0.4572,2.54,1.7272,1.7272,2.032,1,30,1,1
B00109,B00109_R2,447,3,7,0.2032,1.9812,0.0,0.2032,1.9812,0.0,0,0,0.0,2.54,0.762,0.762,0.2032,3.556,3.556,2.3368,3,10,1,3
B00109,B00109_R1,448,4,7,0.2032,1.9812,0.0,0.2032,1.9812,0.0,0,0,0.0,1.0668,0.2032,0.2032,1.6002,2.6416,2.6416,2.2606,2,10,0,1
B00109,B00109_R1,449,5,7,0.2032,1.9812,0.0,0.2032,1.9812,0.0,0,0,0.0,1.9812,0.7112,0.2032,1.6002,3.556,3.556,3.175,2,20,0,3
B00109,B00109_R2,450,6,7,0.2032,1.9812,0.0,0.2032,1.9812,0.0,0,0,0.0,1.0668,0.7112,0.2032,1.6002,2.6416,2.6416,2.2606,2,30,1,4
B00109,B00109_R2,451,7,7,0.2032,1.9812,0.0,0.2032,1.9812,0.0,0,0,0.0,0.762,2.54,2.54,1.9812,1.1176,1.1176,2.3368,3,30,1,2
B00110,B00110_R1,452,1,2,0.2032,1.6002,21.74,0.2032,1.6002,40.17,1,2,-18.43,0.2032,1.143,2.54,1.9812,0.9652,0.9652,3.175,1,20,0,1
B00110,B00110_R2,453,2,2,0.2032,1.6002,21.74,0.2032,1.6002,40.17,1,2,-18.43,0.2032,0.762,1.0668,2.032,1.3462,1.3462,2.6416,1,10,1,1
B00111,B00111_R2,454,1,5,2.54,1.9812,0.0,1.0668,2.032,21.74,0,1,-21.74,0.2032,0.762,2.54,0.762,3.556,2.6416,2.9464,1,30,1,2
B00111,B00111_R2,455,2,5,2.54,1.9812,0.0,1.0668,2.032,21.74,0,1,-21.74,1.6764,2.54,0.2032,1.6002,1.4224,1.1176,2.413,2,30,1,1
B00111,B00111_R1,456,3,5,2.54,1.9812,0.0,1.0668,2.032,21.74,0,1,-21.74,1.0668,0.7112,0.762,2.54,3.2512,2.9464,3.2512,3,30,0,3
B00111,B00111_R1,457,4,5,2.54,1.9812,0.0,1.0668,2.032,21.74,0,1,-21.74,0.2032,0.762,0.762,0.7112,3.556,2.6416,1.1176,1,30,0,2
B00111,B00111_R1,458,5,5,2.54,1.9812,0.0,1.0668,2.032,21.74,0,1,-21.74,1.9812,2.032,0.2032,1.9812,1.1176,1.4224,2.3368,2,30,0,1
B00112,B00112_R1,459,1,4,0.762,2.54,22.04,2.54,0.762,20.14,1,1,1.9,0.2032,1.143,1.9812,2.54,1.9558,2.7178,3.175,1,10,0,2
B00112,B00112_R1,460,2,4,0.762,2.54,22.04,2.54,0.762,20.14,1,1,1.9,1.9812,2.032,0.2032,1.9812,1.7272,2.3368,2.3368,2,10,0,1
B00112,B00112_R2,461,3,4,0.762,2.54,22.04,2.54,0.762,20.14,1,1,1.9,1.6764,0.7112,0.2032,1.6002,3.2512,1.4224,2.8702,2,30,1,1
B00112,B00112_R2,462,4,4,0.762,2.54,22.04,2.54,0.762,20.14,1,1,1.9,0.2032,0.762,2.286,2.54,2.3368,2.9464,3.8608,1,20,1,2
B00113,B00113_R1,463,1,6,1.9812,2.54,23.85,2.286,2.54,18.24,1,1,5.61,0.4572,2.54,0.2032,1.6002,2.032,2.3368,1.1938,2,30,0,2
B00113,B00113_R2,464,2,6,1.9812,2.54,23.85,2.286,2.54,18.24,1,1,5.61,1.0668,2.54,0.2032,1.6002,1.4224,1.7272,1.8034,2,20,1,1
B00113,B00113_R1,465,3,6,1.9812,2.54,23.85,2.286,2.54,18.24,1,1,5.61,1.0668,2.54,0.2032,1.6002,1.4224,1.7272,1.8034,2,30,0,1
B00113,B00113_R2,466,4,6,1.9812,2.54,23.85,2.286,2.54,18.24,1,1,5.61,0.2032,1.143,1.9812,0.2032,3.175,3.4798,2.7178,1,30,1,2
B00113,B00113_R1,467,5,6,1.9812,2.54,23.85,2.286,2.54,18.24,1,1,5.61,0.2032,0.762,2.54,0.762,3.556,3.8608,2.9464,1,30,0,3
B00113,B00113_R2,468,6,6,1.9812,2.54,23.85,2.286,2.54,18.24,1,1,5.61,1.9812,0.7112,0.2032,1.6002,2.9464,2.6416,3.175,2,20,1,3
B00114,B00114_R2,469,1,4,2.54,0.762,38.36,0.2032,1.6002,34.27,2,2,4.09,0.762,2.032,0.2032,1.6002,3.556,1.4986,1.4986,2,30,1,1
B00114,B00114_R1,470,2,4,2.54,0.762,38.36,0.2032,1.6002,34.27,2,2,4.09,1.6764,0.2032,0.2032,1.9812,1.4224,2.8702,3.2512,2,30,0,1
B00114,B00114_R1,471,3,4,2.54,0.762,38.36,0.2032,1.6002,34.27,2,2,4.09,1.0668,0.7112,0.2032,1.9812,2.032,2.2606,2.6416,2,20,0,2
B00114,B00114_R2,472,4,4,2.54,0.762,38.36,0.2032,1.6002,34.27,2,2,4.09,0.2032,0.762,2.286,2.54,2.9464,1.3462,3.8608,1,20,1,2
B00115,B00115_R2,473,1,3,0.2032,1.9812,0.0,2.286,2.54,0.0,0,0,0.0,1.6764,0.2032,0.2032,1.6002,3.2512,2.9464,2.8702,2,30,1,1
B00115,B00115_R1,474,2,3,0.2032,1.9812,0.0,2.286,2.54,0.0,0,0,0.0,1.0668,0.7112,0.2032,1.9812,2.6416,3.556,2.6416,2,10,0,1
B00115,B00115_R1,475,3,3,0.2032,1.9812,0.0,2.286,2.54,0.0,0,0,0.0,1.0668,2.032,0.4572,2.54,1.4224,1.7272,1.1176,3,30,0,2
B00116,B00116_R1,476,1,3,0.4572,2.54,0.0,0.2032,1.6002,0.0,0,0,0.0,1.6764,0.7112,1.9812,0.7112,3.556,2.8702,0.8128,3,20,0,2
B00116,B00116_R1,477,2,3,0.4572,2.54,0.0,0.2032,1.6002,0.0,0,0,0.0,1.6764,2.54,1.9812,0.2032,1.7272,2.413,3.2512,3,20,0,1
B00116,B00116_R2,478,3,3,0.4572,2.54,0.0,0.2032,1.6002,0.0,0,0,0.0,0.2032,0.762,0.762,2.032,2.032,1.3462,2.3368,1,10,1,1
B00117,B00117_R2,479,1,4,1.9812,0.7112,0.0,0.762,2.032,0.0,0,0,0.0,1.9812,2.54,2.54,1.9812,2.9464,1.7272,1.1176,3,20,1,1
B00117,B00117_R2,480,2,4,1.9812,0.7112,0.0,0.762,2.032,0.0,0,0,0.0,2.286,2.54,0.762,0.7112,2.6416,2.032,3.8608,3,30,1,2
B00117,B00117_R1,481,3,4,1.9812,0.7112,0.0,0.762,2.032,0.0,0,0,0.0,1.0668,2.032,0.2032,1.6002,3.2512,0.8128,1.8034,2,20,0,2
B00117,B00117_R1,482,4,4,1.9812,0.7112,0.0,0.762,2.032,0.0,0,0,0.0,1.9812,0.2032,0.4572,2.54,0.508,3.556,3.8608,3,20,0,1
B00118,B00118_R1,483,1,4,0.2032,1.6002,0.0,0.762,0.7112,0.0,0,0,0.0,0.2032,0.762,1.9812,2.54,1.3462,1.1176,3.556,1,20,0,2
B00118,B00118_R2,484,2,4,0.2032,1.6002,0.0,0.762,0.7112,0.0,0,0,0.0,1.9812,0.2032,1.9812,2.54,3.175,1.7272,2.9464,3,20,1,2
B00118,B00118_R1,485,3,4,0.2032,1.6002,0.0,0.762,0.7112,0.0,0,0,0.0,0.2032,1.143,1.6764,2.032,0.9652,1.4986,2.8702,1,20,0,1
B00118,B00118_R2,486,4,4,0.2032,1.6002,0.0,0.762,0.7112,0.0,0,0,0.0,0.2032,0.762,1.9812,2.032,1.3462,1.1176,3.556,1,20,1,1
B00119,B00119_R1,487,1,3,1.9812,2.54,0.0,1.9812,2.54,0.0,0,0,0.0,0.762,2.54,1.0668,2.54,1.7272,1.7272,0.8128,3,10,0,1
B00119,B00119_R2,488,2,3,1.9812,2.54,0.0,1.9812,2.54,0.0,0,0,0.0,1.0668,0.2032,1.0668,0.7112,3.2512,3.2512,0.508,3,20,1,1
B00119,B00119_R2,489,3,3,1.9812,2.54,0.0,1.9812,2.54,0.0,0,0,0.0,1.6764,0.7112,0.2032,1.6002,3.2512,3.2512,2.8702,2,20,1,2
B00120,B00120_R1,490,1,7,1.0668,2.54,0.0,0.2032,1.6002,0.0,0,0,0.0,1.6764,0.7112,0.2032,1.6002,2.9464,2.8702,2.8702,2,10,0,3
B00120,B00120_R2,491,2,7,1.0668,2.54,0.0,0.2032,1.6002,0.0,0,0,0.0,0.2032,0.762,1.0668,2.032,2.6416,1.3462,2.6416,1,20,1,2
B00120,B00120_R2,492,3,7,1.0668,2.54,0.0,0.2032,1.6002,0.0,0,0,0.0,0.4572,2.54,0.2032,1.9812,1.1176,1.1938,0.8128,2,30,1,3
B00120,B00120_R1,493,4,7,1.0668,2.54,0.0,0.2032,1.6002,0.0,0,0,0.0,0.2032,1.143,1.6764,0.7112,2.2606,0.9652,2.413,1,30,0,2
B00120,B00120_R2,494,5,7,1.0668,2.54,0.0,0.2032,1.6002,0.0,0,0,0.0,0.2032,1.143,2.54,1.6002,2.2606,0.9652,2.794,1,30,1,4
B00120,B00120_R1,495,6,7,1.0668,2.54,0.0,0.2032,1.6002,0.0,0,0,0.0,0.4572,2.54,0.2032,1.6002,1.1176,1.1938,1.1938,2,10,0,1
B00120,B00120_R2,496,7,7,1.0668,2.54,0.0,0.2032,1.6002,0.0,0,0,0.0,0.2032,1.143,0.762,0.7112,2.2606,0.9652,1.4986,1,20,1,1
B00121,B00121_R1,497,1,4,0.2032,1.6002,17.33,2.54,1.6002,35.96,1,2,-18.63,0.2032,0.762,1.9812,0.2032,1.3462,3.175,2.3368,1,20,0,3
B00121,B00121_R2,498,2,4,0.2032,1.6002,17.33,2.54,1.6002,35.96,1,2,-18.63,1.0668,0.2032,0.2032,1.6002,2.2606,2.8702,2.2606,2,20,1,1
B00121,B00121_R1,499,3,4,0.2032,1.6002,17.33,2.54,1.6002,35.96,1,2,-18.63,0.4572,2.54,0.2032,1.6002,1.1938,3.0226,1.1938,2,10,0,1
B00121,B00121_R1,500,4,4,0.2032,1.6002,17.33,2.54,1.6002,35.96,1,2,-18.63,0.4572,0.2032,0.2032,1.6002,1.651,3.4798,1.651,2,10,0,2
B00122,B00122_R2,501,1,3,1.9812,0.2032,35.26,0.2032,1.6002,26.25,2,1,9.01,1.6764,2.54,0.2032,1.9812,3.2512,2.413,2.032,2,20,1,2
B00122,B00122_R2,502,2,3,1.9812,0.2032,35.26,0.2032,1.6002,26.25,2,1,9.01,0.4572,2.54,0.2032,1.9812,3.8608,1.1938,0.8128,2,30,1,1
B00122,B00122_R1,503,3,3,1.9812,0.2032,35.26,0.2032,1.6002,26.25,2,1,9.01,2.54,1.9812,0.2032,1.6002,2.3368,2.7178,2.7178,2,30,0,1
B00123,B00123_R2,504,1,3,0.2032,1.6002,13.73,0.2032,1.9812,11.02,1,1,2.71,0.2032,0.762,1.0668,0.2032,1.3462,1.7272,1.4224,1,20,1,1
B00123,B00123_R2,505,2,3,0.2032,1.6002,13.73,0.2032,1.9812,11.02,1,1,2.71,0.2032,0.762,1.6764,0.2032,1.3462,1.7272,2.032,1,30,1,2
B00123,B00123_R1,506,3,3,0.2032,1.6002,13.73,0.2032,1.9812,11.02,1,1,2.71,0.2032,1.143,2.54,1.9812,0.9652,1.3462,3.175,1,30,0,1
B00124,B00124_R2,507,1,2,2.54,1.9812,0.0,1.6764,0.2032,0.0,0,0,0.0,0.762,0.7112,0.2032,1.6002,3.556,1.4224,1.9558,2,10,1,1
B00124,B00124_R1,508,2,2,2.54,1.9812,0.0,1.6764,0.2032,0.0,0,0,0.0,0.2032,1.143,1.9812,0.7112,3.175,2.413,2.7178,1,20,0,1
B00125,B00125_R1,509,1,3,1.9812,0.7112,0.0,0.2032,1.6002,0.0,0,0,0.0,0.2032,1.143,0.4572,0.2032,2.7178,0.9652,1.1938,1,30,0,2
B00125,B00125_R1,510,2,3,1.9812,0.7112,0.0,0.2032,1.6002,0.0,0,0,0.0,2.54,1.9812,0.2032,1.6002,2.3368,2.7178,2.7178,2,10,0,1
B00125,B00125_R2,511,3,3,1.9812,0.7112,0.0,0.2032,1.6002,0.0,0,0,0.0,2.54,1.6002,0.762,0.7112,1.9558,2.3368,3.175,3,10,1,1
B00126,B00126_R2,512,1,4,0.4572,0.2032,0.0,0.762,0.7112,0.0,0,0,0.0,1.6764,0.2032,0.2032,1.9812,1.7272,1.4224,3.2512,2,20,1,1
B00126,B00126_R1,513,2,4,0.4572,0.2032,0.0,0.762,0.7112,0.0,0,0,0.0,1.9812,2.54,0.2032,1.6002,3.8608,3.556,2.7178,2,20,0,2
B00126,B00126_R1,514,3,4,0.4572,0.2032,0.0,0.762,0.7112,0.0,0,0,0.0,0.2032,1.143,1.6764,0.2032,1.1938,1.4986,2.413,1,20,0,1
B00126,B00126_R2,515,4,4,0.4572,0.2032,0.0,0.762,0.7112,0.0,0,0,0.0,1.9812,2.032,0.2032,1.6002,3.8608,3.556,2.7178,2,10,1,2
B00127,B00127_R1,516,1,5,0.2032,1.6002,0.0,0.2032,1.6002,0.0,0,0,0.0,0.762,2.54,0.2032,1.9812,1.4986,1.4986,1.1176,2,30,0,3
B00127,B00127_R2,517,2,5,0.2032,1.6002,0.0,0.2032,1.6002,0.0,0,0,0.0,0.2032,0.762,1.9812,2.032,1.3462,1.3462,3.556,1,30,1,2
B00127,B00127_R2,518,3,5,0.2032,1.6002,0.0,0.2032,1.6002,0.0,0,0,0.0,0.2032,0.762,2.54,1.143,1.3462,1.3462,2.7178,1,20,1,1
B00127,B00127_R1,519,4,5,0.2032,1.6002,0.0,0.2032,1.6002,0.0,0,0,0.0,0.4572,0.2032,1.9812,2.032,1.651,1.651,3.8608,3,20,0,1
B00127,B00127_R1,520,5,5,0.2032,1.6002,0.0,0.2032,1.6002,0.0,0,0,0.0,1.9812,2.032,0.762,2.54,2.7178,2.7178,1.7272,3,20,0,2
B00128,B00128_R1,521,1,5,0.2032,1.9812,10.41,1.9812,2.032,0.0,1,0,10.41,1.9812,0.7112,0.4572,2.54,3.556,2.9464,3.8608,3,30,0,3
B00128,B00128_R2,522,2,5,0.2032,1.9812,10.41,1.9812,2.032,0.0,1,0,10.41,2.54,0.762,0.2032,1.6002,3.556,2.3368,3.175,2,20,1,1
B00128,B00128_R1,523,3,5,0.2032,1.9812,10.41,1.9812,2.032,0.0,1,0,10.41,0.2032,0.762,2.54,1.6002,1.7272,3.556,3.175,1,10,0,2
B00128,B00128_R1,524,4,5,0.2032,1.9812,10.41,1.9812,2.032,0.0,1,0,10.41,0.2032,1.143,0.4572,0.2032,1.3462,3.175,1.1938,1,20,0,1
B00128,B00128_R2,525,5,5,0.2032,1.9812,10.41,1.9812,2.032,0.0,1,0,10.41,0.2032,1.143,1.0668,2.032,1.3462,3.175,2.2606,1,30,1,2
B00129,B00129_R1,526,1,2,0.4572,2.54,0.0,1.0668,2.032,0.0,0,0,0.0,0.4572,0.2032,1.9812,0.7112,2.3368,2.9464,2.032,3,10,0,1
B00129,B00129_R2,527,2,2,0.4572,2.54,0.0,1.0668,2.032,0.0,0,0,0.0,0.762,2.54,0.2032,1.6002,0.8128,0.8128,1.4986,2,10,1,1
B00130,B00130_R1,528,1,5,1.9812,0.7112,0.0,0.2032,1.6002,0.0,0,0,0.0,2.286,2.54,0.2032,1.6002,2.6416,3.0226,3.0226,2,10,0,2
B00130,B00130_R2,529,2,5,1.9812,0.7112,0.0,0.2032,1.6002,0.0,0,0,0.0,0.2032,0.762,1.0668,2.54,2.3368,1.3462,2.6416,1,10,1,2
B00130,B00130_R2,530,3,5,1.9812,0.7112,0.0,0.2032,1.6002,0.0,0,0,0.0,1.6764,2.032,0.2032,1.9812,3.2512,2.413,2.032,2,10,1,3
B00130,B00130_R2,531,4,5,1.9812,0.7112,0.0,0.2032,1.6002,0.0,0,0,0.0,0.4572,0.2032,0.2032,1.6002,2.032,1.651,1.651,2,20,1,1
B00130,B00130_R1,532,5,5,1.9812,0.7112,0.0,0.2032,1.6002,0.0,0,0,0.0,2.286,0.2032,0.2032,1.6002,0.8128,3.4798,3.4798,2,20,0,1
B00131,B00131_R1,533,1,3,0.2032,1.6002,0.0,0.2032,1.9812,18.43,0,1,-18.43,1.6764,0.2032,0.2032,1.6002,2.8702,3.2512,2.8702,2,20,0,2
B00131,B00131_R1,534,2,3,0.2032,1.6002,0.0,0.2032,1.9812,18.43,0,1,-18.43,2.286,2.54,2.54,0.762,3.0226,2.6416,2.032,3,10,0,1
B00131,B00131_R2,535,3,3,0.2032,1.6002,0.0,0.2032,1.9812,18.43,0,1,-18.43,0.2032,0.762,0.4572,2.54,1.3462,1.7272,2.032,1,30,1,1
B00132,B00132_R2,536,1,5,0.2032,1.6002,0.0,0.4572,2.54,0.0,0,0,0.0,0.762,0.2032,0.2032,1.6002,1.9558,2.6416,1.9558,2,30,1,2
B00132,B00132_R2,537,2,5,0.2032,1.6002,0.0,0.4572,2.54,0.0,0,0,0.0,1.0668,2.032,0.2032,1.6002,1.8034,1.1176,1.8034,2,10,1,1
B00132,B00132_R2,538,3,5,0.2032,1.6002,0.0,0.4572,2.54,0.0,0,0,0.0,0.762,0.7112,0.2032,1.9812,1.9558,2.6416,2.3368,2,10,1,3
B00132,B00132_R1,539,4,5,0.2032,1.6002,0.0,0.4572,2.54,0.0,0,0,0.0,1.9812,0.7112,2.54,1.9812,3.175,3.8608,2.3368,3,10,0,1
B00132,B00132_R1,540,5,5,0.2032,1.6002,0.0,0.4572,2.54,0.0,0,0,0.0,2.54,1.6002,0.2032,1.6002,2.3368,3.0226,2.3368,2,20,0,2
B00133,B00133_R1,541,1,7,0.2032,1.6002,0.0,0.2032,1.9812,22.94,0,1,-22.94,1.6764,0.7112,0.2032,1.6002,2.8702,3.2512,2.8702,2,30,0,4
B00133,B00133_R2,542,2,7,0.2032,1.6002,0.0,0.2032,1.9812,22.94,0,1,-22.94,0.762,2.54,2.286,2.54,1.4986,1.1176,2.032,3,20,1,1
B00133,B00133_R2,543,3,7,0.2032,1.6002,0.0,0.2032,1.9812,22.94,0,1,-22.94,2.54,1.143,0.2032,1.9812,2.794,3.175,3.175,2,10,1,3
B00133,B00133_R1,544,4,7,0.2032,1.6002,0.0,0.2032,1.9812,22.94,0,1,-22.94,0.762,0.7112,0.2032,1.6002,1.9558,2.3368,1.9558,2,30,0,3
B00133,B00133_R2,545,5,7,0.2032,1.6002,0.0,0.2032,1.9812,22.94,0,1,-22.94,2.54,1.6002,0.2032,1.9812,2.3368,2.7178,2.7178,2,10,1,2
B00133,B00133_R1,546,6,7,0.2032,1.6002,0.0,0.2032,1.9812,22.94,0,1,-22.94,0.2032,0.762,1.6764,2.032,1.3462,1.7272,3.2512,1,20,0,1
B00133,B00133_R1,547,7,7,0.2032,1.6002,0.0,0.2032,1.9812,22.94,0,1,-22.94,1.9812,2.032,0.2032,1.6002,2.7178,2.3368,2.7178,2,10,0,2
B00134,B00134_R1,548,1,5,0.2032,1.6002,50.1,0.2032,1.9812,52.51,2,2,-2.41,0.2032,0.762,1.9812,2.032,1.3462,1.7272,3.556,1,10,0,3
B00134,B00134_R2,549,2,5,0.2032,1.6002,50.1,0.2032,1.9812,52.51,2,2,-2.41,0.2032,0.762,0.762,2.032,1.3462,1.7272,2.3368,1,20,1,1
B00134,B00134_R2,550,3,5,0.2032,1.6002,50.1,0.2032,1.9812,52.51,2,2,-2.41,0.762,0.7112,1.6764,2.032,1.9558,2.3368,3.2512,3,10,1,2
B00134,B00134_R1,551,4,5,0.2032,1.6002,50.1,0.2032,1.9812,52.51,2,2,-2.41,0.2032,1.143,0.762,2.032,0.9652,1.3462,1.9558,1,10,0,1
B00134,B00134_R1,552,5,5,0.2032,1.6002,50.1,0.2032,1.9812,52.51,2,2,-2.41,0.762,2.54,0.2032,1.6002,1.4986,1.1176,1.4986,2,10,0,2
B00135,B00135_R2,553,1,4,1.9812,2.032,56.8,1.6764,2.032,51.5,3,2,5.3,0.2032,1.143,0.762,0.2032,3.175,2.8702,1.4986,1,30,1,1
B00135,B00135_R1,554,2,4,1.9812,2.032,56.8,1.6764,2.032,51.5,3,2,5.3,0.762,2.032,1.0668,0.7112,1.7272,1.4224,3.2512,3,20,0,2
B00135,B00135_R1,555,3,4,1.9812,2.032,56.8,1.6764,2.032,51.5,3,2,5.3,1.9812,2.54,1.0668,2.54,0.508,0.8128,1.4224,3,20,0,1
B00135,B00135_R2,556,4,4,1.9812,2.032,56.8,1.6764,2.032,51.5,3,2,5.3,0.2032,0.762,0.762,2.032,3.556,3.2512,2.3368,1,20,1,2
B00136,B00136_R2,557,1,5,1.0668,0.7112,15.83,0.762,2.032,0.0,1,0,15.83,0.762,2.032,0.2032,1.9812,3.2512,0.0,1.1176,2,30,1,1
B00136,B00136_R1,558,2,5,1.0668,0.7112,15.83,0.762,2.032,0.0,1,0,15.83,0.2032,0.762,0.4572,2.54,1.4224,2.3368,2.032,1,30,0,2
B00136,B00136_R2,559,3,5,1.0668,0.7112,15.83,0.762,2.032,0.0,1,0,15.83,1.9812,0.7112,0.2032,1.9812,1.4224,3.556,3.556,2,30,1,3
B00136,B00136_R1,560,4,5,1.0668,0.7112,15.83,0.762,2.032,0.0,1,0,15.83,0.2032,1.143,0.4572,0.2032,1.8034,1.9558,1.1938,1,30,0,1
B00136,B00136_R2,561,5,5,1.0668,0.7112,15.83,0.762,2.032,0.0,1,0,15.83,0.2032,1.143,1.9812,0.2032,1.8034,1.9558,2.7178,1,10,1,2
B00137,B00137_R1,562,1,6,0.4572,2.54,11.02,0.2032,1.9812,22.04,1,1,-11.02,0.2032,1.143,1.6764,2.032,1.651,1.3462,2.8702,1,30,0,3
B00137,B00137_R1,563,2,6,0.4572,2.54,11.02,0.2032,1.9812,22.04,1,1,-11.02,0.2032,1.143,2.54,1.6002,1.651,1.3462,2.794,1,30,0,1
B00137,B00137_R2,564,3,6,0.4572,2.54,11.02,0.2032,1.9812,22.04,1,1,-11.02,0.2032,0.762,1.9812,2.032,2.032,1.7272,3.556,1,30,1,3
B00137,B00137_R1,565,4,6,0.4572,2.54,11.02,0.2032,1.9812,22.04,1,1,-11.02,2.286,0.2032,0.2032,1.6002,4.1656,3.8608,3.4798,2,20,0,2
B00137,B00137_R2,566,5,6,0.4572,2.54,11.02,0.2032,1.9812,22.04,1,1,-11.02,0.4572,0.2032,0.2032,1.9812,2.3368,2.032,2.032,2,20,1,2
B00137,B00137_R2,567,6,6,0.4572,2.54,11.02,0.2032,1.9812,22.04,1,1,-11.02,0.2032,0.762,0.762,0.7112,2.032,1.7272,1.1176,1,10,1,1
B00138,B00138_R2,568,1,5,1.6764,2.032,21.14,1.9812,2.032,44.09,1,2,-22.95,2.286,0.2032,0.2032,1.9812,2.9464,2.6416,3.8608,2,10,1,2
B00138,B00138_R1,569,2,5,1.6764,2.032,21.14,1.9812,2.032,44.09,1,2,-22.95,2.286,0.2032,0.2032,1.9812,2.9464,2.6416,3.8608,2,20,0,3
B00138,B00138_R2,570,3,5,1.6764,2.032,21.14,1.9812,2.032,44.09,1,2,-22.95,1.6764,2.54,0.2032,1.9812,0.508,0.8128,2.032,2,30,1,1
B00138,B00138_R1,571,4,5,1.6764,2.032,21.14,1.9812,2.032,44.09,1,2,-22.95,1.0668,2.54,0.2032,1.9812,1.1176,1.4224,1.4224,2,30,0,1
B00138,B00138_R1,572,5,5,1.6764,2.032,21.14,1.9812,2.032,44.09,1,2,-22.95,0.2032,1.143,1.6764,2.54,2.8702,3.175,2.8702,1,10,0,2
B00139,B00139_R1,573,1,7,0.2032,1.9812,55.51,0.2032,1.9812,47.5,2,2,8.01,2.54,1.143,0.2032,1.6002,3.175,3.175,2.794,2,10,0,3
B00139,B00139_R1,574,2,7,0.2032,1.9812,55.51,0.2032,1.9812,47.5,2,2,8.01,1.6764,2.032,0.2032,1.6002,2.032,2.032,2.413,2,10,0,2
B00139,B00139_R2,575,3,7,0.2032,1.9812,55.51,0.2032,1.9812,47.5,2,2,8.01,0.2032,1.143,1.9812,2.54,1.3462,1.3462,3.175,1,20,1,4
B00139,B00139_R2,576,4,7,0.2032,1.9812,55.51,0.2032,1.9812,47.5,2,2,8.01,1.9812,0.7112,1.6764,0.7112,3.556,3.556,0.8128,3,20,1,2
B00139,B00139_R1,577,5,7,0.2032,1.9812,55.51,0.2032,1.9812,47.5,2,2,8.01,0.2032,1.143,1.6764,2.54,1.3462,1.3462,2.8702,1,10,0,1
B00139,B00139_R2,578,6,7,0.2032,1.9812,55.51,0.2032,1.9812,47.5,2,2,8.01,0.2032,1.143,1.0668,0.2032,1.3462,1.3462,1.8034,1,20,1,1
B00139,B00139_R2,579,7,7,0.2032,1.9812,55.51,0.2032,1.9812,47.5,2,2,8.01,2.286,0.2032,0.2032,1.6002,3.8608,3.8608,3.4798,2,30,1,3
B00140,B00140_R2,580,1,6,0.2032,1.6002,14.03,1.9812,2.54,39.08,1,2,-25.05,1.9812,2.54,0.2032,1.6002,2.7178,0.0,2.7178,2,10,1,1
B00140,B00140_R1,581,2,6,0.2032,1.6002,14.03,1.9812,2.54,39.08,1,2,-25.05,1.9812,2.54,2.286,0.2032,2.7178,0.0,2.6416,3,10,0,4
B00140,B00140_R1,582,3,6,0.2032,1.6002,14.03,1.9812,2.54,39.08,1,2,-25.05,0.762,2.54,0.2032,1.6002,1.4986,1.7272,1.4986,2,10,0,1
B00140,B00140_R1,583,4,6,0.2032,1.6002,14.03,1.9812,2.54,39.08,1,2,-25.05,2.286,2.54,2.54,1.6002,3.0226,0.8128,1.1938,3,10,0,3
B00140,B00140_R2,584,5,6,0.2032,1.6002,14.03,1.9812,2.54,39.08,1,2,-25.05,1.6764,2.032,0.2032,1.9812,2.413,0.8128,2.032,2,30,1,2
B00140,B00140_R1,585,6,6,0.2032,1.6002,14.03,1.9812,2.54,39.08,1,2,-25.05,0.2032,0.762,1.9812,0.7112,1.3462,3.556,2.3368,1,30,0,2
B00141,B00141_R2,586,1,4,2.286,0.2032,13.43,0.2032,1.9812,0.0,1,0,13.43,0.762,2.54,1.6764,2.54,3.8608,1.1176,1.4224,3,20,1,3
B00141,B00141_R1,587,2,4,2.286,0.2032,13.43,0.2032,1.9812,0.0,1,0,13.43,0.2032,0.762,2.286,2.54,2.6416,1.7272,3.8608,1,10,0,1
B00141,B00141_R2,588,3,4,2.286,0.2032,13.43,0.2032,1.9812,0.0,1,0,13.43,0.2032,1.143,1.6764,2.54,3.0226,1.3462,2.8702,1,10,1,2
B00141,B00141_R2,589,4,4,2.286,0.2032,13.43,0.2032,1.9812,0.0,1,0,13.43,0.2032,1.143,0.4572,0.2032,3.0226,1.3462,1.1938,1,20,1,1
B00142,B00142_R1,590,1,3,2.286,2.54,0.0,1.6764,2.54,17.23,0,1,-17.23,0.2032,1.143,1.9812,0.7112,3.4798,2.8702,2.7178,1,30,0,2
B00142,B00142_R1,591,2,3,2.286,2.54,0.0,1.6764,2.54,17.23,0,1,-17.23,0.4572,2.54,0.762,2.032,2.3368,1.7272,0.8128,3,20,0,1
B00142,B00142_R2,592,3,3,2.286,2.54,0.0,1.6764,2.54,17.23,0,1,-17.23,0.2032,0.762,0.762,2.54,3.8608,3.2512,2.3368,1,30,1,1
B00143,B00143_R2,593,1,2,1.9812,0.7112,0.0,0.762,2.54,0.0,0,0,0.0,1.0668,2.54,0.2032,1.9812,3.2512,0.8128,1.4224,2,20,1,1
B00143,B00143_R1,594,2,2,1.9812,0.7112,0.0,0.762,2.54,0.0,0,0,0.0,1.9812,0.7112,1.0668,2.54,0.0,3.556,3.2512,3,10,0,1
B00144,B00144_R2,595,1,5,1.0668,2.54,0.0,0.2032,1.9812,0.0,0,0,0.0,0.2032,1.143,2.286,0.2032,2.2606,1.3462,3.0226,1,10,1,3
B00144,B00144_R2,596,2,5,1.0668,2.54,0.0,0.2032,1.9812,0.0,0,0,0.0,0.2032,1.143,0.762,0.7112,2.2606,1.3462,1.4986,1,20,1,1
B00144,B00144_R1,597,3,5,1.0668,2.54,0.0,0.2032,1.9812,0.0,0,0,0.0,1.6764,2.54,2.54,1.143,1.1176,2.032,2.2606,3,20,0,2
B00144,B00144_R1,598,4,5,1.0668,2.54,0.0,0.2032,1.9812,0.0,0,0,0.0,0.762,2.54,0.2032,1.9812,0.8128,1.1176,1.1176,2,10,0,1
B00144,B00144_R2,599,5,5,1.0668,2.54,0.0,0.2032,1.9812,0.0,0,0,0.0,0.2032,0.762,0.762,0.2032,2.6416,1.7272,1.1176,1,10,1,2
B00145,B00145_R1,600,1,2,2.54,1.143,0.0,2.286,0.2032,0.0,0,0,0.0,1.9812,2.54,0.2032,1.9812,1.9558,2.6416,2.3368,2,10,0,1
B00145,B00145_R2,601,2,2,2.54,1.143,0.0,2.286,0.2032,0.0,0,0,0.0,0.2032,0.762,1.9812,0.2032,2.7178,2.6416,2.3368,1,20,1,1
B00146,B00146_R1,602,1,5,0.2032,1.9812,0.0,1.9812,0.2032,0.0,0,0,0.0,0.4572,0.2032,0.2032,1.9812,2.032,2.032,2.032,2,30,0,2
B00146,B00146_R2,603,2,5,0.2032,1.9812,0.0,1.9812,0.2032,0.0,0,0,0.0,2.54,1.9812,1.6764,2.032,2.9464,2.3368,1.4224,3,30,1,2
B00146,B00146_R2,604,3,5,0.2032,1.9812,0.0,1.9812,0.2032,0.0,0,0,0.0,1.9812,2.54,0.4572,2.54,2.3368,2.9464,2.032,3,10,1,3
B00146,B00146_R2,605,4,5,0.2032,1.9812,0.0,1.9812,0.2032,0.0,0,0,0.0,0.4572,0.2032,2.54,1.143,2.032,2.032,3.0226,3,10,1,1
B00146,B00146_R1,606,5,5,0.2032,1.9812,0.0,1.9812,0.2032,0.0,0,0,0.0,0.2032,1.143,0.4572,2.54,1.3462,2.7178,1.651,1,20,0,1
B00147,B00147_R2,607,1,6,0.2032,1.9812,0.0,0.4572,2.54,17.23,0,1,-17.23,1.0668,2.032,1.9812,0.2032,1.4224,1.1176,3.2512,3,20,1,1
B00147,B00147_R1,608,2,6,0.2032,1.9812,0.0,0.4572,2.54,17.23,0,1,-17.23,2.54,1.9812,0.2032,1.9812,2.9464,2.6416,2.9464,2,20,0,3
B00147,B00147_R1,609,3,6,0.2032,1.9812,0.0,0.4572,2.54,17.23,0,1,-17.23,0.2032,0.762,1.6764,2.54,1.7272,2.032,3.2512,1,20,0,1
B00147,B00147_R2,610,4,6,0.2032,1.9812,0.0,0.4572,2.54,17.23,0,1,-17.23,0.2032,1.143,2.286,0.2032,1.3462,1.651,3.0226,1,20,1,3
B00147,B00147_R1,611,5,6,0.2032,1.9812,0.0,0.4572,2.54,17.23,0,1,-17.23,1.9812,2.032,0.2032,1.6002,2.3368,2.032,2.7178,2,20,0,2
B00147,B00147_R2,612,6,6,0.2032,1.9812,0.0,0.4572,2.54,17.23,0,1,-17.23,0.762,0.7112,0.2032,1.6002,2.3368,2.6416,1.9558,2,30,1,2
B00148,B00148_R1,613,1,4,0.2032,1.9812,0.0,2.286,0.2032,0.0,0,0,0.0,0.2032,1.143,2.54,1.6002,1.3462,3.0226,2.794,1,10,0,1
B00148,B00148_R2,614,2,4,0.2032,1.9812,0.0,2.286,0.2032,0.0,0,0,0.0,0.2032,1.143,1.6764,2.54,1.3462,3.0226,2.8702,1,10,1,2
B00148,B00148_R2,615,3,4,0.2032,1.9812,0.0,2.286,0.2032,0.0,0,0,0.0,0.4572,0.2032,0.762,2.54,2.032,2.3368,2.6416,3,30,1,1
B00148,B00148_R1,616,4,4,0.2032,1.9812,0.0,2.286,0.2032,0.0,0,0,0.0,2.54,1.143,0.2032,1.6002,3.175,1.1938,2.794,2,30,0,2
B00149,B00149_R1,617,1,4,0.2032,1.6002,0.0,1.6764,2.54,0.0,0,0,0.0,0.2032,1.143,0.762,0.2032,0.9652,2.8702,1.4986,1,20,0,1
B00149,B00149_R2,618,2,4,0.2032,1.6002,0.0,1.6764,2.54,0.0,0,0,0.0,2.54,1.143,0.2032,1.9812,2.794,2.2606,3.175,2,10,1,1
B00149,B00149_R1,619,3,4,0.2032,1.6002,0.0,1.6764,2.54,0.0,0,0,0.0,1.9812,0.2032,0.2032,1.6002,3.175,3.2512,3.175,2,20,0,2
B00149,B00149_R2,620,4,4,0.2032,1.6002,0.0,1.6764,2.54,0.0,0,0,0.0,0.2032,1.143,0.4572,0.2032,0.9652,2.8702,1.1938,1,20,1,2
B00150,B00150_R1,621,1,3,0.2032,1.6002,0.0,0.4572,0.2032,0.0,0,0,0.0,2.54,0.762,0.2032,1.6002,3.175,2.6416,3.175,2,30,0,1
B00150,B00150_R2,622,2,3,0.2032,1.6002,0.0,0.4572,0.2032,0.0,0,0,0.0,1.6764,0.7112,0.2032,1.9812,2.8702,1.7272,3.2512,2,20,1,2
B00150,B00150_R2,623,3,3,0.2032,1.6002,0.0,0.4572,0.2032,0.0,0,0,0.0,0.2032,0.762,1.0668,0.7112,1.3462,0.8128,1.4224,1,20,1,1
B00151,B00151_R1,624,1,7,0.2032,1.6002,0.0,0.2032,1.9812,0.0,0,0,0.0,0.2032,0.762,0.762,0.7112,1.3462,1.7272,1.1176,1,20,0,1
B00151,B00151_R1,625,2,7,0.2032,1.6002,0.0,0.2032,1.9812,0.0,0,0,0.0,0.762,0.2032,0.2032,1.6002,1.9558,2.3368,1.9558,2,30,0,3
B00151,B00151_R2,626,3,7,0.2032,1.6002,0.0,0.2032,1.9812,0.0,0,0,0.0,0.762,2.54,1.9812,0.7112,1.4986,1.1176,3.556,3,10,1,2
B00151,B00151_R1,627,4,7,0.2032,1.6002,0.0,0.2032,1.9812,0.0,0,0,0.0,0.2032,1.143,2.54,1.9812,0.9652,1.3462,3.175,1,20,0,4
B00151,B00151_R2,628,5,7,0.2032,1.6002,0.0,0.2032,1.9812,0.0,0,0,0.0,0.2032,1.143,1.0668,2.032,0.9652,1.3462,2.2606,1,10,1,1
B00151,B00151_R1,629,6,7,0.2032,1.6002,0.0,0.2032,1.9812,0.0,0,0,0.0,0.4572,0.2032,1.0668,0.2032,1.651,2.032,1.1176,3,20,0,2
B00151,B00151_R2,630,7,7,0.2032,1.6002,0.0,0.2032,1.9812,0.0,0,0,0.0,1.6764,0.7112,0.2032,1.9812,2.8702,3.2512,3.2512,2,20,1,3
B00152,B00152_R1,631,1,2,2.54,1.9812,39.27,0.2032,1.9812,22.04,2,1,17.23,2.286,2.54,0.762,2.032,0.8128,2.6416,2.032,3,30,0,1
B00152,B00152_R2,632,2,2,2.54,1.9812,39.27,0.2032,1.9812,22.04,2,1,17.23,0.2032,0.762,1.0668,0.7112,3.556,1.7272,1.4224,1,30,1,1
B00153,B00153_R2,633,1,5,0.762,2.032,17.23,1.0668,0.7112,0.0,1,0,17.23,0.762,0.7112,0.2032,1.6002,2.9464,0.8128,1.9558,2,30,1,3
B00153,B00153_R2,634,2,5,0.762,2.032,17.23,1.0668,0.7112,0.0,1,0,17.23,0.2032,0.762,0.762,2.54,2.3368,1.4224,2.3368,1,20,1,1
B00153,B00153_R1,635,3,5,0.762,2.032,17.23,1.0668,0.7112,0.0,1,0,17.23,0.2032,1.143,0.4572,2.54,1.9558,1.8034,1.651,1,10,0,2
B00153,B00153_R2,636,4,5,0.762,2.032,17.23,1.0668,0.7112,0.0,1,0,17.23,1.0668,2.54,0.4572,0.2032,0.8128,2.9464,2.9464,3,10,1,2
B00153,B00153_R1,637,5,5,0.762,2.032,17.23,1.0668,0.7112,0.0,1,0,17.23,0.762,2.032,0.2032,1.9812,0.0,3.2512,1.1176,2,30,0,1
B00154,B00154_R2,638,1,3,0.4572,2.54,9.52,0.2032,1.6002,16.93,1,1,-7.41,0.762,0.2032,0.2032,1.9812,2.6416,1.9558,2.3368,2,10,1,1
B00154,B00154_R1,639,2,3,0.4572,2.54,9.52,0.2032,1.6002,16.93,1,1,-7.41,0.2032,0.762,1.9812,0.2032,2.032,1.3462,2.3368,1,10,0,2
B00154,B00154_R1,640,3,3,0.4572,2.54,9.52,0.2032,1.6002,16.93,1,1,-7.41,0.762,2.54,0.2032,1.9812,0.8128,1.4986,1.1176,2,30,0,1
B00155,B00155_R1,641,1,2,1.9812,0.2032,0.0,0.2032,1.9812,0.0,0,0,0.0,1.9812,2.032,0.2032,1.6002,2.9464,2.3368,2.7178,2,20,0,1
B00155,B00155_R2,642,2,2,1.9812,0.2032,0.0,0.2032,1.9812,0.0,0,0,0.0,0.2032,1.143,1.9812,2.032,2.7178,1.3462,3.175,1,10,1,1
B00156,B00156_R1,643,1,7,0.2032,1.6002,0.0,1.9812,2.032,0.0,0,0,0.0,0.762,2.032,0.2032,1.6002,1.4986,1.7272,1.4986,2,30,0,2
B00156,B00156_R2,644,2,7,0.2032,1.6002,0.0,1.9812,2.032,0.0,0,0,0.0,0.4572,0.2032,0.2032,1.9812,1.651,3.8608,2.032,2,30,1,2
B00156,B00156_R1,645,3,7,0.2032,1.6002,0.0,1.9812,2.032,0.0,0,0,0.0,0.2032,1.143,0.762,2.54,0.9652,3.175,1.9558,1,20,0,1
B00156,B00156_R2,646,4,7,0.2032,1.6002,0.0,1.9812,2.032,0.0,0,0,0.0,1.9812,2.032,0.2032,1.6002,2.7178,0.0,2.7178,2,30,1,1
B00156,B00156_R1,647,5,7,0.2032,1.6002,0.0,1.9812,2.032,0.0,0,0,0.0,0.2032,0.762,1.9812,2.54,1.3462,3.556,3.556,1,20,0,3
B00156,B00156_R1,648,6,7,0.2032,1.6002,0.0,1.9812,2.032,0.0,0,0,0.0,1.9812,2.032,0.4572,2.54,2.7178,0.0,2.032,3,30,0,4
B00156,B00156_R2,649,7,7,0.2032,1.6002,0.0,1.9812,2.032,0.0,0,0,0.0,1.9812,0.7112,0.762,2.54,3.175,2.9464,3.556,3,20,1,3
B00157,B00157_R2,650,1,3,0.4572,2.54,41.38,0.762,2.54,34.07,2,1,7.31,0.2032,1.143,0.4572,2.54,1.651,1.9558,1.651,1,30,1,2
B00157,B00157_R2,651,2,3,0.4572,2.54,41.38,0.762,2.54,34.07,2,1,7.31,1.0668,2.54,0.2032,1.6002,1.1176,0.8128,1.8034,2,20,1,1
B00157,B00157_R1,652,3,3,0.4572,2.54,41.38,0.762,2.54,34.07,2,1,7.31,0.2032,1.143,1.6764,2.032,1.651,1.9558,2.8702,1,30,0,1
B00158,B00158_R1,653,1,6,1.6764,2.032,0.0,0.4572,2.54,0.0,0,0,0.0,1.9812,0.2032,1.9812,0.7112,3.2512,3.8608,0.508,3,10,0,2
B00158,B00158_R1,654,2,6,1.6764,2.032,0.0,0.4572,2.54,0.0,0,0,0.0,1.0668,0.7112,0.2032,1.6002,2.9464,2.9464,2.2606,2,20,0,3
B00158,B00158_R1,655,3,6,1.6764,2.032,0.0,0.4572,2.54,0.0,0,0,0.0,1.9812,2.032,0.2032,1.6002,0.8128,2.032,2.7178,2,20,0,1
B00158,B00158_R2,656,4,6,1.6764,2.032,0.0,0.4572,2.54,0.0,0,0,0.0,0.2032,1.143,1.0668,2.54,2.8702,1.651,2.2606,1,20,1,1
B00158,B00158_R2,657,5,6,1.6764,2.032,0.0,0.4572,2.54,0.0,0,0,0.0,2.286,0.2032,0.2032,1.6002,2.9464,4.1656,3.4798,2,30,1,3
B00158,B00158_R2,658,6,6,1.6764,2.032,0.0,0.4572,2.54,0.0,0,0,0.0,1.6764,2.54,2.286,2.54,0.508,1.7272,1.1176,3,30,1,2
B00159,B00159_R2,659,1,5,0.2032,1.6002,20.54,0.2032,1.6002,28.96,1,1,-8.42,0.2032,1.143,2.54,1.6002,0.9652,0.9652,2.794,1,10,1,1
B00159,B00159_R2,660,2,5,0.2032,1.6002,20.54,0.2032,1.6002,28.96,1,1,-8.42,0.2032,1.143,2.286,2.54,0.9652,0.9652,3.4798,1,10,1,2
B00159,B00159_R1,661,3,5,0.2032,1.6002,20.54,0.2032,1.6002,28.96,1,1,-8.42,0.762,0.7112,0.4572,0.2032,1.9558,1.9558,0.8128,3,10,0,1
B00159,B00159_R1,662,4,5,0.2032,1.6002,20.54,0.2032,1.6002,28.96,1,1,-8.42,0.2032,0.762,2.54,0.762,1.3462,1.3462,2.9464,1,20,0,3
B00159,B00159_R1,663,5,5,0.2032,1.6002,20.54,0.2032,1.6002,28.96,1,1,-8.42,0.2032,0.762,2.54,1.143,1.3462,1.3462,2.7178,1,20,0,2
B00160,B00160_R1,664,1,4,2.54,0.762,48.3,2.286,2.54,30.77,2,1,17.53,2.54,1.9812,1.9812,0.7112,1.7272,0.8128,2.3368,3,20,0,1
B00160,B00160_R2,665,2,4,2.54,0.762,48.3,2.286,2.54,30.77,2,1,17.53,1.0668,2.54,0.2032,1.9812,3.2512,1.7272,1.4224,2,10,1,1
B00160,B00160_R1,666,3,4,2.54,0.762,48.3,2.286,2.54,30.77,2,1,17.53,1.0668,0.7112,0.2032,1.9812,2.032,3.556,2.6416,2,30,0,2
B00160,B00160_R2,667,4,4,2.54,0.762,48.3,2.286,2.54,30.77,2,1,17.53,0.2032,0.762,1.9812,0.7112,2.9464,3.8608,2.3368,1,20,1,2
B00161,B00161_R2,668,1,5,0.2032,1.9812,0.0,1.9812,0.7112,0.0,0,0,0.0,1.0668,0.2032,0.2032,1.6002,2.6416,1.4224,2.2606,2,20,1,1
B00161,B00161_R2,669,2,5,0.2032,1.9812,0.0,1.9812,0.7112,0.0,0,0,0.0,0.2032,0.762,0.4572,2.54,1.7272,2.3368,2.032,1,10,1,2
B00161,B00161_R1,670,3,5,0.2032,1.9812,0.0,1.9812,0.7112,0.0,0,0,0.0,0.2032,1.143,1.0668,2.54,1.3462,2.7178,2.2606,1,20,0,1
B00161,B00161_R1,671,4,5,0.2032,1.9812,0.0,1.9812,0.7112,0.0,0,0,0.0,2.54,1.143,0.2032,1.6002,3.175,1.4986,2.794,2,20,0,2
B00161,B00161_R2,672,5,5,0.2032,1.9812,0.0,1.9812,0.7112,0.0,0,0,0.0,0.2032,0.762,1.6764,2.032,1.7272,2.3368,3.2512,1,10,1,3
B00162,B00162_R1,673,1,4,0.2032,1.6002,0.0,1.6764,2.032,0.0,0,0,0.0,0.2032,1.143,2.54,1.6002,0.9652,2.8702,2.794,1,10,0,1
B00162,B00162_R1,674,2,4,0.2032,1.6002,0.0,1.6764,2.032,0.0,0,0,0.0,1.6764,2.032,1.9812,2.54,2.413,0.0,0.8128,3,30,0,2
B00162,B00162_R2,675,3,4,0.2032,1.6002,0.0,1.6764,2.032,0.0,0,0,0.0,0.762,2.032,0.762,2.54,1.4986,1.4224,0.508,3,20,1,1
B00162,B00162_R2,676,4,4,0.2032,1.6002,0.0,1.6764,2.032,0.0,0,0,0.0,0.2032,0.762,2.286,0.2032,1.3462,3.2512,2.6416,1,10,1,2
B00163,B00163_R2,677,1,6,1.9812,2.54,0.0,2.286,0.2032,0.0,0,0,0.0,0.762,0.2032,1.6764,2.032,3.556,2.032,3.2512,3,20,1,1
B00163,B00163_R1,678,2,6,1.9812,2.54,0.0,2.286,0.2032,0.0,0,0,0.0,0.762,0.7112,0.2032,1.6002,3.556,2.032,1.9558,2,30,0,2
B00163,B00163_R2,679,3,6,1.9812,2.54,0.0,2.286,0.2032,0.0,0,0,0.0,0.2032,0.762,1.6764,2.032,3.556,2.6416,3.2512,1,20,1,3
B00163,B00163_R1,680,4,6,1.9812,2.54,0.0,2.286,0.2032,0.0,0,0,0.0,2.54,1.6002,0.2032,1.6002,1.4986,1.651,2.3368,2,20,0,1
B00163,B00163_R1,681,5,6,1.9812,2.54,0.0,2.286,0.2032,0.0,0,0,0.0,0.4572,0.2032,1.9812,2.54,3.8608,2.3368,3.8608,3,20,0,3
B00163,B00163_R2,682,6,6,1.9812,2.54,0.0,2.286,0.2032,0.0,0,0,0.0,2.54,1.9812,0.2032,1.6002,1.1176,2.032,2.7178,2,30,1,2
B00164,B00164_R2,683,1,4,1.9812,2.54,27.76,1.6764,2.032,24.15,1,1,3.61,0.2032,0.762,2.54,1.143,3.556,3.2512,2.7178,1,10,1,2
B00164,B00164_R1,684,2,4,1.9812,2.54,27.76,1.6764,2.032,24.15,1,1,3.61,0.2032,0.762,1.0668,0.7112,3.556,3.2512,1.4224,1,10,0,1
B00164,B00164_R2,685,3,4,1.9812,2.54,27.76,1.6764,2.032,24.15,1,1,3.61,1.0668,0.2032,0.2032,1.9812,3.2512,2.9464,2.6416,2,30,1,1
B00164,B00164_R1,686,4,4,1.9812,2.54,27.76,1.6764,2.032,24.15,1,1,3.61,0.2032,0.762,1.9812,0.2032,3.556,3.2512,2.3368,1,20,0,2
B00165,B00165_R1,687,1,6,1.9812,0.2032,0.0,2.54,1.143,0.0,0,0,0.0,1.6764,0.2032,0.2032,1.9812,0.8128,1.8034,3.2512,2,20,0,1
B00165,B00165_R2,688,2,6,1.9812,0.2032,0.0,2.54,1.143,0.0,0,0,0.0,0.762,0.7112,1.0668,0.2032,1.7272,2.7178,0.8128,3,20,1,1
B00165,B00165_R1,689,3,6,1.9812,0.2032,0.0,2.54,1.143,0.0,0,0,0.0,1.6764,0.7112,0.2032,1.6002,0.8128,1.8034,2.8702,2,30,0,3
B00165,B00165_R2,690,4,6,1.9812,0.2032,0.0,2.54,1.143,0.0,0,0,0.0,0.2032,0.762,1.0668,0.2032,2.3368,2.7178,1.4224,1,30,1,2
B00165,B00165_R1,691,5,6,1.9812,0.2032,0.0,2.54,1.143,0.0,0,0,0.0,0.2032,0.762,1.6764,0.7112,2.3368,2.7178,2.032,1,30,0,2
B00165,B00165_R2,692,6,6,1.9812,0.2032,0.0,2.54,1.143,0.0,0,0,0.0,1.9812,0.2032,0.2032,1.9812,0.0,1.4986,3.556,2,30,1,3
B00166,B00166_R1,693,1,1,0.2032,1.6002,17.33,0.2032,1.9812,25.65,1,1,-8.32,2.54,0.762,0.2032,1.9812,3.175,3.556,3.556,2,30,0,1
B00167,B00167_R1,694,1,3,0.2032,1.9812,0.0,0.2032,1.9812,0.0,0,0,0.0,0.2032,1.143,1.6764,0.7112,1.3462,1.3462,2.413,1,20,0,2
B00167,B00167_R2,695,2,3,0.2032,1.9812,0.0,0.2032,1.9812,0.0,0,0,0.0,2.54,0.762,0.2032,1.6002,3.556,3.556,3.175,2,30,1,1
B00167,B00167_R1,696,3,3,0.2032,1.9812,0.0,0.2032,1.9812,0.0,0,0,0.0,0.4572,2.54,0.2032,1.6002,0.8128,0.8128,1.1938,2,30,0,1
B00168,B00168_R2,697,1,5,1.6764,0.7112,0.0,0.2032,1.6002,0.0,0,0,0.0,0.762,2.032,0.2032,1.6002,3.2512,1.4986,1.4986,2,10,1,1
B00168,B00168_R1,698,2,5,1.6764,0.7112,0.0,0.2032,1.6002,0.0,0,0,0.0,2.54,1.9812,0.762,0.2032,2.6416,2.7178,3.556,3,20,0,2
B00168,B00168_R2,699,3,5,1.6764,0.7112,0.0,0.2032,1.6002,0.0,0,0,0.0,1.9812,2.032,0.762,2.54,3.2512,2.7178,1.7272,3,30,1,3
B00168,B00168_R1,700,4,5,1.6764,0.7112,0.0,0.2032,1.6002,0.0,0,0,0.0,1.0668,2.54,0.2032,1.6002,2.9464,1.8034,1.8034,2,20,0,1
B00168,B00168_R2,701,5,5,1.6764,0.7112,0.0,0.2032,1.6002,0.0,0,0,0.0,0.762,2.032,0.2032,1.9812,3.2512,1.4986,1.1176,2,20,1,2
B00169,B00169_R1,702,1,6,0.762,0.2032,0.0,0.762,2.54,22.04,0,1,-22.04,1.6764,0.7112,0.2032,1.9812,1.4224,3.2512,3.2512,2,10,0,2
B00169,B00169_R2,703,2,6,0.762,0.2032,0.0,0.762,2.54,22.04,0,1,-22.04,2.54,1.6002,0.2032,1.9812,3.175,2.7178,2.7178,2,30,1,3
B00169,B00169_R1,704,3,6,0.762,0.2032,0.0,0.762,2.54,22.04,0,1,-22.04,0.2032,1.143,1.9812,2.032,1.4986,1.9558,3.175,1,10,0,3
B00169,B00169_R2,705,4,6,0.762,0.2032,0.0,0.762,2.54,22.04,0,1,-22.04,0.762,2.032,0.2032,1.6002,2.9464,0.508,1.4986,2,20,1,1
B00169,B00169_R2,706,5,6,0.762,0.2032,0.0,0.762,2.54,22.04,0,1,-22.04,0.2032,1.143,1.9812,2.54,1.4986,1.9558,3.175,1,30,1,2
B00169,B00169_R1,707,6,6,0.762,0.2032,0.0,0.762,2.54,22.04,0,1,-22.04,0.2032,0.762,1.0668,2.032,1.1176,2.3368,2.6416,1,10,0,1
B00170,B00170_R1,708,1,4,1.9812,2.032,23.85,0.2032,1.9812,44.98,1,2,-21.13,0.762,2.54,0.2032,1.6002,1.7272,1.1176,1.4986,2,10,0,3
B00170,B00170_R1,709,2,4,1.9812,2.032,23.85,0.2032,1.9812,44.98,1,2,-21.13,1.6764,2.032,1.9812,2.032,0.8128,2.032,0.8128,3,10,0,1
B00170,B00170_R1,710,3,4,1.9812,2.032,23.85,0.2032,1.9812,44.98,1,2,-21.13,0.762,2.032,0.2032,1.9812,1.7272,1.1176,1.1176,2,10,0,2
B00170,B00170_R2,711,4,4,1.9812,2.032,23.85,0.2032,1.9812,44.98,1,2,-21.13,0.2032,1.143,2.286,0.2032,3.175,1.3462,3.0226,1,10,1,1
B00171,B00171_R1,712,1,7,0.2032,1.6002,33.56,2.286,0.2032,14.93,2,1,18.63,0.2032,1.143,1.6764,2.032,0.9652,3.0226,2.8702,1,20,0,1
B00171,B00171_R1,713,2,7,0.2032,1.6002,33.56,2.286,0.2032,14.93,2,1,18.63,1.9812,2.032,0.2032,1.6002,2.7178,2.6416,2.7178,2,30,0,2
B00171,B00171_R1,714,3,7,0.2032,1.6002,33.56,2.286,0.2032,14.93,2,1,18.63,0.2032,0.762,2.54,1.6002,1.3462,2.6416,3.175,1,30,0,3
B00171,B00171_R2,715,4,7,0.2032,1.6002,33.56,2.286,0.2032,14.93,2,1,18.63,0.2032,1.143,1.6764,2.54,0.9652,3.0226,2.8702,1,30,1,2
B00171,B00171_R2,716,5,7,0.2032,1.6002,33.56,2.286,0.2032,14.93,2,1,18.63,0.762,0.7112,0.2032,1.9812,1.9558,2.032,2.3368,2,10,1,4
B00171,B00171_R2,717,6,7,0.2032,1.6002,33.56,2.286,0.2032,14.93,2,1,18.63,1.0668,0.2032,0.2032,1.6002,2.2606,1.7272,2.2606,2,30,1,1
B00171,B00171_R2,718,7,7,0.2032,1.6002,33.56,2.286,0.2032,14.93,2,1,18.63,1.0668,2.032,0.762,2.032,1.8034,3.556,0.8128,3,20,1,3
B00172,B00172_R2,719,1,6,2.54,1.6002,58.12,0.2032,1.9812,54.81,3,3,3.31,1.9812,2.032,0.2032,1.6002,1.4986,2.3368,2.7178,2,30,1,2
B00172,B00172_R1,720,2,6,2.54,1.6002,58.12,0.2032,1.9812,54.81,3,3,3.31,2.54,1.6002,1.6764,0.7112,0.0,2.7178,2.2606,3,10,0,1
B00172,B00172_R1,721,3,6,2.54,1.6002,58.12,0.2032,1.9812,54.81,3,3,3.31,1.0668,0.7112,0.2032,1.6002,2.8702,2.6416,2.2606,2,20,0,2
B00172,B00172_R2,722,4,6,2.54,1.6002,58.12,0.2032,1.9812,54.81,3,3,3.31,2.286,2.54,0.2032,1.6002,1.1938,2.6416,3.0226,2,30,1,3
B00172,B00172_R2,723,5,6,2.54,1.6002,58.12,0.2032,1.9812,54.81,3,3,3.31,0.762,2.032,1.9812,2.032,2.7178,1.1176,1.7272,3,20,1,1
B00172,B00172_R1,724,6,6,2.54,1.6002,58.12,0.2032,1.9812,54.81,3,3,3.31,0.762,0.2032,0.2032,1.6002,3.175,2.3368,1.9558,2,30,0,3
B00173,B00173_R1,725,1,2,0.2032,1.6002,71.23,0.2032,1.6002,76.04,4,4,-4.81,2.54,1.6002,1.6764,0.7112,2.3368,2.3368,2.2606,3,10,0,1
B00173,B00173_R2,726,2,2,0.2032,1.6002,71.23,0.2032,1.6002,76.04,4,4,-4.81,0.4572,2.54,0.2032,1.6002,1.1938,1.1938,1.1938,2,20,1,1
B00174,B00174_R1,727,1,2,1.6764,0.7112,57.51,0.2032,1.6002,45.28,3,2,12.23,0.762,0.7112,1.0668,2.54,1.4224,1.9558,3.2512,3,30,0,1
B00174,B00174_R2,728,2,2,1.6764,0.7112,57.51,0.2032,1.6002,45.28,3,2,12.23,0.2032,1.143,1.0668,0.2032,2.413,0.9652,1.8034,1,20,1,1
B00175,B00175_R1,729,1,2,1.0668,2.54,24.45,1.0668,0.2032,16.93,1,1,7.52,1.0668,2.032,1.6764,0.7112,0.508,2.9464,2.9464,3,10,0,1
B00175,B00175_R2,730,2,2,1.0668,2.54,24.45,1.0668,0.2032,16.93,1,1,7.52,0.2032,0.762,0.762,0.2032,2.6416,1.4224,1.1176,1,20,1,1
B00176,B00176_R2,731,1,3,1.6764,0.7112,0.0,0.762,0.2032,0.0,0,0,0.0,0.2032,0.762,2.54,0.762,2.032,1.1176,2.9464,1,10,1,1
B00176,B00176_R1,732,2,3,1.6764,0.7112,0.0,0.762,0.2032,0.0,0,0,0.0,1.0668,0.7112,0.2032,1.9812,1.1176,0.8128,2.6416,2,10,0,1
B00176,B00176_R1,733,3,3,1.6764,0.7112,0.0,0.762,0.2032,0.0,0,0,0.0,0.762,2.032,0.2032,1.6002,3.2512,2.9464,1.4986,2,30,0,2
B00177,B00177_R1,734,1,2,0.2032,1.6002,0.0,2.54,0.762,0.0,0,0,0.0,1.6764,2.032,0.2032,1.9812,2.413,2.6416,2.032,2,10,0,1
B00177,B00177_R2,735,2,2,0.2032,1.6002,0.0,2.54,0.762,0.0,0,0,0.0,0.2032,0.762,2.286,0.2032,1.3462,2.9464,2.6416,1,30,1,1
B00178,B00178_R1,736,1,3,0.2032,1.9812,0.0,2.286,0.2032,0.0,0,0,0.0,0.762,2.032,0.2032,1.6002,1.1176,3.8608,1.4986,2,10,0,1
B00178,B00178_R1,737,2,3,0.2032,1.9812,0.0,2.286,0.2032,0.0,0,0,0.0,0.2032,1.143,0.4572,2.54,1.3462,3.0226,1.651,1,20,0,2
B00178,B00178_R2,738,3,3,0.2032,1.9812,0.0,2.286,0.2032,0.0,0,0,0.0,1.0668,0.2032,0.2032,1.6002,2.6416,1.7272,2.2606,2,20,1,1
B00179,B00179_R1,739,1,1,0.4572,2.54,0.0,0.2032,1.6002,0.0,0,0,0.0,1.6764,2.032,0.2032,1.6002,1.7272,2.413,2.413,2,20,0,1
B00180,B00180_R1,740,1,3,0.2032,1.6002,0.0,0.2032,1.6002,0.0,0,0,0.0,0.2032,1.143,1.6764,0.2032,0.9652,0.9652,2.413,1,20,0,1
B00180,B00180_R1,741,2,3,0.2032,1.6002,0.0,0.2032,1.6002,0.0,0,0,0.0,0.762,0.2032,0.2032,1.9812,1.9558,1.9558,2.3368,2,20,0,2
B00180,B00180_R2,742,3,3,0.2032,1.6002,0.0,0.2032,1.6002,0.0,0,0,0.0,0.2032,0.762,2.286,2.54,1.3462,1.3462,3.8608,1,20,1,1
B00181,B00181_R1,743,1,5,0.2032,1.9812,0.0,2.286,2.54,0.0,0,0,0.0,1.0668,0.7112,0.2032,1.9812,2.6416,3.556,2.6416,2,30,0,3
B00181,B00181_R1,744,2,5,0.2032,1.9812,0.0,2.286,2.54,0.0,0,0,0.0,0.762,2.032,0.2032,1.6002,1.1176,2.032,1.4986,2,20,0,1
B00181,B00181_R2,745,3,5,0.2032,1.9812,0.0,2.286,2.54,0.0,0,0,0.0,2.54,1.9812,0.2032,1.9812,2.9464,0.8128,2.9464,2,30,1,1
B00181,B00181_R2,746,4,5,0.2032,1.9812,0.0,2.286,2.54,0.0,0,0,0.0,1.6764,0.2032,0.2032,1.6002,3.2512,2.9464,2.8702,2,10,1,2
B00181,B00181_R1,747,5,5,0.2032,1.9812,0.0,2.286,2.54,0.0,0,0,0.0,0.2032,1.143,0.762,0.7112,1.3462,3.4798,1.4986,1,30,0,2
B00182,B00182_R2,748,1,5,0.2032,1.9812,19.64,0.2032,1.6002,0.0,1,0,19.64,0.762,0.7112,0.2032,1.6002,2.3368,1.9558,1.9558,2,10,1,1
B00182,B00182_R2,749,2,5,0.2032,1.9812,19.64,0.2032,1.6002,0.0,1,0,19.64,2.286,0.2032,0.2032,1.9812,3.8608,3.4798,3.8608,2,20,1,3
B00182,B00182_R1,750,3,5,0.2032,1.9812,19.64,0.2032,1.6002,0.0,1,0,19.64,0.762,2.54,0.2032,1.6002,1.1176,1.4986,1.4986,2,20,0,1
B00182,B00182_R1,751,4,5,0.2032,1.9812,19.64,0.2032,1.6002,0.0,1,0,19.64,1.9812,0.2032,0.762,2.54,3.556,3.175,3.556,3,30,0,2
B00182,B00182_R2,752,5,5,0.2032,1.9812,19.64,0.2032,1.6002,0.0,1,0,19.64,0.2032,1.143,1.9812,2.54,1.3462,0.9652,3.175,1,10,1,2
B00183,B00183_R2,753,1,7,0.762,2.54,0.0,0.2032,1.9812,0.0,0,0,0.0,1.9812,0.2032,0.2032,1.9812,3.556,3.556,3.556,2,20,1,3
B00183,B00183_R2,754,2,7,0.762,2.54,0.0,0.2032,1.9812,0.0,0,0,0.0,0.2032,1.143,2.54,1.6002,1.9558,1.3462,2.794,1,10,1,1
B00183,B00183_R1,755,3,7,0.762,2.54,0.0,0.2032,1.9812,0.0,0,0,0.0,0.2032,1.143,1.0668,0.7112,1.9558,1.3462,1.8034,1,30,0,2
B00183,B00183_R1,756,4,7,0.762,2.54,0.0,0.2032,1.9812,0.0,0,0,0.0,0.762,2.54,0.4572,2.54,0.0,1.1176,0.8128,3,10,0,1
B00183,B00183_R1,757,5,7,0.762,2.54,0.0,0.2032,1.9812,0.0,0,0,0.0,2.54,0.762,0.2032,1.9812,3.556,3.556,3.556,2,20,0,4
B00183,B00183_R1,758,6,7,0.762,2.54,0.0,0.2032,1.9812,0.0,0,0,0.0,1.0668,0.7112,2.54,1.9812,3.2512,2.6416,3.2512,3,10,0,3
B00183,B00183_R2,759,7,7,0.762,2.54,0.0,0.2032,1.9812,0.0,0,0,0.0,1.9812,2.54,0.2032,1.9812,1.7272,2.3368,2.3368,2,10,1,2
B00184,B00184_R2,760,1,3,0.2032,1.9812,45.69,0.2032,1.9812,34.07,2,1,11.62,2.54,1.143,0.762,2.032,3.175,3.175,3.175,3,30,1,2
B00184,B00184_R1,761,2,3,0.2032,1.9812,45.69,0.2032,1.9812,34.07,2,1,11.62,0.2032,0.762,0.762,2.54,1.7272,1.7272,2.3368,1,20,0,1
B00184,B00184_R2,762,3,3,0.2032,1.9812,45.69,0.2032,1.9812,34.07,2,1,11.62,0.2032,1.143,1.0668,2.032,1.3462,1.3462,2.2606,1,10,1,1
B00185,B00185_R1,763,1,1,0.762,2.54,22.04,0.762,2.032,29.86,1,1,-7.82,0.2032,0.762,1.6764,2.54,2.3368,2.3368,3.2512,1,10,0,1
B00186,B00186_R1,764,1,1,1.6764,2.54,0.0,0.762,2.032,0.0,0,0,0.0,1.6764,2.54,0.2032,1.6002,0.0,1.4224,2.413,2,30,0,1
B00187,B00187_R1,765,1,7,0.2032,1.6002,0.0,0.762,2.032,0.0,0,0,0.0,0.2032,0.762,1.6764,2.032,1.3462,2.3368,3.2512,1,30,0,1
B00187,B00187_R2,766,2,7,0.2032,1.6002,0.0,0.762,2.032,0.0,0,0,0.0,0.762,2.032,0.2032,1.6002,1.4986,0.0,1.4986,2,10,1,1
B00187,B00187_R1,767,3,7,0.2032,1.6002,0.0,0.762,2.032,0.0,0,0,0.0,2.54,1.143,0.2032,1.6002,2.794,3.175,2.794,2,30,0,3
B00187,B00187_R1,768,4,7,0.2032,1.6002,0.0,0.762,2.032,0.0,0,0,0.0,1.9812,2.032,2.286,2.54,2.7178,1.7272,0.8128,3,30,0,2
B00187,B00187_R2,769,5,7,0.2032,1.6002,0.0,0.762,2.032,0.0,0,0,0.0,1.6764,0.7112,2.54,1.6002,2.8702,3.2512,2.2606,3,20,1,3
B00187,B00187_R2,770,6,7,0.2032,1.6002,0.0,0.762,2.032,0.0,0,0,0.0,2.54,1.6002,0.2032,1.6002,2.3368,2.7178,2.3368,2,20,1,4
B00187,B00187_R2,771,7,7,0.2032,1.6002,0.0,0.762,2.032,0.0,0,0,0.0,0.2032,0.762,1.0668,0.2032,1.3462,2.3368,1.4224,1,30,1,2
B00188,B00188_R1,772,1,7,0.2032,1.6002,0.0,0.2032,1.6002,0.0,0,0,0.0,1.9812,2.032,0.2032,1.6002,2.7178,2.7178,2.7178,2,20,0,3
B00188,B00188_R1,773,2,7,0.2032,1.6002,0.0,0.2032,1.6002,0.0,0,0,0.0,0.762,2.032,1.9812,2.54,1.4986,1.4986,1.7272,3,10,0,2
B00188,B00188_R2,774,3,7,0.2032,1.6002,0.0,0.2032,1.6002,0.0,0,0,0.0,0.2032,1.143,1.9812,0.7112,0.9652,0.9652,2.7178,1,10,1,3
B00188,B00188_R2,775,4,7,0.2032,1.6002,0.0,0.2032,1.6002,0.0,0,0,0.0,0.2032,0.762,1.6764,2.54,1.3462,1.3462,3.2512,1,10,1,1
B00188,B00188_R1,776,5,7,0.2032,1.6002,0.0,0.2032,1.6002,0.0,0,0,0.0,0.2032,0.762,0.4572,2.54,1.3462,1.3462,2.032,1,10,0,1
B00188,B00188_R1,777,6,7,0.2032,1.6002,0.0,0.2032,1.6002,0.0,0,0,0.0,0.2032,1.143,1.6764,0.7112,0.9652,0.9652,2.413,1,10,0,4
B00188,B00188_R2,778,7,7,0.2032,1.6002,0.0,0.2032,1.6002,0.0,0,0,0.0,1.6764,2.032,0.2032,1.9812,2.413,2.413,2.032,2,20,1,2
B00189,B00189_R1,779,1,3,1.6764,0.7112,38.07,1.9812,0.7112,22.04,2,1,16.03,0.2032,1.143,0.762,0.7112,2.413,2.7178,1.4986,1,10,0,1
B00189,B00189_R2,780,2,3,1.6764,0.7112,38.07,1.9812,0.7112,22.04,2,1,16.03,1.0668,2.032,0.2032,1.6002,2.9464,3.2512,1.8034,2,30,1,2
B00189,B00189_R2,781,3,3,1.6764,0.7112,38.07,1.9812,0.7112,22.04,2,1,16.03,1.9812,0.2032,2.54,1.143,0.8128,0.508,1.4986,3,30,1,1
B00190,B00190_R1,782,1,4,0.762,0.7112,0.0,0.2032,1.6002,0.0,0,0,0.0,0.2032,0.762,1.9812,2.032,1.1176,1.3462,3.556,1,20,0,2
B00190,B00190_R2,783,2,4,0.762,0.7112,0.0,0.2032,1.6002,0.0,0,0,0.0,0.2032,1.143,1.0668,2.54,1.4986,0.9652,2.2606,1,20,1,1
B00190,B00190_R1,784,3,4,0.762,0.7112,0.0,0.2032,1.6002,0.0,0,0,0.0,0.2032,0.762,1.6764,0.2032,1.1176,1.3462,2.032,1,20,0,1
B00190,B00190_R2,785,4,4,0.762,0.7112,0.0,0.2032,1.6002,0.0,0,0,0.0,1.9812,2.54,0.2032,1.6002,3.556,2.7178,2.7178,2,30,1,2
B00191,B00191_R1,786,1,3,1.9812,2.032,0.0,0.2032,1.6002,0.0,0,0,0.0,1.9812,0.7112,1.9812,0.2032,2.9464,3.175,0.508,3,20,0,1
B00191,B00191_R2,787,2,3,1.9812,2.032,0.0,0.2032,1.6002,0.0,0,0,0.0,0.2032,0.762,0.762,2.54,3.556,1.3462,2.3368,1,10,1,1
B00191,B00191_R2,788,3,3,1.9812,2.032,0.0,0.2032,1.6002,0.0,0,0,0.0,1.0668,2.032,0.2032,1.6002,1.4224,1.8034,1.8034,2,20,1,2
B00192,B00192_R1,789,1,4,1.9812,0.2032,0.0,0.2032,1.6002,0.0,0,0,0.0,1.0668,0.7112,0.2032,1.9812,1.4224,2.2606,2.6416,2,20,0,1
B00192,B00192_R2,790,2,4,1.9812,0.2032,0.0,0.2032,1.6002,0.0,0,0,0.0,0.2032,1.143,1.9812,2.032,2.7178,0.9652,3.175,1,10,1,1
B00192,B00192_R1,791,3,4,1.9812,0.2032,0.0,0.2032,1.6002,0.0,0,0,0.0,0.2032,0.762,0.762,2.54,2.3368,1.3462,2.3368,1,30,0,2
B00192,B00192_R2,792,4,4,1.9812,0.2032,0.0,0.2032,1.6002,0.0,0,0,0.0,1.9812,2.032,0.2032,1.6002,2.9464,2.7178,2.7178,2,30,1,2
B00193,B00193_R2,793,1,5,0.762,2.54,0.0,0.2032,1.6002,0.0,0,0,0.0,1.6764,0.2032,0.2032,1.9812,3.2512,2.8702,3.2512,2,20,1,2
B00193,B00193_R2,794,2,5,0.762,2.54,0.0,0.2032,1.6002,0.0,0,0,0.0,1.6764,2.54,0.2032,1.9812,1.4224,2.413,2.032,2,20,1,1
B00193,B00193_R1,795,3,5,0.762,2.54,0.0,0.2032,1.6002,0.0,0,0,0.0,1.0668,0.7112,0.4572,2.54,3.2512,2.2606,2.9464,3,10,0,2
B00193,B00193_R1,796,4,5,0.762,2.54,0.0,0.2032,1.6002,0.0,0,0,0.0,1.9812,2.032,0.2032,1.9812,1.7272,2.7178,2.3368,2,30,0,3
B00193,B00193_R1,797,5,5,0.762,2.54,0.0,0.2032,1.6002,0.0,0,0,0.0,0.762,2.54,0.762,0.2032,0.0,1.4986,2.9464,3,20,0,1
B00194,B00194_R1,798,1,2,0.2032,1.9812,0.0,0.2032,1.9812,0.0,0,0,0.0,1.9812,0.2032,0.2032,1.6002,3.556,3.556,3.175,2,10,0,1
B00194,B00194_R2,799,2,2,0.2032,1.9812,0.0,0.2032,1.9812,0.0,0,0,0.0,0.4572,0.2032,0.2032,1.6002,2.032,2.032,1.651,2,30,1,1
B00195,B00195_R1,800,1,5,0.2032,1.6002,0.0,0.2032,1.6002,0.0,0,0,0.0,0.2032,1.143,1.6764,2.032,0.9652,0.9652,2.8702,1,20,0,1
B00195,B00195_R1,801,2,5,0.2032,1.6002,0.0,0.2032,1.6002,0.0,0,0,0.0,1.6764,2.54,0.2032,1.9812,2.413,2.413,2.032,2,30,0,2
B00195,B00195_R1,802,3,5,0.2032,1.6002,0.0,0.2032,1.6002,0.0,0,0,0.0,1.0668,0.2032,0.2032,1.6002,2.2606,2.2606,2.2606,2,20,0,3
B00195,B00195_R2,803,4,5,0.2032,1.6002,0.0,0.2032,1.6002,0.0,0,0,0.0,0.2032,0.762,0.762,2.54,1.3462,1.3462,2.3368,1,10,1,1
B00195,B00195_R2,804,5,5,0.2032,1.6002,0.0,0.2032,1.6002,0.0,0,0,0.0,2.54,0.762,0.2032,1.6002,3.175,3.175,3.175,2,10,1,2
B00196,B00196_R2,805,1,6,0.2032,1.6002,25.35,0.2032,1.6002,0.0,1,0,25.35,0.762,0.2032,0.2032,1.6002,1.9558,1.9558,1.9558,2,30,1,4
B00196,B00196_R1,806,2,6,0.2032,1.6002,25.35,0.2032,1.6002,0.0,1,0,25.35,0.2032,1.143,1.6764,2.032,0.9652,0.9652,2.8702,1,30,0,1
B00196,B00196_R2,807,3,6,0.2032,1.6002,25.35,0.2032,1.6002,0.0,1,0,25.35,0.2032,1.143,2.54,1.9812,0.9652,0.9652,3.175,1,10,1,1
B00196,B00196_R2,808,4,6,0.2032,1.6002,25.35,0.2032,1.6002,0.0,1,0,25.35,1.9812,2.54,2.54,1.6002,2.7178,2.7178,1.4986,3,20,1,2
B00196,B00196_R2,809,5,6,0.2032,1.6002,25.35,0.2032,1.6002,0.0,1,0,25.35,2.286,2.54,0.2032,1.6002,3.0226,3.0226,3.0226,2,30,1,3
B00196,B00196_R1,810,6,6,0.2032,1.6002,25.35,0.2032,1.6002,0.0,1,0,25.35,1.0668,2.54,0.2032,1.9812,1.8034,1.8034,1.4224,2,30,0,2
B00197,B00197_R1,811,1,4,0.2032,1.9812,16.03,0.2032,1.6002,44.08,1,2,-28.05,0.2032,1.143,1.6764,0.2032,1.3462,0.9652,2.413,1,10,0,1
B00197,B00197_R2,812,2,4,0.2032,1.9812,16.03,0.2032,1.6002,44.08,1,2,-28.05,0.2032,0.762,0.762,2.032,1.7272,1.3462,2.3368,1,30,1,1
B00197,B00197_R1,813,3,4,0.2032,1.9812,16.03,0.2032,1.6002,44.08,1,2,-28.05,1.6764,2.032,1.6764,2.54,2.032,2.413,0.508,3,20,0,3
B00197,B00197_R1,814,4,4,0.2032,1.9812,16.03,0.2032,1.6002,44.08,1,2,-28.05,1.6764,0.2032,2.286,2.54,3.2512,2.8702,2.9464,3,30,0,2
B00198,B00198_R1,815,1,2,1.6764,2.54,27.05,0.762,2.032,20.54,2,1,6.51,1.0668,0.7112,0.2032,1.9812,2.9464,3.2512,2.6416,2,20,0,1
B00198,B00198_R2,816,2,2,1.6764,2.54,27.05,0.762,2.032,20.54,2,1,6.51,0.4572,2.54,1.0668,2.54,1.7272,0.8128,1.1176,3,20,1,1
B00199,B00199_R2,817,1,4,0.2032,1.9812,13.43,1.0668,2.54,0.0,1,0,13.43,2.286,0.2032,0.2032,1.6002,3.8608,3.556,3.4798,2,10,1,2
B00199,B00199_R2,818,2,4,0.2032,1.9812,13.43,1.0668,2.54,0.0,1,0,13.43,0.2032,1.143,2.54,1.143,1.3462,2.2606,2.3368,1,20,1,1
B00199,B00199_R1,819,3,4,0.2032,1.9812,13.43,1.0668,2.54,0.0,1,0,13.43,1.9812,2.54,0.2032,1.6002,2.3368,1.4224,2.7178,2,10,0,2
B00199,B00199_R1,820,4,4,0.2032,1.9812,13.43,1.0668,2.54,0.0,1,0,13.43,0.4572,2.54,0.2032,1.9812,0.8128,1.1176,0.8128,2,20,0,1
B00200,B00200_R2,821,1,7,0.2032,1.6002,0.0,0.2032,1.6002,0.0,0,0,0.0,1.6764,2.032,1.9812,2.54,2.413,2.413,0.8128,3,30,1,2
B00200,B00200_R1,822,2,7,0.2032,1.6002,0.0,0.2032,1.6002,0.0,0,0,0.0,0.2032,1.143,1.9812,0.7112,0.9652,0.9652,2.7178,1,20,0,1
B00200,B00200_R2,823,3,7,0.2032,1.6002,0.0,0.2032,1.6002,0.0,0,0,0.0,0.2032,1.143,0.4572,2.54,0.9652,0.9652,1.651,1,10,1,1
B00200,B00200_R1,824,4,7,0.2032,1.6002,0.0,0.2032,1.6002,0.0,0,0,0.0,2.54,1.143,2.54,0.762,2.794,2.794,0.889,3,30,0,2
B00200,B00200_R1,825,5,7,0.2032,1.6002,0.0,0.2032,1.6002,0.0,0,0,0.0,0.2032,0.762,1.9812,2.54,1.3462,1.3462,3.556,1,10,0,3
B00200,B00200_R2,826,6,7,0.2032,1.6002,0.0,0.2032,1.6002,0.0,0,0,0.0,0.2032,0.762,0.762,2.54,1.3462,1.3462,2.3368,1,10,1,4
B00200,B00200_R2,827,7,7,0.2032,1.6002,0.0,0.2032,1.6002,0.0,0,0,0.0,2.54,1.9812,0.2032,1.6002,2.7178,2.7178,2.7178,2,10,1,3
B00201,B00201_R1,828,1,2,1.9812,2.54,31.67,0.762,2.54,41.68,1,2,-10.01,0.2032,1.143,2.54,0.762,3.175,1.9558,2.7178,1,30,0,1
B00201,B00201_R2,829,2,2,1.9812,2.54,31.67,0.762,2.54,41.68,1,2,-10.01,0.2032,1.143,0.4572,0.2032,3.175,1.9558,1.1938,1,10,1,1
B00202,B00202_R2,830,1,7,2.54,0.762,0.0,0.4572,0.2032,0.0,0,0,0.0,0.2032,0.762,1.6764,0.7112,2.9464,0.8128,2.032,1,20,1,1
B00202,B00202_R2,831,2,7,2.54,0.762,0.0,0.4572,0.2032,0.0,0,0,0.0,1.9812,0.7112,0.2032,1.6002,1.1176,2.032,3.175,2,30,1,2
B00202,B00202_R2,832,3,7,2.54,0.762,0.0,0.4572,0.2032,0.0,0,0,0.0,0.2032,1.143,1.0668,0.7112,2.7178,1.1938,1.8034,1,10,1,3
B00202,B00202_R1,833,4,7,2.54,0.762,0.0,0.4572,0.2032,0.0,0,0,0.0,0.2032,1.143,2.54,1.9812,2.7178,1.1938,3.175,1,10,0,2
B00202,B00202_R2,834,5,7,2.54,0.762,0.0,0.4572,0.2032,0.0,0,0,0.0,0.2032,0.762,1.0668,2.032,2.9464,0.8128,2.6416,1,10,1,4
B00202,B00202_R1,835,6,7,2.54,0.762,0.0,0.4572,0.2032,0.0,0,0,0.0,2.54,1.9812,0.2032,1.9812,1.7272,3.8608,2.9464,2,10,0,3
B00202,B00202_R1,836,7,7,2.54,0.762,0.0,0.4572,0.2032,0.0,0,0,0.0,2.286,2.54,0.2032,1.9812,2.032,4.1656,2.6416,2,10,0,1
B00203,B00203_R1,837,1,7,0.2032,1.9812,17.63,1.0668,2.032,38.97,1,2,-21.34,1.9812,0.2032,0.2032,1.6002,3.556,3.2512,3.175,2,10,0,4
B00203,B00203_R1,838,2,7,0.2032,1.9812,17.63,1.0668,2.032,38.97,1,2,-21.34,2.54,1.9812,1.0668,2.032,2.9464,2.032,2.032,3,20,0,3
B00203,B00203_R2,839,3,7,0.2032,1.9812,17.63,1.0668,2.032,38.97,1,2,-21.34,1.9812,0.2032,2.286,2.54,3.556,3.2512,2.6416,3,10,1,2
B00203,B00203_R2,840,4,7,0.2032,1.9812,17.63,1.0668,2.032,38.97,1,2,-21.34,2.286,0.2032,0.2032,1.6002,3.8608,3.556,3.4798,2,10,1,3
B00203,B00203_R2,841,5,7,0.2032,1.9812,17.63,1.0668,2.032,38.97,1,2,-21.34,1.9812,2.032,1.0668,2.54,2.3368,1.4224,1.4224,3,10,1,1
B00203,B00203_R1,842,6,7,0.2032,1.9812,17.63,1.0668,2.032,38.97,1,2,-21.34,1.0668,0.7112,0.2032,1.6002,2.6416,2.9464,2.2606,2,30,0,1
B00203,B00203_R1,843,7,7,0.2032,1.9812,17.63,1.0668,2.032,38.97,1,2,-21.34,0.2032,0.762,1.6764,2.54,1.7272,2.6416,3.2512,1,20,0,2
B00204,B00204_R2,844,1,7,0.2032,1.6002,0.0,0.2032,1.6002,0.0,0,0,0.0,1.6764,2.54,1.6764,0.2032,2.413,2.413,2.9464,3,30,1,3
B00204,B00204_R1,845,2,7,0.2032,1.6002,0.0,0.2032,1.6002,0.0,0,0,0.0,1.9812,2.032,0.2032,1.9812,2.7178,2.7178,2.3368,2,20,0,2
B00204,B00204_R2,846,3,7,0.2032,1.6002,0.0,0.2032,1.6002,0.0,0,0,0.0,0.4572,2.54,1.0668,0.2032,1.1938,1.1938,2.9464,3,20,1,1
B00204,B00204_R1,847,4,7,0.2032,1.6002,0.0,0.2032,1.6002,0.0,0,0,0.0,1.9812,2.54,1.9812,0.7112,2.7178,2.7178,2.9464,3,20,0,4
B00204,B00204_R1,848,5,7,0.2032,1.6002,0.0,0.2032,1.6002,0.0,0,0,0.0,0.2032,1.143,2.286,2.54,0.9652,0.9652,3.4798,1,20,0,1
B00204,B00204_R2,849,6,7,0.2032,1.6002,0.0,0.2032,1.6002,0.0,0,0,0.0,2.54,0.762,0.2032,1.9812,3.175,3.175,3.556,2,30,1,2
B00204,B00204_R1,850,7,7,0.2032,1.6002,0.0,0.2032,1.6002,0.0,0,0,0.0,0.4572,2.54,2.54,1.6002,1.1938,1.1938,3.0226,3,30,0,3
B00205,B00205_R1,851,1,3,1.9812,0.7112,0.0,1.6764,0.2032,0.0,0,0,0.0,0.2032,1.143,1.6764,2.54,2.7178,2.413,2.8702,1,20,0,1
B00205,B00205_R2,852,2,3,1.9812,0.7112,0.0,1.6764,0.2032,0.0,0,0,0.0,0.2032,1.143,0.4572,2.54,2.7178,2.413,1.651,1,20,1,1
B00205,B00205_R2,853,3,3,1.9812,0.7112,0.0,1.6764,0.2032,0.0,0,0,0.0,1.0668,2.54,0.2032,1.9812,3.2512,2.9464,1.4224,2,20,1,2
B00206,B00206_R1,854,1,4,1.6764,2.54,0.0,0.2032,1.9812,0.0,0,0,0.0,0.2032,0.762,1.9812,2.54,3.2512,1.7272,3.556,1,10,0,2
B00206,B00206_R2,855,2,4,1.6764,2.54,0.0,0.2032,1.9812,0.0,0,0,0.0,1.9812,0.7112,1.0668,0.2032,3.2512,3.556,1.4224,3,30,1,2
B00206,B00206_R2,856,3,4,1.6764,2.54,0.0,0.2032,1.9812,0.0,0,0,0.0,0.2032,1.143,2.286,0.2032,2.8702,1.3462,3.0226,1,30,1,1
B00206,B00206_R1,857,4,4,1.6764,2.54,0.0,0.2032,1.9812,0.0,0,0,0.0,1.0668,0.7112,0.2032,1.9812,2.9464,2.6416,2.6416,2,30,0,1
B00207,B00207_R1,858,1,3,1.9812,2.54,0.0,1.0668,0.2032,0.0,0,0,0.0,1.6764,2.54,0.2032,1.6002,0.8128,2.9464,2.413,2,10,0,1
B00207,B00207_R2,859,2,3,1.9812,2.54,0.0,1.0668,0.2032,0.0,0,0,0.0,0.2032,1.143,1.9812,0.2032,3.175,1.8034,2.7178,1,20,1,1
B00207,B00207_R1,860,3,3,1.9812,2.54,0.0,1.0668,0.2032,0.0,0,0,0.0,0.2032,0.762,1.6764,0.7112,3.556,1.4224,2.032,1,30,0,2
B00208,B00208_R2,861,1,2,1.6764,0.7112,0.0,1.9812,0.2032,0.0,0,0,0.0,0.2032,1.143,2.54,1.143,2.413,2.7178,2.3368,1,10,1,1
B00208,B00208_R1,862,2,2,1.6764,0.7112,0.0,1.9812,0.2032,0.0,0,0,0.0,0.2032,1.143,2.54,1.9812,2.413,2.7178,3.175,1,20,0,1
B00209,B00209_R1,863,1,2,2.54,1.9812,0.0,2.54,1.143,0.0,0,0,0.0,0.2032,0.762,0.4572,0.2032,3.556,2.7178,0.8128,1,30,0,1
B00209,B00209_R2,864,2,2,2.54,1.9812,0.0,2.54,1.143,0.0,0,0,0.0,0.2032,1.143,0.762,0.7112,3.175,2.3368,1.4986,1,10,1,1
B00210,B00210_R2,865,1,4,0.4572,0.2032,0.0,0.762,0.7112,0.0,0,0,0.0,0.2032,1.143,0.762,0.2032,1.1938,1.4986,1.4986,1,20,1,1
B00210,B00210_R1,866,2,4,0.4572,0.2032,0.0,0.762,0.7112,0.0,0,0,0.0,0.2032,0.762,1.6764,2.54,0.8128,1.1176,3.2512,1,20,0,1
B00210,B00210_R2,867,3,4,0.4572,0.2032,0.0,0.762,0.7112,0.0,0,0,0.0,2.54,1.143,0.2032,1.9812,3.0226,2.7178,3.175,2,10,1,2
B00210,B00210_R1,868,4,4,0.4572,0.2032,0.0,0.762,0.7112,0.0,0,0,0.0,0.762,2.032,0.4572,2.54,2.6416,2.9464,0.8128,3,10,0,2
B00211,B00211_R2,869,1,5,0.4572,2.54,0.0,0.2032,1.9812,0.0,0,0,0.0,1.9812,0.2032,0.2032,1.6002,3.8608,3.556,3.175,2,30,1,2
B00211,B00211_R2,870,2,5,0.4572,2.54,0.0,0.2032,1.9812,0.0,0,0,0.0,0.2032,0.762,1.0668,0.2032,2.032,1.7272,1.4224,1,10,1,1
B00211,B00211_R1,871,3,5,0.4572,2.54,0.0,0.2032,1.9812,0.0,0,0,0.0,2.54,1.6002,0.762,2.54,3.0226,2.7178,2.7178,3,20,0,2
B00211,B00211_R2,872,4,5,0.4572,2.54,0.0,0.2032,1.9812,0.0,0,0,0.0,0.2032,0.762,1.0668,2.032,2.032,1.7272,2.6416,1,30,1,3
B00211,B00211_R1,873,5,5,0.4572,2.54,0.0,0.2032,1.9812,0.0,0,0,0.0,0.2032,0.762,2.54,0.762,2.032,1.7272,2.9464,1,10,0,1
B00212,B00212_R2,874,1,3,0.762,2.54,0.0,1.0668,2.032,21.74,0,1,-21.74,1.6764,2.54,2.54,1.6002,1.4224,1.1176,1.8034,3,30,1,1
B00212,B00212_R1,875,2,3,0.762,2.54,0.0,1.0668,2.032,21.74,0,1,-21.74,0.2032,1.143,1.9812,0.2032,1.9558,2.2606,2.7178,1,20,0,1
B00212,B00212_R1,876,3,3,0.762,2.54,0.0,1.0668,2.032,21.74,0,1,-21.74,2.54,0.762,0.2032,1.6002,3.556,3.2512,3.175,2,30,0,2
B00213,B00213_R1,877,1,4,0.2032,1.6002,0.0,2.54,1.6002,0.0,0,0,0.0,1.0668,0.7112,0.2032,1.9812,2.2606,2.8702,2.6416,2,30,0,2
B00213,B00213_R2,878,2,4,0.2032,1.6002,0.0,2.54,1.6002,0.0,0,0,0.0,2.54,1.9812,0.2032,1.9812,2.7178,0.889,2.9464,2,10,1,1
B00213,B00213_R2,879,3,4,0.2032,1.6002,0.0,2.54,1.6002,0.0,0,0,0.0,2.286,2.54,0.2032,1.9812,3.0226,1.1938,2.6416,2,20,1,2
B00213,B00213_R1,880,4,4,0.2032,1.6002,0.0,2.54,1.6002,0.0,0,0,0.0,0.2032,0.762,1.0668,0.7112,1.3462,3.175,1.4224,1,30,0,1
B00214,B00214_R2,881,1,4,0.2032,1.9812,0.0,0.2032,1.9812,0.0,0,0,0.0,0.2032,0.762,1.9812,2.54,1.7272,1.7272,3.556,1,10,1,2
B00214,B00214_R1,882,2,4,0.2032,1.9812,0.0,0.2032,1.9812,0.0,0,0,0.0,0.2032,1.143,0.762,2.54,1.3462,1.3462,1.9558,1,10,0,1
B00214,B00214_R2,883,3,4,0.2032,1.9812,0.0,0.2032,1.9812,0.0,0,0,0.0,0.4572,2.54,0.2032,1.6002,0.8128,0.8128,1.1938,2,30,1,1
B00214,B00214_R1,884,4,4,0.2032,1.9812,0.0,0.2032,1.9812,0.0,0,0,0.0,0.2032,0.762,1.9812,0.2032,1.7272,1.7272,2.3368,1,30,0,2
B00215,B00215_R1,885,1,1,1.9812,0.2032,0.0,1.9812,2.54,0.0,0,0,0.0,0.2032,0.762,1.6764,2.54,2.3368,3.556,3.2512,1,30,0,1
B00216,B00216_R2,886,1,6,1.6764,2.54,0.0,1.9812,2.54,0.0,0,0,0.0,1.6764,0.2032,0.2032,1.6002,2.9464,3.2512,2.8702,2,20,1,3
B00216,B00216_R1,887,2,6,1.6764,2.54,0.0,1.9812,2.54,0.0,0,0,0.0,1.9812,2.032,0.2032,1.9812,0.8128,0.508,2.3368,2,10,0,1
B00216,B00216_R2,888,3,6,1.6764,2.54,0.0,1.9812,2.54,0.0,0,0,0.0,1.0668,2.54,0.2032,1.9812,1.1176,1.4224,1.4224,2,20,1,2
B00216,B00216_R2,889,4,6,1.6764,2.54,0.0,1.9812,2.54,0.0,0,0,0.0,1.9812,2.54,0.2032,1.9812,0.8128,0.0,2.3368,2,20,1,1
B00216,B00216_R1,890,5,6,1.6764,2.54,0.0,1.9812,2.54,0.0,0,0,0.0,0.762,2.54,0.4572,2.54,1.4224,1.7272,0.8128,3,20,0,2
B00216,B00216_R1,891,6,6,1.6764,2.54,0.0,1.9812,2.54,0.0,0,0,0.0,1.6764,2.032,0.2032,1.9812,0.508,0.8128,2.032,2,30,0,3
B00217,B00217_R2,892,1,4,0.2032,1.9812,20.84,0.2032,1.6002,30.16,1,1,-9.32,0.2032,1.143,2.54,1.143,1.3462,0.9652,2.3368,1,30,1,1
B00217,B00217_R2,893,2,4,0.2032,1.9812,20.84,0.2032,1.6002,30.16,1,1,-9.32,2.54,1.6002,0.2032,1.9812,2.7178,2.3368,2.7178,2,10,1,2
B00217,B00217_R1,894,3,4,0.2032,1.9812,20.84,0.2032,1.6002,30.16,1,1,-9.32,2.54,1.9812,1.6764,0.2032,2.9464,2.7178,2.6416,3,30,0,1
B00217,B00217_R1,895,4,4,0.2032,1.9812,20.84,0.2032,1.6002,30.16,1,1,-9.32,1.0668,0.2032,0.2032,1.6002,2.6416,2.2606,2.2606,2,20,0,2
B00218,B00218_R2,896,1,7,0.2032,1.6002,19.34,0.2032,1.9812,20.54,1,1,-1.2,0.762,2.54,0.2032,1.6002,1.4986,1.1176,1.4986,2,30,1,1
B00218,B00218_R1,897,2,7,0.2032,1.6002,19.34,0.2032,1.9812,20.54,1,1,-1.2,0.2032,0.762,0.762,0.2032,1.3462,1.7272,1.1176,1,30,0,1
B00218,B00218_R1,898,3,7,0.2032,1.6002,19.34,0.2032,1.9812,20.54,1,1,-1.2,1.6764,0.2032,0.2032,1.6002,2.8702,3.2512,2.8702,2,10,0,4
B00218,B00218_R2,899,4,7,0.2032,1.6002,19.34,0.2032,1.9812,20.54,1,1,-1.2,1.0668,2.032,0.2032,1.6002,1.8034,1.4224,1.8034,2,10,1,2
B00218,B00218_R1,900,5,7,0.2032,1.6002,19.34,0.2032,1.9812,20.54,1,1,-1.2,1.6764,2.032,2.54,0.762,2.413,2.032,2.6416,3,10,0,3
B00218,B00218_R1,901,6,7,0.2032,1.6002,19.34,0.2032,1.9812,20.54,1,1,-1.2,0.762,0.7112,2.54,1.6002,1.9558,2.3368,3.175,3,10,0,2
B00218,B00218_R2,902,7,7,0.2032,1.6002,19.34,0.2032,1.9812,20.54,1,1,-1.2,1.6764,0.2032,0.2032,1.9812,2.8702,3.2512,3.2512,2,10,1,3
B00219,B00219_R1,903,1,4,0.2032,1.6002,67.03,0.2032,1.9812,40.28,3,2,26.75,0.2032,0.762,2.54,1.9812,1.3462,1.7272,3.556,1,10,0,1
B00219,B00219_R2,904,2,4,0.2032,1.6002,67.03,0.2032,1.9812,40.28,3,2,26.75,1.0668,0.7112,0.2032,1.9812,2.2606,2.6416,2.6416,2,10,1,2
B00219,B00219_R2,905,3,4,0.2032,1.6002,67.03,0.2032,1.9812,40.28,3,2,26.75,0.2032,1.143,1.0668,2.032,0.9652,1.3462,2.2606,1,10,1,1
B00219,B00219_R2,906,4,4,0.2032,1.6002,67.03,0.2032,1.9812,40.28,3,2,26.75,0.2032,0.762,1.9812,2.54,1.3462,1.7272,3.556,1,20,1,3
B00220,B00220_R1,907,1,7,2.54,1.9812,39.68,1.9812,2.54,66.84,2,3,-27.16,2.54,1.6002,0.2032,1.6002,0.889,1.4986,2.3368,2,30,0,1
B00220,B00220_R1,908,2,7,2.54,1.9812,39.68,1.9812,2.54,66.84,2,3,-27.16,0.4572,2.54,0.2032,1.9812,2.6416,2.032,0.8128,2,30,0,2
B00220,B00220_R2,909,3,7,2.54,1.9812,39.68,1.9812,2.54,66.84,2,3,-27.16,0.2032,0.762,2.54,1.9812,3.556,3.556,3.556,1,30,1,3
B00220,B00220_R1,910,4,7,2.54,1.9812,39.68,1.9812,2.54,66.84,2,3,-27.16,0.762,2.54,0.2032,1.6002,2.3368,1.7272,1.4986,2,10,0,3
B00220,B00220_R2,911,5,7,2.54,1.9812,39.68,1.9812,2.54,66.84,2,3,-27.16,0.762,2.54,0.2032,1.9812,2.3368,1.7272,1.1176,2,10,1,2
B00220,B00220_R2,912,6,7,2.54,1.9812,39.68,1.9812,2.54,66.84,2,3,-27.16,1.9812,2.032,0.2032,1.9812,1.1176,0.508,2.3368,2,10,1,1
B00220,B00220_R1,913,7,7,2.54,1.9812,39.68,1.9812,2.54,66.84,2,3,-27.16,2.286,0.2032,0.2032,1.6002,2.032,2.6416,3.4798,2,10,0,4
B00221,B00221_R2,914,1,4,0.2032,1.6002,75.94,2.54,1.9812,75.95,4,4,-0.01,0.2032,0.762,1.9812,2.032,1.3462,3.556,3.556,1,20,1,2
B00221,B00221_R1,915,2,4,0.2032,1.6002,75.94,2.54,1.9812,75.95,4,4,-0.01,0.2032,0.762,1.9812,0.7112,1.3462,3.556,2.3368,1,10,0,1
B00221,B00221_R1,916,3,4,0.2032,1.6002,75.94,2.54,1.9812,75.95,4,4,-0.01,0.2032,1.143,1.9812,2.032,0.9652,3.175,3.175,1,10,0,2
B00221,B00221_R2,917,4,4,0.2032,1.6002,75.94,2.54,1.9812,75.95,4,4,-0.01,1.9812,2.032,1.6764,0.2032,2.7178,1.1176,3.2512,3,20,1,1
B00222,B00222_R1,918,1,3,1.9812,2.032,87.27,1.9812,2.032,83.38,4,4,3.89,0.4572,2.54,2.286,0.2032,2.032,2.032,4.1656,3,20,0,1
B00222,B00222_R2,919,2,3,1.9812,2.032,87.27,1.9812,2.032,83.38,4,4,3.89,0.2032,0.762,1.0668,0.2032,3.556,3.556,1.4224,1,10,1,2
B00222,B00222_R2,920,3,3,1.9812,2.032,87.27,1.9812,2.032,83.38,4,4,3.89,1.0668,0.7112,0.4572,0.2032,3.2512,3.2512,1.1176,3,30,1,1
B00223,B00223_R2,921,1,4,2.286,0.2032,59.72,1.0668,0.2032,66.13,2,3,-6.41,1.6764,2.54,0.2032,1.9812,2.9464,2.9464,2.032,2,10,1,2
B00223,B00223_R1,922,2,4,2.286,0.2032,59.72,1.0668,0.2032,66.13,2,3,-6.41,0.4572,2.54,0.2032,1.6002,4.1656,2.9464,1.1938,2,30,0,2
B00223,B00223_R1,923,3,4,2.286,0.2032,59.72,1.0668,0.2032,66.13,2,3,-6.41,1.9812,2.54,2.54,1.9812,2.6416,3.2512,1.1176,3,30,0,1
B00223,B00223_R2,924,4,4,2.286,0.2032,59.72,1.0668,0.2032,66.13,2,3,-6.41,0.2032,1.143,1.6764,2.54,3.0226,1.8034,2.8702,1,30,1,1
B00224,B00224_R1,925,1,7,0.2032,1.6002,41.98,0.2032,1.9812,53.29,2,3,-11.31,2.54,0.762,0.762,2.032,3.175,3.556,3.556,3,30,0,4
B00224,B00224_R1,926,2,7,0.2032,1.6002,41.98,0.2032,1.9812,53.29,2,3,-11.31,0.2032,0.762,0.762,0.7112,1.3462,1.7272,1.1176,1,20,0,1
B00224,B00224_R1,927,3,7,0.2032,1.6002,41.98,0.2032,1.9812,53.29,2,3,-11.31,0.2032,0.762,1.6764,2.54,1.3462,1.7272,3.2512,1,10,0,2
B00224,B00224_R2,928,4,7,0.2032,1.6002,41.98,0.2032,1.9812,53.29,2,3,-11.31,0.2032,1.143,1.9812,0.7112,0.9652,1.3462,2.7178,1,10,1,1
B00224,B00224_R2,929,5,7,0.2032,1.6002,41.98,0.2032,1.9812,53.29,2,3,-11.31,1.9812,0.2032,0.2032,1.9812,3.175,3.556,3.556,2,20,1,2
B00224,B00224_R1,930,6,7,0.2032,1.6002,41.98,0.2032,1.9812,53.29,2,3,-11.31,1.6764,2.032,0.2032,1.9812,2.413,2.032,2.032,2,10,0,3
B00224,B00224_R2,931,7,7,0.2032,1.6002,41.98,0.2032,1.9812,53.29,2,3,-11.31,2.286,2.54,0.2032,1.9812,3.0226,2.6416,2.6416,2,20,1,3
B00225,B00225_R2,932,1,2,0.762,2.032,89.08,0.2032,1.9812,84.96,4,4,4.12,2.286,0.2032,0.2032,1.6002,3.8608,3.8608,3.4798,2,10,1,1
B00225,B00225_R1,933,2,2,0.762,2.032,89.08,0.2032,1.9812,84.96,4,4,4.12,2.54,1.6002,0.2032,1.9812,2.7178,2.7178,2.7178,2,10,0,1
B00226,B00226_R2,934,1,6,0.2032,1.9812,75.55,0.2032,1.6002,78.88,3,3,-3.33,2.286,2.54,0.2032,1.6002,2.6416,3.0226,3.0226,2,30,1,3
B00226,B00226_R1,935,2,6,0.2032,1.9812,75.55,0.2032,1.6002,78.88,3,3,-3.33,0.2032,0.762,0.762,0.7112,1.7272,1.3462,1.1176,1,20,0,1
B00226,B00226_R2,936,3,6,0.2032,1.9812,75.55,0.2032,1.6002,78.88,3,3,-3.33,2.286,2.54,0.2032,1.9812,2.6416,3.0226,2.6416,2,30,1,2
B00226,B00226_R2,937,4,6,0.2032,1.9812,75.55,0.2032,1.6002,78.88,3,3,-3.33,0.2032,1.143,1.6764,2.54,1.3462,0.9652,2.8702,1,30,1,1
B00226,B00226_R1,938,5,6,0.2032,1.9812,75.55,0.2032,1.6002,78.88,3,3,-3.33,1.9812,0.2032,0.2032,1.6002,3.556,3.175,3.175,2,10,0,2
B00226,B00226_R1,939,6,6,0.2032,1.9812,75.55,0.2032,1.6002,78.88,3,3,-3.33,1.9812,0.7112,0.2032,1.6002,3.556,3.175,3.175,2,30,0,3
B00227,B00227_R2,940,1,2,0.2032,1.6002,46.6,0.2032,1.6002,41.79,2,2,4.81,2.286,0.2032,0.2032,1.9812,3.4798,3.4798,3.8608,2,10,1,1
B00227,B00227_R1,941,2,2,0.2032,1.6002,46.6,0.2032,1.6002,41.79,2,2,4.81,0.2032,0.762,1.0668,0.2032,1.3462,1.3462,1.4224,1,20,0,1
B00228,B00228_R1,942,1,4,1.0668,0.2032,8.61,0.2032,1.9812,18.24,1,1,-9.63,1.9812,0.2032,2.54,1.143,1.4224,3.556,1.4986,3,30,0,1
B00228,B00228_R2,943,2,4,1.0668,0.2032,8.61,0.2032,1.9812,18.24,1,1,-9.63,0.2032,0.762,0.4572,0.2032,1.4224,1.7272,0.8128,1,30,1,1
B00228,B00228_R2,944,3,4,1.0668,0.2032,8.61,0.2032,1.9812,18.24,1,1,-9.63,0.2032,0.762,2.54,1.143,1.4224,1.7272,2.7178,1,20,1,2
B00228,B00228_R1,945,4,4,1.0668,0.2032,8.61,0.2032,1.9812,18.24,1,1,-9.63,1.6764,0.7112,0.2032,1.6002,1.1176,3.2512,2.8702,2,30,0,2
B00229,B00229_R1,946,1,7,0.2032,1.6002,0.0,2.54,1.143,0.0,0,0,0.0,0.2032,0.762,0.762,2.54,1.3462,2.7178,2.3368,1,20,0,1
B00229,B00229_R2,947,2,7,0.2032,1.6002,0.0,2.54,1.143,0.0,0,0,0.0,1.9812,0.7112,0.4572,2.54,3.175,1.4986,3.8608,3,30,1,3
B00229,B00229_R2,948,3,7,0.2032,1.6002,0.0,2.54,1.143,0.0,0,0,0.0,1.0668,2.032,0.4572,2.54,1.8034,2.8702,1.1176,3,20,1,2
B00229,B00229_R2,949,4,7,0.2032,1.6002,0.0,2.54,1.143,0.0,0,0,0.0,1.9812,0.2032,0.2032,1.9812,3.175,1.4986,3.556,2,10,1,1
B00229,B00229_R1,950,5,7,0.2032,1.6002,0.0,2.54,1.143,0.0,0,0,0.0,0.762,2.54,0.2032,1.6002,1.4986,3.175,1.4986,2,10,0,2
B00229,B00229_R1,951,6,7,0.2032,1.6002,0.0,2.54,1.143,0.0,0,0,0.0,0.2032,0.762,0.4572,2.54,1.3462,2.7178,2.032,1,10,0,3
B00229,B00229_R1,952,7,7,0.2032,1.6002,0.0,2.54,1.143,0.0,0,0,0.0,1.0668,0.7112,0.2032,1.9812,2.2606,2.413,2.6416,2,10,0,4
B00230,B00230_R2,953,1,3,0.2032,1.9812,0.0,0.4572,2.54,0.0,0,0,0.0,1.0668,2.54,0.2032,1.6002,1.4224,1.1176,1.8034,2,20,1,1
B00230,B00230_R1,954,2,3,0.2032,1.9812,0.0,0.4572,2.54,0.0,0,0,0.0,1.9812,2.54,0.2032,1.9812,2.3368,2.032,2.3368,2,10,0,1
B00230,B00230_R2,955,3,3,0.2032,1.9812,0.0,0.4572,2.54,0.0,0,0,0.0,2.54,0.762,1.6764,2.54,3.556,3.8608,2.6416,3,30,1,2
B00231,B00231_R1,956,1,6,0.2032,1.9812,0.0,1.6764,2.54,0.0,0,0,0.0,1.0668,0.7112,0.2032,1.9812,2.6416,2.9464,2.6416,2,20,0,3
B00231,B00231_R2,957,2,6,0.2032,1.9812,0.0,1.6764,2.54,0.0,0,0,0.0,2.54,1.6002,0.2032,1.9812,2.7178,1.8034,2.7178,2,20,1,3
B00231,B00231_R2,958,3,6,0.2032,1.9812,0.0,1.6764,2.54,0.0,0,0,0.0,0.2032,1.143,2.54,0.762,1.3462,2.8702,2.7178,1,30,1,2
B00231,B00231_R1,959,4,6,0.2032,1.9812,0.0,1.6764,2.54,0.0,0,0,0.0,1.0668,2.54,0.2032,1.9812,1.4224,1.1176,1.4224,2,20,0,1
B00231,B00231_R2,960,5,6,0.2032,1.9812,0.0,1.6764,2.54,0.0,0,0,0.0,2.54,1.9812,0.2032,1.9812,2.9464,1.4224,2.9464,2,20,1,1
B00231,B00231_R1,961,6,6,0.2032,1.9812,0.0,1.6764,2.54,0.0,0,0,0.0,0.2032,1.143,1.0668,2.032,1.3462,2.8702,2.2606,1,30,0,2
B00232,B00232_R1,962,1,4,0.2032,1.9812,28.06,0.2032,1.9812,22.04,1,1,6.02,0.2032,1.143,1.0668,2.54,1.3462,1.3462,2.2606,1,30,0,1
B00232,B00232_R2,963,2,4,0.2032,1.9812,28.06,0.2032,1.9812,22.04,1,1,6.02,0.2032,1.143,0.762,2.54,1.3462,1.3462,1.9558,1,20,1,1
B00232,B00232_R1,964,3,4,0.2032,1.9812,28.06,0.2032,1.9812,22.04,1,1,6.02,2.54,1.9812,0.2032,1.9812,2.9464,2.9464,2.9464,2,10,0,2
B00232,B00232_R2,965,4,4,0.2032,1.9812,28.06,0.2032,1.9812,22.04,1,1,6.02,0.2032,0.762,2.54,0.762,1.7272,1.7272,2.9464,1,30,1,2
B00233,B00233_R1,966,1,3,0.2032,1.9812,25.65,2.54,0.762,26.86,1,1,-1.21,1.0668,2.032,0.2032,1.9812,1.4224,3.2512,1.4224,2,30,0,1
B00233,B00233_R2,967,2,3,0.2032,1.9812,25.65,2.54,0.762,26.86,1,1,-1.21,2.286,0.2032,1.9812,0.7112,3.8608,0.8128,0.8128,3,30,1,1
B00233,B00233_R2,968,3,3,0.2032,1.9812,25.65,2.54,0.762,26.86,1,1,-1.21,1.6764,0.7112,1.0668,0.2032,3.2512,1.4224,1.1176,3,30,1,2
B00234,B00234_R1,969,1,3,0.2032,1.9812,0.0,1.0668,0.2032,11.41,0,1,-11.41,0.2032,0.762,0.762,2.54,1.7272,1.4224,2.3368,1,20,0,1
B00234,B00234_R1,970,2,3,0.2032,1.9812,0.0,1.0668,0.2032,11.41,0,1,-11.41,2.54,1.143,0.2032,1.9812,3.175,2.413,3.175,2,10,0,2
B00234,B00234_R2,971,3,3,0.2032,1.9812,0.0,1.0668,0.2032,11.41,0,1,-11.41,1.6764,0.7112,0.2032,1.9812,3.2512,1.1176,3.2512,2,20,1,1
B00235,B00235_R1,972,1,1,0.2032,1.9812,0.0,0.2032,1.9812,0.0,0,0,0.0,0.2032,1.143,0.4572,2.54,1.3462,1.3462,1.651,1,10,0,1
B00236,B00236_R1,973,1,4,0.4572,2.54,0.0,0.2032,1.9812,0.0,0,0,0.0,1.9812,2.032,0.2032,1.9812,2.032,2.3368,2.3368,2,30,0,2
B00236,B00236_R2,974,2,4,0.4572,2.54,0.0,0.2032,1.9812,0.0,0,0,0.0,0.4572,0.2032,0.2032,1.9812,2.3368,2.032,2.032,2,20,1,1
B00236,B00236_R2,975,3,4,0.4572,2.54,0.0,0.2032,1.9812,0.0,0,0,0.0,0.2032,0.762,2.54,1.6002,2.032,1.7272,3.175,1,20,1,2
B00236,B00236_R1,976,4,4,0.4572,2.54,0.0,0.2032,1.9812,0.0,0,0,0.0,0.2032,1.143,1.6764,2.54,1.651,1.3462,2.8702,1,10,0,1
B00237,B00237_R1,977,1,3,0.2032,1.9812,0.0,2.54,1.6002,0.0,0,0,0.0,0.2032,1.143,1.6764,2.54,1.3462,2.794,2.8702,1,30,0,1
B00237,B00237_R2,978,2,3,0.2032,1.9812,0.0,2.54,1.6002,0.0,0,0,0.0,1.6764,0.7112,1.9812,0.7112,3.2512,2.2606,0.8128,3,20,1,1
B00237,B00237_R2,979,3,3,0.2032,1.9812,0.0,2.54,1.6002,0.0,0,0,0.0,0.762,0.2032,0.2032,1.9812,2.3368,3.175,2.3368,2,30,1,2
B00238,B00238_R1,980,1,3,1.6764,2.54,0.0,0.2032,1.9812,0.0,0,0,0.0,1.0668,2.032,0.2032,1.6002,1.1176,1.4224,1.8034,2,30,0,1
B00238,B00238_R2,981,2,3,1.6764,2.54,0.0,0.2032,1.9812,0.0,0,0,0.0,1.9812,0.2032,0.2032,1.6002,3.2512,3.556,3.175,2,20,1,2
B00238,B00238_R2,982,3,3,1.6764,2.54,0.0,0.2032,1.9812,0.0,0,0,0.0,0.2032,0.762,2.54,0.762,3.2512,1.7272,2.9464,1,10,1,1
B00239,B00239_R1,983,1,6,0.2032,1.6002,0.0,0.2032,1.6002,0.0,0,0,0.0,2.54,1.143,1.6764,2.032,2.794,2.794,2.2606,3,10,0,1
B00239,B00239_R2,984,2,6,0.2032,1.6002,0.0,0.2032,1.6002,0.0,0,0,0.0,1.6764,2.54,0.2032,1.9812,2.413,2.413,2.032,2,20,1,1
B00239,B00239_R1,985,3,6,0.2032,1.6002,0.0,0.2032,1.6002,0.0,0,0,0.0,1.6764,2.54,0.2032,1.9812,2.413,2.413,2.032,2,30,0,2
B00239,B00239_R1,986,4,6,0.2032,1.6002,0.0,0.2032,1.6002,0.0,0,0,0.0,1.6764,2.54,0.762,0.2032,2.413,2.413,3.2512,3,20,0,3
B00239,B00239_R2,987,5,6,0.2032,1.6002,0.0,0.2032,1.6002,0.0,0,0,0.0,1.9812,0.7112,0.2032,1.6002,3.175,3.175,3.175,2,10,1,3
B00239,B00239_R2,988,6,6,0.2032,1.6002,0.0,0.2032,1.6002,0.0,0,0,0.0,0.2032,0.762,1.0668,0.7112,1.3462,1.3462,1.4224,1,30,1,2
B00240,B00240_R1,989,1,7,0.762,0.2032,26.86,0.2032,1.6002,24.15,1,1,2.71,1.9812,0.7112,0.2032,1.6002,1.7272,3.175,3.175,2,10,0,2
B00240,B00240_R1,990,2,7,0.762,0.2032,26.86,0.2032,1.6002,24.15,1,1,2.71,0.4572,2.54,2.54,0.762,2.6416,1.1938,3.8608,3,20,0,3
B00240,B00240_R2,991,3,7,0.762,0.2032,26.86,0.2032,1.6002,24.15,1,1,2.71,1.9812,0.2032,0.2032,1.6002,1.7272,3.175,3.175,2,30,1,3
B00240,B00240_R2,992,4,7,0.762,0.2032,26.86,0.2032,1.6002,24.15,1,1,2.71,1.6764,2.54,0.2032,1.9812,3.2512,2.413,2.032,2,10,1,4
B00240,B00240_R2,993,5,7,0.762,0.2032,26.86,0.2032,1.6002,24.15,1,1,2.71,0.4572,2.54,0.2032,1.6002,2.6416,1.1938,1.1938,2,30,1,1
B00240,B00240_R2,994,6,7,0.762,0.2032,26.86,0.2032,1.6002,24.15,1,1,2.71,0.2032,0.762,1.9812,0.2032,1.1176,1.3462,2.3368,1,30,1,2
B00240,B00240_R1,995,7,7,0.762,0.2032,26.86,0.2032,1.6002,24.15,1,1,2.71,0.2032,0.762,1.9812,0.7112,1.1176,1.3462,2.3368,1,10,0,1
B00241,B00241_R2,996,1,4,2.54,0.762,0.0,0.2032,1.9812,11.02,0,1,-11.02,0.4572,0.2032,0.2032,1.6002,2.6416,2.032,1.651,2,10,1,1
B00241,B00241_R2,997,2,4,2.54,0.762,0.0,0.2032,1.9812,11.02,0,1,-11.02,0.2032,0.762,1.6764,0.2032,2.9464,1.7272,2.032,1,10,1,2
B00241,B00241_R1,998,3,4,2.54,0.762,0.0,0.2032,1.9812,11.02,0,1,-11.02,0.2032,0.762,1.9812,2.032,2.9464,1.7272,3.556,1,20,0,2
B00241,B00241_R1,999,4,4,2.54,0.762,0.0,0.2032,1.9812,11.02,0,1,-11.02,0.762,0.2032,0.2032,1.6002,2.3368,2.3368,1.9558,2,10,0,1
B00242,B00242_R2,1000,1,7,1.9812,2.032,0.0,1.6764,0.2032,11.02,0,1,-11.02,0.762,2.032,0.2032,1.6002,1.7272,3.2512,1.4986,2,20,1,2
B00242,B00242_R1,1001,2,7,1.9812,2.032,0.0,1.6764,0.2032,11.02,0,1,-11.02,2.286,2.54,1.6764,2.032,0.8128,2.9464,1.1176,3,10,0,1
B00242,B00242_R1,1002,3,7,1.9812,2.032,0.0,1.6764,0.2032,11.02,0,1,-11.02,0.2032,1.143,2.54,1.143,3.175,2.413,2.3368,1,20,0,3
B00242,B00242_R1,1003,4,7,1.9812,2.032,0.0,1.6764,0.2032,11.02,0,1,-11.02,2.54,1.9812,1.0668,0.7112,1.1176,2.6416,3.2512,3,10,0,4
B00242,B00242_R2,1004,5,7,1.9812,2.032,0.0,1.6764,0.2032,11.02,0,1,-11.02,0.762,0.7112,0.2032,1.9812,3.556,1.4224,2.3368,2,30,1,1
B00242,B00242_R1,1005,6,7,1.9812,2.032,0.0,1.6764,0.2032,11.02,0,1,-11.02,1.0668,2.032,0.2032,1.9812,1.4224,2.9464,1.4224,2,20,0,2
B00242,B00242_R2,1006,7,7,1.9812,2.032,0.0,1.6764,0.2032,11.02,0,1,-11.02,0.2032,1.143,1.9812,0.2032,3.175,2.413,2.7178,1,10,1,3
