batch_id,group_id,task_id,batch_position,batch_size,r1_next_x,r1_next_y,r1_tuf,r2_next_x,r2_next_y,r2_tuf,r1_queue_length,r2_queue_length,tuf_difference,task_pl_x,task_pl_y,task_dl_x,task_dl_y,r1_dist_to_pickup,r2_dist_to_pickup,task_dist_to_dropoff,task_type,deadline,assigned_robot,sequence_rank
B00001,B00001_R2,1,1,3,1.3716,0.2032,0.0,1.3716,2.54,0.0,0,0,0.0,1.9812,2.54,0.2032,1.6002,2.9464,1.1176,2.7178,2,30,1,1
B00001,B00001_R1,2,2,3,1.3716,0.2032,0.0,1.3716,2.54,0.0,0,0,0.0,0.2032,0.762,1.0668,2.032,1.7272,2.9464,2.6416,1,10,0,2
B00001,B00001_R1,3,3,3,1.3716,0.2032,0.0,1.3716,2.54,0.0,0,0,0.0,1.0668,0.2032,0.2032,1.6002,0.8128,2.6416,2.2606,2,20,0,1
B00002,B00002_R2,4,1,7,1.0668,2.032,0.0,0.2032,1.6002,0.0,0,0,0.0,0.2032,0.762,0.762,2.54,2.6416,1.3462,2.3368,1,10,1,1
B00002,B00002_R2,5,2,7,1.0668,2.032,0.0,0.2032,1.6002,0.0,0,0,0.0,1.9812,2.032,0.2032,1.9812,1.4224,2.7178,2.3368,2,30,1,2
B00002,B00002_R1,6,3,7,1.0668,2.032,0.0,0.2032,1.6002,0.0,0,0,0.0,0.762,0.2032,0.2032,1.6002,3.2512,1.9558,1.9558,2,10,0,2
B00002,B00002_R1,7,4,7,1.0668,2.032,0.0,0.2032,1.6002,0.0,0,0,0.0,1.6764,2.032,0.4572,0.2032,1.1176,2.413,3.556,3,10,0,1
B00002,B00002_R1,8,5,7,1.0668,2.032,0.0,0.2032,1.6002,0.0,0,0,0.0,0.2032,1.143,1.6764,0.7112,2.2606,0.9652,2.413,1,30,0,3
B00002,B00002_R1,9,6,7,1.0668,2.032,0.0,0.2032,1.6002,0.0,0,0,0.0,0.2032,0.762,2.286,0.2032,2.6416,1.3462,2.6416,1,10,0,4
B00002,B00002_R2,10,7,7,1.0668,2.032,0.0,0.2032,1.6002,0.0,0,0,0.0,2.286,2.54,0.2032,1.6002,1.7272,3.0226,3.0226,2,10,1,3
B00003,B00003_R1,11,1,7,2.286,0.2032,54.51,0.2032,1.6002,40.58,3,2,13.93,2.286,0.2032,1.0668,2.032,0.0,3.4798,3.556,3,30,0,1
B00003,B00003_R1,12,2,7,2.286,0.2032,54.51,0.2032,1.6002,40.58,3,2,13.93,0.2032,1.143,2.54,1.143,3.0226,0.9652,2.3368,1,20,0,2
B00003,B00003_R2,13,3,7,2.286,0.2032,54.51,0.2032,1.6002,40.58,3,2,13.93,0.2032,0.762,1.6764,0.7112,2.6416,1.3462,2.032,1,20,1,2
B00003,B00003_R2,14,4,7,2.286,0.2032,54.51,0.2032,1.6002,40.58,3,2,13.93,0.2032,0.762,0.762,0.7112,2.6416,1.3462,1.1176,1,30,1,1
B00003,B00003_R2,15,5,7,2.286,0.2032,54.51,0.2032,1.6002,40.58,3,2,13.93,0.2032,1.143,1.6764,2.54,3.0226,0.9652,2.8702,1,20,1,4
B00003,B00003_R1,16,6,7,2.286,0.2032,54.51,0.2032,1.6002,40.58,3,2,13.93,2.54,1.6002,0.2032,1.6002,1.651,2.3368,2.3368,2,20,0,3
B00003,B00003_R2,17,7,7,2.286,0.2032,54.51,0.2032,1.6002,40.58,3,2,13.93,1.6764,0.2032,0.2032,1.9812,1.1176,2.8702,3.2512,2,20,1,3
B00004,B00004_R1,18,1,7,0.2032,1.6002,80.65,1.6764,2.54,77.64,4,4,3.01,0.2032,0.762,1.9812,0.7112,1.3462,3.2512,2.3368,1,30,0,3
B00004,B00004_R2,19,2,7,0.2032,1.6002,80.65,1.6764,2.54,77.64,4,4,3.01,2.286,2.54,0.2032,1.6002,3.0226,1.1176,3.0226,2,20,1,1
B00004,B00004_R1,20,3,7,0.2032,1.6002,80.65,1.6764,2.54,77.64,4,4,3.01,0.2032,1.143,1.0668,2.54,0.9652,2.8702,2.2606,1,10,0,1
B00004,B00004_R1,21,4,7,0.2032,1.6002,80.65,1.6764,2.54,77.64,4,4,3.01,0.762,2.032,0.2032,1.9812,1.4986,1.4224,1.1176,2,30,0,2
B00004,B00004_R2,22,5,7,0.2032,1.6002,80.65,1.6764,2.54,77.64,4,4,3.01,0.2032,1.143,1.6764,2.032,0.9652,2.8702,2.8702,1,10,1,2
B00004,B00004_R2,23,6,7,0.2032,1.6002,80.65,1.6764,2.54,77.64,4,4,3.01,1.0668,0.7112,0.2032,1.9812,2.2606,2.9464,2.6416,2,10,1,3
B00004,B00004_R1,24,7,7,0.2032,1.6002,80.65,1.6764,2.54,77.64,4,4,3.01,1.6764,0.2032,0.762,2.54,2.8702,2.9464,3.2512,3,10,0,4
B00005,B00005_R2,25,1,2,0.762,2.54,119.61,0.2032,1.9812,115.02,6,5,4.59,0.2032,1.143,2.54,1.143,1.9558,1.3462,2.3368,1,20,1,1
B00005,B00005_R1,26,2,2,0.762,2.54,119.61,0.2032,1.9812,115.02,6,5,4.59,1.6764,0.2032,0.2032,1.6002,3.2512,3.2512,2.8702,2,30,0,1
B00006,B00006_R2,27,1,4,0.2032,1.6002,114.2,2.54,1.143,106.41,6,5,7.79,1.6764,2.54,0.2032,1.6002,2.413,2.2606,2.413,2,20,1,1
B00006,B00006_R2,28,2,4,0.2032,1.6002,114.2,2.54,1.143,106.41,6,5,7.79,0.762,0.7112,2.54,1.6002,1.9558,2.7178,3.175,3,30,1,2
B00006,B00006_R1,29,3,4,0.2032,1.6002,114.2,2.54,1.143,106.41,6,5,7.79,0.2032,1.143,1.9812,2.54,0.9652,2.3368,3.175,1,10,0,2
B00006,B00006_R1,30,4,4,0.2032,1.6002,114.2,2.54,1.143,106.41,6,5,7.79,0.2032,1.143,1.0668,2.54,0.9652,2.3368,2.2606,1,20,0,1
B00007,B00007_R1,31,1,3,1.9812,2.54,96.19,2.54,1.6002,71.24,4,3,24.95,0.2032,0.762,1.0668,0.2032,3.556,3.175,1.4224,1,20,0,1
B00007,B00007_R2,32,2,3,1.9812,2.54,96.19,2.54,1.6002,71.24,4,3,24.95,0.2032,1.143,1.9812,0.7112,3.175,2.794,2.7178,1,30,1,2
B00007,B00007_R2,33,3,3,1.9812,2.54,96.19,2.54,1.6002,71.24,4,3,24.95,2.54,1.9812,0.2032,1.6002,1.1176,0.889,2.7178,2,10,1,1
B00008,B00008_R2,34,1,3,1.0668,0.2032,71.84,1.9812,0.7112,67.03,3,3,4.81,1.6764,0.2032,0.2032,1.9812,1.1176,0.8128,3.2512,2,20,1,1
B00008,B00008_R1,35,2,3,1.0668,0.2032,71.84,1.9812,0.7112,67.03,3,3,4.81,0.2032,1.143,2.54,1.143,1.8034,2.7178,2.3368,1,20,0,1
B00008,B00008_R1,36,3,3,1.0668,0.2032,71.84,1.9812,0.7112,67.03,3,3,4.81,2.54,1.143,0.2032,1.9812,2.413,1.4986,3.175,2,30,0,2
B00009,B00009_R2,37,1,2,0.2032,1.9812,82.05,0.2032,1.9812,56.31,4,3,25.74,2.286,2.54,0.2032,1.6002,2.6416,2.6416,3.0226,2,30,1,2
B00009,B00009_R2,38,2,2,0.2032,1.9812,82.05,0.2032,1.9812,56.31,4,3,25.74,1.9812,2.032,0.2032,1.9812,2.3368,2.3368,2.3368,2,20,1,1
B00010,B00010_R1,39,1,2,0.2032,1.9812,0.0,0.2032,1.6002,28.36,0,1,-28.36,0.2032,0.762,0.762,2.54,1.7272,1.3462,2.3368,1,10,0,1
B00010,B00010_R1,40,2,2,0.2032,1.9812,0.0,0.2032,1.6002,28.36,0,1,-28.36,2.54,1.143,0.2032,1.6002,3.175,2.794,2.794,2,10,0,2
B00011,B00011_R2,41,1,4,0.2032,1.6002,14.03,0.2032,1.6002,0.0,1,0,14.03,2.54,1.143,0.2032,1.9812,2.794,2.794,3.175,2,20,1,2
B00011,B00011_R2,42,2,4,0.2032,1.6002,14.03,0.2032,1.6002,0.0,1,0,14.03,1.9812,2.032,2.286,2.54,2.7178,2.7178,0.8128,3,20,1,1
B00011,B00011_R1,43,3,4,0.2032,1.6002,14.03,0.2032,1.6002,0.0,1,0,14.03,0.2032,0.762,0.762,0.7112,1.3462,1.3462,1.1176,1,20,0,2
B00011,B00011_R1,44,4,4,0.2032,1.6002,14.03,0.2032,1.6002,0.0,1,0,14.03,0.2032,1.143,0.762,0.2032,0.9652,0.9652,1.4986,1,10,0,1
B00012,B00012_R2,45,1,6,0.762,0.7112,11.41,0.2032,1.9812,15.53,1,1,-4.12,0.2032,0.762,1.9812,0.7112,1.1176,1.7272,2.3368,1,30,1,1
B00012,B00012_R1,46,2,6,0.762,0.7112,11.41,0.2032,1.9812,15.53,1,1,-4.12,1.9812,2.032,2.54,1.143,3.556,2.3368,1.9558,3,30,0,3
B00012,B00012_R2,47,3,6,0.762,0.7112,11.41,0.2032,1.9812,15.53,1,1,-4.12,1.9812,0.7112,0.2032,1.6002,1.7272,3.556,3.175,2,10,1,2
B00012,B00012_R1,48,4,6,0.762,0.7112,11.41,0.2032,1.9812,15.53,1,1,-4.12,0.2032,0.762,1.9812,0.2032,1.1176,1.7272,2.3368,1,20,0,1
B00012,B00012_R2,49,5,6,0.762,0.7112,11.41,0.2032,1.9812,15.53,1,1,-4.12,0.2032,1.143,1.6764,0.2032,1.4986,1.3462,2.413,1,30,1,3
B00012,B00012_R1,50,6,6,0.762,0.7112,11.41,0.2032,1.9812,15.53,1,1,-4.12,2.286,0.2032,1.0668,2.032,2.032,3.8608,3.556,3,20,0,2
B00013,B00013_R2,51,1,3,2.54,1.143,42.59,1.6764,0.2032,34.87,2,2,7.72,0.762,0.2032,0.2032,1.9812,2.7178,1.4224,2.3368,2,20,1,1
B00013,B00013_R1,52,2,3,2.54,1.143,42.59,1.6764,0.2032,34.87,2,2,7.72,1.9812,0.2032,0.2032,1.6002,1.4986,0.8128,3.175,2,10,0,1
B00013,B00013_R2,53,3,3,2.54,1.143,42.59,1.6764,0.2032,34.87,2,2,7.72,0.2032,1.143,2.286,0.2032,2.3368,2.413,3.0226,1,10,1,2
B00014,B00014_R1,54,1,6,0.2032,1.6002,34.17,2.286,0.2032,44.09,2,2,-9.92,0.2032,0.762,2.54,1.9812,1.3462,2.6416,3.556,1,20,0,2
B00014,B00014_R1,55,2,6,0.2032,1.6002,34.17,2.286,0.2032,44.09,2,2,-9.92,2.286,2.54,0.2032,1.6002,3.0226,2.3368,3.0226,2,10,0,3
B00014,B00014_R2,56,3,6,0.2032,1.6002,34.17,2.286,0.2032,44.09,2,2,-9.92,2.286,2.54,1.0668,2.54,3.0226,2.3368,1.7272,3,10,1,1
B00014,B00014_R2,57,4,6,0.2032,1.6002,34.17,2.286,0.2032,44.09,2,2,-9.92,0.2032,1.143,1.6764,0.2032,0.9652,3.0226,2.413,1,20,1,3
B00014,B00014_R1,58,5,6,0.2032,1.6002,34.17,2.286,0.2032,44.09,2,2,-9.92,0.2032,0.762,0.762,0.7112,1.3462,2.6416,1.1176,1,20,0,1
B00014,B00014_R2,59,6,6,0.2032,1.6002,34.17,2.286,0.2032,44.09,2,2,-9.92,1.6764,2.54,1.6764,0.7112,2.413,2.9464,2.9464,3,20,1,2
B00015,B00015_R1,60,1,3,0.2032,1.6002,53.0,1.6764,0.2032,73.13,3,4,-20.13,1.9812,2.54,0.2032,1.9812,2.7178,3.2512,2.3368,2,20,0,2
B00015,B00015_R1,61,2,3,0.2032,1.6002,53.0,1.6764,0.2032,73.13,3,4,-20.13,0.2032,0.762,1.9812,2.032,1.3462,2.032,3.556,1,20,0,1
B00015,B00015_R2,62,3,3,0.2032,1.6002,53.0,1.6764,0.2032,73.13,3,4,-20.13,0.2032,1.143,1.6764,0.2032,0.9652,2.413,2.413,1,20,1,1
B00016,B00016_R1,63,1,7,0.2032,1.9812,0.0,1.6764,0.2032,0.0,0,0,0.0,0.2032,1.143,1.0668,2.54,1.3462,2.413,2.2606,1,30,0,3
B00016,B00016_R2,64,2,7,0.2032,1.9812,0.0,1.6764,0.2032,0.0,0,0,0.0,2.54,1.143,0.2032,1.9812,3.175,1.8034,3.175,2,30,1,3
B00016,B00016_R2,65,3,7,0.2032,1.9812,0.0,1.6764,0.2032,0.0,0,0,0.0,2.54,0.762,0.762,0.7112,3.556,1.4224,2.3368,3,10,1,1
B00016,B00016_R1,66,4,7,0.2032,1.9812,0.0,1.6764,0.2032,0.0,0,0,0.0,1.0668,0.7112,0.2032,1.6002,2.6416,1.1176,2.2606,2,10,0,2
B00016,B00016_R2,67,5,7,0.2032,1.9812,0.0,1.6764,0.2032,0.0,0,0,0.0,0.762,0.2032,1.0668,2.032,2.3368,1.4224,3.2512,3,20,1,2
B00016,B00016_R1,68,6,7,0.2032,1.9812,0.0,1.6764,0.2032,0.0,0,0,0.0,0.2032,0.762,0.4572,0.2032,1.7272,2.032,0.8128,1,10,0,1
B00016,B00016_R1,69,7,7,0.2032,1.9812,0.0,1.6764,0.2032,0.0,0,0,0.0,0.2032,0.762,1.0668,2.54,1.7272,2.032,2.6416,1,20,0,4
B00017,B00017_R1,70,1,4,1.0668,2.54,57.51,0.2032,1.9812,45.69,3,2,11.82,0.2032,1.143,2.286,2.54,2.2606,1.3462,3.4798,1,20,0,2
B00017,B00017_R1,71,2,4,1.0668,2.54,57.51,0.2032,1.9812,45.69,3,2,11.82,0.4572,0.2032,0.762,0.7112,2.9464,2.032,0.8128,3,30,0,1
B00017,B00017_R2,72,3,4,1.0668,2.54,57.51,0.2032,1.9812,45.69,3,2,11.82,1.0668,0.7112,0.762,2.032,2.9464,2.6416,3.2512,3,20,1,2
B00017,B00017_R2,73,4,4,1.0668,2.54,57.51,0.2032,1.9812,45.69,3,2,11.82,0.2032,1.143,1.6764,0.7112,2.2606,1.3462,2.413,1,10,1,1
B00018,B00018_R1,74,1,6,2.286,2.54,65.42,0.762,2.032,44.09,3,2,21.33,0.2032,1.143,2.54,1.6002,3.4798,1.9558,2.794,1,10,0,3
B00018,B00018_R2,75,2,6,2.286,2.54,65.42,0.762,2.032,44.09,3,2,21.33,0.2032,0.762,1.0668,2.54,3.8608,2.3368,2.6416,1,20,1,2
B00018,B00018_R1,76,3,6,2.286,2.54,65.42,0.762,2.032,44.09,3,2,21.33,0.762,0.7112,0.2032,1.9812,3.8608,2.9464,2.3368,2,30,0,2
B00018,B00018_R1,77,4,6,2.286,2.54,65.42,0.762,2.032,44.09,3,2,21.33,2.54,1.143,0.2032,1.9812,1.651,3.175,3.175,2,20,0,1
B00018,B00018_R2,78,5,6,2.286,2.54,65.42,0.762,2.032,44.09,3,2,21.33,0.2032,1.143,2.54,1.9812,3.4798,1.9558,3.175,1,20,1,3
B00018,B00018_R2,79,6,6,2.286,2.54,65.42,0.762,2.032,44.09,3,2,21.33,0.2032,0.762,0.4572,2.54,3.8608,2.3368,2.032,1,10,1,1
B00019,B00019_R2,80,1,4,2.54,1.6002,97.49,2.54,1.9812,75.16,4,3,22.33,0.2032,0.762,1.0668,0.2032,3.175,3.556,1.4224,1,20,1,2
B00019,B00019_R2,81,2,4,2.54,1.6002,97.49,2.54,1.9812,75.16,4,3,22.33,1.0668,2.54,1.0668,0.2032,2.413,2.032,2.9464,3,20,1,1
B00019,B00019_R1,82,3,4,2.54,1.6002,97.49,2.54,1.9812,75.16,4,3,22.33,0.2032,0.762,2.286,2.54,3.175,3.556,3.8608,1,30,0,1
B00019,B00019_R2,83,4,4,2.54,1.6002,97.49,2.54,1.9812,75.16,4,3,22.33,0.2032,0.762,1.9812,0.7112,3.175,3.556,2.3368,1,30,1,3
B00020,B00020_R2,84,1,3,2.286,2.54,96.09,1.9812,0.7112,104.61,4,5,-8.52,1.9812,0.7112,0.2032,1.9812,2.6416,0.0,3.556,2,20,1,1
B00020,B00020_R1,85,2,3,2.286,2.54,96.09,1.9812,0.7112,104.61,4,5,-8.52,1.9812,2.54,1.0668,2.032,0.8128,2.9464,1.4224,3,20,0,1
B00020,B00020_R1,86,3,3,2.286,2.54,96.09,1.9812,0.7112,104.61,4,5,-8.52,0.2032,0.762,2.286,2.54,3.8608,2.3368,3.8608,1,10,0,2
B00021,B00021_R2,87,1,3,2.286,2.54,94.29,0.2032,1.9812,75.74,4,4,18.55,0.2032,1.143,1.9812,0.2032,3.4798,1.3462,2.7178,1,10,1,1
B00021,B00021_R1,88,2,3,2.286,2.54,94.29,0.2032,1.9812,75.74,4,4,18.55,1.6764,2.032,0.2032,1.6002,1.1176,2.032,2.413,2,20,0,1
B00021,B00021_R2,89,3,3,2.286,2.54,94.29,0.2032,1.9812,75.74,4,4,18.55,0.2032,0.762,1.0668,2.54,3.8608,1.7272,2.6416,1,30,1,2
B00022,B00022_R1,90,1,3,0.2032,1.6002,66.43,1.0668,2.54,88.57,3,4,-22.14,0.2032,0.762,1.9812,0.7112,1.3462,2.6416,2.3368,1,10,0,1
B00022,B00022_R2,91,2,3,0.2032,1.6002,66.43,1.0668,2.54,88.57,3,4,-22.14,2.54,1.9812,0.4572,2.54,2.7178,2.032,2.6416,3,30,1,1
B00022,B00022_R1,92,3,3,0.2032,1.6002,66.43,1.0668,2.54,88.57,3,4,-22.14,1.9812,0.7112,1.9812,2.032,3.175,3.2512,2.9464,3,30,0,2
B00023,B00023_R1,93,1,5,1.9812,2.032,63.32,0.4572,2.54,83.06,4,4,-19.74,1.9812,2.54,0.762,0.2032,0.508,2.032,3.556,3,30,0,3
B00023,B00023_R2,94,2,5,1.9812,2.032,63.32,0.4572,2.54,83.06,4,4,-19.74,1.0668,0.2032,0.2032,1.6002,3.2512,2.9464,2.2606,2,20,1,1
B00023,B00023_R1,95,3,5,1.9812,2.032,63.32,0.4572,2.54,83.06,4,4,-19.74,1.9812,2.032,0.2032,1.9812,0.0,2.032,2.3368,2,30,0,1
B00023,B00023_R2,96,4,5,1.9812,2.032,63.32,0.4572,2.54,83.06,4,4,-19.74,0.2032,0.762,0.762,2.032,3.556,2.032,2.3368,1,30,1,2
B00023,B00023_R1,97,5,5,1.9812,2.032,63.32,0.4572,2.54,83.06,4,4,-19.74,0.2032,1.143,1.6764,2.54,3.175,1.651,2.8702,1,20,0,2
B00024,B00024_R1,98,1,7,0.762,0.2032,90.96,0.762,2.032,84.97,5,4,5.99,0.2032,0.762,1.0668,2.54,1.1176,2.3368,2.6416,1,30,0,2
B00024,B00024_R1,99,2,7,0.762,0.2032,90.96,0.762,2.032,84.97,5,4,5.99,0.762,0.2032,0.4572,2.54,0.0,2.9464,2.6416,3,30,0,1
B00024,B00024_R2,100,3,7,0.762,0.2032,90.96,0.762,2.032,84.97,5,4,5.99,1.9812,0.2032,2.286,0.2032,1.7272,3.556,0.8128,3,20,1,1
B00024,B00024_R1,101,4,7,0.762,0.2032,90.96,0.762,2.032,84.97,5,4,5.99,1.9812,0.7112,0.2032,1.9812,1.7272,3.556,3.556,2,20,0,3
B00024,B00024_R2,102,5,7,0.762,0.2032,90.96,0.762,2.032,84.97,5,4,5.99,1.9812,0.7112,0.2032,1.6002,1.7272,3.556,3.175,2,10,1,3
B00024,B00024_R2,103,6,7,0.762,0.2032,90.96,0.762,2.032,84.97,5,4,5.99,2.54,0.762,1.0668,0.7112,2.3368,3.556,2.032,3,20,1,2
B00024,B00024_R2,104,7,7,0.762,0.2032,90.96,0.762,2.032,84.97,5,4,5.99,0.2032,0.762,1.6764,2.54,1.1176,2.3368,3.2512,1,20,1,4
B00025,B00025_R1,105,1,5,0.2032,1.9812,131.86,1.6764,2.54,135.87,6,6,-4.01,0.2032,1.143,2.54,1.6002,1.3462,2.8702,2.794,1,10,0,2
B00025,B00025_R1,106,2,5,0.2032,1.9812,131.86,1.6764,2.54,135.87,6,6,-4.01,1.9812,0.7112,0.2032,1.9812,3.556,3.2512,3.556,2,30,0,3
B00025,B00025_R1,107,3,5,0.2032,1.9812,131.86,1.6764,2.54,135.87,6,6,-4.01,0.762,2.54,0.2032,1.6002,1.1176,1.4224,1.4986,2,10,0,1
B00025,B00025_R2,108,4,5,0.2032,1.9812,131.86,1.6764,2.54,135.87,6,6,-4.01,1.6764,2.032,0.2032,1.6002,2.032,0.508,2.413,2,10,1,1
B00025,B00025_R2,109,5,5,0.2032,1.9812,131.86,1.6764,2.54,135.87,6,6,-4.01,0.2032,1.143,0.4572,2.54,1.3462,2.8702,1.651,1,20,1,2
B00026,B00026_R2,110,1,4,0.2032,1.9812,161.93,0.4572,2.54,129.05,7,7,32.88,0.2032,1.143,2.54,1.9812,1.3462,1.651,3.175,1,10,1,2
B00026,B00026_R2,111,2,4,0.2032,1.9812,161.93,0.4572,2.54,129.05,7,7,32.88,1.9812,2.032,0.2032,1.9812,2.3368,2.032,2.3368,2,10,1,3
B00026,B00026_R1,112,3,4,0.2032,1.9812,161.93,0.4572,2.54,129.05,7,7,32.88,0.2032,1.143,1.9812,0.2032,1.3462,1.651,2.7178,1,30,0,1
B00026,B00026_R2,113,4,4,0.2032,1.9812,161.93,0.4572,2.54,129.05,7,7,32.88,1.6764,2.032,0.2032,1.9812,2.032,1.7272,2.032,2,10,1,1
B00027,B00027_R1,114,1,3,1.9812,0.2032,149.5,0.2032,1.9812,157.51,7,8,-8.01,1.9812,2.54,0.2032,1.9812,2.9464,2.3368,2.3368,2,20,0,1
B00027,B00027_R2,115,2,3,1.9812,0.2032,149.5,0.2032,1.9812,157.51,7,8,-8.01,1.9812,2.54,0.2032,1.6002,2.9464,2.3368,2.7178,2,20,1,1
B00027,B00027_R1,116,3,3,1.9812,0.2032,149.5,0.2032,1.9812,157.51,7,8,-8.01,0.2032,1.143,0.762,0.2032,2.7178,1.3462,1.4986,1,10,0,2
B00028,B00028_R2,117,1,4,0.762,0.2032,148.1,0.2032,1.6002,148.29,7,7,-0.19,0.2032,0.762,0.762,0.7112,1.1176,1.3462,1.1176,1,30,1,1
B00028,B00028_R2,118,2,4,0.762,0.2032,148.1,0.2032,1.6002,148.29,7,7,-0.19,1.0668,0.7112,0.2032,1.9812,0.8128,2.2606,2.6416,2,10,1,2
B00028,B00028_R1,119,3,4,0.762,0.2032,148.1,0.2032,1.6002,148.29,7,7,-0.19,2.54,1.9812,0.2032,1.6002,3.556,2.7178,2.7178,2,30,0,2
B00028,B00028_R1,120,4,4,0.762,0.2032,148.1,0.2032,1.6002,148.29,7,7,-0.19,0.2032,0.762,1.6764,0.7112,1.1176,1.3462,2.032,1,30,0,1
B00029,B00029_R2,121,1,3,0.2032,1.6002,160.32,0.2032,1.9812,141.98,7,7,18.34,0.2032,0.762,1.9812,0.7112,1.3462,1.7272,2.3368,1,10,1,2
B00029,B00029_R2,122,2,3,0.2032,1.6002,160.32,0.2032,1.9812,141.98,7,7,18.34,0.2032,0.762,0.4572,0.2032,1.3462,1.7272,0.8128,1,10,1,1
B00029,B00029_R1,123,3,3,0.2032,1.6002,160.32,0.2032,1.9812,141.98,7,7,18.34,1.9812,2.032,1.9812,2.54,2.7178,2.3368,0.508,3,20,0,1
B00030,B00030_R2,124,1,7,1.9812,2.54,93.77,1.9812,0.7112,108.0,5,6,-14.23,1.9812,0.7112,0.2032,1.9812,2.9464,0.0,3.556,2,30,1,1
B00030,B00030_R1,125,2,7,1.9812,2.54,93.77,1.9812,0.7112,108.0,5,6,-14.23,1.6764,2.54,0.2032,1.9812,0.8128,3.2512,2.032,2,20,0,1
B00030,B00030_R1,126,3,7,1.9812,2.54,93.77,1.9812,0.7112,108.0,5,6,-14.23,1.9812,0.2032,0.4572,2.54,2.9464,0.508,3.8608,3,30,0,4
B00030,B00030_R1,127,4,7,1.9812,2.54,93.77,1.9812,0.7112,108.0,5,6,-14.23,0.2032,1.143,0.762,0.7112,3.175,2.7178,1.4986,1,10,0,2
B00030,B00030_R2,128,5,7,1.9812,2.54,93.77,1.9812,0.7112,108.0,5,6,-14.23,1.6764,0.7112,0.2032,1.9812,3.2512,0.8128,3.2512,2,20,1,3
B00030,B00030_R1,129,6,7,1.9812,2.54,93.77,1.9812,0.7112,108.0,5,6,-14.23,1.6764,0.7112,0.762,2.54,3.2512,0.8128,3.2512,3,30,0,3
B00030,B00030_R2,130,7,7,1.9812,2.54,93.77,1.9812,0.7112,108.0,5,6,-14.23,1.0668,0.7112,0.762,2.032,3.2512,1.4224,3.2512,3,30,1,2
B00031,B00031_R1,131,1,7,0.4572,2.54,112.92,0.2032,1.9812,115.43,5,5,-2.51,0.2032,1.143,1.0668,0.7112,1.651,1.3462,1.8034,1,10,0,2
B00031,B00031_R2,132,2,7,0.4572,2.54,112.92,0.2032,1.9812,115.43,5,5,-2.51,0.2032,0.762,1.9812,2.54,2.032,1.7272,3.556,1,10,1,3
B00031,B00031_R2,133,3,7,0.4572,2.54,112.92,0.2032,1.9812,115.43,5,5,-2.51,1.9812,2.032,0.2032,1.6002,2.032,2.3368,2.7178,2,10,1,4
B00031,B00031_R2,134,4,7,0.4572,2.54,112.92,0.2032,1.9812,115.43,5,5,-2.51,1.0668,2.54,0.2032,1.9812,1.1176,1.4224,1.4224,2,20,1,2
B00031,B00031_R1,135,5,7,0.4572,2.54,112.92,0.2032,1.9812,115.43,5,5,-2.51,0.4572,2.54,0.2032,1.6002,0.0,0.8128,1.1938,2,10,0,1
B00031,B00031_R1,136,6,7,0.4572,2.54,112.92,0.2032,1.9812,115.43,5,5,-2.51,2.54,1.143,0.2032,1.9812,3.4798,3.175,3.175,2,10,0,3
B00031,B00031_R2,137,7,7,0.4572,2.54,112.92,0.2032,1.9812,115.43,5,5,-2.51,0.762,2.54,1.0668,2.54,0.8128,1.1176,0.8128,3,30,1,1
B00032,B00032_R1,138,1,3,0.2032,1.9812,106.81,0.2032,1.6002,118.32,5,6,-11.51,0.2032,1.143,1.0668,2.032,1.3462,0.9652,2.2606,1,20,0,1
B00032,B00032_R2,139,2,3,0.2032,1.9812,106.81,0.2032,1.6002,118.32,5,6,-11.51,0.762,0.2032,0.2032,1.9812,2.3368,1.9558,2.3368,2,20,1,1
B00032,B00032_R1,140,3,3,0.2032,1.9812,106.81,0.2032,1.6002,118.32,5,6,-11.51,2.54,1.143,1.6764,2.54,3.175,2.794,2.2606,3,10,0,2
B00033,B00033_R1,141,1,3,1.6764,2.54,102.19,0.2032,1.9812,93.76,5,5,8.43,2.286,0.2032,0.2032,1.6002,2.9464,3.8608,3.4798,2,20,0,1
B00033,B00033_R2,142,2,3,1.6764,2.54,102.19,0.2032,1.9812,93.76,5,5,8.43,0.2032,1.143,1.6764,0.2032,2.8702,1.3462,2.413,1,30,1,1
B00033,B00033_R2,143,3,3,1.6764,2.54,102.19,0.2032,1.9812,93.76,5,5,8.43,1.0668,0.7112,2.54,1.9812,2.9464,2.6416,3.2512,3,30,1,2
B00034,B00034_R1,144,1,4,0.2032,1.6002,16.74,2.54,1.9812,39.78,1,2,-23.04,1.9812,0.2032,0.2032,1.6002,3.175,2.3368,3.175,2,10,0,2
B00034,B00034_R2,145,2,4,0.2032,1.6002,16.74,2.54,1.9812,39.78,1,2,-23.04,1.9812,0.2032,1.0668,2.54,3.175,2.3368,3.2512,3,30,1,1
B00034,B00034_R1,146,3,4,0.2032,1.6002,16.74,2.54,1.9812,39.78,1,2,-23.04,0.2032,1.143,2.286,2.54,0.9652,3.175,3.4798,1,10,0,3
B00034,B00034_R1,147,4,4,0.2032,1.6002,16.74,2.54,1.9812,39.78,1,2,-23.04,0.2032,0.762,2.286,0.2032,1.3462,3.556,2.6416,1,20,0,1
B00035,B00035_R1,148,1,7,2.286,2.54,45.29,1.0668,2.54,28.06,2,1,17.23,1.0668,0.7112,0.762,2.032,3.556,2.9464,3.2512,3,20,0,3
B00035,B00035_R1,149,2,7,2.286,2.54,45.29,1.0668,2.54,28.06,2,1,17.23,2.54,1.143,0.2032,1.6002,1.651,2.8702,2.794,2,30,0,1
B00035,B00035_R2,150,3,7,2.286,2.54,45.29,1.0668,2.54,28.06,2,1,17.23,0.2032,1.143,0.762,0.2032,3.4798,2.2606,1.4986,1,10,1,1
B00035,B00035_R1,151,4,7,2.286,2.54,45.29,1.0668,2.54,28.06,2,1,17.23,0.2032,1.143,2.286,0.2032,3.4798,2.2606,3.0226,1,30,0,2
B00035,B00035_R2,152,5,7,2.286,2.54,45.29,1.0668,2.54,28.06,2,1,17.23,0.2032,1.143,1.6764,2.032,3.4798,2.2606,2.8702,1,10,1,3
B00035,B00035_R2,153,6,7,2.286,2.54,45.29,1.0668,2.54,28.06,2,1,17.23,0.2032,0.762,1.6764,2.54,3.8608,2.6416,3.2512,1,30,1,4
B00035,B00035_R2,154,7,7,2.286,2.54,45.29,1.0668,2.54,28.06,2,1,17.23,0.4572,0.2032,0.2032,1.6002,4.1656,2.9464,1.651,2,30,1,2
B00036,B00036_R2,155,1,2,0.762,2.032,40.58,1.6764,2.54,46.0,2,2,-5.42,2.54,0.762,0.2032,1.9812,3.556,2.6416,3.556,2,20,1,1
B00036,B00036_R1,156,2,2,0.762,2.032,40.58,1.6764,2.54,46.0,2,2,-5.42,0.2032,1.143,1.6764,0.2032,1.9558,2.8702,2.413,1,20,0,1
B00037,B00037_R2,157,1,2,1.6764,0.2032,23.25,0.2032,1.9812,30.46,1,1,-7.21,0.2032,0.762,2.54,1.143,2.032,1.7272,2.7178,1,20,1,1
B00037,B00037_R1,158,2,2,1.6764,0.2032,23.25,0.2032,1.9812,30.46,1,1,-7.21,1.0668,0.2032,0.2032,1.9812,1.1176,2.6416,2.6416,2,10,0,1
B00038,B00038_R2,159,1,4,0.2032,1.9812,0.0,2.54,1.143,0.0,0,0,0.0,1.9812,2.032,0.2032,1.9812,2.3368,1.9558,2.3368,2,20,1,1
B00038,B00038_R1,160,2,4,0.2032,1.9812,0.0,2.54,1.143,0.0,0,0,0.0,0.4572,0.2032,1.0668,2.032,2.032,3.0226,2.9464,3,30,0,2
B00038,B00038_R2,161,3,4,0.2032,1.9812,0.0,2.54,1.143,0.0,0,0,0.0,0.2032,0.762,1.6764,2.54,1.7272,2.7178,3.2512,1,10,1,2
B00038,B00038_R1,162,4,4,0.2032,1.9812,0.0,2.54,1.143,0.0,0,0,0.0,0.2032,0.762,0.762,0.2032,1.7272,2.7178,1.1176,1,10,0,1
B00039,B00039_R1,163,1,7,1.0668,2.032,14.63,1.6764,2.54,15.83,1,1,-1.2,0.2032,0.762,1.9812,0.2032,2.6416,3.2512,2.3368,1,20,0,3
B00039,B00039_R1,164,2,7,1.0668,2.032,14.63,1.6764,2.54,15.83,1,1,-1.2,0.762,2.54,0.2032,1.6002,0.8128,1.4224,1.4986,2,10,0,1
B00039,B00039_R2,165,3,7,1.0668,2.032,14.63,1.6764,2.54,15.83,1,1,-1.2,0.2032,0.762,1.6764,0.7112,2.6416,3.2512,2.032,1,30,1,2
B00039,B00039_R2,166,4,7,1.0668,2.032,14.63,1.6764,2.54,15.83,1,1,-1.2,2.54,1.9812,0.2032,1.9812,2.032,1.4224,2.9464,2,30,1,3
B00039,B00039_R2,167,5,7,1.0668,2.032,14.63,1.6764,2.54,15.83,1,1,-1.2,0.762,2.54,0.2032,1.6002,0.8128,1.4224,1.4986,2,10,1,1
B00039,B00039_R1,168,6,7,1.0668,2.032,14.63,1.6764,2.54,15.83,1,1,-1.2,2.54,0.762,0.2032,1.6002,3.2512,2.6416,3.175,2,30,0,4
B00039,B00039_R1,169,7,7,1.0668,2.032,14.63,1.6764,2.54,15.83,1,1,-1.2,0.2032,1.143,1.0668,0.2032,2.2606,2.8702,1.8034,1,30,0,2
B00040,B00040_R1,170,1,2,0.2032,1.6002,53.9,0.2032,1.9812,47.4,3,2,6.5,0.4572,0.2032,0.2032,1.9812,1.651,2.032,2.032,2,20,0,1
B00040,B00040_R2,171,2,2,0.2032,1.6002,53.9,0.2032,1.9812,47.4,3,2,6.5,1.6764,0.2032,0.2032,1.6002,2.8702,3.2512,2.8702,2,20,1,1
B00041,B00041_R2,172,1,4,0.2032,1.9812,43.48,0.2032,1.6002,30.16,2,1,13.32,2.54,0.762,0.2032,1.9812,3.556,3.175,3.556,2,30,1,2
B00041,B00041_R2,173,2,4,0.2032,1.9812,43.48,0.2032,1.6002,30.16,2,1,13.32,0.2032,1.143,1.6764,0.2032,1.3462,0.9652,2.413,1,10,1,1
B00041,B00041_R1,174,3,4,0.2032,1.9812,43.48,0.2032,1.6002,30.16,2,1,13.32,0.2032,1.143,0.762,2.54,1.3462,0.9652,1.9558,1,30,0,1
B00041,B00041_R1,175,4,4,0.2032,1.9812,43.48,0.2032,1.6002,30.16,2,1,13.32,0.2032,1.143,2.54,1.9812,1.3462,0.9652,3.175,1,30,0,2
B00042,B00042_R2,176,1,6,2.54,1.9812,52.59,0.2032,1.9812,38.18,3,2,14.41,0.2032,0.762,1.6764,0.2032,3.556,1.7272,2.032,1,10,1,2
B00042,B00042_R1,177,2,6,2.54,1.9812,52.59,0.2032,1.9812,38.18,3,2,14.41,0.762,0.2032,0.2032,1.6002,3.556,2.3368,1.9558,2,20,0,2
B00042,B00042_R2,178,3,6,2.54,1.9812,52.59,0.2032,1.9812,38.18,3,2,14.41,2.54,0.762,0.2032,1.6002,1.7272,3.556,3.175,2,20,1,3
B00042,B00042_R2,179,4,6,2.54,1.9812,52.59,0.2032,1.9812,38.18,3,2,14.41,0.762,0.2032,0.2032,1.6002,3.556,2.3368,1.9558,2,10,1,1
B00042,B00042_R1,180,5,6,2.54,1.9812,52.59,0.2032,1.9812,38.18,3,2,14.41,2.54,1.9812,0.762,0.2032,0.0,2.9464,3.556,3,20,0,1
B00042,B00042_R1,181,6,6,2.54,1.9812,52.59,0.2032,1.9812,38.18,3,2,14.41,2.54,1.143,0.2032,1.9812,1.3462,3.175,3.175,2,30,0,3
B00043,B00043_R2,182,1,7,0.2032,1.9812,78.85,0.2032,1.6002,57.21,4,3,21.64,1.0668,2.032,0.2032,1.6002,1.4224,1.8034,1.8034,2,30,1,3
B00043,B00043_R1,183,2,7,0.2032,1.9812,78.85,0.2032,1.6002,57.21,4,3,21.64,0.762,2.54,2.54,1.6002,1.1176,1.4986,2.7178,3,30,0,3
B00043,B00043_R1,184,3,7,0.2032,1.9812,78.85,0.2032,1.6002,57.21,4,3,21.64,0.2032,0.762,0.4572,0.2032,1.7272,1.3462,0.8128,1,20,0,1
B00043,B00043_R2,185,4,7,0.2032,1.9812,78.85,0.2032,1.6002,57.21,4,3,21.64,0.2032,1.143,0.4572,2.54,1.3462,0.9652,1.651,1,30,1,1
B00043,B00043_R1,186,5,7,0.2032,1.9812,78.85,0.2032,1.6002,57.21,4,3,21.64,0.2032,0.762,1.9812,2.032,1.7272,1.3462,3.556,1,20,0,2
B00043,B00043_R2,187,6,7,0.2032,1.9812,78.85,0.2032,1.6002,57.21,4,3,21.64,0.762,2.032,1.9812,2.54,1.1176,1.4986,1.7272,3,10,1,2
B00043,B00043_R2,188,7,7,0.2032,1.9812,78.85,0.2032,1.6002,57.21,4,3,21.64,0.2032,1.143,2.286,2.54,1.3462,0.9652,3.4798,1,10,1,4
B00044,B00044_R2,189,1,6,2.54,1.6002,103.11,2.286,2.54,98.79,5,5,4.32,2.54,1.9812,1.6764,0.2032,0.889,0.8128,2.6416,3,30,1,1
B00044,B00044_R2,190,2,6,2.54,1.6002,103.11,2.286,2.54,98.79,5,5,4.32,1.0668,0.7112,0.2032,1.9812,2.8702,3.556,2.6416,2,10,1,2
B00044,B00044_R2,191,3,6,2.54,1.6002,103.11,2.286,2.54,98.79,5,5,4.32,0.2032,1.143,1.6764,2.032,2.794,3.4798,2.8702,1,20,1,3
B00044,B00044_R1,192,4,6,2.54,1.6002,103.11,2.286,2.54,98.79,5,5,4.32,0.2032,0.762,1.0668,2.032,3.175,3.8608,2.6416,1,20,0,3
B00044,B00044_R1,193,5,6,2.54,1.6002,103.11,2.286,2.54,98.79,5,5,4.32,0.2032,1.143,0.4572,0.2032,2.794,3.4798,1.1938,1,10,0,2
B00044,B00044_R1,194,6,6,2.54,1.6002,103.11,2.286,2.54,98.79,5,5,4.32,2.54,1.6002,0.2032,1.9812,0.0,1.1938,2.7178,2,10,0,1
B00045,B00045_R1,195,1,2,1.0668,2.032,79.95,1.6764,2.032,96.79,5,5,-16.84,1.6764,0.7112,0.2032,1.9812,2.9464,2.9464,3.2512,2,30,0,1
B00045,B00045_R2,196,2,2,1.0668,2.032,79.95,1.6764,2.032,96.79,5,5,-16.84,2.54,1.6002,0.2032,1.6002,2.413,1.8034,2.3368,2,10,1,1
B00046,B00046_R1,197,1,3,0.2032,1.9812,79.86,0.2032,1.6002,83.25,4,4,-3.39,0.2032,0.762,1.0668,2.54,1.7272,1.3462,2.6416,1,10,0,1
B00046,B00046_R2,198,2,3,0.2032,1.9812,79.86,0.2032,1.6002,83.25,4,4,-3.39,0.2032,0.762,2.54,1.9812,1.7272,1.3462,3.556,1,20,1,1
B00046,B00046_R1,199,3,3,0.2032,1.9812,79.86,0.2032,1.6002,83.25,4,4,-3.39,1.0668,2.032,0.762,0.2032,1.4224,1.8034,3.2512,3,10,0,2
B00047,B00047_R2,200,1,3,0.762,0.2032,87.98,2.54,1.9812,70.33,4,3,17.65,0.2032,1.143,1.0668,0.7112,1.4986,3.175,1.8034,1,10,1,2
B00047,B00047_R2,201,2,3,0.762,0.2032,87.98,2.54,1.9812,70.33,4,3,17.65,1.9812,2.032,0.2032,1.9812,3.556,1.1176,2.3368,2,30,1,1
B00047,B00047_R1,202,3,3,0.762,0.2032,87.98,2.54,1.9812,70.33,4,3,17.65,0.2032,0.762,0.762,2.032,1.1176,3.556,2.3368,1,20,0,1
B00048,B00048_R1,203,1,6,0.762,2.032,63.73,1.0668,0.7112,75.64,3,4,-11.91,0.2032,1.143,1.9812,0.2032,1.9558,1.8034,2.7178,1,30,0,1
B00048,B00048_R1,204,2,6,0.762,2.032,63.73,1.0668,0.7112,75.64,3,4,-11.91,0.2032,1.143,2.286,2.54,1.9558,1.8034,3.4798,1,10,0,3
B00048,B00048_R2,205,3,6,0.762,2.032,63.73,1.0668,0.7112,75.64,3,4,-11.91,1.0668,0.7112,1.0668,2.54,3.2512,0.0,2.9464,3,10,1,1
B00048,B00048_R2,206,4,6,0.762,2.032,63.73,1.0668,0.7112,75.64,3,4,-11.91,0.2032,0.762,1.6764,0.7112,2.3368,1.4224,2.032,1,10,1,2
B00048,B00048_R2,207,5,6,0.762,2.032,63.73,1.0668,0.7112,75.64,3,4,-11.91,2.286,0.2032,1.0668,2.032,3.8608,1.7272,3.556,3,30,1,3
B00048,B00048_R1,208,6,6,0.762,2.032,63.73,1.0668,0.7112,75.64,3,4,-11.91,1.9812,0.7112,2.54,1.6002,3.556,1.4224,1.9558,3,30,0,2
B00049,B00049_R1,209,1,7,2.286,2.54,60.23,1.0668,2.032,66.53,3,3,-6.3,0.4572,2.54,0.2032,1.9812,2.3368,1.1176,0.8128,2,30,0,2
B00049,B00049_R2,210,2,7,2.286,2.54,60.23,1.0668,2.032,66.53,3,3,-6.3,1.6764,2.54,0.762,0.7112,1.1176,1.1176,3.2512,3,20,1,3
B00049,B00049_R1,211,3,7,2.286,2.54,60.23,1.0668,2.032,66.53,3,3,-6.3,0.2032,1.143,1.6764,0.2032,3.4798,2.2606,2.413,1,30,0,3
B00049,B00049_R2,212,4,7,2.286,2.54,60.23,1.0668,2.032,66.53,3,3,-6.3,0.4572,0.2032,0.2032,1.6002,4.1656,2.9464,1.651,2,30,1,2
B00049,B00049_R1,213,5,7,2.286,2.54,60.23,1.0668,2.032,66.53,3,3,-6.3,1.0668,0.7112,0.2032,1.9812,3.556,2.9464,2.6416,2,20,0,4
B00049,B00049_R1,214,6,7,2.286,2.54,60.23,1.0668,2.032,66.53,3,3,-6.3,2.286,2.54,0.2032,1.9812,0.0,1.7272,2.6416,2,20,0,1
B00049,B00049_R2,215,7,7,2.286,2.54,60.23,1.0668,2.032,66.53,3,3,-6.3,1.0668,2.54,0.2032,1.6002,1.7272,0.508,1.8034,2,30,1,1
B00050,B00050_R2,216,1,4,0.2032,1.9812,101.3,0.762,0.7112,86.96,5,4,14.34,1.9812,2.032,0.2032,1.6002,2.3368,3.556,2.7178,2,10,1,2
B00050,B00050_R2,217,2,4,0.2032,1.9812,101.3,0.762,0.7112,86.96,5,4,14.34,1.9812,0.7112,0.2032,1.9812,3.556,1.7272,3.556,2,30,1,1
B00050,B00050_R1,218,3,4,0.2032,1.9812,101.3,0.762,0.7112,86.96,5,4,14.34,1.9812,2.032,0.762,2.54,2.3368,3.556,1.7272,3,10,0,1
B00050,B00050_R1,219,4,4,0.2032,1.9812,101.3,0.762,0.7112,86.96,5,4,14.34,0.762,2.032,2.54,1.143,1.1176,2.9464,3.175,3,30,0,2
B00051,B00051_R1,220,1,7,2.54,1.143,96.68,0.2032,1.6002,110.32,5,5,-13.64,0.2032,0.762,0.762,2.032,2.7178,1.3462,2.3368,1,10,0,3
B00051,B00051_R2,221,2,7,2.54,1.143,96.68,0.2032,1.6002,110.32,5,5,-13.64,0.2032,0.762,1.9812,2.54,2.7178,1.3462,3.556,1,10,1,3
B00051,B00051_R1,222,3,7,2.54,1.143,96.68,0.2032,1.6002,110.32,5,5,-13.64,0.2032,0.762,0.762,0.2032,2.7178,1.3462,1.1176,1,20,0,2
B00051,B00051_R2,223,4,7,2.54,1.143,96.68,0.2032,1.6002,110.32,5,5,-13.64,0.2032,1.143,1.0668,2.54,2.3368,0.9652,2.2606,1,30,1,1
B00051,B00051_R1,224,5,7,2.54,1.143,96.68,0.2032,1.6002,110.32,5,5,-13.64,2.286,0.2032,0.2032,1.9812,1.1938,3.4798,3.8608,2,20,0,1
B00051,B00051_R1,225,6,7,2.54,1.143,96.68,0.2032,1.6002,110.32,5,5,-13.64,0.2032,0.762,2.54,1.143,2.7178,1.3462,2.7178,1,10,0,4
B00051,B00051_R2,226,7,7,2.54,1.143,96.68,0.2032,1.6002,110.32,5,5,-13.64,1.9812,2.032,0.2032,1.6002,1.9558,2.7178,2.7178,2,10,1,2
B00052,B00052_R2,227,1,4,2.54,1.143,119.13,1.9812,2.54,92.37,6,4,26.76,0.762,2.54,0.2032,1.9812,3.175,1.7272,1.1176,2,10,1,1
B00052,B00052_R2,228,2,4,2.54,1.143,119.13,1.9812,2.54,92.37,6,4,26.76,1.0668,0.2032,0.2032,1.9812,2.413,3.2512,2.6416,2,20,1,3
B00052,B00052_R1,229,3,4,2.54,1.143,119.13,1.9812,2.54,92.37,6,4,26.76,0.2032,0.762,2.286,0.2032,2.7178,3.556,2.6416,1,20,0,1
B00052,B00052_R2,230,4,4,2.54,1.143,119.13,1.9812,2.54,92.37,6,4,26.76,0.2032,1.143,2.54,1.143,2.3368,3.175,2.3368,1,10,1,2
B00053,B00053_R1,231,1,4,2.286,0.2032,115.93,0.2032,1.9812,120.53,5,6,-4.6,1.0668,2.54,0.2032,1.6002,3.556,1.4224,1.8034,2,30,0,2
B00053,B00053_R2,232,2,4,2.286,0.2032,115.93,0.2032,1.9812,120.53,5,6,-4.6,1.0668,2.54,2.54,0.762,3.556,1.4224,3.2512,3,10,1,2
B00053,B00053_R2,233,3,4,2.286,0.2032,115.93,0.2032,1.9812,120.53,5,6,-4.6,0.2032,1.143,0.762,2.54,3.0226,1.3462,1.9558,1,30,1,1
B00053,B00053_R1,234,4,4,2.286,0.2032,115.93,0.2032,1.9812,120.53,5,6,-4.6,1.9812,2.032,0.2032,1.6002,2.6416,2.3368,2.7178,2,30,0,1
B00054,B00054_R2,235,1,6,0.2032,1.6002,120.15,2.54,0.762,121.83,5,6,-1.68,2.54,1.6002,1.9812,2.032,2.3368,1.3462,1.4986,3,30,1,1
B00054,B00054_R1,236,2,6,0.2032,1.6002,120.15,2.54,0.762,121.83,5,6,-1.68,1.0668,2.032,0.2032,1.6002,1.8034,3.2512,1.8034,2,10,0,1
B00054,B00054_R2,237,3,6,0.2032,1.6002,120.15,2.54,0.762,121.83,5,6,-1.68,2.286,2.54,0.762,0.2032,3.0226,2.032,3.8608,3,10,1,2
B00054,B00054_R2,238,4,6,0.2032,1.6002,120.15,2.54,0.762,121.83,5,6,-1.68,0.762,0.7112,0.2032,1.6002,1.9558,2.3368,1.9558,2,10,1,3
B00054,B00054_R1,239,5,6,0.2032,1.6002,120.15,2.54,0.762,121.83,5,6,-1.68,2.54,0.762,0.2032,1.6002,3.175,0.0,3.175,2,10,0,3
B00054,B00054_R1,240,6,6,0.2032,1.6002,120.15,2.54,0.762,121.83,5,6,-1.68,0.2032,0.762,1.9812,0.7112,1.3462,2.9464,2.3368,1,10,0,2
B00055,B00055_R2,241,1,5,0.2032,1.6002,152.01,0.2032,1.6002,144.97,7,7,7.04,0.4572,2.54,1.0668,2.032,1.1938,1.1938,1.1176,3,10,1,2
B00055,B00055_R1,242,2,5,0.2032,1.6002,152.01,0.2032,1.6002,144.97,7,7,7.04,0.2032,0.762,2.286,0.2032,1.3462,1.3462,2.6416,1,10,0,2
B00055,B00055_R2,243,3,5,0.2032,1.6002,152.01,0.2032,1.6002,144.97,7,7,7.04,1.9812,2.54,0.2032,1.6002,2.7178,2.7178,2.7178,2,10,1,3
B00055,B00055_R2,244,4,5,0.2032,1.6002,152.01,0.2032,1.6002,144.97,7,7,7.04,0.2032,1.143,0.4572,2.54,0.9652,0.9652,1.651,1,10,1,1
B00055,B00055_R1,245,5,5,0.2032,1.6002,152.01,0.2032,1.6002,144.97,7,7,7.04,0.2032,1.143,1.0668,2.032,0.9652,0.9652,2.2606,1,30,0,1
B00056,B00056_R2,246,1,5,2.286,0.2032,148.48,0.2032,1.6002,147.56,7,8,0.92,0.2032,0.762,2.54,1.143,2.6416,1.3462,2.7178,1,30,1,2
B00056,B00056_R2,247,2,5,2.286,0.2032,148.48,0.2032,1.6002,147.56,7,8,0.92,0.4572,0.2032,0.2032,1.6002,2.3368,1.651,1.651,2,30,1,1
B00056,B00056_R2,248,3,5,2.286,0.2032,148.48,0.2032,1.6002,147.56,7,8,0.92,1.9812,2.54,0.2032,1.6002,2.6416,2.7178,2.7178,2,20,1,3
B00056,B00056_R1,249,4,5,2.286,0.2032,148.48,0.2032,1.6002,147.56,7,8,0.92,0.2032,0.762,2.54,1.9812,2.6416,1.3462,3.556,1,30,0,2
B00056,B00056_R1,250,5,5,2.286,0.2032,148.48,0.2032,1.6002,147.56,7,8,0.92,0.4572,0.2032,0.2032,1.9812,2.3368,1.651,2.032,2,10,0,1
B00057,B00057_R1,251,1,3,2.54,1.9812,159.42,0.2032,1.6002,187.84,7,10,-28.42,0.2032,0.762,0.762,2.032,3.556,1.3462,2.3368,1,20,0,2
B00057,B00057_R2,252,2,3,2.54,1.9812,159.42,0.2032,1.6002,187.84,7,10,-28.42,0.2032,0.762,2.54,0.762,3.556,1.3462,2.9464,1,30,1,1
B00057,B00057_R1,253,3,3,2.54,1.9812,159.42,0.2032,1.6002,187.84,7,10,-28.42,0.2032,0.762,0.4572,2.54,3.556,1.3462,2.032,1,10,0,1
B00058,B00058_R2,254,1,4,0.762,2.032,182.17,2.54,0.762,171.51,8,9,10.66,1.6764,2.032,1.0668,0.7112,1.4224,2.6416,2.9464,3,30,1,2
B00058,B00058_R2,255,2,4,0.762,2.032,182.17,2.54,0.762,171.51,8,9,10.66,0.2032,1.143,1.6764,2.032,1.9558,2.7178,2.8702,1,20,1,1
B00058,B00058_R1,256,3,4,0.762,2.032,182.17,2.54,0.762,171.51,8,9,10.66,1.6764,2.54,0.2032,1.6002,1.4224,2.6416,2.413,2,30,0,1
B00058,B00058_R1,257,4,4,0.762,2.032,182.17,2.54,0.762,171.51,8,9,10.66,0.2032,1.143,0.762,2.032,1.9558,2.7178,1.9558,1,20,0,2
B00059,B00059_R2,258,1,2,0.762,2.032,178.87,1.0668,0.7112,183.23,8,9,-4.36,0.2032,1.143,1.9812,2.032,1.9558,1.8034,3.175,1,30,1,1
B00059,B00059_R1,259,2,2,0.762,2.032,178.87,1.0668,0.7112,183.23,8,9,-4.36,2.286,2.54,0.2032,1.9812,2.032,3.556,2.6416,2,10,0,1
B00060,B00060_R1,260,1,7,0.2032,1.9812,164.54,1.9812,2.032,182.14,7,8,-17.6,2.54,1.6002,0.2032,1.9812,2.7178,1.4986,2.7178,2,20,0,4
B00060,B00060_R2,261,2,7,0.2032,1.9812,164.54,1.9812,2.032,182.14,7,8,-17.6,1.9812,2.54,0.2032,1.6002,2.3368,0.508,2.7178,2,10,1,1
B00060,B00060_R1,262,3,7,0.2032,1.9812,164.54,1.9812,2.032,182.14,7,8,-17.6,0.762,0.2032,1.9812,0.7112,2.3368,3.556,1.7272,3,30,0,1
B00060,B00060_R1,263,4,7,0.2032,1.9812,164.54,1.9812,2.032,182.14,7,8,-17.6,0.2032,1.143,1.0668,2.032,1.3462,3.175,2.2606,1,30,0,3
B00060,B00060_R1,264,5,7,0.2032,1.9812,164.54,1.9812,2.032,182.14,7,8,-17.6,2.54,0.762,0.2032,1.6002,3.556,2.3368,3.175,2,10,0,2
B00060,B00060_R2,265,6,7,0.2032,1.9812,164.54,1.9812,2.032,182.14,7,8,-17.6,0.2032,0.762,0.762,2.54,1.7272,3.556,2.3368,1,10,1,2
B00060,B00060_R2,266,7,7,0.2032,1.9812,164.54,1.9812,2.032,182.14,7,8,-17.6,1.0668,0.7112,0.2032,1.9812,2.6416,3.2512,2.6416,2,30,1,3
B00061,B00061_R2,267,1,5,0.2032,1.9812,213.51,0.2032,1.9812,218.82,10,10,-5.31,2.54,1.143,0.2032,1.9812,3.175,3.175,3.175,2,30,1,2
B00061,B00061_R1,268,2,5,0.2032,1.9812,213.51,0.2032,1.9812,218.82,10,10,-5.31,0.762,0.7112,0.4572,2.54,2.3368,2.3368,2.6416,3,10,0,2
B00061,B00061_R1,269,3,5,0.2032,1.9812,213.51,0.2032,1.9812,218.82,10,10,-5.31,2.54,1.9812,0.2032,1.9812,2.9464,2.9464,2.9464,2,30,0,3
B00061,B00061_R2,270,4,5,0.2032,1.9812,213.51,0.2032,1.9812,218.82,10,10,-5.31,1.9812,0.2032,0.2032,1.6002,3.556,3.556,3.175,2,10,1,1
B00061,B00061_R1,271,5,5,0.2032,1.9812,213.51,0.2032,1.9812,218.82,10,10,-5.31,0.2032,0.762,0.4572,0.2032,1.7272,1.7272,0.8128,1,20,0,1
B00062,B00062_R1,272,1,4,0.2032,1.9812,229.03,0.2032,1.9812,238.67,11,10,-9.64,1.0668,0.2032,0.2032,1.6002,2.6416,2.6416,2.2606,2,20,0,2
B00062,B00062_R1,273,2,4,0.2032,1.9812,229.03,0.2032,1.9812,238.67,11,10,-9.64,0.2032,0.762,1.6764,0.2032,1.7272,1.7272,2.032,1,10,0,1
B00062,B00062_R2,274,3,4,0.2032,1.9812,229.03,0.2032,1.9812,238.67,11,10,-9.64,1.0668,2.032,0.2032,1.9812,1.4224,1.4224,1.4224,2,10,1,1
B00062,B00062_R2,275,4,4,0.2032,1.9812,229.03,0.2032,1.9812,238.67,11,10,-9.64,0.762,0.2032,1.9812,0.2032,2.3368,2.3368,1.7272,3,20,1,2
B00063,B00063_R1,276,1,7,0.2032,1.6002,235.85,1.9812,0.2032,241.27,11,10,-5.42,0.762,2.54,0.2032,1.6002,1.4986,3.556,1.4986,2,10,0,2
B00063,B00063_R2,277,2,7,0.2032,1.6002,235.85,1.9812,0.2032,241.27,11,10,-5.42,0.2032,1.143,1.6764,2.032,0.9652,2.7178,2.8702,1,30,1,1
B00063,B00063_R1,278,3,7,0.2032,1.6002,235.85,1.9812,0.2032,241.27,11,10,-5.42,0.4572,2.54,0.2032,1.6002,1.1938,3.8608,1.1938,2,30,0,3
B00063,B00063_R1,279,4,7,0.2032,1.6002,235.85,1.9812,0.2032,241.27,11,10,-5.42,0.2032,1.143,0.762,2.54,0.9652,2.7178,1.9558,1,30,0,1
B00063,B00063_R2,280,5,7,0.2032,1.6002,235.85,1.9812,0.2032,241.27,11,10,-5.42,1.0668,2.032,2.286,2.54,1.8034,3.2512,1.7272,3,30,1,2
B00063,B00063_R2,281,6,7,0.2032,1.6002,235.85,1.9812,0.2032,241.27,11,10,-5.42,0.2032,1.143,2.286,0.2032,0.9652,2.7178,3.0226,1,20,1,3
B00063,B00063_R1,282,7,7,0.2032,1.6002,235.85,1.9812,0.2032,241.27,11,10,-5.42,0.2032,0.762,2.54,1.9812,1.3462,2.3368,3.556,1,30,0,4
B00064,B00064_R2,283,1,3,2.54,1.9812,264.09,2.286,0.2032,272.54,13,11,-8.45,0.2032,1.143,1.9812,2.032,3.175,3.0226,3.175,1,20,1,1
B00064,B00064_R1,284,2,3,2.54,1.9812,264.09,2.286,0.2032,272.54,13,11,-8.45,0.2032,1.143,0.762,2.54,3.175,3.0226,1.9558,1,10,0,1
B00064,B00064_R1,285,3,3,2.54,1.9812,264.09,2.286,0.2032,272.54,13,11,-8.45,0.2032,1.143,2.54,0.762,3.175,3.0226,2.7178,1,10,0,2
B00065,B00065_R2,286,1,5,2.54,0.762,285.34,1.9812,2.032,272.35,14,11,12.99,0.2032,0.762,0.4572,0.2032,2.9464,3.556,0.8128,1,20,1,2
B00065,B00065_R2,287,2,5,2.54,0.762,285.34,1.9812,2.032,272.35,14,11,12.99,0.762,2.54,0.2032,1.6002,3.556,1.7272,1.4986,2,20,1,1
B00065,B00065_R1,288,3,5,2.54,0.762,285.34,1.9812,2.032,272.35,14,11,12.99,1.6764,0.2032,0.4572,0.2032,1.4224,3.2512,1.7272,3,10,0,1
B00065,B00065_R1,289,4,5,2.54,0.762,285.34,1.9812,2.032,272.35,14,11,12.99,0.2032,1.143,2.286,2.54,2.7178,3.175,3.4798,1,20,0,2
B00065,B00065_R2,290,5,5,2.54,0.762,285.34,1.9812,2.032,272.35,14,11,12.99,0.762,0.2032,0.2032,1.6002,2.3368,3.556,1.9558,2,10,1,3
B00066,B00066_R2,291,1,1,2.286,2.54,251.68,0.2032,1.6002,226.43,12,10,25.25,1.9812,0.7112,1.9812,2.54,2.6416,3.175,2.9464,3,10,1,1
B00067,B00067_R2,292,1,7,2.286,2.54,215.2,1.9812,2.54,217.41,11,10,-2.21,0.762,0.2032,1.0668,0.2032,3.8608,3.556,0.8128,3,30,1,3
B00067,B00067_R1,293,2,7,2.286,2.54,215.2,1.9812,2.54,217.41,11,10,-2.21,0.2032,1.143,1.6764,2.032,3.4798,3.175,2.8702,1,30,0,2
B00067,B00067_R1,294,3,7,2.286,2.54,215.2,1.9812,2.54,217.41,11,10,-2.21,2.54,1.143,0.2032,1.6002,1.651,1.9558,2.794,2,10,0,1
B00067,B00067_R2,295,4,7,2.286,2.54,215.2,1.9812,2.54,217.41,11,10,-2.21,1.9812,2.54,0.2032,1.6002,0.8128,0.0,2.7178,2,10,1,1
B00067,B00067_R1,296,5,7,2.286,2.54,215.2,1.9812,2.54,217.41,11,10,-2.21,0.2032,0.762,2.286,0.2032,3.8608,3.556,2.6416,1,10,0,3
B00067,B00067_R2,297,6,7,2.286,2.54,215.2,1.9812,2.54,217.41,11,10,-2.21,0.2032,0.762,0.762,0.2032,3.8608,3.556,1.1176,1,20,1,2
B00067,B00067_R2,298,7,7,2.286,2.54,215.2,1.9812,2.54,217.41,11,10,-2.21,0.2032,0.762,1.6764,2.54,3.8608,3.556,3.2512,1,10,1,4
B00068,B00068_R2,299,1,2,2.286,0.2032,249.67,1.6764,2.54,240.15,12,12,9.52,1.6764,2.032,0.2032,1.9812,2.9464,0.508,2.032,2,10,1,1
B00068,B00068_R2,300,2,2,2.286,0.2032,249.67,1.6764,2.54,240.15,12,12,9.52,0.2032,1.143,1.0668,0.7112,3.0226,2.8702,1.8034,1,20,1,2
B00069,B00069_R2,301,1,4,2.286,0.2032,220.22,1.0668,0.7112,243.05,10,12,-22.83,0.762,2.032,0.2032,1.6002,3.8608,3.2512,1.4986,2,20,1,2
B00069,B00069_R1,302,2,4,2.286,0.2032,220.22,1.0668,0.7112,243.05,10,12,-22.83,2.286,2.54,0.2032,1.6002,2.3368,3.556,3.0226,2,10,0,1
B00069,B00069_R2,303,3,4,2.286,0.2032,220.22,1.0668,0.7112,243.05,10,12,-22.83,1.0668,0.7112,0.2032,1.9812,1.7272,0.0,2.6416,2,20,1,1
B00069,B00069_R1,304,4,4,2.286,0.2032,220.22,1.0668,0.7112,243.05,10,12,-22.83,0.2032,1.143,1.0668,2.032,3.0226,1.8034,2.2606,1,30,0,2
B00070,B00070_R1,305,1,6,1.0668,2.032,154.11,0.2032,1.6002,147.97,7,9,6.14,0.2032,0.762,2.54,1.9812,2.6416,1.3462,3.556,1,20,0,3
B00070,B00070_R2,306,2,6,1.0668,2.032,154.11,0.2032,1.6002,147.97,7,9,6.14,0.2032,0.762,0.762,2.032,2.6416,1.3462,2.3368,1,20,1,2
B00070,B00070_R2,307,3,6,1.0668,2.032,154.11,0.2032,1.6002,147.97,7,9,6.14,0.2032,0.762,0.762,2.54,2.6416,1.3462,2.3368,1,10,1,1
B00070,B00070_R2,308,4,6,1.0668,2.032,154.11,0.2032,1.6002,147.97,7,9,6.14,0.2032,0.762,1.0668,2.032,2.6416,1.3462,2.6416,1,30,1,3
B00070,B00070_R1,309,5,6,1.0668,2.032,154.11,0.2032,1.6002,147.97,7,9,6.14,0.762,2.032,1.6764,2.032,0.8128,1.4986,1.4224,3,10,0,1
B00070,B00070_R1,310,6,6,1.0668,2.032,154.11,0.2032,1.6002,147.97,7,9,6.14,1.6764,2.54,2.286,0.2032,1.1176,2.413,2.9464,3,30,0,2
B00071,B00071_R1,311,1,3,2.54,1.9812,184.76,1.0668,2.032,187.25,8,10,-2.49,1.9812,0.7112,0.2032,1.6002,2.3368,3.2512,3.175,2,30,0,1
B00071,B00071_R1,312,2,3,2.54,1.9812,184.76,1.0668,2.032,187.25,8,10,-2.49,0.4572,0.2032,0.2032,1.9812,3.8608,2.9464,2.032,2,10,0,2
B00071,B00071_R2,313,3,3,2.54,1.9812,184.76,1.0668,2.032,187.25,8,10,-2.49,0.2032,0.762,1.6764,2.54,3.556,2.6416,3.2512,1,10,1,1
B00072,B00072_R2,314,1,3,0.2032,1.9812,188.37,1.6764,2.54,191.57,8,9,-3.2,1.6764,0.2032,0.2032,1.6002,3.2512,2.9464,2.8702,2,10,1,2
B00072,B00072_R2,315,2,3,0.2032,1.9812,188.37,1.6764,2.54,191.57,8,9,-3.2,1.9812,2.54,1.0668,0.7112,2.3368,0.8128,3.2512,3,20,1,1
B00072,B00072_R1,316,3,3,0.2032,1.9812,188.37,1.6764,2.54,191.57,8,9,-3.2,1.9812,0.7112,0.2032,1.6002,3.556,3.2512,3.175,2,10,0,1
B00073,B00073_R1,317,1,3,0.2032,1.6002,179.45,0.2032,1.6002,205.89,8,10,-26.44,0.4572,2.54,0.2032,1.9812,1.1938,1.1938,0.8128,2,20,0,1
B00073,B00073_R2,318,2,3,0.2032,1.6002,179.45,0.2032,1.6002,205.89,8,10,-26.44,2.54,1.6002,2.54,1.9812,2.3368,2.3368,0.889,3,20,1,1
B00073,B00073_R1,319,3,3,0.2032,1.6002,179.45,0.2032,1.6002,205.89,8,10,-26.44,0.762,0.2032,0.2032,1.9812,1.9558,1.9558,2.3368,2,10,0,2
B00074,B00074_R2,320,1,7,0.2032,1.9812,149.7,2.54,1.9812,162.41,6,7,-12.71,2.54,1.6002,0.2032,1.6002,2.7178,0.889,2.3368,2,30,1,2
B00074,B00074_R1,321,2,7,0.2032,1.9812,149.7,2.54,1.9812,162.41,6,7,-12.71,1.0668,0.2032,0.2032,1.6002,2.6416,3.2512,2.2606,2,30,0,2
B00074,B00074_R2,322,3,7,0.2032,1.9812,149.7,2.54,1.9812,162.41,6,7,-12.71,0.2032,0.762,1.6764,2.54,1.7272,3.556,3.2512,1,20,1,3
B00074,B00074_R1,323,4,7,0.2032,1.9812,149.7,2.54,1.9812,162.41,6,7,-12.71,0.2032,0.762,2.54,0.762,1.7272,3.556,2.9464,1,30,0,3
B00074,B00074_R1,324,5,7,0.2032,1.9812,149.7,2.54,1.9812,162.41,6,7,-12.71,1.6764,0.2032,0.2032,1.9812,3.2512,2.6416,3.2512,2,30,0,4
B00074,B00074_R2,325,6,7,0.2032,1.9812,149.7,2.54,1.9812,162.41,6,7,-12.71,2.54,1.143,2.54,1.6002,3.175,1.3462,0.9652,3,20,1,1
B00074,B00074_R1,326,7,7,0.2032,1.9812,149.7,2.54,1.9812,162.41,6,7,-12.71,0.762,2.54,0.2032,1.9812,1.1176,2.3368,1.1176,2,10,0,1
B00075,B00075_R2,327,1,3,0.2032,1.9812,194.57,1.6764,2.54,171.91,9,8,22.66,0.2032,1.143,0.762,0.7112,1.3462,2.8702,1.4986,1,30,1,1
B00075,B00075_R1,328,2,3,0.2032,1.9812,194.57,1.6764,2.54,171.91,9,8,22.66,0.2032,0.762,1.6764,2.032,1.7272,3.2512,3.2512,1,20,0,1
B00075,B00075_R2,329,3,3,0.2032,1.9812,194.57,1.6764,2.54,171.91,9,8,22.66,2.286,0.2032,0.2032,1.6002,3.8608,2.9464,3.4798,2,20,1,2
B00076,B00076_R2,330,1,4,1.6764,2.032,137.66,0.2032,1.6002,144.97,6,7,-7.31,0.4572,2.54,0.2032,1.6002,1.7272,1.1938,1.1938,2,30,1,1
B00076,B00076_R1,331,2,4,1.6764,2.032,137.66,0.2032,1.6002,144.97,6,7,-7.31,1.6764,2.032,0.2032,1.6002,0.0,2.413,2.413,2,30,0,1
B00076,B00076_R2,332,3,4,1.6764,2.032,137.66,0.2032,1.6002,144.97,6,7,-7.31,0.2032,0.762,1.9812,2.032,3.2512,1.3462,3.556,1,10,1,2
B00076,B00076_R1,333,4,4,1.6764,2.032,137.66,0.2032,1.6002,144.97,6,7,-7.31,1.6764,0.7112,0.2032,1.6002,2.9464,2.8702,2.8702,2,10,0,2
B00077,B00077_R1,334,1,2,0.2032,1.6002,142.58,1.9812,2.032,146.27,6,7,-3.69,0.2032,1.143,1.9812,0.7112,0.9652,3.175,2.7178,1,30,0,1
B00077,B00077_R2,335,2,2,0.2032,1.6002,142.58,1.9812,2.032,146.27,6,7,-3.69,2.54,1.143,1.6764,0.7112,2.794,1.9558,1.8034,3,30,1,1
B00078,B00078_R1,336,1,6,1.9812,0.7112,129.46,1.6764,0.7112,136.77,6,6,-7.31,0.2032,0.762,1.0668,2.54,2.3368,2.032,2.6416,1,30,0,3
B00078,B00078_R1,337,2,6,1.9812,0.7112,129.46,1.6764,0.7112,136.77,6,6,-7.31,1.9812,0.2032,0.2032,1.6002,0.508,0.8128,3.175,2,30,0,1
B00078,B00078_R2,338,3,6,1.9812,0.7112,129.46,1.6764,0.7112,136.77,6,6,-7.31,0.762,0.2032,0.2032,1.6002,1.7272,1.4224,1.9558,2,30,1,1
B00078,B00078_R2,339,4,6,1.9812,0.7112,129.46,1.6764,0.7112,136.77,6,6,-7.31,0.762,2.54,0.762,2.032,3.556,3.2512,0.508,3,10,1,2
B00078,B00078_R1,340,5,6,1.9812,0.7112,129.46,1.6764,0.7112,136.77,6,6,-7.31,0.2032,1.143,1.9812,0.2032,2.7178,2.413,2.7178,1,30,0,2
B00078,B00078_R2,341,6,6,1.9812,0.7112,129.46,1.6764,0.7112,136.77,6,6,-7.31,0.2032,1.143,2.286,0.2032,2.7178,2.413,3.0226,1,10,1,3
B00079,B00079_R1,342,1,5,1.0668,2.54,157.11,2.286,0.2032,157.2,7,8,-0.09,0.762,2.54,0.762,0.7112,0.8128,3.8608,2.9464,3,30,0,2
B00079,B00079_R2,343,2,5,1.0668,2.54,157.11,2.286,0.2032,157.2,7,8,-0.09,0.762,0.7112,0.4572,0.2032,3.2512,2.032,0.8128,3,30,1,1
B00079,B00079_R1,344,3,5,1.0668,2.54,157.11,2.286,0.2032,157.2,7,8,-0.09,0.4572,2.54,0.762,2.032,1.1176,4.1656,0.8128,3,30,0,1
B00079,B00079_R2,345,4,5,1.0668,2.54,157.11,2.286,0.2032,157.2,7,8,-0.09,0.2032,0.762,1.9812,2.032,2.6416,2.6416,3.556,1,10,1,2
B00079,B00079_R1,346,5,5,1.0668,2.54,157.11,2.286,0.2032,157.2,7,8,-0.09,0.2032,1.143,1.9812,0.7112,2.2606,3.0226,2.7178,1,20,0,3
B00080,B00080_R2,347,1,4,1.9812,0.7112,135.36,1.9812,2.032,120.23,7,6,15.13,0.2032,1.143,0.4572,2.54,2.7178,3.175,1.651,1,10,1,3
B00080,B00080_R2,348,2,4,1.9812,0.7112,135.36,1.9812,2.032,120.23,7,6,15.13,2.286,2.54,0.2032,1.9812,2.6416,0.8128,2.6416,2,20,1,2
B00080,B00080_R2,349,3,4,1.9812,0.7112,135.36,1.9812,2.032,120.23,7,6,15.13,1.6764,2.54,2.54,1.6002,3.2512,0.8128,1.8034,3,20,1,1
B00080,B00080_R1,350,4,4,1.9812,0.7112,135.36,1.9812,2.032,120.23,7,6,15.13,0.2032,1.143,1.6764,2.54,2.7178,3.175,2.8702,1,10,0,1
B00081,B00081_R1,351,1,6,1.6764,2.54,123.34,0.4572,2.54,143.86,6,8,-20.52,1.6764,2.54,2.286,2.54,0.0,1.7272,1.1176,3,30,0,1
B00081,B00081_R1,352,2,6,1.6764,2.54,123.34,0.4572,2.54,143.86,6,8,-20.52,1.0668,2.54,0.2032,1.9812,1.1176,1.1176,1.4224,2,20,0,3
B00081,B00081_R2,353,3,6,1.6764,2.54,123.34,0.4572,2.54,143.86,6,8,-20.52,2.54,0.762,0.2032,1.9812,2.6416,3.8608,3.556,2,20,1,2
B00081,B00081_R1,354,4,6,1.6764,2.54,123.34,0.4572,2.54,143.86,6,8,-20.52,0.2032,1.143,2.54,1.6002,2.8702,1.651,2.794,1,30,0,4
B00081,B00081_R2,355,5,6,1.6764,2.54,123.34,0.4572,2.54,143.86,6,8,-20.52,0.4572,0.2032,1.9812,0.7112,3.556,2.3368,2.032,3,30,1,1
B00081,B00081_R1,356,6,6,1.6764,2.54,123.34,0.4572,2.54,143.86,6,8,-20.52,1.9812,2.54,1.6764,2.032,0.8128,2.032,0.8128,3,10,0,2
B00082,B00082_R1,357,1,3,2.54,1.6002,145.16,0.2032,1.9812,158.41,8,8,-13.25,1.0668,2.032,0.2032,1.6002,2.413,1.4224,1.8034,2,20,0,1
B00082,B00082_R1,358,2,3,2.54,1.6002,145.16,0.2032,1.9812,158.41,8,8,-13.25,0.2032,1.143,0.762,0.2032,2.794,1.3462,1.4986,1,10,0,2
B00082,B00082_R2,359,3,3,2.54,1.6002,145.16,0.2032,1.9812,158.41,8,8,-13.25,0.2032,1.143,1.9812,2.54,2.794,1.3462,3.175,1,30,1,1
B00083,B00083_R2,360,1,7,0.762,0.2032,150.27,1.9812,2.54,149.09,8,7,1.18,1.0668,2.032,1.9812,2.032,3.2512,1.4224,1.4224,3,10,1,1
B00083,B00083_R2,361,2,7,0.762,0.2032,150.27,1.9812,2.54,149.09,8,7,1.18,0.762,0.7112,0.4572,2.54,0.508,3.556,2.6416,3,10,1,3
B00083,B00083_R1,362,3,7,0.762,0.2032,150.27,1.9812,2.54,149.09,8,7,1.18,0.762,0.7112,0.2032,1.6002,0.508,3.556,1.9558,2,10,0,1
B00083,B00083_R1,363,4,7,0.762,0.2032,150.27,1.9812,2.54,149.09,8,7,1.18,1.9812,0.7112,0.2032,1.9812,1.7272,2.9464,3.556,2,30,0,4
B00083,B00083_R1,364,5,7,0.762,0.2032,150.27,1.9812,2.54,149.09,8,7,1.18,0.2032,0.762,1.9812,0.2032,1.1176,3.556,2.3368,1,30,0,3
B00083,B00083_R1,365,6,7,0.762,0.2032,150.27,1.9812,2.54,149.09,8,7,1.18,0.2032,0.762,0.4572,0.2032,1.1176,3.556,0.8128,1,10,0,2
B00083,B00083_R2,366,7,7,0.762,0.2032,150.27,1.9812,2.54,149.09,8,7,1.18,1.9812,0.7112,0.2032,1.6002,1.7272,2.9464,3.175,2,10,1,2
B00084,B00084_R1,367,1,4,0.2032,1.9812,184.62,0.4572,2.54,182.06,11,8,2.56,0.4572,0.2032,1.6764,2.54,2.032,2.3368,3.556,3,10,0,2
B00084,B00084_R1,368,2,4,0.2032,1.9812,184.62,0.4572,2.54,182.06,11,8,2.56,0.2032,0.762,1.6764,0.7112,1.7272,2.032,2.032,1,30,0,1
B00084,B00084_R2,369,3,4,0.2032,1.9812,184.62,0.4572,2.54,182.06,11,8,2.56,1.6764,2.032,0.2032,1.9812,2.032,1.7272,2.032,2,20,1,2
B00084,B00084_R2,370,4,4,0.2032,1.9812,184.62,0.4572,2.54,182.06,11,8,2.56,1.0668,2.54,0.2032,1.9812,1.4224,1.1176,1.4224,2,20,1,1
B00085,B00085_R1,371,1,3,1.6764,2.54,201.37,0.2032,1.9812,190.68,11,9,10.69,2.54,1.6002,0.2032,1.9812,1.8034,2.7178,2.7178,2,10,0,1
B00085,B00085_R2,372,2,3,1.6764,2.54,201.37,0.2032,1.9812,190.68,11,9,10.69,2.286,2.54,0.2032,1.6002,1.1176,2.6416,3.0226,2,30,1,2
B00085,B00085_R2,373,3,3,1.6764,2.54,201.37,0.2032,1.9812,190.68,11,9,10.69,0.2032,1.143,1.9812,2.032,2.8702,1.3462,3.175,1,20,1,1
B00086,B00086_R2,374,1,3,0.2032,1.9812,158.0,0.2032,1.6002,154.6,8,7,3.4,1.9812,0.7112,0.2032,1.9812,3.556,3.175,3.556,2,10,1,2
B00086,B00086_R2,375,2,3,0.2032,1.9812,158.0,0.2032,1.6002,154.6,8,7,3.4,0.2032,1.143,1.0668,0.2032,1.3462,0.9652,1.8034,1,10,1,1
B00086,B00086_R1,376,3,3,0.2032,1.9812,158.0,0.2032,1.6002,154.6,8,7,3.4,1.0668,2.54,0.2032,1.9812,1.4224,1.8034,1.4224,2,20,0,1
B00087,B00087_R2,377,1,2,0.2032,1.9812,143.77,0.2032,1.9812,149.79,7,7,-6.02,2.54,1.6002,0.2032,1.9812,2.7178,2.7178,2.7178,2,10,1,1
B00087,B00087_R1,378,2,2,0.2032,1.9812,143.77,0.2032,1.9812,149.79,7,7,-6.02,1.9812,0.2032,0.2032,1.9812,3.556,3.556,3.556,2,30,0,1
B00088,B00088_R2,379,1,3,0.2032,1.9812,157.11,0.2032,1.9812,145.68,7,7,11.43,1.9812,2.032,0.762,0.2032,2.3368,2.3368,3.556,3,20,1,1
B00088,B00088_R1,380,2,3,0.2032,1.9812,157.11,0.2032,1.9812,145.68,7,7,11.43,2.286,2.54,0.2032,1.9812,2.6416,2.6416,2.6416,2,10,0,1
B00088,B00088_R2,381,3,3,0.2032,1.9812,157.11,0.2032,1.9812,145.68,7,7,11.43,0.762,0.2032,0.2032,1.9812,2.3368,2.3368,2.3368,2,10,1,2
B00089,B00089_R1,382,1,2,0.2032,1.9812,102.01,0.2032,1.9812,114.52,4,5,-12.51,2.54,1.9812,0.2032,1.9812,2.9464,2.9464,2.9464,2,30,0,1
B00089,B00089_R2,383,2,2,0.2032,1.9812,102.01,0.2032,1.9812,114.52,4,5,-12.51,0.2032,1.143,2.54,1.143,1.3462,1.3462,2.3368,1,30,1,1
B00090,B00090_R1,384,1,3,0.2032,1.9812,98.8,2.54,1.143,109.52,4,5,-10.72,0.2032,0.762,0.4572,2.54,1.7272,2.7178,2.032,1,10,0,1
B00090,B00090_R2,385,2,3,0.2032,1.9812,98.8,2.54,1.143,109.52,4,5,-10.72,0.2032,1.143,1.6764,2.032,1.3462,2.3368,2.8702,1,30,1,1
B00090,B00090_R1,386,3,3,0.2032,1.9812,98.8,2.54,1.143,109.52,4,5,-10.72,0.2032,1.143,1.9812,0.7112,1.3462,2.3368,2.7178,1,10,0,2
B00091,B00091_R1,387,1,4,1.9812,0.7112,86.78,1.6764,2.032,79.35,4,4,7.43,0.4572,0.2032,0.2032,1.9812,2.032,3.556,2.032,2,20,0,1
B00091,B00091_R2,388,2,4,1.9812,0.7112,86.78,1.6764,2.032,79.35,4,4,7.43,1.9812,2.032,0.762,0.2032,2.9464,0.8128,3.556,3,30,1,2
B00091,B00091_R1,389,3,4,1.9812,0.7112,86.78,1.6764,2.032,79.35,4,4,7.43,0.2032,0.762,0.4572,2.54,2.3368,3.2512,2.032,1,10,0,2
B00091,B00091_R2,390,4,4,1.9812,0.7112,86.78,1.6764,2.032,79.35,4,4,7.43,1.0668,2.54,1.6764,2.54,3.2512,1.1176,1.1176,3,30,1,1
B00092,B00092_R2,391,1,4,0.4572,2.54,86.97,0.762,0.2032,85.16,4,4,1.81,1.0668,0.2032,0.2032,1.6002,2.9464,0.8128,2.2606,2,10,1,1
B00092,B00092_R2,392,2,4,0.4572,2.54,86.97,0.762,0.2032,85.16,4,4,1.81,0.2032,0.762,2.54,1.6002,2.032,1.1176,3.175,1,10,1,2
B00092,B00092_R1,393,3,4,0.4572,2.54,86.97,0.762,0.2032,85.16,4,4,1.81,0.4572,2.54,0.2032,1.6002,0.0,2.6416,1.1938,2,30,0,1
B00092,B00092_R1,394,4,4,0.4572,2.54,86.97,0.762,0.2032,85.16,4,4,1.81,2.54,1.143,0.2032,1.9812,3.4798,2.7178,3.175,2,30,0,2
B00093,B00093_R2,395,1,3,0.2032,1.9812,96.88,2.54,1.6002,80.05,5,4,16.83,2.54,1.9812,0.2032,1.6002,2.9464,0.889,2.7178,2,20,1,1
B00093,B00093_R1,396,2,3,0.2032,1.9812,96.88,2.54,1.6002,80.05,5,4,16.83,0.2032,1.143,1.9812,0.7112,1.3462,2.794,2.7178,1,10,0,1
B00093,B00093_R2,397,3,3,0.2032,1.9812,96.88,2.54,1.6002,80.05,5,4,16.83,0.2032,1.143,0.4572,2.54,1.3462,2.794,1.651,1,30,1,2
B00094,B00094_R1,398,1,5,1.9812,0.7112,73.33,0.4572,2.54,95.59,4,5,-22.26,0.2032,0.762,1.0668,0.2032,2.3368,2.032,1.4224,1,30,0,2
B00094,B00094_R1,399,2,5,1.9812,0.7112,73.33,0.4572,2.54,95.59,4,5,-22.26,0.2032,1.143,1.6764,0.7112,2.7178,1.651,2.413,1,10,0,3
B00094,B00094_R1,400,3,5,1.9812,0.7112,73.33,0.4572,2.54,95.59,4,5,-22.26,1.6764,0.7112,0.2032,1.6002,0.8128,3.556,2.8702,2,20,0,1
B00094,B00094_R2,401,4,5,1.9812,0.7112,73.33,0.4572,2.54,95.59,4,5,-22.26,1.9812,2.54,0.2032,1.9812,2.9464,2.032,2.3368,2,20,1,1
B00094,B00094_R2,402,5,5,1.9812,0.7112,73.33,0.4572,2.54,95.59,4,5,-22.26,1.0668,2.032,1.0668,0.7112,3.2512,1.1176,2.9464,3,20,1,2
B00095,B00095_R2,403,1,3,1.6764,0.7112,111.71,1.0668,0.7112,98.6,5,5,13.11,1.9812,0.7112,0.2032,1.9812,0.8128,1.4224,3.556,2,20,1,2
B00095,B00095_R1,404,2,3,1.6764,0.7112,111.71,1.0668,0.7112,98.6,5,5,13.11,1.6764,2.032,0.2032,1.6002,2.9464,2.9464,2.413,2,20,0,1
B00095,B00095_R2,405,3,3,1.6764,0.7112,111.71,1.0668,0.7112,98.6,5,5,13.11,0.2032,0.762,1.6764,0.2032,2.032,1.4224,2.032,1,30,1,1
B00096,B00096_R1,406,1,6,0.2032,1.6002,58.41,0.2032,1.9812,66.14,3,3,-7.73,1.9812,2.032,0.2032,1.6002,2.7178,2.3368,2.7178,2,30,0,2
B00096,B00096_R1,407,2,6,0.2032,1.6002,58.41,0.2032,1.9812,66.14,3,3,-7.73,0.2032,1.143,0.762,2.032,0.9652,1.3462,1.9558,1,30,0,1
B00096,B00096_R2,408,3,6,0.2032,1.6002,58.41,0.2032,1.9812,66.14,3,3,-7.73,0.2032,0.762,0.762,2.032,1.3462,1.7272,2.3368,1,30,1,2
B00096,B00096_R2,409,4,6,0.2032,1.6002,58.41,0.2032,1.9812,66.14,3,3,-7.73,2.54,1.9812,0.2032,1.9812,2.7178,2.9464,2.9464,2,30,1,3
B00096,B00096_R2,410,5,6,0.2032,1.6002,58.41,0.2032,1.9812,66.14,3,3,-7.73,0.2032,0.762,0.4572,0.2032,1.3462,1.7272,0.8128,1,10,1,1
B00096,B00096_R1,411,6,6,0.2032,1.6002,58.41,0.2032,1.9812,66.14,3,3,-7.73,2.54,1.143,1.6764,2.54,2.794,3.175,2.2606,3,30,0,3
B00097,B00097_R2,412,1,5,1.6764,2.54,79.56,0.2032,1.9812,95.59,4,5,-16.03,1.6764,0.2032,1.0668,0.2032,2.9464,3.2512,1.1176,3,10,1,2
B00097,B00097_R1,413,2,5,1.6764,2.54,79.56,0.2032,1.9812,95.59,4,5,-16.03,1.9812,2.54,0.2032,1.9812,0.8128,2.3368,2.3368,2,10,0,1
B00097,B00097_R2,414,3,5,1.6764,2.54,79.56,0.2032,1.9812,95.59,4,5,-16.03,1.9812,0.7112,0.2032,1.6002,3.2512,3.556,3.175,2,20,1,3
B00097,B00097_R1,415,4,5,1.6764,2.54,79.56,0.2032,1.9812,95.59,4,5,-16.03,1.9812,2.54,0.2032,1.6002,0.8128,2.3368,2.7178,2,30,0,2
B00097,B00097_R2,416,5,5,1.6764,2.54,79.56,0.2032,1.9812,95.59,4,5,-16.03,0.2032,0.762,0.762,0.7112,3.2512,1.7272,1.1176,1,20,1,1
B00098,B00098_R1,417,1,6,0.2032,1.6002,93.88,0.2032,1.6002,112.91,4,6,-19.03,1.6764,2.54,0.2032,1.9812,2.413,2.413,2.032,2,20,0,4
B00098,B00098_R1,418,2,6,0.2032,1.6002,93.88,0.2032,1.6002,112.91,4,6,-19.03,0.2032,0.762,1.9812,2.54,1.3462,1.3462,3.556,1,30,0,3
B00098,B00098_R2,419,3,6,0.2032,1.6002,93.88,0.2032,1.6002,112.91,4,6,-19.03,0.762,2.54,0.2032,1.9812,1.4986,1.4986,1.1176,2,20,1,1
B00098,B00098_R2,420,4,6,0.2032,1.6002,93.88,0.2032,1.6002,112.91,4,6,-19.03,1.0668,2.54,0.2032,1.9812,1.8034,1.8034,1.4224,2,10,1,2
B00098,B00098_R1,421,5,6,0.2032,1.6002,93.88,0.2032,1.6002,112.91,4,6,-19.03,0.2032,1.143,0.762,0.7112,0.9652,0.9652,1.4986,1,20,0,1
B00098,B00098_R1,422,6,6,0.2032,1.6002,93.88,0.2032,1.6002,112.91,4,6,-19.03,0.2032,0.762,0.4572,0.2032,1.3462,1.3462,0.8128,1,10,0,2
B00099,B00099_R1,423,1,2,0.2032,1.9812,114.21,0.2032,1.9812,117.83,6,6,-3.62,2.286,0.2032,0.2032,1.9812,3.8608,3.8608,3.8608,2,30,0,1
B00099,B00099_R2,424,2,2,0.2032,1.9812,114.21,0.2032,1.9812,117.83,6,6,-3.62,1.9812,0.7112,1.6764,2.54,3.556,3.556,3.2512,3,30,1,1
B00100,B00100_R1,425,1,5,0.2032,1.9812,120.04,1.6764,2.54,114.02,6,6,6.02,0.2032,1.143,1.9812,0.7112,1.3462,2.8702,2.7178,1,20,0,1
B00100,B00100_R2,426,2,5,0.2032,1.9812,120.04,1.6764,2.54,114.02,6,6,6.02,2.286,2.54,0.2032,1.6002,2.6416,1.1176,3.0226,2,20,1,1
B00100,B00100_R1,427,3,5,0.2032,1.9812,120.04,1.6764,2.54,114.02,6,6,6.02,1.0668,0.2032,0.2032,1.9812,2.6416,2.9464,2.6416,2,10,0,2
B00100,B00100_R2,428,4,5,0.2032,1.9812,120.04,1.6764,2.54,114.02,6,6,6.02,0.2032,0.762,1.9812,2.032,1.7272,3.2512,3.556,1,30,1,2
B00100,B00100_R1,429,5,5,0.2032,1.9812,120.04,1.6764,2.54,114.02,6,6,6.02,0.2032,0.762,2.54,1.6002,1.7272,3.2512,3.175,1,10,0,3
B00101,B00101_R2,430,1,3,2.54,1.6002,155.6,1.9812,2.032,129.65,7,6,25.95,1.6764,2.54,0.2032,1.9812,1.8034,0.8128,2.032,2,30,1,1
B00101,B00101_R1,431,2,3,2.54,1.6002,155.6,1.9812,2.032,129.65,7,6,25.95,1.9812,0.7112,0.2032,1.9812,1.9558,2.9464,3.556,2,10,0,1
B00101,B00101_R2,432,3,3,2.54,1.6002,155.6,1.9812,2.032,129.65,7,6,25.95,0.2032,1.143,1.9812,2.032,2.794,3.175,3.175,1,20,1,2
B00102,B00102_R2,433,1,5,0.2032,1.9812,150.9,1.9812,2.032,138.87,6,6,12.03,0.4572,2.54,0.2032,1.9812,0.8128,2.032,0.8128,2,20,1,1
B00102,B00102_R2,434,2,5,0.2032,1.9812,150.9,1.9812,2.032,138.87,6,6,12.03,0.2032,1.143,0.762,0.7112,1.3462,3.175,1.4986,1,20,1,2
B00102,B00102_R2,435,3,5,0.2032,1.9812,150.9,1.9812,2.032,138.87,6,6,12.03,0.2032,0.762,2.54,1.143,1.7272,3.556,2.7178,1,10,1,3
B00102,B00102_R1,436,4,5,0.2032,1.9812,150.9,1.9812,2.032,138.87,6,6,12.03,2.286,0.2032,0.2032,1.9812,3.8608,2.6416,3.8608,2,30,0,2
B00102,B00102_R1,437,5,5,0.2032,1.9812,150.9,1.9812,2.032,138.87,6,6,12.03,0.2032,1.143,2.54,1.143,1.3462,3.175,2.3368,1,10,0,1
B00103,B00103_R2,438,1,1,0.2032,1.9812,159.71,2.54,1.143,144.37,7,7,15.34,0.2032,0.762,1.0668,2.54,1.7272,2.7178,2.6416,1,30,1,1
B00104,B00104_R1,439,1,2,0.2032,1.9812,113.03,1.0668,2.54,140.88,5,7,-27.85,1.9812,0.2032,2.54,1.143,3.556,3.2512,1.4986,3,20,0,2
B00104,B00104_R1,440,2,2,0.2032,1.9812,113.03,1.0668,2.54,140.88,5,7,-27.85,0.2032,1.143,1.0668,2.032,1.3462,2.2606,2.2606,1,20,0,1
B00105,B00105_R2,441,1,7,2.54,1.143,70.94,1.0668,2.54,65.53,3,3,5.41,0.4572,2.54,1.0668,0.2032,3.4798,1.1176,2.9464,3,20,1,1
B00105,B00105_R1,442,2,7,2.54,1.143,70.94,1.0668,2.54,65.53,3,3,5.41,0.2032,0.762,2.286,2.54,2.7178,2.6416,3.8608,1,20,0,3
B00105,B00105_R1,443,3,7,2.54,1.143,70.94,1.0668,2.54,65.53,3,3,5.41,2.286,2.54,1.6764,0.2032,1.651,1.7272,2.9464,3,10,0,1
B00105,B00105_R1,444,4,7,2.54,1.143,70.94,1.0668,2.54,65.53,3,3,5.41,0.2032,0.762,1.9812,0.7112,2.7178,2.6416,2.3368,1,20,0,2
B00105,B00105_R2,445,5,7,2.54,1.143,70.94,1.0668,2.54,65.53,3,3,5.41,0.2032,0.762,1.0668,0.2032,2.7178,2.6416,1.4224,1,30,1,2
B00105,B00105_R2,446,6,7,2.54,1.143,70.94,1.0668,2.54,65.53,3,3,5.41,0.2032,1.143,1.9812,0.7112,2.3368,2.2606,2.7178,1,10,1,4
B00105,B00105_R2,447,7,7,2.54,1.143,70.94,1.0668,2.54,65.53,3,3,5.41,0.762,0.2032,0.2032,1.9812,2.7178,3.2512,2.3368,2,10,1,3
B00106,B00106_R2,448,1,3,2.286,2.54,114.53,1.9812,0.7112,106.9,5,5,7.63,1.9812,0.7112,0.762,0.7112,2.6416,0.0,1.7272,3,30,1,2
B00106,B00106_R2,449,2,3,2.286,2.54,114.53,1.9812,0.7112,106.9,5,5,7.63,2.286,0.2032,1.9812,0.2032,2.3368,0.8128,0.8128,3,10,1,1
B00106,B00106_R1,450,3,3,2.286,2.54,114.53,1.9812,0.7112,106.9,5,5,7.63,2.54,1.9812,0.2032,1.6002,0.8128,2.3368,2.7178,2,30,0,1
B00107,B00107_R2,451,1,5,0.2032,1.6002,88.28,0.762,0.7112,99.57,4,6,-11.29,0.762,0.7112,1.6764,2.032,1.9558,0.0,3.2512,3,10,1,2
B00107,B00107_R1,452,2,5,0.2032,1.6002,88.28,0.762,0.7112,99.57,4,6,-11.29,0.762,2.54,1.9812,2.54,1.4986,2.9464,1.7272,3,20,0,3
B00107,B00107_R1,453,3,5,0.2032,1.6002,88.28,0.762,0.7112,99.57,4,6,-11.29,0.2032,1.143,0.4572,2.54,0.9652,1.4986,1.651,1,10,0,1
B00107,B00107_R2,454,4,5,0.2032,1.6002,88.28,0.762,0.7112,99.57,4,6,-11.29,0.762,0.7112,0.2032,1.9812,1.9558,0.0,2.3368,2,30,1,1
B00107,B00107_R1,455,5,5,0.2032,1.6002,88.28,0.762,0.7112,99.57,4,6,-11.29,0.762,2.54,0.2032,1.9812,1.4986,2.9464,1.1176,2,20,0,2
B00108,B00108_R1,456,1,2,1.9812,2.54,97.58,1.6764,2.032,108.79,5,6,-11.21,2.54,1.9812,0.2032,1.9812,1.1176,1.4224,2.9464,2,20,0,1
B00108,B00108_R2,457,2,2,1.9812,2.54,97.58,1.6764,2.032,108.79,5,6,-11.21,0.2032,1.143,2.54,1.143,3.175,2.8702,2.3368,1,20,1,1
B00109,B00109_R2,458,1,6,0.2032,1.9812,46.68,2.54,1.143,69.83,3,3,-23.15,0.2032,0.762,2.54,1.6002,1.7272,2.7178,3.175,1,30,1,2
B00109,B00109_R1,459,2,6,0.2032,1.9812,46.68,2.54,1.143,69.83,3,3,-23.15,2.54,0.762,0.2032,1.9812,3.556,0.889,3.556,2,10,0,2
B00109,B00109_R1,460,3,6,0.2032,1.9812,46.68,2.54,1.143,69.83,3,3,-23.15,0.2032,0.762,2.54,0.762,1.7272,2.7178,2.9464,1,10,0,3
B00109,B00109_R1,461,4,6,0.2032,1.9812,46.68,2.54,1.143,69.83,3,3,-23.15,1.9812,0.7112,0.2032,1.6002,3.556,1.4986,3.175,2,20,0,4
B00109,B00109_R1,462,5,6,0.2032,1.9812,46.68,2.54,1.143,69.83,3,3,-23.15,0.2032,0.762,2.54,0.762,1.7272,2.7178,2.9464,1,10,0,1
B00109,B00109_R2,463,6,6,0.2032,1.9812,46.68,2.54,1.143,69.83,3,3,-23.15,1.9812,2.032,0.2032,1.6002,2.3368,1.9558,2.7178,2,30,1,1
B00110,B00110_R2,464,1,4,0.2032,1.6002,113.92,2.54,1.6002,90.68,5,4,23.24,2.54,1.6002,1.9812,2.54,2.3368,0.0,1.4986,3,10,1,1
B00110,B00110_R2,465,2,4,0.2032,1.6002,113.92,2.54,1.6002,90.68,5,4,23.24,0.762,2.54,1.6764,2.54,1.4986,2.7178,1.4224,3,20,1,3
B00110,B00110_R1,466,3,4,0.2032,1.6002,113.92,2.54,1.6002,90.68,5,4,23.24,1.9812,0.7112,0.2032,1.6002,3.175,1.9558,3.175,2,10,0,1
B00110,B00110_R2,467,4,4,0.2032,1.6002,113.92,2.54,1.6002,90.68,5,4,23.24,1.0668,2.54,0.2032,1.9812,1.8034,2.413,1.4224,2,10,1,2
B00111,B00111_R1,468,1,5,0.2032,1.6002,98.5,1.6764,2.54,87.96,4,5,10.54,0.2032,1.143,1.6764,2.54,0.9652,2.8702,2.8702,1,20,0,2
B00111,B00111_R1,469,2,5,0.2032,1.6002,98.5,1.6764,2.54,87.96,4,5,10.54,0.2032,1.143,1.9812,0.2032,0.9652,2.8702,2.7178,1,10,0,1
B00111,B00111_R2,470,3,5,0.2032,1.6002,98.5,1.6764,2.54,87.96,4,5,10.54,0.2032,0.762,2.54,1.143,1.3462,3.2512,2.7178,1,10,1,3
B00111,B00111_R2,471,4,5,0.2032,1.6002,98.5,1.6764,2.54,87.96,4,5,10.54,0.2032,0.762,1.6764,0.7112,1.3462,3.2512,2.032,1,30,1,2
B00111,B00111_R2,472,5,5,0.2032,1.6002,98.5,1.6764,2.54,87.96,4,5,10.54,0.2032,1.143,0.4572,2.54,0.9652,2.8702,1.651,1,20,1,1
B00112,B00112_R2,473,1,3,1.6764,2.54,28.06,2.54,1.143,56.31,1,3,-28.25,0.2032,1.143,1.9812,0.2032,2.8702,2.3368,2.7178,1,30,1,1
B00112,B00112_R1,474,2,3,1.6764,2.54,28.06,2.54,1.143,56.31,1,3,-28.25,0.2032,0.762,1.6764,0.7112,3.2512,2.7178,2.032,1,10,0,1
B00112,B00112_R1,475,3,3,1.6764,2.54,28.06,2.54,1.143,56.31,1,3,-28.25,0.2032,0.762,1.0668,2.032,3.2512,2.7178,2.6416,1,30,0,2
B00113,B00113_R1,476,1,4,1.0668,2.032,35.47,1.9812,0.2032,48.49,2,2,-13.02,1.0668,2.54,0.2032,1.6002,0.508,3.2512,1.8034,2,30,0,2
B00113,B00113_R1,477,2,4,1.0668,2.032,35.47,1.9812,0.2032,48.49,2,2,-13.02,0.762,2.54,2.286,0.2032,0.8128,3.556,3.8608,3,20,0,3
B00113,B00113_R2,478,3,4,1.0668,2.032,35.47,1.9812,0.2032,48.49,2,2,-13.02,0.2032,0.762,1.9812,0.2032,2.6416,2.3368,2.3368,1,30,1,1
B00113,B00113_R1,479,4,4,1.0668,2.032,35.47,1.9812,0.2032,48.49,2,2,-13.02,1.0668,2.032,0.2032,1.9812,0.0,3.2512,1.4224,2,30,0,1
B00114,B00114_R1,480,1,4,2.286,0.2032,54.5,1.9812,0.2032,24.45,3,1,30.05,0.4572,0.2032,1.0668,2.54,2.3368,2.032,2.9464,3,30,0,1
B00114,B00114_R2,481,2,4,2.286,0.2032,54.5,1.9812,0.2032,24.45,3,1,30.05,0.2032,0.762,1.9812,0.2032,2.6416,2.3368,2.3368,1,10,1,3
B00114,B00114_R2,482,3,4,2.286,0.2032,54.5,1.9812,0.2032,24.45,3,1,30.05,1.6764,0.7112,0.2032,1.6002,1.1176,0.8128,2.8702,2,30,1,1
B00114,B00114_R2,483,4,4,2.286,0.2032,54.5,1.9812,0.2032,24.45,3,1,30.05,0.762,2.54,0.2032,1.6002,3.8608,3.556,1.4986,2,30,1,2
B00115,B00115_R1,484,1,7,1.0668,2.54,54.02,1.9812,0.2032,52.7,2,3,1.32,2.54,1.9812,0.2032,1.9812,2.032,2.3368,2.9464,2,10,0,1
B00115,B00115_R2,485,2,7,1.0668,2.54,54.02,1.9812,0.2032,52.7,2,3,1.32,2.286,0.2032,0.2032,1.6002,3.556,0.8128,3.4798,2,30,1,3
B00115,B00115_R2,486,3,7,1.0668,2.54,54.02,1.9812,0.2032,52.7,2,3,1.32,0.2032,1.143,1.9812,0.7112,2.2606,2.7178,2.7178,1,10,1,4
B00115,B00115_R2,487,4,7,1.0668,2.54,54.02,1.9812,0.2032,52.7,2,3,1.32,0.2032,1.143,2.286,0.2032,2.2606,2.7178,3.0226,1,20,1,2
B00115,B00115_R1,488,5,7,1.0668,2.54,54.02,1.9812,0.2032,52.7,2,3,1.32,0.2032,1.143,2.286,2.54,2.2606,2.7178,3.4798,1,20,0,3
B00115,B00115_R1,489,6,7,1.0668,2.54,54.02,1.9812,0.2032,52.7,2,3,1.32,0.2032,1.143,1.0668,2.032,2.2606,2.7178,2.2606,1,10,0,2
B00115,B00115_R2,490,7,7,1.0668,2.54,54.02,1.9812,0.2032,52.7,2,3,1.32,2.54,0.762,0.2032,1.6002,3.2512,1.1176,3.175,2,10,1,1
B00116,B00116_R1,491,1,7,2.286,2.54,80.96,1.9812,0.7112,97.18,4,5,-16.22,1.6764,2.54,0.2032,1.6002,1.1176,3.2512,2.413,2,30,0,1
B00116,B00116_R2,492,2,7,2.286,2.54,80.96,1.9812,0.7112,97.18,4,5,-16.22,0.2032,0.762,1.0668,2.54,3.8608,2.3368,2.6416,1,20,1,3
B00116,B00116_R2,493,3,7,2.286,2.54,80.96,1.9812,0.7112,97.18,4,5,-16.22,0.2032,0.762,0.762,0.7112,3.8608,2.3368,1.1176,1,10,1,2
B00116,B00116_R1,494,4,7,2.286,2.54,80.96,1.9812,0.7112,97.18,4,5,-16.22,0.2032,0.762,1.6764,0.2032,3.8608,2.3368,2.032,1,10,0,2
B00116,B00116_R1,495,5,7,2.286,2.54,80.96,1.9812,0.7112,97.18,4,5,-16.22,0.2032,1.143,1.9812,0.2032,3.4798,2.7178,2.7178,1,10,0,4
B00116,B00116_R1,496,6,7,2.286,2.54,80.96,1.9812,0.7112,97.18,4,5,-16.22,1.6764,0.2032,0.2032,1.9812,2.9464,0.8128,3.2512,2,20,0,3
B00116,B00116_R2,497,7,7,2.286,2.54,80.96,1.9812,0.7112,97.18,4,5,-16.22,2.286,0.2032,0.2032,1.6002,2.3368,0.8128,3.4798,2,20,1,1
B00117,B00117_R1,498,1,5,1.9812,0.2032,80.15,1.0668,2.54,80.05,4,4,0.1,1.6764,0.7112,1.9812,2.032,0.8128,2.9464,3.2512,3,10,0,2
B00117,B00117_R1,499,2,5,1.9812,0.2032,80.15,1.0668,2.54,80.05,4,4,0.1,2.54,1.6002,0.2032,1.9812,1.9558,2.413,2.7178,2,10,0,3
B00117,B00117_R2,500,3,5,1.9812,0.2032,80.15,1.0668,2.54,80.05,4,4,0.1,0.2032,1.143,1.0668,0.2032,2.7178,2.2606,1.8034,1,20,1,1
B00117,B00117_R1,501,4,5,1.9812,0.2032,80.15,1.0668,2.54,80.05,4,4,0.1,1.6764,0.2032,1.9812,0.7112,0.8128,2.9464,0.8128,3,30,0,1
B00117,B00117_R2,502,5,5,1.9812,0.2032,80.15,1.0668,2.54,80.05,4,4,0.1,1.6764,0.7112,0.2032,1.9812,0.8128,2.9464,3.2512,2,30,1,2
B00118,B00118_R1,503,1,1,0.2032,1.9812,97.97,0.2032,1.9812,98.6,5,5,-0.63,0.2032,1.143,1.9812,2.54,1.3462,1.3462,3.175,1,30,0,1
B00119,B00119_R2,504,1,2,1.9812,2.54,94.68,0.2032,1.9812,58.72,5,3,35.96,0.2032,0.762,1.6764,2.54,3.556,1.7272,3.2512,1,10,1,2
B00119,B00119_R2,505,2,2,1.9812,2.54,94.68,0.2032,1.9812,58.72,5,3,35.96,1.0668,0.2032,0.2032,1.9812,3.2512,2.6416,2.6416,2,20,1,1
B00120,B00120_R1,506,1,5,1.9812,2.54,62.32,1.6764,2.54,75.76,3,3,-13.44,0.4572,2.54,0.2032,1.6002,2.032,1.7272,1.1938,2,20,0,1
B00120,B00120_R1,507,2,5,1.9812,2.54,62.32,1.6764,2.54,75.76,3,3,-13.44,0.2032,1.143,2.54,1.143,3.175,2.8702,2.3368,1,10,0,2
B00120,B00120_R2,508,3,5,1.9812,2.54,62.32,1.6764,2.54,75.76,3,3,-13.44,0.2032,1.143,2.54,1.9812,3.175,2.8702,3.175,1,30,1,2
B00120,B00120_R1,509,4,5,1.9812,2.54,62.32,1.6764,2.54,75.76,3,3,-13.44,0.2032,1.143,2.54,1.9812,3.175,2.8702,3.175,1,10,0,3
B00120,B00120_R2,510,5,5,1.9812,2.54,62.32,1.6764,2.54,75.76,3,3,-13.44,0.2032,1.143,0.4572,0.2032,3.175,2.8702,1.1938,1,10,1,1
B00121,B00121_R2,511,1,1,2.54,1.9812,89.37,2.54,1.9812,73.94,4,4,15.43,1.6764,2.54,0.2032,1.6002,1.4224,1.4224,2.413,2,30,1,1
B00122,B00122_R1,512,1,4,2.54,1.9812,46.79,0.2032,1.6002,52.1,2,3,-5.31,1.6764,2.032,0.4572,2.54,1.4224,2.413,1.7272,3,30,0,2
B00122,B00122_R2,513,2,4,2.54,1.9812,46.79,0.2032,1.6002,52.1,2,3,-5.31,0.2032,1.143,1.6764,0.7112,3.175,0.9652,2.413,1,20,1,1
B00122,B00122_R1,514,3,4,2.54,1.9812,46.79,0.2032,1.6002,52.1,2,3,-5.31,2.286,2.54,0.2032,1.9812,0.8128,3.0226,2.6416,2,20,0,1
B00122,B00122_R2,515,4,4,2.54,1.9812,46.79,0.2032,1.6002,52.1,2,3,-5.31,0.4572,0.2032,0.2032,1.9812,3.8608,1.651,2.032,2,10,1,2
B00123,B00123_R1,516,1,5,0.4572,2.54,56.01,0.2032,1.9812,59.11,3,3,-3.1,0.762,2.54,0.2032,1.6002,0.8128,1.1176,1.4986,2,20,0,1
B00123,B00123_R2,517,2,5,0.4572,2.54,56.01,0.2032,1.9812,59.11,3,3,-3.1,0.762,2.54,0.2032,1.6002,0.8128,1.1176,1.4986,2,20,1,1
B00123,B00123_R1,518,3,5,0.4572,2.54,56.01,0.2032,1.9812,59.11,3,3,-3.1,2.286,2.54,1.6764,0.7112,2.3368,2.6416,2.9464,3,30,0,3
B00123,B00123_R1,519,4,5,0.4572,2.54,56.01,0.2032,1.9812,59.11,3,3,-3.1,0.2032,1.143,1.0668,2.54,1.651,1.3462,2.2606,1,10,0,2
B00123,B00123_R2,520,5,5,0.4572,2.54,56.01,0.2032,1.9812,59.11,3,3,-3.1,2.54,1.6002,0.2032,1.9812,3.0226,2.7178,2.7178,2,20,1,2
B00124,B00124_R2,521,1,5,1.6764,0.7112,68.12,0.2032,1.9812,63.12,4,3,5.0,0.4572,2.54,0.2032,1.9812,3.556,0.8128,0.8128,2,30,1,1
B00124,B00124_R2,522,2,5,1.6764,0.7112,68.12,0.2032,1.9812,63.12,4,3,5.0,0.762,2.032,0.2032,1.9812,3.2512,1.1176,1.1176,2,10,1,2
B00124,B00124_R2,523,3,5,1.6764,0.7112,68.12,0.2032,1.9812,63.12,4,3,5.0,2.54,1.6002,0.4572,0.2032,2.2606,2.7178,3.4798,3,10,1,3
B00124,B00124_R1,524,4,5,1.6764,0.7112,68.12,0.2032,1.9812,63.12,4,3,5.0,2.54,1.143,1.9812,2.54,1.8034,3.175,1.9558,3,30,0,2
B00124,B00124_R1,525,5,5,1.6764,0.7112,68.12,0.2032,1.9812,63.12,4,3,5.0,0.762,0.7112,1.0668,0.7112,1.4224,2.3368,0.8128,3,20,0,1
B00125,B00125_R2,526,1,5,1.9812,2.54,81.25,0.4572,0.2032,90.36,4,5,-9.11,0.2032,0.762,2.286,2.54,3.556,0.8128,3.8608,1,10,1,2
B00125,B00125_R1,527,2,5,1.9812,2.54,81.25,0.4572,0.2032,90.36,4,5,-9.11,2.54,0.762,0.2032,1.6002,2.3368,2.6416,3.175,2,30,0,3
B00125,B00125_R2,528,3,5,1.9812,2.54,81.25,0.4572,0.2032,90.36,4,5,-9.11,0.2032,0.762,0.762,2.54,3.556,0.8128,2.3368,1,10,1,1
B00125,B00125_R1,529,4,5,1.9812,2.54,81.25,0.4572,0.2032,90.36,4,5,-9.11,0.2032,0.762,1.9812,0.2032,3.556,0.8128,2.3368,1,20,0,2
B00125,B00125_R1,530,5,5,1.9812,2.54,81.25,0.4572,0.2032,90.36,4,5,-9.11,1.9812,2.032,0.2032,1.9812,0.508,3.8608,2.3368,2,20,0,1
B00126,B00126_R2,531,1,3,0.2032,1.6002,72.93,2.286,2.54,65.63,4,3,7.3,1.6764,2.54,0.2032,1.6002,2.413,1.1176,2.413,2,20,1,1
B00126,B00126_R1,532,2,3,0.2032,1.6002,72.93,2.286,2.54,65.63,4,3,7.3,0.2032,1.143,1.0668,2.54,0.9652,3.4798,2.2606,1,20,0,1
B00126,B00126_R2,533,3,3,0.2032,1.6002,72.93,2.286,2.54,65.63,4,3,7.3,0.2032,1.143,0.762,2.54,0.9652,3.4798,1.9558,1,10,1,2
B00127,B00127_R2,534,1,2,1.0668,2.54,59.4,0.762,2.54,67.93,3,3,-8.53,0.2032,1.143,1.0668,2.032,2.2606,1.9558,2.2606,1,30,1,1
B00127,B00127_R1,535,2,2,1.0668,2.54,59.4,0.762,2.54,67.93,3,3,-8.53,0.2032,1.143,2.54,1.6002,2.2606,1.9558,2.794,1,10,0,1
B00128,B00128_R1,536,1,1,2.54,1.6002,44.68,1.0668,2.032,51.69,2,3,-7.01,0.2032,1.143,1.6764,2.032,2.794,2.2606,2.8702,1,10,0,1
B00129,B00129_R1,537,1,3,1.6764,2.032,42.39,1.0668,2.032,11.92,2,1,30.47,0.2032,0.762,1.9812,0.2032,3.2512,2.6416,2.3368,1,30,0,1
B00129,B00129_R2,538,2,3,1.6764,2.032,42.39,1.0668,2.032,11.92,2,1,30.47,0.2032,1.143,0.4572,2.54,2.8702,2.2606,1.651,1,30,1,1
B00129,B00129_R2,539,3,3,1.6764,2.032,42.39,1.0668,2.032,11.92,2,1,30.47,0.2032,0.762,2.54,1.143,3.2512,2.6416,2.7178,1,20,1,2
B00130,B00130_R2,540,1,6,1.9812,0.2032,0.0,2.54,1.143,0.0,0,0,0.0,2.286,0.2032,0.2032,1.6002,0.8128,1.1938,3.4798,2,10,1,1
B00130,B00130_R1,541,2,6,1.9812,0.2032,0.0,2.54,1.143,0.0,0,0,0.0,0.4572,0.2032,0.2032,1.9812,2.032,3.0226,2.032,2,30,0,2
B00130,B00130_R1,542,3,6,1.9812,0.2032,0.0,2.54,1.143,0.0,0,0,0.0,1.6764,0.2032,1.0668,0.2032,0.8128,1.8034,1.1176,3,10,0,1
B00130,B00130_R2,543,4,6,1.9812,0.2032,0.0,2.54,1.143,0.0,0,0,0.0,1.9812,2.032,0.2032,1.6002,2.9464,1.9558,2.7178,2,20,1,3
B00130,B00130_R2,544,5,6,1.9812,0.2032,0.0,2.54,1.143,0.0,0,0,0.0,0.2032,1.143,0.762,2.032,2.7178,2.3368,1.9558,1,10,1,2
B00130,B00130_R1,545,6,6,1.9812,0.2032,0.0,2.54,1.143,0.0,0,0,0.0,0.2032,1.143,1.6764,2.032,2.7178,2.3368,2.8702,1,30,0,3
B00131,B00131_R2,546,1,6,1.6764,2.032,33.66,0.2032,1.6002,34.27,2,2,-0.61,0.2032,0.762,1.6764,0.7112,3.2512,1.3462,2.032,1,10,1,1
B00131,B00131_R1,547,2,6,1.6764,2.032,33.66,0.2032,1.6002,34.27,2,2,-0.61,2.286,2.54,0.2032,1.6002,1.1176,3.0226,3.0226,2,30,0,1
B00131,B00131_R1,548,3,6,1.6764,2.032,33.66,0.2032,1.6002,34.27,2,2,-0.61,0.4572,2.54,0.2032,1.9812,1.7272,1.1938,0.8128,2,10,0,2
B00131,B00131_R1,549,4,6,1.6764,2.032,33.66,0.2032,1.6002,34.27,2,2,-0.61,1.0668,2.032,1.6764,0.2032,1.1176,1.8034,2.9464,3,30,0,3
B00131,B00131_R2,550,5,6,1.6764,2.032,33.66,0.2032,1.6002,34.27,2,2,-0.61,0.2032,0.762,2.54,1.143,3.2512,1.3462,2.7178,1,30,1,3
B00131,B00131_R2,551,6,6,1.6764,2.032,33.66,0.2032,1.6002,34.27,2,2,-0.61,0.762,0.2032,0.2032,1.6002,3.2512,1.9558,1.9558,2,30,1,2
B00132,B00132_R2,552,1,3,1.6764,0.2032,52.1,2.54,1.143,56.4,3,3,-4.3,2.286,2.54,0.2032,1.6002,2.9464,1.651,3.0226,2,20,1,1
B00132,B00132_R2,553,2,3,1.6764,0.2032,52.1,2.54,1.143,56.4,3,3,-4.3,0.2032,1.143,1.6764,0.2032,2.413,2.3368,2.413,1,20,1,2
B00132,B00132_R1,554,3,3,1.6764,0.2032,52.1,2.54,1.143,56.4,3,3,-4.3,2.286,2.54,0.2032,1.6002,2.9464,1.651,3.0226,2,20,0,1
B00133,B00133_R1,555,1,2,0.2032,1.6002,52.81,1.6764,0.2032,65.83,2,3,-13.02,2.54,1.143,0.2032,1.9812,2.794,1.8034,3.175,2,30,0,1
B00133,B00133_R2,556,2,2,0.2032,1.6002,52.81,1.6764,0.2032,65.83,2,3,-13.02,1.9812,0.7112,1.6764,0.2032,3.175,0.8128,0.8128,3,30,1,1
B00134,B00134_R2,557,1,7,0.2032,1.9812,37.17,1.6764,0.2032,45.69,2,3,-8.52,2.54,0.762,0.2032,1.9812,3.556,1.4224,3.556,2,20,1,3
B00134,B00134_R1,558,2,7,0.2032,1.9812,37.17,1.6764,0.2032,45.69,2,3,-8.52,0.2032,1.143,2.54,0.762,1.3462,2.413,2.7178,1,10,0,4
B00134,B00134_R2,559,3,7,0.2032,1.9812,37.17,1.6764,0.2032,45.69,2,3,-8.52,0.2032,0.762,1.0668,0.2032,1.7272,2.032,1.4224,1,10,1,1
B00134,B00134_R1,560,4,7,0.2032,1.9812,37.17,1.6764,0.2032,45.69,2,3,-8.52,1.9812,2.032,2.54,1.9812,2.3368,3.2512,1.1176,3,30,0,2
B00134,B00134_R2,561,5,7,0.2032,1.9812,37.17,1.6764,0.2032,45.69,2,3,-8.52,0.2032,0.762,1.0668,0.7112,1.7272,2.032,1.4224,1,30,1,2
B00134,B00134_R1,562,6,7,0.2032,1.9812,37.17,1.6764,0.2032,45.69,2,3,-8.52,0.2032,1.143,1.9812,2.54,1.3462,2.413,3.175,1,30,0,1
B00134,B00134_R1,563,7,7,0.2032,1.9812,37.17,1.6764,0.2032,45.69,2,3,-8.52,1.6764,2.032,0.2032,1.6002,2.032,2.9464,2.413,2,30,0,3
B00135,B00135_R1,564,1,2,2.54,0.762,69.63,0.2032,1.9812,71.14,4,4,-1.51,2.54,1.6002,0.2032,1.6002,1.3462,2.7178,2.3368,2,30,0,1
B00135,B00135_R2,565,2,2,2.54,0.762,69.63,0.2032,1.9812,71.14,4,4,-1.51,0.762,0.2032,0.2032,1.9812,2.3368,2.3368,2.3368,2,20,1,1
B00136,B00136_R1,566,1,5,0.2032,1.6002,57.61,0.2032,1.9812,66.33,3,3,-8.72,0.2032,1.143,1.0668,0.7112,0.9652,1.3462,1.8034,1,20,0,1
B00136,B00136_R2,567,2,5,0.2032,1.6002,57.61,0.2032,1.9812,66.33,3,3,-8.72,2.54,0.762,2.54,1.143,3.175,3.556,0.889,3,20,1,1
B00136,B00136_R2,568,3,5,0.2032,1.6002,57.61,0.2032,1.9812,66.33,3,3,-8.72,2.286,2.54,0.2032,1.9812,3.0226,2.6416,2.6416,2,10,1,2
B00136,B00136_R1,569,4,5,0.2032,1.6002,57.61,0.2032,1.9812,66.33,3,3,-8.72,2.286,2.54,0.2032,1.9812,3.0226,2.6416,2.6416,2,20,0,3
B00136,B00136_R1,570,5,5,0.2032,1.6002,57.61,0.2032,1.9812,66.33,3,3,-8.72,1.0668,0.2032,0.2032,1.6002,2.2606,2.6416,2.2606,2,20,0,2
B00137,B00137_R2,571,1,6,0.2032,1.9812,82.76,0.2032,1.9812,70.94,4,3,11.82,0.2032,0.762,0.4572,0.2032,1.7272,1.7272,0.8128,1,10,1,2
B00137,B00137_R1,572,2,6,0.2032,1.9812,82.76,0.2032,1.9812,70.94,4,3,11.82,2.54,1.6002,0.2032,1.9812,2.7178,2.7178,2.7178,2,30,0,2
B00137,B00137_R2,573,3,6,0.2032,1.9812,82.76,0.2032,1.9812,70.94,4,3,11.82,0.2032,1.143,1.9812,0.7112,1.3462,1.3462,2.7178,1,10,1,3
B00137,B00137_R2,574,4,6,0.2032,1.9812,82.76,0.2032,1.9812,70.94,4,3,11.82,0.2032,0.762,0.4572,0.2032,1.7272,1.7272,0.8128,1,20,1,1
B00137,B00137_R2,575,5,6,0.2032,1.9812,82.76,0.2032,1.9812,70.94,4,3,11.82,1.9812,0.7112,0.2032,1.6002,3.556,3.556,3.175,2,10,1,4
B00137,B00137_R1,576,6,6,0.2032,1.9812,82.76,0.2032,1.9812,70.94,4,3,11.82,1.9812,2.54,0.2032,1.6002,2.3368,2.3368,2.7178,2,30,0,1
B00138,B00138_R1,577,1,6,0.2032,1.9812,97.19,0.2032,1.6002,97.87,4,6,-0.68,0.2032,0.762,1.6764,0.2032,1.7272,1.3462,2.032,1,20,0,2
B00138,B00138_R2,578,2,6,0.2032,1.9812,97.19,0.2032,1.6002,97.87,4,6,-0.68,1.9812,2.032,0.2032,1.6002,2.3368,2.7178,2.7178,2,10,1,2
B00138,B00138_R2,579,3,6,0.2032,1.9812,97.19,0.2032,1.6002,97.87,4,6,-0.68,0.2032,1.143,1.9812,2.54,1.3462,0.9652,3.175,1,10,1,1
B00138,B00138_R2,580,4,6,0.2032,1.9812,97.19,0.2032,1.6002,97.87,4,6,-0.68,1.0668,0.7112,0.2032,1.6002,2.6416,2.2606,2.2606,2,30,1,3
B00138,B00138_R1,581,5,6,0.2032,1.9812,97.19,0.2032,1.6002,97.87,4,6,-0.68,2.54,0.762,0.2032,1.9812,3.556,3.175,3.556,2,20,0,3
B00138,B00138_R1,582,6,6,0.2032,1.9812,97.19,0.2032,1.6002,97.87,4,6,-0.68,1.0668,2.54,0.762,0.7112,1.4224,1.8034,3.2512,3,20,0,1
B00139,B00139_R1,583,1,2,0.2032,1.9812,133.86,0.2032,1.6002,123.52,6,7,10.34,1.0668,2.032,0.2032,1.9812,1.4224,1.8034,1.4224,2,10,0,1
B00139,B00139_R2,584,2,2,0.2032,1.9812,133.86,0.2032,1.6002,123.52,6,7,10.34,0.4572,0.2032,1.9812,0.7112,2.032,1.651,2.032,3,10,1,1
B00140,B00140_R1,585,1,6,0.2032,1.9812,111.71,1.9812,0.7112,125.43,5,6,-13.72,0.2032,0.762,0.762,0.7112,1.7272,2.3368,1.1176,1,10,0,4
B00140,B00140_R1,586,2,6,0.2032,1.9812,111.71,1.9812,0.7112,125.43,5,6,-13.72,0.2032,0.762,0.762,0.7112,1.7272,2.3368,1.1176,1,30,0,2
B00140,B00140_R2,587,3,6,0.2032,1.9812,111.71,1.9812,0.7112,125.43,5,6,-13.72,0.2032,0.762,1.0668,0.7112,1.7272,2.3368,1.4224,1,30,1,2
B00140,B00140_R1,588,4,6,0.2032,1.9812,111.71,1.9812,0.7112,125.43,5,6,-13.72,0.2032,0.762,0.762,0.2032,1.7272,2.3368,1.1176,1,30,0,3
B00140,B00140_R1,589,5,6,0.2032,1.9812,111.71,1.9812,0.7112,125.43,5,6,-13.72,0.762,2.032,0.4572,2.54,1.1176,3.556,0.8128,3,30,0,1
B00140,B00140_R2,590,6,6,0.2032,1.9812,111.71,1.9812,0.7112,125.43,5,6,-13.72,2.286,2.54,0.2032,1.6002,2.6416,2.6416,3.0226,2,10,1,1
B00141,B00141_R2,591,1,7,0.762,0.7112,123.0,1.0668,0.7112,130.75,7,6,-7.75,0.762,2.54,0.2032,1.6002,2.9464,3.2512,1.4986,2,30,1,2
B00141,B00141_R1,592,2,7,0.762,0.7112,123.0,1.0668,0.7112,130.75,7,6,-7.75,0.762,2.54,1.0668,0.2032,2.9464,3.2512,3.2512,3,30,0,4
B00141,B00141_R1,593,3,7,0.762,0.7112,123.0,1.0668,0.7112,130.75,7,6,-7.75,1.6764,0.2032,0.4572,2.54,1.4224,1.1176,3.556,3,20,0,3
B00141,B00141_R1,594,4,7,0.762,0.7112,123.0,1.0668,0.7112,130.75,7,6,-7.75,0.4572,0.2032,0.2032,1.6002,0.8128,1.1176,1.651,2,20,0,1
B00141,B00141_R1,595,5,7,0.762,0.7112,123.0,1.0668,0.7112,130.75,7,6,-7.75,0.2032,1.143,1.0668,0.2032,1.4986,1.8034,1.8034,1,30,0,2
B00141,B00141_R2,596,6,7,0.762,0.7112,123.0,1.0668,0.7112,130.75,7,6,-7.75,1.0668,0.7112,0.2032,1.9812,0.8128,0.0,2.6416,2,30,1,1
B00141,B00141_R2,597,7,7,0.762,0.7112,123.0,1.0668,0.7112,130.75,7,6,-7.75,2.286,2.54,0.2032,1.9812,3.8608,3.556,2.6416,2,10,1,3
B00142,B00142_R2,598,1,4,1.0668,0.2032,133.43,0.2032,1.9812,117.43,8,6,16.0,0.2032,1.143,0.762,0.7112,1.8034,1.3462,1.4986,1,20,1,2
B00142,B00142_R2,599,2,4,1.0668,0.2032,133.43,0.2032,1.9812,117.43,8,6,16.0,0.4572,2.54,0.2032,1.6002,2.9464,0.8128,1.1938,2,10,1,1
B00142,B00142_R2,600,3,4,1.0668,0.2032,133.43,0.2032,1.9812,117.43,8,6,16.0,0.2032,0.762,0.4572,2.54,1.4224,1.7272,2.032,1,10,1,3
B00142,B00142_R1,601,4,4,1.0668,0.2032,133.43,0.2032,1.9812,117.43,8,6,16.0,1.6764,2.032,0.2032,1.9812,2.9464,2.032,2.032,2,30,0,1
B00143,B00143_R1,602,1,4,0.2032,1.9812,134.44,0.4572,2.54,126.13,7,7,8.31,0.2032,1.143,1.6764,2.54,1.3462,1.651,2.8702,1,30,0,1
B00143,B00143_R2,603,2,4,0.2032,1.9812,134.44,0.4572,2.54,126.13,7,7,8.31,0.4572,2.54,0.2032,1.6002,0.8128,0.0,1.1938,2,10,1,1
B00143,B00143_R1,604,3,4,0.2032,1.9812,134.44,0.4572,2.54,126.13,7,7,8.31,2.54,1.143,0.2032,1.9812,3.175,3.4798,3.175,2,20,0,2
B00143,B00143_R2,605,4,4,0.2032,1.9812,134.44,0.4572,2.54,126.13,7,7,8.31,0.762,0.7112,2.286,2.54,2.3368,2.6416,3.8608,3,20,1,2
B00144,B00144_R2,606,1,3,0.2032,1.9812,132.36,2.286,2.54,101.18,6,6,31.18,0.762,0.7112,2.286,2.54,2.3368,3.8608,3.8608,3,10,1,2
B00144,B00144_R1,607,2,3,0.2032,1.9812,132.36,2.286,2.54,101.18,6,6,31.18,0.2032,0.762,1.0668,0.7112,1.7272,3.8608,1.4224,1,10,0,1
B00144,B00144_R2,608,3,3,0.2032,1.9812,132.36,2.286,2.54,101.18,6,6,31.18,0.2032,0.762,0.4572,0.2032,1.7272,3.8608,0.8128,1,20,1,1
B00145,B00145_R1,609,1,2,1.0668,0.7112,110.01,2.286,2.54,115.92,5,6,-5.91,0.762,0.2032,0.762,2.032,0.8128,3.8608,2.9464,3,10,0,1
B00145,B00145_R2,610,2,2,1.0668,0.7112,110.01,2.286,2.54,115.92,5,6,-5.91,0.2032,0.762,1.6764,0.2032,1.4224,3.8608,2.032,1,20,1,1
B00146,B00146_R1,611,1,4,0.762,2.032,39.27,1.6764,0.2032,78.16,2,3,-38.89,2.54,0.762,0.2032,1.9812,3.556,1.4224,3.556,2,20,0,2
B00146,B00146_R1,612,2,4,0.762,2.032,39.27,1.6764,0.2032,78.16,2,3,-38.89,1.6764,0.7112,2.54,0.762,3.2512,0.508,1.4224,3,20,0,1
B00146,B00146_R2,613,3,4,0.762,2.032,39.27,1.6764,0.2032,78.16,2,3,-38.89,1.0668,0.2032,0.2032,1.6002,3.2512,1.1176,2.2606,2,10,1,1
B00146,B00146_R1,614,4,4,0.762,2.032,39.27,1.6764,0.2032,78.16,2,3,-38.89,0.2032,0.762,1.6764,2.032,2.3368,2.032,3.2512,1,30,0,3
B00147,B00147_R2,615,1,6,1.6764,2.032,84.77,0.2032,1.6002,66.84,4,3,17.93,2.54,0.762,1.6764,0.2032,2.6416,3.175,1.4224,3,10,1,3
B00147,B00147_R1,616,2,6,1.6764,2.032,84.77,0.2032,1.6002,66.84,4,3,17.93,2.286,2.54,0.2032,1.9812,1.1176,3.0226,2.6416,2,10,0,1
B00147,B00147_R2,617,3,6,1.6764,2.032,84.77,0.2032,1.6002,66.84,4,3,17.93,0.2032,1.143,1.6764,0.2032,2.8702,0.9652,2.413,1,10,1,1
B00147,B00147_R1,618,4,6,1.6764,2.032,84.77,0.2032,1.6002,66.84,4,3,17.93,0.2032,0.762,2.54,1.9812,3.2512,1.3462,3.556,1,30,0,2
B00147,B00147_R2,619,5,6,1.6764,2.032,84.77,0.2032,1.6002,66.84,4,3,17.93,1.6764,0.7112,0.2032,1.9812,2.9464,2.8702,3.2512,2,20,1,4
B00147,B00147_R2,620,6,6,1.6764,2.032,84.77,0.2032,1.6002,66.84,4,3,17.93,1.9812,0.2032,1.6764,0.2032,3.2512,3.175,0.8128,3,30,1,2
B00148,B00148_R1,621,1,3,2.54,1.9812,90.39,0.2032,1.9812,85.76,4,5,4.63,1.6764,2.032,2.54,1.6002,1.4224,2.032,1.8034,3,10,0,1
B00148,B00148_R2,622,2,3,2.54,1.9812,90.39,0.2032,1.9812,85.76,4,5,4.63,0.2032,0.762,2.286,0.2032,3.556,1.7272,2.6416,1,10,1,2
B00148,B00148_R2,623,3,3,2.54,1.9812,90.39,0.2032,1.9812,85.76,4,5,4.63,1.0668,2.032,0.2032,1.9812,2.032,1.4224,1.4224,2,30,1,1
B00149,B00149_R1,624,1,3,2.54,1.6002,66.43,2.286,0.2032,90.97,3,5,-24.54,2.54,1.6002,1.6764,0.7112,0.0,1.651,2.2606,3,30,0,1
B00149,B00149_R1,625,2,3,2.54,1.6002,66.43,2.286,0.2032,90.97,3,5,-24.54,1.6764,0.7112,0.762,2.032,2.2606,1.1176,3.2512,3,30,0,2
B00149,B00149_R2,626,3,3,2.54,1.6002,66.43,2.286,0.2032,90.97,3,5,-24.54,2.54,0.762,0.2032,1.6002,1.3462,0.8128,3.175,2,20,1,1
B00150,B00150_R2,627,1,3,0.762,2.032,69.52,0.2032,1.6002,83.06,4,4,-13.54,0.2032,0.762,0.762,2.54,2.3368,1.3462,2.3368,1,20,1,1
B00150,B00150_R1,628,2,3,0.762,2.032,69.52,0.2032,1.6002,83.06,4,4,-13.54,1.9812,2.54,1.0668,2.54,1.7272,2.7178,1.4224,3,20,0,2
B00150,B00150_R1,629,3,3,0.762,2.032,69.52,0.2032,1.6002,83.06,4,4,-13.54,1.0668,2.032,0.762,2.54,0.8128,1.8034,0.8128,3,10,0,1
B00151,B00151_R2,630,1,3,1.0668,2.54,61.6,0.762,2.54,74.14,4,4,-12.54,0.2032,0.762,1.9812,0.2032,2.6416,2.3368,2.3368,1,30,1,1
B00151,B00151_R1,631,2,3,1.0668,2.54,61.6,0.762,2.54,74.14,4,4,-12.54,0.2032,0.762,1.6764,0.2032,2.6416,2.3368,2.032,1,30,0,1
B00151,B00151_R1,632,3,3,1.0668,2.54,61.6,0.762,2.54,74.14,4,4,-12.54,0.2032,0.762,0.4572,2.54,2.6416,2.3368,2.032,1,10,0,2
B00152,B00152_R2,633,1,3,0.4572,2.54,76.33,1.9812,0.2032,63.52,4,3,12.81,0.762,0.2032,0.2032,1.6002,2.6416,1.7272,1.9558,2,20,1,1
B00152,B00152_R1,634,2,3,0.4572,2.54,76.33,1.9812,0.2032,63.52,4,3,12.81,0.2032,0.762,2.54,0.762,2.032,2.3368,2.9464,1,20,0,1
B00152,B00152_R2,635,3,3,0.4572,2.54,76.33,1.9812,0.2032,63.52,4,3,12.81,0.2032,0.762,2.54,1.143,2.032,2.3368,2.7178,1,30,1,2
B00153,B00153_R1,636,1,4,2.54,0.762,72.14,2.54,1.143,67.03,3,3,5.11,0.2032,1.143,2.286,0.2032,2.7178,2.3368,3.0226,1,20,0,2
B00153,B00153_R1,637,2,4,2.54,0.762,72.14,2.54,1.143,67.03,3,3,5.11,1.9812,0.2032,0.2032,1.9812,1.1176,1.4986,3.556,2,10,0,1
B00153,B00153_R2,638,3,4,2.54,0.762,72.14,2.54,1.143,67.03,3,3,5.11,0.2032,0.762,0.762,0.7112,2.9464,2.7178,1.1176,1,10,1,1
B00153,B00153_R2,639,4,4,2.54,0.762,72.14,2.54,1.143,67.03,3,3,5.11,0.4572,0.2032,0.2032,1.6002,2.6416,3.0226,1.651,2,20,1,2
B00154,B00154_R2,640,1,7,2.286,0.2032,84.37,0.2032,1.6002,69.63,4,4,14.74,0.2032,1.143,2.54,1.143,3.0226,0.9652,2.3368,1,10,1,1
B00154,B00154_R1,641,2,7,2.286,0.2032,84.37,0.2032,1.6002,69.63,4,4,14.74,1.9812,0.2032,0.2032,1.6002,0.8128,3.175,3.175,2,10,0,1
B00154,B00154_R1,642,3,7,2.286,0.2032,84.37,0.2032,1.6002,69.63,4,4,14.74,1.6764,2.032,0.4572,0.2032,2.9464,2.413,3.556,3,30,0,3
B00154,B00154_R1,643,4,7,2.286,0.2032,84.37,0.2032,1.6002,69.63,4,4,14.74,0.2032,0.762,2.54,1.6002,2.6416,1.3462,3.175,1,20,0,2
B00154,B00154_R2,644,5,7,2.286,0.2032,84.37,0.2032,1.6002,69.63,4,4,14.74,2.54,0.762,0.2032,1.6002,0.8128,3.175,3.175,2,20,1,2
B00154,B00154_R2,645,6,7,2.286,0.2032,84.37,0.2032,1.6002,69.63,4,4,14.74,0.762,2.54,1.0668,0.7112,3.8608,1.4986,3.2512,3,30,1,3
B00154,B00154_R2,646,7,7,2.286,0.2032,84.37,0.2032,1.6002,69.63,4,4,14.74,0.2032,0.762,2.286,0.2032,2.6416,1.3462,2.6416,1,10,1,4
B00155,B00155_R1,647,1,7,0.4572,0.2032,72.75,2.286,0.2032,87.86,3,4,-15.11,1.0668,2.032,0.762,2.54,2.9464,3.556,0.8128,3,10,0,4
B00155,B00155_R2,648,2,7,0.4572,0.2032,72.75,2.286,0.2032,87.86,3,4,-15.11,1.6764,0.7112,0.2032,1.6002,1.7272,1.1176,2.8702,2,30,1,1
B00155,B00155_R2,649,3,7,0.4572,0.2032,72.75,2.286,0.2032,87.86,3,4,-15.11,0.2032,0.762,1.9812,2.54,0.8128,2.6416,3.556,1,20,1,3
B00155,B00155_R1,650,4,7,0.4572,0.2032,72.75,2.286,0.2032,87.86,3,4,-15.11,1.0668,0.7112,2.286,0.2032,1.1176,1.7272,1.7272,3,30,0,2
B00155,B00155_R2,651,5,7,0.4572,0.2032,72.75,2.286,0.2032,87.86,3,4,-15.11,0.2032,1.143,0.4572,0.2032,1.1938,3.0226,1.1938,1,10,1,2
B00155,B00155_R1,652,6,7,0.4572,0.2032,72.75,2.286,0.2032,87.86,3,4,-15.11,0.2032,1.143,1.0668,0.2032,1.1938,3.0226,1.8034,1,20,0,1
B00155,B00155_R1,653,7,7,0.4572,0.2032,72.75,2.286,0.2032,87.86,3,4,-15.11,1.6764,0.7112,0.2032,1.6002,1.7272,1.1176,2.8702,2,30,0,3
B00156,B00156_R2,654,1,7,0.762,2.54,97.88,1.9812,2.54,106.3,5,5,-8.42,0.2032,1.143,1.0668,2.032,1.9558,3.175,2.2606,1,30,1,2
B00156,B00156_R2,655,2,7,0.762,2.54,97.88,1.9812,2.54,106.3,5,5,-8.42,1.6764,2.032,2.286,0.2032,1.4224,0.8128,2.9464,3,20,1,3
B00156,B00156_R1,656,3,7,0.762,2.54,97.88,1.9812,2.54,106.3,5,5,-8.42,1.9812,0.2032,0.2032,1.6002,3.556,2.9464,3.175,2,10,0,2
B00156,B00156_R2,657,4,7,0.762,2.54,97.88,1.9812,2.54,106.3,5,5,-8.42,2.54,1.9812,0.2032,1.9812,2.3368,1.1176,2.9464,2,20,1,1
B00156,B00156_R1,658,5,7,0.762,2.54,97.88,1.9812,2.54,106.3,5,5,-8.42,0.2032,1.143,1.6764,0.2032,1.9558,3.175,2.413,1,30,0,1
B00156,B00156_R1,659,6,7,0.762,2.54,97.88,1.9812,2.54,106.3,5,5,-8.42,1.0668,0.7112,0.2032,1.9812,3.2512,3.2512,2.6416,2,20,0,4
B00156,B00156_R1,660,7,7,0.762,2.54,97.88,1.9812,2.54,106.3,5,5,-8.42,0.2032,0.762,1.6764,0.2032,2.3368,3.556,2.032,1,10,0,3
B00157,B00157_R1,661,1,4,0.2032,1.9812,148.18,2.286,0.2032,137.26,8,7,10.92,0.2032,1.143,1.0668,2.032,1.3462,3.0226,2.2606,1,20,0,2
B00157,B00157_R2,662,2,4,0.2032,1.9812,148.18,2.286,0.2032,137.26,8,7,10.92,0.2032,0.762,1.0668,0.7112,1.7272,2.6416,1.4224,1,20,1,1
B00157,B00157_R1,663,3,4,0.2032,1.9812,148.18,2.286,0.2032,137.26,8,7,10.92,0.762,2.54,0.2032,1.6002,1.1176,3.8608,1.4986,2,10,0,1
B00157,B00157_R2,664,4,4,0.2032,1.9812,148.18,2.286,0.2032,137.26,8,7,10.92,0.2032,0.762,0.4572,2.54,1.7272,2.6416,2.032,1,20,1,2
B00158,B00158_R1,665,1,5,1.0668,2.032,153.89,0.4572,2.54,136.96,8,7,16.93,1.9812,0.2032,0.762,2.032,3.2512,3.8608,3.556,3,20,0,2
B00158,B00158_R2,666,2,5,1.0668,2.032,153.89,0.4572,2.54,136.96,8,7,16.93,0.2032,1.143,1.0668,0.7112,2.2606,1.651,1.8034,1,20,1,1
B00158,B00158_R2,667,3,5,1.0668,2.032,153.89,0.4572,2.54,136.96,8,7,16.93,0.2032,1.143,1.6764,2.032,2.2606,1.651,2.8702,1,30,1,3
B00158,B00158_R1,668,4,5,1.0668,2.032,153.89,0.4572,2.54,136.96,8,7,16.93,1.0668,2.032,2.54,1.143,0.0,1.1176,2.8702,3,10,0,1
B00158,B00158_R2,669,5,5,1.0668,2.032,153.89,0.4572,2.54,136.96,8,7,16.93,0.2032,0.762,0.762,2.54,2.6416,2.032,2.3368,1,10,1,2
B00159,B00159_R1,670,1,3,0.762,2.032,163.51,1.6764,2.032,171.53,8,8,-8.02,1.9812,0.7112,0.762,0.7112,3.556,3.2512,1.7272,3,30,0,2
B00159,B00159_R2,671,2,3,0.762,2.032,163.51,1.6764,2.032,171.53,8,8,-8.02,2.54,1.143,0.2032,1.9812,3.175,2.2606,3.175,2,10,1,1
B00159,B00159_R1,672,3,3,0.762,2.032,163.51,1.6764,2.032,171.53,8,8,-8.02,0.762,2.032,0.2032,1.9812,0.0,1.4224,1.1176,2,20,0,1
B00160,B00160_R2,673,1,4,0.762,0.7112,163.4,0.2032,1.9812,156.71,9,7,6.69,0.2032,0.762,0.4572,0.2032,1.1176,1.7272,0.8128,1,30,1,1
B00160,B00160_R1,674,2,4,0.762,0.7112,163.4,0.2032,1.9812,156.71,9,7,6.69,2.286,2.54,0.2032,1.9812,3.8608,2.6416,2.6416,2,20,0,2
B00160,B00160_R1,675,3,4,0.762,0.7112,163.4,0.2032,1.9812,156.71,9,7,6.69,1.0668,0.2032,0.2032,1.6002,0.8128,2.6416,2.2606,2,30,0,1
B00160,B00160_R2,676,4,4,0.762,0.7112,163.4,0.2032,1.9812,156.71,9,7,6.69,0.2032,0.762,2.286,0.2032,1.1176,1.7272,2.6416,1,30,1,2
B00161,B00161_R2,677,1,1,0.2032,1.9812,175.53,2.286,0.2032,156.91,9,8,18.62,0.2032,1.143,1.6764,2.54,1.3462,3.0226,2.8702,1,20,1,1
B00162,B00162_R1,678,1,7,0.2032,1.9812,109.71,1.6764,2.54,117.44,5,5,-7.73,1.9812,0.7112,1.6764,2.54,3.556,3.2512,3.2512,3,20,0,4
B00162,B00162_R1,679,2,7,0.2032,1.9812,109.71,1.6764,2.54,117.44,5,5,-7.73,0.2032,0.762,1.9812,0.2032,1.7272,3.2512,2.3368,1,20,0,3
B00162,B00162_R2,680,3,7,0.2032,1.9812,109.71,1.6764,2.54,117.44,5,5,-7.73,1.9812,0.7112,0.2032,1.9812,3.556,3.2512,3.556,2,10,1,2
B00162,B00162_R2,681,4,7,0.2032,1.9812,109.71,1.6764,2.54,117.44,5,5,-7.73,0.2032,0.762,2.286,2.54,1.7272,3.2512,3.8608,1,10,1,3
B00162,B00162_R1,682,5,7,0.2032,1.9812,109.71,1.6764,2.54,117.44,5,5,-7.73,0.762,2.54,0.2032,1.9812,1.1176,1.4224,1.1176,2,30,0,2
B00162,B00162_R2,683,6,7,0.2032,1.9812,109.71,1.6764,2.54,117.44,5,5,-7.73,0.2032,0.762,1.6764,0.7112,1.7272,3.2512,2.032,1,20,1,1
B00162,B00162_R1,684,7,7,0.2032,1.9812,109.71,1.6764,2.54,117.44,5,5,-7.73,0.2032,1.143,0.762,2.54,1.3462,2.8702,1.9558,1,20,0,1
B00163,B00163_R2,685,1,7,1.6764,2.54,148.67,2.286,2.54,158.63,8,7,-9.96,0.2032,1.143,2.286,0.2032,2.8702,3.4798,3.0226,1,20,1,3
B00163,B00163_R1,686,2,7,1.6764,2.54,148.67,2.286,2.54,158.63,8,7,-9.96,0.762,2.032,0.2032,1.9812,1.4224,2.032,1.1176,2,20,0,1
B00163,B00163_R1,687,3,7,1.6764,2.54,148.67,2.286,2.54,158.63,8,7,-9.96,0.2032,0.762,0.762,2.54,3.2512,3.8608,2.3368,1,10,0,4
B00163,B00163_R1,688,4,7,1.6764,2.54,148.67,2.286,2.54,158.63,8,7,-9.96,2.54,1.6002,0.2032,1.9812,1.8034,1.1938,2.7178,2,10,0,3
B00163,B00163_R2,689,5,7,1.6764,2.54,148.67,2.286,2.54,158.63,8,7,-9.96,0.2032,1.143,0.762,2.54,2.8702,3.4798,1.9558,1,30,1,2
B00163,B00163_R2,690,6,7,1.6764,2.54,148.67,2.286,2.54,158.63,8,7,-9.96,2.54,1.143,0.2032,1.6002,2.2606,1.651,2.794,2,20,1,1
B00163,B00163_R1,691,7,7,1.6764,2.54,148.67,2.286,2.54,158.63,8,7,-9.96,0.2032,1.143,2.54,1.6002,2.8702,3.4798,2.794,1,10,0,2
B00164,B00164_R2,692,1,4,0.762,2.54,189.74,2.286,0.2032,187.59,10,8,2.15,0.2032,0.762,2.54,0.762,2.3368,2.6416,2.9464,1,10,1,2
B00164,B00164_R1,693,2,4,0.762,2.54,189.74,2.286,0.2032,187.59,10,8,2.15,0.762,2.032,0.2032,1.9812,0.508,3.8608,1.1176,2,30,0,1
B00164,B00164_R1,694,3,4,0.762,2.54,189.74,2.286,0.2032,187.59,10,8,2.15,1.0668,0.2032,0.2032,1.9812,3.2512,1.7272,2.6416,2,20,0,2
B00164,B00164_R2,695,4,4,0.762,2.54,189.74,2.286,0.2032,187.59,10,8,2.15,2.54,1.143,0.2032,1.9812,3.175,1.1938,3.175,2,10,1,1
B00165,B00165_R2,696,1,4,0.2032,1.9812,188.74,2.54,0.762,192.6,10,8,-3.86,2.54,1.6002,1.6764,0.7112,2.7178,1.3462,2.2606,3,10,1,1
B00165,B00165_R1,697,2,4,0.2032,1.9812,188.74,2.54,0.762,192.6,10,8,-3.86,0.4572,2.54,0.2032,1.6002,0.8128,3.8608,1.1938,2,10,0,1
B00165,B00165_R1,698,3,4,0.2032,1.9812,188.74,2.54,0.762,192.6,10,8,-3.86,1.0668,2.032,0.2032,1.9812,1.4224,3.2512,1.4224,2,10,0,2
B00165,B00165_R2,699,4,4,0.2032,1.9812,188.74,2.54,0.762,192.6,10,8,-3.86,0.2032,0.762,0.762,0.2032,1.7272,2.9464,1.1176,1,20,1,2
B00166,B00166_R2,700,1,1,0.2032,1.9812,191.95,0.762,0.2032,181.16,10,8,10.79,0.2032,0.762,1.6764,0.7112,1.7272,1.1176,2.032,1,20,1,1
B00167,B00167_R1,701,1,5,0.2032,1.9812,164.9,1.6764,0.7112,162.01,9,8,2.89,0.2032,1.143,1.0668,2.032,1.3462,2.413,2.2606,1,10,0,1
B00167,B00167_R2,702,2,5,0.2032,1.9812,164.9,1.6764,0.7112,162.01,9,8,2.89,0.762,0.2032,1.9812,2.54,2.3368,1.4224,3.556,3,10,1,3
B00167,B00167_R2,703,3,5,0.2032,1.9812,164.9,1.6764,0.7112,162.01,9,8,2.89,0.4572,0.2032,0.2032,1.9812,2.032,1.7272,2.032,2,30,1,2
B00167,B00167_R1,704,4,5,0.2032,1.9812,164.9,1.6764,0.7112,162.01,9,8,2.89,2.54,0.762,0.2032,1.9812,3.556,1.4224,3.556,2,30,0,2
B00167,B00167_R2,705,5,5,0.2032,1.9812,164.9,1.6764,0.7112,162.01,9,8,2.89,1.6764,0.2032,0.2032,1.6002,3.2512,0.508,2.8702,2,10,1,1
B00168,B00168_R1,706,1,3,0.2032,1.9812,142.77,1.9812,2.54,150.69,7,7,-7.92,0.762,0.2032,0.2032,1.9812,2.3368,3.556,2.3368,2,20,0,2
B00168,B00168_R2,707,2,3,0.2032,1.9812,142.77,1.9812,2.54,150.69,7,7,-7.92,1.9812,2.032,0.2032,1.6002,2.3368,0.508,2.7178,2,10,1,1
B00168,B00168_R1,708,3,3,0.2032,1.9812,142.77,1.9812,2.54,150.69,7,7,-7.92,0.762,2.032,0.2032,1.9812,1.1176,1.7272,1.1176,2,10,0,1
B00169,B00169_R1,709,1,4,0.2032,1.9812,151.89,0.2032,1.6002,136.65,7,7,15.24,0.2032,0.762,1.9812,0.2032,1.7272,1.3462,2.3368,1,10,0,2
B00169,B00169_R2,710,2,4,0.2032,1.9812,151.89,0.2032,1.6002,136.65,7,7,15.24,2.286,2.54,0.2032,1.9812,2.6416,3.0226,2.6416,2,20,1,2
B00169,B00169_R2,711,3,4,0.2032,1.9812,151.89,0.2032,1.6002,136.65,7,7,15.24,0.2032,1.143,2.286,0.2032,1.3462,0.9652,3.0226,1,10,1,1
B00169,B00169_R1,712,4,4,0.2032,1.9812,151.89,0.2032,1.6002,136.65,7,7,15.24,1.9812,2.54,0.2032,1.6002,2.3368,2.7178,2.7178,2,20,0,1
B00170,B00170_R2,713,1,7,1.9812,0.2032,165.31,0.2032,1.9812,146.28,8,7,19.03,0.2032,1.143,0.762,2.54,2.7178,1.3462,1.9558,1,10,1,1
B00170,B00170_R1,714,2,7,1.9812,0.2032,165.31,0.2032,1.9812,146.28,8,7,19.03,0.2032,1.143,0.4572,0.2032,2.7178,1.3462,1.1938,1,10,0,2
B00170,B00170_R2,715,3,7,1.9812,0.2032,165.31,0.2032,1.9812,146.28,8,7,19.03,2.54,1.143,0.2032,1.9812,1.4986,3.175,3.175,2,30,1,4
B00170,B00170_R2,716,4,7,1.9812,0.2032,165.31,0.2032,1.9812,146.28,8,7,19.03,0.2032,0.762,1.6764,0.2032,2.3368,1.7272,2.032,1,20,1,3
B00170,B00170_R1,717,5,7,1.9812,0.2032,165.31,0.2032,1.9812,146.28,8,7,19.03,1.0668,0.7112,0.762,2.032,1.4224,2.6416,3.2512,3,10,0,3
B00170,B00170_R2,718,6,7,1.9812,0.2032,165.31,0.2032,1.9812,146.28,8,7,19.03,0.762,2.54,0.2032,1.6002,3.556,1.1176,1.4986,2,10,1,2
B00170,B00170_R1,719,7,7,1.9812,0.2032,165.31,0.2032,1.9812,146.28,8,7,19.03,1.6764,0.2032,0.2032,1.9812,0.8128,3.2512,3.2512,2,30,0,1
B00171,B00171_R2,720,1,5,0.762,2.032,191.87,0.2032,1.9812,191.86,9,9,0.01,2.54,0.762,0.4572,2.54,3.556,3.556,3.8608,3,10,1,2
B00171,B00171_R2,721,2,5,0.762,2.032,191.87,0.2032,1.9812,191.86,9,9,0.01,0.2032,0.762,1.0668,2.032,2.3368,1.7272,2.6416,1,10,1,1
B00171,B00171_R1,722,3,5,0.762,2.032,191.87,0.2032,1.9812,191.86,9,9,0.01,1.0668,0.2032,0.2032,1.9812,3.2512,2.6416,2.6416,2,30,0,2
B00171,B00171_R1,723,4,5,0.762,2.032,191.87,0.2032,1.9812,191.86,9,9,0.01,1.6764,2.54,0.2032,1.6002,1.4224,2.032,2.413,2,20,0,1
B00171,B00171_R1,724,5,5,0.762,2.032,191.87,0.2032,1.9812,191.86,9,9,0.01,1.0668,0.7112,0.2032,1.9812,3.2512,2.6416,2.6416,2,20,0,3
B00172,B00172_R1,725,1,7,0.2032,1.9812,220.43,0.4572,2.54,199.38,10,9,21.05,0.762,0.2032,0.2032,1.6002,2.3368,2.6416,1.9558,2,30,0,2
B00172,B00172_R2,726,2,7,0.2032,1.9812,220.43,0.4572,2.54,199.38,10,9,21.05,0.4572,2.54,0.2032,1.9812,0.8128,0.0,0.8128,2,30,1,1
B00172,B00172_R2,727,3,7,0.2032,1.9812,220.43,0.4572,2.54,199.38,10,9,21.05,2.54,1.143,0.2032,1.9812,3.175,3.4798,3.175,2,20,1,4
B00172,B00172_R1,728,4,7,0.2032,1.9812,220.43,0.4572,2.54,199.38,10,9,21.05,0.762,2.032,0.2032,1.9812,1.1176,0.8128,1.1176,2,10,0,1
B00172,B00172_R1,729,5,7,0.2032,1.9812,220.43,0.4572,2.54,199.38,10,9,21.05,0.2032,1.143,2.54,1.9812,1.3462,1.651,3.175,1,10,0,3
B00172,B00172_R2,730,6,7,0.2032,1.9812,220.43,0.4572,2.54,199.38,10,9,21.05,1.6764,0.7112,1.6764,2.032,3.2512,3.556,2.9464,3,20,1,3
B00172,B00172_R2,731,7,7,0.2032,1.9812,220.43,0.4572,2.54,199.38,10,9,21.05,0.2032,0.762,1.6764,0.2032,1.7272,2.032,2.032,1,20,1,2
B00173,B00173_R1,732,1,6,2.54,1.9812,241.26,0.2032,1.9812,250.99,11,12,-9.73,2.54,0.762,0.2032,1.6002,1.7272,3.556,3.175,2,20,0,3
B00173,B00173_R2,733,2,6,2.54,1.9812,241.26,0.2032,1.9812,250.99,11,12,-9.73,0.2032,0.762,0.762,0.2032,3.556,1.7272,1.1176,1,30,1,1
B00173,B00173_R1,734,3,6,2.54,1.9812,241.26,0.2032,1.9812,250.99,11,12,-9.73,1.9812,2.54,0.2032,1.9812,1.1176,2.3368,2.3368,2,30,0,1
B00173,B00173_R2,735,4,6,2.54,1.9812,241.26,0.2032,1.9812,250.99,11,12,-9.73,1.9812,0.2032,0.2032,1.6002,2.3368,3.556,3.175,2,30,1,2
B00173,B00173_R1,736,5,6,2.54,1.9812,241.26,0.2032,1.9812,250.99,11,12,-9.73,0.2032,1.143,2.54,1.9812,3.175,1.3462,3.175,1,10,0,2
B00173,B00173_R2,737,6,6,2.54,1.9812,241.26,0.2032,1.9812,250.99,11,12,-9.73,2.54,1.143,0.4572,2.54,1.3462,3.175,3.4798,3,20,1,3
B00174,B00174_R1,738,1,6,0.2032,1.6002,275.83,0.4572,2.54,279.45,13,13,-3.62,1.6764,0.7112,2.54,1.9812,2.8702,3.556,2.6416,3,20,0,2
B00174,B00174_R2,739,2,6,0.2032,1.6002,275.83,0.4572,2.54,279.45,13,13,-3.62,0.2032,0.762,1.0668,2.54,1.3462,2.032,2.6416,1,20,1,2
B00174,B00174_R1,740,3,6,0.2032,1.6002,275.83,0.4572,2.54,279.45,13,13,-3.62,0.2032,0.762,1.6764,0.7112,1.3462,2.032,2.032,1,10,0,1
B00174,B00174_R1,741,4,6,0.2032,1.6002,275.83,0.4572,2.54,279.45,13,13,-3.62,2.54,0.762,1.6764,2.54,3.175,3.8608,2.6416,3,30,0,3
B00174,B00174_R2,742,5,6,0.2032,1.6002,275.83,0.4572,2.54,279.45,13,13,-3.62,1.6764,0.7112,0.2032,1.9812,2.8702,3.556,3.2512,2,20,1,3
B00174,B00174_R2,743,6,6,0.2032,1.6002,275.83,0.4572,2.54,279.45,13,13,-3.62,0.4572,2.54,0.2032,1.6002,1.1938,0.0,1.1938,2,10,1,1
B00175,B00175_R1,744,1,5,1.6764,2.54,261.31,0.2032,1.9812,274.73,12,13,-13.42,1.9812,0.7112,0.2032,1.9812,3.2512,3.556,3.556,2,20,0,2
B00175,B00175_R2,745,2,5,1.6764,2.54,261.31,0.2032,1.9812,274.73,12,13,-13.42,0.2032,0.762,2.54,1.6002,3.2512,1.7272,3.175,1,10,1,2
B00175,B00175_R2,746,3,5,1.6764,2.54,261.31,0.2032,1.9812,274.73,12,13,-13.42,0.2032,1.143,0.4572,0.2032,2.8702,1.3462,1.1938,1,10,1,1
B00175,B00175_R1,747,4,5,1.6764,2.54,261.31,0.2032,1.9812,274.73,12,13,-13.42,0.2032,1.143,1.9812,2.032,2.8702,1.3462,3.175,1,20,0,3
B00175,B00175_R1,748,5,5,1.6764,2.54,261.31,0.2032,1.9812,274.73,12,13,-13.42,0.2032,1.143,1.9812,0.7112,2.8702,1.3462,2.7178,1,10,0,1
B00176,B00176_R1,749,1,3,1.9812,2.032,299.19,2.54,1.6002,269.42,14,13,29.77,2.54,1.143,0.762,2.54,1.9558,0.9652,3.175,3,20,0,1
B00176,B00176_R2,750,2,3,1.9812,2.032,299.19,2.54,1.6002,269.42,14,13,29.77,0.2032,0.762,1.0668,0.7112,3.556,3.175,1.4224,1,10,1,2
B00176,B00176_R2,751,3,3,1.9812,2.032,299.19,2.54,1.6002,269.42,14,13,29.77,0.2032,1.143,0.762,0.7112,3.175,2.794,1.4986,1,30,1,1
B00177,B00177_R2,752,1,3,0.762,2.54,278.75,1.0668,0.7112,278.43,13,13,0.32,0.2032,1.143,0.762,0.7112,1.9558,1.8034,1.4986,1,20,1,2
B00177,B00177_R1,753,2,3,0.762,2.54,278.75,1.0668,0.7112,278.43,13,13,0.32,2.54,0.762,0.2032,1.9812,3.556,2.032,3.556,2,10,0,1
B00177,B00177_R2,754,3,3,0.762,2.54,278.75,1.0668,0.7112,278.43,13,13,0.32,1.0668,0.7112,0.2032,1.9812,3.2512,0.0,2.6416,2,10,1,1
B00178,B00178_R2,755,1,2,0.2032,1.9812,282.47,0.762,0.7112,274.12,12,13,8.35,0.2032,1.143,2.286,2.54,1.3462,1.4986,3.4798,1,30,1,1
B00178,B00178_R1,756,2,2,0.2032,1.9812,282.47,0.762,0.7112,274.12,12,13,8.35,2.54,1.6002,1.6764,2.54,2.7178,3.175,1.8034,3,30,0,1
B00179,B00179_R1,757,1,7,1.6764,2.54,264.34,2.286,2.54,262.49,11,13,1.85,1.0668,2.032,1.0668,2.54,1.1176,1.7272,0.508,3,30,0,1
B00179,B00179_R2,758,2,7,1.6764,2.54,264.34,2.286,2.54,262.49,11,13,1.85,0.2032,1.143,0.762,0.2032,2.8702,3.4798,1.4986,1,30,1,1
B00179,B00179_R1,759,3,7,1.6764,2.54,264.34,2.286,2.54,262.49,11,13,1.85,0.4572,0.2032,0.2032,1.9812,3.556,4.1656,2.032,2,10,0,3
B00179,B00179_R1,760,4,7,1.6764,2.54,264.34,2.286,2.54,262.49,11,13,1.85,0.4572,2.54,0.2032,1.9812,1.7272,2.3368,0.8128,2,20,0,2
B00179,B00179_R1,761,5,7,1.6764,2.54,264.34,2.286,2.54,262.49,11,13,1.85,0.2032,0.762,0.762,2.54,3.2512,3.8608,2.3368,1,30,0,4
B00179,B00179_R2,762,6,7,1.6764,2.54,264.34,2.286,2.54,262.49,11,13,1.85,0.2032,0.762,2.54,1.143,3.2512,3.8608,2.7178,1,30,1,3
B00179,B00179_R2,763,7,7,1.6764,2.54,264.34,2.286,2.54,262.49,11,13,1.85,1.0668,0.2032,0.2032,1.9812,2.9464,3.556,2.6416,2,20,1,2
B00180,B00180_R2,764,1,5,0.762,2.54,300.79,2.54,1.143,284.54,14,14,16.25,0.2032,0.762,0.762,2.54,2.3368,2.7178,2.3368,1,20,1,3
B00180,B00180_R2,765,2,5,0.762,2.54,300.79,2.54,1.143,284.54,14,14,16.25,2.54,1.143,0.2032,1.6002,3.175,0.0,2.794,2,20,1,1
B00180,B00180_R2,766,3,5,0.762,2.54,300.79,2.54,1.143,284.54,14,14,16.25,0.2032,0.762,0.762,2.54,2.3368,2.7178,2.3368,1,20,1,2
B00180,B00180_R1,767,4,5,0.762,2.54,300.79,2.54,1.143,284.54,14,14,16.25,0.2032,0.762,0.762,0.2032,2.3368,2.7178,1.1176,1,10,0,1
B00180,B00180_R1,768,5,5,0.762,2.54,300.79,2.54,1.143,284.54,14,14,16.25,0.762,0.2032,0.2032,1.9812,2.9464,2.7178,2.3368,2,20,0,2
B00181,B00181_R1,769,1,4,0.2032,1.9812,297.78,0.762,2.54,319.11,14,15,-21.33,0.2032,1.143,0.762,0.7112,1.3462,1.9558,1.4986,1,20,0,1
B00181,B00181_R2,770,2,4,0.2032,1.9812,297.78,0.762,2.54,319.11,14,15,-21.33,0.2032,1.143,2.54,0.762,1.3462,1.9558,2.7178,1,20,1,1
B00181,B00181_R1,771,3,4,0.2032,1.9812,297.78,0.762,2.54,319.11,14,15,-21.33,1.6764,2.54,1.9812,2.032,2.032,1.4224,0.8128,3,20,0,3
B00181,B00181_R1,772,4,4,0.2032,1.9812,297.78,0.762,2.54,319.11,14,15,-21.33,0.2032,0.762,2.286,2.54,1.7272,2.3368,3.8608,1,10,0,2
B00182,B00182_R2,773,1,5,1.9812,2.032,317.6,2.54,0.762,291.36,15,14,26.24,0.762,0.7112,0.4572,0.2032,3.556,2.3368,0.8128,3,10,1,1
B00182,B00182_R2,774,2,5,1.9812,2.032,317.6,2.54,0.762,291.36,15,14,26.24,0.2032,1.143,0.762,0.2032,3.175,2.7178,1.4986,1,10,1,2
B00182,B00182_R1,775,3,5,1.9812,2.032,317.6,2.54,0.762,291.36,15,14,26.24,2.54,1.6002,1.6764,2.54,1.4986,1.3462,1.8034,3,30,0,1
B00182,B00182_R2,776,4,5,1.9812,2.032,317.6,2.54,0.762,291.36,15,14,26.24,0.2032,1.143,2.54,1.9812,3.175,2.7178,3.175,1,30,1,3
B00182,B00182_R1,777,5,5,1.9812,2.032,317.6,2.54,0.762,291.36,15,14,26.24,0.2032,1.143,2.54,1.9812,3.175,2.7178,3.175,1,10,0,2
B00183,B00183_R1,778,1,4,2.54,1.9812,321.39,2.54,1.9812,328.63,16,16,-7.24,0.4572,2.54,0.2032,1.6002,2.6416,2.6416,1.1938,2,30,0,1
B00183,B00183_R1,779,2,4,2.54,1.9812,321.39,2.54,1.9812,328.63,16,16,-7.24,0.2032,0.762,0.4572,2.54,3.556,3.556,2.032,1,30,0,2
B00183,B00183_R2,780,3,4,2.54,1.9812,321.39,2.54,1.9812,328.63,16,16,-7.24,1.0668,2.032,0.2032,1.6002,2.032,2.032,1.8034,2,20,1,2
B00183,B00183_R2,781,4,4,2.54,1.9812,321.39,2.54,1.9812,328.63,16,16,-7.24,0.4572,2.54,1.0668,2.54,2.6416,2.6416,1.1176,3,10,1,1
B00184,B00184_R2,782,1,7,0.4572,2.54,324.3,0.2032,1.6002,318.7,16,16,5.6,2.54,0.762,1.6764,2.032,3.8608,3.175,2.6416,3,10,1,3
B00184,B00184_R2,783,2,7,0.4572,2.54,324.3,0.2032,1.6002,318.7,16,16,5.6,0.2032,1.143,1.6764,0.2032,1.651,0.9652,2.413,1,30,1,2
B00184,B00184_R1,784,3,7,0.4572,2.54,324.3,0.2032,1.6002,318.7,16,16,5.6,1.0668,2.54,0.762,2.54,1.1176,1.8034,0.8128,3,10,0,1
B00184,B00184_R2,785,4,7,0.4572,2.54,324.3,0.2032,1.6002,318.7,16,16,5.6,0.2032,1.143,0.762,0.7112,1.651,0.9652,1.4986,1,30,1,1
B00184,B00184_R1,786,5,7,0.4572,2.54,324.3,0.2032,1.6002,318.7,16,16,5.6,1.0668,2.54,0.2032,1.6002,1.1176,1.8034,1.8034,2,30,0,2
B00184,B00184_R1,787,6,7,0.4572,2.54,324.3,0.2032,1.6002,318.7,16,16,5.6,0.2032,1.143,0.762,2.032,1.651,0.9652,1.9558,1,30,0,3
B00184,B00184_R1,788,7,7,0.4572,2.54,324.3,0.2032,1.6002,318.7,16,16,5.6,1.9812,2.032,0.2032,1.6002,2.032,2.7178,2.7178,2,30,0,4
B00185,B00185_R1,789,1,3,0.2032,1.6002,345.73,1.6764,2.032,352.87,18,17,-7.14,2.286,2.54,1.0668,0.7112,3.0226,1.1176,3.556,3,20,0,2
B00185,B00185_R1,790,2,3,0.2032,1.6002,345.73,1.6764,2.032,352.87,18,17,-7.14,0.2032,0.762,2.286,2.54,1.3462,3.2512,3.8608,1,30,0,1
B00185,B00185_R2,791,3,3,0.2032,1.6002,345.73,1.6764,2.032,352.87,18,17,-7.14,2.286,0.2032,1.6764,0.2032,3.4798,2.9464,1.1176,3,30,1,1
B00186,B00186_R1,792,1,5,1.0668,0.7112,356.05,1.6764,0.2032,332.03,18,16,24.02,0.2032,0.762,2.286,0.2032,1.4224,2.032,2.6416,1,10,0,1
B00186,B00186_R2,793,2,5,1.0668,0.7112,356.05,1.6764,0.2032,332.03,18,16,24.02,0.2032,0.762,1.0668,0.2032,1.4224,2.032,1.4224,1,20,1,1
B00186,B00186_R2,794,3,5,1.0668,0.7112,356.05,1.6764,0.2032,332.03,18,16,24.02,0.762,0.2032,0.2032,1.9812,0.8128,1.4224,2.3368,2,20,1,2
B00186,B00186_R1,795,4,5,1.0668,0.7112,356.05,1.6764,0.2032,332.03,18,16,24.02,2.54,1.143,0.2032,1.6002,2.413,1.8034,2.794,2,10,0,2
B00186,B00186_R2,796,5,5,1.0668,0.7112,356.05,1.6764,0.2032,332.03,18,16,24.02,1.9812,2.032,0.2032,1.6002,3.2512,3.2512,2.7178,2,30,1,3
B00187,B00187_R2,797,1,7,0.2032,1.6002,375.19,0.2032,1.6002,364.19,19,18,11.0,2.286,2.54,0.2032,1.9812,3.0226,3.0226,2.6416,2,20,1,4
B00187,B00187_R1,798,2,7,0.2032,1.6002,375.19,0.2032,1.6002,364.19,19,18,11.0,0.2032,0.762,2.286,2.54,1.3462,1.3462,3.8608,1,30,0,3
B00187,B00187_R2,799,3,7,0.2032,1.6002,375.19,0.2032,1.6002,364.19,19,18,11.0,0.2032,1.143,0.762,2.54,0.9652,0.9652,1.9558,1,20,1,3
B00187,B00187_R1,800,4,7,0.2032,1.6002,375.19,0.2032,1.6002,364.19,19,18,11.0,0.2032,0.762,2.54,1.143,1.3462,1.3462,2.7178,1,10,0,1
B00187,B00187_R2,801,5,7,0.2032,1.6002,375.19,0.2032,1.6002,364.19,19,18,11.0,0.4572,0.2032,0.2032,1.9812,1.651,1.651,2.032,2,10,1,2
B00187,B00187_R1,802,6,7,0.2032,1.6002,375.19,0.2032,1.6002,364.19,19,18,11.0,2.54,1.6002,0.2032,1.6002,2.3368,2.3368,2.3368,2,10,0,2
B00187,B00187_R2,803,7,7,0.2032,1.6002,375.19,0.2032,1.6002,364.19,19,18,11.0,0.2032,0.762,1.0668,0.2032,1.3462,1.3462,1.4224,1,20,1,1
B00188,B00188_R1,804,1,7,2.286,2.54,397.52,0.2032,1.9812,403.05,20,20,-5.53,1.9812,2.032,0.762,2.032,0.8128,2.3368,1.7272,3,20,0,2
B00188,B00188_R2,805,2,7,2.286,2.54,397.52,0.2032,1.9812,403.05,20,20,-5.53,0.2032,1.143,2.54,1.143,3.4798,1.3462,2.3368,1,10,1,3
B00188,B00188_R1,806,3,7,2.286,2.54,397.52,0.2032,1.9812,403.05,20,20,-5.53,0.2032,1.143,1.0668,0.7112,3.4798,1.3462,1.8034,1,30,0,3
B00188,B00188_R2,807,4,7,2.286,2.54,397.52,0.2032,1.9812,403.05,20,20,-5.53,0.4572,2.54,0.2032,1.9812,2.3368,0.8128,0.8128,2,30,1,2
B00188,B00188_R2,808,5,7,2.286,2.54,397.52,0.2032,1.9812,403.05,20,20,-5.53,2.54,1.143,0.2032,1.9812,1.651,3.175,3.175,2,30,1,4
B00188,B00188_R2,809,6,7,2.286,2.54,397.52,0.2032,1.9812,403.05,20,20,-5.53,0.762,2.54,0.4572,2.54,2.032,1.1176,0.8128,3,20,1,1
B00188,B00188_R1,810,7,7,2.286,2.54,397.52,0.2032,1.9812,403.05,20,20,-5.53,1.6764,2.54,2.54,1.9812,1.1176,2.032,1.4224,3,10,0,1
B00189,B00189_R1,811,1,2,1.0668,0.7112,428.99,0.2032,1.9812,430.38,21,22,-1.39,1.6764,0.7112,0.2032,1.6002,1.1176,3.2512,2.8702,2,10,0,1
B00189,B00189_R2,812,2,2,1.0668,0.7112,428.99,0.2032,1.9812,430.38,21,22,-1.39,1.9812,2.032,0.2032,1.6002,3.2512,2.3368,2.7178,2,10,1,1
B00190,B00190_R1,813,1,6,0.2032,1.6002,407.85,0.2032,1.6002,407.43,20,21,0.42,1.9812,2.032,0.2032,1.9812,2.7178,2.7178,2.3368,2,30,0,3
B00190,B00190_R2,814,2,6,0.2032,1.6002,407.85,0.2032,1.6002,407.43,20,21,0.42,0.2032,1.143,1.6764,0.7112,0.9652,0.9652,2.413,1,20,1,2
B00190,B00190_R1,815,3,6,0.2032,1.6002,407.85,0.2032,1.6002,407.43,20,21,0.42,1.0668,0.7112,1.9812,2.54,2.2606,2.2606,3.2512,3,20,0,2
B00190,B00190_R1,816,4,6,0.2032,1.6002,407.85,0.2032,1.6002,407.43,20,21,0.42,0.2032,1.143,1.0668,0.2032,0.9652,0.9652,1.8034,1,30,0,1
B00190,B00190_R2,817,5,6,0.2032,1.6002,407.85,0.2032,1.6002,407.43,20,21,0.42,1.9812,0.7112,0.2032,1.9812,3.175,3.175,3.556,2,10,1,3
B00190,B00190_R2,818,6,6,0.2032,1.6002,407.85,0.2032,1.6002,407.43,20,21,0.42,0.2032,1.143,0.762,2.54,0.9652,0.9652,1.9558,1,30,1,1
B00191,B00191_R1,819,1,4,0.2032,1.9812,440.32,0.2032,1.9812,445.32,22,23,-5.0,0.4572,0.2032,0.2032,1.9812,2.032,2.032,2.032,2,10,0,1
B00191,B00191_R1,820,2,4,0.2032,1.9812,440.32,0.2032,1.9812,445.32,22,23,-5.0,1.6764,0.2032,2.54,0.762,3.2512,3.2512,1.4224,3,30,0,2
B00191,B00191_R2,821,3,4,0.2032,1.9812,440.32,0.2032,1.9812,445.32,22,23,-5.0,0.2032,1.143,1.0668,2.032,1.3462,1.3462,2.2606,1,20,1,1
B00191,B00191_R2,822,4,4,0.2032,1.9812,440.32,0.2032,1.9812,445.32,22,23,-5.0,1.9812,2.54,0.2032,1.6002,2.3368,2.3368,2.7178,2,20,1,2
B00192,B00192_R2,823,1,4,2.54,0.762,433.4,0.2032,1.6002,445.1,22,23,-11.7,0.2032,0.762,1.0668,2.032,2.9464,1.3462,2.6416,1,30,1,2
B00192,B00192_R1,824,2,4,2.54,0.762,433.4,0.2032,1.6002,445.1,22,23,-11.7,2.54,1.6002,0.2032,1.9812,1.3462,2.3368,2.7178,2,10,0,2
B00192,B00192_R2,825,3,4,2.54,0.762,433.4,0.2032,1.6002,445.1,22,23,-11.7,0.2032,0.762,0.4572,0.2032,2.9464,1.3462,0.8128,1,30,1,1
B00192,B00192_R1,826,4,4,2.54,0.762,433.4,0.2032,1.6002,445.1,22,23,-11.7,2.54,1.143,1.9812,0.2032,0.889,2.794,1.4986,3,10,0,1
B00193,B00193_R2,827,1,3,0.2032,1.9812,446.22,1.0668,2.032,452.73,22,23,-6.51,1.9812,2.54,0.2032,1.9812,2.3368,1.4224,2.3368,2,30,1,2
B00193,B00193_R1,828,2,3,0.2032,1.9812,446.22,1.0668,2.032,452.73,22,23,-6.51,0.2032,0.762,1.6764,0.2032,1.7272,2.6416,2.032,1,20,0,1
B00193,B00193_R2,829,3,3,0.2032,1.9812,446.22,1.0668,2.032,452.73,22,23,-6.51,1.9812,2.032,0.762,2.54,2.3368,1.4224,1.7272,3,30,1,1
B00194,B00194_R1,830,1,3,1.6764,0.2032,437.11,0.2032,1.9812,456.03,21,23,-18.92,2.54,1.9812,1.6764,2.54,2.6416,2.9464,1.4224,3,20,0,1
B00194,B00194_R2,831,2,3,1.6764,0.2032,437.11,0.2032,1.9812,456.03,21,23,-18.92,1.0668,2.032,0.762,2.032,2.9464,1.4224,0.8128,3,10,1,1
B00194,B00194_R1,832,3,3,1.6764,0.2032,437.11,0.2032,1.9812,456.03,21,23,-18.92,2.54,1.9812,0.762,2.54,2.6416,2.9464,2.3368,3,10,0,2
B00195,B00195_R1,833,1,2,0.762,2.54,452.64,0.762,2.032,434.18,22,23,18.46,0.762,2.54,0.2032,1.9812,0.0,0.508,1.1176,2,30,0,1
B00195,B00195_R2,834,2,2,0.762,2.54,452.64,0.762,2.032,434.18,22,23,18.46,0.762,2.032,1.9812,0.7112,0.508,0.0,3.556,3,30,1,1
B00196,B00196_R1,835,1,4,0.2032,1.9812,336.91,1.9812,0.7112,358.45,17,19,-21.54,0.2032,1.143,1.0668,2.54,1.3462,2.7178,2.2606,1,20,0,1
B00196,B00196_R2,836,2,4,0.2032,1.9812,336.91,1.9812,0.7112,358.45,17,19,-21.54,0.2032,1.143,1.6764,0.7112,1.3462,2.7178,2.413,1,10,1,1
B00196,B00196_R1,837,3,4,0.2032,1.9812,336.91,1.9812,0.7112,358.45,17,19,-21.54,1.0668,2.54,0.2032,1.6002,1.4224,3.2512,1.8034,2,10,0,2
B00196,B00196_R1,838,4,4,0.2032,1.9812,336.91,1.9812,0.7112,358.45,17,19,-21.54,0.2032,1.143,1.0668,2.54,1.3462,2.7178,2.2606,1,10,0,3
B00197,B00197_R1,839,1,3,1.0668,2.54,361.66,1.6764,0.7112,343.63,19,18,18.03,1.9812,0.2032,0.762,2.032,3.2512,0.8128,3.556,3,20,0,1
B00197,B00197_R2,840,2,3,1.0668,2.54,361.66,1.6764,0.7112,343.63,19,18,18.03,1.6764,0.7112,0.2032,1.6002,2.9464,0.0,2.8702,2,20,1,1
B00197,B00197_R2,841,3,3,1.0668,2.54,361.66,1.6764,0.7112,343.63,19,18,18.03,0.2032,1.143,0.762,0.7112,2.2606,2.413,1.4986,1,30,1,2
B00198,B00198_R2,842,1,3,0.762,2.032,352.85,0.762,0.7112,349.64,18,18,3.21,0.2032,0.762,1.0668,2.032,2.3368,1.1176,2.6416,1,10,1,2
B00198,B00198_R2,843,2,3,0.762,2.032,352.85,0.762,0.7112,349.64,18,18,3.21,1.9812,0.7112,0.2032,1.6002,3.556,1.7272,3.175,2,10,1,1
B00198,B00198_R1,844,3,3,0.762,2.032,352.85,0.762,0.7112,349.64,18,18,3.21,0.2032,1.143,1.9812,2.54,1.9558,1.4986,3.175,1,20,0,1
B00199,B00199_R1,845,1,6,1.9812,2.54,309.77,1.0668,2.032,336.23,15,17,-26.46,0.2032,0.762,1.0668,2.54,3.556,2.6416,2.6416,1,30,0,3
B00199,B00199_R1,846,2,6,1.9812,2.54,309.77,1.0668,2.032,336.23,15,17,-26.46,0.2032,1.143,1.6764,2.032,3.175,2.2606,2.8702,1,20,0,4
B00199,B00199_R1,847,3,6,1.9812,2.54,309.77,1.0668,2.032,336.23,15,17,-26.46,0.2032,0.762,0.762,0.2032,3.556,2.6416,1.1176,1,10,0,2
B00199,B00199_R2,848,4,6,1.9812,2.54,309.77,1.0668,2.032,336.23,15,17,-26.46,1.0668,2.54,0.2032,1.6002,1.4224,0.508,1.8034,2,30,1,1
B00199,B00199_R1,849,5,6,1.9812,2.54,309.77,1.0668,2.032,336.23,15,17,-26.46,0.762,2.54,0.2032,1.9812,1.7272,0.8128,1.1176,2,30,0,1
B00199,B00199_R2,850,6,6,1.9812,2.54,309.77,1.0668,2.032,336.23,15,17,-26.46,0.2032,0.762,2.54,1.6002,3.556,2.6416,3.175,1,10,1,2
B00200,B00200_R2,851,1,5,1.6764,2.032,365.47,2.54,1.6002,333.22,18,17,32.25,1.9812,2.54,2.286,0.2032,0.8128,1.4986,2.6416,3,30,1,1
B00200,B00200_R1,852,2,5,1.6764,2.032,365.47,2.54,1.6002,333.22,18,17,32.25,0.2032,1.143,0.762,0.7112,2.8702,2.794,1.4986,1,20,0,2
B00200,B00200_R2,853,3,5,1.6764,2.032,365.47,2.54,1.6002,333.22,18,17,32.25,0.2032,0.762,0.4572,2.54,3.2512,3.175,2.032,1,30,1,3
B00200,B00200_R1,854,4,5,1.6764,2.032,365.47,2.54,1.6002,333.22,18,17,32.25,1.6764,2.032,0.2032,1.9812,0.0,1.8034,2.032,2,10,0,1
B00200,B00200_R2,855,5,5,1.6764,2.032,365.47,2.54,1.6002,333.22,18,17,32.25,2.286,0.2032,0.2032,1.6002,2.9464,1.651,3.4798,2,30,1,2
B00201,B00201_R1,856,1,4,0.762,0.7112,349.62,0.4572,2.54,358.86,18,18,-9.24,0.2032,0.762,1.9812,0.7112,1.1176,2.032,2.3368,1,10,0,1
B00201,B00201_R1,857,2,4,0.762,0.7112,349.62,0.4572,2.54,358.86,18,18,-9.24,1.9812,0.7112,0.2032,1.9812,1.7272,3.8608,3.556,2,30,0,2
B00201,B00201_R2,858,3,4,0.762,0.7112,349.62,0.4572,2.54,358.86,18,18,-9.24,2.54,1.6002,1.0668,0.2032,3.175,3.0226,2.8702,3,10,1,2
B00201,B00201_R2,859,4,4,0.762,0.7112,349.62,0.4572,2.54,358.86,18,18,-9.24,2.54,1.6002,2.286,0.2032,3.175,3.0226,1.651,3,10,1,1
B00202,B00202_R1,860,1,3,0.2032,1.9812,362.27,1.0668,0.2032,364.58,18,18,-2.31,0.2032,1.143,0.762,0.2032,1.3462,1.8034,1.4986,1,10,0,1
B00202,B00202_R1,861,2,3,0.2032,1.9812,362.27,1.0668,0.2032,364.58,18,18,-2.31,0.2032,0.762,1.6764,2.032,1.7272,1.4224,3.2512,1,10,0,2
B00202,B00202_R2,862,3,3,0.2032,1.9812,362.27,1.0668,0.2032,364.58,18,18,-2.31,2.286,0.2032,0.2032,1.9812,3.8608,1.7272,3.8608,2,10,1,1
B00203,B00203_R2,863,1,3,1.6764,2.032,326.8,0.2032,1.9812,330.23,17,16,-3.43,0.2032,0.762,2.54,1.6002,3.2512,1.7272,3.175,1,30,1,1
B00203,B00203_R1,864,2,3,1.6764,2.032,326.8,0.2032,1.9812,330.23,17,16,-3.43,1.9812,2.032,0.2032,1.6002,0.8128,2.3368,2.7178,2,10,0,1
B00203,B00203_R2,865,3,3,1.6764,2.032,326.8,0.2032,1.9812,330.23,17,16,-3.43,2.54,1.6002,0.2032,1.9812,1.8034,2.7178,2.7178,2,20,1,2
B00204,B00204_R2,866,1,2,0.2032,1.6002,290.75,0.2032,1.9812,298.98,14,14,-8.23,0.2032,0.762,1.0668,2.54,1.3462,1.7272,2.6416,1,20,1,1
B00204,B00204_R1,867,2,2,0.2032,1.6002,290.75,0.2032,1.9812,298.98,14,14,-8.23,1.6764,0.7112,0.2032,1.6002,2.8702,3.2512,2.8702,2,30,0,1
B00205,B00205_R1,868,1,3,0.2032,1.6002,283.84,1.0668,2.54,298.09,14,14,-14.25,0.762,0.7112,1.6764,2.032,1.9558,3.2512,3.2512,3,10,0,2
B00205,B00205_R2,869,2,3,0.2032,1.6002,283.84,1.0668,2.54,298.09,14,14,-14.25,2.54,1.143,0.2032,1.9812,2.794,2.8702,3.175,2,10,1,1
B00205,B00205_R1,870,3,3,0.2032,1.6002,283.84,1.0668,2.54,298.09,14,14,-14.25,0.2032,0.762,0.762,2.032,1.3462,2.6416,2.3368,1,30,0,1
B00206,B00206_R2,871,1,6,1.6764,2.032,282.74,0.2032,1.9812,285.37,14,13,-2.63,1.6764,0.2032,1.9812,0.7112,2.9464,3.2512,0.8128,3,10,1,2
B00206,B00206_R1,872,2,6,1.6764,2.032,282.74,0.2032,1.9812,285.37,14,13,-2.63,0.2032,0.762,1.0668,0.7112,3.2512,1.7272,1.4224,1,10,0,3
B00206,B00206_R2,873,3,6,1.6764,2.032,282.74,0.2032,1.9812,285.37,14,13,-2.63,1.9812,0.7112,1.9812,2.54,3.2512,3.556,2.9464,3,20,1,3
B00206,B00206_R2,874,4,6,1.6764,2.032,282.74,0.2032,1.9812,285.37,14,13,-2.63,0.2032,1.143,1.0668,0.2032,2.8702,1.3462,1.8034,1,30,1,1
B00206,B00206_R1,875,5,6,1.6764,2.032,282.74,0.2032,1.9812,285.37,14,13,-2.63,0.2032,1.143,0.762,0.2032,2.8702,1.3462,1.4986,1,30,0,1
B00206,B00206_R1,876,6,6,1.6764,2.032,282.74,0.2032,1.9812,285.37,14,13,-2.63,0.762,0.2032,0.2032,1.6002,3.2512,2.3368,1.9558,2,30,0,2
B00207,B00207_R1,877,1,3,1.0668,0.7112,312.0,1.9812,2.54,306.5,15,14,5.5,2.54,1.143,0.2032,1.9812,2.413,1.9558,3.175,2,10,0,1
B00207,B00207_R2,878,2,3,1.0668,0.7112,312.0,1.9812,2.54,306.5,15,14,5.5,0.4572,0.2032,0.762,0.7112,1.1176,3.8608,0.8128,3,30,1,2
B00207,B00207_R2,879,3,3,1.0668,0.7112,312.0,1.9812,2.54,306.5,15,14,5.5,1.0668,2.54,0.2032,1.9812,2.9464,1.4224,1.4224,2,30,1,1
B00208,B00208_R1,880,1,3,0.2032,1.9812,292.97,0.762,0.7112,294.77,14,14,-1.8,0.2032,1.143,1.0668,0.2032,1.3462,1.4986,1.8034,1,10,0,1
B00208,B00208_R2,881,2,3,0.2032,1.9812,292.97,0.762,0.7112,294.77,14,14,-1.8,0.2032,0.762,1.0668,0.2032,1.7272,1.1176,1.4224,1,30,1,1
B00208,B00208_R2,882,3,3,0.2032,1.9812,292.97,0.762,0.7112,294.77,14,14,-1.8,2.54,1.6002,0.2032,1.6002,2.7178,3.175,2.3368,2,20,1,2
B00209,B00209_R2,883,1,3,1.0668,0.2032,289.07,0.2032,1.6002,309.29,14,15,-20.22,0.2032,1.143,1.6764,0.2032,1.8034,0.9652,2.413,1,30,1,1
B00209,B00209_R1,884,2,3,1.0668,0.2032,289.07,0.2032,1.6002,309.29,14,15,-20.22,1.0668,2.032,0.2032,1.9812,2.9464,1.8034,1.4224,2,20,0,1
B00209,B00209_R1,885,3,3,1.0668,0.2032,289.07,0.2032,1.6002,309.29,14,15,-20.22,1.9812,2.54,2.54,1.6002,3.2512,2.7178,1.4986,3,30,0,2
B00210,B00210_R2,886,1,5,2.54,1.6002,301.9,1.6764,0.2032,283.64,14,14,18.26,0.4572,0.2032,1.9812,0.7112,3.4798,1.7272,2.032,3,10,1,3
B00210,B00210_R1,887,2,5,2.54,1.6002,301.9,1.6764,0.2032,283.64,14,14,18.26,0.2032,0.762,1.0668,2.54,3.175,2.032,2.6416,1,30,0,2
B00210,B00210_R2,888,3,5,2.54,1.6002,301.9,1.6764,0.2032,283.64,14,14,18.26,0.2032,1.143,0.4572,2.54,2.794,2.413,1.651,1,20,1,2
B00210,B00210_R1,889,4,5,2.54,1.6002,301.9,1.6764,0.2032,283.64,14,14,18.26,2.54,1.9812,0.2032,1.6002,0.889,2.6416,2.7178,2,10,0,1
B00210,B00210_R2,890,5,5,2.54,1.6002,301.9,1.6764,0.2032,283.64,14,14,18.26,0.762,0.7112,0.4572,2.54,3.175,1.4224,2.6416,3,20,1,1
B00211,B00211_R2,891,1,5,1.0668,2.54,309.61,1.9812,0.7112,305.57,14,15,4.04,2.54,0.762,1.0668,0.7112,3.2512,1.1176,2.032,3,20,1,1
B00211,B00211_R1,892,2,5,1.0668,2.54,309.61,1.9812,0.7112,305.57,14,15,4.04,0.4572,2.54,0.2032,1.6002,1.1176,3.8608,1.1938,2,30,0,1
B00211,B00211_R2,893,3,5,1.0668,2.54,309.61,1.9812,0.7112,305.57,14,15,4.04,0.2032,0.762,1.6764,0.7112,2.6416,2.3368,2.032,1,30,1,2
B00211,B00211_R1,894,4,5,1.0668,2.54,309.61,1.9812,0.7112,305.57,14,15,4.04,2.54,1.9812,1.0668,2.032,2.032,2.3368,2.032,3,10,0,3
B00211,B00211_R1,895,5,5,1.0668,2.54,309.61,1.9812,0.7112,305.57,14,15,4.04,0.4572,2.54,2.54,1.9812,1.1176,3.8608,2.6416,3,30,0,2
B00212,B00212_R2,896,1,3,1.0668,2.032,316.7,1.6764,0.7112,301.56,15,15,15.14,1.6764,0.2032,0.2032,1.9812,2.9464,0.508,3.2512,2,30,1,1
B00212,B00212_R1,897,2,3,1.0668,2.032,316.7,1.6764,0.7112,301.56,15,15,15.14,2.286,0.2032,0.2032,1.9812,3.556,1.1176,3.8608,2,10,0,1
B00212,B00212_R2,898,3,3,1.0668,2.032,316.7,1.6764,0.7112,301.56,15,15,15.14,2.286,0.2032,0.2032,1.6002,3.556,1.1176,3.4798,2,10,1,2
B00213,B00213_R1,899,1,1,0.2032,1.9812,315.0,0.2032,1.6002,319.8,15,16,-4.8,0.2032,0.762,1.0668,2.54,1.7272,1.3462,2.6416,1,20,0,1
B00214,B00214_R2,900,1,4,1.0668,2.54,293.36,0.2032,1.6002,281.43,14,14,11.93,0.762,0.2032,0.2032,1.9812,3.2512,1.9558,2.3368,2,20,1,2
B00214,B00214_R1,901,2,4,1.0668,2.54,293.36,0.2032,1.6002,281.43,14,14,11.93,1.6764,0.7112,0.2032,1.9812,2.9464,2.8702,3.2512,2,30,0,2
B00214,B00214_R2,902,3,4,1.0668,2.54,293.36,0.2032,1.6002,281.43,14,14,11.93,0.2032,1.143,1.0668,0.7112,2.2606,0.9652,1.8034,1,30,1,1
B00214,B00214_R1,903,4,4,1.0668,2.54,293.36,0.2032,1.6002,281.43,14,14,11.93,1.9812,2.032,2.54,1.9812,1.4224,2.7178,1.1176,3,30,0,1
B00215,B00215_R1,904,1,3,0.2032,1.9812,303.89,0.2032,1.9812,289.95,14,14,13.94,0.2032,0.762,1.9812,0.2032,1.7272,1.7272,2.3368,1,20,0,1
B00215,B00215_R2,905,2,3,0.2032,1.9812,303.89,0.2032,1.9812,289.95,14,14,13.94,0.2032,1.143,2.286,2.54,1.3462,1.3462,3.4798,1,20,1,1
B00215,B00215_R2,906,3,3,0.2032,1.9812,303.89,0.2032,1.9812,289.95,14,14,13.94,2.286,2.54,2.54,1.143,2.6416,2.6416,1.651,3,30,1,2
B00216,B00216_R1,907,1,6,1.9812,0.2032,284.94,2.54,1.143,293.06,14,14,-8.12,1.6764,2.54,0.2032,1.6002,3.2512,2.2606,2.413,2,10,0,3
B00216,B00216_R2,908,2,6,1.9812,0.2032,284.94,2.54,1.143,293.06,14,14,-8.12,0.2032,0.762,1.9812,0.7112,2.3368,2.7178,2.3368,1,20,1,3
B00216,B00216_R1,909,3,6,1.9812,0.2032,284.94,2.54,1.143,293.06,14,14,-8.12,0.762,2.54,2.54,1.6002,3.556,3.175,2.7178,3,20,0,2
B00216,B00216_R2,910,4,6,1.9812,0.2032,284.94,2.54,1.143,293.06,14,14,-8.12,2.54,1.9812,0.2032,1.6002,2.3368,1.3462,2.7178,2,30,1,1
B00216,B00216_R2,911,5,6,1.9812,0.2032,284.94,2.54,1.143,293.06,14,14,-8.12,0.762,2.032,0.2032,1.6002,3.556,3.175,1.4986,2,10,1,2
B00216,B00216_R1,912,6,6,1.9812,0.2032,284.94,2.54,1.143,293.06,14,14,-8.12,1.9812,0.2032,0.2032,1.9812,0.0,1.4986,3.556,2,30,0,1
B00217,B00217_R1,913,1,3,0.2032,1.6002,311.69,1.9812,0.7112,323.11,15,16,-11.42,0.762,0.7112,0.2032,1.9812,1.9558,1.7272,2.3368,2,30,0,2
B00217,B00217_R2,914,2,3,0.2032,1.6002,311.69,1.9812,0.7112,323.11,15,16,-11.42,0.762,0.7112,1.6764,2.032,1.9558,1.7272,3.2512,3,10,1,1
B00217,B00217_R1,915,3,3,0.2032,1.6002,311.69,1.9812,0.7112,323.11,15,16,-11.42,0.2032,0.762,1.9812,0.2032,1.3462,2.3368,2.3368,1,20,0,1
B00218,B00218_R2,916,1,7,0.2032,1.9812,324.52,1.6764,2.032,308.59,15,15,15.93,2.54,1.143,2.286,2.54,3.175,2.2606,1.651,3,20,1,3
B00218,B00218_R1,917,2,7,0.2032,1.9812,324.52,1.6764,2.032,308.59,15,15,15.93,0.2032,1.143,0.4572,0.2032,1.3462,2.8702,1.1938,1,30,0,1
B00218,B00218_R1,918,3,7,0.2032,1.9812,324.52,1.6764,2.032,308.59,15,15,15.93,0.2032,0.762,1.6764,2.54,1.7272,3.2512,3.2512,1,10,0,3
B00218,B00218_R2,919,4,7,0.2032,1.9812,324.52,1.6764,2.032,308.59,15,15,15.93,0.762,2.54,1.0668,2.54,1.1176,1.4224,0.8128,3,30,1,1
B00218,B00218_R2,920,5,7,0.2032,1.9812,324.52,1.6764,2.032,308.59,15,15,15.93,1.0668,2.032,1.6764,2.54,1.4224,1.1176,1.1176,3,30,1,2
B00218,B00218_R2,921,6,7,0.2032,1.9812,324.52,1.6764,2.032,308.59,15,15,15.93,1.9812,2.54,0.2032,1.6002,2.3368,0.8128,2.7178,2,20,1,4
B00218,B00218_R1,922,7,7,0.2032,1.9812,324.52,1.6764,2.032,308.59,15,15,15.93,0.762,0.2032,0.2032,1.6002,2.3368,3.2512,1.9558,2,30,0,2
B00219,B00219_R2,923,1,2,1.6764,2.54,339.65,0.2032,1.6002,344.75,16,17,-5.1,0.2032,0.762,2.286,0.2032,3.2512,1.3462,2.6416,1,20,1,1
B00219,B00219_R1,924,2,2,1.6764,2.54,339.65,0.2032,1.6002,344.75,16,17,-5.1,1.6764,2.54,1.0668,0.7112,0.0,2.413,2.9464,3,20,0,1
B00220,B00220_R1,925,1,2,1.0668,0.7112,334.45,2.286,0.2032,332.42,16,17,2.03,1.0668,0.7112,0.2032,1.6002,0.0,1.7272,2.2606,2,10,0,1
B00220,B00220_R2,926,2,2,1.0668,0.7112,334.45,2.286,0.2032,332.42,16,17,2.03,2.54,0.762,0.2032,1.6002,2.032,0.8128,3.175,2,10,1,1
B00221,B00221_R1,927,1,3,0.2032,1.6002,304.88,0.2032,1.6002,321.9,15,16,-17.02,0.2032,0.762,1.0668,0.2032,1.3462,1.3462,1.4224,1,20,0,1
B00221,B00221_R1,928,2,3,0.2032,1.6002,304.88,0.2032,1.6002,321.9,15,16,-17.02,0.762,0.7112,0.2032,1.9812,1.9558,1.9558,2.3368,2,20,0,2
B00221,B00221_R2,929,3,3,0.2032,1.6002,304.88,0.2032,1.6002,321.9,15,16,-17.02,0.2032,1.143,2.54,1.9812,0.9652,0.9652,3.175,1,10,1,1
B00222,B00222_R1,930,1,4,0.2032,1.9812,253.46,2.54,1.9812,258.07,13,13,-4.61,2.54,0.762,0.2032,1.6002,3.556,1.7272,3.175,2,10,0,2
B00222,B00222_R2,931,2,4,0.2032,1.9812,253.46,2.54,1.9812,258.07,13,13,-4.61,2.54,1.6002,0.2032,1.9812,2.7178,0.889,2.7178,2,10,1,1
B00222,B00222_R1,932,3,4,0.2032,1.9812,253.46,2.54,1.9812,258.07,13,13,-4.61,0.2032,1.143,1.6764,0.7112,1.3462,3.175,2.413,1,10,0,1
B00222,B00222_R2,933,4,4,0.2032,1.9812,253.46,2.54,1.9812,258.07,13,13,-4.61,1.0668,2.032,0.4572,2.54,1.4224,2.032,1.1176,3,10,1,2
B00223,B00223_R2,934,1,3,0.2032,1.6002,273.41,0.4572,2.54,266.29,14,14,7.12,2.286,0.2032,0.2032,1.9812,3.4798,4.1656,3.8608,2,20,1,2
B00223,B00223_R2,935,2,3,0.2032,1.6002,273.41,0.4572,2.54,266.29,14,14,7.12,0.2032,1.143,1.6764,0.2032,0.9652,1.651,2.413,1,30,1,1
B00223,B00223_R1,936,3,3,0.2032,1.6002,273.41,0.4572,2.54,266.29,14,14,7.12,0.2032,1.143,1.9812,0.2032,0.9652,1.651,2.7178,1,20,0,1
B00224,B00224_R1,937,1,1,1.9812,0.2032,250.86,0.2032,1.9812,273.51,13,14,-22.65,0.762,0.2032,0.2032,1.9812,1.7272,2.3368,2.3368,2,10,0,1
B00225,B00225_R2,938,1,7,0.2032,1.9812,234.63,0.2032,1.9812,244.05,12,12,-9.42,2.54,1.143,0.2032,1.9812,3.175,3.175,3.175,2,30,1,3
B00225,B00225_R1,939,2,7,0.2032,1.9812,234.63,0.2032,1.9812,244.05,12,12,-9.42,2.54,1.9812,0.2032,1.6002,2.9464,2.9464,2.7178,2,30,0,4
B00225,B00225_R1,940,3,7,0.2032,1.9812,234.63,0.2032,1.9812,244.05,12,12,-9.42,0.2032,1.143,1.9812,2.032,1.3462,1.3462,3.175,1,20,0,3
B00225,B00225_R2,941,4,7,0.2032,1.9812,234.63,0.2032,1.9812,244.05,12,12,-9.42,0.2032,0.762,1.0668,0.2032,1.7272,1.7272,1.4224,1,30,1,1
B00225,B00225_R2,942,5,7,0.2032,1.9812,234.63,0.2032,1.9812,244.05,12,12,-9.42,0.2032,1.143,1.9812,0.7112,1.3462,1.3462,2.7178,1,10,1,2
B00225,B00225_R1,943,6,7,0.2032,1.9812,234.63,0.2032,1.9812,244.05,12,12,-9.42,2.286,2.54,0.2032,1.6002,2.6416,2.6416,3.0226,2,10,0,2
B00225,B00225_R1,944,7,7,0.2032,1.9812,234.63,0.2032,1.9812,244.05,12,12,-9.42,1.6764,2.54,1.9812,2.032,2.032,2.032,0.8128,3,30,0,1
B00226,B00226_R1,945,1,2,0.2032,1.6002,286.12,0.2032,1.9812,270.31,15,13,15.81,0.2032,0.762,1.6764,2.032,1.3462,1.7272,3.2512,1,20,0,1
B00226,B00226_R2,946,2,2,0.2032,1.6002,286.12,0.2032,1.9812,270.31,15,13,15.81,0.2032,0.762,1.6764,2.54,1.3462,1.7272,3.2512,1,10,1,1
B00227,B00227_R2,947,1,3,1.6764,2.032,240.85,1.6764,2.54,233.85,12,11,7.0,0.2032,1.143,1.0668,0.2032,2.8702,2.8702,1.8034,1,30,1,1
B00227,B00227_R2,948,2,3,1.6764,2.032,240.85,1.6764,2.54,233.85,12,11,7.0,0.762,0.7112,0.762,2.032,3.2512,3.2512,2.9464,3,20,1,2
B00227,B00227_R1,949,3,3,1.6764,2.032,240.85,1.6764,2.54,233.85,12,11,7.0,0.2032,1.143,1.6764,2.032,2.8702,2.8702,2.8702,1,30,0,1
B00228,B00228_R2,950,1,2,1.6764,2.032,204.39,0.762,2.032,201.39,10,9,3.0,0.2032,0.762,1.9812,2.032,3.2512,2.3368,3.556,1,20,1,1
B00228,B00228_R1,951,2,2,1.6764,2.032,204.39,0.762,2.032,201.39,10,9,3.0,2.54,1.143,2.54,1.6002,2.2606,3.175,0.9652,3,20,0,1
B00229,B00229_R1,952,1,4,2.54,1.6002,115.02,1.9812,2.032,124.65,5,5,-9.63,0.2032,0.762,0.4572,0.2032,3.175,3.556,0.8128,1,30,0,1
B00229,B00229_R2,953,2,4,2.54,1.6002,115.02,1.9812,2.032,124.65,5,5,-9.63,1.6764,2.54,0.2032,1.9812,1.8034,0.8128,2.032,2,10,1,1
B00229,B00229_R2,954,3,4,2.54,1.6002,115.02,1.9812,2.032,124.65,5,5,-9.63,0.2032,1.143,2.54,0.762,2.794,3.175,2.7178,1,30,1,2
B00229,B00229_R1,955,4,4,2.54,1.6002,115.02,1.9812,2.032,124.65,5,5,-9.63,0.2032,0.762,1.6764,2.032,3.175,3.556,3.2512,1,20,0,2
B00230,B00230_R1,956,1,2,1.6764,2.032,126.54,2.54,0.762,113.82,6,5,12.72,1.6764,0.2032,0.2032,1.9812,2.9464,1.4224,3.2512,2,30,0,1
B00230,B00230_R2,957,2,2,1.6764,2.032,126.54,2.54,0.762,113.82,6,5,12.72,2.54,0.762,0.2032,1.6002,2.6416,0.0,3.175,2,10,1,1
B00231,B00231_R2,958,1,7,0.2032,1.9812,107.3,0.2032,1.6002,101.69,5,5,5.61,0.762,0.7112,0.2032,1.9812,2.3368,1.9558,2.3368,2,10,1,3
B00231,B00231_R1,959,2,7,0.2032,1.9812,107.3,0.2032,1.6002,101.69,5,5,5.61,2.54,0.762,0.4572,0.2032,3.556,3.175,2.6416,3,30,0,2
B00231,B00231_R2,960,3,7,0.2032,1.9812,107.3,0.2032,1.6002,101.69,5,5,5.61,0.2032,0.762,1.0668,0.2032,1.7272,1.3462,1.4224,1,20,1,1
B00231,B00231_R2,961,4,7,0.2032,1.9812,107.3,0.2032,1.6002,101.69,5,5,5.61,1.6764,2.54,0.2032,1.6002,2.032,2.413,2.413,2,30,1,4
B00231,B00231_R1,962,5,7,0.2032,1.9812,107.3,0.2032,1.6002,101.69,5,5,5.61,1.9812,0.7112,0.2032,1.6002,3.556,3.175,3.175,2,30,0,3
B00231,B00231_R1,963,6,7,0.2032,1.9812,107.3,0.2032,1.6002,101.69,5,5,5.61,0.2032,0.762,2.54,1.143,1.7272,1.3462,2.7178,1,10,0,1
B00231,B00231_R2,964,7,7,0.2032,1.9812,107.3,0.2032,1.6002,101.69,5,5,5.61,1.0668,0.2032,0.2032,1.6002,2.6416,2.2606,2.2606,2,10,1,2
B00232,B00232_R2,965,1,7,0.2032,1.6002,100.5,0.2032,1.6002,96.87,4,5,3.63,1.9812,0.2032,2.54,1.143,3.175,3.175,1.4986,3,20,1,2
B00232,B00232_R1,966,2,7,0.2032,1.6002,100.5,0.2032,1.6002,96.87,4,5,3.63,1.9812,2.032,0.2032,1.9812,2.7178,2.7178,2.3368,2,30,0,2
B00232,B00232_R1,967,3,7,0.2032,1.6002,100.5,0.2032,1.6002,96.87,4,5,3.63,0.2032,1.143,1.9812,2.032,0.9652,0.9652,3.175,1,10,0,1
B00232,B00232_R2,968,4,7,0.2032,1.6002,100.5,0.2032,1.6002,96.87,4,5,3.63,0.2032,0.762,1.9812,0.7112,1.3462,1.3462,2.3368,1,30,1,1
B00232,B00232_R2,969,5,7,0.2032,1.6002,100.5,0.2032,1.6002,96.87,4,5,3.63,2.286,2.54,0.2032,1.9812,3.0226,3.0226,2.6416,2,10,1,3
B00232,B00232_R2,970,6,7,0.2032,1.6002,100.5,0.2032,1.6002,96.87,4,5,3.63,1.9812,2.032,0.2032,1.9812,2.7178,2.7178,2.3368,2,30,1,4
B00232,B00232_R1,971,7,7,0.2032,1.6002,100.5,0.2032,1.6002,96.87,4,5,3.63,1.0668,0.7112,0.2032,1.6002,2.2606,2.2606,2.2606,2,30,0,3
B00233,B00233_R1,972,1,6,0.2032,1.6002,123.13,0.2032,1.9812,147.26,6,8,-24.13,0.2032,1.143,1.9812,2.032,0.9652,1.3462,3.175,1,30,0,1
B00233,B00233_R1,973,2,6,0.2032,1.6002,123.13,0.2032,1.9812,147.26,6,8,-24.13,1.9812,2.54,1.6764,0.2032,2.7178,2.3368,3.2512,3,20,0,4
B00233,B00233_R1,974,3,6,0.2032,1.6002,123.13,0.2032,1.9812,147.26,6,8,-24.13,1.6764,2.032,0.2032,1.6002,2.413,2.032,2.413,2,10,0,2
B00233,B00233_R1,975,4,6,0.2032,1.6002,123.13,0.2032,1.9812,147.26,6,8,-24.13,0.2032,1.143,1.9812,2.54,0.9652,1.3462,3.175,1,20,0,3
B00233,B00233_R2,976,5,6,0.2032,1.6002,123.13,0.2032,1.9812,147.26,6,8,-24.13,0.4572,2.54,2.286,0.2032,1.1938,0.8128,4.1656,3,30,1,1
B00233,B00233_R2,977,6,6,0.2032,1.6002,123.13,0.2032,1.9812,147.26,6,8,-24.13,0.2032,0.762,2.286,2.54,1.3462,1.7272,3.8608,1,20,1,2
B00234,B00234_R2,978,1,4,1.6764,0.2032,160.68,2.286,2.54,174.94,8,8,-14.26,2.286,2.54,0.2032,1.6002,2.9464,0.0,3.0226,2,30,1,1
B00234,B00234_R1,979,2,4,1.6764,0.2032,160.68,2.286,2.54,174.94,8,8,-14.26,0.762,0.2032,0.2032,1.9812,1.4224,3.8608,2.3368,2,10,0,1
B00234,B00234_R1,980,3,4,1.6764,0.2032,160.68,2.286,2.54,174.94,8,8,-14.26,0.762,2.032,0.2032,1.6002,3.2512,2.032,1.4986,2,10,0,2
B00234,B00234_R2,981,4,4,1.6764,0.2032,160.68,2.286,2.54,174.94,8,8,-14.26,0.2032,0.762,1.0668,2.032,2.032,3.8608,2.6416,1,10,1,2
B00235,B00235_R1,982,1,3,0.2032,1.6002,122.41,1.0668,2.032,144.38,7,6,-21.97,2.286,0.2032,0.2032,1.6002,3.4798,3.556,3.4798,2,10,0,2
B00235,B00235_R1,983,2,3,0.2032,1.6002,122.41,1.0668,2.032,144.38,7,6,-21.97,0.2032,1.143,2.286,2.54,0.9652,2.2606,3.4798,1,30,0,1
B00235,B00235_R2,984,3,3,0.2032,1.6002,122.41,1.0668,2.032,144.38,7,6,-21.97,1.9812,2.032,0.4572,2.54,2.7178,1.4224,2.032,3,20,1,1
B00236,B00236_R2,985,1,4,0.2032,1.6002,143.38,0.4572,2.54,128.85,7,6,14.53,0.2032,0.762,1.9812,2.032,1.3462,2.032,3.556,1,30,1,1
B00236,B00236_R1,986,2,4,0.2032,1.6002,143.38,0.4572,2.54,128.85,7,6,14.53,0.2032,1.143,0.762,0.2032,0.9652,1.651,1.4986,1,10,0,1
B00236,B00236_R2,987,3,4,0.2032,1.6002,143.38,0.4572,2.54,128.85,7,6,14.53,2.286,2.54,2.54,1.143,3.0226,2.3368,1.651,3,20,1,2
B00236,B00236_R1,988,4,4,0.2032,1.6002,143.38,0.4572,2.54,128.85,7,6,14.53,0.2032,0.762,1.9812,0.7112,1.3462,2.032,2.3368,1,20,0,2
B00237,B00237_R2,989,1,1,1.9812,0.7112,104.21,2.54,1.143,85.17,5,4,19.04,0.2032,1.143,1.9812,0.2032,2.7178,2.3368,2.7178,1,10,1,1
B00238,B00238_R2,990,1,4,1.9812,0.7112,64.33,1.9812,0.2032,76.15,3,4,-11.82,0.2032,1.143,2.54,1.9812,2.7178,2.7178,3.175,1,10,1,2
B00238,B00238_R1,991,2,4,1.9812,0.7112,64.33,1.9812,0.2032,76.15,3,4,-11.82,0.2032,1.143,2.54,1.9812,2.7178,2.7178,3.175,1,10,0,2
B00238,B00238_R2,992,3,4,1.9812,0.7112,64.33,1.9812,0.2032,76.15,3,4,-11.82,1.9812,0.2032,0.2032,1.9812,0.508,0.0,3.556,2,30,1,1
B00238,B00238_R1,993,4,4,1.9812,0.7112,64.33,1.9812,0.2032,76.15,3,4,-11.82,0.2032,0.762,1.9812,0.7112,2.3368,2.3368,2.3368,1,10,0,1
B00239,B00239_R1,994,1,4,2.54,1.9812,82.27,2.54,1.9812,79.36,4,4,2.91,1.6764,2.032,0.2032,1.6002,1.4224,1.4224,2.413,2,30,0,1
B00239,B00239_R1,995,2,4,2.54,1.9812,82.27,2.54,1.9812,79.36,4,4,2.91,0.2032,0.762,1.9812,2.54,3.556,3.556,3.556,1,10,0,2
B00239,B00239_R2,996,3,4,2.54,1.9812,82.27,2.54,1.9812,79.36,4,4,2.91,2.54,1.143,0.2032,1.6002,1.3462,1.3462,2.794,2,10,1,1
B00239,B00239_R2,997,4,4,2.54,1.9812,82.27,2.54,1.9812,79.36,4,4,2.91,0.2032,0.762,2.54,1.9812,3.556,3.556,3.556,1,20,1,2
B00240,B00240_R2,998,1,3,1.9812,2.54,99.2,2.54,1.9812,91.58,4,4,7.62,0.762,2.032,0.2032,1.9812,1.7272,2.3368,1.1176,2,20,1,2
B00240,B00240_R2,999,2,3,1.9812,2.54,99.2,2.54,1.9812,91.58,4,4,7.62,2.54,1.6002,0.2032,1.6002,1.4986,0.889,2.3368,2,20,1,1
B00240,B00240_R1,1000,3,3,1.9812,2.54,99.2,2.54,1.9812,91.58,4,4,7.62,1.6764,2.032,1.6764,0.2032,0.8128,1.4224,2.9464,3,30,0,1
B00241,B00241_R1,1001,1,6,1.6764,0.2032,37.88,0.2032,1.9812,49.59,2,3,-11.71,2.286,0.2032,0.2032,1.9812,1.1176,3.8608,3.8608,2,20,0,2
B00241,B00241_R2,1002,2,6,1.6764,0.2032,37.88,0.2032,1.9812,49.59,2,3,-11.71,1.0668,0.2032,0.2032,1.6002,1.1176,2.6416,2.2606,2,30,1,2
B00241,B00241_R2,1003,3,6,1.6764,0.2032,37.88,0.2032,1.9812,49.59,2,3,-11.71,2.54,1.143,0.2032,1.6002,1.8034,3.175,2.794,2,30,1,3
B00241,B00241_R1,1004,4,6,1.6764,0.2032,37.88,0.2032,1.9812,49.59,2,3,-11.71,1.0668,2.54,0.2032,1.9812,2.9464,1.4224,1.4224,2,30,0,3
B00241,B00241_R1,1005,5,6,1.6764,0.2032,37.88,0.2032,1.9812,49.59,2,3,-11.71,2.54,1.143,1.6764,0.2032,1.8034,3.175,1.8034,3,20,0,1
B00241,B00241_R2,1006,6,6,1.6764,0.2032,37.88,0.2032,1.9812,49.59,2,3,-11.71,0.2032,0.762,1.0668,0.2032,2.032,1.7272,1.4224,1,30,1,1
B00242,B00242_R1,1007,1,3,0.2032,1.9812,53.0,0.2032,1.6002,68.82,3,4,-15.82,0.2032,0.762,2.54,1.6002,1.7272,1.3462,3.175,1,20,0,2
B00242,B00242_R2,1008,2,3,0.2032,1.9812,53.0,0.2032,1.6002,68.82,3,4,-15.82,2.54,1.143,1.9812,2.032,3.175,2.794,1.9558,3,30,1,1
B00242,B00242_R1,1009,3,3,0.2032,1.9812,53.0,0.2032,1.6002,68.82,3,4,-15.82,0.4572,2.54,0.4572,0.2032,0.8128,1.1938,2.3368,3,10,0,1
B00243,B00243_R2,1010,1,3,2.54,1.6002,57.4,1.9812,2.032,64.73,3,3,-7.33,1.0668,2.032,0.2032,1.6002,2.413,1.4224,1.8034,2,30,1,1
B00243,B00243_R2,1011,2,3,2.54,1.6002,57.4,1.9812,2.032,64.73,3,3,-7.33,0.2032,0.762,0.762,2.032,3.175,3.556,2.3368,1,20,1,2
B00243,B00243_R1,1012,3,3,2.54,1.6002,57.4,1.9812,2.032,64.73,3,3,-7.33,0.2032,1.143,1.6764,2.032,2.794,3.175,2.8702,1,20,0,1
B00244,B00244_R1,1013,1,6,1.6764,2.032,50.1,0.762,2.032,64.02,2,3,-13.92,1.9812,2.032,0.2032,1.6002,0.8128,1.7272,2.7178,2,20,0,1
B00244,B00244_R2,1014,2,6,1.6764,2.032,50.1,0.762,2.032,64.02,2,3,-13.92,1.0668,2.54,0.2032,1.6002,1.1176,0.8128,1.8034,2,20,1,1
B00244,B00244_R2,1015,3,6,1.6764,2.032,50.1,0.762,2.032,64.02,2,3,-13.92,0.2032,0.762,0.762,2.54,3.2512,2.3368,2.3368,1,20,1,3
B00244,B00244_R2,1016,4,6,1.6764,2.032,50.1,0.762,2.032,64.02,2,3,-13.92,0.762,0.7112,0.2032,1.6002,3.2512,2.9464,1.9558,2,10,1,2
B00244,B00244_R1,1017,5,6,1.6764,2.032,50.1,0.762,2.032,64.02,2,3,-13.92,0.2032,1.143,2.54,1.6002,2.8702,1.9558,2.794,1,30,0,2
B00244,B00244_R1,1018,6,6,1.6764,2.032,50.1,0.762,2.032,64.02,2,3,-13.92,1.9812,0.7112,0.2032,1.9812,3.2512,3.556,3.556,2,10,0,3
B00245,B00245_R2,1019,1,7,0.2032,1.9812,41.79,0.762,2.54,52.1,2,3,-10.31,2.286,2.54,0.2032,1.6002,2.6416,2.032,3.0226,2,20,1,2
B00245,B00245_R1,1020,2,7,0.2032,1.9812,41.79,0.762,2.54,52.1,2,3,-10.31,1.6764,0.7112,2.54,1.9812,3.2512,3.2512,2.6416,3,30,0,4
B00245,B00245_R1,1021,3,7,0.2032,1.9812,41.79,0.762,2.54,52.1,2,3,-10.31,0.2032,1.143,0.4572,0.2032,1.3462,1.9558,1.1938,1,10,0,1
B00245,B00245_R1,1022,4,7,0.2032,1.9812,41.79,0.762,2.54,52.1,2,3,-10.31,0.2032,0.762,1.0668,0.7112,1.7272,2.3368,1.4224,1,20,0,3
B00245,B00245_R1,1023,5,7,0.2032,1.9812,41.79,0.762,2.54,52.1,2,3,-10.31,0.2032,1.143,0.762,0.2032,1.3462,1.9558,1.4986,1,10,0,2
B00245,B00245_R2,1024,6,7,0.2032,1.9812,41.79,0.762,2.54,52.1,2,3,-10.31,0.2032,0.762,1.6764,2.54,1.7272,2.3368,3.2512,1,30,1,3
B00245,B00245_R2,1025,7,7,0.2032,1.9812,41.79,0.762,2.54,52.1,2,3,-10.31,1.0668,2.54,1.9812,2.032,1.4224,0.8128,1.4224,3,10,1,1
B00246,B00246_R1,1026,1,2,2.54,1.9812,69.53,1.6764,2.54,80.65,4,4,-11.12,0.2032,1.143,1.6764,2.032,3.175,2.8702,2.8702,1,20,0,1
B00246,B00246_R2,1027,2,2,2.54,1.9812,69.53,1.6764,2.54,80.65,4,4,-11.12,1.6764,2.54,0.2032,1.6002,1.4224,0.0,2.413,2,20,1,1
B00247,B00247_R1,1028,1,2,1.6764,2.032,66.73,0.2032,1.6002,60.82,3,3,5.91,0.4572,2.54,0.2032,1.9812,1.7272,1.1938,0.8128,2,30,0,1
B00247,B00247_R2,1029,2,2,1.6764,2.032,66.73,0.2032,1.6002,60.82,3,3,5.91,0.762,0.2032,0.762,2.032,3.2512,1.9558,2.9464,3,20,1,1
B00248,B00248_R2,1030,1,7,0.2032,1.9812,59.32,0.762,2.032,54.21,3,3,5.11,0.2032,1.143,1.6764,2.032,1.3462,1.9558,2.8702,1,10,1,4
B00248,B00248_R1,1031,2,7,0.2032,1.9812,59.32,0.762,2.032,54.21,3,3,5.11,0.2032,0.762,2.54,0.762,1.7272,2.3368,2.9464,1,10,0,3
B00248,B00248_R2,1032,3,7,0.2032,1.9812,59.32,0.762,2.032,54.21,3,3,5.11,0.2032,1.143,1.6764,2.54,1.3462,1.9558,2.8702,1,10,1,3
B00248,B00248_R1,1033,4,7,0.2032,1.9812,59.32,0.762,2.032,54.21,3,3,5.11,0.2032,0.762,2.54,1.143,1.7272,2.3368,2.7178,1,10,0,1
B00248,B00248_R2,1034,5,7,0.2032,1.9812,59.32,0.762,2.032,54.21,3,3,5.11,1.6764,2.032,0.2032,1.6002,2.032,1.4224,2.413,2,10,1,2
B00248,B00248_R1,1035,6,7,0.2032,1.9812,59.32,0.762,2.032,54.21,3,3,5.11,2.54,1.143,0.2032,1.6002,3.175,3.175,2.794,2,10,0,2
B00248,B00248_R2,1036,7,7,0.2032,1.9812,59.32,0.762,2.032,54.21,3,3,5.11,0.762,2.032,1.9812,2.54,1.1176,0.0,1.7272,3,20,1,1
B00249,B00249_R1,1037,1,1,2.54,0.762,77.34,1.6764,2.032,95.98,4,5,-18.64,0.762,0.7112,0.2032,1.9812,2.3368,3.2512,2.3368,2,20,0,1
B00250,B00250_R1,1038,1,3,0.2032,1.9812,64.42,1.6764,2.032,65.33,3,3,-0.91,0.4572,0.2032,0.2032,1.9812,2.032,3.556,2.032,2,20,0,2
B00250,B00250_R2,1039,2,3,0.2032,1.9812,64.42,1.6764,2.032,65.33,3,3,-0.91,0.762,2.032,0.2032,1.6002,1.1176,1.4224,1.4986,2,20,1,1
B00250,B00250_R1,1040,3,3,0.2032,1.9812,64.42,1.6764,2.032,65.33,3,3,-0.91,0.762,2.032,0.2032,1.6002,1.1176,1.4224,1.4986,2,20,0,1
B00251,B00251_R2,1041,1,5,0.2032,1.9812,66.53,0.2032,1.6002,46.19,4,2,20.34,1.9812,0.2032,0.762,2.54,3.556,3.175,3.556,3,20,1,3
B00251,B00251_R1,1042,2,5,0.2032,1.9812,66.53,0.2032,1.6002,46.19,4,2,20.34,1.0668,0.2032,0.2032,1.6002,2.6416,2.2606,2.2606,2,30,0,1
B00251,B00251_R2,1043,3,5,0.2032,1.9812,66.53,0.2032,1.6002,46.19,4,2,20.34,2.286,0.2032,1.0668,0.7112,3.8608,3.4798,1.7272,3,20,1,2
B00251,B00251_R2,1044,4,5,0.2032,1.9812,66.53,0.2032,1.6002,46.19,4,2,20.34,2.286,0.2032,1.6764,0.2032,3.8608,3.4798,1.1176,3,10,1,1
B00251,B00251_R1,1045,5,5,0.2032,1.9812,66.53,0.2032,1.6002,46.19,4,2,20.34,1.9812,0.2032,0.2032,1.6002,3.556,3.175,3.175,2,10,0,2
B00252,B00252_R1,1046,1,7,0.2032,1.6002,85.88,0.762,2.54,72.54,4,4,13.34,0.2032,0.762,0.762,2.54,1.3462,2.3368,2.3368,1,30,0,3
B00252,B00252_R2,1047,2,7,0.2032,1.6002,85.88,0.762,2.54,72.54,4,4,13.34,2.54,0.762,0.2032,1.9812,3.175,3.556,3.556,2,20,1,4
B00252,B00252_R1,1048,3,7,0.2032,1.6002,85.88,0.762,2.54,72.54,4,4,13.34,2.54,0.762,0.2032,1.6002,3.175,3.556,3.175,2,30,0,2
B00252,B00252_R2,1049,4,7,0.2032,1.6002,85.88,0.762,2.54,72.54,4,4,13.34,0.2032,1.143,0.4572,2.54,0.9652,1.9558,1.651,1,10,1,2
B00252,B00252_R1,1050,5,7,0.2032,1.6002,85.88,0.762,2.54,72.54,4,4,13.34,1.0668,0.7112,1.9812,0.2032,2.2606,3.2512,1.4224,3,30,0,1
B00252,B00252_R2,1051,6,7,0.2032,1.6002,85.88,0.762,2.54,72.54,4,4,13.34,0.762,2.54,0.2032,1.6002,1.4986,0.0,1.4986,2,30,1,1
B00252,B00252_R2,1052,7,7,0.2032,1.6002,85.88,0.762,2.54,72.54,4,4,13.34,1.9812,2.032,0.2032,1.9812,2.7178,1.7272,2.3368,2,10,1,3
B00253,B00253_R2,1053,1,4,0.762,2.54,120.44,0.2032,1.9812,121.04,5,6,-0.6,0.2032,1.143,2.54,1.143,1.9558,1.3462,2.3368,1,10,1,1
B00253,B00253_R1,1054,2,4,0.762,2.54,120.44,0.2032,1.9812,121.04,5,6,-0.6,0.2032,1.143,0.762,0.7112,1.9558,1.3462,1.4986,1,30,0,1
B00253,B00253_R1,1055,3,4,0.762,2.54,120.44,0.2032,1.9812,121.04,5,6,-0.6,0.2032,0.762,1.6764,0.2032,2.3368,1.7272,2.032,1,20,0,2
B00253,B00253_R2,1056,4,4,0.762,2.54,120.44,0.2032,1.9812,121.04,5,6,-0.6,2.54,0.762,0.2032,1.9812,3.556,3.556,3.556,2,10,1,2
B00254,B00254_R1,1057,1,4,1.6764,0.2032,102.09,0.2032,1.9812,129.66,5,6,-27.57,1.6764,0.7112,0.2032,1.9812,0.508,3.2512,3.2512,2,10,0,3
B00254,B00254_R1,1058,2,4,1.6764,0.2032,102.09,0.2032,1.9812,129.66,5,6,-27.57,0.2032,1.143,2.54,1.6002,2.413,1.3462,2.794,1,20,0,2
B00254,B00254_R2,1059,3,4,1.6764,0.2032,102.09,0.2032,1.9812,129.66,5,6,-27.57,1.6764,2.54,1.9812,2.032,2.9464,2.032,0.8128,3,20,1,1
B00254,B00254_R1,1060,4,4,1.6764,0.2032,102.09,0.2032,1.9812,129.66,5,6,-27.57,1.6764,0.2032,0.2032,1.6002,0.0,3.2512,2.8702,2,20,0,1
B00255,B00255_R2,1061,1,3,0.2032,1.9812,140.07,1.9812,2.032,118.64,7,5,21.43,0.2032,0.762,1.9812,0.2032,1.7272,3.556,2.3368,1,10,1,1
B00255,B00255_R1,1062,2,3,0.2032,1.9812,140.07,1.9812,2.032,118.64,7,5,21.43,0.4572,0.2032,1.0668,0.2032,2.032,3.8608,1.1176,3,10,0,1
B00255,B00255_R2,1063,3,3,0.2032,1.9812,140.07,1.9812,2.032,118.64,7,5,21.43,1.9812,0.2032,0.2032,1.6002,3.556,2.9464,3.175,2,30,1,2
B00256,B00256_R1,1064,1,6,1.0668,0.2032,115.71,0.2032,1.6002,126.15,6,6,-10.44,1.6764,0.2032,1.6764,2.54,1.1176,2.8702,2.9464,3,10,0,1
B00256,B00256_R2,1065,2,6,1.0668,0.2032,115.71,0.2032,1.6002,126.15,6,6,-10.44,2.54,1.143,0.2032,1.6002,2.413,2.794,2.794,2,30,1,3
B00256,B00256_R2,1066,3,6,1.0668,0.2032,115.71,0.2032,1.6002,126.15,6,6,-10.44,0.2032,1.143,0.762,2.032,1.8034,0.9652,1.9558,1,30,1,1
B00256,B00256_R1,1067,4,6,1.0668,0.2032,115.71,0.2032,1.6002,126.15,6,6,-10.44,1.9812,0.7112,0.2032,1.6002,1.4224,3.175,3.175,2,30,0,3
B00256,B00256_R1,1068,5,6,1.0668,0.2032,115.71,0.2032,1.6002,126.15,6,6,-10.44,1.6764,2.54,1.9812,0.2032,2.9464,2.413,3.2512,3,30,0,2
B00256,B00256_R2,1069,6,6,1.0668,0.2032,115.71,0.2032,1.6002,126.15,6,6,-10.44,1.6764,2.032,0.2032,1.6002,2.9464,2.413,2.413,2,10,1,2
B00257,B00257_R2,1070,1,3,0.2032,1.6002,145.77,0.2032,1.6002,148.79,7,7,-3.02,1.6764,0.7112,0.762,2.54,2.8702,2.8702,3.2512,3,30,1,1
B00257,B00257_R1,1071,2,3,0.2032,1.6002,145.77,0.2032,1.6002,148.79,7,7,-3.02,0.4572,0.2032,0.2032,1.6002,1.651,1.651,1.651,2,30,0,1
B00257,B00257_R1,1072,3,3,0.2032,1.6002,145.77,0.2032,1.6002,148.79,7,7,-3.02,0.2032,0.762,1.9812,2.032,1.3462,1.3462,3.556,1,20,0,2
B00258,B00258_R2,1073,1,4,1.9812,2.032,80.75,0.762,2.54,70.75,4,3,10.0,1.6764,0.7112,1.6764,2.032,3.2512,3.2512,2.9464,3,10,1,3
B00258,B00258_R2,1074,2,4,1.9812,2.032,80.75,0.762,2.54,70.75,4,3,10.0,1.0668,2.032,1.6764,0.7112,1.4224,0.8128,2.9464,3,30,1,2
B00258,B00258_R2,1075,3,4,1.9812,2.032,80.75,0.762,2.54,70.75,4,3,10.0,0.4572,2.54,1.0668,2.54,2.032,0.8128,1.1176,3,30,1,1
B00258,B00258_R1,1076,4,4,1.9812,2.032,80.75,0.762,2.54,70.75,4,3,10.0,1.6764,2.54,0.2032,1.6002,0.8128,1.4224,2.413,2,30,0,1
B00259,B00259_R2,1077,1,6,0.2032,1.6002,25.14,1.6764,2.032,37.27,2,2,-12.13,1.9812,0.2032,0.2032,1.9812,3.175,3.2512,3.556,2,20,1,3
B00259,B00259_R1,1078,2,6,0.2032,1.6002,25.14,1.6764,2.032,37.27,2,2,-12.13,0.2032,1.143,1.9812,2.032,0.9652,2.8702,3.175,1,10,0,3
B00259,B00259_R1,1079,3,6,0.2032,1.6002,25.14,1.6764,2.032,37.27,2,2,-12.13,0.2032,1.143,2.286,0.2032,0.9652,2.8702,3.0226,1,30,0,1
B00259,B00259_R2,1080,4,6,0.2032,1.6002,25.14,1.6764,2.032,37.27,2,2,-12.13,0.762,2.54,0.2032,1.6002,1.4986,1.4224,1.4986,2,30,1,1
B00259,B00259_R2,1081,5,6,0.2032,1.6002,25.14,1.6764,2.032,37.27,2,2,-12.13,0.2032,0.762,2.54,0.762,1.3462,3.2512,2.9464,1,20,1,2
B00259,B00259_R1,1082,6,6,0.2032,1.6002,25.14,1.6764,2.032,37.27,2,2,-12.13,1.0668,0.2032,0.2032,1.9812,2.2606,2.9464,2.6416,2,20,0,2
B00260,B00260_R1,1083,1,4,1.9812,2.032,62.03,0.2032,1.9812,64.92,3,3,-2.89,1.9812,0.2032,0.2032,1.6002,2.9464,3.556,3.175,2,20,0,2
B00260,B00260_R2,1084,2,4,1.9812,2.032,62.03,0.2032,1.9812,64.92,3,3,-2.89,0.2032,0.762,2.286,2.54,3.556,1.7272,3.8608,1,30,1,1
B00260,B00260_R1,1085,3,4,1.9812,2.032,62.03,0.2032,1.9812,64.92,3,3,-2.89,2.286,0.2032,2.286,2.54,2.6416,3.8608,2.3368,3,10,0,1
B00260,B00260_R2,1086,4,4,1.9812,2.032,62.03,0.2032,1.9812,64.92,3,3,-2.89,2.54,0.762,0.2032,1.9812,2.3368,3.556,3.556,2,30,1,2
B00261,B00261_R1,1087,1,6,0.2032,1.6002,78.46,0.2032,1.9812,95.2,3,4,-16.74,0.2032,1.143,2.54,0.762,0.9652,1.3462,2.7178,1,20,0,3
B00261,B00261_R1,1088,2,6,0.2032,1.6002,78.46,0.2032,1.9812,95.2,3,4,-16.74,0.2032,1.143,0.762,2.032,0.9652,1.3462,1.9558,1,30,0,1
B00261,B00261_R1,1089,3,6,0.2032,1.6002,78.46,0.2032,1.9812,95.2,3,4,-16.74,2.54,0.762,1.6764,2.032,3.175,3.556,2.6416,3,20,0,4
B00261,B00261_R2,1090,4,6,0.2032,1.6002,78.46,0.2032,1.9812,95.2,3,4,-16.74,1.9812,0.7112,0.2032,1.9812,3.175,3.556,3.556,2,10,1,2
B00261,B00261_R2,1091,5,6,0.2032,1.6002,78.46,0.2032,1.9812,95.2,3,4,-16.74,0.2032,1.143,1.6764,0.7112,0.9652,1.3462,2.413,1,30,1,1
B00261,B00261_R1,1092,6,6,0.2032,1.6002,78.46,0.2032,1.9812,95.2,3,4,-16.74,0.4572,2.54,0.2032,1.9812,1.1938,0.8128,0.8128,2,30,0,2
B00262,B00262_R2,1093,1,3,1.6764,2.032,61.61,0.2032,1.9812,44.09,4,2,17.52,0.2032,0.762,0.4572,0.2032,3.2512,1.7272,0.8128,1,10,1,1
B00262,B00262_R1,1094,2,3,1.6764,2.032,61.61,0.2032,1.9812,44.09,4,2,17.52,0.2032,1.143,2.54,0.762,2.8702,1.3462,2.7178,1,30,0,1
B00262,B00262_R2,1095,3,3,1.6764,2.032,61.61,0.2032,1.9812,44.09,4,2,17.52,0.2032,0.762,1.9812,0.7112,3.2512,1.7272,2.3368,1,20,1,2
B00263,B00263_R2,1096,1,7,2.54,0.762,58.22,1.9812,0.7112,45.38,3,3,12.84,1.6764,0.7112,0.2032,1.9812,1.4224,0.8128,3.2512,2,20,1,1
B00263,B00263_R2,1097,2,7,2.54,0.762,58.22,1.9812,0.7112,45.38,3,3,12.84,0.4572,2.54,0.762,2.54,3.8608,3.8608,0.8128,3,20,1,2
B00263,B00263_R1,1098,3,7,2.54,0.762,58.22,1.9812,0.7112,45.38,3,3,12.84,1.9812,2.032,2.54,1.9812,2.3368,2.9464,1.1176,3,30,0,1
B00263,B00263_R1,1099,4,7,2.54,0.762,58.22,1.9812,0.7112,45.38,3,3,12.84,0.2032,0.762,1.6764,0.2032,2.9464,2.3368,2.032,1,20,0,3
B00263,B00263_R2,1100,5,7,2.54,0.762,58.22,1.9812,0.7112,45.38,3,3,12.84,0.2032,0.762,0.762,2.54,2.9464,2.3368,2.3368,1,30,1,4
B00263,B00263_R2,1101,6,7,2.54,0.762,58.22,1.9812,0.7112,45.38,3,3,12.84,1.0668,2.54,0.2032,1.6002,3.2512,3.2512,1.8034,2,30,1,3
B00263,B00263_R1,1102,7,7,2.54,0.762,58.22,1.9812,0.7112,45.38,3,3,12.84,2.54,1.6002,0.2032,1.6002,1.3462,1.9558,2.3368,2,10,0,2
B00264,B00264_R1,1103,1,1,1.6764,0.2032,85.77,0.762,2.54,83.55,4,5,2.22,1.6764,0.7112,0.2032,1.9812,0.508,3.2512,3.2512,2,10,0,1
B00265,B00265_R2,1104,1,5,0.2032,1.9812,58.91,0.762,2.54,48.28,3,3,10.63,1.0668,0.2032,0.2032,1.9812,2.6416,3.2512,2.6416,2,30,1,3
B00265,B00265_R2,1105,2,5,0.2032,1.9812,58.91,0.762,2.54,48.28,3,3,10.63,0.4572,0.2032,0.2032,1.6002,2.032,2.6416,1.651,2,10,1,2
B00265,B00265_R1,1106,3,5,0.2032,1.9812,58.91,0.762,2.54,48.28,3,3,10.63,1.0668,2.54,0.762,0.7112,1.4224,0.8128,3.2512,3,30,0,1
B00265,B00265_R1,1107,4,5,0.2032,1.9812,58.91,0.762,2.54,48.28,3,3,10.63,1.6764,0.7112,0.2032,1.9812,3.2512,3.2512,3.2512,2,10,0,2
B00265,B00265_R2,1108,5,5,0.2032,1.9812,58.91,0.762,2.54,48.28,3,3,10.63,0.762,2.032,0.2032,1.9812,1.1176,0.508,1.1176,2,10,1,1
B00266,B00266_R1,1109,1,3,0.2032,1.9812,40.28,0.2032,1.9812,45.89,2,2,-5.61,1.6764,0.2032,1.6764,2.54,3.2512,3.2512,2.9464,3,10,0,2
B00266,B00266_R2,1110,2,3,0.2032,1.9812,40.28,0.2032,1.9812,45.89,2,2,-5.61,0.2032,0.762,2.54,1.6002,1.7272,1.7272,3.175,1,20,1,1
B00266,B00266_R1,1111,3,3,0.2032,1.9812,40.28,0.2032,1.9812,45.89,2,2,-5.61,0.2032,1.143,2.54,1.143,1.3462,1.3462,2.3368,1,30,0,1
B00267,B00267_R2,1112,1,1,1.6764,2.54,45.29,2.54,1.6002,38.78,2,2,6.51,1.0668,2.032,0.2032,1.9812,1.1176,2.413,1.4224,2,20,1,1
B00268,B00268_R2,1113,1,2,1.6764,2.54,0.0,0.2032,1.9812,0.0,0,0,0.0,0.2032,0.762,2.54,1.6002,3.2512,1.7272,3.175,1,20,1,1
B00268,B00268_R1,1114,2,2,1.6764,2.54,0.0,0.2032,1.9812,0.0,0,0,0.0,0.2032,1.143,0.4572,2.54,2.8702,1.3462,1.651,1,10,0,1
B00269,B00269_R2,1115,1,3,0.4572,2.54,0.0,2.54,1.6002,0.0,0,0,0.0,0.2032,1.143,0.762,2.032,1.651,2.794,1.9558,1,10,1,2
B00269,B00269_R2,1116,2,3,0.4572,2.54,0.0,2.54,1.6002,0.0,0,0,0.0,2.54,1.6002,0.2032,1.9812,3.0226,0.0,2.7178,2,30,1,1
B00269,B00269_R1,1117,3,3,0.4572,2.54,0.0,2.54,1.6002,0.0,0,0,0.0,1.6764,0.7112,1.9812,2.032,3.556,2.2606,3.2512,3,30,0,1
B00270,B00270_R1,1118,1,3,1.9812,2.032,0.0,0.762,2.032,10.72,0,1,-10.72,0.4572,0.2032,0.2032,1.9812,3.8608,2.6416,2.032,2,20,0,1
B00270,B00270_R2,1119,2,3,1.9812,2.032,0.0,0.762,2.032,10.72,0,1,-10.72,0.762,0.2032,1.9812,2.032,3.556,2.9464,3.556,3,10,1,1
B00270,B00270_R1,1120,3,3,1.9812,2.032,0.0,0.762,2.032,10.72,0,1,-10.72,0.2032,0.762,1.6764,2.032,3.556,2.3368,3.2512,1,20,0,2
B00271,B00271_R2,1121,1,5,1.6764,2.032,15.83,1.9812,2.032,0.0,1,0,15.83,1.6764,2.032,0.2032,1.9812,0.0,0.8128,2.032,2,20,1,1
B00271,B00271_R2,1122,2,5,1.6764,2.032,15.83,1.9812,2.032,0.0,1,0,15.83,1.0668,0.2032,1.9812,2.032,2.9464,3.2512,3.2512,3,20,1,3
B00271,B00271_R1,1123,3,5,1.6764,2.032,15.83,1.9812,2.032,0.0,1,0,15.83,1.6764,0.2032,0.2032,1.9812,2.9464,3.2512,3.2512,2,30,0,2
B00271,B00271_R2,1124,4,5,1.6764,2.032,15.83,1.9812,2.032,0.0,1,0,15.83,0.762,0.7112,0.2032,1.9812,3.2512,3.556,2.3368,2,20,1,2
B00271,B00271_R1,1125,5,5,1.6764,2.032,15.83,1.9812,2.032,0.0,1,0,15.83,0.762,2.032,0.2032,1.6002,1.4224,1.7272,1.4986,2,30,0,1
B00272,B00272_R1,1126,1,6,0.2032,1.9812,30.16,1.9812,2.032,41.48,1,2,-11.32,0.2032,0.762,2.54,1.143,1.7272,3.556,2.7178,1,10,0,4
B00272,B00272_R1,1127,2,6,0.2032,1.9812,30.16,1.9812,2.032,41.48,1,2,-11.32,1.6764,0.7112,1.0668,0.2032,3.2512,3.2512,1.1176,3,30,0,2
B00272,B00272_R1,1128,3,6,0.2032,1.9812,30.16,1.9812,2.032,41.48,1,2,-11.32,0.2032,0.762,0.762,0.7112,1.7272,3.556,1.1176,1,10,0,1
B00272,B00272_R1,1129,4,6,0.2032,1.9812,30.16,1.9812,2.032,41.48,1,2,-11.32,0.762,0.2032,0.2032,1.9812,2.3368,3.556,2.3368,2,10,0,3
B00272,B00272_R2,1130,5,6,0.2032,1.9812,30.16,1.9812,2.032,41.48,1,2,-11.32,0.2032,1.143,1.9812,2.54,1.3462,3.175,3.175,1,30,1,2
B00272,B00272_R2,1131,6,6,0.2032,1.9812,30.16,1.9812,2.032,41.48,1,2,-11.32,1.9812,2.54,0.2032,1.9812,2.3368,0.508,2.3368,2,20,1,1
B00273,B00273_R2,1132,1,2,2.54,1.143,0.0,1.9812,2.54,0.0,0,0,0.0,2.54,0.762,0.2032,1.9812,0.889,2.3368,3.556,2,30,1,1
B00273,B00273_R1,1133,2,2,2.54,1.143,0.0,1.9812,2.54,0.0,0,0,0.0,0.4572,0.2032,0.2032,1.6002,3.0226,3.8608,1.651,2,10,0,1
B00274,B00274_R2,1134,1,5,0.2032,1.6002,0.0,0.2032,1.9812,0.0,0,0,0.0,0.762,0.7112,0.2032,1.9812,1.9558,2.3368,2.3368,2,30,1,3
B00274,B00274_R1,1135,2,5,0.2032,1.6002,0.0,0.2032,1.9812,0.0,0,0,0.0,1.0668,0.7112,0.2032,1.9812,2.2606,2.6416,2.6416,2,30,0,2
B00274,B00274_R1,1136,3,5,0.2032,1.6002,0.0,0.2032,1.9812,0.0,0,0,0.0,0.762,0.2032,0.2032,1.6002,1.9558,2.3368,1.9558,2,20,0,1
B00274,B00274_R2,1137,4,5,0.2032,1.6002,0.0,0.2032,1.9812,0.0,0,0,0.0,0.4572,0.2032,0.762,0.2032,1.651,2.032,0.8128,3,30,1,2
B00274,B00274_R2,1138,5,5,0.2032,1.6002,0.0,0.2032,1.9812,0.0,0,0,0.0,0.4572,2.54,0.2032,1.6002,1.1938,0.8128,1.1938,2,10,1,1
B00275,B00275_R2,1139,1,4,0.2032,1.9812,13.43,0.2032,1.9812,23.44,1,2,-10.01,1.6764,0.7112,1.9812,0.2032,3.2512,3.2512,0.8128,3,30,1,2
B00275,B00275_R2,1140,2,4,0.2032,1.9812,13.43,0.2032,1.9812,23.44,1,2,-10.01,0.2032,1.143,2.286,0.2032,1.3462,1.3462,3.0226,1,10,1,1
B00275,B00275_R1,1141,3,4,0.2032,1.9812,13.43,0.2032,1.9812,23.44,1,2,-10.01,0.762,0.2032,0.4572,0.2032,2.3368,2.3368,0.8128,3,20,0,1
B00275,B00275_R1,1142,4,4,0.2032,1.9812,13.43,0.2032,1.9812,23.44,1,2,-10.01,0.2032,1.143,1.0668,2.032,1.3462,1.3462,2.2606,1,30,0,2
B00276,B00276_R1,1143,1,1,1.0668,2.032,19.64,1.9812,0.2032,28.55,1,2,-8.91,1.6764,2.54,0.2032,1.6002,1.1176,3.2512,2.413,2,20,0,1
B00277,B00277_R1,1144,1,3,0.2032,1.6002,0.0,1.9812,0.2032,0.0,0,0,0.0,0.762,0.2032,0.2032,1.6002,1.9558,1.7272,1.9558,2,10,0,1
B00277,B00277_R1,1145,2,3,0.2032,1.6002,0.0,1.9812,0.2032,0.0,0,0,0.0,0.2032,0.762,2.286,2.54,1.3462,2.3368,3.8608,1,20,0,2
B00277,B00277_R2,1146,3,3,0.2032,1.6002,0.0,1.9812,0.2032,0.0,0,0,0.0,2.286,0.2032,0.2032,1.9812,3.4798,0.8128,3.8608,2,30,1,1
B00278,B00278_R1,1147,1,6,2.286,2.54,0.0,0.2032,1.9812,0.0,0,0,0.0,1.9812,2.54,0.2032,1.6002,0.8128,2.3368,2.7178,2,10,0,2
B00278,B00278_R2,1148,2,6,2.286,2.54,0.0,0.2032,1.9812,0.0,0,0,0.0,2.54,1.143,0.2032,1.6002,1.651,3.175,2.794,2,10,1,3
B00278,B00278_R1,1149,3,6,2.286,2.54,0.0,0.2032,1.9812,0.0,0,0,0.0,2.286,0.2032,0.2032,1.9812,2.3368,3.8608,3.8608,2,30,0,3
B00278,B00278_R1,1150,4,6,2.286,2.54,0.0,0.2032,1.9812,0.0,0,0,0.0,2.286,2.54,0.2032,1.9812,0.0,2.6416,2.6416,2,10,0,1
B00278,B00278_R2,1151,5,6,2.286,2.54,0.0,0.2032,1.9812,0.0,0,0,0.0,0.762,0.2032,1.9812,2.032,3.8608,2.3368,3.556,3,30,1,2
B00278,B00278_R2,1152,6,6,2.286,2.54,0.0,0.2032,1.9812,0.0,0,0,0.0,1.6764,0.7112,1.0668,0.7112,2.9464,3.2512,1.1176,3,20,1,1
B00279,B00279_R1,1153,1,6,0.2032,1.9812,48.71,0.2032,1.6002,41.79,2,2,6.92,0.4572,0.2032,1.0668,0.2032,2.032,1.651,1.1176,3,10,0,1
B00279,B00279_R2,1154,2,6,0.2032,1.9812,48.71,0.2032,1.6002,41.79,2,2,6.92,0.2032,1.143,1.0668,2.032,1.3462,0.9652,2.2606,1,30,1,1
B00279,B00279_R1,1155,3,6,0.2032,1.9812,48.71,0.2032,1.6002,41.79,2,2,6.92,2.54,1.6002,1.9812,0.7112,2.7178,2.3368,1.9558,3,30,0,3
B00279,B00279_R2,1156,4,6,0.2032,1.9812,48.71,0.2032,1.6002,41.79,2,2,6.92,2.54,1.143,0.4572,2.54,3.175,2.794,3.4798,3,10,1,3
B00279,B00279_R2,1157,5,6,0.2032,1.9812,48.71,0.2032,1.6002,41.79,2,2,6.92,0.4572,2.54,1.6764,0.7112,0.8128,1.1938,3.556,3,10,1,2
B00279,B00279_R1,1158,6,6,0.2032,1.9812,48.71,0.2032,1.6002,41.79,2,2,6.92,0.2032,0.762,1.9812,2.032,1.7272,1.3462,3.556,1,10,0,2
B00280,B00280_R1,1159,1,1,1.9812,0.7112,63.72,0.4572,2.54,69.04,3,3,-5.32,2.54,1.9812,0.4572,0.2032,2.3368,2.6416,3.8608,3,30,0,1
B00281,B00281_R2,1160,1,7,0.4572,0.2032,50.1,0.4572,2.54,26.86,2,1,23.24,1.0668,0.7112,1.0668,0.2032,1.1176,2.9464,0.508,3,20,1,2
B00281,B00281_R2,1161,2,7,0.4572,0.2032,50.1,0.4572,2.54,26.86,2,1,23.24,1.6764,0.7112,0.762,0.7112,1.7272,3.556,1.4224,3,10,1,3
B00281,B00281_R1,1162,3,7,0.4572,0.2032,50.1,0.4572,2.54,26.86,2,1,23.24,0.4572,0.2032,0.2032,1.9812,0.0,2.3368,2.032,2,30,0,1
B00281,B00281_R2,1163,4,7,0.4572,0.2032,50.1,0.4572,2.54,26.86,2,1,23.24,0.4572,2.54,0.2032,1.9812,2.3368,0.0,0.8128,2,30,1,1
B00281,B00281_R1,1164,5,7,0.4572,0.2032,50.1,0.4572,2.54,26.86,2,1,23.24,2.286,2.54,0.2032,1.9812,4.1656,2.3368,2.6416,2,30,0,3
B00281,B00281_R1,1165,6,7,0.4572,0.2032,50.1,0.4572,2.54,26.86,2,1,23.24,0.2032,1.143,1.6764,2.54,1.1938,1.651,2.8702,1,10,0,2
B00281,B00281_R2,1166,7,7,0.4572,0.2032,50.1,0.4572,2.54,26.86,2,1,23.24,0.2032,0.762,2.54,1.6002,0.8128,2.032,3.175,1,10,1,4
B00282,B00282_R2,1167,1,3,0.2032,1.9812,75.74,2.54,1.6002,63.61,4,4,12.13,1.9812,0.7112,0.2032,1.6002,3.556,1.9558,3.175,2,30,1,1
B00282,B00282_R1,1168,2,3,0.2032,1.9812,75.74,2.54,1.6002,63.61,4,4,12.13,0.2032,0.762,2.286,0.2032,1.7272,3.175,2.6416,1,20,0,2
B00282,B00282_R1,1169,3,3,0.2032,1.9812,75.74,2.54,1.6002,63.61,4,4,12.13,0.4572,2.54,0.2032,1.9812,0.8128,3.0226,0.8128,2,10,0,1
B00283,B00283_R1,1170,1,3,2.286,0.2032,70.84,0.2032,1.6002,57.8,4,3,13.04,1.9812,0.2032,2.54,1.9812,0.8128,3.175,2.3368,3,10,0,1
B00283,B00283_R2,1171,2,3,2.286,0.2032,70.84,0.2032,1.6002,57.8,4,3,13.04,0.762,2.54,0.2032,1.6002,3.8608,1.4986,1.4986,2,30,1,1
B00283,B00283_R2,1172,3,3,2.286,0.2032,70.84,0.2032,1.6002,57.8,4,3,13.04,0.4572,0.2032,0.2032,1.9812,2.3368,1.651,2.032,2,30,1,2
B00284,B00284_R1,1173,1,7,2.54,1.9812,54.1,0.2032,1.9812,61.82,3,3,-7.72,0.2032,0.762,2.54,1.6002,3.556,1.7272,3.175,1,30,0,4
B00284,B00284_R2,1174,2,7,2.54,1.9812,54.1,0.2032,1.9812,61.82,3,3,-7.72,1.0668,0.2032,0.2032,1.6002,3.2512,2.6416,2.2606,2,10,1,3
B00284,B00284_R1,1175,3,7,2.54,1.9812,54.1,0.2032,1.9812,61.82,3,3,-7.72,0.2032,1.143,1.9812,0.7112,3.175,1.3462,2.7178,1,10,0,2
B00284,B00284_R2,1176,4,7,2.54,1.9812,54.1,0.2032,1.9812,61.82,3,3,-7.72,0.2032,1.143,0.762,2.032,3.175,1.3462,1.9558,1,30,1,1
B00284,B00284_R1,1177,5,7,2.54,1.9812,54.1,0.2032,1.9812,61.82,3,3,-7.72,1.0668,0.7112,0.4572,0.2032,3.2512,2.6416,1.1176,3,30,0,3
B00284,B00284_R2,1178,6,7,2.54,1.9812,54.1,0.2032,1.9812,61.82,3,3,-7.72,0.762,2.032,2.54,1.143,2.3368,1.1176,3.175,3,10,1,2
B00284,B00284_R1,1179,7,7,2.54,1.9812,54.1,0.2032,1.9812,61.82,3,3,-7.72,1.0668,2.54,0.2032,1.9812,2.032,1.4224,1.4224,2,10,0,1
B00285,B00285_R2,1180,1,6,2.54,1.6002,97.88,0.2032,1.6002,82.55,5,4,15.33,0.762,0.2032,1.6764,2.54,3.175,1.9558,3.2512,3,10,1,2
B00285,B00285_R2,1181,2,6,2.54,1.6002,97.88,0.2032,1.6002,82.55,5,4,15.33,1.6764,2.54,0.2032,1.9812,1.8034,2.413,2.032,2,20,1,3
B00285,B00285_R2,1182,3,6,2.54,1.6002,97.88,0.2032,1.6002,82.55,5,4,15.33,0.2032,1.143,0.762,0.2032,2.794,0.9652,1.4986,1,30,1,1
B00285,B00285_R1,1183,4,6,2.54,1.6002,97.88,0.2032,1.6002,82.55,5,4,15.33,2.54,1.9812,1.9812,0.2032,0.889,2.7178,2.3368,3,10,0,1
B00285,B00285_R2,1184,5,6,2.54,1.6002,97.88,0.2032,1.6002,82.55,5,4,15.33,1.6764,2.032,0.2032,1.9812,1.8034,2.413,2.032,2,20,1,4
B00285,B00285_R1,1185,6,6,2.54,1.6002,97.88,0.2032,1.6002,82.55,5,4,15.33,0.2032,0.762,0.4572,2.54,3.175,1.3462,2.032,1,20,0,2
B00286,B00286_R2,1186,1,4,0.4572,2.54,110.4,0.2032,1.9812,124.32,6,7,-13.92,1.0668,2.54,2.286,0.2032,1.1176,1.4224,3.556,3,30,1,1
B00286,B00286_R1,1187,2,4,0.4572,2.54,110.4,0.2032,1.9812,124.32,6,7,-13.92,0.762,0.2032,1.0668,0.2032,2.6416,2.3368,0.8128,3,30,0,2
B00286,B00286_R1,1188,3,4,0.4572,2.54,110.4,0.2032,1.9812,124.32,6,7,-13.92,0.2032,1.143,2.54,0.762,1.651,1.3462,2.7178,1,10,0,3
B00286,B00286_R1,1189,4,4,0.4572,2.54,110.4,0.2032,1.9812,124.32,6,7,-13.92,1.0668,2.032,0.2032,1.6002,1.1176,1.4224,1.8034,2,20,0,1
B00287,B00287_R2,1190,1,1,2.54,0.762,100.29,2.286,0.2032,80.54,5,4,19.75,0.4572,2.54,0.2032,1.9812,3.8608,4.1656,0.8128,2,20,1,1
B00288,B00288_R2,1191,1,2,2.54,0.762,65.02,0.2032,1.9812,73.34,4,3,-8.32,0.2032,0.762,1.0668,0.7112,2.9464,1.7272,1.4224,1,30,1,1
B00288,B00288_R1,1192,2,2,2.54,0.762,65.02,0.2032,1.9812,73.34,4,3,-8.32,0.2032,0.762,1.9812,2.54,2.9464,1.7272,3.556,1,30,0,1
B00289,B00289_R1,1193,1,5,1.9812,2.54,61.73,1.0668,0.7112,61.12,3,3,0.61,1.9812,2.54,0.4572,0.2032,0.0,3.2512,3.8608,3,10,0,3
B00289,B00289_R2,1194,2,5,1.9812,2.54,61.73,1.0668,0.7112,61.12,3,3,0.61,0.2032,0.762,0.762,0.7112,3.556,1.4224,1.1176,1,30,1,2
B00289,B00289_R1,1195,3,5,1.9812,2.54,61.73,1.0668,0.7112,61.12,3,3,0.61,1.9812,2.032,0.2032,1.9812,0.508,3.2512,2.3368,2,10,0,1
B00289,B00289_R2,1196,4,5,1.9812,2.54,61.73,1.0668,0.7112,61.12,3,3,0.61,1.0668,0.2032,0.2032,1.6002,3.2512,0.508,2.2606,2,20,1,1
B00289,B00289_R1,1197,5,5,1.9812,2.54,61.73,1.0668,0.7112,61.12,3,3,0.61,0.762,2.032,0.4572,2.54,1.7272,3.2512,0.8128,3,10,0,2
B00290,B00290_R2,1198,1,2,0.4572,0.2032,90.78,0.762,0.7112,41.27,4,3,49.51,1.0668,2.54,1.9812,0.7112,2.9464,3.2512,3.2512,3,20,1,2
B00290,B00290_R2,1199,2,2,0.4572,0.2032,90.78,0.762,0.7112,41.27,4,3,49.51,1.0668,2.54,0.2032,1.9812,2.9464,3.2512,1.4224,2,20,1,1
B00291,B00291_R1,1200,1,7,0.4572,0.2032,42.88,1.9812,0.7112,64.63,2,3,-21.75,0.2032,1.143,0.4572,0.2032,1.1938,2.7178,1.1938,1,20,0,1
B00291,B00291_R1,1201,2,7,0.4572,0.2032,42.88,1.9812,0.7112,64.63,2,3,-21.75,1.9812,2.032,0.2032,1.9812,3.8608,2.9464,2.3368,2,20,0,3
B00291,B00291_R1,1202,3,7,0.4572,0.2032,42.88,1.9812,0.7112,64.63,2,3,-21.75,0.4572,0.2032,0.2032,1.9812,0.0,2.032,2.032,2,10,0,2
B00291,B00291_R2,1203,4,7,0.4572,0.2032,42.88,1.9812,0.7112,64.63,2,3,-21.75,0.2032,1.143,1.9812,0.7112,1.1938,2.7178,2.7178,1,20,1,2
B00291,B00291_R2,1204,5,7,0.4572,0.2032,42.88,1.9812,0.7112,64.63,2,3,-21.75,2.286,0.2032,0.2032,1.9812,2.3368,0.8128,3.8608,2,30,1,3
B00291,B00291_R2,1205,6,7,0.4572,0.2032,42.88,1.9812,0.7112,64.63,2,3,-21.75,1.9812,0.7112,0.762,0.2032,2.032,0.0,1.7272,3,10,1,1
B00291,B00291_R1,1206,7,7,0.4572,0.2032,42.88,1.9812,0.7112,64.63,2,3,-21.75,2.286,2.54,0.2032,1.6002,4.1656,2.6416,3.0226,2,30,0,4
B00292,B00292_R1,1207,1,4,0.2032,1.6002,28.36,0.2032,1.9812,18.24,1,1,10.12,1.9812,0.7112,0.762,2.54,3.175,3.556,3.556,3,10,0,2
B00292,B00292_R2,1208,2,4,0.2032,1.6002,28.36,0.2032,1.9812,18.24,1,1,10.12,0.2032,1.143,1.9812,2.54,0.9652,1.3462,3.175,1,20,1,2
B00292,B00292_R1,1209,3,4,0.2032,1.6002,28.36,0.2032,1.9812,18.24,1,1,10.12,0.762,0.7112,2.286,0.2032,1.9558,2.3368,2.032,3,10,0,1
B00292,B00292_R2,1210,4,4,0.2032,1.6002,28.36,0.2032,1.9812,18.24,1,1,10.12,0.762,0.7112,0.2032,1.9812,1.9558,2.3368,2.3368,2,10,1,1
B00293,B00293_R2,1211,1,5,0.762,2.54,30.86,1.9812,2.54,23.85,2,1,7.01,0.4572,0.2032,1.6764,2.032,2.6416,3.8608,3.556,3,20,1,2
B00293,B00293_R1,1212,2,5,0.762,2.54,30.86,1.9812,2.54,23.85,2,1,7.01,0.2032,0.762,1.9812,2.54,2.3368,3.556,3.556,1,10,0,3
B00293,B00293_R1,1213,3,5,0.762,2.54,30.86,1.9812,2.54,23.85,2,1,7.01,0.2032,0.762,1.0668,0.7112,2.3368,3.556,1.4224,1,10,0,1
B00293,B00293_R2,1214,4,5,0.762,2.54,30.86,1.9812,2.54,23.85,2,1,7.01,2.54,1.6002,0.2032,1.6002,2.7178,1.4986,2.3368,2,30,1,1
B00293,B00293_R1,1215,5,5,0.762,2.54,30.86,1.9812,2.54,23.85,2,1,7.01,1.0668,0.2032,0.2032,1.9812,3.2512,3.2512,2.6416,2,10,0,2
B00294,B00294_R2,1216,1,5,1.9812,2.54,53.9,1.6764,2.032,26.55,3,1,27.35,0.4572,2.54,0.2032,1.9812,2.032,1.7272,0.8128,2,20,1,1
B00294,B00294_R1,1217,2,5,1.9812,2.54,53.9,1.6764,2.032,26.55,3,1,27.35,2.54,1.6002,0.2032,1.6002,1.4986,1.8034,2.3368,2,30,0,2
B00294,B00294_R2,1218,3,5,1.9812,2.54,53.9,1.6764,2.032,26.55,3,1,27.35,1.9812,0.7112,0.2032,1.6002,2.9464,3.2512,3.175,2,10,1,3
B00294,B00294_R1,1219,4,5,1.9812,2.54,53.9,1.6764,2.032,26.55,3,1,27.35,2.286,2.54,0.2032,1.9812,0.8128,1.1176,2.6416,2,20,0,1
B00294,B00294_R2,1220,5,5,1.9812,2.54,53.9,1.6764,2.032,26.55,3,1,27.35,0.2032,0.762,1.6764,0.2032,3.556,3.2512,2.032,1,30,1,2
B00295,B00295_R2,1221,1,4,0.2032,1.6002,72.45,0.2032,1.6002,48.79,3,3,23.66,0.2032,1.143,0.762,0.2032,0.9652,0.9652,1.4986,1,10,1,1
B00295,B00295_R2,1222,2,4,0.2032,1.6002,72.45,0.2032,1.6002,48.79,3,3,23.66,2.54,1.6002,0.2032,1.6002,2.3368,2.3368,2.3368,2,30,1,3
B00295,B00295_R1,1223,3,4,0.2032,1.6002,72.45,0.2032,1.6002,48.79,3,3,23.66,2.54,0.762,0.2032,1.6002,3.175,3.175,3.175,2,30,0,1
B00295,B00295_R2,1224,4,4,0.2032,1.6002,72.45,0.2032,1.6002,48.79,3,3,23.66,0.4572,0.2032,0.2032,1.6002,1.651,1.651,1.651,2,20,1,2
B00296,B00296_R1,1225,1,6,0.2032,1.6002,15.53,0.2032,1.6002,40.18,1,2,-24.65,1.0668,0.7112,1.0668,2.54,2.2606,2.2606,2.9464,3,20,0,2
B00296,B00296_R1,1226,2,6,0.2032,1.6002,15.53,0.2032,1.6002,40.18,1,2,-24.65,2.286,0.2032,0.2032,1.9812,3.4798,3.4798,3.8608,2,20,0,4
B00296,B00296_R2,1227,3,6,0.2032,1.6002,15.53,0.2032,1.6002,40.18,1,2,-24.65,1.0668,0.2032,0.2032,1.9812,2.2606,2.2606,2.6416,2,20,1,1
B00296,B00296_R1,1228,4,6,0.2032,1.6002,15.53,0.2032,1.6002,40.18,1,2,-24.65,0.2032,1.143,1.9812,0.7112,0.9652,0.9652,2.7178,1,10,0,1
B00296,B00296_R2,1229,5,6,0.2032,1.6002,15.53,0.2032,1.6002,40.18,1,2,-24.65,2.54,1.143,0.2032,1.9812,2.794,2.794,3.175,2,30,1,2
B00296,B00296_R1,1230,6,6,0.2032,1.6002,15.53,0.2032,1.6002,40.18,1,2,-24.65,2.54,1.9812,1.9812,0.2032,2.7178,2.7178,2.3368,3,10,0,3
B00297,B00297_R1,1231,1,6,0.2032,1.9812,62.33,0.2032,1.9812,56.42,3,2,5.91,0.2032,1.143,0.762,0.7112,1.3462,1.3462,1.4986,1,10,0,1
B00297,B00297_R2,1232,2,6,0.2032,1.9812,62.33,0.2032,1.9812,56.42,3,2,5.91,2.54,1.9812,1.9812,0.7112,2.9464,2.9464,2.3368,3,10,1,2
B00297,B00297_R2,1233,3,6,0.2032,1.9812,62.33,0.2032,1.9812,56.42,3,2,5.91,1.9812,2.032,0.2032,1.9812,2.3368,2.3368,2.3368,2,30,1,1
B00297,B00297_R1,1234,4,6,0.2032,1.9812,62.33,0.2032,1.9812,56.42,3,2,5.91,2.286,2.54,0.2032,1.6002,2.6416,2.6416,3.0226,2,20,0,3
B00297,B00297_R1,1235,5,6,0.2032,1.9812,62.33,0.2032,1.9812,56.42,3,2,5.91,0.2032,1.143,1.0668,0.2032,1.3462,1.3462,1.8034,1,30,0,2
B00297,B00297_R2,1236,6,6,0.2032,1.9812,62.33,0.2032,1.9812,56.42,3,2,5.91,2.286,0.2032,0.2032,1.9812,3.8608,3.8608,3.8608,2,20,1,3
B00298,B00298_R2,1237,1,4,0.2032,1.6002,14.93,0.2032,1.9812,0.0,1,0,14.93,1.6764,0.2032,2.54,1.9812,2.8702,3.2512,2.6416,3,10,1,2
B00298,B00298_R2,1238,2,4,0.2032,1.6002,14.93,0.2032,1.9812,0.0,1,0,14.93,0.2032,1.143,1.9812,2.54,0.9652,1.3462,3.175,1,20,1,1
B00298,B00298_R1,1239,3,4,0.2032,1.6002,14.93,0.2032,1.9812,0.0,1,0,14.93,1.0668,0.2032,0.2032,1.6002,2.2606,2.6416,2.2606,2,30,0,2
B00298,B00298_R1,1240,4,4,0.2032,1.6002,14.93,0.2032,1.9812,0.0,1,0,14.93,0.4572,0.2032,0.2032,1.6002,1.651,2.032,1.651,2,30,0,1
B00299,B00299_R1,1241,1,7,0.2032,1.6002,23.85,2.54,1.9812,13.43,1,1,10.42,0.2032,0.762,0.4572,0.2032,1.3462,3.556,0.8128,1,30,0,2
B00299,B00299_R1,1242,2,7,0.2032,1.6002,23.85,2.54,1.9812,13.43,1,1,10.42,0.2032,1.143,0.762,0.7112,0.9652,3.175,1.4986,1,20,0,1
B00299,B00299_R1,1243,3,7,0.2032,1.6002,23.85,2.54,1.9812,13.43,1,1,10.42,0.2032,0.762,1.0668,2.032,1.3462,3.556,2.6416,1,10,0,3
B00299,B00299_R2,1244,4,7,0.2032,1.6002,23.85,2.54,1.9812,13.43,1,1,10.42,0.2032,0.762,1.9812,2.032,1.3462,3.556,3.556,1,20,1,3
B00299,B00299_R2,1245,5,7,0.2032,1.6002,23.85,2.54,1.9812,13.43,1,1,10.42,1.6764,0.7112,1.6764,2.032,2.8702,2.6416,2.9464,3,10,1,2
B00299,B00299_R2,1246,6,7,0.2032,1.6002,23.85,2.54,1.9812,13.43,1,1,10.42,1.9812,2.032,1.0668,0.2032,2.7178,1.1176,3.2512,3,10,1,1
B00299,B00299_R1,1247,7,7,0.2032,1.6002,23.85,2.54,1.9812,13.43,1,1,10.42,0.2032,1.143,1.0668,2.54,0.9652,3.175,2.2606,1,30,0,4
B00300,B00300_R1,1248,1,5,1.0668,2.54,57.11,1.9812,2.032,54.91,3,2,2.2,1.9812,2.54,0.2032,1.6002,1.4224,0.508,2.7178,2,10,0,1
B00300,B00300_R2,1249,2,5,1.0668,2.54,57.11,1.9812,2.032,54.91,3,2,2.2,1.9812,2.54,0.2032,1.6002,1.4224,0.508,2.7178,2,30,1,2
B00300,B00300_R2,1250,3,5,1.0668,2.54,57.11,1.9812,2.032,54.91,3,2,2.2,0.2032,0.762,1.9812,0.2032,2.6416,3.556,2.3368,1,30,1,3
B00300,B00300_R1,1251,4,5,1.0668,2.54,57.11,1.9812,2.032,54.91,3,2,2.2,0.2032,0.762,1.9812,2.032,2.6416,3.556,3.556,1,20,0,2
B00300,B00300_R2,1252,5,5,1.0668,2.54,57.11,1.9812,2.032,54.91,3,2,2.2,2.54,1.9812,1.9812,2.54,2.032,1.1176,1.1176,3,20,1,1
B00301,B00301_R2,1253,1,3,1.9812,2.032,84.97,1.9812,0.2032,52.09,4,3,32.88,0.2032,1.143,0.762,0.7112,3.175,2.7178,1.4986,1,20,1,1
B00301,B00301_R2,1254,2,3,1.9812,2.032,84.97,1.9812,0.2032,52.09,4,3,32.88,0.2032,0.762,1.9812,0.2032,3.556,2.3368,2.3368,1,20,1,2
B00301,B00301_R1,1255,3,3,1.9812,2.032,84.97,1.9812,0.2032,52.09,4,3,32.88,0.2032,1.143,0.4572,2.54,3.175,2.7178,1.651,1,30,0,1
B00302,B00302_R2,1256,1,4,0.4572,2.54,64.13,1.9812,0.2032,76.55,3,4,-12.42,0.2032,0.762,0.762,2.54,2.032,2.3368,2.3368,1,30,1,2
B00302,B00302_R2,1257,2,4,0.4572,2.54,64.13,1.9812,0.2032,76.55,3,4,-12.42,0.2032,0.762,0.762,0.7112,2.032,2.3368,1.1176,1,30,1,1
B00302,B00302_R1,1258,3,4,0.4572,2.54,64.13,1.9812,0.2032,76.55,3,4,-12.42,1.0668,2.032,1.6764,0.7112,1.1176,3.2512,2.9464,3,30,0,1
B00302,B00302_R1,1259,4,4,0.4572,2.54,64.13,1.9812,0.2032,76.55,3,4,-12.42,0.2032,1.143,2.54,1.6002,1.651,2.7178,2.794,1,10,0,2
B00303,B00303_R2,1260,1,2,2.54,1.6002,26.55,0.762,2.54,39.28,1,2,-12.73,0.2032,0.762,1.9812,0.2032,3.175,2.3368,2.3368,1,20,1,1
B00303,B00303_R1,1261,2,2,2.54,1.6002,26.55,0.762,2.54,39.28,1,2,-12.73,1.9812,0.7112,0.4572,0.2032,1.9558,3.556,2.032,3,20,0,1
B00304,B00304_R1,1262,1,5,0.4572,0.2032,11.02,1.9812,0.2032,24.45,1,1,-13.43,0.2032,1.143,1.6764,2.032,1.1938,2.7178,2.8702,1,20,0,1
B00304,B00304_R1,1263,2,5,0.4572,0.2032,11.02,1.9812,0.2032,24.45,1,1,-13.43,1.0668,0.7112,0.2032,1.9812,1.1176,1.4224,2.6416,2,20,0,3
B00304,B00304_R2,1264,3,5,0.4572,0.2032,11.02,1.9812,0.2032,24.45,1,1,-13.43,2.54,0.762,0.2032,1.9812,2.6416,1.1176,3.556,2,10,1,1
B00304,B00304_R1,1265,4,5,0.4572,0.2032,11.02,1.9812,0.2032,24.45,1,1,-13.43,1.6764,2.54,0.762,0.7112,3.556,3.2512,3.2512,3,10,0,2
B00304,B00304_R2,1266,5,5,0.4572,0.2032,11.02,1.9812,0.2032,24.45,1,1,-13.43,0.2032,1.143,2.54,1.6002,1.1938,2.7178,2.794,1,10,1,2
B00305,B00305_R1,1267,1,4,0.2032,1.9812,35.47,2.54,1.6002,39.38,2,2,-3.91,0.4572,2.54,0.2032,1.9812,0.8128,3.0226,0.8128,2,30,0,1
B00305,B00305_R1,1268,2,4,0.2032,1.9812,35.47,2.54,1.6002,39.38,2,2,-3.91,0.762,2.032,0.2032,1.6002,1.1176,2.7178,1.4986,2,10,0,2
B00305,B00305_R2,1269,3,4,0.2032,1.9812,35.47,2.54,1.6002,39.38,2,2,-3.91,2.54,0.762,0.2032,1.9812,3.556,1.3462,3.556,2,30,1,1
B00305,B00305_R1,1270,4,4,0.2032,1.9812,35.47,2.54,1.6002,39.38,2,2,-3.91,0.2032,0.762,1.6764,2.032,1.7272,3.175,3.2512,1,10,0,3
B00306,B00306_R2,1271,1,5,1.6764,2.032,52.9,0.2032,1.9812,24.35,3,1,28.55,0.2032,0.762,1.9812,0.2032,3.2512,1.7272,2.3368,1,30,1,2
B00306,B00306_R2,1272,2,5,1.6764,2.032,52.9,0.2032,1.9812,24.35,3,1,28.55,0.762,2.032,0.2032,1.6002,1.4224,1.1176,1.4986,2,10,1,1
B00306,B00306_R2,1273,3,5,1.6764,2.032,52.9,0.2032,1.9812,24.35,3,1,28.55,2.54,1.143,0.4572,0.2032,2.2606,3.175,3.0226,3,20,1,3
B00306,B00306_R1,1274,4,5,1.6764,2.032,52.9,0.2032,1.9812,24.35,3,1,28.55,1.9812,2.032,0.2032,1.9812,0.8128,2.3368,2.3368,2,10,0,1
B00306,B00306_R1,1275,5,5,1.6764,2.032,52.9,0.2032,1.9812,24.35,3,1,28.55,0.762,0.2032,0.2032,1.9812,3.2512,2.3368,2.3368,2,20,0,2
B00307,B00307_R1,1276,1,3,0.2032,1.9812,67.03,0.4572,0.2032,44.39,3,2,22.64,1.9812,0.2032,0.762,0.7112,3.556,2.032,1.7272,3,20,0,1
B00307,B00307_R2,1277,2,3,0.2032,1.9812,67.03,0.4572,0.2032,44.39,3,2,22.64,2.286,0.2032,0.4572,2.54,3.8608,2.3368,4.1656,3,20,1,2
B00307,B00307_R2,1278,3,3,0.2032,1.9812,67.03,0.4572,0.2032,44.39,3,2,22.64,1.6764,0.2032,0.762,0.7112,3.2512,1.7272,1.4224,3,30,1,1
B00308,B00308_R2,1279,1,4,0.762,0.7112,63.53,0.4572,2.54,63.82,3,3,-0.29,0.762,2.54,0.2032,1.6002,2.9464,0.8128,1.4986,2,20,1,1
B00308,B00308_R2,1280,2,4,0.762,0.7112,63.53,0.4572,2.54,63.82,3,3,-0.29,0.762,2.54,0.2032,1.6002,2.9464,0.8128,1.4986,2,30,1,2
B00308,B00308_R1,1281,3,4,0.762,0.7112,63.53,0.4572,2.54,63.82,3,3,-0.29,1.9812,2.032,0.762,0.2032,3.556,2.032,3.556,3,30,0,2
B00308,B00308_R1,1282,4,4,0.762,0.7112,63.53,0.4572,2.54,63.82,3,3,-0.29,0.762,0.7112,0.4572,2.54,0.0,2.6416,2.6416,3,20,0,1
B00309,B00309_R2,1283,1,2,0.762,0.2032,0.0,0.2032,1.6002,0.0,0,0,0.0,1.6764,2.54,0.2032,1.9812,3.2512,2.413,2.032,2,10,1,1
B00309,B00309_R1,1284,2,2,0.762,0.2032,0.0,0.2032,1.6002,0.0,0,0,0.0,0.2032,1.143,0.762,2.54,1.4986,0.9652,1.9558,1,30,0,1
B00310,B00310_R1,1285,1,3,0.762,2.54,0.0,0.2032,1.9812,0.0,0,0,0.0,1.9812,0.7112,0.762,0.2032,3.556,3.556,1.7272,3,20,0,2
B00310,B00310_R2,1286,2,3,0.762,2.54,0.0,0.2032,1.9812,0.0,0,0,0.0,1.9812,2.54,1.0668,0.2032,1.7272,2.3368,3.2512,3,30,1,1
B00310,B00310_R1,1287,3,3,0.762,2.54,0.0,0.2032,1.9812,0.0,0,0,0.0,1.9812,2.032,1.9812,0.7112,1.7272,2.3368,2.9464,3,20,0,1
B00311,B00311_R2,1288,1,3,0.762,0.2032,9.82,1.0668,0.2032,0.0,1,0,9.82,1.0668,0.2032,0.2032,1.9812,0.8128,0.0,2.6416,2,20,1,1
B00311,B00311_R2,1289,2,3,0.762,0.2032,9.82,1.0668,0.2032,0.0,1,0,9.82,1.0668,2.54,0.2032,1.9812,3.2512,2.9464,1.4224,2,10,1,2
B00311,B00311_R1,1290,3,3,0.762,0.2032,9.82,1.0668,0.2032,0.0,1,0,9.82,0.4572,0.2032,1.0668,2.032,0.8128,1.1176,2.9464,3,20,0,1
B00312,B00312_R1,1291,1,7,1.0668,2.032,0.0,0.2032,1.9812,8.61,0,1,-8.61,2.54,1.9812,0.2032,1.9812,2.032,2.9464,2.9464,2,20,0,4
B00312,B00312_R2,1292,2,7,1.0668,2.032,0.0,0.2032,1.9812,8.61,0,1,-8.61,0.2032,0.762,1.0668,0.2032,2.6416,1.7272,1.4224,1,10,1,1
B00312,B00312_R2,1293,3,7,1.0668,2.032,0.0,0.2032,1.9812,8.61,0,1,-8.61,1.0668,0.7112,0.2032,1.9812,2.9464,2.6416,2.6416,2,30,1,2
B00312,B00312_R1,1294,4,7,1.0668,2.032,0.0,0.2032,1.9812,8.61,0,1,-8.61,0.762,0.2032,0.2032,1.6002,3.2512,2.3368,1.9558,2,20,0,3
B00312,B00312_R2,1295,5,7,1.0668,2.032,0.0,0.2032,1.9812,8.61,0,1,-8.61,1.9812,2.54,0.2032,1.9812,1.4224,2.3368,2.3368,2,30,1,3
B00312,B00312_R1,1296,6,7,1.0668,2.032,0.0,0.2032,1.9812,8.61,0,1,-8.61,0.762,2.54,0.2032,1.6002,0.8128,1.1176,1.4986,2,20,0,1
B00312,B00312_R1,1297,7,7,1.0668,2.032,0.0,0.2032,1.9812,8.61,0,1,-8.61,0.2032,1.143,0.762,0.2032,2.2606,1.3462,1.4986,1,20,0,2
B00313,B00313_R2,1298,1,1,0.2032,1.9812,51.0,0.2032,1.9812,37.88,3,2,13.12,1.9812,0.2032,1.9812,2.032,3.556,3.556,2.9464,3,30,1,1
B00314,B00314_R2,1299,1,6,0.2032,1.9812,14.63,1.9812,2.032,31.67,1,1,-17.04,2.54,1.143,0.2032,1.9812,3.175,1.9558,3.175,2,30,1,3
B00314,B00314_R1,1300,2,6,0.2032,1.9812,14.63,1.9812,2.032,31.67,1,1,-17.04,0.2032,0.762,0.4572,2.54,1.7272,3.556,2.032,1,30,0,3
B00314,B00314_R2,1301,3,6,0.2032,1.9812,14.63,1.9812,2.032,31.67,1,1,-17.04,1.0668,2.54,0.2032,1.9812,1.4224,1.4224,1.4224,2,20,1,1
B00314,B00314_R2,1302,4,6,0.2032,1.9812,14.63,1.9812,2.032,31.67,1,1,-17.04,0.2032,1.143,1.9812,2.54,1.3462,3.175,3.175,1,10,1,2
B00314,B00314_R1,1303,5,6,0.2032,1.9812,14.63,1.9812,2.032,31.67,1,1,-17.04,0.2032,1.143,1.9812,0.7112,1.3462,3.175,2.7178,1,20,0,1
B00314,B00314_R1,1304,6,6,0.2032,1.9812,14.63,1.9812,2.032,31.67,1,1,-17.04,2.54,0.762,0.2032,1.6002,3.556,2.3368,3.175,2,10,0,2
B00315,B00315_R1,1305,1,7,0.4572,2.54,42.28,0.2032,1.9812,58.71,2,3,-16.43,2.286,0.2032,0.2032,1.6002,4.1656,3.8608,3.4798,2,20,0,3
B00315,B00315_R1,1306,2,7,0.4572,2.54,42.28,0.2032,1.9812,58.71,2,3,-16.43,0.2032,1.143,2.286,0.2032,1.651,1.3462,3.0226,1,20,0,2
B00315,B00315_R2,1307,3,7,0.4572,2.54,42.28,0.2032,1.9812,58.71,2,3,-16.43,0.2032,1.143,1.9812,0.2032,1.651,1.3462,2.7178,1,20,1,3
B00315,B00315_R1,1308,4,7,0.4572,2.54,42.28,0.2032,1.9812,58.71,2,3,-16.43,0.762,0.7112,0.2032,1.9812,2.6416,2.3368,2.3368,2,10,0,4
B00315,B00315_R1,1309,5,7,0.4572,2.54,42.28,0.2032,1.9812,58.71,2,3,-16.43,1.0668,2.032,0.2032,1.9812,1.1176,1.4224,1.4224,2,30,0,1
B00315,B00315_R2,1310,6,7,0.4572,2.54,42.28,0.2032,1.9812,58.71,2,3,-16.43,2.54,0.762,0.2032,1.6002,3.8608,3.556,3.175,2,20,1,2
B00315,B00315_R2,1311,7,7,0.4572,2.54,42.28,0.2032,1.9812,58.71,2,3,-16.43,0.2032,1.143,1.9812,0.2032,1.651,1.3462,2.7178,1,10,1,1
B00316,B00316_R1,1312,1,7,0.2032,1.9812,57.61,1.9812,0.2032,43.48,3,2,14.13,0.2032,1.143,1.9812,0.7112,1.3462,2.7178,2.7178,1,10,0,1
B00316,B00316_R2,1313,2,7,0.2032,1.9812,57.61,1.9812,0.2032,43.48,3,2,14.13,0.2032,0.762,0.4572,0.2032,1.7272,2.3368,0.8128,1,20,1,2
B00316,B00316_R2,1314,3,7,0.2032,1.9812,57.61,1.9812,0.2032,43.48,3,2,14.13,2.54,1.6002,1.9812,0.2032,2.7178,1.9558,1.9558,3,30,1,4
B00316,B00316_R1,1315,4,7,0.2032,1.9812,57.61,1.9812,0.2032,43.48,3,2,14.13,2.54,1.6002,0.2032,1.9812,2.7178,1.9558,2.7178,2,10,0,2
B00316,B00316_R2,1316,5,7,0.2032,1.9812,57.61,1.9812,0.2032,43.48,3,2,14.13,0.2032,0.762,2.54,1.143,1.7272,2.3368,2.7178,1,30,1,3
B00316,B00316_R2,1317,6,7,0.2032,1.9812,57.61,1.9812,0.2032,43.48,3,2,14.13,0.762,0.7112,0.2032,1.6002,2.3368,1.7272,1.9558,2,20,1,1
B00316,B00316_R1,1318,7,7,0.2032,1.9812,57.61,1.9812,0.2032,43.48,3,2,14.13,1.0668,2.032,2.286,0.2032,1.4224,3.2512,3.556,3,30,0,3
B00317,B00317_R2,1319,1,4,2.286,0.2032,84.36,1.9812,0.2032,72.53,4,4,11.83,0.762,0.7112,0.2032,1.6002,2.032,1.7272,1.9558,2,20,1,1
B00317,B00317_R2,1320,2,4,2.286,0.2032,84.36,1.9812,0.2032,72.53,4,4,11.83,0.2032,0.762,2.54,1.9812,2.6416,2.3368,3.556,1,30,1,3
B00317,B00317_R1,1321,3,4,2.286,0.2032,84.36,1.9812,0.2032,72.53,4,4,11.83,2.286,2.54,0.2032,1.9812,2.3368,2.6416,2.6416,2,10,0,1
B00317,B00317_R2,1322,4,4,2.286,0.2032,84.36,1.9812,0.2032,72.53,4,4,11.83,0.2032,1.143,0.762,0.2032,3.0226,2.7178,1.4986,1,20,1,2
B00318,B00318_R1,1323,1,1,0.2032,1.9812,75.75,2.54,1.9812,104.4,3,6,-28.65,0.762,0.2032,0.2032,1.9812,2.3368,3.556,2.3368,2,30,0,1
B00319,B00319_R1,1324,1,2,0.2032,1.9812,56.81,2.54,1.9812,71.44,3,4,-14.63,0.2032,0.762,0.762,2.54,1.7272,3.556,2.3368,1,20,0,1
B00319,B00319_R2,1325,2,2,0.2032,1.9812,56.81,2.54,1.9812,71.44,3,4,-14.63,0.762,0.2032,0.2032,1.6002,2.3368,3.556,1.9558,2,30,1,1
B00320,B00320_R1,1326,1,3,0.762,2.54,34.26,0.2032,1.6002,67.94,2,3,-33.68,1.6764,0.7112,1.9812,2.54,3.2512,2.8702,3.2512,3,30,0,2
B00320,B00320_R2,1327,2,3,0.762,2.54,34.26,0.2032,1.6002,67.94,2,3,-33.68,2.54,1.6002,0.2032,1.6002,2.7178,2.3368,2.3368,2,30,1,1
B00320,B00320_R1,1328,3,3,0.762,2.54,34.26,0.2032,1.6002,67.94,2,3,-33.68,1.6764,2.54,0.2032,1.6002,1.4224,2.413,2.413,2,20,0,1
B00321,B00321_R2,1329,1,3,1.9812,2.54,51.3,0.2032,1.6002,52.21,2,2,-0.91,0.2032,0.762,1.6764,2.032,3.556,1.3462,3.2512,1,30,1,1
B00321,B00321_R1,1330,2,3,1.9812,2.54,51.3,0.2032,1.6002,52.21,2,2,-0.91,0.762,2.032,0.2032,1.9812,1.7272,1.4986,1.1176,2,30,0,1
B00321,B00321_R1,1331,3,3,1.9812,2.54,51.3,0.2032,1.6002,52.21,2,2,-0.91,0.4572,2.54,0.2032,1.9812,2.032,1.1938,0.8128,2,30,0,2
B00322,B00322_R1,1332,1,3,0.2032,1.9812,29.65,1.6764,2.032,36.37,2,2,-6.72,1.0668,2.032,0.762,2.54,1.4224,1.1176,0.8128,3,30,0,1
B00322,B00322_R2,1333,2,3,0.2032,1.9812,29.65,1.6764,2.032,36.37,2,2,-6.72,2.54,1.9812,0.2032,1.9812,2.9464,1.4224,2.9464,2,10,1,1
B00322,B00322_R1,1334,3,3,0.2032,1.9812,29.65,1.6764,2.032,36.37,2,2,-6.72,2.54,1.6002,0.2032,1.6002,2.7178,1.8034,2.3368,2,10,0,2
B00323,B00323_R2,1335,1,3,0.2032,1.6002,46.98,0.2032,1.9812,14.63,3,1,32.35,0.4572,2.54,2.286,0.2032,1.1938,0.8128,4.1656,3,30,1,1
B00323,B00323_R1,1336,2,3,0.2032,1.6002,46.98,0.2032,1.9812,14.63,3,1,32.35,0.4572,2.54,2.54,1.6002,1.1938,0.8128,3.0226,3,30,0,1
B00323,B00323_R2,1337,3,3,0.2032,1.6002,46.98,0.2032,1.9812,14.63,3,1,32.35,0.762,0.7112,0.2032,1.6002,1.9558,2.3368,1.9558,2,20,1,2
B00324,B00324_R2,1338,1,1,2.54,1.6002,0.0,0.2032,1.6002,0.0,0,0,0.0,0.2032,1.143,2.286,2.54,2.794,0.9652,3.4798,1,30,1,1
B00325,B00325_R2,1339,1,2,2.54,1.6002,0.0,2.286,2.54,0.0,0,0,0.0,0.2032,1.143,0.762,0.7112,2.794,3.4798,1.4986,1,20,1,1
B00325,B00325_R1,1340,2,2,2.54,1.6002,0.0,2.286,2.54,0.0,0,0,0.0,0.2032,1.143,1.0668,0.7112,2.794,3.4798,1.8034,1,10,0,1
B00326,B00326_R1,1341,1,4,1.0668,0.7112,0.0,0.762,0.7112,0.0,0,0,0.0,0.762,2.54,2.286,0.2032,3.2512,2.9464,3.8608,3,30,0,2
B00326,B00326_R2,1342,2,4,1.0668,0.7112,0.0,0.762,0.7112,0.0,0,0,0.0,2.54,0.762,0.2032,1.9812,2.032,2.3368,3.556,2,30,1,2
B00326,B00326_R1,1343,3,4,1.0668,0.7112,0.0,0.762,0.7112,0.0,0,0,0.0,1.6764,2.032,0.2032,1.6002,2.9464,3.2512,2.413,2,10,0,1
B00326,B00326_R2,1344,4,4,1.0668,0.7112,0.0,0.762,0.7112,0.0,0,0,0.0,0.2032,1.143,0.762,0.2032,1.8034,1.4986,1.4986,1,10,1,1
B00327,B00327_R2,1345,1,3,2.286,0.2032,18.24,0.2032,1.9812,17.04,1,1,1.2,0.762,2.54,0.2032,1.6002,3.8608,1.1176,1.4986,2,10,1,1
B00327,B00327_R1,1346,2,3,2.286,0.2032,18.24,0.2032,1.9812,17.04,1,1,1.2,0.762,0.2032,0.2032,1.6002,2.032,2.3368,1.9558,2,20,0,1
B00327,B00327_R2,1347,3,3,2.286,0.2032,18.24,0.2032,1.9812,17.04,1,1,1.2,0.2032,0.762,0.4572,2.54,2.6416,1.7272,2.032,1,20,1,2
B00328,B00328_R2,1348,1,4,0.2032,1.6002,0.0,0.4572,2.54,18.33,0,1,-18.33,0.2032,0.762,1.6764,0.7112,1.3462,2.032,2.032,1,10,1,2
B00328,B00328_R1,1349,2,4,0.2032,1.6002,0.0,0.4572,2.54,18.33,0,1,-18.33,2.54,1.6002,1.6764,2.54,2.3368,3.0226,1.8034,3,30,0,2
B00328,B00328_R2,1350,3,4,0.2032,1.6002,0.0,0.4572,2.54,18.33,0,1,-18.33,0.2032,0.762,1.0668,0.7112,1.3462,2.032,1.4224,1,20,1,1
B00328,B00328_R1,1351,4,4,0.2032,1.6002,0.0,0.4572,2.54,18.33,0,1,-18.33,0.2032,1.143,2.54,0.762,0.9652,1.651,2.7178,1,10,0,1
B00329,B00329_R1,1352,1,4,1.6764,2.54,0.0,1.6764,0.7112,0.0,0,0,0.0,0.2032,1.143,2.286,2.54,2.8702,2.413,3.4798,1,10,0,2
B00329,B00329_R2,1353,2,4,1.6764,2.54,0.0,1.6764,0.7112,0.0,0,0,0.0,0.2032,1.143,1.0668,0.2032,2.8702,2.413,1.8034,1,20,1,2
B00329,B00329_R1,1354,3,4,1.6764,2.54,0.0,1.6764,0.7112,0.0,0,0,0.0,2.54,1.6002,0.2032,1.6002,1.8034,2.2606,2.3368,2,10,0,1
B00329,B00329_R2,1355,4,4,1.6764,2.54,0.0,1.6764,0.7112,0.0,0,0,0.0,0.2032,1.143,0.762,0.2032,2.8702,2.413,1.4986,1,10,1,1
B00330,B00330_R2,1356,1,1,2.286,2.54,0.0,1.0668,0.2032,0.0,0,0,0.0,0.2032,1.143,2.54,0.762,3.4798,1.8034,2.7178,1,30,1,1
B00331,B00331_R2,1357,1,5,2.286,2.54,0.0,2.54,0.762,0.0,0,0,0.0,1.6764,0.7112,2.54,0.762,2.9464,1.4224,1.4224,3,30,1,1
B00331,B00331_R2,1358,2,5,2.286,2.54,0.0,2.54,0.762,0.0,0,0,0.0,0.2032,0.762,2.54,1.9812,3.8608,2.9464,3.556,1,30,1,2
B00331,B00331_R1,1359,3,5,2.286,2.54,0.0,2.54,0.762,0.0,0,0,0.0,1.9812,2.54,1.6764,2.032,0.8128,2.3368,0.8128,3,10,0,1
B00331,B00331_R1,1360,4,5,2.286,2.54,0.0,2.54,0.762,0.0,0,0,0.0,0.2032,0.762,1.0668,0.7112,3.8608,2.9464,1.4224,1,30,0,2
B00331,B00331_R1,1361,5,5,2.286,2.54,0.0,2.54,0.762,0.0,0,0,0.0,0.762,0.2032,1.6764,2.54,3.8608,2.3368,3.2512,3,30,0,3
B00332,B00332_R1,1362,1,5,1.6764,2.54,30.65,2.54,1.9812,17.04,2,1,13.61,0.2032,1.143,1.9812,2.032,2.8702,3.175,3.175,1,30,0,2
B00332,B00332_R2,1363,2,5,1.6764,2.54,30.65,2.54,1.9812,17.04,2,1,13.61,0.2032,1.143,1.9812,0.2032,2.8702,3.175,2.7178,1,20,1,3
B00332,B00332_R1,1364,3,5,1.6764,2.54,30.65,2.54,1.9812,17.04,2,1,13.61,0.762,2.54,0.2032,1.9812,1.4224,2.3368,1.1176,2,10,0,1
B00332,B00332_R2,1365,4,5,1.6764,2.54,30.65,2.54,1.9812,17.04,2,1,13.61,2.54,0.762,1.9812,0.7112,2.6416,1.7272,1.1176,3,30,1,1
B00332,B00332_R2,1366,5,5,1.6764,2.54,30.65,2.54,1.9812,17.04,2,1,13.61,1.6764,0.7112,0.2032,1.9812,2.9464,2.6416,3.2512,2,20,1,2
B00333,B00333_R2,1367,1,6,1.9812,2.032,31.26,1.9812,0.2032,44.08,2,2,-12.82,0.2032,1.143,1.0668,2.54,3.175,2.7178,2.2606,1,20,1,2
B00333,B00333_R1,1368,2,6,1.9812,2.032,31.26,1.9812,0.2032,44.08,2,2,-12.82,0.2032,0.762,2.286,2.54,3.556,2.3368,3.8608,1,30,0,3
B00333,B00333_R1,1369,3,6,1.9812,2.032,31.26,1.9812,0.2032,44.08,2,2,-12.82,0.2032,1.143,2.54,0.762,3.175,2.7178,2.7178,1,20,0,2
B00333,B00333_R1,1370,4,6,1.9812,2.032,31.26,1.9812,0.2032,44.08,2,2,-12.82,0.762,2.032,1.0668,2.54,1.7272,3.556,0.8128,3,20,0,1
B00333,B00333_R2,1371,5,6,1.9812,2.032,31.26,1.9812,0.2032,44.08,2,2,-12.82,0.2032,0.762,1.6764,0.7112,3.556,2.3368,2.032,1,20,1,1
B00333,B00333_R2,1372,6,6,1.9812,2.032,31.26,1.9812,0.2032,44.08,2,2,-12.82,0.2032,1.143,2.54,1.6002,3.175,2.7178,2.794,1,30,1,3
B00334,B00334_R1,1373,1,5,2.286,2.54,74.55,2.54,1.6002,73.65,3,3,0.9,1.6764,0.7112,0.2032,1.9812,2.9464,2.2606,3.2512,2,20,0,3
B00334,B00334_R2,1374,2,5,2.286,2.54,74.55,2.54,1.6002,73.65,3,3,0.9,1.9812,2.032,0.2032,1.9812,0.8128,1.4986,2.3368,2,30,1,1
B00334,B00334_R2,1375,3,5,2.286,2.54,74.55,2.54,1.6002,73.65,3,3,0.9,1.9812,0.2032,0.2032,1.6002,2.6416,1.9558,3.175,2,30,1,2
B00334,B00334_R1,1376,4,5,2.286,2.54,74.55,2.54,1.6002,73.65,3,3,0.9,1.9812,2.032,0.2032,1.6002,0.8128,1.4986,2.7178,2,10,0,2
B00334,B00334_R1,1377,5,5,2.286,2.54,74.55,2.54,1.6002,73.65,3,3,0.9,1.9812,2.54,2.54,1.6002,0.8128,1.4986,1.4986,3,10,0,1
B00335,B00335_R1,1378,1,3,0.2032,1.9812,104.79,0.2032,1.6002,91.58,5,4,13.21,0.762,0.2032,1.0668,2.54,2.3368,1.9558,3.2512,3,30,0,1
B00335,B00335_R2,1379,2,3,0.2032,1.9812,104.79,0.2032,1.6002,91.58,5,4,13.21,0.762,2.032,0.2032,1.9812,1.1176,1.4986,1.1176,2,20,1,1
B00335,B00335_R2,1380,3,3,0.2032,1.9812,104.79,0.2032,1.6002,91.58,5,4,13.21,0.2032,1.143,2.54,0.762,1.3462,0.9652,2.7178,1,20,1,2
B00336,B00336_R2,1381,1,4,1.0668,2.54,89.78,2.54,0.762,83.16,4,4,6.62,0.2032,1.143,0.762,0.2032,2.2606,2.7178,1.4986,1,30,1,1
B00336,B00336_R2,1382,2,4,1.0668,2.54,89.78,2.54,0.762,83.16,4,4,6.62,0.2032,0.762,2.54,1.143,2.6416,2.9464,2.7178,1,20,1,2
B00336,B00336_R1,1383,3,4,1.0668,2.54,89.78,2.54,0.762,83.16,4,4,6.62,0.2032,1.143,1.9812,0.2032,2.2606,2.7178,2.7178,1,20,0,2
B00336,B00336_R1,1384,4,4,1.0668,2.54,89.78,2.54,0.762,83.16,4,4,6.62,1.0668,2.54,1.0668,2.032,0.0,3.2512,0.508,3,30,0,1
B00337,B00337_R1,1385,1,4,1.9812,0.2032,91.88,2.54,1.143,82.15,4,4,9.73,0.2032,1.143,1.0668,2.54,2.7178,2.3368,2.2606,1,30,0,1
B00337,B00337_R2,1386,2,4,1.9812,0.2032,91.88,2.54,1.143,82.15,4,4,9.73,0.2032,1.143,2.286,2.54,2.7178,2.3368,3.4798,1,10,1,2
B00337,B00337_R1,1387,3,4,1.9812,0.2032,91.88,2.54,1.143,82.15,4,4,9.73,0.762,2.54,0.4572,2.54,3.556,3.175,0.8128,3,10,0,2
B00337,B00337_R2,1388,4,4,1.9812,0.2032,91.88,2.54,1.143,82.15,4,4,9.73,1.9812,2.54,0.2032,1.9812,2.9464,1.9558,2.3368,2,10,1,1
B00338,B00338_R1,1389,1,3,0.4572,2.54,51.8,2.286,2.54,61.72,3,3,-9.92,0.2032,0.762,1.0668,2.54,2.032,3.8608,2.6416,1,10,0,2
B00338,B00338_R2,1390,2,3,0.4572,2.54,51.8,2.286,2.54,61.72,3,3,-9.92,0.2032,1.143,2.286,0.2032,1.651,3.4798,3.0226,1,10,1,1
B00338,B00338_R1,1391,3,3,0.4572,2.54,51.8,2.286,2.54,61.72,3,3,-9.92,0.2032,0.762,0.762,0.2032,2.032,3.8608,1.1176,1,20,0,1
B00339,B00339_R2,1392,1,1,1.0668,2.54,45.48,2.286,0.2032,56.72,3,2,-11.24,2.286,0.2032,0.2032,1.9812,3.556,0.0,3.8608,2,30,1,1
B00340,B00340_R2,1393,1,2,1.0668,2.54,20.84,0.2032,1.9812,21.24,1,1,-0.4,0.2032,0.762,1.9812,0.2032,2.6416,1.7272,2.3368,1,30,1,1
B00340,B00340_R1,1394,2,2,1.0668,2.54,20.84,0.2032,1.9812,21.24,1,1,-0.4,1.9812,2.54,1.6764,2.54,1.4224,2.3368,0.8128,3,10,0,1
B00341,B00341_R1,1395,1,3,1.6764,2.54,0.0,1.9812,0.2032,0.0,0,0,0.0,0.2032,1.143,2.286,2.54,2.8702,2.7178,3.4798,1,20,0,2
B00341,B00341_R2,1396,2,3,1.6764,2.54,0.0,1.9812,0.2032,0.0,0,0,0.0,2.54,1.143,0.2032,1.6002,2.2606,1.4986,2.794,2,30,1,1
B00341,B00341_R1,1397,3,3,1.6764,2.54,0.0,1.9812,0.2032,0.0,0,0,0.0,1.9812,2.032,0.2032,1.6002,0.8128,2.9464,2.7178,2,20,0,1
B00342,B00342_R2,1398,1,2,2.286,2.54,16.74,0.2032,1.6002,0.0,1,0,16.74,1.0668,0.2032,0.762,2.032,3.556,2.2606,3.2512,3,30,1,2
B00342,B00342_R2,1399,2,2,2.286,2.54,16.74,0.2032,1.6002,0.0,1,0,16.74,0.4572,2.54,0.2032,1.9812,2.3368,1.1938,0.8128,2,20,1,1
B00343,B00343_R1,1400,1,1,2.286,2.54,0.0,0.762,2.032,15.83,0,1,-15.83,0.2032,1.143,2.286,0.2032,3.4798,1.9558,3.0226,1,20,0,1
B00344,B00344_R1,1401,1,2,2.286,0.2032,0.0,0.762,2.032,0.0,0,0,0.0,0.762,0.7112,0.2032,1.6002,2.032,2.9464,1.9558,2,10,0,1
B00344,B00344_R2,1402,2,2,2.286,0.2032,0.0,0.762,2.032,0.0,0,0,0.0,0.2032,1.143,2.54,1.9812,3.0226,1.9558,3.175,1,10,1,1
B00345,B00345_R1,1403,1,4,0.2032,1.6002,0.0,2.54,1.9812,0.0,0,0,0.0,1.0668,0.2032,0.2032,1.9812,2.2606,3.2512,2.6416,2,10,0,2
B00345,B00345_R2,1404,2,4,0.2032,1.6002,0.0,2.54,1.9812,0.0,0,0,0.0,1.0668,0.2032,0.2032,1.6002,2.2606,3.2512,2.2606,2,10,1,1
B00345,B00345_R1,1405,3,4,0.2032,1.6002,0.0,2.54,1.9812,0.0,0,0,0.0,0.2032,0.762,2.54,0.762,1.3462,3.556,2.9464,1,10,0,1
B00345,B00345_R2,1406,4,4,0.2032,1.6002,0.0,2.54,1.9812,0.0,0,0,0.0,0.2032,0.762,0.762,0.7112,1.3462,3.556,1.1176,1,30,1,2
B00346,B00346_R1,1407,1,6,0.2032,1.9812,13.43,0.762,0.7112,7.41,1,1,6.02,0.2032,1.143,1.0668,0.2032,1.3462,1.4986,1.8034,1,30,0,3
B00346,B00346_R2,1408,2,6,0.2032,1.9812,13.43,0.762,0.7112,7.41,1,1,6.02,1.6764,0.2032,0.2032,1.6002,3.2512,1.4224,2.8702,2,30,1,2
B00346,B00346_R1,1409,3,6,0.2032,1.9812,13.43,0.762,0.7112,7.41,1,1,6.02,0.2032,1.143,0.762,0.7112,1.3462,1.4986,1.4986,1,10,0,2
B00346,B00346_R2,1410,4,6,0.2032,1.9812,13.43,0.762,0.7112,7.41,1,1,6.02,2.286,2.54,0.2032,1.6002,2.6416,3.8608,3.0226,2,30,1,3
B00346,B00346_R2,1411,5,6,0.2032,1.9812,13.43,0.762,0.7112,7.41,1,1,6.02,0.2032,0.762,1.0668,0.7112,1.7272,1.1176,1.4224,1,20,1,1
B00346,B00346_R1,1412,6,6,0.2032,1.9812,13.43,0.762,0.7112,7.41,1,1,6.02,0.4572,2.54,0.2032,1.9812,0.8128,2.6416,0.8128,2,30,0,1
B00347,B00347_R1,1413,1,5,1.0668,0.2032,36.26,0.2032,1.6002,47.19,2,2,-10.93,0.2032,1.143,1.0668,0.2032,1.8034,0.9652,1.8034,1,30,0,3
B00347,B00347_R2,1414,2,5,1.0668,0.2032,36.26,0.2032,1.6002,47.19,2,2,-10.93,2.54,1.6002,2.286,2.54,2.8702,2.3368,1.1938,3,10,1,1
B00347,B00347_R2,1415,3,5,1.0668,0.2032,36.26,0.2032,1.6002,47.19,2,2,-10.93,1.6764,2.032,0.2032,1.6002,2.9464,2.413,2.413,2,20,1,2
B00347,B00347_R1,1416,4,5,1.0668,0.2032,36.26,0.2032,1.6002,47.19,2,2,-10.93,0.2032,1.143,0.4572,0.2032,1.8034,0.9652,1.1938,1,30,0,2
B00347,B00347_R1,1417,5,5,1.0668,0.2032,36.26,0.2032,1.6002,47.19,2,2,-10.93,0.2032,0.762,0.4572,0.2032,1.4224,1.3462,0.8128,1,30,0,1
B00348,B00348_R1,1418,1,3,1.0668,0.2032,48.07,0.2032,1.6002,39.88,3,2,8.19,1.0668,0.2032,0.2032,1.6002,0.0,2.2606,2.2606,2,20,0,1
B00348,B00348_R2,1419,2,3,1.0668,0.2032,48.07,0.2032,1.6002,39.88,3,2,8.19,0.2032,0.762,0.4572,0.2032,1.4224,1.3462,0.8128,1,20,1,1
B00348,B00348_R2,1420,3,3,1.0668,0.2032,48.07,0.2032,1.6002,39.88,3,2,8.19,1.9812,2.032,0.2032,1.9812,3.2512,2.7178,2.3368,2,30,1,2
B00349,B00349_R1,1421,1,5,0.2032,1.6002,37.96,0.2032,1.9812,48.98,3,3,-11.02,2.286,0.2032,2.286,2.54,3.4798,3.8608,2.3368,3,10,0,2
B00349,B00349_R1,1422,2,5,0.2032,1.6002,37.96,0.2032,1.9812,48.98,3,3,-11.02,2.54,1.9812,0.2032,1.6002,2.7178,2.9464,2.7178,2,20,0,3
B00349,B00349_R2,1423,3,5,0.2032,1.6002,37.96,0.2032,1.9812,48.98,3,3,-11.02,0.762,0.7112,1.6764,2.032,1.9558,2.3368,3.2512,3,10,1,2
B00349,B00349_R1,1424,4,5,0.2032,1.6002,37.96,0.2032,1.9812,48.98,3,3,-11.02,0.2032,0.762,1.9812,2.54,1.3462,1.7272,3.556,1,20,0,1
B00349,B00349_R2,1425,5,5,0.2032,1.6002,37.96,0.2032,1.9812,48.98,3,3,-11.02,1.0668,2.54,0.2032,1.6002,1.8034,1.4224,1.8034,2,20,1,1
B00350,B00350_R2,1426,1,6,0.2032,1.6002,42.18,1.6764,2.032,26.55,2,1,15.63,1.0668,2.032,0.2032,1.9812,1.8034,1.1176,1.4224,2,10,1,2
B00350,B00350_R2,1427,2,6,0.2032,1.6002,42.18,1.6764,2.032,26.55,2,1,15.63,1.6764,2.032,0.2032,1.9812,2.413,0.0,2.032,2,30,1,1
B00350,B00350_R1,1428,3,6,0.2032,1.6002,42.18,1.6764,2.032,26.55,2,1,15.63,0.2032,1.143,0.4572,0.2032,0.9652,2.8702,1.1938,1,20,0,1
B00350,B00350_R2,1429,4,6,0.2032,1.6002,42.18,1.6764,2.032,26.55,2,1,15.63,0.2032,1.143,2.54,1.9812,0.9652,2.8702,3.175,1,10,1,3
B00350,B00350_R1,1430,5,6,0.2032,1.6002,42.18,1.6764,2.032,26.55,2,1,15.63,2.54,0.762,0.2032,1.6002,3.175,2.6416,3.175,2,30,0,3
B00350,B00350_R1,1431,6,6,0.2032,1.6002,42.18,1.6764,2.032,26.55,2,1,15.63,0.2032,1.143,1.0668,0.7112,0.9652,2.8702,1.8034,1,20,0,2
B00351,B00351_R2,1432,1,1,0.2032,1.6002,58.9,2.54,1.9812,41.08,3,2,17.82,1.6764,0.7112,1.9812,0.7112,2.8702,2.6416,0.8128,3,20,1,1
B00352,B00352_R2,1433,1,3,0.2032,1.6002,32.96,1.9812,0.7112,35.17,2,2,-2.21,0.2032,1.143,2.286,2.54,0.9652,2.7178,3.4798,1,30,1,2
B00352,B00352_R1,1434,2,3,0.2032,1.6002,32.96,1.9812,0.7112,35.17,2,2,-2.21,1.0668,0.7112,0.2032,1.9812,2.2606,1.4224,2.6416,2,20,0,1
B00352,B00352_R2,1435,3,3,0.2032,1.6002,32.96,1.9812,0.7112,35.17,2,2,-2.21,1.9812,0.7112,0.2032,1.9812,3.175,0.0,3.556,2,10,1,1
B00353,B00353_R1,1436,1,4,0.2032,1.9812,13.43,2.286,2.54,42.09,1,2,-28.66,0.2032,1.143,0.762,0.2032,1.3462,3.4798,1.4986,1,20,0,2
B00353,B00353_R1,1437,2,4,0.2032,1.9812,13.43,2.286,2.54,42.09,1,2,-28.66,0.4572,2.54,0.2032,1.6002,0.8128,2.3368,1.1938,2,20,0,1
B00353,B00353_R1,1438,3,4,0.2032,1.9812,13.43,2.286,2.54,42.09,1,2,-28.66,0.2032,1.143,0.762,0.7112,1.3462,3.4798,1.4986,1,10,0,3
B00353,B00353_R2,1439,4,4,0.2032,1.9812,13.43,2.286,2.54,42.09,1,2,-28.66,0.762,2.54,0.762,0.7112,1.1176,2.032,2.9464,3,30,1,1
B00354,B00354_R2,1440,1,2,0.762,0.7112,33.56,0.762,0.7112,25.65,2,1,7.91,2.286,0.2032,0.2032,1.9812,2.032,2.032,3.8608,2,10,1,1
B00354,B00354_R1,1441,2,2,0.762,0.7112,33.56,0.762,0.7112,25.65,2,1,7.91,0.2032,0.762,0.4572,0.2032,1.1176,1.1176,0.8128,1,30,0,1
B00355,B00355_R2,1442,1,4,0.4572,0.2032,13.62,0.2032,1.9812,3.0,1,1,10.62,0.2032,1.143,2.54,1.6002,1.1938,1.3462,2.794,1,30,1,2
B00355,B00355_R2,1443,2,4,0.4572,0.2032,13.62,0.2032,1.9812,3.0,1,1,10.62,0.762,2.54,1.0668,2.032,2.6416,1.1176,0.8128,3,10,1,1
B00355,B00355_R1,1444,3,4,0.4572,0.2032,13.62,0.2032,1.9812,3.0,1,1,10.62,1.0668,0.7112,0.2032,1.6002,1.1176,2.6416,2.2606,2,20,0,2
B00355,B00355_R1,1445,4,4,0.4572,0.2032,13.62,0.2032,1.9812,3.0,1,1,10.62,1.9812,0.2032,1.0668,0.7112,2.032,3.556,1.4224,3,20,0,1
B00356,B00356_R2,1446,1,5,0.2032,1.6002,0.0,2.54,1.6002,0.0,0,0,0.0,1.6764,2.032,0.2032,1.9812,2.413,1.8034,2.032,2,20,1,1
B00356,B00356_R1,1447,2,5,0.2032,1.6002,0.0,2.54,1.6002,0.0,0,0,0.0,1.9812,0.2032,0.2032,1.6002,3.175,1.9558,3.175,2,10,0,2
B00356,B00356_R2,1448,3,5,0.2032,1.6002,0.0,2.54,1.6002,0.0,0,0,0.0,1.0668,0.7112,0.2032,1.9812,2.2606,2.8702,2.6416,2,30,1,2
B00356,B00356_R1,1449,4,5,0.2032,1.6002,0.0,2.54,1.6002,0.0,0,0,0.0,0.2032,1.143,1.6764,0.7112,0.9652,2.794,2.413,1,20,0,1
B00356,B00356_R1,1450,5,5,0.2032,1.6002,0.0,2.54,1.6002,0.0,0,0,0.0,0.2032,1.143,0.762,2.032,0.9652,2.794,1.9558,1,10,0,3
B00357,B00357_R2,1451,1,6,0.762,2.032,0.0,0.2032,1.9812,0.0,0,0,0.0,0.4572,2.54,0.2032,1.9812,0.8128,0.8128,0.8128,2,10,1,1
B00357,B00357_R2,1452,2,6,0.762,2.032,0.0,0.2032,1.9812,0.0,0,0,0.0,0.2032,1.143,1.6764,0.2032,1.9558,1.3462,2.413,1,30,1,2
B00357,B00357_R2,1453,3,6,0.762,2.032,0.0,0.2032,1.9812,0.0,0,0,0.0,1.6764,2.54,0.4572,0.2032,1.4224,2.032,3.556,3,30,1,3
B00357,B00357_R1,1454,4,6,0.762,2.032,0.0,0.2032,1.9812,0.0,0,0,0.0,1.0668,2.54,0.2032,1.6002,0.8128,1.4224,1.8034,2,20,0,1
B00357,B00357_R1,1455,5,6,0.762,2.032,0.0,0.2032,1.9812,0.0,0,0,0.0,0.2032,1.143,2.286,0.2032,1.9558,1.3462,3.0226,1,10,0,3
B00357,B00357_R1,1456,6,6,0.762,2.032,0.0,0.2032,1.9812,0.0,0,0,0.0,0.2032,1.143,1.0668,0.7112,1.9558,1.3462,1.8034,1,20,0,2
B00358,B00358_R1,1457,1,3,2.286,0.2032,35.17,0.4572,0.2032,44.2,2,2,-9.03,1.6764,0.2032,0.2032,1.9812,1.1176,1.7272,3.2512,2,30,0,1
B00358,B00358_R2,1458,2,3,2.286,0.2032,35.17,0.4572,0.2032,44.2,2,2,-9.03,0.2032,0.762,2.54,1.143,2.6416,0.8128,2.7178,1,10,1,1
B00358,B00358_R1,1459,3,3,2.286,0.2032,35.17,0.4572,0.2032,44.2,2,2,-9.03,0.2032,0.762,2.286,0.2032,2.6416,0.8128,2.6416,1,30,0,2
B00359,B00359_R2,1460,1,3,2.286,0.2032,39.08,2.54,1.143,13.73,2,1,25.35,1.6764,0.7112,1.6764,2.54,1.1176,1.8034,2.9464,3,30,1,1
B00359,B00359_R1,1461,2,3,2.286,0.2032,39.08,2.54,1.143,13.73,2,1,25.35,1.6764,0.2032,1.6764,2.54,1.1176,1.8034,2.9464,3,20,0,1
B00359,B00359_R2,1462,3,3,2.286,0.2032,39.08,2.54,1.143,13.73,2,1,25.35,0.2032,0.762,0.4572,2.54,2.6416,2.7178,2.032,1,20,1,2
B00360,B00360_R2,1463,1,3,1.6764,2.54,0.0,0.4572,2.54,0.0,0,0,0.0,0.2032,0.762,0.4572,0.2032,3.2512,2.032,0.8128,1,30,1,1
B00360,B00360_R1,1464,2,3,1.6764,2.54,0.0,0.4572,2.54,0.0,0,0,0.0,1.9812,0.2032,0.2032,1.9812,3.2512,3.8608,3.556,2,10,0,1
B00360,B00360_R2,1465,3,3,1.6764,2.54,0.0,0.4572,2.54,0.0,0,0,0.0,0.2032,0.762,1.0668,0.2032,3.2512,2.032,1.4224,1,30,1,2
B00361,B00361_R2,1466,1,3,0.2032,1.9812,0.0,1.0668,0.2032,8.61,0,1,-8.61,0.2032,0.762,1.9812,0.2032,1.7272,1.4224,2.3368,1,30,1,1
B00361,B00361_R1,1467,2,3,0.2032,1.9812,0.0,1.0668,0.2032,8.61,0,1,-8.61,0.2032,0.762,1.6764,2.032,1.7272,1.4224,3.2512,1,10,0,1
B00361,B00361_R1,1468,3,3,0.2032,1.9812,0.0,1.0668,0.2032,8.61,0,1,-8.61,1.0668,2.54,0.2032,1.6002,1.4224,2.9464,1.8034,2,30,0,2
B00362,B00362_R1,1469,1,4,0.2032,1.6002,10.12,1.9812,0.2032,0.0,1,0,10.12,0.2032,1.143,1.0668,2.54,0.9652,2.7178,2.2606,1,30,0,2
B00362,B00362_R2,1470,2,4,0.2032,1.6002,10.12,1.9812,0.2032,0.0,1,0,10.12,2.54,1.6002,0.2032,1.6002,2.3368,1.9558,2.3368,2,10,1,1
B00362,B00362_R2,1471,3,4,0.2032,1.6002,10.12,1.9812,0.2032,0.0,1,0,10.12,0.2032,1.143,2.54,1.9812,0.9652,2.7178,3.175,1,10,1,2
B00362,B00362_R1,1472,4,4,0.2032,1.6002,10.12,1.9812,0.2032,0.0,1,0,10.12,0.2032,0.762,1.0668,0.7112,1.3462,2.3368,1.4224,1,30,0,1
B00363,B00363_R1,1473,1,5,1.0668,2.54,0.0,2.54,1.9812,0.0,0,0,0.0,1.9812,2.54,0.2032,1.9812,1.4224,1.1176,2.3368,2,20,0,1
B00363,B00363_R1,1474,2,5,1.0668,2.54,0.0,2.54,1.9812,0.0,0,0,0.0,1.0668,0.7112,0.2032,1.9812,2.9464,3.2512,2.6416,2,10,0,2
B00363,B00363_R2,1475,3,5,1.0668,2.54,0.0,2.54,1.9812,0.0,0,0,0.0,2.54,1.143,2.286,2.54,2.8702,1.3462,1.651,3,10,1,1
B00363,B00363_R2,1476,4,5,1.0668,2.54,0.0,2.54,1.9812,0.0,0,0,0.0,1.6764,0.7112,0.2032,1.6002,2.9464,2.6416,2.8702,2,10,1,3
B00363,B00363_R2,1477,5,5,1.0668,2.54,0.0,2.54,1.9812,0.0,0,0,0.0,1.9812,2.54,1.9812,0.2032,1.4224,1.1176,2.9464,3,10,1,2
B00364,B00364_R1,1478,1,5,0.2032,1.9812,0.0,0.2032,1.6002,0.0,0,0,0.0,0.4572,2.54,2.54,1.6002,0.8128,1.1938,3.0226,3,30,0,2
B00364,B00364_R1,1479,2,5,0.2032,1.9812,0.0,0.2032,1.6002,0.0,0,0,0.0,1.0668,2.032,0.2032,1.9812,1.4224,1.8034,1.4224,2,10,0,1
B00364,B00364_R2,1480,3,5,0.2032,1.9812,0.0,0.2032,1.6002,0.0,0,0,0.0,0.2032,1.143,0.762,0.2032,1.3462,0.9652,1.4986,1,30,1,2
B00364,B00364_R2,1481,4,5,0.2032,1.9812,0.0,0.2032,1.6002,0.0,0,0,0.0,0.2032,0.762,0.762,0.7112,1.7272,1.3462,1.1176,1,10,1,1
B00364,B00364_R2,1482,5,5,0.2032,1.9812,0.0,0.2032,1.6002,0.0,0,0,0.0,0.762,0.2032,1.9812,2.54,2.3368,1.9558,3.556,3,20,1,3
B00365,B00365_R1,1483,1,1,2.54,1.6002,14.93,1.9812,2.54,28.96,1,2,-14.03,0.2032,0.762,1.9812,0.2032,3.175,3.556,2.3368,1,10,0,1
B00366,B00366_R2,1484,1,2,1.9812,0.2032,0.0,1.9812,2.54,0.0,0,0,0.0,1.0668,2.54,1.0668,0.7112,3.2512,1.4224,2.9464,3,20,1,1
B00366,B00366_R1,1485,2,2,1.9812,0.2032,0.0,1.9812,2.54,0.0,0,0,0.0,1.0668,2.032,0.2032,1.6002,3.2512,1.4224,1.8034,2,10,0,1
B00367,B00367_R2,1486,1,7,0.2032,1.6002,0.0,1.0668,0.7112,0.0,0,0,0.0,0.2032,0.762,0.4572,2.54,1.3462,1.4224,2.032,1,30,1,3
B00367,B00367_R1,1487,2,7,0.2032,1.6002,0.0,1.0668,0.7112,0.0,0,0,0.0,0.2032,1.143,0.4572,0.2032,0.9652,1.8034,1.1938,1,20,0,1
B00367,B00367_R2,1488,3,7,0.2032,1.6002,0.0,1.0668,0.7112,0.0,0,0,0.0,1.9812,2.032,0.2032,1.9812,2.7178,3.2512,2.3368,2,10,1,2
B00367,B00367_R1,1489,4,7,0.2032,1.6002,0.0,1.0668,0.7112,0.0,0,0,0.0,2.54,1.143,0.2032,1.9812,2.794,2.413,3.175,2,20,0,4
B00367,B00367_R1,1490,5,7,0.2032,1.6002,0.0,1.0668,0.7112,0.0,0,0,0.0,0.2032,0.762,2.286,0.2032,1.3462,1.4224,2.6416,1,20,0,3
B00367,B00367_R1,1491,6,7,0.2032,1.6002,0.0,1.0668,0.7112,0.0,0,0,0.0,0.762,0.7112,1.0668,0.2032,1.9558,0.8128,0.8128,3,20,0,2
B00367,B00367_R2,1492,7,7,0.2032,1.6002,0.0,1.0668,0.7112,0.0,0,0,0.0,0.2032,0.762,0.762,2.032,1.3462,1.4224,2.3368,1,10,1,1
B00368,B00368_R2,1493,1,5,0.2032,1.9812,51.5,0.4572,2.54,33.06,3,2,18.44,2.54,0.762,0.2032,1.6002,3.556,3.8608,3.175,2,10,1,3
B00368,B00368_R2,1494,2,5,0.2032,1.9812,51.5,0.4572,2.54,33.06,3,2,18.44,0.2032,1.143,0.762,0.2032,1.3462,1.651,1.4986,1,20,1,1
B00368,B00368_R2,1495,3,5,0.2032,1.9812,51.5,0.4572,2.54,33.06,3,2,18.44,0.2032,0.762,1.0668,0.7112,1.7272,2.032,1.4224,1,30,1,2
B00368,B00368_R1,1496,4,5,0.2032,1.9812,51.5,0.4572,2.54,33.06,3,2,18.44,0.2032,0.762,2.54,1.143,1.7272,2.032,2.7178,1,10,0,1
B00368,B00368_R1,1497,5,5,0.2032,1.9812,51.5,0.4572,2.54,33.06,3,2,18.44,2.54,1.6002,0.2032,1.6002,2.7178,3.0226,2.3368,2,10,0,2
B00369,B00369_R2,1498,1,5,0.2032,1.6002,58.11,0.2032,1.6002,61.01,3,3,-2.9,0.2032,1.143,2.54,1.9812,0.9652,0.9652,3.175,1,10,1,1
B00369,B00369_R1,1499,2,5,0.2032,1.6002,58.11,0.2032,1.6002,61.01,3,3,-2.9,0.2032,1.143,1.0668,0.2032,0.9652,0.9652,1.8034,1,10,0,1
B00369,B00369_R2,1500,3,5,0.2032,1.6002,58.11,0.2032,1.6002,61.01,3,3,-2.9,2.286,2.54,0.2032,1.6002,3.0226,3.0226,3.0226,2,10,1,2
B00369,B00369_R1,1501,4,5,0.2032,1.6002,58.11,0.2032,1.6002,61.01,3,3,-2.9,1.6764,0.2032,1.6764,2.032,2.8702,2.8702,2.9464,3,30,0,3
B00369,B00369_R1,1502,5,5,0.2032,1.6002,58.11,0.2032,1.6002,61.01,3,3,-2.9,0.762,0.7112,2.54,1.6002,1.9558,1.9558,3.175,3,30,0,2
B00370,B00370_R2,1503,1,6,1.6764,2.032,84.25,0.2032,1.6002,70.03,4,3,14.22,0.2032,0.762,0.762,0.2032,3.2512,1.3462,1.1176,1,10,1,1
B00370,B00370_R2,1504,2,6,1.6764,2.032,84.25,0.2032,1.6002,70.03,4,3,14.22,0.2032,1.143,2.54,0.762,2.8702,0.9652,2.7178,1,10,1,4
B00370,B00370_R1,1505,3,6,1.6764,2.032,84.25,0.2032,1.6002,70.03,4,3,14.22,0.2032,1.143,1.6764,2.54,2.8702,0.9652,2.8702,1,30,0,2
B00370,B00370_R2,1506,4,6,1.6764,2.032,84.25,0.2032,1.6002,70.03,4,3,14.22,0.2032,0.762,1.6764,0.2032,3.2512,1.3462,2.032,1,20,1,2
B00370,B00370_R1,1507,5,6,1.6764,2.032,84.25,0.2032,1.6002,70.03,4,3,14.22,2.54,1.143,0.2032,1.6002,2.2606,2.794,2.794,2,10,0,1
B00370,B00370_R2,1508,6,6,1.6764,2.032,84.25,0.2032,1.6002,70.03,4,3,14.22,0.2032,0.762,0.762,2.032,3.2512,1.3462,2.3368,1,10,1,3
B00371,B00371_R1,1509,1,6,1.6764,2.54,61.72,2.54,0.762,73.54,3,4,-11.82,1.0668,2.032,0.4572,0.2032,1.1176,3.2512,2.9464,3,20,0,3
B00371,B00371_R1,1510,2,6,1.6764,2.54,61.72,2.54,0.762,73.54,3,4,-11.82,0.2032,1.143,0.762,2.54,2.8702,2.7178,1.9558,1,20,0,2
B00371,B00371_R1,1511,3,6,1.6764,2.54,61.72,2.54,0.762,73.54,3,4,-11.82,0.762,0.2032,1.9812,0.7112,3.2512,2.3368,1.7272,3,30,0,4
B00371,B00371_R2,1512,4,6,1.6764,2.54,61.72,2.54,0.762,73.54,3,4,-11.82,2.54,1.6002,0.2032,1.6002,1.8034,1.3462,2.3368,2,10,1,1
B00371,B00371_R1,1513,5,6,1.6764,2.54,61.72,2.54,0.762,73.54,3,4,-11.82,0.4572,2.54,0.2032,1.9812,1.7272,3.8608,0.8128,2,10,0,1
B00371,B00371_R2,1514,6,6,1.6764,2.54,61.72,2.54,0.762,73.54,3,4,-11.82,0.2032,0.762,2.54,0.762,3.2512,2.9464,2.9464,1,10,1,2
B00372,B00372_R1,1515,1,5,1.9812,0.7112,86.26,2.54,0.762,91.18,5,4,-4.92,1.6764,0.7112,1.6764,0.2032,0.8128,1.4224,0.508,3,20,0,1
B00372,B00372_R2,1516,2,5,1.9812,0.7112,86.26,2.54,0.762,91.18,5,4,-4.92,0.2032,1.143,1.9812,0.2032,2.7178,2.7178,2.7178,1,30,1,2
B00372,B00372_R1,1517,3,5,1.9812,0.7112,86.26,2.54,0.762,91.18,5,4,-4.92,0.2032,0.762,1.6764,2.032,2.3368,2.9464,3.2512,1,10,0,3
B00372,B00372_R1,1518,4,5,1.9812,0.7112,86.26,2.54,0.762,91.18,5,4,-4.92,1.6764,0.7112,0.2032,1.9812,0.8128,1.4224,3.2512,2,10,0,2
B00372,B00372_R2,1519,5,5,1.9812,0.7112,86.26,2.54,0.762,91.18,5,4,-4.92,0.762,0.7112,0.762,2.032,1.7272,2.3368,2.9464,3,20,1,1
B00373,B00373_R2,1520,1,7,1.6764,2.032,113.6,1.9812,0.2032,94.79,6,4,18.81,1.0668,0.2032,1.0668,0.7112,2.9464,1.4224,0.508,3,30,1,1
B00373,B00373_R1,1521,2,7,1.6764,2.032,113.6,1.9812,0.2032,94.79,6,4,18.81,0.762,2.54,1.6764,2.032,1.4224,3.556,1.4224,3,30,0,1
B00373,B00373_R1,1522,3,7,1.6764,2.032,113.6,1.9812,0.2032,94.79,6,4,18.81,2.286,0.2032,1.0668,2.032,2.9464,0.8128,3.556,3,20,0,3
B00373,B00373_R2,1523,4,7,1.6764,2.032,113.6,1.9812,0.2032,94.79,6,4,18.81,0.2032,1.143,0.4572,2.54,2.8702,2.7178,1.651,1,30,1,3
B00373,B00373_R2,1524,5,7,1.6764,2.032,113.6,1.9812,0.2032,94.79,6,4,18.81,0.2032,0.762,0.762,0.7112,3.2512,2.3368,1.1176,1,10,1,2
B00373,B00373_R2,1525,6,7,1.6764,2.032,113.6,1.9812,0.2032,94.79,6,4,18.81,0.2032,1.143,0.762,2.032,2.8702,2.7178,1.9558,1,30,1,4
B00373,B00373_R1,1526,7,7,1.6764,2.032,113.6,1.9812,0.2032,94.79,6,4,18.81,2.54,1.6002,1.9812,2.032,1.8034,1.9558,1.4986,3,20,0,2
B00374,B00374_R1,1527,1,2,1.0668,2.032,145.66,0.762,2.032,134.26,8,7,11.4,1.0668,0.2032,2.286,0.2032,2.9464,3.2512,1.7272,3,30,0,1
B00374,B00374_R2,1528,2,2,1.0668,2.032,145.66,0.762,2.032,134.26,8,7,11.4,1.6764,0.2032,0.2032,1.6002,2.9464,3.2512,2.8702,2,20,1,1
B00375,B00375_R1,1529,1,3,2.286,0.2032,107.0,0.2032,1.6002,84.86,5,4,22.14,2.286,0.2032,0.2032,1.9812,0.0,3.4798,3.8608,2,30,0,1
B00375,B00375_R2,1530,2,3,2.286,0.2032,107.0,0.2032,1.6002,84.86,5,4,22.14,0.2032,0.762,1.0668,0.2032,2.6416,1.3462,1.4224,1,20,1,1
B00375,B00375_R2,1531,3,3,2.286,0.2032,107.0,0.2032,1.6002,84.86,5,4,22.14,0.2032,0.762,0.762,2.032,2.6416,1.3462,2.3368,1,30,1,2
B00376,B00376_R2,1532,1,5,0.2032,1.9812,95.18,0.762,2.032,92.17,4,5,3.01,1.0668,0.7112,0.2032,1.9812,2.6416,3.2512,2.6416,2,20,1,3
B00376,B00376_R2,1533,2,5,0.2032,1.9812,95.18,0.762,2.032,92.17,4,5,3.01,2.54,1.6002,0.2032,1.9812,2.7178,2.7178,2.7178,2,20,1,2
B00376,B00376_R1,1534,3,5,0.2032,1.9812,95.18,0.762,2.032,92.17,4,5,3.01,1.0668,2.54,0.2032,1.9812,1.4224,0.8128,1.4224,2,20,0,1
B00376,B00376_R1,1535,4,5,0.2032,1.9812,95.18,0.762,2.032,92.17,4,5,3.01,1.9812,0.7112,1.0668,2.032,3.556,3.556,3.2512,3,30,0,2
B00376,B00376_R2,1536,5,5,0.2032,1.9812,95.18,0.762,2.032,92.17,4,5,3.01,0.762,2.032,1.6764,2.032,1.1176,0.0,1.4224,3,10,1,1
B00377,B00377_R2,1537,1,7,1.0668,2.032,110.62,0.2032,1.9812,114.42,5,6,-3.8,0.2032,1.143,0.762,0.7112,2.2606,1.3462,1.4986,1,30,1,1
B00377,B00377_R2,1538,2,7,1.0668,2.032,110.62,0.2032,1.9812,114.42,5,6,-3.8,0.762,2.54,2.54,0.762,0.8128,1.1176,3.556,3,10,1,3
B00377,B00377_R2,1539,3,7,1.0668,2.032,110.62,0.2032,1.9812,114.42,5,6,-3.8,1.9812,0.7112,2.286,2.54,3.2512,3.556,2.6416,3,10,1,4
B00377,B00377_R1,1540,4,7,1.0668,2.032,110.62,0.2032,1.9812,114.42,5,6,-3.8,1.6764,2.032,1.6764,0.7112,1.1176,2.032,2.9464,3,20,0,2
B00377,B00377_R2,1541,5,7,1.0668,2.032,110.62,0.2032,1.9812,114.42,5,6,-3.8,0.2032,1.143,0.4572,2.54,2.2606,1.3462,1.651,1,20,1,2
B00377,B00377_R1,1542,6,7,1.0668,2.032,110.62,0.2032,1.9812,114.42,5,6,-3.8,1.9812,0.2032,0.2032,1.9812,3.2512,3.556,3.556,2,20,0,3
B00377,B00377_R1,1543,7,7,1.0668,2.032,110.62,0.2032,1.9812,114.42,5,6,-3.8,1.6764,2.54,2.286,2.54,1.1176,2.032,1.1176,3,10,0,1
B00378,B00378_R1,1544,1,6,0.2032,1.9812,128.45,2.286,2.54,162.91,6,8,-34.46,0.762,2.032,0.2032,1.6002,1.1176,2.032,1.4986,2,10,0,2
B00378,B00378_R1,1545,2,6,0.2032,1.9812,128.45,2.286,2.54,162.91,6,8,-34.46,1.6764,0.7112,1.9812,2.54,3.2512,2.9464,3.2512,3,30,0,4
B00378,B00378_R1,1546,3,6,0.2032,1.9812,128.45,2.286,2.54,162.91,6,8,-34.46,0.2032,1.143,0.4572,2.54,1.3462,3.4798,1.651,1,30,0,1
B00378,B00378_R2,1547,4,6,0.2032,1.9812,128.45,2.286,2.54,162.91,6,8,-34.46,1.6764,0.7112,0.2032,1.6002,3.2512,2.9464,2.8702,2,20,1,2
B00378,B00378_R2,1548,5,6,0.2032,1.9812,128.45,2.286,2.54,162.91,6,8,-34.46,2.286,0.2032,0.2032,1.6002,3.8608,2.3368,3.4798,2,10,1,1
B00378,B00378_R1,1549,6,6,0.2032,1.9812,128.45,2.286,2.54,162.91,6,8,-34.46,1.0668,0.7112,0.762,0.7112,2.6416,3.556,0.8128,3,20,0,3
B00379,B00379_R1,1550,1,2,1.9812,2.54,168.51,0.2032,1.6002,188.08,8,8,-19.57,1.6764,0.2032,1.0668,0.2032,3.2512,2.8702,1.1176,3,10,0,2
B00379,B00379_R1,1551,2,2,1.9812,2.54,168.51,0.2032,1.6002,188.08,8,8,-19.57,1.0668,2.032,0.2032,1.6002,1.4224,1.8034,1.8034,2,20,0,1
B00380,B00380_R2,1552,1,4,1.0668,0.2032,133.04,0.2032,1.6002,111.23,7,5,21.81,0.2032,1.143,2.54,1.9812,1.8034,0.9652,3.175,1,20,1,1
B00380,B00380_R2,1553,2,4,1.0668,0.2032,133.04,0.2032,1.6002,111.23,7,5,21.81,0.2032,0.762,2.54,1.9812,1.4224,1.3462,3.556,1,10,1,3
B00380,B00380_R2,1554,3,4,1.0668,0.2032,133.04,0.2032,1.6002,111.23,7,5,21.81,1.9812,2.032,0.2032,1.6002,3.2512,2.7178,2.7178,2,30,1,2
B00380,B00380_R1,1555,4,4,1.0668,0.2032,133.04,0.2032,1.6002,111.23,7,5,21.81,2.286,0.2032,0.2032,1.9812,1.7272,3.4798,3.8608,2,10,0,1
B00381,B00381_R1,1556,1,3,0.2032,1.9812,49.8,2.54,1.9812,62.02,2,3,-12.22,0.2032,0.762,1.9812,0.7112,1.7272,3.556,2.3368,1,30,0,1
B00381,B00381_R2,1557,2,3,0.2032,1.9812,49.8,2.54,1.9812,62.02,2,3,-12.22,2.286,2.54,0.2032,1.9812,2.6416,0.8128,2.6416,2,20,1,1
B00381,B00381_R1,1558,3,3,0.2032,1.9812,49.8,2.54,1.9812,62.02,2,3,-12.22,0.2032,1.143,2.286,2.54,1.3462,3.175,3.4798,1,10,0,2
B00382,B00382_R2,1559,1,3,2.286,2.54,70.74,0.2032,1.9812,36.68,3,2,34.06,1.6764,2.032,0.2032,1.6002,1.1176,2.032,2.413,2,20,1,1
B00382,B00382_R1,1560,2,3,2.286,2.54,70.74,0.2032,1.9812,36.68,3,2,34.06,1.9812,2.032,0.2032,1.9812,0.8128,2.3368,2.3368,2,20,0,1
B00382,B00382_R2,1561,3,3,2.286,2.54,70.74,0.2032,1.9812,36.68,3,2,34.06,2.54,0.762,0.2032,1.9812,2.032,3.556,3.556,2,20,1,2
B00383,B00383_R1,1562,1,7,0.2032,1.9812,47.89,0.2032,1.9812,56.12,2,2,-8.23,1.9812,2.54,0.762,0.2032,2.3368,2.3368,3.556,3,10,0,2
B00383,B00383_R2,1563,2,7,0.2032,1.9812,47.89,0.2032,1.9812,56.12,2,2,-8.23,1.0668,2.032,0.2032,1.6002,1.4224,1.4224,1.8034,2,10,1,1
B00383,B00383_R2,1564,3,7,0.2032,1.9812,47.89,0.2032,1.9812,56.12,2,2,-8.23,0.2032,1.143,1.6764,2.54,1.3462,1.3462,2.8702,1,10,1,2
B00383,B00383_R1,1565,4,7,0.2032,1.9812,47.89,0.2032,1.9812,56.12,2,2,-8.23,1.9812,0.2032,2.54,1.143,3.556,3.556,1.4986,3,20,0,3
B00383,B00383_R2,1566,5,7,0.2032,1.9812,47.89,0.2032,1.9812,56.12,2,2,-8.23,2.54,1.9812,0.2032,1.9812,2.9464,2.9464,2.9464,2,10,1,3
B00383,B00383_R1,1567,6,7,0.2032,1.9812,47.89,0.2032,1.9812,56.12,2,2,-8.23,1.9812,0.2032,1.9812,2.54,3.556,3.556,2.9464,3,30,0,4
B00383,B00383_R1,1568,7,7,0.2032,1.9812,47.89,0.2032,1.9812,56.12,2,2,-8.23,1.9812,2.54,2.286,2.54,2.3368,2.3368,0.8128,3,30,0,1
B00384,B00384_R1,1569,1,7,1.9812,2.54,83.96,0.2032,1.9812,80.16,4,4,3.8,1.9812,0.7112,0.762,0.2032,2.9464,3.556,1.7272,3,30,0,1
B00384,B00384_R1,1570,2,7,1.9812,2.54,83.96,0.2032,1.9812,80.16,4,4,3.8,0.762,0.7112,0.2032,1.9812,3.556,2.3368,2.3368,2,20,0,2
B00384,B00384_R1,1571,3,7,1.9812,2.54,83.96,0.2032,1.9812,80.16,4,4,3.8,0.2032,0.762,0.4572,2.54,3.556,1.7272,2.032,1,10,0,3
B00384,B00384_R2,1572,4,7,1.9812,2.54,83.96,0.2032,1.9812,80.16,4,4,3.8,0.762,2.032,2.286,2.54,1.7272,1.1176,2.032,3,20,1,3
B00384,B00384_R2,1573,5,7,1.9812,2.54,83.96,0.2032,1.9812,80.16,4,4,3.8,0.2032,0.762,1.6764,0.2032,3.556,1.7272,2.032,1,10,1,1
B00384,B00384_R2,1574,6,7,1.9812,2.54,83.96,0.2032,1.9812,80.16,4,4,3.8,1.6764,0.7112,1.9812,2.54,3.2512,3.2512,3.2512,3,30,1,4
B00384,B00384_R2,1575,7,7,1.9812,2.54,83.96,0.2032,1.9812,80.16,4,4,3.8,1.6764,0.7112,1.0668,2.54,3.2512,3.2512,2.9464,3,30,1,2
B00385,B00385_R1,1576,1,3,0.4572,2.54,121.84,1.9812,2.54,125.75,6,6,-3.91,0.2032,0.762,0.762,2.032,2.032,3.556,2.3368,1,10,0,2
B00385,B00385_R1,1577,2,3,0.4572,2.54,121.84,1.9812,2.54,125.75,6,6,-3.91,0.2032,0.762,1.0668,0.2032,2.032,3.556,1.4224,1,30,0,1
B00385,B00385_R2,1578,3,3,0.4572,2.54,121.84,1.9812,2.54,125.75,6,6,-3.91,1.6764,0.7112,0.2032,1.9812,3.556,3.2512,3.2512,2,20,1,1
B00386,B00386_R1,1579,1,1,0.762,2.032,117.63,0.2032,1.9812,119.84,6,5,-2.21,1.9812,0.2032,0.4572,0.2032,3.556,3.556,2.032,3,20,0,1
B00387,B00387_R2,1580,1,3,0.4572,0.2032,106.61,0.2032,1.9812,79.36,5,3,27.25,1.6764,2.032,0.2032,1.6002,3.556,2.032,2.413,2,10,1,1
B00387,B00387_R2,1581,2,3,0.4572,0.2032,106.61,0.2032,1.9812,79.36,5,3,27.25,0.2032,0.762,1.6764,0.7112,0.8128,1.7272,2.032,1,10,1,2
B00387,B00387_R1,1582,3,3,0.4572,0.2032,106.61,0.2032,1.9812,79.36,5,3,27.25,0.2032,0.762,0.762,0.2032,0.8128,1.7272,1.1176,1,10,0,1
B00388,B00388_R2,1583,1,5,0.762,0.2032,87.37,1.6764,0.7112,90.39,5,4,-3.02,1.0668,2.54,0.2032,1.9812,3.2512,2.9464,1.4224,2,10,1,2
B00388,B00388_R2,1584,2,5,0.762,0.2032,87.37,1.6764,0.7112,90.39,5,4,-3.02,1.6764,0.7112,0.762,2.032,1.4224,0.0,3.2512,3,30,1,1
B00388,B00388_R1,1585,3,5,0.762,0.2032,87.37,1.6764,0.7112,90.39,5,4,-3.02,0.2032,0.762,2.54,0.762,1.1176,2.032,2.9464,1,10,0,1
B00388,B00388_R2,1586,4,5,0.762,0.2032,87.37,1.6764,0.7112,90.39,5,4,-3.02,1.6764,2.54,0.4572,0.2032,3.2512,2.9464,3.556,3,30,1,3
B00388,B00388_R1,1587,5,5,0.762,0.2032,87.37,1.6764,0.7112,90.39,5,4,-3.02,2.286,0.2032,0.4572,0.2032,2.032,1.1176,2.3368,3,10,0,2
B00389,B00389_R2,1588,1,5,0.4572,0.2032,94.37,0.4572,0.2032,104.6,5,5,-10.23,0.2032,0.762,1.6764,0.2032,0.8128,0.8128,2.032,1,30,1,1
B00389,B00389_R2,1589,2,5,0.4572,0.2032,94.37,0.4572,0.2032,104.6,5,5,-10.23,2.54,1.9812,0.2032,1.9812,3.8608,3.8608,2.9464,2,20,1,2
B00389,B00389_R1,1590,3,5,0.4572,0.2032,94.37,0.4572,0.2032,104.6,5,5,-10.23,1.6764,2.032,0.2032,1.9812,3.556,3.556,2.032,2,10,0,3
B00389,B00389_R1,1591,4,5,0.4572,0.2032,94.37,0.4572,0.2032,104.6,5,5,-10.23,0.762,0.2032,1.0668,2.032,0.8128,0.8128,3.2512,3,10,0,1
B00389,B00389_R1,1592,5,5,0.4572,0.2032,94.37,0.4572,0.2032,104.6,5,5,-10.23,1.0668,2.032,0.2032,1.9812,2.9464,2.9464,1.4224,2,10,0,2
B00390,B00390_R1,1593,1,6,0.2032,1.9812,109.78,0.2032,1.9812,107.0,6,5,2.78,1.0668,0.2032,0.2032,1.9812,2.6416,2.6416,2.6416,2,10,0,3
B00390,B00390_R2,1594,2,6,0.2032,1.9812,109.78,0.2032,1.9812,107.0,6,5,2.78,0.762,0.2032,0.2032,1.9812,2.3368,2.3368,2.3368,2,10,1,2
B00390,B00390_R2,1595,3,6,0.2032,1.9812,109.78,0.2032,1.9812,107.0,6,5,2.78,0.2032,0.762,1.6764,2.032,1.7272,1.7272,3.2512,1,30,1,3
B00390,B00390_R2,1596,4,6,0.2032,1.9812,109.78,0.2032,1.9812,107.0,6,5,2.78,0.2032,1.143,1.9812,0.7112,1.3462,1.3462,2.7178,1,30,1,1
B00390,B00390_R1,1597,5,6,0.2032,1.9812,109.78,0.2032,1.9812,107.0,6,5,2.78,0.2032,1.143,1.6764,2.032,1.3462,1.3462,2.8702,1,30,0,1
B00390,B00390_R1,1598,6,6,0.2032,1.9812,109.78,0.2032,1.9812,107.0,6,5,2.78,1.0668,2.54,1.6764,0.2032,1.4224,1.4224,2.9464,3,10,0,2
B00391,B00391_R1,1599,1,5,0.2032,1.9812,139.64,1.6764,2.032,151.69,7,7,-12.05,0.2032,0.762,1.6764,0.2032,1.7272,3.2512,2.032,1,20,0,2
B00391,B00391_R1,1600,2,5,0.2032,1.9812,139.64,1.6764,2.032,151.69,7,7,-12.05,2.54,1.143,1.9812,0.2032,3.175,2.2606,1.4986,3,10,0,3
B00391,B00391_R2,1601,3,5,0.2032,1.9812,139.64,1.6764,2.032,151.69,7,7,-12.05,0.2032,1.143,2.286,2.54,1.3462,2.8702,3.4798,1,30,1,2
B00391,B00391_R1,1602,4,5,0.2032,1.9812,139.64,1.6764,2.032,151.69,7,7,-12.05,0.2032,1.143,0.762,0.2032,1.3462,2.8702,1.4986,1,20,0,1
B00391,B00391_R2,1603,5,5,0.2032,1.9812,139.64,1.6764,2.032,151.69,7,7,-12.05,1.0668,2.54,0.2032,1.6002,1.4224,1.1176,1.8034,2,30,1,1
B00392,B00392_R2,1604,1,2,1.9812,0.2032,169.69,2.286,2.54,149.89,9,7,19.8,0.2032,0.762,1.6764,0.7112,2.3368,3.8608,2.032,1,10,1,1
B00392,B00392_R1,1605,2,2,1.9812,0.2032,169.69,2.286,2.54,149.89,9,7,19.8,1.9812,0.7112,0.2032,1.6002,0.508,2.6416,3.175,2,30,0,1
B00393,B00393_R2,1606,1,4,0.2032,1.6002,151.77,1.6764,0.7112,140.07,8,6,11.7,1.6764,2.54,0.2032,1.9812,2.413,2.9464,2.032,2,30,1,2
B00393,B00393_R1,1607,2,4,0.2032,1.6002,151.77,1.6764,0.7112,140.07,8,6,11.7,0.2032,0.762,0.762,2.54,1.3462,2.032,2.3368,1,30,0,1
B00393,B00393_R1,1608,3,4,0.2032,1.6002,151.77,1.6764,0.7112,140.07,8,6,11.7,1.0668,2.54,0.2032,1.9812,1.8034,2.9464,1.4224,2,20,0,2
B00393,B00393_R2,1609,4,4,0.2032,1.6002,151.77,1.6764,0.7112,140.07,8,6,11.7,1.0668,0.2032,1.9812,0.2032,2.2606,1.1176,1.4224,3,10,1,1
B00394,B00394_R1,1610,1,4,0.2032,1.9812,153.47,0.2032,1.9812,146.19,8,7,7.28,0.2032,1.143,1.0668,0.2032,1.3462,1.3462,1.8034,1,10,0,1
B00394,B00394_R2,1611,2,4,0.2032,1.9812,153.47,0.2032,1.9812,146.19,8,7,7.28,0.762,0.7112,1.6764,2.54,2.3368,2.3368,3.2512,3,20,1,1
B00394,B00394_R2,1612,3,4,0.2032,1.9812,153.47,0.2032,1.9812,146.19,8,7,7.28,2.54,1.9812,0.2032,1.9812,2.9464,2.9464,2.9464,2,10,1,2
B00394,B00394_R1,1613,4,4,0.2032,1.9812,153.47,0.2032,1.9812,146.19,8,7,7.28,2.54,0.762,0.2032,1.6002,3.556,3.556,3.175,2,10,0,2
B00395,B00395_R2,1614,1,2,0.2032,1.6002,95.87,0.2032,1.9812,78.17,5,3,17.7,0.2032,1.143,2.54,1.6002,0.9652,1.3462,2.794,1,10,1,1
B00395,B00395_R1,1615,2,2,0.2032,1.6002,95.87,0.2032,1.9812,78.17,5,3,17.7,0.2032,1.143,2.54,1.143,0.9652,1.3462,2.3368,1,20,0,1
B00396,B00396_R2,1616,1,7,2.54,1.143,78.83,2.54,1.6002,61.42,4,3,17.41,0.2032,1.143,2.54,1.6002,2.3368,2.794,2.794,1,10,1,4
B00396,B00396_R1,1617,2,7,2.54,1.143,78.83,2.54,1.6002,61.42,4,3,17.41,1.0668,2.032,1.9812,0.2032,2.8702,2.413,3.2512,3,30,0,3
B00396,B00396_R1,1618,3,7,2.54,1.143,78.83,2.54,1.6002,61.42,4,3,17.41,1.6764,0.2032,1.6764,0.7112,1.8034,2.2606,0.508,3,20,0,1
B00396,B00396_R2,1619,4,7,2.54,1.143,78.83,2.54,1.6002,61.42,4,3,17.41,1.9812,2.032,0.2032,1.9812,1.9558,1.4986,2.3368,2,20,1,1
B00396,B00396_R1,1620,5,7,2.54,1.143,78.83,2.54,1.6002,61.42,4,3,17.41,1.0668,0.2032,2.286,2.54,2.413,2.8702,3.556,3,10,0,2
B00396,B00396_R2,1621,6,7,2.54,1.143,78.83,2.54,1.6002,61.42,4,3,17.41,0.2032,0.762,1.9812,0.2032,2.7178,3.175,2.3368,1,10,1,2
B00396,B00396_R2,1622,7,7,2.54,1.143,78.83,2.54,1.6002,61.42,4,3,17.41,0.762,0.2032,0.2032,1.9812,2.7178,3.175,2.3368,2,10,1,3
B00397,B00397_R2,1623,1,6,1.9812,0.2032,110.8,2.54,1.6002,109.9,5,5,0.9,0.2032,0.762,2.54,1.9812,2.3368,3.175,3.556,1,30,1,3
B00397,B00397_R1,1624,2,6,1.9812,0.2032,110.8,2.54,1.6002,109.9,5,5,0.9,0.2032,1.143,2.54,1.143,2.7178,2.794,2.3368,1,10,0,2
B00397,B00397_R2,1625,3,6,1.9812,0.2032,110.8,2.54,1.6002,109.9,5,5,0.9,0.2032,1.143,1.0668,2.032,2.7178,2.794,2.2606,1,10,1,2
B00397,B00397_R2,1626,4,6,1.9812,0.2032,110.8,2.54,1.6002,109.9,5,5,0.9,2.54,0.762,2.54,1.6002,1.1176,1.3462,1.3462,3,30,1,1
B00397,B00397_R1,1627,5,6,1.9812,0.2032,110.8,2.54,1.6002,109.9,5,5,0.9,0.2032,1.143,1.9812,0.2032,2.7178,2.794,2.7178,1,20,0,3
B00397,B00397_R1,1628,6,6,1.9812,0.2032,110.8,2.54,1.6002,109.9,5,5,0.9,1.6764,0.2032,0.2032,1.9812,0.8128,2.2606,3.2512,2,10,0,1
B00398,B00398_R2,1629,1,5,1.9812,0.2032,145.97,2.54,1.9812,139.46,7,6,6.51,1.0668,0.2032,0.2032,1.6002,1.4224,3.2512,2.2606,2,30,1,3
B00398,B00398_R1,1630,2,5,1.9812,0.2032,145.97,2.54,1.9812,139.46,7,6,6.51,1.6764,0.2032,0.2032,1.6002,0.8128,2.6416,2.8702,2,10,0,1
B00398,B00398_R1,1631,3,5,1.9812,0.2032,145.97,2.54,1.9812,139.46,7,6,6.51,1.6764,2.54,0.762,2.032,3.2512,1.4224,1.4224,3,30,0,2
B00398,B00398_R2,1632,4,5,1.9812,0.2032,145.97,2.54,1.9812,139.46,7,6,6.51,2.54,1.6002,0.2032,1.9812,1.9558,0.889,2.7178,2,30,1,1
B00398,B00398_R2,1633,5,5,1.9812,0.2032,145.97,2.54,1.9812,139.46,7,6,6.51,0.2032,0.762,1.0668,0.2032,2.3368,3.556,1.4224,1,10,1,2
B00399,B00399_R2,1634,1,6,0.762,2.032,110.21,0.2032,1.6002,118.31,5,6,-8.1,1.0668,0.7112,0.762,0.2032,3.2512,2.2606,0.8128,3,10,1,2
B00399,B00399_R1,1635,2,6,0.762,2.032,110.21,0.2032,1.6002,118.31,5,6,-8.1,1.0668,2.54,0.2032,1.9812,0.8128,1.8034,1.4224,2,20,0,1
B00399,B00399_R2,1636,3,6,0.762,2.032,110.21,0.2032,1.6002,118.31,5,6,-8.1,1.6764,0.2032,0.2032,1.6002,3.2512,2.8702,2.8702,2,20,1,3
B00399,B00399_R1,1637,4,6,0.762,2.032,110.21,0.2032,1.6002,118.31,5,6,-8.1,2.54,0.762,2.286,2.54,3.556,3.175,2.032,3,20,0,3
B00399,B00399_R1,1638,5,6,0.762,2.032,110.21,0.2032,1.6002,118.31,5,6,-8.1,1.6764,0.2032,1.6764,2.032,3.2512,2.8702,2.9464,3,30,0,2
B00399,B00399_R2,1639,6,6,0.762,2.032,110.21,0.2032,1.6002,118.31,5,6,-8.1,0.2032,1.143,0.762,0.2032,1.9558,0.9652,1.4986,1,20,1,1
B00400,B00400_R2,1640,1,1,2.286,2.54,148.58,0.2032,1.6002,135.14,7,7,13.44,0.762,0.7112,0.2032,1.9812,3.8608,1.9558,2.3368,2,30,1,1
B00401,B00401_R2,1641,1,2,2.286,2.54,105.2,0.2032,1.9812,107.38,5,6,-2.18,1.6764,2.54,0.2032,1.9812,1.1176,2.032,2.032,2,30,1,1
B00401,B00401_R1,1642,2,2,2.286,2.54,105.2,0.2032,1.9812,107.38,5,6,-2.18,1.6764,2.032,0.2032,1.6002,1.1176,2.032,2.413,2,20,0,1
B00402,B00402_R1,1643,1,3,0.2032,1.6002,87.47,0.2032,1.9812,107.99,4,6,-20.52,1.9812,0.7112,0.2032,1.6002,3.175,3.556,3.175,2,30,0,2
B00402,B00402_R1,1644,2,3,0.2032,1.6002,87.47,0.2032,1.9812,107.99,4,6,-20.52,0.2032,0.762,1.6764,0.7112,1.3462,1.7272,2.032,1,30,0,1
B00402,B00402_R2,1645,3,3,0.2032,1.6002,87.47,0.2032,1.9812,107.99,4,6,-20.52,0.2032,0.762,2.286,2.54,1.3462,1.7272,3.8608,1,10,1,1
B00403,B00403_R1,1646,1,5,0.2032,1.6002,53.61,2.286,2.54,73.04,3,3,-19.43,0.2032,1.143,2.54,1.6002,0.9652,3.4798,2.794,1,30,0,1
B00403,B00403_R2,1647,2,5,0.2032,1.6002,53.61,2.286,2.54,73.04,3,3,-19.43,1.9812,0.2032,2.286,2.54,3.175,2.6416,2.6416,3,10,1,2
B00403,B00403_R2,1648,3,5,0.2032,1.6002,53.61,2.286,2.54,73.04,3,3,-19.43,1.9812,2.032,1.9812,0.2032,2.7178,0.8128,2.9464,3,10,1,1
B00403,B00403_R1,1649,4,5,0.2032,1.6002,53.61,2.286,2.54,73.04,3,3,-19.43,0.2032,1.143,2.54,1.9812,0.9652,3.4798,3.175,1,10,0,3
B00403,B00403_R1,1650,5,5,0.2032,1.6002,53.61,2.286,2.54,73.04,3,3,-19.43,1.9812,0.2032,0.2032,1.6002,3.175,2.6416,3.175,2,10,0,2
B00404,B00404_R1,1651,1,3,2.54,1.9812,0.0,2.286,2.54,0.0,0,0,0.0,0.2032,0.762,2.54,0.762,3.556,3.8608,2.9464,1,10,0,1
B00404,B00404_R2,1652,2,3,2.54,1.9812,0.0,2.286,2.54,0.0,0,0,0.0,0.2032,0.762,1.9812,0.2032,3.556,3.8608,2.3368,1,30,1,2
B00404,B00404_R2,1653,3,3,2.54,1.9812,0.0,2.286,2.54,0.0,0,0,0.0,0.762,2.54,1.6764,0.7112,2.3368,2.032,3.2512,3,10,1,1
B00405,B00405_R2,1654,1,3,2.54,0.762,0.0,1.9812,0.2032,12.22,0,1,-12.22,1.0668,0.2032,0.2032,1.6002,2.032,1.4224,2.2606,2,10,1,1
B00405,B00405_R1,1655,2,3,2.54,0.762,0.0,1.9812,0.2032,12.22,0,1,-12.22,0.2032,0.762,1.9812,2.032,2.9464,2.3368,3.556,1,30,0,2
B00405,B00405_R1,1656,3,3,2.54,0.762,0.0,1.9812,0.2032,12.22,0,1,-12.22,1.6764,2.54,0.2032,1.6002,2.6416,3.2512,2.413,2,20,0,1
B00406,B00406_R1,1657,1,3,1.9812,2.032,17.04,0.2032,1.6002,0.0,1,0,17.04,1.6764,2.032,0.2032,1.6002,0.8128,2.413,2.413,2,30,0,1
B00406,B00406_R2,1658,2,3,1.9812,2.032,17.04,0.2032,1.6002,0.0,1,0,17.04,0.2032,1.143,0.762,0.7112,3.175,0.9652,1.4986,1,30,1,2
B00406,B00406_R2,1659,3,3,1.9812,2.032,17.04,0.2032,1.6002,0.0,1,0,17.04,1.0668,2.54,0.2032,1.9812,1.4224,1.8034,1.4224,2,10,1,1
B00407,B00407_R2,1660,1,7,0.2032,1.6002,0.0,0.762,0.7112,8.92,0,1,-8.92,0.2032,0.762,2.286,0.2032,1.3462,1.1176,2.6416,1,20,1,1
B00407,B00407_R2,1661,2,7,0.2032,1.6002,0.0,0.762,0.7112,8.92,0,1,-8.92,1.9812,0.7112,2.286,0.2032,3.175,1.7272,0.8128,3,30,1,2
B00407,B00407_R2,1662,3,7,0.2032,1.6002,0.0,0.762,0.7112,8.92,0,1,-8.92,1.9812,0.2032,0.2032,1.9812,3.175,1.7272,3.556,2,10,1,3
B00407,B00407_R1,1663,4,7,0.2032,1.6002,0.0,0.762,0.7112,8.92,0,1,-8.92,0.762,2.032,0.2032,1.9812,1.4986,2.9464,1.1176,2,20,0,2
B00407,B00407_R1,1664,5,7,0.2032,1.6002,0.0,0.762,0.7112,8.92,0,1,-8.92,0.2032,1.143,1.0668,2.54,0.9652,1.4986,2.2606,1,20,0,1
B00407,B00407_R1,1665,6,7,0.2032,1.6002,0.0,0.762,0.7112,8.92,0,1,-8.92,2.286,2.54,2.54,1.143,3.0226,3.8608,1.651,3,20,0,4
B00407,B00407_R1,1666,7,7,0.2032,1.6002,0.0,0.762,0.7112,8.92,0,1,-8.92,0.2032,0.762,2.286,0.2032,1.3462,1.1176,2.6416,1,30,0,3
B00408,B00408_R1,1667,1,3,2.54,1.143,16.23,0.2032,1.9812,0.0,1,0,16.23,2.54,1.6002,1.0668,0.2032,0.9652,2.7178,2.8702,3,20,0,1
B00408,B00408_R2,1668,2,3,2.54,1.143,16.23,0.2032,1.9812,0.0,1,0,16.23,0.2032,1.143,2.286,0.2032,2.3368,1.3462,3.0226,1,10,1,2
B00408,B00408_R2,1669,3,3,2.54,1.143,16.23,0.2032,1.9812,0.0,1,0,16.23,0.2032,0.762,1.0668,2.032,2.7178,1.7272,2.6416,1,10,1,1
B00409,B00409_R1,1670,1,1,1.0668,0.2032,0.0,2.286,0.2032,14.93,0,1,-14.93,0.2032,0.762,1.6764,0.7112,1.4224,2.6416,2.032,1,20,0,1
B00410,B00410_R2,1671,1,5,1.6764,0.7112,0.0,2.286,0.2032,0.0,0,0,0.0,0.2032,1.143,1.0668,2.54,2.413,3.0226,2.2606,1,10,1,1
B00410,B00410_R1,1672,2,5,1.6764,0.7112,0.0,2.286,0.2032,0.0,0,0,0.0,0.2032,0.762,2.54,1.143,2.032,2.6416,2.7178,1,20,0,3
B00410,B00410_R1,1673,3,5,1.6764,0.7112,0.0,2.286,0.2032,0.0,0,0,0.0,0.2032,1.143,1.0668,0.7112,2.413,3.0226,1.8034,1,20,0,2
B00410,B00410_R2,1674,4,5,1.6764,0.7112,0.0,2.286,0.2032,0.0,0,0,0.0,1.9812,2.54,1.6764,0.2032,3.2512,2.6416,3.2512,3,30,1,2
B00410,B00410_R1,1675,5,5,1.6764,0.7112,0.0,2.286,0.2032,0.0,0,0,0.0,0.2032,1.143,0.762,0.7112,2.413,3.0226,1.4986,1,20,0,1
B00411,B00411_R1,1676,1,3,2.54,1.143,32.46,1.6764,0.2032,15.83,2,1,16.63,2.54,1.143,0.2032,1.6002,0.0,1.8034,2.794,2,20,0,1
B00411,B00411_R2,1677,2,3,2.54,1.143,32.46,1.6764,0.2032,15.83,2,1,16.63,2.286,0.2032,0.2032,1.9812,1.1938,1.1176,3.8608,2,30,1,2
B00411,B00411_R2,1678,3,3,2.54,1.143,32.46,1.6764,0.2032,15.83,2,1,16.63,0.2032,0.762,1.6764,0.7112,2.7178,2.032,2.032,1,10,1,1
B00412,B00412_R2,1679,1,2,0.2032,1.6002,14.03,0.2032,1.9812,25.65,1,1,-11.62,1.9812,0.2032,1.9812,0.7112,3.175,3.556,0.508,3,10,1,1
B00412,B00412_R1,1680,2,2,0.2032,1.6002,14.03,0.2032,1.9812,25.65,1,1,-11.62,0.762,0.2032,0.2032,1.9812,1.9558,2.3368,2.3368,2,30,0,1
B00413,B00413_R1,1681,1,4,0.2032,1.9812,0.0,1.9812,0.7112,0.0,0,0,0.0,1.9812,0.7112,0.762,0.2032,3.556,0.0,1.7272,3,30,0,2
B00413,B00413_R1,1682,2,4,0.2032,1.9812,0.0,1.9812,0.7112,0.0,0,0,0.0,0.2032,1.143,1.0668,0.7112,1.3462,2.7178,1.8034,1,10,0,1
B00413,B00413_R2,1683,3,4,0.2032,1.9812,0.0,1.9812,0.7112,0.0,0,0,0.0,0.2032,0.762,1.9812,2.032,1.7272,2.3368,3.556,1,30,1,1
B00413,B00413_R2,1684,4,4,0.2032,1.9812,0.0,1.9812,0.7112,0.0,0,0,0.0,2.286,2.54,0.4572,2.54,2.6416,2.6416,2.3368,3,10,1,2
B00414,B00414_R1,1685,1,5,0.762,0.2032,9.82,0.4572,2.54,12.22,1,1,-2.4,0.2032,0.762,1.6764,2.54,1.1176,2.032,3.2512,1,30,0,1
B00414,B00414_R1,1686,2,5,0.762,0.2032,9.82,0.4572,2.54,12.22,1,1,-2.4,2.54,1.9812,0.2032,1.6002,3.556,2.6416,2.7178,2,10,0,2
B00414,B00414_R2,1687,3,5,0.762,0.2032,9.82,0.4572,2.54,12.22,1,1,-2.4,0.762,2.54,0.2032,1.9812,2.9464,0.8128,1.1176,2,10,1,1
B00414,B00414_R2,1688,4,5,0.762,0.2032,9.82,0.4572,2.54,12.22,1,1,-2.4,1.0668,2.032,2.286,0.2032,3.2512,1.1176,3.556,3,20,1,3
B00414,B00414_R2,1689,5,5,0.762,0.2032,9.82,0.4572,2.54,12.22,1,1,-2.4,1.6764,2.032,0.2032,1.9812,3.2512,1.7272,2.032,2,20,1,2
B00415,B00415_R2,1690,1,7,0.2032,1.6002,18.93,2.286,0.2032,46.69,1,2,-27.76,0.2032,0.762,1.6764,2.032,1.3462,2.6416,3.2512,1,30,1,2
B00415,B00415_R1,1691,2,7,0.2032,1.6002,18.93,2.286,0.2032,46.69,1,2,-27.76,0.2032,1.143,1.6764,0.2032,0.9652,3.0226,2.413,1,30,0,5
B00415,B00415_R2,1692,3,7,0.2032,1.6002,18.93,2.286,0.2032,46.69,1,2,-27.76,2.54,1.143,0.2032,1.6002,2.794,1.1938,2.794,2,30,1,1
B00415,B00415_R1,1693,4,7,0.2032,1.6002,18.93,2.286,0.2032,46.69,1,2,-27.76,0.762,0.7112,1.6764,2.032,1.9558,2.032,3.2512,3,30,0,3
B00415,B00415_R1,1694,5,7,0.2032,1.6002,18.93,2.286,0.2032,46.69,1,2,-27.76,0.2032,0.762,1.0668,0.2032,1.3462,2.6416,1.4224,1,10,0,1
B00415,B00415_R1,1695,6,7,0.2032,1.6002,18.93,2.286,0.2032,46.69,1,2,-27.76,1.0668,0.2032,1.6764,0.7112,2.2606,1.7272,1.1176,3,10,0,2
B00415,B00415_R1,1696,7,7,0.2032,1.6002,18.93,2.286,0.2032,46.69,1,2,-27.76,1.9812,2.032,0.2032,1.9812,2.7178,2.6416,2.3368,2,20,0,4
B00416,B00416_R2,1697,1,3,1.6764,0.2032,74.13,1.6764,2.032,45.89,4,2,28.24,1.6764,2.54,0.2032,1.6002,2.9464,0.508,2.413,2,20,1,1
B00416,B00416_R2,1698,2,3,1.6764,0.2032,74.13,1.6764,2.032,45.89,4,2,28.24,0.2032,0.762,1.6764,2.032,2.032,3.2512,3.2512,1,30,1,2
B00416,B00416_R1,1699,3,3,1.6764,0.2032,74.13,1.6764,2.032,45.89,4,2,28.24,2.54,0.762,0.2032,1.9812,1.4224,2.6416,3.556,2,20,0,1
B00417,B00417_R2,1700,1,3,0.2032,1.9812,64.92,1.6764,2.032,57.51,3,3,7.41,2.54,1.9812,0.2032,1.9812,2.9464,1.4224,2.9464,2,20,1,1
B00417,B00417_R1,1701,2,3,0.2032,1.9812,64.92,1.6764,2.032,57.51,3,3,7.41,0.2032,1.143,0.4572,0.2032,1.3462,2.8702,1.1938,1,20,0,1
B00417,B00417_R1,1702,3,3,0.2032,1.9812,64.92,1.6764,2.032,57.51,3,3,7.41,0.2032,0.762,0.762,0.7112,1.7272,3.2512,1.1176,1,20,0,2
B00418,B00418_R2,1703,1,6,0.762,0.7112,67.83,0.2032,1.9812,39.08,4,2,28.75,0.2032,0.762,2.286,0.2032,1.1176,1.7272,2.6416,1,20,1,1
B00418,B00418_R1,1704,2,6,0.762,0.7112,67.83,0.2032,1.9812,39.08,4,2,28.75,2.54,1.143,0.2032,1.6002,2.7178,3.175,2.794,2,30,0,2
B00418,B00418_R2,1705,3,6,0.762,0.7112,67.83,0.2032,1.9812,39.08,4,2,28.75,2.286,0.2032,1.0668,0.2032,2.032,3.8608,1.7272,3,20,1,2
B00418,B00418_R2,1706,4,6,0.762,0.7112,67.83,0.2032,1.9812,39.08,4,2,28.75,1.9812,2.54,0.2032,1.9812,3.556,2.3368,2.3368,2,30,1,4
B00418,B00418_R1,1707,5,6,0.762,0.7112,67.83,0.2032,1.9812,39.08,4,2,28.75,0.2032,0.762,1.6764,0.7112,1.1176,1.7272,2.032,1,10,0,1
B00418,B00418_R2,1708,6,6,0.762,0.7112,67.83,0.2032,1.9812,39.08,4,2,28.75,2.286,0.2032,0.2032,1.9812,2.032,3.8608,3.8608,2,30,1,3
B00419,B00419_R1,1709,1,1,0.2032,1.6002,67.92,0.2032,1.9812,88.58,4,4,-20.66,0.2032,0.762,1.0668,0.7112,1.3462,1.7272,1.4224,1,20,0,1
B00420,B00420_R2,1710,1,5,1.0668,0.7112,59.51,0.2032,1.9812,52.51,3,2,7.0,2.54,0.762,2.54,1.9812,2.032,3.556,1.7272,3,30,1,3
B00420,B00420_R1,1711,2,5,1.0668,0.7112,59.51,0.2032,1.9812,52.51,3,2,7.0,0.762,0.2032,1.0668,2.54,0.8128,2.3368,3.2512,3,10,0,1
B00420,B00420_R2,1712,3,5,1.0668,0.7112,59.51,0.2032,1.9812,52.51,3,2,7.0,0.2032,1.143,0.4572,0.2032,1.8034,1.3462,1.1938,1,20,1,1
B00420,B00420_R2,1713,4,5,1.0668,0.7112,59.51,0.2032,1.9812,52.51,3,2,7.0,0.2032,1.143,1.0668,0.2032,1.8034,1.3462,1.8034,1,30,1,2
B00420,B00420_R1,1714,5,5,1.0668,0.7112,59.51,0.2032,1.9812,52.51,3,2,7.0,0.2032,1.143,1.9812,2.032,1.8034,1.3462,3.175,1,20,0,2
B00421,B00421_R1,1715,1,3,1.9812,2.032,69.43,2.54,1.9812,66.92,4,4,2.51,1.0668,0.2032,0.2032,1.6002,3.2512,3.2512,2.2606,2,30,0,2
B00421,B00421_R1,1716,2,3,1.9812,2.032,69.43,2.54,1.9812,66.92,4,4,2.51,1.6764,2.54,0.2032,1.9812,0.8128,1.4224,2.032,2,30,0,1
B00421,B00421_R2,1717,3,3,1.9812,2.032,69.43,2.54,1.9812,66.92,4,4,2.51,1.6764,0.2032,0.2032,1.6002,3.2512,2.6416,2.8702,2,20,1,1
B00422,B00422_R2,1718,1,3,0.2032,1.6002,85.87,0.2032,1.6002,65.43,4,3,20.44,2.54,1.143,0.2032,1.9812,2.794,2.794,3.175,2,10,1,2
B00422,B00422_R2,1719,2,3,0.2032,1.6002,85.87,0.2032,1.6002,65.43,4,3,20.44,1.0668,2.54,0.2032,1.9812,1.8034,1.8034,1.4224,2,20,1,1
B00422,B00422_R1,1720,3,3,0.2032,1.6002,85.87,0.2032,1.6002,65.43,4,3,20.44,0.2032,0.762,1.9812,2.54,1.3462,1.3462,3.556,1,20,0,1
B00423,B00423_R1,1721,1,3,1.9812,2.54,67.93,0.2032,1.9812,77.56,3,3,-9.63,2.54,1.9812,1.9812,2.54,1.1176,2.9464,1.1176,3,10,0,1
B00423,B00423_R1,1722,2,3,1.9812,2.54,67.93,0.2032,1.9812,77.56,3,3,-9.63,1.9812,0.7112,0.762,0.2032,2.9464,3.556,1.7272,3,30,0,2
B00423,B00423_R2,1723,3,3,1.9812,2.54,67.93,0.2032,1.9812,77.56,3,3,-9.63,0.2032,1.143,2.54,1.143,3.175,1.3462,2.3368,1,30,1,1
B00424,B00424_R2,1724,1,2,0.762,0.2032,64.62,2.54,1.143,60.22,3,3,4.4,1.0668,2.032,2.286,0.2032,3.2512,2.8702,3.556,3,30,1,1
B00424,B00424_R1,1725,2,2,0.762,0.2032,64.62,2.54,1.143,60.22,3,3,4.4,0.2032,1.143,1.0668,2.54,1.4986,2.3368,2.2606,1,20,0,1
B00425,B00425_R1,1726,1,3,1.0668,2.54,11.92,2.286,0.2032,0.0,1,0,11.92,2.54,1.9812,0.2032,1.6002,2.032,2.032,2.7178,2,30,0,1
B00425,B00425_R2,1727,2,3,1.0668,2.54,11.92,2.286,0.2032,0.0,1,0,11.92,0.2032,1.143,0.762,0.7112,2.2606,3.0226,1.4986,1,30,1,2
B00425,B00425_R2,1728,3,3,1.0668,2.54,11.92,2.286,0.2032,0.0,1,0,11.92,0.2032,0.762,0.762,0.7112,2.6416,2.6416,1.1176,1,10,1,1
B00426,B00426_R2,1729,1,2,0.2032,1.6002,0.0,0.762,0.7112,8.92,0,1,-8.92,0.2032,0.762,0.4572,2.54,1.3462,1.1176,2.032,1,30,1,1
B00426,B00426_R1,1730,2,2,0.2032,1.6002,0.0,0.762,0.7112,8.92,0,1,-8.92,0.2032,1.143,1.9812,0.7112,0.9652,1.4986,2.7178,1,10,0,1
B00427,B00427_R2,1731,1,1,1.9812,0.7112,0.0,0.4572,2.54,0.0,0,0,0.0,1.9812,2.54,0.2032,1.9812,2.9464,2.032,2.3368,2,30,1,1
B00428,B00428_R1,1732,1,5,1.9812,0.7112,0.0,0.2032,1.9812,0.0,0,0,0.0,0.2032,0.762,1.9812,0.2032,2.3368,1.7272,2.3368,1,30,0,2
B00428,B00428_R1,1733,2,5,1.9812,0.7112,0.0,0.2032,1.9812,0.0,0,0,0.0,1.6764,0.2032,0.2032,1.9812,0.8128,3.2512,3.2512,2,10,0,1
B00428,B00428_R2,1734,3,5,1.9812,0.7112,0.0,0.2032,1.9812,0.0,0,0,0.0,0.2032,0.762,0.762,2.032,2.3368,1.7272,2.3368,1,20,1,1
B00428,B00428_R2,1735,4,5,1.9812,0.7112,0.0,0.2032,1.9812,0.0,0,0,0.0,0.2032,1.143,1.6764,0.7112,2.7178,1.3462,2.413,1,30,1,2
B00428,B00428_R1,1736,5,5,1.9812,0.7112,0.0,0.2032,1.9812,0.0,0,0,0.0,2.54,1.6002,0.4572,2.54,1.9558,2.7178,3.0226,3,30,0,3
B00429,B00429_R2,1737,1,7,0.4572,2.54,37.87,1.6764,0.7112,12.53,2,1,25.34,0.2032,0.762,1.6764,2.54,2.032,2.032,3.2512,1,10,1,4
B00429,B00429_R1,1738,2,7,0.4572,2.54,37.87,1.6764,0.7112,12.53,2,1,25.34,0.2032,0.762,2.54,1.6002,2.032,2.032,3.175,1,30,0,3
B00429,B00429_R1,1739,3,7,0.4572,2.54,37.87,1.6764,0.7112,12.53,2,1,25.34,0.762,2.54,0.2032,1.6002,0.8128,3.2512,1.4986,2,10,0,2
B00429,B00429_R2,1740,4,7,0.4572,2.54,37.87,1.6764,0.7112,12.53,2,1,25.34,0.762,0.7112,0.2032,1.6002,2.6416,1.4224,1.9558,2,30,1,2
B00429,B00429_R1,1741,5,7,0.4572,2.54,37.87,1.6764,0.7112,12.53,2,1,25.34,1.0668,2.032,0.2032,1.9812,1.1176,2.9464,1.4224,2,20,0,1
B00429,B00429_R2,1742,6,7,0.4572,2.54,37.87,1.6764,0.7112,12.53,2,1,25.34,1.6764,0.7112,0.762,0.7112,3.556,0.0,1.4224,3,20,1,1
B00429,B00429_R2,1743,7,7,0.4572,2.54,37.87,1.6764,0.7112,12.53,2,1,25.34,0.2032,0.762,1.0668,0.7112,2.032,2.032,1.4224,1,30,1,3
B00430,B00430_R2,1744,1,7,2.54,1.6002,23.85,1.6764,2.54,24.45,1,1,-0.6,1.0668,0.2032,0.2032,1.6002,2.8702,2.9464,2.2606,2,30,1,3
B00430,B00430_R2,1745,2,7,2.54,1.6002,23.85,1.6764,2.54,24.45,1,1,-0.6,1.0668,2.032,0.2032,1.9812,2.413,1.1176,1.4224,2,10,1,1
B00430,B00430_R2,1746,3,7,2.54,1.6002,23.85,1.6764,2.54,24.45,1,1,-0.6,0.2032,1.143,0.762,2.032,2.794,2.8702,1.9558,1,20,1,4
B00430,B00430_R1,1747,4,7,2.54,1.6002,23.85,1.6764,2.54,24.45,1,1,-0.6,0.2032,1.143,0.762,0.2032,2.794,2.8702,1.4986,1,10,0,1
B00430,B00430_R1,1748,5,7,2.54,1.6002,23.85,1.6764,2.54,24.45,1,1,-0.6,0.2032,1.143,1.6764,0.2032,2.794,2.8702,2.413,1,10,0,3
B00430,B00430_R2,1749,6,7,2.54,1.6002,23.85,1.6764,2.54,24.45,1,1,-0.6,0.2032,1.143,1.0668,0.7112,2.794,2.8702,1.8034,1,10,1,2
B00430,B00430_R1,1750,7,7,2.54,1.6002,23.85,1.6764,2.54,24.45,1,1,-0.6,0.2032,0.762,0.762,2.032,3.175,3.2512,2.3368,1,30,0,2
B00431,B00431_R1,1751,1,3,1.6764,0.2032,12.53,0.762,2.032,29.45,1,2,-16.92,1.6764,0.7112,0.2032,1.6002,0.508,3.2512,2.8702,2,10,0,1
B00431,B00431_R2,1752,2,3,1.6764,0.2032,12.53,0.762,2.032,29.45,1,2,-16.92,0.2032,1.143,0.4572,0.2032,2.413,1.9558,1.1938,1,30,1,1
B00431,B00431_R1,1753,3,3,1.6764,0.2032,12.53,0.762,2.032,29.45,1,2,-16.92,0.762,0.2032,1.9812,2.032,1.4224,2.9464,3.556,3,30,0,2
B00432,B00432_R2,1754,1,6,1.9812,2.032,27.76,0.4572,0.2032,7.71,1,1,20.05,0.2032,0.762,0.4572,0.2032,3.556,0.8128,0.8128,1,20,1,1
B00432,B00432_R2,1755,2,6,1.9812,2.032,27.76,0.4572,0.2032,7.71,1,1,20.05,1.0668,0.2032,0.2032,1.9812,3.2512,1.1176,2.6416,2,30,1,2
B00432,B00432_R1,1756,3,6,1.9812,2.032,27.76,0.4572,0.2032,7.71,1,1,20.05,1.6764,2.54,0.2032,1.6002,0.8128,3.556,2.413,2,10,0,1
B00432,B00432_R1,1757,4,6,1.9812,2.032,27.76,0.4572,0.2032,7.71,1,1,20.05,0.2032,1.143,1.6764,2.032,3.175,1.1938,2.8702,1,30,0,2
B00432,B00432_R2,1758,5,6,1.9812,2.032,27.76,0.4572,0.2032,7.71,1,1,20.05,1.6764,0.2032,1.9812,2.032,3.2512,1.7272,3.2512,3,10,1,4
B00432,B00432_R2,1759,6,6,1.9812,2.032,27.76,0.4572,0.2032,7.71,1,1,20.05,0.2032,1.143,1.6764,2.54,3.175,1.1938,2.8702,1,10,1,3
B00433,B00433_R2,1760,1,4,1.6764,2.032,0.0,1.9812,2.032,0.0,0,0,0.0,2.286,0.2032,0.2032,1.9812,2.9464,2.6416,3.8608,2,30,1,1
B00433,B00433_R1,1761,2,4,1.6764,2.032,0.0,1.9812,2.032,0.0,0,0,0.0,1.0668,0.2032,1.0668,2.032,2.9464,3.2512,2.9464,3,10,0,2
B00433,B00433_R2,1762,3,4,1.6764,2.032,0.0,1.9812,2.032,0.0,0,0,0.0,0.2032,1.143,0.762,2.54,2.8702,3.175,1.9558,1,20,1,2
B00433,B00433_R1,1763,4,4,1.6764,2.032,0.0,1.9812,2.032,0.0,0,0,0.0,0.2032,0.762,0.4572,0.2032,3.2512,3.556,0.8128,1,10,0,1
B00434,B00434_R2,1764,1,3,1.0668,2.032,14.63,0.762,2.54,10.72,1,1,3.91,0.4572,2.54,0.2032,1.6002,1.1176,0.8128,1.1938,2,30,1,1
B00434,B00434_R2,1765,2,3,1.0668,2.032,14.63,0.762,2.54,10.72,1,1,3.91,0.2032,0.762,1.6764,2.032,2.6416,2.3368,3.2512,1,20,1,2
B00434,B00434_R1,1766,3,3,1.0668,2.032,14.63,0.762,2.54,10.72,1,1,3.91,1.9812,2.032,0.2032,1.6002,1.4224,1.7272,2.7178,2,20,0,1
B00435,B00435_R2,1767,1,4,0.2032,1.6002,0.0,1.6764,2.032,0.0,0,0,0.0,0.2032,0.762,0.762,0.2032,1.3462,3.2512,1.1176,1,10,1,2
B00435,B00435_R1,1768,2,4,0.2032,1.6002,0.0,1.6764,2.032,0.0,0,0,0.0,1.6764,0.2032,0.2032,1.9812,2.8702,2.9464,3.2512,2,20,0,2
B00435,B00435_R2,1769,3,4,0.2032,1.6002,0.0,1.6764,2.032,0.0,0,0,0.0,2.54,1.143,0.2032,1.9812,2.794,2.2606,3.175,2,10,1,1
B00435,B00435_R1,1770,4,4,0.2032,1.6002,0.0,1.6764,2.032,0.0,0,0,0.0,0.2032,1.143,1.0668,0.2032,0.9652,2.8702,1.8034,1,10,0,1
B00436,B00436_R2,1771,1,7,0.2032,1.9812,15.83,0.762,0.2032,7.41,1,1,8.42,0.2032,1.143,1.6764,0.7112,1.3462,1.4986,2.413,1,20,1,4
B00436,B00436_R1,1772,2,7,0.2032,1.9812,15.83,0.762,0.2032,7.41,1,1,8.42,0.2032,1.143,0.762,0.2032,1.3462,1.4986,1.4986,1,30,0,2
B00436,B00436_R2,1773,3,7,0.2032,1.9812,15.83,0.762,0.2032,7.41,1,1,8.42,0.2032,1.143,1.0668,0.2032,1.3462,1.4986,1.8034,1,10,1,1
B00436,B00436_R1,1774,4,7,0.2032,1.9812,15.83,0.762,0.2032,7.41,1,1,8.42,0.2032,1.143,2.54,1.9812,1.3462,1.4986,3.175,1,30,0,3
B00436,B00436_R2,1775,5,7,0.2032,1.9812,15.83,0.762,0.2032,7.41,1,1,8.42,2.54,1.6002,0.2032,1.9812,2.7178,3.175,2.7178,2,10,1,3
B00436,B00436_R1,1776,6,7,0.2032,1.9812,15.83,0.762,0.2032,7.41,1,1,8.42,0.762,2.032,0.2032,1.6002,1.1176,2.9464,1.4986,2,30,0,1
B00436,B00436_R2,1777,7,7,0.2032,1.9812,15.83,0.762,0.2032,7.41,1,1,8.42,1.0668,0.7112,2.54,1.143,2.6416,0.8128,2.413,3,30,1,2
B00437,B00437_R2,1778,1,3,2.54,1.9812,0.0,1.6764,0.7112,20.84,0,1,-20.84,0.2032,0.762,0.4572,0.2032,3.556,2.032,0.8128,1,10,1,1
B00437,B00437_R1,1779,2,3,2.54,1.9812,0.0,1.6764,0.7112,20.84,0,1,-20.84,1.0668,2.54,0.2032,1.6002,2.032,2.9464,1.8034,2,30,0,2
B00437,B00437_R1,1780,3,3,2.54,1.9812,0.0,1.6764,0.7112,20.84,0,1,-20.84,1.6764,2.032,0.2032,1.9812,1.4224,2.9464,2.032,2,20,0,1
B00438,B00438_R2,1781,1,2,0.2032,1.6002,10.12,0.4572,0.2032,0.0,1,0,10.12,2.286,0.2032,0.2032,1.9812,3.4798,2.3368,3.8608,2,30,1,1
B00438,B00438_R1,1782,2,2,0.2032,1.6002,10.12,0.4572,0.2032,0.0,1,0,10.12,0.762,2.54,0.2032,1.6002,1.4986,2.6416,1.4986,2,30,0,1
B00439,B00439_R2,1783,1,7,0.2032,1.6002,0.0,0.2032,1.9812,0.0,0,0,0.0,1.6764,2.032,1.9812,2.54,2.413,2.032,0.8128,3,30,1,2
B00439,B00439_R2,1784,2,7,0.2032,1.6002,0.0,0.2032,1.9812,0.0,0,0,0.0,2.54,1.6002,1.0668,0.7112,2.3368,2.7178,2.8702,3,20,1,3
B00439,B00439_R1,1785,3,7,0.2032,1.6002,0.0,0.2032,1.9812,0.0,0,0,0.0,1.0668,2.54,0.2032,1.9812,1.8034,1.4224,1.4224,2,30,0,3
B00439,B00439_R2,1786,4,7,0.2032,1.6002,0.0,0.2032,1.9812,0.0,0,0,0.0,1.0668,0.2032,0.2032,1.6002,2.2606,2.6416,2.2606,2,10,1,4
B00439,B00439_R2,1787,5,7,0.2032,1.6002,0.0,0.2032,1.9812,0.0,0,0,0.0,1.0668,2.54,2.286,2.54,1.8034,1.4224,1.7272,3,20,1,1
B00439,B00439_R1,1788,6,7,0.2032,1.6002,0.0,0.2032,1.9812,0.0,0,0,0.0,0.2032,0.762,0.762,0.2032,1.3462,1.7272,1.1176,1,10,0,1
B00439,B00439_R1,1789,7,7,0.2032,1.6002,0.0,0.2032,1.9812,0.0,0,0,0.0,0.762,0.7112,1.9812,2.54,1.9558,2.3368,3.556,3,10,0,2
B00440,B00440_R2,1790,1,2,0.2032,1.9812,34.27,0.2032,1.6002,46.39,2,3,-12.12,0.2032,1.143,0.762,2.54,1.3462,0.9652,1.9558,1,30,1,1
B00440,B00440_R1,1791,2,2,0.2032,1.9812,34.27,0.2032,1.6002,46.39,2,3,-12.12,1.0668,0.2032,1.0668,2.032,2.6416,2.2606,2.9464,3,20,0,1
B00441,B00441_R1,1792,1,6,1.0668,2.032,19.84,0.762,2.54,29.45,1,2,-9.61,2.54,1.143,0.2032,1.6002,2.8702,3.175,2.794,2,30,0,2
B00441,B00441_R2,1793,2,6,1.0668,2.032,19.84,0.762,2.54,29.45,1,2,-9.61,2.286,0.2032,0.2032,1.9812,3.556,3.8608,3.8608,2,20,1,2
B00441,B00441_R1,1794,3,6,1.0668,2.032,19.84,0.762,2.54,29.45,1,2,-9.61,1.9812,2.54,1.0668,2.032,1.4224,1.7272,1.4224,3,30,0,1
B00441,B00441_R2,1795,4,6,1.0668,2.032,19.84,0.762,2.54,29.45,1,2,-9.61,1.0668,0.7112,0.2032,1.6002,2.9464,3.2512,2.2606,2,20,1,3
B00441,B00441_R2,1796,5,6,1.0668,2.032,19.84,0.762,2.54,29.45,1,2,-9.61,0.2032,1.143,1.9812,0.7112,2.2606,1.9558,2.7178,1,20,1,1
B00441,B00441_R1,1797,6,6,1.0668,2.032,19.84,0.762,2.54,29.45,1,2,-9.61,0.2032,0.762,1.6764,2.54,2.6416,2.3368,3.2512,1,30,0,3
B00442,B00442_R2,1798,1,7,1.6764,2.54,52.51,0.2032,1.6002,74.25,2,3,-21.74,0.2032,1.143,2.54,1.6002,2.8702,0.9652,2.794,1,30,1,1
B00442,B00442_R2,1799,2,7,1.6764,2.54,52.51,0.2032,1.6002,74.25,2,3,-21.74,2.54,1.6002,0.2032,1.6002,1.8034,2.3368,2.3368,2,10,1,2
B00442,B00442_R2,1800,3,7,1.6764,2.54,52.51,0.2032,1.6002,74.25,2,3,-21.74,0.4572,0.2032,0.2032,1.6002,3.556,1.651,1.651,2,10,1,3
B00442,B00442_R1,1801,4,7,1.6764,2.54,52.51,0.2032,1.6002,74.25,2,3,-21.74,2.286,2.54,0.762,0.2032,1.1176,3.0226,3.8608,3,20,0,3
B00442,B00442_R1,1802,5,7,1.6764,2.54,52.51,0.2032,1.6002,74.25,2,3,-21.74,0.762,2.032,0.2032,1.9812,1.4224,1.4986,1.1176,2,10,0,2
B00442,B00442_R1,1803,6,7,1.6764,2.54,52.51,0.2032,1.6002,74.25,2,3,-21.74,0.762,0.2032,0.2032,1.9812,3.2512,1.9558,2.3368,2,10,0,4
B00442,B00442_R1,1804,7,7,1.6764,2.54,52.51,0.2032,1.6002,74.25,2,3,-21.74,1.9812,2.032,0.2032,1.9812,0.8128,2.7178,2.3368,2,10,0,1
B00443,B00443_R2,1805,1,1,0.2032,1.9812,95.97,0.2032,1.6002,84.44,5,5,11.53,0.2032,0.762,1.0668,0.2032,1.7272,1.3462,1.4224,1,20,1,1
B00444,B00444_R1,1806,1,4,0.2032,1.9812,54.3,1.0668,0.2032,65.21,3,4,-10.91,0.2032,1.143,1.9812,2.032,1.3462,1.8034,3.175,1,10,0,2
B00444,B00444_R2,1807,2,4,0.2032,1.9812,54.3,1.0668,0.2032,65.21,3,4,-10.91,0.2032,1.143,1.0668,0.7112,1.3462,1.8034,1.8034,1,10,1,2
B00444,B00444_R1,1808,3,4,0.2032,1.9812,54.3,1.0668,0.2032,65.21,3,4,-10.91,0.2032,1.143,1.0668,0.7112,1.3462,1.8034,1.8034,1,30,0,1
B00444,B00444_R2,1809,4,4,0.2032,1.9812,54.3,1.0668,0.2032,65.21,3,4,-10.91,0.762,0.2032,0.2032,1.9812,2.3368,0.8128,2.3368,2,10,1,1
B00445,B00445_R1,1810,1,4,1.9812,2.032,59.3,1.0668,0.7112,63.31,3,4,-4.01,0.2032,1.143,0.762,2.032,3.175,1.8034,1.9558,1,20,0,1
B00445,B00445_R2,1811,2,4,1.9812,2.032,59.3,1.0668,0.7112,63.31,3,4,-4.01,0.2032,0.762,1.0668,0.7112,3.556,1.4224,1.4224,1,10,1,1
B00445,B00445_R1,1812,3,4,1.9812,2.032,59.3,1.0668,0.7112,63.31,3,4,-4.01,0.2032,1.143,1.9812,2.54,3.175,1.8034,3.175,1,30,0,2
B00445,B00445_R2,1813,4,4,1.9812,2.032,59.3,1.0668,0.7112,63.31,3,4,-4.01,0.762,0.2032,1.9812,0.2032,3.556,0.8128,1.7272,3,20,1,2
B00446,B00446_R1,1814,1,7,1.9812,2.54,0.0,1.9812,0.2032,9.82,0,1,-9.82,0.762,2.032,0.2032,1.9812,1.7272,3.556,1.1176,2,20,0,1
B00446,B00446_R1,1815,2,7,1.9812,2.54,0.0,1.9812,0.2032,9.82,0,1,-9.82,0.2032,0.762,2.54,1.9812,3.556,2.3368,3.556,1,10,0,4
B00446,B00446_R1,1816,3,7,1.9812,2.54,0.0,1.9812,0.2032,9.82,0,1,-9.82,0.762,2.54,0.2032,1.6002,1.7272,3.556,1.4986,2,20,0,2
B00446,B00446_R2,1817,4,7,1.9812,2.54,0.0,1.9812,0.2032,9.82,0,1,-9.82,0.762,2.032,1.9812,0.7112,1.7272,3.556,3.556,3,30,1,3
B00446,B00446_R2,1818,5,7,1.9812,2.54,0.0,1.9812,0.2032,9.82,0,1,-9.82,0.2032,1.143,0.762,0.7112,3.175,2.7178,1.4986,1,10,1,1
B00446,B00446_R2,1819,6,7,1.9812,2.54,0.0,1.9812,0.2032,9.82,0,1,-9.82,0.2032,0.762,1.9812,2.54,3.556,2.3368,3.556,1,10,1,2
B00446,B00446_R1,1820,7,7,1.9812,2.54,0.0,1.9812,0.2032,9.82,0,1,-9.82,0.2032,1.143,1.9812,2.032,3.175,2.7178,3.175,1,30,0,3
B00447,B00447_R2,1821,1,5,2.54,1.9812,22.54,1.9812,0.7112,0.0,1,0,22.54,0.2032,0.762,1.9812,0.7112,3.556,2.3368,2.3368,1,10,1,1
B00447,B00447_R1,1822,2,5,2.54,1.9812,22.54,1.9812,0.7112,0.0,1,0,22.54,0.4572,2.54,0.2032,1.6002,2.6416,3.8608,1.1938,2,30,0,1
B00447,B00447_R2,1823,3,5,2.54,1.9812,22.54,1.9812,0.7112,0.0,1,0,22.54,0.2032,0.762,1.6764,2.032,3.556,2.3368,3.2512,1,20,1,3
B00447,B00447_R1,1824,4,5,2.54,1.9812,22.54,1.9812,0.7112,0.0,1,0,22.54,0.2032,0.762,1.9812,0.7112,3.556,2.3368,2.3368,1,30,0,2
B00447,B00447_R2,1825,5,5,2.54,1.9812,22.54,1.9812,0.7112,0.0,1,0,22.54,1.0668,0.7112,1.6764,0.7112,3.2512,1.4224,1.1176,3,30,1,2
B00448,B00448_R1,1826,1,7,1.9812,0.7112,20.54,1.6764,2.032,34.27,1,2,-13.73,2.286,0.2032,0.2032,1.6002,0.8128,2.9464,3.4798,2,30,0,4
B00448,B00448_R1,1827,2,7,1.9812,0.7112,20.54,1.6764,2.032,34.27,1,2,-13.73,1.9812,2.032,0.2032,1.9812,2.9464,0.8128,2.3368,2,30,0,2
B00448,B00448_R2,1828,3,7,1.9812,0.7112,20.54,1.6764,2.032,34.27,1,2,-13.73,1.9812,0.2032,0.762,2.54,0.508,3.2512,3.556,3,30,1,3
B00448,B00448_R1,1829,4,7,1.9812,0.7112,20.54,1.6764,2.032,34.27,1,2,-13.73,1.9812,0.7112,0.762,2.54,0.0,3.2512,3.556,3,30,0,1
B00448,B00448_R2,1830,5,7,1.9812,0.7112,20.54,1.6764,2.032,34.27,1,2,-13.73,1.6764,2.032,2.54,1.143,3.2512,0.0,2.2606,3,30,1,1
B00448,B00448_R1,1831,6,7,1.9812,0.7112,20.54,1.6764,2.032,34.27,1,2,-13.73,0.762,0.7112,2.286,0.2032,1.7272,3.2512,2.032,3,10,0,3
B00448,B00448_R2,1832,7,7,1.9812,0.7112,20.54,1.6764,2.032,34.27,1,2,-13.73,2.54,1.9812,1.0668,0.2032,2.3368,1.4224,3.2512,3,30,1,2
B00449,B00449_R2,1833,1,2,0.2032,1.6002,30.76,0.762,2.54,25.65,2,1,5.11,0.4572,0.2032,0.2032,1.6002,1.651,2.6416,1.651,2,30,1,1
B00449,B00449_R1,1834,2,2,0.2032,1.6002,30.76,0.762,2.54,25.65,2,1,5.11,0.2032,1.143,0.762,2.54,0.9652,1.9558,1.9558,1,10,0,1
B00450,B00450_R1,1835,1,5,0.762,2.54,0.0,0.2032,1.6002,0.0,0,0,0.0,1.0668,2.54,0.2032,1.9812,0.8128,1.8034,1.4224,2,20,0,1
B00450,B00450_R1,1836,2,5,0.762,2.54,0.0,0.2032,1.6002,0.0,0,0,0.0,0.2032,0.762,1.6764,2.54,2.3368,1.3462,3.2512,1,20,0,2
B00450,B00450_R2,1837,3,5,0.762,2.54,0.0,0.2032,1.6002,0.0,0,0,0.0,0.2032,1.143,1.6764,2.54,1.9558,0.9652,2.8702,1,20,1,1
B00450,B00450_R2,1838,4,5,0.762,2.54,0.0,0.2032,1.6002,0.0,0,0,0.0,0.2032,1.143,0.762,2.032,1.9558,0.9652,1.9558,1,10,1,3
B00450,B00450_R2,1839,5,5,0.762,2.54,0.0,0.2032,1.6002,0.0,0,0,0.0,1.6764,2.54,0.2032,1.6002,1.4224,2.413,2.413,2,30,1,2
B00451,B00451_R2,1840,1,3,1.6764,2.54,0.0,0.762,2.032,0.0,0,0,0.0,0.2032,1.143,2.54,0.762,2.8702,1.9558,2.7178,1,30,1,1
B00451,B00451_R2,1841,2,3,1.6764,2.54,0.0,0.762,2.032,0.0,0,0,0.0,2.54,1.143,0.2032,1.6002,2.2606,3.175,2.794,2,10,1,2
B00451,B00451_R1,1842,3,3,1.6764,2.54,0.0,0.762,2.032,0.0,0,0,0.0,2.54,1.143,0.2032,1.9812,2.2606,3.175,3.175,2,20,0,1
B00452,B00452_R2,1843,1,5,0.2032,1.9812,0.0,0.2032,1.6002,14.03,0,1,-14.03,2.286,0.2032,0.2032,1.9812,3.8608,3.4798,3.8608,2,30,1,2
B00452,B00452_R1,1844,2,5,0.2032,1.9812,0.0,0.2032,1.6002,14.03,0,1,-14.03,0.762,2.54,1.9812,2.54,1.1176,1.4986,1.7272,3,30,0,1
B00452,B00452_R2,1845,3,5,0.2032,1.9812,0.0,0.2032,1.6002,14.03,0,1,-14.03,0.2032,0.762,2.286,0.2032,1.7272,1.3462,2.6416,1,30,1,1
B00452,B00452_R1,1846,4,5,0.2032,1.9812,0.0,0.2032,1.6002,14.03,0,1,-14.03,0.2032,0.762,1.9812,2.54,1.7272,1.3462,3.556,1,20,0,3
B00452,B00452_R1,1847,5,5,0.2032,1.9812,0.0,0.2032,1.6002,14.03,0,1,-14.03,1.6764,2.032,0.2032,1.6002,2.032,2.413,2.413,2,10,0,2
B00453,B00453_R2,1848,1,4,1.9812,2.54,0.0,0.2032,1.9812,0.0,0,0,0.0,0.2032,0.762,1.6764,0.7112,3.556,1.7272,2.032,1,20,1,1
B00453,B00453_R1,1849,2,4,1.9812,2.54,0.0,0.2032,1.9812,0.0,0,0,0.0,1.9812,2.032,0.2032,1.9812,0.508,2.3368,2.3368,2,10,0,1
B00453,B00453_R2,1850,3,4,1.9812,2.54,0.0,0.2032,1.9812,0.0,0,0,0.0,0.762,0.2032,0.2032,1.9812,3.556,2.3368,2.3368,2,10,1,2
B00453,B00453_R1,1851,4,4,1.9812,2.54,0.0,0.2032,1.9812,0.0,0,0,0.0,0.2032,1.143,1.9812,2.54,3.175,1.3462,3.175,1,10,0,2
B00454,B00454_R1,1852,1,6,1.9812,2.54,0.0,0.2032,1.9812,0.0,0,0,0.0,1.9812,0.2032,0.2032,1.6002,2.9464,3.556,3.175,2,30,0,3
B00454,B00454_R2,1853,2,6,1.9812,2.54,0.0,0.2032,1.9812,0.0,0,0,0.0,2.54,1.143,0.2032,1.9812,1.9558,3.175,3.175,2,10,1,2
B00454,B00454_R2,1854,3,6,1.9812,2.54,0.0,0.2032,1.9812,0.0,0,0,0.0,1.0668,0.2032,0.2032,1.9812,3.2512,2.6416,2.6416,2,30,1,3
B00454,B00454_R2,1855,4,6,1.9812,2.54,0.0,0.2032,1.9812,0.0,0,0,0.0,0.762,2.032,1.9812,2.54,1.7272,1.1176,1.7272,3,10,1,1
B00454,B00454_R1,1856,5,6,1.9812,2.54,0.0,0.2032,1.9812,0.0,0,0,0.0,2.286,2.54,0.2032,1.9812,0.8128,2.6416,2.6416,2,20,0,1
B00454,B00454_R1,1857,6,6,1.9812,2.54,0.0,0.2032,1.9812,0.0,0,0,0.0,1.6764,0.2032,2.54,1.9812,3.2512,3.2512,2.6416,3,30,0,2
B00455,B00455_R1,1858,1,3,0.2032,1.6002,0.0,0.2032,1.9812,0.0,0,0,0.0,0.2032,1.143,0.4572,0.2032,0.9652,1.3462,1.1938,1,10,0,1
B00455,B00455_R2,1859,2,3,0.2032,1.6002,0.0,0.2032,1.9812,0.0,0,0,0.0,1.9812,2.54,1.0668,0.2032,2.7178,2.3368,3.2512,3,30,1,1
B00455,B00455_R1,1860,3,3,0.2032,1.6002,0.0,0.2032,1.9812,0.0,0,0,0.0,0.2032,1.143,2.54,1.143,0.9652,1.3462,2.3368,1,10,0,2
B00456,B00456_R2,1861,1,5,2.54,1.143,0.0,1.0668,0.2032,0.0,0,0,0.0,0.2032,0.762,2.54,1.6002,2.7178,1.4224,3.175,1,20,1,3
B00456,B00456_R1,1862,2,5,2.54,1.143,0.0,1.0668,0.2032,0.0,0,0,0.0,2.54,0.762,0.2032,1.6002,0.889,2.032,3.175,2,30,0,1
B00456,B00456_R2,1863,3,5,2.54,1.143,0.0,1.0668,0.2032,0.0,0,0,0.0,1.6764,0.2032,0.2032,1.9812,1.8034,1.1176,3.2512,2,10,1,1
B00456,B00456_R2,1864,4,5,2.54,1.143,0.0,1.0668,0.2032,0.0,0,0,0.0,0.762,2.032,0.2032,1.6002,3.175,3.2512,1.4986,2,10,1,2
B00456,B00456_R1,1865,5,5,2.54,1.143,0.0,1.0668,0.2032,0.0,0,0,0.0,0.762,0.7112,1.9812,2.032,2.7178,0.8128,3.556,3,20,0,2
B00457,B00457_R1,1866,1,3,1.9812,2.032,17.04,2.54,1.6002,32.77,1,2,-15.73,0.2032,0.762,1.6764,0.2032,3.556,3.175,2.032,1,30,0,2
B00457,B00457_R2,1867,2,3,1.9812,2.032,17.04,2.54,1.6002,32.77,1,2,-15.73,1.0668,0.7112,1.9812,2.032,3.2512,2.8702,3.2512,3,20,1,1
B00457,B00457_R1,1868,3,3,1.9812,2.032,17.04,2.54,1.6002,32.77,1,2,-15.73,1.0668,0.2032,0.2032,1.6002,3.2512,2.8702,2.2606,2,20,0,1
B00458,B00458_R1,1869,1,6,1.6764,0.2032,19.34,1.9812,2.032,19.84,1,1,-0.5,0.2032,0.762,1.0668,0.7112,2.032,3.556,1.4224,1,30,0,1
B00458,B00458_R2,1870,2,6,1.6764,0.2032,19.34,1.9812,2.032,19.84,1,1,-0.5,2.54,1.9812,0.2032,1.9812,2.6416,1.1176,2.9464,2,30,1,1
B00458,B00458_R1,1871,3,6,1.6764,0.2032,19.34,1.9812,2.032,19.84,1,1,-0.5,0.2032,0.762,0.762,2.54,2.032,3.556,2.3368,1,10,0,3
B00458,B00458_R2,1872,4,6,1.6764,0.2032,19.34,1.9812,2.032,19.84,1,1,-0.5,0.2032,1.143,1.0668,2.032,2.413,3.175,2.2606,1,30,1,2
B00458,B00458_R1,1873,5,6,1.6764,0.2032,19.34,1.9812,2.032,19.84,1,1,-0.5,1.0668,0.7112,0.2032,1.6002,1.1176,3.2512,2.2606,2,30,0,2
B00458,B00458_R2,1874,6,6,1.6764,0.2032,19.34,1.9812,2.032,19.84,1,1,-0.5,2.54,1.143,1.6764,2.032,1.8034,1.9558,2.2606,3,20,1,3
B00459,B00459_R2,1875,1,3,0.762,2.54,35.46,1.6764,2.032,46.49,2,2,-11.03,2.286,2.54,0.2032,1.9812,2.032,1.1176,2.6416,2,30,1,1
B00459,B00459_R1,1876,2,3,0.762,2.54,35.46,1.6764,2.032,46.49,2,2,-11.03,1.9812,2.54,0.2032,1.6002,1.7272,0.8128,2.7178,2,20,0,1
B00459,B00459_R1,1877,3,3,0.762,2.54,35.46,1.6764,2.032,46.49,2,2,-11.03,1.0668,0.7112,0.2032,1.6002,3.2512,2.9464,2.2606,2,10,0,2
B00460,B00460_R2,1878,1,1,0.2032,1.6002,59.62,0.2032,1.9812,32.76,3,2,26.86,1.0668,2.032,1.0668,0.2032,1.8034,1.4224,2.9464,3,30,1,1
B00461,B00461_R1,1879,1,4,0.2032,1.6002,11.92,1.0668,0.2032,14.63,1,1,-2.71,0.2032,1.143,1.9812,0.2032,0.9652,1.8034,2.7178,1,20,0,1
B00461,B00461_R2,1880,2,4,0.2032,1.6002,11.92,1.0668,0.2032,14.63,1,1,-2.71,0.2032,0.762,0.762,0.7112,1.3462,1.4224,1.1176,1,20,1,1
B00461,B00461_R2,1881,3,4,0.2032,1.6002,11.92,1.0668,0.2032,14.63,1,1,-2.71,0.2032,1.143,1.6764,2.54,0.9652,1.8034,2.8702,1,20,1,2
B00461,B00461_R1,1882,4,4,0.2032,1.6002,11.92,1.0668,0.2032,14.63,1,1,-2.71,1.6764,0.2032,0.2032,1.6002,2.8702,1.1176,2.8702,2,20,0,2
B00462,B00462_R1,1883,1,2,0.2032,1.6002,20.54,1.6764,2.54,23.25,1,1,-2.71,0.2032,1.143,2.54,1.9812,0.9652,2.8702,3.175,1,30,0,1
B00462,B00462_R2,1884,2,2,0.2032,1.6002,20.54,1.6764,2.54,23.25,1,1,-2.71,0.762,2.032,0.2032,1.9812,1.4986,1.4224,1.1176,2,30,1,1
B00463,B00463_R1,1885,1,5,2.54,1.9812,0.0,0.2032,1.9812,0.0,0,0,0.0,2.54,1.143,0.2032,1.9812,1.3462,3.175,3.175,2,10,0,1
B00463,B00463_R1,1886,2,5,2.54,1.9812,0.0,0.2032,1.9812,0.0,0,0,0.0,0.762,2.54,0.2032,1.9812,2.3368,1.1176,1.1176,2,30,0,2
B00463,B00463_R2,1887,3,5,2.54,1.9812,0.0,0.2032,1.9812,0.0,0,0,0.0,1.6764,0.2032,0.2032,1.6002,2.6416,3.2512,2.8702,2,10,1,2
B00463,B00463_R2,1888,4,5,2.54,1.9812,0.0,0.2032,1.9812,0.0,0,0,0.0,0.2032,1.143,0.762,0.2032,3.175,1.3462,1.4986,1,10,1,1
B00463,B00463_R2,1889,5,5,2.54,1.9812,0.0,0.2032,1.9812,0.0,0,0,0.0,0.2032,1.143,2.54,0.762,3.175,1.3462,2.7178,1,10,1,3
B00464,B00464_R1,1890,1,5,0.2032,1.9812,7.41,2.54,0.762,34.87,1,2,-27.46,0.2032,1.143,1.9812,2.032,1.3462,2.7178,3.175,1,10,0,3
B00464,B00464_R2,1891,2,5,0.2032,1.9812,7.41,2.54,0.762,34.87,1,2,-27.46,0.4572,0.2032,1.9812,0.2032,2.032,2.6416,2.032,3,20,1,2
B00464,B00464_R1,1892,3,5,0.2032,1.9812,7.41,2.54,0.762,34.87,1,2,-27.46,1.0668,2.54,0.2032,1.6002,1.4224,3.2512,1.8034,2,30,0,2
B00464,B00464_R1,1893,4,5,0.2032,1.9812,7.41,2.54,0.762,34.87,1,2,-27.46,0.2032,0.762,0.762,2.54,1.7272,2.9464,2.3368,1,20,0,1
B00464,B00464_R2,1894,5,5,0.2032,1.9812,7.41,2.54,0.762,34.87,1,2,-27.46,1.0668,0.7112,0.2032,1.6002,2.6416,2.032,2.2606,2,30,1,1
B00465,B00465_R2,1895,1,3,1.9812,2.032,32.46,1.9812,0.2032,35.46,2,2,-3.0,2.54,0.762,0.762,0.7112,2.3368,1.1176,2.3368,3,30,1,1
B00465,B00465_R1,1896,2,3,1.9812,2.032,32.46,1.9812,0.2032,35.46,2,2,-3.0,1.6764,2.54,2.286,0.2032,0.8128,3.2512,2.9464,3,10,0,2
B00465,B00465_R1,1897,3,3,1.9812,2.032,32.46,1.9812,0.2032,35.46,2,2,-3.0,1.0668,2.54,0.2032,1.9812,1.4224,3.2512,1.4224,2,10,0,1
B00466,B00466_R1,1898,1,4,2.286,0.2032,0.0,0.762,0.7112,0.0,0,0,0.0,2.54,1.143,0.2032,1.9812,1.1938,2.7178,3.175,2,30,0,1
B00466,B00466_R2,1899,2,4,2.286,0.2032,0.0,0.762,0.7112,0.0,0,0,0.0,0.2032,0.762,0.762,0.2032,2.6416,1.1176,1.1176,1,10,1,1
B00466,B00466_R2,1900,3,4,2.286,0.2032,0.0,0.762,0.7112,0.0,0,0,0.0,0.762,0.2032,2.54,0.762,2.032,0.508,2.3368,3,30,1,2
B00466,B00466_R1,1901,4,4,2.286,0.2032,0.0,0.762,0.7112,0.0,0,0,0.0,0.2032,0.762,1.9812,0.2032,2.6416,1.1176,2.3368,1,10,0,2
B00467,B00467_R1,1902,1,5,1.9812,0.2032,12.22,2.54,0.762,12.22,1,1,0.0,1.0668,2.032,1.6764,0.2032,3.2512,3.2512,2.9464,3,20,0,3
B00467,B00467_R2,1903,2,5,1.9812,0.2032,12.22,2.54,0.762,12.22,1,1,0.0,0.2032,0.762,1.6764,0.7112,2.3368,2.9464,2.032,1,30,1,1
B00467,B00467_R1,1904,3,5,1.9812,0.2032,12.22,2.54,0.762,12.22,1,1,0.0,1.9812,0.2032,0.2032,1.9812,0.0,1.1176,3.556,2,10,0,1
B00467,B00467_R2,1905,4,5,1.9812,0.2032,12.22,2.54,0.762,12.22,1,1,0.0,0.2032,1.143,2.54,1.6002,2.7178,2.7178,2.794,1,30,1,2
B00467,B00467_R1,1906,5,5,1.9812,0.2032,12.22,2.54,0.762,12.22,1,1,0.0,0.2032,1.143,0.762,2.032,2.7178,2.7178,1.9558,1,10,0,2
B00468,B00468_R1,1907,1,3,1.6764,0.2032,34.56,2.54,1.6002,24.35,2,1,10.21,1.9812,2.032,0.2032,1.6002,3.2512,1.4986,2.7178,2,10,0,1
B00468,B00468_R2,1908,2,3,1.6764,0.2032,34.56,2.54,1.6002,24.35,2,1,10.21,2.54,1.9812,0.2032,1.6002,2.6416,0.889,2.7178,2,30,1,1
B00468,B00468_R2,1909,3,3,1.6764,0.2032,34.56,2.54,1.6002,24.35,2,1,10.21,0.2032,0.762,2.54,1.6002,2.032,3.175,3.175,1,20,1,2
B00469,B00469_R1,1910,1,3,0.2032,1.6002,29.56,2.54,1.6002,23.85,1,1,5.71,1.9812,0.7112,0.2032,1.9812,3.175,1.9558,3.556,2,30,0,2
B00469,B00469_R2,1911,2,3,0.2032,1.6002,29.56,2.54,1.6002,23.85,1,1,5.71,0.2032,1.143,1.6764,0.7112,0.9652,2.794,2.413,1,20,1,1
B00469,B00469_R1,1912,3,3,0.2032,1.6002,29.56,2.54,1.6002,23.85,1,1,5.71,0.2032,1.143,1.6764,0.2032,0.9652,2.794,2.413,1,20,0,1
B00470,B00470_R1,1913,1,7,0.2032,1.9812,35.78,1.6764,0.7112,5.21,2,1,30.57,1.9812,0.7112,0.2032,1.6002,3.556,0.8128,3.175,2,30,0,1
B00470,B00470_R2,1914,2,7,0.2032,1.9812,35.78,1.6764,0.7112,5.21,2,1,30.57,2.54,1.6002,0.2032,1.9812,2.7178,2.2606,2.7178,2,20,1,4
B00470,B00470_R2,1915,3,7,0.2032,1.9812,35.78,1.6764,0.7112,5.21,2,1,30.57,0.2032,1.143,1.0668,2.032,1.3462,2.413,2.2606,1,10,1,2
B00470,B00470_R2,1916,4,7,0.2032,1.9812,35.78,1.6764,0.7112,5.21,2,1,30.57,2.54,1.143,0.2032,1.9812,3.175,1.8034,3.175,2,10,1,5
B00470,B00470_R2,1917,5,7,0.2032,1.9812,35.78,1.6764,0.7112,5.21,2,1,30.57,1.6764,0.2032,0.2032,1.6002,3.2512,0.508,2.8702,2,30,1,1
B00470,B00470_R2,1918,6,7,0.2032,1.9812,35.78,1.6764,0.7112,5.21,2,1,30.57,1.0668,2.54,0.2032,1.9812,1.4224,2.9464,1.4224,2,10,1,3
B00470,B00470_R1,1919,7,7,0.2032,1.9812,35.78,1.6764,0.7112,5.21,2,1,30.57,2.54,0.762,0.2032,1.6002,3.556,1.4224,3.175,2,20,0,2
B00471,B00471_R2,1920,1,7,0.2032,1.6002,46.6,0.2032,1.9812,84.07,2,4,-37.47,0.2032,1.143,1.0668,2.032,0.9652,1.3462,2.2606,1,30,1,1
B00471,B00471_R1,1921,2,7,0.2032,1.6002,46.6,0.2032,1.9812,84.07,2,4,-37.47,0.2032,0.762,2.54,1.9812,1.3462,1.7272,3.556,1,20,0,3
B00471,B00471_R2,1922,3,7,0.2032,1.6002,46.6,0.2032,1.9812,84.07,2,4,-37.47,0.2032,0.762,1.9812,2.54,1.3462,1.7272,3.556,1,30,1,3
B00471,B00471_R2,1923,4,7,0.2032,1.6002,46.6,0.2032,1.9812,84.07,2,4,-37.47,2.286,2.54,0.2032,1.6002,3.0226,2.6416,3.0226,2,10,1,2
B00471,B00471_R1,1924,5,7,0.2032,1.6002,46.6,0.2032,1.9812,84.07,2,4,-37.47,0.2032,0.762,1.6764,2.032,1.3462,1.7272,3.2512,1,30,0,1
B00471,B00471_R1,1925,6,7,0.2032,1.6002,46.6,0.2032,1.9812,84.07,2,4,-37.47,1.9812,0.2032,0.2032,1.6002,3.175,3.556,3.175,2,30,0,4
B00471,B00471_R1,1926,7,7,0.2032,1.6002,46.6,0.2032,1.9812,84.07,2,4,-37.47,1.6764,2.032,0.2032,1.6002,2.413,2.032,2.413,2,10,0,2
B00472,B00472_R1,1927,1,6,0.2032,1.6002,92.79,1.9812,2.54,115.14,4,5,-22.35,1.6764,0.7112,0.2032,1.6002,2.8702,3.2512,2.8702,2,30,0,2
B00472,B00472_R2,1928,2,6,0.2032,1.6002,92.79,1.9812,2.54,115.14,4,5,-22.35,0.2032,1.143,2.286,2.54,0.9652,3.175,3.4798,1,10,1,2
B00472,B00472_R2,1929,3,6,0.2032,1.6002,92.79,1.9812,2.54,115.14,4,5,-22.35,0.762,2.032,0.2032,1.9812,1.4986,1.7272,1.1176,2,30,1,1
B00472,B00472_R2,1930,4,6,0.2032,1.6002,92.79,1.9812,2.54,115.14,4,5,-22.35,2.286,0.2032,0.2032,1.9812,3.4798,2.6416,3.8608,2,10,1,3
B00472,B00472_R1,1931,5,6,0.2032,1.6002,92.79,1.9812,2.54,115.14,4,5,-22.35,0.2032,0.762,2.54,0.762,1.3462,3.556,2.9464,1,20,0,1
B00472,B00472_R1,1932,6,6,0.2032,1.6002,92.79,1.9812,2.54,115.14,4,5,-22.35,1.0668,0.7112,0.2032,1.9812,2.2606,3.2512,2.6416,2,10,0,3
B00473,B00473_R1,1933,1,4,0.2032,1.9812,124.34,0.2032,1.9812,143.08,5,6,-18.74,0.2032,0.762,0.762,2.032,1.7272,1.7272,2.3368,1,20,0,1
B00473,B00473_R2,1934,2,4,0.2032,1.9812,124.34,0.2032,1.9812,143.08,5,6,-18.74,0.2032,1.143,1.0668,2.032,1.3462,1.3462,2.2606,1,30,1,1
B00473,B00473_R2,1935,3,4,0.2032,1.9812,124.34,0.2032,1.9812,143.08,5,6,-18.74,0.2032,0.762,1.0668,2.54,1.7272,1.7272,2.6416,1,30,1,2
B00473,B00473_R1,1936,4,4,0.2032,1.9812,124.34,0.2032,1.9812,143.08,5,6,-18.74,0.2032,0.762,2.54,1.6002,1.7272,1.7272,3.175,1,30,0,2
B00474,B00474_R2,1937,1,6,2.54,1.6002,136.56,1.0668,2.54,157.92,6,7,-21.36,1.6764,2.54,0.2032,1.9812,1.8034,1.1176,2.032,2,30,1,2
B00474,B00474_R1,1938,2,6,2.54,1.6002,136.56,1.0668,2.54,157.92,6,7,-21.36,0.4572,0.2032,0.2032,1.9812,3.4798,2.9464,2.032,2,10,0,2
B00474,B00474_R1,1939,3,6,2.54,1.6002,136.56,1.0668,2.54,157.92,6,7,-21.36,1.9812,2.032,0.2032,1.6002,1.4986,1.4224,2.7178,2,30,0,1
B00474,B00474_R2,1940,4,6,2.54,1.6002,136.56,1.0668,2.54,157.92,6,7,-21.36,0.2032,1.143,1.9812,0.7112,2.794,2.2606,2.7178,1,10,1,3
B00474,B00474_R1,1941,5,6,2.54,1.6002,136.56,1.0668,2.54,157.92,6,7,-21.36,0.2032,0.762,1.0668,2.032,3.175,2.6416,2.6416,1,20,0,3
B00474,B00474_R2,1942,6,6,2.54,1.6002,136.56,1.0668,2.54,157.92,6,7,-21.36,0.762,2.032,1.6764,2.032,2.7178,0.8128,1.4224,3,20,1,1
B00475,B00475_R1,1943,1,3,1.0668,2.032,158.91,1.9812,0.7112,162.91,7,8,-4.0,0.4572,0.2032,0.2032,1.9812,2.9464,2.032,2.032,2,10,0,1
B00475,B00475_R2,1944,2,3,1.0668,2.032,158.91,1.9812,0.7112,162.91,7,8,-4.0,1.6764,0.7112,0.2032,1.9812,2.9464,0.8128,3.2512,2,20,1,1
B00475,B00475_R1,1945,3,3,1.0668,2.032,158.91,1.9812,0.7112,162.91,7,8,-4.0,0.2032,0.762,1.0668,2.54,2.6416,2.3368,2.6416,1,20,0,2
B00476,B00476_R2,1946,1,6,1.0668,2.54,130.86,0.2032,1.9812,101.79,6,5,29.07,1.9812,0.2032,0.2032,1.9812,3.2512,3.556,3.556,2,30,1,4
B00476,B00476_R2,1947,2,6,1.0668,2.54,130.86,0.2032,1.9812,101.79,6,5,29.07,0.2032,1.143,1.9812,2.54,2.2606,1.3462,3.175,1,30,1,3
B00476,B00476_R1,1948,3,6,1.0668,2.54,130.86,0.2032,1.9812,101.79,6,5,29.07,0.762,0.7112,2.54,1.9812,3.2512,2.3368,3.556,3,10,0,2
B00476,B00476_R2,1949,4,6,1.0668,2.54,130.86,0.2032,1.9812,101.79,6,5,29.07,0.4572,0.2032,0.2032,1.6002,2.9464,2.032,1.651,2,10,1,2
B00476,B00476_R1,1950,5,6,1.0668,2.54,130.86,0.2032,1.9812,101.79,6,5,29.07,2.286,2.54,0.2032,1.6002,1.7272,2.6416,3.0226,2,10,0,1
B00476,B00476_R2,1951,6,6,1.0668,2.54,130.86,0.2032,1.9812,101.79,6,5,29.07,0.2032,1.143,0.762,0.7112,2.2606,1.3462,1.4986,1,10,1,1
B00477,B00477_R1,1952,1,4,2.54,1.9812,135.68,0.2032,1.9812,155.69,6,8,-20.01,2.286,2.54,0.2032,1.9812,0.8128,2.6416,2.6416,2,10,0,1
B00477,B00477_R2,1953,2,4,2.54,1.9812,135.68,0.2032,1.9812,155.69,6,8,-20.01,1.0668,0.2032,2.54,1.9812,3.2512,2.6416,3.2512,3,20,1,1
B00477,B00477_R1,1954,3,4,2.54,1.9812,135.68,0.2032,1.9812,155.69,6,8,-20.01,0.762,2.54,0.2032,1.9812,2.3368,1.1176,1.1176,2,10,0,2
B00477,B00477_R1,1955,4,4,2.54,1.9812,135.68,0.2032,1.9812,155.69,6,8,-20.01,0.2032,0.762,1.6764,0.7112,3.556,1.7272,2.032,1,30,0,3
B00478,B00478_R2,1956,1,5,1.6764,0.7112,156.71,2.54,1.9812,152.0,7,7,4.71,0.762,2.54,0.2032,1.6002,3.2512,2.3368,1.4986,2,20,1,2
B00478,B00478_R1,1957,2,5,1.6764,0.7112,156.71,2.54,1.9812,152.0,7,7,4.71,0.2032,1.143,1.0668,0.2032,2.413,3.175,1.8034,1,30,0,1
B00478,B00478_R2,1958,3,5,1.6764,0.7112,156.71,2.54,1.9812,152.0,7,7,4.71,0.762,2.032,2.54,1.6002,3.2512,2.3368,2.7178,3,30,1,3
B00478,B00478_R1,1959,4,5,1.6764,0.7112,156.71,2.54,1.9812,152.0,7,7,4.71,1.6764,2.54,1.6764,0.2032,2.9464,1.4224,2.9464,3,30,0,2
B00478,B00478_R2,1960,5,5,1.6764,0.7112,156.71,2.54,1.9812,152.0,7,7,4.71,0.762,2.54,0.2032,1.6002,3.2512,2.3368,1.4986,2,10,1,1
B00479,B00479_R1,1961,1,7,1.6764,0.2032,168.83,2.54,1.6002,177.84,8,8,-9.01,0.4572,0.2032,0.762,0.7112,1.7272,3.4798,0.8128,3,30,0,2
B00479,B00479_R2,1962,2,7,1.6764,0.2032,168.83,2.54,1.6002,177.84,8,8,-9.01,0.762,0.2032,1.0668,2.54,1.4224,3.175,3.2512,3,30,1,2
B00479,B00479_R1,1963,3,7,1.6764,0.2032,168.83,2.54,1.6002,177.84,8,8,-9.01,2.286,0.2032,0.2032,1.9812,1.1176,1.651,3.8608,2,30,0,4
B00479,B00479_R1,1964,4,7,1.6764,0.2032,168.83,2.54,1.6002,177.84,8,8,-9.01,0.762,0.7112,0.2032,1.6002,1.4224,3.175,1.9558,2,10,0,3
B00479,B00479_R1,1965,5,7,1.6764,0.2032,168.83,2.54,1.6002,177.84,8,8,-9.01,1.6764,0.7112,0.2032,1.6002,0.508,2.2606,2.8702,2,10,0,1
B00479,B00479_R2,1966,6,7,1.6764,0.2032,168.83,2.54,1.6002,177.84,8,8,-9.01,1.9812,2.032,0.2032,1.9812,3.2512,1.4986,2.3368,2,30,1,1
B00479,B00479_R2,1967,7,7,1.6764,0.2032,168.83,2.54,1.6002,177.84,8,8,-9.01,1.6764,0.2032,1.0668,2.032,0.0,2.2606,2.9464,3,10,1,3
B00480,B00480_R2,1968,1,3,0.2032,1.9812,208.01,1.0668,2.032,223.34,10,9,-15.33,1.9812,0.7112,0.2032,1.9812,3.556,3.2512,3.556,2,10,1,1
B00480,B00480_R1,1969,2,3,0.2032,1.9812,208.01,1.0668,2.032,223.34,10,9,-15.33,0.2032,1.143,0.762,2.54,1.3462,2.2606,1.9558,1,30,0,1
B00480,B00480_R1,1970,3,3,0.2032,1.9812,208.01,1.0668,2.032,223.34,10,9,-15.33,0.2032,0.762,0.762,2.54,1.7272,2.6416,2.3368,1,30,0,2
B00481,B00481_R1,1971,1,5,0.762,2.54,214.81,0.2032,1.9812,219.24,10,9,-4.43,0.2032,1.143,0.762,0.7112,1.9558,1.3462,1.4986,1,30,0,1
B00481,B00481_R1,1972,2,5,0.762,2.54,214.81,0.2032,1.9812,219.24,10,9,-4.43,0.2032,0.762,0.762,0.2032,2.3368,1.7272,1.1176,1,10,0,2
B00481,B00481_R2,1973,3,5,0.762,2.54,214.81,0.2032,1.9812,219.24,10,9,-4.43,0.2032,1.143,1.0668,0.7112,1.9558,1.3462,1.8034,1,10,1,1
B00481,B00481_R2,1974,4,5,0.762,2.54,214.81,0.2032,1.9812,219.24,10,9,-4.43,1.9812,0.2032,0.2032,1.6002,3.556,3.556,3.175,2,10,1,2
B00481,B00481_R1,1975,5,5,0.762,2.54,214.81,0.2032,1.9812,219.24,10,9,-4.43,0.2032,0.762,1.9812,0.2032,2.3368,1.7272,2.3368,1,10,0,3
B00482,B00482_R2,1976,1,3,1.9812,0.2032,233.25,0.2032,1.6002,215.52,11,9,17.73,1.9812,2.54,0.2032,1.6002,2.9464,2.7178,2.7178,2,30,1,2
B00482,B00482_R1,1977,2,3,1.9812,0.2032,233.25,0.2032,1.6002,215.52,11,9,17.73,0.2032,0.762,0.762,0.2032,2.3368,1.3462,1.1176,1,10,0,1
B00482,B00482_R2,1978,3,3,1.9812,0.2032,233.25,0.2032,1.6002,215.52,11,9,17.73,1.0668,2.032,0.762,2.54,3.2512,1.8034,0.8128,3,20,1,1
B00483,B00483_R1,1979,1,6,0.762,0.2032,152.2,0.2032,1.6002,135.17,7,6,17.03,2.286,2.54,0.2032,1.9812,3.8608,3.0226,2.6416,2,10,0,3
B00483,B00483_R1,1980,2,6,0.762,0.2032,152.2,0.2032,1.6002,135.17,7,6,17.03,0.2032,0.762,1.6764,0.7112,1.1176,1.3462,2.032,1,20,0,1
B00483,B00483_R2,1981,3,6,0.762,0.2032,152.2,0.2032,1.6002,135.17,7,6,17.03,2.54,1.143,0.4572,2.54,2.7178,2.794,3.4798,3,20,1,3
B00483,B00483_R2,1982,4,6,0.762,0.2032,152.2,0.2032,1.6002,135.17,7,6,17.03,1.6764,2.032,0.2032,1.6002,3.2512,2.413,2.413,2,30,1,2
B00483,B00483_R1,1983,5,6,0.762,0.2032,152.2,0.2032,1.6002,135.17,7,6,17.03,1.6764,0.2032,0.2032,1.9812,1.4224,2.8702,3.2512,2,10,0,2
B00483,B00483_R2,1984,6,6,0.762,0.2032,152.2,0.2032,1.6002,135.17,7,6,17.03,0.2032,1.143,1.0668,2.032,1.4986,0.9652,2.2606,1,10,1,1
B00484,B00484_R2,1985,1,7,0.2032,1.9812,164.32,0.4572,2.54,151.9,8,7,12.42,0.2032,1.143,0.4572,2.54,1.3462,1.651,1.651,1,10,1,2
B00484,B00484_R2,1986,2,7,0.2032,1.9812,164.32,0.4572,2.54,151.9,8,7,12.42,1.6764,2.54,0.2032,1.9812,2.032,1.7272,2.032,2,10,1,3
B00484,B00484_R1,1987,3,7,0.2032,1.9812,164.32,0.4572,2.54,151.9,8,7,12.42,0.2032,0.762,0.762,2.54,1.7272,2.032,2.3368,1,30,0,3
B00484,B00484_R1,1988,4,7,0.2032,1.9812,164.32,0.4572,2.54,151.9,8,7,12.42,0.2032,1.143,1.0668,0.2032,1.3462,1.651,1.8034,1,30,0,1
B00484,B00484_R1,1989,5,7,0.2032,1.9812,164.32,0.4572,2.54,151.9,8,7,12.42,2.286,0.2032,0.2032,1.6002,3.8608,4.1656,3.4798,2,20,0,2
B00484,B00484_R2,1990,6,7,0.2032,1.9812,164.32,0.4572,2.54,151.9,8,7,12.42,1.9812,2.54,0.2032,1.9812,2.3368,2.032,2.3368,2,20,1,4
B00484,B00484_R2,1991,7,7,0.2032,1.9812,164.32,0.4572,2.54,151.9,8,7,12.42,1.0668,2.54,0.2032,1.9812,1.4224,1.1176,1.4224,2,10,1,1
B00485,B00485_R1,1992,1,7,0.762,2.54,194.67,0.2032,1.9812,204.0,10,10,-9.33,2.54,1.6002,0.2032,1.9812,2.7178,2.7178,2.7178,2,10,0,4
B00485,B00485_R1,1993,2,7,0.762,2.54,194.67,0.2032,1.9812,204.0,10,10,-9.33,2.54,1.6002,0.2032,1.6002,2.7178,2.7178,2.3368,2,30,0,2
B00485,B00485_R2,1994,3,7,0.762,2.54,194.67,0.2032,1.9812,204.0,10,10,-9.33,2.54,1.143,1.6764,2.54,3.175,3.175,2.2606,3,20,1,2
B00485,B00485_R2,1995,4,7,0.762,2.54,194.67,0.2032,1.9812,204.0,10,10,-9.33,2.54,1.6002,0.2032,1.9812,2.7178,2.7178,2.7178,2,30,1,3
B00485,B00485_R1,1996,5,7,0.762,2.54,194.67,0.2032,1.9812,204.0,10,10,-9.33,0.2032,0.762,0.762,2.54,2.3368,1.7272,2.3368,1,20,0,3
B00485,B00485_R1,1997,6,7,0.762,2.54,194.67,0.2032,1.9812,204.0,10,10,-9.33,2.286,2.54,1.9812,2.54,2.032,2.6416,0.8128,3,30,0,1
B00485,B00485_R2,1998,7,7,0.762,2.54,194.67,0.2032,1.9812,204.0,10,10,-9.33,0.762,2.032,1.9812,0.2032,0.508,1.1176,3.556,3,10,1,1
B00486,B00486_R2,1999,1,3,0.2032,1.9812,252.88,0.2032,1.9812,231.46,12,11,21.42,1.6764,2.54,0.762,0.2032,2.032,2.032,3.2512,3,30,1,2
B00486,B00486_R1,2000,2,3,0.2032,1.9812,252.88,0.2032,1.9812,231.46,12,11,21.42,0.2032,1.143,1.9812,0.2032,1.3462,1.3462,2.7178,1,30,0,1
B00486,B00486_R2,2001,3,3,0.2032,1.9812,252.88,0.2032,1.9812,231.46,12,11,21.42,0.2032,1.143,2.286,2.54,1.3462,1.3462,3.4798,1,10,1,1
B00487,B00487_R1,2002,1,2,1.9812,0.2032,215.62,0.762,0.2032,196.59,10,9,19.03,1.6764,0.2032,0.4572,2.54,0.8128,1.4224,3.556,3,20,0,1
B00487,B00487_R2,2003,2,2,1.9812,0.2032,215.62,0.762,0.2032,196.59,10,9,19.03,0.2032,1.143,0.4572,0.2032,2.7178,1.4986,1.1938,1,30,1,1
B00488,B00488_R1,2004,1,3,0.4572,2.54,188.87,0.4572,0.2032,188.88,9,9,-0.01,1.9812,2.032,0.2032,1.9812,2.032,3.8608,2.3368,2,30,0,1
B00488,B00488_R2,2005,2,3,0.4572,2.54,188.87,0.4572,0.2032,188.88,9,9,-0.01,1.0668,2.54,0.2032,1.6002,1.1176,2.9464,1.8034,2,20,1,2
B00488,B00488_R2,2006,3,3,0.4572,2.54,188.87,0.4572,0.2032,188.88,9,9,-0.01,0.762,0.7112,0.2032,1.6002,2.6416,0.8128,1.9558,2,20,1,1
B00489,B00489_R1,2007,1,5,0.2032,1.9812,175.45,0.2032,1.6002,186.46,8,9,-11.01,2.286,2.54,0.2032,1.9812,2.6416,3.0226,2.6416,2,20,0,3
B00489,B00489_R1,2008,2,5,0.2032,1.9812,175.45,0.2032,1.6002,186.46,8,9,-11.01,0.2032,1.143,0.4572,2.54,1.3462,0.9652,1.651,1,30,0,1
B00489,B00489_R1,2009,3,5,0.2032,1.9812,175.45,0.2032,1.6002,186.46,8,9,-11.01,1.0668,2.032,1.6764,2.54,1.4224,1.8034,1.1176,3,10,0,2
B00489,B00489_R2,2010,4,5,0.2032,1.9812,175.45,0.2032,1.6002,186.46,8,9,-11.01,1.0668,0.2032,0.2032,1.6002,2.6416,2.2606,2.2606,2,20,1,2
B00489,B00489_R2,2011,5,5,0.2032,1.9812,175.45,0.2032,1.6002,186.46,8,9,-11.01,0.2032,0.762,1.6764,0.2032,1.7272,1.3462,2.032,1,30,1,1
B00490,B00490_R2,2012,1,5,0.2032,1.9812,191.17,0.2032,1.6002,185.47,9,9,5.7,0.2032,0.762,1.9812,0.7112,1.7272,1.3462,2.3368,1,10,1,2
B00490,B00490_R2,2013,2,5,0.2032,1.9812,191.17,0.2032,1.6002,185.47,9,9,5.7,2.54,1.6002,0.2032,1.9812,2.7178,2.3368,2.7178,2,20,1,3
B00490,B00490_R2,2014,3,5,0.2032,1.9812,191.17,0.2032,1.6002,185.47,9,9,5.7,0.2032,1.143,1.0668,0.2032,1.3462,0.9652,1.8034,1,30,1,1
B00490,B00490_R1,2015,4,5,0.2032,1.9812,191.17,0.2032,1.6002,185.47,9,9,5.7,1.6764,0.2032,0.4572,2.54,3.2512,2.8702,3.556,3,20,0,2
B00490,B00490_R1,2016,5,5,0.2032,1.9812,191.17,0.2032,1.6002,185.47,9,9,5.7,1.9812,2.54,1.6764,0.7112,2.3368,2.7178,3.2512,3,10,0,1
B00491,B00491_R2,2017,1,2,0.4572,2.54,211.81,0.2032,1.9812,216.73,10,11,-4.92,0.2032,0.762,2.54,1.6002,2.032,1.7272,3.175,1,30,1,1
B00491,B00491_R1,2018,2,2,0.4572,2.54,211.81,0.2032,1.9812,216.73,10,11,-4.92,2.286,2.54,0.762,0.2032,2.3368,2.6416,3.8608,3,30,0,1
B00492,B00492_R2,2019,1,6,0.762,0.2032,157.3,2.54,1.6002,163.42,7,8,-6.12,2.54,0.762,2.286,2.54,2.3368,1.3462,2.032,3,10,1,1
B00492,B00492_R1,2020,2,6,0.762,0.2032,157.3,2.54,1.6002,163.42,7,8,-6.12,1.0668,0.7112,0.4572,0.2032,0.8128,2.8702,1.1176,3,20,0,1
B00492,B00492_R2,2021,3,6,0.762,0.2032,157.3,2.54,1.6002,163.42,7,8,-6.12,2.54,1.9812,0.2032,1.9812,3.556,0.889,2.9464,2,10,1,2
B00492,B00492_R1,2022,4,6,0.762,0.2032,157.3,2.54,1.6002,163.42,7,8,-6.12,2.286,0.2032,0.4572,2.54,2.032,1.651,4.1656,3,30,0,3
B00492,B00492_R1,2023,5,6,0.762,0.2032,157.3,2.54,1.6002,163.42,7,8,-6.12,0.2032,0.762,0.4572,0.2032,1.1176,3.175,0.8128,1,30,0,2
B00492,B00492_R2,2024,6,6,0.762,0.2032,157.3,2.54,1.6002,163.42,7,8,-6.12,1.9812,2.54,0.2032,1.6002,3.556,1.4986,2.7178,2,20,1,3
B00493,B00493_R2,2025,1,6,0.4572,2.54,183.45,0.2032,1.6002,192.38,9,9,-8.93,0.762,0.7112,0.2032,1.9812,2.6416,1.9558,2.3368,2,30,1,1
B00493,B00493_R1,2026,2,6,0.4572,2.54,183.45,0.2032,1.6002,192.38,9,9,-8.93,0.2032,0.762,0.762,2.54,2.032,1.3462,2.3368,1,20,0,3
B00493,B00493_R1,2027,3,6,0.4572,2.54,183.45,0.2032,1.6002,192.38,9,9,-8.93,1.6764,0.7112,0.2032,1.6002,3.556,2.8702,2.8702,2,10,0,2
B00493,B00493_R2,2028,4,6,0.4572,2.54,183.45,0.2032,1.6002,192.38,9,9,-8.93,2.286,0.2032,0.762,2.032,4.1656,3.4798,3.8608,3,10,1,3
B00493,B00493_R2,2029,5,6,0.4572,2.54,183.45,0.2032,1.6002,192.38,9,9,-8.93,0.2032,1.143,2.286,2.54,1.651,0.9652,3.4798,1,10,1,2
B00493,B00493_R1,2030,6,6,0.4572,2.54,183.45,0.2032,1.6002,192.38,9,9,-8.93,0.4572,2.54,2.54,0.762,0.0,1.1938,3.8608,3,20,0,1
B00494,B00494_R1,2031,1,3,0.762,2.54,174.93,0.762,2.032,206.6,8,9,-31.67,0.2032,1.143,1.6764,0.2032,1.9558,1.9558,2.413,1,20,0,1
B00494,B00494_R1,2032,2,3,0.762,2.54,174.93,0.762,2.032,206.6,8,9,-31.67,2.286,0.2032,0.2032,1.6002,3.8608,3.8608,3.4798,2,20,0,2
B00494,B00494_R2,2033,3,3,0.762,2.54,174.93,0.762,2.032,206.6,8,9,-31.67,0.2032,0.762,0.762,0.2032,2.3368,2.3368,1.1176,1,30,1,1
B00495,B00495_R1,2034,1,6,0.2032,1.6002,172.83,0.762,0.2032,189.57,9,8,-16.74,0.2032,1.143,1.9812,0.2032,0.9652,1.4986,2.7178,1,20,0,3
B00495,B00495_R1,2035,2,6,0.2032,1.6002,172.83,0.762,0.2032,189.57,9,8,-16.74,0.2032,1.143,0.4572,0.2032,0.9652,1.4986,1.1938,1,10,0,1
B00495,B00495_R1,2036,3,6,0.2032,1.6002,172.83,0.762,0.2032,189.57,9,8,-16.74,0.2032,0.762,0.762,0.2032,1.3462,1.1176,1.1176,1,30,0,2
B00495,B00495_R2,2037,4,6,0.2032,1.6002,172.83,0.762,0.2032,189.57,9,8,-16.74,0.2032,1.143,1.6764,0.7112,0.9652,1.4986,2.413,1,20,1,1
B00495,B00495_R1,2038,5,6,0.2032,1.6002,172.83,0.762,0.2032,189.57,9,8,-16.74,1.9812,0.2032,0.2032,1.9812,3.175,1.7272,3.556,2,20,0,4
B00495,B00495_R2,2039,6,6,0.2032,1.6002,172.83,0.762,0.2032,189.57,9,8,-16.74,0.2032,0.762,2.54,0.762,1.3462,1.1176,2.9464,1,20,1,2
B00496,B00496_R1,2040,1,3,0.2032,1.9812,220.82,2.54,0.762,195.97,11,9,24.85,0.2032,1.143,2.54,1.6002,1.3462,2.7178,2.794,1,10,0,1
B00496,B00496_R2,2041,2,3,0.2032,1.9812,220.82,2.54,0.762,195.97,11,9,24.85,0.762,0.2032,0.2032,1.9812,2.3368,2.3368,2.3368,2,10,1,2
B00496,B00496_R2,2042,3,3,0.2032,1.9812,220.82,2.54,0.762,195.97,11,9,24.85,1.0668,0.2032,2.286,0.2032,2.6416,2.032,1.7272,3,30,1,1
B00497,B00497_R1,2043,1,2,2.54,1.6002,202.28,0.2032,1.9812,203.0,10,9,-0.72,1.0668,0.7112,2.54,0.762,2.8702,2.6416,2.032,3,20,0,1
B00497,B00497_R2,2044,2,2,2.54,1.6002,202.28,0.2032,1.9812,203.0,10,9,-0.72,0.2032,1.143,2.54,1.143,2.794,1.3462,2.3368,1,20,1,1
B00498,B00498_R2,2045,1,1,2.54,0.762,186.45,2.54,1.143,186.87,9,8,-0.42,0.2032,1.143,1.6764,2.032,2.7178,2.3368,2.8702,1,30,1,1
B00499,B00499_R1,2046,1,1,2.54,0.762,150.57,1.6764,2.032,157.91,8,7,-7.34,0.2032,0.762,1.0668,2.54,2.9464,3.2512,2.6416,1,30,0,1
B00500,B00500_R2,2047,1,6,1.0668,2.54,109.52,1.6764,2.032,91.18,5,4,18.34,0.2032,1.143,2.54,0.762,2.2606,2.8702,2.7178,1,20,1,1
B00500,B00500_R1,2048,2,6,1.0668,2.54,109.52,1.6764,2.032,91.18,5,4,18.34,1.9812,0.2032,0.2032,1.9812,3.2512,3.2512,3.556,2,30,0,2
B00500,B00500_R1,2049,3,6,1.0668,2.54,109.52,1.6764,2.032,91.18,5,4,18.34,0.4572,2.54,1.9812,0.2032,1.1176,1.7272,3.8608,3,20,0,1
B00500,B00500_R1,2050,4,6,1.0668,2.54,109.52,1.6764,2.032,91.18,5,4,18.34,0.2032,1.143,2.54,1.6002,2.2606,2.8702,2.794,1,20,0,3
B00500,B00500_R2,2051,5,6,1.0668,2.54,109.52,1.6764,2.032,91.18,5,4,18.34,0.2032,1.143,1.6764,2.54,2.2606,2.8702,2.8702,1,30,1,3
B00500,B00500_R2,2052,6,6,1.0668,2.54,109.52,1.6764,2.032,91.18,5,4,18.34,0.762,0.2032,0.2032,1.9812,3.2512,3.2512,2.3368,2,20,1,2
B00501,B00501_R2,2053,1,7,2.54,1.6002,143.78,1.6764,2.54,122.24,6,5,21.54,0.2032,0.762,1.6764,2.032,3.175,3.2512,3.2512,1,10,1,4
B00501,B00501_R1,2054,2,7,2.54,1.6002,143.78,1.6764,2.54,122.24,6,5,21.54,0.2032,0.762,2.54,1.9812,3.175,3.2512,3.556,1,30,0,3
B00501,B00501_R2,2055,3,7,2.54,1.6002,143.78,1.6764,2.54,122.24,6,5,21.54,0.2032,1.143,1.0668,0.2032,2.794,2.8702,1.8034,1,20,1,1
B00501,B00501_R1,2056,4,7,2.54,1.6002,143.78,1.6764,2.54,122.24,6,5,21.54,0.2032,1.143,1.9812,2.54,2.794,2.8702,3.175,1,20,0,2
B00501,B00501_R1,2057,5,7,2.54,1.6002,143.78,1.6764,2.54,122.24,6,5,21.54,2.54,1.6002,0.2032,1.6002,0.0,1.8034,2.3368,2,30,0,1
B00501,B00501_R2,2058,6,7,2.54,1.6002,143.78,1.6764,2.54,122.24,6,5,21.54,0.2032,0.762,1.0668,2.032,3.175,3.2512,2.6416,1,10,1,2
B00501,B00501_R2,2059,7,7,2.54,1.6002,143.78,1.6764,2.54,122.24,6,5,21.54,0.2032,1.143,1.9812,0.7112,2.794,2.8702,2.7178,1,20,1,3
B00502,B00502_R2,2060,1,4,2.54,1.9812,132.25,1.6764,2.032,135.06,6,6,-2.81,0.4572,2.54,2.286,0.2032,2.6416,1.7272,4.1656,3,30,1,1
B00502,B00502_R1,2061,2,4,2.54,1.9812,132.25,1.6764,2.032,135.06,6,6,-2.81,0.2032,1.143,1.9812,2.54,3.175,2.8702,3.175,1,30,0,2
B00502,B00502_R1,2062,3,4,2.54,1.9812,132.25,1.6764,2.032,135.06,6,6,-2.81,1.9812,0.2032,0.2032,1.6002,2.3368,3.2512,3.175,2,10,0,1
B00502,B00502_R2,2063,4,4,2.54,1.9812,132.25,1.6764,2.032,135.06,6,6,-2.81,0.2032,0.762,1.6764,0.7112,3.556,3.2512,2.032,1,20,1,2
B00503,B00503_R2,2064,1,6,1.9812,2.54,144.07,1.6764,0.7112,153.91,6,6,-9.84,0.2032,1.143,1.6764,0.7112,3.175,2.413,2.413,1,10,1,2
B00503,B00503_R1,2065,2,6,1.9812,2.54,144.07,1.6764,0.7112,153.91,6,6,-9.84,0.2032,1.143,1.6764,2.54,3.175,2.413,2.8702,1,20,0,3
B00503,B00503_R2,2066,3,6,1.9812,2.54,144.07,1.6764,0.7112,153.91,6,6,-9.84,1.0668,0.7112,0.2032,1.9812,3.2512,1.1176,2.6416,2,30,1,1
B00503,B00503_R1,2067,4,6,1.9812,2.54,144.07,1.6764,0.7112,153.91,6,6,-9.84,0.2032,1.143,2.54,0.762,3.175,2.413,2.7178,1,20,0,2
B00503,B00503_R2,2068,5,6,1.9812,2.54,144.07,1.6764,0.7112,153.91,6,6,-9.84,0.2032,0.762,2.286,0.2032,3.556,2.032,2.6416,1,10,1,3
B00503,B00503_R1,2069,6,6,1.9812,2.54,144.07,1.6764,0.7112,153.91,6,6,-9.84,2.54,1.143,0.2032,1.6002,1.9558,1.8034,2.794,2,30,0,1
B00504,B00504_R2,2070,1,6,1.6764,2.54,179.86,2.286,0.2032,181.16,7,8,-1.3,1.9812,0.2032,0.2032,1.6002,3.2512,0.8128,3.175,2,20,1,1
B00504,B00504_R1,2071,2,6,1.6764,2.54,179.86,2.286,0.2032,181.16,7,8,-1.3,0.2032,0.762,2.286,2.54,3.2512,2.6416,3.8608,1,10,0,3
B00504,B00504_R2,2072,3,6,1.6764,2.54,179.86,2.286,0.2032,181.16,7,8,-1.3,0.2032,0.762,1.9812,0.7112,3.2512,2.6416,2.3368,1,20,1,3
B00504,B00504_R1,2073,4,6,1.6764,2.54,179.86,2.286,0.2032,181.16,7,8,-1.3,0.762,2.032,0.2032,1.6002,1.4224,3.8608,1.4986,2,20,0,1
B00504,B00504_R2,2074,5,6,1.6764,2.54,179.86,2.286,0.2032,181.16,7,8,-1.3,0.2032,1.143,1.9812,0.7112,2.8702,3.0226,2.7178,1,20,1,2
B00504,B00504_R1,2075,6,6,1.6764,2.54,179.86,2.286,0.2032,181.16,7,8,-1.3,0.4572,0.2032,0.2032,1.6002,3.556,2.3368,1.651,2,10,0,2
B00505,B00505_R2,2076,1,3,2.286,2.54,203.6,1.9812,0.7112,202.4,9,9,1.2,0.762,0.2032,0.2032,1.6002,3.8608,1.7272,1.9558,2,20,1,1
B00505,B00505_R1,2077,2,3,2.286,2.54,203.6,1.9812,0.7112,202.4,9,9,1.2,2.286,2.54,0.2032,1.9812,0.0,2.6416,2.6416,2,10,0,1
B00505,B00505_R1,2078,3,3,2.286,2.54,203.6,1.9812,0.7112,202.4,9,9,1.2,1.6764,2.032,0.2032,1.6002,1.1176,3.2512,2.413,2,20,0,2
B00506,B00506_R1,2079,1,6,0.2032,1.6002,191.97,0.2032,1.6002,177.85,9,8,14.12,0.4572,0.2032,0.762,2.032,1.651,1.651,2.6416,3,10,0,1
B00506,B00506_R1,2080,2,6,0.2032,1.6002,191.97,0.2032,1.6002,177.85,9,8,14.12,1.9812,2.032,0.762,2.032,2.7178,2.7178,1.7272,3,10,0,2
B00506,B00506_R2,2081,3,6,0.2032,1.6002,191.97,0.2032,1.6002,177.85,9,8,14.12,0.4572,2.54,1.6764,0.7112,1.1938,1.1938,3.556,3,10,1,2
B00506,B00506_R2,2082,4,6,0.2032,1.6002,191.97,0.2032,1.6002,177.85,9,8,14.12,1.6764,0.7112,1.9812,0.7112,2.8702,2.8702,0.8128,3,30,1,3
B00506,B00506_R2,2083,5,6,0.2032,1.6002,191.97,0.2032,1.6002,177.85,9,8,14.12,0.2032,1.143,0.762,2.032,0.9652,0.9652,1.9558,1,10,1,1
B00506,B00506_R2,2084,6,6,0.2032,1.6002,191.97,0.2032,1.6002,177.85,9,8,14.12,1.9812,0.2032,0.2032,1.9812,3.175,3.175,3.556,2,30,1,4
B00507,B00507_R1,2085,1,6,0.762,2.032,145.67,0.2032,1.9812,172.73,7,9,-27.06,0.2032,1.143,1.9812,2.032,1.9558,1.3462,3.175,1,10,0,3
B00507,B00507_R2,2086,2,6,0.762,2.032,145.67,0.2032,1.9812,172.73,7,9,-27.06,1.0668,0.2032,1.6764,0.2032,3.2512,2.6416,1.1176,3,30,1,1
B00507,B00507_R1,2087,3,6,0.762,2.032,145.67,0.2032,1.9812,172.73,7,9,-27.06,1.0668,2.032,0.762,2.54,0.8128,1.4224,0.8128,3,30,0,1
B00507,B00507_R2,2088,4,6,0.762,2.032,145.67,0.2032,1.9812,172.73,7,9,-27.06,1.6764,0.7112,0.2032,1.9812,3.2512,3.2512,3.2512,2,20,1,2
B00507,B00507_R1,2089,5,6,0.762,2.032,145.67,0.2032,1.9812,172.73,7,9,-27.06,1.0668,2.54,0.2032,1.9812,0.8128,1.4224,1.4224,2,20,0,2
B00507,B00507_R1,2090,6,6,0.762,2.032,145.67,0.2032,1.9812,172.73,7,9,-27.06,2.54,1.143,2.54,0.762,3.175,3.175,0.889,3,10,0,4
B00508,B00508_R2,2091,1,3,2.54,0.762,186.95,0.2032,1.9812,179.24,10,9,7.71,0.2032,1.143,0.4572,0.2032,2.7178,1.3462,1.1938,1,20,1,1
B00508,B00508_R1,2092,2,3,2.54,0.762,186.95,0.2032,1.9812,179.24,10,9,7.71,1.9812,0.7112,0.762,0.2032,1.1176,3.556,1.7272,3,30,0,1
B00508,B00508_R2,2093,3,3,2.54,0.762,186.95,0.2032,1.9812,179.24,10,9,7.71,0.4572,0.2032,0.2032,1.6002,2.6416,2.032,1.651,2,20,1,2
B00509,B00509_R1,2094,1,2,0.762,0.2032,165.11,0.2032,1.6002,162.8,9,9,2.31,2.286,0.2032,0.2032,1.6002,2.032,3.4798,3.4798,2,30,0,1
B00509,B00509_R2,2095,2,2,0.762,0.2032,165.11,0.2032,1.6002,162.8,9,9,2.31,2.54,1.143,2.54,1.6002,2.7178,2.794,0.9652,3,30,1,1
B00510,B00510_R2,2096,1,3,0.2032,1.6002,155.89,2.54,1.6002,156.29,8,9,-0.4,1.9812,2.032,0.2032,1.9812,2.7178,1.4986,2.3368,2,20,1,1
B00510,B00510_R1,2097,2,3,0.2032,1.6002,155.89,2.54,1.6002,156.29,8,9,-0.4,0.2032,0.762,1.6764,2.032,1.3462,3.175,3.2512,1,10,0,1
B00510,B00510_R2,2098,3,3,0.2032,1.6002,155.89,2.54,1.6002,156.29,8,9,-0.4,0.762,0.7112,0.2032,1.9812,1.9558,3.175,2.3368,2,20,1,2
B00511,B00511_R1,2099,1,1,1.6764,2.032,145.07,0.2032,1.9812,164.91,8,9,-19.84,1.9812,2.54,1.6764,0.2032,0.8128,2.3368,3.2512,3,20,0,1
B00512,B00512_R1,2100,1,4,1.6764,0.2032,140.87,0.2032,1.9812,136.66,7,7,4.21,1.9812,0.2032,0.2032,1.6002,0.8128,3.556,3.175,2,10,0,1
B00512,B00512_R1,2101,2,4,1.6764,0.2032,140.87,0.2032,1.9812,136.66,7,7,4.21,0.2032,1.143,0.762,2.54,2.413,1.3462,1.9558,1,20,0,2
B00512,B00512_R2,2102,3,4,1.6764,0.2032,140.87,0.2032,1.9812,136.66,7,7,4.21,1.0668,2.54,1.9812,0.2032,2.9464,1.4224,3.2512,3,10,1,2
B00512,B00512_R2,2103,4,4,1.6764,0.2032,140.87,0.2032,1.9812,136.66,7,7,4.21,0.2032,1.143,0.762,2.54,2.413,1.3462,1.9558,1,10,1,1
B00513,B00513_R1,2104,1,7,0.762,2.54,113.22,1.9812,0.2032,117.02,5,6,-3.8,0.2032,0.762,2.54,1.9812,2.3368,2.3368,3.556,1,30,0,4
B00513,B00513_R2,2105,2,7,0.762,2.54,113.22,1.9812,0.2032,117.02,5,6,-3.8,1.0668,0.7112,0.2032,1.9812,3.2512,1.4224,2.6416,2,10,1,1
B00513,B00513_R1,2106,3,7,0.762,2.54,113.22,1.9812,0.2032,117.02,5,6,-3.8,0.2032,1.143,0.762,0.7112,1.9558,2.7178,1.4986,1,20,0,3
B00513,B00513_R1,2107,4,7,0.762,2.54,113.22,1.9812,0.2032,117.02,5,6,-3.8,0.2032,1.143,0.4572,0.2032,1.9558,2.7178,1.1938,1,30,0,1
B00513,B00513_R2,2108,5,7,0.762,2.54,113.22,1.9812,0.2032,117.02,5,6,-3.8,0.2032,1.143,1.6764,2.032,1.9558,2.7178,2.8702,1,20,1,3
B00513,B00513_R2,2109,6,7,0.762,2.54,113.22,1.9812,0.2032,117.02,5,6,-3.8,0.2032,1.143,1.0668,2.54,1.9558,2.7178,2.2606,1,30,1,2
B00513,B00513_R1,2110,7,7,0.762,2.54,113.22,1.9812,0.2032,117.02,5,6,-3.8,0.2032,0.762,1.0668,0.2032,2.3368,2.3368,1.4224,1,20,0,2
B00514,B00514_R2,2111,1,3,2.54,1.9812,151.37,1.6764,2.032,146.27,8,7,5.1,0.2032,0.762,1.0668,2.032,3.556,3.2512,2.6416,1,30,1,2
B00514,B00514_R1,2112,2,3,2.54,1.9812,151.37,1.6764,2.032,146.27,8,7,5.1,0.2032,0.762,2.54,1.6002,3.556,3.2512,3.175,1,10,0,1
B00514,B00514_R2,2113,3,3,2.54,1.9812,151.37,1.6764,2.032,146.27,8,7,5.1,0.4572,2.54,0.2032,1.9812,2.6416,1.7272,0.8128,2,10,1,1
B00515,B00515_R1,2114,1,6,2.54,1.6002,76.05,1.0668,2.032,77.45,3,4,-1.4,2.54,1.6002,1.9812,2.032,0.0,2.413,1.4986,3,20,0,1
B00515,B00515_R2,2115,2,6,2.54,1.6002,76.05,1.0668,2.032,77.45,3,4,-1.4,0.2032,0.762,2.54,1.9812,3.175,2.6416,3.556,1,10,1,3
B00515,B00515_R1,2116,3,6,2.54,1.6002,76.05,1.0668,2.032,77.45,3,4,-1.4,0.2032,1.143,1.0668,2.54,2.794,2.2606,2.2606,1,30,0,2
B00515,B00515_R2,2117,4,6,2.54,1.6002,76.05,1.0668,2.032,77.45,3,4,-1.4,1.0668,0.7112,0.2032,1.6002,2.8702,2.9464,2.2606,2,20,1,2
B00515,B00515_R1,2118,5,6,2.54,1.6002,76.05,1.0668,2.032,77.45,3,4,-1.4,0.2032,1.143,1.6764,2.54,2.794,2.2606,2.8702,1,20,0,3
B00515,B00515_R2,2119,6,6,2.54,1.6002,76.05,1.0668,2.032,77.45,3,4,-1.4,0.2032,1.143,0.762,0.7112,2.794,2.2606,1.4986,1,30,1,1
B00516,B00516_R1,2120,1,7,1.6764,2.54,62.63,2.54,1.9812,64.32,3,3,-1.69,0.762,2.54,0.2032,1.6002,1.4224,2.3368,1.4986,2,20,0,2
B00516,B00516_R1,2121,2,7,1.6764,2.54,62.63,2.54,1.9812,64.32,3,3,-1.69,1.0668,0.7112,0.2032,1.6002,2.9464,3.2512,2.2606,2,20,0,4
B00516,B00516_R1,2122,3,7,1.6764,2.54,62.63,2.54,1.9812,64.32,3,3,-1.69,0.2032,0.762,1.9812,0.7112,3.2512,3.556,2.3368,1,20,0,3
B00516,B00516_R2,2123,4,7,1.6764,2.54,62.63,2.54,1.9812,64.32,3,3,-1.69,0.762,0.2032,0.4572,0.2032,3.2512,3.556,0.8128,3,30,1,2
B00516,B00516_R2,2124,5,7,1.6764,2.54,62.63,2.54,1.9812,64.32,3,3,-1.69,0.762,0.2032,0.2032,1.6002,3.2512,3.556,1.9558,2,10,1,3
B00516,B00516_R2,2125,6,7,1.6764,2.54,62.63,2.54,1.9812,64.32,3,3,-1.69,2.54,1.6002,0.762,0.7112,1.8034,0.889,3.175,3,30,1,1
B00516,B00516_R1,2126,7,7,1.6764,2.54,62.63,2.54,1.9812,64.32,3,3,-1.69,1.6764,2.54,0.2032,1.6002,0.0,1.4224,2.413,2,20,0,1
B00517,B00517_R2,2127,1,3,0.2032,1.6002,58.91,0.2032,1.6002,43.67,3,3,15.24,0.2032,0.762,2.54,1.9812,1.3462,1.3462,3.556,1,20,1,1
B00517,B00517_R2,2128,2,3,0.2032,1.6002,58.91,0.2032,1.6002,43.67,3,3,15.24,2.286,0.2032,0.2032,1.6002,3.4798,3.4798,3.4798,2,20,1,2
B00517,B00517_R1,2129,3,3,0.2032,1.6002,58.91,0.2032,1.6002,43.67,3,3,15.24,1.0668,2.54,0.2032,1.6002,1.8034,1.8034,1.8034,2,30,0,1
B00518,B00518_R1,2130,1,5,0.2032,1.6002,53.0,0.2032,1.6002,69.04,3,3,-16.04,0.762,2.032,1.6764,0.7112,1.4986,1.4986,3.2512,3,20,0,2
B00518,B00518_R1,2131,2,5,0.2032,1.6002,53.0,0.2032,1.6002,69.04,3,3,-16.04,0.2032,1.143,0.762,2.54,0.9652,0.9652,1.9558,1,10,0,1
B00518,B00518_R2,2132,3,5,0.2032,1.6002,53.0,0.2032,1.6002,69.04,3,3,-16.04,0.2032,0.762,1.0668,2.54,1.3462,1.3462,2.6416,1,20,1,2
B00518,B00518_R2,2133,4,5,0.2032,1.6002,53.0,0.2032,1.6002,69.04,3,3,-16.04,0.2032,1.143,0.4572,2.54,0.9652,0.9652,1.651,1,30,1,1
B00518,B00518_R1,2134,5,5,0.2032,1.6002,53.0,0.2032,1.6002,69.04,3,3,-16.04,1.6764,0.2032,0.2032,1.9812,2.8702,2.8702,3.2512,2,10,0,3
B00519,B00519_R2,2135,1,5,0.2032,1.9812,69.33,1.0668,2.54,68.54,4,3,0.79,0.2032,1.143,1.9812,2.032,1.3462,2.2606,3.175,1,20,1,3
B00519,B00519_R1,2136,2,5,0.2032,1.9812,69.33,1.0668,2.54,68.54,4,3,0.79,0.762,0.7112,1.0668,0.2032,2.3368,3.2512,0.8128,3,20,0,1
B00519,B00519_R2,2137,3,5,0.2032,1.9812,69.33,1.0668,2.54,68.54,4,3,0.79,0.4572,2.54,0.2032,1.9812,0.8128,1.1176,0.8128,2,30,1,2
B00519,B00519_R2,2138,4,5,0.2032,1.9812,69.33,1.0668,2.54,68.54,4,3,0.79,1.0668,2.54,0.2032,1.9812,1.4224,0.0,1.4224,2,10,1,1
B00519,B00519_R1,2139,5,5,0.2032,1.9812,69.33,1.0668,2.54,68.54,4,3,0.79,1.9812,0.7112,0.2032,1.6002,3.556,3.2512,3.175,2,20,0,2
B00520,B00520_R1,2140,1,5,0.2032,1.6002,84.26,1.9812,2.032,81.85,4,5,2.41,2.286,2.54,0.2032,1.9812,3.0226,0.8128,2.6416,2,10,0,2
B00520,B00520_R2,2141,2,5,0.2032,1.6002,84.26,1.9812,2.032,81.85,4,5,2.41,1.9812,2.54,0.4572,0.2032,2.7178,0.508,3.8608,3,20,1,1
B00520,B00520_R1,2142,3,5,0.2032,1.6002,84.26,1.9812,2.032,81.85,4,5,2.41,0.2032,1.143,0.762,2.54,0.9652,3.175,1.9558,1,10,0,1
B00520,B00520_R2,2143,4,5,0.2032,1.6002,84.26,1.9812,2.032,81.85,4,5,2.41,2.54,1.6002,0.2032,1.9812,2.3368,1.4986,2.7178,2,30,1,3
B00520,B00520_R2,2144,5,5,0.2032,1.6002,84.26,1.9812,2.032,81.85,4,5,2.41,0.4572,0.2032,0.2032,1.6002,1.651,3.8608,1.651,2,10,1,2
B00521,B00521_R1,2145,1,5,0.2032,1.9812,84.56,0.2032,1.9812,106.6,4,6,-22.04,2.54,1.6002,0.2032,1.6002,2.7178,2.7178,2.3368,2,30,0,3
B00521,B00521_R2,2146,2,5,0.2032,1.9812,84.56,0.2032,1.9812,106.6,4,6,-22.04,1.9812,2.54,0.2032,1.9812,2.3368,2.3368,2.3368,2,20,1,1
B00521,B00521_R1,2147,3,5,0.2032,1.9812,84.56,0.2032,1.9812,106.6,4,6,-22.04,0.2032,0.762,0.4572,0.2032,1.7272,1.7272,0.8128,1,20,0,1
B00521,B00521_R2,2148,4,5,0.2032,1.9812,84.56,0.2032,1.9812,106.6,4,6,-22.04,1.9812,2.032,0.2032,1.6002,2.3368,2.3368,2.7178,2,30,1,2
B00521,B00521_R1,2149,5,5,0.2032,1.9812,84.56,0.2032,1.9812,106.6,4,6,-22.04,0.2032,0.762,1.6764,0.7112,1.7272,1.7272,2.032,1,30,0,2
B00522,B00522_R1,2150,1,4,0.2032,1.6002,114.92,0.2032,1.6002,131.66,6,6,-16.74,1.0668,2.032,0.2032,1.6002,1.8034,1.8034,1.8034,2,20,0,1
B00522,B00522_R2,2151,2,4,0.2032,1.6002,114.92,0.2032,1.6002,131.66,6,6,-16.74,0.2032,1.143,1.0668,0.7112,0.9652,0.9652,1.8034,1,20,1,1
B00522,B00522_R2,2152,3,4,0.2032,1.6002,114.92,0.2032,1.6002,131.66,6,6,-16.74,1.9812,0.2032,1.0668,0.7112,3.175,3.175,1.4224,3,30,1,2
B00522,B00522_R1,2153,4,4,0.2032,1.6002,114.92,0.2032,1.6002,131.66,6,6,-16.74,1.9812,2.032,0.2032,1.6002,2.7178,2.7178,2.7178,2,20,0,2
B00523,B00523_R2,2154,1,3,0.2032,1.6002,89.08,1.0668,0.7112,84.56,4,4,4.52,0.2032,1.143,2.286,0.2032,0.9652,1.8034,3.0226,1,30,1,1
B00523,B00523_R2,2155,2,3,0.2032,1.6002,89.08,1.0668,0.7112,84.56,4,4,4.52,2.54,1.6002,1.9812,0.2032,2.3368,2.8702,1.9558,3,10,1,2
B00523,B00523_R1,2156,3,3,0.2032,1.6002,89.08,1.0668,0.7112,84.56,4,4,4.52,0.2032,1.143,0.762,2.032,0.9652,1.8034,1.9558,1,10,0,1
B00524,B00524_R1,2157,1,2,0.762,2.032,69.23,1.9812,0.2032,93.18,4,5,-23.95,0.4572,0.2032,2.54,1.9812,2.6416,2.032,3.8608,3,30,0,1
B00524,B00524_R2,2158,2,2,0.762,2.032,69.23,1.9812,0.2032,93.18,4,5,-23.95,1.0668,0.2032,1.6764,0.7112,3.2512,1.4224,1.1176,3,10,1,1
B00525,B00525_R2,2159,1,4,2.54,1.9812,0.0,1.6764,0.7112,0.0,0,0,0.0,1.9812,0.7112,0.2032,1.9812,2.3368,0.8128,3.556,2,20,1,1
B00525,B00525_R2,2160,2,4,2.54,1.9812,0.0,1.6764,0.7112,0.0,0,0,0.0,0.4572,2.54,0.2032,1.6002,2.6416,3.556,1.1938,2,30,1,2
B00525,B00525_R1,2161,3,4,2.54,1.9812,0.0,1.6764,0.7112,0.0,0,0,0.0,0.2032,0.762,1.9812,2.032,3.556,2.032,3.556,1,30,0,2
B00525,B00525_R1,2162,4,4,2.54,1.9812,0.0,1.6764,0.7112,0.0,0,0,0.0,1.9812,2.032,0.2032,1.6002,1.1176,3.2512,2.7178,2,20,0,1
B00526,B00526_R2,2163,1,1,1.9812,2.032,17.04,0.2032,1.6002,7.71,1,1,9.33,0.4572,0.2032,1.6764,0.2032,3.8608,1.651,1.7272,3,10,1,1
B00527,B00527_R2,2164,1,1,1.9812,2.032,0.0,1.6764,0.2032,0.0,0,0,0.0,0.2032,1.143,1.6764,0.7112,3.175,2.413,2.413,1,30,1,1
B00528,B00528_R2,2165,1,7,1.9812,2.032,0.0,1.6764,0.7112,0.0,0,0,0.0,0.2032,0.762,0.4572,2.54,3.556,2.032,2.032,1,10,1,2
B00528,B00528_R1,2166,2,7,1.9812,2.032,0.0,1.6764,0.7112,0.0,0,0,0.0,0.762,2.032,0.2032,1.6002,1.7272,3.2512,1.4986,2,30,0,3
B00528,B00528_R2,2167,3,7,1.9812,2.032,0.0,1.6764,0.7112,0.0,0,0,0.0,0.762,0.7112,0.2032,1.9812,3.556,1.4224,2.3368,2,10,1,1
B00528,B00528_R2,2168,4,7,1.9812,2.032,0.0,1.6764,0.7112,0.0,0,0,0.0,0.2032,0.762,2.54,1.6002,3.556,2.032,3.175,1,30,1,3
B00528,B00528_R1,2169,5,7,1.9812,2.032,0.0,1.6764,0.7112,0.0,0,0,0.0,1.6764,2.032,0.4572,2.54,0.8128,2.9464,1.7272,3,20,0,1
B00528,B00528_R1,2170,6,7,1.9812,2.032,0.0,1.6764,0.7112,0.0,0,0,0.0,0.2032,0.762,0.762,2.032,3.556,2.032,2.3368,1,20,0,4
B00528,B00528_R1,2171,7,7,1.9812,2.032,0.0,1.6764,0.7112,0.0,0,0,0.0,0.4572,2.54,1.9812,2.032,2.032,3.556,2.032,3,20,0,2
B00529,B00529_R2,2172,1,6,0.762,2.032,50.29,2.54,1.6002,37.57,3,2,12.72,1.6764,0.7112,0.762,0.7112,3.2512,2.2606,1.4224,3,30,1,3
B00529,B00529_R2,2173,2,6,0.762,2.032,50.29,2.54,1.6002,37.57,3,2,12.72,0.2032,1.143,1.9812,0.2032,1.9558,2.794,2.7178,1,20,1,4
B00529,B00529_R1,2174,3,6,0.762,2.032,50.29,2.54,1.6002,37.57,3,2,12.72,0.2032,1.143,1.9812,0.2032,1.9558,2.794,2.7178,1,20,0,1
B00529,B00529_R2,2175,4,6,0.762,2.032,50.29,2.54,1.6002,37.57,3,2,12.72,1.9812,0.2032,0.4572,0.2032,3.556,1.9558,2.032,3,20,1,1
B00529,B00529_R2,2176,5,6,0.762,2.032,50.29,2.54,1.6002,37.57,3,2,12.72,0.4572,0.2032,0.762,0.7112,2.6416,3.4798,0.8128,3,20,1,2
B00529,B00529_R1,2177,6,6,0.762,2.032,50.29,2.54,1.6002,37.57,3,2,12.72,1.9812,0.7112,0.2032,1.9812,3.556,1.9558,3.556,2,10,0,2
B00530,B00530_R1,2178,1,7,0.2032,1.9812,58.71,1.9812,0.2032,70.82,3,4,-12.11,0.2032,0.762,0.762,0.7112,1.7272,2.3368,1.1176,1,30,0,2
B00530,B00530_R2,2179,2,7,0.2032,1.9812,58.71,1.9812,0.2032,70.82,3,4,-12.11,2.54,1.6002,0.2032,1.6002,2.7178,1.9558,2.3368,2,30,1,1
B00530,B00530_R1,2180,3,7,0.2032,1.9812,58.71,1.9812,0.2032,70.82,3,4,-12.11,1.6764,2.54,0.2032,1.6002,2.032,3.2512,2.413,2,20,0,4
B00530,B00530_R2,2181,4,7,0.2032,1.9812,58.71,1.9812,0.2032,70.82,3,4,-12.11,1.0668,2.54,0.2032,1.6002,1.4224,3.2512,1.8034,2,20,1,2
B00530,B00530_R2,2182,5,7,0.2032,1.9812,58.71,1.9812,0.2032,70.82,3,4,-12.11,1.0668,2.54,1.0668,0.7112,1.4224,3.2512,2.9464,3,30,1,3
B00530,B00530_R1,2183,6,7,0.2032,1.9812,58.71,1.9812,0.2032,70.82,3,4,-12.11,1.0668,0.7112,2.286,0.2032,2.6416,1.4224,1.7272,3,30,0,3
B00530,B00530_R1,2184,7,7,0.2032,1.9812,58.71,1.9812,0.2032,70.82,3,4,-12.11,0.762,2.54,0.2032,1.6002,1.1176,3.556,1.4986,2,10,0,1
B00531,B00531_R1,2185,1,7,0.2032,1.6002,97.29,1.0668,0.7112,107.8,5,5,-10.51,2.54,0.762,0.2032,1.9812,3.175,2.032,3.556,2,20,0,4
B00531,B00531_R1,2186,2,7,0.2032,1.6002,97.29,1.0668,0.7112,107.8,5,5,-10.51,0.2032,1.143,1.9812,0.2032,0.9652,1.8034,2.7178,1,20,0,3
B00531,B00531_R1,2187,3,7,0.2032,1.6002,97.29,1.0668,0.7112,107.8,5,5,-10.51,1.0668,2.032,0.2032,1.6002,1.8034,2.9464,1.8034,2,10,0,2
B00531,B00531_R2,2188,4,7,0.2032,1.6002,97.29,1.0668,0.7112,107.8,5,5,-10.51,0.4572,0.2032,0.2032,1.9812,1.651,1.1176,2.032,2,30,1,1
B00531,B00531_R2,2189,5,7,0.2032,1.6002,97.29,1.0668,0.7112,107.8,5,5,-10.51,0.2032,0.762,1.9812,2.032,1.3462,1.4224,3.556,1,20,1,3
B00531,B00531_R1,2190,6,7,0.2032,1.6002,97.29,1.0668,0.7112,107.8,5,5,-10.51,0.2032,0.762,1.0668,2.54,1.3462,1.4224,2.6416,1,20,0,1
B00531,B00531_R2,2191,7,7,0.2032,1.6002,97.29,1.0668,0.7112,107.8,5,5,-10.51,0.2032,0.762,0.762,2.54,1.3462,1.4224,2.3368,1,10,1,2
B00532,B00532_R2,2192,1,4,0.2032,1.9812,143.77,1.9812,2.032,144.07,8,7,-0.3,0.762,2.54,0.2032,1.6002,1.1176,1.7272,1.4986,2,10,1,1
B00532,B00532_R1,2193,2,4,0.2032,1.9812,143.77,1.9812,2.032,144.07,8,7,-0.3,0.2032,1.143,1.0668,0.7112,1.3462,3.175,1.8034,1,30,0,1
B00532,B00532_R2,2194,3,4,0.2032,1.9812,143.77,1.9812,2.032,144.07,8,7,-0.3,0.2032,1.143,0.762,0.7112,1.3462,3.175,1.4986,1,20,1,2
B00532,B00532_R1,2195,4,4,0.2032,1.9812,143.77,1.9812,2.032,144.07,8,7,-0.3,1.6764,0.7112,2.286,0.2032,3.2512,3.2512,1.1176,3,30,0,2
B00533,B00533_R1,2196,1,5,2.286,0.2032,152.08,0.762,0.7112,139.06,8,7,13.02,1.9812,2.032,0.2032,1.9812,2.6416,3.556,2.3368,2,20,0,1
B00533,B00533_R2,2197,2,5,2.286,0.2032,152.08,0.762,0.7112,139.06,8,7,13.02,0.762,0.2032,1.9812,2.54,2.032,0.508,3.556,3,30,1,3
B00533,B00533_R2,2198,3,5,2.286,0.2032,152.08,0.762,0.7112,139.06,8,7,13.02,0.2032,0.762,0.762,0.7112,2.6416,1.1176,1.1176,1,10,1,1
B00533,B00533_R1,2199,4,5,2.286,0.2032,152.08,0.762,0.7112,139.06,8,7,13.02,0.2032,1.143,2.54,1.9812,3.0226,1.4986,3.175,1,30,0,2
B00533,B00533_R2,2200,5,5,2.286,0.2032,152.08,0.762,0.7112,139.06,8,7,13.02,0.2032,1.143,0.762,0.2032,3.0226,1.4986,1.4986,1,30,1,2
B00534,B00534_R1,2201,1,4,2.54,1.9812,160.29,1.9812,2.54,156.88,8,8,3.41,0.2032,0.762,0.4572,2.54,3.556,3.556,2.032,1,20,0,2
B00534,B00534_R1,2202,2,4,2.54,1.9812,160.29,1.9812,2.54,156.88,8,8,3.41,1.9812,2.032,0.2032,1.9812,1.1176,0.508,2.3368,2,20,0,1
B00534,B00534_R2,2203,3,4,2.54,1.9812,160.29,1.9812,2.54,156.88,8,8,3.41,2.286,0.2032,0.2032,1.6002,2.032,2.6416,3.4798,2,20,1,2
B00534,B00534_R2,2204,4,4,2.54,1.9812,160.29,1.9812,2.54,156.88,8,8,3.41,1.6764,2.54,0.2032,1.9812,1.4224,0.8128,2.032,2,10,1,1
B00535,B00535_R1,2205,1,7,0.4572,2.54,168.22,0.2032,1.6002,168.62,8,8,-0.4,2.54,1.143,1.9812,0.2032,3.4798,2.794,1.4986,3,30,0,4
B00535,B00535_R1,2206,2,7,0.4572,2.54,168.22,0.2032,1.6002,168.62,8,8,-0.4,0.762,2.54,2.54,0.762,0.8128,1.4986,3.556,3,30,0,3
B00535,B00535_R1,2207,3,7,0.4572,2.54,168.22,0.2032,1.6002,168.62,8,8,-0.4,0.2032,1.143,1.0668,2.032,1.651,0.9652,2.2606,1,20,0,2
B00535,B00535_R2,2208,4,7,0.4572,2.54,168.22,0.2032,1.6002,168.62,8,8,-0.4,1.9812,0.2032,0.2032,1.9812,3.8608,3.175,3.556,2,30,1,3
B00535,B00535_R1,2209,5,7,0.4572,2.54,168.22,0.2032,1.6002,168.62,8,8,-0.4,0.762,2.54,0.2032,1.9812,0.8128,1.4986,1.1176,2,10,0,1
B00535,B00535_R2,2210,6,7,0.4572,2.54,168.22,0.2032,1.6002,168.62,8,8,-0.4,1.0668,0.7112,0.4572,0.2032,2.9464,2.2606,1.1176,3,30,1,1
B00535,B00535_R2,2211,7,7,0.4572,2.54,168.22,0.2032,1.6002,168.62,8,8,-0.4,0.2032,0.762,1.9812,0.2032,2.032,1.3462,2.3368,1,20,1,2
B00536,B00536_R2,2212,1,1,1.9812,0.2032,204.88,0.2032,1.9812,187.36,11,10,17.52,2.54,0.762,0.2032,1.6002,1.1176,3.556,3.175,2,30,1,1
B00537,B00537_R2,2213,1,2,1.9812,0.2032,169.92,0.2032,1.6002,187.87,9,9,-17.95,0.2032,1.143,2.54,1.143,2.7178,0.9652,2.3368,1,20,1,1
B00537,B00537_R1,2214,2,2,1.9812,0.2032,169.92,0.2032,1.6002,187.87,9,9,-17.95,0.2032,1.143,2.286,2.54,2.7178,0.9652,3.4798,1,30,0,1
B00538,B00538_R1,2215,1,1,2.286,2.54,167.32,2.54,1.143,181.66,8,8,-14.34,1.9812,2.032,0.2032,1.6002,0.8128,1.9558,2.7178,2,20,0,1
B00539,B00539_R2,2216,1,3,0.2032,1.6002,116.72,2.54,1.143,97.48,6,5,19.24,0.4572,2.54,2.54,1.6002,1.1938,3.4798,3.0226,3,10,1,2
B00539,B00539_R1,2217,2,3,0.2032,1.6002,116.72,2.54,1.143,97.48,6,5,19.24,0.2032,1.143,2.286,2.54,0.9652,2.3368,3.4798,1,30,0,1
B00539,B00539_R2,2218,3,3,0.2032,1.6002,116.72,2.54,1.143,97.48,6,5,19.24,1.0668,2.032,0.2032,1.6002,1.8034,2.8702,1.8034,2,10,1,1
B00540,B00540_R1,2219,1,5,2.286,2.54,23.55,2.54,1.6002,28.15,1,2,-4.6,0.762,0.2032,0.2032,1.6002,3.8608,3.175,1.9558,2,30,0,3
B00540,B00540_R2,2220,2,5,2.286,2.54,23.55,2.54,1.6002,28.15,1,2,-4.6,1.6764,0.2032,0.4572,2.54,2.9464,2.2606,3.556,3,10,1,2
B00540,B00540_R1,2221,3,5,2.286,2.54,23.55,2.54,1.6002,28.15,1,2,-4.6,0.762,2.032,0.2032,1.9812,2.032,2.7178,1.1176,2,30,0,1
B00540,B00540_R2,2222,4,5,2.286,2.54,23.55,2.54,1.6002,28.15,1,2,-4.6,1.6764,2.54,1.9812,0.7112,1.1176,1.8034,3.2512,3,30,1,1
B00540,B00540_R1,2223,5,5,2.286,2.54,23.55,2.54,1.6002,28.15,1,2,-4.6,0.4572,0.2032,0.2032,1.6002,4.1656,3.4798,1.651,2,10,0,2
B00541,B00541_R2,2224,1,5,0.2032,1.6002,49.39,0.4572,2.54,39.08,3,2,10.31,0.2032,1.143,0.4572,0.2032,0.9652,1.651,1.1938,1,10,1,1
B00541,B00541_R2,2225,2,5,0.2032,1.6002,49.39,0.4572,2.54,39.08,3,2,10.31,1.0668,0.2032,0.2032,1.6002,2.2606,2.9464,2.2606,2,30,1,2
B00541,B00541_R2,2226,3,5,0.2032,1.6002,49.39,0.4572,2.54,39.08,3,2,10.31,1.9812,2.032,0.2032,1.9812,2.7178,2.032,2.3368,2,30,1,3
B00541,B00541_R1,2227,4,5,0.2032,1.6002,49.39,0.4572,2.54,39.08,3,2,10.31,1.0668,0.7112,0.2032,1.6002,2.2606,2.9464,2.2606,2,10,0,1
B00541,B00541_R1,2228,5,5,0.2032,1.6002,49.39,0.4572,2.54,39.08,3,2,10.31,2.54,0.762,0.2032,1.9812,3.175,3.8608,3.556,2,30,0,2
B00542,B00542_R1,2229,1,3,0.2032,1.9812,32.57,0.2032,1.9812,25.95,1,1,6.62,2.286,2.54,2.54,0.762,2.6416,2.6416,2.032,3,30,0,1
B00542,B00542_R2,2230,2,3,0.2032,1.9812,32.57,0.2032,1.9812,25.95,1,1,6.62,2.54,1.143,2.54,1.9812,3.175,3.175,1.3462,3,10,1,2
B00542,B00542_R2,2231,3,3,0.2032,1.9812,32.57,0.2032,1.9812,25.95,1,1,6.62,1.9812,2.032,2.54,1.6002,2.3368,2.3368,1.4986,3,30,1,1
B00543,B00543_R2,2232,1,6,2.54,0.762,11.02,2.54,1.9812,24.04,1,2,-13.02,0.762,0.2032,0.2032,1.9812,2.3368,3.556,2.3368,2,20,1,3
B00543,B00543_R1,2233,2,6,2.54,0.762,11.02,2.54,1.9812,24.04,1,2,-13.02,0.762,0.2032,1.6764,0.7112,2.3368,3.556,1.4224,3,20,0,3
B00543,B00543_R2,2234,3,6,2.54,0.762,11.02,2.54,1.9812,24.04,1,2,-13.02,2.54,1.9812,0.2032,1.9812,1.7272,0.0,2.9464,2,30,1,1
B00543,B00543_R1,2235,4,6,2.54,0.762,11.02,2.54,1.9812,24.04,1,2,-13.02,1.9812,2.54,0.2032,1.6002,2.3368,1.1176,2.7178,2,30,0,1
B00543,B00543_R1,2236,5,6,2.54,0.762,11.02,2.54,1.9812,24.04,1,2,-13.02,0.2032,1.143,1.6764,0.2032,2.7178,3.175,2.413,1,30,0,2
B00543,B00543_R2,2237,6,6,2.54,0.762,11.02,2.54,1.9812,24.04,1,2,-13.02,0.2032,0.762,0.762,0.7112,2.9464,3.556,1.1176,1,10,1,2
B00544,B00544_R1,2238,1,7,1.6764,0.7112,0.0,0.2032,1.9812,0.0,0,0,0.0,0.2032,1.143,2.54,0.762,2.413,1.3462,2.7178,1,30,0,3
B00544,B00544_R2,2239,2,7,1.6764,0.7112,0.0,0.2032,1.9812,0.0,0,0,0.0,1.9812,2.54,0.2032,1.9812,3.2512,2.3368,2.3368,2,30,1,4
B00544,B00544_R2,2240,3,7,1.6764,0.7112,0.0,0.2032,1.9812,0.0,0,0,0.0,0.2032,0.762,0.4572,2.54,2.032,1.7272,2.032,1,10,1,1
B00544,B00544_R1,2241,4,7,1.6764,0.7112,0.0,0.2032,1.9812,0.0,0,0,0.0,0.762,0.7112,0.2032,1.9812,1.4224,2.3368,2.3368,2,20,0,1
B00544,B00544_R2,2242,5,7,1.6764,0.7112,0.0,0.2032,1.9812,0.0,0,0,0.0,0.4572,2.54,0.2032,1.6002,3.556,0.8128,1.1938,2,30,1,2
B00544,B00544_R1,2243,6,7,1.6764,0.7112,0.0,0.2032,1.9812,0.0,0,0,0.0,0.2032,0.762,0.762,2.032,2.032,1.7272,2.3368,1,30,0,2
B00544,B00544_R2,2244,7,7,1.6764,0.7112,0.0,0.2032,1.9812,0.0,0,0,0.0,0.2032,0.762,0.762,2.032,2.032,1.7272,2.3368,1,10,1,3
B00545,B00545_R1,2245,1,3,2.54,0.762,36.67,0.2032,1.9812,50.29,2,3,-13.62,0.2032,0.762,1.0668,2.032,2.9464,1.7272,2.6416,1,30,0,2
B00545,B00545_R1,2246,2,3,2.54,0.762,36.67,0.2032,1.9812,50.29,2,3,-13.62,2.54,1.9812,1.6764,0.2032,1.7272,2.9464,2.6416,3,10,0,1
B00545,B00545_R2,2247,3,3,2.54,0.762,36.67,0.2032,1.9812,50.29,2,3,-13.62,1.6764,2.032,0.2032,1.9812,2.6416,2.032,2.032,2,20,1,1
B00546,B00546_R2,2248,1,1,1.0668,2.032,47.7,0.2032,1.9812,34.26,2,2,13.44,1.6764,0.2032,0.2032,1.6002,2.9464,3.2512,2.8702,2,30,1,1
B00547,B00547_R1,2249,1,4,1.0668,2.032,0.0,0.2032,1.6002,30.16,0,1,-30.16,0.762,2.54,0.2032,1.6002,0.8128,1.4986,1.4986,2,20,0,1
B00547,B00547_R1,2250,2,4,1.0668,2.032,0.0,0.2032,1.6002,30.16,0,1,-30.16,2.54,1.9812,0.2032,1.9812,2.032,2.7178,2.9464,2,10,0,3
B00547,B00547_R2,2251,3,4,1.0668,2.032,0.0,0.2032,1.6002,30.16,0,1,-30.16,1.6764,0.7112,1.6764,2.54,2.9464,2.8702,2.9464,3,20,1,1
B00547,B00547_R1,2252,4,4,1.0668,2.032,0.0,0.2032,1.6002,30.16,0,1,-30.16,1.0668,0.2032,0.2032,1.6002,2.9464,2.2606,2.2606,2,20,0,2
B00548,B00548_R1,2253,1,2,0.2032,1.9812,40.28,1.6764,2.54,14.63,2,1,25.65,0.2032,1.143,1.0668,0.7112,1.3462,2.8702,1.8034,1,10,0,1
B00548,B00548_R2,2254,2,2,0.2032,1.9812,40.28,1.6764,2.54,14.63,2,1,25.65,1.0668,2.032,2.286,0.2032,1.4224,1.1176,3.556,3,30,1,1
B00549,B00549_R2,2255,1,6,1.0668,0.7112,18.43,2.286,0.2032,0.0,1,0,18.43,1.6764,2.54,0.2032,1.9812,2.9464,2.9464,2.032,2,10,1,1
B00549,B00549_R1,2256,2,6,1.0668,0.7112,18.43,2.286,0.2032,0.0,1,0,18.43,0.2032,1.143,1.0668,0.2032,1.8034,3.0226,1.8034,1,30,0,2
B00549,B00549_R1,2257,3,6,1.0668,0.7112,18.43,2.286,0.2032,0.0,1,0,18.43,0.762,0.7112,0.2032,1.9812,0.8128,2.032,2.3368,2,10,0,1
B00549,B00549_R2,2258,4,6,1.0668,0.7112,18.43,2.286,0.2032,0.0,1,0,18.43,0.2032,1.143,0.762,2.032,1.8034,3.0226,1.9558,1,10,1,2
B00549,B00549_R1,2259,5,6,1.0668,0.7112,18.43,2.286,0.2032,0.0,1,0,18.43,0.2032,0.762,2.54,1.6002,1.4224,2.6416,3.175,1,10,0,3
B00549,B00549_R2,2260,6,6,1.0668,0.7112,18.43,2.286,0.2032,0.0,1,0,18.43,1.9812,2.032,0.2032,1.6002,3.2512,2.6416,2.7178,2,30,1,3
B00550,B00550_R2,2261,1,5,2.54,1.6002,42.58,0.2032,1.6002,34.27,2,2,8.31,1.0668,0.2032,0.2032,1.9812,2.8702,2.2606,2.6416,2,20,1,3
B00550,B00550_R1,2262,2,5,2.54,1.6002,42.58,0.2032,1.6002,34.27,2,2,8.31,2.54,1.9812,0.2032,1.9812,0.889,2.7178,2.9464,2,20,0,2
B00550,B00550_R2,2263,3,5,2.54,1.6002,42.58,0.2032,1.6002,34.27,2,2,8.31,0.2032,0.762,1.6764,2.54,3.175,1.3462,3.2512,1,10,1,1
B00550,B00550_R1,2264,4,5,2.54,1.6002,42.58,0.2032,1.6002,34.27,2,2,8.31,2.54,1.6002,0.762,2.032,0.0,2.3368,2.7178,3,10,0,1
B00550,B00550_R2,2265,5,5,2.54,1.6002,42.58,0.2032,1.6002,34.27,2,2,8.31,1.6764,2.54,0.2032,1.9812,1.8034,2.413,2.032,2,10,1,2
B00551,B00551_R1,2266,1,5,0.2032,1.9812,14.63,0.2032,1.9812,26.86,1,1,-12.23,1.9812,2.032,0.2032,1.6002,2.3368,2.3368,2.7178,2,20,0,3
B00551,B00551_R2,2267,2,5,0.2032,1.9812,14.63,0.2032,1.9812,26.86,1,1,-12.23,1.9812,0.2032,0.2032,1.6002,3.556,3.556,3.175,2,30,1,2
B00551,B00551_R1,2268,3,5,0.2032,1.9812,14.63,0.2032,1.9812,26.86,1,1,-12.23,0.2032,0.762,1.0668,0.2032,1.7272,1.7272,1.4224,1,10,0,1
B00551,B00551_R1,2269,4,5,0.2032,1.9812,14.63,0.2032,1.9812,26.86,1,1,-12.23,1.0668,0.7112,0.2032,1.6002,2.6416,2.6416,2.2606,2,20,0,2
B00551,B00551_R2,2270,5,5,0.2032,1.9812,14.63,0.2032,1.9812,26.86,1,1,-12.23,0.762,2.032,0.2032,1.6002,1.1176,1.1176,1.4986,2,20,1,1
B00552,B00552_R2,2271,1,7,0.2032,1.6002,44.39,0.2032,1.6002,39.99,2,2,4.4,1.9812,0.2032,0.762,0.2032,3.175,3.175,1.7272,3,30,1,3
B00552,B00552_R2,2272,2,7,0.2032,1.6002,44.39,0.2032,1.6002,39.99,2,2,4.4,2.286,0.2032,0.4572,2.54,3.4798,3.4798,4.1656,3,30,1,4
B00552,B00552_R1,2273,3,7,0.2032,1.6002,44.39,0.2032,1.6002,39.99,2,2,4.4,1.0668,2.032,0.2032,1.9812,1.8034,1.8034,1.4224,2,20,0,2
B00552,B00552_R2,2274,4,7,0.2032,1.6002,44.39,0.2032,1.6002,39.99,2,2,4.4,0.762,2.032,0.2032,1.9812,1.4986,1.4986,1.1176,2,30,1,2
B00552,B00552_R2,2275,5,7,0.2032,1.6002,44.39,0.2032,1.6002,39.99,2,2,4.4,0.2032,1.143,0.762,2.54,0.9652,0.9652,1.9558,1,30,1,1
B00552,B00552_R1,2276,6,7,0.2032,1.6002,44.39,0.2032,1.6002,39.99,2,2,4.4,0.2032,0.762,1.0668,2.54,1.3462,1.3462,2.6416,1,10,0,1
B00552,B00552_R1,2277,7,7,0.2032,1.6002,44.39,0.2032,1.6002,39.99,2,2,4.4,1.9812,2.032,0.2032,1.9812,2.7178,2.7178,2.3368,2,10,0,3
B00553,B00553_R2,2278,1,3,0.2032,1.9812,59.81,0.4572,2.54,80.46,3,4,-20.65,1.0668,0.2032,0.2032,1.9812,2.6416,2.9464,2.6416,2,10,1,1
B00553,B00553_R1,2279,2,3,0.2032,1.9812,59.81,0.4572,2.54,80.46,3,4,-20.65,1.0668,0.2032,0.2032,1.9812,2.6416,2.9464,2.6416,2,10,0,2
B00553,B00553_R1,2280,3,3,0.2032,1.9812,59.81,0.4572,2.54,80.46,3,4,-20.65,0.2032,0.762,0.762,2.032,1.7272,2.032,2.3368,1,10,0,1
B00554,B00554_R2,2281,1,2,0.2032,1.9812,84.36,0.2032,1.9812,85.38,4,3,-1.02,0.2032,1.143,1.6764,0.2032,1.3462,1.3462,2.413,1,20,1,1
B00554,B00554_R1,2282,2,2,0.2032,1.9812,84.36,0.2032,1.9812,85.38,4,3,-1.02,1.6764,2.54,0.2032,1.9812,2.032,2.032,2.032,2,20,0,1
B00555,B00555_R2,2283,1,4,0.2032,1.9812,66.52,1.6764,0.2032,52.9,3,3,13.62,1.0668,0.7112,1.0668,0.2032,2.6416,1.1176,0.508,3,20,1,1
B00555,B00555_R1,2284,2,4,0.2032,1.9812,66.52,1.6764,0.2032,52.9,3,3,13.62,2.54,0.762,0.2032,1.6002,3.556,1.4224,3.175,2,10,0,2
B00555,B00555_R1,2285,3,4,0.2032,1.9812,66.52,1.6764,0.2032,52.9,3,3,13.62,0.2032,1.143,2.54,1.9812,1.3462,2.413,3.175,1,10,0,1
B00555,B00555_R2,2286,4,4,0.2032,1.9812,66.52,1.6764,0.2032,52.9,3,3,13.62,1.9812,0.2032,1.9812,2.032,3.556,0.8128,2.9464,3,10,1,2
B00556,B00556_R2,2287,1,3,0.2032,1.6002,71.24,1.9812,2.032,48.2,3,3,23.04,1.9812,2.54,0.2032,1.9812,2.7178,0.508,2.3368,2,20,1,1
B00556,B00556_R2,2288,2,3,0.2032,1.6002,71.24,1.9812,2.032,48.2,3,3,23.04,1.6764,0.2032,0.2032,1.6002,2.8702,3.2512,2.8702,2,20,1,2
B00556,B00556_R1,2289,3,3,0.2032,1.6002,71.24,1.9812,2.032,48.2,3,3,23.04,0.2032,1.143,0.762,2.032,0.9652,3.175,1.9558,1,20,0,1
B00557,B00557_R1,2290,1,7,0.762,2.032,10.72,0.2032,1.6002,30.16,1,1,-19.44,2.286,2.54,1.6764,2.54,2.032,3.0226,1.1176,3,30,0,1
B00557,B00557_R1,2291,2,7,0.762,2.032,10.72,0.2032,1.6002,30.16,1,1,-19.44,1.6764,2.032,0.2032,1.9812,1.4224,2.413,2.032,2,30,0,2
B00557,B00557_R1,2292,3,7,0.762,2.032,10.72,0.2032,1.6002,30.16,1,1,-19.44,0.2032,1.143,2.54,1.143,1.9558,0.9652,2.3368,1,30,0,3
B00557,B00557_R2,2293,4,7,0.762,2.032,10.72,0.2032,1.6002,30.16,1,1,-19.44,0.2032,0.762,1.0668,0.2032,2.3368,1.3462,1.4224,1,10,1,2
B00557,B00557_R1,2294,5,7,0.762,2.032,10.72,0.2032,1.6002,30.16,1,1,-19.44,0.2032,1.143,1.6764,0.2032,1.9558,0.9652,2.413,1,10,0,4
B00557,B00557_R2,2295,6,7,0.762,2.032,10.72,0.2032,1.6002,30.16,1,1,-19.44,0.2032,0.762,0.762,0.2032,2.3368,1.3462,1.1176,1,20,1,1
B00557,B00557_R2,2296,7,7,0.762,2.032,10.72,0.2032,1.6002,30.16,1,1,-19.44,0.2032,1.143,1.9812,0.2032,1.9558,0.9652,2.7178,1,20,1,3
B00558,B00558_R1,2297,1,6,1.6764,0.2032,61.32,1.9812,0.2032,47.29,3,3,14.03,2.54,0.762,0.2032,1.9812,1.4224,1.1176,3.556,2,10,0,3
B00558,B00558_R2,2298,2,6,1.6764,0.2032,61.32,1.9812,0.2032,47.29,3,3,14.03,0.2032,0.762,2.54,1.9812,2.032,2.3368,3.556,1,30,1,3
B00558,B00558_R2,2299,3,6,1.6764,0.2032,61.32,1.9812,0.2032,47.29,3,3,14.03,1.0668,2.54,0.762,2.54,2.9464,3.2512,0.8128,3,30,1,2
B00558,B00558_R2,2300,4,6,1.6764,0.2032,61.32,1.9812,0.2032,47.29,3,3,14.03,1.0668,0.2032,1.9812,2.032,1.1176,1.4224,3.2512,3,10,1,1
B00558,B00558_R1,2301,5,6,1.6764,0.2032,61.32,1.9812,0.2032,47.29,3,3,14.03,0.2032,0.762,1.9812,0.2032,2.032,2.3368,2.3368,1,10,0,2
B00558,B00558_R1,2302,6,6,1.6764,0.2032,61.32,1.9812,0.2032,47.29,3,3,14.03,1.6764,0.2032,0.2032,1.6002,0.0,0.8128,2.8702,2,20,0,1
B00559,B00559_R1,2303,1,2,0.2032,1.9812,87.07,2.54,1.9812,82.26,4,4,4.81,2.54,1.6002,1.6764,2.54,2.7178,0.889,1.8034,3,20,0,1
B00559,B00559_R2,2304,2,2,0.2032,1.9812,87.07,2.54,1.9812,82.26,4,4,4.81,2.54,1.6002,0.762,2.032,2.7178,0.889,2.7178,3,30,1,1
B00560,B00560_R1,2305,1,6,1.6764,2.54,83.17,0.762,2.032,64.32,4,3,18.85,0.2032,1.143,2.286,0.2032,2.8702,1.9558,3.0226,1,30,0,2
B00560,B00560_R2,2306,2,6,1.6764,2.54,83.17,0.762,2.032,64.32,4,3,18.85,0.2032,0.762,0.762,0.2032,3.2512,2.3368,1.1176,1,10,1,1
B00560,B00560_R2,2307,3,6,1.6764,2.54,83.17,0.762,2.032,64.32,4,3,18.85,0.762,0.2032,2.54,1.143,3.2512,2.9464,2.7178,3,20,1,2
B00560,B00560_R2,2308,4,6,1.6764,2.54,83.17,0.762,2.032,64.32,4,3,18.85,0.2032,0.762,1.0668,0.2032,3.2512,2.3368,1.4224,1,30,1,4
B00560,B00560_R2,2309,5,6,1.6764,2.54,83.17,0.762,2.032,64.32,4,3,18.85,2.54,1.6002,0.2032,1.6002,1.8034,2.7178,2.3368,2,20,1,3
B00560,B00560_R1,2310,6,6,1.6764,2.54,83.17,0.762,2.032,64.32,4,3,18.85,1.9812,2.032,0.2032,1.9812,0.8128,1.7272,2.3368,2,10,0,1
B00561,B00561_R1,2311,1,3,2.286,0.2032,82.57,1.0668,0.2032,92.57,4,5,-10.0,2.286,0.2032,0.2032,1.9812,0.0,1.7272,3.8608,2,20,0,1
B00561,B00561_R2,2312,2,3,2.286,0.2032,82.57,1.0668,0.2032,92.57,4,5,-10.0,0.2032,0.762,0.762,0.7112,2.6416,1.4224,1.1176,1,20,1,1
B00561,B00561_R1,2313,3,3,2.286,0.2032,82.57,1.0668,0.2032,92.57,4,5,-10.0,1.0668,2.032,0.2032,1.6002,3.556,2.9464,1.8034,2,20,0,2
B00562,B00562_R2,2314,1,7,0.2032,1.6002,81.65,0.762,0.7112,76.13,4,5,5.52,0.2032,1.143,1.6764,0.7112,0.9652,1.4986,2.413,1,10,1,3
B00562,B00562_R1,2315,2,7,0.2032,1.6002,81.65,0.762,0.7112,76.13,4,5,5.52,0.2032,0.762,1.9812,2.032,1.3462,1.1176,3.556,1,20,0,3
B00562,B00562_R2,2316,3,7,0.2032,1.6002,81.65,0.762,0.7112,76.13,4,5,5.52,0.2032,0.762,2.286,2.54,1.3462,1.1176,3.8608,1,30,1,4
B00562,B00562_R1,2317,4,7,0.2032,1.6002,81.65,0.762,0.7112,76.13,4,5,5.52,0.2032,1.143,1.0668,2.032,0.9652,1.4986,2.2606,1,30,0,1
B00562,B00562_R2,2318,5,7,0.2032,1.6002,81.65,0.762,0.7112,76.13,4,5,5.52,0.762,0.2032,0.2032,1.6002,1.9558,0.508,1.9558,2,10,1,2
B00562,B00562_R1,2319,6,7,0.2032,1.6002,81.65,0.762,0.7112,76.13,4,5,5.52,0.2032,1.143,1.9812,2.032,0.9652,1.4986,3.175,1,10,0,2
B00562,B00562_R2,2320,7,7,0.2032,1.6002,81.65,0.762,0.7112,76.13,4,5,5.52,0.2032,0.762,0.762,0.7112,1.3462,1.1176,1.1176,1,20,1,1
B00563,B00563_R1,2321,1,7,1.9812,2.032,120.23,2.286,2.54,124.33,5,7,-4.1,0.2032,1.143,1.0668,2.54,3.175,3.4798,2.2606,1,10,0,3
B00563,B00563_R1,2322,2,7,1.9812,2.032,120.23,2.286,2.54,124.33,5,7,-4.1,0.2032,0.762,0.762,0.2032,3.556,3.8608,1.1176,1,20,0,1
B00563,B00563_R2,2323,3,7,1.9812,2.032,120.23,2.286,2.54,124.33,5,7,-4.1,0.2032,0.762,2.54,1.9812,3.556,3.8608,3.556,1,20,1,3
B00563,B00563_R2,2324,4,7,1.9812,2.032,120.23,2.286,2.54,124.33,5,7,-4.1,1.9812,0.7112,0.2032,1.6002,2.9464,2.6416,3.175,2,20,1,2
B00563,B00563_R1,2325,5,7,1.9812,2.032,120.23,2.286,2.54,124.33,5,7,-4.1,1.6764,0.7112,1.0668,2.54,3.2512,2.9464,2.9464,3,20,0,4
B00563,B00563_R1,2326,6,7,1.9812,2.032,120.23,2.286,2.54,124.33,5,7,-4.1,1.0668,0.2032,0.2032,1.6002,3.2512,3.556,2.2606,2,30,0,2
B00563,B00563_R2,2327,7,7,1.9812,2.032,120.23,2.286,2.54,124.33,5,7,-4.1,2.54,0.762,1.9812,2.032,2.3368,2.032,2.3368,3,20,1,1
B00564,B00564_R1,2328,1,7,1.0668,2.54,140.17,2.54,1.9812,143.09,6,6,-2.92,0.2032,0.762,1.6764,0.7112,2.6416,3.556,2.032,1,20,0,2
B00564,B00564_R2,2329,2,7,1.0668,2.54,140.17,2.54,1.9812,143.09,6,6,-2.92,0.762,0.2032,0.2032,1.9812,3.2512,3.556,2.3368,2,20,1,3
B00564,B00564_R1,2330,3,7,1.0668,2.54,140.17,2.54,1.9812,143.09,6,6,-2.92,1.6764,0.7112,0.2032,1.9812,2.9464,2.6416,3.2512,2,20,0,3
B00564,B00564_R2,2331,4,7,1.0668,2.54,140.17,2.54,1.9812,143.09,6,6,-2.92,0.2032,1.143,1.6764,0.2032,2.2606,3.175,2.413,1,20,1,2
B00564,B00564_R2,2332,5,7,1.0668,2.54,140.17,2.54,1.9812,143.09,6,6,-2.92,1.9812,0.7112,0.2032,1.9812,3.2512,2.3368,3.556,2,20,1,1
B00564,B00564_R1,2333,6,7,1.0668,2.54,140.17,2.54,1.9812,143.09,6,6,-2.92,0.2032,1.143,0.4572,0.2032,2.2606,3.175,1.1938,1,10,0,1
B00564,B00564_R1,2334,7,7,1.0668,2.54,140.17,2.54,1.9812,143.09,6,6,-2.92,0.2032,1.143,1.6764,0.7112,2.2606,3.175,2.413,1,20,0,4
B00565,B00565_R1,2335,1,3,1.6764,0.7112,167.11,0.2032,1.9812,191.49,8,8,-24.38,0.2032,1.143,1.9812,2.032,2.413,1.3462,3.175,1,20,0,2
B00565,B00565_R1,2336,2,3,1.6764,0.7112,167.11,0.2032,1.9812,191.49,8,8,-24.38,0.2032,0.762,0.762,0.2032,2.032,1.7272,1.1176,1,10,0,1
B00565,B00565_R2,2337,3,3,1.6764,0.7112,167.11,0.2032,1.9812,191.49,8,8,-24.38,2.54,1.6002,0.2032,1.6002,2.2606,2.7178,2.3368,2,20,1,1
B00566,B00566_R2,2338,1,4,1.9812,2.032,178.33,0.2032,1.6002,164.62,9,7,13.71,2.54,1.143,0.2032,1.6002,1.9558,2.794,2.794,2,20,1,2
B00566,B00566_R1,2339,2,4,1.9812,2.032,178.33,0.2032,1.6002,164.62,9,7,13.71,1.6764,2.032,0.2032,1.6002,0.8128,2.413,2.413,2,10,0,2
B00566,B00566_R1,2340,3,4,1.9812,2.032,178.33,0.2032,1.6002,164.62,9,7,13.71,1.9812,2.54,0.2032,1.6002,0.508,2.7178,2.7178,2,10,0,1
B00566,B00566_R2,2341,4,4,1.9812,2.032,178.33,0.2032,1.6002,164.62,9,7,13.71,0.2032,1.143,2.54,1.143,3.175,0.9652,2.3368,1,30,1,1
B00567,B00567_R2,2342,1,3,0.2032,1.6002,143.56,0.2032,1.6002,117.32,7,6,26.24,0.2032,0.762,1.0668,0.7112,1.3462,1.3462,1.4224,1,20,1,1
B00567,B00567_R2,2343,2,3,0.2032,1.6002,143.56,0.2032,1.6002,117.32,7,6,26.24,0.4572,0.2032,0.2032,1.6002,1.651,1.651,1.651,2,20,1,2
B00567,B00567_R1,2344,3,3,0.2032,1.6002,143.56,0.2032,1.6002,117.32,7,6,26.24,2.54,1.143,2.286,2.54,2.794,2.794,1.651,3,30,0,1
B00568,B00568_R1,2345,1,3,2.286,2.54,131.05,0.2032,1.6002,108.09,6,6,22.96,1.0668,2.54,0.2032,1.9812,1.7272,1.8034,1.4224,2,10,0,1
B00568,B00568_R2,2346,2,3,2.286,2.54,131.05,0.2032,1.6002,108.09,6,6,22.96,0.2032,1.143,1.0668,0.7112,3.4798,0.9652,1.8034,1,20,1,1
B00568,B00568_R2,2347,3,3,2.286,2.54,131.05,0.2032,1.6002,108.09,6,6,22.96,0.2032,1.143,2.286,0.2032,3.4798,0.9652,3.0226,1,10,1,2
B00569,B00569_R1,2348,1,3,0.2032,1.9812,80.76,2.286,0.2032,75.84,4,4,4.92,0.2032,1.143,1.0668,2.54,1.3462,3.0226,2.2606,1,10,0,1
B00569,B00569_R1,2349,2,3,0.2032,1.9812,80.76,2.286,0.2032,75.84,4,4,4.92,0.2032,1.143,1.9812,0.2032,1.3462,3.0226,2.7178,1,30,0,2
B00569,B00569_R2,2350,3,3,0.2032,1.9812,80.76,2.286,0.2032,75.84,4,4,4.92,0.2032,0.762,2.54,1.9812,1.7272,2.6416,3.556,1,10,1,1
B00570,B00570_R2,2351,1,1,1.9812,0.2032,87.87,2.54,1.9812,72.44,4,3,15.43,0.762,2.54,1.9812,2.032,3.556,2.3368,1.7272,3,30,1,1
B00571,B00571_R1,2352,1,3,1.9812,0.2032,45.89,1.9812,2.032,67.43,2,3,-21.54,0.2032,1.143,1.6764,2.032,2.7178,3.175,2.8702,1,10,0,2
B00571,B00571_R1,2353,2,3,1.9812,0.2032,45.89,1.9812,2.032,67.43,2,3,-21.54,2.54,1.6002,0.2032,1.9812,1.9558,1.4986,2.7178,2,10,0,1
B00571,B00571_R2,2354,3,3,1.9812,0.2032,45.89,1.9812,2.032,67.43,2,3,-21.54,0.4572,2.54,0.762,0.7112,3.8608,2.032,2.6416,3,20,1,1
B00572,B00572_R2,2355,1,1,1.6764,2.032,60.82,0.762,0.7112,46.49,3,2,14.33,0.762,0.7112,0.762,0.2032,3.2512,0.0,0.508,3,20,1,1
B00573,B00573_R2,2356,1,3,1.6764,2.032,0.0,0.762,0.2032,0.0,0,0,0.0,1.6764,2.54,0.2032,1.6002,0.508,3.2512,2.413,2,30,1,2
B00573,B00573_R2,2357,2,3,1.6764,2.032,0.0,0.762,0.2032,0.0,0,0,0.0,1.0668,0.2032,0.2032,1.6002,2.9464,0.8128,2.2606,2,20,1,1
B00573,B00573_R1,2358,3,3,1.6764,2.032,0.0,0.762,0.2032,0.0,0,0,0.0,1.9812,0.7112,0.2032,1.6002,3.2512,1.7272,3.175,2,20,0,1
B00574,B00574_R2,2359,1,3,0.2032,1.6002,0.0,0.2032,1.6002,12.53,0,1,-12.53,2.54,1.143,0.2032,1.6002,2.794,2.794,2.794,2,30,1,1
B00574,B00574_R1,2360,2,3,0.2032,1.6002,0.0,0.2032,1.6002,12.53,0,1,-12.53,2.54,1.9812,2.286,0.2032,2.7178,2.7178,2.032,3,10,0,2
B00574,B00574_R1,2361,3,3,0.2032,1.6002,0.0,0.2032,1.6002,12.53,0,1,-12.53,0.2032,0.762,2.54,1.9812,1.3462,1.3462,3.556,1,20,0,1
B00575,B00575_R1,2362,1,6,2.286,0.2032,11.02,0.2032,1.6002,0.0,1,0,11.02,2.54,1.143,0.4572,0.2032,1.1938,2.794,3.0226,3,30,0,1
B00575,B00575_R2,2363,2,6,2.286,0.2032,11.02,0.2032,1.6002,0.0,1,0,11.02,1.0668,2.54,0.2032,1.9812,3.556,1.8034,1.4224,2,20,1,2
B00575,B00575_R1,2364,3,6,2.286,0.2032,11.02,0.2032,1.6002,0.0,1,0,11.02,0.762,0.2032,1.9812,0.2032,2.032,1.9558,1.7272,3,10,0,2
B00575,B00575_R1,2365,4,6,2.286,0.2032,11.02,0.2032,1.6002,0.0,1,0,11.02,0.762,0.2032,0.2032,1.6002,2.032,1.9558,1.9558,2,30,0,3
B00575,B00575_R2,2366,5,6,2.286,0.2032,11.02,0.2032,1.6002,0.0,1,0,11.02,0.2032,0.762,2.54,1.9812,2.6416,1.3462,3.556,1,20,1,3
B00575,B00575_R2,2367,6,6,2.286,0.2032,11.02,0.2032,1.6002,0.0,1,0,11.02,0.2032,0.762,0.762,2.54,2.6416,1.3462,2.3368,1,10,1,1
B00576,B00576_R2,2368,1,3,0.2032,1.6002,30.36,2.54,1.9812,35.47,2,2,-5.11,1.0668,0.2032,0.2032,1.9812,2.2606,3.2512,2.6416,2,30,1,2
B00576,B00576_R2,2369,2,3,0.2032,1.6002,30.36,2.54,1.9812,35.47,2,2,-5.11,2.54,1.9812,0.2032,1.9812,2.7178,0.0,2.9464,2,10,1,1
B00576,B00576_R1,2370,3,3,0.2032,1.6002,30.36,2.54,1.9812,35.47,2,2,-5.11,1.0668,0.2032,0.2032,1.9812,2.2606,3.2512,2.6416,2,20,0,1
B00577,B00577_R2,2371,1,3,0.2032,1.9812,25.35,0.2032,1.9812,41.49,1,2,-16.14,0.2032,0.762,1.9812,2.54,1.7272,1.7272,3.556,1,10,1,1
B00577,B00577_R1,2372,2,3,0.2032,1.9812,25.35,0.2032,1.9812,41.49,1,2,-16.14,0.2032,1.143,1.9812,2.032,1.3462,1.3462,3.175,1,30,0,1
B00577,B00577_R1,2373,3,3,0.2032,1.9812,25.35,0.2032,1.9812,41.49,1,2,-16.14,2.286,0.2032,1.9812,0.7112,3.8608,3.8608,0.8128,3,10,0,2
B00578,B00578_R1,2374,1,6,1.9812,0.7112,0.0,1.9812,2.54,0.0,0,0,0.0,0.762,0.7112,0.2032,1.9812,1.7272,3.556,2.3368,2,20,0,1
B00578,B00578_R2,2375,2,6,1.9812,0.7112,0.0,1.9812,2.54,0.0,0,0,0.0,0.2032,1.143,2.54,1.9812,2.7178,3.175,3.175,1,10,1,2
B00578,B00578_R2,2376,3,6,1.9812,0.7112,0.0,1.9812,2.54,0.0,0,0,0.0,0.2032,1.143,2.286,2.54,2.7178,3.175,3.4798,1,20,1,3
B00578,B00578_R1,2377,4,6,1.9812,0.7112,0.0,1.9812,2.54,0.0,0,0,0.0,0.2032,0.762,2.286,0.2032,2.3368,3.556,2.6416,1,30,0,3
B00578,B00578_R2,2378,5,6,1.9812,0.7112,0.0,1.9812,2.54,0.0,0,0,0.0,0.762,2.032,0.2032,1.6002,3.556,1.7272,1.4986,2,20,1,1
B00578,B00578_R1,2379,6,6,1.9812,0.7112,0.0,1.9812,2.54,0.0,0,0,0.0,0.2032,1.143,0.4572,0.2032,2.7178,3.175,1.1938,1,20,0,2
B00579,B00579_R1,2380,1,5,2.286,0.2032,27.35,2.286,2.54,47.8,2,2,-20.45,1.6764,2.032,0.2032,1.6002,2.9464,1.1176,2.413,2,10,0,3
B00579,B00579_R2,2381,2,5,2.286,0.2032,27.35,2.286,2.54,47.8,2,2,-20.45,2.54,1.9812,0.2032,1.6002,2.032,0.8128,2.7178,2,30,1,1
B00579,B00579_R1,2382,3,5,2.286,0.2032,27.35,2.286,2.54,47.8,2,2,-20.45,1.9812,0.7112,0.2032,1.6002,0.8128,2.6416,3.175,2,20,0,1
B00579,B00579_R1,2383,4,5,2.286,0.2032,27.35,2.286,2.54,47.8,2,2,-20.45,0.2032,1.143,1.9812,2.54,3.0226,3.4798,3.175,1,20,0,2
B00579,B00579_R2,2384,5,5,2.286,0.2032,27.35,2.286,2.54,47.8,2,2,-20.45,0.762,0.2032,2.54,1.9812,2.032,3.8608,3.556,3,30,1,2
B00580,B00580_R1,2385,1,4,0.2032,1.6002,60.61,2.54,1.9812,45.49,3,2,15.12,1.0668,0.7112,0.2032,1.9812,2.2606,3.2512,2.6416,2,10,0,2
B00580,B00580_R1,2386,2,4,0.2032,1.6002,60.61,2.54,1.9812,45.49,3,2,15.12,2.54,1.6002,0.762,0.2032,2.3368,0.889,3.175,3,30,0,1
B00580,B00580_R2,2387,3,4,0.2032,1.6002,60.61,2.54,1.9812,45.49,3,2,15.12,1.6764,0.7112,0.2032,1.9812,2.8702,2.6416,3.2512,2,20,1,2
B00580,B00580_R2,2388,4,4,0.2032,1.6002,60.61,2.54,1.9812,45.49,3,2,15.12,2.54,1.9812,0.2032,1.6002,2.7178,0.0,2.7178,2,30,1,1
B00581,B00581_R2,2389,1,5,0.2032,1.9812,26.05,0.2032,1.9812,10.92,2,1,15.13,1.6764,0.7112,0.2032,1.9812,3.2512,3.2512,3.2512,2,20,1,3
B00581,B00581_R2,2390,2,5,0.2032,1.9812,26.05,0.2032,1.9812,10.92,2,1,15.13,0.2032,0.762,0.762,0.7112,1.7272,1.7272,1.1176,1,10,1,1
B00581,B00581_R1,2391,3,5,0.2032,1.9812,26.05,0.2032,1.9812,10.92,2,1,15.13,0.2032,0.762,0.4572,2.54,1.7272,1.7272,2.032,1,30,0,1
B00581,B00581_R2,2392,4,5,0.2032,1.9812,26.05,0.2032,1.9812,10.92,2,1,15.13,0.2032,0.762,1.6764,0.2032,1.7272,1.7272,2.032,1,30,1,2
B00581,B00581_R1,2393,5,5,0.2032,1.9812,26.05,0.2032,1.9812,10.92,2,1,15.13,1.6764,2.54,0.762,2.54,2.032,2.032,1.4224,3,10,0,2
B00582,B00582_R2,2394,1,6,0.762,2.54,29.45,0.2032,1.9812,31.86,2,2,-2.41,0.2032,1.143,1.9812,0.7112,1.9558,1.3462,2.7178,1,20,1,2
B00582,B00582_R2,2395,2,6,0.762,2.54,29.45,0.2032,1.9812,31.86,2,2,-2.41,0.2032,0.762,0.4572,2.54,2.3368,1.7272,2.032,1,30,1,1
B00582,B00582_R1,2396,3,6,0.762,2.54,29.45,0.2032,1.9812,31.86,2,2,-2.41,0.2032,0.762,2.286,2.54,2.3368,1.7272,3.8608,1,20,0,2
B00582,B00582_R1,2397,4,6,0.762,2.54,29.45,0.2032,1.9812,31.86,2,2,-2.41,1.9812,2.54,2.54,0.762,1.7272,2.3368,2.3368,3,10,0,3
B00582,B00582_R1,2398,5,6,0.762,2.54,29.45,0.2032,1.9812,31.86,2,2,-2.41,0.762,2.54,0.2032,1.9812,0.0,1.1176,1.1176,2,30,0,1
B00582,B00582_R2,2399,6,6,0.762,2.54,29.45,0.2032,1.9812,31.86,2,2,-2.41,0.2032,0.762,1.9812,0.7112,2.3368,1.7272,2.3368,1,30,1,3
B00583,B00583_R1,2400,1,1,2.54,0.762,56.9,1.9812,0.7112,67.54,3,3,-10.64,1.9812,2.54,0.2032,1.6002,2.3368,2.9464,2.7178,2,20,0,1
B00584,B00584_R1,2401,1,7,0.2032,1.6002,0.0,1.9812,0.7112,0.0,0,0,0.0,2.54,1.9812,0.2032,1.9812,2.7178,2.3368,2.9464,2,10,0,2
B00584,B00584_R2,2402,2,7,0.2032,1.6002,0.0,1.9812,0.7112,0.0,0,0,0.0,1.9812,0.2032,1.0668,2.032,3.175,0.508,3.2512,3,30,1,1
B00584,B00584_R1,2403,3,7,0.2032,1.6002,0.0,1.9812,0.7112,0.0,0,0,0.0,0.2032,1.143,1.6764,2.032,0.9652,2.7178,2.8702,1,10,0,1
B00584,B00584_R2,2404,4,7,0.2032,1.6002,0.0,1.9812,0.7112,0.0,0,0,0.0,2.54,1.6002,0.2032,1.9812,2.3368,1.9558,2.7178,2,30,1,4
B00584,B00584_R1,2405,5,7,0.2032,1.6002,0.0,1.9812,0.7112,0.0,0,0,0.0,0.2032,0.762,0.762,2.032,1.3462,2.3368,2.3368,1,10,0,3
B00584,B00584_R2,2406,6,7,0.2032,1.6002,0.0,1.9812,0.7112,0.0,0,0,0.0,0.2032,1.143,1.0668,2.032,0.9652,2.7178,2.2606,1,30,1,3
B00584,B00584_R2,2407,7,7,0.2032,1.6002,0.0,1.9812,0.7112,0.0,0,0,0.0,1.0668,2.54,0.2032,1.6002,1.8034,3.2512,1.8034,2,20,1,2
B00585,B00585_R2,2408,1,5,0.762,2.032,36.67,0.2032,1.9812,55.1,2,3,-18.43,0.2032,1.143,0.762,2.54,1.9558,1.3462,1.9558,1,10,1,1
B00585,B00585_R2,2409,2,5,0.762,2.032,36.67,0.2032,1.9812,55.1,2,3,-18.43,0.2032,1.143,2.54,1.143,1.9558,1.3462,2.3368,1,10,1,2
B00585,B00585_R1,2410,3,5,0.762,2.032,36.67,0.2032,1.9812,55.1,2,3,-18.43,0.2032,0.762,1.9812,0.2032,2.3368,1.7272,2.3368,1,30,0,2
B00585,B00585_R1,2411,4,5,0.762,2.032,36.67,0.2032,1.9812,55.1,2,3,-18.43,0.2032,0.762,1.6764,2.032,2.3368,1.7272,3.2512,1,20,0,3
B00585,B00585_R1,2412,5,5,0.762,2.032,36.67,0.2032,1.9812,55.1,2,3,-18.43,0.2032,0.762,1.0668,0.7112,2.3368,1.7272,1.4224,1,30,0,1
B00586,B00586_R2,2413,1,4,1.6764,2.032,69.74,2.54,1.143,55.7,3,3,14.04,1.6764,0.7112,0.762,0.2032,2.9464,1.8034,1.4224,3,10,1,1
B00586,B00586_R1,2414,2,4,1.6764,2.032,69.74,2.54,1.143,55.7,3,3,14.04,1.6764,2.54,2.286,2.54,0.508,2.2606,1.1176,3,20,0,2
B00586,B00586_R2,2415,3,4,1.6764,2.032,69.74,2.54,1.143,55.7,3,3,14.04,1.6764,0.7112,0.2032,1.6002,2.9464,1.8034,2.8702,2,10,1,2
B00586,B00586_R1,2416,4,4,1.6764,2.032,69.74,2.54,1.143,55.7,3,3,14.04,1.6764,2.032,1.0668,2.54,0.0,2.2606,1.1176,3,20,0,1
B00587,B00587_R1,2417,1,7,2.286,2.54,53.29,0.2032,1.6002,64.61,3,3,-11.32,1.9812,2.54,0.2032,1.6002,0.8128,2.7178,2.7178,2,30,0,1
B00587,B00587_R2,2418,2,7,2.286,2.54,53.29,0.2032,1.6002,64.61,3,3,-11.32,2.286,0.2032,0.2032,1.9812,2.3368,3.4798,3.8608,2,20,1,2
B00587,B00587_R2,2419,3,7,2.286,2.54,53.29,0.2032,1.6002,64.61,3,3,-11.32,0.2032,1.143,2.286,0.2032,3.4798,0.9652,3.0226,1,30,1,1
B00587,B00587_R2,2420,4,7,2.286,2.54,53.29,0.2032,1.6002,64.61,3,3,-11.32,0.2032,1.143,1.9812,2.54,3.4798,0.9652,3.175,1,20,1,3
B00587,B00587_R1,2421,5,7,2.286,2.54,53.29,0.2032,1.6002,64.61,3,3,-11.32,0.2032,0.762,1.0668,0.2032,3.8608,1.3462,1.4224,1,20,0,2
B00587,B00587_R1,2422,6,7,2.286,2.54,53.29,0.2032,1.6002,64.61,3,3,-11.32,0.2032,1.143,1.6764,0.2032,3.4798,0.9652,2.413,1,30,0,4
B00587,B00587_R1,2423,7,7,2.286,2.54,53.29,0.2032,1.6002,64.61,3,3,-11.32,1.0668,0.7112,1.0668,2.54,3.556,2.2606,2.9464,3,20,0,3
B00588,B00588_R2,2424,1,5,1.6764,0.2032,103.19,1.9812,2.54,92.77,6,5,10.42,0.2032,1.143,0.4572,0.2032,2.413,3.175,1.1938,1,30,1,2
B00588,B00588_R2,2425,2,5,1.6764,0.2032,103.19,1.9812,2.54,92.77,6,5,10.42,1.9812,0.2032,0.2032,1.9812,0.8128,2.9464,3.556,2,30,1,3
B00588,B00588_R1,2426,3,5,1.6764,0.2032,103.19,1.9812,2.54,92.77,6,5,10.42,0.2032,0.762,2.286,0.2032,2.032,3.556,2.6416,1,30,0,1
B00588,B00588_R2,2427,4,5,1.6764,0.2032,103.19,1.9812,2.54,92.77,6,5,10.42,2.286,2.54,0.2032,1.6002,2.9464,0.8128,3.0226,2,20,1,1
B00588,B00588_R1,2428,5,5,1.6764,0.2032,103.19,1.9812,2.54,92.77,6,5,10.42,2.54,0.762,0.2032,1.9812,1.4224,2.3368,3.556,2,20,0,2
B00589,B00589_R1,2429,1,1,0.2032,1.9812,122.45,0.2032,1.9812,123.74,6,6,-1.29,0.762,2.54,1.0668,2.032,1.1176,1.1176,0.8128,3,10,0,1
B00590,B00590_R2,2430,1,4,1.0668,2.032,105.41,0.2032,1.9812,79.25,5,4,26.16,0.2032,0.762,2.54,1.143,2.6416,1.7272,2.7178,1,10,1,2
B00590,B00590_R1,2431,2,4,1.0668,2.032,105.41,0.2032,1.9812,79.25,5,4,26.16,0.2032,1.143,1.6764,0.2032,2.2606,1.3462,2.413,1,30,0,1
B00590,B00590_R2,2432,3,4,1.0668,2.032,105.41,0.2032,1.9812,79.25,5,4,26.16,0.2032,1.143,1.0668,0.2032,2.2606,1.3462,1.8034,1,10,1,1
B00590,B00590_R2,2433,4,4,1.0668,2.032,105.41,0.2032,1.9812,79.25,5,4,26.16,0.2032,1.143,1.6764,0.7112,2.2606,1.3462,2.413,1,10,1,3
B00591,B00591_R1,2434,1,3,1.6764,0.2032,55.11,1.6764,0.7112,71.03,3,4,-15.92,0.2032,0.762,2.54,0.762,2.032,2.032,2.9464,1,20,0,1
B00591,B00591_R2,2435,2,3,1.6764,0.2032,55.11,1.6764,0.7112,71.03,3,4,-15.92,0.2032,1.143,2.54,1.9812,2.413,2.413,3.175,1,30,1,1
B00591,B00591_R1,2436,3,3,1.6764,0.2032,55.11,1.6764,0.7112,71.03,3,4,-15.92,0.2032,1.143,2.54,1.6002,2.413,2.413,2.794,1,20,0,2
B00592,B00592_R2,2437,1,4,2.54,1.6002,65.94,2.54,1.9812,66.54,3,3,-0.6,1.0668,0.7112,0.2032,1.9812,2.8702,3.2512,2.6416,2,30,1,2
B00592,B00592_R1,2438,2,4,2.54,1.6002,65.94,2.54,1.9812,66.54,3,3,-0.6,1.0668,0.2032,1.9812,0.2032,2.8702,3.2512,1.4224,3,30,0,2
B00592,B00592_R2,2439,3,4,2.54,1.6002,65.94,2.54,1.9812,66.54,3,3,-0.6,1.9812,2.032,1.6764,0.7112,1.4986,1.1176,3.2512,3,10,1,1
B00592,B00592_R1,2440,4,4,2.54,1.6002,65.94,2.54,1.9812,66.54,3,3,-0.6,0.2032,1.143,1.6764,0.7112,2.794,3.175,2.413,1,20,0,1
B00593,B00593_R1,2441,1,2,1.9812,0.2032,21.24,0.2032,1.9812,20.84,2,1,0.4,1.6764,0.2032,0.762,0.2032,0.8128,3.2512,1.4224,3,20,0,1
B00593,B00593_R2,2442,2,2,1.9812,0.2032,21.24,0.2032,1.9812,20.84,2,1,0.4,0.2032,0.762,1.9812,2.54,2.3368,1.7272,3.556,1,30,1,1
B00594,B00594_R2,2443,1,5,0.762,0.2032,8.61,1.9812,2.54,17.04,1,1,-8.43,0.2032,0.762,2.54,1.143,1.1176,3.556,2.7178,1,10,1,3
B00594,B00594_R1,2444,2,5,0.762,0.2032,8.61,1.9812,2.54,17.04,1,1,-8.43,0.2032,0.762,2.286,2.54,1.1176,3.556,3.8608,1,30,0,2
B00594,B00594_R1,2445,3,5,0.762,0.2032,8.61,1.9812,2.54,17.04,1,1,-8.43,0.2032,0.762,1.6764,0.7112,1.1176,3.556,2.032,1,20,0,1
B00594,B00594_R2,2446,4,5,0.762,0.2032,8.61,1.9812,2.54,17.04,1,1,-8.43,0.2032,1.143,1.0668,0.7112,1.4986,3.175,1.8034,1,10,1,2
B00594,B00594_R2,2447,5,5,0.762,0.2032,8.61,1.9812,2.54,17.04,1,1,-8.43,1.9812,2.54,0.2032,1.9812,3.556,0.0,2.3368,2,30,1,1
B00595,B00595_R1,2448,1,7,2.286,2.54,24.65,2.54,1.143,32.46,1,2,-7.81,2.286,2.54,0.2032,1.6002,0.0,1.651,3.0226,2,10,0,1
B00595,B00595_R2,2449,2,7,2.286,2.54,24.65,2.54,1.143,32.46,1,2,-7.81,2.286,0.2032,1.9812,0.2032,2.3368,1.1938,0.8128,3,30,1,1
B00595,B00595_R2,2450,3,7,2.286,2.54,24.65,2.54,1.143,32.46,1,2,-7.81,1.0668,0.7112,0.2032,1.6002,3.556,2.413,2.2606,2,30,1,2
B00595,B00595_R1,2451,4,7,2.286,2.54,24.65,2.54,1.143,32.46,1,2,-7.81,0.2032,1.143,1.9812,0.2032,3.4798,2.3368,2.7178,1,30,0,3
B00595,B00595_R1,2452,5,7,2.286,2.54,24.65,2.54,1.143,32.46,1,2,-7.81,2.286,0.2032,0.2032,1.6002,2.3368,1.1938,3.4798,2,10,0,4
B00595,B00595_R1,2453,6,7,2.286,2.54,24.65,2.54,1.143,32.46,1,2,-7.81,1.0668,2.032,0.2032,1.9812,1.7272,2.8702,1.4224,2,10,0,2
B00595,B00595_R2,2454,7,7,2.286,2.54,24.65,2.54,1.143,32.46,1,2,-7.81,0.2032,1.143,2.54,1.9812,3.4798,2.3368,3.175,1,20,1,3
B00596,B00596_R1,2455,1,6,0.2032,1.6002,63.71,2.54,1.9812,56.8,3,3,6.91,1.9812,0.7112,0.2032,1.9812,3.175,2.3368,3.556,2,10,0,3
B00596,B00596_R2,2456,2,6,0.2032,1.6002,63.71,2.54,1.9812,56.8,3,3,6.91,2.54,1.9812,0.762,2.032,2.7178,0.0,2.3368,3,10,1,1
B00596,B00596_R2,2457,3,6,0.2032,1.6002,63.71,2.54,1.9812,56.8,3,3,6.91,2.286,2.54,1.9812,2.032,3.0226,0.8128,0.8128,3,20,1,3
B00596,B00596_R1,2458,4,6,0.2032,1.6002,63.71,2.54,1.9812,56.8,3,3,6.91,0.4572,2.54,0.2032,1.6002,1.1938,2.6416,1.1938,2,30,0,1
B00596,B00596_R2,2459,5,6,0.2032,1.6002,63.71,2.54,1.9812,56.8,3,3,6.91,1.0668,2.032,1.6764,2.54,1.8034,2.032,1.1176,3,20,1,2
B00596,B00596_R1,2460,6,6,0.2032,1.6002,63.71,2.54,1.9812,56.8,3,3,6.91,0.2032,1.143,2.54,0.762,0.9652,3.175,2.7178,1,10,0,2
B00597,B00597_R2,2461,1,7,0.2032,1.9812,92.47,1.9812,2.032,64.8,5,4,27.67,0.762,2.032,0.2032,1.9812,1.1176,1.7272,1.1176,2,10,1,3
B00597,B00597_R2,2462,2,7,0.2032,1.9812,92.47,1.9812,2.032,64.8,5,4,27.67,0.2032,1.143,2.286,2.54,1.3462,3.175,3.4798,1,30,1,4
B00597,B00597_R2,2463,3,7,0.2032,1.9812,92.47,1.9812,2.032,64.8,5,4,27.67,2.286,0.2032,0.762,2.032,3.8608,2.6416,3.8608,3,10,1,2
B00597,B00597_R2,2464,4,7,0.2032,1.9812,92.47,1.9812,2.032,64.8,5,4,27.67,2.54,1.143,1.9812,0.2032,3.175,1.9558,1.4986,3,30,1,1
B00597,B00597_R1,2465,5,7,0.2032,1.9812,92.47,1.9812,2.032,64.8,5,4,27.67,0.762,0.7112,0.2032,1.9812,2.3368,3.556,2.3368,2,10,0,2
B00597,B00597_R1,2466,6,7,0.2032,1.9812,92.47,1.9812,2.032,64.8,5,4,27.67,0.2032,1.143,0.762,0.7112,1.3462,3.175,1.4986,1,20,0,1
B00597,B00597_R1,2467,7,7,0.2032,1.9812,92.47,1.9812,2.032,64.8,5,4,27.67,0.2032,0.762,0.762,2.032,1.7272,3.556,2.3368,1,10,0,3
B00598,B00598_R2,2468,1,7,0.762,2.032,0.0,2.286,2.54,0.0,0,0,0.0,2.54,1.143,0.2032,1.9812,3.175,1.651,3.175,2,20,1,1
B00598,B00598_R1,2469,2,7,0.762,2.032,0.0,2.286,2.54,0.0,0,0,0.0,0.2032,1.143,1.0668,2.032,1.9558,3.4798,2.2606,1,10,0,4
B00598,B00598_R1,2470,3,7,0.762,2.032,0.0,2.286,2.54,0.0,0,0,0.0,1.0668,2.032,0.2032,1.6002,0.8128,1.7272,1.8034,2,20,0,2
B00598,B00598_R2,2471,4,7,0.762,2.032,0.0,2.286,2.54,0.0,0,0,0.0,1.0668,2.54,2.54,1.9812,0.8128,1.7272,2.032,3,10,1,2
B00598,B00598_R1,2472,5,7,0.762,2.032,0.0,2.286,2.54,0.0,0,0,0.0,0.762,2.54,1.6764,2.032,0.508,2.032,1.4224,3,10,0,1
B00598,B00598_R1,2473,6,7,0.762,2.032,0.0,2.286,2.54,0.0,0,0,0.0,0.4572,0.2032,0.2032,1.9812,2.6416,4.1656,2.032,2,30,0,3
B00598,B00598_R2,2474,7,7,0.762,2.032,0.0,2.286,2.54,0.0,0,0,0.0,2.54,0.762,0.2032,1.9812,3.556,2.032,3.556,2,20,1,3
B00599,B00599_R2,2475,1,1,1.0668,2.032,11.92,0.2032,1.9812,0.0,1,0,11.92,2.54,1.6002,0.2032,1.6002,2.413,2.7178,2.3368,2,30,1,1
B00600,B00600_R1,2476,1,3,1.0668,2.032,0.0,0.2032,1.6002,0.0,0,0,0.0,0.2032,1.143,1.9812,0.2032,2.2606,0.9652,2.7178,1,30,0,2
B00600,B00600_R1,2477,2,3,1.0668,2.032,0.0,0.2032,1.6002,0.0,0,0,0.0,1.6764,2.54,0.2032,1.6002,1.1176,2.413,2.413,2,10,0,1
B00600,B00600_R2,2478,3,3,1.0668,2.032,0.0,0.2032,1.6002,0.0,0,0,0.0,0.2032,0.762,1.9812,2.54,2.6416,1.3462,3.556,1,30,1,1
B00601,B00601_R2,2479,1,2,1.9812,0.2032,13.73,1.9812,2.54,0.0,1,0,13.73,1.6764,2.032,0.2032,1.6002,3.2512,0.8128,2.413,2,20,1,1
B00601,B00601_R2,2480,2,2,1.9812,0.2032,13.73,1.9812,2.54,0.0,1,0,13.73,0.2032,1.143,1.9812,2.032,2.7178,3.175,3.175,1,30,1,2
B00602,B00602_R2,2481,1,6,1.9812,0.2032,0.0,1.9812,2.032,0.0,0,0,0.0,0.2032,1.143,0.762,2.54,2.7178,3.175,1.9558,1,30,1,2
B00602,B00602_R2,2482,2,6,1.9812,0.2032,0.0,1.9812,2.032,0.0,0,0,0.0,0.2032,1.143,2.54,1.6002,2.7178,3.175,2.794,1,20,1,3
B00602,B00602_R1,2483,3,6,1.9812,0.2032,0.0,1.9812,2.032,0.0,0,0,0.0,1.9812,0.2032,0.2032,1.6002,0.0,2.9464,3.175,2,20,0,2
B00602,B00602_R1,2484,4,6,1.9812,0.2032,0.0,1.9812,2.032,0.0,0,0,0.0,0.2032,0.762,1.0668,2.54,2.3368,3.556,2.6416,1,30,0,3
B00602,B00602_R2,2485,5,6,1.9812,0.2032,0.0,1.9812,2.032,0.0,0,0,0.0,1.0668,2.032,0.2032,1.6002,3.2512,1.4224,1.8034,2,20,1,1
B00602,B00602_R1,2486,6,6,1.9812,0.2032,0.0,1.9812,2.032,0.0,0,0,0.0,1.6764,0.2032,1.9812,0.7112,0.8128,3.2512,0.8128,3,30,0,1
B00603,B00603_R2,2487,1,3,1.0668,2.54,37.27,2.54,1.6002,35.47,2,2,1.8,0.2032,0.762,2.54,1.9812,2.6416,3.175,3.556,1,10,1,1
B00603,B00603_R1,2488,2,3,1.0668,2.54,37.27,2.54,1.6002,35.47,2,2,1.8,0.4572,0.2032,1.9812,0.7112,2.9464,3.4798,2.032,3,10,0,1
B00603,B00603_R1,2489,3,3,1.0668,2.54,37.27,2.54,1.6002,35.47,2,2,1.8,1.6764,0.2032,1.6764,2.032,2.9464,2.2606,2.9464,3,20,0,2
B00604,B00604_R2,2490,1,6,1.6764,2.032,35.86,2.54,1.9812,22.54,2,1,13.32,0.762,0.2032,0.2032,1.9812,3.2512,3.556,2.3368,2,10,1,3
B00604,B00604_R1,2491,2,6,1.6764,2.032,35.86,2.54,1.9812,22.54,2,1,13.32,0.2032,0.762,1.6764,0.2032,3.2512,3.556,2.032,1,30,0,2
B00604,B00604_R2,2492,3,6,1.6764,2.032,35.86,2.54,1.9812,22.54,2,1,13.32,2.54,1.143,0.2032,1.6002,2.2606,1.3462,2.794,2,10,1,1
B00604,B00604_R2,2493,4,6,1.6764,2.032,35.86,2.54,1.9812,22.54,2,1,13.32,0.762,0.2032,0.2032,1.6002,3.2512,3.556,1.9558,2,20,1,2
B00604,B00604_R1,2494,5,6,1.6764,2.032,35.86,2.54,1.9812,22.54,2,1,13.32,1.6764,0.2032,0.2032,1.6002,2.9464,2.6416,2.8702,2,20,0,3
B00604,B00604_R1,2495,6,6,1.6764,2.032,35.86,2.54,1.9812,22.54,2,1,13.32,0.4572,2.54,0.2032,1.9812,1.7272,2.6416,0.8128,2,10,0,1
B00605,B00605_R1,2496,1,7,0.2032,1.6002,54.2,0.2032,1.9812,44.38,3,2,9.82,1.6764,2.54,0.2032,1.9812,2.413,2.032,2.032,2,30,0,3
B00605,B00605_R2,2497,2,7,0.2032,1.6002,54.2,0.2032,1.9812,44.38,3,2,9.82,0.2032,0.762,2.54,1.143,1.3462,1.7272,2.7178,1,20,1,3
B00605,B00605_R2,2498,3,7,0.2032,1.6002,54.2,0.2032,1.9812,44.38,3,2,9.82,1.0668,0.7112,0.2032,1.9812,2.2606,2.6416,2.6416,2,10,1,2
B00605,B00605_R1,2499,4,7,0.2032,1.6002,54.2,0.2032,1.9812,44.38,3,2,9.82,0.2032,0.762,2.54,1.9812,1.3462,1.7272,3.556,1,30,0,1
B00605,B00605_R2,2500,5,7,0.2032,1.6002,54.2,0.2032,1.9812,44.38,3,2,9.82,2.286,2.54,0.2032,1.6002,3.0226,2.6416,3.0226,2,20,1,4
B00605,B00605_R1,2501,6,7,0.2032,1.6002,54.2,0.2032,1.9812,44.38,3,2,9.82,2.54,1.9812,0.4572,2.54,2.7178,2.9464,2.6416,3,30,0,2
B00605,B00605_R2,2502,7,7,0.2032,1.6002,54.2,0.2032,1.9812,44.38,3,2,9.82,0.2032,1.143,0.762,0.7112,0.9652,1.3462,1.4986,1,20,1,1
B00606,B00606_R1,2503,1,4,0.2032,1.9812,88.77,0.2032,1.6002,97.09,5,5,-8.32,0.4572,2.54,0.2032,1.9812,0.8128,1.1938,0.8128,2,20,0,1
B00606,B00606_R2,2504,2,4,0.2032,1.9812,88.77,0.2032,1.6002,97.09,5,5,-8.32,2.286,2.54,0.2032,1.6002,2.6416,3.0226,3.0226,2,20,1,2
B00606,B00606_R1,2505,3,4,0.2032,1.9812,88.77,0.2032,1.6002,97.09,5,5,-8.32,0.762,0.2032,0.2032,1.6002,2.3368,1.9558,1.9558,2,20,0,2
B00606,B00606_R2,2506,4,4,0.2032,1.9812,88.77,0.2032,1.6002,97.09,5,5,-8.32,0.2032,1.143,0.762,2.032,1.3462,0.9652,1.9558,1,10,1,1
B00607,B00607_R2,2507,1,2,0.2032,1.6002,89.67,0.2032,1.6002,104.91,5,5,-15.24,0.4572,2.54,0.2032,1.6002,1.1938,1.1938,1.1938,2,10,1,1
B00607,B00607_R1,2508,2,2,0.2032,1.6002,89.67,0.2032,1.6002,104.91,5,5,-15.24,1.9812,2.54,0.4572,2.54,2.7178,2.7178,2.032,3,10,0,1
B00608,B00608_R1,2509,1,4,0.4572,2.54,77.54,0.2032,1.6002,83.35,4,4,-5.81,0.2032,0.762,2.54,1.6002,2.032,1.3462,3.175,1,30,0,1
B00608,B00608_R2,2510,2,4,0.4572,2.54,77.54,0.2032,1.6002,83.35,4,4,-5.81,1.0668,2.032,2.286,0.2032,1.1176,1.8034,3.556,3,10,1,2
B00608,B00608_R1,2511,3,4,0.4572,2.54,77.54,0.2032,1.6002,83.35,4,4,-5.81,2.54,0.762,0.2032,1.9812,3.8608,3.175,3.556,2,30,0,2
B00608,B00608_R2,2512,4,4,0.4572,2.54,77.54,0.2032,1.6002,83.35,4,4,-5.81,0.2032,1.143,1.6764,2.032,1.651,0.9652,2.8702,1,10,1,1
B00609,B00609_R1,2513,1,3,0.2032,1.9812,99.59,2.286,0.2032,86.96,4,4,12.63,0.2032,0.762,1.6764,2.032,1.7272,2.6416,3.2512,1,10,0,1
B00609,B00609_R2,2514,2,3,0.2032,1.9812,99.59,2.286,0.2032,86.96,4,4,12.63,1.6764,0.2032,2.54,1.143,3.2512,1.1176,1.8034,3,20,1,1
B00609,B00609_R2,2515,3,3,0.2032,1.9812,99.59,2.286,0.2032,86.96,4,4,12.63,2.54,1.9812,0.2032,1.6002,2.9464,2.032,2.7178,2,20,1,2
B00610,B00610_R2,2516,1,7,1.6764,2.032,42.69,0.2032,1.6002,56.61,2,3,-13.92,1.6764,0.2032,0.2032,1.6002,2.9464,2.8702,2.8702,2,10,1,3
B00610,B00610_R2,2517,2,7,1.6764,2.032,42.69,0.2032,1.6002,56.61,2,3,-13.92,1.0668,0.7112,0.2032,1.9812,2.9464,2.2606,2.6416,2,10,1,2
B00610,B00610_R1,2518,3,7,1.6764,2.032,42.69,0.2032,1.6002,56.61,2,3,-13.92,0.2032,0.762,1.6764,2.032,3.2512,1.3462,3.2512,1,10,0,3
B00610,B00610_R1,2519,4,7,1.6764,2.032,42.69,0.2032,1.6002,56.61,2,3,-13.92,0.762,2.032,0.2032,1.9812,1.4224,1.4986,1.1176,2,30,0,2
B00610,B00610_R1,2520,5,7,1.6764,2.032,42.69,0.2032,1.6002,56.61,2,3,-13.92,2.54,1.6002,0.2032,1.6002,1.8034,2.3368,2.3368,2,30,0,4
B00610,B00610_R2,2521,6,7,1.6764,2.032,42.69,0.2032,1.6002,56.61,2,3,-13.92,0.2032,0.762,1.0668,0.2032,3.2512,1.3462,1.4224,1,10,1,1
B00610,B00610_R1,2522,7,7,1.6764,2.032,42.69,0.2032,1.6002,56.61,2,3,-13.92,1.9812,2.54,0.2032,1.6002,0.8128,2.7178,2.7178,2,20,0,1
B00611,B00611_R1,2523,1,3,0.2032,1.6002,47.99,0.2032,1.6002,48.59,2,2,-0.6,0.2032,1.143,0.762,0.2032,0.9652,0.9652,1.4986,1,10,0,1
B00611,B00611_R2,2524,2,3,0.2032,1.6002,47.99,0.2032,1.6002,48.59,2,2,-0.6,0.4572,0.2032,0.2032,1.6002,1.651,1.651,1.651,2,20,1,1
B00611,B00611_R1,2525,3,3,0.2032,1.6002,47.99,0.2032,1.6002,48.59,2,2,-0.6,2.286,0.2032,0.2032,1.6002,3.4798,3.4798,3.4798,2,20,0,2
B00612,B00612_R2,2526,1,4,0.2032,1.6002,55.71,0.2032,1.6002,33.36,3,2,22.35,1.6764,0.2032,1.6764,2.54,2.8702,2.8702,2.9464,3,20,1,2
B00612,B00612_R1,2527,2,4,0.2032,1.6002,55.71,0.2032,1.6002,33.36,3,2,22.35,1.6764,2.032,0.2032,1.6002,2.413,2.413,2.413,2,20,0,1
B00612,B00612_R2,2528,3,4,0.2032,1.6002,55.71,0.2032,1.6002,33.36,3,2,22.35,0.2032,0.762,1.9812,0.7112,1.3462,1.3462,2.3368,1,20,1,1
B00612,B00612_R2,2529,4,4,0.2032,1.6002,55.71,0.2032,1.6002,33.36,3,2,22.35,1.9812,2.54,2.54,1.9812,2.7178,2.7178,1.1176,3,20,1,3
B00613,B00613_R1,2530,1,4,0.2032,1.6002,41.79,2.54,1.9812,46.68,2,3,-4.89,2.54,1.6002,0.4572,2.54,2.3368,0.889,3.0226,3,30,0,2
B00613,B00613_R1,2531,2,4,0.2032,1.6002,41.79,2.54,1.9812,46.68,2,3,-4.89,0.2032,0.762,1.9812,2.032,1.3462,3.556,3.556,1,20,0,1
B00613,B00613_R2,2532,3,4,0.2032,1.6002,41.79,2.54,1.9812,46.68,2,3,-4.89,1.6764,2.54,1.0668,0.7112,2.413,1.4224,2.9464,3,30,1,1
B00613,B00613_R2,2533,4,4,0.2032,1.6002,41.79,2.54,1.9812,46.68,2,3,-4.89,0.762,0.7112,0.2032,1.9812,1.9558,3.556,2.3368,2,20,1,2
B00614,B00614_R2,2534,1,3,0.4572,2.54,49.2,0.2032,1.9812,55.3,2,3,-6.1,0.2032,0.762,2.286,0.2032,2.032,1.7272,2.6416,1,10,1,1
B00614,B00614_R1,2535,2,3,0.4572,2.54,49.2,0.2032,1.9812,55.3,2,3,-6.1,1.0668,2.032,0.2032,1.6002,1.1176,1.4224,1.8034,2,20,0,1
B00614,B00614_R1,2536,3,3,0.4572,2.54,49.2,0.2032,1.9812,55.3,2,3,-6.1,0.2032,1.143,0.4572,0.2032,1.651,1.3462,1.1938,1,20,0,2
B00615,B00615_R2,2537,1,3,0.4572,0.2032,35.05,2.286,0.2032,41.68,3,2,-6.63,0.2032,0.762,1.9812,0.2032,0.8128,2.6416,2.3368,1,10,1,1
B00615,B00615_R1,2538,2,3,0.4572,0.2032,35.05,2.286,0.2032,41.68,3,2,-6.63,0.762,0.2032,0.2032,1.9812,0.8128,2.032,2.3368,2,30,0,1
B00615,B00615_R1,2539,3,3,0.4572,0.2032,35.05,2.286,0.2032,41.68,3,2,-6.63,1.0668,2.54,0.2032,1.9812,2.9464,3.556,1.4224,2,30,0,2
B00616,B00616_R1,2540,1,5,0.2032,1.9812,43.37,1.9812,0.2032,39.08,3,2,4.29,1.0668,2.032,0.2032,1.9812,1.4224,3.2512,1.4224,2,10,0,2
B00616,B00616_R1,2541,2,5,0.2032,1.9812,43.37,1.9812,0.2032,39.08,3,2,4.29,0.762,2.54,0.2032,1.9812,1.1176,3.556,1.1176,2,30,0,1
B00616,B00616_R2,2542,3,5,0.2032,1.9812,43.37,1.9812,0.2032,39.08,3,2,4.29,0.2032,1.143,1.6764,2.54,1.3462,2.7178,2.8702,1,20,1,2
B00616,B00616_R2,2543,4,5,0.2032,1.9812,43.37,1.9812,0.2032,39.08,3,2,4.29,2.54,1.6002,0.2032,1.9812,2.7178,1.9558,2.7178,2,20,1,1
B00616,B00616_R1,2544,5,5,0.2032,1.9812,43.37,1.9812,0.2032,39.08,3,2,4.29,0.2032,0.762,1.0668,0.7112,1.7272,2.3368,1.4224,1,20,0,3
B00617,B00617_R1,2545,1,2,1.0668,0.7112,59.09,1.6764,2.54,47.09,4,2,12.0,0.2032,0.762,2.286,0.2032,1.4224,3.2512,2.6416,1,10,0,1
B00617,B00617_R2,2546,2,2,1.0668,0.7112,59.09,1.6764,2.54,47.09,4,2,12.0,0.2032,0.762,2.54,0.762,1.4224,3.2512,2.9464,1,20,1,1
B00618,B00618_R1,2547,1,6,2.286,0.2032,57.7,2.54,0.762,30.46,3,1,27.24,2.286,0.2032,0.762,2.032,0.0,0.8128,3.8608,3,20,0,1
B00618,B00618_R1,2548,2,6,2.286,0.2032,57.7,2.54,0.762,30.46,3,1,27.24,1.0668,2.032,2.54,1.9812,3.556,3.2512,2.032,3,20,0,2
B00618,B00618_R2,2549,3,6,2.286,0.2032,57.7,2.54,0.762,30.46,3,1,27.24,0.2032,0.762,2.54,0.762,2.6416,2.9464,2.9464,1,20,1,4
B00618,B00618_R2,2550,4,6,2.286,0.2032,57.7,2.54,0.762,30.46,3,1,27.24,0.2032,0.762,1.9812,0.7112,2.6416,2.9464,2.3368,1,20,1,3
B00618,B00618_R2,2551,5,6,2.286,0.2032,57.7,2.54,0.762,30.46,3,1,27.24,0.2032,0.762,0.4572,2.54,2.6416,2.9464,2.032,1,10,1,2
B00618,B00618_R2,2552,6,6,2.286,0.2032,57.7,2.54,0.762,30.46,3,1,27.24,2.54,1.6002,0.2032,1.6002,1.651,1.3462,2.3368,2,30,1,1
B00619,B00619_R1,2553,1,3,2.54,1.9812,60.51,2.54,0.762,81.67,3,4,-21.16,0.2032,0.762,0.762,2.032,3.556,2.9464,2.3368,1,30,0,2
B00619,B00619_R2,2554,2,3,2.54,1.9812,60.51,2.54,0.762,81.67,3,4,-21.16,0.2032,0.762,0.4572,0.2032,3.556,2.9464,0.8128,1,20,1,1
B00619,B00619_R1,2555,3,3,2.54,1.9812,60.51,2.54,0.762,81.67,3,4,-21.16,1.9812,2.54,0.2032,1.9812,1.1176,2.3368,2.3368,2,20,0,1
B00620,B00620_R2,2556,1,3,0.762,2.032,77.15,0.4572,0.2032,59.92,4,3,17.23,1.6764,0.2032,0.2032,1.9812,3.2512,1.7272,3.2512,2,30,1,1
B00620,B00620_R2,2557,2,3,0.762,2.032,77.15,0.4572,0.2032,59.92,4,3,17.23,1.9812,0.7112,0.2032,1.9812,3.556,2.032,3.556,2,10,1,2
B00620,B00620_R1,2558,3,3,0.762,2.032,77.15,0.4572,0.2032,59.92,4,3,17.23,1.9812,2.54,0.2032,1.6002,1.7272,3.8608,2.7178,2,10,0,1
B00621,B00621_R2,2559,1,5,0.2032,1.6002,60.81,0.2032,1.9812,80.56,3,3,-19.75,0.762,2.032,0.2032,1.6002,1.4986,1.1176,1.4986,2,20,1,1
B00621,B00621_R1,2560,2,5,0.2032,1.6002,60.81,0.2032,1.9812,80.56,3,3,-19.75,0.2032,1.143,0.762,0.2032,0.9652,1.3462,1.4986,1,10,0,1
B00621,B00621_R2,2561,3,5,0.2032,1.6002,60.81,0.2032,1.9812,80.56,3,3,-19.75,0.2032,0.762,2.286,2.54,1.3462,1.7272,3.8608,1,10,1,2
B00621,B00621_R1,2562,4,5,0.2032,1.6002,60.81,0.2032,1.9812,80.56,3,3,-19.75,0.2032,0.762,1.0668,2.032,1.3462,1.7272,2.6416,1,10,0,2
B00621,B00621_R1,2563,5,5,0.2032,1.6002,60.81,0.2032,1.9812,80.56,3,3,-19.75,1.9812,2.54,0.2032,1.6002,2.7178,2.3368,2.7178,2,30,0,3
B00622,B00622_R1,2564,1,5,0.2032,1.6002,82.46,2.286,2.54,92.78,4,4,-10.32,2.54,1.9812,0.2032,1.9812,2.7178,0.8128,2.9464,2,20,0,2
B00622,B00622_R2,2565,2,5,0.2032,1.6002,82.46,2.286,2.54,92.78,4,4,-10.32,2.54,0.762,0.2032,1.6002,3.175,2.032,3.175,2,30,1,2
B00622,B00622_R1,2566,3,5,0.2032,1.6002,82.46,2.286,2.54,92.78,4,4,-10.32,0.2032,1.143,1.0668,2.032,0.9652,3.4798,2.2606,1,20,0,1
B00622,B00622_R1,2567,4,5,0.2032,1.6002,82.46,2.286,2.54,92.78,4,4,-10.32,0.2032,0.762,1.6764,0.7112,1.3462,3.8608,2.032,1,20,0,3
B00622,B00622_R2,2568,5,5,0.2032,1.6002,82.46,2.286,2.54,92.78,4,4,-10.32,2.286,2.54,1.9812,0.7112,3.0226,0.0,2.6416,3,30,1,1
B00623,B00623_R1,2569,1,3,1.6764,0.7112,78.95,0.2032,1.6002,39.37,4,2,39.58,1.9812,0.7112,0.2032,1.6002,0.8128,3.175,3.175,2,20,0,1
B00623,B00623_R2,2570,2,3,1.6764,0.7112,78.95,0.2032,1.6002,39.37,4,2,39.58,2.286,2.54,0.2032,1.6002,2.9464,3.0226,3.0226,2,10,1,2
B00623,B00623_R2,2571,3,3,1.6764,0.7112,78.95,0.2032,1.6002,39.37,4,2,39.58,2.286,2.54,0.2032,1.6002,2.9464,3.0226,3.0226,2,30,1,1
B00624,B00624_R1,2572,1,3,0.2032,1.6002,68.23,0.2032,1.6002,59.72,3,2,8.51,0.762,2.032,0.2032,1.9812,1.4986,1.4986,1.1176,2,10,0,1
B00624,B00624_R2,2573,2,3,0.2032,1.6002,68.23,0.2032,1.6002,59.72,3,2,8.51,0.2032,0.762,1.6764,0.7112,1.3462,1.3462,2.032,1,20,1,1
B00624,B00624_R2,2574,3,3,0.2032,1.6002,68.23,0.2032,1.6002,59.72,3,2,8.51,1.0668,0.2032,0.2032,1.6002,2.2606,2.2606,2.2606,2,30,1,2
B00625,B00625_R2,2575,1,5,0.2032,1.9812,38.07,0.2032,1.6002,53.61,2,3,-15.54,0.2032,0.762,1.6764,2.032,1.7272,1.3462,3.2512,1,20,1,2
B00625,B00625_R1,2576,2,5,0.2032,1.9812,38.07,0.2032,1.6002,53.61,2,3,-15.54,0.2032,1.143,0.762,0.7112,1.3462,0.9652,1.4986,1,30,0,1
B00625,B00625_R1,2577,3,5,0.2032,1.9812,38.07,0.2032,1.6002,53.61,2,3,-15.54,0.2032,0.762,1.9812,2.54,1.7272,1.3462,3.556,1,20,0,3
B00625,B00625_R2,2578,4,5,0.2032,1.9812,38.07,0.2032,1.6002,53.61,2,3,-15.54,0.2032,0.762,1.0668,2.032,1.7272,1.3462,2.6416,1,20,1,1
B00625,B00625_R1,2579,5,5,0.2032,1.9812,38.07,0.2032,1.6002,53.61,2,3,-15.54,0.4572,0.2032,0.762,2.54,2.032,1.651,2.6416,3,20,0,2
B00626,B00626_R1,2580,1,5,1.9812,2.54,73.54,1.6764,2.032,70.34,4,3,3.2,1.9812,0.7112,2.286,0.2032,2.9464,3.2512,0.8128,3,30,0,1
B00626,B00626_R2,2581,2,5,1.9812,2.54,73.54,1.6764,2.032,70.34,4,3,3.2,1.0668,0.7112,0.2032,1.6002,3.2512,2.9464,2.2606,2,20,1,2
B00626,B00626_R2,2582,3,5,1.9812,2.54,73.54,1.6764,2.032,70.34,4,3,3.2,0.2032,1.143,0.762,0.2032,3.175,2.8702,1.4986,1,10,1,1
B00626,B00626_R1,2583,4,5,1.9812,2.54,73.54,1.6764,2.032,70.34,4,3,3.2,1.9812,0.2032,0.2032,1.6002,2.9464,3.2512,3.175,2,30,0,2
B00626,B00626_R2,2584,5,5,1.9812,2.54,73.54,1.6764,2.032,70.34,4,3,3.2,0.4572,0.2032,0.2032,1.9812,3.8608,3.556,2.032,2,30,1,3
B00627,B00627_R2,2585,1,3,0.2032,1.6002,85.27,0.2032,1.9812,91.18,4,4,-5.91,2.286,0.2032,0.2032,1.6002,3.4798,3.8608,3.4798,2,20,1,1
B00627,B00627_R1,2586,2,3,0.2032,1.6002,85.27,0.2032,1.9812,91.18,4,4,-5.91,1.6764,0.7112,0.2032,1.9812,2.8702,3.2512,3.2512,2,20,0,2
B00627,B00627_R1,2587,3,3,0.2032,1.6002,85.27,0.2032,1.9812,91.18,4,4,-5.91,1.6764,2.032,0.2032,1.9812,2.413,2.032,2.032,2,20,0,1
B00628,B00628_R2,2588,1,1,0.2032,1.9812,97.8,0.2032,1.6002,82.57,4,4,15.23,1.0668,0.7112,1.9812,0.7112,2.6416,2.2606,1.4224,3,30,1,1
B00629,B00629_R2,2589,1,4,0.2032,1.9812,69.75,1.9812,0.7112,66.54,3,3,3.21,2.54,1.6002,0.2032,1.6002,2.7178,1.9558,2.3368,2,10,1,1
B00629,B00629_R1,2590,2,4,0.2032,1.9812,69.75,1.9812,0.7112,66.54,3,3,3.21,0.2032,0.762,0.762,2.54,1.7272,2.3368,2.3368,1,10,0,1
B00629,B00629_R2,2591,3,4,0.2032,1.9812,69.75,1.9812,0.7112,66.54,3,3,3.21,0.2032,0.762,1.6764,0.2032,1.7272,2.3368,2.032,1,20,1,2
B00629,B00629_R1,2592,4,4,0.2032,1.9812,69.75,1.9812,0.7112,66.54,3,3,3.21,1.9812,2.032,1.6764,0.2032,2.3368,2.9464,3.2512,3,30,0,2
B00630,B00630_R2,2593,1,3,1.6764,0.2032,63.52,1.6764,0.2032,62.82,3,3,0.7,0.2032,0.762,1.6764,2.54,2.032,2.032,3.2512,1,10,1,2
B00630,B00630_R1,2594,2,3,1.6764,0.2032,63.52,1.6764,0.2032,62.82,3,3,0.7,0.2032,0.762,1.9812,2.54,2.032,2.032,3.556,1,10,0,1
B00630,B00630_R2,2595,3,3,1.6764,0.2032,63.52,1.6764,0.2032,62.82,3,3,0.7,0.2032,0.762,2.286,0.2032,2.032,2.032,2.6416,1,10,1,1
B00631,B00631_R1,2596,1,5,1.9812,2.54,53.71,1.6764,2.54,84.27,2,4,-30.56,1.0668,2.032,0.2032,1.6002,1.4224,1.1176,1.8034,2,30,0,1
B00631,B00631_R1,2597,2,5,1.9812,2.54,53.71,1.6764,2.54,84.27,2,4,-30.56,0.2032,0.762,2.54,0.762,3.556,3.2512,2.9464,1,10,0,2
B00631,B00631_R2,2598,3,5,1.9812,2.54,53.71,1.6764,2.54,84.27,2,4,-30.56,0.2032,1.143,2.54,0.762,3.175,2.8702,2.7178,1,20,1,1
B00631,B00631_R1,2599,4,5,1.9812,2.54,53.71,1.6764,2.54,84.27,2,4,-30.56,1.6764,0.7112,1.0668,2.032,3.2512,2.9464,2.9464,3,20,0,3
B00631,B00631_R2,2600,5,5,1.9812,2.54,53.71,1.6764,2.54,84.27,2,4,-30.56,1.9812,0.2032,0.2032,1.6002,2.9464,3.2512,3.175,2,30,1,2
B00632,B00632_R1,2601,1,4,1.0668,2.032,71.33,0.2032,1.6002,93.69,4,4,-22.36,1.9812,0.2032,0.762,2.54,3.2512,3.175,3.556,3,30,0,3
B00632,B00632_R1,2602,2,4,1.0668,2.032,71.33,0.2032,1.6002,93.69,4,4,-22.36,0.2032,0.762,1.6764,0.2032,2.6416,1.3462,2.032,1,10,0,2
B00632,B00632_R2,2603,3,4,1.0668,2.032,71.33,0.2032,1.6002,93.69,4,4,-22.36,0.2032,1.143,2.286,0.2032,2.2606,0.9652,3.0226,1,10,1,1
B00632,B00632_R1,2604,4,4,1.0668,2.032,71.33,0.2032,1.6002,93.69,4,4,-22.36,1.6764,2.032,0.2032,1.9812,1.1176,2.413,2.032,2,30,0,1
B00633,B00633_R2,2605,1,6,0.762,2.54,62.52,2.286,0.2032,21.74,3,1,40.78,0.2032,0.762,1.9812,2.54,2.3368,2.6416,3.556,1,10,1,4
B00633,B00633_R1,2606,2,6,0.762,2.54,62.52,2.286,0.2032,21.74,3,1,40.78,1.0668,0.2032,2.54,1.6002,3.2512,1.7272,2.8702,3,30,0,2
B00633,B00633_R2,2607,3,6,0.762,2.54,62.52,2.286,0.2032,21.74,3,1,40.78,0.762,0.7112,0.2032,1.9812,2.9464,2.032,2.3368,2,30,1,3
B00633,B00633_R1,2608,4,6,0.762,2.54,62.52,2.286,0.2032,21.74,3,1,40.78,0.2032,1.143,1.9812,2.54,1.9558,3.0226,3.175,1,10,0,1
B00633,B00633_R2,2609,5,6,0.762,2.54,62.52,2.286,0.2032,21.74,3,1,40.78,0.4572,2.54,0.762,0.7112,0.8128,4.1656,2.6416,3,10,1,2
B00633,B00633_R2,2610,6,6,0.762,2.54,62.52,2.286,0.2032,21.74,3,1,40.78,1.6764,0.2032,0.2032,1.6002,3.2512,1.1176,2.8702,2,10,1,1
B00634,B00634_R1,2611,1,3,2.54,1.6002,79.66,1.9812,2.54,77.55,3,4,2.11,2.54,1.143,2.54,1.6002,0.9652,1.9558,0.9652,3,10,0,1
B00634,B00634_R1,2612,2,3,2.54,1.6002,79.66,1.9812,2.54,77.55,3,4,2.11,1.0668,0.2032,0.2032,1.6002,2.8702,3.2512,2.2606,2,30,0,2
B00634,B00634_R2,2613,3,3,2.54,1.6002,79.66,1.9812,2.54,77.55,3,4,2.11,0.762,0.2032,0.2032,1.6002,3.175,3.556,1.9558,2,30,1,1
B00635,B00635_R2,2614,1,2,0.2032,1.6002,85.56,0.2032,1.6002,66.84,4,3,18.72,1.9812,2.54,2.54,1.143,2.7178,2.7178,1.9558,3,30,1,1
B00635,B00635_R1,2615,2,2,0.2032,1.6002,85.56,0.2032,1.6002,66.84,4,3,18.72,0.2032,0.762,2.286,0.2032,1.3462,1.3462,2.6416,1,20,0,1
B00636,B00636_R2,2616,1,6,2.286,0.2032,21.74,2.54,1.143,10.72,1,1,11.02,0.2032,0.762,1.6764,2.032,2.6416,2.7178,3.2512,1,10,1,3
B00636,B00636_R1,2617,2,6,2.286,0.2032,21.74,2.54,1.143,10.72,1,1,11.02,1.6764,2.032,0.762,0.2032,2.9464,2.2606,3.2512,3,30,0,3
B00636,B00636_R2,2618,3,6,2.286,0.2032,21.74,2.54,1.143,10.72,1,1,11.02,0.2032,1.143,1.6764,0.2032,3.0226,2.3368,2.413,1,20,1,2
B00636,B00636_R2,2619,4,6,2.286,0.2032,21.74,2.54,1.143,10.72,1,1,11.02,0.2032,1.143,0.762,0.7112,3.0226,2.3368,1.4986,1,20,1,1
B00636,B00636_R1,2620,5,6,2.286,0.2032,21.74,2.54,1.143,10.72,1,1,11.02,1.9812,0.7112,1.6764,2.54,0.8128,1.4986,3.2512,3,30,0,1
B00636,B00636_R1,2621,6,6,2.286,0.2032,21.74,2.54,1.143,10.72,1,1,11.02,1.9812,2.54,1.9812,2.032,2.6416,1.9558,0.508,3,30,0,2
B00637,B00637_R1,2622,1,4,0.762,0.2032,48.08,1.6764,2.032,39.39,3,2,8.69,0.2032,0.762,2.286,0.2032,1.1176,3.2512,2.6416,1,30,0,1
B00637,B00637_R2,2623,2,4,0.762,0.2032,48.08,1.6764,2.032,39.39,3,2,8.69,0.2032,0.762,1.9812,2.54,1.1176,3.2512,3.556,1,30,1,2
B00637,B00637_R2,2624,3,4,0.762,0.2032,48.08,1.6764,2.032,39.39,3,2,8.69,1.9812,2.54,1.0668,2.54,3.556,0.8128,1.4224,3,20,1,1
B00637,B00637_R1,2625,4,4,0.762,0.2032,48.08,1.6764,2.032,39.39,3,2,8.69,2.54,1.6002,1.6764,0.7112,3.175,1.8034,2.2606,3,10,0,2
B00638,B00638_R2,2626,1,4,1.6764,0.7112,58.11,1.9812,2.54,45.28,3,2,12.83,1.6764,2.032,0.2032,1.6002,2.9464,0.8128,2.413,2,20,1,1
B00638,B00638_R2,2627,2,4,1.6764,0.7112,58.11,1.9812,2.54,45.28,3,2,12.83,0.2032,0.762,0.4572,0.2032,2.032,3.556,0.8128,1,20,1,2
B00638,B00638_R1,2628,3,4,1.6764,0.7112,58.11,1.9812,2.54,45.28,3,2,12.83,2.54,0.762,0.2032,1.9812,1.4224,2.3368,3.556,2,10,0,1
B00638,B00638_R2,2629,4,4,1.6764,0.7112,58.11,1.9812,2.54,45.28,3,2,12.83,2.54,0.762,0.2032,1.6002,1.4224,2.3368,3.175,2,20,1,3
B00639,B00639_R2,2630,1,7,0.2032,1.9812,47.09,0.2032,1.6002,62.21,2,3,-15.12,0.4572,0.2032,2.54,1.6002,2.032,1.651,3.4798,3,10,1,1
B00639,B00639_R1,2631,2,7,0.2032,1.9812,47.09,0.2032,1.6002,62.21,2,3,-15.12,0.4572,0.2032,2.286,2.54,2.032,1.651,4.1656,3,20,0,4
B00639,B00639_R1,2632,3,7,0.2032,1.9812,47.09,0.2032,1.6002,62.21,2,3,-15.12,0.2032,1.143,1.6764,0.2032,1.3462,0.9652,2.413,1,30,0,2
B00639,B00639_R2,2633,4,7,0.2032,1.9812,47.09,0.2032,1.6002,62.21,2,3,-15.12,2.286,0.2032,0.2032,1.9812,3.8608,3.4798,3.8608,2,10,1,2
B00639,B00639_R2,2634,5,7,0.2032,1.9812,47.09,0.2032,1.6002,62.21,2,3,-15.12,0.2032,0.762,2.286,2.54,1.7272,1.3462,3.8608,1,30,1,3
B00639,B00639_R1,2635,6,7,0.2032,1.9812,47.09,0.2032,1.6002,62.21,2,3,-15.12,0.2032,1.143,0.762,2.54,1.3462,0.9652,1.9558,1,30,0,1
B00639,B00639_R1,2636,7,7,0.2032,1.9812,47.09,0.2032,1.6002,62.21,2,3,-15.12,2.286,0.2032,0.2032,1.9812,3.8608,3.4798,3.8608,2,10,0,3
B00640,B00640_R1,2637,1,5,2.286,2.54,98.39,2.286,2.54,117.24,4,5,-18.85,0.2032,0.762,0.4572,2.54,3.8608,3.8608,2.032,1,10,0,3
B00640,B00640_R1,2638,2,5,2.286,2.54,98.39,2.286,2.54,117.24,4,5,-18.85,0.762,0.2032,0.2032,1.6002,3.8608,3.8608,1.9558,2,10,0,2
B00640,B00640_R2,2639,3,5,2.286,2.54,98.39,2.286,2.54,117.24,4,5,-18.85,0.4572,2.54,0.2032,1.6002,2.3368,2.3368,1.1938,2,20,1,1
B00640,B00640_R1,2640,4,5,2.286,2.54,98.39,2.286,2.54,117.24,4,5,-18.85,0.762,2.032,0.2032,1.6002,2.032,2.032,1.4986,2,30,0,1
B00640,B00640_R2,2641,5,5,2.286,2.54,98.39,2.286,2.54,117.24,4,5,-18.85,1.6764,0.7112,0.2032,1.9812,2.9464,2.9464,3.2512,2,30,1,2
B00641,B00641_R2,2642,1,1,0.4572,2.54,80.16,0.2032,1.9812,78.16,4,3,2.0,0.762,2.54,0.2032,1.6002,0.8128,1.1176,1.4986,2,30,1,1
B00642,B00642_R1,2643,1,4,0.4572,2.54,40.78,0.2032,1.6002,54.2,2,3,-13.42,0.762,2.032,1.6764,0.7112,0.8128,1.4986,3.2512,3,20,0,1
B00642,B00642_R2,2644,2,4,0.4572,2.54,40.78,0.2032,1.6002,54.2,2,3,-13.42,0.2032,1.143,0.4572,2.54,1.651,0.9652,1.651,1,10,1,1
B00642,B00642_R2,2645,3,4,0.4572,2.54,40.78,0.2032,1.6002,54.2,2,3,-13.42,0.2032,0.762,0.4572,2.54,2.032,1.3462,2.032,1,20,1,2
B00642,B00642_R1,2646,4,4,0.4572,2.54,40.78,0.2032,1.6002,54.2,2,3,-13.42,1.6764,0.7112,0.2032,1.9812,3.556,2.8702,3.2512,2,30,0,2
B00643,B00643_R2,2647,1,4,0.2032,1.9812,49.38,0.4572,2.54,47.29,3,3,2.09,2.286,0.2032,0.2032,1.6002,3.8608,4.1656,3.4798,2,30,1,2
B00643,B00643_R2,2648,2,4,0.2032,1.9812,49.38,0.4572,2.54,47.29,3,3,2.09,1.6764,0.7112,1.0668,2.032,3.2512,3.556,2.9464,3,30,1,1
B00643,B00643_R1,2649,3,4,0.2032,1.9812,49.38,0.4572,2.54,47.29,3,3,2.09,1.0668,0.2032,2.54,1.9812,2.6416,2.9464,3.2512,3,30,0,1
B00643,B00643_R1,2650,4,4,0.2032,1.9812,49.38,0.4572,2.54,47.29,3,3,2.09,2.286,0.2032,0.2032,1.9812,3.8608,4.1656,3.8608,2,30,0,2
B00644,B00644_R2,2651,1,2,0.2032,1.9812,29.26,0.2032,1.6002,33.77,1,1,-4.51,0.2032,0.762,1.6764,0.2032,1.7272,1.3462,2.032,1,10,1,1
B00644,B00644_R1,2652,2,2,0.2032,1.9812,29.26,0.2032,1.6002,33.77,1,1,-4.51,0.2032,0.762,0.762,2.54,1.7272,1.3462,2.3368,1,10,0,1
B00645,B00645_R2,2653,1,5,0.762,2.54,0.0,1.6764,0.2032,11.02,0,1,-11.02,2.54,1.9812,0.2032,1.6002,2.3368,2.6416,2.7178,2,10,1,2
B00645,B00645_R2,2654,2,5,0.762,2.54,0.0,1.6764,0.2032,11.02,0,1,-11.02,0.762,0.2032,0.2032,1.9812,2.9464,1.4224,2.3368,2,30,1,1
B00645,B00645_R1,2655,3,5,0.762,2.54,0.0,1.6764,0.2032,11.02,0,1,-11.02,0.762,0.7112,0.2032,1.9812,2.9464,1.4224,2.3368,2,30,0,2
B00645,B00645_R1,2656,4,5,0.762,2.54,0.0,1.6764,0.2032,11.02,0,1,-11.02,0.2032,1.143,0.762,0.7112,1.9558,2.413,1.4986,1,10,0,1
B00645,B00645_R1,2657,5,5,0.762,2.54,0.0,1.6764,0.2032,11.02,0,1,-11.02,0.2032,0.762,0.762,2.54,2.3368,2.032,2.3368,1,30,0,3
B00646,B00646_R2,2658,1,3,0.762,2.54,0.0,0.2032,1.6002,0.0,0,0,0.0,1.0668,0.2032,0.2032,1.9812,3.2512,2.2606,2.6416,2,20,1,2
B00646,B00646_R1,2659,2,3,0.762,2.54,0.0,0.2032,1.6002,0.0,0,0,0.0,0.2032,1.143,2.54,1.6002,1.9558,0.9652,2.794,1,10,0,1
B00646,B00646_R2,2660,3,3,0.762,2.54,0.0,0.2032,1.6002,0.0,0,0,0.0,0.2032,0.762,0.762,0.7112,2.3368,1.3462,1.1176,1,10,1,1
B00647,B00647_R1,2661,1,7,2.54,1.6002,0.0,0.2032,1.9812,13.43,0,1,-13.43,2.286,0.2032,0.2032,1.9812,1.651,3.8608,3.8608,2,20,0,4
B00647,B00647_R1,2662,2,7,2.54,1.6002,0.0,0.2032,1.9812,13.43,0,1,-13.43,0.2032,1.143,0.762,0.2032,2.794,1.3462,1.4986,1,10,0,2
B00647,B00647_R2,2663,3,7,2.54,1.6002,0.0,0.2032,1.9812,13.43,0,1,-13.43,0.2032,1.143,1.9812,2.54,2.794,1.3462,3.175,1,30,1,3
B00647,B00647_R2,2664,4,7,2.54,1.6002,0.0,0.2032,1.9812,13.43,0,1,-13.43,1.9812,0.7112,0.2032,1.9812,1.9558,3.556,3.556,2,20,1,2
B00647,B00647_R2,2665,5,7,2.54,1.6002,0.0,0.2032,1.9812,13.43,0,1,-13.43,0.2032,1.143,1.6764,0.7112,2.794,1.3462,2.413,1,30,1,1
B00647,B00647_R1,2666,6,7,2.54,1.6002,0.0,0.2032,1.9812,13.43,0,1,-13.43,0.2032,1.143,2.54,1.143,2.794,1.3462,2.3368,1,20,0,3
B00647,B00647_R1,2667,7,7,2.54,1.6002,0.0,0.2032,1.9812,13.43,0,1,-13.43,2.54,1.9812,0.2032,1.9812,0.889,2.9464,2.9464,2,20,0,1
B00648,B00648_R2,2668,1,3,0.2032,1.9812,21.24,1.9812,2.54,0.0,1,0,21.24,2.54,0.762,0.2032,1.9812,3.556,2.3368,3.556,2,10,1,2
B00648,B00648_R1,2669,2,3,0.2032,1.9812,21.24,1.9812,2.54,0.0,1,0,21.24,1.6764,0.2032,0.2032,1.6002,3.2512,3.2512,2.8702,2,10,0,1
B00648,B00648_R2,2670,3,3,0.2032,1.9812,21.24,1.9812,2.54,0.0,1,0,21.24,1.0668,2.54,0.2032,1.9812,1.4224,1.4224,1.4224,2,10,1,1
B00649,B00649_R1,2671,1,4,0.2032,1.6002,0.0,0.2032,1.9812,17.04,0,1,-17.04,0.2032,0.762,1.9812,0.2032,1.3462,1.7272,2.3368,1,10,0,2
B00649,B00649_R2,2672,2,4,0.2032,1.6002,0.0,0.2032,1.9812,17.04,0,1,-17.04,0.2032,0.762,1.0668,0.2032,1.3462,1.7272,1.4224,1,30,1,1
B00649,B00649_R1,2673,3,4,0.2032,1.6002,0.0,0.2032,1.9812,17.04,0,1,-17.04,0.2032,1.143,2.54,1.143,0.9652,1.3462,2.3368,1,20,0,1
B00649,B00649_R2,2674,4,4,0.2032,1.6002,0.0,0.2032,1.9812,17.04,0,1,-17.04,0.762,0.2032,0.2032,1.9812,1.9558,2.3368,2.3368,2,20,1,2
B00650,B00650_R2,2675,1,3,1.9812,0.2032,0.0,0.2032,1.9812,0.0,0,0,0.0,0.2032,1.143,1.0668,2.54,2.7178,1.3462,2.2606,1,30,1,2
B00650,B00650_R2,2676,2,3,1.9812,0.2032,0.0,0.2032,1.9812,0.0,0,0,0.0,0.2032,0.762,1.0668,0.7112,2.3368,1.7272,1.4224,1,20,1,1
B00650,B00650_R1,2677,3,3,1.9812,0.2032,0.0,0.2032,1.9812,0.0,0,0,0.0,0.2032,0.762,2.286,0.2032,2.3368,1.7272,2.6416,1,20,0,1
B00651,B00651_R2,2678,1,3,2.286,0.2032,0.0,1.0668,2.54,11.92,0,1,-11.92,1.9812,2.032,0.2032,1.9812,2.6416,1.4224,2.3368,2,20,1,1
B00651,B00651_R1,2679,2,3,2.286,0.2032,0.0,1.0668,2.54,11.92,0,1,-11.92,0.2032,0.762,1.0668,2.032,2.6416,2.6416,2.6416,1,20,0,2
B00651,B00651_R1,2680,3,3,2.286,0.2032,0.0,1.0668,2.54,11.92,0,1,-11.92,1.0668,0.7112,0.2032,1.9812,1.7272,2.9464,2.6416,2,10,0,1
B00652,B00652_R1,2681,1,4,1.0668,2.032,13.43,0.2032,1.9812,0.0,1,0,13.43,0.2032,1.143,1.6764,2.54,2.2606,1.3462,2.8702,1,20,0,2
B00652,B00652_R2,2682,2,4,1.0668,2.032,13.43,0.2032,1.9812,0.0,1,0,13.43,0.762,0.2032,0.2032,1.6002,3.2512,2.3368,1.9558,2,30,1,2
B00652,B00652_R1,2683,3,4,1.0668,2.032,13.43,0.2032,1.9812,0.0,1,0,13.43,1.9812,2.032,0.2032,1.9812,1.4224,2.3368,2.3368,2,20,0,1
B00652,B00652_R2,2684,4,4,1.0668,2.032,13.43,0.2032,1.9812,0.0,1,0,13.43,0.2032,0.762,2.286,0.2032,2.6416,1.7272,2.6416,1,20,1,1
B00653,B00653_R1,2685,1,4,1.6764,2.54,22.64,0.2032,1.6002,10.72,1,1,11.92,0.2032,1.143,1.6764,0.2032,2.8702,0.9652,2.413,1,10,0,2
B00653,B00653_R2,2686,2,4,1.6764,2.54,22.64,0.2032,1.6002,10.72,1,1,11.92,0.2032,0.762,0.762,0.2032,3.2512,1.3462,1.1176,1,20,1,1
B00653,B00653_R1,2687,3,4,1.6764,2.54,22.64,0.2032,1.6002,10.72,1,1,11.92,1.9812,2.54,0.2032,1.9812,0.8128,2.7178,2.3368,2,30,0,1
B00653,B00653_R2,2688,4,4,1.6764,2.54,22.64,0.2032,1.6002,10.72,1,1,11.92,0.2032,1.143,1.6764,2.54,2.8702,0.9652,2.8702,1,10,1,2
B00654,B00654_R1,2689,1,4,1.6764,0.2032,20.84,1.6764,2.54,23.25,1,1,-2.41,1.9812,0.2032,0.2032,1.9812,0.8128,3.2512,3.556,2,10,0,1
B00654,B00654_R2,2690,2,4,1.6764,0.2032,20.84,1.6764,2.54,23.25,1,1,-2.41,1.9812,2.032,1.0668,2.54,3.2512,0.8128,1.4224,3,10,1,1
B00654,B00654_R1,2691,3,4,1.6764,0.2032,20.84,1.6764,2.54,23.25,1,1,-2.41,1.0668,0.7112,1.9812,2.54,1.1176,2.9464,3.2512,3,10,0,2
B00654,B00654_R2,2692,4,4,1.6764,0.2032,20.84,1.6764,2.54,23.25,1,1,-2.41,1.0668,2.54,2.286,2.54,2.9464,1.1176,1.7272,3,30,1,2
B00655,B00655_R2,2693,1,4,1.9812,2.54,46.3,2.286,2.54,12.82,2,1,33.48,0.2032,0.762,2.286,0.2032,3.556,3.8608,2.6416,1,20,1,2
B00655,B00655_R2,2694,2,4,1.9812,2.54,46.3,2.286,2.54,12.82,2,1,33.48,1.0668,2.54,0.2032,1.6002,1.4224,1.7272,1.8034,2,20,1,1
B00655,B00655_R1,2695,3,4,1.9812,2.54,46.3,2.286,2.54,12.82,2,1,33.48,0.2032,1.143,1.9812,2.54,3.175,3.4798,3.175,1,10,0,1
B00655,B00655_R2,2696,4,4,1.9812,2.54,46.3,2.286,2.54,12.82,2,1,33.48,1.0668,0.7112,1.9812,2.54,3.2512,3.556,3.2512,3,30,1,3
B00656,B00656_R1,2697,1,5,1.9812,2.54,15.53,1.9812,2.54,54.1,1,3,-38.57,0.762,0.7112,0.2032,1.6002,3.556,3.556,1.9558,2,20,0,3
B00656,B00656_R2,2698,2,5,1.9812,2.54,15.53,1.9812,2.54,54.1,1,3,-38.57,1.0668,0.2032,0.2032,1.9812,3.2512,3.2512,2.6416,2,30,1,1
B00656,B00656_R1,2699,3,5,1.9812,2.54,15.53,1.9812,2.54,54.1,1,3,-38.57,0.2032,0.762,1.6764,0.7112,3.556,3.556,2.032,1,10,0,2
B00656,B00656_R1,2700,4,5,1.9812,2.54,15.53,1.9812,2.54,54.1,1,3,-38.57,0.762,2.032,0.2032,1.9812,1.7272,1.7272,1.1176,2,20,0,1
B00656,B00656_R1,2701,5,5,1.9812,2.54,15.53,1.9812,2.54,54.1,1,3,-38.57,0.2032,0.762,0.762,2.032,3.556,3.556,2.3368,1,20,0,4
B00657,B00657_R2,2702,1,3,0.762,2.032,60.72,0.2032,1.9812,45.09,3,2,15.63,2.54,1.6002,2.54,1.143,2.7178,2.7178,0.9652,3,30,1,1
B00657,B00657_R1,2703,2,3,0.762,2.032,60.72,0.2032,1.9812,45.09,3,2,15.63,0.762,2.032,0.2032,1.6002,0.0,1.1176,1.4986,2,30,0,1
B00657,B00657_R2,2704,3,3,0.762,2.032,60.72,0.2032,1.9812,45.09,3,2,15.63,1.6764,0.2032,0.2032,1.6002,3.2512,3.2512,2.8702,2,30,1,2
B00658,B00658_R1,2705,1,5,0.2032,1.6002,42.18,0.2032,1.6002,44.99,3,2,-2.81,1.0668,0.7112,1.6764,0.7112,2.2606,2.2606,1.1176,3,30,0,2
B00658,B00658_R1,2706,2,5,0.2032,1.6002,42.18,0.2032,1.6002,44.99,3,2,-2.81,2.54,0.762,0.2032,1.6002,3.175,3.175,3.175,2,30,0,3
B00658,B00658_R2,2707,3,5,0.2032,1.6002,42.18,0.2032,1.6002,44.99,3,2,-2.81,2.286,0.2032,0.2032,1.9812,3.4798,3.4798,3.8608,2,30,1,2
B00658,B00658_R1,2708,4,5,0.2032,1.6002,42.18,0.2032,1.6002,44.99,3,2,-2.81,0.2032,0.762,1.6764,0.7112,1.3462,1.3462,2.032,1,20,0,1
B00658,B00658_R2,2709,5,5,0.2032,1.6002,42.18,0.2032,1.6002,44.99,3,2,-2.81,1.6764,2.032,1.9812,0.7112,2.413,2.413,3.2512,3,20,1,1
B00659,B00659_R2,2710,1,3,0.2032,1.6002,36.77,0.2032,1.9812,18.24,2,1,18.53,1.0668,0.7112,0.2032,1.9812,2.2606,2.6416,2.6416,2,20,1,2
B00659,B00659_R2,2711,2,3,0.2032,1.6002,36.77,0.2032,1.9812,18.24,2,1,18.53,2.54,1.6002,0.4572,0.2032,2.3368,2.7178,3.4798,3,10,1,1
B00659,B00659_R1,2712,3,3,0.2032,1.6002,36.77,0.2032,1.9812,18.24,2,1,18.53,1.9812,0.7112,0.2032,1.6002,3.175,3.556,3.175,2,20,0,1
B00660,B00660_R2,2713,1,1,0.2032,1.6002,31.07,0.2032,1.9812,20.84,1,1,10.23,2.286,0.2032,0.2032,1.9812,3.4798,3.8608,3.8608,2,30,1,1
B00661,B00661_R1,2714,1,3,0.2032,1.6002,0.0,0.2032,1.9812,0.0,0,0,0.0,0.2032,0.762,0.4572,2.54,1.3462,1.7272,2.032,1,20,0,1
B00661,B00661_R2,2715,2,3,0.2032,1.6002,0.0,0.2032,1.9812,0.0,0,0,0.0,1.9812,2.032,0.4572,2.54,2.7178,2.3368,2.032,3,20,1,1
B00661,B00661_R1,2716,3,3,0.2032,1.6002,0.0,0.2032,1.9812,0.0,0,0,0.0,0.2032,1.143,0.4572,0.2032,0.9652,1.3462,1.1938,1,30,0,2
B00662,B00662_R2,2717,1,3,0.4572,0.2032,7.71,0.4572,2.54,0.0,1,0,7.71,1.6764,2.032,0.2032,1.9812,3.556,1.7272,2.032,2,10,1,1
B00662,B00662_R1,2718,2,3,0.4572,0.2032,7.71,0.4572,2.54,0.0,1,0,7.71,0.2032,0.762,1.9812,2.032,0.8128,2.032,3.556,1,10,0,1
B00662,B00662_R2,2719,3,3,0.4572,0.2032,7.71,0.4572,2.54,0.0,1,0,7.71,0.2032,1.143,1.9812,0.7112,1.1938,1.651,2.7178,1,30,1,2
B00663,B00663_R2,2720,1,4,1.9812,2.032,0.0,1.9812,0.7112,13.73,0,1,-13.73,0.2032,1.143,2.54,0.762,3.175,2.7178,2.7178,1,20,1,2
B00663,B00663_R2,2721,2,4,1.9812,2.032,0.0,1.9812,0.7112,13.73,0,1,-13.73,0.762,0.7112,0.2032,1.6002,3.556,1.7272,1.9558,2,20,1,1
B00663,B00663_R1,2722,3,4,1.9812,2.032,0.0,1.9812,0.7112,13.73,0,1,-13.73,1.9812,2.032,0.2032,1.9812,0.0,2.9464,2.3368,2,30,0,1
B00663,B00663_R1,2723,4,4,1.9812,2.032,0.0,1.9812,0.7112,13.73,0,1,-13.73,0.2032,0.762,2.286,2.54,3.556,2.3368,3.8608,1,10,0,2
B00664,B00664_R2,2724,1,2,2.286,2.54,18.24,2.54,0.762,20.54,1,1,-2.3,1.9812,2.54,0.2032,1.6002,0.8128,2.3368,2.7178,2,20,1,1
B00664,B00664_R1,2725,2,2,2.286,2.54,18.24,2.54,0.762,20.54,1,1,-2.3,1.6764,2.032,0.2032,1.6002,1.1176,2.6416,2.413,2,20,0,1
B00665,B00665_R2,2726,1,5,0.2032,1.6002,0.0,0.2032,1.6002,0.0,0,0,0.0,1.9812,2.032,0.4572,2.54,2.7178,2.7178,2.032,3,10,1,2
B00665,B00665_R1,2727,2,5,0.2032,1.6002,0.0,0.2032,1.6002,0.0,0,0,0.0,2.54,0.762,0.2032,1.6002,3.175,3.175,3.175,2,10,0,2
B00665,B00665_R1,2728,3,5,0.2032,1.6002,0.0,0.2032,1.6002,0.0,0,0,0.0,0.2032,0.762,2.286,0.2032,1.3462,1.3462,2.6416,1,20,0,1
B00665,B00665_R2,2729,4,5,0.2032,1.6002,0.0,0.2032,1.6002,0.0,0,0,0.0,0.2032,0.762,2.286,2.54,1.3462,1.3462,3.8608,1,10,1,1
B00665,B00665_R1,2730,5,5,0.2032,1.6002,0.0,0.2032,1.6002,0.0,0,0,0.0,0.4572,0.2032,0.2032,1.9812,1.651,1.651,2.032,2,20,0,3
B00666,B00666_R1,2731,1,3,0.2032,1.9812,36.07,0.4572,2.54,11.02,2,1,25.05,0.2032,0.762,0.762,2.54,1.7272,2.032,2.3368,1,20,0,1
B00666,B00666_R2,2732,2,3,0.2032,1.9812,36.07,0.4572,2.54,11.02,2,1,25.05,0.2032,0.762,0.762,0.7112,1.7272,2.032,1.1176,1,20,1,1
B00666,B00666_R2,2733,3,3,0.2032,1.9812,36.07,0.4572,2.54,11.02,2,1,25.05,1.9812,0.2032,2.286,2.54,3.556,3.8608,2.6416,3,10,1,2
B00667,B00667_R2,2734,1,2,0.762,2.54,0.0,2.286,2.54,0.0,0,0,0.0,0.2032,1.143,1.0668,0.2032,1.9558,3.4798,1.8034,1,20,1,1
B00667,B00667_R1,2735,2,2,0.762,2.54,0.0,2.286,2.54,0.0,0,0,0.0,0.2032,1.143,1.6764,0.2032,1.9558,3.4798,2.413,1,10,0,1
B00668,B00668_R2,2736,1,4,1.6764,0.2032,0.0,1.0668,0.2032,0.0,0,0,0.0,1.9812,2.54,0.2032,1.9812,3.2512,3.2512,2.3368,2,10,1,2
B00668,B00668_R2,2737,2,4,1.6764,0.2032,0.0,1.0668,0.2032,0.0,0,0,0.0,0.2032,1.143,0.762,2.54,2.413,1.8034,1.9558,1,10,1,1
B00668,B00668_R1,2738,3,4,1.6764,0.2032,0.0,1.0668,0.2032,0.0,0,0,0.0,2.54,1.6002,0.2032,1.6002,2.2606,2.8702,2.3368,2,20,0,1
B00668,B00668_R1,2739,4,4,1.6764,0.2032,0.0,1.0668,0.2032,0.0,0,0,0.0,2.54,1.9812,0.2032,1.9812,2.6416,3.2512,2.9464,2,20,0,2
B00669,B00669_R1,2740,1,2,0.2032,1.9812,14.63,0.2032,1.9812,12.22,1,1,2.41,0.762,0.2032,1.9812,0.2032,2.3368,2.3368,1.7272,3,30,0,1
B00669,B00669_R2,2741,2,2,0.2032,1.9812,14.63,0.2032,1.9812,12.22,1,1,2.41,1.6764,0.7112,0.2032,1.9812,3.2512,3.2512,3.2512,2,10,1,1
B00670,B00670_R1,2742,1,6,1.9812,0.2032,0.0,0.2032,1.9812,0.0,0,0,0.0,1.0668,2.54,1.0668,0.2032,3.2512,1.4224,2.9464,3,20,0,3
B00670,B00670_R2,2743,2,6,1.9812,0.2032,0.0,0.2032,1.9812,0.0,0,0,0.0,0.2032,0.762,1.6764,0.2032,2.3368,1.7272,2.032,1,10,1,2
B00670,B00670_R2,2744,3,6,1.9812,0.2032,0.0,0.2032,1.9812,0.0,0,0,0.0,2.54,1.6002,0.4572,0.2032,1.9558,2.7178,3.4798,3,30,1,3
B00670,B00670_R2,2745,4,6,1.9812,0.2032,0.0,0.2032,1.9812,0.0,0,0,0.0,0.762,2.032,0.2032,1.6002,3.556,1.1176,1.4986,2,20,1,1
B00670,B00670_R1,2746,5,6,1.9812,0.2032,0.0,0.2032,1.9812,0.0,0,0,0.0,0.2032,1.143,1.6764,2.54,2.7178,1.3462,2.8702,1,20,0,2
B00670,B00670_R1,2747,6,6,1.9812,0.2032,0.0,0.2032,1.9812,0.0,0,0,0.0,2.54,1.143,0.2032,1.6002,1.4986,3.175,2.794,2,20,0,1
B00671,B00671_R2,2748,1,3,1.0668,0.2032,36.37,0.4572,0.2032,39.68,2,2,-3.31,0.2032,1.143,1.9812,2.032,1.8034,1.1938,3.175,1,30,1,1
B00671,B00671_R2,2749,2,3,1.0668,0.2032,36.37,0.4572,0.2032,39.68,2,2,-3.31,2.286,2.54,0.2032,1.6002,3.556,4.1656,3.0226,2,30,1,2
B00671,B00671_R1,2750,3,3,1.0668,0.2032,36.37,0.4572,0.2032,39.68,2,2,-3.31,2.286,0.2032,0.2032,1.6002,1.7272,2.3368,3.4798,2,10,0,1
B00672,B00672_R1,2751,1,1,0.2032,1.6002,20.74,0.2032,1.6002,43.38,1,2,-22.64,0.2032,1.143,0.762,2.032,0.9652,0.9652,1.9558,1,30,0,1
B00673,B00673_R2,2752,1,3,0.762,2.032,0.0,0.2032,1.6002,0.0,0,0,0.0,0.4572,2.54,0.2032,1.6002,0.8128,1.1938,1.1938,2,30,1,2
B00673,B00673_R1,2753,2,3,0.762,2.032,0.0,0.2032,1.6002,0.0,0,0,0.0,0.4572,2.54,0.762,0.7112,0.8128,1.1938,2.6416,3,10,0,1
B00673,B00673_R2,2754,3,3,0.762,2.032,0.0,0.2032,1.6002,0.0,0,0,0.0,0.4572,2.54,0.2032,1.6002,0.8128,1.1938,1.1938,2,20,1,1
B00674,B00674_R2,2755,1,6,0.762,0.7112,0.0,0.2032,1.6002,7.71,0,1,-7.71,1.0668,0.2032,0.2032,1.9812,0.8128,2.2606,2.6416,2,30,1,2
B00674,B00674_R1,2756,2,6,0.762,0.7112,0.0,0.2032,1.6002,7.71,0,1,-7.71,0.2032,0.762,2.54,0.762,1.1176,1.3462,2.9464,1,10,0,3
B00674,B00674_R1,2757,3,6,0.762,0.7112,0.0,0.2032,1.6002,7.71,0,1,-7.71,0.762,2.032,2.286,2.54,2.9464,1.4986,2.032,3,20,0,2
B00674,B00674_R1,2758,4,6,0.762,0.7112,0.0,0.2032,1.6002,7.71,0,1,-7.71,0.2032,0.762,1.9812,2.032,1.1176,1.3462,3.556,1,20,0,1
B00674,B00674_R2,2759,5,6,0.762,0.7112,0.0,0.2032,1.6002,7.71,0,1,-7.71,0.2032,0.762,1.9812,0.7112,1.1176,1.3462,2.3368,1,20,1,1
B00674,B00674_R2,2760,6,6,0.762,0.7112,0.0,0.2032,1.6002,7.71,0,1,-7.71,0.2032,0.762,2.54,1.9812,1.1176,1.3462,3.556,1,20,1,3
B00675,B00675_R1,2761,1,5,2.54,0.762,0.0,2.54,1.9812,0.0,0,0,0.0,0.2032,0.762,1.0668,2.54,2.9464,3.556,2.6416,1,20,0,3
B00675,B00675_R1,2762,2,5,2.54,0.762,0.0,2.54,1.9812,0.0,0,0,0.0,0.762,0.7112,1.0668,2.54,2.3368,3.556,3.2512,3,30,0,1
B00675,B00675_R2,2763,3,5,2.54,0.762,0.0,2.54,1.9812,0.0,0,0,0.0,0.2032,1.143,2.54,1.143,2.7178,3.175,2.3368,1,10,1,1
B00675,B00675_R1,2764,4,5,2.54,0.762,0.0,2.54,1.9812,0.0,0,0,0.0,0.2032,0.762,0.762,2.54,2.9464,3.556,2.3368,1,30,0,2
B00675,B00675_R2,2765,5,5,2.54,0.762,0.0,2.54,1.9812,0.0,0,0,0.0,0.2032,0.762,1.6764,2.54,2.9464,3.556,3.2512,1,20,1,2
B00676,B00676_R1,2766,1,3,1.0668,2.54,0.0,1.6764,2.54,0.0,0,0,0.0,0.2032,0.762,1.6764,0.7112,2.6416,3.2512,2.032,1,20,0,1
B00676,B00676_R2,2767,2,3,1.0668,2.54,0.0,1.6764,2.54,0.0,0,0,0.0,1.9812,2.54,0.2032,1.9812,1.4224,0.8128,2.3368,2,10,1,1
B00676,B00676_R2,2768,3,3,1.0668,2.54,0.0,1.6764,2.54,0.0,0,0,0.0,0.2032,0.762,1.6764,2.54,2.6416,3.2512,3.2512,1,30,1,2
B00677,B00677_R1,2769,1,3,1.6764,0.7112,0.0,1.6764,2.54,0.0,0,0,0.0,1.6764,0.7112,0.2032,1.6002,0.0,2.9464,2.8702,2,30,0,1
B00677,B00677_R1,2770,2,3,1.6764,0.7112,0.0,1.6764,2.54,0.0,0,0,0.0,1.0668,2.54,0.2032,1.9812,2.9464,1.1176,1.4224,2,10,0,2
B00677,B00677_R2,2771,3,3,1.6764,0.7112,0.0,1.6764,2.54,0.0,0,0,0.0,2.54,1.9812,0.2032,1.9812,2.6416,1.4224,2.9464,2,10,1,1
B00678,B00678_R1,2772,1,7,0.2032,1.9812,8.61,0.2032,1.9812,0.0,1,0,8.61,1.6764,2.54,2.54,1.143,2.032,2.032,2.2606,3,30,0,2
B00678,B00678_R2,2773,2,7,0.2032,1.9812,8.61,0.2032,1.9812,0.0,1,0,8.61,1.6764,0.7112,0.2032,1.9812,3.2512,3.2512,3.2512,2,30,1,3
B00678,B00678_R2,2774,3,7,0.2032,1.9812,8.61,0.2032,1.9812,0.0,1,0,8.61,1.6764,2.54,0.2032,1.9812,2.032,2.032,2.032,2,30,1,4
B00678,B00678_R1,2775,4,7,0.2032,1.9812,8.61,0.2032,1.9812,0.0,1,0,8.61,0.2032,1.143,1.0668,2.032,1.3462,1.3462,2.2606,1,10,0,1
B00678,B00678_R2,2776,5,7,0.2032,1.9812,8.61,0.2032,1.9812,0.0,1,0,8.61,0.762,2.54,0.2032,1.9812,1.1176,1.1176,1.1176,2,10,1,1
B00678,B00678_R2,2777,6,7,0.2032,1.9812,8.61,0.2032,1.9812,0.0,1,0,8.61,0.2032,0.762,0.4572,0.2032,1.7272,1.7272,0.8128,1,20,1,2
B00678,B00678_R1,2778,7,7,0.2032,1.9812,8.61,0.2032,1.9812,0.0,1,0,8.61,2.286,2.54,0.2032,1.6002,2.6416,2.6416,3.0226,2,30,0,3
B00679,B00679_R1,2779,1,4,0.2032,1.6002,36.37,0.2032,1.9812,53.9,2,3,-17.53,0.4572,0.2032,0.2032,1.9812,1.651,2.032,2.032,2,30,0,1
B00679,B00679_R1,2780,2,4,0.2032,1.6002,36.37,0.2032,1.9812,53.9,2,3,-17.53,0.2032,1.143,2.54,1.6002,0.9652,1.3462,2.794,1,10,0,2
B00679,B00679_R2,2781,3,4,0.2032,1.6002,36.37,0.2032,1.9812,53.9,2,3,-17.53,0.762,2.032,1.6764,0.7112,1.4986,1.1176,3.2512,3,30,1,1
B00679,B00679_R2,2782,4,4,0.2032,1.6002,36.37,0.2032,1.9812,53.9,2,3,-17.53,1.6764,0.2032,2.54,1.6002,2.8702,3.2512,2.2606,3,30,1,2
B00680,B00680_R1,2783,1,7,2.54,1.6002,42.88,2.54,1.6002,55.2,2,3,-12.32,2.54,1.6002,2.54,0.762,0.0,0.0,1.3462,3,30,0,1
B00680,B00680_R1,2784,2,7,2.54,1.6002,42.88,2.54,1.6002,55.2,2,3,-12.32,2.54,1.143,0.2032,1.6002,0.9652,0.9652,2.794,2,20,0,2
B00680,B00680_R1,2785,3,7,2.54,1.6002,42.88,2.54,1.6002,55.2,2,3,-12.32,0.2032,1.143,1.9812,0.7112,2.794,2.794,2.7178,1,30,0,3
B00680,B00680_R2,2786,4,7,2.54,1.6002,42.88,2.54,1.6002,55.2,2,3,-12.32,0.2032,0.762,2.54,0.762,3.175,3.175,2.9464,1,10,1,3
B00680,B00680_R2,2787,5,7,2.54,1.6002,42.88,2.54,1.6002,55.2,2,3,-12.32,1.9812,2.54,0.2032,1.6002,1.4986,1.4986,2.7178,2,20,1,1
B00680,B00680_R1,2788,6,7,2.54,1.6002,42.88,2.54,1.6002,55.2,2,3,-12.32,0.762,0.2032,0.4572,2.54,3.175,3.175,2.6416,3,10,0,4
B00680,B00680_R2,2789,7,7,2.54,1.6002,42.88,2.54,1.6002,55.2,2,3,-12.32,0.4572,2.54,0.2032,1.6002,3.0226,3.0226,1.1938,2,20,1,2
B00681,B00681_R2,2790,1,3,0.4572,2.54,79.64,2.54,0.762,77.93,5,4,1.71,1.6764,2.032,0.2032,1.6002,1.7272,2.6416,2.413,2,10,1,1
B00681,B00681_R1,2791,2,3,0.4572,2.54,79.64,2.54,0.762,77.93,5,4,1.71,2.286,2.54,0.2032,1.9812,2.3368,2.032,2.6416,2,30,0,2
B00681,B00681_R1,2792,3,3,0.4572,2.54,79.64,2.54,0.762,77.93,5,4,1.71,1.0668,2.54,2.54,1.143,1.1176,3.2512,2.8702,3,30,0,1
B00682,B00682_R2,2793,1,3,0.2032,1.9812,102.5,0.2032,1.6002,78.04,5,4,24.46,0.2032,0.762,2.286,2.54,1.7272,1.3462,3.8608,1,20,1,2
B00682,B00682_R2,2794,2,3,0.2032,1.9812,102.5,0.2032,1.6002,78.04,5,4,24.46,0.2032,1.143,0.762,2.54,1.3462,0.9652,1.9558,1,20,1,1
B00682,B00682_R1,2795,3,3,0.2032,1.9812,102.5,0.2032,1.6002,78.04,5,4,24.46,0.2032,1.143,1.6764,2.54,1.3462,0.9652,2.8702,1,10,0,1
B00683,B00683_R1,2796,1,3,1.6764,2.54,80.75,2.286,2.54,88.57,4,4,-7.82,0.4572,0.2032,0.2032,1.9812,3.556,4.1656,2.032,2,20,0,2
B00683,B00683_R1,2797,2,3,1.6764,2.54,80.75,2.286,2.54,88.57,4,4,-7.82,1.9812,0.2032,1.9812,0.7112,3.2512,2.6416,0.508,3,10,0,1
B00683,B00683_R2,2798,3,3,1.6764,2.54,80.75,2.286,2.54,88.57,4,4,-7.82,0.2032,0.762,1.9812,0.7112,3.2512,3.8608,2.3368,1,20,1,1
B00684,B00684_R2,2799,1,3,0.2032,1.9812,88.46,1.9812,0.7112,78.45,4,3,10.01,0.2032,0.762,0.4572,2.54,1.7272,2.3368,2.032,1,30,1,1
B00684,B00684_R1,2800,2,3,0.2032,1.9812,88.46,1.9812,0.7112,78.45,4,3,10.01,0.2032,1.143,2.286,2.54,1.3462,2.7178,3.4798,1,10,0,1
B00684,B00684_R2,2801,3,3,0.2032,1.9812,88.46,1.9812,0.7112,78.45,4,3,10.01,1.6764,2.54,2.54,1.6002,2.032,3.2512,1.8034,3,10,1,2
B00685,B00685_R2,2802,1,3,2.286,2.54,73.14,2.54,1.6002,73.65,4,3,-0.51,0.2032,1.143,2.286,0.2032,3.4798,2.794,3.0226,1,20,1,1
B00685,B00685_R1,2803,2,3,2.286,2.54,73.14,2.54,1.6002,73.65,4,3,-0.51,0.2032,1.143,1.6764,2.032,3.4798,2.794,2.8702,1,20,0,2
B00685,B00685_R1,2804,3,3,2.286,2.54,73.14,2.54,1.6002,73.65,4,3,-0.51,2.286,2.54,1.9812,0.2032,0.0,1.1938,2.6416,3,20,0,1
B00686,B00686_R2,2805,1,1,1.6764,2.032,80.56,2.286,0.2032,59.92,4,3,20.64,1.0668,2.032,1.9812,2.032,1.1176,3.556,1.4224,3,20,1,1
B00687,B00687_R2,2806,1,6,1.6764,2.032,0.0,1.9812,2.032,0.0,0,0,0.0,0.762,0.2032,0.762,2.54,3.2512,3.556,2.9464,3,10,1,3
B00687,B00687_R2,2807,2,6,1.6764,2.032,0.0,1.9812,2.032,0.0,0,0,0.0,0.762,2.54,0.2032,1.6002,1.4224,1.7272,1.4986,2,20,1,1
B00687,B00687_R1,2808,3,6,1.6764,2.032,0.0,1.9812,2.032,0.0,0,0,0.0,1.0668,0.7112,0.2032,1.6002,2.9464,3.2512,2.2606,2,20,0,1
B00687,B00687_R1,2809,4,6,1.6764,2.032,0.0,1.9812,2.032,0.0,0,0,0.0,1.6764,0.7112,0.2032,1.9812,2.9464,3.2512,3.2512,2,20,0,3
B00687,B00687_R1,2810,5,6,1.6764,2.032,0.0,1.9812,2.032,0.0,0,0,0.0,0.2032,1.143,1.6764,0.2032,2.8702,3.175,2.413,1,30,0,2
B00687,B00687_R2,2811,6,6,1.6764,2.032,0.0,1.9812,2.032,0.0,0,0,0.0,0.2032,1.143,1.9812,2.54,2.8702,3.175,3.175,1,20,1,2
B00688,B00688_R2,2812,1,6,0.2032,1.9812,0.0,0.762,2.54,0.0,0,0,0.0,2.286,2.54,0.2032,1.6002,2.6416,2.032,3.0226,2,10,1,1
B00688,B00688_R2,2813,2,6,0.2032,1.9812,0.0,0.762,2.54,0.0,0,0,0.0,1.9812,0.7112,0.2032,1.9812,3.556,3.556,3.556,2,30,1,3
B00688,B00688_R1,2814,3,6,0.2032,1.9812,0.0,0.762,2.54,0.0,0,0,0.0,0.2032,1.143,1.6764,2.54,1.3462,1.9558,2.8702,1,30,0,3
B00688,B00688_R1,2815,4,6,0.2032,1.9812,0.0,0.762,2.54,0.0,0,0,0.0,0.2032,1.143,1.6764,0.2032,1.3462,1.9558,2.413,1,10,0,1
B00688,B00688_R1,2816,5,6,0.2032,1.9812,0.0,0.762,2.54,0.0,0,0,0.0,2.54,1.143,0.2032,1.6002,3.175,3.175,2.794,2,30,0,2
B00688,B00688_R2,2817,6,6,0.2032,1.9812,0.0,0.762,2.54,0.0,0,0,0.0,0.2032,1.143,1.9812,0.2032,1.3462,1.9558,2.7178,1,30,1,2
B00689,B00689_R1,2818,1,1,1.6764,2.54,35.17,0.2032,1.9812,35.77,2,2,-0.6,1.6764,2.032,0.2032,1.6002,0.508,2.032,2.413,2,30,0,1
B00690,B00690_R1,2819,1,4,0.2032,1.6002,12.53,0.2032,1.9812,0.0,1,0,12.53,0.2032,1.143,0.762,0.7112,0.9652,1.3462,1.4986,1,10,0,1
B00690,B00690_R2,2820,2,4,0.2032,1.6002,12.53,0.2032,1.9812,0.0,1,0,12.53,2.54,0.762,0.2032,1.9812,3.175,3.556,3.556,2,20,1,2
B00690,B00690_R1,2821,3,4,0.2032,1.6002,12.53,0.2032,1.9812,0.0,1,0,12.53,1.6764,2.032,0.2032,1.9812,2.413,2.032,2.032,2,30,0,2
B00690,B00690_R2,2822,4,4,0.2032,1.6002,12.53,0.2032,1.9812,0.0,1,0,12.53,0.2032,1.143,1.6764,0.7112,0.9652,1.3462,2.413,1,10,1,1
B00691,B00691_R1,2823,1,3,0.2032,1.9812,26.86,0.2032,1.9812,17.04,1,1,9.82,1.6764,0.2032,0.2032,1.6002,3.2512,3.2512,2.8702,2,20,0,1
B00691,B00691_R2,2824,2,3,0.2032,1.9812,26.86,0.2032,1.9812,17.04,1,1,9.82,0.762,2.032,0.2032,1.9812,1.1176,1.1176,1.1176,2,20,1,1
B00691,B00691_R2,2825,3,3,0.2032,1.9812,26.86,0.2032,1.9812,17.04,1,1,9.82,0.762,2.032,0.2032,1.9812,1.1176,1.1176,1.1176,2,10,1,2
B00692,B00692_R2,2826,1,3,0.2032,1.6002,9.42,0.2032,1.9812,7.41,1,1,2.01,1.0668,2.032,0.2032,1.9812,1.8034,1.4224,1.4224,2,10,1,2
B00692,B00692_R2,2827,2,3,0.2032,1.6002,9.42,0.2032,1.9812,7.41,1,1,2.01,0.2032,1.143,1.0668,2.54,0.9652,1.3462,2.2606,1,20,1,1
B00692,B00692_R1,2828,3,3,0.2032,1.6002,9.42,0.2032,1.9812,7.41,1,1,2.01,1.0668,0.2032,0.2032,1.9812,2.2606,2.6416,2.6416,2,30,0,1
B00693,B00693_R1,2829,1,5,0.2032,1.9812,0.0,0.2032,1.9812,13.62,0,1,-13.62,1.0668,2.54,0.2032,1.6002,1.4224,1.4224,1.8034,2,10,0,1
B00693,B00693_R1,2830,2,5,0.2032,1.9812,0.0,0.2032,1.9812,13.62,0,1,-13.62,1.0668,0.2032,0.2032,1.9812,2.6416,2.6416,2.6416,2,20,0,2
B00693,B00693_R2,2831,3,5,0.2032,1.9812,0.0,0.2032,1.9812,13.62,0,1,-13.62,1.9812,2.032,0.2032,1.6002,2.3368,2.3368,2.7178,2,30,1,1
B00693,B00693_R1,2832,4,5,0.2032,1.9812,0.0,0.2032,1.9812,13.62,0,1,-13.62,1.9812,2.032,0.2032,1.6002,2.3368,2.3368,2.7178,2,20,0,3
B00693,B00693_R2,2833,5,5,0.2032,1.9812,0.0,0.2032,1.9812,13.62,0,1,-13.62,2.54,1.143,0.2032,1.9812,3.175,3.175,3.175,2,30,1,2
B00694,B00694_R1,2834,1,4,0.2032,1.6002,39.38,0.2032,1.9812,32.56,2,2,6.82,1.6764,0.7112,1.0668,0.7112,2.8702,3.2512,1.1176,3,10,0,2
B00694,B00694_R1,2835,2,4,0.2032,1.6002,39.38,0.2032,1.9812,32.56,2,2,6.82,0.2032,1.143,1.6764,0.7112,0.9652,1.3462,2.413,1,10,0,1
B00694,B00694_R2,2836,3,4,0.2032,1.6002,39.38,0.2032,1.9812,32.56,2,2,6.82,1.6764,2.032,1.0668,2.032,2.413,2.032,1.1176,3,10,1,1
B00694,B00694_R2,2837,4,4,0.2032,1.6002,39.38,0.2032,1.9812,32.56,2,2,6.82,0.2032,1.143,2.286,0.2032,0.9652,1.3462,3.0226,1,10,1,2
B00695,B00695_R1,2838,1,5,1.0668,0.7112,29.75,2.286,0.2032,34.27,2,2,-4.52,0.762,2.54,0.2032,1.9812,3.2512,3.8608,1.1176,2,30,0,2
B00695,B00695_R1,2839,2,5,1.0668,0.7112,29.75,2.286,0.2032,34.27,2,2,-4.52,0.2032,0.762,1.9812,0.7112,1.4224,2.6416,2.3368,1,20,0,3
B00695,B00695_R2,2840,3,5,1.0668,0.7112,29.75,2.286,0.2032,34.27,2,2,-4.52,0.2032,0.762,2.54,0.762,1.4224,2.6416,2.9464,1,30,1,2
B00695,B00695_R2,2841,4,5,1.0668,0.7112,29.75,2.286,0.2032,34.27,2,2,-4.52,2.286,2.54,0.2032,1.6002,3.556,2.3368,3.0226,2,20,1,1
B00695,B00695_R1,2842,5,5,1.0668,0.7112,29.75,2.286,0.2032,34.27,2,2,-4.52,1.0668,0.7112,0.2032,1.6002,0.0,1.7272,2.2606,2,20,0,1
B00696,B00696_R1,2843,1,4,1.9812,0.7112,53.29,2.54,0.762,50.1,3,2,3.19,0.2032,0.762,2.54,1.9812,2.3368,2.9464,3.556,1,20,0,2
B00696,B00696_R1,2844,2,4,1.9812,0.7112,53.29,2.54,0.762,50.1,3,2,3.19,1.0668,0.7112,1.0668,0.2032,1.4224,2.032,0.508,3,20,0,1
B00696,B00696_R2,2845,3,4,1.9812,0.7112,53.29,2.54,0.762,50.1,3,2,3.19,0.2032,0.762,2.54,0.762,2.3368,2.9464,2.9464,1,30,1,2
B00696,B00696_R2,2846,4,4,1.9812,0.7112,53.29,2.54,0.762,50.1,3,2,3.19,1.0668,2.032,0.2032,1.6002,3.2512,3.2512,1.8034,2,10,1,1
B00697,B00697_R1,2847,1,3,2.54,1.9812,61.31,2.54,0.762,48.89,3,2,12.42,0.2032,0.762,1.9812,2.032,3.556,2.9464,3.556,1,10,0,1
B00697,B00697_R2,2848,2,3,2.54,1.9812,61.31,2.54,0.762,48.89,3,2,12.42,0.2032,0.762,1.9812,2.032,3.556,2.9464,3.556,1,10,1,2
B00697,B00697_R2,2849,3,3,2.54,1.9812,61.31,2.54,0.762,48.89,3,2,12.42,2.54,0.762,0.2032,1.6002,1.7272,0.0,3.175,2,20,1,1
B00698,B00698_R1,2850,1,6,1.9812,2.032,64.73,1.9812,2.032,58.51,3,3,6.22,1.6764,2.54,0.2032,1.6002,0.8128,0.8128,2.413,2,10,0,2
B00698,B00698_R2,2851,2,6,1.9812,2.032,64.73,1.9812,2.032,58.51,3,3,6.22,0.2032,0.762,0.4572,0.2032,3.556,3.556,0.8128,1,20,1,2
B00698,B00698_R1,2852,3,6,1.9812,2.032,64.73,1.9812,2.032,58.51,3,3,6.22,2.286,2.54,1.6764,2.032,0.8128,0.8128,1.1176,3,20,0,1
B00698,B00698_R2,2853,4,6,1.9812,2.032,64.73,1.9812,2.032,58.51,3,3,6.22,1.0668,2.54,0.2032,1.9812,1.4224,1.4224,1.4224,2,10,1,1
B00698,B00698_R1,2854,5,6,1.9812,2.032,64.73,1.9812,2.032,58.51,3,3,6.22,0.2032,0.762,1.0668,0.2032,3.556,3.556,1.4224,1,10,0,3
B00698,B00698_R2,2855,6,6,1.9812,2.032,64.73,1.9812,2.032,58.51,3,3,6.22,0.2032,0.762,0.4572,2.54,3.556,3.556,2.032,1,10,1,3
B00699,B00699_R2,2856,1,5,1.0668,0.2032,77.84,0.4572,2.54,67.53,4,4,10.31,2.286,2.54,0.2032,1.6002,3.556,2.3368,3.0226,2,30,1,3
B00699,B00699_R2,2857,2,5,1.0668,0.2032,77.84,0.4572,2.54,67.53,4,4,10.31,0.4572,2.54,0.2032,1.6002,2.9464,0.0,1.1938,2,10,1,1
B00699,B00699_R2,2858,3,5,1.0668,0.2032,77.84,0.4572,2.54,67.53,4,4,10.31,0.2032,1.143,2.54,1.6002,1.8034,1.651,2.794,1,10,1,2
B00699,B00699_R1,2859,4,5,1.0668,0.2032,77.84,0.4572,2.54,67.53,4,4,10.31,0.762,0.7112,1.0668,2.032,0.8128,2.6416,3.2512,3,10,0,1
B00699,B00699_R1,2860,5,5,1.0668,0.2032,77.84,0.4572,2.54,67.53,4,4,10.31,1.9812,2.54,1.0668,0.2032,3.2512,2.032,3.2512,3,10,0,2
B00700,B00700_R1,2861,1,4,1.0668,0.2032,80.95,0.2032,1.6002,87.45,4,5,-6.5,1.0668,2.54,0.4572,0.2032,2.9464,1.8034,2.9464,3,20,0,2
B00700,B00700_R1,2862,2,4,1.0668,0.2032,80.95,0.2032,1.6002,87.45,4,5,-6.5,0.2032,0.762,0.4572,2.54,1.4224,1.3462,2.032,1,20,0,1
B00700,B00700_R2,2863,3,4,1.0668,0.2032,80.95,0.2032,1.6002,87.45,4,5,-6.5,1.9812,2.032,0.2032,1.6002,3.2512,2.7178,2.7178,2,30,1,2
B00700,B00700_R2,2864,4,4,1.0668,0.2032,80.95,0.2032,1.6002,87.45,4,5,-6.5,0.2032,1.143,1.9812,2.032,1.8034,0.9652,3.175,1,10,1,1
B00701,B00701_R1,2865,1,5,0.4572,0.2032,57.51,0.2032,1.6002,75.74,3,4,-18.23,1.0668,2.032,0.2032,1.9812,2.9464,1.8034,1.4224,2,30,0,3
B00701,B00701_R2,2866,2,5,0.4572,0.2032,57.51,0.2032,1.6002,75.74,3,4,-18.23,0.2032,0.762,1.9812,2.032,0.8128,1.3462,3.556,1,10,1,2
B00701,B00701_R2,2867,3,5,0.4572,0.2032,57.51,0.2032,1.6002,75.74,3,4,-18.23,0.762,2.54,0.2032,1.6002,2.6416,1.4986,1.4986,2,20,1,1
B00701,B00701_R1,2868,4,5,0.4572,0.2032,57.51,0.2032,1.6002,75.74,3,4,-18.23,2.54,0.762,1.9812,2.032,2.6416,3.175,2.3368,3,10,0,2
B00701,B00701_R1,2869,5,5,0.4572,0.2032,57.51,0.2032,1.6002,75.74,3,4,-18.23,0.2032,1.143,2.54,0.762,1.1938,0.9652,2.7178,1,10,0,1
B00702,B00702_R1,2870,1,1,0.2032,1.9812,32.45,1.9812,2.032,43.18,2,2,-10.73,0.762,0.2032,1.9812,2.54,2.3368,3.556,3.556,3,10,0,1
B00703,B00703_R2,2871,1,6,1.9812,2.54,37.87,1.9812,2.032,0.0,2,0,37.87,2.54,1.143,1.0668,0.7112,1.9558,1.9558,2.413,3,10,1,2
B00703,B00703_R2,2872,2,6,1.9812,2.54,37.87,1.9812,2.032,0.0,2,0,37.87,2.54,1.9812,1.9812,2.54,1.1176,1.1176,1.1176,3,10,1,1
B00703,B00703_R1,2873,3,6,1.9812,2.54,37.87,1.9812,2.032,0.0,2,0,37.87,0.2032,1.143,1.6764,0.2032,3.175,3.175,2.413,1,10,0,1
B00703,B00703_R2,2874,4,6,1.9812,2.54,37.87,1.9812,2.032,0.0,2,0,37.87,0.2032,0.762,1.0668,0.2032,3.556,3.556,1.4224,1,10,1,3
B00703,B00703_R2,2875,5,6,1.9812,2.54,37.87,1.9812,2.032,0.0,2,0,37.87,0.2032,0.762,1.9812,2.032,3.556,3.556,3.556,1,10,1,4
B00703,B00703_R1,2876,6,6,1.9812,2.54,37.87,1.9812,2.032,0.0,2,0,37.87,1.9812,0.2032,0.2032,1.6002,2.9464,2.9464,3.175,2,30,0,2
B00704,B00704_R1,2877,1,6,0.2032,1.6002,34.27,1.9812,2.032,55.41,2,3,-21.14,0.2032,0.762,0.762,2.54,1.3462,3.556,2.3368,1,30,0,1
B00704,B00704_R2,2878,2,6,0.2032,1.6002,34.27,1.9812,2.032,55.41,2,3,-21.14,2.54,1.9812,0.2032,1.6002,2.7178,1.1176,2.7178,2,20,1,2
B00704,B00704_R1,2879,3,6,0.2032,1.6002,34.27,1.9812,2.032,55.41,2,3,-21.14,1.0668,2.032,0.2032,1.9812,1.8034,1.4224,1.4224,2,20,0,2
B00704,B00704_R2,2880,4,6,0.2032,1.6002,34.27,1.9812,2.032,55.41,2,3,-21.14,1.6764,2.54,2.54,1.9812,2.413,0.8128,1.4224,3,30,1,1
B00704,B00704_R2,2881,5,6,0.2032,1.6002,34.27,1.9812,2.032,55.41,2,3,-21.14,0.2032,0.762,1.6764,0.7112,1.3462,3.556,2.032,1,20,1,3
B00704,B00704_R1,2882,6,6,0.2032,1.6002,34.27,1.9812,2.032,55.41,2,3,-21.14,0.2032,1.143,2.54,0.762,0.9652,3.175,2.7178,1,30,0,3
B00705,B00705_R2,2883,1,2,2.54,0.762,57.4,1.6764,0.7112,67.93,3,4,-10.53,0.2032,1.143,0.762,2.032,2.7178,2.413,1.9558,1,10,1,1
B00705,B00705_R1,2884,2,2,2.54,0.762,57.4,1.6764,0.7112,67.93,3,4,-10.53,1.6764,2.54,0.2032,1.9812,2.6416,2.9464,2.032,2,30,0,1
B00706,B00706_R2,2885,1,6,0.2032,1.9812,46.49,0.762,2.032,59.32,2,3,-12.83,1.6764,2.54,2.54,1.9812,2.032,1.4224,1.4224,3,10,1,2
B00706,B00706_R1,2886,2,6,0.2032,1.9812,46.49,0.762,2.032,59.32,2,3,-12.83,0.2032,1.143,2.54,1.6002,1.3462,1.9558,2.794,1,10,0,2
B00706,B00706_R1,2887,3,6,0.2032,1.9812,46.49,0.762,2.032,59.32,2,3,-12.83,2.286,0.2032,0.2032,1.9812,3.8608,3.8608,3.8608,2,20,0,3
B00706,B00706_R1,2888,4,6,0.2032,1.9812,46.49,0.762,2.032,59.32,2,3,-12.83,1.0668,0.2032,0.2032,1.6002,2.6416,3.2512,2.2606,2,10,0,1
B00706,B00706_R2,2889,5,6,0.2032,1.9812,46.49,0.762,2.032,59.32,2,3,-12.83,0.2032,1.143,1.0668,2.54,1.3462,1.9558,2.2606,1,30,1,1
B00706,B00706_R2,2890,6,6,0.2032,1.9812,46.49,0.762,2.032,59.32,2,3,-12.83,1.9812,0.2032,0.2032,1.9812,3.556,3.556,3.556,2,20,1,3
B00707,B00707_R1,2891,1,7,0.2032,1.9812,84.97,0.2032,1.9812,91.18,4,4,-6.21,0.2032,0.762,1.9812,2.54,1.7272,1.7272,3.556,1,30,0,2
B00707,B00707_R1,2892,2,7,0.2032,1.9812,84.97,0.2032,1.9812,91.18,4,4,-6.21,1.9812,2.54,0.2032,1.9812,2.3368,2.3368,2.3368,2,20,0,3
B00707,B00707_R1,2893,3,7,0.2032,1.9812,84.97,0.2032,1.9812,91.18,4,4,-6.21,0.2032,0.762,0.762,0.2032,1.7272,1.7272,1.1176,1,20,0,1
B00707,B00707_R2,2894,4,7,0.2032,1.9812,84.97,0.2032,1.9812,91.18,4,4,-6.21,2.286,0.2032,0.2032,1.6002,3.8608,3.8608,3.4798,2,10,1,3
B00707,B00707_R2,2895,5,7,0.2032,1.9812,84.97,0.2032,1.9812,91.18,4,4,-6.21,0.2032,1.143,1.9812,0.2032,1.3462,1.3462,2.7178,1,10,1,2
B00707,B00707_R2,2896,6,7,0.2032,1.9812,84.97,0.2032,1.9812,91.18,4,4,-6.21,0.2032,1.143,0.762,2.54,1.3462,1.3462,1.9558,1,30,1,1
B00707,B00707_R1,2897,7,7,0.2032,1.9812,84.97,0.2032,1.9812,91.18,4,4,-6.21,2.54,1.9812,0.2032,1.9812,2.9464,2.9464,2.9464,2,10,0,4
B00708,B00708_R2,2898,1,1,0.2032,1.9812,133.76,0.2032,1.6002,123.63,6,6,10.13,0.4572,2.54,0.2032,1.6002,0.8128,1.1938,1.1938,2,20,1,1
B00709,B00709_R1,2899,1,4,0.2032,1.9812,86.16,0.2032,1.6002,105.29,4,5,-19.13,0.2032,1.143,1.0668,0.2032,1.3462,0.9652,1.8034,1,10,0,1
B00709,B00709_R1,2900,2,4,0.2032,1.9812,86.16,0.2032,1.6002,105.29,4,5,-19.13,2.286,0.2032,0.2032,1.6002,3.8608,3.4798,3.4798,2,20,0,3
B00709,B00709_R1,2901,3,4,0.2032,1.9812,86.16,0.2032,1.6002,105.29,4,5,-19.13,0.2032,0.762,1.6764,0.7112,1.7272,1.3462,2.032,1,10,0,2
B00709,B00709_R2,2902,4,4,0.2032,1.9812,86.16,0.2032,1.6002,105.29,4,5,-19.13,1.9812,2.54,0.2032,1.6002,2.3368,2.7178,2.7178,2,30,1,1
B00710,B00710_R1,2903,1,6,0.2032,1.6002,122.73,0.2032,1.6002,90.27,6,4,32.46,2.54,1.143,0.2032,1.6002,2.794,2.794,2.794,2,10,0,2
B00710,B00710_R2,2904,2,6,0.2032,1.6002,122.73,0.2032,1.6002,90.27,6,4,32.46,1.9812,2.54,0.2032,1.9812,2.7178,2.7178,2.3368,2,10,1,4
B00710,B00710_R1,2905,3,6,0.2032,1.6002,122.73,0.2032,1.6002,90.27,6,4,32.46,0.4572,0.2032,1.0668,0.2032,1.651,1.651,1.1176,3,20,0,1
B00710,B00710_R2,2906,4,6,0.2032,1.6002,122.73,0.2032,1.6002,90.27,6,4,32.46,1.0668,2.54,0.2032,1.9812,1.8034,1.8034,1.4224,2,30,1,2
B00710,B00710_R2,2907,5,6,0.2032,1.6002,122.73,0.2032,1.6002,90.27,6,4,32.46,1.6764,2.032,2.54,1.6002,2.413,2.413,1.8034,3,30,1,3
B00710,B00710_R2,2908,6,6,0.2032,1.6002,122.73,0.2032,1.6002,90.27,6,4,32.46,0.2032,0.762,1.0668,2.54,1.3462,1.3462,2.6416,1,30,1,1
B00711,B00711_R1,2909,1,3,0.2032,1.6002,120.33,0.2032,1.9812,135.25,6,7,-14.92,0.2032,1.143,1.0668,0.7112,0.9652,1.3462,1.8034,1,10,0,1
B00711,B00711_R2,2910,2,3,0.2032,1.6002,120.33,0.2032,1.9812,135.25,6,7,-14.92,2.286,2.54,0.4572,0.2032,3.0226,2.6416,4.1656,3,20,1,1
B00711,B00711_R1,2911,3,3,0.2032,1.6002,120.33,0.2032,1.9812,135.25,6,7,-14.92,2.286,2.54,0.2032,1.6002,3.0226,2.6416,3.0226,2,20,0,2
B00712,B00712_R2,2912,1,3,0.2032,1.6002,136.17,0.4572,0.2032,122.23,6,6,13.94,2.286,0.2032,1.0668,2.54,3.4798,2.3368,3.556,3,10,1,2
B00712,B00712_R1,2913,2,3,0.2032,1.6002,136.17,0.4572,0.2032,122.23,6,6,13.94,0.2032,0.762,2.54,1.9812,1.3462,0.8128,3.556,1,30,0,1
B00712,B00712_R2,2914,3,3,0.2032,1.6002,136.17,0.4572,0.2032,122.23,6,6,13.94,0.2032,1.143,2.54,1.143,0.9652,1.1938,2.3368,1,10,1,1
B00713,B00713_R1,2915,1,5,2.54,1.9812,117.73,1.0668,2.54,131.45,5,6,-13.72,0.2032,0.762,0.762,0.7112,3.556,2.6416,1.1176,1,20,0,2
B00713,B00713_R1,2916,2,5,2.54,1.9812,117.73,1.0668,2.54,131.45,5,6,-13.72,1.9812,0.2032,0.762,0.2032,2.3368,3.2512,1.7272,3,30,0,1
B00713,B00713_R1,2917,3,5,2.54,1.9812,117.73,1.0668,2.54,131.45,5,6,-13.72,1.0668,0.7112,0.2032,1.9812,3.2512,2.9464,2.6416,2,10,0,3
B00713,B00713_R2,2918,4,5,2.54,1.9812,117.73,1.0668,2.54,131.45,5,6,-13.72,2.54,0.762,1.6764,2.032,1.7272,3.2512,2.6416,3,10,1,2
B00713,B00713_R2,2919,5,5,2.54,1.9812,117.73,1.0668,2.54,131.45,5,6,-13.72,0.2032,1.143,2.54,1.6002,3.175,2.2606,2.794,1,30,1,1
B00714,B00714_R1,2920,1,7,0.2032,1.9812,144.78,1.6764,2.032,146.39,7,6,-1.61,0.2032,0.762,2.54,0.762,1.7272,3.2512,2.9464,1,10,0,2
B00714,B00714_R2,2921,2,7,0.2032,1.9812,144.78,1.6764,2.032,146.39,7,6,-1.61,1.9812,2.54,0.2032,1.6002,2.3368,0.8128,2.7178,2,10,1,1
B00714,B00714_R1,2922,3,7,0.2032,1.9812,144.78,1.6764,2.032,146.39,7,6,-1.61,0.2032,1.143,0.762,2.54,1.3462,2.8702,1.9558,1,20,0,1
B00714,B00714_R2,2923,4,7,0.2032,1.9812,144.78,1.6764,2.032,146.39,7,6,-1.61,0.2032,1.143,1.6764,0.2032,1.3462,2.8702,2.413,1,10,1,2
B00714,B00714_R1,2924,5,7,0.2032,1.9812,144.78,1.6764,2.032,146.39,7,6,-1.61,2.54,1.143,0.2032,1.9812,3.175,2.2606,3.175,2,10,0,3
B00714,B00714_R2,2925,6,7,0.2032,1.9812,144.78,1.6764,2.032,146.39,7,6,-1.61,0.4572,0.2032,0.2032,1.9812,2.032,3.556,2.032,2,20,1,3
B00714,B00714_R2,2926,7,7,0.2032,1.9812,144.78,1.6764,2.032,146.39,7,6,-1.61,0.2032,0.762,0.4572,2.54,1.7272,3.2512,2.032,1,20,1,4
B00715,B00715_R2,2927,1,3,0.2032,1.9812,59.62,0.4572,2.54,73.75,3,4,-14.13,0.2032,0.762,2.54,0.762,1.7272,2.032,2.9464,1,20,1,1
B00715,B00715_R1,2928,2,3,0.2032,1.9812,59.62,0.4572,2.54,73.75,3,4,-14.13,0.4572,2.54,0.2032,1.6002,0.8128,0.0,1.1938,2,30,0,1
B00715,B00715_R1,2929,3,3,0.2032,1.9812,59.62,0.4572,2.54,73.75,3,4,-14.13,1.6764,0.7112,0.2032,1.9812,3.2512,3.556,3.2512,2,20,0,2
B00716,B00716_R1,2930,1,5,0.2032,1.9812,66.12,2.54,0.762,57.51,3,3,8.61,0.2032,0.762,1.6764,2.032,1.7272,2.9464,3.2512,1,10,0,1
B00716,B00716_R2,2931,2,5,0.2032,1.9812,66.12,2.54,0.762,57.51,3,3,8.61,1.0668,2.54,0.2032,1.6002,1.4224,3.2512,1.8034,2,20,1,2
B00716,B00716_R1,2932,3,5,0.2032,1.9812,66.12,2.54,0.762,57.51,3,3,8.61,1.9812,2.032,1.9812,0.2032,2.3368,2.3368,2.9464,3,20,0,2
B00716,B00716_R2,2933,4,5,0.2032,1.9812,66.12,2.54,0.762,57.51,3,3,8.61,0.2032,0.762,2.54,1.6002,1.7272,2.9464,3.175,1,10,1,3
B00716,B00716_R2,2934,5,5,0.2032,1.9812,66.12,2.54,0.762,57.51,3,3,8.61,2.54,1.143,0.2032,1.9812,3.175,0.889,3.175,2,10,1,1
B00717,B00717_R2,2935,1,2,1.9812,0.2032,76.65,2.54,1.6002,90.27,3,4,-13.62,0.2032,0.762,1.6764,2.54,2.3368,3.175,3.2512,1,10,1,1
B00717,B00717_R1,2936,2,2,1.9812,0.2032,76.65,2.54,1.6002,90.27,3,4,-13.62,1.6764,0.2032,0.2032,1.9812,0.8128,2.2606,3.2512,2,30,0,1
B00718,B00718_R1,2937,1,4,0.2032,1.9812,58.71,1.6764,2.54,73.95,3,3,-15.24,0.2032,0.762,2.54,1.9812,1.7272,3.2512,3.556,1,10,0,2
B00718,B00718_R1,2938,2,4,0.2032,1.9812,58.71,1.6764,2.54,73.95,3,3,-15.24,0.4572,2.54,0.2032,1.6002,0.8128,1.7272,1.1938,2,20,0,1
B00718,B00718_R1,2939,3,4,0.2032,1.9812,58.71,1.6764,2.54,73.95,3,3,-15.24,2.54,1.9812,0.2032,1.6002,2.9464,1.4224,2.7178,2,10,0,3
B00718,B00718_R2,2940,4,4,0.2032,1.9812,58.71,1.6764,2.54,73.95,3,3,-15.24,1.9812,2.032,0.2032,1.9812,2.3368,0.8128,2.3368,2,20,1,1
B00719,B00719_R1,2941,1,7,0.2032,1.6002,71.83,0.2032,1.9812,65.33,4,3,6.5,1.6764,0.2032,0.2032,1.9812,2.8702,3.2512,3.2512,2,10,0,3
B00719,B00719_R1,2942,2,7,0.2032,1.6002,71.83,0.2032,1.9812,65.33,4,3,6.5,2.286,2.54,0.2032,1.6002,3.0226,2.6416,3.0226,2,10,0,2
B00719,B00719_R1,2943,3,7,0.2032,1.6002,71.83,0.2032,1.9812,65.33,4,3,6.5,0.2032,0.762,1.9812,2.032,1.3462,1.7272,3.556,1,10,0,1
B00719,B00719_R2,2944,4,7,0.2032,1.6002,71.83,0.2032,1.9812,65.33,4,3,6.5,0.4572,0.2032,1.0668,2.032,1.651,2.032,2.9464,3,20,1,4
B00719,B00719_R2,2945,5,7,0.2032,1.6002,71.83,0.2032,1.9812,65.33,4,3,6.5,0.2032,1.143,0.762,2.54,0.9652,1.3462,1.9558,1,20,1,1
B00719,B00719_R2,2946,6,7,0.2032,1.6002,71.83,0.2032,1.9812,65.33,4,3,6.5,1.0668,0.2032,0.2032,1.9812,2.2606,2.6416,2.6416,2,30,1,3
B00719,B00719_R2,2947,7,7,0.2032,1.6002,71.83,0.2032,1.9812,65.33,4,3,6.5,0.762,2.54,1.0668,0.2032,1.4986,1.1176,3.2512,3,30,1,2
B00720,B00720_R1,2948,1,6,0.2032,1.9812,118.73,1.0668,2.032,92.16,5,5,26.57,0.2032,1.143,1.9812,0.7112,1.3462,2.2606,2.7178,1,20,0,1
B00720,B00720_R2,2949,2,6,0.2032,1.9812,118.73,1.0668,2.032,92.16,5,5,26.57,2.54,1.9812,0.2032,1.6002,2.9464,2.032,2.7178,2,20,1,1
B00720,B00720_R2,2950,3,6,0.2032,1.9812,118.73,1.0668,2.032,92.16,5,5,26.57,1.0668,0.7112,0.2032,1.6002,2.6416,2.9464,2.2606,2,30,1,3
B00720,B00720_R1,2951,4,6,0.2032,1.9812,118.73,1.0668,2.032,92.16,5,5,26.57,1.0668,0.2032,0.2032,1.6002,2.6416,2.9464,2.2606,2,20,0,2
B00720,B00720_R2,2952,5,6,0.2032,1.9812,118.73,1.0668,2.032,92.16,5,5,26.57,0.762,0.7112,0.2032,1.9812,2.3368,3.2512,2.3368,2,10,1,4
B00720,B00720_R2,2953,6,6,0.2032,1.9812,118.73,1.0668,2.032,92.16,5,5,26.57,0.2032,0.762,0.762,0.2032,1.7272,2.6416,1.1176,1,10,1,2
B00721,B00721_R2,2954,1,7,0.2032,1.6002,119.23,0.2032,1.9812,142.46,5,7,-23.23,0.762,2.54,0.2032,1.9812,1.4986,1.1176,1.1176,2,20,1,1
B00721,B00721_R1,2955,2,7,0.2032,1.6002,119.23,0.2032,1.9812,142.46,5,7,-23.23,1.9812,0.2032,0.2032,1.6002,3.175,3.556,3.175,2,30,0,4
B00721,B00721_R2,2956,3,7,0.2032,1.6002,119.23,0.2032,1.9812,142.46,5,7,-23.23,2.54,1.143,0.2032,1.6002,2.794,3.175,2.794,2,10,1,2
B00721,B00721_R1,2957,4,7,0.2032,1.6002,119.23,0.2032,1.9812,142.46,5,7,-23.23,0.2032,0.762,1.6764,0.2032,1.3462,1.7272,2.032,1,10,0,2
B00721,B00721_R1,2958,5,7,0.2032,1.6002,119.23,0.2032,1.9812,142.46,5,7,-23.23,0.2032,0.762,0.4572,0.2032,1.3462,1.7272,0.8128,1,10,0,1
B00721,B00721_R1,2959,6,7,0.2032,1.6002,119.23,0.2032,1.9812,142.46,5,7,-23.23,2.286,0.2032,1.9812,0.2032,3.4798,3.8608,0.8128,3,20,0,3
B00721,B00721_R1,2960,7,7,0.2032,1.6002,119.23,0.2032,1.9812,142.46,5,7,-23.23,2.54,1.6002,0.2032,1.6002,2.3368,2.7178,2.3368,2,20,0,5
B00722,B00722_R1,2961,1,3,0.2032,1.6002,122.62,0.2032,1.6002,114.91,7,6,7.71,0.4572,2.54,1.6764,0.2032,1.1938,1.1938,3.556,3,10,0,1
B00722,B00722_R2,2962,2,3,0.2032,1.6002,122.62,0.2032,1.6002,114.91,7,6,7.71,0.2032,1.143,1.9812,0.2032,0.9652,0.9652,2.7178,1,10,1,1
B00722,B00722_R2,2963,3,3,0.2032,1.6002,122.62,0.2032,1.6002,114.91,7,6,7.71,1.0668,0.2032,0.2032,1.9812,2.2606,2.2606,2.6416,2,30,1,2
B00723,B00723_R1,2964,1,4,1.6764,0.2032,113.1,0.2032,1.9812,121.82,6,6,-8.72,2.54,1.143,0.2032,1.6002,1.8034,3.175,2.794,2,30,0,1
B00723,B00723_R1,2965,2,4,1.6764,0.2032,113.1,0.2032,1.9812,121.82,6,6,-8.72,0.2032,0.762,2.54,1.6002,2.032,1.7272,3.175,1,30,0,2
B00723,B00723_R2,2966,3,4,1.6764,0.2032,113.1,0.2032,1.9812,121.82,6,6,-8.72,0.762,2.54,0.2032,1.9812,3.2512,1.1176,1.1176,2,30,1,1
B00723,B00723_R2,2967,4,4,1.6764,0.2032,113.1,0.2032,1.9812,121.82,6,6,-8.72,2.286,2.54,0.2032,1.9812,2.9464,2.6416,2.6416,2,20,1,2
B00724,B00724_R1,2968,1,3,2.54,1.6002,112.73,0.2032,1.9812,95.48,5,5,17.25,2.286,0.2032,0.2032,1.6002,1.651,3.8608,3.4798,2,20,0,1
B00724,B00724_R2,2969,2,3,2.54,1.6002,112.73,0.2032,1.9812,95.48,5,5,17.25,0.4572,0.2032,0.2032,1.9812,3.4798,2.032,2.032,2,30,1,1
B00724,B00724_R2,2970,3,3,2.54,1.6002,112.73,0.2032,1.9812,95.48,5,5,17.25,0.762,0.2032,0.2032,1.9812,3.175,2.3368,2.3368,2,20,1,2
B00725,B00725_R2,2971,1,4,0.2032,1.6002,91.29,0.2032,1.9812,101.6,4,5,-10.31,2.286,2.54,0.2032,1.9812,3.0226,2.6416,2.6416,2,10,1,1
B00725,B00725_R1,2972,2,4,0.2032,1.6002,91.29,0.2032,1.9812,101.6,4,5,-10.31,1.6764,0.7112,1.9812,0.2032,2.8702,3.2512,0.8128,3,30,0,2
B00725,B00725_R1,2973,3,4,0.2032,1.6002,91.29,0.2032,1.9812,101.6,4,5,-10.31,0.2032,0.762,0.4572,0.2032,1.3462,1.7272,0.8128,1,10,0,1
B00725,B00725_R1,2974,4,4,0.2032,1.6002,91.29,0.2032,1.9812,101.6,4,5,-10.31,1.9812,0.2032,2.286,0.2032,3.175,3.556,0.8128,3,10,0,3
B00726,B00726_R1,2975,1,1,2.286,0.2032,89.86,0.2032,1.9812,99.2,5,4,-9.34,1.9812,0.7112,1.6764,2.032,0.8128,3.556,3.2512,3,10,0,1
B00727,B00727_R2,2976,1,1,1.6764,2.032,61.8,0.2032,1.9812,51.31,4,2,10.49,0.762,2.54,0.2032,1.6002,1.4224,1.1176,1.4986,2,10,1,1
B00728,B00728_R1,2977,1,5,1.6764,2.032,0.0,0.2032,1.6002,0.0,0,0,0.0,0.762,2.54,1.0668,0.2032,1.4224,1.4986,3.2512,3,30,0,1
B00728,B00728_R1,2978,2,5,1.6764,2.032,0.0,0.2032,1.6002,0.0,0,0,0.0,0.2032,0.762,2.54,1.9812,3.2512,1.3462,3.556,1,20,0,2
B00728,B00728_R2,2979,3,5,1.6764,2.032,0.0,0.2032,1.6002,0.0,0,0,0.0,0.762,0.7112,0.2032,1.6002,3.2512,1.9558,1.9558,2,30,1,2
B00728,B00728_R2,2980,4,5,1.6764,2.032,0.0,0.2032,1.6002,0.0,0,0,0.0,0.2032,0.762,1.0668,0.2032,3.2512,1.3462,1.4224,1,20,1,1
B00728,B00728_R2,2981,5,5,1.6764,2.032,0.0,0.2032,1.6002,0.0,0,0,0.0,0.2032,0.762,1.9812,2.54,3.2512,1.3462,3.556,1,30,1,3
B00729,B00729_R2,2982,1,2,2.54,1.9812,17.04,1.9812,2.54,36.07,1,2,-19.03,0.2032,1.143,1.6764,0.7112,3.175,3.175,2.413,1,10,1,1
B00729,B00729_R1,2983,2,2,2.54,1.9812,17.04,1.9812,2.54,36.07,1,2,-19.03,0.2032,1.143,2.54,1.9812,3.175,3.175,3.175,1,30,0,1
B00730,B00730_R1,2984,1,6,2.54,1.9812,0.0,1.6764,0.7112,20.14,0,1,-20.14,0.762,2.54,0.2032,1.6002,2.3368,3.2512,1.4986,2,20,0,3
B00730,B00730_R1,2985,2,6,2.54,1.9812,0.0,1.6764,0.7112,20.14,0,1,-20.14,1.9812,2.54,0.2032,1.9812,1.1176,3.2512,2.3368,2,10,0,1
B00730,B00730_R1,2986,3,6,2.54,1.9812,0.0,1.6764,0.7112,20.14,0,1,-20.14,0.2032,1.143,0.4572,2.54,3.175,2.413,1.651,1,20,0,2
B00730,B00730_R2,2987,4,6,2.54,1.9812,0.0,1.6764,0.7112,20.14,0,1,-20.14,0.4572,0.2032,0.2032,1.6002,3.8608,1.7272,1.651,2,30,1,1
B00730,B00730_R2,2988,5,6,2.54,1.9812,0.0,1.6764,0.7112,20.14,0,1,-20.14,0.2032,0.762,1.6764,2.54,3.556,2.032,3.2512,1,30,1,2
B00730,B00730_R1,2989,6,6,2.54,1.9812,0.0,1.6764,0.7112,20.14,0,1,-20.14,0.4572,0.2032,0.2032,1.9812,3.8608,1.7272,2.032,2,10,0,4
B00731,B00731_R2,2990,1,5,0.2032,1.9812,11.02,1.6764,2.54,0.0,1,0,11.02,2.54,1.6002,1.6764,2.54,2.7178,1.8034,1.8034,3,10,1,3
B00731,B00731_R2,2991,2,5,0.2032,1.9812,11.02,1.6764,2.54,0.0,1,0,11.02,1.0668,2.54,0.2032,1.6002,1.4224,1.1176,1.8034,2,10,1,1
B00731,B00731_R2,2992,3,5,0.2032,1.9812,11.02,1.6764,2.54,0.0,1,0,11.02,0.762,2.54,0.2032,1.6002,1.1176,1.4224,1.4986,2,30,1,2
B00731,B00731_R1,2993,4,5,0.2032,1.9812,11.02,1.6764,2.54,0.0,1,0,11.02,0.2032,1.143,2.286,2.54,1.3462,2.8702,3.4798,1,10,0,2
B00731,B00731_R1,2994,5,5,0.2032,1.9812,11.02,1.6764,2.54,0.0,1,0,11.02,1.0668,2.032,0.2032,1.6002,1.4224,1.1176,1.8034,2,20,0,1
B00732,B00732_R2,2995,1,4,2.286,2.54,23.55,1.6764,2.54,31.26,1,2,-7.71,0.2032,0.762,1.9812,0.2032,3.8608,3.2512,2.3368,1,20,1,2
B00732,B00732_R2,2996,2,4,2.286,2.54,23.55,1.6764,2.54,31.26,1,2,-7.71,0.4572,0.2032,0.2032,1.6002,4.1656,3.556,1.651,2,10,1,1
B00732,B00732_R1,2997,3,4,2.286,2.54,23.55,1.6764,2.54,31.26,1,2,-7.71,1.9812,2.54,0.2032,1.9812,0.8128,0.8128,2.3368,2,10,0,1
B00732,B00732_R1,2998,4,4,2.286,2.54,23.55,1.6764,2.54,31.26,1,2,-7.71,0.2032,0.762,2.286,0.2032,3.8608,3.2512,2.6416,1,10,0,2
B00733,B00733_R2,2999,1,5,2.286,0.2032,0.0,1.9812,0.2032,0.0,0,0,0.0,1.6764,0.7112,0.2032,1.6002,1.1176,0.8128,2.8702,2,30,1,3
B00733,B00733_R1,3000,2,5,2.286,0.2032,0.0,1.9812,0.2032,0.0,0,0,0.0,1.0668,2.032,0.2032,1.9812,3.556,3.2512,1.4224,2,10,0,2
B00733,B00733_R2,3001,3,5,2.286,0.2032,0.0,1.9812,0.2032,0.0,0,0,0.0,0.2032,1.143,0.762,0.7112,3.0226,2.7178,1.4986,1,10,1,1
B00733,B00733_R2,3002,4,5,2.286,0.2032,0.0,1.9812,0.2032,0.0,0,0,0.0,0.762,0.7112,1.9812,0.2032,2.032,1.7272,1.7272,3,20,1,2
B00733,B00733_R1,3003,5,5,2.286,0.2032,0.0,1.9812,0.2032,0.0,0,0,0.0,1.6764,0.2032,2.54,1.9812,1.1176,0.8128,2.6416,3,10,0,1
B00734,B00734_R1,3004,1,7,0.2032,1.9812,8.61,0.2032,1.6002,30.36,1,2,-21.75,0.762,2.032,0.2032,1.9812,1.1176,1.4986,1.1176,2,10,0,1
B00734,B00734_R2,3005,2,7,0.2032,1.9812,8.61,0.2032,1.6002,30.36,1,2,-21.75,1.9812,0.7112,0.2032,1.9812,3.556,3.175,3.556,2,20,1,2
B00734,B00734_R1,3006,3,7,0.2032,1.9812,8.61,0.2032,1.6002,30.36,1,2,-21.75,0.2032,0.762,0.762,2.54,1.7272,1.3462,2.3368,1,10,0,2
B00734,B00734_R2,3007,4,7,0.2032,1.9812,8.61,0.2032,1.6002,30.36,1,2,-21.75,1.6764,0.7112,1.6764,0.2032,3.2512,2.8702,0.508,3,20,1,1
B00734,B00734_R1,3008,5,7,0.2032,1.9812,8.61,0.2032,1.6002,30.36,1,2,-21.75,2.286,2.54,0.2032,1.6002,2.6416,3.0226,3.0226,2,20,0,3
B00734,B00734_R1,3009,6,7,0.2032,1.9812,8.61,0.2032,1.6002,30.36,1,2,-21.75,2.54,1.143,0.2032,1.6002,3.175,2.794,2.794,2,20,0,4
B00734,B00734_R2,3010,7,7,0.2032,1.9812,8.61,0.2032,1.6002,30.36,1,2,-21.75,2.54,1.6002,0.2032,1.6002,2.7178,2.3368,2.3368,2,30,1,3
B00735,B00735_R1,3011,1,2,0.2032,1.6002,71.74,0.2032,1.6002,54.21,3,3,17.53,1.6764,2.032,0.2032,1.6002,2.413,2.413,2.413,2,30,0,1
B00735,B00735_R2,3012,2,2,0.2032,1.6002,71.74,0.2032,1.6002,54.21,3,3,17.53,2.286,2.54,0.2032,1.6002,3.0226,3.0226,3.0226,2,30,1,1
B00736,B00736_R2,3013,1,3,0.2032,1.6002,53.11,0.2032,1.6002,55.81,2,2,-2.7,0.2032,1.143,1.6764,0.2032,0.9652,0.9652,2.413,1,30,1,1
B00736,B00736_R1,3014,2,3,0.2032,1.6002,53.11,0.2032,1.6002,55.81,2,2,-2.7,0.2032,0.762,0.762,0.2032,1.3462,1.3462,1.1176,1,30,0,2
B00736,B00736_R1,3015,3,3,0.2032,1.6002,53.11,0.2032,1.6002,55.81,2,2,-2.7,0.2032,1.143,0.762,0.2032,0.9652,0.9652,1.4986,1,20,0,1
B00737,B00737_R1,3016,1,5,0.762,0.2032,0.0,1.6764,0.2032,0.0,0,0,0.0,0.2032,1.143,1.9812,0.7112,1.4986,2.413,2.7178,1,10,0,3
B00737,B00737_R2,3017,2,5,0.762,0.2032,0.0,1.6764,0.2032,0.0,0,0,0.0,0.762,2.032,2.286,0.2032,2.9464,3.2512,3.8608,3,30,1,2
B00737,B00737_R1,3018,3,5,0.762,0.2032,0.0,1.6764,0.2032,0.0,0,0,0.0,2.286,0.2032,0.2032,1.9812,2.032,1.1176,3.8608,2,20,0,2
B00737,B00737_R2,3019,4,5,0.762,0.2032,0.0,1.6764,0.2032,0.0,0,0,0.0,0.2032,1.143,1.0668,2.54,1.4986,2.413,2.2606,1,10,1,1
B00737,B00737_R1,3020,5,5,0.762,0.2032,0.0,1.6764,0.2032,0.0,0,0,0.0,0.4572,0.2032,2.286,0.2032,0.8128,1.7272,2.3368,3,10,0,1
B00738,B00738_R2,3021,1,7,1.9812,0.7112,40.28,2.286,0.2032,18.24,2,1,22.04,2.286,2.54,0.2032,1.9812,2.6416,2.3368,2.6416,2,10,1,3
B00738,B00738_R1,3022,2,7,1.9812,0.7112,40.28,2.286,0.2032,18.24,2,1,22.04,0.2032,0.762,1.9812,0.2032,2.3368,2.6416,2.3368,1,30,0,3
B00738,B00738_R2,3023,3,7,1.9812,0.7112,40.28,2.286,0.2032,18.24,2,1,22.04,1.6764,2.54,0.2032,1.9812,3.2512,2.9464,2.032,2,10,1,4
B00738,B00738_R1,3024,4,7,1.9812,0.7112,40.28,2.286,0.2032,18.24,2,1,22.04,1.6764,0.2032,0.2032,1.9812,0.8128,1.1176,3.2512,2,30,0,2
B00738,B00738_R2,3025,5,7,1.9812,0.7112,40.28,2.286,0.2032,18.24,2,1,22.04,0.2032,1.143,1.9812,2.032,2.7178,3.0226,3.175,1,30,1,2
B00738,B00738_R2,3026,6,7,1.9812,0.7112,40.28,2.286,0.2032,18.24,2,1,22.04,2.54,0.762,0.2032,1.6002,1.1176,0.8128,3.175,2,30,1,1
B00738,B00738_R1,3027,7,7,1.9812,0.7112,40.28,2.286,0.2032,18.24,2,1,22.04,0.2032,0.762,1.6764,0.2032,2.3368,2.6416,2.032,1,20,0,1
B00739,B00739_R1,3028,1,1,1.9812,0.2032,57.1,0.2032,1.9812,61.22,3,3,-4.12,0.2032,0.762,0.762,2.54,2.3368,1.7272,2.3368,1,20,0,1
B00740,B00740_R2,3029,1,3,0.762,2.54,46.49,0.2032,1.9812,22.04,2,1,24.45,0.762,2.032,1.0668,2.54,0.508,1.1176,0.8128,3,10,1,1
B00740,B00740_R2,3030,2,3,0.762,2.54,46.49,0.2032,1.9812,22.04,2,1,24.45,0.2032,1.143,1.6764,2.54,1.9558,1.3462,2.8702,1,30,1,3
B00740,B00740_R2,3031,3,3,0.762,2.54,46.49,0.2032,1.9812,22.04,2,1,24.45,1.0668,2.54,0.2032,1.6002,0.8128,1.4224,1.8034,2,20,1,2
B00741,B00741_R2,3032,1,3,0.762,2.54,12.22,1.6764,2.54,40.47,1,3,-28.25,0.762,0.7112,0.2032,1.6002,2.9464,3.2512,1.9558,2,10,1,1
B00741,B00741_R1,3033,2,3,0.762,2.54,12.22,1.6764,2.54,40.47,1,3,-28.25,0.2032,0.762,1.6764,0.2032,2.3368,3.2512,2.032,1,30,0,1
B00741,B00741_R1,3034,3,3,0.762,2.54,12.22,1.6764,2.54,40.47,1,3,-28.25,1.9812,0.7112,0.2032,1.6002,3.556,3.2512,3.175,2,30,0,2
B00742,B00742_R2,3035,1,5,0.2032,1.6002,15.53,0.2032,1.6002,40.88,1,2,-25.35,0.2032,1.143,1.6764,2.54,0.9652,0.9652,2.8702,1,30,1,2
B00742,B00742_R1,3036,2,5,0.2032,1.6002,15.53,0.2032,1.6002,40.88,1,2,-25.35,0.762,2.032,0.2032,1.6002,1.4986,1.4986,1.4986,2,30,0,2
B00742,B00742_R2,3037,3,5,0.2032,1.6002,15.53,0.2032,1.6002,40.88,1,2,-25.35,0.2032,1.143,0.4572,2.54,0.9652,0.9652,1.651,1,30,1,1
B00742,B00742_R1,3038,4,5,0.2032,1.6002,15.53,0.2032,1.6002,40.88,1,2,-25.35,0.2032,1.143,0.762,2.032,0.9652,0.9652,1.9558,1,20,0,1
B00742,B00742_R1,3039,5,5,0.2032,1.6002,15.53,0.2032,1.6002,40.88,1,2,-25.35,1.9812,0.2032,0.2032,1.6002,3.175,3.175,3.175,2,10,0,3
B00743,B00743_R1,3040,1,3,0.2032,1.6002,42.99,1.6764,2.54,40.18,2,2,2.81,0.2032,1.143,0.4572,0.2032,0.9652,2.8702,1.1938,1,30,0,1
B00743,B00743_R1,3041,2,3,0.2032,1.6002,42.99,1.6764,2.54,40.18,2,2,2.81,0.2032,0.762,2.54,1.6002,1.3462,3.2512,3.175,1,20,0,2
B00743,B00743_R2,3042,3,3,0.2032,1.6002,42.99,1.6764,2.54,40.18,2,2,2.81,0.2032,1.143,1.6764,0.7112,0.9652,2.8702,2.413,1,30,1,1
B00744,B00744_R2,3043,1,3,2.54,1.6002,15.53,1.6764,0.7112,0.0,1,0,15.53,1.6764,2.54,1.0668,0.2032,1.8034,2.9464,2.9464,3,20,1,2
B00744,B00744_R1,3044,2,3,2.54,1.6002,15.53,1.6764,0.7112,0.0,1,0,15.53,1.9812,2.032,0.2032,1.6002,1.4986,3.2512,2.7178,2,10,0,1
B00744,B00744_R2,3045,3,3,2.54,1.6002,15.53,1.6764,0.7112,0.0,1,0,15.53,1.6764,2.032,0.2032,1.9812,1.8034,2.9464,2.032,2,30,1,1
B00745,B00745_R1,3046,1,3,0.2032,1.6002,0.0,1.0668,0.2032,14.63,0,1,-14.63,0.2032,1.143,1.0668,2.032,0.9652,1.8034,2.2606,1,10,0,1
B00745,B00745_R1,3047,2,3,0.2032,1.6002,0.0,1.0668,0.2032,14.63,0,1,-14.63,1.9812,0.2032,0.2032,1.9812,3.175,1.4224,3.556,2,20,0,2
B00745,B00745_R2,3048,3,3,0.2032,1.6002,0.0,1.0668,0.2032,14.63,0,1,-14.63,1.0668,0.2032,0.2032,1.6002,2.2606,0.0,2.2606,2,10,1,1
B00746,B00746_R2,3049,1,2,0.2032,1.9812,0.0,0.2032,1.6002,0.0,0,0,0.0,0.2032,0.762,2.54,1.9812,1.7272,1.3462,3.556,1,30,1,1
B00746,B00746_R1,3050,2,2,0.2032,1.9812,0.0,0.2032,1.6002,0.0,0,0,0.0,1.0668,0.2032,0.2032,1.6002,2.6416,2.2606,2.2606,2,30,0,1
B00747,B00747_R2,3051,1,4,0.2032,1.6002,0.0,2.54,1.9812,0.0,0,0,0.0,1.6764,0.2032,0.762,0.2032,2.8702,2.6416,1.4224,3,20,1,1
B00747,B00747_R2,3052,2,4,0.2032,1.6002,0.0,2.54,1.9812,0.0,0,0,0.0,0.2032,0.762,0.762,2.54,1.3462,3.556,2.3368,1,10,1,2
B00747,B00747_R1,3053,3,4,0.2032,1.6002,0.0,2.54,1.9812,0.0,0,0,0.0,0.2032,1.143,1.6764,0.2032,0.9652,3.175,2.413,1,30,0,2
B00747,B00747_R1,3054,4,4,0.2032,1.6002,0.0,2.54,1.9812,0.0,0,0,0.0,0.2032,1.143,0.762,0.2032,0.9652,3.175,1.4986,1,10,0,1
B00748,B00748_R2,3055,1,4,1.6764,0.2032,12.53,0.762,2.54,12.22,1,1,0.31,2.54,1.6002,0.2032,1.9812,2.2606,2.7178,2.7178,2,30,1,1
B00748,B00748_R1,3056,2,4,1.6764,0.2032,12.53,0.762,2.54,12.22,1,1,0.31,2.286,0.2032,0.2032,1.9812,1.1176,3.8608,3.8608,2,20,0,2
B00748,B00748_R1,3057,3,4,1.6764,0.2032,12.53,0.762,2.54,12.22,1,1,0.31,1.0668,0.2032,0.4572,0.2032,1.1176,3.2512,1.1176,3,30,0,1
B00748,B00748_R2,3058,4,4,1.6764,0.2032,12.53,0.762,2.54,12.22,1,1,0.31,0.762,0.7112,1.0668,2.032,1.4224,2.9464,3.2512,3,20,1,2
B00749,B00749_R2,3059,1,5,0.2032,1.9812,18.24,1.0668,2.032,28.06,1,1,-9.82,1.0668,2.54,0.2032,1.9812,1.4224,0.508,1.4224,2,30,1,1
B00749,B00749_R1,3060,2,5,0.2032,1.9812,18.24,1.0668,2.032,28.06,1,1,-9.82,2.54,1.9812,0.2032,1.6002,2.9464,2.032,2.7178,2,20,0,3
B00749,B00749_R2,3061,3,5,0.2032,1.9812,18.24,1.0668,2.032,28.06,1,1,-9.82,0.2032,1.143,0.762,0.2032,1.3462,2.2606,1.4986,1,30,1,2
B00749,B00749_R1,3062,4,5,0.2032,1.9812,18.24,1.0668,2.032,28.06,1,1,-9.82,0.762,2.54,0.2032,1.6002,1.1176,0.8128,1.4986,2,20,0,1
B00749,B00749_R1,3063,5,5,0.2032,1.9812,18.24,1.0668,2.032,28.06,1,1,-9.82,2.54,1.6002,1.6764,2.54,2.7178,2.413,1.8034,3,30,0,2
B00750,B00750_R2,3064,1,2,0.2032,1.6002,44.68,0.762,0.2032,17.23,2,1,27.45,0.2032,0.762,1.6764,0.7112,1.3462,1.1176,2.032,1,20,1,1
B00750,B00750_R2,3065,2,2,0.2032,1.6002,44.68,0.762,0.2032,17.23,2,1,27.45,1.6764,0.7112,0.2032,1.6002,2.8702,1.4224,2.8702,2,20,1,2
B00751,B00751_R1,3066,1,7,0.2032,1.6002,7.61,0.2032,1.6002,28.35,1,2,-20.74,0.762,0.2032,0.2032,1.6002,1.9558,1.9558,1.9558,2,30,0,3
B00751,B00751_R1,3067,2,7,0.2032,1.6002,7.61,0.2032,1.6002,28.35,1,2,-20.74,0.4572,0.2032,1.6764,2.032,1.651,1.651,3.556,3,20,0,4
B00751,B00751_R2,3068,3,7,0.2032,1.6002,7.61,0.2032,1.6002,28.35,1,2,-20.74,0.762,0.2032,2.286,0.2032,1.9558,1.9558,2.032,3,30,1,1
B00751,B00751_R1,3069,4,7,0.2032,1.6002,7.61,0.2032,1.6002,28.35,1,2,-20.74,1.0668,2.032,0.2032,1.6002,1.8034,1.8034,1.8034,2,20,0,2
B00751,B00751_R1,3070,5,7,0.2032,1.6002,7.61,0.2032,1.6002,28.35,1,2,-20.74,1.0668,2.54,0.2032,1.9812,1.8034,1.8034,1.4224,2,30,0,1
B00751,B00751_R2,3071,6,7,0.2032,1.6002,7.61,0.2032,1.6002,28.35,1,2,-20.74,2.54,0.762,0.2032,1.6002,3.175,3.175,3.175,2,10,1,2
B00751,B00751_R2,3072,7,7,0.2032,1.6002,7.61,0.2032,1.6002,28.35,1,2,-20.74,1.0668,2.54,2.54,1.6002,1.8034,1.8034,2.413,3,30,1,3
B00752,B00752_R1,3073,1,2,1.6764,2.032,58.11,2.54,1.6002,55.4,3,3,2.71,0.2032,1.143,0.4572,2.54,2.8702,2.794,1.651,1,10,0,1
B00752,B00752_R2,3074,2,2,1.6764,2.032,58.11,2.54,1.6002,55.4,3,3,2.71,2.54,1.6002,2.54,1.143,1.8034,0.0,0.9652,3,20,1,1
B00753,B00753_R2,3075,1,3,0.4572,2.54,50.4,2.54,1.143,32.45,2,2,17.95,2.54,1.143,0.2032,1.9812,3.4798,0.0,3.175,2,20,1,1
B00753,B00753_R2,3076,2,3,0.4572,2.54,50.4,2.54,1.143,32.45,2,2,17.95,1.0668,0.7112,0.2032,1.9812,2.9464,2.413,2.6416,2,10,1,2
B00753,B00753_R1,3077,3,3,0.4572,2.54,50.4,2.54,1.143,32.45,2,2,17.95,2.286,2.54,1.9812,2.032,2.3368,1.651,0.8128,3,20,0,1
B00754,B00754_R1,3078,1,3,1.9812,2.032,18.43,0.2032,1.9812,45.39,1,2,-26.96,0.2032,0.762,2.54,1.9812,3.556,1.7272,3.556,1,30,0,2
B00754,B00754_R2,3079,2,3,1.9812,2.032,18.43,0.2032,1.9812,45.39,1,2,-26.96,0.2032,1.143,1.0668,2.54,3.175,1.3462,2.2606,1,20,1,1
B00754,B00754_R1,3080,3,3,1.9812,2.032,18.43,0.2032,1.9812,45.39,1,2,-26.96,0.2032,1.143,1.6764,0.2032,3.175,1.3462,2.413,1,10,0,1
B00755,B00755_R2,3081,1,5,2.54,1.9812,40.59,1.0668,2.54,29.06,2,2,11.53,0.2032,1.143,1.9812,2.032,3.175,2.2606,3.175,1,20,1,3
B00755,B00755_R2,3082,2,5,2.54,1.9812,40.59,1.0668,2.54,29.06,2,2,11.53,1.0668,0.2032,0.2032,1.6002,3.2512,2.9464,2.2606,2,20,1,1
B00755,B00755_R1,3083,3,5,2.54,1.9812,40.59,1.0668,2.54,29.06,2,2,11.53,1.6764,0.2032,0.2032,1.6002,2.6416,2.9464,2.8702,2,30,0,1
B00755,B00755_R2,3084,4,5,2.54,1.9812,40.59,1.0668,2.54,29.06,2,2,11.53,0.2032,0.762,1.0668,2.032,3.556,2.6416,2.6416,1,30,1,2
B00755,B00755_R1,3085,5,5,2.54,1.9812,40.59,1.0668,2.54,29.06,2,2,11.53,0.2032,1.143,1.9812,2.032,3.175,2.2606,3.175,1,10,0,2
B00756,B00756_R2,3086,1,4,1.9812,2.032,0.0,1.9812,2.032,27.46,0,1,-27.46,1.9812,0.2032,0.4572,2.54,2.9464,2.9464,3.8608,3,30,1,1
B00756,B00756_R1,3087,2,4,1.9812,2.032,0.0,1.9812,2.032,27.46,0,1,-27.46,0.762,0.7112,0.2032,1.9812,3.556,3.556,2.3368,2,20,0,1
B00756,B00756_R1,3088,3,4,1.9812,2.032,0.0,1.9812,2.032,27.46,0,1,-27.46,0.2032,1.143,1.9812,2.54,3.175,3.175,3.175,1,20,0,2
B00756,B00756_R1,3089,4,4,1.9812,2.032,0.0,1.9812,2.032,27.46,0,1,-27.46,1.9812,0.2032,0.2032,1.9812,2.9464,2.9464,3.556,2,10,0,3
B00757,B00757_R2,3090,1,1,0.2032,1.9812,47.2,0.4572,2.54,6.71,2,1,40.49,0.2032,0.762,1.6764,2.032,1.7272,2.032,3.2512,1,30,1,1
B00758,B00758_R2,3091,1,5,0.2032,1.9812,0.0,1.6764,2.032,0.0,0,0,0.0,1.6764,2.032,1.0668,2.032,2.032,0.0,1.1176,3,20,1,2
B00758,B00758_R1,3092,2,5,0.2032,1.9812,0.0,1.6764,2.032,0.0,0,0,0.0,0.2032,0.762,1.0668,0.2032,1.7272,3.2512,1.4224,1,30,0,2
B00758,B00758_R1,3093,3,5,0.2032,1.9812,0.0,1.6764,2.032,0.0,0,0,0.0,0.2032,1.143,0.762,0.7112,1.3462,2.8702,1.4986,1,30,0,1
B00758,B00758_R2,3094,4,5,0.2032,1.9812,0.0,1.6764,2.032,0.0,0,0,0.0,0.2032,1.143,0.762,2.54,1.3462,2.8702,1.9558,1,30,1,3
B00758,B00758_R2,3095,5,5,0.2032,1.9812,0.0,1.6764,2.032,0.0,0,0,0.0,1.9812,2.032,2.286,2.54,2.3368,0.8128,0.8128,3,20,1,1
B00759,B00759_R1,3096,1,2,1.0668,0.2032,8.61,0.762,2.54,30.05,1,2,-21.44,0.2032,0.762,1.0668,2.54,1.4224,2.3368,2.6416,1,20,0,2
B00759,B00759_R1,3097,2,2,1.0668,0.2032,8.61,0.762,2.54,30.05,1,2,-21.44,0.762,0.2032,0.2032,1.6002,0.8128,2.9464,1.9558,2,20,0,1
B00760,B00760_R1,3098,1,3,1.0668,2.54,13.43,0.762,2.54,0.0,1,0,13.43,2.54,1.143,0.2032,1.9812,2.8702,3.175,3.175,2,10,0,1
B00760,B00760_R2,3099,2,3,1.0668,2.54,13.43,0.762,2.54,0.0,1,0,13.43,0.2032,1.143,1.0668,2.54,2.2606,1.9558,2.2606,1,20,1,1
B00760,B00760_R2,3100,3,3,1.0668,2.54,13.43,0.762,2.54,0.0,1,0,13.43,1.6764,0.7112,0.2032,1.6002,2.9464,3.2512,2.8702,2,20,1,2
B00761,B00761_R1,3101,1,5,0.2032,1.9812,0.0,0.2032,1.6002,14.33,0,1,-14.33,2.286,2.54,2.54,1.9812,2.6416,3.0226,0.8128,3,20,0,1
B00761,B00761_R1,3102,2,5,0.2032,1.9812,0.0,0.2032,1.6002,14.33,0,1,-14.33,1.6764,2.54,0.2032,1.6002,2.032,2.413,2.413,2,10,0,2
B00761,B00761_R2,3103,3,5,0.2032,1.9812,0.0,0.2032,1.6002,14.33,0,1,-14.33,0.2032,1.143,1.6764,0.2032,1.3462,0.9652,2.413,1,30,1,1
B00761,B00761_R1,3104,4,5,0.2032,1.9812,0.0,0.2032,1.6002,14.33,0,1,-14.33,1.0668,2.54,0.2032,1.6002,1.4224,1.8034,1.8034,2,30,0,3
B00761,B00761_R2,3105,5,5,0.2032,1.9812,0.0,0.2032,1.6002,14.33,0,1,-14.33,2.286,0.2032,0.2032,1.9812,3.8608,3.4798,3.8608,2,30,1,2
B00762,B00762_R1,3106,1,4,0.2032,1.6002,32.77,0.2032,1.9812,24.65,2,1,8.12,0.2032,1.143,1.6764,0.2032,0.9652,1.3462,2.413,1,10,0,1
B00762,B00762_R1,3107,2,4,0.2032,1.6002,32.77,0.2032,1.9812,24.65,2,1,8.12,0.2032,0.762,0.4572,2.54,1.3462,1.7272,2.032,1,20,0,2
B00762,B00762_R2,3108,3,4,0.2032,1.6002,32.77,0.2032,1.9812,24.65,2,1,8.12,1.0668,2.54,0.2032,1.6002,1.8034,1.4224,1.8034,2,20,1,1
B00762,B00762_R2,3109,4,4,0.2032,1.6002,32.77,0.2032,1.9812,24.65,2,1,8.12,0.2032,0.762,1.6764,0.2032,1.3462,1.7272,2.032,1,20,1,2
B00763,B00763_R2,3110,1,1,0.4572,2.54,40.37,1.6764,0.2032,19.34,2,1,21.03,2.54,1.143,1.9812,2.54,3.4798,1.8034,1.9558,3,30,1,1
B00764,B00764_R2,3111,1,6,0.4572,2.54,0.0,1.9812,2.54,10.72,0,1,-10.72,2.54,1.9812,0.2032,1.9812,2.6416,1.1176,2.9464,2,20,1,1
B00764,B00764_R2,3112,2,6,0.4572,2.54,0.0,1.9812,2.54,10.72,0,1,-10.72,1.9812,0.2032,0.2032,1.9812,3.8608,2.9464,3.556,2,10,1,3
B00764,B00764_R1,3113,3,6,0.4572,2.54,0.0,1.9812,2.54,10.72,0,1,-10.72,1.9812,0.2032,0.2032,1.6002,3.8608,2.9464,3.175,2,10,0,2
B00764,B00764_R2,3114,4,6,0.4572,2.54,0.0,1.9812,2.54,10.72,0,1,-10.72,0.2032,1.143,2.286,2.54,1.651,3.175,3.4798,1,10,1,2
B00764,B00764_R1,3115,5,6,0.4572,2.54,0.0,1.9812,2.54,10.72,0,1,-10.72,0.2032,1.143,0.762,2.54,1.651,3.175,1.9558,1,10,0,1
B00764,B00764_R1,3116,6,6,0.4572,2.54,0.0,1.9812,2.54,10.72,0,1,-10.72,1.0668,0.2032,0.2032,1.9812,2.9464,3.2512,2.6416,2,30,0,3
B00765,B00765_R1,3117,1,3,0.2032,1.9812,40.88,0.2032,1.9812,47.2,2,2,-6.32,0.2032,1.143,1.6764,0.2032,1.3462,1.3462,2.413,1,10,0,2
B00765,B00765_R2,3118,2,3,0.2032,1.9812,40.88,0.2032,1.9812,47.2,2,2,-6.32,1.9812,2.54,0.2032,1.9812,2.3368,2.3368,2.3368,2,30,1,1
B00765,B00765_R1,3119,3,3,0.2032,1.9812,40.88,0.2032,1.9812,47.2,2,2,-6.32,1.6764,2.032,0.2032,1.6002,2.032,2.032,2.413,2,10,0,1
B00766,B00766_R1,3120,1,3,1.6764,0.2032,42.89,0.2032,1.9812,24.45,2,1,18.44,2.286,2.54,0.2032,1.6002,2.9464,2.6416,3.0226,2,20,0,1
B00766,B00766_R2,3121,2,3,1.6764,0.2032,42.89,0.2032,1.9812,24.45,2,1,18.44,0.2032,1.143,2.286,0.2032,2.413,1.3462,3.0226,1,30,1,2
B00766,B00766_R2,3122,3,3,1.6764,0.2032,42.89,0.2032,1.9812,24.45,2,1,18.44,1.6764,2.54,0.2032,1.9812,2.9464,2.032,2.032,2,30,1,1
B00767,B00767_R2,3123,1,5,0.2032,1.6002,0.0,2.286,0.2032,0.0,0,0,0.0,2.54,1.143,0.2032,1.9812,2.794,1.1938,3.175,2,30,1,3
B00767,B00767_R1,3124,2,5,0.2032,1.6002,0.0,2.286,0.2032,0.0,0,0,0.0,2.54,1.9812,0.2032,1.6002,2.7178,2.032,2.7178,2,20,0,2
B00767,B00767_R1,3125,3,5,0.2032,1.6002,0.0,2.286,0.2032,0.0,0,0,0.0,0.2032,0.762,1.6764,2.032,1.3462,2.6416,3.2512,1,10,0,1
B00767,B00767_R2,3126,4,5,0.2032,1.6002,0.0,2.286,0.2032,0.0,0,0,0.0,1.9812,0.7112,0.2032,1.9812,3.175,0.8128,3.556,2,30,1,1
B00767,B00767_R2,3127,5,5,0.2032,1.6002,0.0,2.286,0.2032,0.0,0,0,0.0,0.762,2.032,0.2032,1.9812,1.4986,3.8608,1.1176,2,20,1,2
B00768,B00768_R1,3128,1,4,0.2032,1.6002,13.73,0.2032,1.9812,38.48,1,2,-24.75,1.9812,0.2032,1.6764,0.2032,3.175,3.556,0.8128,3,10,0,2
B00768,B00768_R2,3129,2,4,0.2032,1.6002,13.73,0.2032,1.9812,38.48,1,2,-24.75,1.9812,2.54,0.2032,1.6002,2.7178,2.3368,2.7178,2,30,1,1
B00768,B00768_R1,3130,3,4,0.2032,1.6002,13.73,0.2032,1.9812,38.48,1,2,-24.75,1.0668,0.2032,0.2032,1.6002,2.2606,2.6416,2.2606,2,30,0,3
B00768,B00768_R1,3131,4,4,0.2032,1.6002,13.73,0.2032,1.9812,38.48,1,2,-24.75,0.2032,0.762,1.6764,0.7112,1.3462,1.7272,2.032,1,30,0,1
B00769,B00769_R2,3132,1,3,0.2032,1.6002,0.0,0.2032,1.6002,0.0,0,0,0.0,0.2032,0.762,1.6764,2.032,1.3462,1.3462,3.2512,1,30,1,1
B00769,B00769_R1,3133,2,3,0.2032,1.6002,0.0,0.2032,1.6002,0.0,0,0,0.0,2.54,1.143,0.2032,1.9812,2.794,2.794,3.175,2,30,0,1
B00769,B00769_R2,3134,3,3,0.2032,1.6002,0.0,0.2032,1.6002,0.0,0,0,0.0,2.286,0.2032,1.0668,0.7112,3.4798,3.4798,1.7272,3,30,1,2
B00770,B00770_R1,3135,1,6,0.2032,1.9812,0.0,1.0668,0.7112,9.82,0,1,-9.82,0.2032,0.762,1.6764,2.54,1.7272,1.4224,3.2512,1,30,0,3
B00770,B00770_R1,3136,2,6,0.2032,1.9812,0.0,1.0668,0.7112,9.82,0,1,-9.82,0.2032,0.762,1.6764,2.032,1.7272,1.4224,3.2512,1,30,0,4
B00770,B00770_R1,3137,3,6,0.2032,1.9812,0.0,1.0668,0.7112,9.82,0,1,-9.82,0.2032,1.143,0.4572,0.2032,1.3462,1.8034,1.1938,1,20,0,1
B00770,B00770_R2,3138,4,6,0.2032,1.9812,0.0,1.0668,0.7112,9.82,0,1,-9.82,1.0668,0.7112,0.2032,1.9812,2.6416,0.0,2.6416,2,30,1,1
B00770,B00770_R2,3139,5,6,0.2032,1.9812,0.0,1.0668,0.7112,9.82,0,1,-9.82,0.2032,0.762,2.54,1.9812,1.7272,1.4224,3.556,1,10,1,2
B00770,B00770_R1,3140,6,6,0.2032,1.9812,0.0,1.0668,0.7112,9.82,0,1,-9.82,0.2032,0.762,0.4572,0.2032,1.7272,1.4224,0.8128,1,20,0,2
B00771,B00771_R1,3141,1,1,1.6764,2.032,0.0,2.54,1.9812,0.0,0,0,0.0,0.2032,0.762,2.54,1.9812,3.2512,3.556,3.556,1,20,0,1
B00772,B00772_R1,3142,1,4,2.54,1.9812,0.0,2.54,1.9812,0.0,0,0,0.0,1.6764,0.2032,0.2032,1.6002,2.6416,2.6416,2.8702,2,30,0,1
B00772,B00772_R2,3143,2,4,2.54,1.9812,0.0,2.54,1.9812,0.0,0,0,0.0,0.4572,2.54,1.0668,2.032,2.6416,2.6416,1.1176,3,20,1,2
B00772,B00772_R1,3144,3,4,2.54,1.9812,0.0,2.54,1.9812,0.0,0,0,0.0,0.4572,0.2032,0.2032,1.6002,3.8608,3.8608,1.651,2,10,0,2
B00772,B00772_R2,3145,4,4,2.54,1.9812,0.0,2.54,1.9812,0.0,0,0,0.0,1.6764,0.2032,0.2032,1.9812,2.6416,2.6416,3.2512,2,10,1,1
B00773,B00773_R1,3146,1,4,0.2032,1.6002,9.52,1.0668,2.032,7.41,1,1,2.11,0.2032,0.762,1.6764,2.032,1.3462,2.6416,3.2512,1,10,0,2
B00773,B00773_R2,3147,2,4,0.2032,1.6002,9.52,1.0668,2.032,7.41,1,1,2.11,0.762,0.7112,0.2032,1.9812,1.9558,3.2512,2.3368,2,10,1,2
B00773,B00773_R1,3148,3,4,0.2032,1.6002,9.52,1.0668,2.032,7.41,1,1,2.11,0.2032,0.762,0.762,2.032,1.3462,2.6416,2.3368,1,20,0,1
B00773,B00773_R2,3149,4,4,0.2032,1.6002,9.52,1.0668,2.032,7.41,1,1,2.11,0.2032,1.143,1.9812,0.7112,0.9652,2.2606,2.7178,1,30,1,1
B00774,B00774_R1,3150,1,3,1.6764,2.032,0.0,0.2032,1.9812,0.0,0,0,0.0,1.9812,2.032,1.0668,0.7112,0.8128,2.3368,3.2512,3,20,0,1
B00774,B00774_R1,3151,2,3,1.6764,2.032,0.0,0.2032,1.9812,0.0,0,0,0.0,1.6764,0.7112,0.2032,1.9812,2.9464,3.2512,3.2512,2,20,0,2
B00774,B00774_R2,3152,3,3,1.6764,2.032,0.0,0.2032,1.9812,0.0,0,0,0.0,0.2032,1.143,2.286,2.54,2.8702,1.3462,3.4798,1,30,1,1
B00775,B00775_R2,3153,1,5,0.2032,1.9812,15.83,2.286,2.54,0.0,1,0,15.83,0.762,0.2032,1.9812,2.54,2.3368,3.8608,3.556,3,30,1,3
B00775,B00775_R2,3154,2,5,0.2032,1.9812,15.83,2.286,2.54,0.0,1,0,15.83,2.54,1.143,0.2032,1.6002,3.175,1.651,2.794,2,20,1,1
B00775,B00775_R2,3155,3,5,0.2032,1.9812,15.83,2.286,2.54,0.0,1,0,15.83,0.2032,0.762,0.4572,0.2032,1.7272,3.8608,0.8128,1,30,1,2
B00775,B00775_R1,3156,4,5,0.2032,1.9812,15.83,2.286,2.54,0.0,1,0,15.83,0.4572,2.54,1.0668,2.54,0.8128,2.3368,1.1176,3,30,0,1
B00775,B00775_R1,3157,5,5,0.2032,1.9812,15.83,2.286,2.54,0.0,1,0,15.83,0.2032,0.762,1.9812,2.54,1.7272,3.8608,3.556,1,30,0,2
B00776,B00776_R2,3158,1,4,1.9812,2.54,22.54,1.9812,2.54,29.46,1,2,-6.92,0.2032,1.143,1.6764,2.032,3.175,3.175,2.8702,1,20,1,2
B00776,B00776_R1,3159,2,4,1.9812,2.54,22.54,1.9812,2.54,29.46,1,2,-6.92,0.2032,0.762,1.6764,2.032,3.556,3.556,3.2512,1,20,0,2
B00776,B00776_R2,3160,3,4,1.9812,2.54,22.54,1.9812,2.54,29.46,1,2,-6.92,2.54,1.6002,0.2032,1.6002,1.4986,1.4986,2.3368,2,10,1,1
B00776,B00776_R1,3161,4,4,1.9812,2.54,22.54,1.9812,2.54,29.46,1,2,-6.92,0.2032,0.762,0.4572,0.2032,3.556,3.556,0.8128,1,20,0,1
B00777,B00777_R1,3162,1,1,1.6764,2.032,22.04,1.6764,2.032,33.36,1,2,-11.32,2.286,0.2032,1.0668,0.2032,2.9464,2.9464,1.7272,3,10,0,1
B00778,B00778_R2,3163,1,3,1.0668,0.2032,9.82,1.6764,2.032,0.0,1,0,9.82,0.762,2.54,0.4572,0.2032,3.2512,1.4224,2.6416,3,20,1,2
B00778,B00778_R1,3164,2,3,1.0668,0.2032,9.82,1.6764,2.032,0.0,1,0,9.82,0.2032,0.762,2.286,2.54,1.4224,3.2512,3.8608,1,30,0,1
B00778,B00778_R2,3165,3,3,1.0668,0.2032,9.82,1.6764,2.032,0.0,1,0,9.82,0.762,2.54,0.4572,2.54,3.2512,1.4224,0.8128,3,20,1,1
B00779,B00779_R1,3166,1,5,2.286,2.54,0.0,0.4572,0.2032,13.43,0,1,-13.43,0.2032,0.762,1.9812,0.2032,3.8608,0.8128,2.3368,1,30,0,3
B00779,B00779_R1,3167,2,5,2.286,2.54,0.0,0.4572,0.2032,13.43,0,1,-13.43,2.54,1.6002,0.2032,1.6002,1.1938,3.4798,2.3368,2,20,0,1
B00779,B00779_R2,3168,3,5,2.286,2.54,0.0,0.4572,0.2032,13.43,0,1,-13.43,0.2032,1.143,0.762,2.54,3.4798,1.1938,1.9558,1,20,1,2
B00779,B00779_R2,3169,4,5,2.286,2.54,0.0,0.4572,0.2032,13.43,0,1,-13.43,0.2032,1.143,0.4572,2.54,3.4798,1.1938,1.651,1,20,1,1
B00779,B00779_R1,3170,5,5,2.286,2.54,0.0,0.4572,0.2032,13.43,0,1,-13.43,0.2032,1.143,0.4572,0.2032,3.4798,1.1938,1.1938,1,30,0,2
B00780,B00780_R1,3171,1,5,1.9812,0.2032,26.14,0.762,2.54,10.72,2,1,15.42,1.6764,0.7112,1.0668,0.7112,0.8128,3.2512,1.1176,3,20,0,1
B00780,B00780_R2,3172,2,5,1.9812,0.2032,26.14,0.762,2.54,10.72,2,1,15.42,2.286,2.54,0.2032,1.6002,2.6416,2.032,3.0226,2,30,1,3
B00780,B00780_R2,3173,3,5,1.9812,0.2032,26.14,0.762,2.54,10.72,2,1,15.42,0.4572,2.54,0.2032,1.9812,3.8608,0.8128,0.8128,2,20,1,1
B00780,B00780_R2,3174,4,5,1.9812,0.2032,26.14,0.762,2.54,10.72,2,1,15.42,0.2032,1.143,1.6764,0.7112,2.7178,1.9558,2.413,1,10,1,2
B00780,B00780_R1,3175,5,5,1.9812,0.2032,26.14,0.762,2.54,10.72,2,1,15.42,0.4572,0.2032,0.2032,1.9812,2.032,2.6416,2.032,2,20,0,2
B00781,B00781_R1,3176,1,5,0.2032,1.9812,0.0,0.2032,1.6002,3.0,0,1,-3.0,0.2032,0.762,1.6764,0.2032,1.7272,1.3462,2.032,1,30,0,2
B00781,B00781_R2,3177,2,5,0.2032,1.9812,0.0,0.2032,1.6002,3.0,0,1,-3.0,0.4572,0.2032,0.2032,1.9812,2.032,1.651,2.032,2,30,1,2
B00781,B00781_R1,3178,3,5,0.2032,1.9812,0.0,0.2032,1.6002,3.0,0,1,-3.0,1.9812,0.7112,0.2032,1.9812,3.556,3.175,3.556,2,20,0,3
B00781,B00781_R2,3179,4,5,0.2032,1.9812,0.0,0.2032,1.6002,3.0,0,1,-3.0,0.762,0.7112,0.2032,1.6002,2.3368,1.9558,1.9558,2,20,1,1
B00781,B00781_R1,3180,5,5,0.2032,1.9812,0.0,0.2032,1.6002,3.0,0,1,-3.0,1.0668,2.54,0.2032,1.6002,1.4224,1.8034,1.8034,2,20,0,1
B00782,B00782_R1,3181,1,2,0.2032,1.9812,0.0,0.2032,1.9812,0.0,0,0,0.0,0.2032,0.762,1.9812,2.032,1.7272,1.7272,3.556,1,30,0,1
B00782,B00782_R2,3182,2,2,0.2032,1.9812,0.0,0.2032,1.9812,0.0,0,0,0.0,1.9812,2.032,1.6764,2.54,2.3368,2.3368,0.8128,3,10,1,1
B00783,B00783_R2,3183,1,3,1.9812,2.032,0.0,1.6764,2.54,0.0,0,0,0.0,0.2032,1.143,1.0668,0.7112,3.175,2.8702,1.8034,1,20,1,2
B00783,B00783_R1,3184,2,3,1.9812,2.032,0.0,1.6764,2.54,0.0,0,0,0.0,0.2032,0.762,1.9812,0.2032,3.556,3.2512,2.3368,1,20,0,1
B00783,B00783_R2,3185,3,3,1.9812,2.032,0.0,1.6764,2.54,0.0,0,0,0.0,0.762,2.54,0.2032,1.6002,1.7272,1.4224,1.4986,2,10,1,1
B00784,B00784_R1,3186,1,3,1.9812,0.2032,0.0,1.0668,0.7112,0.0,0,0,0.0,0.2032,0.762,1.9812,2.032,2.3368,1.4224,3.556,1,30,0,1
B00784,B00784_R2,3187,2,3,1.9812,0.2032,0.0,1.0668,0.7112,0.0,0,0,0.0,0.2032,0.762,1.9812,2.54,2.3368,1.4224,3.556,1,30,1,2
B00784,B00784_R2,3188,3,3,1.9812,0.2032,0.0,1.0668,0.7112,0.0,0,0,0.0,0.2032,1.143,1.9812,0.2032,2.7178,1.8034,2.7178,1,30,1,1
B00785,B00785_R2,3189,1,2,1.9812,2.032,0.0,1.9812,2.54,17.04,0,1,-17.04,0.2032,1.143,1.9812,0.2032,3.175,3.175,2.7178,1,30,1,1
B00785,B00785_R1,3190,2,2,1.9812,2.032,0.0,1.9812,2.54,17.04,0,1,-17.04,0.4572,0.2032,0.2032,1.9812,3.8608,3.8608,2.032,2,30,0,1
B00786,B00786_R2,3191,1,4,0.2032,1.9812,0.0,1.9812,0.2032,0.0,0,0,0.0,0.2032,0.762,2.54,1.143,1.7272,2.3368,2.7178,1,20,1,2
B00786,B00786_R2,3192,2,4,0.2032,1.9812,0.0,1.9812,0.2032,0.0,0,0,0.0,2.286,0.2032,0.2032,1.9812,3.8608,0.8128,3.8608,2,20,1,1
B00786,B00786_R1,3193,3,4,0.2032,1.9812,0.0,1.9812,0.2032,0.0,0,0,0.0,0.2032,0.762,1.6764,0.7112,1.7272,2.3368,2.032,1,20,0,1
B00786,B00786_R1,3194,4,4,0.2032,1.9812,0.0,1.9812,0.2032,0.0,0,0,0.0,0.2032,0.762,2.54,0.762,1.7272,2.3368,2.9464,1,20,0,2
B00787,B00787_R1,3195,1,5,2.54,0.762,14.63,2.54,1.143,13.73,1,1,0.9,0.2032,1.143,1.6764,0.7112,2.7178,2.3368,2.413,1,20,0,2
B00787,B00787_R1,3196,2,5,2.54,0.762,14.63,2.54,1.143,13.73,1,1,0.9,2.54,1.9812,2.54,1.143,1.7272,1.3462,1.3462,3,30,0,1
B00787,B00787_R2,3197,3,5,2.54,0.762,14.63,2.54,1.143,13.73,1,1,0.9,2.54,1.6002,0.2032,1.6002,1.3462,0.9652,2.3368,2,30,1,1
B00787,B00787_R2,3198,4,5,2.54,0.762,14.63,2.54,1.143,13.73,1,1,0.9,0.4572,2.54,0.2032,1.9812,3.8608,3.4798,0.8128,2,30,1,2
B00787,B00787_R2,3199,5,5,2.54,0.762,14.63,2.54,1.143,13.73,1,1,0.9,0.762,2.54,1.9812,2.032,3.556,3.175,1.7272,3,20,1,3
B00788,B00788_R2,3200,1,7,1.6764,0.7112,24.75,1.9812,2.032,23.44,1,2,1.31,0.2032,0.762,0.762,2.54,2.032,3.556,2.3368,1,10,1,4
B00788,B00788_R1,3201,2,7,1.6764,0.7112,24.75,1.9812,2.032,23.44,1,2,1.31,2.54,1.143,2.54,1.9812,1.8034,1.9558,1.3462,3,30,0,2
B00788,B00788_R2,3202,3,7,1.6764,0.7112,24.75,1.9812,2.032,23.44,1,2,1.31,0.2032,0.762,0.762,2.032,2.032,3.556,2.3368,1,10,1,3
B00788,B00788_R1,3203,4,7,1.6764,0.7112,24.75,1.9812,2.032,23.44,1,2,1.31,0.762,0.7112,1.9812,2.032,1.4224,3.556,3.556,3,30,0,3
B00788,B00788_R2,3204,5,7,1.6764,0.7112,24.75,1.9812,2.032,23.44,1,2,1.31,0.2032,1.143,0.762,0.2032,2.413,3.175,1.4986,1,20,1,2
B00788,B00788_R1,3205,6,7,1.6764,0.7112,24.75,1.9812,2.032,23.44,1,2,1.31,0.4572,0.2032,2.54,1.143,1.7272,3.8608,3.0226,3,20,0,1
B00788,B00788_R2,3206,7,7,1.6764,0.7112,24.75,1.9812,2.032,23.44,1,2,1.31,2.54,1.9812,0.2032,1.6002,2.6416,1.1176,2.7178,2,20,1,1
B00789,B00789_R1,3207,1,2,1.9812,2.032,45.38,0.762,2.54,80.96,2,4,-35.58,1.0668,0.2032,0.2032,1.6002,3.2512,3.2512,2.2606,2,20,0,2
B00789,B00789_R1,3208,2,2,1.9812,2.032,45.38,0.762,2.54,80.96,2,4,-35.58,2.286,2.54,0.762,0.7112,0.8128,2.032,3.8608,3,30,0,1
B00790,B00790_R2,3209,1,4,0.2032,1.6002,59.62,0.762,2.54,44.09,3,2,15.53,0.2032,0.762,1.9812,0.7112,1.3462,2.3368,2.3368,1,30,1,3
B00790,B00790_R1,3210,2,4,0.2032,1.6002,59.62,0.762,2.54,44.09,3,2,15.53,0.2032,1.143,2.54,1.6002,0.9652,1.9558,2.794,1,30,0,1
B00790,B00790_R2,3211,3,4,0.2032,1.6002,59.62,0.762,2.54,44.09,3,2,15.53,0.4572,2.54,0.2032,1.9812,1.1938,0.8128,0.8128,2,30,1,2
B00790,B00790_R2,3212,4,4,0.2032,1.6002,59.62,0.762,2.54,44.09,3,2,15.53,1.6764,2.032,1.0668,2.032,2.413,1.4224,1.1176,3,20,1,1
B00791,B00791_R1,3213,1,3,2.54,1.6002,32.76,1.9812,0.7112,63.91,2,4,-31.15,2.54,0.762,0.2032,1.6002,1.3462,1.1176,3.175,2,10,0,1
B00791,B00791_R1,3214,2,3,2.54,1.6002,32.76,1.9812,0.7112,63.91,2,4,-31.15,1.0668,2.54,2.54,1.143,2.413,3.2512,2.8702,3,10,0,2
B00791,B00791_R2,3215,3,3,2.54,1.6002,32.76,1.9812,0.7112,63.91,2,4,-31.15,1.6764,0.7112,0.2032,1.6002,2.2606,0.8128,2.8702,2,30,1,1
B00792,B00792_R2,3216,1,4,2.54,1.143,48.3,0.2032,1.6002,48.79,2,3,-0.49,0.2032,1.143,2.286,2.54,2.3368,0.9652,3.4798,1,30,1,2
B00792,B00792_R1,3217,2,4,2.54,1.143,48.3,0.2032,1.6002,48.79,2,3,-0.49,0.2032,1.143,1.0668,2.032,2.3368,0.9652,2.2606,1,30,0,1
B00792,B00792_R1,3218,3,4,2.54,1.143,48.3,0.2032,1.6002,48.79,2,3,-0.49,0.2032,1.143,1.9812,2.032,2.3368,0.9652,3.175,1,20,0,2
B00792,B00792_R2,3219,4,4,2.54,1.143,48.3,0.2032,1.6002,48.79,2,3,-0.49,0.2032,0.762,1.0668,2.54,2.7178,1.3462,2.6416,1,20,1,1
B00793,B00793_R1,3220,1,6,1.9812,2.032,51.61,2.286,2.54,70.94,2,3,-19.33,1.9812,2.032,1.6764,2.032,0.0,0.8128,0.8128,3,30,0,1
B00793,B00793_R1,3221,2,6,1.9812,2.032,51.61,2.286,2.54,70.94,2,3,-19.33,0.2032,0.762,1.0668,0.7112,3.556,3.8608,1.4224,1,30,0,3
B00793,B00793_R2,3222,3,6,1.9812,2.032,51.61,2.286,2.54,70.94,2,3,-19.33,0.2032,1.143,1.6764,0.2032,3.175,3.4798,2.413,1,20,1,1
B00793,B00793_R2,3223,4,6,1.9812,2.032,51.61,2.286,2.54,70.94,2,3,-19.33,0.2032,0.762,0.762,2.032,3.556,3.8608,2.3368,1,30,1,2
B00793,B00793_R1,3224,5,6,1.9812,2.032,51.61,2.286,2.54,70.94,2,3,-19.33,0.2032,1.143,0.762,0.2032,3.175,3.4798,1.4986,1,10,0,2
B00793,B00793_R1,3225,6,6,1.9812,2.032,51.61,2.286,2.54,70.94,2,3,-19.33,0.2032,1.143,1.6764,0.7112,3.175,3.4798,2.413,1,30,0,4
B00794,B00794_R1,3226,1,7,1.6764,0.7112,86.66,0.762,2.032,84.17,5,4,2.49,0.2032,1.143,0.4572,2.54,2.413,1.9558,1.651,1,20,0,2
B00794,B00794_R2,3227,2,7,1.6764,0.7112,86.66,0.762,2.032,84.17,5,4,2.49,1.9812,0.7112,0.2032,1.9812,0.8128,3.556,3.556,2,20,1,3
B00794,B00794_R1,3228,3,7,1.6764,0.7112,86.66,0.762,2.032,84.17,5,4,2.49,0.2032,1.143,2.54,0.762,2.413,1.9558,2.7178,1,20,0,3
B00794,B00794_R2,3229,4,7,1.6764,0.7112,86.66,0.762,2.032,84.17,5,4,2.49,0.2032,1.143,2.54,0.762,2.413,1.9558,2.7178,1,30,1,4
B00794,B00794_R2,3230,5,7,1.6764,0.7112,86.66,0.762,2.032,84.17,5,4,2.49,1.0668,2.032,0.762,0.2032,2.9464,0.8128,3.2512,3,10,1,1
B00794,B00794_R1,3231,6,7,1.6764,0.7112,86.66,0.762,2.032,84.17,5,4,2.49,1.9812,0.7112,0.2032,1.6002,0.8128,3.556,3.175,2,30,0,1
B00794,B00794_R2,3232,7,7,1.6764,0.7112,86.66,0.762,2.032,84.17,5,4,2.49,0.2032,1.143,1.9812,0.7112,2.413,1.9558,2.7178,1,20,1,2
B00795,B00795_R1,3233,1,6,2.54,0.762,108.91,2.54,0.762,122.54,6,6,-13.63,2.54,0.762,0.762,0.7112,0.0,0.0,2.3368,3,30,0,1
B00795,B00795_R1,3234,2,6,2.54,0.762,108.91,2.54,0.762,122.54,6,6,-13.63,0.762,2.54,0.2032,1.6002,3.556,3.556,1.4986,2,30,0,4
B00795,B00795_R2,3235,3,6,2.54,0.762,108.91,2.54,0.762,122.54,6,6,-13.63,1.6764,0.7112,0.2032,1.9812,1.4224,1.4224,3.2512,2,20,1,1
B00795,B00795_R1,3236,4,6,2.54,0.762,108.91,2.54,0.762,122.54,6,6,-13.63,1.0668,0.7112,0.2032,1.6002,2.032,2.032,2.2606,2,30,0,2
B00795,B00795_R2,3237,5,6,2.54,0.762,108.91,2.54,0.762,122.54,6,6,-13.63,1.9812,2.032,0.2032,1.9812,2.3368,2.3368,2.3368,2,30,1,2
B00795,B00795_R1,3238,6,6,2.54,0.762,108.91,2.54,0.762,122.54,6,6,-13.63,0.4572,2.54,0.2032,1.9812,3.8608,3.8608,0.8128,2,20,0,3
B00796,B00796_R1,3239,1,4,0.2032,1.6002,103.18,0.2032,1.9812,90.98,6,4,12.2,1.0668,2.032,0.2032,1.9812,1.8034,1.4224,1.4224,2,10,0,2
B00796,B00796_R1,3240,2,4,0.2032,1.6002,103.18,0.2032,1.9812,90.98,6,4,12.2,0.2032,1.143,0.762,2.032,0.9652,1.3462,1.9558,1,20,0,1
B00796,B00796_R2,3241,3,4,0.2032,1.6002,103.18,0.2032,1.9812,90.98,6,4,12.2,0.2032,0.762,2.54,0.762,1.3462,1.7272,2.9464,1,10,1,1
B00796,B00796_R2,3242,4,4,0.2032,1.6002,103.18,0.2032,1.9812,90.98,6,4,12.2,2.54,0.762,0.2032,1.9812,3.175,3.556,3.556,2,30,1,2
B00797,B00797_R2,3243,1,2,0.2032,1.9812,109.68,0.2032,1.9812,107.12,7,5,2.56,0.2032,0.762,1.0668,2.54,1.7272,1.7272,2.6416,1,10,1,1
B00797,B00797_R1,3244,2,2,0.2032,1.9812,109.68,0.2032,1.9812,107.12,7,5,2.56,0.2032,1.143,1.6764,0.7112,1.3462,1.3462,2.413,1,10,0,1
B00798,B00798_R1,3245,1,6,1.6764,0.7112,95.36,1.0668,2.54,79.96,6,4,15.4,1.6764,2.54,0.2032,1.6002,2.9464,1.1176,2.413,2,20,0,3
B00798,B00798_R2,3246,2,6,1.6764,0.7112,95.36,1.0668,2.54,79.96,6,4,15.4,0.762,2.032,0.2032,1.6002,3.2512,0.8128,1.4986,2,10,1,1
B00798,B00798_R1,3247,3,6,1.6764,0.7112,95.36,1.0668,2.54,79.96,6,4,15.4,0.2032,1.143,1.6764,2.54,2.413,2.2606,2.8702,1,10,0,2
B00798,B00798_R2,3248,4,6,1.6764,0.7112,95.36,1.0668,2.54,79.96,6,4,15.4,2.286,2.54,0.2032,1.6002,2.9464,1.7272,3.0226,2,30,1,3
B00798,B00798_R1,3249,5,6,1.6764,0.7112,95.36,1.0668,2.54,79.96,6,4,15.4,1.0668,0.2032,0.2032,1.6002,1.1176,2.9464,2.2606,2,10,0,1
B00798,B00798_R2,3250,6,6,1.6764,0.7112,95.36,1.0668,2.54,79.96,6,4,15.4,0.2032,1.143,1.0668,2.54,2.413,2.2606,2.2606,1,20,1,2
B00799,B00799_R1,3251,1,5,0.2032,1.6002,125.53,0.2032,1.6002,101.89,7,5,23.64,1.9812,0.2032,0.2032,1.6002,3.175,3.175,3.175,2,30,0,2
B00799,B00799_R2,3252,2,5,0.2032,1.6002,125.53,0.2032,1.6002,101.89,7,5,23.64,0.762,2.54,0.2032,1.9812,1.4986,1.4986,1.1176,2,20,1,1
B00799,B00799_R2,3253,3,5,0.2032,1.6002,125.53,0.2032,1.6002,101.89,7,5,23.64,2.54,1.9812,0.2032,1.6002,2.7178,2.7178,2.7178,2,20,1,2
B00799,B00799_R1,3254,4,5,0.2032,1.6002,125.53,0.2032,1.6002,101.89,7,5,23.64,0.2032,0.762,2.54,0.762,1.3462,1.3462,2.9464,1,30,0,1
B00799,B00799_R2,3255,5,5,0.2032,1.6002,125.53,0.2032,1.6002,101.89,7,5,23.64,1.6764,0.2032,0.2032,1.6002,2.8702,2.8702,2.8702,2,10,1,3
B00800,B00800_R1,3256,1,4,0.2032,1.6002,137.55,0.2032,1.6002,139.56,7,7,-2.01,2.54,1.9812,0.2032,1.9812,2.7178,2.7178,2.9464,2,20,0,2
B00800,B00800_R1,3257,2,4,0.2032,1.6002,137.55,0.2032,1.6002,139.56,7,7,-2.01,0.2032,0.762,1.6764,2.032,1.3462,1.3462,3.2512,1,10,0,1
B00800,B00800_R2,3258,3,4,0.2032,1.6002,137.55,0.2032,1.6002,139.56,7,7,-2.01,2.54,1.143,0.4572,0.2032,2.794,2.794,3.0226,3,20,1,2
B00800,B00800_R2,3259,4,4,0.2032,1.6002,137.55,0.2032,1.6002,139.56,7,7,-2.01,0.762,2.032,0.2032,1.6002,1.4986,1.4986,1.4986,2,30,1,1
B00801,B00801_R2,3260,1,7,0.2032,1.9812,161.82,0.4572,0.2032,156.81,8,7,5.01,1.0668,0.2032,0.2032,1.9812,2.6416,1.1176,2.6416,2,20,1,3
B00801,B00801_R1,3261,2,7,0.2032,1.9812,161.82,0.4572,0.2032,156.81,8,7,5.01,0.2032,1.143,1.9812,2.032,1.3462,1.1938,3.175,1,10,0,3
B00801,B00801_R2,3262,3,7,0.2032,1.9812,161.82,0.4572,0.2032,156.81,8,7,5.01,0.2032,1.143,1.9812,2.032,1.3462,1.1938,3.175,1,30,1,4
B00801,B00801_R1,3263,4,7,0.2032,1.9812,161.82,0.4572,0.2032,156.81,8,7,5.01,0.2032,1.143,2.54,1.6002,1.3462,1.1938,2.794,1,30,0,2
B00801,B00801_R2,3264,5,7,0.2032,1.9812,161.82,0.4572,0.2032,156.81,8,7,5.01,0.2032,0.762,0.4572,0.2032,1.7272,0.8128,0.8128,1,30,1,1
B00801,B00801_R1,3265,6,7,0.2032,1.9812,161.82,0.4572,0.2032,156.81,8,7,5.01,0.2032,1.143,0.4572,0.2032,1.3462,1.1938,1.1938,1,10,0,1
B00801,B00801_R2,3266,7,7,0.2032,1.9812,161.82,0.4572,0.2032,156.81,8,7,5.01,0.2032,1.143,1.0668,0.2032,1.3462,1.1938,1.8034,1,30,1,2
B00802,B00802_R2,3267,1,1,1.9812,2.032,114.73,1.9812,2.032,108.41,5,6,6.32,0.2032,0.762,0.4572,0.2032,3.556,3.556,0.8128,1,20,1,1
B00803,B00803_R2,3268,1,1,1.9812,2.032,81.96,0.4572,0.2032,87.57,4,5,-5.61,1.6764,0.7112,0.2032,1.9812,3.2512,1.7272,3.2512,2,30,1,1
B00804,B00804_R1,3269,1,6,1.9812,2.032,0.0,0.2032,1.9812,48.9,0,2,-48.9,1.9812,0.7112,0.2032,1.9812,2.9464,3.556,3.556,2,30,0,4
B00804,B00804_R1,3270,2,6,1.9812,2.032,0.0,0.2032,1.9812,48.9,0,2,-48.9,1.0668,0.7112,2.54,1.6002,3.2512,2.6416,2.8702,3,30,0,3
B00804,B00804_R2,3271,3,6,1.9812,2.032,0.0,0.2032,1.9812,48.9,0,2,-48.9,1.6764,0.7112,0.2032,1.6002,3.2512,3.2512,2.8702,2,10,1,2
B00804,B00804_R1,3272,4,6,1.9812,2.032,0.0,0.2032,1.9812,48.9,0,2,-48.9,0.2032,1.143,0.762,0.7112,3.175,1.3462,1.4986,1,20,0,2
B00804,B00804_R1,3273,5,6,1.9812,2.032,0.0,0.2032,1.9812,48.9,0,2,-48.9,0.762,2.032,0.2032,1.6002,1.7272,1.1176,1.4986,2,20,0,1
B00804,B00804_R2,3274,6,6,1.9812,2.032,0.0,0.2032,1.9812,48.9,0,2,-48.9,0.4572,2.54,0.2032,1.6002,2.032,0.8128,1.1938,2,10,1,1
B00805,B00805_R2,3275,1,2,0.2032,1.9812,57.22,0.2032,1.6002,58.41,3,3,-1.19,0.2032,1.143,1.9812,2.54,1.3462,0.9652,3.175,1,20,1,1
B00805,B00805_R1,3276,2,2,0.2032,1.9812,57.22,0.2032,1.6002,58.41,3,3,-1.19,0.2032,1.143,0.762,2.54,1.3462,0.9652,1.9558,1,30,0,1
B00806,B00806_R1,3277,1,6,0.762,2.54,36.07,1.9812,2.54,36.67,2,2,-0.6,0.2032,0.762,1.0668,2.54,2.3368,3.556,2.6416,1,30,0,3
B00806,B00806_R2,3278,2,6,0.762,2.54,36.07,1.9812,2.54,36.67,2,2,-0.6,0.2032,0.762,1.9812,0.7112,2.3368,3.556,2.3368,1,30,1,3
B00806,B00806_R1,3279,3,6,0.762,2.54,36.07,1.9812,2.54,36.67,2,2,-0.6,0.4572,2.54,0.2032,1.6002,0.8128,2.032,1.1938,2,10,0,1
B00806,B00806_R2,3280,4,6,0.762,2.54,36.07,1.9812,2.54,36.67,2,2,-0.6,0.762,0.7112,0.2032,1.9812,2.9464,3.556,2.3368,2,20,1,2
B00806,B00806_R2,3281,5,6,0.762,2.54,36.07,1.9812,2.54,36.67,2,2,-0.6,1.9812,2.54,2.54,0.762,1.7272,0.0,2.3368,3,20,1,1
B00806,B00806_R1,3282,6,6,0.762,2.54,36.07,1.9812,2.54,36.67,2,2,-0.6,0.2032,0.762,0.4572,2.54,2.3368,3.556,2.032,1,20,0,2
B00807,B00807_R1,3283,1,7,1.0668,2.54,57.71,1.9812,0.7112,61.71,3,3,-4.0,1.0668,2.032,0.2032,1.9812,0.508,3.2512,1.4224,2,20,0,1
B00807,B00807_R2,3284,2,7,1.0668,2.54,57.71,1.9812,0.7112,61.71,3,3,-4.0,0.2032,1.143,2.54,1.143,2.2606,2.7178,2.3368,1,10,1,2
B00807,B00807_R2,3285,3,7,1.0668,2.54,57.71,1.9812,0.7112,61.71,3,3,-4.0,0.2032,1.143,1.6764,2.54,2.2606,2.7178,2.8702,1,10,1,3
B00807,B00807_R1,3286,4,7,1.0668,2.54,57.71,1.9812,0.7112,61.71,3,3,-4.0,0.2032,0.762,0.762,2.032,2.6416,2.3368,2.3368,1,10,0,2
B00807,B00807_R1,3287,5,7,1.0668,2.54,57.71,1.9812,0.7112,61.71,3,3,-4.0,0.2032,1.143,2.54,1.9812,2.2606,2.7178,3.175,1,30,0,4
B00807,B00807_R2,3288,6,7,1.0668,2.54,57.71,1.9812,0.7112,61.71,3,3,-4.0,1.9812,0.2032,0.2032,1.6002,3.2512,0.508,3.175,2,30,1,1
B00807,B00807_R1,3289,7,7,1.0668,2.54,57.71,1.9812,0.7112,61.71,3,3,-4.0,0.762,2.032,0.2032,1.6002,0.8128,3.556,1.4986,2,20,0,3
B00808,B00808_R1,3290,1,6,2.54,1.9812,97.37,1.6764,2.54,88.16,6,4,9.21,0.762,2.54,0.2032,1.6002,2.3368,1.4224,1.4986,2,20,0,2
B00808,B00808_R2,3291,2,6,2.54,1.9812,97.37,1.6764,2.54,88.16,6,4,9.21,1.0668,0.7112,0.2032,1.6002,3.2512,2.9464,2.2606,2,20,1,2
B00808,B00808_R2,3292,3,6,2.54,1.9812,97.37,1.6764,2.54,88.16,6,4,9.21,1.0668,2.54,1.6764,0.7112,2.032,1.1176,2.9464,3,30,1,1
B00808,B00808_R1,3293,4,6,2.54,1.9812,97.37,1.6764,2.54,88.16,6,4,9.21,1.0668,2.032,0.2032,1.9812,2.032,1.1176,1.4224,2,30,0,1
B00808,B00808_R2,3294,5,6,2.54,1.9812,97.37,1.6764,2.54,88.16,6,4,9.21,0.2032,1.143,1.9812,2.032,3.175,2.8702,3.175,1,10,1,3
B00808,B00808_R1,3295,6,6,2.54,1.9812,97.37,1.6764,2.54,88.16,6,4,9.21,0.2032,0.762,0.762,2.032,3.556,3.2512,2.3368,1,20,0,3
B00809,B00809_R2,3296,1,5,0.762,2.032,121.42,1.9812,2.032,124.83,7,6,-3.41,1.0668,0.7112,0.762,0.7112,3.2512,3.2512,0.8128,3,20,1,2
B00809,B00809_R2,3297,2,5,0.762,2.032,121.42,1.9812,2.032,124.83,7,6,-3.41,0.2032,1.143,1.0668,2.032,1.9558,3.175,2.2606,1,20,1,3
B00809,B00809_R1,3298,3,5,0.762,2.032,121.42,1.9812,2.032,124.83,7,6,-3.41,2.54,0.762,0.2032,1.9812,3.556,2.3368,3.556,2,20,0,2
B00809,B00809_R2,3299,4,5,0.762,2.032,121.42,1.9812,2.032,124.83,7,6,-3.41,1.9812,0.7112,1.6764,0.2032,3.556,2.9464,0.8128,3,30,1,1
B00809,B00809_R1,3300,5,5,0.762,2.032,121.42,1.9812,2.032,124.83,7,6,-3.41,0.2032,1.143,1.6764,2.54,1.9558,3.175,2.8702,1,20,0,1
B00810,B00810_R1,3301,1,6,0.2032,1.9812,112.02,1.0668,2.032,96.98,5,5,15.04,1.9812,0.7112,1.9812,2.54,3.556,3.2512,2.9464,3,20,0,3
B00810,B00810_R2,3302,2,6,0.2032,1.9812,112.02,1.0668,2.032,96.98,5,5,15.04,0.2032,1.143,1.9812,2.54,1.3462,2.2606,3.175,1,30,1,2
B00810,B00810_R1,3303,3,6,0.2032,1.9812,112.02,1.0668,2.032,96.98,5,5,15.04,0.2032,1.143,2.54,1.9812,1.3462,2.2606,3.175,1,30,0,1
B00810,B00810_R2,3304,4,6,0.2032,1.9812,112.02,1.0668,2.032,96.98,5,5,15.04,2.286,0.2032,2.286,2.54,3.8608,3.556,2.3368,3,20,1,3
B00810,B00810_R1,3305,5,6,0.2032,1.9812,112.02,1.0668,2.032,96.98,5,5,15.04,1.6764,0.7112,0.762,0.7112,3.2512,2.9464,1.4224,3,30,0,2
B00810,B00810_R2,3306,6,6,0.2032,1.9812,112.02,1.0668,2.032,96.98,5,5,15.04,1.6764,2.54,0.2032,1.6002,2.032,1.1176,2.413,2,30,1,1
B00811,B00811_R2,3307,1,5,1.9812,2.54,149.39,2.286,2.54,123.23,7,6,26.16,0.2032,0.762,1.6764,0.7112,3.556,3.8608,2.032,1,30,1,2
B00811,B00811_R1,3308,2,5,1.9812,2.54,149.39,2.286,2.54,123.23,7,6,26.16,1.6764,2.54,2.286,0.2032,0.8128,1.1176,2.9464,3,20,0,1
B00811,B00811_R2,3309,3,5,1.9812,2.54,149.39,2.286,2.54,123.23,7,6,26.16,1.0668,0.7112,0.2032,1.9812,3.2512,3.556,2.6416,2,10,1,3
B00811,B00811_R1,3310,4,5,1.9812,2.54,149.39,2.286,2.54,123.23,7,6,26.16,1.9812,0.7112,2.54,1.6002,2.9464,2.6416,1.9558,3,10,0,2
B00811,B00811_R2,3311,5,5,1.9812,2.54,149.39,2.286,2.54,123.23,7,6,26.16,0.4572,2.54,0.2032,1.6002,2.032,2.3368,1.1938,2,30,1,1
B00812,B00812_R1,3312,1,5,2.54,1.6002,152.9,0.2032,1.9812,155.1,7,8,-2.2,0.2032,0.762,1.6764,2.54,3.175,1.7272,3.2512,1,20,0,2
B00812,B00812_R2,3313,2,5,2.54,1.6002,152.9,0.2032,1.9812,155.1,7,8,-2.2,0.2032,1.143,0.762,2.54,2.794,1.3462,1.9558,1,30,1,1
B00812,B00812_R1,3314,3,5,2.54,1.6002,152.9,0.2032,1.9812,155.1,7,8,-2.2,0.762,0.2032,1.6764,0.7112,3.175,2.3368,1.4224,3,20,0,1
B00812,B00812_R2,3315,4,5,2.54,1.6002,152.9,0.2032,1.9812,155.1,7,8,-2.2,0.2032,1.143,2.54,1.143,2.794,1.3462,2.3368,1,30,1,3
B00812,B00812_R2,3316,5,5,2.54,1.6002,152.9,0.2032,1.9812,155.1,7,8,-2.2,1.0668,2.54,0.2032,1.9812,2.413,1.4224,1.4224,2,20,1,2
B00813,B00813_R1,3317,1,1,1.6764,2.54,159.12,2.54,1.143,175.03,7,9,-15.91,0.4572,2.54,0.2032,1.9812,1.7272,3.4798,0.8128,2,10,0,1
B00814,B00814_R1,3318,1,3,0.2032,1.9812,129.26,2.54,1.143,140.16,6,7,-10.9,0.762,0.2032,2.54,0.762,2.3368,2.7178,2.3368,3,30,0,2
B00814,B00814_R2,3319,2,3,0.2032,1.9812,129.26,2.54,1.143,140.16,6,7,-10.9,0.2032,1.143,2.54,1.9812,1.3462,2.3368,3.175,1,10,1,1
B00814,B00814_R1,3320,3,3,0.2032,1.9812,129.26,2.54,1.143,140.16,6,7,-10.9,0.2032,1.143,1.0668,0.2032,1.3462,2.3368,1.8034,1,10,0,1
B00815,B00815_R2,3321,1,5,2.54,0.762,135.46,2.54,1.9812,130.04,7,7,5.42,0.2032,1.143,0.4572,2.54,2.7178,3.175,1.651,1,10,1,2
B00815,B00815_R1,3322,2,5,2.54,0.762,135.46,2.54,1.9812,130.04,7,7,5.42,2.286,2.54,0.2032,1.6002,2.032,0.8128,3.0226,2,20,0,1
B00815,B00815_R2,3323,3,5,2.54,0.762,135.46,2.54,1.9812,130.04,7,7,5.42,1.0668,2.54,0.2032,1.6002,3.2512,2.032,1.8034,2,20,1,3
B00815,B00815_R2,3324,4,5,2.54,0.762,135.46,2.54,1.9812,130.04,7,7,5.42,2.286,2.54,0.2032,1.9812,2.032,0.8128,2.6416,2,30,1,1
B00815,B00815_R1,3325,5,5,2.54,0.762,135.46,2.54,1.9812,130.04,7,7,5.42,0.2032,0.762,1.9812,0.2032,2.9464,3.556,2.3368,1,10,0,2
B00816,B00816_R1,3326,1,4,1.9812,0.2032,137.85,0.2032,1.6002,150.58,7,8,-12.73,0.2032,0.762,0.4572,0.2032,2.3368,1.3462,0.8128,1,20,0,1
B00816,B00816_R2,3327,2,4,1.9812,0.2032,137.85,0.2032,1.6002,150.58,7,8,-12.73,2.54,1.9812,0.2032,1.9812,2.3368,2.7178,2.9464,2,10,1,2
B00816,B00816_R2,3328,3,4,1.9812,0.2032,137.85,0.2032,1.6002,150.58,7,8,-12.73,0.2032,1.143,2.54,1.143,2.7178,0.9652,2.3368,1,10,1,1
B00816,B00816_R1,3329,4,4,1.9812,0.2032,137.85,0.2032,1.6002,150.58,7,8,-12.73,0.762,0.2032,0.2032,1.9812,1.7272,1.9558,2.3368,2,20,0,2
B00817,B00817_R1,3330,1,4,0.2032,1.9812,136.24,0.2032,1.9812,160.09,7,8,-23.85,2.54,1.143,0.2032,1.9812,3.175,3.175,3.175,2,30,0,3
B00817,B00817_R2,3331,2,4,0.2032,1.9812,136.24,0.2032,1.9812,160.09,7,8,-23.85,2.286,0.2032,0.2032,1.6002,3.8608,3.8608,3.4798,2,20,1,1
B00817,B00817_R1,3332,3,4,0.2032,1.9812,136.24,0.2032,1.9812,160.09,7,8,-23.85,0.2032,0.762,1.9812,2.032,1.7272,1.7272,3.556,1,30,0,1
B00817,B00817_R1,3333,4,4,0.2032,1.9812,136.24,0.2032,1.9812,160.09,7,8,-23.85,1.9812,2.54,0.762,2.032,2.3368,2.3368,1.7272,3,10,0,2
B00818,B00818_R2,3334,1,7,0.2032,1.9812,182.14,0.2032,1.6002,159.71,9,7,22.43,0.2032,0.762,2.54,1.6002,1.7272,1.3462,3.175,1,10,1,1
B00818,B00818_R2,3335,2,7,0.2032,1.9812,182.14,0.2032,1.6002,159.71,9,7,22.43,0.2032,0.762,2.286,2.54,1.7272,1.3462,3.8608,1,10,1,4
B00818,B00818_R1,3336,3,7,0.2032,1.9812,182.14,0.2032,1.6002,159.71,9,7,22.43,0.4572,0.2032,0.2032,1.9812,2.032,1.651,2.032,2,30,0,1
B00818,B00818_R1,3337,4,7,0.2032,1.9812,182.14,0.2032,1.6002,159.71,9,7,22.43,2.286,0.2032,0.2032,1.9812,3.8608,3.4798,3.8608,2,20,0,3
B00818,B00818_R1,3338,5,7,0.2032,1.9812,182.14,0.2032,1.6002,159.71,9,7,22.43,0.2032,0.762,1.6764,0.7112,1.7272,1.3462,2.032,1,20,0,2
B00818,B00818_R2,3339,6,7,0.2032,1.9812,182.14,0.2032,1.6002,159.71,9,7,22.43,2.54,1.143,2.286,2.54,3.175,2.794,1.651,3,20,1,2
B00818,B00818_R2,3340,7,7,0.2032,1.9812,182.14,0.2032,1.6002,159.71,9,7,22.43,2.54,1.9812,0.2032,1.9812,2.9464,2.7178,2.9464,2,30,1,3
B00819,B00819_R1,3341,1,3,0.2032,1.9812,213.61,2.286,2.54,214.82,10,10,-1.21,0.762,0.2032,0.4572,2.54,2.3368,3.8608,2.6416,3,20,0,1
B00819,B00819_R2,3342,2,3,0.2032,1.9812,213.61,2.286,2.54,214.82,10,10,-1.21,2.286,2.54,0.2032,1.9812,2.6416,0.0,2.6416,2,20,1,1
B00819,B00819_R2,3343,3,3,0.2032,1.9812,213.61,2.286,2.54,214.82,10,10,-1.21,0.2032,0.762,2.286,0.2032,1.7272,3.8608,2.6416,1,10,1,2
B00820,B00820_R1,3344,1,1,0.4572,2.54,203.79,2.286,0.2032,215.83,9,10,-12.04,0.2032,1.143,1.6764,0.7112,1.651,3.0226,2.413,1,30,0,1
B00821,B00821_R2,3345,1,3,1.6764,0.7112,188.97,2.286,0.2032,186.68,8,8,2.29,0.2032,0.762,1.0668,0.7112,2.032,2.6416,1.4224,1,30,1,2
B00821,B00821_R2,3346,2,3,1.6764,0.7112,188.97,2.286,0.2032,186.68,8,8,2.29,1.9812,0.7112,0.2032,1.6002,0.8128,0.8128,3.175,2,20,1,1
B00821,B00821_R1,3347,3,3,1.6764,0.7112,188.97,2.286,0.2032,186.68,8,8,2.29,0.2032,0.762,1.6764,2.032,2.032,2.6416,3.2512,1,20,0,1
B00822,B00822_R2,3348,1,4,1.6764,2.032,183.97,1.0668,0.7112,167.43,8,8,16.54,0.2032,0.762,0.762,2.032,3.2512,1.4224,2.3368,1,30,1,3
B00822,B00822_R1,3349,2,4,1.6764,2.032,183.97,1.0668,0.7112,167.43,8,8,16.54,0.762,0.7112,0.2032,1.6002,3.2512,0.8128,1.9558,2,30,0,1
B00822,B00822_R2,3350,3,4,1.6764,2.032,183.97,1.0668,0.7112,167.43,8,8,16.54,0.762,0.7112,0.4572,2.54,3.2512,0.8128,2.6416,3,10,1,1
B00822,B00822_R2,3351,4,4,1.6764,2.032,183.97,1.0668,0.7112,167.43,8,8,16.54,0.4572,2.54,0.2032,1.9812,1.7272,2.9464,0.8128,2,20,1,2
B00823,B00823_R2,3352,1,6,0.2032,1.6002,158.61,0.762,2.032,187.66,7,10,-29.05,0.2032,0.762,0.762,2.032,1.3462,2.3368,2.3368,1,30,1,1
B00823,B00823_R1,3353,2,6,0.2032,1.6002,158.61,0.762,2.032,187.66,7,10,-29.05,0.2032,0.762,1.6764,0.2032,1.3462,2.3368,2.032,1,10,0,2
B00823,B00823_R1,3354,3,6,0.2032,1.6002,158.61,0.762,2.032,187.66,7,10,-29.05,1.6764,0.2032,0.4572,2.54,2.8702,3.2512,3.556,3,20,0,3
B00823,B00823_R1,3355,4,6,0.2032,1.6002,158.61,0.762,2.032,187.66,7,10,-29.05,0.2032,0.762,1.0668,0.2032,1.3462,2.3368,1.4224,1,10,0,1
B00823,B00823_R2,3356,5,6,0.2032,1.6002,158.61,0.762,2.032,187.66,7,10,-29.05,1.9812,0.7112,0.2032,1.9812,3.175,3.556,3.556,2,20,1,2
B00823,B00823_R1,3357,6,6,0.2032,1.6002,158.61,0.762,2.032,187.66,7,10,-29.05,2.54,1.143,0.2032,1.6002,2.794,3.175,2.794,2,30,0,4
B00824,B00824_R2,3358,1,7,0.2032,1.6002,214.13,0.2032,1.9812,206.0,9,10,8.13,0.2032,0.762,2.286,2.54,1.3462,1.7272,3.8608,1,30,1,2
B00824,B00824_R1,3359,2,7,0.2032,1.6002,214.13,0.2032,1.9812,206.0,9,10,8.13,1.6764,0.7112,0.2032,1.9812,2.8702,3.2512,3.2512,2,30,0,3
B00824,B00824_R1,3360,3,7,0.2032,1.6002,214.13,0.2032,1.9812,206.0,9,10,8.13,0.762,0.2032,0.2032,1.9812,1.9558,2.3368,2.3368,2,30,0,1
B00824,B00824_R1,3361,4,7,0.2032,1.6002,214.13,0.2032,1.9812,206.0,9,10,8.13,0.2032,0.762,1.6764,2.032,1.3462,1.7272,3.2512,1,20,0,2
B00824,B00824_R2,3362,5,7,0.2032,1.6002,214.13,0.2032,1.9812,206.0,9,10,8.13,2.54,1.143,0.2032,1.9812,2.794,3.175,3.175,2,30,1,3
B00824,B00824_R2,3363,6,7,0.2032,1.6002,214.13,0.2032,1.9812,206.0,9,10,8.13,0.2032,0.762,0.4572,2.54,1.3462,1.7272,2.032,1,10,1,1
B00824,B00824_R2,3364,7,7,0.2032,1.6002,214.13,0.2032,1.9812,206.0,9,10,8.13,0.2032,0.762,1.9812,2.54,1.3462,1.7272,3.556,1,10,1,4
B00825,B00825_R2,3365,1,4,0.2032,1.9812,254.3,1.9812,2.54,273.34,11,12,-19.04,1.9812,2.032,0.2032,1.6002,2.3368,0.508,2.7178,2,20,1,1
B00825,B00825_R1,3366,2,4,0.2032,1.9812,254.3,1.9812,2.54,273.34,11,12,-19.04,1.9812,0.7112,0.2032,1.9812,3.556,2.9464,3.556,2,30,0,2
B00825,B00825_R1,3367,3,4,0.2032,1.9812,254.3,1.9812,2.54,273.34,11,12,-19.04,0.2032,0.762,0.762,0.7112,1.7272,3.556,1.1176,1,10,0,1
B00825,B00825_R2,3368,4,4,0.2032,1.9812,254.3,1.9812,2.54,273.34,11,12,-19.04,0.2032,1.143,1.6764,2.54,1.3462,3.175,2.8702,1,30,1,2
B00826,B00826_R1,3369,1,6,0.2032,1.9812,252.9,1.6764,2.54,280.34,11,13,-27.44,0.2032,1.143,2.54,1.9812,1.3462,2.8702,3.175,1,20,0,4
B00826,B00826_R2,3370,2,6,0.2032,1.9812,252.9,1.6764,2.54,280.34,11,13,-27.44,0.2032,0.762,1.9812,2.032,1.7272,3.2512,3.556,1,20,1,2
B00826,B00826_R1,3371,3,6,0.2032,1.9812,252.9,1.6764,2.54,280.34,11,13,-27.44,0.2032,1.143,0.4572,0.2032,1.3462,2.8702,1.1938,1,20,0,1
B00826,B00826_R1,3372,4,6,0.2032,1.9812,252.9,1.6764,2.54,280.34,11,13,-27.44,0.2032,0.762,0.762,2.032,1.7272,3.2512,2.3368,1,20,0,3
B00826,B00826_R2,3373,5,6,0.2032,1.9812,252.9,1.6764,2.54,280.34,11,13,-27.44,1.6764,2.032,0.2032,1.9812,2.032,0.508,2.032,2,20,1,1
B00826,B00826_R1,3374,6,6,0.2032,1.9812,252.9,1.6764,2.54,280.34,11,13,-27.44,0.4572,0.2032,2.286,0.2032,2.032,3.556,2.3368,3,10,0,2
B00827,B00827_R2,3375,1,3,2.54,1.9812,293.67,1.9812,2.032,287.97,13,13,5.7,0.2032,0.762,1.0668,2.54,3.556,3.556,2.6416,1,20,1,2
B00827,B00827_R2,3376,2,3,2.54,1.9812,293.67,1.9812,2.032,287.97,13,13,5.7,0.2032,1.143,0.762,0.7112,3.175,3.175,1.4986,1,30,1,1
B00827,B00827_R1,3377,3,3,2.54,1.9812,293.67,1.9812,2.032,287.97,13,13,5.7,0.2032,0.762,1.6764,2.54,3.556,3.556,3.2512,1,20,0,1
B00828,B00828_R2,3378,1,3,1.6764,2.54,289.97,1.0668,2.54,300.8,12,13,-10.83,0.2032,1.143,1.0668,2.54,2.8702,2.2606,2.2606,1,20,1,1
B00828,B00828_R1,3379,2,3,1.6764,2.54,289.97,1.0668,2.54,300.8,12,13,-10.83,1.6764,0.2032,0.2032,1.9812,2.9464,2.9464,3.2512,2,20,0,2
B00828,B00828_R1,3380,3,3,1.6764,2.54,289.97,1.0668,2.54,300.8,12,13,-10.83,1.6764,2.54,2.54,0.762,0.0,1.1176,2.6416,3,20,0,1
B00829,B00829_R1,3381,1,2,0.2032,1.9812,294.07,1.0668,2.54,287.98,13,12,6.09,0.4572,2.54,0.2032,1.6002,0.8128,1.1176,1.1938,2,30,0,1
B00829,B00829_R2,3382,2,2,0.2032,1.9812,294.07,1.0668,2.54,287.98,13,12,6.09,1.9812,0.2032,2.54,1.143,3.556,3.2512,1.4986,3,30,1,1
B00830,B00830_R2,3383,1,5,0.2032,1.6002,214.91,2.54,1.143,219.04,10,10,-4.13,1.6764,0.2032,0.2032,1.9812,2.8702,1.8034,3.2512,2,30,1,1
B00830,B00830_R1,3384,2,5,0.2032,1.6002,214.91,2.54,1.143,219.04,10,10,-4.13,0.2032,0.762,1.9812,0.2032,1.3462,2.7178,2.3368,1,10,0,1
B00830,B00830_R1,3385,3,5,0.2032,1.6002,214.91,2.54,1.143,219.04,10,10,-4.13,0.2032,0.762,2.54,1.143,1.3462,2.7178,2.7178,1,30,0,3
B00830,B00830_R1,3386,4,5,0.2032,1.6002,214.91,2.54,1.143,219.04,10,10,-4.13,1.9812,0.2032,0.2032,1.9812,3.175,1.4986,3.556,2,30,0,2
B00830,B00830_R2,3387,5,5,0.2032,1.6002,214.91,2.54,1.143,219.04,10,10,-4.13,1.6764,0.2032,0.2032,1.9812,2.8702,1.8034,3.2512,2,10,1,2
B00831,B00831_R1,3388,1,4,2.54,1.143,251.99,0.2032,1.9812,234.27,12,10,17.72,2.54,1.9812,1.9812,2.54,1.3462,2.9464,1.1176,3,10,0,1
B00831,B00831_R2,3389,2,4,2.54,1.143,251.99,0.2032,1.9812,234.27,12,10,17.72,0.2032,1.143,2.54,1.143,2.3368,1.3462,2.3368,1,10,1,1
B00831,B00831_R1,3390,3,4,2.54,1.143,251.99,0.2032,1.9812,234.27,12,10,17.72,1.0668,2.032,0.2032,1.6002,2.8702,1.4224,1.8034,2,30,0,2
B00831,B00831_R2,3391,4,4,2.54,1.143,251.99,0.2032,1.9812,234.27,12,10,17.72,1.6764,0.7112,0.2032,1.9812,1.8034,3.2512,3.2512,2,10,1,2
B00832,B00832_R1,3392,1,4,0.2032,1.6002,250.38,0.2032,1.9812,240.89,12,10,9.49,0.2032,1.143,1.6764,0.2032,0.9652,1.3462,2.413,1,30,0,1
B00832,B00832_R2,3393,2,4,0.2032,1.6002,250.38,0.2032,1.9812,240.89,12,10,9.49,1.9812,2.032,1.9812,0.7112,2.7178,2.3368,2.9464,3,20,1,2
B00832,B00832_R1,3394,3,4,0.2032,1.6002,250.38,0.2032,1.9812,240.89,12,10,9.49,2.286,0.2032,0.2032,1.9812,3.4798,3.8608,3.8608,2,10,0,2
B00832,B00832_R2,3395,4,4,0.2032,1.6002,250.38,0.2032,1.9812,240.89,12,10,9.49,0.2032,0.762,1.0668,2.032,1.3462,1.7272,2.6416,1,30,1,1
B00833,B00833_R2,3396,1,7,0.2032,1.9812,257.5,1.9812,0.7112,261.54,12,11,-4.04,0.2032,0.762,1.0668,2.54,1.7272,2.3368,2.6416,1,10,1,3
B00833,B00833_R2,3397,2,7,0.2032,1.9812,257.5,1.9812,0.7112,261.54,12,11,-4.04,0.762,0.2032,2.54,1.6002,2.3368,1.7272,3.175,3,20,1,1
B00833,B00833_R1,3398,3,7,0.2032,1.9812,257.5,1.9812,0.7112,261.54,12,11,-4.04,0.2032,0.762,0.762,2.032,1.7272,2.3368,2.3368,1,10,0,1
B00833,B00833_R1,3399,4,7,0.2032,1.9812,257.5,1.9812,0.7112,261.54,12,11,-4.04,0.2032,1.143,2.286,0.2032,1.3462,2.7178,3.0226,1,10,0,3
B00833,B00833_R1,3400,5,7,0.2032,1.9812,257.5,1.9812,0.7112,261.54,12,11,-4.04,0.762,2.032,0.2032,1.6002,1.1176,3.556,1.4986,2,20,0,2
B00833,B00833_R2,3401,6,7,0.2032,1.9812,257.5,1.9812,0.7112,261.54,12,11,-4.04,2.54,0.762,0.2032,1.9812,3.556,1.1176,3.556,2,20,1,2
B00833,B00833_R1,3402,7,7,0.2032,1.9812,257.5,1.9812,0.7112,261.54,12,11,-4.04,2.54,0.762,1.6764,2.032,3.556,1.1176,2.6416,3,20,0,4
B00834,B00834_R1,3403,1,6,1.6764,2.032,273.72,1.0668,2.54,291.79,14,12,-18.07,0.762,2.54,0.2032,1.9812,1.4224,0.8128,1.1176,2,20,0,2
B00834,B00834_R1,3404,2,6,1.6764,2.032,273.72,1.0668,2.54,291.79,14,12,-18.07,0.762,0.2032,1.0668,0.7112,3.2512,3.2512,0.8128,3,20,0,3
B00834,B00834_R2,3405,3,6,1.6764,2.032,273.72,1.0668,2.54,291.79,14,12,-18.07,0.2032,1.143,1.6764,0.2032,2.8702,2.2606,2.413,1,20,1,2
B00834,B00834_R1,3406,4,6,1.6764,2.032,273.72,1.0668,2.54,291.79,14,12,-18.07,1.6764,2.032,1.0668,2.032,0.0,1.1176,1.1176,3,10,0,1
B00834,B00834_R1,3407,5,6,1.6764,2.032,273.72,1.0668,2.54,291.79,14,12,-18.07,1.6764,0.7112,0.2032,1.6002,2.9464,2.9464,2.8702,2,10,0,4
B00834,B00834_R2,3408,6,6,1.6764,2.032,273.72,1.0668,2.54,291.79,14,12,-18.07,2.54,1.9812,0.2032,1.6002,1.4224,2.032,2.7178,2,20,1,1
B00835,B00835_R1,3409,1,7,0.2032,1.6002,312.87,1.6764,0.2032,293.4,17,12,19.47,1.6764,2.54,0.762,2.54,2.413,2.9464,1.4224,3,30,0,2
B00835,B00835_R1,3410,2,7,0.2032,1.6002,312.87,1.6764,0.2032,293.4,17,12,19.47,0.2032,0.762,1.0668,2.54,1.3462,2.032,2.6416,1,20,0,1
B00835,B00835_R2,3411,3,7,0.2032,1.6002,312.87,1.6764,0.2032,293.4,17,12,19.47,0.2032,1.143,1.0668,0.7112,0.9652,2.413,1.8034,1,20,1,2
B00835,B00835_R1,3412,4,7,0.2032,1.6002,312.87,1.6764,0.2032,293.4,17,12,19.47,0.2032,0.762,2.286,0.2032,1.3462,2.032,2.6416,1,30,0,3
B00835,B00835_R2,3413,5,7,0.2032,1.6002,312.87,1.6764,0.2032,293.4,17,12,19.47,0.2032,0.762,2.54,1.143,1.3462,2.032,2.7178,1,30,1,3
B00835,B00835_R2,3414,6,7,0.2032,1.6002,312.87,1.6764,0.2032,293.4,17,12,19.47,1.9812,2.54,0.2032,1.9812,2.7178,3.2512,2.3368,2,30,1,4
B00835,B00835_R2,3415,7,7,0.2032,1.6002,312.87,1.6764,0.2032,293.4,17,12,19.47,1.9812,0.2032,0.2032,1.6002,3.175,0.8128,3.175,2,30,1,1
B00836,B00836_R2,3416,1,5,2.286,0.2032,338.22,0.2032,1.9812,342.48,18,15,-4.26,1.9812,2.54,1.6764,2.032,2.6416,2.3368,0.8128,3,30,1,1
B00836,B00836_R1,3417,2,5,2.286,0.2032,338.22,0.2032,1.9812,342.48,18,15,-4.26,2.54,0.762,0.2032,1.6002,0.8128,3.556,3.175,2,20,0,1
B00836,B00836_R1,3418,3,5,2.286,0.2032,338.22,0.2032,1.9812,342.48,18,15,-4.26,0.2032,0.762,0.4572,2.54,2.6416,1.7272,2.032,1,30,0,2
B00836,B00836_R1,3419,4,5,2.286,0.2032,338.22,0.2032,1.9812,342.48,18,15,-4.26,0.2032,0.762,0.762,2.54,2.6416,1.7272,2.3368,1,10,0,3
B00836,B00836_R2,3420,5,5,2.286,0.2032,338.22,0.2032,1.9812,342.48,18,15,-4.26,2.286,2.54,0.2032,1.9812,2.3368,2.6416,2.6416,2,10,1,2
B00837,B00837_R2,3421,1,3,0.762,2.54,370.29,0.2032,1.9812,325.93,19,15,44.36,1.6764,2.54,1.9812,0.2032,1.4224,2.032,3.2512,3,30,1,3
B00837,B00837_R2,3422,2,3,0.762,2.54,370.29,0.2032,1.9812,325.93,19,15,44.36,0.2032,1.143,0.762,0.7112,1.9558,1.3462,1.4986,1,10,1,2
B00837,B00837_R2,3423,3,3,0.762,2.54,370.29,0.2032,1.9812,325.93,19,15,44.36,1.0668,2.032,0.2032,1.6002,0.8128,1.4224,1.8034,2,20,1,1
B00838,B00838_R1,3424,1,5,0.762,2.54,305.47,1.9812,0.2032,321.02,16,15,-15.55,1.0668,2.032,0.2032,1.9812,0.8128,3.2512,1.4224,2,10,0,1
B00838,B00838_R1,3425,2,5,0.762,2.54,305.47,1.9812,0.2032,321.02,16,15,-15.55,0.2032,0.762,0.762,0.2032,2.3368,2.3368,1.1176,1,30,0,2
B00838,B00838_R2,3426,3,5,0.762,2.54,305.47,1.9812,0.2032,321.02,16,15,-15.55,2.54,1.9812,2.54,0.762,2.3368,2.3368,1.7272,3,10,1,1
B00838,B00838_R2,3427,4,5,0.762,2.54,305.47,1.9812,0.2032,321.02,16,15,-15.55,1.9812,2.54,0.2032,1.6002,1.7272,2.9464,2.7178,2,30,1,2
B00838,B00838_R1,3428,5,5,0.762,2.54,305.47,1.9812,0.2032,321.02,16,15,-15.55,0.2032,0.762,0.762,0.7112,2.3368,2.3368,1.1176,1,30,0,3
B00839,B00839_R1,3429,1,6,0.762,0.7112,304.34,0.2032,1.6002,321.72,17,15,-17.38,2.54,1.6002,0.2032,1.6002,3.175,2.3368,2.3368,2,10,0,3
B00839,B00839_R2,3430,2,6,0.762,0.7112,304.34,0.2032,1.6002,321.72,17,15,-17.38,2.286,0.2032,0.2032,1.6002,2.032,3.4798,3.4798,2,10,1,3
B00839,B00839_R2,3431,3,6,0.762,0.7112,304.34,0.2032,1.6002,321.72,17,15,-17.38,0.2032,0.762,2.54,0.762,1.1176,1.3462,2.9464,1,20,1,2
B00839,B00839_R1,3432,4,6,0.762,0.7112,304.34,0.2032,1.6002,321.72,17,15,-17.38,1.6764,0.7112,0.2032,1.6002,1.4224,2.8702,2.8702,2,10,0,1
B00839,B00839_R2,3433,5,6,0.762,0.7112,304.34,0.2032,1.6002,321.72,17,15,-17.38,0.2032,1.143,0.4572,0.2032,1.4986,0.9652,1.1938,1,30,1,1
B00839,B00839_R1,3434,6,6,0.762,0.7112,304.34,0.2032,1.6002,321.72,17,15,-17.38,0.2032,0.762,1.0668,2.032,1.1176,1.3462,2.6416,1,30,0,2
B00840,B00840_R2,3435,1,5,0.2032,1.6002,349.63,0.2032,1.6002,339.73,18,16,9.9,1.0668,0.7112,0.2032,1.6002,2.2606,2.2606,2.2606,2,30,1,3
B00840,B00840_R1,3436,2,5,0.2032,1.6002,349.63,0.2032,1.6002,339.73,18,16,9.9,1.9812,2.032,1.6764,2.54,2.7178,2.7178,0.8128,3,20,0,1
B00840,B00840_R1,3437,3,5,0.2032,1.6002,349.63,0.2032,1.6002,339.73,18,16,9.9,1.9812,2.032,0.2032,1.9812,2.7178,2.7178,2.3368,2,10,0,2
B00840,B00840_R2,3438,4,5,0.2032,1.6002,349.63,0.2032,1.6002,339.73,18,16,9.9,1.9812,0.2032,2.286,0.2032,3.175,3.175,0.8128,3,20,1,2
B00840,B00840_R2,3439,5,5,0.2032,1.6002,349.63,0.2032,1.6002,339.73,18,16,9.9,0.4572,0.2032,2.54,0.762,1.651,1.651,2.6416,3,20,1,1
B00841,B00841_R2,3440,1,5,0.2032,1.9812,346.62,0.2032,1.6002,353.94,18,17,-7.32,0.2032,1.143,2.54,1.9812,1.3462,0.9652,3.175,1,10,1,1
B00841,B00841_R2,3441,2,5,0.2032,1.9812,346.62,0.2032,1.6002,353.94,18,17,-7.32,1.9812,0.2032,2.286,2.54,3.556,3.175,2.6416,3,30,1,2
B00841,B00841_R1,3442,3,5,0.2032,1.9812,346.62,0.2032,1.6002,353.94,18,17,-7.32,1.0668,0.7112,1.9812,2.54,2.6416,2.2606,3.2512,3,10,0,3
B00841,B00841_R1,3443,4,5,0.2032,1.9812,346.62,0.2032,1.6002,353.94,18,17,-7.32,0.4572,0.2032,0.762,0.2032,2.032,1.651,0.8128,3,10,0,1
B00841,B00841_R1,3444,5,5,0.2032,1.9812,346.62,0.2032,1.6002,353.94,18,17,-7.32,0.2032,0.762,1.0668,0.2032,1.7272,1.3462,1.4224,1,30,0,2
B00842,B00842_R2,3445,1,5,1.9812,2.54,384.1,2.286,2.54,373.38,20,18,10.72,1.6764,2.032,2.286,2.54,0.8128,1.1176,1.1176,3,20,1,1
B00842,B00842_R1,3446,2,5,1.9812,2.54,384.1,2.286,2.54,373.38,20,18,10.72,2.54,1.9812,0.2032,1.6002,1.1176,0.8128,2.7178,2,20,0,1
B00842,B00842_R2,3447,3,5,1.9812,2.54,384.1,2.286,2.54,373.38,20,18,10.72,2.54,0.762,1.6764,0.2032,2.3368,2.032,1.4224,3,20,1,2
B00842,B00842_R1,3448,4,5,1.9812,2.54,384.1,2.286,2.54,373.38,20,18,10.72,0.4572,2.54,0.2032,1.9812,2.032,2.3368,0.8128,2,10,0,2
B00842,B00842_R2,3449,5,5,1.9812,2.54,384.1,2.286,2.54,373.38,20,18,10.72,2.286,0.2032,1.9812,0.7112,2.6416,2.3368,0.8128,3,10,1,3
B00843,B00843_R1,3450,1,4,0.2032,1.9812,385.91,1.9812,0.7112,378.28,20,19,7.63,0.2032,1.143,1.6764,0.7112,1.3462,2.7178,2.413,1,30,0,2
B00843,B00843_R2,3451,2,4,0.2032,1.9812,385.91,1.9812,0.7112,378.28,20,19,7.63,0.2032,1.143,1.9812,2.032,1.3462,2.7178,3.175,1,10,1,1
B00843,B00843_R2,3452,3,4,0.2032,1.9812,385.91,1.9812,0.7112,378.28,20,19,7.63,1.9812,2.032,1.6764,0.7112,2.3368,2.9464,3.2512,3,20,1,2
B00843,B00843_R1,3453,4,4,0.2032,1.9812,385.91,1.9812,0.7112,378.28,20,19,7.63,0.2032,1.143,0.762,2.54,1.3462,2.7178,1.9558,1,20,0,1
B00844,B00844_R1,3454,1,5,1.6764,0.7112,350.44,1.6764,0.7112,365.27,18,18,-14.83,0.2032,1.143,0.762,0.7112,2.413,2.413,1.4986,1,10,0,2
B00844,B00844_R1,3455,2,5,1.6764,0.7112,350.44,1.6764,0.7112,365.27,18,18,-14.83,2.286,0.2032,0.4572,0.2032,1.1176,1.1176,2.3368,3,30,0,1
B00844,B00844_R1,3456,3,5,1.6764,0.7112,350.44,1.6764,0.7112,365.27,18,18,-14.83,2.286,2.54,0.2032,1.9812,2.9464,2.9464,2.6416,2,30,0,3
B00844,B00844_R2,3457,4,5,1.6764,0.7112,350.44,1.6764,0.7112,365.27,18,18,-14.83,0.762,2.032,0.4572,0.2032,3.2512,3.2512,2.6416,3,30,1,2
B00844,B00844_R2,3458,5,5,1.6764,0.7112,350.44,1.6764,0.7112,365.27,18,18,-14.83,1.6764,0.2032,0.2032,1.9812,0.508,0.508,3.2512,2,30,1,1
B00845,B00845_R1,3459,1,4,0.2032,1.9812,388.32,0.4572,0.2032,366.26,20,18,22.06,0.4572,2.54,0.2032,1.9812,0.8128,2.3368,0.8128,2,10,0,1
B00845,B00845_R2,3460,2,4,0.2032,1.9812,388.32,0.4572,0.2032,366.26,20,18,22.06,0.2032,1.143,1.9812,2.032,1.3462,1.1938,3.175,1,10,1,1
B00845,B00845_R1,3461,3,4,0.2032,1.9812,388.32,0.4572,0.2032,366.26,20,18,22.06,0.762,2.032,0.2032,1.9812,1.1176,2.6416,1.1176,2,20,0,2
B00845,B00845_R2,3462,4,4,0.2032,1.9812,388.32,0.4572,0.2032,366.26,20,18,22.06,1.6764,2.54,0.2032,1.6002,2.032,3.556,2.413,2,30,1,2
B00846,B00846_R1,3463,1,6,0.2032,1.9812,349.24,0.2032,1.6002,329.9,18,16,19.34,0.2032,1.143,2.54,1.143,1.3462,0.9652,2.3368,1,30,0,3
B00846,B00846_R1,3464,2,6,0.2032,1.9812,349.24,0.2032,1.6002,329.9,18,16,19.34,1.0668,2.54,1.0668,0.2032,1.4224,1.8034,2.9464,3,10,0,1
B00846,B00846_R2,3465,3,6,0.2032,1.9812,349.24,0.2032,1.6002,329.9,18,16,19.34,1.6764,2.54,1.9812,0.2032,2.032,2.413,3.2512,3,30,1,2
B00846,B00846_R2,3466,4,6,0.2032,1.9812,349.24,0.2032,1.6002,329.9,18,16,19.34,0.2032,1.143,1.6764,2.54,1.3462,0.9652,2.8702,1,10,1,1
B00846,B00846_R2,3467,5,6,0.2032,1.9812,349.24,0.2032,1.6002,329.9,18,16,19.34,0.762,0.7112,1.6764,0.7112,2.3368,1.9558,1.4224,3,10,1,3
B00846,B00846_R1,3468,6,6,0.2032,1.9812,349.24,0.2032,1.6002,329.9,18,16,19.34,1.0668,0.7112,0.2032,1.6002,2.6416,2.2606,2.2606,2,20,0,2
B00847,B00847_R1,3469,1,5,2.54,1.143,370.69,1.6764,0.7112,361.26,19,18,9.43,0.2032,1.143,1.0668,0.2032,2.3368,2.413,1.8034,1,10,0,1
B00847,B00847_R2,3470,2,5,2.54,1.143,370.69,1.6764,0.7112,361.26,19,18,9.43,0.2032,1.143,1.6764,0.2032,2.3368,2.413,2.413,1,30,1,3
B00847,B00847_R1,3471,3,5,2.54,1.143,370.69,1.6764,0.7112,361.26,19,18,9.43,0.2032,1.143,1.6764,2.032,2.3368,2.413,2.8702,1,20,0,2
B00847,B00847_R2,3472,4,5,2.54,1.143,370.69,1.6764,0.7112,361.26,19,18,9.43,1.6764,2.54,0.4572,0.2032,2.2606,2.9464,3.556,3,20,1,2
B00847,B00847_R2,3473,5,5,2.54,1.143,370.69,1.6764,0.7112,361.26,19,18,9.43,2.286,0.2032,2.54,1.6002,1.1938,1.1176,1.651,3,20,1,1
B00848,B00848_R1,3474,1,3,1.6764,2.032,383.21,1.6764,0.2032,378.5,20,19,4.71,0.2032,0.762,1.9812,2.032,3.2512,2.032,3.556,1,30,0,1
B00848,B00848_R2,3475,2,3,1.6764,2.032,383.21,1.6764,0.2032,378.5,20,19,4.71,0.2032,0.762,1.0668,0.7112,3.2512,2.032,1.4224,1,10,1,2
B00848,B00848_R2,3476,3,3,1.6764,2.032,383.21,1.6764,0.2032,378.5,20,19,4.71,1.6764,0.2032,0.2032,1.6002,2.9464,0.0,2.8702,2,30,1,1
B00849,B00849_R2,3477,1,7,1.9812,2.032,377.71,1.0668,0.7112,384.81,19,19,-7.1,2.286,0.2032,0.2032,1.6002,2.6416,1.7272,3.4798,2,10,1,3
B00849,B00849_R1,3478,2,7,1.9812,2.032,377.71,1.0668,0.7112,384.81,19,19,-7.1,0.2032,0.762,0.762,0.7112,3.556,1.4224,1.1176,1,30,0,2
B00849,B00849_R2,3479,3,7,1.9812,2.032,377.71,1.0668,0.7112,384.81,19,19,-7.1,1.0668,0.7112,0.2032,1.6002,3.2512,0.0,2.2606,2,20,1,1
B00849,B00849_R1,3480,4,7,1.9812,2.032,377.71,1.0668,0.7112,384.81,19,19,-7.1,0.2032,0.762,0.4572,2.54,3.556,1.4224,2.032,1,30,0,4
B00849,B00849_R1,3481,5,7,1.9812,2.032,377.71,1.0668,0.7112,384.81,19,19,-7.1,0.4572,0.2032,0.2032,1.6002,3.8608,1.1176,1.651,2,10,0,3
B00849,B00849_R1,3482,6,7,1.9812,2.032,377.71,1.0668,0.7112,384.81,19,19,-7.1,0.762,2.032,0.2032,1.9812,1.7272,3.2512,1.1176,2,30,0,1
B00849,B00849_R2,3483,7,7,1.9812,2.032,377.71,1.0668,0.7112,384.81,19,19,-7.1,0.2032,1.143,2.286,2.54,3.175,1.8034,3.4798,1,10,1,2
B00850,B00850_R1,3484,1,3,0.4572,2.54,352.07,0.2032,1.6002,350.06,18,17,2.01,0.2032,0.762,1.0668,2.032,2.032,1.3462,2.6416,1,30,0,1
B00850,B00850_R2,3485,2,3,0.4572,2.54,352.07,0.2032,1.6002,350.06,18,17,2.01,0.4572,0.2032,0.2032,1.9812,2.3368,1.651,2.032,2,30,1,1
B00850,B00850_R2,3486,3,3,0.4572,2.54,352.07,0.2032,1.6002,350.06,18,17,2.01,0.2032,0.762,0.4572,2.54,2.032,1.3462,2.032,1,30,1,2
B00851,B00851_R1,3487,1,6,1.0668,2.032,308.39,0.4572,2.54,316.29,15,16,-7.9,0.2032,1.143,1.9812,2.54,2.2606,1.651,3.175,1,20,0,3
B00851,B00851_R1,3488,2,6,1.0668,2.032,308.39,0.4572,2.54,316.29,15,16,-7.9,1.9812,2.54,0.2032,1.6002,1.4224,2.032,2.7178,2,30,0,1
B00851,B00851_R2,3489,3,6,1.0668,2.032,308.39,0.4572,2.54,316.29,15,16,-7.9,0.4572,2.54,0.2032,1.9812,1.1176,0.0,0.8128,2,10,1,1
B00851,B00851_R2,3490,4,6,1.0668,2.032,308.39,0.4572,2.54,316.29,15,16,-7.9,0.2032,1.143,1.9812,2.54,2.2606,1.651,3.175,1,20,1,3
B00851,B00851_R1,3491,5,6,1.0668,2.032,308.39,0.4572,2.54,316.29,15,16,-7.9,0.762,0.2032,0.2032,1.6002,3.2512,2.6416,1.9558,2,30,0,2
B00851,B00851_R2,3492,6,6,1.0668,2.032,308.39,0.4572,2.54,316.29,15,16,-7.9,1.0668,0.7112,0.2032,1.6002,2.9464,2.9464,2.2606,2,10,1,2
B00852,B00852_R1,3493,1,3,1.9812,2.54,333.82,1.9812,2.54,335.23,17,17,-1.41,0.2032,1.143,1.9812,0.7112,3.175,3.175,2.7178,1,10,0,2
B00852,B00852_R1,3494,2,3,1.9812,2.54,333.82,1.9812,2.54,335.23,17,17,-1.41,0.762,0.2032,0.2032,1.6002,3.556,3.556,1.9558,2,10,0,1
B00852,B00852_R2,3495,3,3,1.9812,2.54,333.82,1.9812,2.54,335.23,17,17,-1.41,0.2032,1.143,2.54,1.6002,3.175,3.175,2.794,1,10,1,1
B00853,B00853_R2,3496,1,6,1.9812,0.7112,354.68,2.54,1.6002,328.12,17,16,26.56,2.54,1.6002,0.2032,1.9812,1.9558,0.0,2.7178,2,30,1,1
B00853,B00853_R2,3497,2,6,1.9812,0.7112,354.68,2.54,1.6002,328.12,17,16,26.56,1.0668,2.032,2.286,2.54,3.2512,2.413,1.7272,3,10,1,4
B00853,B00853_R1,3498,3,6,1.9812,0.7112,354.68,2.54,1.6002,328.12,17,16,26.56,0.2032,0.762,2.54,1.9812,2.3368,3.175,3.556,1,20,0,2
B00853,B00853_R1,3499,4,6,1.9812,0.7112,354.68,2.54,1.6002,328.12,17,16,26.56,0.2032,0.762,1.0668,0.7112,2.3368,3.175,1.4224,1,10,0,1
B00853,B00853_R2,3500,5,6,1.9812,0.7112,354.68,2.54,1.6002,328.12,17,16,26.56,0.2032,1.143,1.6764,0.2032,2.7178,2.794,2.413,1,30,1,2
B00853,B00853_R2,3501,6,6,1.9812,0.7112,354.68,2.54,1.6002,328.12,17,16,26.56,0.2032,0.762,1.0668,2.032,2.3368,3.175,2.6416,1,30,1,3
B00854,B00854_R2,3502,1,6,2.54,1.9812,365.5,2.286,2.54,368.7,17,18,-3.2,1.0668,2.032,0.2032,1.6002,2.032,1.7272,1.8034,2,30,1,1
B00854,B00854_R1,3503,2,6,2.54,1.9812,365.5,2.286,2.54,368.7,17,18,-3.2,0.2032,1.143,2.286,2.54,3.175,3.4798,3.4798,1,20,0,3
B00854,B00854_R2,3504,3,6,2.54,1.9812,365.5,2.286,2.54,368.7,17,18,-3.2,0.2032,0.762,1.0668,2.032,3.556,3.8608,2.6416,1,20,1,2
B00854,B00854_R1,3505,4,6,2.54,1.9812,365.5,2.286,2.54,368.7,17,18,-3.2,0.2032,0.762,0.762,2.032,3.556,3.8608,2.3368,1,20,0,2
B00854,B00854_R2,3506,5,6,2.54,1.9812,365.5,2.286,2.54,368.7,17,18,-3.2,0.2032,0.762,1.9812,2.54,3.556,3.8608,3.556,1,20,1,3
B00854,B00854_R1,3507,6,6,2.54,1.9812,365.5,2.286,2.54,368.7,17,18,-3.2,1.6764,0.2032,1.0668,2.54,2.6416,2.9464,2.9464,3,20,0,1
B00855,B00855_R1,3508,1,6,2.286,2.54,415.72,1.9812,2.54,411.58,18,20,4.14,0.2032,0.762,1.0668,0.7112,3.8608,3.556,1.4224,1,10,0,3
B00855,B00855_R2,3509,2,6,2.286,2.54,415.72,1.9812,2.54,411.58,18,20,4.14,0.762,2.54,0.2032,1.6002,2.032,1.7272,1.4986,2,10,1,1
B00855,B00855_R2,3510,3,6,2.286,2.54,415.72,1.9812,2.54,411.58,18,20,4.14,0.2032,0.762,2.54,1.9812,3.8608,3.556,3.556,1,10,1,3
B00855,B00855_R1,3511,4,6,2.286,2.54,415.72,1.9812,2.54,411.58,18,20,4.14,0.4572,2.54,1.6764,2.032,2.3368,2.032,1.7272,3,30,0,1
B00855,B00855_R1,3512,5,6,2.286,2.54,415.72,1.9812,2.54,411.58,18,20,4.14,0.4572,2.54,0.2032,1.6002,2.3368,2.032,1.1938,2,10,0,2
B00855,B00855_R2,3513,6,6,2.286,2.54,415.72,1.9812,2.54,411.58,18,20,4.14,0.2032,1.143,1.0668,0.2032,3.4798,3.175,1.8034,1,20,1,2
B00856,B00856_R1,3514,1,3,1.0668,0.7112,428.43,2.54,1.9812,434.82,20,21,-6.39,0.4572,0.2032,0.2032,1.6002,1.1176,3.8608,1.651,2,30,0,1
B00856,B00856_R2,3515,2,3,1.0668,0.7112,428.43,2.54,1.9812,434.82,20,21,-6.39,2.54,1.143,0.762,0.2032,2.413,1.3462,2.7178,3,30,1,1
B00856,B00856_R1,3516,3,3,1.0668,0.7112,428.43,2.54,1.9812,434.82,20,21,-6.39,0.2032,1.143,1.0668,2.54,1.8034,3.175,2.2606,1,20,0,2
B00857,B00857_R2,3517,1,4,1.0668,2.54,418.4,0.762,0.2032,422.6,20,20,-4.2,1.6764,2.032,0.2032,1.6002,1.1176,3.2512,2.413,2,10,1,2
B00857,B00857_R1,3518,2,4,1.0668,2.54,418.4,0.762,0.2032,422.6,20,20,-4.2,2.54,1.6002,1.6764,2.54,2.413,3.175,1.8034,3,20,0,2
B00857,B00857_R1,3519,3,4,1.0668,2.54,418.4,0.762,0.2032,422.6,20,20,-4.2,1.0668,2.032,0.2032,1.6002,0.508,3.2512,1.8034,2,20,0,1
B00857,B00857_R2,3520,4,4,1.0668,2.54,418.4,0.762,0.2032,422.6,20,20,-4.2,0.2032,0.762,0.762,2.54,2.6416,1.1176,2.3368,1,30,1,1
B00858,B00858_R1,3521,1,4,1.6764,2.54,431.22,0.2032,1.6002,427.91,20,20,3.31,0.2032,1.143,1.0668,2.032,2.8702,0.9652,2.2606,1,30,0,2
B00858,B00858_R2,3522,2,4,1.6764,2.54,431.22,0.2032,1.6002,427.91,20,20,3.31,0.2032,0.762,2.286,2.54,3.2512,1.3462,3.8608,1,10,1,2
B00858,B00858_R2,3523,3,4,1.6764,2.54,431.22,0.2032,1.6002,427.91,20,20,3.31,0.2032,1.143,0.4572,2.54,2.8702,0.9652,1.651,1,20,1,1
B00858,B00858_R1,3524,4,4,1.6764,2.54,431.22,0.2032,1.6002,427.91,20,20,3.31,2.54,1.6002,0.2032,1.6002,1.8034,2.3368,2.3368,2,20,0,1
B00859,B00859_R1,3525,1,2,1.0668,2.032,437.22,2.286,2.54,432.82,20,21,4.4,0.2032,1.143,2.54,1.9812,2.2606,3.4798,3.175,1,10,0,1
B00859,B00859_R2,3526,2,2,1.0668,2.032,437.22,2.286,2.54,432.82,20,21,4.4,2.54,0.762,1.9812,2.54,3.2512,2.032,2.3368,3,30,1,1
B00860,B00860_R2,3527,1,5,2.54,1.9812,431.62,1.9812,2.54,423.41,20,20,8.21,1.0668,2.032,1.0668,0.2032,2.032,1.4224,2.9464,3,20,1,1
B00860,B00860_R2,3528,2,5,2.54,1.9812,431.62,1.9812,2.54,423.41,20,20,8.21,0.2032,1.143,2.54,1.143,3.175,3.175,2.3368,1,10,1,2
B00860,B00860_R1,3529,3,5,2.54,1.9812,431.62,1.9812,2.54,423.41,20,20,8.21,0.2032,1.143,2.54,1.6002,3.175,3.175,2.794,1,10,0,2
B00860,B00860_R1,3530,4,5,2.54,1.9812,431.62,1.9812,2.54,423.41,20,20,8.21,2.54,1.9812,0.2032,1.9812,0.0,1.1176,2.9464,2,10,0,1
B00860,B00860_R2,3531,5,5,2.54,1.9812,431.62,1.9812,2.54,423.41,20,20,8.21,0.2032,1.143,2.54,0.762,3.175,3.175,2.7178,1,20,1,3
B00861,B00861_R1,3532,1,1,2.54,1.6002,429.61,2.54,0.762,462.39,20,21,-32.78,0.2032,1.143,1.0668,0.2032,2.794,2.7178,1.8034,1,30,0,1
B00862,B00862_R1,3533,1,1,1.0668,0.2032,330.01,2.54,0.762,346.47,16,16,-16.46,1.0668,0.7112,0.2032,1.9812,0.508,2.032,2.6416,2,30,0,1
B00863,B00863_R2,3534,1,4,0.2032,1.9812,308.16,2.54,0.762,316.71,15,14,-8.55,1.6764,0.2032,0.2032,1.6002,3.2512,1.4224,2.8702,2,30,1,2
B00863,B00863_R1,3535,2,4,0.2032,1.9812,308.16,2.54,0.762,316.71,15,14,-8.55,0.2032,0.762,1.6764,2.032,1.7272,2.9464,3.2512,1,30,0,2
B00863,B00863_R2,3536,3,4,0.2032,1.9812,308.16,2.54,0.762,316.71,15,14,-8.55,2.54,1.9812,1.6764,2.54,2.9464,1.7272,1.4224,3,10,1,1
B00863,B00863_R1,3537,4,4,0.2032,1.9812,308.16,2.54,0.762,316.71,15,14,-8.55,0.762,2.54,0.2032,1.6002,1.1176,3.556,1.4986,2,20,0,1
B00864,B00864_R1,3538,1,3,1.6764,2.032,240.94,0.2032,1.6002,242.28,12,11,-1.34,1.0668,2.032,0.2032,1.6002,1.1176,1.8034,1.8034,2,20,0,2
B00864,B00864_R2,3539,2,3,1.6764,2.032,240.94,0.2032,1.6002,242.28,12,11,-1.34,2.286,0.2032,1.6764,2.54,2.9464,3.4798,2.9464,3,30,1,1
B00864,B00864_R1,3540,3,3,1.6764,2.032,240.94,0.2032,1.6002,242.28,12,11,-1.34,1.6764,2.032,0.762,2.54,0.0,2.413,1.4224,3,30,0,1
B00865,B00865_R1,3541,1,3,0.2032,1.6002,241.84,1.6764,2.54,240.28,12,10,1.56,0.762,0.7112,0.2032,1.9812,1.9558,3.2512,2.3368,2,20,0,1
B00865,B00865_R2,3542,2,3,0.2032,1.6002,241.84,1.6764,2.54,240.28,12,10,1.56,2.54,1.9812,1.9812,0.2032,2.7178,1.4224,2.3368,3,30,1,1
B00865,B00865_R2,3543,3,3,0.2032,1.6002,241.84,1.6764,2.54,240.28,12,10,1.56,1.0668,0.7112,0.762,2.032,2.2606,2.9464,3.2512,3,20,1,2
B00866,B00866_R1,3544,1,1,0.2032,1.9812,220.1,0.762,2.032,248.1,11,10,-28.0,0.2032,1.143,1.9812,2.032,1.3462,1.9558,3.175,1,20,0,1
B00867,B00867_R1,3545,1,6,1.9812,2.032,171.82,0.762,2.032,172.34,9,7,-0.52,2.54,1.143,2.286,2.54,1.9558,3.175,1.651,3,10,0,1
B00867,B00867_R1,3546,2,6,1.9812,2.032,171.82,0.762,2.032,172.34,9,7,-0.52,1.9812,0.7112,0.2032,1.9812,2.9464,3.556,3.556,2,30,0,3
B00867,B00867_R2,3547,3,6,1.9812,2.032,171.82,0.762,2.032,172.34,9,7,-0.52,1.9812,0.2032,0.2032,1.9812,2.9464,3.556,3.556,2,30,1,3
B00867,B00867_R2,3548,4,6,1.9812,2.032,171.82,0.762,2.032,172.34,9,7,-0.52,0.2032,1.143,2.54,1.6002,3.175,1.9558,2.794,1,30,1,2
B00867,B00867_R1,3549,5,6,1.9812,2.032,171.82,0.762,2.032,172.34,9,7,-0.52,2.54,0.762,2.54,1.9812,2.3368,3.556,1.7272,3,10,0,2
B00867,B00867_R2,3550,6,6,1.9812,2.032,171.82,0.762,2.032,172.34,9,7,-0.52,0.2032,0.762,0.762,0.2032,3.556,2.3368,1.1176,1,20,1,1
B00868,B00868_R1,3551,1,5,0.2032,1.9812,203.98,0.2032,1.9812,194.39,10,8,9.59,1.0668,0.2032,0.2032,1.9812,2.6416,2.6416,2.6416,2,10,0,1
B00868,B00868_R1,3552,2,5,0.2032,1.9812,203.98,0.2032,1.9812,194.39,10,8,9.59,2.54,0.762,0.2032,1.6002,3.556,3.556,3.175,2,20,0,2
B00868,B00868_R2,3553,3,5,0.2032,1.9812,203.98,0.2032,1.9812,194.39,10,8,9.59,0.2032,0.762,0.762,2.54,1.7272,1.7272,2.3368,1,30,1,1
B00868,B00868_R2,3554,4,5,0.2032,1.9812,203.98,0.2032,1.9812,194.39,10,8,9.59,1.0668,0.7112,0.2032,1.9812,2.6416,2.6416,2.6416,2,20,1,3
B00868,B00868_R2,3555,5,5,0.2032,1.9812,203.98,0.2032,1.9812,194.39,10,8,9.59,2.54,1.9812,0.2032,1.6002,2.9464,2.9464,2.7178,2,20,1,2
B00869,B00869_R1,3556,1,4,0.2032,1.6002,228.65,0.2032,1.9812,234.67,10,10,-6.02,1.9812,0.2032,0.2032,1.6002,3.175,3.556,3.175,2,10,0,2
B00869,B00869_R1,3557,2,4,0.2032,1.6002,228.65,0.2032,1.9812,234.67,10,10,-6.02,0.2032,0.762,0.4572,2.54,1.3462,1.7272,2.032,1,30,0,1
B00869,B00869_R2,3558,3,4,0.2032,1.6002,228.65,0.2032,1.9812,234.67,10,10,-6.02,1.0668,0.2032,0.2032,1.6002,2.2606,2.6416,2.2606,2,10,1,2
B00869,B00869_R2,3559,4,4,0.2032,1.6002,228.65,0.2032,1.9812,234.67,10,10,-6.02,0.762,0.2032,0.2032,1.6002,1.9558,2.3368,1.9558,2,20,1,1
B00870,B00870_R2,3560,1,1,0.2032,1.6002,254.61,0.2032,1.6002,227.14,11,10,27.47,0.4572,2.54,0.2032,1.9812,1.1938,1.1938,0.8128,2,20,1,1
B00871,B00871_R2,3561,1,4,0.2032,1.6002,218.95,0.2032,1.9812,204.39,9,9,14.56,1.9812,2.032,0.2032,1.9812,2.7178,2.3368,2.3368,2,10,1,2
B00871,B00871_R1,3562,2,4,0.2032,1.6002,218.95,0.2032,1.9812,204.39,9,9,14.56,0.4572,0.2032,0.2032,1.9812,1.651,2.032,2.032,2,10,0,2
B00871,B00871_R1,3563,3,4,0.2032,1.6002,218.95,0.2032,1.9812,204.39,9,9,14.56,0.2032,1.143,0.4572,0.2032,0.9652,1.3462,1.1938,1,30,0,1
B00871,B00871_R2,3564,4,4,0.2032,1.6002,218.95,0.2032,1.9812,204.39,9,9,14.56,1.6764,2.54,0.762,2.54,2.413,2.032,1.4224,3,10,1,1
B00872,B00872_R1,3565,1,3,0.2032,1.9812,211.42,0.2032,1.9812,211.1,9,10,0.32,0.2032,1.143,2.286,0.2032,1.3462,1.3462,3.0226,1,20,0,1
B00872,B00872_R2,3566,2,3,0.2032,1.9812,211.42,0.2032,1.9812,211.1,9,10,0.32,0.2032,1.143,1.0668,0.2032,1.3462,1.3462,1.8034,1,20,1,1
B00872,B00872_R2,3567,3,3,0.2032,1.9812,211.42,0.2032,1.9812,211.1,9,10,0.32,0.762,0.2032,2.54,1.143,2.3368,2.3368,2.7178,3,20,1,2
B00873,B00873_R1,3568,1,6,2.286,0.2032,199.1,2.54,1.143,204.28,9,10,-5.18,0.2032,1.143,0.4572,0.2032,3.0226,2.3368,1.1938,1,30,0,1
B00873,B00873_R2,3569,2,6,2.286,0.2032,199.1,2.54,1.143,204.28,9,10,-5.18,0.2032,1.143,1.6764,0.7112,3.0226,2.3368,2.413,1,10,1,3
B00873,B00873_R1,3570,3,6,2.286,0.2032,199.1,2.54,1.143,204.28,9,10,-5.18,0.2032,0.762,1.6764,0.7112,2.6416,2.7178,2.032,1,20,0,2
B00873,B00873_R1,3571,4,6,2.286,0.2032,199.1,2.54,1.143,204.28,9,10,-5.18,0.2032,0.762,2.286,0.2032,2.6416,2.7178,2.6416,1,30,0,3
B00873,B00873_R2,3572,5,6,2.286,0.2032,199.1,2.54,1.143,204.28,9,10,-5.18,1.6764,2.032,0.2032,1.9812,2.9464,2.2606,2.032,2,10,1,1
B00873,B00873_R2,3573,6,6,2.286,0.2032,199.1,2.54,1.143,204.28,9,10,-5.18,1.0668,2.032,0.2032,1.9812,3.556,2.8702,1.4224,2,10,1,2
B00874,B00874_R1,3574,1,7,2.286,0.2032,215.22,1.6764,0.7112,227.12,10,11,-11.9,0.762,2.54,0.2032,1.9812,3.8608,3.2512,1.1176,2,30,0,3
B00874,B00874_R1,3575,2,7,2.286,0.2032,215.22,1.6764,0.7112,227.12,10,11,-11.9,0.762,2.54,0.2032,1.9812,3.8608,3.2512,1.1176,2,30,0,2
B00874,B00874_R2,3576,3,7,2.286,0.2032,215.22,1.6764,0.7112,227.12,10,11,-11.9,0.762,0.2032,0.2032,1.6002,2.032,1.4224,1.9558,2,10,1,1
B00874,B00874_R1,3577,4,7,2.286,0.2032,215.22,1.6764,0.7112,227.12,10,11,-11.9,1.9812,2.032,0.2032,1.9812,2.6416,3.2512,2.3368,2,30,0,1
B00874,B00874_R2,3578,5,7,2.286,0.2032,215.22,1.6764,0.7112,227.12,10,11,-11.9,1.6764,2.54,0.2032,1.6002,2.9464,2.9464,2.413,2,10,1,3
B00874,B00874_R2,3579,6,7,2.286,0.2032,215.22,1.6764,0.7112,227.12,10,11,-11.9,0.2032,0.762,1.6764,2.54,2.6416,2.032,3.2512,1,10,1,2
B00874,B00874_R1,3580,7,7,2.286,0.2032,215.22,1.6764,0.7112,227.12,10,11,-11.9,0.2032,0.762,2.286,0.2032,2.6416,2.032,2.6416,1,20,0,4
B00875,B00875_R2,3581,1,5,2.286,0.2032,202.26,0.2032,1.6002,206.29,11,11,-4.03,0.4572,2.54,1.9812,2.54,4.1656,1.1938,2.032,3,30,1,1
B00875,B00875_R1,3582,2,5,2.286,0.2032,202.26,0.2032,1.6002,206.29,11,11,-4.03,0.2032,0.762,1.0668,2.54,2.6416,1.3462,2.6416,1,30,0,2
B00875,B00875_R2,3583,3,5,2.286,0.2032,202.26,0.2032,1.6002,206.29,11,11,-4.03,1.9812,2.032,0.2032,1.9812,2.6416,2.7178,2.3368,2,30,1,2
B00875,B00875_R1,3584,4,5,2.286,0.2032,202.26,0.2032,1.6002,206.29,11,11,-4.03,1.9812,0.7112,0.2032,1.9812,0.8128,3.175,3.556,2,30,0,1
B00875,B00875_R2,3585,5,5,2.286,0.2032,202.26,0.2032,1.6002,206.29,11,11,-4.03,0.2032,0.762,1.9812,0.7112,2.6416,1.3462,2.3368,1,20,1,3
B00876,B00876_R1,3586,1,7,1.0668,2.54,223.63,1.9812,0.7112,236.24,11,12,-12.61,0.4572,0.2032,0.2032,1.9812,2.9464,2.032,2.032,2,30,0,3
B00876,B00876_R2,3587,2,7,1.0668,2.54,223.63,1.9812,0.7112,236.24,11,12,-12.61,1.0668,0.2032,0.2032,1.6002,2.9464,1.4224,2.2606,2,30,1,1
B00876,B00876_R1,3588,3,7,1.0668,2.54,223.63,1.9812,0.7112,236.24,11,12,-12.61,1.0668,2.032,0.2032,1.6002,0.508,3.2512,1.8034,2,20,0,1
B00876,B00876_R1,3589,4,7,1.0668,2.54,223.63,1.9812,0.7112,236.24,11,12,-12.61,0.2032,1.143,1.0668,0.7112,2.2606,2.7178,1.8034,1,10,0,2
B00876,B00876_R2,3590,5,7,1.0668,2.54,223.63,1.9812,0.7112,236.24,11,12,-12.61,0.2032,1.143,2.54,1.143,2.2606,2.7178,2.3368,1,10,1,2
B00876,B00876_R1,3591,6,7,1.0668,2.54,223.63,1.9812,0.7112,236.24,11,12,-12.61,0.2032,0.762,1.9812,0.7112,2.6416,2.3368,2.3368,1,10,0,4
B00876,B00876_R2,3592,7,7,1.0668,2.54,223.63,1.9812,0.7112,236.24,11,12,-12.61,0.2032,1.143,1.9812,0.2032,2.2606,2.7178,2.7178,1,10,1,3
B00877,B00877_R1,3593,1,1,1.9812,0.7112,246.95,1.9812,0.2032,263.49,13,13,-16.54,0.2032,1.143,1.9812,2.032,2.7178,2.7178,3.175,1,30,0,1
B00878,B00878_R2,3594,1,3,1.9812,2.032,251.27,1.9812,0.2032,231.63,12,12,19.64,0.2032,0.762,1.6764,2.54,3.556,2.3368,3.2512,1,20,1,2
B00878,B00878_R1,3595,2,3,1.9812,2.032,251.27,1.9812,0.2032,231.63,12,12,19.64,0.2032,1.143,0.762,0.7112,3.175,2.7178,1.4986,1,20,0,1
B00878,B00878_R2,3596,3,3,1.9812,2.032,251.27,1.9812,0.2032,231.63,12,12,19.64,1.9812,0.7112,0.2032,1.9812,2.9464,0.508,3.556,2,20,1,1
B00879,B00879_R1,3597,1,1,0.762,0.7112,203.39,1.6764,2.54,210.89,10,10,-7.5,0.2032,1.143,2.54,0.762,1.4986,2.8702,2.7178,1,30,0,1
B00880,B00880_R1,3598,1,5,2.54,0.762,195.37,1.6764,2.54,171.21,9,8,24.16,2.54,0.762,0.2032,1.6002,0.0,2.6416,3.175,2,10,0,1
B00880,B00880_R2,3599,2,5,2.54,0.762,195.37,1.6764,2.54,171.21,9,8,24.16,1.9812,2.54,0.2032,1.6002,2.3368,0.8128,2.7178,2,30,1,1
B00880,B00880_R1,3600,3,5,2.54,0.762,195.37,1.6764,2.54,171.21,9,8,24.16,0.2032,1.143,1.0668,2.032,2.7178,2.8702,2.2606,1,10,0,2
B00880,B00880_R2,3601,4,5,2.54,0.762,195.37,1.6764,2.54,171.21,9,8,24.16,0.2032,0.762,1.9812,2.54,2.9464,3.2512,3.556,1,30,1,3
B00880,B00880_R2,3602,5,5,2.54,0.762,195.37,1.6764,2.54,171.21,9,8,24.16,0.4572,0.2032,0.2032,1.6002,2.6416,3.556,1.651,2,30,1,2
B00881,B00881_R1,3603,1,7,1.0668,2.032,186.13,1.9812,2.54,211.79,9,10,-25.66,1.0668,0.2032,0.2032,1.6002,2.9464,3.2512,2.2606,2,10,0,2
B00881,B00881_R1,3604,2,7,1.0668,2.032,186.13,1.9812,2.54,211.79,9,10,-25.66,1.9812,0.7112,0.2032,1.6002,3.2512,2.9464,3.175,2,30,0,4
B00881,B00881_R2,3605,3,7,1.0668,2.032,186.13,1.9812,2.54,211.79,9,10,-25.66,1.6764,0.2032,0.2032,1.6002,2.9464,3.2512,2.8702,2,10,1,3
B00881,B00881_R1,3606,4,7,1.0668,2.032,186.13,1.9812,2.54,211.79,9,10,-25.66,0.2032,0.762,1.0668,0.7112,2.6416,3.556,1.4224,1,30,0,1
B00881,B00881_R2,3607,5,7,1.0668,2.032,186.13,1.9812,2.54,211.79,9,10,-25.66,0.2032,1.143,1.0668,2.032,2.2606,3.175,2.2606,1,30,1,2
B00881,B00881_R2,3608,6,7,1.0668,2.032,186.13,1.9812,2.54,211.79,9,10,-25.66,2.54,1.9812,0.2032,1.9812,2.032,1.1176,2.9464,2,10,1,1
B00881,B00881_R1,3609,7,7,1.0668,2.032,186.13,1.9812,2.54,211.79,9,10,-25.66,0.762,0.2032,0.2032,1.9812,3.2512,3.556,2.3368,2,30,0,3
B00882,B00882_R2,3610,1,2,0.2032,1.6002,258.68,0.2032,1.6002,240.15,12,11,18.53,1.6764,0.7112,0.2032,1.6002,2.8702,2.8702,2.8702,2,10,1,1
B00882,B00882_R1,3611,2,2,0.2032,1.6002,258.68,0.2032,1.6002,240.15,12,11,18.53,1.9812,2.54,0.2032,1.9812,2.7178,2.7178,2.3368,2,10,0,1
B00883,B00883_R1,3612,1,4,0.2032,1.9812,246.26,0.2032,1.6002,237.86,11,10,8.4,0.2032,1.143,1.0668,2.032,1.3462,0.9652,2.2606,1,10,0,2
B00883,B00883_R1,3613,2,4,0.2032,1.9812,246.26,0.2032,1.6002,237.86,11,10,8.4,0.762,2.032,0.2032,1.6002,1.1176,1.4986,1.4986,2,20,0,1
B00883,B00883_R2,3614,3,4,0.2032,1.9812,246.26,0.2032,1.6002,237.86,11,10,8.4,0.2032,1.143,1.0668,0.7112,1.3462,0.9652,1.8034,1,20,1,1
B00883,B00883_R2,3615,4,4,0.2032,1.9812,246.26,0.2032,1.6002,237.86,11,10,8.4,0.2032,1.143,1.6764,2.54,1.3462,0.9652,2.8702,1,30,1,2
B00884,B00884_R2,3616,1,1,1.0668,2.032,239.84,1.6764,2.54,231.25,11,10,8.59,1.6764,2.032,0.762,0.2032,1.1176,0.508,3.2512,3,20,1,1
B00885,B00885_R1,3617,1,3,1.0668,2.032,195.75,0.762,0.2032,220.23,10,10,-24.48,1.6764,2.54,0.2032,1.6002,1.1176,3.2512,2.413,2,20,0,2
B00885,B00885_R2,3618,2,3,1.0668,2.032,195.75,0.762,0.2032,220.23,10,10,-24.48,0.762,0.7112,0.2032,1.9812,3.2512,0.508,2.3368,2,20,1,1
B00885,B00885_R1,3619,3,3,1.0668,2.032,195.75,0.762,0.2032,220.23,10,10,-24.48,1.0668,2.032,0.2032,1.9812,0.0,3.2512,1.4224,2,30,0,1
B00886,B00886_R2,3620,1,3,0.2032,1.6002,202.57,0.2032,1.9812,196.39,10,9,6.18,1.0668,0.7112,0.2032,1.9812,2.2606,2.6416,2.6416,2,10,1,2
B00886,B00886_R1,3621,2,3,0.2032,1.6002,202.57,0.2032,1.9812,196.39,10,9,6.18,0.2032,1.143,0.4572,2.54,0.9652,1.3462,1.651,1,10,0,1
B00886,B00886_R2,3622,3,3,0.2032,1.6002,202.57,0.2032,1.9812,196.39,10,9,6.18,0.2032,0.762,0.762,0.7112,1.3462,1.7272,1.1176,1,10,1,1
B00887,B00887_R2,3623,1,3,0.4572,2.54,179.93,0.2032,1.9812,194.18,9,9,-14.25,0.2032,0.762,1.9812,2.54,2.032,1.7272,3.556,1,10,1,1
B00887,B00887_R1,3624,2,3,0.4572,2.54,179.93,0.2032,1.9812,194.18,9,9,-14.25,0.2032,0.762,1.0668,2.54,2.032,1.7272,2.6416,1,20,0,2
B00887,B00887_R1,3625,3,3,0.4572,2.54,179.93,0.2032,1.9812,194.18,9,9,-14.25,0.4572,0.2032,0.2032,1.6002,2.3368,2.032,1.651,2,10,0,1
B00888,B00888_R2,3626,1,3,1.0668,2.54,188.55,1.9812,2.54,185.17,9,9,3.38,1.6764,0.7112,0.2032,1.6002,2.9464,3.2512,2.8702,2,30,1,1
B00888,B00888_R1,3627,2,3,1.0668,2.54,188.55,1.9812,2.54,185.17,9,9,3.38,0.2032,1.143,2.54,1.6002,2.2606,3.175,2.794,1,30,0,1
B00888,B00888_R2,3628,3,3,1.0668,2.54,188.55,1.9812,2.54,185.17,9,9,3.38,0.2032,0.762,0.4572,2.54,2.6416,3.556,2.032,1,10,1,2
B00889,B00889_R2,3629,1,4,2.54,1.6002,168.2,0.4572,2.54,185.87,9,9,-17.67,0.762,2.54,0.2032,1.9812,2.7178,0.8128,1.1176,2,10,1,1
B00889,B00889_R1,3630,2,4,2.54,1.6002,168.2,0.4572,2.54,185.87,9,9,-17.67,2.54,1.9812,0.2032,1.9812,0.889,2.6416,2.9464,2,20,0,1
B00889,B00889_R1,3631,3,4,2.54,1.6002,168.2,0.4572,2.54,185.87,9,9,-17.67,0.2032,1.143,2.54,1.6002,2.794,1.651,2.794,1,10,0,2
B00889,B00889_R2,3632,4,4,2.54,1.6002,168.2,0.4572,2.54,185.87,9,9,-17.67,1.0668,2.54,0.2032,1.9812,2.413,1.1176,1.4224,2,30,1,2
B00890,B00890_R1,3633,1,1,2.54,1.6002,176.32,0.2032,1.9812,182.15,9,9,-5.83,0.2032,1.143,1.0668,0.7112,2.794,1.3462,1.8034,1,10,0,1
B00891,B00891_R1,3634,1,4,1.0668,0.7112,176.94,0.2032,1.9812,144.08,8,7,32.86,1.0668,0.7112,0.2032,1.6002,0.0,2.6416,2.2606,2,30,0,1
B00891,B00891_R2,3635,2,4,1.0668,0.7112,176.94,0.2032,1.9812,144.08,8,7,32.86,2.54,0.762,0.2032,1.9812,2.032,3.556,3.556,2,30,1,2
B00891,B00891_R1,3636,3,4,1.0668,0.7112,176.94,0.2032,1.9812,144.08,8,7,32.86,1.9812,0.7112,0.2032,1.6002,1.4224,3.556,3.175,2,10,0,2
B00891,B00891_R2,3637,4,4,1.0668,0.7112,176.94,0.2032,1.9812,144.08,8,7,32.86,0.2032,0.762,2.286,2.54,1.4224,1.7272,3.8608,1,20,1,1
B00892,B00892_R2,3638,1,4,0.2032,1.6002,183.05,0.2032,1.9812,176.76,8,8,6.29,0.2032,1.143,1.6764,0.2032,0.9652,1.3462,2.413,1,30,1,1
B00892,B00892_R2,3639,2,4,0.2032,1.6002,183.05,0.2032,1.9812,176.76,8,8,6.29,2.54,1.6002,0.2032,1.6002,2.3368,2.7178,2.3368,2,20,1,2
B00892,B00892_R1,3640,3,4,0.2032,1.6002,183.05,0.2032,1.9812,176.76,8,8,6.29,0.2032,0.762,0.762,0.2032,1.3462,1.7272,1.1176,1,30,0,1
B00892,B00892_R1,3641,4,4,0.2032,1.6002,183.05,0.2032,1.9812,176.76,8,8,6.29,0.2032,0.762,2.54,1.143,1.3462,1.7272,2.7178,1,20,0,2
B00893,B00893_R1,3642,1,5,2.54,1.143,107.01,0.2032,1.6002,101.11,5,4,5.9,1.9812,0.2032,2.286,2.54,1.4986,3.175,2.6416,3,30,0,1
B00893,B00893_R2,3643,2,5,2.54,1.143,107.01,0.2032,1.6002,101.11,5,4,5.9,0.2032,1.143,1.6764,0.7112,2.3368,0.9652,2.413,1,20,1,1
B00893,B00893_R2,3644,3,5,2.54,1.143,107.01,0.2032,1.6002,101.11,5,4,5.9,1.9812,0.7112,0.2032,1.9812,1.4986,3.175,3.556,2,20,1,3
B00893,B00893_R1,3645,4,5,2.54,1.143,107.01,0.2032,1.6002,101.11,5,4,5.9,1.9812,2.54,0.2032,1.9812,1.9558,2.7178,2.3368,2,20,0,2
B00893,B00893_R2,3646,5,5,2.54,1.143,107.01,0.2032,1.6002,101.11,5,4,5.9,1.0668,0.7112,1.9812,0.2032,2.413,2.2606,1.4224,3,20,1,2
B00894,B00894_R1,3647,1,1,0.2032,1.9812,108.71,0.2032,1.9812,119.44,5,6,-10.73,1.6764,2.032,0.2032,1.9812,2.032,2.032,2.032,2,10,0,1
B00895,B00895_R1,3648,1,3,0.2032,1.9812,91.36,0.2032,1.9812,73.64,5,4,17.72,1.0668,2.032,0.2032,1.6002,1.4224,1.4224,1.8034,2,30,0,1
B00895,B00895_R2,3649,2,3,0.2032,1.9812,91.36,0.2032,1.9812,73.64,5,4,17.72,0.2032,0.762,0.4572,0.2032,1.7272,1.7272,0.8128,1,10,1,1
B00895,B00895_R2,3650,3,3,0.2032,1.9812,91.36,0.2032,1.9812,73.64,5,4,17.72,0.2032,1.143,1.6764,2.032,1.3462,1.3462,2.8702,1,30,1,2
B00896,B00896_R1,3651,1,4,0.2032,1.6002,72.63,1.6764,2.032,76.14,4,4,-3.51,0.2032,1.143,1.0668,2.032,0.9652,2.8702,2.2606,1,10,0,1
B00896,B00896_R2,3652,2,4,0.2032,1.6002,72.63,1.6764,2.032,76.14,4,4,-3.51,1.6764,0.2032,0.2032,1.9812,2.8702,2.9464,3.2512,2,30,1,1
B00896,B00896_R1,3653,3,4,0.2032,1.6002,72.63,1.6764,2.032,76.14,4,4,-3.51,0.2032,0.762,1.6764,2.54,1.3462,3.2512,3.2512,1,20,0,2
B00896,B00896_R2,3654,4,4,0.2032,1.6002,72.63,1.6764,2.032,76.14,4,4,-3.51,0.2032,1.143,2.286,2.54,0.9652,2.8702,3.4798,1,10,1,2
B00897,B00897_R2,3655,1,4,1.6764,2.54,88.76,2.286,2.54,93.58,4,4,-4.82,0.2032,1.143,1.6764,0.2032,2.8702,3.4798,2.413,1,20,1,2
B00897,B00897_R2,3656,2,4,1.6764,2.54,88.76,2.286,2.54,93.58,4,4,-4.82,2.54,1.9812,0.2032,1.9812,1.4224,0.8128,2.9464,2,20,1,1
B00897,B00897_R1,3657,3,4,1.6764,2.54,88.76,2.286,2.54,93.58,4,4,-4.82,0.2032,0.762,1.0668,0.2032,3.2512,3.8608,1.4224,1,20,0,1
B00897,B00897_R1,3658,4,4,1.6764,2.54,88.76,2.286,2.54,93.58,4,4,-4.82,0.2032,0.762,1.6764,2.54,3.2512,3.8608,3.2512,1,20,0,2
B00898,B00898_R2,3659,1,4,1.6764,2.54,64.73,1.6764,0.2032,61.42,3,3,3.31,0.2032,0.762,0.4572,2.54,3.2512,2.032,2.032,1,30,1,2
B00898,B00898_R1,3660,2,4,1.6764,2.54,64.73,1.6764,0.2032,61.42,3,3,3.31,0.2032,1.143,0.4572,0.2032,2.8702,2.413,1.1938,1,20,0,2
B00898,B00898_R1,3661,3,4,1.6764,2.54,64.73,1.6764,0.2032,61.42,3,3,3.31,2.286,2.54,0.2032,1.9812,1.1176,2.9464,2.6416,2,10,0,1
B00898,B00898_R2,3662,4,4,1.6764,2.54,64.73,1.6764,0.2032,61.42,3,3,3.31,0.2032,0.762,0.762,0.7112,3.2512,2.032,1.1176,1,10,1,1
B00899,B00899_R2,3663,1,5,0.4572,0.2032,0.0,0.4572,2.54,0.0,0,0,0.0,0.762,2.032,0.2032,1.9812,2.6416,0.8128,1.1176,2,20,1,1
B00899,B00899_R2,3664,2,5,0.4572,0.2032,0.0,0.4572,2.54,0.0,0,0,0.0,1.9812,0.2032,0.2032,1.6002,2.032,3.8608,3.175,2,30,1,3
B00899,B00899_R2,3665,3,5,0.4572,0.2032,0.0,0.4572,2.54,0.0,0,0,0.0,0.2032,1.143,1.0668,2.54,1.1938,1.651,2.2606,1,20,1,2
B00899,B00899_R1,3666,4,5,0.4572,0.2032,0.0,0.4572,2.54,0.0,0,0,0.0,1.9812,0.7112,2.286,0.2032,2.032,3.8608,0.8128,3,10,0,1
B00899,B00899_R1,3667,5,5,0.4572,0.2032,0.0,0.4572,2.54,0.0,0,0,0.0,2.286,0.2032,0.2032,1.6002,2.3368,4.1656,3.4798,2,10,0,2
B00900,B00900_R1,3668,1,4,0.2032,1.6002,16.74,0.2032,1.6002,43.29,1,2,-26.55,2.54,0.762,1.6764,2.032,3.175,3.175,2.6416,3,10,0,3
B00900,B00900_R1,3669,2,4,0.2032,1.6002,16.74,0.2032,1.6002,43.29,1,2,-26.55,0.762,2.54,0.2032,1.9812,1.4986,1.4986,1.1176,2,10,0,1
B00900,B00900_R1,3670,3,4,0.2032,1.6002,16.74,0.2032,1.6002,43.29,1,2,-26.55,1.0668,0.7112,0.2032,1.9812,2.2606,2.2606,2.6416,2,30,0,2
B00900,B00900_R2,3671,4,4,0.2032,1.6002,16.74,0.2032,1.6002,43.29,1,2,-26.55,1.9812,0.2032,1.6764,2.54,3.175,3.175,3.2512,3,20,1,1
B00901,B00901_R2,3672,1,3,1.6764,2.032,43.89,1.6764,2.54,28.56,2,1,15.33,1.0668,2.54,0.2032,1.9812,1.1176,1.1176,1.4224,2,20,1,1
B00901,B00901_R1,3673,2,3,1.6764,2.032,43.89,1.6764,2.54,28.56,2,1,15.33,1.9812,2.032,0.2032,1.6002,0.8128,0.8128,2.7178,2,20,0,1
B00901,B00901_R2,3674,3,3,1.6764,2.032,43.89,1.6764,2.54,28.56,2,1,15.33,0.2032,0.762,1.9812,0.2032,3.2512,3.2512,2.3368,1,20,1,2
B00902,B00902_R2,3675,1,1,0.2032,1.6002,0.0,1.9812,0.2032,0.0,0,0,0.0,2.54,0.762,0.2032,1.9812,3.175,1.1176,3.556,2,20,1,1
B00903,B00903_R1,3676,1,4,0.2032,1.6002,0.0,0.2032,1.9812,0.0,0,0,0.0,0.762,0.2032,1.6764,2.54,1.9558,2.3368,3.2512,3,30,0,2
B00903,B00903_R1,3677,2,4,0.2032,1.6002,0.0,0.2032,1.9812,0.0,0,0,0.0,0.2032,0.762,0.4572,0.2032,1.3462,1.7272,0.8128,1,10,0,1
B00903,B00903_R2,3678,3,4,0.2032,1.6002,0.0,0.2032,1.9812,0.0,0,0,0.0,0.2032,0.762,1.9812,2.032,1.3462,1.7272,3.556,1,30,1,1
B00903,B00903_R2,3679,4,4,0.2032,1.6002,0.0,0.2032,1.9812,0.0,0,0,0.0,1.6764,0.2032,1.9812,2.032,2.8702,3.2512,3.2512,3,20,1,2
B00904,B00904_R2,3680,1,3,1.6764,2.54,15.83,1.9812,2.032,15.83,1,1,0.0,0.2032,1.143,2.54,1.143,2.8702,3.175,2.3368,1,30,1,2
B00904,B00904_R1,3681,2,3,1.6764,2.54,15.83,1.9812,2.032,15.83,1,1,0.0,1.0668,0.7112,0.2032,1.6002,2.9464,3.2512,2.2606,2,30,0,1
B00904,B00904_R2,3682,3,3,1.6764,2.54,15.83,1.9812,2.032,15.83,1,1,0.0,1.9812,2.54,0.762,2.54,0.8128,0.508,1.7272,3,10,1,1
B00905,B00905_R1,3683,1,5,0.2032,1.6002,0.0,2.54,1.143,22.94,0,1,-22.94,0.2032,1.143,0.4572,2.54,0.9652,2.3368,1.651,1,30,0,1
B00905,B00905_R2,3684,2,5,0.2032,1.6002,0.0,2.54,1.143,22.94,0,1,-22.94,1.6764,0.7112,0.762,0.7112,2.8702,1.8034,1.4224,3,10,1,1
B00905,B00905_R1,3685,3,5,0.2032,1.6002,0.0,2.54,1.143,22.94,0,1,-22.94,2.54,1.6002,0.2032,1.6002,2.3368,0.9652,2.3368,2,30,0,3
B00905,B00905_R2,3686,4,5,0.2032,1.6002,0.0,2.54,1.143,22.94,0,1,-22.94,0.2032,0.762,2.54,0.762,1.3462,2.7178,2.9464,1,20,1,2
B00905,B00905_R1,3687,5,5,0.2032,1.6002,0.0,2.54,1.143,22.94,0,1,-22.94,0.4572,2.54,0.2032,1.9812,1.1938,3.4798,0.8128,2,20,0,2
B00906,B00906_R1,3688,1,4,0.2032,1.6002,32.16,2.54,0.762,22.04,2,1,10.12,0.4572,2.54,0.2032,1.9812,1.1938,3.8608,0.8128,2,10,0,1
B00906,B00906_R1,3689,2,4,0.2032,1.6002,32.16,2.54,0.762,22.04,2,1,10.12,0.2032,1.143,2.54,1.6002,0.9652,2.7178,2.794,1,20,0,2
B00906,B00906_R2,3690,3,4,0.2032,1.6002,32.16,2.54,0.762,22.04,2,1,10.12,1.6764,0.7112,0.2032,1.9812,2.8702,1.4224,3.2512,2,30,1,2
B00906,B00906_R2,3691,4,4,0.2032,1.6002,32.16,2.54,0.762,22.04,2,1,10.12,1.6764,0.7112,0.2032,1.6002,2.8702,1.4224,2.8702,2,10,1,1
B00907,B00907_R1,3692,1,5,2.54,1.6002,0.0,0.2032,1.9812,0.0,0,0,0.0,2.54,1.9812,1.6764,0.7112,0.889,2.9464,2.6416,3,10,0,1
B00907,B00907_R2,3693,2,5,2.54,1.6002,0.0,0.2032,1.9812,0.0,0,0,0.0,0.762,0.7112,0.2032,1.6002,3.175,2.3368,1.9558,2,20,1,1
B00907,B00907_R2,3694,3,5,2.54,1.6002,0.0,0.2032,1.9812,0.0,0,0,0.0,0.2032,1.143,1.0668,0.2032,2.794,1.3462,1.8034,1,30,1,2
B00907,B00907_R2,3695,4,5,2.54,1.6002,0.0,0.2032,1.9812,0.0,0,0,0.0,1.0668,0.2032,0.2032,1.9812,2.8702,2.6416,2.6416,2,30,1,3
B00907,B00907_R1,3696,5,5,2.54,1.6002,0.0,0.2032,1.9812,0.0,0,0,0.0,1.6764,0.2032,0.2032,1.6002,2.2606,3.2512,2.8702,2,30,0,2
B00908,B00908_R1,3697,1,3,0.2032,1.6002,14.33,0.2032,1.9812,26.55,1,2,-12.22,2.286,0.2032,2.54,1.6002,3.4798,3.8608,1.651,3,10,0,2
B00908,B00908_R2,3698,2,3,0.2032,1.6002,14.33,0.2032,1.9812,26.55,1,2,-12.22,0.2032,0.762,2.286,2.54,1.3462,1.7272,3.8608,1,30,1,1
B00908,B00908_R1,3699,3,3,0.2032,1.6002,14.33,0.2032,1.9812,26.55,1,2,-12.22,0.762,0.7112,0.2032,1.6002,1.9558,2.3368,1.9558,2,30,0,1
B00909,B00909_R2,3700,1,2,2.54,1.6002,16.23,2.286,2.54,21.24,1,1,-5.01,2.286,0.2032,2.54,0.762,1.651,2.3368,0.8128,3,10,1,1
B00909,B00909_R1,3701,2,2,2.54,1.6002,16.23,2.286,2.54,21.24,1,1,-5.01,0.2032,1.143,1.6764,2.032,2.794,3.4798,2.8702,1,10,0,1
B00910,B00910_R1,3702,1,7,1.6764,2.032,0.0,2.54,0.762,0.0,0,0,0.0,0.2032,1.143,2.54,1.6002,2.8702,2.7178,2.794,1,20,0,4
B00910,B00910_R1,3703,2,7,1.6764,2.032,0.0,2.54,0.762,0.0,0,0,0.0,1.0668,2.032,0.2032,1.6002,1.1176,3.2512,1.8034,2,10,0,1
B00910,B00910_R1,3704,3,7,1.6764,2.032,0.0,2.54,0.762,0.0,0,0,0.0,0.4572,0.2032,0.2032,1.9812,3.556,2.6416,2.032,2,20,0,3
B00910,B00910_R2,3705,4,7,1.6764,2.032,0.0,2.54,0.762,0.0,0,0,0.0,0.2032,0.762,1.0668,2.54,3.2512,2.9464,2.6416,1,20,1,2
B00910,B00910_R2,3706,5,7,1.6764,2.032,0.0,2.54,0.762,0.0,0,0,0.0,2.54,1.143,1.0668,2.54,2.2606,0.889,2.8702,3,20,1,1
B00910,B00910_R1,3707,6,7,1.6764,2.032,0.0,2.54,0.762,0.0,0,0,0.0,0.2032,1.143,1.0668,0.7112,2.8702,2.7178,1.8034,1,30,0,2
B00910,B00910_R2,3708,7,7,1.6764,2.032,0.0,2.54,0.762,0.0,0,0,0.0,0.2032,0.762,1.6764,2.032,3.2512,2.9464,3.2512,1,30,1,3
B00911,B00911_R2,3709,1,1,2.54,1.6002,50.89,1.6764,2.032,42.69,3,2,8.2,1.6764,2.54,1.9812,0.2032,1.8034,0.508,3.2512,3,30,1,1
B00912,B00912_R2,3710,1,2,2.54,1.6002,14.03,1.9812,0.2032,20.84,1,1,-6.81,0.2032,0.762,0.762,2.54,3.175,2.3368,2.3368,1,20,1,1
B00912,B00912_R1,3711,2,2,2.54,1.6002,14.03,1.9812,0.2032,20.84,1,1,-6.81,0.762,2.032,1.6764,0.7112,2.7178,3.556,3.2512,3,10,0,1
B00913,B00913_R2,3712,1,5,1.6764,0.7112,0.0,0.762,2.54,0.0,0,0,0.0,1.0668,2.032,0.2032,1.9812,2.9464,0.8128,1.4224,2,10,1,1
B00913,B00913_R1,3713,2,5,1.6764,0.7112,0.0,0.762,2.54,0.0,0,0,0.0,0.2032,1.143,2.286,0.2032,2.413,1.9558,3.0226,1,10,0,2
B00913,B00913_R2,3714,3,5,1.6764,0.7112,0.0,0.762,2.54,0.0,0,0,0.0,0.762,2.032,0.2032,1.9812,3.2512,0.508,1.1176,2,30,1,2
B00913,B00913_R1,3715,4,5,1.6764,0.7112,0.0,0.762,2.54,0.0,0,0,0.0,1.6764,0.2032,0.2032,1.9812,0.508,3.2512,3.2512,2,10,0,1
B00913,B00913_R2,3716,5,5,1.6764,0.7112,0.0,0.762,2.54,0.0,0,0,0.0,1.0668,2.032,0.2032,1.9812,2.9464,0.8128,1.4224,2,30,1,3
B00914,B00914_R2,3717,1,2,2.286,0.2032,0.0,0.2032,1.9812,0.0,0,0,0.0,0.2032,1.143,1.9812,2.54,3.0226,1.3462,3.175,1,10,1,1
B00914,B00914_R1,3718,2,2,2.286,0.2032,0.0,0.2032,1.9812,0.0,0,0,0.0,1.9812,0.7112,0.2032,1.6002,0.8128,3.556,3.175,2,10,0,1
B00915,B00915_R2,3719,1,6,0.2032,1.6002,0.0,1.9812,2.54,0.0,0,0,0.0,1.9812,2.032,0.2032,1.6002,2.7178,0.508,2.7178,2,20,1,1
B00915,B00915_R2,3720,2,6,0.2032,1.6002,0.0,1.9812,2.54,0.0,0,0,0.0,0.2032,1.143,0.4572,2.54,0.9652,3.175,1.651,1,30,1,2
B00915,B00915_R2,3721,3,6,0.2032,1.6002,0.0,1.9812,2.54,0.0,0,0,0.0,1.0668,0.7112,0.2032,1.9812,2.2606,3.2512,2.6416,2,20,1,3
B00915,B00915_R1,3722,4,6,0.2032,1.6002,0.0,1.9812,2.54,0.0,0,0,0.0,1.9812,0.2032,0.2032,1.6002,3.175,2.9464,3.175,2,20,0,3
B00915,B00915_R1,3723,5,6,0.2032,1.6002,0.0,1.9812,2.54,0.0,0,0,0.0,1.0668,2.54,0.2032,1.9812,1.8034,1.4224,1.4224,2,10,0,1
B00915,B00915_R1,3724,6,6,0.2032,1.6002,0.0,1.9812,2.54,0.0,0,0,0.0,0.762,2.54,1.6764,2.032,1.4986,1.7272,1.4224,3,30,0,2
B00916,B00916_R2,3725,1,4,0.2032,1.6002,0.0,0.2032,1.9812,0.0,0,0,0.0,0.2032,1.143,1.6764,0.7112,0.9652,1.3462,2.413,1,30,1,2
B00916,B00916_R1,3726,2,4,0.2032,1.6002,0.0,0.2032,1.9812,0.0,0,0,0.0,1.9812,0.7112,0.2032,1.9812,3.175,3.556,3.556,2,10,0,2
B00916,B00916_R1,3727,3,4,0.2032,1.6002,0.0,0.2032,1.9812,0.0,0,0,0.0,0.2032,1.143,1.6764,0.7112,0.9652,1.3462,2.413,1,10,0,1
B00916,B00916_R2,3728,4,4,0.2032,1.6002,0.0,0.2032,1.9812,0.0,0,0,0.0,1.6764,2.54,0.2032,1.6002,2.413,2.032,2.413,2,10,1,1
B00917,B00917_R2,3729,1,3,0.2032,1.9812,17.04,1.6764,0.7112,12.53,1,1,4.51,0.762,0.7112,0.2032,1.6002,2.3368,1.4224,1.9558,2,20,1,1
B00917,B00917_R2,3730,2,3,0.2032,1.9812,17.04,1.6764,0.7112,12.53,1,1,4.51,0.2032,0.762,0.762,2.032,1.7272,2.032,2.3368,1,20,1,2
B00917,B00917_R1,3731,3,3,0.2032,1.9812,17.04,1.6764,0.7112,12.53,1,1,4.51,1.0668,2.032,0.2032,1.9812,1.4224,2.9464,1.4224,2,20,0,1
B00918,B00918_R2,3732,1,6,0.2032,1.9812,0.0,0.762,2.032,0.0,0,0,0.0,2.54,1.143,0.2032,1.9812,3.175,3.175,3.175,2,10,1,3
B00918,B00918_R1,3733,2,6,0.2032,1.9812,0.0,0.762,2.032,0.0,0,0,0.0,1.0668,0.7112,0.2032,1.9812,2.6416,3.2512,2.6416,2,10,0,2
B00918,B00918_R2,3734,3,6,0.2032,1.9812,0.0,0.762,2.032,0.0,0,0,0.0,1.0668,2.032,0.4572,0.2032,1.4224,0.8128,2.9464,3,30,1,1
B00918,B00918_R1,3735,4,6,0.2032,1.9812,0.0,0.762,2.032,0.0,0,0,0.0,2.54,1.9812,0.2032,1.9812,2.9464,2.3368,2.9464,2,20,0,3
B00918,B00918_R2,3736,5,6,0.2032,1.9812,0.0,0.762,2.032,0.0,0,0,0.0,0.4572,0.2032,0.2032,1.6002,2.032,2.6416,1.651,2,10,1,2
B00918,B00918_R1,3737,6,6,0.2032,1.9812,0.0,0.762,2.032,0.0,0,0,0.0,0.2032,1.143,0.4572,0.2032,1.3462,1.9558,1.1938,1,20,0,1
B00919,B00919_R2,3738,1,3,0.2032,1.9812,42.69,0.2032,1.9812,39.08,2,2,3.61,0.2032,0.762,0.762,0.7112,1.7272,1.7272,1.1176,1,30,1,1
B00919,B00919_R1,3739,2,3,0.2032,1.9812,42.69,0.2032,1.9812,39.08,2,2,3.61,1.6764,0.2032,0.2032,1.6002,3.2512,3.2512,2.8702,2,20,0,1
B00919,B00919_R2,3740,3,3,0.2032,1.9812,42.69,0.2032,1.9812,39.08,2,2,3.61,1.0668,0.7112,1.0668,2.032,2.6416,2.6416,2.9464,3,20,1,2
B00920,B00920_R2,3741,1,3,0.2032,1.6002,30.16,1.0668,2.032,28.25,1,2,1.91,1.6764,2.54,0.2032,1.6002,2.413,1.1176,2.413,2,10,1,2
B00920,B00920_R2,3742,2,3,0.2032,1.6002,30.16,1.0668,2.032,28.25,1,2,1.91,1.0668,2.54,0.2032,1.6002,1.8034,0.508,1.8034,2,20,1,1
B00920,B00920_R1,3743,3,3,0.2032,1.6002,30.16,1.0668,2.032,28.25,1,2,1.91,1.0668,2.54,2.286,0.2032,1.8034,0.508,3.556,3,20,0,1
B00921,B00921_R1,3744,1,4,2.286,0.2032,0.0,0.2032,1.6002,40.17,0,2,-40.17,0.2032,1.143,0.762,0.2032,3.0226,0.9652,1.4986,1,10,0,2
B00921,B00921_R1,3745,2,4,2.286,0.2032,0.0,0.2032,1.6002,40.17,0,2,-40.17,0.762,0.2032,0.2032,1.6002,2.032,1.9558,1.9558,2,30,0,3
B00921,B00921_R2,3746,3,4,2.286,0.2032,0.0,0.2032,1.6002,40.17,0,2,-40.17,0.2032,1.143,1.9812,0.7112,3.0226,0.9652,2.7178,1,20,1,1
B00921,B00921_R1,3747,4,4,2.286,0.2032,0.0,0.2032,1.6002,40.17,0,2,-40.17,1.9812,0.7112,0.2032,1.6002,0.8128,3.175,3.175,2,20,0,1
B00922,B00922_R1,3748,1,4,0.2032,1.6002,0.0,1.9812,0.7112,0.0,0,0,0.0,0.762,2.54,0.2032,1.6002,1.4986,3.556,1.4986,2,10,0,1
B00922,B00922_R2,3749,2,4,0.2032,1.6002,0.0,1.9812,0.7112,0.0,0,0,0.0,1.9812,2.032,0.2032,1.6002,2.7178,2.9464,2.7178,2,20,1,2
B00922,B00922_R2,3750,3,4,0.2032,1.6002,0.0,1.9812,0.7112,0.0,0,0,0.0,1.0668,2.032,1.9812,2.54,1.8034,3.2512,1.4224,3,20,1,1
B00922,B00922_R1,3751,4,4,0.2032,1.6002,0.0,1.9812,0.7112,0.0,0,0,0.0,0.762,2.032,2.54,1.143,1.4986,3.556,3.175,3,10,0,2
B00923,B00923_R1,3752,1,7,2.54,1.143,0.0,0.2032,1.6002,0.0,0,0,0.0,0.2032,0.762,0.4572,2.54,2.7178,1.3462,2.032,1,30,0,2
B00923,B00923_R1,3753,2,7,2.54,1.143,0.0,0.2032,1.6002,0.0,0,0,0.0,0.2032,1.143,1.6764,0.7112,2.3368,0.9652,2.413,1,20,0,4
B00923,B00923_R1,3754,3,7,2.54,1.143,0.0,0.2032,1.6002,0.0,0,0,0.0,0.762,2.032,0.2032,1.9812,3.175,1.4986,1.1176,2,20,0,3
B00923,B00923_R1,3755,4,7,2.54,1.143,0.0,0.2032,1.6002,0.0,0,0,0.0,0.2032,0.762,0.4572,0.2032,2.7178,1.3462,0.8128,1,20,0,1
B00923,B00923_R2,3756,5,7,2.54,1.143,0.0,0.2032,1.6002,0.0,0,0,0.0,1.6764,2.54,0.2032,1.6002,2.2606,2.413,2.413,2,30,1,2
B00923,B00923_R2,3757,6,7,2.54,1.143,0.0,0.2032,1.6002,0.0,0,0,0.0,0.4572,0.2032,1.9812,2.032,3.0226,1.651,3.8608,3,20,1,3
B00923,B00923_R2,3758,7,7,2.54,1.143,0.0,0.2032,1.6002,0.0,0,0,0.0,0.2032,1.143,1.9812,2.032,2.3368,0.9652,3.175,1,10,1,1
B00924,B00924_R1,3759,1,4,1.6764,0.7112,45.48,1.9812,2.032,40.29,3,2,5.19,0.2032,1.143,2.54,1.9812,2.413,3.175,3.175,1,10,0,2
B00924,B00924_R1,3760,2,4,1.6764,0.7112,45.48,1.9812,2.032,40.29,3,2,5.19,2.54,1.143,0.2032,1.6002,1.8034,1.9558,2.794,2,10,0,1
B00924,B00924_R2,3761,3,4,1.6764,0.7112,45.48,1.9812,2.032,40.29,3,2,5.19,2.54,1.143,0.2032,1.9812,1.8034,1.9558,3.175,2,20,1,1
B00924,B00924_R2,3762,4,4,1.6764,0.7112,45.48,1.9812,2.032,40.29,3,2,5.19,0.2032,1.143,2.54,1.9812,2.413,3.175,3.175,1,20,1,2
B00925,B00925_R2,3763,1,2,2.54,1.9812,59.02,2.54,1.9812,46.69,3,2,12.33,1.9812,0.2032,0.2032,1.9812,2.3368,2.3368,3.556,2,10,1,1
B00925,B00925_R1,3764,2,2,2.54,1.9812,59.02,2.54,1.9812,46.69,3,2,12.33,0.762,2.54,0.2032,1.9812,2.3368,2.3368,1.1176,2,10,0,1
B00926,B00926_R1,3765,1,5,0.2032,1.9812,41.98,0.2032,1.9812,29.26,2,1,12.72,1.9812,0.2032,0.2032,1.9812,3.556,3.556,3.556,2,20,0,2
B00926,B00926_R2,3766,2,5,0.2032,1.9812,41.98,0.2032,1.9812,29.26,2,1,12.72,0.2032,1.143,0.762,2.54,1.3462,1.3462,1.9558,1,30,1,2
B00926,B00926_R2,3767,3,5,0.2032,1.9812,41.98,0.2032,1.9812,29.26,2,1,12.72,2.286,2.54,0.2032,1.6002,2.6416,2.6416,3.0226,2,20,1,3
B00926,B00926_R1,3768,4,5,0.2032,1.9812,41.98,0.2032,1.9812,29.26,2,1,12.72,0.2032,0.762,1.9812,0.7112,1.7272,1.7272,2.3368,1,30,0,1
B00926,B00926_R2,3769,5,5,0.2032,1.9812,41.98,0.2032,1.9812,29.26,2,1,12.72,0.4572,2.54,0.2032,1.9812,0.8128,0.8128,0.8128,2,30,1,1
B00927,B00927_R1,3770,1,4,0.2032,1.9812,44.08,0.2032,1.6002,51.19,2,3,-7.11,0.762,2.54,0.2032,1.9812,1.1176,1.4986,1.1176,2,30,0,1
B00927,B00927_R1,3771,2,4,0.2032,1.9812,44.08,0.2032,1.6002,51.19,2,3,-7.11,2.54,1.143,0.2032,1.9812,3.175,2.794,3.175,2,20,0,2
B00927,B00927_R2,3772,3,4,0.2032,1.9812,44.08,0.2032,1.6002,51.19,2,3,-7.11,0.2032,1.143,0.4572,0.2032,1.3462,0.9652,1.1938,1,10,1,1
B00927,B00927_R2,3773,4,4,0.2032,1.9812,44.08,0.2032,1.6002,51.19,2,3,-7.11,0.2032,1.143,0.4572,0.2032,1.3462,0.9652,1.1938,1,30,1,2
B00928,B00928_R2,3774,1,4,0.2032,1.9812,62.93,0.4572,0.2032,44.87,3,3,18.06,0.2032,1.143,1.0668,0.7112,1.3462,1.1938,1.8034,1,10,1,1
B00928,B00928_R1,3775,2,4,0.2032,1.9812,62.93,0.4572,0.2032,44.87,3,3,18.06,0.2032,1.143,1.6764,2.54,1.3462,1.1938,2.8702,1,30,0,1
B00928,B00928_R2,3776,3,4,0.2032,1.9812,62.93,0.4572,0.2032,44.87,3,3,18.06,0.762,0.7112,2.286,0.2032,2.3368,0.8128,2.032,3,10,1,2
B00928,B00928_R2,3777,4,4,0.2032,1.9812,62.93,0.4572,0.2032,44.87,3,3,18.06,0.2032,1.143,1.6764,0.7112,1.3462,1.1938,2.413,1,10,1,3
B00929,B00929_R2,3778,1,7,1.6764,2.54,0.0,1.6764,0.7112,44.69,0,2,-44.69,1.6764,0.2032,0.2032,1.6002,2.9464,0.508,2.8702,2,30,1,1
B00929,B00929_R1,3779,2,7,1.6764,2.54,0.0,1.6764,0.7112,44.69,0,2,-44.69,1.0668,2.032,0.762,2.54,1.1176,2.9464,0.8128,3,30,0,4
B00929,B00929_R1,3780,3,7,1.6764,2.54,0.0,1.6764,0.7112,44.69,0,2,-44.69,2.286,0.2032,0.4572,0.2032,2.9464,1.1176,2.3368,3,20,0,2
B00929,B00929_R1,3781,4,7,1.6764,2.54,0.0,1.6764,0.7112,44.69,0,2,-44.69,0.2032,0.762,2.54,1.6002,3.2512,2.032,3.175,1,10,0,5
B00929,B00929_R1,3782,5,7,1.6764,2.54,0.0,1.6764,0.7112,44.69,0,2,-44.69,1.9812,2.54,1.9812,0.2032,0.8128,3.2512,2.9464,3,10,0,1
B00929,B00929_R1,3783,6,7,1.6764,2.54,0.0,1.6764,0.7112,44.69,0,2,-44.69,0.762,0.7112,0.2032,1.6002,3.2512,1.4224,1.9558,2,30,0,3
B00929,B00929_R2,3784,7,7,1.6764,2.54,0.0,1.6764,0.7112,44.69,0,2,-44.69,1.0668,0.2032,0.2032,1.9812,2.9464,1.1176,2.6416,2,10,1,2
B00930,B00930_R2,3785,1,2,2.54,1.6002,73.24,0.2032,1.9812,57.22,4,3,16.02,0.762,2.54,1.0668,2.032,2.7178,1.1176,0.8128,3,10,1,2
B00930,B00930_R2,3786,2,2,2.54,1.6002,73.24,0.2032,1.9812,57.22,4,3,16.02,0.2032,1.143,0.762,2.032,2.794,1.3462,1.9558,1,10,1,1
B00931,B00931_R2,3787,1,7,2.54,1.6002,40.38,1.0668,2.032,43.67,2,3,-3.29,1.0668,2.54,0.2032,1.6002,2.413,0.508,1.8034,2,10,1,1
B00931,B00931_R2,3788,2,7,2.54,1.6002,40.38,1.0668,2.032,43.67,2,3,-3.29,0.4572,2.54,1.0668,0.7112,3.0226,1.1176,2.9464,3,30,1,3
B00931,B00931_R1,3789,3,7,2.54,1.6002,40.38,1.0668,2.032,43.67,2,3,-3.29,0.2032,0.762,1.9812,2.032,3.175,2.6416,3.556,1,30,0,3
B00931,B00931_R2,3790,4,7,2.54,1.6002,40.38,1.0668,2.032,43.67,2,3,-3.29,0.4572,2.54,0.2032,1.9812,3.0226,1.1176,0.8128,2,10,1,2
B00931,B00931_R1,3791,5,7,2.54,1.6002,40.38,1.0668,2.032,43.67,2,3,-3.29,2.54,1.9812,0.2032,1.6002,0.889,2.032,2.7178,2,20,0,1
B00931,B00931_R2,3792,6,7,2.54,1.6002,40.38,1.0668,2.032,43.67,2,3,-3.29,1.0668,0.7112,0.2032,1.6002,2.8702,2.9464,2.2606,2,10,1,4
B00931,B00931_R1,3793,7,7,2.54,1.6002,40.38,1.0668,2.032,43.67,2,3,-3.29,0.762,2.54,0.2032,1.6002,2.7178,0.8128,1.4986,2,20,0,2
B00932,B00932_R1,3794,1,6,1.9812,2.032,63.42,0.2032,1.6002,76.01,3,5,-12.59,0.2032,1.143,1.0668,2.032,3.175,0.9652,2.2606,1,20,0,2
B00932,B00932_R2,3795,2,6,1.9812,2.032,63.42,0.2032,1.6002,76.01,3,5,-12.59,0.2032,0.762,0.762,0.7112,3.556,1.3462,1.1176,1,30,1,1
B00932,B00932_R1,3796,3,6,1.9812,2.032,63.42,0.2032,1.6002,76.01,3,5,-12.59,0.2032,1.143,2.286,0.2032,3.175,0.9652,3.0226,1,20,0,3
B00932,B00932_R2,3797,4,6,1.9812,2.032,63.42,0.2032,1.6002,76.01,3,5,-12.59,1.9812,0.7112,0.762,2.032,2.9464,3.175,3.556,3,10,1,3
B00932,B00932_R2,3798,5,6,1.9812,2.032,63.42,0.2032,1.6002,76.01,3,5,-12.59,0.2032,0.762,1.6764,0.7112,3.556,1.3462,2.032,1,30,1,2
B00932,B00932_R1,3799,6,6,1.9812,2.032,63.42,0.2032,1.6002,76.01,3,5,-12.59,2.54,1.6002,0.2032,1.9812,1.4986,2.3368,2.7178,2,20,0,1
B00933,B00933_R1,3800,1,1,2.286,0.2032,60.83,0.762,2.032,79.94,3,5,-19.11,0.2032,1.143,2.286,2.54,3.0226,1.9558,3.4798,1,30,0,1
B00934,B00934_R2,3801,1,4,2.286,2.54,58.53,0.762,2.032,49.09,2,3,9.44,0.2032,0.762,0.4572,0.2032,3.8608,2.3368,0.8128,1,20,1,1
B00934,B00934_R1,3802,2,4,2.286,2.54,58.53,0.762,2.032,49.09,2,3,9.44,2.286,2.54,0.2032,1.9812,0.0,2.032,2.6416,2,10,0,1
B00934,B00934_R2,3803,3,4,2.286,2.54,58.53,0.762,2.032,49.09,2,3,9.44,2.286,0.2032,0.2032,1.9812,2.3368,3.8608,3.8608,2,20,1,2
B00934,B00934_R1,3804,4,4,2.286,2.54,58.53,0.762,2.032,49.09,2,3,9.44,2.286,2.54,0.2032,1.6002,0.0,2.032,3.0226,2,20,0,2
B00935,B00935_R2,3805,1,3,0.2032,1.6002,14.93,0.2032,1.9812,30.46,1,1,-15.53,0.2032,0.762,1.9812,2.032,1.3462,1.7272,3.556,1,30,1,1
B00935,B00935_R1,3806,2,3,0.2032,1.6002,14.93,0.2032,1.9812,30.46,1,1,-15.53,1.6764,0.7112,0.762,2.032,2.8702,3.2512,3.2512,3,20,0,2
B00935,B00935_R1,3807,3,3,0.2032,1.6002,14.93,0.2032,1.9812,30.46,1,1,-15.53,0.762,2.54,2.54,1.6002,1.4986,1.1176,2.7178,3,20,0,1
B00936,B00936_R1,3808,1,5,0.762,2.032,18.83,1.9812,2.032,17.04,1,1,1.79,0.2032,0.762,0.762,2.032,2.3368,3.556,2.3368,1,30,0,3
B00936,B00936_R1,3809,2,5,0.762,2.032,18.83,1.9812,2.032,17.04,1,1,1.79,0.2032,1.143,0.762,2.54,1.9558,3.175,1.9558,1,20,0,1
B00936,B00936_R2,3810,3,5,0.762,2.032,18.83,1.9812,2.032,17.04,1,1,1.79,0.4572,0.2032,2.54,0.762,2.6416,3.8608,2.6416,3,10,1,1
B00936,B00936_R1,3811,4,5,0.762,2.032,18.83,1.9812,2.032,17.04,1,1,1.79,0.2032,0.762,0.762,2.54,2.3368,3.556,2.3368,1,20,0,2
B00936,B00936_R2,3812,5,5,0.762,2.032,18.83,1.9812,2.032,17.04,1,1,1.79,1.9812,0.2032,0.2032,1.9812,3.556,2.9464,3.556,2,20,1,2
B00937,B00937_R2,3813,1,3,0.762,2.032,48.9,0.2032,1.9812,17.04,2,1,31.86,0.2032,1.143,1.0668,0.7112,1.9558,1.3462,1.8034,1,30,1,1
B00937,B00937_R2,3814,2,3,0.762,2.032,48.9,0.2032,1.9812,17.04,2,1,31.86,1.9812,0.7112,0.2032,1.9812,3.556,3.556,3.556,2,20,1,2
B00937,B00937_R1,3815,3,3,0.762,2.032,48.9,0.2032,1.9812,17.04,2,1,31.86,1.6764,2.032,0.2032,1.9812,1.4224,2.032,2.032,2,10,0,1
B00938,B00938_R2,3816,1,3,0.2032,1.9812,31.86,0.2032,1.9812,25.65,2,1,6.21,0.2032,1.143,1.9812,2.032,1.3462,1.3462,3.175,1,10,1,1
B00938,B00938_R1,3817,2,3,0.2032,1.9812,31.86,0.2032,1.9812,25.65,2,1,6.21,0.762,0.7112,0.2032,1.6002,2.3368,2.3368,1.9558,2,20,0,1
B00938,B00938_R2,3818,3,3,0.2032,1.9812,31.86,0.2032,1.9812,25.65,2,1,6.21,2.54,1.9812,1.6764,0.7112,2.9464,2.9464,2.6416,3,30,1,2
B00939,B00939_R1,3819,1,5,0.2032,1.6002,10.72,1.6764,0.7112,36.37,1,2,-25.65,0.2032,0.762,2.54,0.762,1.3462,2.032,2.9464,1,10,0,2
B00939,B00939_R1,3820,2,5,0.2032,1.6002,10.72,1.6764,0.7112,36.37,1,2,-25.65,2.54,0.762,0.2032,1.9812,3.175,1.4224,3.556,2,10,0,3
B00939,B00939_R2,3821,3,5,0.2032,1.6002,10.72,1.6764,0.7112,36.37,1,2,-25.65,1.9812,0.7112,0.2032,1.6002,3.175,0.8128,3.175,2,20,1,1
B00939,B00939_R1,3822,4,5,0.2032,1.6002,10.72,1.6764,0.7112,36.37,1,2,-25.65,0.2032,0.762,0.4572,0.2032,1.3462,2.032,0.8128,1,30,0,1
B00939,B00939_R2,3823,5,5,0.2032,1.6002,10.72,1.6764,0.7112,36.37,1,2,-25.65,0.2032,0.762,1.9812,2.032,1.3462,2.032,3.556,1,10,1,2
B00940,B00940_R1,3824,1,7,0.2032,1.9812,40.88,1.9812,2.032,40.88,2,2,0.0,0.2032,0.762,1.0668,0.2032,1.7272,3.556,1.4224,1,30,0,2
B00940,B00940_R1,3825,2,7,0.2032,1.9812,40.88,1.9812,2.032,40.88,2,2,0.0,1.6764,0.7112,0.2032,1.6002,3.2512,3.2512,2.8702,2,30,0,3
B00940,B00940_R2,3826,3,7,0.2032,1.9812,40.88,1.9812,2.032,40.88,2,2,0.0,1.0668,2.54,0.762,0.2032,1.4224,1.4224,3.2512,3,20,1,1
B00940,B00940_R2,3827,4,7,0.2032,1.9812,40.88,1.9812,2.032,40.88,2,2,0.0,0.2032,1.143,0.762,2.54,1.3462,3.175,1.9558,1,10,1,3
B00940,B00940_R1,3828,5,7,0.2032,1.9812,40.88,1.9812,2.032,40.88,2,2,0.0,0.2032,1.143,0.4572,2.54,1.3462,3.175,1.651,1,20,0,4
B00940,B00940_R2,3829,6,7,0.2032,1.9812,40.88,1.9812,2.032,40.88,2,2,0.0,1.6764,0.2032,0.2032,1.9812,3.2512,3.2512,3.2512,2,30,1,2
B00940,B00940_R1,3830,7,7,0.2032,1.9812,40.88,1.9812,2.032,40.88,2,2,0.0,0.2032,1.143,0.762,0.2032,1.3462,3.175,1.4986,1,30,0,1
B00941,B00941_R2,3831,1,7,0.4572,2.54,9.52,0.762,2.54,0.0,1,0,9.52,0.2032,0.762,1.0668,2.032,2.032,2.3368,2.6416,1,10,1,3
B00941,B00941_R2,3832,2,7,0.4572,2.54,9.52,0.762,2.54,0.0,1,0,9.52,1.6764,0.2032,0.4572,0.2032,3.556,3.2512,1.7272,3,10,1,1
B00941,B00941_R1,3833,3,7,0.4572,2.54,9.52,0.762,2.54,0.0,1,0,9.52,2.54,1.9812,0.2032,1.6002,2.6416,2.3368,2.7178,2,10,0,2
B00941,B00941_R1,3834,4,7,0.4572,2.54,9.52,0.762,2.54,0.0,1,0,9.52,0.2032,1.143,1.9812,2.032,1.651,1.9558,3.175,1,10,0,1
B00941,B00941_R1,3835,5,7,0.4572,2.54,9.52,0.762,2.54,0.0,1,0,9.52,2.54,0.762,0.2032,1.6002,3.8608,3.556,3.175,2,20,0,3
B00941,B00941_R2,3836,6,7,0.4572,2.54,9.52,0.762,2.54,0.0,1,0,9.52,1.0668,0.2032,0.2032,1.9812,2.9464,3.2512,2.6416,2,10,1,2
B00941,B00941_R2,3837,7,7,0.4572,2.54,9.52,0.762,2.54,0.0,1,0,9.52,1.9812,0.7112,0.2032,1.6002,3.8608,3.556,3.175,2,30,1,4
B00942,B00942_R1,3838,1,4,0.2032,1.6002,52.21,0.2032,1.6002,68.05,2,3,-15.84,2.54,0.762,0.2032,1.9812,3.175,3.175,3.556,2,20,0,2
B00942,B00942_R2,3839,2,4,0.2032,1.6002,52.21,0.2032,1.6002,68.05,2,3,-15.84,0.762,2.54,0.2032,1.6002,1.4986,1.4986,1.4986,2,10,1,1
B00942,B00942_R2,3840,3,4,0.2032,1.6002,52.21,0.2032,1.6002,68.05,2,3,-15.84,1.9812,2.54,0.2032,1.9812,2.7178,2.7178,2.3368,2,20,1,2
B00942,B00942_R1,3841,4,4,0.2032,1.6002,52.21,0.2032,1.6002,68.05,2,3,-15.84,0.2032,0.762,1.6764,0.7112,1.3462,1.3462,2.032,1,30,0,1
B00943,B00943_R1,3842,1,5,0.2032,1.9812,17.04,0.2032,1.9812,25.95,1,1,-8.91,0.2032,0.762,0.762,2.54,1.7272,1.7272,2.3368,1,10,0,2
B00943,B00943_R2,3843,2,5,0.2032,1.9812,17.04,0.2032,1.9812,25.95,1,1,-8.91,1.0668,2.54,1.6764,0.2032,1.4224,1.4224,2.9464,3,10,1,1
B00943,B00943_R1,3844,3,5,0.2032,1.9812,17.04,0.2032,1.9812,25.95,1,1,-8.91,0.762,2.032,1.9812,0.2032,1.1176,1.1176,3.556,3,20,0,3
B00943,B00943_R2,3845,4,5,0.2032,1.9812,17.04,0.2032,1.9812,25.95,1,1,-8.91,0.2032,0.762,2.54,1.6002,1.7272,1.7272,3.175,1,10,1,2
B00943,B00943_R1,3846,5,5,0.2032,1.9812,17.04,0.2032,1.9812,25.95,1,1,-8.91,1.0668,2.032,0.2032,1.6002,1.4224,1.4224,1.8034,2,10,0,1
B00944,B00944_R1,3847,1,3,1.9812,0.2032,38.27,2.54,1.6002,41.18,2,2,-2.91,0.762,2.54,0.2032,1.6002,3.556,2.7178,1.4986,2,20,0,2
B00944,B00944_R2,3848,2,3,1.9812,0.2032,38.27,2.54,1.6002,41.18,2,2,-2.91,0.2032,1.143,0.762,2.032,2.7178,2.794,1.9558,1,10,1,1
B00944,B00944_R1,3849,3,3,1.9812,0.2032,38.27,2.54,1.6002,41.18,2,2,-2.91,2.286,0.2032,0.2032,1.9812,0.8128,1.651,3.8608,2,30,0,1
B00945,B00945_R2,3850,1,4,0.2032,1.6002,40.78,0.762,2.032,21.94,2,1,18.84,0.2032,0.762,2.286,2.54,1.3462,2.3368,3.8608,1,20,1,2
B00945,B00945_R2,3851,2,4,0.2032,1.6002,40.78,0.762,2.032,21.94,2,1,18.84,0.4572,2.54,0.2032,1.6002,1.1938,0.8128,1.1938,2,20,1,1
B00945,B00945_R2,3852,3,4,0.2032,1.6002,40.78,0.762,2.032,21.94,2,1,18.84,1.9812,2.54,1.6764,0.2032,2.7178,1.7272,3.2512,3,10,1,3
B00945,B00945_R1,3853,4,4,0.2032,1.6002,40.78,0.762,2.032,21.94,2,1,18.84,0.2032,1.143,1.6764,0.2032,0.9652,1.9558,2.413,1,10,0,1
B00946,B00946_R2,3854,1,3,1.6764,0.2032,28.26,1.6764,0.2032,48.59,2,2,-20.33,1.0668,2.54,0.2032,1.6002,2.9464,2.9464,1.8034,2,20,1,1
B00946,B00946_R1,3855,2,3,1.6764,0.2032,28.26,1.6764,0.2032,48.59,2,2,-20.33,0.2032,0.762,1.0668,0.2032,2.032,2.032,1.4224,1,10,0,2
B00946,B00946_R1,3856,3,3,1.6764,0.2032,28.26,1.6764,0.2032,48.59,2,2,-20.33,0.2032,0.762,1.0668,0.2032,2.032,2.032,1.4224,1,30,0,1
B00947,B00947_R1,3857,1,2,1.0668,0.2032,25.84,0.2032,1.6002,37.17,2,2,-11.33,0.2032,0.762,2.54,1.143,1.4224,1.3462,2.7178,1,20,0,1
B00947,B00947_R2,3858,2,2,1.0668,0.2032,25.84,0.2032,1.6002,37.17,2,2,-11.33,0.2032,1.143,1.0668,2.54,1.8034,0.9652,2.2606,1,30,1,1
B00948,B00948_R1,3859,1,2,2.54,1.143,0.0,1.0668,2.54,0.0,0,0,0.0,1.6764,2.032,1.9812,0.7112,2.2606,1.1176,3.2512,3,30,0,1
B00948,B00948_R2,3860,2,2,2.54,1.143,0.0,1.0668,2.54,0.0,0,0,0.0,0.2032,0.762,1.0668,2.032,2.7178,2.6416,2.6416,1,20,1,1
B00949,B00949_R1,3861,1,5,1.9812,0.7112,0.0,1.0668,2.032,0.0,0,0,0.0,0.2032,1.143,1.6764,2.54,2.7178,2.2606,2.8702,1,10,0,2
B00949,B00949_R2,3862,2,5,1.9812,0.7112,0.0,1.0668,2.032,0.0,0,0,0.0,0.4572,2.54,1.0668,0.2032,3.8608,1.1176,2.9464,3,10,1,2
B00949,B00949_R2,3863,3,5,1.9812,0.7112,0.0,1.0668,2.032,0.0,0,0,0.0,1.0668,2.54,0.2032,1.9812,3.2512,0.508,1.4224,2,20,1,1
B00949,B00949_R2,3864,4,5,1.9812,0.7112,0.0,1.0668,2.032,0.0,0,0,0.0,0.2032,0.762,2.286,0.2032,2.3368,2.6416,2.6416,1,10,1,3
B00949,B00949_R1,3865,5,5,1.9812,0.7112,0.0,1.0668,2.032,0.0,0,0,0.0,0.2032,0.762,0.762,2.032,2.3368,2.6416,2.3368,1,20,0,1
B00950,B00950_R1,3866,1,3,1.6764,2.54,14.33,2.286,0.2032,36.67,1,2,-22.34,2.286,2.54,1.6764,2.032,1.1176,2.3368,1.1176,3,10,0,1
B00950,B00950_R2,3867,2,3,1.6764,2.54,14.33,2.286,0.2032,36.67,1,2,-22.34,0.2032,0.762,0.762,2.54,3.2512,2.6416,2.3368,1,30,1,1
B00950,B00950_R1,3868,3,3,1.6764,2.54,14.33,2.286,0.2032,36.67,1,2,-22.34,0.2032,0.762,1.0668,2.032,3.2512,2.6416,2.6416,1,10,0,2
B00951,B00951_R2,3869,1,3,1.0668,2.032,29.26,0.762,2.54,23.45,1,1,5.81,0.762,0.7112,0.2032,1.9812,3.2512,2.9464,2.3368,2,20,1,2
B00951,B00951_R2,3870,2,3,1.0668,2.032,29.26,0.762,2.54,23.45,1,1,5.81,0.2032,1.143,1.0668,2.032,2.2606,1.9558,2.2606,1,10,1,1
B00951,B00951_R1,3871,3,3,1.0668,2.032,29.26,0.762,2.54,23.45,1,1,5.81,0.762,0.2032,0.4572,2.54,3.2512,2.9464,2.6416,3,20,0,1
B00952,B00952_R1,3872,1,5,0.4572,2.54,0.0,0.2032,1.9812,28.06,0,1,-28.06,0.2032,1.143,1.6764,2.54,1.651,1.3462,2.8702,1,30,0,2
B00952,B00952_R1,3873,2,5,0.4572,2.54,0.0,0.2032,1.9812,28.06,0,1,-28.06,1.6764,2.032,2.54,1.143,1.7272,2.032,2.2606,3,30,0,3
B00952,B00952_R1,3874,3,5,0.4572,2.54,0.0,0.2032,1.9812,28.06,0,1,-28.06,1.0668,2.54,0.2032,1.9812,1.1176,1.4224,1.4224,2,20,0,1
B00952,B00952_R2,3875,4,5,0.4572,2.54,0.0,0.2032,1.9812,28.06,0,1,-28.06,1.0668,0.2032,0.2032,1.9812,2.9464,2.6416,2.6416,2,30,1,1
B00952,B00952_R1,3876,5,5,0.4572,2.54,0.0,0.2032,1.9812,28.06,0,1,-28.06,1.6764,0.2032,2.54,1.6002,3.556,3.2512,2.2606,3,20,0,4
B00953,B00953_R2,3877,1,6,2.54,1.6002,53.3,0.2032,1.9812,13.43,3,1,39.87,0.2032,1.143,0.762,0.2032,2.794,1.3462,1.4986,1,20,1,1
B00953,B00953_R2,3878,2,6,2.54,1.6002,53.3,0.2032,1.9812,13.43,3,1,39.87,0.2032,0.762,2.286,0.2032,3.175,1.7272,2.6416,1,20,1,2
B00953,B00953_R2,3879,3,6,2.54,1.6002,53.3,0.2032,1.9812,13.43,3,1,39.87,2.286,0.2032,0.762,2.032,1.651,3.8608,3.8608,3,10,1,3
B00953,B00953_R1,3880,4,6,2.54,1.6002,53.3,0.2032,1.9812,13.43,3,1,39.87,0.2032,0.762,1.9812,0.7112,3.175,1.7272,2.3368,1,20,0,2
B00953,B00953_R2,3881,5,6,2.54,1.6002,53.3,0.2032,1.9812,13.43,3,1,39.87,0.2032,0.762,1.9812,0.2032,3.175,1.7272,2.3368,1,20,1,4
B00953,B00953_R1,3882,6,6,2.54,1.6002,53.3,0.2032,1.9812,13.43,3,1,39.87,0.2032,0.762,1.9812,0.2032,3.175,1.7272,2.3368,1,10,0,1
B00954,B00954_R1,3883,1,3,1.9812,0.7112,64.13,1.9812,0.2032,65.53,3,3,-1.4,1.9812,0.7112,1.6764,2.032,0.0,0.508,3.2512,3,10,0,2
B00954,B00954_R2,3884,2,3,1.9812,0.7112,64.13,1.9812,0.2032,65.53,3,3,-1.4,1.9812,0.2032,0.2032,1.6002,0.508,0.0,3.175,2,20,1,1
B00954,B00954_R1,3885,3,3,1.9812,0.7112,64.13,1.9812,0.2032,65.53,3,3,-1.4,1.9812,0.7112,0.2032,1.6002,0.0,0.508,3.175,2,30,0,1
B00955,B00955_R2,3886,1,3,1.6764,2.032,74.35,0.2032,1.6002,42.98,3,2,31.37,0.2032,1.143,0.762,0.2032,2.8702,0.9652,1.4986,1,10,1,1
B00955,B00955_R2,3887,2,3,1.6764,2.032,74.35,0.2032,1.6002,42.98,3,2,31.37,1.0668,0.2032,0.2032,1.9812,2.9464,2.2606,2.6416,2,20,1,2
B00955,B00955_R2,3888,3,3,1.6764,2.032,74.35,0.2032,1.6002,42.98,3,2,31.37,0.2032,1.143,2.54,1.6002,2.8702,0.9652,2.794,1,30,1,3
B00956,B00956_R1,3889,1,3,1.6764,2.032,46.9,2.54,1.6002,73.24,2,4,-26.34,0.2032,0.762,0.762,2.54,3.2512,3.175,2.3368,1,30,0,1
B00956,B00956_R1,3890,2,3,1.6764,2.032,46.9,2.54,1.6002,73.24,2,4,-26.34,0.2032,0.762,1.6764,2.54,3.2512,3.175,3.2512,1,30,0,2
B00956,B00956_R2,3891,3,3,1.6764,2.032,46.9,2.54,1.6002,73.24,2,4,-26.34,0.2032,1.143,1.9812,2.032,2.8702,2.794,3.175,1,30,1,1
B00957,B00957_R1,3892,1,6,1.6764,2.54,40.28,1.9812,2.032,65.33,2,3,-25.05,0.2032,0.762,1.6764,2.032,3.2512,3.556,3.2512,1,30,0,4
B00957,B00957_R1,3893,2,6,1.6764,2.54,40.28,1.9812,2.032,65.33,2,3,-25.05,1.6764,0.7112,0.762,0.7112,2.9464,3.2512,1.4224,3,30,0,3
B00957,B00957_R1,3894,3,6,1.6764,2.54,40.28,1.9812,2.032,65.33,2,3,-25.05,1.0668,2.54,0.2032,1.9812,1.1176,1.4224,1.4224,2,10,0,1
B00957,B00957_R2,3895,4,6,1.6764,2.54,40.28,1.9812,2.032,65.33,2,3,-25.05,0.2032,0.762,1.9812,0.7112,3.2512,3.556,2.3368,1,10,1,1
B00957,B00957_R1,3896,5,6,1.6764,2.54,40.28,1.9812,2.032,65.33,2,3,-25.05,0.2032,1.143,1.6764,0.7112,2.8702,3.175,2.413,1,20,0,2
B00957,B00957_R2,3897,6,6,1.6764,2.54,40.28,1.9812,2.032,65.33,2,3,-25.05,0.2032,0.762,1.0668,2.54,3.2512,3.556,2.6416,1,20,1,2
B00958,B00958_R2,3898,1,7,1.6764,2.032,0.0,1.0668,2.54,0.0,0,0,0.0,0.2032,0.762,1.6764,0.2032,3.2512,2.6416,2.032,1,10,1,2
B00958,B00958_R2,3899,2,7,1.6764,2.032,0.0,1.0668,2.54,0.0,0,0,0.0,0.762,0.2032,0.2032,1.6002,3.2512,3.2512,1.9558,2,30,1,3
B00958,B00958_R2,3900,3,7,1.6764,2.032,0.0,1.0668,2.54,0.0,0,0,0.0,0.762,2.032,0.2032,1.6002,1.4224,0.8128,1.4986,2,20,1,1
B00958,B00958_R2,3901,4,7,1.6764,2.032,0.0,1.0668,2.54,0.0,0,0,0.0,0.2032,0.762,1.0668,2.032,3.2512,2.6416,2.6416,1,20,1,4
B00958,B00958_R1,3902,5,7,1.6764,2.032,0.0,1.0668,2.54,0.0,0,0,0.0,0.2032,0.762,2.286,0.2032,3.2512,2.6416,2.6416,1,20,0,3
B00958,B00958_R1,3903,6,7,1.6764,2.032,0.0,1.0668,2.54,0.0,0,0,0.0,0.2032,0.762,0.4572,2.54,3.2512,2.6416,2.032,1,30,0,2
B00958,B00958_R1,3904,7,7,1.6764,2.032,0.0,1.0668,2.54,0.0,0,0,0.0,2.54,1.9812,1.6764,0.7112,1.4224,2.032,2.6416,3,10,0,1
B00959,B00959_R1,3905,1,5,2.286,0.2032,35.47,1.0668,2.032,52.1,2,3,-16.63,0.2032,1.143,1.0668,0.7112,3.0226,2.2606,1.8034,1,20,0,3
B00959,B00959_R2,3906,2,5,2.286,0.2032,35.47,1.0668,2.032,52.1,2,3,-16.63,1.0668,2.54,0.2032,1.9812,3.556,0.508,1.4224,2,20,1,1
B00959,B00959_R1,3907,3,5,2.286,0.2032,35.47,1.0668,2.032,52.1,2,3,-16.63,0.762,2.032,0.2032,1.6002,3.8608,0.8128,1.4986,2,10,0,2
B00959,B00959_R2,3908,4,5,2.286,0.2032,35.47,1.0668,2.032,52.1,2,3,-16.63,0.2032,1.143,1.9812,0.7112,3.0226,2.2606,2.7178,1,20,1,2
B00959,B00959_R1,3909,5,5,2.286,0.2032,35.47,1.0668,2.032,52.1,2,3,-16.63,2.286,2.54,0.2032,1.9812,2.3368,1.7272,2.6416,2,30,0,1
B00960,B00960_R1,3910,1,2,1.0668,0.7112,58.91,1.9812,0.7112,49.09,3,3,9.82,0.762,0.2032,0.2032,1.6002,0.8128,1.7272,1.9558,2,10,0,1
B00960,B00960_R2,3911,2,2,1.0668,0.7112,58.91,1.9812,0.7112,49.09,3,3,9.82,0.2032,1.143,2.54,0.762,1.8034,2.7178,2.7178,1,30,1,1
B00961,B00961_R2,3912,1,4,0.2032,1.6002,33.86,2.54,0.762,49.5,2,2,-15.64,2.286,2.54,1.6764,0.7112,3.0226,2.032,2.9464,3,20,1,1
B00961,B00961_R1,3913,2,4,0.2032,1.6002,33.86,2.54,0.762,49.5,2,2,-15.64,0.2032,0.762,0.762,2.032,1.3462,2.9464,2.3368,1,30,0,2
B00961,B00961_R1,3914,3,4,0.2032,1.6002,33.86,2.54,0.762,49.5,2,2,-15.64,0.2032,1.143,2.54,1.6002,0.9652,2.7178,2.794,1,30,0,3
B00961,B00961_R1,3915,4,4,0.2032,1.6002,33.86,2.54,0.762,49.5,2,2,-15.64,0.2032,1.143,1.0668,0.2032,0.9652,2.7178,1.8034,1,30,0,1
B00962,B00962_R2,3916,1,2,2.54,1.6002,73.24,1.6764,0.7112,29.65,4,2,43.59,0.2032,0.762,1.6764,0.7112,3.175,2.032,2.032,1,20,1,2
B00962,B00962_R2,3917,2,2,2.54,1.6002,73.24,1.6764,0.7112,29.65,4,2,43.59,0.4572,2.54,0.2032,1.9812,3.0226,3.556,0.8128,2,10,1,1
B00963,B00963_R2,3918,1,4,2.54,1.6002,0.0,1.6764,0.7112,0.0,0,0,0.0,2.286,0.2032,0.2032,1.6002,1.651,1.1176,3.4798,2,10,1,1
B00963,B00963_R1,3919,2,4,2.54,1.6002,0.0,1.6764,0.7112,0.0,0,0,0.0,1.6764,2.54,2.54,1.6002,1.8034,2.9464,1.8034,3,20,0,1
B00963,B00963_R1,3920,3,4,2.54,1.6002,0.0,1.6764,0.7112,0.0,0,0,0.0,0.2032,1.143,2.54,1.143,2.794,2.413,2.3368,1,20,0,2
B00963,B00963_R2,3921,4,4,2.54,1.6002,0.0,1.6764,0.7112,0.0,0,0,0.0,0.2032,1.143,2.54,0.762,2.794,2.413,2.7178,1,10,1,2
B00964,B00964_R1,3922,1,5,2.54,1.143,12.22,2.54,0.762,13.73,1,1,-1.51,0.2032,1.143,1.9812,0.7112,2.3368,2.7178,2.7178,1,20,0,1
B00964,B00964_R2,3923,2,5,2.54,1.143,12.22,2.54,0.762,13.73,1,1,-1.51,0.762,0.2032,0.2032,1.9812,2.7178,2.3368,2.3368,2,20,1,1
B00964,B00964_R1,3924,3,5,2.54,1.143,12.22,2.54,0.762,13.73,1,1,-1.51,0.2032,0.762,2.286,0.2032,2.7178,2.9464,2.6416,1,20,0,2
B00964,B00964_R2,3925,4,5,2.54,1.143,12.22,2.54,0.762,13.73,1,1,-1.51,0.2032,1.143,1.6764,2.54,2.3368,2.7178,2.8702,1,10,1,3
B00964,B00964_R2,3926,5,5,2.54,1.143,12.22,2.54,0.762,13.73,1,1,-1.51,0.2032,0.762,0.4572,2.54,2.7178,2.9464,2.032,1,10,1,2
B00965,B00965_R1,3927,1,3,2.286,0.2032,21.04,1.6764,2.54,43.69,1,2,-22.65,1.9812,0.7112,0.2032,1.9812,0.8128,3.2512,3.556,2,10,0,1
B00965,B00965_R2,3928,2,3,2.286,0.2032,21.04,1.6764,2.54,43.69,1,2,-22.65,2.286,2.54,0.2032,1.9812,2.3368,1.1176,2.6416,2,20,1,1
B00965,B00965_R1,3929,3,3,2.286,0.2032,21.04,1.6764,2.54,43.69,1,2,-22.65,0.2032,0.762,1.6764,0.7112,2.6416,3.2512,2.032,1,20,0,2
B00966,B00966_R1,3930,1,6,1.6764,0.7112,0.0,0.2032,1.9812,0.0,0,0,0.0,0.762,0.2032,0.2032,1.9812,1.4224,2.3368,2.3368,2,30,0,1
B00966,B00966_R2,3931,2,6,1.6764,0.7112,0.0,0.2032,1.9812,0.0,0,0,0.0,2.286,0.2032,0.2032,1.9812,1.1176,3.8608,3.8608,2,20,1,2
B00966,B00966_R2,3932,3,6,1.6764,0.7112,0.0,0.2032,1.9812,0.0,0,0,0.0,0.2032,1.143,1.0668,2.54,2.413,1.3462,2.2606,1,20,1,3
B00966,B00966_R2,3933,4,6,1.6764,0.7112,0.0,0.2032,1.9812,0.0,0,0,0.0,0.2032,1.143,1.9812,0.7112,2.413,1.3462,2.7178,1,10,1,1
B00966,B00966_R1,3934,5,6,1.6764,0.7112,0.0,0.2032,1.9812,0.0,0,0,0.0,0.2032,0.762,1.9812,2.54,2.032,1.7272,3.556,1,10,0,3
B00966,B00966_R1,3935,6,6,1.6764,0.7112,0.0,0.2032,1.9812,0.0,0,0,0.0,0.2032,1.143,1.0668,0.2032,2.413,1.3462,1.8034,1,30,0,2
B00967,B00967_R2,3936,1,3,1.9812,2.54,0.0,1.0668,2.54,0.0,0,0,0.0,1.0668,0.2032,1.6764,2.032,3.2512,2.9464,2.9464,3,10,1,1
B00967,B00967_R1,3937,2,3,1.9812,2.54,0.0,1.0668,2.54,0.0,0,0,0.0,2.54,1.6002,0.2032,1.9812,1.4986,2.413,2.7178,2,20,0,1
B00967,B00967_R1,3938,3,3,1.9812,2.54,0.0,1.0668,2.54,0.0,0,0,0.0,0.2032,0.762,2.54,1.9812,3.556,2.6416,3.556,1,20,0,2
B00968,B00968_R1,3939,1,3,2.54,1.9812,17.04,1.6764,2.032,0.0,1,0,17.04,0.2032,1.143,2.54,1.6002,3.175,2.8702,2.794,1,10,0,1
B00968,B00968_R2,3940,2,3,2.54,1.9812,17.04,1.6764,2.032,0.0,1,0,17.04,0.2032,1.143,0.4572,2.54,3.175,2.8702,1.651,1,20,1,1
B00968,B00968_R2,3941,3,3,2.54,1.9812,17.04,1.6764,2.032,0.0,1,0,17.04,0.4572,0.2032,0.2032,1.6002,3.8608,3.556,1.651,2,20,1,2
B00969,B00969_R2,3942,1,3,2.54,1.6002,0.0,0.2032,1.6002,0.0,0,0,0.0,1.9812,0.2032,0.762,2.54,1.9558,3.175,3.556,3,30,1,2
B00969,B00969_R2,3943,2,3,2.54,1.6002,0.0,0.2032,1.6002,0.0,0,0,0.0,0.2032,1.143,0.4572,0.2032,2.794,0.9652,1.1938,1,10,1,1
B00969,B00969_R1,3944,3,3,2.54,1.6002,0.0,0.2032,1.6002,0.0,0,0,0.0,0.762,2.032,0.4572,0.2032,2.7178,1.4986,2.6416,3,20,0,1
B00970,B00970_R2,3945,1,5,0.4572,0.2032,0.0,0.762,2.54,0.0,0,0,0.0,0.2032,1.143,2.54,1.9812,1.1938,1.9558,3.175,1,30,1,2
B00970,B00970_R2,3946,2,5,0.4572,0.2032,0.0,0.762,2.54,0.0,0,0,0.0,1.0668,2.032,0.2032,1.6002,2.9464,0.8128,1.8034,2,10,1,1
B00970,B00970_R1,3947,3,5,0.4572,0.2032,0.0,0.762,2.54,0.0,0,0,0.0,0.2032,0.762,1.9812,2.032,0.8128,2.3368,3.556,1,20,0,2
B00970,B00970_R2,3948,4,5,0.4572,0.2032,0.0,0.762,2.54,0.0,0,0,0.0,1.6764,0.7112,0.2032,1.9812,1.7272,3.2512,3.2512,2,10,1,3
B00970,B00970_R1,3949,5,5,0.4572,0.2032,0.0,0.762,2.54,0.0,0,0,0.0,1.0668,0.2032,0.2032,1.9812,1.1176,3.2512,2.6416,2,10,0,1
B00971,B00971_R1,3950,1,3,1.9812,2.032,0.0,0.2032,1.9812,0.0,0,0,0.0,2.54,1.143,1.9812,0.7112,1.9558,3.175,1.4986,3,20,0,2
B00971,B00971_R1,3951,2,3,1.9812,2.032,0.0,0.2032,1.9812,0.0,0,0,0.0,0.4572,2.54,2.54,1.6002,2.032,0.8128,3.0226,3,30,0,1
B00971,B00971_R2,3952,3,3,1.9812,2.032,0.0,0.2032,1.9812,0.0,0,0,0.0,0.2032,0.762,2.54,1.9812,3.556,1.7272,3.556,1,10,1,1
B00972,B00972_R2,3953,1,7,1.9812,0.7112,8.92,2.54,1.9812,0.0,1,0,8.92,1.6764,0.7112,1.9812,2.032,0.8128,2.6416,3.2512,3,30,1,4
B00972,B00972_R1,3954,2,7,1.9812,0.7112,8.92,2.54,1.9812,0.0,1,0,8.92,0.2032,0.762,2.54,1.9812,2.3368,3.556,3.556,1,10,0,3
B00972,B00972_R2,3955,3,7,1.9812,0.7112,8.92,2.54,1.9812,0.0,1,0,8.92,0.2032,0.762,1.6764,0.2032,2.3368,3.556,2.032,1,20,1,3
B00972,B00972_R1,3956,4,7,1.9812,0.7112,8.92,2.54,1.9812,0.0,1,0,8.92,1.0668,0.7112,0.2032,1.9812,1.4224,3.2512,2.6416,2,30,0,1
B00972,B00972_R2,3957,5,7,1.9812,0.7112,8.92,2.54,1.9812,0.0,1,0,8.92,2.54,1.6002,0.2032,1.9812,1.9558,0.889,2.7178,2,10,1,1
B00972,B00972_R2,3958,6,7,1.9812,0.7112,8.92,2.54,1.9812,0.0,1,0,8.92,0.2032,1.143,0.762,0.2032,2.7178,3.175,1.4986,1,30,1,2
B00972,B00972_R1,3959,7,7,1.9812,0.7112,8.92,2.54,1.9812,0.0,1,0,8.92,0.2032,1.143,1.6764,2.54,2.7178,3.175,2.8702,1,20,0,2
B00973,B00973_R2,3960,1,6,2.54,1.9812,54.51,1.9812,2.032,48.19,2,3,6.32,0.2032,0.762,2.54,1.6002,3.556,3.556,3.175,1,30,1,3
B00973,B00973_R2,3961,2,6,2.54,1.9812,54.51,1.9812,2.032,48.19,2,3,6.32,0.762,0.2032,0.2032,1.9812,3.556,3.556,2.3368,2,20,1,2
B00973,B00973_R2,3962,3,6,2.54,1.9812,54.51,1.9812,2.032,48.19,2,3,6.32,0.4572,2.54,0.2032,1.6002,2.6416,2.032,1.1938,2,20,1,1
B00973,B00973_R1,3963,4,6,2.54,1.9812,54.51,1.9812,2.032,48.19,2,3,6.32,0.2032,1.143,0.762,2.032,3.175,3.175,1.9558,1,10,0,2
B00973,B00973_R1,3964,5,6,2.54,1.9812,54.51,1.9812,2.032,48.19,2,3,6.32,2.54,1.6002,0.2032,1.9812,0.889,1.4986,2.7178,2,20,0,1
B00973,B00973_R1,3965,6,6,2.54,1.9812,54.51,1.9812,2.032,48.19,2,3,6.32,0.4572,2.54,2.54,1.6002,2.6416,2.032,3.0226,3,10,0,3
B00974,B00974_R1,3966,1,3,2.54,1.6002,60.41,2.54,1.6002,82.85,3,4,-22.44,0.2032,0.762,1.0668,2.032,3.175,3.175,2.6416,1,30,0,2
B00974,B00974_R2,3967,2,3,2.54,1.6002,60.41,2.54,1.6002,82.85,3,4,-22.44,1.9812,2.032,1.9812,0.7112,1.4986,1.4986,2.9464,3,20,1,1
B00974,B00974_R1,3968,3,3,2.54,1.6002,60.41,2.54,1.6002,82.85,3,4,-22.44,2.54,1.9812,2.286,0.2032,0.889,0.889,2.032,3,20,0,1
B00975,B00975_R2,3969,1,7,1.0668,2.032,76.25,1.9812,0.7112,71.84,4,3,4.41,1.0668,0.2032,0.2032,1.6002,2.9464,1.4224,2.2606,2,10,1,2
B00975,B00975_R1,3970,2,7,1.0668,2.032,76.25,1.9812,0.7112,71.84,4,3,4.41,1.6764,2.032,1.9812,2.032,1.1176,3.2512,0.8128,3,20,0,1
B00975,B00975_R1,3971,3,7,1.0668,2.032,76.25,1.9812,0.7112,71.84,4,3,4.41,2.286,2.54,0.2032,1.9812,1.7272,2.6416,2.6416,2,20,0,2
B00975,B00975_R1,3972,4,7,1.0668,2.032,76.25,1.9812,0.7112,71.84,4,3,4.41,0.2032,0.762,1.6764,2.54,2.6416,2.3368,3.2512,1,10,0,3
B00975,B00975_R2,3973,5,7,1.0668,2.032,76.25,1.9812,0.7112,71.84,4,3,4.41,0.4572,0.2032,1.9812,0.2032,2.9464,2.032,2.032,3,20,1,4
B00975,B00975_R2,3974,6,7,1.0668,2.032,76.25,1.9812,0.7112,71.84,4,3,4.41,0.2032,1.143,0.762,0.2032,2.2606,2.7178,1.4986,1,30,1,3
B00975,B00975_R2,3975,7,7,1.0668,2.032,76.25,1.9812,0.7112,71.84,4,3,4.41,2.54,0.762,0.762,0.2032,3.2512,1.1176,2.3368,3,20,1,1
B00976,B00976_R2,3976,1,4,1.6764,2.54,96.79,1.9812,0.2032,109.81,5,6,-13.02,2.54,0.762,0.2032,1.9812,2.6416,1.1176,3.556,2,20,1,1
B00976,B00976_R1,3977,2,4,1.6764,2.54,96.79,1.9812,0.2032,109.81,5,6,-13.02,0.762,2.54,0.762,0.2032,1.4224,3.556,2.9464,3,10,0,1
B00976,B00976_R2,3978,3,4,1.6764,2.54,96.79,1.9812,0.2032,109.81,5,6,-13.02,0.2032,1.143,2.54,1.6002,2.8702,2.7178,2.794,1,20,1,2
B00976,B00976_R1,3979,4,4,1.6764,2.54,96.79,1.9812,0.2032,109.81,5,6,-13.02,0.2032,0.762,2.286,0.2032,3.2512,2.3368,2.6416,1,20,0,2
B00977,B00977_R2,3980,1,7,2.286,0.2032,103.0,2.54,1.6002,110.1,5,6,-7.1,0.2032,0.762,1.6764,0.7112,2.6416,3.175,2.032,1,20,1,2
B00977,B00977_R2,3981,2,7,2.286,0.2032,103.0,2.54,1.6002,110.1,5,6,-7.1,0.2032,0.762,2.286,2.54,2.6416,3.175,3.8608,1,20,1,3
B00977,B00977_R1,3982,3,7,2.286,0.2032,103.0,2.54,1.6002,110.1,5,6,-7.1,2.54,0.762,0.2032,1.6002,0.8128,1.3462,3.175,2,10,0,1
B00977,B00977_R1,3983,4,7,2.286,0.2032,103.0,2.54,1.6002,110.1,5,6,-7.1,0.2032,1.143,2.54,0.762,3.0226,2.794,2.7178,1,30,0,4
B00977,B00977_R1,3984,5,7,2.286,0.2032,103.0,2.54,1.6002,110.1,5,6,-7.1,0.762,0.2032,0.2032,1.9812,2.032,3.175,2.3368,2,20,0,3
B00977,B00977_R1,3985,6,7,2.286,0.2032,103.0,2.54,1.6002,110.1,5,6,-7.1,0.2032,1.143,0.762,0.7112,3.0226,2.794,1.4986,1,20,0,2
B00977,B00977_R2,3986,7,7,2.286,0.2032,103.0,2.54,1.6002,110.1,5,6,-7.1,0.2032,1.143,0.4572,2.54,3.0226,2.794,1.651,1,30,1,1
B00978,B00978_R1,3987,1,4,2.54,0.762,146.48,2.286,2.54,154.6,7,7,-8.12,0.4572,0.2032,1.0668,2.54,2.6416,4.1656,2.9464,3,10,0,2
B00978,B00978_R2,3988,2,4,2.54,0.762,146.48,2.286,2.54,154.6,7,7,-8.12,2.54,1.9812,0.2032,1.9812,1.7272,0.8128,2.9464,2,30,1,1
B00978,B00978_R2,3989,3,4,2.54,0.762,146.48,2.286,2.54,154.6,7,7,-8.12,0.762,2.032,0.2032,1.6002,3.556,2.032,1.4986,2,10,1,2
B00978,B00978_R1,3990,4,4,2.54,0.762,146.48,2.286,2.54,154.6,7,7,-8.12,2.54,1.6002,0.2032,1.6002,1.3462,1.1938,2.3368,2,20,0,1
B00979,B00979_R2,3991,1,3,1.0668,2.54,115.22,0.2032,1.6002,126.05,6,6,-10.83,0.2032,0.762,2.286,2.54,2.6416,1.3462,3.8608,1,30,1,1
B00979,B00979_R1,3992,2,3,1.0668,2.54,115.22,0.2032,1.6002,126.05,6,6,-10.83,1.6764,2.54,0.2032,1.6002,1.1176,2.413,2.413,2,10,0,1
B00979,B00979_R1,3993,3,3,1.0668,2.54,115.22,0.2032,1.6002,126.05,6,6,-10.83,0.2032,0.762,1.9812,0.7112,2.6416,1.3462,2.3368,1,20,0,2
B00980,B00980_R2,3994,1,3,1.9812,0.7112,85.17,2.286,2.54,63.72,4,3,21.45,0.2032,1.143,0.762,2.54,2.7178,3.4798,1.9558,1,20,1,2
B00980,B00980_R2,3995,2,3,1.9812,0.7112,85.17,2.286,2.54,63.72,4,3,21.45,2.286,2.54,0.2032,1.6002,2.6416,0.0,3.0226,2,10,1,1
B00980,B00980_R1,3996,3,3,1.9812,0.7112,85.17,2.286,2.54,63.72,4,3,21.45,2.286,0.2032,0.2032,1.9812,0.8128,2.3368,3.8608,2,20,0,1
B00981,B00981_R1,3997,1,3,0.2032,1.9812,79.56,0.762,2.54,67.52,4,4,12.04,0.2032,0.762,1.6764,0.7112,1.7272,2.3368,2.032,1,20,0,1
B00981,B00981_R2,3998,2,3,0.2032,1.9812,79.56,0.762,2.54,67.52,4,4,12.04,1.6764,2.54,0.762,2.032,2.032,1.4224,1.4224,3,10,1,1
B00981,B00981_R2,3999,3,3,0.2032,1.9812,79.56,0.762,2.54,67.52,4,4,12.04,2.286,2.54,0.2032,1.6002,2.6416,2.032,3.0226,2,10,1,2
B00982,B00982_R1,4000,1,5,1.6764,0.7112,57.51,0.2032,1.6002,75.64,3,4,-18.13,0.2032,1.143,1.6764,0.2032,2.413,0.9652,2.413,1,20,0,3
B00982,B00982_R1,4001,2,5,1.6764,0.7112,57.51,0.2032,1.6002,75.64,3,4,-18.13,0.2032,1.143,0.762,0.7112,2.413,0.9652,1.4986,1,10,0,1
B00982,B00982_R2,4002,3,5,1.6764,0.7112,57.51,0.2032,1.6002,75.64,3,4,-18.13,0.2032,1.143,1.6764,2.54,2.413,0.9652,2.8702,1,30,1,2
B00982,B00982_R2,4003,4,5,1.6764,0.7112,57.51,0.2032,1.6002,75.64,3,4,-18.13,0.2032,1.143,0.762,2.032,2.413,0.9652,1.9558,1,10,1,1
B00982,B00982_R1,4004,5,5,1.6764,0.7112,57.51,0.2032,1.6002,75.64,3,4,-18.13,0.4572,0.2032,2.54,0.762,1.7272,1.651,2.6416,3,20,0,2
