R1_next_x,R1_next_y,R1_tuf,R2_next_x,R2_next_y,R2_tuf,R1_queue_length,R2_queue_length,tuf_difference,Task_PL_x,Task_PL_y,Task_DL_x,Task_DL_y,R1_dist_to_pickup,R2_dist_to_pickup,task_dist_to_dropoff,task_type,Deadline,winner
1.3716,0.2032,0.0,0.2032,1.6002,11.23,0,1,-11.23,0.762,2.032,0.2032,1.6002,2.9464,1.4986,1.4986,2,20,1
0.2032,1.6002,18.55,0.2032,1.6002,4.88,1,1,13.67,2.286,2.54,0.2032,1.6002,3.0226,3.0226,3.0226,2,20,0
0.2032,1.6002,12.05,0.4572,2.54,12.76,1,1,-0.71,0.2032,0.762,0.4572,2.54,1.3462,2.032,2.032,1,30,1
0.2032,1.9812,25.11,0.4572,2.54,10.06,2,1,15.05,2.54,1.143,0.2032,1.9812,3.175,3.4798,3.175,2,10,0
0.2032,1.9812,17.43,0.2032,1.6002,14.28,1,1,3.15,1.6764,2.54,0.2032,1.6002,2.032,2.413,2.413,2,10,1
0.2032,1.9812,12.35,0.2032,1.9812,25.42,1,2,-13.07,0.762,0.2032,0.2032,1.9812,2.3368,2.3368,2.3368,2,30,1
1.6764,2.54,20.84,0.2032,1.9812,18.1,2,2,2.74,2.54,1.9812,1.6764,2.54,1.4224,2.9464,1.4224,3,10,0
1.6764,2.54,13.62,1.0668,2.032,25.0,1,2,-11.38,0.2032,1.143,1.0668,2.032,2.8702,2.2606,2.2606,1,30,1
0.4572,2.54,25.41,1.0668,2.032,19.16,2,2,6.25,0.2032,0.762,0.4572,2.54,2.032,2.6416,2.032,1,30,0
0.4572,2.54,16.57,1.9812,0.2032,27.9,1,2,-11.33,0.2032,0.762,1.9812,0.2032,2.032,2.3368,2.3368,1,10,1
0.2032,1.9812,20.43,1.9812,0.2032,22.06,2,2,-1.63,0.762,2.032,0.2032,1.9812,1.1176,3.556,1.1176,2,30,0
1.9812,0.2032,30.55,1.9812,0.2032,15.45,3,1,15.1,2.286,2.54,1.9812,0.2032,2.6416,2.6416,2.6416,3,10,0
1.9812,0.2032,24.81,0.762,0.2032,26.93,2,2,-2.12,2.54,1.6002,0.762,0.2032,1.9558,3.175,3.175,3,10,1
0.762,2.032,31.92,0.762,0.2032,16.26,2,1,15.66,2.54,1.6002,0.762,2.032,2.7178,3.175,2.7178,3,10,0
0.762,2.032,27.14,1.0668,2.54,25.87,2,2,1.27,0.2032,1.143,1.0668,2.54,1.9558,2.2606,2.2606,1,10,1
0.4572,0.2032,34.05,1.0668,2.54,21.45,3,2,12.6,0.2032,1.143,0.4572,0.2032,1.1938,2.2606,1.1938,1,30,0
0.4572,0.2032,27.14,1.0668,2.032,28.56,2,2,-1.42,0.2032,1.143,1.0668,2.032,1.1938,2.2606,2.2606,1,10,1
1.6764,0.7112,35.43,1.0668,2.032,25.56,3,2,9.87,0.2032,0.762,1.6764,0.7112,2.032,2.6416,2.032,1,10,0
1.6764,0.7112,23.99,0.2032,1.6002,30.54,2,2,-6.55,2.54,1.6002,0.2032,1.6002,2.2606,2.3368,2.3368,2,10,1
1.9812,0.7112,36.34,0.2032,1.6002,26.02,3,2,10.32,0.2032,1.143,1.9812,0.7112,2.7178,0.9652,2.7178,1,30,0
1.9812,0.7112,27.95,0.2032,1.9812,33.39,2,3,-5.44,1.6764,2.54,0.2032,1.9812,3.2512,2.032,2.032,2,10,1
1.6764,0.7112,33.95,0.2032,1.9812,27.9,3,2,6.05,1.9812,0.7112,1.6764,0.7112,0.8128,3.556,0.8128,3,30,0
1.6764,0.7112,23.89,1.0668,0.2032,34.36,2,3,-10.47,0.2032,1.143,1.0668,0.2032,2.413,1.8034,1.8034,1,30,1
1.0668,0.7112,33.5,1.0668,0.2032,27.19,3,2,6.31,0.2032,1.143,1.0668,0.7112,1.8034,1.8034,1.8034,1,10,0
1.0668,0.7112,28.16,2.54,0.762,35.88,3,3,-7.72,0.4572,0.2032,2.54,0.762,1.1176,2.6416,2.6416,3,20,1
0.2032,1.6002,36.04,2.54,0.762,25.82,3,2,10.22,1.6764,0.2032,0.2032,1.6002,2.8702,1.4224,2.8702,2,20,0
0.2032,1.6002,28.41,2.54,1.6002,41.37,2,3,-12.96,0.2032,0.762,2.54,1.6002,1.3462,3.175,3.175,1,10,1
0.2032,1.9812,44.27,2.54,1.6002,31.76,3,2,12.51,2.286,0.2032,0.2032,1.9812,3.8608,1.651,3.8608,2,10,0
0.2032,1.9812,34.66,2.286,0.2032,47.15,2,3,-12.49,0.2032,1.143,2.286,0.2032,1.3462,3.0226,3.0226,1,10,1
0.2032,1.9812,44.11,2.286,0.2032,39.99,3,3,4.12,1.0668,2.54,0.2032,1.9812,1.4224,3.556,1.4224,2,10,0
0.2032,1.6002,50.16,2.286,0.2032,33.54,4,2,16.62,1.0668,2.54,0.2032,1.6002,1.8034,3.556,1.8034,2,30,0
0.2032,1.6002,43.4,2.286,0.2032,48.07,3,3,-4.67,0.2032,1.143,2.286,0.2032,0.9652,3.0226,3.0226,1,30,1
0.2032,1.6002,37.86,0.2032,1.9812,50.46,3,3,-12.6,0.762,0.2032,0.2032,1.9812,1.9558,2.3368,2.3368,2,20,1
1.6764,2.54,44.52,0.2032,1.9812,47.21,4,3,-2.69,2.54,1.9812,1.6764,2.54,1.4224,2.9464,1.4224,3,30,0
0.4572,0.2032,52.04,0.2032,1.9812,41.37,4,3,10.67,0.2032,0.762,0.4572,0.2032,0.8128,1.7272,0.8128,1,30,0
0.4572,0.2032,45.59,0.2032,1.9812,43.3,4,3,2.29,0.762,2.54,0.2032,1.9812,2.6416,1.1176,1.1176,2,20,1
0.4572,0.2032,39.13,0.2032,1.9812,56.16,3,4,-17.03,2.286,2.54,0.2032,1.9812,4.1656,2.6416,2.6416,2,30,1
1.6764,2.032,46.81,0.2032,1.9812,48.49,4,4,-1.68,0.2032,1.143,1.6764,2.032,2.8702,1.3462,2.8702,1,20,0
1.6764,2.032,40.2,0.762,0.2032,53.47,3,4,-13.27,0.2032,1.143,0.762,0.2032,2.8702,1.4986,1.4986,1,10,1
2.54,1.9812,51.69,0.762,0.2032,49.4,4,4,2.29,0.2032,1.143,2.54,1.9812,3.175,1.4986,3.175,1,10,0
2.54,1.9812,45.84,0.2032,1.9812,49.4,3,4,-3.56,0.762,0.2032,0.2032,1.9812,3.556,2.3368,2.3368,2,30,1
1.0668,0.7112,53.37,0.2032,1.9812,47.17,4,4,6.2,1.9812,0.2032,1.0668,0.7112,1.4224,3.556,1.4224,3,10,0
1.0668,0.7112,45.74,0.2032,1.6002,53.31,3,4,-7.57,1.6764,2.032,0.2032,1.6002,2.9464,2.413,2.413,2,10,1
0.2032,1.9812,57.02,0.2032,1.6002,48.53,4,4,8.49,2.286,0.2032,0.2032,1.9812,3.8608,3.4798,3.8608,2,30,0
0.2032,1.9812,48.79,0.2032,1.6002,55.8,3,5,-7.01,1.0668,0.7112,0.2032,1.6002,2.6416,2.2606,2.2606,2,20,1
0.2032,1.6002,60.28,0.2032,1.6002,50.11,4,4,10.17,1.6764,2.54,0.2032,1.6002,2.413,2.413,2.413,2,30,0
0.2032,1.6002,54.43,1.9812,2.032,54.88,4,4,-0.45,0.2032,1.143,1.9812,2.032,0.9652,3.175,3.175,1,20,1
1.6764,2.032,59.26,1.9812,2.032,54.88,4,4,4.38,0.2032,1.143,1.6764,2.032,2.8702,3.175,2.8702,1,20,0
1.6764,2.032,55.09,1.9812,2.54,62.91,4,4,-7.82,0.2032,1.143,1.9812,2.54,2.8702,3.175,3.175,1,30,1
2.54,1.6002,63.07,1.9812,2.54,58.85,4,4,4.22,0.2032,1.143,2.54,1.6002,2.794,3.175,2.794,1,20,0
2.54,1.6002,59.61,0.2032,1.6002,68.55,4,5,-8.94,0.762,0.2032,0.2032,1.6002,3.175,1.9558,1.9558,2,10,1
1.6764,2.032,68.1,0.2032,1.6002,62.25,5,4,5.85,0.762,2.54,1.6764,2.032,1.4224,1.4986,1.4224,3,10,0
1.6764,2.032,60.17,1.6764,2.032,72.2,4,5,-12.03,0.762,0.2032,1.6764,2.032,3.2512,3.2512,3.2512,3,30,1
0.2032,1.9812,67.19,1.6764,2.032,65.9,5,4,1.29,1.0668,2.032,0.2032,1.9812,1.4224,1.1176,1.4224,2,20,0
0.2032,1.9812,70.34,1.6764,2.032,60.06,6,4,10.28,0.762,2.54,0.2032,1.9812,1.1176,1.4224,1.1176,2,20,0
0.2032,1.9812,64.9,0.2032,1.6002,62.96,5,4,1.94,1.6764,2.032,0.2032,1.6002,2.032,2.413,2.413,2,20,1
0.2032,1.9812,58.65,2.286,2.54,73.84,5,5,-15.19,0.2032,1.143,2.286,2.54,1.3462,3.4798,3.4798,1,30,1
0.2032,1.9812,68.61,2.286,2.54,67.08,5,5,1.53,2.286,2.54,0.2032,1.9812,2.6416,0.0,2.6416,2,30,0
0.2032,1.9812,63.99,0.2032,1.6002,76.78,5,5,-12.79,2.286,0.2032,0.2032,1.6002,3.8608,3.4798,3.4798,2,10,1
0.762,0.2032,73.7,0.2032,1.6002,72.77,6,5,0.93,2.54,0.762,0.762,0.2032,2.3368,3.175,2.3368,3,20,0
0.762,0.2032,67.85,0.2032,1.6002,78.15,5,6,-10.3,0.762,2.032,0.2032,1.6002,2.9464,1.4986,1.4986,2,20,1
1.6764,2.032,75.99,0.2032,1.6002,71.75,6,5,4.24,0.2032,0.762,1.6764,2.032,3.2512,1.3462,3.2512,1,20,0
1.6764,2.032,70.14,2.286,2.54,84.25,5,6,-14.11,0.2032,0.762,2.286,2.54,3.2512,3.8608,3.8608,1,30,1
0.2032,1.6002,75.53,2.286,2.54,75.87,6,6,-0.34,1.0668,2.032,0.2032,1.6002,1.8034,1.7272,1.8034,2,30,0
0.4572,2.54,89.25,2.286,2.54,71.75,6,5,17.5,2.54,0.762,0.4572,2.54,3.8608,2.032,3.8608,3,20,0
0.4572,2.54,81.01,0.2032,1.6002,73.98,5,5,7.03,0.762,2.54,0.2032,1.6002,0.8128,1.4986,1.4986,2,20,1
0.4572,2.54,75.72,2.54,1.6002,87.09,5,6,-11.37,0.2032,0.762,2.54,1.6002,2.032,3.175,3.175,1,30,1
2.54,1.6002,84.67,2.54,1.6002,78.25,6,6,6.42,0.2032,1.143,2.54,1.6002,2.794,2.794,2.794,1,10,0
2.54,1.6002,78.82,1.9812,2.032,90.19,5,6,-11.37,0.2032,1.143,1.9812,2.032,2.794,3.175,3.175,1,30,1
2.286,2.54,84.05,1.9812,2.032,87.4,6,6,-3.35,1.6764,2.54,2.286,2.54,1.1176,0.8128,1.1176,3,30,0
2.286,2.54,78.11,1.9812,0.2032,95.74,6,7,-17.63,0.2032,1.143,1.9812,0.2032,3.4798,2.7178,2.7178,1,30,1
0.4572,0.2032,87.0,1.9812,0.2032,89.24,6,6,-2.24,0.2032,0.762,0.4572,0.2032,0.8128,2.3368,0.8128,1,30,0
0.762,0.7112,91.17,1.9812,0.2032,80.24,7,5,10.93,0.2032,0.762,0.762,0.7112,1.1176,2.3368,1.1176,1,10,0
0.762,0.7112,83.85,0.762,0.7112,91.98,6,6,-8.13,0.2032,1.143,0.762,0.7112,1.4986,1.4986,1.4986,1,30,1
1.6764,0.2032,87.36,0.762,0.7112,84.97,7,6,2.39,1.6764,0.7112,1.6764,0.2032,0.508,1.4224,0.508,3,10,0
1.6764,0.2032,81.36,1.0668,2.032,91.78,6,6,-10.42,0.2032,0.762,1.0668,2.032,2.032,2.6416,2.6416,1,10,1
0.2032,1.9812,92.7,1.0668,2.032,87.72,7,6,4.98,1.9812,2.032,0.2032,1.9812,2.3368,1.4224,2.3368,2,10,0
0.2032,1.9812,85.69,0.2032,1.9812,95.9,7,6,-10.21,0.762,0.7112,0.2032,1.9812,2.3368,2.3368,2.3368,2,20,1
2.286,2.54,94.12,0.2032,1.9812,89.7,7,6,4.42,0.2032,1.143,2.286,2.54,3.4798,1.3462,3.4798,1,30,0
2.286,2.54,91.33,1.6764,2.032,96.82,7,6,-5.49,0.2032,0.762,1.6764,2.032,3.8608,3.2512,3.2512,1,20,1
0.2032,1.6002,92.8,1.6764,2.032,93.57,7,6,-0.77,0.4572,2.54,0.2032,1.6002,1.1938,1.7272,1.1938,2,20,0
0.2032,1.6002,89.2,0.2032,1.9812,97.89,7,7,-8.69,0.762,2.032,0.2032,1.9812,1.4986,1.1176,1.1176,2,10,1
0.2032,1.6002,91.74,0.2032,1.9812,89.96,7,6,1.78,0.4572,2.54,0.2032,1.6002,1.1938,0.8128,1.1938,2,20,0
0.2032,1.6002,87.11,0.4572,0.2032,99.46,7,7,-12.35,0.762,2.54,0.4572,0.2032,1.4986,2.6416,2.6416,3,20,1
0.2032,1.6002,97.69,0.4572,0.2032,93.62,8,7,4.07,2.54,1.143,0.2032,1.6002,2.794,3.0226,2.794,2,20,0
0.2032,1.6002,91.95,1.6764,2.032,99.82,7,7,-7.87,0.4572,2.54,1.6764,2.032,1.1938,1.7272,1.7272,3,10,1
2.54,0.762,98.3,1.6764,2.032,94.39,7,7,3.91,0.2032,0.762,2.54,0.762,2.9464,3.2512,2.9464,1,10,0
2.54,0.762,95.46,1.9812,0.7112,102.57,7,7,-7.11,0.2032,1.143,1.9812,0.7112,2.7178,2.7178,2.7178,1,20,1
0.2032,1.6002,103.43,1.9812,0.7112,100.33,7,7,3.1,1.9812,2.54,0.2032,1.6002,2.7178,2.9464,2.7178,2,20,0
0.2032,1.6002,98.04,0.762,2.54,104.4,7,7,-6.36,0.762,0.7112,0.762,2.54,1.9558,2.9464,2.9464,3,20,1
0.2032,1.6002,99.97,0.762,2.54,101.3,7,7,-1.33,0.4572,0.2032,0.2032,1.6002,1.651,2.6416,1.651,2,10,0
0.2032,1.6002,97.28,0.2032,1.6002,113.85,7,8,-16.57,1.9812,0.7112,0.2032,1.6002,3.175,3.175,3.175,2,30,1
0.2032,1.6002,104.24,0.2032,1.6002,106.68,8,7,-2.44,1.0668,2.54,0.2032,1.6002,1.8034,1.8034,1.8034,2,10,0
1.0668,2.032,110.39,0.2032,1.6002,103.22,8,7,7.17,0.2032,0.762,1.0668,2.032,2.6416,1.3462,2.6416,1,30,0
1.0668,2.032,106.84,0.762,2.032,111.25,8,8,-4.41,1.0668,0.2032,0.762,2.032,2.9464,3.2512,3.2512,3,10,1
1.9812,0.7112,111.46,0.762,2.032,104.9,8,7,6.56,1.0668,2.54,1.9812,0.7112,3.2512,0.8128,3.2512,3,10,0
1.9812,0.7112,105.46,1.0668,0.2032,110.18,8,7,-4.72,0.2032,1.143,1.0668,0.2032,2.7178,1.8034,1.8034,1,20,1
0.2032,1.6002,115.87,1.0668,0.2032,107.94,8,7,7.93,0.762,2.54,0.2032,1.6002,1.4986,3.2512,1.4986,2,10,0
0.2032,1.6002,111.71,0.2032,1.6002,111.71,8,8,0.0,0.762,0.7112,0.2032,1.6002,1.9558,1.9558,1.9558,2,30,1
1.0668,2.032,114.1,0.2032,1.6002,104.64,8,7,9.46,0.2032,0.762,1.0668,2.032,2.6416,1.3462,2.6416,1,30,0
1.0668,2.032,111.4,0.2032,1.6002,118.72,8,8,-7.32,2.286,0.2032,0.2032,1.6002,3.556,3.4798,3.4798,2,30,1
0.2032,1.9812,120.81,0.2032,1.6002,112.87,9,7,7.94,1.0668,0.2032,0.2032,1.9812,2.6416,2.2606,2.6416,2,20,0
0.2032,1.9812,114.5,0.2032,1.9812,124.36,8,8,-9.86,1.9812,2.54,0.2032,1.9812,2.3368,2.3368,2.3368,2,20,1
0.2032,1.6002,123.7,0.2032,1.9812,112.92,9,7,10.78,1.0668,0.2032,0.2032,1.6002,2.2606,2.6416,2.2606,2,30,0
0.2032,1.6002,116.38,0.2032,1.6002,124.05,8,8,-7.67,0.762,0.2032,0.2032,1.6002,1.9558,1.9558,1.9558,2,20,1
0.2032,1.9812,125.53,0.2032,1.6002,116.89,9,8,8.64,1.0668,2.54,0.2032,1.9812,1.4224,1.8034,1.4224,2,10,0
0.2032,1.9812,116.23,0.2032,1.6002,128.22,8,8,-11.99,2.54,1.143,0.2032,1.6002,3.175,2.794,2.794,2,10,1
0.762,0.2032,127.98,0.2032,1.6002,122.23,9,8,5.75,1.0668,2.032,0.762,0.2032,3.2512,1.8034,3.2512,3,20,0
0.762,0.2032,118.37,0.762,2.032,127.97,8,9,-9.6,0.2032,1.143,0.762,2.032,1.4986,1.9558,1.9558,1,20,1
2.54,1.6002,128.02,0.762,2.032,121.72,9,8,6.3,0.762,0.2032,2.54,1.6002,3.175,2.9464,3.175,3,30,0
2.54,1.6002,120.25,1.0668,2.032,125.84,9,9,-5.59,0.762,2.54,1.0668,2.032,2.7178,0.8128,0.8128,3,10,1
1.0668,2.032,132.13,1.0668,2.032,118.07,9,9,14.06,1.6764,0.7112,1.0668,2.032,2.9464,2.9464,2.9464,3,10,0
1.0668,2.032,124.36,2.54,1.9812,128.48,9,9,-4.12,0.2032,1.143,2.54,1.9812,2.2606,3.175,3.175,1,20,1
0.762,0.2032,132.03,2.54,1.9812,122.03,9,9,10.0,0.2032,0.762,0.762,0.2032,1.1176,3.556,1.1176,1,20,0
0.762,0.2032,126.04,0.4572,0.2032,131.53,9,9,-5.49,1.0668,2.54,0.4572,0.2032,3.2512,2.9464,2.9464,3,10,1
1.0668,2.54,130.56,0.4572,0.2032,125.53,9,9,5.03,0.2032,0.762,1.0668,2.54,2.6416,0.8128,2.6416,1,20,0
1.0668,2.54,127.86,0.2032,1.9812,133.21,9,9,-5.35,0.762,2.032,0.2032,1.9812,0.8128,1.1176,1.1176,2,20,1
0.2032,1.9812,134.22,0.2032,1.9812,127.67,10,9,6.55,1.9812,2.54,0.2032,1.9812,2.3368,2.3368,2.3368,2,30,0
0.2032,1.9812,128.98,0.2032,1.9812,142.1,9,10,-13.12,1.9812,0.2032,0.2032,1.9812,3.556,3.556,3.556,2,10,1
0.2032,1.9812,134.67,0.2032,1.9812,134.93,10,9,-0.26,0.762,2.54,0.2032,1.9812,1.1176,1.1176,1.1176,2,20,0
0.2032,1.9812,132.64,0.2032,1.9812,129.49,10,9,3.15,0.4572,2.54,0.2032,1.9812,0.8128,0.8128,0.8128,2,10,0
0.2032,1.9812,128.48,2.54,0.762,134.17,10,9,-5.69,0.2032,0.762,2.54,0.762,1.7272,2.9464,2.9464,1,20,1
0.2032,1.6002,135.08,2.54,0.762,131.22,11,9,3.86,1.0668,2.032,0.2032,1.6002,1.8034,3.2512,1.8034,2,20,0
0.2032,1.6002,128.02,0.2032,1.9812,139.35,10,10,-11.33,1.6764,0.7112,0.2032,1.9812,2.8702,3.2512,3.2512,2,30,1
1.9812,0.2032,135.55,0.2032,1.9812,133.5,11,9,2.05,1.0668,0.2032,1.9812,0.2032,1.4224,2.6416,1.4224,3,10,0
0.2032,1.9812,142.2,0.2032,1.9812,129.34,11,9,12.86,1.9812,0.2032,0.2032,1.9812,3.556,3.556,3.556,2,20,0
0.2032,1.9812,136.35,0.2032,1.6002,141.94,11,10,-5.59,2.286,0.2032,0.2032,1.6002,3.8608,3.4798,3.4798,2,10,1
1.9812,0.2032,142.1,0.2032,1.6002,136.5,11,9,5.6,0.2032,1.143,1.9812,0.2032,2.7178,0.9652,2.7178,1,10,0
1.9812,0.2032,137.37,0.2032,1.9812,139.96,11,9,-2.59,0.4572,0.2032,0.2032,1.9812,2.032,2.032,2.032,2,10,1
0.762,2.032,145.1,0.2032,1.9812,135.44,11,9,9.66,0.2032,1.143,0.762,2.032,1.9558,1.3462,1.9558,1,10,0
0.762,2.032,140.58,0.762,0.2032,141.28,11,9,-0.7,0.2032,0.762,0.762,0.2032,2.3368,1.1176,1.1176,1,30,1
0.762,2.032,134.18,2.286,0.2032,150.02,11,10,-15.84,0.2032,1.143,2.286,0.2032,1.9558,3.0226,3.0226,1,10,1
0.2032,1.9812,144.75,2.286,0.2032,141.18,11,9,3.57,1.0668,0.2032,0.2032,1.9812,2.6416,1.7272,2.6416,2,20,0
0.2032,1.9812,141.2,1.0668,0.7112,146.56,11,10,-5.36,2.286,0.2032,1.0668,0.7112,3.8608,1.7272,1.7272,3,20,1
0.2032,1.6002,151.91,1.0668,0.7112,140.46,11,10,11.45,2.54,0.762,0.2032,1.6002,3.175,2.032,3.175,2,30,0
0.2032,1.6002,145.91,1.0668,0.7112,145.85,11,10,0.06,0.2032,0.762,1.0668,0.7112,1.3462,1.4224,1.4224,1,10,1
0.2032,1.6002,138.9,0.2032,1.9812,158.26,10,11,-19.36,2.54,0.762,0.2032,1.9812,3.175,3.556,3.556,2,20,1
0.2032,1.6002,151.25,0.2032,1.9812,150.02,11,10,1.23,1.9812,0.2032,0.2032,1.6002,3.175,3.556,3.175,2,10,0
1.9812,0.7112,157.45,0.2032,1.9812,144.03,11,10,13.42,0.2032,1.143,1.9812,0.7112,2.7178,1.3462,2.7178,1,10,0
1.9812,0.7112,155.22,2.286,0.2032,152.92,11,11,2.3,0.2032,0.762,2.286,0.2032,2.3368,2.6416,2.6416,1,10,1
1.9812,0.7112,146.47,0.762,0.7112,162.94,10,11,-16.47,1.9812,2.54,0.762,0.7112,2.9464,3.556,3.556,3,30,1
0.4572,2.54,152.47,0.762,0.7112,159.48,10,11,-7.01,0.2032,1.143,0.4572,2.54,1.651,1.4986,1.651,1,30,0
0.2032,1.9812,160.71,0.762,0.7112,151.71,11,11,9.0,1.0668,2.54,0.2032,1.9812,1.4224,3.2512,1.4224,2,20,0
0.2032,1.9812,151.1,2.286,0.2032,163.14,10,11,-12.04,1.9812,2.032,2.286,0.2032,2.3368,2.6416,2.6416,3,10,1
1.6764,2.032,161.0,2.286,0.2032,157.65,11,11,3.35,0.2032,1.143,1.6764,2.032,2.8702,3.0226,2.8702,1,10,0
1.6764,2.032,152.16,2.286,0.2032,167.21,10,11,-15.05,0.2032,0.762,2.286,0.2032,3.2512,2.6416,2.6416,1,10,1
1.0668,0.7112,164.0,2.286,0.2032,161.37,11,11,2.63,0.2032,1.143,1.0668,0.7112,1.8034,3.0226,1.8034,1,30,0
0.2032,1.9812,166.7,2.286,0.2032,155.37,11,11,11.33,0.4572,0.2032,0.2032,1.9812,2.032,2.3368,2.032,2,30,0
0.2032,1.9812,164.01,0.2032,1.9812,161.27,11,11,2.74,0.762,0.7112,0.2032,1.9812,2.3368,2.3368,2.3368,2,10,1
2.54,1.9812,171.73,0.2032,1.9812,157.96,12,11,13.77,0.2032,1.143,2.54,1.9812,3.175,1.3462,3.175,1,20,0
2.54,1.9812,165.88,2.54,1.9812,165.69,11,11,0.19,0.762,0.2032,2.54,1.9812,3.556,3.556,3.556,3,10,1
0.2032,1.6002,179.19,2.54,1.9812,162.24,12,11,16.95,1.6764,0.7112,0.2032,1.6002,2.8702,2.6416,2.8702,2,10,0
0.2032,1.6002,169.28,1.9812,0.7112,171.79,11,11,-2.51,0.2032,0.762,1.9812,0.7112,1.3462,2.3368,2.3368,1,20,1
2.54,1.9812,177.56,1.9812,0.7112,168.8,12,11,8.76,1.6764,2.032,2.54,1.9812,1.4224,3.2512,1.4224,3,20,0
2.54,1.9812,171.11,0.762,0.2032,173.78,12,12,-2.67,0.2032,0.762,0.762,0.2032,3.556,1.1176,1.1176,1,20,1
0.2032,1.6002,182.18,0.762,0.2032,169.66,12,11,12.52,1.6764,0.7112,0.2032,1.6002,2.8702,1.4224,2.8702,2,20,0
0.2032,1.6002,176.34,2.286,2.54,176.17,12,11,0.17,1.0668,2.54,2.286,2.54,1.8034,1.7272,1.7272,3,20,1
1.0668,2.032,183.25,2.286,2.54,173.32,13,11,9.93,0.2032,1.143,1.0668,2.032,2.2606,3.4798,2.2606,1,30,0
1.0668,2.032,175.17,0.2032,1.6002,182.11,12,11,-6.94,1.9812,0.2032,0.2032,1.6002,3.2512,3.175,3.175,2,30,1
1.6764,2.54,188.34,0.2032,1.6002,178.04,13,11,10.3,0.2032,0.762,1.6764,2.54,3.2512,1.3462,3.2512,1,30,0
1.6764,2.54,181.88,0.2032,1.9812,185.92,13,12,-4.04,1.6764,2.032,0.2032,1.9812,0.508,2.032,2.032,2,30,1
1.9812,2.54,193.87,0.2032,1.9812,179.31,13,11,14.56,0.2032,0.762,1.9812,2.54,3.556,1.7272,3.556,1,10,0
1.9812,2.54,188.43,0.2032,1.6002,188.66,13,12,-0.23,1.0668,0.7112,0.2032,1.6002,3.2512,2.2606,2.2606,2,20,1
0.4572,0.2032,196.46,0.2032,1.6002,180.88,13,11,15.58,2.54,0.762,0.4572,0.2032,2.6416,3.175,2.6416,3,30,0
0.4572,0.2032,191.53,0.2032,1.6002,193.07,13,12,-1.54,1.6764,0.2032,0.2032,1.6002,1.7272,2.8702,2.8702,2,20,1
1.9812,0.2032,199.05,0.2032,1.6002,186.97,14,12,12.08,0.2032,1.143,1.9812,0.2032,2.7178,0.9652,2.7178,1,30,0
1.9812,0.2032,193.3,2.54,1.6002,194.39,13,12,-1.09,1.9812,2.032,2.54,1.6002,2.9464,1.4986,1.4986,3,30,1
0.2032,1.9812,199.81,2.54,1.6002,188.39,13,12,11.42,2.286,0.2032,0.2032,1.9812,3.8608,1.651,3.8608,2,30,0
0.2032,1.9812,197.12,2.286,0.2032,199.41,13,13,-2.29,0.2032,0.762,2.286,0.2032,1.7272,2.6416,2.6416,1,10,1
0.2032,1.6002,206.22,2.286,0.2032,193.11,14,12,13.11,2.54,1.9812,0.2032,1.6002,2.7178,2.032,2.7178,2,10,0
0.2032,1.6002,200.22,1.0668,2.032,202.46,13,13,-2.24,2.54,1.9812,1.0668,2.032,2.7178,2.032,2.032,3,20,1
0.2032,1.6002,196.97,0.2032,1.9812,209.58,13,13,-12.61,1.6764,0.7112,0.2032,1.9812,2.8702,3.2512,3.2512,2,30,1
0.762,0.7112,198.29,0.2032,1.9812,206.63,13,13,-8.34,0.2032,0.762,0.762,0.7112,1.1176,1.7272,1.1176,1,10,0
1.0668,2.032,205.05,0.2032,1.9812,200.02,14,13,5.03,0.762,0.7112,1.0668,2.032,3.2512,2.3368,3.2512,3,10,0
1.0668,2.032,198.49,0.762,0.2032,209.68,13,13,-11.19,1.0668,2.54,0.762,0.2032,0.508,3.2512,3.2512,3,30,1
1.6764,2.54,208.55,0.762,0.2032,205.51,14,13,3.04,0.2032,1.143,1.6764,2.54,2.8702,1.4986,2.8702,1,10,0
1.6764,2.54,199.71,0.2032,1.6002,213.69,13,14,-13.98,2.54,1.6002,0.2032,1.6002,1.8034,2.3368,2.3368,2,20,1
0.2032,1.6002,213.18,0.2032,1.6002,208.15,14,13,5.03,1.0668,0.2032,0.2032,1.6002,2.2606,2.2606,2.2606,2,30,0
0.2032,1.6002,207.33,1.6764,2.54,214.14,14,14,-6.81,1.6764,2.032,1.6764,2.54,2.413,0.508,0.508,3,30,1
1.9812,0.2032,215.21,1.6764,2.54,207.59,14,14,7.62,1.0668,2.54,1.9812,0.2032,3.2512,1.1176,3.2512,3,20,0
1.9812,0.2032,210.89,1.9812,0.2032,218.92,14,14,-8.03,0.2032,1.143,1.9812,0.2032,2.7178,2.7178,2.7178,1,20,1
0.2032,1.6002,214.91,1.9812,0.2032,211.86,14,14,3.05,1.9812,0.7112,0.2032,1.6002,3.175,0.508,3.175,2,20,0
0.2032,1.6002,211.97,1.6764,2.032,220.75,14,14,-8.78,1.0668,0.7112,1.6764,2.032,2.2606,2.9464,2.9464,3,30,1
1.9812,2.54,224.36,1.6764,2.032,215.97,15,14,8.39,1.6764,0.2032,1.9812,2.54,3.2512,2.9464,3.2512,3,10,0
1.9812,2.54,216.13,1.9812,2.032,226.13,14,14,-10.0,0.2032,0.762,1.9812,2.032,3.556,3.556,3.556,1,10,1
0.2032,1.6002,231.22,1.9812,2.032,221.97,15,14,9.25,1.0668,0.7112,0.2032,1.6002,2.2606,3.2512,2.2606,2,30,0
0.2032,1.6002,220.7,0.762,0.2032,231.47,14,15,-10.77,0.2032,0.762,0.762,0.2032,1.3462,1.1176,1.1176,1,20,1
2.54,0.762,231.27,0.762,0.2032,223.85,15,14,7.42,1.9812,0.7112,2.54,0.762,1.1176,1.7272,1.1176,3,20,0
2.54,0.762,225.73,0.4572,2.54,233.76,15,15,-8.03,1.0668,2.032,0.4572,2.54,3.2512,1.1176,1.1176,3,20,1
0.2032,1.9812,232.85,0.4572,2.54,227.82,15,15,5.03,1.9812,0.2032,0.2032,1.9812,3.556,3.8608,3.556,2,20,0
0.2032,1.9812,229.45,0.2032,1.9812,238.7,15,15,-9.25,1.0668,0.2032,0.2032,1.9812,2.6416,2.6416,2.6416,2,10,1
0.762,2.54,236.21,0.2032,1.9812,235.6,16,15,0.61,0.2032,0.762,0.762,2.54,2.3368,1.7272,2.3368,1,10,0
0.762,2.54,227.37,1.0668,0.7112,237.38,15,15,-10.01,0.2032,0.762,1.0668,0.7112,2.3368,1.4224,1.4224,1,20,1
0.2032,1.9812,241.69,1.0668,0.7112,231.64,16,15,10.05,1.6764,0.7112,0.2032,1.9812,3.2512,1.1176,3.2512,2,10,0
0.2032,1.9812,235.75,1.0668,0.7112,236.93,16,16,-1.18,0.2032,0.762,1.0668,0.7112,1.7272,1.4224,1.4224,1,20,1
0.2032,1.6002,241.75,1.0668,0.7112,231.08,16,15,10.67,1.0668,2.032,0.2032,1.6002,1.8034,2.9464,1.8034,2,20,0
0.2032,1.6002,236.97,0.2032,1.9812,240.9,16,16,-3.93,1.0668,2.032,0.2032,1.9812,1.8034,1.4224,1.4224,2,10,1
0.2032,1.9812,244.84,0.2032,1.9812,231.9,16,15,12.94,1.0668,0.7112,0.2032,1.9812,2.6416,2.6416,2.6416,2,20,0
0.2032,1.9812,239.09,0.2032,1.9812,238.51,16,16,0.58,1.0668,2.032,0.2032,1.9812,1.4224,1.4224,1.4224,2,30,1
1.9812,2.54,244.53,0.2032,1.9812,231.91,16,16,12.62,0.2032,1.143,1.9812,2.54,3.175,1.3462,3.175,1,20,0
1.9812,2.54,241.58,0.762,0.2032,237.65,16,16,3.93,0.2032,1.143,0.762,0.2032,3.175,1.4986,1.4986,1,10,1
1.9812,2.54,235.13,0.2032,1.9812,251.37,16,17,-16.24,2.54,1.143,0.2032,1.9812,1.9558,3.175,3.175,2,20,1
0.2032,1.9812,246.2,0.2032,1.9812,241.31,16,16,4.89,1.9812,0.2032,0.2032,1.9812,3.556,3.556,3.556,2,30,0
0.2032,1.9812,243.51,1.6764,2.54,253.4,16,17,-9.89,2.54,1.143,1.6764,2.54,3.175,2.2606,2.2606,3,30,1
2.286,2.54,250.92,1.6764,2.54,246.79,16,17,4.13,0.2032,1.143,2.286,2.54,3.4798,2.8702,3.4798,1,30,0
2.286,2.54,243.91,0.2032,1.6002,250.61,16,17,-6.7,1.6764,2.54,0.2032,1.6002,1.1176,2.413,2.413,2,30,1
0.2032,1.6002,255.54,0.2032,1.6002,247.76,16,17,7.78,1.6764,0.7112,0.2032,1.6002,2.8702,2.8702,2.8702,2,20,0
0.2032,1.6002,251.53,2.54,0.762,254.88,16,18,-3.35,1.9812,2.032,2.54,0.762,2.7178,2.3368,2.3368,3,30,1
2.286,0.2032,253.77,2.54,0.762,248.27,16,17,5.5,1.6764,0.7112,2.286,0.2032,1.1176,1.4224,1.1176,3,10,0
2.286,0.2032,250.37,0.2032,1.9812,260.37,16,18,-10.0,1.9812,0.7112,0.2032,1.9812,0.8128,3.556,3.556,2,20,1
0.2032,1.9812,260.33,0.2032,1.9812,249.7,17,17,10.63,2.54,1.9812,0.2032,1.9812,2.9464,2.9464,2.9464,2,30,0
0.2032,1.9812,253.32,0.2032,1.9812,261.75,16,18,-8.43,2.54,1.6002,0.2032,1.9812,2.7178,2.7178,2.7178,2,20,1
0.2032,1.9812,266.28,0.2032,1.9812,254.73,17,17,11.55,1.0668,0.2032,0.2032,1.9812,2.6416,2.6416,2.6416,2,30,0
0.2032,1.9812,257.29,0.762,0.7112,260.68,17,18,-3.39,0.2032,1.143,0.762,0.7112,1.3462,1.4986,1.4986,1,10,1
2.286,0.2032,268.72,0.762,0.7112,255.34,17,18,13.38,1.0668,2.032,2.286,0.2032,3.556,3.2512,3.556,3,20,0
2.286,0.2032,261.71,0.2032,1.9812,267.12,17,18,-5.41,2.54,1.9812,0.2032,1.9812,2.032,2.9464,2.9464,2,20,1
0.2032,1.9812,270.91,0.2032,1.9812,261.28,17,18,9.63,0.762,2.032,0.2032,1.9812,1.1176,1.1176,1.1176,2,20,0
0.2032,1.9812,266.59,0.2032,1.6002,270.83,17,18,-4.24,2.54,1.9812,0.2032,1.6002,2.9464,2.7178,2.7178,2,20,1
0.2032,1.6002,277.06,0.2032,1.6002,265.6,18,18,11.46,2.54,0.762,0.2032,1.6002,3.175,3.175,3.175,2,30,0
0.2032,1.6002,271.83,0.2032,1.9812,276.48,17,19,-4.65,2.54,1.9812,0.2032,1.9812,2.7178,2.9464,2.9464,2,20,1
0.2032,1.9812,279.5,0.2032,1.9812,268.55,18,18,10.95,1.0668,2.54,0.2032,1.9812,1.4224,1.4224,1.4224,2,20,0
0.2032,1.9812,268.98,1.0668,0.2032,276.83,17,19,-7.85,0.2032,0.762,1.0668,0.2032,1.7272,1.4224,1.4224,1,30,1
0.2032,1.9812,263.74,0.2032,1.9812,277.8,17,19,-14.06,0.762,0.2032,0.2032,1.9812,2.3368,2.3368,2.3368,2,30,1
1.9812,2.54,266.08,0.2032,1.9812,274.7,17,19,-8.62,0.762,2.54,1.9812,2.54,1.7272,1.1176,1.7272,3,20,0
0.2032,1.6002,276.29,0.2032,1.9812,271.3,18,19,4.99,0.762,2.54,0.2032,1.6002,1.4986,1.1176,1.4986,2,30,0
0.2032,1.6002,269.28,1.6764,0.7112,275.46,18,19,-6.18,0.762,0.7112,1.6764,0.7112,1.9558,1.4224,1.4224,3,20,1
0.2032,1.9812,276.8,1.6764,0.7112,270.68,18,19,6.12,1.6764,2.54,0.2032,1.9812,2.032,2.9464,2.032,2,10,0
0.2032,1.9812,271.11,0.762,0.7112,273.22,18,19,-2.11,0.2032,1.143,0.762,0.7112,1.3462,1.4986,1.4986,1,30,1
1.0668,0.2032,281.12,0.762,0.7112,270.27,18,19,10.85,2.286,0.2032,1.0668,0.2032,1.7272,2.032,1.7272,3,20,0
1.0668,0.2032,275.74,2.286,2.54,280.39,18,20,-4.65,0.2032,1.143,2.286,2.54,1.8034,3.4798,3.4798,1,20,1
0.2032,1.6002,284.78,2.286,2.54,274.03,19,19,10.75,0.4572,2.54,0.2032,1.6002,1.1938,2.3368,1.1938,2,20,0
0.2032,1.6002,276.4,1.0668,0.2032,281.76,18,19,-5.36,0.2032,1.143,1.0668,0.2032,0.9652,1.8034,1.8034,1,30,1
0.2032,1.6002,293.48,1.0668,0.2032,278.35,19,19,15.13,2.286,0.2032,0.2032,1.6002,3.4798,1.7272,3.4798,2,10,0
0.2032,1.6002,283.87,0.2032,1.9812,288.93,18,20,-5.06,2.54,0.762,0.2032,1.9812,3.175,3.556,3.556,2,20,1
0.4572,0.2032,289.67,0.2032,1.9812,282.47,19,19,7.2,0.2032,0.762,0.4572,0.2032,0.8128,1.7272,0.8128,1,30,0
0.4572,0.2032,281.9,2.54,1.9812,287.55,19,19,-5.65,0.2032,1.143,2.54,1.9812,1.1938,3.175,3.175,1,30,1
2.54,1.9812,290.44,2.54,1.9812,284.86,19,19,5.58,2.54,1.143,2.54,1.9812,1.3462,1.3462,1.3462,3,10,0
2.54,1.9812,286.02,0.4572,0.2032,290.6,19,19,-4.58,2.286,0.2032,0.4572,0.2032,2.032,2.3368,2.3368,3,20,1
0.2032,1.9812,295.88,0.4572,0.2032,287.5,19,19,8.38,1.6764,0.7112,0.2032,1.9812,3.2512,1.7272,3.2512,2,30,0
0.2032,1.9812,290.5,0.762,2.54,293.95,19,20,-3.45,0.2032,1.143,0.762,2.54,1.3462,1.9558,1.9558,1,10,1
0.762,2.032,300.46,0.762,2.54,285.11,20,19,15.35,2.54,1.9812,0.762,2.032,2.3368,2.3368,2.3368,3,30,0
0.762,2.032,293.45,0.762,2.54,302.54,19,20,-9.09,2.286,0.2032,0.762,2.54,3.8608,3.8608,3.8608,3,30,1
0.2032,1.6002,306.56,0.762,2.54,296.69,20,20,9.87,0.762,0.2032,0.2032,1.6002,1.9558,2.9464,1.9558,2,30,0
0.2032,1.6002,297.11,0.2032,1.6002,306.7,20,20,-9.59,1.0668,0.7112,0.2032,1.6002,2.2606,2.2606,2.2606,2,10,1
0.762,0.2032,301.74,0.2032,1.6002,301.21,20,20,0.53,0.2032,0.762,0.762,0.2032,1.1176,1.3462,1.1176,1,30,0
0.762,0.2032,298.64,0.2032,1.9812,311.47,20,20,-12.83,2.54,1.6002,0.2032,1.9812,3.175,2.7178,2.7178,2,20,1
1.0668,0.2032,300.42,0.2032,1.9812,306.54,20,20,-6.12,2.286,0.2032,1.0668,0.2032,1.7272,3.8608,1.7272,3,10,0
1.0668,0.2032,297.16,0.2032,1.9812,310.0,20,20,-12.84,1.6764,2.54,0.2032,1.9812,2.9464,2.032,2.032,2,10,1
0.762,2.54,304.08,0.2032,1.9812,307.76,21,20,-3.68,0.2032,0.762,0.762,2.54,2.3368,1.7272,2.3368,1,20,0
0.2032,1.6002,312.97,0.2032,1.9812,300.75,21,20,12.22,1.9812,2.032,0.2032,1.6002,2.7178,2.3368,2.7178,2,10,0
0.2032,1.6002,306.06,2.286,2.54,305.68,21,20,0.38,1.9812,2.032,2.286,2.54,2.7178,0.8128,0.8128,3,10,1
0.762,0.7112,309.82,2.286,2.54,301.52,21,20,8.3,0.2032,0.762,0.762,0.7112,1.1176,3.8608,1.1176,1,20,0
0.762,0.7112,304.53,2.54,1.9812,310.91,21,20,-6.38,0.762,0.7112,2.54,1.9812,0.0,3.556,3.556,3,20,1
0.2032,1.9812,309.21,2.54,1.9812,308.22,22,20,0.99,0.4572,0.2032,0.2032,1.9812,2.032,3.8608,2.032,2,30,0
0.2032,1.9812,303.21,1.9812,2.032,317.92,21,20,-14.71,0.2032,1.143,1.9812,2.032,1.3462,3.175,3.175,1,30,1
2.286,2.54,313.78,1.9812,2.032,313.91,22,20,-0.13,0.2032,0.762,2.286,2.54,3.8608,3.556,3.8608,1,10,0
0.2032,1.6002,319.22,1.9812,2.032,307.3,22,20,11.92,2.54,1.9812,0.2032,1.6002,2.7178,1.1176,2.7178,2,10,0
0.2032,1.6002,314.59,2.54,1.9812,316.71,22,20,-2.12,1.6764,0.2032,2.54,1.9812,2.8702,2.6416,2.6416,3,10,1
0.2032,1.6002,323.03,2.54,1.9812,311.32,23,20,11.71,1.6764,2.032,0.2032,1.6002,2.413,1.4224,2.413,2,10,0
0.2032,1.6002,317.64,2.286,2.54,320.07,22,21,-2.43,1.0668,2.54,2.286,2.54,1.8034,1.7272,1.7272,3,10,1
1.0668,2.032,322.42,2.286,2.54,312.39,23,20,10.03,1.0668,2.54,1.0668,2.032,0.508,1.7272,0.508,3,20,0
1.0668,2.032,315.41,0.2032,1.9812,325.86,23,21,-10.45,0.762,0.2032,0.2032,1.9812,3.2512,2.3368,2.3368,2,20,1
0.762,0.2032,324.76,0.2032,1.9812,318.09,23,21,6.67,1.9812,2.032,0.762,0.2032,3.556,2.3368,3.556,3,30,0
0.762,0.2032,318.92,2.54,1.6002,328.5,23,21,-9.58,0.2032,0.762,2.54,1.6002,1.1176,3.175,3.175,1,20,1
2.54,0.762,326.59,2.54,1.6002,321.59,23,21,5.0,0.2032,0.762,2.54,0.762,2.9464,3.175,2.9464,1,20,0
2.54,0.762,320.14,1.9812,2.54,335.3,23,21,-15.16,0.2032,0.762,1.9812,2.54,2.9464,3.556,3.556,1,10,1
0.2032,1.6002,330.4,1.9812,2.54,328.9,23,21,1.5,1.0668,2.54,0.2032,1.6002,1.8034,1.4224,1.8034,2,20,0
2.286,0.2032,337.93,1.9812,2.54,322.44,24,20,15.49,0.2032,1.143,2.286,0.2032,3.0226,3.175,3.0226,1,10,0
2.286,0.2032,331.32,0.2032,1.6002,332.86,23,21,-1.54,0.762,0.7112,0.2032,1.6002,2.032,1.9558,1.9558,2,30,1
0.2032,1.6002,342.05,0.2032,1.6002,327.02,24,20,15.03,1.6764,2.032,0.2032,1.6002,2.413,2.413,2.413,2,20,0
0.2032,1.6002,335.49,0.2032,1.6002,340.18,23,21,-4.69,1.9812,2.032,0.2032,1.6002,2.7178,2.7178,2.7178,2,10,1
0.2032,1.9812,345.75,0.2032,1.6002,331.18,24,20,14.57,1.9812,2.032,0.2032,1.9812,2.3368,2.7178,2.3368,2,30,0
0.2032,1.9812,339.15,1.0668,0.7112,339.72,24,21,-0.57,0.2032,0.762,1.0668,0.7112,1.7272,1.4224,1.4224,1,20,1
0.2032,1.9812,333.3,0.2032,1.6002,341.81,23,22,-8.51,0.762,0.2032,0.2032,1.6002,2.3368,1.9558,1.9558,2,20,1
0.2032,1.6002,339.76,0.2032,1.6002,335.5,24,21,4.26,0.762,2.54,0.2032,1.6002,1.4986,1.4986,1.4986,2,10,0
0.2032,1.6002,331.37,0.4572,2.54,345.32,23,22,-13.95,0.4572,0.2032,0.4572,2.54,1.651,2.3368,2.3368,3,20,1
1.0668,0.7112,342.86,0.4572,2.54,335.71,24,21,7.15,1.9812,2.032,1.0668,0.7112,3.2512,2.032,3.2512,3,10,0
1.0668,0.7112,336.56,2.286,0.2032,346.99,24,22,-10.43,0.2032,0.762,2.286,0.2032,1.4224,2.6416,2.6416,1,10,1
2.54,1.6002,344.89,2.286,0.2032,339.98,24,22,4.91,2.286,2.54,2.54,1.6002,1.1938,2.3368,1.1938,3,20,0
2.54,1.6002,342.2,0.762,0.7112,346.89,24,22,-4.69,0.2032,0.762,0.762,0.7112,3.175,1.1176,1.1176,1,30,1
0.2032,1.9812,350.47,0.762,0.7112,340.29,24,22,10.18,1.0668,0.2032,0.2032,1.9812,2.6416,0.8128,2.6416,2,20,0
0.2032,1.9812,345.54,2.54,1.9812,347.71,24,22,-2.17,0.2032,1.143,2.54,1.9812,1.3462,3.175,3.175,1,30,1
0.2032,1.9812,358.29,2.54,1.9812,343.64,24,22,14.65,2.286,0.2032,0.2032,1.9812,3.8608,2.032,3.8608,2,10,0
0.2032,1.9812,353.51,1.6764,2.032,354.27,24,23,-0.76,1.9812,0.2032,1.6764,2.032,3.556,3.2512,3.2512,3,10,1
1.0668,2.54,357.37,1.6764,2.032,348.27,25,22,9.1,0.4572,2.54,1.0668,2.54,1.1176,1.7272,1.1176,3,30,0
1.0668,2.54,350.36,1.9812,2.032,351.22,24,23,-0.86,2.286,2.54,1.9812,2.032,1.7272,0.8128,0.8128,3,30,1
0.2032,1.6002,362.09,1.9812,2.032,345.99,25,22,16.1,1.6764,0.2032,0.2032,1.6002,2.8702,3.2512,2.8702,2,10,0
0.2032,1.6002,354.93,0.2032,1.6002,352.44,25,23,2.49,0.4572,2.54,0.2032,1.6002,1.1938,1.1938,1.1938,2,30,1
0.2032,1.6002,348.94,0.2032,1.6002,362.91,24,24,-13.97,2.286,2.54,0.2032,1.6002,3.0226,3.0226,3.0226,2,20,1
0.2032,1.9812,357.82,0.2032,1.6002,355.7,25,23,2.12,1.0668,0.2032,0.2032,1.9812,2.6416,2.2606,2.6416,2,10,0
0.2032,1.9812,351.42,0.2032,1.9812,366.11,24,24,-14.69,1.0668,0.2032,0.2032,1.9812,2.6416,2.6416,2.6416,2,30,1
1.6764,2.54,359.81,0.2032,1.9812,360.01,25,24,-0.2,1.0668,2.032,1.6764,2.54,1.1176,1.4224,1.1176,3,20,0
1.6764,2.54,350.45,1.6764,0.7112,366.77,24,24,-16.32,0.2032,1.143,1.6764,0.7112,2.8702,2.413,2.413,1,20,1
0.2032,1.6002,361.63,1.6764,0.7112,360.93,25,24,0.7,1.6764,0.2032,0.2032,1.6002,2.8702,0.508,2.8702,2,20,0
0.2032,1.6002,355.17,1.6764,2.032,367.13,24,24,-11.96,1.9812,2.032,1.6764,2.032,2.7178,0.8128,0.8128,3,30,1
2.286,2.54,366.96,1.6764,2.032,363.06,25,24,3.9,1.9812,0.2032,2.286,2.54,2.6416,3.2512,2.6416,3,10,0
2.286,2.54,359.79,0.762,0.7112,367.74,24,24,-7.95,0.2032,0.762,0.762,0.7112,3.8608,1.1176,1.1176,1,30,1
1.6764,2.032,375.04,0.762,0.7112,364.18,25,24,10.86,0.2032,1.143,1.6764,2.032,2.8702,1.4986,2.8702,1,30,0
1.6764,2.032,363.6,0.2032,1.9812,369.57,24,24,-5.97,0.762,2.032,0.2032,1.9812,1.4224,1.1176,1.1176,2,20,1
0.2032,1.6002,375.19,0.2032,1.9812,366.78,25,24,8.41,2.54,1.9812,0.2032,1.6002,2.7178,2.9464,2.7178,2,10,0
0.2032,1.6002,366.95,0.2032,1.9812,377.2,24,25,-10.25,0.762,0.2032,0.2032,1.9812,1.9558,2.3368,2.3368,2,20,1
0.2032,1.9812,381.12,0.2032,1.9812,370.19,25,25,10.93,1.0668,0.7112,0.2032,1.9812,2.6416,2.6416,2.6416,2,30,0
0.2032,1.9812,371.06,2.54,0.762,378.17,24,25,-7.11,0.2032,0.762,2.54,0.762,1.7272,2.9464,2.9464,1,30,1
2.54,1.143,382.19,2.54,0.762,373.09,25,25,9.1,1.6764,2.54,2.54,1.143,2.2606,2.6416,2.2606,3,10,0
2.54,1.143,375.18,0.2032,1.6002,379.45,25,26,-4.27,0.762,0.2032,0.2032,1.6002,2.7178,1.9558,1.9558,2,30,1
1.6764,2.032,381.33,0.2032,1.6002,373.6,25,25,7.73,1.0668,2.54,1.6764,2.032,1.1176,1.8034,1.1176,3,10,0
1.6764,2.032,376.56,0.2032,1.9812,387.06,25,26,-10.5,1.6764,0.2032,0.2032,1.9812,2.9464,3.2512,3.2512,2,30,1
0.2032,1.9812,380.47,0.2032,1.9812,379.29,25,26,1.18,1.0668,2.032,0.2032,1.9812,1.4224,1.4224,1.4224,2,20,0
0.2032,1.9812,375.65,0.2032,1.9812,390.01,25,26,-14.36,1.0668,0.7112,0.2032,1.9812,2.6416,2.6416,2.6416,2,30,1
0.2032,1.6002,387.79,0.2032,1.9812,383.56,26,26,4.23,2.54,0.762,0.2032,1.6002,3.175,3.556,3.175,2,10,0
0.2032,1.6002,381.79,0.2032,1.6002,391.08,25,26,-9.29,0.4572,0.2032,0.2032,1.6002,1.651,1.651,1.651,2,10,1
2.286,2.54,390.07,0.2032,1.6002,384.47,25,26,5.6,0.2032,0.762,2.286,2.54,3.8608,1.3462,3.8608,1,10,0
2.286,2.54,387.22,1.0668,0.2032,395.7,25,27,-8.48,1.6764,2.032,1.0668,0.2032,1.1176,2.9464,2.9464,3,30,1
1.9812,2.54,401.04,1.0668,0.2032,389.25,26,26,11.79,0.2032,0.762,1.9812,2.54,3.556,1.4224,3.556,1,30,0
1.9812,2.54,394.43,0.2032,1.9812,398.3,25,27,-3.87,0.762,2.032,0.2032,1.9812,1.7272,1.1176,1.1176,2,10,1
0.2032,1.6002,404.09,0.2032,1.9812,389.46,26,26,14.63,2.54,1.143,0.2032,1.6002,2.794,3.175,2.794,2,20,0
0.2032,1.6002,396.31,0.762,2.032,398.81,25,27,-2.5,0.2032,1.143,0.762,2.032,0.9652,1.9558,1.9558,1,10,1
0.2032,1.6002,392.3,1.6764,0.7112,405.72,25,28,-13.42,1.0668,2.54,1.6764,0.7112,1.8034,2.9464,2.9464,3,10,1
0.762,2.032,397.53,1.6764,0.7112,399.63,26,28,-2.1,0.2032,1.143,0.762,2.032,1.9558,2.413,1.9558,1,10,0
1.6764,0.7112,406.27,1.6764,0.7112,394.4,26,27,11.87,0.2032,0.762,1.6764,0.7112,2.032,2.032,2.032,1,10,0
1.6764,0.7112,401.34,1.6764,2.032,405.58,26,28,-4.24,0.2032,1.143,1.6764,2.032,2.413,2.8702,2.8702,1,20,1
1.6764,0.7112,392.8,0.2032,1.9812,406.75,25,28,-13.95,1.0668,2.54,0.2032,1.9812,2.9464,1.4224,1.4224,2,20,1
0.2032,1.6002,399.67,0.2032,1.9812,401.82,26,28,-2.15,1.0668,0.7112,0.2032,1.6002,2.2606,2.6416,2.2606,2,30,0
0.2032,1.9812,409.98,0.2032,1.9812,396.59,27,28,13.39,1.0668,0.2032,0.2032,1.9812,2.6416,2.6416,2.6416,2,10,0
0.2032,1.9812,404.13,0.4572,0.2032,402.89,26,28,1.24,0.762,2.032,0.4572,0.2032,1.1176,2.6416,2.6416,3,20,1
0.2032,1.9812,399.2,0.4572,2.54,408.28,26,29,-9.08,0.2032,1.143,0.4572,2.54,1.3462,1.651,1.651,1,20,1
0.2032,1.6002,407.99,0.4572,2.54,401.92,26,28,6.07,1.9812,0.7112,0.2032,1.6002,3.175,3.8608,3.175,2,30,0
0.2032,1.6002,405.76,0.2032,1.9812,403.15,26,29,2.61,0.4572,2.54,0.2032,1.9812,1.1938,0.8128,0.8128,2,10,1
1.6764,2.032,410.43,0.2032,1.9812,396.84,26,28,13.59,0.2032,1.143,1.6764,2.032,2.8702,1.3462,2.8702,1,10,0
1.6764,2.032,404.99,1.0668,0.7112,403.75,26,29,1.24,0.2032,1.143,1.0668,0.7112,2.8702,1.8034,1.8034,1,10,1
0.2032,1.6002,413.17,1.0668,0.7112,397.45,27,28,15.72,2.54,1.6002,0.2032,1.6002,2.3368,2.8702,2.3368,2,10,0
0.2032,1.6002,406.77,1.0668,0.7112,412.89,26,29,-6.12,1.9812,2.032,1.0668,0.7112,2.7178,3.2512,3.2512,3,10,1
1.0668,2.54,413.23,1.0668,0.7112,401.61,27,28,11.62,0.2032,1.143,1.0668,2.54,2.2606,1.8034,2.2606,1,20,0
1.0668,2.54,406.72,1.0668,0.2032,418.27,27,29,-11.55,2.286,2.54,1.0668,0.2032,1.7272,3.556,3.556,3,20,1
1.6764,0.2032,415.82,1.0668,0.2032,408.31,27,28,7.51,0.2032,1.143,1.6764,0.2032,2.413,1.8034,2.413,1,10,0
1.6764,0.2032,408.61,0.2032,1.9812,416.59,27,29,-7.98,1.0668,0.2032,0.2032,1.9812,1.1176,2.6416,2.6416,2,20,1
0.2032,1.6002,414.81,0.2032,1.9812,410.34,27,29,4.47,0.4572,0.2032,0.2032,1.6002,1.651,2.032,1.651,2,20,0
0.2032,1.6002,408.97,1.6764,0.2032,417.25,27,29,-8.28,0.2032,1.143,1.6764,0.2032,0.9652,2.413,2.413,1,30,1
0.2032,1.6002,416.18,1.6764,0.2032,413.08,28,29,3.1,1.0668,2.54,0.2032,1.6002,1.8034,2.9464,1.8034,2,30,0
1.9812,2.54,419.03,1.6764,0.2032,404.09,28,29,14.94,0.762,2.54,1.9812,2.54,1.7272,3.2512,1.7272,3,10,0
1.9812,2.54,417.41,0.2032,1.9812,414.31,28,29,3.1,2.54,1.143,0.2032,1.9812,1.9558,3.175,3.175,2,30,1
1.9812,2.54,409.17,1.9812,0.2032,420.81,27,29,-11.64,0.2032,1.143,1.9812,0.2032,3.175,2.7178,2.7178,1,10,1
0.2032,1.9812,414.97,1.9812,0.2032,416.75,28,29,-1.78,0.762,2.54,0.2032,1.9812,1.1176,3.556,1.1176,2,10,0
0.2032,1.9812,408.57,0.2032,1.9812,422.49,28,29,-13.92,0.4572,0.2032,0.2032,1.9812,2.032,2.032,2.032,2,10,1
1.6764,2.032,416.24,0.2032,1.9812,416.45,28,29,-0.21,0.2032,1.143,1.6764,2.032,2.8702,1.3462,2.8702,1,30,0
2.54,1.6002,422.09,0.2032,1.9812,409.74,29,29,12.35,2.54,1.143,2.54,1.6002,0.9652,3.175,0.9652,3,20,0
2.54,1.6002,414.31,0.4572,2.54,413.76,28,29,0.55,0.762,2.032,0.4572,2.54,2.7178,0.8128,0.8128,3,10,1
0.2032,1.9812,422.91,0.4572,2.54,409.74,29,29,13.17,2.54,1.6002,0.2032,1.9812,2.7178,3.0226,2.7178,2,30,0
0.2032,1.9812,414.67,2.54,1.6002,414.87,28,29,-0.2,2.54,0.762,2.54,1.6002,3.556,1.3462,1.3462,3,30,1
0.4572,0.2032,423.52,2.54,1.6002,412.18,29,29,11.34,1.0668,2.032,0.4572,0.2032,2.9464,2.413,2.9464,3,10,0
0.4572,0.2032,417.12,0.2032,1.6002,417.61,29,29,-0.49,1.0668,0.7112,0.2032,1.6002,1.1176,2.2606,2.2606,2,30,1
1.0668,2.032,423.27,0.2032,1.6002,414.51,29,29,8.76,0.2032,1.143,1.0668,2.032,2.2606,0.9652,2.2606,1,10,0
1.0668,2.032,418.34,2.286,2.54,424.01,29,30,-5.67,0.2032,0.762,2.286,2.54,2.6416,3.8608,3.8608,1,20,1
2.54,1.143,422.25,2.286,2.54,417.4,29,29,4.85,0.4572,2.54,2.54,1.143,3.4798,2.3368,3.4798,3,30,0
2.54,1.143,419.46,0.2032,1.6002,426.45,29,30,-6.99,1.0668,2.54,0.2032,1.6002,2.8702,1.8034,1.8034,2,30,1
0.2032,1.6002,427.13,0.2032,1.6002,417.09,30,29,10.04,1.9812,0.7112,0.2032,1.6002,3.175,3.175,3.175,2,30,0
0.2032,1.6002,418.9,0.2032,1.6002,429.8,29,30,-10.9,1.6764,0.2032,0.2032,1.6002,2.8702,2.8702,2.8702,2,10,1
1.9812,2.54,430.34,0.2032,1.6002,421.56,30,29,8.78,0.2032,1.143,1.9812,2.54,3.175,0.9652,3.175,1,30,0
1.9812,2.54,424.24,0.2032,1.9812,435.12,30,30,-10.88,1.6764,0.7112,0.2032,1.9812,3.2512,3.2512,3.2512,2,30,1
0.2032,1.9812,430.85,0.2032,1.9812,427.96,30,30,2.89,2.54,1.9812,0.2032,1.9812,2.9464,2.9464,2.9464,2,30,0
0.2032,1.9812,424.4,2.54,0.762,435.63,30,30,-11.23,0.2032,1.143,2.54,0.762,1.3462,2.7178,2.7178,1,20,1
0.2032,1.6002,429.68,2.54,0.762,429.18,30,30,0.5,1.0668,2.032,0.2032,1.6002,1.8034,3.2512,1.8034,2,20,0
0.2032,1.6002,425.61,0.2032,1.9812,437.46,30,30,-11.85,1.9812,0.2032,0.2032,1.9812,3.175,3.556,3.556,2,30,1
0.762,2.54,430.89,0.2032,1.9812,433.9,30,30,-3.01,0.762,0.2032,0.762,2.54,2.9464,2.3368,2.9464,3,30,0
0.762,2.54,427.63,1.6764,2.032,441.17,30,30,-13.54,0.4572,0.2032,1.6764,2.032,2.6416,3.556,3.556,3,20,1
0.4572,2.54,431.65,1.6764,2.032,435.43,30,30,-3.78,0.2032,0.762,0.4572,2.54,2.032,3.2512,2.032,1,30,0
0.4572,2.54,429.41,2.286,2.54,446.82,30,31,-17.41,1.6764,0.2032,2.286,2.54,3.556,2.9464,2.9464,3,30,1
0.2032,1.9812,431.65,2.286,2.54,440.21,30,30,-8.56,1.0668,2.54,0.2032,1.9812,1.4224,1.7272,1.4224,2,10,0
2.54,1.143,442.23,2.286,2.54,435.43,31,30,6.8,1.6764,2.54,2.54,1.143,2.2606,1.1176,2.2606,3,10,0
2.54,1.143,434.86,0.2032,1.6002,441.78,31,30,-6.92,1.9812,0.2032,0.2032,1.6002,1.4986,3.175,3.175,2,20,1
1.9812,0.7112,442.89,0.2032,1.6002,438.83,31,30,4.06,0.2032,0.762,1.9812,0.7112,2.3368,1.3462,2.3368,1,30,0
1.9812,0.7112,440.2,0.2032,1.6002,448.79,31,31,-8.59,2.54,1.9812,0.2032,1.6002,2.3368,2.7178,2.7178,2,20,1
0.762,0.7112,452.19,0.2032,1.6002,442.94,32,30,9.25,1.6764,2.032,0.762,0.7112,3.2512,2.413,3.2512,3,20,0
0.762,0.7112,444.37,0.762,2.032,457.62,31,31,-13.25,2.286,0.2032,0.762,2.032,2.032,3.8608,3.8608,3,30,1
0.762,0.2032,454.63,0.762,2.032,449.24,32,30,5.39,2.54,1.143,0.762,0.2032,2.7178,3.175,2.7178,3,10,0
0.762,0.2032,449.45,1.0668,2.032,463.62,32,31,-14.17,1.6764,0.2032,1.0668,2.032,1.4224,2.9464,2.9464,3,10,1
1.6764,0.7112,459.92,1.0668,2.032,457.02,32,31,2.9,0.762,2.54,1.6764,0.7112,3.2512,0.8128,3.2512,3,20,0
1.6764,0.7112,456.01,0.762,0.2032,463.73,32,31,-7.72,0.762,2.54,0.762,0.2032,3.2512,2.9464,2.9464,3,10,1
1.0668,0.7112,466.93,0.762,0.2032,457.33,33,31,9.6,0.762,2.032,1.0668,0.7112,3.2512,2.9464,3.2512,3,20,0
1.0668,0.7112,461.49,2.54,0.762,469.98,32,31,-8.49,1.6764,2.54,2.54,0.762,2.9464,2.6416,2.6416,3,30,1
0.2032,1.6002,469.52,2.54,0.762,463.58,32,31,5.94,1.9812,2.032,0.2032,1.6002,2.7178,2.3368,2.7178,2,20,0
0.2032,1.6002,467.03,1.9812,0.7112,467.75,32,31,-0.72,2.54,1.143,1.9812,0.7112,2.794,1.4986,1.4986,3,30,1
0.762,2.032,470.74,1.9812,0.7112,464.04,33,31,6.7,0.4572,2.54,0.762,2.032,0.8128,3.8608,0.8128,3,10,0
0.762,2.032,464.79,1.0668,0.7112,469.33,32,32,-4.54,0.2032,0.762,1.0668,0.7112,2.3368,1.4224,1.4224,1,20,1
0.2032,1.6002,477.89,1.0668,0.7112,463.58,33,31,14.31,1.9812,0.2032,0.2032,1.6002,3.175,1.4224,3.175,2,10,0
0.2032,1.6002,471.49,0.2032,1.6002,466.28,32,31,5.21,0.762,0.7112,0.2032,1.6002,1.9558,1.9558,1.9558,2,20,1
0.2032,1.6002,466.97,2.286,2.54,480.45,32,32,-13.48,0.2032,0.762,2.286,2.54,1.3462,3.8608,3.8608,1,30,1
0.2032,1.9812,475.15,2.286,2.54,469.17,32,31,5.98,1.9812,0.7112,0.2032,1.9812,3.556,2.6416,3.556,2,30,0
0.2032,1.9812,472.97,0.2032,1.6002,479.84,32,32,-6.87,1.6764,2.54,0.2032,1.6002,2.032,2.413,2.413,2,20,1
0.2032,1.6002,480.49,0.2032,1.6002,470.54,33,31,9.95,1.0668,2.032,0.2032,1.6002,1.8034,1.8034,1.8034,2,30,0
0.2032,1.6002,468.14,2.54,1.6002,479.43,32,32,-11.29,0.2032,1.143,2.54,1.6002,0.9652,2.794,2.794,1,20,1
0.2032,1.6002,481.25,2.54,1.6002,473.74,33,31,7.51,1.0668,0.2032,0.2032,1.6002,2.2606,2.8702,2.2606,2,20,0
0.2032,1.6002,473.63,1.0668,2.54,480.24,33,31,-6.61,0.2032,1.143,1.0668,2.54,0.9652,2.2606,2.2606,1,20,1
1.9812,0.2032,480.54,1.0668,2.54,476.84,33,31,3.7,0.2032,1.143,1.9812,0.2032,2.7178,2.2606,2.7178,1,10,0
1.9812,0.2032,475.77,0.762,2.54,489.7,33,32,-13.93,0.2032,0.762,0.762,2.54,2.3368,2.3368,2.3368,1,20,1
0.762,2.032,483.95,0.762,2.54,480.2,33,32,3.75,0.2032,1.143,0.762,2.032,1.9558,1.9558,1.9558,1,30,0
0.762,2.032,476.84,1.9812,2.032,492.8,33,32,-15.96,1.6764,0.2032,1.9812,2.032,3.2512,3.2512,3.2512,3,30,1
0.4572,0.2032,483.29,1.9812,2.032,489.09,33,32,-5.8,0.2032,0.762,0.4572,0.2032,0.8128,3.556,0.8128,1,20,0
0.2032,1.6002,494.47,1.9812,2.032,479.49,34,32,14.98,1.6764,0.7112,0.2032,1.6002,2.8702,3.2512,2.8702,2,30,0
0.2032,1.6002,483.64,2.54,1.143,493.0,33,32,-9.36,0.2032,1.143,2.54,1.143,0.9652,2.3368,2.3368,1,30,1
0.4572,2.54,492.94,2.54,1.143,481.72,34,31,11.22,0.2032,0.762,0.4572,2.54,2.032,2.7178,2.032,1,10,0
0.4572,2.54,483.64,1.0668,2.032,495.75,33,32,-12.11,1.0668,0.7112,1.0668,2.032,2.9464,2.9464,2.9464,3,10,1
0.2032,1.6002,494.32,1.0668,2.032,488.43,34,32,5.89,1.6764,2.032,0.2032,1.6002,2.413,1.1176,2.413,2,10,0
0.2032,1.6002,484.71,0.2032,1.6002,500.67,33,32,-15.96,2.54,0.762,0.2032,1.6002,3.175,3.175,3.175,2,10,1
1.9812,0.2032,495.08,0.2032,1.6002,495.74,34,32,-0.66,0.2032,0.762,1.9812,0.2032,2.3368,1.3462,2.3368,1,30,0
1.9812,0.2032,485.63,0.2032,1.6002,501.02,33,32,-15.39,1.0668,2.032,0.2032,1.6002,3.2512,1.8034,1.8034,2,20,1
0.2032,1.9812,496.31,0.2032,1.6002,498.33,34,32,-2.02,0.762,0.2032,0.2032,1.9812,2.3368,1.9558,2.3368,2,20,0
0.2032,1.9812,488.07,1.6764,2.032,502.08,33,32,-14.01,0.2032,0.762,1.6764,2.032,1.7272,3.2512,3.2512,1,30,1
1.6764,2.54,501.34,1.6764,2.032,498.01,34,32,3.33,0.2032,0.762,1.6764,2.54,3.2512,3.2512,3.2512,1,10,0
1.6764,2.54,489.6,1.0668,2.54,502.38,33,32,-12.78,2.54,1.6002,1.0668,2.54,1.8034,2.413,2.413,3,10,1
1.0668,2.54,504.29,1.0668,2.54,500.15,34,32,4.14,0.2032,0.762,1.0668,2.54,2.6416,2.6416,2.6416,1,20,0
1.0668,2.54,494.94,1.6764,2.032,510.31,33,32,-15.37,0.2032,0.762,1.6764,2.032,2.6416,3.2512,3.2512,1,30,1
0.762,2.032,507.39,1.6764,2.032,505.69,34,32,1.7,0.2032,0.762,0.762,2.032,2.3368,3.2512,2.3368,1,20,0
1.6764,0.2032,514.2,1.6764,2.032,498.32,34,32,15.88,0.2032,1.143,1.6764,0.2032,2.413,2.8702,2.413,1,20,0
1.6764,0.2032,511.35,2.54,1.6002,509.81,34,32,1.54,0.2032,1.143,2.54,1.6002,2.413,2.794,2.794,1,20,1
1.9812,0.7112,518.32,2.54,1.6002,505.49,35,32,12.83,0.2032,0.762,1.9812,0.7112,2.3368,3.175,2.3368,1,30,0
1.9812,0.7112,511.81,0.2032,1.9812,511.99,34,32,-0.18,1.9812,0.7112,0.2032,1.9812,0.0,3.556,3.556,2,10,1
0.762,2.032,521.37,0.2032,1.9812,509.3,35,32,12.07,0.2032,1.143,0.762,2.032,1.9558,1.3462,1.9558,1,30,0
0.762,2.032,515.53,1.0668,0.7112,514.59,34,33,0.94,0.2032,0.762,1.0668,0.7112,2.3368,1.4224,1.4224,1,20,1
0.2032,1.6002,524.42,1.0668,0.7112,507.88,35,32,16.54,1.9812,2.54,0.2032,1.6002,2.7178,3.2512,2.7178,2,30,0
0.2032,1.6002,516.34,2.54,0.762,515.51,34,33,0.83,1.0668,0.2032,2.54,0.762,2.2606,2.032,2.032,3,10,1
0.2032,1.6002,513.34,2.54,0.762,523.69,34,33,-10.35,0.2032,0.762,2.54,0.762,1.3462,2.9464,2.9464,1,10,1
1.0668,2.032,516.95,2.54,0.762,519.07,35,33,-2.12,0.762,2.032,1.0668,2.032,0.8128,3.556,0.8128,3,10,0
1.6764,2.54,521.37,2.54,0.762,512.46,35,33,8.91,2.286,2.54,1.6764,2.54,1.1176,2.032,1.1176,3,30,0
1.6764,2.54,515.12,2.54,1.9812,524.0,35,33,-8.88,0.2032,1.143,2.54,1.9812,2.8702,3.175,3.175,1,20,1
0.2032,1.6002,523.3,2.54,1.9812,518.26,35,33,5.04,2.286,2.54,0.2032,1.6002,3.0226,0.8128,3.0226,2,20,0
0.2032,1.6002,516.34,0.2032,1.6002,525.53,35,34,-9.19,1.6764,2.032,0.2032,1.6002,2.413,2.413,2.413,2,30,1
2.54,0.762,522.54,0.2032,1.6002,518.16,35,33,4.38,2.54,1.143,2.54,0.762,0.889,2.794,0.889,3,10,0
2.54,0.762,516.19,1.9812,2.54,525.68,35,34,-9.49,0.2032,1.143,1.9812,2.54,2.7178,3.175,3.175,1,30,1
1.6764,2.032,528.49,1.9812,2.54,519.58,35,33,8.91,0.2032,0.762,1.6764,2.032,3.2512,3.556,3.2512,1,10,0
1.6764,2.032,524.58,1.6764,0.2032,526.74,35,34,-2.16,2.54,1.143,1.6764,0.2032,2.2606,1.8034,1.8034,3,10,1
1.6764,2.032,516.2,0.2032,1.9812,533.71,35,34,-17.51,2.286,0.2032,0.2032,1.9812,2.9464,3.8608,3.8608,2,30,1
0.2032,1.6002,522.04,0.2032,1.9812,530.15,35,34,-8.11,0.762,2.032,0.2032,1.6002,1.4986,1.1176,1.4986,2,10,0
0.4572,2.54,532.3,0.2032,1.9812,523.85,36,34,8.45,2.286,2.54,0.4572,2.54,2.3368,2.6416,2.3368,3,30,0
0.4572,2.54,526.0,0.2032,1.6002,526.54,35,34,-0.54,0.4572,2.54,0.2032,1.6002,0.0,1.1938,1.1938,2,20,1
1.0668,0.7112,532.46,0.2032,1.6002,521.76,36,34,10.7,0.2032,1.143,1.0668,0.7112,1.8034,0.9652,1.8034,1,30,0
1.0668,0.7112,526.61,1.6764,0.2032,530.81,35,35,-4.2,0.762,2.032,1.6764,0.2032,3.2512,3.2512,3.2512,3,20,1
1.0668,0.7112,532.75,1.6764,0.2032,524.25,36,34,8.5,0.2032,1.143,1.0668,0.7112,1.8034,2.413,1.8034,1,30,0
1.0668,0.7112,526.96,0.2032,1.6002,534.47,35,35,-7.51,1.0668,2.54,0.2032,1.6002,2.9464,1.8034,1.8034,2,20,1
1.9812,0.7112,539.92,0.2032,1.6002,527.46,36,35,12.46,1.0668,2.032,1.9812,0.7112,3.2512,1.8034,3.2512,3,20,0
1.9812,0.7112,529.25,2.286,0.2032,538.33,35,35,-9.08,2.286,2.54,2.286,0.2032,2.6416,2.3368,2.3368,3,30,1
0.2032,1.9812,542.73,2.286,0.2032,533.41,36,35,9.32,1.6764,2.54,0.2032,1.9812,2.032,2.9464,2.032,2,30,0
0.2032,1.9812,539.32,0.2032,1.6002,535.95,36,35,3.37,1.9812,0.2032,0.2032,1.6002,3.556,3.175,3.175,2,30,1
0.2032,1.6002,549.79,0.2032,1.6002,532.7,37,35,17.09,1.9812,0.7112,0.2032,1.6002,3.175,3.175,3.175,2,30,0
0.2032,1.6002,543.18,0.2032,1.9812,543.88,36,36,-0.7,1.6764,2.032,0.2032,1.9812,2.413,2.032,2.032,2,20,1
0.2032,1.6002,537.34,1.6764,2.032,549.32,36,37,-11.98,0.2032,1.143,1.6764,2.032,0.9652,2.8702,2.8702,1,10,1
1.6764,0.2032,542.17,1.6764,2.032,542.86,36,36,-0.69,0.2032,0.762,1.6764,0.2032,2.032,3.2512,2.032,1,10,0
0.2032,1.9812,550.91,1.6764,2.032,538.08,37,36,12.83,0.4572,0.2032,0.2032,1.9812,2.032,3.556,2.032,2,20,0
0.2032,1.9812,545.07,0.4572,0.2032,545.81,37,37,-0.74,0.2032,0.762,0.4572,0.2032,1.7272,0.8128,0.8128,1,20,1
0.2032,1.9812,537.29,1.6764,0.7112,549.16,36,37,-11.87,0.762,0.2032,1.6764,0.7112,2.3368,1.4224,1.4224,3,20,1
0.762,2.032,544.51,1.6764,0.7112,542.76,37,37,1.75,0.2032,1.143,0.762,2.032,1.9558,2.413,1.9558,1,30,0
2.286,0.2032,553.41,1.6764,0.7112,536.76,38,36,16.65,1.9812,2.54,2.286,0.2032,2.6416,3.2512,2.6416,3,10,0
2.286,0.2032,545.63,0.762,0.7112,543.06,37,37,2.57,0.2032,0.762,0.762,0.7112,2.6416,1.1176,1.1176,1,30,1
2.286,0.2032,540.24,0.762,2.54,553.84,37,38,-13.6,2.54,0.762,0.762,2.54,0.8128,3.556,3.556,3,10,1
1.9812,0.2032,552.8,0.762,2.54,547.79,38,37,5.01,1.6764,2.032,1.9812,0.2032,3.2512,1.4224,3.2512,3,10,0
1.9812,0.2032,545.59,0.2032,1.6002,550.02,37,37,-4.43,1.0668,2.54,0.2032,1.6002,3.2512,1.8034,1.8034,2,10,1
2.54,0.762,552.65,0.2032,1.6002,545.34,37,37,7.31,0.2032,0.762,2.54,0.762,2.9464,1.3462,2.9464,1,10,0
2.54,0.762,549.55,0.2032,1.9812,555.96,37,37,-6.41,2.54,0.762,0.2032,1.9812,0.0,3.556,3.556,2,20,1
0.2032,1.6002,560.43,0.2032,1.9812,554.33,38,37,6.1,2.54,1.9812,0.2032,1.6002,2.7178,2.9464,2.7178,2,10,0
0.2032,1.6002,551.59,1.0668,2.032,557.63,38,37,-6.04,0.2032,1.143,1.0668,2.032,0.9652,2.2606,2.2606,1,30,1
1.6764,2.032,563.68,1.0668,2.032,554.94,38,37,8.74,2.286,0.2032,1.6764,2.032,2.9464,3.556,2.9464,3,30,0
1.6764,2.032,560.58,1.0668,2.032,563.89,38,38,-3.31,1.0668,0.2032,1.0668,2.032,2.9464,2.9464,2.9464,3,30,1
2.286,2.54,571.96,1.0668,2.032,557.89,39,37,14.07,0.2032,0.762,2.286,2.54,3.8608,2.6416,3.8608,1,10,0
2.286,2.54,565.35,2.286,2.54,570.14,38,38,-4.79,0.2032,1.143,2.286,2.54,3.4798,3.4798,3.4798,1,20,1
1.9812,2.54,570.13,2.286,2.54,562.92,39,37,7.21,2.54,1.6002,1.9812,2.54,1.4986,1.1938,1.4986,3,10,0
1.9812,2.54,563.83,2.54,1.6002,577.15,38,38,-13.32,0.2032,0.762,2.54,1.6002,3.556,3.175,3.175,1,10,1
1.0668,2.032,575.16,2.54,1.6002,569.47,39,37,5.69,0.2032,0.762,1.0668,2.032,2.6416,3.175,2.6416,1,30,0
1.0668,2.032,569.47,1.6764,2.54,575.01,38,38,-5.54,2.286,2.54,1.6764,2.54,1.7272,1.1176,1.1176,3,10,1
1.0668,2.032,577.75,1.6764,2.54,564.49,39,37,13.26,0.2032,1.143,1.0668,2.032,2.2606,2.8702,2.2606,1,30,0
1.0668,2.032,571.14,1.0668,0.7112,575.82,38,38,-4.68,0.2032,1.143,1.0668,0.7112,2.2606,1.8034,1.8034,1,20,1
1.0668,2.032,566.21,0.2032,1.9812,585.33,38,39,-19.12,1.9812,0.2032,0.2032,1.9812,3.2512,3.556,3.556,2,30,1
0.2032,1.6002,571.49,0.2032,1.9812,579.34,38,38,-7.85,0.4572,0.2032,0.2032,1.6002,1.651,2.032,1.651,2,30,0
1.0668,2.54,582.07,0.2032,1.9812,573.34,39,38,8.73,0.2032,0.762,1.0668,2.54,2.6416,1.7272,2.6416,1,30,0
1.0668,2.54,573.17,0.4572,2.54,584.42,38,39,-11.25,2.54,1.9812,0.4572,2.54,2.032,2.6416,2.6416,3,30,1
0.2032,1.6002,582.78,0.4572,2.54,578.02,39,38,4.76,1.6764,2.54,0.2032,1.6002,2.413,1.7272,2.413,2,10,0
0.2032,1.6002,576.38,0.2032,1.9812,582.75,39,39,-6.37,1.0668,2.032,0.2032,1.9812,1.8034,1.4224,1.4224,2,10,1
0.2032,1.6002,587.09,0.2032,1.9812,577.42,39,39,9.67,1.6764,0.7112,0.2032,1.6002,2.8702,3.2512,2.8702,2,30,0
0.2032,1.6002,581.55,1.9812,0.2032,585.7,39,39,-4.15,0.2032,1.143,1.9812,0.2032,0.9652,2.7178,2.7178,1,20,1
1.0668,0.7112,586.18,1.9812,0.2032,581.38,39,39,4.8,0.2032,0.762,1.0668,0.7112,1.4224,2.3368,1.4224,1,10,0
1.0668,0.7112,580.34,1.0668,2.54,583.01,39,39,-2.67,1.9812,0.7112,1.0668,2.54,1.4224,3.2512,3.2512,3,10,1
0.2032,1.6002,589.43,1.0668,2.54,579.61,39,39,9.82,2.286,0.2032,0.2032,1.6002,3.4798,3.556,3.4798,2,30,0
0.2032,1.6002,586.73,0.2032,1.9812,596.12,39,40,-9.39,2.54,0.762,0.2032,1.9812,3.175,3.556,3.556,2,10,1
2.286,0.2032,590.04,0.2032,1.9812,583.77,39,39,6.27,0.2032,1.143,2.286,0.2032,3.0226,1.3462,3.0226,1,10,0
2.286,0.2032,586.58,1.0668,0.2032,592.97,39,40,-6.39,0.2032,0.762,1.0668,0.2032,2.6416,1.4224,1.4224,1,30,1
0.2032,1.9812,594.16,1.0668,0.2032,587.13,40,40,7.03,0.762,0.7112,0.2032,1.9812,2.3368,0.8128,2.3368,2,10,0
0.2032,1.9812,588.46,0.2032,1.9812,599.08,39,40,-10.62,2.286,2.54,0.2032,1.9812,2.6416,2.6416,2.6416,2,10,1
0.2032,1.9812,598.58,0.2032,1.9812,593.39,40,40,5.19,2.286,2.54,0.2032,1.9812,2.6416,2.6416,2.6416,2,20,0
0.2032,1.9812,591.26,0.2032,1.6002,603.4,39,40,-12.14,2.54,1.9812,0.2032,1.6002,2.9464,2.7178,2.7178,2,10,1
0.762,0.2032,599.54,0.2032,1.6002,599.8,40,40,-0.26,0.2032,1.143,0.762,0.2032,1.4986,0.9652,1.4986,1,20,0
0.762,0.2032,592.17,0.4572,2.54,600.2,40,40,-8.03,0.2032,1.143,0.4572,2.54,1.4986,1.651,1.651,1,10,1
1.6764,2.54,597.66,0.4572,2.54,597.1,40,40,0.56,0.762,0.2032,1.6764,2.54,3.2512,2.6416,3.2512,3,10,0
1.6764,2.54,592.37,1.6764,2.54,606.44,40,41,-14.07,0.2032,1.143,1.6764,2.54,2.8702,2.8702,2.8702,1,10,1
1.9812,2.032,595.07,1.6764,2.54,597.45,41,40,-2.38,1.6764,2.032,1.9812,2.032,0.8128,0.508,0.8128,3,30,0
0.762,0.2032,603.96,1.6764,2.54,594.04,41,40,9.92,0.2032,0.762,0.762,0.2032,1.1176,3.2512,1.1176,1,20,0
0.762,0.2032,598.27,0.2032,1.6002,603.7,41,41,-5.43,1.0668,0.7112,0.2032,1.6002,0.8128,2.2606,2.2606,2,10,1
1.0668,2.032,604.47,0.2032,1.6002,596.53,41,40,7.94,0.2032,0.762,1.0668,2.032,2.6416,1.3462,2.6416,1,20,0
1.0668,2.032,600.4,1.0668,0.7112,604.16,41,41,-3.76,0.2032,1.143,1.0668,0.7112,2.2606,1.8034,1.8034,1,30,1
0.2032,1.9812,599.59,1.0668,0.7112,597.15,41,41,2.44,0.762,2.54,0.2032,1.9812,1.1176,3.2512,1.1176,2,10,0
0.2032,1.9812,596.49,1.0668,2.032,603.91,41,41,-7.42,0.2032,1.143,1.0668,2.032,1.3462,2.2606,2.2606,1,10,1
1.0668,0.2032,606.15,1.0668,2.032,597.61,42,41,8.54,1.9812,2.54,1.0668,0.2032,3.2512,1.4224,3.2512,3,20,0
1.0668,0.2032,600.3,2.54,1.143,607.05,41,41,-6.75,0.2032,1.143,2.54,1.143,1.8034,2.3368,2.3368,1,10,1
0.2032,1.9812,605.13,2.54,1.143,600.5,42,41,4.63,1.0668,0.2032,0.2032,1.9812,2.6416,2.413,2.6416,2,30,0
0.2032,1.9812,597.81,2.54,0.762,610.76,41,41,-12.95,0.2032,0.762,2.54,0.762,1.7272,2.9464,2.9464,1,10,1
0.762,0.2032,606.51,2.54,0.762,604.31,42,41,2.2,0.2032,1.143,0.762,0.2032,1.4986,2.7178,1.4986,1,10,0
1.6764,0.7112,610.36,2.54,0.762,596.53,42,40,13.83,0.2032,1.143,1.6764,0.7112,2.413,2.7178,2.413,1,30,0
1.6764,0.7112,601.01,2.54,1.6002,606.89,41,41,-5.88,1.0668,0.2032,2.54,1.6002,1.1176,2.8702,2.8702,3,30,1
1.6764,2.032,612.91,2.54,1.6002,600.64,42,41,12.27,1.9812,0.7112,1.6764,2.032,3.2512,1.9558,3.2512,3,30,0
1.6764,2.032,606.2,0.2032,1.6002,609.68,42,41,-3.48,2.286,0.2032,0.2032,1.6002,2.9464,3.4798,3.4798,2,10,1
1.0668,2.032,609.9,0.2032,1.6002,603.84,42,41,6.06,1.9812,2.032,1.0668,2.032,1.4224,2.7178,1.4224,3,30,0
1.0668,2.032,605.74,1.9812,2.54,609.58,42,41,-3.84,0.4572,2.54,1.9812,2.54,1.1176,2.032,2.032,3,10,1
0.2032,1.6002,611.73,1.9812,2.54,604.14,42,41,7.59,1.9812,2.54,0.2032,1.6002,2.7178,0.0,2.7178,2,10,0
0.2032,1.6002,606.34,1.6764,2.54,614.91,42,41,-8.57,0.2032,0.762,1.6764,2.54,1.3462,3.2512,3.2512,1,10,1
0.2032,1.6002,614.22,1.6764,2.54,611.0,43,41,3.22,1.9812,2.032,0.2032,1.6002,2.7178,0.8128,2.7178,2,30,0
0.2032,1.6002,608.38,0.2032,1.6002,620.24,42,41,-11.86,1.9812,0.2032,0.2032,1.6002,3.175,3.175,3.175,2,10,1
0.2032,1.9812,612.39,0.2032,1.6002,618.0,43,41,-5.61,0.4572,2.54,0.2032,1.9812,0.8128,1.1938,0.8128,2,10,0
0.2032,1.9812,621.89,0.2032,1.6002,610.38,43,41,11.51,0.762,0.2032,0.2032,1.9812,2.3368,1.9558,2.3368,2,30,0
0.2032,1.9812,618.18,0.2032,1.9812,616.73,43,41,1.45,1.0668,2.032,0.2032,1.9812,1.4224,1.4224,1.4224,2,30,1
0.2032,1.9812,607.51,2.54,1.143,620.09,42,41,-12.58,0.2032,1.143,2.54,1.143,1.3462,2.3368,2.3368,1,20,1
0.2032,1.9812,618.34,2.54,1.143,617.09,43,41,1.25,0.4572,0.2032,0.2032,1.9812,2.032,3.0226,2.032,2,10,0
2.286,2.54,625.91,2.54,1.143,610.99,43,41,14.92,0.2032,0.762,2.286,2.54,3.8608,2.7178,3.8608,1,20,0
2.286,2.54,622.31,0.2032,1.9812,620.7,43,41,1.61,0.762,0.2032,0.2032,1.9812,3.8608,2.3368,2.3368,2,30,1
2.286,2.54,612.7,0.2032,1.6002,629.4,42,42,-16.7,0.762,0.7112,0.2032,1.6002,3.8608,1.9558,1.9558,2,20,1
0.2032,1.6002,625.55,0.2032,1.6002,619.79,43,41,5.76,1.6764,0.7112,0.2032,1.6002,2.8702,2.8702,2.8702,2,20,0
0.2032,1.6002,620.31,1.0668,0.7112,628.99,43,42,-8.68,0.2032,0.762,1.0668,0.7112,1.3462,1.4224,1.4224,1,30,1
0.4572,0.2032,622.25,1.0668,0.7112,621.17,43,42,1.08,0.2032,1.143,0.4572,0.2032,1.1938,1.8034,1.1938,1,20,0
0.4572,0.2032,616.86,1.6764,2.032,629.96,43,42,-13.1,0.2032,0.762,1.6764,2.032,0.8128,3.2512,3.2512,1,20,1
0.2032,1.9812,628.81,1.6764,2.032,624.21,44,42,4.6,2.54,1.6002,0.2032,1.9812,2.7178,1.8034,2.7178,2,10,0
0.2032,1.9812,622.81,1.9812,0.7112,633.16,43,42,-10.35,0.2032,0.762,1.9812,0.7112,1.7272,2.3368,2.3368,1,10,1
0.2032,1.9812,633.54,1.9812,0.7112,629.45,44,42,4.09,2.286,2.54,0.2032,1.9812,2.6416,2.6416,2.6416,2,30,0
0.2032,1.9812,628.81,1.0668,0.2032,634.69,44,43,-5.88,0.762,0.7112,1.0668,0.2032,2.3368,0.8128,0.8128,3,20,1
1.6764,0.2032,634.71,1.0668,0.2032,628.08,44,42,6.63,0.2032,1.143,1.6764,0.2032,2.413,1.8034,2.413,1,30,0
1.6764,0.2032,632.01,0.2032,1.6002,637.74,44,43,-5.73,0.762,2.032,0.2032,1.6002,3.2512,1.4986,1.4986,2,20,1
0.762,0.7112,634.25,0.2032,1.6002,630.42,44,42,3.83,0.2032,0.762,0.762,0.7112,1.1176,1.3462,1.1176,1,10,0
0.762,0.7112,630.79,1.6764,2.032,642.2,44,43,-11.41,0.2032,0.762,1.6764,2.032,1.1176,3.2512,3.2512,1,30,1
1.9812,2.54,636.08,1.6764,2.032,631.48,44,42,4.6,0.2032,1.143,1.9812,2.54,3.175,2.8702,3.175,1,20,0
1.9812,2.54,633.39,1.0668,2.032,647.64,44,43,-14.25,0.2032,0.762,1.0668,2.032,3.556,2.6416,2.6416,1,30,1
0.2032,1.6002,634.92,1.0668,2.032,638.8,44,42,-3.88,1.9812,2.54,0.2032,1.6002,2.7178,1.4224,2.7178,2,20,0
0.2032,1.9812,647.57,1.0668,2.032,634.74,45,42,12.83,1.9812,2.032,0.2032,1.9812,2.3368,1.4224,2.3368,2,20,0
0.2032,1.9812,640.41,0.2032,1.6002,642.91,45,42,-2.5,0.762,0.7112,0.2032,1.6002,2.3368,1.9558,1.9558,2,20,1
1.0668,2.032,647.62,0.2032,1.6002,638.23,45,42,9.39,0.2032,1.143,1.0668,2.032,2.2606,0.9652,2.2606,1,20,0
1.0668,2.032,643.6,1.6764,0.7112,643.98,45,43,-0.38,0.2032,1.143,1.6764,0.7112,2.2606,2.413,2.413,1,10,1
1.0668,2.032,634.61,0.2032,1.6002,652.56,45,43,-17.95,2.286,0.2032,0.2032,1.6002,3.556,3.4798,3.4798,2,20,1
0.762,0.2032,644.72,0.2032,1.6002,646.11,45,43,-1.39,2.286,0.2032,0.762,0.2032,2.032,3.4798,2.032,3,20,0
2.54,0.762,652.09,0.2032,1.6002,640.42,46,42,11.67,2.54,1.143,2.54,0.762,0.889,2.794,0.889,3,30,0
2.54,0.762,644.92,1.6764,2.54,650.68,45,43,-5.76,0.2032,0.762,1.6764,2.54,2.9464,3.2512,3.2512,1,10,1
0.2032,1.9812,656.82,1.6764,2.54,643.67,46,43,13.15,1.6764,0.7112,0.2032,1.9812,3.2512,2.9464,3.2512,2,30,0
0.2032,1.9812,648.89,0.2032,1.9812,647.38,46,43,1.51,0.762,2.032,0.2032,1.9812,1.1176,1.1176,1.1176,2,10,1
0.2032,1.9812,642.13,1.0668,0.2032,653.08,45,44,-10.95,0.2032,1.143,1.0668,0.2032,1.3462,1.8034,1.8034,1,20,1
0.2032,1.9812,654.99,1.0668,0.2032,647.23,46,43,7.76,1.0668,0.2032,0.2032,1.9812,2.6416,0.0,2.6416,2,30,0
0.2032,1.9812,643.1,2.54,1.6002,657.03,45,44,-13.93,0.2032,0.762,2.54,1.6002,1.7272,3.175,3.175,1,20,1
1.9812,0.2032,653.83,2.54,1.6002,649.26,46,44,4.57,0.2032,1.143,1.9812,0.2032,2.7178,2.794,2.7178,1,10,0
1.9812,0.2032,647.22,2.54,0.762,661.04,46,44,-13.82,0.2032,0.762,2.54,0.762,2.3368,2.9464,2.9464,1,10,1
0.2032,1.9812,655.87,2.54,0.762,655.35,47,44,0.52,0.762,2.032,0.2032,1.9812,1.1176,3.556,1.1176,2,20,0
0.2032,1.9812,649.98,0.2032,1.9812,660.03,46,44,-10.05,2.54,1.6002,0.2032,1.9812,2.7178,2.7178,2.7178,2,20,1
0.2032,1.6002,657.09,0.2032,1.9812,657.24,46,44,-0.15,1.9812,2.032,0.2032,1.6002,2.7178,2.3368,2.7178,2,20,0
1.9812,2.032,667.35,0.2032,1.9812,652.31,47,44,15.04,0.2032,1.143,1.9812,2.032,3.175,1.3462,3.175,1,20,0
1.9812,2.032,664.25,0.762,2.032,655.77,47,45,8.48,1.0668,2.54,0.762,2.032,1.4224,0.8128,0.8128,3,10,1
1.9812,2.032,652.97,0.2032,1.6002,663.85,46,45,-10.88,0.762,0.7112,0.2032,1.6002,3.556,1.9558,1.9558,2,10,1
1.9812,0.7112,666.75,0.2032,1.6002,655.61,47,44,11.14,0.2032,1.143,1.9812,0.7112,2.7178,0.9652,2.7178,1,10,0
1.9812,0.7112,660.45,1.9812,0.2032,665.57,47,45,-5.12,0.762,0.7112,1.9812,0.2032,1.7272,1.7272,1.7272,3,30,1
0.2032,1.9812,670.57,1.9812,0.2032,658.36,47,45,12.21,1.9812,2.032,0.2032,1.9812,2.3368,2.9464,2.3368,2,30,0
0.2032,1.9812,666.4,0.2032,1.9812,669.08,47,45,-2.68,1.6764,2.54,0.2032,1.9812,2.032,2.032,2.032,2,10,1
1.0668,2.032,671.84,0.2032,1.9812,662.62,47,45,9.22,0.2032,0.762,1.0668,2.032,2.6416,1.7272,2.6416,1,10,0
1.0668,2.032,669.14,1.9812,0.7112,669.59,47,45,-0.45,1.0668,2.54,1.9812,0.7112,0.508,3.2512,3.2512,3,30,1
1.0668,0.7112,673.21,1.9812,0.7112,665.42,47,45,7.79,1.9812,2.54,1.0668,0.7112,3.2512,2.9464,3.2512,3,10,0
1.0668,0.7112,670.98,0.4572,2.54,674.32,47,46,-3.34,0.2032,1.143,0.4572,2.54,1.8034,1.651,1.651,1,30,1
0.2032,1.9812,681.45,0.4572,2.54,667.15,48,45,14.3,1.9812,0.7112,0.2032,1.9812,3.556,3.8608,3.556,2,20,0
0.2032,1.9812,674.69,1.9812,2.54,680.56,47,46,-5.87,0.2032,1.143,1.9812,2.54,1.3462,3.175,3.175,1,30,1
0.2032,1.9812,670.37,0.2032,1.6002,689.96,47,46,-19.59,2.286,0.2032,0.2032,1.6002,3.8608,3.4798,3.4798,2,20,1
1.9812,0.2032,676.27,0.2032,1.6002,687.27,48,46,-11.0,0.2032,0.762,1.9812,0.2032,2.3368,1.3462,2.3368,1,20,0
0.2032,1.6002,687.39,0.2032,1.6002,675.83,48,45,11.56,1.6764,2.54,0.2032,1.6002,2.413,2.413,2.413,2,30,0
0.2032,1.6002,678.55,0.2032,1.6002,688.63,47,46,-10.08,0.762,0.7112,0.2032,1.6002,1.9558,1.9558,1.9558,2,30,1
1.0668,2.54,689.08,0.2032,1.6002,679.13,48,46,9.95,0.2032,0.762,1.0668,2.54,2.6416,1.3462,2.6416,1,30,0
1.0668,2.54,683.29,0.762,2.032,685.49,48,46,-2.2,0.2032,1.143,0.762,2.032,2.2606,1.9558,1.9558,1,20,1
0.2032,1.9812,689.64,0.762,2.032,681.47,48,46,8.17,1.9812,2.54,0.2032,1.9812,2.3368,1.7272,2.3368,2,10,0
0.2032,1.9812,684.2,2.54,1.143,685.95,48,47,-1.75,0.2032,1.143,2.54,1.143,1.3462,2.3368,2.3368,1,10,1
0.2032,1.6002,690.55,2.54,1.143,679.49,48,46,11.06,1.6764,2.54,0.2032,1.6002,2.413,2.2606,2.413,2,30,0
0.2032,1.6002,686.48,0.762,0.2032,687.67,48,46,-1.19,1.9812,2.54,0.762,0.2032,2.7178,3.556,3.556,3,20,1
2.286,0.2032,689.79,0.762,0.2032,684.26,48,46,5.53,0.2032,0.762,2.286,0.2032,2.6416,1.1176,2.6416,1,20,0
2.286,0.2032,685.62,2.286,0.2032,694.07,48,47,-8.45,0.2032,0.762,2.286,0.2032,2.6416,2.6416,2.6416,1,10,1
0.2032,1.9812,695.74,2.286,0.2032,682.79,49,46,12.95,0.762,2.032,0.2032,1.9812,1.1176,3.8608,1.1176,2,20,0
0.2032,1.9812,689.18,0.2032,1.6002,691.99,48,47,-2.81,2.54,1.6002,0.2032,1.6002,2.7178,2.3368,2.3368,2,30,1
1.0668,2.54,697.72,0.2032,1.6002,686.61,49,47,11.11,0.2032,0.762,1.0668,2.54,2.6416,1.3462,2.6416,1,30,0
1.0668,2.54,692.23,0.2032,1.9812,694.33,48,47,-2.1,1.6764,2.54,0.2032,1.9812,1.1176,2.032,2.032,2,20,1
0.2032,1.9812,701.48,0.2032,1.9812,688.89,49,47,12.59,2.54,1.6002,0.2032,1.9812,2.7178,2.7178,2.7178,2,10,0
0.2032,1.9812,694.98,0.762,2.032,697.33,48,47,-2.35,2.286,2.54,0.762,2.032,2.6416,2.032,2.032,3,20,1
2.54,1.143,700.72,0.762,2.032,690.73,48,47,9.99,0.2032,1.143,2.54,1.143,2.3368,1.9558,2.3368,1,30,0
2.54,1.143,696.7,1.0668,0.2032,699.37,48,47,-2.67,1.9812,2.032,1.0668,0.2032,1.9558,3.2512,3.2512,3,20,1
0.2032,1.9812,704.69,1.0668,0.2032,694.6,49,47,10.09,1.9812,2.54,0.2032,1.9812,2.3368,3.2512,2.3368,2,20,0
0.2032,1.9812,697.72,0.2032,1.6002,698.66,48,48,-0.94,1.0668,0.2032,0.2032,1.6002,2.6416,2.2606,2.2606,2,20,1
2.54,1.143,706.06,0.2032,1.6002,692.05,49,47,14.01,0.2032,0.762,2.54,1.143,2.7178,1.3462,2.7178,1,20,0
2.54,1.143,699.71,0.2032,1.9812,704.91,48,48,-5.2,1.9812,0.7112,0.2032,1.9812,1.4986,3.556,3.556,2,20,1
1.6764,2.032,709.41,0.2032,1.9812,699.06,48,47,10.35,0.2032,0.762,1.6764,2.032,3.2512,1.7272,3.2512,1,20,0
1.6764,2.032,705.24,1.6764,0.7112,707.35,48,48,-2.11,1.9812,0.2032,1.6764,0.7112,3.2512,0.8128,0.8128,3,20,1
1.6764,2.032,698.63,0.2032,1.6002,713.66,48,48,-15.03,1.0668,0.2032,0.2032,1.6002,2.9464,2.2606,2.2606,2,10,1
1.0668,2.54,708.49,0.2032,1.6002,710.25,48,48,-1.76,0.2032,1.143,1.0668,2.54,2.2606,0.9652,2.2606,1,30,0
1.0668,2.54,703.16,0.2032,1.9812,712.03,48,48,-8.87,1.0668,2.032,0.2032,1.9812,0.508,1.4224,1.4224,2,30,1
0.2032,1.9812,706.56,0.2032,1.9812,707.1,48,48,-0.54,0.4572,2.54,0.2032,1.9812,0.8128,0.8128,0.8128,2,10,0
2.54,0.762,715.46,0.2032,1.9812,701.26,49,48,14.2,1.0668,0.2032,2.54,0.762,2.032,2.6416,2.032,3,20,0
2.54,0.762,709.62,0.2032,1.9812,710.05,48,48,-0.43,1.9812,2.032,0.2032,1.9812,2.3368,2.3368,2.3368,2,10,1
2.54,0.762,704.23,1.9812,0.2032,720.12,48,49,-15.89,0.2032,1.143,1.9812,0.2032,2.7178,2.7178,2.7178,1,30,1
0.2032,1.9812,711.75,1.9812,0.2032,708.38,48,48,3.37,1.6764,2.54,0.2032,1.9812,2.032,3.2512,2.032,2,10,0
0.2032,1.9812,705.91,1.6764,0.7112,714.94,48,49,-9.03,2.286,0.2032,1.6764,0.7112,3.8608,1.1176,1.1176,3,20,1
1.0668,0.7112,710.43,1.6764,0.7112,709.15,48,49,1.28,1.0668,0.2032,1.0668,0.7112,0.508,1.1176,0.508,3,10,0
1.0668,0.7112,705.3,1.0668,0.2032,720.98,48,49,-15.68,0.4572,2.54,1.0668,0.2032,2.9464,2.9464,2.9464,3,20,1
0.2032,1.6002,715.25,1.0668,0.2032,715.09,48,49,0.16,2.54,1.143,0.2032,1.6002,2.794,2.413,2.794,2,30,0
0.2032,1.6002,724.15,1.0668,0.2032,708.53,49,48,15.62,2.54,1.6002,0.2032,1.6002,2.3368,2.8702,2.3368,2,30,0
0.2032,1.6002,717.44,0.2032,1.6002,718.65,48,49,-1.21,1.6764,2.54,0.2032,1.6002,2.413,2.413,2.413,2,30,1
0.2032,1.6002,724.0,0.2032,1.6002,712.96,49,49,11.04,0.762,2.54,0.2032,1.6002,1.4986,1.4986,1.4986,2,30,0
0.2032,1.6002,717.9,0.2032,1.6002,719.46,49,49,-1.56,0.762,0.2032,0.2032,1.6002,1.9558,1.9558,1.9558,2,10,1
2.54,1.6002,724.81,0.2032,1.6002,714.08,49,49,10.73,0.2032,1.143,2.54,1.6002,2.794,0.9652,2.794,1,10,0
2.54,1.6002,716.07,2.54,0.762,721.6,48,50,-5.53,0.2032,1.143,2.54,0.762,2.794,2.7178,2.7178,1,10,1
2.54,0.762,729.53,2.54,0.762,713.98,49,49,15.55,0.2032,1.143,2.54,0.762,2.7178,2.7178,2.7178,1,20,0
2.54,0.762,722.92,2.54,1.9812,728.16,49,50,-5.24,0.2032,1.143,2.54,1.9812,2.7178,3.175,3.175,1,20,1
1.0668,0.2032,731.51,2.54,1.9812,719.32,49,49,12.19,0.2032,1.143,1.0668,0.2032,1.8034,3.175,1.8034,1,10,0
1.0668,0.2032,725.21,2.54,0.762,734.41,49,50,-9.2,0.762,0.7112,2.54,0.762,0.8128,2.3368,2.3368,3,10,1
1.6764,2.54,734.0,2.54,0.762,723.74,49,49,10.26,2.286,0.2032,1.6764,2.54,2.9464,0.8128,2.9464,3,20,0
1.6764,2.54,730.54,0.2032,1.9812,734.77,49,50,-4.23,0.4572,0.2032,0.2032,1.9812,3.556,2.032,2.032,2,10,1
0.2032,1.9812,735.22,0.2032,1.9812,728.16,50,50,7.06,2.286,2.54,0.2032,1.9812,2.6416,2.6416,2.6416,2,20,0
0.2032,1.9812,729.23,0.4572,0.2032,732.79,49,50,-3.56,0.2032,0.762,0.4572,0.2032,1.7272,0.8128,0.8128,1,30,1
1.6764,2.032,738.88,0.4572,0.2032,729.38,50,50,9.5,0.2032,1.143,1.6764,2.032,2.8702,1.1938,2.8702,1,10,0
1.6764,2.032,732.48,0.2032,1.6002,737.1,50,50,-4.62,2.54,0.762,0.2032,1.6002,2.6416,3.175,3.175,2,10,1
0.2032,1.9812,743.61,0.2032,1.6002,734.4,50,50,9.21,1.6764,0.2032,0.2032,1.9812,3.2512,2.8702,3.2512,2,30,0
0.2032,1.9812,735.22,0.2032,1.9812,735.06,49,50,0.16,0.4572,2.54,0.2032,1.9812,0.8128,0.8128,0.8128,2,20,1
0.2032,1.9812,730.59,1.9812,0.2032,742.58,49,51,-11.99,0.2032,0.762,1.9812,0.2032,1.7272,2.3368,2.3368,1,30,1
0.2032,1.6002,740.55,1.9812,0.2032,734.35,50,50,6.2,1.0668,0.2032,0.2032,1.6002,2.2606,1.4224,2.2606,2,30,0
1.6764,0.2032,745.38,1.9812,0.2032,730.94,50,50,14.44,0.2032,0.762,1.6764,0.2032,2.032,2.3368,2.032,1,20,0
1.6764,0.2032,740.09,0.2032,1.9812,743.19,50,51,-3.1,1.0668,2.54,0.2032,1.9812,2.9464,1.4224,1.4224,2,10,1
0.2032,1.6002,748.13,0.2032,1.9812,732.52,51,50,15.61,1.9812,0.7112,0.2032,1.6002,3.175,3.556,3.175,2,30,0
0.2032,1.6002,741.52,0.2032,1.9812,745.64,50,51,-4.12,1.0668,0.2032,0.2032,1.9812,2.2606,2.6416,2.6416,2,20,1
1.0668,2.032,749.04,0.2032,1.9812,737.5,51,50,11.54,0.2032,1.143,1.0668,2.032,2.2606,1.3462,2.2606,1,30,0
1.0668,2.032,741.21,1.9812,2.032,746.55,50,51,-5.34,0.2032,1.143,1.9812,2.032,2.2606,3.175,3.175,1,30,1
1.6764,0.7112,753.01,1.9812,2.032,737.55,51,50,15.46,0.2032,1.143,1.6764,0.7112,2.413,3.175,2.413,1,10,0
1.6764,0.7112,743.04,0.762,2.032,751.12,50,51,-8.08,0.2032,1.143,0.762,2.032,2.413,1.9558,1.9558,1,10,1
0.2032,1.6002,752.54,0.762,2.032,742.13,51,51,10.41,2.54,1.6002,0.2032,1.6002,2.3368,2.7178,2.3368,2,10,0
0.2032,1.6002,744.61,0.762,2.54,756.35,50,51,-11.74,1.9812,0.7112,0.762,2.54,3.175,3.556,3.556,3,30,1
1.0668,0.2032,751.42,0.762,2.54,752.33,51,51,-0.91,0.2032,1.143,1.0668,0.2032,1.8034,1.9558,1.8034,1,20,0
1.6764,2.032,758.84,0.762,2.54,741.05,51,50,17.79,1.6764,0.7112,1.6764,2.032,2.9464,3.2512,2.9464,3,10,0
1.6764,2.032,753.4,0.2032,1.9812,747.51,51,51,5.89,1.0668,2.54,0.2032,1.9812,1.1176,1.4224,1.4224,2,10,1
1.6764,2.032,746.24,0.2032,1.9812,753.2,51,52,-6.96,1.0668,2.54,0.2032,1.9812,1.1176,1.4224,1.4224,2,30,1
0.762,0.7112,756.0,0.2032,1.9812,746.8,51,51,9.2,2.54,1.6002,0.762,0.7112,3.175,2.7178,3.175,3,10,0
0.762,0.7112,749.6,0.2032,1.6002,754.73,51,52,-5.13,0.4572,0.2032,0.2032,1.6002,0.8128,1.651,1.651,2,10,1
0.762,2.032,755.9,0.2032,1.6002,747.41,51,51,8.49,0.2032,0.762,0.762,2.032,2.3368,1.3462,2.3368,1,30,0
0.762,2.032,751.27,0.762,2.032,754.43,51,52,-3.16,0.2032,0.762,0.762,2.032,2.3368,2.3368,2.3368,1,30,1
0.2032,1.9812,756.56,0.762,2.032,745.59,51,51,10.97,2.286,2.54,0.2032,1.9812,2.6416,2.032,2.6416,2,20,0
0.2032,1.9812,751.64,0.762,2.54,758.25,51,52,-6.61,0.2032,0.762,0.762,2.54,1.7272,2.3368,2.3368,1,10,1
0.2032,1.6002,764.03,0.762,2.54,751.24,51,52,12.79,2.286,0.2032,0.2032,1.6002,3.4798,3.8608,3.4798,2,10,0
0.2032,1.6002,761.18,0.2032,1.9812,753.88,51,52,7.3,0.762,2.032,0.2032,1.9812,1.4986,1.1176,1.1176,2,20,1
0.2032,1.6002,754.78,0.2032,1.6002,764.76,51,53,-9.98,2.286,2.54,0.2032,1.6002,3.0226,3.0226,3.0226,2,10,1
0.4572,0.2032,758.49,0.2032,1.6002,758.56,51,52,-0.07,0.2032,1.143,0.4572,0.2032,1.1938,0.9652,1.1938,1,10,0
0.4572,0.2032,753.71,1.9812,0.2032,769.79,51,53,-16.08,2.286,2.54,1.9812,0.2032,4.1656,2.6416,2.6416,3,10,1
0.762,2.54,754.73,1.9812,0.2032,763.44,51,52,-8.71,0.2032,1.143,0.762,2.54,1.9558,2.7178,1.9558,1,10,0
1.9812,2.54,769.83,1.9812,0.2032,758.26,52,52,11.57,0.2032,0.762,1.9812,2.54,3.556,2.3368,3.556,1,30,0
1.9812,2.54,762.51,1.9812,0.2032,765.93,52,52,-3.42,0.2032,0.762,1.9812,0.2032,3.556,2.3368,2.3368,1,10,1
1.0668,0.2032,771.4,1.9812,0.2032,760.09,52,52,11.31,2.54,1.6002,1.0668,0.2032,2.8702,1.9558,2.8702,3,10,0
1.0668,0.2032,766.02,1.6764,0.7112,769.19,52,53,-3.17,0.2032,1.143,1.6764,0.7112,1.8034,2.413,2.413,1,20,1
1.6764,2.032,771.91,1.6764,0.7112,763.19,52,52,8.72,1.0668,2.032,1.6764,2.032,1.1176,2.9464,1.1176,3,10,0
1.6764,2.032,767.24,2.286,0.2032,775.13,52,53,-7.89,0.2032,1.143,2.286,0.2032,2.8702,3.0226,3.0226,1,30,1
0.2032,1.6002,777.55,2.286,0.2032,767.2,53,52,10.35,1.0668,0.2032,0.2032,1.6002,2.2606,1.7272,2.2606,2,30,0
0.2032,1.6002,770.28,1.6764,0.2032,776.2,52,53,-5.92,0.2032,0.762,1.6764,0.2032,1.3462,2.032,2.032,1,30,1
2.286,0.2032,778.01,1.6764,0.2032,769.6,53,52,8.41,0.2032,1.143,2.286,0.2032,3.0226,2.413,3.0226,1,30,0
2.286,0.2032,770.79,0.2032,1.6002,781.69,52,53,-10.9,1.0668,2.54,0.2032,1.6002,3.556,1.8034,1.8034,2,30,1
1.6764,0.2032,784.56,0.2032,1.6002,771.78,53,52,12.78,1.0668,2.032,1.6764,0.2032,2.9464,1.8034,2.9464,3,30,0
1.6764,0.2032,777.85,0.762,0.7112,778.79,53,53,-0.94,0.762,0.2032,0.762,0.7112,1.4224,0.508,0.508,3,10,1
1.6764,0.2032,771.39,0.2032,1.9812,784.69,52,53,-13.3,1.0668,2.032,0.2032,1.9812,2.9464,1.4224,1.4224,2,20,1
0.2032,1.6002,779.98,0.2032,1.9812,780.67,53,53,-0.69,1.6764,0.7112,0.2032,1.6002,2.8702,3.2512,2.8702,2,20,0
2.286,0.2032,783.29,0.2032,1.9812,774.07,53,53,9.22,0.2032,1.143,2.286,0.2032,3.0226,1.3462,3.0226,1,20,0
2.286,0.2032,779.83,1.0668,2.54,776.86,53,53,2.97,1.0668,2.032,1.0668,2.54,3.556,0.508,0.508,3,30,1
2.286,0.2032,772.06,0.2032,1.6002,781.63,53,54,-9.57,0.762,2.032,0.2032,1.6002,3.8608,1.4986,1.4986,2,10,1
0.4572,0.2032,782.47,0.2032,1.6002,773.25,53,53,9.22,2.54,1.6002,0.4572,0.2032,3.4798,2.3368,3.4798,3,10,0
0.4572,0.2032,775.86,1.6764,0.2032,781.08,53,54,-5.22,0.2032,0.762,1.6764,0.2032,0.8128,2.032,2.032,1,20,1
0.762,2.032,781.76,1.6764,0.2032,774.78,53,54,6.98,0.2032,0.762,0.762,2.032,2.3368,2.032,2.3368,1,30,0
0.762,2.032,778.91,2.54,1.6002,779.91,53,54,-1.0,1.6764,0.2032,2.54,1.6002,3.2512,2.2606,2.2606,3,10,1
0.2032,1.6002,787.55,2.54,1.6002,774.07,54,54,13.48,1.6764,0.2032,0.2032,1.6002,2.8702,2.2606,2.8702,2,10,0
0.2032,1.6002,781.85,0.2032,1.6002,776.81,53,54,5.04,2.54,1.6002,0.2032,1.6002,2.3368,2.3368,2.3368,2,30,1
0.2032,1.6002,775.25,0.2032,1.9812,787.64,53,55,-12.39,2.54,1.6002,0.2032,1.9812,2.3368,2.7178,2.7178,2,10,1
1.0668,2.032,787.03,0.2032,1.9812,781.85,53,55,5.18,1.9812,0.7112,1.0668,2.032,3.2512,3.556,3.2512,3,10,0
1.0668,2.032,782.26,0.2032,1.9812,788.31,53,55,-6.05,1.6764,2.032,0.2032,1.9812,1.1176,2.032,2.032,2,10,1
0.4572,2.54,785.25,0.2032,1.9812,780.78,53,55,4.47,0.2032,1.143,0.4572,2.54,1.651,1.3462,1.651,1,10,0
0.4572,2.54,782.55,0.2032,1.6002,791.81,53,55,-9.26,2.286,2.54,0.2032,1.6002,2.3368,3.0226,3.0226,2,20,1
0.2032,1.9812,785.86,0.2032,1.6002,785.97,54,55,-0.11,1.0668,2.032,0.2032,1.9812,1.4224,1.8034,1.4224,2,30,0
0.2032,1.9812,779.5,0.2032,1.6002,799.28,53,55,-19.78,2.286,0.2032,0.2032,1.6002,3.8608,3.4798,3.4798,2,30,1
2.286,2.54,788.6,0.2032,1.6002,792.98,54,55,-4.38,0.2032,1.143,2.286,2.54,3.4798,0.9652,3.4798,1,30,0
2.286,2.54,782.14,2.286,2.54,800.7,53,55,-18.56,0.2032,1.143,2.286,2.54,3.4798,3.4798,3.4798,1,30,1
1.0668,2.032,793.78,2.286,2.54,796.79,54,55,-3.01,0.2032,1.143,1.0668,2.032,2.2606,3.4798,2.2606,1,30,0
1.9812,2.54,805.47,2.286,2.54,789.78,54,55,15.69,0.2032,0.762,1.9812,2.54,3.556,3.8608,3.556,1,10,0
1.9812,2.54,802.77,0.2032,1.9812,801.57,54,55,1.2,1.9812,0.7112,0.2032,1.9812,2.9464,3.556,3.556,2,20,1
1.9812,2.54,791.49,1.9812,0.7112,809.25,53,56,-17.76,0.2032,0.762,1.9812,0.7112,3.556,2.3368,2.3368,1,30,1
0.4572,2.54,797.94,1.9812,0.7112,802.69,54,55,-4.75,1.6764,2.032,0.4572,2.54,1.7272,3.2512,1.7272,3,10,0
0.2032,1.9812,810.81,1.9812,0.7112,799.38,55,55,11.43,0.762,0.2032,0.2032,1.9812,2.3368,1.7272,2.3368,2,30,0
0.2032,1.9812,802.06,0.2032,1.6002,806.04,54,55,-3.98,1.9812,2.54,0.2032,1.6002,2.3368,2.7178,2.7178,2,20,1
0.2032,1.9812,812.18,0.2032,1.6002,801.72,55,55,10.46,1.0668,0.7112,0.2032,1.9812,2.6416,2.2606,2.6416,2,10,0
0.2032,1.9812,804.4,0.2032,1.9812,808.33,54,56,-3.93,1.0668,2.032,0.2032,1.9812,1.4224,1.4224,1.4224,2,10,1
0.2032,1.6002,816.19,0.2032,1.9812,801.87,55,55,14.32,1.9812,2.54,0.2032,1.6002,2.7178,2.3368,2.7178,2,30,0
0.2032,1.6002,810.35,1.0668,2.54,813.05,55,56,-2.7,0.2032,0.762,1.0668,2.54,1.3462,2.6416,2.6416,1,10,1
0.762,2.032,817.11,1.0668,2.54,802.99,55,55,14.12,0.2032,0.762,0.762,2.032,2.3368,2.6416,2.3368,1,30,0
0.762,2.032,811.42,0.2032,1.9812,816.71,55,56,-5.29,1.0668,0.7112,0.2032,1.9812,3.2512,2.6416,2.6416,2,30,1
0.4572,0.2032,817.77,0.2032,1.9812,809.7,55,56,8.07,0.762,0.2032,0.4572,0.2032,0.8128,2.3368,0.8128,3,20,0
0.4572,0.2032,813.85,1.0668,0.7112,816.51,55,56,-2.66,0.2032,0.762,1.0668,0.7112,0.8128,1.4224,1.4224,1,10,1
0.2032,1.6002,815.94,1.0668,0.7112,809.5,55,56,6.44,1.0668,0.2032,0.2032,1.6002,2.2606,0.508,2.2606,2,10,0
0.2032,1.6002,812.49,0.762,0.2032,822.35,55,56,-9.86,1.9812,2.032,0.762,0.2032,2.7178,3.556,3.556,3,20,1
0.762,0.2032,817.32,0.762,0.2032,819.25,56,56,-1.93,0.2032,1.143,0.762,0.2032,1.4986,1.4986,1.4986,1,20,0
0.762,0.2032,811.47,0.2032,1.6002,827.43,55,57,-15.96,2.54,1.143,0.2032,1.6002,2.7178,2.794,2.794,2,30,1
1.0668,0.2032,817.62,0.2032,1.6002,821.89,56,56,-4.27,0.2032,0.762,1.0668,0.2032,1.4224,1.3462,1.4224,1,20,0
0.2032,1.9812,829.01,0.2032,1.6002,816.05,57,56,12.96,2.54,1.9812,0.2032,1.9812,2.9464,2.7178,2.9464,2,30,0
0.2032,1.9812,823.01,1.9812,2.032,824.22,56,56,-1.21,0.2032,0.762,1.9812,2.032,1.7272,3.556,3.556,1,20,1
0.762,0.7112,829.47,1.9812,2.032,821.98,57,56,7.49,0.2032,1.143,0.762,0.7112,1.4986,3.175,1.4986,1,10,0
0.762,0.7112,821.95,1.0668,0.2032,826.2,57,56,-4.25,1.6764,0.7112,1.0668,0.2032,1.4224,1.1176,1.1176,3,20,1
2.54,1.6002,831.31,1.0668,0.2032,822.59,57,56,8.72,0.2032,1.143,2.54,1.6002,2.794,1.8034,2.794,1,20,0
2.54,1.6002,823.68,0.2032,1.9812,830.93,56,56,-7.25,2.286,0.2032,0.2032,1.9812,1.651,3.8608,3.8608,2,10,1
0.2032,1.6002,834.65,0.2032,1.9812,826.25,57,56,8.4,0.762,0.2032,0.2032,1.6002,1.9558,2.3368,1.9558,2,20,0
0.2032,1.6002,824.59,1.0668,0.2032,831.39,56,57,-6.8,0.2032,0.762,1.0668,0.2032,1.3462,1.4224,1.4224,1,10,1
0.2032,1.6002,839.12,1.0668,0.2032,825.19,57,56,13.93,1.6764,0.2032,0.2032,1.6002,2.8702,1.1176,2.8702,2,10,0
0.2032,1.6002,833.28,0.4572,0.2032,830.32,57,57,2.96,0.2032,0.762,0.4572,0.2032,1.3462,0.8128,0.8128,1,20,1
0.2032,1.6002,826.72,1.0668,0.7112,834.18,56,57,-7.46,0.2032,0.762,1.0668,0.7112,1.3462,1.4224,1.4224,1,20,1
0.762,0.7112,832.37,1.0668,0.7112,824.83,57,56,7.54,0.2032,0.762,0.762,0.7112,1.1176,1.4224,1.1176,1,30,0
0.762,0.7112,824.85,0.2032,1.9812,837.39,56,57,-12.54,1.6764,2.54,0.2032,1.9812,3.2512,2.032,2.032,2,10,1
1.6764,0.2032,830.39,0.2032,1.9812,833.68,57,57,-3.29,0.762,0.2032,1.6764,0.2032,1.4224,2.3368,1.4224,3,10,0
0.2032,1.9812,837.05,0.2032,1.9812,821.79,58,56,15.26,1.9812,0.7112,0.2032,1.9812,3.556,3.556,3.556,2,20,0
0.2032,1.9812,831.2,0.4572,2.54,831.29,57,57,-0.09,0.2032,1.143,0.4572,2.54,1.3462,1.651,1.651,1,10,1
0.2032,1.9812,825.36,1.0668,0.2032,837.29,57,58,-11.93,0.2032,1.143,1.0668,0.2032,1.3462,1.8034,1.8034,1,20,1
0.2032,1.9812,833.54,1.0668,0.2032,829.97,57,57,3.57,1.9812,2.54,0.2032,1.9812,2.3368,3.2512,2.3368,2,10,0
0.2032,1.9812,830.55,1.6764,0.2032,843.85,57,58,-13.3,1.6764,2.54,1.6764,0.2032,2.032,2.9464,2.9464,3,20,1
0.2032,1.6002,841.01,1.6764,0.2032,833.94,57,57,7.07,1.9812,0.2032,0.2032,1.6002,3.175,0.8128,3.175,2,30,0
0.2032,1.6002,835.57,0.2032,1.9812,847.97,57,58,-12.4,1.6764,2.54,0.2032,1.9812,2.413,2.032,2.032,2,20,1
2.54,1.6002,842.53,0.2032,1.9812,840.8,57,58,1.73,0.2032,0.762,2.54,1.6002,3.175,1.7272,3.175,1,10,0
2.54,1.6002,839.28,1.9812,0.2032,849.39,57,58,-10.11,0.2032,1.143,1.9812,0.2032,2.794,2.7178,2.7178,1,30,1
0.2032,1.9812,848.63,1.9812,0.2032,841.71,58,58,6.92,1.6764,0.2032,0.2032,1.9812,3.2512,0.8128,3.2512,2,20,0
0.2032,1.9812,842.02,0.2032,1.6002,846.24,57,58,-4.22,1.6764,0.2032,0.2032,1.6002,3.2512,2.8702,2.8702,2,10,1
0.2032,1.6002,852.9,0.2032,1.6002,844.05,58,58,8.85,1.0668,0.7112,0.2032,1.6002,2.2606,2.2606,2.2606,2,10,0
0.2032,1.6002,843.29,1.0668,0.2032,850.66,57,59,-7.37,0.2032,1.143,1.0668,0.2032,0.9652,1.8034,1.8034,1,20,1
0.2032,1.6002,855.18,1.0668,0.2032,839.99,58,58,15.19,2.54,1.6002,0.2032,1.6002,2.3368,2.8702,2.3368,2,20,0
0.2032,1.6002,848.02,0.2032,1.9812,852.39,58,59,-4.37,1.9812,2.032,0.2032,1.9812,2.7178,2.3368,2.3368,2,30,1
0.2032,1.6002,859.65,0.2032,1.9812,847.0,58,59,12.65,1.6764,0.2032,0.2032,1.6002,2.8702,3.2512,2.8702,2,20,0
0.2032,1.6002,852.59,1.0668,2.032,856.82,58,59,-4.23,1.0668,0.7112,1.0668,2.032,2.2606,2.9464,2.9464,3,10,1
2.54,1.9812,861.02,1.0668,2.032,847.92,58,58,13.1,0.2032,1.143,2.54,1.9812,3.175,2.2606,3.175,1,10,0
2.54,1.9812,854.42,1.0668,2.54,859.41,58,59,-4.99,0.2032,1.143,1.0668,2.54,3.175,2.2606,2.2606,1,10,1
0.2032,1.9812,863.67,1.0668,2.54,853.41,58,59,10.26,2.54,0.762,0.2032,1.9812,3.556,3.2512,3.556,2,20,0
0.2032,1.9812,858.89,0.2032,1.6002,861.74,58,59,-2.85,0.762,0.2032,0.2032,1.6002,2.3368,1.9558,1.9558,2,10,1
0.2032,1.6002,869.45,0.2032,1.6002,859.36,59,59,10.09,1.0668,0.7112,0.2032,1.6002,2.2606,2.2606,2.2606,2,20,0
0.2032,1.6002,861.07,1.0668,2.032,866.87,58,59,-5.8,0.762,0.7112,1.0668,2.032,1.9558,3.2512,3.2512,3,30,1
2.286,0.2032,869.77,1.0668,2.032,860.57,59,59,9.2,0.2032,1.143,2.286,0.2032,3.0226,2.2606,3.0226,1,20,0
2.286,0.2032,859.25,0.762,2.032,865.8,58,59,-6.55,1.9812,2.54,0.762,2.032,2.6416,1.7272,1.7272,3,20,1
0.2032,1.6002,870.53,0.762,2.032,859.8,59,59,10.73,1.6764,0.2032,0.2032,1.6002,2.8702,3.2512,2.8702,2,30,0
0.2032,1.6002,860.47,1.9812,0.2032,866.31,58,59,-5.84,0.2032,1.143,1.9812,0.2032,0.9652,2.7178,2.7178,1,30,1
1.9812,2.032,873.12,1.9812,0.2032,862.14,59,59,10.98,0.2032,1.143,1.9812,2.032,3.175,2.7178,3.175,1,30,0
1.9812,2.032,866.11,0.2032,1.6002,871.8,59,60,-5.69,1.0668,2.54,0.2032,1.6002,1.4224,1.8034,1.8034,2,10,1
0.2032,1.6002,876.37,0.2032,1.6002,865.85,59,59,10.52,0.762,0.2032,0.2032,1.6002,1.9558,1.9558,1.9558,2,10,0
0.2032,1.6002,870.07,2.286,2.54,874.54,59,60,-4.47,2.54,1.143,2.286,2.54,2.794,1.651,1.651,3,30,1
0.2032,1.6002,863.61,1.0668,0.7112,879.83,58,60,-16.22,2.54,1.143,1.0668,0.7112,2.794,2.413,2.413,3,20,1
0.4572,0.2032,868.85,1.0668,0.7112,876.73,59,60,-7.88,0.762,0.7112,0.4572,0.2032,0.8128,0.8128,0.8128,3,30,0
0.2032,1.6002,875.81,1.0668,0.7112,869.97,59,60,5.84,0.762,2.54,0.2032,1.6002,1.4986,3.2512,1.4986,2,30,0
0.2032,1.6002,871.29,0.4572,0.2032,875.56,59,60,-4.27,0.2032,1.143,0.4572,0.2032,0.9652,1.1938,1.1938,1,20,1
0.762,0.2032,876.89,0.4572,0.2032,870.18,60,60,6.71,0.2032,0.762,0.762,0.2032,1.1176,0.8128,1.1176,1,10,0
0.762,0.2032,869.62,0.2032,1.6002,881.66,59,61,-12.04,1.6764,2.54,0.2032,1.6002,3.2512,2.413,2.413,2,20,1
1.0668,2.032,873.53,0.2032,1.6002,873.28,59,60,0.25,0.2032,1.143,1.0668,2.032,2.2606,0.9652,2.2606,1,20,0
0.2032,1.6002,881.91,0.2032,1.6002,871.65,60,60,10.26,0.762,2.54,0.2032,1.6002,1.4986,1.4986,1.4986,2,20,0
0.2032,1.6002,875.51,1.0668,2.54,874.75,60,60,0.76,0.2032,1.143,1.0668,2.54,0.9652,2.2606,2.2606,1,30,1
0.2032,1.9812,878.3,1.0668,2.54,868.91,60,60,9.39,0.4572,2.54,0.2032,1.9812,0.8128,1.1176,0.8128,2,20,0
0.2032,1.9812,872.91,0.2032,1.9812,871.14,60,60,1.77,1.0668,2.54,0.2032,1.9812,1.4224,1.4224,1.4224,2,30,1
1.9812,0.7112,879.42,0.2032,1.9812,868.34,60,60,11.08,2.54,1.143,1.9812,0.7112,1.4986,3.175,1.4986,3,30,0
1.9812,0.7112,877.18,0.2032,1.6002,875.15,60,60,2.03,2.54,1.6002,0.2032,1.6002,1.9558,2.3368,2.3368,2,20,1
2.54,0.762,883.08,0.2032,1.6002,872.45,60,60,10.63,0.2032,0.762,2.54,0.762,2.9464,1.3462,2.9464,1,20,0
2.54,0.762,879.52,1.6764,0.7112,876.97,60,60,2.55,2.54,1.6002,1.6764,0.7112,1.3462,2.2606,2.2606,3,10,1
1.9812,2.032,884.35,1.6764,0.7112,872.29,61,60,12.06,2.54,0.762,1.9812,2.032,2.3368,1.4224,2.3368,3,30,0
1.9812,2.032,877.89,1.9812,2.54,882.92,60,61,-5.03,0.2032,1.143,1.9812,2.54,3.175,3.175,3.175,1,30,1
0.762,0.2032,887.91,1.9812,2.54,877.79,61,60,10.12,0.2032,0.762,0.762,0.2032,1.1176,3.556,1.1176,1,30,0
0.762,0.2032,881.15,0.4572,2.54,885.2,61,60,-4.05,0.2032,1.143,0.4572,2.54,1.4986,1.651,1.651,1,20,1
0.2032,1.9812,884.76,0.4572,2.54,879.92,61,60,4.84,0.4572,0.2032,0.2032,1.9812,2.032,2.3368,2.032,2,20,0
0.2032,1.9812,882.83,0.762,0.7112,887.34,61,61,-4.51,0.2032,0.762,0.762,0.7112,1.7272,1.1176,1.1176,1,30,1
2.54,0.762,889.28,0.762,0.7112,879.66,61,60,9.62,0.2032,0.762,2.54,0.762,2.9464,1.1176,2.9464,1,10,0
2.54,0.762,882.98,1.0668,2.54,887.64,61,61,-4.66,0.2032,0.762,1.0668,2.54,2.9464,2.6416,2.6416,1,10,1
0.4572,2.54,891.72,1.0668,2.54,881.09,61,61,10.63,0.2032,1.143,0.4572,2.54,1.651,2.2606,1.651,1,30,0
0.4572,2.54,887.55,0.2032,1.9812,890.89,61,61,-3.34,2.54,1.6002,0.2032,1.9812,3.0226,2.7178,2.7178,2,30,1
1.9812,0.7112,893.91,0.2032,1.9812,887.94,62,61,5.97,1.0668,0.7112,1.9812,0.7112,1.4224,2.6416,1.4224,3,20,0
1.9812,0.7112,887.45,0.2032,1.6002,893.07,61,61,-5.62,1.0668,0.2032,0.2032,1.6002,1.4224,2.2606,2.2606,2,30,1
1.0668,0.2032,895.28,0.2032,1.6002,887.64,62,61,7.64,0.2032,0.762,1.0668,0.2032,1.4224,1.3462,1.4224,1,30,0
1.0668,0.2032,887.96,0.2032,1.9812,892.16,61,62,-4.2,0.762,2.032,0.2032,1.9812,3.2512,1.1176,1.1176,2,20,1
1.0668,2.032,896.2,0.2032,1.9812,886.92,62,61,9.28,1.6764,2.54,1.0668,2.032,1.1176,2.032,1.1176,3,20,0
1.0668,2.032,887.96,1.6764,0.2032,896.74,61,62,-8.78,0.2032,0.762,1.6764,0.2032,2.6416,2.032,2.032,1,20,1
0.4572,2.54,897.47,1.6764,0.2032,884.69,62,61,12.78,1.9812,2.032,0.4572,2.54,2.032,3.2512,2.032,3,30,0
0.4572,2.54,890.86,1.0668,2.032,896.48,62,62,-5.62,0.2032,1.143,1.0668,2.032,1.651,2.2606,2.2606,1,20,1
2.54,0.762,900.42,1.0668,2.032,890.64,62,62,9.78,1.9812,0.7112,2.54,0.762,1.1176,3.2512,1.1176,3,10,0
2.54,0.762,894.98,0.762,2.54,898.61,62,62,-3.63,0.2032,1.143,0.762,2.54,2.7178,1.9558,1.9558,1,30,1
0.762,0.7112,898.13,0.762,2.54,893.23,62,62,4.9,1.6764,0.2032,0.762,0.7112,1.4224,3.2512,1.4224,3,10,0
0.762,0.7112,893.51,1.0668,2.032,894.7,62,62,-1.19,1.6764,2.54,1.0668,2.032,3.2512,1.1176,1.1176,3,30,1
1.6764,0.7112,901.33,1.0668,2.032,890.79,63,62,10.54,0.2032,1.143,1.6764,0.7112,2.413,2.2606,2.413,1,20,0
1.6764,0.7112,892.95,2.54,1.6002,901.4,62,62,-8.45,0.2032,0.762,2.54,1.6002,2.032,3.175,3.175,1,30,1
1.6764,0.7112,907.58,2.54,1.6002,896.01,63,62,11.57,0.2032,1.143,1.6764,0.7112,2.413,2.794,2.413,1,30,0
1.6764,0.7112,895.84,0.762,0.2032,906.89,62,63,-11.05,1.0668,2.54,0.762,0.2032,2.9464,3.2512,3.2512,3,30,1
1.0668,0.7112,908.34,0.762,0.2032,901.04,63,62,7.3,0.2032,1.143,1.0668,0.7112,1.8034,1.4986,1.8034,1,10,0
1.0668,0.7112,900.41,0.2032,1.6002,904.45,63,62,-4.04,0.4572,0.2032,0.2032,1.6002,1.1176,1.651,1.651,2,20,1
2.54,1.9812,910.37,0.2032,1.6002,902.83,63,62,7.54,0.2032,0.762,2.54,1.9812,3.556,1.3462,3.556,1,10,0
2.54,1.9812,904.53,2.54,0.762,908.42,63,62,-3.89,1.6764,0.2032,2.54,0.762,2.6416,1.4224,1.4224,3,20,1
0.2032,1.6002,909.66,2.54,0.762,902.22,63,62,7.44,2.286,2.54,0.2032,1.6002,3.0226,2.032,3.0226,2,10,0
0.2032,1.6002,908.03,1.0668,0.7112,912.84,63,62,-4.81,2.286,2.54,1.0668,0.7112,3.0226,3.556,3.556,3,30,1
0.4572,0.2032,907.68,1.0668,0.7112,906.74,63,62,0.94,0.2032,0.762,0.4572,0.2032,0.8128,1.4224,0.8128,1,10,0
0.4572,0.2032,903.67,1.9812,2.54,918.28,63,62,-14.61,0.2032,0.762,1.9812,2.54,0.8128,3.556,3.556,1,10,1
2.54,1.9812,911.8,1.9812,2.54,907.61,64,61,4.19,0.2032,0.762,2.54,1.9812,3.556,3.556,3.556,1,10,0
2.54,1.9812,904.18,1.0668,2.032,920.31,63,62,-16.13,0.2032,1.143,1.0668,2.032,3.175,2.2606,2.2606,1,10,1
2.54,0.762,917.95,1.0668,2.032,914.47,64,62,3.48,0.4572,0.2032,2.54,0.762,2.6416,2.9464,2.6416,3,20,0
2.54,0.762,912.11,0.2032,1.9812,922.6,64,62,-10.49,2.286,2.54,0.2032,1.9812,2.032,2.6416,2.6416,2,30,1
1.9812,0.2032,921.2,0.2032,1.9812,919.04,64,62,2.16,0.2032,1.143,1.9812,0.2032,2.7178,1.3462,2.7178,1,10,0
1.9812,0.2032,916.68,0.4572,0.2032,920.06,64,62,-3.38,0.2032,0.762,0.4572,0.2032,2.3368,0.8128,0.8128,1,20,1
0.2032,1.6002,923.49,0.4572,0.2032,914.78,64,62,8.71,0.762,2.54,0.2032,1.6002,1.4986,2.6416,1.4986,2,30,0
0.2032,1.6002,921.25,0.2032,1.6002,926.31,64,63,-5.06,1.9812,0.7112,0.2032,1.6002,3.175,3.175,3.175,2,30,1
0.2032,1.6002,931.11,0.2032,1.6002,918.63,64,62,12.48,2.54,0.762,0.2032,1.6002,3.175,3.175,3.175,2,20,0
0.2032,1.6002,928.42,0.2032,1.9812,926.06,64,63,2.36,0.4572,0.2032,0.2032,1.9812,1.651,2.032,2.032,2,30,1
1.9812,0.7112,932.34,0.2032,1.9812,919.76,65,63,12.58,0.2032,0.762,1.9812,0.7112,2.3368,1.7272,2.3368,1,10,0
1.9812,0.7112,926.04,0.2032,1.9812,927.94,64,63,-1.9,0.762,0.2032,0.2032,1.9812,1.7272,2.3368,2.3368,2,20,1
1.9812,0.7112,921.87,2.54,0.762,937.85,64,64,-15.98,0.2032,0.762,2.54,0.762,2.3368,2.9464,2.9464,1,30,1
0.4572,2.54,926.09,2.54,0.762,928.4,64,63,-2.31,0.2032,0.762,0.4572,2.54,2.032,2.9464,2.032,1,30,0
0.4572,2.54,921.31,0.2032,1.6002,938.82,64,64,-17.51,1.6764,0.2032,0.2032,1.6002,3.556,2.8702,2.8702,2,30,1
0.2032,1.9812,931.58,0.2032,1.6002,932.97,65,64,-1.39,0.762,0.2032,0.2032,1.9812,2.3368,1.9558,2.3368,2,10,0
0.2032,1.9812,940.22,0.2032,1.6002,924.59,65,63,15.63,2.286,2.54,0.2032,1.9812,2.6416,3.0226,2.6416,2,10,0
0.2032,1.9812,934.48,2.54,1.6002,936.17,65,64,-1.69,0.2032,0.762,2.54,1.6002,1.7272,3.175,3.175,1,10,1
1.0668,0.2032,940.32,2.54,1.6002,925.5,65,63,14.82,0.2032,0.762,1.0668,0.2032,1.4224,3.175,1.4224,1,20,0
1.0668,0.2032,936.15,0.2032,1.9812,936.37,65,64,-0.22,2.54,1.143,0.2032,1.9812,2.413,3.175,3.175,2,30,1
0.2032,1.9812,940.22,0.2032,1.9812,929.16,65,64,11.06,1.0668,2.54,0.2032,1.9812,1.4224,1.4224,1.4224,2,10,0
0.2032,1.9812,936.05,2.54,1.9812,935.36,65,64,0.69,2.286,2.54,2.54,1.9812,2.6416,0.8128,0.8128,3,10,1
2.54,1.143,944.49,2.54,1.9812,931.75,66,64,12.74,0.2032,0.762,2.54,1.143,2.7178,3.556,2.7178,1,30,0
2.54,1.143,938.03,1.6764,0.2032,940.09,65,64,-2.06,0.2032,0.762,1.6764,0.2032,2.7178,2.032,2.032,1,30,1
1.0668,0.2032,948.15,1.6764,0.2032,936.63,66,64,11.52,0.2032,0.762,1.0668,0.2032,1.4224,2.032,1.4224,1,20,0
1.0668,0.2032,936.71,0.2032,1.6002,938.11,65,64,-1.4,1.6764,0.7112,0.2032,1.6002,1.1176,2.8702,2.8702,2,30,1
1.0668,0.2032,934.01,0.762,0.7112,953.25,65,65,-19.24,1.9812,2.54,0.762,0.7112,3.2512,3.556,3.556,3,10,1
1.0668,2.032,941.59,0.762,0.7112,946.65,66,65,-5.06,0.2032,1.143,1.0668,2.032,2.2606,1.4986,2.2606,1,20,0
0.2032,1.6002,955.05,0.762,0.7112,939.48,66,64,15.57,2.286,0.2032,0.2032,1.6002,3.4798,2.032,3.4798,2,30,0
0.2032,1.6002,951.65,0.2032,1.6002,948.17,66,65,3.48,1.0668,0.2032,0.2032,1.6002,2.2606,2.2606,2.2606,2,20,1
0.2032,1.6002,942.29,0.2032,1.9812,949.34,65,65,-7.05,0.4572,2.54,0.2032,1.9812,1.1938,0.8128,0.8128,2,30,1
0.762,2.032,948.28,0.2032,1.9812,943.35,66,65,4.93,0.2032,1.143,0.762,2.032,1.9558,1.3462,1.9558,1,30,0
0.762,2.032,941.68,0.762,2.032,952.24,65,66,-10.56,0.2032,0.762,0.762,2.032,2.3368,2.3368,2.3368,1,20,1
0.2032,1.6002,952.7,0.762,2.032,943.86,66,65,8.84,1.0668,0.7112,0.2032,1.6002,2.2606,3.2512,2.2606,2,20,0
0.2032,1.6002,946.95,2.54,1.143,952.31,65,66,-5.36,2.286,2.54,2.54,1.143,3.0226,1.651,1.651,3,30,1
0.2032,1.6002,954.98,2.54,1.143,947.38,65,66,7.6,1.9812,2.54,0.2032,1.6002,2.7178,1.9558,2.7178,2,10,0
0.2032,1.6002,951.57,0.2032,1.6002,955.06,65,66,-3.49,1.0668,0.2032,0.2032,1.6002,2.2606,2.2606,2.2606,2,30,1
1.6764,0.7112,957.12,0.2032,1.6002,948.6,66,66,8.52,0.2032,0.762,1.6764,0.7112,2.032,1.3462,2.032,1,30,0
1.6764,0.7112,949.34,0.2032,1.9812,954.65,65,66,-5.31,1.6764,2.032,0.2032,1.9812,2.9464,2.032,2.032,2,10,1
1.6764,0.2032,957.12,0.2032,1.9812,950.63,66,66,6.49,1.0668,0.7112,1.6764,0.2032,1.1176,2.6416,1.1176,3,20,0
1.6764,0.2032,947.61,2.54,1.9812,959.07,65,67,-11.46,0.2032,1.143,2.54,1.9812,2.413,3.175,3.175,1,10,1
0.2032,1.9812,957.57,2.54,1.9812,952.61,66,66,4.96,2.54,1.6002,0.2032,1.9812,2.7178,0.889,2.7178,2,20,0
0.2032,1.9812,949.49,0.2032,1.9812,961.65,65,67,-12.16,2.54,1.143,0.2032,1.9812,3.175,3.175,3.175,2,30,1
1.9812,0.2032,960.37,0.2032,1.9812,952.81,66,66,7.56,0.2032,0.762,1.9812,0.2032,2.3368,1.7272,2.3368,1,20,0
1.9812,0.2032,953.76,0.762,2.032,962.46,66,67,-8.7,0.2032,1.143,0.762,2.032,2.7178,1.9558,1.9558,1,20,1
1.9812,2.032,965.15,0.762,2.032,953.11,66,66,12.04,0.2032,1.143,1.9812,2.032,3.175,1.9558,3.175,1,10,0
1.9812,2.032,959.41,1.9812,2.54,966.53,66,67,-7.12,0.2032,1.143,1.9812,2.54,3.175,3.175,3.175,1,20,1
0.2032,1.9812,970.8,1.9812,2.54,958.9,67,66,11.9,1.0668,0.7112,0.2032,1.9812,2.6416,3.2512,2.6416,2,30,0
0.2032,1.9812,964.04,0.4572,2.54,970.95,66,67,-6.91,0.2032,0.762,0.4572,2.54,1.7272,2.032,2.032,1,30,1
0.2032,1.6002,974.76,0.4572,2.54,965.1,67,66,9.66,2.54,1.6002,0.2032,1.6002,2.3368,3.0226,2.3368,2,30,0
0.2032,1.6002,969.62,0.2032,1.9812,969.57,66,67,0.05,0.762,2.032,0.2032,1.9812,1.4986,1.1176,1.1176,2,10,1
0.2032,1.6002,960.78,2.54,1.6002,973.79,65,67,-13.01,0.2032,1.143,2.54,1.6002,0.9652,2.794,2.794,1,30,1
0.2032,1.9812,977.39,2.54,1.6002,971.1,66,67,6.29,1.6764,0.2032,0.2032,1.9812,3.2512,2.2606,3.2512,2,30,0
1.0668,0.7112,976.58,2.54,1.6002,961.8,66,66,14.78,0.2032,0.762,1.0668,0.7112,1.4224,3.175,1.4224,1,20,0
1.0668,0.7112,973.02,0.2032,1.9812,975.52,66,67,-2.5,1.6764,0.2032,0.2032,1.9812,1.1176,3.2512,3.2512,2,30,1
1.0668,0.7112,967.18,2.54,1.9812,978.82,66,67,-11.64,0.4572,2.54,2.54,1.9812,2.9464,2.6416,2.6416,3,10,1
0.762,0.2032,973.32,2.54,1.9812,975.41,66,67,-2.09,0.2032,1.143,0.762,0.2032,1.4986,3.175,1.4986,1,30,0
1.6764,0.2032,979.53,2.54,1.9812,968.81,67,67,10.72,0.2032,0.762,1.6764,0.2032,2.032,3.556,2.032,1,30,0
1.6764,0.2032,974.29,0.2032,1.9812,978.82,67,67,-4.53,0.762,0.7112,0.2032,1.9812,1.4224,2.3368,2.3368,2,20,1
0.2032,1.6002,983.39,0.2032,1.9812,975.41,67,67,7.98,1.6764,2.032,0.2032,1.6002,2.413,2.032,2.413,2,10,0
0.2032,1.6002,980.7,1.9812,0.2032,982.33,67,68,-1.63,0.2032,0.762,1.9812,0.2032,1.3462,2.3368,2.3368,1,30,1
1.0668,0.2032,979.89,1.9812,0.2032,976.48,67,67,3.41,0.2032,0.762,1.0668,0.2032,1.4224,2.3368,1.4224,1,20,0
1.0668,0.2032,977.1,0.2032,1.9812,983.9,67,68,-6.8,1.9812,0.2032,0.2032,1.9812,1.4224,3.556,3.556,2,20,1
0.2032,1.9812,985.99,0.2032,1.9812,975.97,68,67,10.02,0.762,2.54,0.2032,1.9812,1.1176,1.1176,1.1176,2,30,0
0.2032,1.9812,977.61,1.0668,2.032,985.57,67,68,-7.96,0.2032,0.762,1.0668,2.032,1.7272,2.6416,2.6416,1,10,1
0.2032,1.9812,989.71,1.0668,2.032,977.34,68,67,12.37,2.54,1.6002,0.2032,1.9812,2.7178,2.413,2.7178,2,20,0
0.2032,1.9812,983.1,0.2032,1.9812,995.02,68,68,-11.92,1.9812,0.7112,0.2032,1.9812,3.556,3.556,3.556,2,10,1
1.9812,0.7112,993.52,0.2032,1.9812,985.41,68,67,8.11,2.54,1.143,1.9812,0.7112,1.4986,3.175,1.4986,3,20,0
1.9812,0.7112,989.35,1.9812,0.7112,994.76,68,68,-5.41,0.2032,0.762,1.9812,0.7112,2.3368,2.3368,2.3368,1,20,1
1.9812,2.54,995.25,1.9812,0.7112,988.31,68,68,6.94,0.762,0.7112,1.9812,2.54,3.556,1.7272,3.556,3,30,0
1.9812,2.54,992.0,0.2032,1.6002,999.69,68,68,-7.69,1.6764,2.54,0.2032,1.6002,0.8128,2.413,2.413,2,20,1
0.2032,1.9812,1003.18,0.2032,1.6002,994.4,69,68,8.78,2.54,0.762,0.2032,1.9812,3.556,3.175,3.556,2,20,0
0.2032,1.9812,995.56,1.9812,0.7112,1001.37,68,69,-5.81,0.2032,0.762,1.9812,0.7112,1.7272,2.3368,2.3368,1,20,1
0.2032,1.6002,1003.49,1.9812,0.7112,994.16,69,68,9.33,0.4572,0.2032,0.2032,1.6002,1.651,2.032,1.651,2,20,0
0.2032,1.6002,994.65,0.762,0.2032,1002.28,68,69,-7.63,0.2032,1.143,0.762,0.2032,0.9652,1.4986,1.4986,1,20,1
0.2032,1.6002,1009.89,0.762,0.2032,995.27,69,68,14.62,1.9812,0.7112,0.2032,1.6002,3.175,1.7272,3.175,2,30,0
0.2032,1.6002,1002.88,0.2032,1.9812,1007.07,69,69,-4.19,2.54,0.762,0.2032,1.9812,3.175,3.556,3.556,2,10,1
0.2032,1.9812,1012.89,0.2032,1.9812,1001.07,69,69,11.82,1.9812,2.54,0.2032,1.9812,2.3368,2.3368,2.3368,2,20,0
0.2032,1.9812,1007.61,0.762,0.2032,1010.58,69,69,-2.97,1.0668,2.54,0.762,0.2032,1.4224,3.2512,3.2512,3,20,1
0.2032,1.9812,1018.39,0.762,0.2032,1003.97,70,69,14.42,2.54,1.9812,0.2032,1.9812,2.9464,3.556,2.9464,2,20,0
0.2032,1.9812,1012.95,0.2032,1.9812,1014.59,69,69,-1.64,2.286,2.54,0.2032,1.9812,2.6416,2.6416,2.6416,2,10,1
1.6764,0.7112,1021.13,0.2032,1.9812,1011.74,70,69,9.39,0.2032,1.143,1.6764,0.7112,2.413,1.3462,2.413,1,20,0
1.6764,0.7112,1013.91,1.6764,2.54,1016.72,69,69,-2.81,0.2032,1.143,1.6764,2.54,2.413,2.8702,2.8702,1,30,1
0.2032,1.6002,1023.56,1.6764,2.54,1013.31,70,69,10.25,0.762,2.54,0.2032,1.6002,1.4986,1.4224,1.4986,2,30,0
0.2032,1.6002,1015.94,0.2032,1.6002,1019.31,69,70,-3.37,1.0668,2.54,0.2032,1.6002,1.8034,1.8034,1.8034,2,30,1
0.2032,1.6002,1014.01,0.2032,1.6002,1032.01,69,70,-18.0,2.286,0.2032,0.2032,1.6002,3.4798,3.4798,3.4798,2,20,1
0.762,2.54,1013.5,0.2032,1.6002,1026.63,69,70,-13.13,0.2032,1.143,0.762,2.54,1.9558,0.9652,1.9558,1,30,0
1.0668,2.032,1026.36,0.2032,1.6002,1017.02,70,69,9.34,0.2032,0.762,1.0668,2.032,2.6416,1.3462,2.6416,1,20,0
1.0668,2.032,1022.35,1.9812,0.7112,1027.14,70,70,-4.79,0.2032,1.143,1.9812,0.7112,2.2606,2.7178,2.7178,1,10,1
0.762,2.032,1030.84,1.9812,0.7112,1020.38,70,70,10.46,1.0668,0.7112,0.762,2.032,3.2512,1.4224,3.2512,3,20,0
0.762,2.032,1026.93,1.6764,2.032,1031.56,70,70,-4.63,0.2032,1.143,1.6764,2.032,1.9558,2.8702,2.8702,1,20,1
1.6764,0.2032,1032.82,1.6764,2.032,1025.87,70,70,6.95,1.0668,2.54,1.6764,0.2032,2.9464,1.1176,2.9464,3,10,0
1.6764,0.2032,1027.54,1.9812,0.2032,1035.73,70,70,-8.19,0.2032,0.762,1.9812,0.2032,2.032,2.3368,2.3368,1,10,1
1.0668,0.2032,1032.97,1.9812,0.2032,1032.13,70,70,0.84,0.2032,1.143,1.0668,0.2032,1.8034,2.7178,1.8034,1,20,0
1.0668,0.2032,1030.28,0.2032,1.6002,1039.85,70,70,-9.57,0.762,2.032,0.2032,1.6002,3.2512,1.4986,1.4986,2,20,1
1.6764,2.032,1036.17,0.2032,1.6002,1035.23,70,70,0.94,0.762,0.2032,1.6764,2.032,3.2512,1.9558,3.2512,3,10,0
1.6764,2.032,1033.17,0.2032,1.6002,1047.32,70,71,-14.15,2.54,0.762,0.2032,1.6002,2.6416,3.175,3.175,2,20,1
0.2032,1.9812,1036.17,0.2032,1.6002,1040.1,70,70,-3.93,2.286,2.54,0.2032,1.9812,2.6416,3.0226,2.6416,2,20,0
0.2032,1.6002,1048.37,0.2032,1.6002,1033.5,71,70,14.87,2.286,2.54,0.2032,1.6002,3.0226,3.0226,3.0226,2,20,0
0.2032,1.6002,1042.38,0.762,0.7112,1039.09,70,70,3.29,0.2032,0.762,0.762,0.7112,1.3462,1.1176,1.1176,1,30,1
0.2032,1.6002,1036.38,0.2032,1.6002,1047.27,70,70,-10.89,2.286,0.2032,0.2032,1.6002,3.4798,3.4798,3.4798,2,10,1
0.2032,1.6002,1047.55,0.2032,1.6002,1044.17,70,70,3.38,1.9812,2.032,0.2032,1.6002,2.7178,2.7178,2.7178,2,30,0
0.2032,1.6002,1043.39,2.286,0.2032,1053.22,70,71,-9.83,1.9812,2.032,2.286,0.2032,2.7178,2.6416,2.6416,3,30,1
1.9812,2.54,1049.38,2.286,0.2032,1047.38,70,70,2.0,2.54,1.143,1.9812,2.54,1.9558,1.1938,1.9558,3,30,0
0.2032,1.6002,1057.66,2.286,0.2032,1043.21,71,70,14.45,1.9812,2.032,0.2032,1.6002,2.7178,2.6416,2.7178,2,30,0
0.2032,1.6002,1049.28,2.286,2.54,1051.69,71,70,-2.41,0.2032,0.762,2.286,2.54,1.3462,3.8608,3.8608,1,20,1
0.2032,1.9812,1059.14,2.286,2.54,1046.86,71,70,12.28,0.4572,0.2032,0.2032,1.9812,2.032,4.1656,2.032,2,20,0
0.2032,1.9812,1048.47,0.2032,1.6002,1055.5,70,71,-7.03,1.6764,2.032,0.2032,1.6002,2.032,2.413,2.413,2,10,1
0.2032,1.6002,1060.25,0.2032,1.6002,1047.57,71,70,12.68,1.0668,0.2032,0.2032,1.6002,2.2606,2.2606,2.2606,2,10,0
0.2032,1.6002,1053.65,0.2032,1.9812,1056.32,71,71,-2.67,0.762,0.7112,0.2032,1.9812,1.9558,2.3368,2.3368,2,20,1
0.2032,1.6002,1047.29,1.6764,0.2032,1060.03,70,71,-12.74,0.2032,0.762,1.6764,0.2032,1.3462,2.032,2.032,1,10,1
1.6764,0.2032,1053.5,1.6764,0.2032,1057.24,71,71,-3.74,0.2032,1.143,1.6764,0.2032,2.413,2.413,2.413,1,30,0
1.0668,2.54,1063.15,1.6764,0.2032,1050.73,71,71,12.42,2.286,0.2032,1.0668,2.54,3.556,1.1176,3.556,3,10,0
1.0668,2.54,1057.16,1.0668,2.032,1060.84,71,71,-3.68,0.2032,1.143,1.0668,2.032,2.2606,2.2606,2.2606,1,30,1
0.2032,1.9812,1062.29,1.0668,2.032,1054.29,71,71,8.0,1.6764,2.032,0.2032,1.9812,2.032,1.1176,2.032,2,10,0
0.2032,1.9812,1056.85,0.2032,1.9812,1068.05,71,71,-11.2,1.9812,0.7112,0.2032,1.9812,3.556,3.556,3.556,2,30,1
0.762,2.032,1061.68,0.2032,1.9812,1064.35,71,71,-2.67,0.2032,0.762,0.762,2.032,2.3368,1.7272,2.3368,1,30,0
0.762,2.032,1058.88,0.2032,1.6002,1072.37,71,71,-13.49,2.54,0.762,0.2032,1.6002,3.556,3.175,3.175,2,30,1
0.2032,1.9812,1073.72,0.2032,1.6002,1068.21,72,71,5.51,2.286,0.2032,0.2032,1.9812,3.8608,3.4798,3.8608,2,10,0
0.2032,1.9812,1067.26,0.762,0.7112,1073.29,71,72,-6.03,0.2032,0.762,0.762,0.7112,1.7272,1.1176,1.1176,1,20,1
1.6764,2.54,1078.44,0.762,0.7112,1066.99,72,71,11.45,2.54,1.9812,1.6764,2.54,1.4224,3.556,1.4224,3,20,0
1.6764,2.54,1069.6,1.0668,2.032,1074.52,71,72,-4.92,0.2032,0.762,1.0668,2.032,3.2512,2.6416,2.6416,1,30,1
0.762,2.032,1079.36,1.0668,2.032,1067.6,72,71,11.76,0.2032,1.143,0.762,2.032,1.9558,2.2606,1.9558,1,10,0
0.762,2.032,1071.12,1.6764,2.032,1080.61,71,72,-9.49,0.762,0.2032,1.6764,2.032,2.9464,3.2512,3.2512,3,30,1
1.0668,2.54,1082.7,1.6764,2.032,1074.76,72,71,7.94,0.2032,1.143,1.0668,2.54,2.2606,2.8702,2.2606,1,30,0
1.0668,2.54,1072.64,0.2032,1.9812,1087.62,71,72,-14.98,1.0668,0.2032,0.2032,1.9812,2.9464,2.6416,2.6416,2,30,1
0.2032,1.6002,1081.07,0.2032,1.9812,1077.1,72,71,3.97,1.6764,2.032,0.2032,1.6002,2.413,2.032,2.413,2,10,0
0.2032,1.6002,1074.47,0.2032,1.9812,1089.15,72,72,-14.68,2.286,2.54,0.2032,1.9812,3.0226,2.6416,2.6416,2,10,1
0.2032,1.9812,1084.12,0.2032,1.9812,1079.24,72,71,4.88,1.9812,2.032,0.2032,1.9812,2.3368,2.3368,2.3368,2,30,0
0.2032,1.9812,1077.67,2.54,1.143,1091.29,72,72,-13.62,0.2032,0.762,2.54,1.143,1.7272,2.7178,2.7178,1,20,1
0.4572,0.2032,1082.25,2.54,1.143,1083.05,72,71,-0.8,0.2032,1.143,0.4572,0.2032,1.1938,2.3368,1.1938,1,10,0
0.4572,0.2032,1076.91,1.9812,2.54,1090.43,72,72,-13.52,1.6764,2.032,1.9812,2.54,3.556,0.8128,0.8128,3,20,1
0.2032,1.6002,1089.46,1.9812,2.54,1084.74,72,72,4.72,2.54,1.9812,0.2032,1.6002,2.7178,1.1176,2.7178,2,30,0
0.2032,1.6002,1085.76,0.2032,1.9812,1093.83,72,72,-8.07,2.54,1.143,0.2032,1.9812,2.794,3.175,3.175,2,20,1
0.2032,1.9812,1087.38,0.2032,1.9812,1089.0,72,72,-1.62,1.0668,2.54,0.2032,1.9812,1.4224,1.4224,1.4224,2,30,0
0.2032,1.9812,1082.56,0.2032,1.9812,1099.02,72,73,-16.46,2.54,1.9812,0.2032,1.9812,2.9464,2.9464,2.9464,2,10,1
0.2032,1.9812,1088.3,0.2032,1.9812,1092.66,72,72,-4.36,0.762,0.2032,0.2032,1.9812,2.3368,2.3368,2.3368,2,30,0
0.2032,1.9812,1085.45,0.2032,1.6002,1097.95,72,72,-12.5,0.762,0.7112,0.2032,1.6002,2.3368,1.9558,1.9558,2,10,1
0.2032,1.9812,1098.06,0.2032,1.6002,1096.52,73,72,1.54,2.54,1.9812,0.2032,1.9812,2.9464,2.7178,2.9464,2,20,0
0.2032,1.9812,1090.13,0.2032,1.9812,1108.16,72,73,-18.03,1.9812,0.2032,0.2032,1.9812,3.556,3.556,3.556,2,30,1
0.4572,2.54,1097.91,0.2032,1.9812,1101.55,73,72,-3.64,0.2032,0.762,0.4572,2.54,2.032,1.7272,2.032,1,20,0
0.2032,1.9812,1103.5,0.2032,1.9812,1095.24,73,72,8.26,1.6764,2.54,0.2032,1.9812,2.032,2.032,2.032,2,20,0
0.2032,1.9812,1100.81,0.2032,1.6002,1102.97,73,72,-2.16,2.54,1.9812,0.2032,1.6002,2.9464,2.7178,2.7178,2,20,1
1.9812,0.2032,1106.19,0.2032,1.6002,1100.12,73,72,6.07,0.2032,1.143,1.9812,0.2032,2.7178,0.9652,2.7178,1,30,0
1.9812,0.2032,1100.5,1.6764,2.54,1106.78,73,73,-6.28,0.2032,1.143,1.6764,2.54,2.7178,2.8702,2.8702,1,10,1
0.4572,2.54,1107.31,1.6764,2.54,1100.68,73,72,6.63,0.2032,1.143,0.4572,2.54,1.651,2.8702,1.651,1,20,0
0.4572,2.54,1103.3,1.6764,2.032,1111.81,73,73,-8.51,0.2032,1.143,1.6764,2.032,1.651,2.8702,2.8702,1,20,1
1.6764,2.032,1109.61,1.6764,2.032,1105.41,74,73,4.2,2.54,1.9812,1.6764,2.032,1.4224,1.4224,1.4224,3,30,0
1.6764,2.032,1102.44,1.0668,0.7112,1113.69,73,73,-11.25,0.762,0.7112,1.0668,0.7112,3.2512,0.8128,0.8128,3,10,1
0.2032,1.6002,1113.42,1.0668,0.7112,1106.63,74,73,6.79,1.0668,0.7112,0.2032,1.6002,2.2606,0.0,2.2606,2,20,0
0.2032,1.6002,1106.71,0.762,0.7112,1112.77,74,73,-6.06,0.2032,1.143,0.762,0.7112,0.9652,1.4986,1.4986,1,10,1
0.2032,1.6002,1114.07,0.762,0.7112,1106.32,74,73,7.75,1.0668,2.54,0.2032,1.6002,1.8034,3.2512,1.8034,2,20,0
0.2032,1.6002,1108.08,0.762,2.54,1116.44,74,73,-8.36,1.9812,2.54,0.762,2.54,2.7178,1.7272,1.7272,3,30,1
0.2032,1.6002,1109.86,0.762,2.54,1110.59,74,73,-0.73,0.4572,2.54,0.2032,1.6002,1.1938,0.8128,1.1938,2,30,0
0.2032,1.6002,1106.61,0.2032,1.9812,1122.58,74,73,-15.97,1.9812,0.7112,0.2032,1.9812,3.175,3.556,3.556,2,20,1
1.6764,0.7112,1112.0,0.2032,1.9812,1119.27,75,73,-7.27,0.2032,0.762,1.6764,0.7112,2.032,1.7272,2.032,1,10,0
2.54,1.143,1119.42,0.2032,1.9812,1109.21,75,72,10.21,0.2032,1.143,2.54,1.143,2.3368,1.3462,2.3368,1,30,0
2.54,1.143,1116.72,0.2032,1.9812,1113.78,75,73,2.94,0.4572,2.54,0.2032,1.9812,3.4798,0.8128,0.8128,2,10,1
0.2032,1.6002,1121.4,0.2032,1.9812,1107.38,75,73,14.02,0.762,0.7112,0.2032,1.6002,1.9558,2.3368,1.9558,2,20,0
0.2032,1.6002,1116.72,1.0668,2.032,1115.66,75,73,1.06,0.2032,0.762,1.0668,2.032,1.3462,2.6416,2.6416,1,30,1
0.2032,1.6002,1109.66,0.2032,1.6002,1127.91,75,74,-18.25,2.54,0.762,0.2032,1.6002,3.175,3.175,3.175,2,10,1
0.2032,1.6002,1118.9,0.2032,1.6002,1121.35,75,73,-2.45,1.0668,0.2032,0.2032,1.6002,2.2606,2.2606,2.2606,2,30,0
0.2032,1.9812,1124.14,0.2032,1.6002,1114.38,76,73,9.76,1.0668,2.54,0.2032,1.9812,1.4224,1.8034,1.4224,2,30,0
0.2032,1.9812,1117.68,0.2032,1.6002,1125.46,75,73,-7.78,2.54,0.762,0.2032,1.6002,3.556,3.175,3.175,2,30,1
0.2032,1.9812,1134.34,0.2032,1.6002,1122.77,76,73,11.57,2.286,0.2032,0.2032,1.9812,3.8608,3.4798,3.8608,2,20,0
0.2032,1.9812,1123.06,0.4572,2.54,1125.16,75,74,-2.1,0.2032,1.143,0.4572,2.54,1.3462,1.651,1.651,1,20,1
0.4572,0.2032,1130.68,0.4572,2.54,1119.72,76,73,10.96,0.2032,1.143,0.4572,0.2032,1.1938,1.651,1.1938,1,10,0
0.4572,0.2032,1121.84,1.9812,0.7112,1129.43,75,74,-7.59,1.6764,2.032,1.9812,0.7112,3.556,3.2512,3.2512,3,30,1
1.0668,0.2032,1130.12,1.9812,0.7112,1122.21,76,73,7.91,1.6764,0.7112,1.0668,0.2032,1.1176,0.8128,1.1176,3,20,0
1.0668,0.2032,1123.52,0.2032,1.9812,1133.4,76,74,-9.88,2.54,1.6002,0.2032,1.9812,2.8702,2.7178,2.7178,2,30,1
0.762,2.032,1130.02,0.2032,1.9812,1125.26,76,73,4.76,1.0668,0.2032,0.762,2.032,3.2512,2.6416,3.2512,3,10,0
0.762,2.032,1123.57,0.2032,1.6002,1128.66,76,74,-5.09,0.4572,2.54,0.2032,1.6002,0.8128,1.1938,1.1938,2,10,1
1.9812,0.7112,1131.75,0.2032,1.6002,1118.6,76,73,13.15,2.54,1.143,1.9812,0.7112,1.4986,2.794,1.4986,3,30,0
1.9812,0.7112,1126.31,1.0668,0.2032,1129.12,76,74,-2.81,0.2032,0.762,1.0668,0.2032,2.3368,1.4224,1.4224,1,20,1
1.0668,2.032,1133.43,1.0668,0.2032,1122.72,76,74,10.71,0.2032,0.762,1.0668,2.032,2.6416,1.4224,2.6416,1,20,0
1.0668,2.032,1129.82,1.6764,2.54,1130.39,76,74,-0.57,0.2032,0.762,1.6764,2.54,2.6416,3.2512,3.2512,1,20,1
0.2032,1.9812,1143.03,1.6764,2.54,1127.29,77,74,15.74,2.54,0.762,0.2032,1.9812,3.556,2.6416,3.556,2,10,0
0.2032,1.9812,1137.79,1.9812,0.7112,1131.82,76,75,5.97,1.6764,0.2032,1.9812,0.7112,3.2512,0.8128,0.8128,3,20,1
0.2032,1.9812,1131.8,1.6764,2.54,1143.25,76,75,-11.45,0.2032,1.143,1.6764,2.54,1.3462,2.8702,2.8702,1,10,1
0.2032,1.9812,1140.75,1.6764,2.54,1132.73,77,74,8.02,2.286,2.54,0.2032,1.9812,2.6416,1.1176,2.6416,2,20,0
0.2032,1.9812,1133.48,0.2032,1.9812,1147.53,76,75,-14.05,1.0668,0.7112,0.2032,1.9812,2.6416,2.6416,2.6416,2,30,1
0.2032,1.9812,1146.69,0.2032,1.9812,1139.9,77,74,6.79,1.6764,0.7112,0.2032,1.9812,3.2512,3.2512,3.2512,2,10,0
0.2032,1.9812,1140.85,2.54,1.9812,1153.01,76,75,-12.16,0.2032,0.762,2.54,1.9812,1.7272,3.556,3.556,1,20,1
1.9812,2.032,1152.64,2.54,1.9812,1142.34,77,74,10.3,0.2032,0.762,1.9812,2.032,3.556,3.556,3.556,1,10,0
1.9812,2.032,1142.12,0.2032,1.9812,1156.57,76,75,-14.45,1.9812,0.7112,0.2032,1.9812,2.9464,3.556,3.556,2,30,1
1.6764,2.032,1158.18,0.2032,1.9812,1151.18,77,75,7.0,1.0668,0.7112,1.6764,2.032,2.9464,2.6416,2.9464,3,20,0
1.6764,2.032,1150.97,0.2032,1.9812,1159.77,77,75,-8.8,1.9812,2.032,0.2032,1.9812,0.8128,2.3368,2.3368,2,20,1
0.2032,1.9812,1157.17,0.2032,1.9812,1153.16,77,75,4.01,2.286,2.54,0.2032,1.9812,2.6416,2.6416,2.6416,2,30,0
0.2032,1.9812,1154.47,0.2032,1.6002,1162.56,77,75,-8.09,1.0668,0.2032,0.2032,1.6002,2.6416,2.2606,2.2606,2,20,1
0.762,0.2032,1156.1,0.2032,1.6002,1157.73,77,75,-1.63,0.2032,0.762,0.762,0.2032,1.1176,1.3462,1.1176,1,30,0
0.762,0.2032,1153.87,0.4572,0.2032,1164.08,77,75,-10.21,1.9812,0.2032,0.4572,0.2032,1.7272,2.032,2.032,3,10,1
0.2032,1.6002,1155.03,0.4572,0.2032,1161.39,77,75,-6.36,0.762,0.2032,0.2032,1.6002,1.9558,0.8128,1.9558,2,20,0
0.2032,1.9812,1170.48,0.4572,0.2032,1155.14,78,75,15.34,2.54,0.762,0.2032,1.9812,3.556,2.6416,3.556,2,10,0
0.2032,1.9812,1159.04,1.0668,0.7112,1159.76,77,75,-0.72,0.2032,1.143,1.0668,0.7112,1.3462,1.8034,1.8034,1,10,1
0.2032,1.9812,1155.58,0.4572,0.2032,1163.17,77,76,-7.59,0.762,0.2032,0.4572,0.2032,2.3368,0.8128,0.8128,3,30,1
0.2032,1.9812,1164.38,0.4572,0.2032,1155.24,78,75,9.14,1.9812,2.032,0.2032,1.9812,2.3368,3.8608,2.3368,2,30,0
0.2032,1.9812,1158.53,2.286,2.54,1167.9,77,76,-9.37,0.762,2.54,2.286,2.54,1.1176,2.032,2.032,3,30,1
0.2032,1.9812,1161.78,2.286,2.54,1157.99,78,75,3.79,0.762,2.032,0.2032,1.9812,1.1176,2.032,1.1176,2,10,0
0.2032,1.9812,1168.29,2.286,2.54,1154.08,78,75,14.21,0.762,0.2032,0.2032,1.9812,2.3368,3.8608,2.3368,2,30,0
0.2032,1.9812,1164.27,0.2032,1.6002,1164.09,78,76,0.18,0.762,0.2032,0.2032,1.6002,2.3368,1.9558,1.9558,2,10,1
0.2032,1.9812,1158.28,1.0668,0.2032,1169.17,78,76,-10.89,0.4572,0.2032,1.0668,0.2032,2.032,1.1176,1.1176,3,20,1
1.9812,0.2032,1164.63,1.0668,0.2032,1163.78,78,76,0.85,0.2032,1.143,1.9812,0.2032,2.7178,1.8034,2.7178,1,20,0
1.3716,0.2032,0.0,0.2032,1.9812,10.47,0,1,-10.47,0.762,2.54,0.2032,1.9812,2.9464,1.1176,1.1176,2,30,1
1.3716,0.2032,0.0,0.2032,1.6002,12.45,0,1,-12.45,1.0668,2.032,0.2032,1.6002,2.6416,1.8034,1.8034,2,10,1
1.3716,0.2032,0.0,0.2032,1.6002,15.65,0,1,-15.65,1.6764,2.54,0.2032,1.6002,2.6416,2.413,2.413,2,30,1
1.3716,0.2032,0.0,0.762,0.2032,10.93,0,1,-10.93,0.2032,0.762,0.762,0.2032,1.7272,1.1176,1.1176,1,30,1
0.2032,1.6002,14.89,0.762,0.2032,0.0,1,0,14.89,1.0668,2.032,0.2032,1.6002,1.8034,3.2512,1.8034,2,30,0
1.6764,2.54,13.67,0.762,0.2032,0.0,1,0,13.67,0.2032,1.143,1.6764,2.54,2.8702,1.4986,2.8702,1,30,0
1.6764,2.54,0.0,0.762,0.7112,10.47,0,1,-10.47,0.2032,0.762,0.762,0.7112,3.2512,1.1176,1.1176,1,30,1
1.6764,2.54,0.0,1.0668,2.032,13.52,0,1,-13.52,0.2032,1.143,1.0668,2.032,2.8702,2.2606,2.2606,1,10,1
1.6764,2.54,0.0,2.54,1.143,16.72,0,1,-16.72,0.2032,0.762,2.54,1.143,3.2512,2.7178,2.7178,1,10,1
1.6764,2.54,0.0,2.54,0.762,17.33,0,1,-17.33,0.2032,0.762,2.54,0.762,3.2512,2.9464,2.9464,1,30,1
2.54,1.6002,10.62,2.54,0.762,0.0,1,0,10.62,2.286,2.54,2.54,1.6002,1.1938,2.032,1.1938,3,20,0
2.54,1.6002,0.0,2.54,1.6002,18.24,0,1,-18.24,0.2032,0.762,2.54,1.6002,3.175,3.175,3.175,1,20,1
2.54,1.6002,0.0,2.286,0.2032,17.63,0,1,-17.63,0.4572,0.2032,2.286,0.2032,3.4798,2.3368,2.3368,3,20,1
2.54,1.6002,0.0,1.6764,2.54,17.79,0,1,-17.79,0.2032,0.762,1.6764,2.54,3.175,3.2512,3.2512,1,30,1
0.2032,1.9812,17.02,1.6764,2.54,5.49,1,1,11.53,1.6764,0.7112,0.2032,1.9812,3.2512,2.9464,3.2512,2,10,0
1.0668,0.2032,12.3,1.6764,2.54,0.0,1,0,12.3,0.2032,1.143,1.0668,0.2032,1.8034,2.8702,1.8034,1,30,0
0.2032,1.9812,12.3,1.6764,2.54,0.0,1,0,12.3,0.762,0.2032,0.2032,1.9812,2.3368,3.2512,2.3368,2,10,0
0.2032,1.9812,10.47,1.6764,2.54,0.0,1,0,10.47,0.762,2.54,0.2032,1.9812,1.1176,1.4224,1.1176,2,30,0
0.2032,1.9812,0.0,0.2032,1.9812,19.61,0,1,-19.61,1.9812,0.7112,0.2032,1.9812,3.556,3.556,3.556,2,20,1
1.6764,2.032,15.96,0.2032,1.9812,4.27,1,1,11.69,0.2032,0.762,1.6764,2.032,3.2512,1.7272,3.2512,1,20,0
1.6764,2.032,0.0,1.9812,2.54,16.57,0,1,-16.57,0.2032,0.762,1.9812,2.54,3.2512,3.556,3.556,1,20,1
1.9812,0.2032,17.18,1.9812,2.54,4.12,1,1,13.06,0.2032,0.762,1.9812,0.2032,2.3368,3.556,2.3368,1,30,0
1.9812,0.7112,15.35,1.9812,2.54,0.0,1,0,15.35,0.2032,0.762,1.9812,0.7112,2.3368,3.556,2.3368,1,20,0
0.2032,1.6002,13.37,1.9812,2.54,0.0,1,0,13.37,0.762,0.2032,0.2032,1.6002,1.9558,3.556,1.9558,2,10,0
0.2032,1.6002,0.0,0.2032,1.9812,11.69,0,1,-11.69,1.9812,2.032,0.2032,1.9812,2.7178,2.3368,2.3368,2,10,1
2.54,1.143,14.13,0.2032,1.9812,0.0,1,0,14.13,0.2032,0.762,2.54,1.143,2.7178,1.7272,2.7178,1,30,0
2.54,1.6002,12.91,0.2032,1.9812,0.0,1,0,12.91,1.9812,0.2032,2.54,1.6002,1.9558,3.556,1.9558,3,10,0
2.54,1.6002,0.0,0.4572,2.54,11.99,0,1,-11.99,0.2032,1.143,0.4572,2.54,2.794,1.651,1.651,1,10,1
2.54,1.6002,0.0,0.762,2.54,13.21,0,1,-13.21,0.2032,1.143,0.762,2.54,2.794,1.9558,1.9558,1,30,1
2.54,1.6002,0.0,1.6764,2.032,11.08,0,1,-11.08,0.4572,2.54,1.6764,2.032,3.0226,1.7272,1.7272,3,10,1
0.2032,1.6002,13.52,1.6764,2.032,0.0,1,0,13.52,2.54,1.143,0.2032,1.6002,2.794,2.2606,2.794,2,20,0
0.2032,1.9812,14.59,1.6764,2.032,0.0,1,0,14.59,0.762,0.2032,0.2032,1.9812,2.3368,3.2512,2.3368,2,10,0
1.0668,2.032,14.74,1.6764,2.032,0.0,1,0,14.74,0.2032,0.762,1.0668,2.032,2.6416,3.2512,2.6416,1,30,0
2.54,0.762,15.96,1.6764,2.032,0.0,1,0,15.96,0.2032,1.143,2.54,0.762,2.7178,2.8702,2.7178,1,10,0
2.54,0.762,0.0,0.2032,1.6002,13.06,0,1,-13.06,1.9812,2.54,0.2032,1.6002,2.3368,2.7178,2.7178,2,20,1
0.2032,1.9812,15.35,0.2032,1.6002,0.0,1,0,15.35,1.9812,2.54,0.2032,1.9812,2.3368,2.7178,2.3368,2,20,0
0.2032,1.9812,0.0,2.54,1.6002,13.52,0,1,-13.52,0.2032,1.143,2.54,1.6002,1.3462,2.794,2.794,1,30,1
0.2032,1.6002,12.45,2.54,1.6002,0.0,1,0,12.45,1.0668,2.54,0.2032,1.6002,1.8034,2.413,1.8034,2,10,0
0.2032,1.9812,15.8,2.54,1.6002,0.0,1,0,15.8,1.0668,0.7112,0.2032,1.9812,2.6416,2.8702,2.6416,2,30,0
1.9812,0.2032,14.13,2.54,1.6002,0.0,1,0,14.13,0.2032,1.143,1.9812,0.2032,2.7178,2.794,2.7178,1,10,0
0.762,2.032,15.35,2.54,1.6002,0.0,1,0,15.35,0.2032,1.143,0.762,2.032,1.9558,2.794,1.9558,1,30,0
0.2032,1.6002,11.23,2.54,1.6002,0.0,1,0,11.23,1.0668,2.032,0.2032,1.6002,1.8034,2.413,1.8034,2,10,0
1.6764,2.54,15.19,2.54,1.6002,0.0,1,0,15.19,0.2032,0.762,1.6764,2.54,3.2512,3.175,3.2512,1,30,0
1.6764,2.54,0.0,1.9812,2.54,19.46,0,1,-19.46,0.2032,0.762,1.9812,2.54,3.2512,3.556,3.556,1,20,1
0.2032,1.6002,14.28,1.9812,2.54,4.12,1,1,10.16,2.54,1.9812,0.2032,1.6002,2.7178,1.1176,2.7178,2,30,0
0.2032,1.6002,0.0,1.6764,0.2032,13.52,0,1,-13.52,1.9812,2.032,1.6764,0.2032,2.7178,3.2512,3.2512,3,30,1
0.2032,1.9812,11.23,1.6764,0.2032,0.0,1,0,11.23,0.762,2.54,0.2032,1.9812,1.1176,3.2512,1.1176,2,10,0
1.9812,0.2032,14.13,1.6764,0.2032,0.0,1,0,14.13,0.2032,1.143,1.9812,0.2032,2.7178,2.413,2.7178,1,10,0
1.9812,0.2032,0.0,1.0668,0.7112,12.91,0,1,-12.91,0.2032,0.762,1.0668,0.7112,2.3368,1.4224,1.4224,1,30,1
1.9812,0.2032,0.0,1.9812,0.7112,15.04,0,1,-15.04,0.2032,1.143,1.9812,0.7112,2.7178,2.7178,2.7178,1,10,1
1.9812,0.2032,0.0,0.2032,1.9812,14.13,0,1,-14.13,1.6764,0.7112,0.2032,1.9812,0.8128,3.2512,3.2512,2,10,1
1.9812,0.2032,0.0,2.54,1.9812,15.04,0,1,-15.04,0.2032,1.143,2.54,1.9812,2.7178,3.175,3.175,1,10,1
1.9812,0.2032,0.0,0.2032,1.9812,12.91,0,1,-12.91,1.0668,2.54,0.2032,1.9812,3.2512,1.4224,1.4224,2,20,1
1.9812,0.2032,0.0,0.2032,1.9812,14.13,0,1,-14.13,1.6764,2.032,0.2032,1.9812,3.2512,2.032,2.032,2,30,1
0.2032,1.6002,13.37,0.2032,1.9812,0.0,1,0,13.37,1.6764,0.2032,0.2032,1.6002,2.8702,3.2512,2.8702,2,30,0
0.4572,0.2032,16.41,0.2032,1.9812,0.0,1,0,16.41,1.9812,0.7112,0.4572,0.2032,2.032,3.556,2.032,3,20,0
0.4572,0.2032,0.0,0.762,2.54,15.35,0,1,-15.35,2.286,2.54,0.762,2.54,4.1656,2.032,2.032,3,30,1
0.2032,1.6002,12.76,0.762,2.54,0.0,1,0,12.76,1.0668,0.2032,0.2032,1.6002,2.2606,3.2512,2.2606,2,10,0
0.2032,1.6002,0.0,0.2032,1.9812,15.35,0,1,-15.35,2.286,2.54,0.2032,1.9812,3.0226,2.6416,2.6416,2,20,1
0.2032,1.6002,18.7,0.2032,1.9812,0.0,1,0,18.7,2.54,0.762,0.2032,1.6002,3.175,3.556,3.175,2,20,0
1.6764,0.2032,12.76,0.2032,1.9812,0.0,1,0,12.76,0.2032,1.143,1.6764,0.2032,2.413,1.3462,2.413,1,30,0
1.6764,0.2032,0.0,2.286,0.2032,14.74,0,1,-14.74,0.2032,0.762,2.286,0.2032,2.032,2.6416,2.6416,1,10,1
1.6764,0.2032,0.0,1.9812,2.032,11.28,0,1,-11.28,2.286,0.2032,1.9812,2.032,1.1176,2.6416,2.6416,3,30,1
1.6764,0.2032,14.13,1.9812,2.032,0.0,1,0,14.13,0.2032,0.762,1.6764,0.2032,2.032,3.556,2.032,1,10,0
1.9812,2.032,17.18,1.9812,2.032,0.0,1,0,17.18,0.2032,1.143,1.9812,2.032,3.175,3.175,3.175,1,10,0
1.9812,2.032,0.0,1.0668,0.7112,15.96,0,1,-15.96,0.2032,1.143,1.0668,0.7112,3.175,1.8034,1.8034,1,10,1
0.2032,1.9812,11.69,1.0668,0.7112,0.0,1,0,11.69,0.762,2.54,0.2032,1.9812,1.1176,3.2512,1.1176,2,20,0
2.286,0.2032,15.96,1.0668,0.7112,0.0,1,0,15.96,1.6764,2.54,2.286,0.2032,2.9464,2.9464,2.9464,3,10,0
2.286,0.2032,0.0,0.2032,1.6002,15.5,0,1,-15.5,0.762,2.54,0.2032,1.6002,3.8608,1.4986,1.4986,2,10,1
2.286,0.2032,0.0,1.6764,2.032,15.19,0,1,-15.19,0.2032,0.762,1.6764,2.032,2.6416,3.2512,3.2512,1,20,1
1.0668,2.54,16.57,1.6764,2.032,0.0,1,0,16.57,0.2032,0.762,1.0668,2.54,2.6416,3.2512,2.6416,1,10,0
1.9812,2.54,16.87,1.6764,2.032,0.0,1,0,16.87,0.2032,1.143,1.9812,2.54,3.175,2.8702,3.175,1,30,0
1.9812,2.54,4.12,0.762,0.2032,14.74,1,1,-10.62,0.2032,1.143,0.762,0.2032,3.175,1.4986,1.4986,1,20,1
1.9812,2.54,0.0,2.54,1.143,13.67,0,1,-13.67,0.2032,1.143,2.54,1.143,3.175,2.3368,2.3368,1,20,1
1.9812,2.54,0.0,2.54,1.6002,17.79,0,1,-17.79,0.2032,0.762,2.54,1.6002,3.556,3.175,3.175,1,10,1
1.9812,2.54,0.0,1.9812,2.54,19.46,0,1,-19.46,0.2032,0.762,1.9812,2.54,3.556,3.556,3.556,1,10,1
0.2032,1.6002,12.45,1.9812,2.54,7.93,1,1,4.52,1.0668,2.54,0.2032,1.6002,1.8034,1.4224,1.8034,2,30,0
0.2032,1.6002,0.0,0.2032,1.6002,12.45,0,1,-12.45,1.6764,2.54,0.2032,1.6002,2.413,2.413,2.413,2,20,1
0.2032,1.6002,0.0,0.4572,0.2032,10.32,0,1,-10.32,0.2032,1.143,0.4572,0.2032,0.9652,1.1938,1.1938,1,10,1
0.2032,1.6002,0.0,0.2032,1.6002,11.54,0,1,-11.54,0.762,0.7112,0.2032,1.6002,1.9558,1.9558,1.9558,2,10,1
0.2032,1.6002,0.0,0.762,2.032,11.84,0,1,-11.84,0.2032,1.143,0.762,2.032,0.9652,1.9558,1.9558,1,30,1
1.9812,0.2032,13.37,0.762,2.032,0.0,1,0,13.37,1.0668,0.7112,1.9812,0.2032,1.4224,3.2512,1.4224,3,30,0
0.2032,1.9812,14.13,0.762,2.032,0.0,1,0,14.13,0.4572,0.2032,0.2032,1.9812,2.032,2.6416,2.032,2,30,0
0.2032,1.9812,16.57,0.762,2.032,0.0,1,0,16.57,1.0668,0.7112,0.2032,1.9812,2.6416,3.2512,2.6416,2,10,0
1.9812,0.2032,14.13,0.762,2.032,0.0,1,0,14.13,0.2032,1.143,1.9812,0.2032,2.7178,1.9558,2.7178,1,20,0
1.9812,0.2032,0.0,1.9812,2.032,17.79,0,1,-17.79,0.2032,0.762,1.9812,2.032,2.3368,3.556,3.556,1,30,1
1.0668,2.54,15.96,1.9812,2.032,4.12,1,1,11.84,0.2032,1.143,1.0668,2.54,2.2606,3.175,2.2606,1,10,0
2.286,0.2032,14.13,1.9812,2.032,0.0,1,0,14.13,1.6764,0.7112,2.286,0.2032,1.1176,3.2512,1.1176,3,20,0
2.286,0.2032,0.0,0.762,2.54,10.47,0,1,-10.47,1.0668,2.032,0.762,2.54,3.556,0.8128,0.8128,3,10,1
1.0668,2.032,14.13,0.762,2.54,0.0,1,0,14.13,1.6764,0.7112,1.0668,2.032,2.9464,3.2512,2.9464,3,10,0
0.2032,1.6002,13.06,0.762,2.54,0.0,1,0,13.06,1.6764,2.54,0.2032,1.6002,2.413,1.4224,2.413,2,10,0
0.2032,1.6002,0.0,0.762,2.032,14.13,0,1,-14.13,2.286,2.54,0.762,2.032,3.0226,2.032,2.032,3,20,1
1.0668,2.032,13.98,0.762,2.032,0.0,1,0,13.98,0.2032,0.762,1.0668,2.032,2.6416,2.3368,2.6416,1,20,0
0.2032,1.6002,15.5,0.762,2.032,0.0,1,0,15.5,2.54,1.6002,0.2032,1.6002,2.3368,2.7178,2.3368,2,20,0
1.0668,2.032,13.98,0.762,2.032,0.0,1,0,13.98,0.2032,0.762,1.0668,2.032,2.6416,2.3368,2.6416,1,10,0
1.0668,2.032,0.0,0.762,0.2032,12.91,0,1,-12.91,0.2032,1.143,0.762,0.2032,2.2606,1.4986,1.4986,1,20,1
1.9812,0.7112,14.74,0.762,0.2032,0.0,1,0,14.74,1.6764,2.54,1.9812,0.7112,3.2512,3.2512,3.2512,3,30,0
1.9812,0.7112,0.0,2.54,1.6002,14.59,0,1,-14.59,0.2032,0.762,2.54,1.6002,2.3368,3.175,3.175,1,20,1
1.6764,0.7112,16.26,2.54,1.6002,0.0,1,0,16.26,0.2032,1.143,1.6764,0.7112,2.413,2.794,2.413,1,30,0
1.6764,0.7112,0.0,0.4572,2.54,12.05,0,1,-12.05,2.54,1.6002,0.4572,2.54,2.2606,3.0226,3.0226,3,30,1
1.6764,0.7112,0.0,0.2032,1.9812,13.52,0,1,-13.52,1.6764,2.032,0.2032,1.9812,2.9464,2.032,2.032,2,10,1
1.0668,2.54,14.13,0.2032,1.9812,0.0,1,0,14.13,1.9812,0.7112,1.0668,2.54,3.2512,3.556,3.2512,3,10,0
0.2032,1.9812,9.86,0.2032,1.9812,0.0,1,0,9.86,0.762,2.54,0.2032,1.9812,1.1176,1.1176,1.1176,2,30,0
0.2032,1.9812,0.0,1.0668,2.54,17.18,0,1,-17.18,0.762,0.7112,1.0668,2.54,2.3368,3.2512,3.2512,3,30,1
0.2032,1.6002,14.59,1.0668,2.54,0.0,1,0,14.59,0.762,0.7112,0.2032,1.6002,1.9558,3.2512,1.9558,2,10,0
1.9812,2.032,14.28,1.0668,2.54,0.0,1,0,14.28,0.2032,1.143,1.9812,2.032,3.175,2.2606,3.175,1,20,0
0.2032,1.9812,11.69,1.0668,2.54,0.0,1,0,11.69,1.6764,2.54,0.2032,1.9812,2.032,1.1176,2.032,2,10,0
0.2032,1.9812,16.57,1.0668,2.54,0.0,1,0,16.57,1.0668,0.2032,0.2032,1.9812,2.6416,2.9464,2.6416,2,20,0
0.2032,1.9812,0.0,0.762,0.2032,15.96,0,1,-15.96,1.9812,0.7112,0.762,0.2032,3.556,1.7272,1.7272,3,30,1
0.2032,1.9812,0.0,0.2032,1.6002,17.02,0,1,-17.02,2.286,0.2032,0.2032,1.6002,3.8608,3.4798,3.4798,2,20,1
0.2032,1.9812,0.0,0.2032,1.9812,19.46,0,1,-19.46,1.9812,0.7112,0.2032,1.9812,3.556,3.556,3.556,2,20,1
0.2032,1.9812,15.35,0.2032,1.9812,6.1,1,1,9.25,1.9812,2.54,0.2032,1.9812,2.3368,2.3368,2.3368,2,20,0
0.2032,1.9812,0.0,0.2032,1.9812,14.13,0,1,-14.13,1.6764,2.54,0.2032,1.9812,2.032,2.032,2.032,2,30,1
0.2032,1.9812,0.0,0.2032,1.6002,15.8,0,1,-15.8,1.0668,0.7112,0.2032,1.6002,2.6416,2.2606,2.2606,2,30,1
0.2032,1.9812,0.0,1.0668,2.032,12.45,0,1,-12.45,0.2032,1.143,1.0668,2.032,1.3462,2.2606,2.2606,1,20,1
1.9812,0.7112,14.13,1.0668,2.032,0.0,1,0,14.13,0.2032,1.143,1.9812,0.7112,2.7178,2.2606,2.7178,1,20,0
0.2032,1.9812,15.35,1.0668,2.032,0.0,1,0,15.35,2.286,0.2032,0.2032,1.9812,3.8608,3.556,3.8608,2,30,0
0.2032,1.9812,0.0,0.2032,1.6002,9.61,0,1,-9.61,1.0668,2.032,0.2032,1.6002,1.4224,1.8034,1.8034,2,10,1
0.2032,1.9812,0.0,1.6764,0.2032,12.76,0,1,-12.76,0.2032,1.143,1.6764,0.2032,1.3462,2.413,2.413,1,20,1
0.2032,1.9812,0.0,0.2032,1.6002,15.19,0,1,-15.19,2.54,1.6002,0.2032,1.6002,2.7178,2.3368,2.3368,2,20,1
0.2032,1.9812,0.0,1.9812,0.7112,13.37,0,1,-13.37,1.6764,0.2032,1.9812,0.7112,3.2512,0.8128,0.8128,3,20,1
2.286,0.2032,14.74,1.9812,0.7112,0.0,1,0,14.74,0.2032,0.762,2.286,0.2032,2.6416,2.3368,2.6416,1,30,0
2.286,0.2032,0.0,1.6764,0.7112,14.74,0,1,-14.74,0.2032,0.762,1.6764,0.7112,2.6416,2.032,2.032,1,10,1
2.286,0.2032,0.0,0.2032,1.6002,15.5,0,1,-15.5,1.0668,2.54,0.2032,1.6002,3.556,1.8034,1.8034,2,20,1
2.286,0.2032,0.0,0.2032,1.6002,13.21,0,1,-13.21,1.0668,2.54,0.2032,1.6002,3.556,1.8034,1.8034,2,20,1
0.2032,1.9812,15.96,0.2032,1.6002,0.0,1,0,15.96,2.286,2.54,0.2032,1.9812,2.6416,3.0226,2.6416,2,10,0
0.2032,1.9812,0.0,2.54,1.6002,15.04,0,1,-15.04,0.2032,0.762,2.54,1.6002,1.7272,3.175,3.175,1,30,1
0.2032,1.9812,0.0,0.2032,1.6002,14.18,0,2,-14.18,2.54,1.6002,0.2032,1.6002,2.7178,2.3368,2.3368,2,30,1
0.2032,1.9812,0.0,0.2032,1.6002,17.48,0,1,-17.48,1.6764,0.2032,0.2032,1.6002,3.2512,2.8702,2.8702,2,20,1
0.2032,1.9812,14.13,0.2032,1.6002,0.0,1,0,14.13,1.6764,2.54,0.2032,1.9812,2.032,2.413,2.032,2,10,0
0.2032,1.9812,0.0,1.9812,2.032,17.02,0,1,-17.02,2.54,0.762,1.9812,2.032,3.556,2.3368,2.3368,3,10,1
1.6764,2.032,14.43,1.9812,2.032,0.0,1,0,14.43,0.2032,1.143,1.6764,2.032,2.8702,3.175,2.8702,1,30,0
1.0668,0.2032,15.35,1.9812,2.032,0.0,1,0,15.35,0.2032,1.143,1.0668,0.2032,1.8034,3.175,1.8034,1,10,0
0.762,0.2032,11.08,1.9812,2.032,0.0,1,0,11.08,0.2032,0.762,0.762,0.2032,1.1176,3.556,1.1176,1,20,0
1.0668,0.7112,13.52,1.9812,2.032,0.0,1,0,13.52,2.286,0.2032,1.0668,0.7112,1.7272,2.6416,1.7272,3,20,0
0.2032,1.6002,16.41,1.9812,2.032,0.0,1,0,16.41,2.54,0.762,0.2032,1.6002,3.175,2.3368,3.175,2,10,0
0.2032,1.9812,18.24,1.9812,2.032,0.0,1,0,18.24,1.6764,0.2032,0.2032,1.9812,3.2512,3.2512,3.2512,2,30,0
0.2032,1.9812,4.27,0.762,0.2032,15.35,1,1,-11.08,0.2032,1.143,0.762,0.2032,1.3462,1.4986,1.4986,1,20,1
0.2032,1.9812,10.47,0.762,0.2032,0.0,1,0,10.47,0.762,2.54,0.2032,1.9812,1.1176,2.9464,1.1176,2,20,0
0.2032,1.9812,0.0,2.286,2.54,15.96,0,1,-15.96,0.2032,0.762,2.286,2.54,1.7272,3.8608,3.8608,1,20,1
0.2032,1.9812,0.0,0.2032,1.6002,13.06,0,1,-13.06,1.9812,2.54,0.2032,1.6002,2.3368,2.7178,2.7178,2,10,1
0.2032,1.9812,0.0,0.2032,1.9812,19.46,0,1,-19.46,1.9812,0.7112,0.2032,1.9812,3.556,3.556,3.556,2,20,1
0.2032,1.6002,14.59,0.2032,1.9812,4.27,1,1,10.32,0.762,0.7112,0.2032,1.6002,1.9558,2.3368,1.9558,2,30,0
0.2032,1.9812,14.59,0.2032,1.9812,0.0,1,0,14.59,0.762,0.2032,0.2032,1.9812,2.3368,2.3368,2.3368,2,20,0
0.2032,1.9812,0.0,1.6764,0.7112,13.52,0,1,-13.52,0.2032,0.762,1.6764,0.7112,1.7272,2.032,2.032,1,10,1
1.6764,0.7112,17.18,1.6764,0.7112,0.0,1,0,17.18,1.9812,2.54,1.6764,0.7112,3.2512,3.2512,3.2512,3,10,0
1.6764,0.7112,3.51,0.762,2.54,14.74,1,1,-11.23,0.2032,0.762,0.762,2.54,2.032,2.3368,2.3368,1,30,1
1.0668,2.032,15.35,0.762,2.54,0.0,1,0,15.35,0.762,0.2032,1.0668,2.032,3.2512,2.9464,3.2512,3,10,0
1.0668,2.032,0.0,1.9812,0.7112,15.35,0,1,-15.35,0.2032,0.762,1.9812,0.7112,2.6416,2.3368,2.3368,1,20,1
1.0668,2.032,0.0,0.2032,1.9812,14.13,0,1,-14.13,1.0668,0.7112,0.2032,1.9812,2.9464,2.6416,2.6416,2,20,1
0.2032,1.9812,9.86,0.2032,1.9812,0.0,1,0,9.86,1.0668,2.54,0.2032,1.9812,1.4224,1.4224,1.4224,2,20,0
0.2032,1.9812,0.0,2.286,0.2032,14.74,0,1,-14.74,0.2032,0.762,2.286,0.2032,1.7272,2.6416,2.6416,1,30,1
0.2032,1.9812,10.47,2.286,0.2032,0.0,1,0,10.47,0.762,2.032,0.2032,1.9812,1.1176,3.8608,1.1176,2,10,0
0.2032,1.9812,0.0,1.6764,0.2032,11.69,0,1,-11.69,1.0668,0.2032,1.6764,0.2032,2.6416,1.1176,1.1176,3,10,1
2.54,0.762,14.13,1.6764,0.2032,0.0,1,0,14.13,0.2032,1.143,2.54,0.762,2.7178,2.413,2.7178,1,10,0
2.54,0.762,0.0,1.0668,2.032,15.35,0,1,-15.35,0.2032,0.762,1.0668,2.032,2.9464,2.6416,2.6416,1,10,1
2.54,0.762,0.0,2.54,0.762,15.96,0,1,-15.96,0.2032,1.143,2.54,0.762,2.7178,2.7178,2.7178,1,10,1
2.54,0.762,0.0,0.2032,1.9812,15.35,0,1,-15.35,1.6764,2.54,0.2032,1.9812,2.6416,2.032,2.032,2,30,1
0.2032,1.6002,14.59,0.2032,1.9812,0.0,1,0,14.59,2.286,0.2032,0.2032,1.6002,3.4798,3.8608,3.4798,2,30,0
1.6764,0.7112,12.76,0.2032,1.9812,0.0,1,0,12.76,0.2032,0.762,1.6764,0.7112,2.032,1.7272,2.032,1,30,0
0.2032,1.6002,12.76,0.2032,1.9812,0.0,1,0,12.76,0.762,0.2032,0.2032,1.6002,1.9558,2.3368,1.9558,2,30,0
0.2032,1.6002,0.0,0.762,2.032,10.47,0,1,-10.47,1.0668,2.54,0.762,2.032,1.8034,0.8128,0.8128,3,30,1
0.2032,1.6002,0.0,0.2032,1.9812,10.47,0,1,-10.47,1.0668,2.032,0.2032,1.9812,1.8034,1.4224,1.4224,2,20,1
1.0668,2.54,12.45,0.2032,1.9812,0.0,1,0,12.45,0.2032,1.143,1.0668,2.54,2.2606,1.3462,2.2606,1,10,0
1.0668,2.54,0.0,1.6764,2.032,14.43,0,1,-14.43,0.2032,1.143,1.6764,2.032,2.2606,2.8702,2.8702,1,10,1
1.0668,2.54,16.57,1.6764,2.032,0.0,1,0,16.57,0.2032,0.762,1.0668,2.54,2.6416,3.2512,2.6416,1,20,0
2.54,1.9812,16.87,1.6764,2.032,0.0,1,0,16.87,0.2032,1.143,2.54,1.9812,3.175,2.8702,3.175,1,10,0
2.54,1.9812,0.0,0.2032,1.9812,11.08,0,1,-11.08,1.6764,2.54,0.2032,1.9812,1.4224,2.032,2.032,2,10,1
2.54,1.9812,0.0,0.762,0.2032,12.91,0,1,-12.91,1.0668,0.2032,0.762,0.2032,3.2512,0.8128,0.8128,3,20,1
2.54,1.9812,0.0,0.762,0.2032,11.99,0,1,-11.99,0.2032,1.143,0.762,0.2032,3.175,1.4986,1.4986,1,10,1
2.54,1.9812,0.0,1.6764,2.032,14.74,0,1,-14.74,0.2032,1.143,1.6764,2.032,3.175,2.8702,2.8702,1,20,1
2.54,1.9812,0.0,0.762,0.2032,14.74,0,1,-14.74,0.2032,0.762,0.762,0.2032,3.556,1.1176,1.1176,1,20,1
0.2032,1.9812,12.91,0.762,0.2032,0.0,1,0,12.91,1.6764,2.54,0.2032,1.9812,2.032,3.2512,2.032,2,10,0
0.2032,1.9812,0.0,0.762,0.2032,10.47,0,1,-10.47,0.2032,0.762,0.762,0.2032,1.7272,1.1176,1.1176,1,10,1
1.6764,2.54,14.43,0.762,0.2032,0.0,1,0,14.43,0.2032,1.143,1.6764,2.54,2.8702,1.4986,2.8702,1,10,0
1.6764,2.54,0.0,0.2032,1.6002,15.8,0,1,-15.8,1.9812,0.2032,0.2032,1.6002,3.2512,3.175,3.175,2,10,1
1.6764,2.54,0.0,1.0668,2.54,12.45,0,1,-12.45,0.2032,1.143,1.0668,2.54,2.8702,2.2606,2.2606,1,10,1
0.2032,1.6002,16.11,1.0668,2.54,0.0,1,0,16.11,2.54,1.143,0.2032,1.6002,2.794,2.8702,2.794,2,20,0
0.762,0.2032,10.93,1.0668,2.54,0.0,1,0,10.93,0.2032,1.143,0.762,0.2032,1.4986,2.2606,1.4986,1,10,0
0.2032,1.9812,17.79,1.0668,2.54,0.0,1,0,17.79,2.286,0.2032,0.2032,1.9812,3.8608,3.556,3.8608,2,10,0
1.0668,2.032,14.74,1.0668,2.54,0.0,1,0,14.74,0.2032,0.762,1.0668,2.032,2.6416,2.6416,2.6416,1,30,0
1.0668,2.032,0.0,0.2032,1.6002,16.41,0,1,-16.41,1.0668,0.7112,0.2032,1.6002,2.9464,2.2606,2.2606,2,20,1
1.0668,2.032,0.0,1.6764,2.54,13.67,0,1,-13.67,0.2032,1.143,1.6764,2.54,2.2606,2.8702,2.8702,1,10,1
2.54,1.9812,16.87,1.6764,2.54,0.0,1,0,16.87,0.2032,1.143,2.54,1.9812,3.175,2.8702,3.175,1,10,0
0.2032,1.9812,17.79,1.6764,2.54,0.0,1,0,17.79,1.9812,0.7112,0.2032,1.9812,3.556,3.2512,3.556,2,20,0
0.2032,1.9812,6.1,0.762,2.032,15.65,1,1,-9.55,0.2032,1.143,0.762,2.032,1.3462,1.9558,1.9558,1,20,1
0.2032,1.9812,0.0,1.0668,0.2032,15.96,0,1,-15.96,1.9812,0.7112,1.0668,0.2032,3.556,1.4224,1.4224,3,30,1
0.2032,1.9812,0.0,0.762,2.54,14.74,0,1,-14.74,1.6764,0.7112,0.762,2.54,3.2512,3.2512,3.2512,3,20,1
0.2032,1.9812,0.0,0.2032,1.9812,14.13,0,1,-14.13,1.9812,2.54,0.2032,1.9812,2.3368,2.3368,2.3368,2,20,1
0.2032,1.9812,0.0,0.2032,1.9812,14.13,0,1,-14.13,0.4572,0.2032,0.2032,1.9812,2.032,2.032,2.032,2,30,1
0.2032,1.9812,0.0,2.286,2.54,18.4,0,1,-18.4,0.762,0.2032,2.286,2.54,2.3368,3.8608,3.8608,3,30,1
0.762,2.032,12.6,2.286,2.54,0.0,1,0,12.6,0.2032,1.143,0.762,2.032,1.9558,3.4798,1.9558,1,30,0
0.762,2.032,0.0,0.2032,1.6002,17.63,0,1,-17.63,1.9812,0.2032,0.2032,1.6002,3.556,3.175,3.175,2,10,1
0.762,2.032,0.0,0.2032,1.6002,19.92,0,1,-19.92,2.286,0.2032,0.2032,1.6002,3.8608,3.4798,3.4798,2,10,1
2.54,1.9812,16.26,0.2032,1.6002,8.08,1,1,8.18,0.2032,1.143,2.54,1.9812,3.175,0.9652,3.175,1,10,0
2.54,1.9812,0.0,1.0668,2.54,15.19,0,1,-15.19,0.4572,0.2032,1.0668,2.54,3.8608,2.9464,2.9464,3,20,1
0.2032,1.6002,11.44,1.0668,2.54,3.0,1,1,8.44,2.54,1.9812,0.2032,1.6002,2.7178,2.032,2.7178,2,20,0
1.9812,0.7112,13.37,1.0668,2.54,0.0,1,0,13.37,0.2032,0.762,1.9812,0.7112,2.3368,2.6416,2.3368,1,20,0
0.2032,1.9812,14.13,1.0668,2.54,0.0,1,0,14.13,0.762,0.2032,0.2032,1.9812,2.3368,3.2512,2.3368,2,30,0
0.2032,1.9812,9.25,1.0668,2.54,0.0,1,0,9.25,0.4572,2.54,0.2032,1.9812,0.8128,1.1176,0.8128,2,30,0
2.286,2.54,18.4,1.0668,2.54,0.0,1,0,18.4,1.0668,0.2032,2.286,2.54,3.556,2.9464,3.556,3,10,0
0.2032,1.6002,13.06,1.0668,2.54,0.0,1,0,13.06,1.9812,2.032,0.2032,1.6002,2.7178,1.4224,2.7178,2,20,0
1.6764,2.54,16.41,1.0668,2.54,0.0,1,0,16.41,0.762,0.2032,1.6764,2.54,3.2512,3.2512,3.2512,3,10,0
1.6764,2.54,0.0,1.6764,0.7112,15.35,0,1,-15.35,0.2032,0.762,1.6764,0.7112,3.2512,2.032,2.032,1,10,1
1.6764,2.54,0.0,0.4572,0.2032,9.45,0,1,-9.45,1.6764,0.7112,0.4572,0.2032,2.9464,1.7272,1.7272,3,10,1
2.286,2.54,14.13,0.4572,0.2032,0.0,1,0,14.13,0.4572,2.54,2.286,2.54,2.3368,2.3368,2.3368,3,20,0
0.2032,1.6002,13.06,0.4572,0.2032,0.0,1,0,13.06,2.54,1.6002,0.2032,1.6002,2.3368,3.4798,2.3368,2,10,0
0.2032,1.9812,17.94,0.4572,0.2032,0.0,1,0,17.94,2.54,1.143,0.2032,1.9812,3.175,3.0226,3.175,2,30,0
0.2032,1.9812,0.0,0.4572,0.2032,9.25,0,1,-9.25,0.762,0.7112,0.4572,0.2032,2.3368,0.8128,0.8128,3,30,1
0.2032,1.9812,16.87,0.4572,0.2032,0.0,1,0,16.87,2.54,1.6002,0.2032,1.9812,2.7178,3.4798,2.7178,2,20,0
2.54,1.6002,13.67,0.4572,0.2032,0.0,1,0,13.67,2.286,2.54,2.54,1.6002,1.1938,4.1656,1.1938,3,10,0
2.54,1.6002,0.0,2.54,0.762,13.82,0,1,-13.82,0.2032,1.143,2.54,0.762,2.794,2.7178,2.7178,1,20,1
2.54,1.6002,0.0,1.0668,2.032,15.96,0,1,-15.96,0.2032,1.143,1.0668,2.032,2.794,2.2606,2.2606,1,20,1
2.54,1.6002,0.0,2.54,1.9812,16.87,0,1,-16.87,0.2032,1.143,2.54,1.9812,2.794,3.175,3.175,1,20,1
0.2032,1.9812,17.02,2.54,1.9812,3.51,1,1,13.51,1.0668,0.7112,0.2032,1.9812,2.6416,3.2512,2.6416,2,30,0
0.2032,1.9812,15.35,2.54,1.9812,0.0,1,0,15.35,0.762,0.2032,0.2032,1.9812,2.3368,3.556,2.3368,2,30,0
0.762,0.2032,11.69,2.54,1.9812,0.0,1,0,11.69,0.2032,1.143,0.762,0.2032,1.4986,3.175,1.4986,1,30,0
0.762,0.2032,0.0,0.762,0.2032,16.57,0,1,-16.57,1.0668,2.54,0.762,0.2032,3.2512,3.2512,3.2512,3,20,1
0.762,0.2032,0.0,0.2032,1.9812,11.69,0,1,-11.69,0.762,0.7112,0.2032,1.9812,0.508,2.3368,2.3368,2,30,1
0.762,0.2032,0.0,0.2032,1.6002,16.11,0,1,-16.11,1.9812,2.54,0.2032,1.6002,3.556,2.7178,2.7178,2,30,1
0.762,2.54,12.91,0.2032,1.6002,0.0,1,0,12.91,0.2032,0.762,0.762,2.54,2.3368,1.3462,2.3368,1,30,0
0.762,2.54,0.0,1.9812,2.54,15.8,0,1,-15.8,0.2032,0.762,1.9812,2.54,2.3368,3.556,3.556,1,30,1
0.2032,1.9812,8.24,1.9812,2.54,3.51,1,1,4.73,0.762,2.54,0.2032,1.9812,1.1176,1.7272,1.1176,2,20,0
0.2032,1.9812,0.0,0.4572,2.54,19.61,0,1,-19.61,1.6764,0.2032,0.4572,2.54,3.2512,3.556,3.556,3,30,1
0.2032,1.9812,0.0,0.2032,1.6002,14.28,0,1,-14.28,1.6764,2.54,0.2032,1.6002,2.032,2.413,2.413,2,10,1
1.9812,2.032,11.69,0.2032,1.6002,0.0,1,0,11.69,1.9812,2.54,1.9812,2.032,0.508,2.7178,0.508,3,10,0
0.2032,1.9812,19.0,0.2032,1.6002,0.0,1,0,19.0,1.9812,0.7112,0.2032,1.9812,3.556,3.175,3.556,2,30,0
0.2032,1.9812,0.0,1.0668,0.2032,16.41,0,1,-16.41,2.54,0.762,1.0668,0.2032,3.556,2.032,2.032,3,10,1
0.2032,1.9812,0.0,1.0668,0.2032,11.69,0,1,-11.69,0.2032,0.762,1.0668,0.2032,1.7272,1.4224,1.4224,1,20,1
0.762,0.2032,11.69,1.0668,0.2032,0.0,1,0,11.69,0.2032,1.143,0.762,0.2032,1.4986,1.8034,1.4986,1,30,0
0.762,0.2032,10.47,1.0668,0.2032,0.0,1,0,10.47,0.2032,0.762,0.762,0.2032,1.1176,1.4224,1.1176,1,30,0
0.762,0.2032,0.0,1.0668,0.7112,10.47,0,1,-10.47,1.6764,0.7112,1.0668,0.7112,1.4224,1.1176,1.1176,3,20,1
0.762,0.2032,0.0,1.9812,0.7112,18.4,0,1,-18.4,1.0668,2.54,1.9812,0.7112,3.2512,3.2512,3.2512,3,30,1
0.762,0.2032,0.0,0.2032,1.6002,16.11,0,1,-16.11,1.0668,2.54,0.2032,1.6002,3.2512,1.8034,1.8034,2,30,1
0.2032,1.6002,17.02,0.2032,1.6002,3.51,1,1,13.51,2.54,1.143,0.2032,1.6002,2.794,2.794,2.794,2,20,0
0.2032,1.6002,0.0,0.4572,0.2032,10.32,0,1,-10.32,0.2032,0.762,0.4572,0.2032,1.3462,0.8128,0.8128,1,30,1
0.2032,1.6002,0.0,1.9812,0.7112,12.3,0,1,-12.3,0.2032,0.762,1.9812,0.7112,1.3462,2.3368,2.3368,1,30,1
1.6764,2.032,15.19,1.9812,0.7112,0.0,1,0,15.19,0.2032,0.762,1.6764,2.032,3.2512,2.3368,3.2512,1,20,0
1.9812,0.7112,17.03,1.9812,0.7112,0.0,2,0,17.03,1.6764,2.54,1.9812,0.7112,3.2512,3.2512,3.2512,3,10,0
1.9812,0.7112,0.0,1.6764,2.032,13.52,0,1,-13.52,1.9812,2.032,1.6764,2.032,2.9464,0.8128,0.8128,3,30,1
2.54,1.143,16.11,1.6764,2.032,0.0,1,0,16.11,0.2032,1.143,2.54,1.143,2.3368,2.8702,2.3368,1,10,0
0.2032,1.9812,14.89,1.6764,2.032,0.0,1,0,14.89,2.54,0.762,0.2032,1.9812,3.556,2.6416,3.556,2,30,0
0.2032,1.6002,15.8,1.6764,2.032,0.0,1,0,15.8,1.0668,0.2032,0.2032,1.6002,2.2606,2.9464,2.2606,2,10,0
0.2032,1.6002,0.0,1.9812,0.7112,13.52,0,1,-13.52,2.286,0.2032,1.9812,0.7112,3.4798,0.8128,0.8128,3,10,1
0.2032,1.6002,0.0,0.2032,1.6002,12.35,0,1,-12.35,1.9812,0.7112,0.2032,1.6002,3.175,3.175,3.175,2,20,1
0.2032,1.6002,0.0,0.4572,0.2032,17.63,0,1,-17.63,2.54,1.143,0.4572,0.2032,2.794,3.0226,3.0226,3,20,1
0.2032,1.6002,0.0,2.54,1.143,13.06,0,1,-13.06,0.2032,0.762,2.54,1.143,1.3462,2.7178,2.7178,1,10,1
0.2032,1.6002,0.0,0.2032,1.9812,16.11,0,1,-16.11,1.6764,0.7112,0.2032,1.9812,2.8702,3.2512,3.2512,2,10,1
0.2032,1.6002,19.92,0.2032,1.9812,0.0,1,0,19.92,2.286,0.2032,0.2032,1.6002,3.4798,3.8608,3.4798,2,20,0
2.54,1.143,14.13,0.2032,1.9812,0.0,1,0,14.13,0.2032,0.762,2.54,1.143,2.7178,1.7272,2.7178,1,30,0
0.2032,1.9812,14.59,0.2032,1.9812,0.0,1,0,14.59,2.54,1.9812,0.2032,1.9812,2.9464,2.9464,2.9464,2,20,0
0.2032,1.9812,0.0,0.2032,1.6002,16.11,0,1,-16.11,2.54,1.6002,0.2032,1.6002,2.7178,2.3368,2.3368,2,20,1
0.2032,1.9812,0.0,0.2032,1.9812,20.68,0,1,-20.68,2.286,0.2032,0.2032,1.9812,3.8608,3.8608,3.8608,2,30,1
0.762,0.2032,15.35,0.2032,1.9812,6.1,1,1,9.25,1.0668,2.54,0.762,0.2032,3.2512,1.4224,3.2512,3,20,0
1.6764,0.2032,8.84,0.2032,1.9812,0.0,1,0,8.84,0.762,0.2032,1.6764,0.2032,1.4224,2.3368,1.4224,3,10,0
1.6764,0.2032,0.0,2.54,1.143,13.37,0,1,-13.37,0.2032,1.143,2.54,1.143,2.413,2.3368,2.3368,1,10,1
0.762,0.7112,12.3,2.54,1.143,0.0,1,0,12.3,0.2032,0.762,0.762,0.7112,1.1176,2.7178,1.1176,1,20,0
0.2032,1.9812,10.67,2.54,1.143,0.0,1,0,10.67,0.762,0.7112,0.2032,1.9812,2.3368,2.7178,2.3368,2,20,0
1.9812,0.7112,14.13,2.54,1.143,0.0,1,0,14.13,0.2032,0.762,1.9812,0.7112,2.3368,2.7178,2.3368,1,30,0
1.9812,0.7112,0.0,2.54,1.143,15.35,0,1,-15.35,0.2032,1.143,2.54,1.143,2.7178,2.3368,2.3368,1,30,1
0.4572,0.2032,11.08,2.54,1.143,0.0,1,0,11.08,1.9812,0.2032,0.4572,0.2032,2.032,1.4986,2.032,3,10,0
0.762,0.7112,11.38,2.54,1.143,0.0,1,0,11.38,0.2032,1.143,0.762,0.7112,1.4986,2.3368,1.4986,1,20,0
0.762,0.7112,0.0,0.4572,2.54,15.5,0,1,-15.5,2.54,0.762,0.4572,2.54,2.3368,3.8608,3.8608,3,20,1
2.54,1.9812,15.35,0.4572,2.54,0.0,1,0,15.35,0.2032,0.762,2.54,1.9812,3.556,2.032,3.556,1,10,0
2.54,1.9812,4.27,2.54,1.143,13.98,1,1,-9.71,0.2032,1.143,2.54,1.143,3.175,2.3368,2.3368,1,30,1
2.54,1.9812,0.0,2.54,1.9812,14.89,0,1,-14.89,1.6764,0.2032,2.54,1.9812,2.6416,2.6416,2.6416,3,10,1
2.54,1.9812,0.0,1.9812,0.2032,17.79,0,1,-17.79,0.2032,0.762,1.9812,0.2032,3.556,2.3368,2.3368,1,10,1
2.54,1.9812,0.0,1.6764,0.2032,12.3,0,1,-12.3,0.762,0.7112,1.6764,0.2032,3.556,1.4224,1.4224,3,30,1
2.54,1.9812,0.0,0.2032,1.9812,13.52,0,1,-13.52,0.762,0.2032,0.2032,1.9812,3.556,2.3368,2.3368,2,10,1
2.54,1.9812,0.0,0.2032,1.6002,15.8,0,1,-15.8,1.0668,0.2032,0.2032,1.6002,3.2512,2.2606,2.2606,2,10,1
2.54,1.9812,0.0,0.4572,0.2032,10.32,0,1,-10.32,0.2032,1.143,0.4572,0.2032,3.175,1.1938,1.1938,1,20,1
2.54,1.9812,10.47,0.4572,0.2032,0.0,1,0,10.47,1.9812,2.54,2.54,1.9812,1.1176,3.8608,1.1176,3,10,0
2.54,1.9812,0.0,1.0668,2.032,12.91,0,1,-12.91,0.2032,1.143,1.0668,2.032,3.175,2.2606,2.2606,1,20,1
2.54,1.9812,0.0,0.762,2.54,14.43,0,1,-14.43,0.2032,1.143,0.762,2.54,3.175,1.9558,1.9558,1,30,1
2.54,1.9812,0.0,1.6764,0.7112,14.74,0,1,-14.74,0.2032,1.143,1.6764,0.7112,3.175,2.413,2.413,1,30,1
2.54,1.9812,0.0,0.2032,1.9812,14.74,0,1,-14.74,1.9812,0.2032,0.2032,1.9812,2.3368,3.556,3.556,2,20,1
2.54,1.9812,0.0,0.2032,1.9812,16.57,0,1,-16.57,1.0668,0.2032,0.2032,1.9812,3.2512,2.6416,2.6416,2,20,1
2.54,1.9812,0.0,0.762,0.7112,11.69,0,1,-11.69,0.2032,1.143,0.762,0.7112,3.175,1.4986,1.4986,1,10,1
2.54,1.9812,0.0,0.2032,1.6002,15.8,0,1,-15.8,1.9812,0.2032,0.2032,1.6002,2.3368,3.175,3.175,2,30,1
2.54,1.9812,0.0,1.9812,2.54,15.8,0,1,-15.8,0.2032,0.762,1.9812,2.54,3.556,3.556,3.556,1,30,1
2.54,1.9812,0.0,0.2032,1.6002,13.67,0,1,-13.67,2.286,2.54,0.2032,1.6002,0.8128,3.0226,3.0226,2,10,1
2.54,1.9812,0.0,0.2032,1.9812,14.59,0,1,-14.59,0.762,0.2032,0.2032,1.9812,3.556,2.3368,2.3368,2,30,1
0.2032,1.6002,13.67,0.2032,1.9812,0.0,1,0,13.67,2.286,2.54,0.2032,1.6002,3.0226,2.6416,3.0226,2,20,0
0.2032,1.6002,0.0,1.0668,0.7112,15.96,0,1,-15.96,1.6764,2.032,1.0668,0.7112,2.413,2.9464,2.9464,3,30,1
0.2032,1.6002,15.65,1.0668,0.7112,0.0,1,0,15.65,1.6764,2.54,0.2032,1.6002,2.413,2.9464,2.413,2,30,0
0.2032,1.6002,0.0,0.2032,1.9812,17.18,0,1,-17.18,2.286,0.2032,0.2032,1.9812,3.4798,3.8608,3.8608,2,30,1
0.2032,1.6002,0.0,0.2032,1.6002,12.45,0,1,-12.45,1.0668,2.54,0.2032,1.6002,1.8034,1.8034,1.8034,2,10,1
0.2032,1.6002,0.0,0.2032,1.9812,19.46,0,1,-19.46,1.9812,0.7112,0.2032,1.9812,3.175,3.556,3.556,2,20,1
0.762,2.032,17.94,0.2032,1.9812,0.0,1,0,17.94,2.54,1.143,0.762,2.032,3.175,3.175,3.175,3,10,0
0.2032,1.6002,16.11,0.2032,1.9812,0.0,1,0,16.11,2.286,2.54,0.2032,1.6002,3.0226,2.6416,3.0226,2,30,0
0.2032,1.6002,0.0,1.0668,0.7112,17.18,0,1,-17.18,1.9812,2.54,1.0668,0.7112,2.7178,3.2512,3.2512,3,20,1
2.286,0.2032,13.98,1.0668,0.7112,0.0,1,0,13.98,0.2032,1.143,2.286,0.2032,3.0226,1.8034,3.0226,1,30,0
2.286,0.2032,0.0,0.2032,1.9812,15.96,0,1,-15.96,1.6764,2.032,0.2032,1.9812,2.9464,2.032,2.032,2,20,1
2.286,0.2032,0.0,1.0668,2.54,14.74,0,1,-14.74,0.2032,0.762,1.0668,2.54,2.6416,2.6416,2.6416,1,20,1
2.286,0.2032,0.0,0.2032,1.6002,10.62,0,1,-10.62,0.762,2.54,0.2032,1.6002,3.8608,1.4986,1.4986,2,20,1
0.2032,1.6002,16.72,0.2032,1.6002,0.0,1,0,16.72,1.9812,2.54,0.2032,1.6002,2.7178,2.7178,2.7178,2,20,0
0.2032,1.6002,0.0,1.0668,0.2032,11.54,0,1,-11.54,0.2032,0.762,1.0668,0.2032,1.3462,1.4224,1.4224,1,10,1
0.2032,1.6002,0.0,1.9812,2.032,14.74,0,1,-14.74,1.9812,0.2032,1.9812,2.032,3.175,2.9464,2.9464,3,10,1
0.2032,1.6002,0.0,0.2032,1.9812,17.79,0,1,-17.79,2.54,0.762,0.2032,1.9812,3.175,3.556,3.556,2,20,1
0.762,2.032,11.84,0.2032,1.9812,0.0,1,0,11.84,0.2032,1.143,0.762,2.032,1.9558,1.3462,1.9558,1,30,0
0.762,2.032,0.0,0.2032,1.9812,15.35,0,1,-15.35,0.762,0.7112,0.2032,1.9812,2.9464,2.3368,2.3368,2,10,1
0.2032,1.6002,16.11,0.2032,1.9812,0.0,1,0,16.11,2.286,2.54,0.2032,1.6002,3.0226,2.6416,3.0226,2,20,0
0.2032,1.6002,3.51,0.2032,1.9812,16.87,1,1,-13.36,2.54,1.6002,0.2032,1.9812,2.3368,2.7178,2.7178,2,20,1
0.4572,2.54,11.23,0.2032,1.9812,0.0,1,0,11.23,0.2032,1.143,0.4572,2.54,1.651,1.3462,1.651,1,30,0
0.4572,2.54,0.0,0.2032,1.9812,19.0,0,1,-19.0,1.6764,0.2032,0.2032,1.9812,3.556,3.2512,3.2512,2,20,1
0.4572,2.54,0.0,1.0668,2.032,13.21,0,1,-13.21,0.2032,1.143,1.0668,2.032,1.651,2.2606,2.2606,1,30,1
1.0668,0.2032,12.91,1.0668,2.032,0.0,1,0,12.91,0.2032,0.762,1.0668,0.2032,1.4224,2.6416,1.4224,1,20,0
1.6764,0.2032,12.91,1.0668,2.032,0.0,1,0,12.91,0.2032,0.762,1.6764,0.2032,2.032,2.6416,2.032,1,30,0
2.54,1.143,15.5,1.0668,2.032,0.0,1,0,15.5,0.2032,0.762,2.54,1.143,2.7178,2.6416,2.7178,1,20,0
2.54,1.143,0.0,2.286,2.54,19.0,0,1,-19.0,0.2032,0.762,2.286,2.54,2.7178,3.8608,3.8608,1,30,1
0.2032,1.9812,16.11,2.286,2.54,4.12,1,1,11.99,0.762,0.2032,0.2032,1.9812,2.3368,3.8608,2.3368,2,20,0
2.54,0.762,14.13,2.286,2.54,0.0,1,0,14.13,0.2032,1.143,2.54,0.762,2.7178,3.4798,2.7178,1,30,0
0.2032,1.9812,15.35,2.286,2.54,0.0,1,0,15.35,1.6764,0.2032,0.2032,1.9812,3.2512,2.9464,3.2512,2,30,0
0.2032,1.9812,0.0,0.762,0.7112,14.74,0,1,-14.74,1.9812,0.7112,0.762,0.7112,3.556,1.7272,1.7272,3,20,1
0.2032,1.9812,0.0,0.2032,1.6002,12.15,0,1,-12.15,1.0668,0.2032,0.2032,1.6002,2.6416,2.2606,2.2606,2,30,1
0.2032,1.9812,0.0,1.9812,0.2032,13.37,0,1,-13.37,0.2032,0.762,1.9812,0.2032,1.7272,2.3368,2.3368,1,20,1
0.2032,1.9812,0.0,0.2032,1.9812,14.13,0,1,-14.13,0.762,0.2032,0.2032,1.9812,2.3368,2.3368,2.3368,2,30,1
0.2032,1.9812,0.0,2.54,1.6002,15.8,0,1,-15.8,0.2032,0.762,2.54,1.6002,1.7272,3.175,3.175,1,30,1
2.54,0.762,14.13,2.54,1.6002,0.0,1,0,14.13,0.2032,1.143,2.54,0.762,2.7178,2.794,2.7178,1,30,0
1.0668,0.7112,14.74,2.54,1.6002,0.0,1,0,14.74,0.2032,0.762,1.0668,0.7112,1.4224,3.175,1.4224,1,20,0
0.2032,1.6002,13.98,2.54,1.6002,0.0,1,0,13.98,1.6764,0.2032,0.2032,1.6002,2.8702,2.2606,2.8702,2,20,0
0.2032,1.9812,10.01,2.54,1.6002,0.0,1,0,10.01,0.4572,2.54,0.2032,1.9812,0.8128,3.0226,0.8128,2,10,0
0.762,0.7112,11.69,2.54,1.6002,0.0,1,0,11.69,0.2032,1.143,0.762,0.7112,1.4986,2.794,1.4986,1,30,0
0.2032,1.9812,15.35,2.54,1.6002,0.0,1,0,15.35,1.6764,0.7112,0.2032,1.9812,3.2512,2.2606,3.2512,2,10,0
1.6764,2.032,15.96,2.54,1.6002,0.0,1,0,15.96,0.2032,0.762,1.6764,2.032,3.2512,3.175,3.2512,1,10,0
1.6764,2.032,0.0,0.2032,1.9812,17.02,0,1,-17.02,1.9812,0.2032,0.2032,1.9812,3.2512,3.556,3.556,2,30,1
0.2032,1.9812,16.87,0.2032,1.9812,4.27,1,1,12.6,2.54,1.143,0.2032,1.9812,3.175,3.175,3.175,2,10,0
0.2032,1.9812,0.0,0.2032,1.9812,11.69,0,1,-11.69,1.0668,2.032,0.2032,1.9812,1.4224,1.4224,1.4224,2,30,1
0.2032,1.9812,0.0,0.2032,1.6002,15.8,0,1,-15.8,1.0668,0.7112,0.2032,1.6002,2.6416,2.2606,2.2606,2,20,1
0.2032,1.9812,0.0,1.6764,2.032,15.19,0,1,-15.19,0.2032,0.762,1.6764,2.032,1.7272,3.2512,3.2512,1,20,1
1.9812,2.54,16.57,1.6764,2.032,0.0,1,0,16.57,0.2032,0.762,1.9812,2.54,3.556,3.2512,3.556,1,30,0
1.9812,2.54,4.12,0.2032,1.6002,16.41,1,1,-12.29,1.0668,0.7112,0.2032,1.6002,3.2512,2.2606,2.2606,2,10,1
1.9812,2.54,0.0,0.2032,1.9812,11.23,0,1,-11.23,0.762,2.032,0.2032,1.9812,1.7272,1.1176,1.1176,2,30,1
1.9812,2.54,0.0,0.2032,1.9812,11.69,0,1,-11.69,1.0668,2.54,0.2032,1.9812,1.4224,1.4224,1.4224,2,10,1
1.9812,2.54,0.0,1.0668,2.54,13.21,0,1,-13.21,0.2032,1.143,1.0668,2.54,3.175,2.2606,2.2606,1,30,1
1.9812,2.54,0.0,1.9812,2.032,16.87,0,1,-16.87,0.2032,1.143,1.9812,2.032,3.175,3.175,3.175,1,30,1
1.9812,2.54,0.0,1.0668,0.2032,15.96,0,1,-15.96,0.2032,0.762,1.0668,0.2032,3.556,1.4224,1.4224,1,30,1
0.2032,1.9812,11.69,1.0668,0.2032,0.0,1,0,11.69,0.4572,2.54,0.2032,1.9812,0.8128,2.9464,0.8128,2,20,0
1.6764,2.032,11.08,1.0668,0.2032,0.0,1,0,11.08,1.0668,2.54,1.6764,2.032,1.1176,2.9464,1.1176,3,10,0
1.6764,2.032,0.0,1.6764,0.2032,12.91,0,1,-12.91,2.54,0.762,1.6764,0.2032,2.6416,1.4224,1.4224,3,30,1
0.2032,1.6002,11.84,1.6764,0.2032,0.0,1,0,11.84,0.762,2.032,0.2032,1.6002,1.4986,3.2512,1.4986,2,20,0
0.2032,1.9812,14.89,1.6764,0.2032,0.0,1,0,14.89,1.6764,2.54,0.2032,1.9812,2.032,2.9464,2.032,2,30,0
0.2032,1.9812,0.0,1.6764,0.7112,11.69,0,1,-11.69,0.762,0.2032,1.6764,0.7112,2.3368,1.4224,1.4224,3,20,1
0.762,0.7112,11.69,1.6764,0.7112,0.0,1,0,11.69,0.2032,1.143,0.762,0.7112,1.4986,2.413,1.4986,1,10,0
1.9812,0.7112,12.91,1.6764,0.7112,0.0,1,0,12.91,0.2032,0.762,1.9812,0.7112,2.3368,2.032,2.3368,1,20,0
1.9812,0.7112,0.0,0.2032,1.6002,16.72,0,1,-16.72,1.6764,2.032,0.2032,1.6002,3.2512,2.413,2.413,2,20,1
0.2032,1.9812,15.35,0.2032,1.6002,0.0,1,0,15.35,2.54,1.143,0.2032,1.9812,3.175,2.794,3.175,2,20,0
0.2032,1.6002,14.89,0.2032,1.6002,0.0,1,0,14.89,1.6764,2.54,0.2032,1.6002,2.413,2.413,2.413,2,20,0
0.2032,1.6002,0.0,1.6764,0.7112,13.98,0,1,-13.98,1.9812,0.2032,1.6764,0.7112,3.175,0.8128,0.8128,3,20,1
0.762,2.032,13.37,1.6764,0.7112,0.0,1,0,13.37,0.2032,0.762,0.762,2.032,2.3368,2.032,2.3368,1,30,0
0.762,2.032,0.0,1.9812,0.2032,14.74,0,1,-14.74,0.2032,0.762,1.9812,0.2032,2.3368,2.3368,2.3368,1,30,1
0.762,2.032,0.0,2.54,1.9812,15.35,0,1,-15.35,1.0668,0.7112,2.54,1.9812,3.2512,3.2512,3.2512,3,10,1
0.4572,2.54,13.21,2.54,1.9812,0.0,1,0,13.21,0.2032,1.143,0.4572,2.54,1.651,3.175,1.651,1,30,0
0.4572,2.54,0.0,2.286,2.54,9.86,0,1,-9.86,1.9812,2.54,2.286,2.54,2.032,0.8128,0.8128,3,20,1
0.4572,2.54,0.0,2.54,1.9812,11.99,0,1,-11.99,2.54,1.143,2.54,1.9812,3.4798,1.3462,1.3462,3,10,1
0.4572,2.54,0.0,0.2032,1.9812,11.89,0,1,-11.89,2.54,1.9812,0.2032,1.9812,2.6416,2.9464,2.9464,2,10,1
0.4572,2.54,0.0,0.2032,1.6002,15.8,0,1,-15.8,1.0668,0.2032,0.2032,1.6002,2.9464,2.2606,2.2606,2,30,1
0.4572,2.54,0.0,0.2032,1.6002,17.48,0,1,-17.48,1.6764,0.7112,0.2032,1.6002,3.556,2.8702,2.8702,2,30,1
0.4572,2.54,21.44,0.2032,1.6002,3.51,1,1,17.93,2.54,0.762,0.4572,2.54,3.8608,3.175,3.8608,3,10,0
0.4572,2.54,4.88,0.762,2.032,10.01,1,1,-5.13,0.4572,2.54,0.762,2.032,0.0,0.8128,0.8128,3,30,1
0.4572,2.54,0.0,1.9812,2.54,10.47,0,1,-10.47,0.762,2.54,1.9812,2.54,0.8128,1.7272,1.7272,3,10,1
0.4572,2.54,0.0,1.6764,0.7112,13.52,0,1,-13.52,2.54,0.762,1.6764,0.7112,3.8608,1.4224,1.4224,3,30,1
0.2032,1.9812,9.86,1.6764,0.7112,0.0,1,0,9.86,0.762,2.54,0.2032,1.9812,1.1176,3.2512,1.1176,2,30,0
0.762,0.7112,11.69,1.6764,0.7112,0.0,1,0,11.69,0.2032,1.143,0.762,0.7112,1.4986,2.413,1.4986,1,20,0
0.762,0.7112,0.0,2.286,2.54,15.35,0,1,-15.35,1.0668,2.032,2.286,2.54,3.2512,1.7272,1.7272,3,20,1
0.762,0.7112,0.0,0.2032,1.6002,14.89,0,1,-14.89,2.54,1.143,0.2032,1.6002,2.7178,2.794,2.794,2,30,1
0.762,0.7112,0.0,0.762,0.2032,19.77,0,1,-19.77,2.286,2.54,0.762,0.2032,3.8608,3.8608,3.8608,3,10,1
0.2032,1.9812,17.79,0.762,0.2032,6.1,1,1,11.69,1.9812,2.54,0.2032,1.9812,2.3368,3.556,2.3368,2,20,0
0.2032,1.9812,0.0,0.2032,1.6002,12.15,0,1,-12.15,1.0668,0.2032,0.2032,1.6002,2.6416,2.2606,2.2606,2,20,1
0.2032,1.9812,0.0,1.9812,2.54,14.28,0,1,-14.28,0.2032,1.143,1.9812,2.54,1.3462,3.175,3.175,1,10,1
2.54,1.6002,15.8,1.9812,2.54,0.0,1,0,15.8,0.2032,0.762,2.54,1.6002,3.175,3.556,3.175,1,20,0
1.6764,0.7112,11.54,1.9812,2.54,0.0,1,0,11.54,1.6764,0.2032,1.6764,0.7112,0.508,3.2512,0.508,3,10,0
1.9812,2.032,17.18,1.9812,2.54,0.0,1,0,17.18,0.2032,1.143,1.9812,2.032,3.175,3.175,3.175,1,20,0
1.9812,2.032,0.0,0.762,0.7112,15.35,0,1,-15.35,2.286,0.2032,0.762,0.7112,2.6416,2.032,2.032,3,10,1
1.9812,2.032,0.0,1.0668,2.032,13.52,0,1,-13.52,0.2032,1.143,1.0668,2.032,3.175,2.2606,2.2606,1,10,1
1.9812,2.032,0.0,2.54,1.143,16.72,0,1,-16.72,1.0668,0.7112,2.54,1.143,3.2512,2.413,2.413,3,10,1
1.9812,2.032,0.0,0.762,2.54,14.59,0,1,-14.59,0.2032,1.143,0.762,2.54,3.175,1.9558,1.9558,1,30,1
1.9812,2.032,0.0,1.0668,0.7112,13.52,0,1,-13.52,0.2032,1.143,1.0668,0.7112,3.175,1.8034,1.8034,1,10,1
1.9812,2.032,0.0,1.9812,2.54,15.96,0,1,-15.96,0.4572,0.2032,1.9812,2.54,3.8608,3.8608,3.8608,3,30,1
1.9812,2.032,0.0,1.9812,0.2032,17.79,0,1,-17.79,0.2032,0.762,1.9812,0.2032,3.556,2.3368,2.3368,1,30,1
0.2032,1.9812,17.79,1.9812,0.2032,4.12,1,1,13.67,0.762,0.7112,0.2032,1.9812,2.3368,1.7272,2.3368,2,10,0
0.2032,1.9812,0.0,0.4572,0.2032,11.08,0,1,-11.08,1.6764,0.7112,0.4572,0.2032,3.2512,1.7272,1.7272,3,30,1
0.2032,1.9812,0.0,0.4572,0.2032,10.78,0,1,-10.78,0.2032,1.143,0.4572,0.2032,1.3462,1.1938,1.1938,1,20,1
0.2032,1.9812,0.0,0.2032,1.9812,15.96,0,1,-15.96,1.6764,0.2032,0.2032,1.9812,3.2512,3.2512,3.2512,2,20,1
0.2032,1.9812,0.0,0.2032,1.6002,16.11,0,1,-16.11,2.54,1.6002,0.2032,1.6002,2.7178,2.3368,2.3368,2,30,1
0.2032,1.9812,0.0,0.762,2.032,13.37,0,1,-13.37,0.2032,0.762,0.762,2.032,1.7272,2.3368,2.3368,1,10,1
0.2032,1.9812,0.0,0.2032,1.9812,20.22,0,1,-20.22,2.54,0.762,0.2032,1.9812,3.556,3.556,3.556,2,10,1
1.0668,0.7112,12.3,0.2032,1.9812,3.51,1,1,8.79,0.2032,1.143,1.0668,0.7112,1.8034,1.3462,1.8034,1,30,0
1.0668,0.7112,0.0,0.762,0.2032,11.69,0,1,-11.69,0.2032,1.143,0.762,0.2032,1.8034,1.4986,1.4986,1,30,1
1.0668,0.7112,0.0,1.9812,2.032,15.35,0,1,-15.35,0.2032,0.762,1.9812,2.032,1.4224,3.556,3.556,1,30,1
1.6764,2.032,14.13,1.9812,2.032,0.0,1,0,14.13,1.6764,0.2032,1.6764,2.032,2.9464,3.2512,2.9464,3,10,0
1.9812,2.54,18.09,1.9812,2.032,0.0,1,0,18.09,0.2032,1.143,1.9812,2.54,3.175,3.175,3.175,1,20,0
1.9812,2.54,0.0,1.6764,0.2032,17.18,0,1,-17.18,0.2032,0.762,1.6764,0.2032,3.556,2.032,2.032,1,20,1
1.9812,2.54,0.0,0.2032,1.9812,15.96,0,1,-15.96,2.54,0.762,0.2032,1.9812,2.3368,3.556,3.556,2,20,1
0.2032,1.6002,11.44,0.2032,1.9812,0.0,1,0,11.44,1.9812,2.54,0.2032,1.6002,2.7178,2.3368,2.7178,2,10,0
0.2032,1.6002,0.0,0.2032,1.9812,15.35,0,1,-15.35,1.9812,2.54,0.2032,1.9812,2.7178,2.3368,2.3368,2,10,1
1.9812,2.032,14.28,0.2032,1.9812,0.0,1,0,14.28,0.2032,1.143,1.9812,2.032,3.175,1.3462,3.175,1,30,0
1.9812,2.032,0.0,1.9812,0.7112,14.13,0,1,-14.13,0.2032,0.762,1.9812,0.7112,3.556,2.3368,2.3368,1,10,1
0.2032,1.9812,11.69,1.9812,0.7112,0.0,1,0,11.69,0.4572,2.54,0.2032,1.9812,0.8128,3.8608,0.8128,2,20,0
0.2032,1.9812,15.35,1.9812,0.7112,0.0,1,0,15.35,1.9812,2.54,0.2032,1.9812,2.3368,2.9464,2.3368,2,20,0
0.2032,1.9812,0.0,0.2032,1.6002,13.37,0,1,-13.37,0.762,0.7112,0.2032,1.6002,2.3368,1.9558,1.9558,2,10,1
0.2032,1.9812,0.0,1.9812,2.032,14.28,0,1,-14.28,0.2032,1.143,1.9812,2.032,1.3462,3.175,3.175,1,30,1
0.2032,1.9812,0.0,0.2032,1.9812,11.69,0,1,-11.69,1.6764,2.54,0.2032,1.9812,2.032,2.032,2.032,2,20,1
0.2032,1.9812,0.0,1.0668,0.2032,12.3,0,1,-12.3,0.2032,0.762,1.0668,0.2032,1.7272,1.4224,1.4224,1,10,1
2.54,1.9812,12.91,1.0668,0.2032,0.0,1,0,12.91,2.286,2.54,2.54,1.9812,0.8128,3.556,0.8128,3,30,0
1.6764,2.032,13.21,1.0668,0.2032,0.0,1,0,13.21,2.54,1.143,1.6764,2.032,2.2606,2.413,2.2606,3,20,0
1.6764,2.032,0.0,0.2032,1.9812,12.3,0,1,-12.3,0.762,0.2032,0.2032,1.9812,3.2512,2.3368,2.3368,2,30,1
1.6764,2.032,0.0,0.2032,1.6002,13.37,0,1,-13.37,0.4572,0.2032,0.2032,1.6002,3.556,1.651,1.651,2,10,1
0.2032,1.6002,13.06,0.2032,1.6002,0.0,1,0,13.06,1.9812,2.54,0.2032,1.6002,2.7178,2.7178,2.7178,2,30,0
0.2032,1.6002,0.0,0.2032,1.6002,13.82,0,1,-13.82,0.762,0.7112,0.2032,1.6002,1.9558,1.9558,1.9558,2,30,1
0.2032,1.6002,0.0,1.9812,2.032,17.02,0,1,-17.02,0.4572,0.2032,1.9812,2.032,1.651,3.8608,3.8608,3,30,1
0.2032,1.6002,0.0,1.6764,0.2032,14.74,0,1,-14.74,1.0668,2.032,1.6764,0.2032,1.8034,2.9464,2.9464,3,10,1
0.2032,1.6002,11.99,1.6764,0.2032,0.0,1,0,11.99,0.762,2.032,0.2032,1.6002,1.4986,3.2512,1.4986,2,20,0
0.2032,1.6002,13.21,1.6764,0.2032,0.0,1,0,13.21,1.0668,2.032,0.2032,1.6002,1.8034,2.9464,1.8034,2,20,0
0.2032,1.6002,0.0,0.2032,1.9812,17.18,0,1,-17.18,2.286,2.54,0.2032,1.9812,3.0226,2.6416,2.6416,2,30,1
1.6764,2.032,15.19,0.2032,1.9812,0.0,1,0,15.19,0.2032,0.762,1.6764,2.032,3.2512,1.7272,3.2512,1,10,0
1.6764,2.032,3.51,0.2032,1.6002,19.46,1,1,-15.95,2.54,0.762,0.2032,1.6002,2.6416,3.175,3.175,2,10,1
1.9812,0.7112,12.5,0.2032,1.6002,3.51,1,1,8.99,1.6764,2.032,1.9812,0.7112,3.2512,2.413,3.2512,3,30,0
1.9812,0.7112,0.0,1.0668,2.032,12.45,0,1,-12.45,0.2032,1.143,1.0668,2.032,2.7178,2.2606,2.2606,1,30,1
0.2032,1.6002,14.59,1.0668,2.032,0.0,1,0,14.59,2.54,1.143,0.2032,1.6002,2.794,2.8702,2.794,2,10,0
2.286,2.54,16.41,1.0668,2.032,0.0,1,0,16.41,0.2032,0.762,2.286,2.54,3.8608,2.6416,3.8608,1,20,0
0.2032,1.6002,13.06,1.0668,2.032,0.0,1,0,13.06,1.9812,2.032,0.2032,1.6002,2.7178,1.4224,2.7178,2,20,0
0.4572,0.2032,10.32,1.0668,2.032,0.0,1,0,10.32,0.2032,1.143,0.4572,0.2032,1.1938,2.2606,1.1938,1,10,0
0.762,0.7112,11.38,1.0668,2.032,0.0,1,0,11.38,0.2032,1.143,0.762,0.7112,1.4986,2.2606,1.4986,1,20,0
1.9812,0.7112,14.43,1.0668,2.032,0.0,1,0,14.43,0.2032,1.143,1.9812,0.7112,2.7178,2.2606,2.7178,1,10,0
0.2032,1.6002,14.59,1.0668,2.032,0.0,1,0,14.59,2.54,1.143,0.2032,1.6002,2.794,2.8702,2.794,2,30,0
1.9812,2.54,15.8,1.0668,2.032,0.0,1,0,15.8,0.2032,0.762,1.9812,2.54,3.556,2.6416,3.556,1,10,0
0.2032,1.9812,10.67,1.0668,2.032,0.0,1,0,10.67,1.9812,2.54,0.2032,1.9812,2.3368,1.4224,2.3368,2,20,0
0.2032,1.9812,0.0,0.2032,1.9812,9.86,0,1,-9.86,1.0668,2.54,0.2032,1.9812,1.4224,1.4224,1.4224,2,30,1
0.2032,1.9812,0.0,1.9812,2.032,17.79,0,1,-17.79,1.0668,0.7112,1.9812,2.032,2.6416,3.2512,3.2512,3,20,1
1.0668,2.54,14.74,1.9812,2.032,0.0,1,0,14.74,0.2032,0.762,1.0668,2.54,2.6416,3.556,2.6416,1,30,0
0.4572,0.2032,12.91,1.9812,2.032,0.0,1,0,12.91,0.2032,0.762,0.4572,0.2032,0.8128,3.556,0.8128,1,20,0
1.9812,0.7112,13.82,1.9812,2.032,0.0,1,0,13.82,0.2032,1.143,1.9812,0.7112,2.7178,3.175,2.7178,1,10,0
1.9812,0.7112,0.0,2.54,1.143,10.93,0,1,-10.93,2.54,1.9812,2.54,1.143,2.3368,1.3462,1.3462,3,30,1
1.9812,0.7112,0.0,0.2032,1.6002,12.6,0,1,-12.6,2.54,1.6002,0.2032,1.6002,1.9558,2.3368,2.3368,2,10,1
1.9812,0.7112,0.0,2.54,1.9812,15.8,0,1,-15.8,0.2032,0.762,2.54,1.9812,2.3368,3.556,3.556,1,20,1
2.54,1.9812,17.79,2.54,1.9812,0.0,1,0,17.79,0.2032,1.143,2.54,1.9812,3.175,3.175,3.175,1,20,0
2.54,1.9812,0.0,0.2032,1.6002,13.67,0,1,-13.67,1.9812,2.032,0.2032,1.6002,1.1176,2.7178,2.7178,2,20,1
2.54,1.9812,0.0,2.286,0.2032,13.98,0,1,-13.98,0.2032,1.143,2.286,0.2032,3.175,3.0226,3.0226,1,10,1
2.54,1.9812,0.0,1.6764,0.2032,16.87,0,1,-16.87,0.2032,1.143,1.6764,0.2032,3.175,2.413,2.413,1,20,1
2.286,2.54,11.08,1.6764,0.2032,0.0,1,0,11.08,1.6764,2.54,2.286,2.54,1.1176,2.9464,1.1176,3,30,0
0.2032,1.9812,12.3,1.6764,0.2032,0.0,1,0,12.3,0.762,2.032,0.2032,1.9812,1.1176,3.2512,1.1176,2,20,0
1.9812,0.2032,14.13,1.6764,0.2032,0.0,1,0,14.13,0.2032,1.143,1.9812,0.2032,2.7178,2.413,2.7178,1,20,0
1.9812,0.2032,0.0,0.2032,1.6002,16.72,0,1,-16.72,1.6764,2.54,0.2032,1.6002,3.2512,2.413,2.413,2,10,1
0.2032,1.6002,14.59,0.2032,1.6002,0.0,1,0,14.59,2.54,1.143,0.2032,1.6002,2.794,2.794,2.794,2,30,0
0.2032,1.6002,0.0,1.9812,2.032,17.02,0,1,-17.02,0.762,0.2032,1.9812,2.032,1.9558,3.556,3.556,3,30,1
1.0668,2.032,12.45,1.9812,2.032,4.12,1,1,8.33,0.2032,1.143,1.0668,2.032,2.2606,3.175,2.2606,1,10,0
1.0668,0.2032,14.13,1.9812,2.032,0.0,1,0,14.13,0.2032,1.143,1.0668,0.2032,1.8034,3.175,1.8034,1,20,0
2.286,0.2032,15.65,1.9812,2.032,0.0,1,0,15.65,0.2032,1.143,2.286,0.2032,3.0226,3.175,3.0226,1,30,0
2.286,0.2032,0.0,0.2032,1.9812,11.69,0,1,-11.69,0.762,2.032,0.2032,1.9812,3.8608,1.1176,1.1176,2,30,1
0.2032,1.9812,15.96,0.2032,1.9812,0.0,1,0,15.96,2.54,1.9812,0.2032,1.9812,2.9464,2.9464,2.9464,2,30,0
0.2032,1.9812,0.0,0.4572,0.2032,11.08,0,1,-11.08,0.2032,1.143,0.4572,0.2032,1.3462,1.1938,1.1938,1,10,1
0.2032,1.9812,0.0,0.762,2.032,12.3,0,1,-12.3,0.2032,0.762,0.762,2.032,1.7272,2.3368,2.3368,1,30,1
0.2032,1.9812,0.0,0.2032,1.6002,16.11,0,1,-16.11,2.286,2.54,0.2032,1.6002,2.6416,3.0226,3.0226,2,10,1
0.2032,1.9812,0.0,0.2032,1.9812,18.24,0,1,-18.24,1.6764,0.7112,0.2032,1.9812,3.2512,3.2512,3.2512,2,30,1
0.762,0.7112,11.69,0.2032,1.9812,4.27,1,1,7.42,0.2032,1.143,0.762,0.7112,1.4986,1.3462,1.4986,1,30,0
1.0668,0.2032,11.08,0.2032,1.9812,0.0,1,0,11.08,0.2032,0.762,1.0668,0.2032,1.4224,1.7272,1.4224,1,30,0
1.0668,0.2032,0.0,0.2032,1.6002,16.11,0,1,-16.11,1.9812,2.54,0.2032,1.6002,3.2512,2.7178,2.7178,2,10,1
1.0668,0.2032,0.0,0.2032,1.6002,11.99,0,1,-11.99,0.762,2.032,0.2032,1.6002,3.2512,1.4986,1.4986,2,20,1
1.0668,0.2032,0.0,0.2032,1.6002,16.87,0,1,-16.87,2.54,1.9812,0.2032,1.6002,3.2512,2.7178,2.7178,2,30,1
1.0668,0.2032,0.0,2.286,0.2032,13.98,0,1,-13.98,0.2032,0.762,2.286,0.2032,1.4224,2.6416,2.6416,1,30,1
1.6764,0.2032,14.43,2.286,0.2032,0.0,1,0,14.43,0.2032,1.143,1.6764,0.2032,2.413,3.0226,2.413,1,20,0
0.2032,1.9812,13.52,2.286,0.2032,0.0,1,0,13.52,1.6764,0.7112,0.2032,1.9812,3.2512,1.1176,3.2512,2,10,0
0.2032,1.9812,0.0,1.0668,2.032,14.13,0,1,-14.13,2.54,1.143,1.0668,2.032,3.175,2.8702,2.8702,3,30,1
2.286,0.2032,14.74,1.0668,2.032,0.0,1,0,14.74,0.2032,0.762,2.286,0.2032,2.6416,2.6416,2.6416,1,10,0
2.286,0.2032,0.0,0.2032,1.6002,15.5,0,1,-15.5,2.286,2.54,0.2032,1.6002,2.3368,3.0226,3.0226,2,30,1
1.0668,2.032,15.35,0.2032,1.6002,0.0,1,0,15.35,1.0668,0.7112,1.0668,2.032,2.9464,2.2606,2.9464,3,20,0
1.0668,2.032,0.0,0.762,2.54,11.84,0,1,-11.84,0.2032,1.143,0.762,2.54,2.2606,1.9558,1.9558,1,20,1
2.54,0.762,13.52,0.762,2.54,0.0,1,0,13.52,2.54,1.143,2.54,0.762,0.889,3.175,0.889,3,10,0
2.54,0.762,0.0,1.0668,2.032,14.43,0,1,-14.43,0.2032,1.143,1.0668,2.032,2.7178,2.2606,2.2606,1,20,1
0.2032,1.6002,14.59,1.0668,2.032,0.0,1,0,14.59,1.0668,0.2032,0.2032,1.6002,2.2606,2.9464,2.2606,2,20,0
0.2032,1.6002,0.0,0.2032,1.9812,9.86,0,1,-9.86,1.0668,2.54,0.2032,1.9812,1.8034,1.4224,1.4224,2,30,1
1.9812,0.2032,13.37,0.2032,1.9812,0.0,1,0,13.37,0.2032,1.143,1.9812,0.2032,2.7178,1.3462,2.7178,1,10,0
1.9812,0.2032,0.0,0.2032,1.6002,12.45,0,1,-12.45,1.0668,2.032,0.2032,1.6002,3.2512,1.8034,1.8034,2,10,1
0.2032,1.6002,12.35,0.2032,1.6002,0.0,1,0,12.35,1.9812,0.2032,0.2032,1.6002,3.175,3.175,3.175,2,10,0
0.2032,1.6002,0.0,0.2032,1.6002,12.6,0,1,-12.6,0.4572,0.2032,0.2032,1.6002,1.651,1.651,1.651,2,30,1
0.2032,1.6002,0.0,0.762,0.2032,10.93,0,1,-10.93,0.2032,0.762,0.762,0.2032,1.3462,1.1176,1.1176,1,10,1
1.0668,2.032,10.62,0.762,0.2032,0.0,1,0,10.62,0.4572,2.54,1.0668,2.032,1.1176,2.6416,1.1176,3,20,0
1.0668,2.032,0.0,0.762,2.032,14.13,0,1,-14.13,1.0668,0.7112,0.762,2.032,2.9464,3.2512,3.2512,3,10,1
0.2032,1.6002,17.33,0.762,2.032,0.0,1,0,17.33,2.54,1.143,0.2032,1.6002,2.794,3.175,2.794,2,20,0
0.2032,1.6002,0.0,0.2032,1.9812,14.13,0,1,-14.13,1.9812,2.032,0.2032,1.9812,2.7178,2.3368,2.3368,2,20,1
0.2032,1.9812,13.37,0.2032,1.9812,0.0,1,0,13.37,0.4572,0.2032,0.2032,1.9812,2.032,2.032,2.032,2,30,0
0.2032,1.9812,0.0,1.6764,0.7112,13.52,0,1,-13.52,0.2032,0.762,1.6764,0.7112,1.7272,2.032,2.032,1,30,1
0.2032,1.9812,0.0,0.4572,2.54,15.35,0,1,-15.35,1.9812,0.7112,0.4572,2.54,3.556,3.8608,3.8608,3,10,1
1.9812,0.7112,14.13,0.4572,2.54,0.0,1,0,14.13,1.9812,0.2032,1.9812,0.7112,0.508,3.8608,0.508,3,10,0
1.9812,0.7112,0.0,2.286,2.54,17.79,0,1,-17.79,0.2032,0.762,2.286,2.54,2.3368,3.8608,3.8608,1,20,1
2.54,0.762,12.6,2.286,2.54,4.12,1,1,8.48,2.54,1.6002,2.54,0.762,1.3462,1.1938,1.3462,3,20,0
1.9812,2.032,16.57,2.286,2.54,0.0,1,0,16.57,1.0668,0.7112,1.9812,2.032,3.2512,3.556,3.2512,3,10,0
1.9812,2.032,0.0,0.2032,1.6002,17.63,0,1,-17.63,2.286,0.2032,0.2032,1.6002,2.6416,3.4798,3.4798,2,30,1
0.2032,1.9812,19.0,0.2032,1.6002,5.34,1,1,13.66,1.6764,0.7112,0.2032,1.9812,3.2512,2.8702,3.2512,2,20,0
0.2032,1.9812,0.0,0.2032,1.6002,17.18,0,1,-17.18,2.54,1.143,0.2032,1.6002,3.175,2.794,2.794,2,20,1
0.2032,1.9812,0.0,1.9812,0.2032,13.37,0,1,-13.37,0.2032,1.143,1.9812,0.2032,1.3462,2.7178,2.7178,1,30,1
0.2032,1.9812,0.0,0.2032,1.6002,12.35,0,1,-12.35,1.9812,0.2032,0.2032,1.6002,3.556,3.175,3.175,2,30,1
0.2032,1.9812,14.13,0.2032,1.6002,0.0,1,0,14.13,1.6764,2.032,0.2032,1.9812,2.032,2.413,2.032,2,20,0
0.2032,1.9812,0.0,1.0668,2.54,18.85,0,1,-18.85,1.9812,0.2032,1.0668,2.54,3.556,3.2512,3.2512,3,20,1
0.2032,1.9812,0.0,0.2032,1.9812,9.86,0,1,-9.86,1.0668,2.032,0.2032,1.9812,1.4224,1.4224,1.4224,2,20,1
0.2032,1.9812,0.0,0.2032,1.6002,11.23,0,1,-11.23,0.762,2.54,0.2032,1.6002,1.1176,1.4986,1.4986,2,20,1
0.2032,1.9812,0.0,0.2032,1.6002,13.82,0,1,-13.82,0.762,0.7112,0.2032,1.6002,2.3368,1.9558,1.9558,2,30,1
0.2032,1.9812,0.0,0.4572,2.54,11.23,0,1,-11.23,0.2032,1.143,0.4572,2.54,1.3462,1.651,1.651,1,20,1
0.2032,1.9812,0.0,0.2032,1.9812,14.74,0,1,-14.74,1.9812,2.54,0.2032,1.9812,2.3368,2.3368,2.3368,2,30,1
0.2032,1.9812,0.0,0.2032,1.9812,14.13,0,1,-14.13,1.6764,2.032,0.2032,1.9812,2.032,2.032,2.032,2,30,1
0.2032,1.9812,0.0,1.6764,0.2032,13.52,0,1,-13.52,0.2032,0.762,1.6764,0.2032,1.7272,2.032,2.032,1,10,1
2.286,2.54,17.18,1.6764,0.2032,0.0,1,0,17.18,0.2032,0.762,2.286,2.54,3.8608,2.032,3.8608,1,30,0
0.2032,1.9812,16.42,1.6764,0.2032,0.0,2,0,16.42,1.9812,2.54,0.2032,1.9812,2.3368,3.2512,2.3368,2,30,0
0.2032,1.9812,0.0,0.2032,1.9812,13.52,0,1,-13.52,0.4572,0.2032,0.2032,1.9812,2.032,2.032,2.032,2,10,1
0.2032,1.9812,0.0,0.762,0.7112,12.91,0,1,-12.91,1.0668,0.7112,0.762,0.7112,2.6416,0.8128,0.8128,3,10,1
0.2032,1.9812,0.0,2.54,1.6002,13.37,0,1,-13.37,2.286,0.2032,2.54,1.6002,3.8608,1.651,1.651,3,20,1
1.0668,0.2032,12.3,2.54,1.6002,0.0,1,0,12.3,0.2032,1.143,1.0668,0.2032,1.8034,2.794,1.8034,1,20,0
1.0668,0.2032,13.21,2.54,1.6002,0.0,1,0,13.21,0.2032,1.143,1.0668,0.2032,1.8034,2.794,1.8034,1,20,0
2.54,1.9812,15.96,2.54,1.6002,0.0,1,0,15.96,0.2032,1.143,2.54,1.9812,3.175,2.794,3.175,1,20,0
2.54,1.9812,0.0,2.286,0.2032,17.63,0,1,-17.63,0.2032,0.762,2.286,0.2032,3.556,2.6416,2.6416,1,10,1
2.54,1.9812,0.0,1.6764,0.2032,16.87,0,1,-16.87,0.2032,1.143,1.6764,0.2032,3.175,2.413,2.413,1,30,1
0.2032,1.6002,12.45,1.6764,0.2032,0.0,1,0,12.45,2.54,1.6002,0.2032,1.6002,2.3368,2.2606,2.3368,2,30,0
2.54,1.6002,13.52,1.6764,0.2032,0.0,1,0,13.52,0.2032,1.143,2.54,1.6002,2.794,2.413,2.794,1,10,0
2.54,1.6002,0.0,0.762,2.032,14.74,0,1,-14.74,0.2032,0.762,0.762,2.032,3.175,2.3368,2.3368,1,20,1
2.54,1.6002,0.0,0.2032,1.9812,10.47,0,1,-10.47,1.0668,2.54,0.2032,1.9812,2.413,1.4224,1.4224,2,30,1
2.54,1.6002,0.0,0.2032,1.6002,14.59,0,1,-14.59,0.762,0.7112,0.2032,1.6002,3.175,1.9558,1.9558,2,10,1
2.54,1.6002,0.0,1.0668,2.54,13.98,0,1,-13.98,0.2032,0.762,1.0668,2.54,3.175,2.6416,2.6416,1,20,1
2.54,1.6002,0.0,0.2032,1.9812,15.96,0,1,-15.96,0.4572,0.2032,0.2032,1.9812,3.4798,2.032,2.032,2,30,1
2.54,1.6002,0.0,0.762,0.2032,12.91,0,1,-12.91,0.4572,2.54,0.762,0.2032,3.0226,2.6416,2.6416,3,10,1
2.54,1.6002,0.0,0.2032,1.9812,12.91,0,1,-12.91,0.4572,2.54,0.2032,1.9812,3.0226,0.8128,0.8128,2,20,1
2.54,1.6002,0.0,0.2032,1.9812,11.69,0,1,-11.69,1.0668,2.032,0.2032,1.9812,2.413,1.4224,1.4224,2,30,1
2.54,1.6002,0.0,2.54,1.143,13.37,0,1,-13.37,0.2032,1.143,2.54,1.143,2.794,2.3368,2.3368,1,20,1
2.54,1.6002,0.0,1.0668,2.032,15.19,0,1,-15.19,0.2032,1.143,1.0668,2.032,2.794,2.2606,2.2606,1,20,1
2.54,1.6002,0.0,0.4572,0.2032,12.91,0,1,-12.91,0.2032,0.762,0.4572,0.2032,3.175,0.8128,0.8128,1,20,1
2.54,1.6002,0.0,0.2032,1.6002,12.76,0,1,-12.76,1.0668,0.7112,0.2032,1.6002,2.8702,2.2606,2.2606,2,20,1
2.54,1.6002,0.0,1.6764,2.032,13.67,0,1,-13.67,0.2032,1.143,1.6764,2.032,2.794,2.8702,2.8702,1,20,1
0.4572,2.54,14.89,1.6764,2.032,0.0,1,0,14.89,0.2032,1.143,0.4572,2.54,1.651,2.8702,1.651,1,30,0
2.54,0.762,13.72,1.6764,2.032,0.0,1,0,13.72,0.4572,2.54,2.54,0.762,3.8608,1.7272,3.8608,3,20,0
0.2032,1.6002,13.37,1.6764,2.032,0.0,1,0,13.37,2.54,1.6002,0.2032,1.6002,2.3368,1.8034,2.3368,2,10,0
0.2032,1.6002,18.7,1.6764,2.032,0.0,1,0,18.7,1.9812,0.2032,0.2032,1.6002,3.175,3.2512,3.175,2,30,0
1.9812,0.7112,13.37,1.6764,2.032,0.0,1,0,13.37,0.2032,0.762,1.9812,0.7112,2.3368,3.2512,2.3368,1,20,0
1.9812,2.54,17.79,1.6764,2.032,0.0,1,0,17.79,0.2032,1.143,1.9812,2.54,3.175,2.8702,3.175,1,20,0
1.9812,2.54,0.0,0.2032,1.6002,11.84,0,1,-11.84,0.4572,2.54,0.2032,1.6002,2.032,1.1938,1.1938,2,30,1
1.9812,2.54,0.0,0.2032,1.9812,10.01,0,1,-10.01,0.4572,2.54,0.2032,1.9812,2.032,0.8128,0.8128,2,30,1
1.9812,2.54,0.0,1.6764,2.54,17.18,0,1,-17.18,0.762,0.2032,1.6764,2.54,3.556,3.2512,3.2512,3,30,1
1.9812,2.54,0.0,1.9812,2.032,19.61,0,1,-19.61,0.2032,0.762,1.9812,2.032,3.556,3.556,3.556,1,10,1
0.4572,2.54,17.18,1.9812,2.032,4.12,1,1,13.06,0.2032,0.762,0.4572,2.54,2.032,3.556,2.032,1,10,0
0.4572,2.54,0.0,0.2032,1.6002,13.67,0,1,-13.67,2.54,1.6002,0.2032,1.6002,3.0226,2.3368,2.3368,2,20,1
0.4572,2.54,0.0,1.9812,0.2032,13.37,0,1,-13.37,0.2032,1.143,1.9812,0.2032,1.651,2.7178,2.7178,1,30,1
0.4572,2.54,0.0,0.2032,1.9812,16.57,0,1,-16.57,2.54,1.9812,0.2032,1.9812,2.6416,2.9464,2.9464,2,30,1
0.4572,2.54,0.0,1.0668,2.54,13.21,0,1,-13.21,0.2032,1.143,1.0668,2.54,1.651,2.2606,2.2606,1,30,1
2.286,2.54,16.26,1.0668,2.54,0.0,1,0,16.26,0.2032,1.143,2.286,2.54,3.4798,2.2606,3.4798,1,30,0
2.286,2.54,0.0,2.54,0.762,15.96,0,1,-15.96,1.0668,0.2032,2.54,0.762,3.556,2.032,2.032,3,10,1
2.54,1.6002,10.62,2.54,0.762,0.0,1,0,10.62,1.9812,2.032,2.54,1.6002,1.4986,2.3368,1.4986,3,30,0
2.54,1.6002,0.0,1.6764,2.032,18.4,0,1,-18.4,0.2032,0.762,1.6764,2.032,3.175,3.2512,3.2512,1,20,1
0.762,0.7112,14.59,1.6764,2.032,0.0,1,0,14.59,0.2032,0.762,0.762,0.7112,1.1176,3.2512,1.1176,1,30,0
2.286,2.54,15.96,1.6764,2.032,0.0,1,0,15.96,0.2032,1.143,2.286,2.54,3.4798,2.8702,3.4798,1,30,0
2.286,2.54,0.0,2.286,2.54,21.44,0,1,-21.44,0.4572,0.2032,2.286,2.54,4.1656,4.1656,4.1656,3,10,1
0.762,0.2032,15.96,2.286,2.54,6.71,1,1,9.25,0.4572,2.54,0.762,0.2032,2.6416,2.3368,2.6416,3,20,0
0.2032,1.6002,10.93,2.286,2.54,0.0,1,0,10.93,0.762,0.7112,0.2032,1.6002,1.9558,3.8608,1.9558,2,30,0
0.2032,1.6002,15.04,2.286,2.54,0.0,1,0,15.04,1.0668,0.2032,0.2032,1.6002,2.2606,3.556,2.2606,2,20,0
0.2032,1.6002,0.0,0.2032,1.9812,17.18,0,1,-17.18,2.54,0.762,0.2032,1.9812,3.175,3.556,3.556,2,20,1
0.2032,1.9812,12.45,0.2032,1.9812,4.27,1,1,8.18,1.0668,2.032,0.2032,1.9812,1.4224,1.4224,1.4224,2,10,0
0.2032,1.9812,0.0,1.9812,0.7112,14.13,0,1,-14.13,0.2032,0.762,1.9812,0.7112,1.7272,2.3368,2.3368,1,30,1
0.2032,1.6002,14.89,1.9812,0.7112,0.0,1,0,14.89,1.6764,2.54,0.2032,1.6002,2.413,3.2512,2.413,2,30,0
0.4572,2.54,14.28,1.9812,0.7112,0.0,1,0,14.28,1.6764,2.032,0.4572,2.54,1.7272,3.2512,1.7272,3,30,0
1.6764,2.032,16.57,1.9812,0.7112,0.0,1,0,16.57,0.2032,0.762,1.6764,2.032,3.2512,2.3368,3.2512,1,10,0
1.6764,2.032,0.0,1.6764,2.032,17.18,0,1,-17.18,0.2032,1.143,1.6764,2.032,2.8702,2.8702,2.8702,1,30,1
1.6764,2.032,0.0,0.2032,1.6002,10.83,0,1,-10.83,1.6764,2.032,0.2032,1.6002,0.0,2.413,2.413,2,20,1
1.6764,2.032,0.0,1.0668,2.54,12.45,0,1,-12.45,0.2032,1.143,1.0668,2.54,2.8702,2.2606,2.2606,1,10,1
0.2032,1.9812,14.74,1.0668,2.54,0.0,1,0,14.74,2.54,1.9812,0.2032,1.9812,2.9464,2.032,2.9464,2,20,0
0.2032,1.9812,0.0,0.2032,1.6002,14.28,0,1,-14.28,1.9812,2.54,0.2032,1.6002,2.3368,2.7178,2.7178,2,10,1
0.2032,1.9812,0.0,0.762,2.54,11.84,0,1,-11.84,0.2032,1.143,0.762,2.54,1.3462,1.9558,1.9558,1,10,1
1.9812,2.54,15.04,0.762,2.54,0.0,1,0,15.04,0.2032,1.143,1.9812,2.54,3.175,1.9558,3.175,1,20,0
1.9812,2.54,0.0,1.9812,0.2032,15.35,0,1,-15.35,0.2032,1.143,1.9812,0.2032,3.175,2.7178,2.7178,1,30,1
1.9812,2.54,0.0,0.762,2.54,15.35,0,1,-15.35,2.54,0.762,0.762,2.54,2.3368,3.556,3.556,3,30,1
1.9812,2.54,0.0,1.9812,2.032,16.26,0,1,-16.26,0.2032,1.143,1.9812,2.032,3.175,3.175,3.175,1,30,1
1.9812,2.54,0.0,1.6764,2.54,18.09,0,1,-18.09,0.2032,1.143,1.6764,2.54,3.175,2.8702,2.8702,1,10,1
0.762,2.032,19.0,1.6764,2.54,5.49,1,1,13.51,2.286,0.2032,0.762,2.032,3.8608,2.9464,3.8608,3,20,0
0.762,2.032,6.1,0.762,0.7112,14.74,1,1,-8.64,0.2032,1.143,0.762,0.7112,1.9558,1.4986,1.4986,1,30,1
0.762,2.032,0.0,0.2032,1.6002,14.59,0,1,-14.59,1.6764,0.2032,0.2032,1.6002,3.2512,2.8702,2.8702,2,10,1
0.762,2.032,0.0,0.2032,1.6002,15.04,0,1,-15.04,1.0668,0.7112,0.2032,1.6002,3.2512,2.2606,2.2606,2,10,1
0.762,2.032,0.0,2.286,2.54,14.89,0,1,-14.89,0.2032,1.143,2.286,2.54,1.9558,3.4798,3.4798,1,30,1
0.762,2.032,0.0,1.9812,0.7112,12.3,0,1,-12.3,2.286,0.2032,1.9812,0.7112,3.8608,0.8128,0.8128,3,30,1
0.762,2.032,0.0,1.0668,2.54,15.96,0,1,-15.96,0.2032,0.762,1.0668,2.54,2.3368,2.6416,2.6416,1,20,1
0.762,2.032,0.0,1.9812,0.7112,13.52,0,1,-13.52,1.6764,0.7112,1.9812,0.7112,3.2512,0.8128,0.8128,3,20,1
0.762,2.032,0.0,1.6764,0.7112,14.74,0,1,-14.74,0.2032,0.762,1.6764,0.7112,2.3368,2.032,2.032,1,10,1
0.762,2.032,0.0,0.2032,1.9812,13.52,0,1,-13.52,0.4572,0.2032,0.2032,1.9812,2.6416,2.032,2.032,2,10,1
0.762,2.032,0.0,0.4572,0.2032,11.08,0,1,-11.08,0.2032,0.762,0.4572,0.2032,2.3368,0.8128,0.8128,1,20,1
0.762,2.032,0.0,1.6764,0.2032,14.13,0,1,-14.13,2.54,0.762,1.6764,0.2032,3.556,1.4224,1.4224,3,10,1
0.2032,1.6002,13.67,1.6764,0.2032,0.0,1,0,13.67,1.6764,2.54,0.2032,1.6002,2.413,2.9464,2.413,2,30,0
1.6764,0.2032,12.76,1.6764,0.2032,0.0,1,0,12.76,0.2032,1.143,1.6764,0.2032,2.413,2.413,2.413,1,30,0
1.6764,0.2032,0.0,0.762,2.032,14.74,0,1,-14.74,0.2032,1.143,0.762,2.032,2.413,1.9558,1.9558,1,30,1
0.2032,1.9812,13.52,0.762,2.032,0.0,1,0,13.52,1.0668,0.7112,0.2032,1.9812,2.6416,3.2512,2.6416,2,30,0
0.2032,1.9812,0.0,0.2032,1.6002,19.46,0,1,-19.46,1.9812,0.7112,0.2032,1.6002,3.556,3.175,3.175,2,20,1
2.286,2.54,12.3,0.2032,1.6002,0.0,1,0,12.3,0.762,2.032,2.286,2.54,2.032,1.4986,2.032,3,30,0
2.286,2.54,0.0,1.6764,2.032,15.19,0,1,-15.19,0.2032,0.762,1.6764,2.032,3.8608,3.2512,3.2512,1,20,1
0.2032,1.9812,11.28,1.6764,2.032,0.0,1,0,11.28,2.286,2.54,0.2032,1.9812,2.6416,1.1176,2.6416,2,30,0
0.2032,1.9812,0.0,1.9812,0.2032,13.52,0,1,-13.52,2.54,1.6002,1.9812,0.2032,2.7178,1.9558,1.9558,3,30,1
0.4572,2.54,13.52,1.9812,0.2032,0.0,1,0,13.52,0.2032,0.762,0.4572,2.54,2.032,2.3368,2.032,1,20,0
0.4572,2.54,0.0,2.286,0.2032,9.86,0,1,-9.86,2.54,0.762,2.286,0.2032,3.8608,0.8128,0.8128,3,20,1
0.2032,1.9812,9.86,2.286,0.2032,0.0,1,0,9.86,0.762,2.032,0.2032,1.9812,1.1176,3.8608,1.1176,2,20,0
0.2032,1.9812,0.0,0.2032,1.6002,13.98,0,1,-13.98,2.54,1.143,0.2032,1.6002,3.175,2.794,2.794,2,30,1
0.2032,1.9812,0.0,0.4572,0.2032,10.32,0,1,-10.32,0.2032,1.143,0.4572,0.2032,1.3462,1.1938,1.1938,1,20,1
0.2032,1.9812,0.0,1.9812,0.2032,11.08,0,1,-11.08,1.0668,0.7112,1.9812,0.2032,2.6416,1.4224,1.4224,3,10,1
1.0668,0.2032,12.3,1.9812,0.2032,0.0,1,0,12.3,0.2032,0.762,1.0668,0.2032,1.4224,2.3368,1.4224,1,30,0
0.2032,1.9812,14.74,1.9812,0.2032,0.0,1,0,14.74,1.0668,2.032,0.2032,1.9812,1.4224,3.2512,1.4224,2,30,0
2.54,0.762,14.13,1.9812,0.2032,0.0,1,0,14.13,0.2032,1.143,2.54,0.762,2.7178,2.7178,2.7178,1,10,0
2.54,0.762,0.0,2.54,1.9812,16.57,0,1,-16.57,0.762,0.7112,2.54,1.9812,2.3368,3.556,3.556,3,30,1
0.2032,1.6002,16.11,2.54,1.9812,4.27,1,1,11.84,1.9812,2.54,0.2032,1.6002,2.7178,1.1176,2.7178,2,20,0
0.2032,1.6002,12.6,2.54,1.9812,0.0,1,0,12.6,0.4572,0.2032,0.2032,1.6002,1.651,3.8608,1.651,2,20,0
0.2032,1.6002,10.78,2.54,1.9812,0.0,1,0,10.78,0.4572,2.54,0.2032,1.6002,1.1938,2.6416,1.1938,2,20,0
0.2032,1.9812,11.23,2.54,1.9812,0.0,1,0,11.23,0.762,2.54,0.2032,1.9812,1.1176,2.3368,1.1176,2,30,0
1.0668,2.032,14.74,2.54,1.9812,0.0,1,0,14.74,0.2032,0.762,1.0668,2.032,2.6416,3.556,2.6416,1,10,0
0.2032,1.6002,16.41,2.54,1.9812,0.0,1,0,16.41,0.762,0.7112,0.2032,1.6002,1.9558,3.556,1.9558,2,30,0
2.54,1.9812,15.8,2.54,1.9812,0.0,1,0,15.8,0.2032,0.762,2.54,1.9812,3.556,3.556,3.556,1,10,0
2.54,1.9812,0.0,0.2032,1.9812,15.04,0,1,-15.04,2.54,1.143,0.2032,1.9812,1.3462,3.175,3.175,2,10,1
1.9812,2.032,16.57,0.2032,1.9812,0.0,1,0,16.57,1.9812,0.2032,1.9812,2.032,2.9464,3.556,2.9464,3,10,0
1.9812,2.032,0.0,1.9812,2.032,15.04,0,1,-15.04,0.2032,1.143,1.9812,2.032,3.175,3.175,3.175,1,20,1
1.9812,2.032,0.0,2.286,0.2032,12.3,0,1,-12.3,2.54,1.143,2.286,0.2032,1.9558,1.1938,1.1938,3,30,1
1.9812,2.032,0.0,0.2032,1.6002,13.98,0,1,-13.98,1.6764,0.2032,0.2032,1.6002,3.2512,2.8702,2.8702,2,20,1
1.9812,2.032,0.0,1.9812,0.7112,13.37,0,1,-13.37,0.2032,1.143,1.9812,0.7112,3.175,2.7178,2.7178,1,20,1
1.9812,2.032,0.0,0.2032,1.6002,14.59,0,1,-14.59,2.286,0.2032,0.2032,1.6002,2.6416,3.4798,3.4798,2,10,1
1.9812,2.54,11.99,0.2032,1.6002,0.0,1,0,11.99,2.54,1.6002,1.9812,2.54,1.4986,2.3368,1.4986,3,10,0
0.2032,1.6002,12.45,0.2032,1.6002,0.0,1,0,12.45,1.9812,2.032,0.2032,1.6002,2.7178,2.7178,2.7178,2,20,0
0.2032,1.6002,0.0,0.2032,1.6002,15.65,0,1,-15.65,1.6764,2.54,0.2032,1.6002,2.413,2.413,2.413,2,10,1
0.2032,1.6002,0.0,2.286,2.54,14.89,0,1,-14.89,0.2032,1.143,2.286,2.54,0.9652,3.4798,3.4798,1,10,1
0.2032,1.6002,0.0,1.9812,0.2032,13.52,0,1,-13.52,1.9812,2.54,1.9812,0.2032,2.7178,2.9464,2.9464,3,30,1
1.0668,0.2032,11.54,1.9812,0.2032,0.0,1,0,11.54,0.2032,1.143,1.0668,0.2032,1.8034,2.7178,1.8034,1,10,0
0.2032,1.6002,15.5,1.9812,0.2032,0.0,1,0,15.5,1.0668,2.032,0.2032,1.6002,1.8034,3.2512,1.8034,2,30,0
1.0668,0.7112,11.54,1.9812,0.2032,0.0,1,0,11.54,0.2032,0.762,1.0668,0.7112,1.4224,2.3368,1.4224,1,30,0
0.2032,1.9812,15.96,1.9812,0.2032,0.0,1,0,15.96,1.6764,2.032,0.2032,1.9812,2.032,3.2512,2.032,2,10,0
1.9812,0.2032,14.13,1.9812,0.2032,0.0,1,0,14.13,0.2032,0.762,1.9812,0.2032,2.3368,2.3368,2.3368,1,20,0
1.9812,0.2032,0.0,1.0668,2.54,15.96,0,1,-15.96,0.2032,0.762,1.0668,2.54,2.3368,2.6416,2.6416,1,20,1
1.9812,0.2032,0.0,0.2032,1.6002,13.06,0,1,-13.06,1.6764,2.54,0.2032,1.6002,3.2512,2.413,2.413,2,30,1
1.6764,0.2032,12.3,0.2032,1.6002,0.0,1,0,12.3,0.762,0.7112,1.6764,0.2032,1.4224,1.9558,1.4224,3,20,0
1.6764,0.2032,0.0,1.6764,2.54,13.67,0,1,-13.67,0.2032,1.143,1.6764,2.54,2.413,2.8702,2.8702,1,20,1
0.2032,1.9812,15.96,1.6764,2.54,0.0,1,0,15.96,2.54,1.143,0.2032,1.9812,3.175,2.2606,3.175,2,30,0
1.9812,0.2032,15.35,1.6764,2.54,0.0,1,0,15.35,0.762,2.54,1.9812,0.2032,3.556,1.4224,3.556,3,30,0
1.9812,0.2032,0.0,0.2032,1.9812,11.08,0,1,-11.08,1.6764,2.032,0.2032,1.9812,3.2512,2.032,2.032,2,30,1
1.9812,0.2032,0.0,2.286,0.2032,14.74,0,1,-14.74,0.2032,0.762,2.286,0.2032,2.3368,2.6416,2.6416,1,10,1
1.6764,2.54,17.18,2.286,0.2032,0.0,1,0,17.18,0.2032,1.143,1.6764,2.54,2.8702,3.0226,2.8702,1,30,0
2.54,0.762,17.18,2.286,0.2032,0.0,1,0,17.18,0.2032,1.143,2.54,0.762,2.7178,3.0226,2.7178,1,10,0
2.54,0.762,0.0,0.762,2.54,15.96,0,1,-15.96,0.2032,0.762,0.762,2.54,2.9464,2.3368,2.3368,1,10,1
2.54,0.762,0.0,0.2032,1.9812,9.25,0,1,-9.25,0.762,2.032,0.2032,1.9812,3.556,1.1176,1.1176,2,20,1
2.54,0.762,0.0,0.762,2.54,12.6,0,1,-12.6,0.2032,1.143,0.762,2.54,2.7178,1.9558,1.9558,1,10,1
2.54,0.762,0.0,0.762,0.7112,12.91,0,1,-12.91,0.2032,0.762,0.762,0.7112,2.9464,1.1176,1.1176,1,30,1
2.54,0.762,0.0,0.2032,1.6002,12.15,0,1,-12.15,1.0668,0.2032,0.2032,1.6002,2.032,2.2606,2.2606,2,10,1
0.2032,1.6002,14.59,0.2032,1.6002,0.0,1,0,14.59,1.0668,0.2032,0.2032,1.6002,2.2606,2.2606,2.2606,2,20,0
0.2032,1.6002,0.0,0.2032,1.6002,13.82,0,1,-13.82,0.762,0.2032,0.2032,1.6002,1.9558,1.9558,1.9558,2,20,1
0.2032,1.6002,0.0,0.762,0.7112,12.15,0,1,-12.15,1.0668,0.2032,0.762,0.7112,2.2606,0.8128,0.8128,3,10,1
0.2032,1.6002,0.0,1.6764,0.2032,9.86,0,1,-9.86,1.0668,0.7112,1.6764,0.2032,2.2606,1.1176,1.1176,3,30,1
0.2032,1.6002,0.0,0.2032,1.6002,12.76,0,1,-12.76,0.762,0.7112,0.2032,1.6002,1.9558,1.9558,1.9558,2,20,1
0.2032,1.6002,0.0,0.2032,1.6002,11.99,0,1,-11.99,0.762,2.54,0.2032,1.6002,1.4986,1.4986,1.4986,2,30,1
0.2032,1.6002,0.0,0.762,2.54,16.11,0,1,-16.11,2.54,1.9812,0.762,2.54,2.7178,2.3368,2.3368,3,10,1
0.762,0.2032,10.93,0.762,2.54,0.0,1,0,10.93,0.2032,1.143,0.762,0.2032,1.4986,1.9558,1.4986,1,20,0
1.6764,2.032,13.52,0.762,2.54,0.0,1,0,13.52,1.0668,0.2032,1.6764,2.032,2.9464,3.2512,2.9464,3,30,0
1.6764,2.032,0.0,1.6764,2.54,18.4,0,1,-18.4,0.4572,0.2032,1.6764,2.54,3.556,3.556,3.556,3,20,1
1.9812,0.2032,17.18,1.6764,2.54,5.49,1,1,11.69,0.2032,0.762,1.9812,0.2032,2.3368,3.2512,2.3368,1,10,0
1.6764,0.7112,13.52,1.6764,2.54,0.0,1,0,13.52,0.4572,0.2032,1.6764,0.7112,1.7272,3.556,1.7272,3,20,0
1.6764,0.7112,0.0,0.2032,1.9812,11.08,0,1,-11.08,1.0668,2.54,0.2032,1.9812,2.9464,1.4224,1.4224,2,20,1
1.6764,0.7112,0.0,0.2032,1.6002,17.33,0,1,-17.33,2.286,2.54,0.2032,1.6002,2.9464,3.0226,3.0226,2,20,1
0.2032,1.9812,15.96,0.2032,1.6002,0.0,1,0,15.96,2.54,0.762,0.2032,1.9812,3.556,3.175,3.556,2,20,0
0.2032,1.9812,0.0,2.54,0.762,13.37,0,1,-13.37,0.2032,1.143,2.54,0.762,1.3462,2.7178,2.7178,1,30,1
0.762,2.032,12.6,2.54,0.762,0.0,1,0,12.6,0.2032,1.143,0.762,2.032,1.9558,2.7178,1.9558,1,20,0
0.762,2.032,0.0,0.2032,1.6002,14.59,0,1,-14.59,1.9812,0.7112,0.2032,1.6002,3.556,3.175,3.175,2,30,1
0.762,2.032,0.0,2.286,2.54,16.41,0,1,-16.41,0.2032,0.762,2.286,2.54,2.3368,3.8608,3.8608,1,10,1
2.286,2.54,16.87,2.286,2.54,0.0,1,0,16.87,0.2032,1.143,2.286,2.54,3.4798,3.4798,3.4798,1,10,0
2.286,2.54,0.0,1.6764,0.2032,17.79,0,1,-17.79,0.2032,0.762,1.6764,0.2032,3.8608,2.032,2.032,1,20,1
0.2032,1.6002,13.06,1.6764,0.2032,0.0,1,0,13.06,2.54,1.6002,0.2032,1.6002,2.3368,2.2606,2.3368,2,10,0
0.2032,1.9812,16.11,1.6764,0.2032,0.0,1,0,16.11,1.9812,2.032,0.2032,1.9812,2.3368,3.2512,2.3368,2,30,0
0.2032,1.9812,0.0,0.2032,1.9812,13.52,0,1,-13.52,0.4572,0.2032,0.2032,1.9812,2.032,2.032,2.032,2,20,1
0.2032,1.9812,0.0,0.2032,1.9812,20.22,0,1,-20.22,2.54,0.762,0.2032,1.9812,3.556,3.556,3.556,2,30,1
0.2032,1.9812,0.0,0.2032,1.6002,12.45,0,1,-12.45,1.0668,2.54,0.2032,1.6002,1.4224,1.8034,1.8034,2,10,1
0.2032,1.9812,0.0,0.762,2.54,11.84,0,1,-11.84,0.2032,1.143,0.762,2.54,1.3462,1.9558,1.9558,1,20,1
1.9812,2.54,16.57,0.762,2.54,0.0,1,0,16.57,0.2032,0.762,1.9812,2.54,3.556,2.3368,3.556,1,20,0
1.9812,2.54,4.12,0.762,2.54,15.35,1,1,-11.23,0.2032,0.762,0.762,2.54,3.556,2.3368,2.3368,1,20,1
1.9812,2.54,0.0,0.2032,1.6002,10.01,0,1,-10.01,0.4572,2.54,0.2032,1.6002,2.032,1.1938,1.1938,2,30,1
1.9812,2.54,0.0,1.0668,0.7112,11.54,0,1,-11.54,0.2032,1.143,1.0668,0.7112,3.175,1.8034,1.8034,1,20,1
1.9812,2.54,0.0,0.4572,0.2032,10.47,0,1,-10.47,0.2032,0.762,0.4572,0.2032,3.556,0.8128,0.8128,1,30,1
1.9812,2.54,0.0,0.2032,1.9812,15.96,0,1,-15.96,1.6764,0.2032,0.2032,1.9812,3.2512,3.2512,3.2512,2,10,1
1.9812,2.54,0.0,1.0668,2.54,13.21,0,1,-13.21,0.2032,1.143,1.0668,2.54,3.175,2.2606,2.2606,1,20,1
0.2032,1.9812,11.69,1.0668,2.54,0.0,1,0,11.69,1.6764,2.54,0.2032,1.9812,2.032,1.1176,2.032,2,20,0
1.9812,2.032,17.79,1.0668,2.54,0.0,1,0,17.79,0.4572,0.2032,1.9812,2.032,3.8608,2.9464,3.8608,3,20,0
1.9812,2.032,6.1,0.762,2.54,14.43,1,1,-8.33,0.2032,1.143,0.762,2.54,3.175,1.9558,1.9558,1,10,1
0.2032,1.9812,16.26,0.762,2.54,0.0,1,0,16.26,2.54,1.143,0.2032,1.9812,3.175,3.175,3.175,2,10,0
0.2032,1.9812,0.0,0.2032,1.6002,11.23,0,1,-11.23,1.0668,2.032,0.2032,1.6002,1.4224,1.8034,1.8034,2,30,1
0.2032,1.9812,0.0,1.6764,0.7112,12.76,0,1,-12.76,1.0668,0.2032,1.6764,0.7112,2.6416,1.1176,1.1176,3,10,1
0.2032,1.9812,0.0,2.54,1.6002,11.54,0,1,-11.54,2.286,0.2032,2.54,1.6002,3.8608,1.651,1.651,3,30,1
0.2032,1.9812,0.0,0.2032,1.6002,16.26,0,1,-16.26,1.9812,0.2032,0.2032,1.6002,3.556,3.175,3.175,2,20,1
0.2032,1.9812,0.0,1.6764,0.7112,12.76,0,1,-12.76,0.2032,0.762,1.6764,0.7112,1.7272,2.032,2.032,1,30,1
0.2032,1.9812,0.0,0.2032,1.6002,13.98,0,1,-13.98,1.9812,0.2032,0.2032,1.6002,3.556,3.175,3.175,2,20,1
0.2032,1.9812,0.0,1.0668,0.2032,11.54,0,1,-11.54,0.2032,0.762,1.0668,0.2032,1.7272,1.4224,1.4224,1,30,1
2.286,2.54,12.3,1.0668,0.2032,0.0,1,0,12.3,0.4572,2.54,2.286,2.54,2.3368,2.9464,2.3368,3,20,0
2.286,2.54,0.0,0.762,2.032,13.52,0,1,-13.52,0.2032,0.762,0.762,2.032,3.8608,2.3368,2.3368,1,30,1
1.0668,2.54,15.04,0.762,2.032,0.0,1,0,15.04,2.54,1.143,1.0668,2.54,2.8702,3.175,2.8702,3,10,0
1.0668,2.54,0.0,0.762,0.2032,12.91,0,1,-12.91,0.2032,0.762,0.762,0.2032,2.6416,1.1176,1.1176,1,30,1
1.0668,2.54,0.0,0.762,0.2032,11.99,0,1,-11.99,0.2032,1.143,0.762,0.2032,2.2606,1.4986,1.4986,1,10,1
1.0668,2.54,0.0,0.2032,1.6002,14.59,0,1,-14.59,1.6764,0.7112,0.2032,1.6002,2.9464,2.8702,2.8702,2,30,1
1.0668,2.54,0.0,1.6764,0.7112,12.76,0,1,-12.76,0.2032,1.143,1.6764,0.7112,2.2606,2.413,2.413,1,20,1
2.54,0.762,13.52,1.6764,0.7112,0.0,1,0,13.52,1.0668,2.032,2.54,0.762,3.2512,2.9464,3.2512,3,30,0
0.2032,1.6002,16.11,1.6764,0.7112,0.0,1,0,16.11,1.9812,2.032,0.2032,1.6002,2.7178,3.2512,2.7178,2,20,0
1.0668,2.032,12.45,1.6764,0.7112,0.0,1,0,12.45,0.2032,1.143,1.0668,2.032,2.2606,2.413,2.2606,1,30,0
1.0668,2.032,0.0,0.2032,1.9812,14.74,0,1,-14.74,1.9812,0.7112,0.2032,1.9812,3.2512,3.556,3.556,2,20,1
1.0668,2.032,0.0,1.9812,2.54,16.57,0,1,-16.57,0.2032,0.762,1.9812,2.54,2.6416,3.556,3.556,1,20,1
1.0668,2.032,0.0,1.6764,0.2032,13.52,0,1,-13.52,1.9812,0.7112,1.6764,0.2032,3.2512,0.8128,0.8128,3,20,1
1.0668,2.032,0.0,2.286,0.2032,9.25,0,1,-9.25,1.9812,0.2032,2.286,0.2032,3.2512,0.8128,0.8128,3,30,1
1.0668,2.032,0.0,2.54,0.762,17.18,0,1,-17.18,0.2032,0.762,2.54,0.762,2.6416,2.9464,2.9464,1,30,1
1.0668,2.032,0.0,1.6764,2.032,15.96,0,1,-15.96,1.0668,0.7112,1.6764,2.032,2.9464,2.9464,2.9464,3,10,1
1.0668,2.032,0.0,2.54,1.6002,10.62,0,1,-10.62,2.54,1.9812,2.54,1.6002,2.032,0.889,0.889,3,20,1
0.762,2.54,14.43,2.54,1.6002,0.0,1,0,14.43,0.2032,1.143,0.762,2.54,1.9558,2.794,1.9558,1,20,0
0.762,2.032,15.35,2.54,1.6002,0.0,1,0,15.35,0.2032,0.762,0.762,2.032,2.3368,3.175,2.3368,1,20,0
0.762,2.032,0.0,0.2032,1.9812,14.28,0,1,-14.28,2.54,1.143,0.2032,1.9812,3.175,3.175,3.175,2,20,1
1.6764,0.7112,12.5,0.2032,1.9812,0.0,1,0,12.5,0.762,2.032,1.6764,0.7112,3.2512,1.1176,3.2512,3,30,0
1.6764,0.7112,0.0,1.9812,0.2032,14.13,0,1,-14.13,0.2032,1.143,1.9812,0.2032,2.413,2.7178,2.7178,1,10,1
1.6764,0.7112,0.0,0.762,0.2032,16.26,0,1,-16.26,2.54,1.6002,0.762,0.2032,2.2606,3.175,3.175,3,20,1
0.2032,1.9812,15.96,0.762,0.2032,0.0,1,0,15.96,2.54,0.762,0.2032,1.9812,3.556,2.3368,3.556,2,10,0
2.54,1.9812,12.91,0.762,0.2032,0.0,1,0,12.91,1.0668,2.032,2.54,1.9812,2.032,3.2512,2.032,3,30,0
2.54,1.9812,0.0,1.6764,2.54,14.74,0,1,-14.74,0.2032,0.762,1.6764,2.54,3.556,3.2512,3.2512,1,10,1
0.2032,1.9812,15.04,1.6764,2.54,0.0,1,0,15.04,2.54,1.143,0.2032,1.9812,3.175,2.2606,3.175,2,20,0
0.2032,1.9812,0.0,0.2032,1.6002,14.28,0,1,-14.28,2.286,2.54,0.2032,1.6002,2.6416,3.0226,3.0226,2,10,1
0.2032,1.9812,0.0,1.9812,0.2032,14.59,0,1,-14.59,2.54,0.762,1.9812,0.2032,3.556,1.1176,1.1176,3,30,1
0.2032,1.6002,10.01,1.9812,0.2032,0.0,1,0,10.01,0.4572,2.54,0.2032,1.6002,1.1938,3.8608,1.1938,2,10,0
0.2032,1.6002,0.0,0.2032,1.9812,14.13,0,1,-14.13,1.6764,0.7112,0.2032,1.9812,2.8702,3.2512,3.2512,2,20,1
0.762,0.7112,10.93,0.2032,1.9812,0.0,1,0,10.93,0.2032,0.762,0.762,0.7112,1.1176,1.7272,1.1176,1,30,0
0.762,0.7112,0.0,1.6764,2.032,11.08,0,1,-11.08,0.762,2.032,1.6764,2.032,2.9464,1.4224,1.4224,3,30,1
0.762,0.7112,0.0,0.2032,1.6002,11.84,0,1,-11.84,1.6764,2.54,0.2032,1.6002,3.2512,2.413,2.413,2,10,1
0.2032,1.9812,17.79,0.2032,1.6002,0.0,1,0,17.79,2.54,0.762,0.2032,1.9812,3.556,3.175,3.556,2,20,0
0.2032,1.9812,4.27,0.2032,1.9812,16.11,1,1,-11.84,1.9812,2.54,0.2032,1.9812,2.3368,2.3368,2.3368,2,10,1
0.2032,1.9812,0.0,2.54,1.143,13.37,0,1,-13.37,0.2032,1.143,2.54,1.143,1.3462,2.3368,2.3368,1,30,1
0.2032,1.6002,12.45,2.54,1.143,0.0,1,0,12.45,1.0668,2.54,0.2032,1.6002,1.8034,2.8702,1.8034,2,30,0
0.2032,1.6002,0.0,0.2032,1.6002,14.13,0,1,-14.13,2.54,1.9812,0.2032,1.6002,2.7178,2.7178,2.7178,2,30,1
0.2032,1.6002,0.0,1.0668,2.54,12.45,0,1,-12.45,0.2032,1.143,1.0668,2.54,0.9652,2.2606,2.2606,1,10,1
0.2032,1.6002,0.0,0.2032,1.9812,12.3,0,1,-12.3,1.6764,2.54,0.2032,1.9812,2.413,2.032,2.032,2,10,1
0.2032,1.9812,20.68,0.2032,1.9812,0.0,1,0,20.68,2.286,0.2032,0.2032,1.9812,3.8608,3.8608,3.8608,2,30,0
0.2032,1.9812,6.1,2.54,1.6002,15.8,1,1,-9.7,0.2032,0.762,2.54,1.6002,1.7272,3.175,3.175,1,10,1
0.2032,1.9812,15.35,2.54,1.6002,0.0,1,0,15.35,0.762,0.7112,0.2032,1.9812,2.3368,3.175,2.3368,2,20,0
0.2032,1.6002,14.59,2.54,1.6002,0.0,1,0,14.59,0.762,0.7112,0.2032,1.6002,1.9558,3.175,1.9558,2,30,0
1.6764,2.032,13.67,2.54,1.6002,0.0,1,0,13.67,0.2032,1.143,1.6764,2.032,2.8702,2.794,2.8702,1,20,0
1.6764,2.032,0.0,0.762,0.2032,14.59,0,1,-14.59,0.4572,0.2032,0.762,0.2032,3.556,0.8128,0.8128,3,20,1
0.762,0.7112,14.74,0.762,0.2032,0.0,1,0,14.74,0.762,2.54,0.762,0.7112,2.9464,2.9464,2.9464,3,10,0
0.762,0.7112,0.0,0.2032,1.9812,16.57,0,1,-16.57,1.9812,0.7112,0.2032,1.9812,1.7272,3.556,3.556,2,10,1
0.2032,1.9812,17.79,0.2032,1.9812,4.27,1,1,13.52,2.54,0.762,0.2032,1.9812,3.556,3.556,3.556,2,30,0
0.2032,1.9812,0.0,1.0668,0.2032,14.74,0,1,-14.74,0.762,2.032,1.0668,0.2032,1.1176,3.2512,3.2512,3,30,1
0.762,0.7112,11.69,1.0668,0.2032,0.0,1,0,11.69,0.2032,1.143,0.762,0.7112,1.4986,1.8034,1.4986,1,20,0
0.762,0.7112,0.0,1.6764,0.7112,9.25,0,1,-9.25,1.6764,0.2032,1.6764,0.7112,1.4224,0.508,0.508,3,20,1
0.762,0.7112,0.0,0.2032,1.9812,17.18,0,1,-17.18,2.54,1.9812,0.2032,1.9812,3.556,2.9464,2.9464,2,20,1
0.2032,1.9812,17.79,0.2032,1.9812,0.0,1,0,17.79,2.54,0.762,0.2032,1.9812,3.556,3.556,3.556,2,10,0
0.2032,1.9812,4.27,2.286,2.54,12.3,1,1,-8.03,1.0668,2.032,2.286,2.54,1.4224,1.7272,1.7272,3,20,1
0.2032,1.9812,0.0,0.2032,1.6002,13.06,0,1,-13.06,1.6764,2.54,0.2032,1.6002,2.032,2.413,2.413,2,10,1
0.2032,1.9812,0.0,0.4572,2.54,11.23,0,1,-11.23,0.2032,1.143,0.4572,2.54,1.3462,1.651,1.651,1,10,1
0.2032,1.9812,18.7,0.4572,2.54,0.0,1,0,18.7,2.54,1.143,0.2032,1.9812,3.175,3.4798,3.175,2,10,0
0.2032,1.9812,0.0,0.762,0.2032,17.18,0,1,-17.18,1.9812,2.032,0.762,0.2032,2.3368,3.556,3.556,3,20,1
2.54,1.9812,12.91,0.762,0.2032,4.12,1,1,8.79,1.0668,2.54,2.54,1.9812,2.032,3.2512,2.032,3,30,0
2.54,1.9812,0.0,1.9812,0.2032,12.91,0,1,-12.91,0.2032,0.762,1.9812,0.2032,3.556,2.3368,2.3368,1,10,1
2.54,1.9812,0.0,2.54,1.6002,17.02,0,1,-17.02,0.2032,0.762,2.54,1.6002,3.556,3.175,3.175,1,20,1
0.2032,1.6002,13.67,2.54,1.6002,0.0,1,0,13.67,1.6764,2.54,0.2032,1.6002,2.413,1.8034,2.413,2,30,0
2.286,0.2032,13.98,2.54,1.6002,0.0,1,0,13.98,0.2032,0.762,2.286,0.2032,2.6416,3.175,2.6416,1,30,0
2.286,0.2032,0.0,0.2032,1.9812,13.67,0,1,-13.67,1.0668,2.032,0.2032,1.9812,3.556,1.4224,1.4224,2,20,1
2.54,1.9812,17.18,0.2032,1.9812,0.0,1,0,17.18,0.762,0.2032,2.54,1.9812,3.556,2.3368,3.556,3,30,0
2.54,1.9812,0.0,1.0668,2.54,14.74,0,1,-14.74,0.2032,0.762,1.0668,2.54,3.556,2.6416,2.6416,1,10,1
2.54,1.9812,0.0,2.54,1.6002,17.63,0,1,-17.63,0.2032,0.762,2.54,1.6002,3.556,3.175,3.175,1,10,1
2.54,1.143,18.55,2.54,1.6002,5.34,1,1,13.21,0.2032,0.762,2.54,1.143,2.7178,3.175,2.7178,1,30,0
2.54,1.143,0.0,0.2032,1.9812,13.67,0,1,-13.67,0.4572,2.54,0.2032,1.9812,3.4798,0.8128,0.8128,2,30,1
0.762,2.54,12.35,0.2032,1.9812,0.0,1,0,12.35,2.54,1.143,0.762,2.54,3.175,3.175,3.175,3,30,0
0.762,2.54,0.0,1.9812,0.7112,14.13,0,1,-14.13,0.2032,1.143,1.9812,0.7112,1.9558,2.7178,2.7178,1,30,1
0.762,2.54,0.0,1.9812,0.2032,15.35,0,1,-15.35,0.2032,0.762,1.9812,0.2032,2.3368,2.3368,2.3368,1,20,1
0.762,2.54,0.0,0.2032,1.6002,13.37,0,1,-13.37,0.762,0.7112,0.2032,1.6002,2.9464,1.9558,1.9558,2,20,1
0.762,2.54,0.0,0.4572,2.54,11.23,0,1,-11.23,0.2032,1.143,0.4572,2.54,1.9558,1.651,1.651,1,20,1
0.2032,1.9812,14.13,0.4572,2.54,0.0,1,0,14.13,1.9812,2.032,0.2032,1.9812,2.3368,2.032,2.3368,2,20,0
0.2032,1.9812,19.0,0.4572,2.54,0.0,1,0,19.0,1.6764,0.7112,0.2032,1.9812,3.2512,3.556,3.2512,2,20,0
0.762,0.2032,11.69,0.4572,2.54,0.0,1,0,11.69,0.2032,1.143,0.762,0.2032,1.4986,1.651,1.4986,1,20,0
0.762,0.2032,0.0,0.2032,1.9812,11.08,0,1,-11.08,1.0668,2.54,0.2032,1.9812,3.2512,1.4224,1.4224,2,20,1
0.762,0.2032,0.0,1.0668,2.54,13.21,0,1,-13.21,0.2032,1.143,1.0668,2.54,1.4986,2.2606,2.2606,1,30,1
0.762,0.2032,0.0,2.54,1.143,12.76,0,1,-12.76,2.54,1.6002,2.54,1.143,3.175,0.9652,0.9652,3,20,1
0.2032,1.9812,14.13,2.54,1.143,0.0,1,0,14.13,0.762,2.54,0.2032,1.9812,1.1176,3.175,1.1176,2,10,0
0.2032,1.9812,14.13,2.54,1.143,0.0,1,0,14.13,0.4572,0.2032,0.2032,1.9812,2.032,3.0226,2.032,2,10,0
0.2032,1.6002,11.23,2.54,1.143,0.0,1,0,11.23,0.762,2.032,0.2032,1.6002,1.4986,3.175,1.4986,2,20,0
0.2032,1.9812,13.37,2.54,1.143,0.0,1,0,13.37,0.4572,0.2032,0.2032,1.9812,2.032,3.0226,2.032,2,20,0
0.2032,1.9812,0.0,1.0668,2.54,14.28,0,1,-14.28,2.54,0.762,1.0668,2.54,3.556,3.2512,3.2512,3,20,1
0.2032,1.9812,0.0,0.2032,1.9812,18.09,0,1,-18.09,2.54,1.143,0.2032,1.9812,3.175,3.175,3.175,2,10,1
0.4572,0.2032,13.52,0.2032,1.9812,3.0,1,1,10.52,0.762,2.54,0.4572,0.2032,2.6416,1.1176,2.6416,3,10,0
2.286,2.54,15.35,0.2032,1.9812,0.0,1,0,15.35,0.2032,1.143,2.286,2.54,3.4798,1.3462,3.4798,1,10,0
2.286,2.54,0.0,2.54,1.6002,14.28,0,1,-14.28,0.2032,1.143,2.54,1.6002,3.4798,2.794,2.794,1,30,1
2.286,2.54,0.0,0.2032,1.9812,17.02,0,1,-17.02,0.4572,0.2032,0.2032,1.9812,4.1656,2.032,2.032,2,30,1
0.2032,1.6002,12.05,0.2032,1.9812,0.0,1,0,12.05,2.286,2.54,0.2032,1.6002,3.0226,2.6416,3.0226,2,20,0
0.762,2.54,13.37,0.2032,1.9812,0.0,1,0,13.37,0.2032,0.762,0.762,2.54,2.3368,1.7272,2.3368,1,20,0
0.762,2.54,0.0,0.4572,0.2032,11.08,0,1,-11.08,0.2032,1.143,0.4572,0.2032,1.9558,1.1938,1.1938,1,20,1
0.2032,1.9812,9.25,0.4572,0.2032,0.0,1,0,9.25,0.4572,2.54,0.2032,1.9812,0.8128,2.3368,0.8128,2,10,0
0.2032,1.9812,0.0,2.54,0.762,13.52,0,1,-13.52,0.2032,0.762,2.54,0.762,1.7272,2.9464,2.9464,1,30,1
1.0668,0.7112,12.3,2.54,0.762,0.0,1,0,12.3,0.2032,0.762,1.0668,0.7112,1.4224,2.9464,1.4224,1,30,0
1.6764,0.2032,12.91,2.54,0.762,0.0,1,0,12.91,0.2032,0.762,1.6764,0.2032,2.032,2.9464,2.032,1,30,0
1.6764,0.2032,0.0,1.0668,0.2032,17.18,0,1,-17.18,1.9812,2.54,1.0668,0.2032,3.2512,3.2512,3.2512,3,10,1
0.2032,1.6002,17.94,1.0668,0.2032,3.51,1,1,14.43,2.286,2.54,0.2032,1.6002,3.0226,3.556,3.0226,2,30,0
0.2032,1.6002,0.0,1.6764,0.2032,12.91,0,1,-12.91,2.54,0.762,1.6764,0.2032,3.175,1.4224,1.4224,3,20,1
0.2032,1.6002,11.99,1.6764,0.2032,0.0,1,0,11.99,0.762,2.54,0.2032,1.6002,1.4986,3.2512,1.4986,2,10,0
0.2032,1.6002,0.0,0.762,2.54,14.74,0,1,-14.74,1.0668,0.2032,0.762,2.54,2.2606,3.2512,3.2512,3,10,1
0.2032,1.9812,19.46,0.762,2.54,0.0,1,0,19.46,1.9812,0.7112,0.2032,1.9812,3.556,3.556,3.556,2,10,0
0.2032,1.9812,3.51,1.9812,0.7112,15.35,1,1,-11.84,0.2032,0.762,1.9812,0.7112,1.7272,2.3368,2.3368,1,10,1
0.2032,1.9812,0.0,1.6764,2.54,13.52,0,1,-13.52,2.54,1.6002,1.6764,2.54,2.7178,1.8034,1.8034,3,10,1
1.6764,2.032,15.96,1.6764,2.54,0.0,1,0,15.96,0.2032,0.762,1.6764,2.032,3.2512,3.2512,3.2512,1,30,0
1.6764,2.032,3.51,2.54,1.9812,18.09,1,1,-14.58,0.2032,1.143,2.54,1.9812,2.8702,3.175,3.175,1,20,1
1.6764,2.032,0.0,0.2032,1.9812,15.04,0,1,-15.04,2.54,1.143,0.2032,1.9812,2.2606,3.175,3.175,2,20,1
0.2032,1.6002,16.11,0.2032,1.9812,0.0,1,0,16.11,2.54,1.143,0.2032,1.6002,2.794,3.175,2.794,2,20,0
0.2032,1.6002,0.0,2.54,0.762,15.35,0,1,-15.35,1.0668,2.54,2.54,0.762,1.8034,3.2512,3.2512,3,30,1
0.4572,0.2032,10.32,2.54,0.762,0.0,1,0,10.32,0.2032,1.143,0.4572,0.2032,1.1938,2.7178,1.1938,1,10,0
0.762,0.7112,11.38,2.54,0.762,0.0,1,0,11.38,0.2032,1.143,0.762,0.7112,1.4986,2.7178,1.4986,1,30,0
0.4572,0.2032,8.64,2.54,0.762,0.0,1,0,8.64,0.762,0.2032,0.4572,0.2032,0.8128,2.3368,0.8128,3,10,0
1.6764,0.7112,11.69,2.54,0.762,0.0,1,0,11.69,0.2032,0.762,1.6764,0.7112,2.032,2.9464,2.032,1,20,0
1.0668,0.2032,12.91,2.54,0.762,0.0,1,0,12.91,0.2032,0.762,1.0668,0.2032,1.4224,2.9464,1.4224,1,30,0
1.6764,0.2032,14.43,2.54,0.762,0.0,1,0,14.43,0.2032,1.143,1.6764,0.2032,2.413,2.7178,2.413,1,10,0
0.2032,1.6002,15.5,2.54,0.762,0.0,1,0,15.5,0.4572,2.54,0.2032,1.6002,1.1938,3.8608,1.1938,2,20,0
0.2032,1.6002,0.0,0.2032,1.6002,14.59,0,1,-14.59,2.286,0.2032,0.2032,1.6002,3.4798,3.4798,3.4798,2,30,1
0.2032,1.6002,0.0,0.762,2.032,15.8,0,1,-15.8,0.762,0.7112,0.762,2.032,1.9558,2.9464,2.9464,3,30,1
0.2032,1.6002,0.0,0.2032,1.9812,15.35,0,1,-15.35,2.286,2.54,0.2032,1.9812,3.0226,2.6416,2.6416,2,10,1
0.2032,1.6002,15.04,0.2032,1.9812,0.0,1,0,15.04,1.0668,0.7112,0.2032,1.6002,2.2606,2.6416,2.2606,2,10,0
0.2032,1.6002,0.0,0.2032,1.6002,10.01,0,1,-10.01,0.4572,2.54,0.2032,1.6002,1.1938,1.1938,1.1938,2,10,1
0.2032,1.6002,0.0,0.2032,1.6002,13.21,0,1,-13.21,1.0668,2.032,0.2032,1.6002,1.8034,1.8034,1.8034,2,20,1
0.2032,1.6002,0.0,2.286,0.2032,13.98,0,1,-13.98,1.6764,0.2032,2.286,0.2032,2.8702,1.1176,1.1176,3,20,1
0.2032,1.6002,0.0,1.9812,2.032,12.3,0,1,-12.3,2.54,1.143,1.9812,2.032,2.794,1.9558,1.9558,3,10,1
0.2032,1.6002,0.0,1.0668,2.54,13.82,0,1,-13.82,2.54,1.6002,1.0668,2.54,2.3368,2.413,2.413,3,30,1
0.2032,1.6002,15.04,1.0668,2.54,0.0,1,0,15.04,1.0668,0.2032,0.2032,1.6002,2.2606,2.9464,2.2606,2,10,0
2.286,0.2032,13.98,1.0668,2.54,0.0,1,0,13.98,0.2032,0.762,2.286,0.2032,2.6416,2.6416,2.6416,1,30,0
2.286,0.2032,0.0,0.2032,1.6002,9.61,0,1,-9.61,1.0668,2.54,0.2032,1.6002,3.556,1.8034,1.8034,2,30,1
2.286,0.2032,0.0,0.2032,1.6002,13.82,0,1,-13.82,0.762,0.2032,0.2032,1.6002,2.032,1.9558,1.9558,2,30,1
2.286,0.2032,0.0,0.2032,1.6002,13.21,0,1,-13.21,1.0668,2.032,0.2032,1.6002,3.556,1.8034,1.8034,2,10,1
2.286,0.2032,0.0,1.9812,2.032,14.28,0,1,-14.28,0.2032,1.143,1.9812,2.032,3.0226,3.175,3.175,1,20,1
2.54,1.9812,18.4,1.9812,2.032,0.0,1,0,18.4,0.2032,0.762,2.54,1.9812,3.556,3.556,3.556,1,20,0
2.54,1.9812,4.27,2.54,1.6002,17.94,1,1,-13.67,0.2032,1.143,2.54,1.6002,3.175,2.794,2.794,1,30,1
2.54,1.9812,0.0,1.0668,0.2032,15.19,0,1,-15.19,0.2032,1.143,1.0668,0.2032,3.175,1.8034,1.8034,1,20,1
2.54,1.9812,0.0,0.762,0.2032,12.6,0,1,-12.6,0.2032,1.143,0.762,0.2032,3.175,1.4986,1.4986,1,20,1
0.2032,1.9812,12.91,0.762,0.2032,0.0,1,0,12.91,1.0668,2.54,0.2032,1.9812,1.4224,3.2512,1.4224,2,10,0
0.2032,1.9812,0.0,0.2032,1.9812,17.79,0,1,-17.79,2.286,0.2032,0.2032,1.9812,3.8608,3.8608,3.8608,2,20,1
0.2032,1.9812,0.0,1.6764,2.54,15.96,0,1,-15.96,0.2032,0.762,1.6764,2.54,1.7272,3.2512,3.2512,1,20,1
0.2032,1.9812,0.0,0.2032,1.9812,11.08,0,1,-11.08,1.0668,2.032,0.2032,1.9812,1.4224,1.4224,1.4224,2,20,1
0.2032,1.9812,0.0,0.762,2.032,12.6,0,1,-12.6,0.2032,1.143,0.762,2.032,1.3462,1.9558,1.9558,1,10,1
0.2032,1.9812,0.0,0.2032,1.9812,9.25,0,1,-9.25,0.4572,2.54,0.2032,1.9812,0.8128,0.8128,0.8128,2,30,1
0.2032,1.9812,0.0,0.2032,1.6002,18.24,0,1,-18.24,1.6764,0.2032,0.2032,1.6002,3.2512,2.8702,2.8702,2,20,1
0.2032,1.9812,14.13,0.2032,1.6002,0.0,1,0,14.13,1.6764,2.032,0.2032,1.9812,2.032,2.413,2.032,2,10,0
0.2032,1.9812,0.0,1.9812,0.2032,13.37,0,1,-13.37,0.2032,0.762,1.9812,0.2032,1.7272,2.3368,2.3368,1,20,1
0.2032,1.9812,0.0,0.2032,1.6002,13.37,0,1,-13.37,1.6764,0.2032,0.2032,1.6002,3.2512,2.8702,2.8702,2,30,1
0.2032,1.9812,0.0,1.0668,0.2032,11.54,0,1,-11.54,0.2032,1.143,1.0668,0.2032,1.3462,1.8034,1.8034,1,10,1
0.2032,1.9812,14.13,1.0668,0.2032,0.0,1,0,14.13,1.6764,2.54,0.2032,1.9812,2.032,2.9464,2.032,2,30,0
0.2032,1.9812,0.0,0.2032,1.6002,13.98,0,1,-13.98,1.6764,0.2032,0.2032,1.6002,3.2512,2.8702,2.8702,2,20,1
0.2032,1.9812,0.0,1.6764,0.7112,12.76,0,1,-12.76,0.2032,0.762,1.6764,0.7112,1.7272,2.032,2.032,1,20,1
0.2032,1.9812,0.0,1.9812,2.54,13.52,0,1,-13.52,2.54,1.143,1.9812,2.54,3.175,1.9558,1.9558,3,30,1
0.2032,1.6002,14.59,1.9812,2.54,0.0,1,0,14.59,0.762,0.2032,0.2032,1.6002,1.9558,3.556,1.9558,2,30,0
0.2032,1.9812,11.23,1.9812,2.54,0.0,1,0,11.23,0.762,2.032,0.2032,1.9812,1.1176,1.7272,1.1176,2,30,0
0.2032,1.6002,11.23,1.9812,2.54,0.0,1,0,11.23,0.762,2.032,0.2032,1.6002,1.4986,1.7272,1.4986,2,20,0
1.6764,2.032,13.67,1.9812,2.54,0.0,1,0,13.67,0.2032,1.143,1.6764,2.032,2.8702,3.175,2.8702,1,20,0
0.4572,0.2032,14.13,1.9812,2.54,0.0,1,0,14.13,1.0668,0.7112,0.4572,0.2032,1.1176,3.2512,1.1176,3,30,0
0.2032,1.6002,9.3,1.9812,2.54,0.0,1,0,9.3,0.4572,0.2032,0.2032,1.6002,1.651,3.8608,1.651,2,20,0
0.2032,1.6002,0.0,0.2032,1.6002,13.67,0,1,-13.67,2.54,1.6002,0.2032,1.6002,2.3368,2.3368,2.3368,2,10,1
0.2032,1.6002,0.0,0.2032,1.9812,19.46,0,1,-19.46,1.9812,0.2032,0.2032,1.9812,3.175,3.556,3.556,2,20,1
1.9812,2.032,15.8,0.2032,1.9812,6.1,1,1,9.7,0.2032,0.762,1.9812,2.032,3.556,1.7272,3.556,1,30,0
1.9812,2.032,4.12,1.0668,0.7112,12.3,1,1,-8.18,0.2032,0.762,1.0668,0.7112,3.556,1.4224,1.4224,1,30,1
1.9812,2.032,0.0,1.0668,2.032,14.13,0,1,-14.13,0.2032,1.143,1.0668,2.032,3.175,2.2606,2.2606,1,10,1
0.2032,1.9812,11.69,1.0668,2.032,0.0,1,0,11.69,1.6764,2.54,0.2032,1.9812,2.032,1.1176,2.032,2,20,0
0.2032,1.6002,14.59,1.0668,2.032,0.0,1,0,14.59,0.762,0.2032,0.2032,1.6002,1.9558,3.2512,1.9558,2,10,0
0.2032,1.6002,0.0,1.6764,0.2032,14.13,0,1,-14.13,0.762,2.54,1.6764,0.2032,1.4986,3.2512,3.2512,3,20,1
0.2032,1.6002,0.0,1.6764,0.2032,14.69,0,2,-14.69,2.54,0.762,1.6764,0.2032,3.175,1.4224,1.4224,3,30,1
0.2032,1.9812,14.89,1.6764,0.2032,0.0,1,0,14.89,1.6764,2.54,0.2032,1.9812,2.032,2.9464,2.032,2,30,0
1.0668,2.54,12.3,1.6764,0.2032,0.0,1,0,12.3,1.6764,2.032,1.0668,2.54,1.1176,2.9464,1.1176,3,30,0
0.2032,1.6002,10.62,1.6764,0.2032,0.0,1,0,10.62,1.0668,2.032,0.2032,1.6002,1.8034,2.9464,1.8034,2,30,0
1.9812,0.7112,13.37,1.6764,0.2032,0.0,1,0,13.37,0.2032,1.143,1.9812,0.7112,2.7178,2.413,2.7178,1,10,0
1.9812,0.7112,0.0,2.54,1.143,15.5,0,1,-15.5,0.2032,1.143,2.54,1.143,2.7178,2.3368,2.3368,1,10,1
1.6764,0.2032,14.74,2.54,1.143,0.0,1,0,14.74,0.2032,0.762,1.6764,0.2032,2.032,2.7178,2.032,1,10,0
0.2032,1.6002,12.76,2.54,1.143,0.0,1,0,12.76,0.762,0.7112,0.2032,1.6002,1.9558,2.7178,1.9558,2,20,0
0.2032,1.6002,0.0,0.2032,1.9812,16.11,0,1,-16.11,1.6764,0.7112,0.2032,1.9812,2.8702,3.2512,3.2512,2,10,1
0.2032,1.9812,19.46,0.2032,1.9812,0.0,1,0,19.46,1.9812,0.7112,0.2032,1.9812,3.556,3.556,3.556,2,20,0
0.2032,1.9812,0.0,1.6764,2.54,14.43,0,1,-14.43,0.2032,1.143,1.6764,2.54,1.3462,2.8702,2.8702,1,30,1
0.2032,1.9812,0.0,2.54,0.762,12.3,0,1,-12.3,1.9812,2.032,2.54,0.762,2.3368,2.3368,2.3368,3,10,1
0.2032,1.9812,0.0,0.2032,1.6002,16.11,0,1,-16.11,1.9812,2.54,0.2032,1.6002,2.3368,2.7178,2.7178,2,20,1
0.2032,1.9812,0.0,0.2032,1.9812,19.46,0,1,-19.46,1.9812,0.2032,0.2032,1.9812,3.556,3.556,3.556,2,20,1
0.2032,1.9812,11.69,0.2032,1.9812,3.51,1,1,8.18,1.0668,2.54,0.2032,1.9812,1.4224,1.4224,1.4224,2,20,0
0.2032,1.9812,0.0,0.762,0.2032,11.69,0,1,-11.69,0.2032,1.143,0.762,0.2032,1.3462,1.4986,1.4986,1,20,1
0.2032,1.6002,11.23,0.762,0.2032,0.0,1,0,11.23,0.762,2.032,0.2032,1.6002,1.4986,2.9464,1.4986,2,30,0
2.286,2.54,13.06,0.762,0.2032,0.0,1,0,13.06,1.6764,2.032,2.286,2.54,1.1176,3.2512,1.1176,3,10,0
0.2032,1.6002,13.06,0.762,0.2032,0.0,1,0,13.06,1.0668,2.032,0.2032,1.6002,1.8034,3.2512,1.8034,2,20,0
0.2032,1.9812,12.45,0.762,0.2032,0.0,1,0,12.45,1.0668,2.032,0.2032,1.9812,1.4224,3.2512,1.4224,2,10,0
0.2032,1.9812,0.0,1.0668,0.7112,11.08,0,1,-11.08,0.2032,0.762,1.0668,0.7112,1.7272,1.4224,1.4224,1,10,1
1.9812,2.54,11.69,1.0668,0.7112,0.0,1,0,11.69,0.762,2.032,1.9812,2.54,1.7272,3.2512,1.7272,3,30,0
1.9812,2.54,0.0,0.2032,1.6002,15.19,0,1,-15.19,1.9812,0.2032,0.2032,1.6002,2.9464,3.175,3.175,2,10,1
1.9812,2.54,0.0,2.286,2.54,16.41,0,1,-16.41,0.2032,0.762,2.286,2.54,3.556,3.8608,3.8608,1,10,1
1.9812,0.7112,17.79,2.286,2.54,4.12,1,1,13.67,0.2032,1.143,1.9812,0.7112,2.7178,3.4798,2.7178,1,20,0
1.9812,0.7112,0.0,0.2032,1.9812,12.3,0,1,-12.3,1.9812,2.54,0.2032,1.9812,2.9464,2.3368,2.3368,2,30,1
1.9812,0.7112,0.0,2.54,1.143,14.59,0,1,-14.59,0.762,2.032,2.54,1.143,3.556,3.175,3.175,3,30,1
1.9812,0.7112,0.0,2.286,0.2032,16.72,0,1,-16.72,0.2032,1.143,2.286,0.2032,2.7178,3.0226,3.0226,1,30,1
0.2032,1.9812,15.35,2.286,0.2032,0.0,1,0,15.35,1.0668,2.032,0.2032,1.9812,1.4224,3.556,1.4224,2,10,0
0.762,0.7112,11.69,2.286,0.2032,0.0,1,0,11.69,0.2032,1.143,0.762,0.7112,1.4986,3.0226,1.4986,1,20,0
0.762,0.7112,0.0,0.2032,1.9812,15.96,0,1,-15.96,1.9812,2.54,0.2032,1.9812,3.556,2.3368,2.3368,2,30,1
1.6764,0.2032,11.08,0.2032,1.9812,0.0,1,0,11.08,1.9812,0.2032,1.6764,0.2032,0.8128,3.556,0.8128,3,10,0
0.2032,1.9812,15.96,0.2032,1.9812,0.0,1,0,15.96,2.286,0.2032,0.2032,1.9812,3.8608,3.8608,3.8608,2,10,0
0.2032,1.9812,0.0,0.762,0.7112,11.69,0,1,-11.69,0.2032,1.143,0.762,0.7112,1.3462,1.4986,1.4986,1,10,1
0.2032,1.6002,10.01,0.762,0.7112,0.0,1,0,10.01,0.4572,2.54,0.2032,1.6002,1.1938,2.6416,1.1938,2,30,0
1.0668,0.7112,11.54,0.762,0.7112,0.0,1,0,11.54,0.2032,1.143,1.0668,0.7112,1.8034,1.4986,1.8034,1,20,0
1.0668,0.7112,0.0,1.9812,0.2032,12.91,0,1,-12.91,0.2032,0.762,1.9812,0.2032,1.4224,2.3368,2.3368,1,10,1
2.54,1.6002,15.19,1.9812,0.2032,0.0,1,0,15.19,0.2032,0.762,2.54,1.6002,3.175,2.3368,3.175,1,20,0
2.54,1.6002,0.0,1.9812,2.54,17.79,0,1,-17.79,0.2032,1.143,1.9812,2.54,2.794,3.175,3.175,1,20,1
2.286,2.54,18.55,1.9812,2.54,0.0,1,0,18.55,0.2032,1.143,2.286,2.54,3.4798,3.175,3.4798,1,30,0
2.286,2.54,0.0,2.54,0.762,19.0,0,1,-19.0,0.2032,0.762,2.54,0.762,3.8608,2.9464,2.9464,1,10,1
2.286,2.54,0.0,0.2032,1.6002,14.59,0,1,-14.59,1.0668,0.7112,0.2032,1.6002,3.556,2.2606,2.2606,2,10,1
2.286,2.54,0.0,1.6764,0.2032,12.76,0,1,-12.76,0.2032,0.762,1.6764,0.2032,3.8608,2.032,2.032,1,30,1
0.2032,1.6002,13.06,1.6764,0.2032,0.0,1,0,13.06,0.762,2.54,0.2032,1.6002,1.4986,3.2512,1.4986,2,30,0
0.2032,1.9812,11.23,1.6764,0.2032,0.0,1,0,11.23,0.762,2.032,0.2032,1.9812,1.1176,3.2512,1.1176,2,30,0
0.2032,1.9812,0.0,0.2032,1.9812,13.52,0,1,-13.52,0.4572,0.2032,0.2032,1.9812,2.032,2.032,2.032,2,30,1
0.2032,1.9812,0.0,0.2032,1.6002,11.23,0,1,-11.23,0.762,2.54,0.2032,1.6002,1.1176,1.4986,1.4986,2,20,1
0.2032,1.9812,0.0,1.6764,2.54,13.67,0,1,-13.67,0.2032,1.143,1.6764,2.54,1.3462,2.8702,2.8702,1,30,1
1.9812,2.032,16.57,1.6764,2.54,0.0,1,0,16.57,0.2032,0.762,1.9812,2.032,3.556,3.2512,3.556,1,10,0
1.9812,2.032,4.12,1.9812,0.7112,17.18,1,1,-13.06,0.2032,1.143,1.9812,0.7112,3.175,2.7178,2.7178,1,30,1
1.9812,2.032,0.0,1.6764,2.032,17.18,0,1,-17.18,0.2032,1.143,1.6764,2.032,3.175,2.8702,2.8702,1,10,1
1.9812,2.032,0.0,0.762,0.2032,14.74,0,1,-14.74,0.2032,1.143,0.762,0.2032,3.175,1.4986,1.4986,1,20,1
1.9812,2.032,0.0,0.762,2.54,12.91,0,1,-12.91,0.2032,0.762,0.762,2.54,3.556,2.3368,2.3368,1,10,1
1.9812,2.032,0.0,0.4572,0.2032,12.3,0,1,-12.3,0.2032,0.762,0.4572,0.2032,3.556,0.8128,0.8128,1,10,1
1.9812,2.032,0.0,2.54,1.143,13.06,0,1,-13.06,0.2032,1.143,2.54,1.143,3.175,2.3368,2.3368,1,20,1
0.2032,1.9812,11.69,2.54,1.143,0.0,1,0,11.69,1.6764,2.032,0.2032,1.9812,2.032,2.2606,2.032,2,20,0
0.2032,1.9812,0.0,0.2032,1.6002,15.35,0,1,-15.35,1.0668,0.2032,0.2032,1.6002,2.6416,2.2606,2.2606,2,20,1
0.2032,1.9812,0.0,0.4572,0.2032,10.32,0,1,-10.32,0.2032,0.762,0.4572,0.2032,1.7272,0.8128,0.8128,1,10,1
0.2032,1.9812,0.0,2.286,2.54,15.35,0,1,-15.35,1.6764,0.2032,2.286,2.54,3.2512,2.9464,2.9464,3,20,1
0.2032,1.9812,0.0,1.6764,0.2032,12.91,0,1,-12.91,2.286,0.2032,1.6764,0.2032,3.8608,1.1176,1.1176,3,10,1
0.2032,1.9812,0.0,0.2032,1.9812,15.96,0,1,-15.96,2.54,0.762,0.2032,1.9812,3.556,3.556,3.556,2,20,1
0.2032,1.9812,0.0,0.4572,2.54,17.18,0,1,-17.18,1.0668,0.7112,0.4572,2.54,2.6416,2.9464,2.9464,3,10,1
2.286,0.2032,14.74,0.4572,2.54,3.0,1,1,11.74,0.2032,0.762,2.286,0.2032,2.6416,2.032,2.6416,1,10,0
2.286,0.2032,0.0,1.6764,2.54,9.45,0,1,-9.45,0.4572,2.54,1.6764,2.54,4.1656,1.7272,1.7272,3,20,1
2.286,0.2032,0.0,1.9812,2.54,18.09,0,1,-18.09,0.2032,1.143,1.9812,2.54,3.0226,3.175,3.175,1,10,1
0.2032,1.9812,14.74,1.9812,2.54,0.0,1,0,14.74,1.0668,0.2032,0.2032,1.9812,2.6416,3.2512,2.6416,2,20,0
0.2032,1.9812,0.0,0.762,2.032,19.0,0,1,-19.0,2.286,0.2032,0.762,2.032,3.8608,3.8608,3.8608,3,30,1
0.2032,1.6002,18.24,0.762,2.032,4.73,1,1,13.51,1.6764,0.2032,0.2032,1.6002,2.8702,3.2512,2.8702,2,20,0
0.4572,2.54,20.07,0.762,2.032,0.0,1,0,20.07,2.54,0.762,0.4572,2.54,3.8608,3.556,3.8608,3,10,0
0.4572,2.54,3.51,0.2032,1.9812,10.47,1,1,-6.96,1.0668,2.032,0.2032,1.9812,1.1176,1.4224,1.4224,2,20,1
0.4572,2.54,0.0,0.2032,1.6002,14.59,0,1,-14.59,0.762,0.7112,0.2032,1.6002,2.6416,1.9558,1.9558,2,20,1
0.4572,2.54,0.0,0.762,2.54,11.84,0,1,-11.84,0.2032,1.143,0.762,2.54,1.651,1.9558,1.9558,1,30,1
0.4572,2.54,0.0,0.2032,1.9812,9.25,0,1,-9.25,0.762,2.032,0.2032,1.9812,0.8128,1.1176,1.1176,2,30,1
0.4572,2.54,0.0,0.2032,1.9812,16.57,0,1,-16.57,1.0668,0.7112,0.2032,1.9812,2.9464,2.6416,2.6416,2,10,1
0.2032,1.9812,7.63,0.2032,1.9812,0.0,1,0,7.63,0.4572,2.54,0.2032,1.9812,0.8128,0.8128,0.8128,2,20,0
0.2032,1.9812,0.0,1.0668,2.54,14.74,0,1,-14.74,0.2032,0.762,1.0668,2.54,1.7272,2.6416,2.6416,1,10,1
0.2032,1.9812,0.0,0.2032,1.9812,20.83,0,1,-20.83,2.286,0.2032,0.2032,1.9812,3.8608,3.8608,3.8608,2,20,1
2.286,2.54,12.3,0.2032,1.9812,4.27,1,1,8.03,1.9812,2.54,2.286,2.54,0.8128,2.3368,0.8128,3,30,0
2.286,2.54,0.0,1.9812,0.7112,14.13,0,1,-14.13,0.2032,0.762,1.9812,0.7112,3.8608,2.3368,2.3368,1,10,1
0.2032,1.9812,12.3,1.9812,0.7112,0.0,1,0,12.3,1.0668,2.032,0.2032,1.9812,1.4224,3.2512,1.4224,2,10,0
0.2032,1.9812,0.0,0.2032,1.6002,14.59,0,1,-14.59,2.54,0.762,0.2032,1.6002,3.556,3.175,3.175,2,10,1
0.2032,1.9812,0.0,0.762,0.2032,10.93,0,1,-10.93,0.2032,0.762,0.762,0.2032,1.7272,1.1176,1.1176,1,20,1
1.6764,2.032,12.3,0.762,0.2032,0.0,1,0,12.3,1.9812,2.54,1.6764,2.032,0.8128,3.556,0.8128,3,20,0
1.6764,2.032,0.0,0.2032,1.6002,15.8,0,1,-15.8,1.9812,0.7112,0.2032,1.6002,3.2512,3.175,3.175,2,30,1
1.6764,0.7112,14.13,0.2032,1.6002,0.0,1,0,14.13,2.286,2.54,1.6764,0.7112,2.9464,3.0226,2.9464,3,10,0
1.6764,0.7112,0.0,2.54,0.762,14.59,0,1,-14.59,0.2032,0.762,2.54,0.762,2.032,2.9464,2.9464,1,10,1
1.9812,2.54,12.5,2.54,0.762,0.0,1,0,12.5,1.6764,0.7112,1.9812,2.54,3.2512,1.4224,3.2512,3,10,0
1.9812,2.54,0.0,1.9812,2.032,16.57,0,1,-16.57,1.0668,0.2032,1.9812,2.032,3.2512,3.2512,3.2512,3,10,1
1.9812,2.54,0.0,0.2032,1.6002,12.45,0,1,-12.45,0.4572,2.54,0.2032,1.6002,2.032,1.1938,1.1938,2,10,1
1.9812,2.54,0.0,1.9812,2.54,14.28,0,1,-14.28,0.2032,1.143,1.9812,2.54,3.175,3.175,3.175,1,20,1
1.9812,2.54,0.0,1.6764,2.032,19.61,0,1,-19.61,0.2032,0.762,1.6764,2.032,3.556,3.2512,3.2512,1,10,1
0.2032,1.9812,11.69,1.6764,2.032,3.51,1,1,8.18,1.6764,2.032,0.2032,1.9812,2.032,0.0,2.032,2,30,0
0.2032,1.9812,0.0,1.6764,0.7112,12.91,0,1,-12.91,1.6764,2.54,1.6764,0.7112,2.032,2.9464,2.9464,3,20,1
1.9812,0.2032,14.13,1.6764,0.7112,0.0,1,0,14.13,0.2032,0.762,1.9812,0.2032,2.3368,2.032,2.3368,1,30,0
1.9812,0.2032,0.0,2.54,0.762,16.26,0,1,-16.26,0.2032,1.143,2.54,0.762,2.7178,2.7178,2.7178,1,30,1
1.9812,0.2032,0.0,0.762,0.2032,14.43,0,1,-14.43,0.2032,1.143,0.762,0.2032,2.7178,1.4986,1.4986,1,10,1
1.9812,0.2032,0.0,2.286,0.2032,15.04,0,1,-15.04,0.2032,1.143,2.286,0.2032,2.7178,3.0226,3.0226,1,20,1
1.9812,0.2032,0.0,0.2032,1.6002,13.98,0,1,-13.98,2.54,0.762,0.2032,1.6002,1.1176,3.175,3.175,2,10,1
1.9812,0.2032,0.0,1.6764,0.7112,12.76,0,1,-12.76,0.2032,1.143,1.6764,0.7112,2.7178,2.413,2.413,1,30,1
1.9812,0.2032,0.0,1.0668,0.7112,14.43,0,1,-14.43,0.2032,1.143,1.0668,0.7112,2.7178,1.8034,1.8034,1,10,1
1.9812,0.2032,0.0,0.4572,0.2032,17.79,0,1,-17.79,0.762,2.54,0.4572,0.2032,3.556,2.6416,2.6416,3,30,1
1.9812,0.2032,0.0,0.762,2.032,12.3,0,1,-12.3,0.2032,1.143,0.762,2.032,2.7178,1.9558,1.9558,1,30,1
0.2032,1.6002,13.37,0.762,2.032,0.0,1,0,13.37,0.4572,0.2032,0.2032,1.6002,1.651,2.6416,1.651,2,10,0
0.2032,1.6002,0.0,1.9812,0.2032,15.35,0,1,-15.35,1.9812,2.032,1.9812,0.2032,2.7178,2.9464,2.9464,3,10,1
0.2032,1.6002,0.0,0.2032,1.9812,14.13,0,1,-14.13,1.9812,0.7112,0.2032,1.9812,3.175,3.556,3.556,2,10,1
2.54,1.9812,14.28,0.2032,1.9812,0.0,1,0,14.28,0.2032,1.143,2.54,1.9812,3.175,1.3462,3.175,1,10,0
2.54,1.9812,0.0,2.286,0.2032,14.74,0,1,-14.74,1.0668,0.7112,2.286,0.2032,3.2512,1.7272,1.7272,3,10,1
2.54,1.9812,0.0,0.762,0.7112,13.52,0,1,-13.52,0.2032,0.762,0.762,0.7112,3.556,1.1176,1.1176,1,30,1
1.9812,0.2032,14.13,0.762,0.7112,0.0,1,0,14.13,1.9812,2.54,1.9812,0.2032,2.9464,3.556,2.9464,3,30,0
0.2032,1.6002,17.33,0.762,0.7112,0.0,1,0,17.33,1.9812,2.54,0.2032,1.6002,2.7178,3.556,2.7178,2,30,0
0.2032,1.6002,0.0,1.9812,0.7112,12.91,0,1,-12.91,0.2032,0.762,1.9812,0.7112,1.3462,2.3368,2.3368,1,20,1
0.2032,1.9812,13.37,1.9812,0.7112,0.0,1,0,13.37,0.4572,0.2032,0.2032,1.9812,2.032,2.032,2.032,2,30,0
0.2032,1.9812,11.69,1.9812,0.7112,0.0,1,0,11.69,1.0668,2.032,0.2032,1.9812,1.4224,3.2512,1.4224,2,20,0
1.6764,0.7112,13.52,1.9812,0.7112,0.0,1,0,13.52,0.2032,1.143,1.6764,0.7112,2.413,2.7178,2.413,1,30,0
0.2032,1.9812,14.74,1.9812,0.7112,0.0,1,0,14.74,0.762,2.54,0.2032,1.9812,1.1176,3.556,1.1176,2,30,0
0.2032,1.9812,0.0,0.2032,1.9812,14.13,0,1,-14.13,1.9812,0.2032,0.2032,1.9812,3.556,3.556,3.556,2,10,1
0.2032,1.9812,0.0,1.9812,2.54,15.04,0,1,-15.04,0.2032,1.143,1.9812,2.54,1.3462,3.175,3.175,1,20,1
0.4572,0.2032,11.08,1.9812,2.54,0.0,1,0,11.08,0.2032,1.143,0.4572,0.2032,1.1938,3.175,1.1938,1,30,0
1.9812,0.2032,12.3,1.9812,2.54,0.0,1,0,12.3,0.2032,0.762,1.9812,0.2032,2.3368,3.556,2.3368,1,20,0
1.9812,0.2032,0.0,0.2032,1.6002,13.67,0,1,-13.67,2.286,2.54,0.2032,1.6002,2.6416,3.0226,3.0226,2,20,1
1.9812,0.2032,0.0,0.2032,1.9812,10.01,0,1,-10.01,0.4572,2.54,0.2032,1.9812,3.8608,0.8128,0.8128,2,30,1
2.54,1.143,10.01,0.2032,1.9812,0.0,1,0,10.01,2.54,0.762,2.54,1.143,0.889,3.556,0.889,3,30,0
0.2032,1.9812,16.11,0.2032,1.9812,0.0,1,0,16.11,2.286,0.2032,0.2032,1.9812,3.8608,3.8608,3.8608,2,20,0
0.2032,1.9812,0.0,1.6764,2.54,14.43,0,1,-14.43,0.2032,1.143,1.6764,2.54,1.3462,2.8702,2.8702,1,20,1
0.2032,1.9812,15.35,1.6764,2.54,0.0,1,0,15.35,0.762,0.2032,0.2032,1.9812,2.3368,3.2512,2.3368,2,20,0
0.2032,1.9812,0.0,0.2032,1.9812,19.61,0,1,-19.61,2.286,0.2032,0.2032,1.9812,3.8608,3.8608,3.8608,2,20,1
2.54,1.9812,17.79,0.2032,1.9812,6.1,1,1,11.69,1.9812,0.7112,2.54,1.9812,2.3368,3.556,2.3368,3,10,0
2.54,1.9812,0.0,2.54,1.6002,13.67,0,1,-13.67,0.762,2.54,2.54,1.6002,2.3368,2.7178,2.7178,3,10,1
2.54,1.9812,0.0,1.6764,2.032,16.41,0,1,-16.41,1.9812,0.2032,1.6764,2.032,2.3368,3.2512,3.2512,3,10,1
2.54,1.9812,0.0,1.0668,0.2032,15.35,0,1,-15.35,0.2032,0.762,1.0668,0.2032,3.556,1.4224,1.4224,1,20,1
2.54,1.9812,0.0,0.2032,1.9812,14.74,0,1,-14.74,1.6764,0.2032,0.2032,1.9812,2.6416,3.2512,3.2512,2,10,1
0.2032,1.6002,13.67,0.2032,1.9812,0.0,1,0,13.67,1.6764,2.032,0.2032,1.6002,2.413,2.032,2.413,2,10,0
0.2032,1.6002,0.0,0.2032,1.9812,14.13,0,1,-14.13,1.6764,2.54,0.2032,1.9812,2.413,2.032,2.032,2,10,1
0.2032,1.6002,0.0,0.2032,1.6002,16.11,0,1,-16.11,1.9812,2.032,0.2032,1.6002,2.7178,2.7178,2.7178,2,10,1
0.2032,1.6002,0.0,1.9812,2.54,14.28,0,1,-14.28,0.2032,1.143,1.9812,2.54,0.9652,3.175,3.175,1,20,1
2.54,0.762,14.59,1.9812,2.54,0.0,1,0,14.59,1.0668,0.2032,2.54,0.762,2.032,3.2512,2.032,3,30,0
2.54,1.9812,17.79,1.9812,2.54,0.0,1,0,17.79,0.2032,1.143,2.54,1.9812,3.175,3.175,3.175,1,10,0
2.54,1.9812,3.51,0.4572,2.54,17.18,1,1,-13.67,0.2032,0.762,0.4572,2.54,3.556,2.032,2.032,1,20,1
2.54,1.9812,0.0,2.54,1.6002,13.06,0,1,-13.06,1.0668,2.54,2.54,1.6002,2.032,2.413,2.413,3,30,1
0.2032,1.6002,13.67,2.54,1.6002,0.0,1,0,13.67,0.4572,2.54,0.2032,1.6002,1.1938,3.0226,1.1938,2,30,0
1.0668,2.54,12.45,2.54,1.6002,0.0,1,0,12.45,0.2032,1.143,1.0668,2.54,2.2606,2.794,2.2606,1,30,0
2.286,2.54,17.48,2.54,1.6002,0.0,1,0,17.48,0.2032,1.143,2.286,2.54,3.4798,2.794,3.4798,1,20,0
1.9812,2.032,9.86,2.54,1.6002,0.0,1,0,9.86,1.6764,2.032,1.9812,2.032,0.8128,1.8034,0.8128,3,20,0
1.9812,2.032,0.0,0.2032,1.6002,15.04,0,1,-15.04,2.54,0.762,0.2032,1.6002,2.3368,3.175,3.175,2,30,1
1.9812,2.032,0.0,1.0668,0.7112,11.54,0,1,-11.54,0.2032,1.143,1.0668,0.7112,3.175,1.8034,1.8034,1,30,1
1.9812,2.032,0.0,2.54,1.9812,15.96,0,1,-15.96,0.2032,1.143,2.54,1.9812,3.175,3.175,3.175,1,10,1
2.286,0.2032,12.3,2.54,1.9812,0.0,1,0,12.3,1.9812,2.54,2.286,0.2032,2.6416,1.1176,2.6416,3,10,0
2.286,0.2032,0.0,2.286,0.2032,14.74,0,1,-14.74,1.6764,2.032,2.286,0.2032,2.9464,2.9464,2.9464,3,10,1
2.286,0.2032,0.0,0.2032,1.9812,14.74,0,1,-14.74,2.54,1.6002,0.2032,1.9812,1.651,2.7178,2.7178,2,20,1
1.3716,0.2032,0.0,0.2032,1.9812,10.47,0,1,-10.47,0.4572,2.54,0.2032,1.9812,3.2512,0.8128,0.8128,2,30,1
1.3716,0.2032,0.0,1.0668,2.032,14.74,0,1,-14.74,0.2032,0.762,1.0668,2.032,1.7272,2.6416,2.6416,1,30,1
0.2032,1.9812,14.13,1.0668,2.032,11.28,1,1,2.85,0.4572,2.54,0.2032,1.9812,0.8128,1.1176,0.8128,2,20,0
0.2032,1.9812,7.63,1.6764,0.7112,14.13,1,1,-6.5,1.9812,0.7112,1.6764,0.7112,3.556,0.8128,0.8128,3,30,1
0.2032,1.6002,16.11,1.6764,0.7112,10.72,1,1,5.39,1.9812,2.032,0.2032,1.6002,2.7178,3.2512,2.7178,2,20,0
0.2032,1.6002,11.44,0.2032,1.6002,15.19,1,1,-3.75,2.54,1.6002,0.2032,1.6002,2.3368,2.3368,2.3368,2,30,1
0.2032,1.6002,17.18,0.2032,1.6002,10.67,1,1,6.51,2.54,1.143,0.2032,1.6002,2.794,2.794,2.794,2,20,0
0.2032,1.6002,11.59,0.4572,0.2032,13.83,1,2,-2.24,0.2032,0.762,0.4572,0.2032,1.3462,0.8128,0.8128,1,30,1
0.2032,1.6002,24.04,0.4572,0.2032,7.63,2,1,16.41,1.9812,0.2032,0.2032,1.6002,3.175,2.032,3.175,2,20,0
0.2032,1.6002,17.28,0.762,2.032,12.3,1,1,4.98,0.2032,1.143,0.762,2.032,0.9652,1.9558,1.9558,1,30,1
0.2032,1.6002,8.23,0.2032,1.9812,20.69,1,2,-12.46,2.54,1.9812,0.2032,1.9812,2.7178,2.9464,2.9464,2,20,1
0.4572,2.54,12.76,0.2032,1.9812,13.01,1,1,-0.25,0.2032,0.762,0.4572,2.54,2.032,1.7272,2.032,1,20,0
0.4572,2.54,6.56,1.0668,0.7112,18.25,1,2,-11.69,0.2032,0.762,1.0668,0.7112,2.032,1.4224,1.4224,1,10,1
1.6764,2.54,15.04,1.0668,0.7112,10.11,1,1,4.93,0.2032,1.143,1.6764,2.54,2.8702,1.8034,2.8702,1,10,0
1.6764,2.54,11.74,0.2032,1.9812,14.74,1,1,-3.0,1.6764,0.7112,0.2032,1.9812,2.9464,3.2512,3.2512,2,30,1
1.9812,0.2032,17.18,0.2032,1.9812,12.5,1,1,4.68,0.2032,1.143,1.9812,0.2032,2.7178,1.3462,2.7178,1,30,0
1.9812,0.2032,11.94,0.2032,1.9812,18.86,1,2,-6.92,0.762,0.7112,0.2032,1.9812,1.7272,2.3368,2.3368,2,30,1
0.2032,1.9812,20.69,0.2032,1.9812,11.18,2,1,9.51,2.54,1.9812,0.2032,1.9812,2.9464,2.9464,2.9464,2,20,0
0.2032,1.9812,14.08,2.54,1.143,19.16,1,2,-5.08,0.2032,0.762,2.54,1.143,1.7272,2.7178,2.7178,1,20,1
1.9812,0.2032,20.69,2.54,1.143,11.94,2,1,8.75,0.2032,1.143,1.9812,0.2032,2.7178,2.3368,2.7178,1,20,0
1.9812,0.2032,13.62,1.9812,2.54,22.36,1,2,-8.74,0.2032,1.143,1.9812,2.54,2.7178,3.175,3.175,1,30,1
0.2032,1.9812,22.67,1.9812,2.54,14.69,2,1,7.98,1.6764,2.54,0.2032,1.9812,2.032,0.8128,2.032,2,30,0
0.2032,1.9812,14.84,2.54,0.762,25.72,1,2,-10.88,0.2032,1.143,2.54,0.762,1.3462,2.7178,2.7178,1,10,1
1.9812,0.7112,24.19,2.54,0.762,17.79,2,1,6.4,0.2032,0.762,1.9812,0.7112,2.3368,2.9464,2.3368,1,10,0
1.9812,0.7112,13.62,2.54,1.6002,29.68,1,2,-16.06,0.2032,0.762,2.54,1.6002,2.3368,3.175,3.175,1,20,1
0.2032,1.6002,20.54,2.54,1.6002,18.24,2,1,2.3,0.762,0.7112,0.2032,1.6002,1.9558,3.175,1.9558,2,20,0
2.286,2.54,29.88,2.54,1.6002,12.35,2,1,17.53,1.0668,0.7112,2.286,2.54,3.556,2.8702,3.556,3,20,0
2.286,2.54,22.05,1.6764,2.032,22.67,2,2,-0.62,0.2032,1.143,1.6764,2.032,3.4798,2.8702,2.8702,1,30,1
2.286,2.54,15.45,0.762,0.7112,30.65,1,2,-15.2,0.2032,1.143,0.762,0.7112,3.4798,1.4986,1.4986,1,10,1
2.54,1.9812,21.14,0.762,0.7112,22.97,2,2,-1.83,1.0668,2.032,2.54,1.9812,2.032,3.2512,2.032,3,20,0
2.54,1.6002,25.97,0.762,0.7112,14.74,2,1,11.23,1.6764,2.54,2.54,1.6002,1.8034,3.2512,1.8034,3,20,0
2.54,1.6002,19.01,0.2032,1.6002,19.93,2,2,-0.92,0.762,0.2032,0.2032,1.6002,3.175,1.9558,1.9558,2,20,1
2.54,1.6002,10.72,1.6764,0.2032,23.69,1,2,-12.97,0.2032,0.762,1.6764,0.2032,3.175,2.032,2.032,1,30,1
0.2032,1.9812,20.53,1.6764,0.2032,17.18,2,2,3.35,0.762,0.7112,0.2032,1.9812,2.3368,1.4224,2.3368,2,10,0
0.2032,1.9812,13.77,1.9812,0.2032,28.46,1,2,-14.69,1.6764,2.032,1.9812,0.2032,2.032,3.2512,3.2512,3,20,1
0.4572,2.54,17.94,1.9812,0.2032,18.4,2,1,-0.46,0.2032,1.143,0.4572,2.54,1.651,2.7178,1.651,1,20,0
2.54,1.9812,26.37,1.9812,0.2032,12.5,2,1,13.87,0.2032,1.143,2.54,1.9812,3.175,2.7178,3.175,1,10,0
2.54,1.9812,15.65,2.54,0.762,22.97,1,2,-7.32,0.2032,1.143,2.54,0.762,3.175,2.7178,2.7178,1,30,1
1.9812,0.2032,25.26,2.54,0.762,15.14,2,1,10.12,2.286,2.54,1.9812,0.2032,2.6416,2.032,2.6416,3,20,0
1.9812,0.2032,16.42,1.6764,2.032,26.33,2,2,-9.91,0.2032,0.762,1.6764,2.032,2.3368,3.2512,3.2512,1,10,1
0.2032,1.6002,28.61,1.6764,2.032,17.89,2,1,10.72,1.6764,2.54,0.2032,1.6002,2.413,0.508,2.413,2,10,0
0.2032,1.6002,17.33,0.762,2.54,29.68,1,2,-12.35,0.2032,0.762,0.762,2.54,1.3462,2.3368,2.3368,1,20,1
1.9812,0.2032,25.31,0.762,2.54,20.69,2,2,4.62,0.2032,1.143,1.9812,0.2032,2.7178,1.9558,2.7178,1,30,0
0.2032,1.9812,34.06,0.762,2.54,13.77,3,1,20.29,2.286,0.2032,0.2032,1.9812,3.8608,3.8608,3.8608,2,10,0
0.2032,1.9812,26.79,0.762,2.032,19.31,2,2,7.48,1.9812,2.032,0.762,2.032,2.3368,1.7272,1.7272,3,20,1
0.2032,1.9812,18.86,1.0668,0.7112,25.31,2,2,-6.45,0.2032,1.143,1.0668,0.7112,1.3462,1.8034,1.8034,1,30,1
2.54,1.143,27.09,1.0668,0.7112,17.64,2,2,9.45,0.2032,1.143,2.54,1.143,2.3368,1.8034,2.3368,1,30,0
2.54,1.143,17.64,1.9812,0.2032,23.63,2,2,-5.99,0.2032,0.762,1.9812,0.2032,2.7178,2.3368,2.3368,1,20,1
0.2032,1.9812,25.26,1.9812,0.2032,13.52,2,1,11.74,1.6764,2.54,0.2032,1.9812,2.032,3.2512,2.032,2,30,0
0.2032,1.9812,18.1,0.762,2.54,24.8,2,2,-6.7,1.0668,2.54,0.762,2.54,1.4224,0.8128,0.8128,3,30,1
0.762,0.7112,22.26,0.762,2.54,14.13,2,1,8.13,0.2032,1.143,0.762,0.7112,1.4986,1.9558,1.4986,1,30,0
0.2032,1.9812,23.38,0.762,2.54,8.74,2,1,14.64,0.4572,0.2032,0.2032,1.9812,2.032,2.6416,2.032,2,30,0
0.2032,1.9812,20.69,2.54,1.143,13.37,2,1,7.32,1.9812,2.032,2.54,1.143,2.3368,1.9558,1.9558,3,20,1
0.2032,1.9812,11.69,0.2032,1.6002,25.26,1,2,-13.57,1.6764,0.2032,0.2032,1.6002,3.2512,2.8702,2.8702,2,10,1
1.9812,0.2032,18.4,0.2032,1.6002,15.35,2,1,3.05,0.2032,0.762,1.9812,0.2032,2.3368,1.3462,2.3368,1,20,0
1.9812,0.2032,11.18,0.2032,1.9812,25.56,1,2,-14.38,2.54,1.143,0.2032,1.9812,1.4986,3.175,3.175,2,20,1
0.4572,2.54,20.08,0.2032,1.9812,17.94,2,1,2.14,1.9812,2.032,0.4572,2.54,2.032,2.3368,2.032,3,30,0
0.2032,1.9812,21.65,0.2032,1.9812,12.35,2,1,9.3,0.762,2.54,0.2032,1.9812,1.1176,1.1176,1.1176,2,20,0
0.2032,1.9812,14.59,0.2032,1.6002,21.75,2,2,-7.16,1.6764,0.7112,0.2032,1.6002,3.2512,2.8702,2.8702,2,20,1
2.54,1.143,22.83,0.2032,1.6002,14.23,2,1,8.6,1.0668,2.032,2.54,1.143,2.8702,1.8034,2.8702,3,30,0
2.54,1.143,14.59,1.0668,0.7112,19.16,1,2,-4.57,0.2032,1.143,1.0668,0.7112,2.3368,1.8034,1.8034,1,30,1
1.6764,0.2032,23.12,1.0668,0.7112,11.54,2,1,11.58,0.2032,1.143,1.6764,0.2032,2.413,1.8034,2.413,1,10,0
1.6764,0.2032,15.5,1.6764,2.032,19.47,1,2,-3.97,0.2032,0.762,1.6764,2.032,2.032,3.2512,3.2512,1,20,1
2.286,2.54,26.18,1.6764,2.032,12.5,2,1,13.68,1.0668,0.7112,2.286,2.54,3.556,2.9464,3.556,3,20,0
2.286,2.54,14.23,1.9812,0.2032,17.18,1,1,-2.95,0.2032,1.143,1.9812,0.2032,3.4798,2.7178,2.7178,1,10,1
0.2032,1.9812,25.11,1.9812,0.2032,13.77,2,1,11.34,2.286,0.2032,0.2032,1.9812,3.8608,0.8128,3.8608,2,30,0
0.2032,1.9812,17.28,0.2032,1.9812,18.86,1,2,-1.58,1.0668,0.7112,0.2032,1.9812,2.6416,2.6416,2.6416,2,30,1
0.2032,1.9812,26.47,0.2032,1.9812,11.28,2,1,15.19,2.54,1.6002,0.2032,1.9812,2.7178,2.7178,2.7178,2,20,0
0.2032,1.9812,16.87,2.286,0.2032,19.01,1,2,-2.14,1.6764,0.2032,2.286,0.2032,3.2512,1.1176,1.1176,3,20,1
2.54,1.6002,27.74,2.286,0.2032,12.55,2,1,15.19,0.2032,0.762,2.54,1.6002,3.175,2.6416,3.175,1,20,0
2.54,1.6002,20.07,0.2032,1.6002,20.84,2,2,-0.77,1.6764,2.032,0.2032,1.6002,1.8034,2.413,2.413,2,10,1
2.54,1.6002,12.35,1.6764,0.7112,28.66,1,2,-16.31,1.0668,2.032,1.6764,0.7112,2.413,2.9464,2.9464,3,30,1
0.4572,0.2032,19.32,1.6764,0.7112,20.84,2,2,-1.52,0.2032,0.762,0.4572,0.2032,0.8128,2.032,0.8128,1,10,0
1.9812,0.7112,22.61,1.6764,0.7112,13.62,2,1,8.99,0.4572,0.2032,1.9812,0.7112,2.032,1.7272,2.032,3,30,0
1.9812,0.7112,17.69,0.2032,1.6002,24.34,2,2,-6.65,1.9812,2.032,0.2032,1.6002,2.9464,2.7178,2.7178,2,30,1
0.2032,1.6002,23.43,0.2032,1.6002,16.82,2,1,6.61,1.0668,0.7112,0.2032,1.6002,2.2606,2.2606,2.2606,2,30,0
0.2032,1.6002,12.86,1.0668,0.2032,22.98,1,2,-10.12,0.2032,0.762,1.0668,0.2032,1.3462,1.4224,1.4224,1,20,1
2.54,1.9812,19.46,1.0668,0.2032,11.54,2,1,7.92,0.2032,1.143,2.54,1.9812,3.175,1.8034,3.175,1,20,0
0.2032,1.9812,25.56,1.0668,0.2032,8.84,2,1,16.72,2.54,1.6002,0.2032,1.9812,2.7178,2.8702,2.7178,2,10,0
0.2032,1.9812,19.31,0.2032,1.9812,17.18,2,1,2.13,2.54,1.6002,0.2032,1.9812,2.7178,2.7178,2.7178,2,20,1
0.2032,1.9812,11.44,0.2032,1.9812,28.01,1,2,-16.57,1.0668,0.7112,0.2032,1.9812,2.6416,2.6416,2.6416,2,20,1
0.762,2.54,12.91,0.2032,1.9812,16.57,1,1,-3.66,1.6764,2.032,0.762,2.54,1.4224,2.032,1.4224,3,10,0
0.2032,1.6002,30.03,0.2032,1.9812,11.28,2,1,18.75,2.286,0.2032,0.2032,1.6002,3.4798,3.8608,3.4798,2,20,0
0.2032,1.6002,20.68,0.762,2.032,16.87,1,2,3.81,0.2032,1.143,0.762,2.032,0.9652,1.9558,1.9558,1,30,1
0.2032,1.6002,16.67,1.6764,2.032,27.09,1,2,-10.42,0.2032,0.762,1.6764,2.032,1.3462,3.2512,3.2512,1,10,1
0.2032,1.9812,26.78,1.6764,2.032,17.18,2,1,9.6,2.54,1.143,0.2032,1.9812,3.175,2.2606,3.175,2,20,0
0.2032,1.9812,17.94,0.2032,1.6002,23.33,1,2,-5.39,1.6764,2.032,0.2032,1.6002,2.032,2.413,2.413,2,20,1
1.0668,2.54,24.65,0.2032,1.6002,16.32,2,2,8.33,1.6764,2.54,1.0668,2.54,1.1176,2.413,1.1176,3,30,0
1.0668,2.54,16.57,0.2032,1.9812,22.06,2,2,-5.49,0.762,2.54,0.2032,1.9812,0.8128,1.1176,1.1176,2,10,1
2.286,2.54,20.43,0.2032,1.9812,11.23,2,1,9.2,1.6764,2.54,2.286,2.54,1.1176,2.032,1.1176,3,30,0
2.286,2.54,10.47,1.9812,2.54,24.81,1,2,-14.34,0.2032,0.762,1.9812,2.54,3.8608,3.556,3.556,1,20,1
0.762,0.2032,22.98,1.9812,2.54,16.06,2,1,6.92,2.54,0.762,0.762,0.2032,2.3368,2.3368,2.3368,3,30,0
1.9812,2.54,28.97,1.9812,2.54,8.84,2,1,20.13,0.2032,0.762,1.9812,2.54,3.556,3.556,3.556,1,30,0
1.9812,2.54,21.91,2.286,0.2032,18.4,2,1,3.51,0.2032,1.143,2.286,0.2032,3.175,3.0226,3.0226,1,20,1
1.9812,2.54,14.23,2.286,0.2032,21.3,1,2,-7.07,1.9812,0.7112,2.286,0.2032,2.9464,0.8128,0.8128,3,10,1
0.762,0.7112,23.28,2.286,0.2032,15.96,2,2,7.32,0.2032,1.143,0.762,0.7112,1.4986,3.0226,1.4986,1,30,0
0.762,0.7112,15.35,0.2032,1.9812,23.59,1,2,-8.24,1.9812,2.54,0.2032,1.9812,3.556,2.3368,2.3368,2,10,1
0.2032,1.6002,28.77,0.2032,1.9812,15.96,2,1,12.81,2.286,2.54,0.2032,1.6002,3.0226,2.6416,3.0226,2,30,0
0.2032,1.6002,19.77,1.9812,0.7112,27.24,1,2,-7.47,2.286,2.54,1.9812,0.7112,3.0226,2.6416,2.6416,3,20,1
2.54,1.9812,27.44,1.9812,0.7112,16.57,2,1,10.87,0.2032,1.143,2.54,1.9812,3.175,2.7178,3.175,1,30,0
2.54,1.9812,21.45,2.286,0.2032,21.14,2,2,0.31,2.54,0.762,2.286,0.2032,1.7272,0.8128,0.8128,3,30,1
2.54,1.9812,12.86,1.9812,2.032,28.26,1,2,-15.4,0.2032,1.143,1.9812,2.032,3.175,3.175,3.175,1,10,1
0.2032,1.9812,19.01,1.9812,2.032,26.03,2,2,-7.02,1.9812,2.54,0.2032,1.9812,2.3368,0.508,2.3368,2,10,0
0.2032,1.9812,29.88,1.9812,2.032,16.52,2,1,13.36,2.54,1.143,0.2032,1.9812,3.175,1.9558,3.175,2,30,0
0.2032,1.9812,22.21,1.0668,0.2032,24.8,2,2,-2.59,0.4572,2.54,1.0668,0.2032,0.8128,2.9464,2.9464,3,30,1
0.2032,1.6002,31.41,1.0668,0.2032,15.96,2,1,15.45,1.6764,2.032,0.2032,1.6002,2.413,2.9464,2.413,2,30,0
0.2032,1.6002,22.82,0.2032,1.9812,24.19,2,2,-1.37,0.762,0.2032,0.2032,1.9812,1.9558,2.3368,2.3368,2,30,1
0.2032,1.6002,14.89,0.2032,1.9812,28.87,1,2,-13.98,1.0668,0.2032,0.2032,1.9812,2.2606,2.6416,2.6416,2,10,1
2.54,0.762,20.69,0.2032,1.9812,23.74,2,2,-3.05,0.2032,1.143,2.54,0.762,2.7178,1.3462,2.7178,1,10,0
2.54,0.762,13.37,1.9812,2.032,28.26,1,2,-14.89,1.0668,2.54,1.9812,2.032,3.2512,1.4224,1.4224,3,30,1
2.286,2.54,27.54,1.9812,2.032,22.97,2,2,4.57,0.2032,0.762,2.286,2.54,3.8608,3.556,3.8608,1,30,0
2.286,2.54,19.11,0.762,0.7112,27.04,1,2,-7.93,2.286,0.2032,0.762,0.7112,2.3368,2.032,2.032,3,10,1
0.762,2.54,30.59,0.762,0.7112,24.19,2,2,6.4,0.2032,1.143,0.762,2.54,1.9558,1.4986,1.9558,1,10,0
0.762,2.54,21.75,0.762,0.2032,31.92,2,2,-10.17,0.4572,2.54,0.762,0.2032,0.8128,2.6416,2.6416,3,10,1
0.2032,1.6002,33.54,0.762,0.2032,26.63,2,2,6.91,2.54,0.762,0.2032,1.6002,3.175,2.3368,3.175,2,10,0
0.2032,1.6002,25.86,2.286,2.54,32.53,2,2,-6.67,0.2032,1.143,2.286,2.54,0.9652,3.4798,3.4798,1,30,1
0.2032,1.9812,33.23,2.286,2.54,27.24,2,2,5.99,1.6764,2.032,0.2032,1.9812,2.032,1.1176,2.032,2,20,0
0.2032,1.9812,27.24,1.0668,2.032,27.65,2,2,-0.41,0.762,2.032,1.0668,2.032,1.1176,0.8128,0.8128,3,30,1
0.2032,1.6002,32.99,1.0668,2.032,24.65,3,2,8.34,0.762,0.7112,0.2032,1.6002,1.9558,3.2512,1.9558,2,30,0
0.2032,1.6002,25.16,0.2032,1.6002,30.54,2,2,-5.38,2.54,0.762,0.2032,1.6002,3.175,3.175,3.175,2,10,1
0.4572,2.54,29.33,0.2032,1.6002,26.48,3,2,2.85,0.2032,1.143,0.4572,2.54,1.651,0.9652,1.651,1,20,0
0.4572,2.54,22.26,0.2032,1.6002,33.69,2,2,-11.43,2.54,1.6002,0.2032,1.6002,3.0226,2.3368,2.3368,2,30,1
1.9812,0.2032,25.97,0.2032,1.6002,27.7,2,2,-1.73,0.2032,0.762,1.9812,0.2032,2.3368,1.3462,2.3368,1,10,0
1.9812,0.2032,24.04,0.2032,1.6002,35.27,2,2,-11.23,2.286,0.2032,0.2032,1.6002,0.8128,3.4798,3.4798,2,10,1
2.54,1.9812,31.41,0.2032,1.6002,30.59,2,2,0.82,0.2032,0.762,2.54,1.9812,3.556,1.3462,3.556,1,20,0
2.54,1.9812,23.74,1.9812,2.032,35.72,2,2,-11.98,0.2032,0.762,1.9812,2.032,3.556,3.556,3.556,1,30,1
0.2032,1.6002,30.34,1.9812,2.032,32.47,2,2,-2.13,1.9812,2.54,0.2032,1.6002,2.7178,0.508,2.7178,2,20,0
0.2032,1.6002,26.78,0.2032,1.6002,42.27,2,3,-15.49,2.54,0.762,0.2032,1.6002,3.175,3.175,3.175,2,20,1
0.2032,1.6002,25.66,0.2032,1.6002,32.82,2,2,-7.16,0.762,2.032,0.2032,1.6002,1.4986,1.4986,1.4986,2,30,0
0.2032,1.6002,38.78,0.2032,1.6002,30.13,3,2,8.65,2.54,1.6002,0.2032,1.6002,2.3368,2.3368,2.3368,2,20,0
0.2032,1.6002,27.34,0.4572,2.54,29.78,2,2,-2.44,0.2032,0.762,0.4572,2.54,1.3462,2.032,2.032,1,10,1
1.6764,0.7112,37.11,0.4572,2.54,26.38,3,2,10.73,0.2032,1.143,1.6764,0.7112,2.413,1.651,2.413,1,10,0
1.6764,0.7112,27.6,2.54,1.143,33.91,2,3,-6.31,0.2032,1.143,2.54,1.143,2.413,2.3368,2.3368,1,30,1
0.2032,1.6002,32.69,2.54,1.143,25.31,3,2,7.38,1.0668,0.2032,0.2032,1.6002,2.2606,2.413,2.2606,2,30,0
0.2032,1.6002,25.01,1.0668,0.2032,31.77,2,3,-6.76,0.2032,1.143,1.0668,0.2032,0.9652,1.8034,1.8034,1,10,1
1.9812,0.2032,31.62,1.0668,0.2032,24.95,3,2,6.67,0.2032,1.143,1.9812,0.2032,2.7178,1.8034,2.7178,1,10,0
1.9812,0.2032,23.89,1.6764,0.2032,27.19,2,2,-3.3,0.2032,0.762,1.6764,0.2032,2.3368,2.032,2.032,1,20,1
1.0668,2.032,32.84,1.6764,0.2032,23.02,3,2,9.82,0.2032,0.762,1.0668,2.032,2.6416,2.032,2.6416,1,20,0
1.0668,2.032,27.4,2.54,1.9812,30.09,2,2,-2.69,0.2032,1.143,2.54,1.9812,2.2606,3.175,3.175,1,30,1
1.9812,2.54,25.82,2.54,1.9812,27.24,2,2,-1.42,1.6764,2.032,1.9812,2.54,0.8128,1.4224,0.8128,3,30,0
1.9812,2.54,21.14,0.2032,1.9812,29.07,2,2,-7.93,2.54,1.9812,0.2032,1.9812,1.1176,2.9464,2.9464,2,30,1
0.4572,0.2032,24.6,0.2032,1.9812,24.24,2,2,0.36,0.2032,1.143,0.4572,0.2032,1.1938,1.3462,1.1938,1,20,0
0.4572,0.2032,22.37,1.6764,0.2032,25.41,2,2,-3.04,0.2032,1.143,1.6764,0.2032,1.1938,2.413,2.413,1,20,1
2.54,1.9812,27.75,1.6764,0.2032,20.69,2,2,7.06,1.9812,0.7112,2.54,1.9812,2.3368,0.8128,2.3368,3,20,0
2.54,1.9812,23.13,1.9812,0.2032,29.27,2,2,-6.14,0.2032,1.143,1.9812,0.2032,3.175,2.7178,2.7178,1,10,1
2.286,2.54,31.71,1.9812,0.2032,21.75,2,2,9.96,0.2032,1.143,2.286,2.54,3.4798,2.7178,3.4798,1,30,0
2.286,2.54,24.49,0.2032,1.9812,31.71,2,2,-7.22,1.9812,2.032,0.2032,1.9812,0.8128,2.3368,2.3368,2,20,1
2.286,0.2032,36.13,0.2032,1.9812,24.5,2,2,11.63,0.2032,1.143,2.286,0.2032,3.0226,1.3462,3.0226,1,30,0
2.286,0.2032,28.45,1.9812,2.032,31.1,2,2,-2.65,0.2032,1.143,1.9812,2.032,3.0226,3.175,3.175,1,20,1
0.2032,1.9812,32.72,1.9812,2.032,25.71,2,2,7.01,2.286,0.2032,0.2032,1.9812,3.8608,2.6416,3.8608,2,30,0
0.2032,1.9812,28.1,1.6764,2.032,34.65,2,2,-6.55,0.2032,0.762,1.6764,2.032,1.7272,3.2512,3.2512,1,20,1
1.9812,2.54,31.51,1.6764,2.032,27.54,3,2,3.97,2.286,2.54,1.9812,2.54,0.8128,1.1176,0.8128,3,10,0
1.9812,2.54,26.63,0.2032,1.6002,33.89,2,2,-7.26,2.286,2.54,0.2032,1.6002,0.8128,3.0226,3.0226,2,30,1
0.2032,1.9812,34.97,0.2032,1.6002,27.29,3,2,7.68,1.0668,0.7112,0.2032,1.9812,2.6416,2.2606,2.6416,2,10,0
0.2032,1.9812,28.36,0.4572,0.2032,31.92,2,3,-3.56,0.2032,1.143,0.4572,0.2032,1.3462,1.1938,1.1938,1,20,1
0.762,0.2032,29.48,0.4572,0.2032,23.48,2,2,6.0,0.2032,1.143,0.762,0.2032,1.4986,1.1938,1.4986,1,20,0
0.762,0.2032,25.46,0.2032,1.6002,26.79,2,3,-1.33,0.4572,0.2032,0.2032,1.6002,0.8128,1.651,1.651,2,20,1
0.762,2.032,31.16,0.2032,1.6002,19.11,3,2,12.05,0.4572,0.2032,0.762,2.032,2.6416,1.651,2.6416,3,10,0
0.762,2.032,23.33,1.6764,2.54,22.97,2,2,0.36,0.2032,1.143,1.6764,2.54,1.9558,2.8702,2.8702,1,20,1
0.2032,1.9812,36.64,1.6764,2.54,18.09,3,2,18.55,1.9812,0.7112,0.2032,1.9812,3.556,3.2512,3.556,2,10,0
0.2032,1.9812,31.5,1.0668,0.2032,27.09,2,2,4.41,1.9812,0.2032,1.0668,0.2032,3.556,1.4224,1.4224,3,10,1
0.2032,1.9812,20.22,1.6764,0.7112,33.29,1,3,-13.07,0.2032,1.143,1.6764,0.7112,1.3462,2.413,2.413,1,30,1
1.9812,2.032,29.88,1.6764,0.7112,26.37,2,2,3.51,0.2032,1.143,1.9812,2.032,3.175,2.413,3.175,1,30,0
1.9812,2.032,23.42,0.2032,1.6002,31.31,2,3,-7.89,0.762,0.7112,0.2032,1.6002,3.556,1.9558,1.9558,2,10,1
0.2032,1.6002,27.49,0.2032,1.6002,24.86,2,2,2.63,1.9812,2.54,0.2032,1.6002,2.7178,2.7178,2.7178,2,20,0
0.2032,1.6002,21.29,0.2032,1.6002,32.07,2,3,-10.78,0.762,0.7112,0.2032,1.6002,1.9558,1.9558,1.9558,2,20,1
1.9812,0.2032,25.82,0.2032,1.6002,23.73,2,2,2.09,0.2032,0.762,1.9812,0.2032,2.3368,1.3462,2.3368,1,10,0
1.9812,0.2032,20.08,0.762,2.54,27.19,2,2,-7.11,0.2032,0.762,0.762,2.54,2.3368,2.3368,2.3368,1,30,1
0.2032,1.6002,25.31,0.762,2.54,23.28,2,2,2.03,1.0668,0.7112,0.2032,1.6002,2.2606,3.2512,2.2606,2,20,0
0.2032,1.6002,17.49,1.0668,2.54,31.77,2,2,-14.28,1.0668,0.7112,1.0668,2.54,2.2606,2.9464,2.9464,3,20,1
2.54,1.6002,24.04,1.0668,2.54,29.07,2,2,-5.03,0.2032,1.143,2.54,1.6002,2.794,2.2606,2.794,1,30,0
2.54,1.6002,17.03,2.54,1.6002,31.46,2,2,-14.43,0.762,2.032,2.54,1.6002,2.7178,2.7178,2.7178,3,20,1
0.2032,1.6002,27.85,2.54,1.6002,24.95,2,2,2.9,1.0668,0.7112,0.2032,1.6002,2.2606,2.8702,2.2606,2,30,0
1.0668,0.7112,27.8,2.54,1.6002,18.55,2,2,9.25,0.2032,0.762,1.0668,0.7112,1.4224,3.175,1.4224,1,20,0
1.0668,0.7112,24.55,0.2032,1.6002,27.7,2,2,-3.15,0.4572,0.2032,0.2032,1.6002,1.1176,1.651,1.651,2,30,1
1.0668,2.032,30.85,0.2032,1.6002,19.77,3,2,11.08,0.2032,1.143,1.0668,2.032,2.2606,0.9652,2.2606,1,10,0
1.0668,2.032,23.48,0.4572,2.54,25.77,2,2,-2.29,0.2032,0.762,0.4572,2.54,2.6416,2.032,2.032,1,10,1
0.2032,1.6002,29.32,0.4572,2.54,17.18,2,2,12.14,0.4572,0.2032,0.2032,1.6002,1.651,2.3368,1.651,2,30,0
0.2032,1.6002,25.71,0.762,0.2032,21.34,2,2,4.37,0.4572,2.54,0.762,0.2032,1.1938,2.6416,2.6416,3,30,1
0.2032,1.6002,15.19,1.0668,0.2032,23.88,1,2,-8.69,0.2032,1.143,1.0668,0.2032,0.9652,1.8034,1.8034,1,30,1
1.0668,0.2032,25.71,1.0668,0.2032,18.09,2,2,7.62,2.54,1.6002,1.0668,0.2032,2.8702,2.8702,2.8702,3,20,0
1.0668,0.2032,16.41,0.762,0.2032,21.96,1,2,-5.55,0.2032,0.762,0.762,0.2032,1.4224,1.1176,1.1176,1,30,1
1.0668,0.2032,11.74,0.2032,1.6002,28.41,1,2,-16.67,1.6764,2.54,0.2032,1.6002,2.9464,2.413,2.413,2,10,1
1.0668,0.2032,13.21,0.2032,1.6002,25.57,1,2,-12.36,0.2032,1.143,1.0668,0.2032,1.8034,0.9652,1.8034,1,10,0
1.0668,2.54,23.74,0.2032,1.6002,16.82,2,1,6.92,0.2032,1.143,1.0668,2.54,2.2606,0.9652,2.2606,1,20,0
1.0668,2.54,14.13,0.2032,1.6002,24.65,1,2,-10.52,0.762,0.7112,0.2032,1.6002,3.2512,1.9558,1.9558,2,30,1
1.0668,0.2032,19.92,0.2032,1.6002,13.82,2,1,6.1,1.0668,2.032,1.0668,0.2032,2.9464,1.8034,2.9464,3,20,0
1.0668,0.2032,11.89,1.0668,0.7112,21.45,1,2,-9.56,0.2032,0.762,1.0668,0.7112,1.4224,1.4224,1.4224,1,20,1
1.9812,0.7112,22.67,1.0668,0.7112,11.54,2,1,11.13,2.54,1.9812,1.9812,0.7112,2.3368,3.2512,2.3368,3,20,0
1.9812,0.7112,16.06,1.6764,0.7112,27.84,1,2,-11.78,2.286,2.54,1.6764,0.7112,2.6416,2.9464,2.9464,3,20,1
0.2032,1.6002,24.04,1.6764,0.7112,17.89,2,1,6.15,1.0668,0.2032,0.2032,1.6002,2.2606,1.1176,2.2606,2,30,0
1.6764,2.032,27.04,1.6764,0.7112,11.89,2,1,15.15,0.2032,1.143,1.6764,2.032,2.8702,2.413,2.8702,1,10,0
1.6764,2.032,20.07,1.6764,2.54,16.57,2,1,3.5,0.2032,1.143,1.6764,2.54,2.8702,2.8702,2.8702,1,20,1
1.6764,2.032,11.74,0.2032,1.9812,24.04,1,2,-12.3,1.9812,2.54,0.2032,1.9812,0.8128,2.3368,2.3368,2,20,1
0.2032,1.9812,16.57,0.2032,1.9812,17.79,2,2,-1.22,1.0668,2.54,0.2032,1.9812,1.4224,1.4224,1.4224,2,20,0
0.2032,1.9812,27.84,0.2032,1.9812,10.67,2,1,17.17,1.6764,0.2032,0.2032,1.9812,3.2512,3.2512,3.2512,2,30,0
0.2032,1.9812,19.0,1.0668,0.7112,12.3,1,1,6.7,0.2032,1.143,1.0668,0.7112,1.3462,1.8034,1.8034,1,30,1
0.2032,1.9812,14.99,0.2032,1.6002,26.02,1,2,-11.03,2.286,0.2032,0.2032,1.6002,3.8608,3.4798,3.4798,2,10,1
1.6764,0.7112,20.53,0.2032,1.6002,16.41,2,1,4.12,0.2032,0.762,1.6764,0.7112,2.032,1.3462,2.032,1,20,0
1.6764,0.7112,12.25,2.54,0.762,22.21,1,2,-9.96,0.2032,1.143,2.54,0.762,2.413,2.7178,2.7178,1,30,1
0.2032,1.6002,18.1,2.54,0.762,13.37,2,1,4.73,0.762,0.2032,0.2032,1.6002,1.9558,2.3368,1.9558,2,30,0
1.9812,2.54,23.48,2.54,0.762,11.44,2,1,12.04,1.0668,2.54,1.9812,2.54,1.4224,3.2512,1.4224,3,30,0
1.9812,2.54,16.87,1.9812,0.2032,16.57,2,1,0.3,1.9812,2.032,1.9812,0.2032,0.508,2.9464,2.9464,3,20,1
1.0668,0.2032,25.31,1.9812,0.2032,11.89,2,1,13.42,0.4572,2.54,1.0668,0.2032,2.9464,3.8608,2.9464,3,20,0
1.0668,0.2032,15.96,0.2032,1.9812,19.57,1,2,-3.61,2.54,1.9812,0.2032,1.9812,3.2512,2.9464,2.9464,2,30,1
1.0668,0.2032,11.89,0.2032,1.6002,28.05,1,2,-16.16,1.6764,2.54,0.2032,1.6002,2.9464,2.413,2.413,2,30,1
1.9812,0.2032,18.55,0.2032,1.6002,20.84,2,2,-2.29,0.2032,1.143,1.9812,0.2032,2.7178,0.9652,2.7178,1,20,0
1.9812,0.2032,11.44,1.6764,2.54,27.74,1,2,-16.3,0.2032,0.762,1.6764,2.54,2.3368,3.2512,3.2512,1,10,1
0.2032,1.9812,20.69,1.6764,2.54,21.9,2,2,-1.21,1.9812,2.032,0.2032,1.9812,2.3368,0.8128,2.3368,2,20,0
0.2032,1.9812,14.08,0.2032,1.6002,29.88,1,2,-15.8,2.54,1.143,0.2032,1.6002,3.175,2.794,2.794,2,20,1
0.2032,1.6002,17.18,0.2032,1.6002,23.43,2,2,-6.25,0.762,2.032,0.2032,1.6002,1.4986,1.4986,1.4986,2,30,0
1.6764,0.7112,21.76,0.2032,1.6002,14.99,2,1,6.77,0.4572,0.2032,1.6764,0.7112,1.7272,1.651,1.7272,3,30,0
1.6764,0.7112,12.76,2.286,0.2032,21.15,1,2,-8.39,0.2032,0.762,2.286,0.2032,2.032,2.6416,2.6416,1,10,1
0.762,2.032,24.19,2.286,0.2032,13.47,2,1,10.72,0.2032,0.762,0.762,2.032,2.3368,2.6416,2.3368,1,10,0
0.762,2.032,14.23,0.2032,1.9812,21.3,1,2,-7.07,1.9812,0.2032,0.2032,1.9812,3.556,3.556,3.556,2,10,1
0.2032,1.9812,26.17,0.2032,1.9812,14.23,2,1,11.94,1.6764,0.2032,0.2032,1.9812,3.2512,3.2512,3.2512,2,10,0
0.2032,1.9812,19.0,1.0668,2.032,21.75,1,2,-2.75,0.2032,0.762,1.0668,2.032,1.7272,2.6416,2.6416,1,20,1
0.2032,1.6002,31.96,1.0668,2.032,14.23,2,1,17.73,1.9812,0.2032,0.2032,1.6002,3.175,3.2512,3.175,2,30,0
0.2032,1.6002,23.73,0.4572,0.2032,19.92,2,2,3.81,0.2032,0.762,0.4572,0.2032,1.3462,0.8128,0.8128,1,10,1
0.2032,1.6002,17.28,0.2032,1.6002,27.9,1,2,-10.62,1.0668,2.54,0.2032,1.6002,1.8034,1.8034,1.8034,2,30,1
0.762,2.54,25.72,0.2032,1.6002,23.13,2,2,2.59,0.2032,0.762,0.762,2.54,2.3368,1.3462,2.3368,1,20,0
0.762,2.54,13.37,0.2032,1.6002,31.1,1,2,-17.73,1.6764,0.2032,0.2032,1.6002,3.2512,2.8702,2.8702,2,30,1
1.9812,0.2032,26.02,0.2032,1.6002,27.09,2,2,-1.07,0.2032,1.143,1.9812,0.2032,2.7178,0.9652,2.7178,1,30,0
1.9812,0.2032,15.35,1.0668,2.54,29.42,1,2,-14.07,0.2032,1.143,1.0668,2.54,2.7178,2.2606,2.2606,1,20,1
0.762,2.54,26.79,1.0668,2.54,24.19,2,2,2.6,0.4572,0.2032,0.762,2.54,2.6416,2.9464,2.6416,3,30,0
0.762,2.54,15.35,0.762,2.032,26.88,1,2,-11.53,0.2032,1.143,0.762,2.032,1.9558,1.9558,1.9558,1,30,1
0.2032,1.6002,29.52,0.762,2.032,24.95,2,2,4.57,1.6764,0.7112,0.2032,1.6002,2.8702,3.2512,2.8702,2,20,0
0.2032,1.6002,18.24,1.6764,2.54,30.08,1,2,-11.84,0.2032,1.143,1.6764,2.54,0.9652,2.8702,2.8702,1,30,1
0.2032,1.6002,34.15,1.6764,2.54,25.56,2,2,8.59,2.286,0.2032,0.2032,1.6002,3.4798,2.9464,3.4798,2,20,0
0.2032,1.6002,27.54,0.2032,1.6002,27.49,2,2,0.05,0.762,2.032,0.2032,1.6002,1.4986,1.4986,1.4986,2,10,1
1.6764,0.2032,32.68,0.2032,1.6002,23.58,2,2,9.1,0.2032,1.143,1.6764,0.2032,2.413,0.9652,2.413,1,30,0
1.6764,0.2032,25.72,0.2032,1.6002,30.54,2,2,-4.82,2.54,0.762,0.2032,1.6002,1.4224,3.175,3.175,2,10,1
1.9812,0.2032,32.84,0.2032,1.6002,27.7,3,2,5.14,0.2032,0.762,1.9812,0.2032,2.3368,1.3462,2.3368,1,10,0
1.9812,0.2032,25.57,1.6764,2.032,30.95,2,2,-5.38,0.2032,1.143,1.6764,2.032,2.7178,2.8702,2.8702,1,10,1
0.2032,1.9812,30.09,1.6764,2.032,26.02,2,2,4.07,2.286,0.2032,0.2032,1.9812,3.8608,2.9464,3.8608,2,30,0
0.2032,1.9812,26.02,2.286,0.2032,31.46,2,2,-5.44,0.2032,0.762,2.286,0.2032,1.7272,2.6416,2.6416,1,30,1
0.2032,1.6002,34.66,2.286,0.2032,29.53,3,2,5.13,1.0668,0.2032,0.2032,1.6002,2.2606,1.7272,2.2606,2,30,0
0.2032,1.6002,29.52,1.0668,2.032,34.36,2,2,-4.84,0.2032,0.762,1.0668,2.032,1.3462,2.6416,2.6416,1,10,1
0.2032,1.6002,33.28,1.0668,2.032,30.95,3,2,2.33,1.0668,2.54,0.2032,1.6002,1.8034,0.508,1.8034,2,20,0
0.2032,1.6002,24.85,0.2032,1.6002,31.31,2,3,-6.46,0.4572,2.54,0.2032,1.6002,1.1938,1.1938,1.1938,2,20,1
1.0668,2.54,31.61,0.2032,1.6002,24.24,3,2,7.37,0.2032,0.762,1.0668,2.54,2.6416,1.3462,2.6416,1,20,0
1.0668,2.54,23.59,0.2032,1.6002,34.66,2,3,-11.07,1.9812,0.2032,0.2032,1.6002,3.2512,3.175,3.175,2,30,1
0.2032,1.9812,32.38,0.2032,1.6002,27.09,2,2,5.29,1.6764,0.7112,0.2032,1.9812,3.2512,2.8702,3.2512,2,10,0
0.2032,1.9812,29.68,0.2032,1.9812,38.16,2,2,-8.48,1.9812,0.7112,0.2032,1.9812,3.556,3.556,3.556,2,20,1
1.6764,0.7112,31.92,0.2032,1.9812,32.93,2,2,-1.01,0.2032,1.143,1.6764,0.7112,2.413,1.3462,2.413,1,20,0
1.6764,0.7112,26.53,0.762,0.2032,37.4,2,3,-10.87,0.2032,1.143,0.762,0.2032,2.413,1.4986,1.4986,1,10,1
1.0668,2.032,34.97,0.762,0.2032,30.64,3,2,4.33,0.2032,1.143,1.0668,2.032,2.2606,1.4986,2.2606,1,10,0
1.0668,2.032,27.6,0.2032,1.6002,41.82,2,3,-14.22,2.54,1.6002,0.2032,1.6002,2.413,2.3368,2.3368,2,20,1
0.762,0.2032,34.36,0.2032,1.6002,32.98,3,3,1.38,0.2032,1.143,0.762,0.2032,1.4986,0.9652,1.4986,1,30,0
0.762,0.2032,27.75,0.2032,1.6002,42.89,2,3,-15.14,2.54,1.9812,0.2032,1.6002,3.556,2.7178,2.7178,2,30,1
1.6764,2.54,35.27,0.2032,1.6002,33.89,3,2,1.38,0.2032,0.762,1.6764,2.54,3.2512,1.3462,3.2512,1,30,0
0.2032,1.9812,38.83,0.2032,1.6002,28.05,3,2,10.78,1.6764,2.032,0.2032,1.9812,2.032,2.413,2.032,2,10,0
0.2032,1.9812,30.55,0.762,0.2032,31.31,3,3,-0.76,0.2032,1.143,0.762,0.2032,1.3462,1.4986,1.4986,1,10,1
0.2032,1.9812,34.05,0.762,0.2032,23.64,3,2,10.41,0.762,2.032,0.2032,1.9812,1.1176,2.9464,1.1176,2,10,0
0.2032,1.9812,27.04,1.9812,2.032,31.62,3,3,-4.58,1.0668,2.54,1.9812,2.032,1.4224,1.4224,1.4224,3,30,1
2.54,0.762,35.88,1.9812,2.032,24.35,3,2,11.53,1.6764,2.032,2.54,0.762,2.6416,0.8128,2.6416,3,30,0
2.54,0.762,25.82,0.2032,1.9812,31.61,2,2,-5.79,2.54,1.143,0.2032,1.9812,0.889,3.175,3.175,2,10,1
0.762,0.7112,34.21,0.2032,1.9812,26.22,3,2,7.99,0.2032,0.762,0.762,0.7112,1.1176,1.7272,1.1176,1,30,0
0.762,0.7112,27.14,0.2032,1.9812,33.13,2,2,-5.99,2.54,1.6002,0.2032,1.9812,3.175,2.7178,2.7178,2,10,1
1.0668,2.54,32.83,0.2032,1.9812,29.22,3,2,3.61,0.2032,0.762,1.0668,2.54,2.6416,1.7272,2.6416,1,30,0
1.0668,2.54,24.7,1.0668,2.032,34.35,2,3,-9.65,0.2032,1.143,1.0668,2.032,2.2606,2.2606,2.2606,1,30,1
0.762,0.7112,30.04,1.0668,2.032,26.98,3,2,3.06,0.2032,0.762,0.762,0.7112,1.1176,2.6416,1.1176,1,20,0
0.762,0.7112,24.8,2.54,1.143,34.5,2,3,-9.7,0.2032,1.143,2.54,1.143,1.4986,2.3368,2.3368,1,20,1
0.2032,1.6002,30.85,2.54,1.143,25.71,2,2,5.14,1.6764,2.032,0.2032,1.6002,2.413,2.2606,2.413,2,10,0
0.2032,1.6002,25.57,0.762,2.54,31.3,2,2,-5.73,0.2032,0.762,0.762,2.54,1.3462,2.3368,2.3368,1,30,1
1.0668,2.032,33.23,0.762,2.54,26.78,2,2,6.45,1.0668,0.2032,1.0668,2.032,2.9464,3.2512,2.9464,3,10,0
1.0668,2.032,27.24,2.54,1.143,32.22,2,2,-4.98,0.2032,0.762,2.54,1.143,2.6416,2.7178,2.7178,1,30,1
0.2032,1.9812,32.67,2.54,1.143,28.05,2,2,4.62,2.54,1.6002,0.2032,1.9812,2.7178,0.9652,2.7178,2,30,0
0.2032,1.9812,28.15,0.2032,1.6002,36.19,2,3,-8.04,0.4572,2.54,0.2032,1.6002,0.8128,1.1938,1.1938,2,10,1
1.9812,0.2032,34.51,0.2032,1.6002,28.97,3,2,5.54,1.0668,0.2032,1.9812,0.2032,1.4224,2.2606,1.4224,3,20,0
1.9812,0.2032,27.9,0.2032,1.6002,36.34,2,3,-8.44,0.762,0.2032,0.2032,1.6002,1.7272,1.9558,1.9558,2,20,1
0.2032,1.6002,36.34,0.2032,1.6002,27.74,3,2,8.6,1.0668,2.54,0.2032,1.6002,1.8034,1.8034,1.8034,2,10,0
0.2032,1.6002,28.97,0.4572,2.54,40.76,2,3,-11.79,2.54,1.143,0.4572,2.54,2.794,3.4798,3.4798,3,10,1
0.2032,1.9812,37.56,0.4572,2.54,32.37,3,2,5.19,1.9812,2.54,0.2032,1.9812,2.3368,2.032,2.3368,2,30,0
0.2032,1.9812,30.49,2.286,0.2032,40.3,2,3,-9.81,0.762,0.2032,2.286,0.2032,2.3368,2.032,2.032,3,10,1
0.2032,1.6002,43.96,2.286,0.2032,33.39,3,2,10.57,1.6764,0.2032,0.2032,1.6002,2.8702,1.1176,2.8702,2,20,0
0.2032,1.6002,34.35,0.2032,1.6002,45.03,2,3,-10.68,1.0668,2.54,0.2032,1.6002,1.8034,1.8034,1.8034,2,20,1
2.54,1.6002,42.43,0.2032,1.6002,35.07,3,3,7.36,0.2032,1.143,2.54,1.6002,2.794,0.9652,2.794,1,30,0
2.54,1.6002,31.76,1.9812,0.7112,44.11,2,3,-12.35,1.9812,2.032,1.9812,0.7112,1.4986,2.9464,2.9464,3,30,1
0.2032,1.6002,41.52,1.9812,0.7112,34.05,3,2,7.47,0.762,0.7112,0.2032,1.6002,1.9558,1.7272,1.9558,2,20,0
0.2032,1.6002,33.29,2.54,1.9812,47.22,3,3,-13.93,0.2032,0.762,2.54,1.9812,1.3462,3.556,3.556,1,20,1
2.286,2.54,44.26,2.54,1.9812,39.39,3,3,4.87,2.54,0.762,2.286,2.54,2.032,1.7272,2.032,3,10,0
2.286,2.54,32.67,0.2032,1.9812,44.32,2,3,-11.65,1.0668,2.54,0.2032,1.9812,1.7272,1.4224,1.4224,2,30,1
0.762,0.2032,41.06,0.2032,1.9812,36.19,3,3,4.87,2.54,1.6002,0.762,0.2032,3.175,2.7178,3.175,3,30,0
0.762,0.2032,31.15,0.2032,1.6002,44.47,2,3,-13.32,1.9812,2.032,0.2032,1.6002,3.556,2.7178,2.7178,2,30,1
0.2032,1.6002,43.09,0.2032,1.6002,36.95,3,3,6.14,2.54,1.143,0.2032,1.6002,2.794,2.794,2.794,2,10,0
0.2032,1.6002,35.88,2.286,0.2032,43.0,3,3,-7.12,0.2032,0.762,2.286,0.2032,1.3462,2.6416,2.6416,1,20,1
0.762,0.7112,44.26,2.286,0.2032,38.93,3,3,5.33,0.762,2.032,0.762,0.7112,2.9464,3.8608,2.9464,3,30,0
0.762,0.7112,36.64,0.2032,1.9812,45.54,3,3,-8.9,0.4572,2.54,0.2032,1.9812,2.6416,0.8128,0.8128,2,20,1
0.762,0.2032,45.54,0.2032,1.9812,37.87,3,3,7.67,2.54,0.762,0.762,0.2032,2.3368,3.556,2.3368,3,20,0
0.762,0.2032,37.41,1.9812,2.54,44.98,3,3,-7.57,0.2032,1.143,1.9812,2.54,1.4986,3.175,3.175,1,20,1
1.6764,2.54,42.49,1.9812,2.54,37.56,3,3,4.93,1.0668,0.2032,1.6764,2.54,2.9464,3.2512,2.9464,3,20,0
1.6764,2.54,35.27,0.2032,1.6002,42.33,3,3,-7.06,0.4572,2.54,0.2032,1.6002,1.7272,1.1938,1.1938,2,30,1
0.2032,1.9812,44.32,0.2032,1.6002,35.12,3,3,9.2,0.762,0.2032,0.2032,1.9812,2.3368,1.9558,2.3368,2,10,0
0.2032,1.9812,37.26,1.6764,2.54,41.16,3,3,-3.9,0.2032,1.143,1.6764,2.54,1.3462,2.8702,2.8702,1,20,1
0.2032,1.6002,49.65,1.6764,2.54,34.05,3,3,15.6,1.9812,0.7112,0.2032,1.6002,3.175,3.2512,3.175,2,20,0
0.2032,1.6002,42.13,2.54,1.9812,45.73,3,3,-3.6,0.2032,0.762,2.54,1.9812,1.3462,3.556,3.556,1,30,1
0.2032,1.9812,50.41,2.54,1.9812,41.67,3,3,8.74,1.6764,2.54,0.2032,1.9812,2.032,1.4224,2.032,2,30,0
0.2032,1.9812,45.02,1.6764,2.032,50.96,3,3,-5.94,0.2032,0.762,1.6764,2.032,1.7272,3.2512,3.2512,1,10,1
1.6764,2.032,50.31,1.6764,2.032,44.71,3,3,5.6,0.2032,0.762,1.6764,2.032,3.2512,3.2512,3.2512,1,20,0
1.6764,2.032,43.71,2.54,0.762,56.51,3,3,-12.8,0.2032,0.762,2.54,0.762,3.2512,2.9464,2.9464,1,30,1
1.0668,2.54,53.36,2.54,0.762,51.12,4,3,2.24,0.2032,1.143,1.0668,2.54,2.2606,2.7178,2.2606,1,10,0
1.0668,2.54,44.77,1.0668,0.2032,56.41,3,3,-11.64,1.0668,2.032,1.0668,0.2032,0.508,2.9464,2.9464,3,10,1
0.2032,1.9812,47.42,1.0668,0.2032,52.4,4,3,-4.98,0.4572,2.54,0.2032,1.9812,0.8128,2.9464,0.8128,2,30,0
0.2032,1.6002,52.04,1.0668,0.2032,44.12,4,3,7.92,0.762,2.032,0.2032,1.6002,1.4986,3.2512,1.4986,2,10,0
0.2032,1.6002,44.67,1.0668,0.2032,54.59,4,3,-9.92,0.4572,2.54,1.0668,0.2032,1.1938,2.9464,2.9464,3,30,1
1.0668,0.2032,48.38,1.0668,0.2032,48.08,4,3,0.3,0.2032,1.143,1.0668,0.2032,1.8034,1.8034,1.8034,1,10,0
1.0668,0.2032,43.15,0.762,2.54,53.22,4,4,-10.07,0.2032,1.143,0.762,2.54,1.8034,1.9558,1.9558,1,20,1
1.9812,2.032,48.59,0.762,2.54,45.69,4,3,2.9,0.2032,0.762,1.9812,2.032,3.556,2.3368,3.556,1,10,0
1.9812,2.032,42.24,0.762,2.032,52.91,4,4,-10.67,0.2032,1.143,0.762,2.032,3.175,1.9558,1.9558,1,30,1
0.2032,1.9812,50.63,0.762,2.032,44.01,4,3,6.62,2.54,1.9812,0.2032,1.9812,2.9464,2.3368,2.9464,2,30,0
0.2032,1.9812,40.2,1.9812,0.2032,53.36,3,4,-13.16,1.9812,0.7112,1.9812,0.2032,3.556,0.508,0.508,3,30,1
0.2032,1.9812,49.09,1.9812,0.2032,41.47,3,3,7.62,1.6764,0.7112,0.2032,1.9812,3.2512,0.8128,3.2512,2,30,0
0.2032,1.9812,42.73,0.762,0.7112,46.35,3,4,-3.62,0.2032,0.762,0.762,0.7112,1.7272,1.1176,1.1176,1,30,1
0.2032,1.6002,51.37,0.762,0.7112,39.75,3,3,11.62,1.6764,0.2032,0.2032,1.6002,2.8702,1.4224,2.8702,2,10,0
0.2032,1.6002,49.13,0.2032,1.6002,44.68,3,4,4.45,1.0668,0.2032,0.2032,1.6002,2.2606,2.2606,2.2606,2,20,1
0.2032,1.6002,49.84,0.2032,1.6002,37.46,3,3,12.38,0.4572,0.2032,0.2032,1.6002,1.651,1.651,1.651,2,10,0
0.2032,1.6002,44.46,1.9812,2.032,45.75,3,4,-1.29,2.54,1.9812,1.9812,2.032,2.7178,1.1176,1.1176,3,10,1
0.2032,1.6002,36.94,0.2032,1.6002,47.62,3,4,-10.68,1.6764,2.54,0.2032,1.6002,2.413,2.413,2.413,2,20,1
1.6764,0.2032,42.33,0.2032,1.6002,38.27,3,3,4.06,0.2032,1.143,1.6764,0.2032,2.413,0.9652,2.413,1,20,0
0.762,2.54,53.06,0.2032,1.6002,36.64,4,3,16.42,2.286,0.2032,0.762,2.54,3.8608,3.4798,3.8608,3,10,0
0.762,2.54,41.32,0.2032,1.6002,39.33,3,3,1.99,1.0668,2.032,0.2032,1.6002,0.8128,1.8034,1.8034,2,30,1
0.762,2.54,38.02,1.6764,2.54,50.01,3,4,-11.99,2.54,1.143,1.6764,2.54,3.175,2.2606,2.2606,3,10,1
2.54,1.9812,44.98,1.6764,2.54,41.26,3,3,3.72,0.2032,1.143,2.54,1.9812,3.175,2.8702,3.175,1,10,0
2.54,1.9812,39.54,0.2032,1.9812,51.84,3,4,-12.3,1.0668,0.7112,0.2032,1.9812,3.2512,2.6416,2.6416,2,30,1
0.2032,1.9812,48.89,0.2032,1.9812,44.01,3,3,4.88,1.6764,0.2032,0.2032,1.9812,3.2512,3.2512,3.2512,2,10,0
0.2032,1.9812,41.98,1.9812,2.54,49.86,3,3,-7.88,0.2032,0.762,1.9812,2.54,1.7272,3.556,3.556,1,10,1
0.762,0.7112,45.74,1.9812,2.54,46.61,3,3,-0.87,0.2032,1.143,0.762,0.7112,1.4986,3.175,1.4986,1,20,0
0.762,0.7112,41.83,0.2032,1.9812,50.17,3,4,-8.34,1.9812,2.032,0.2032,1.9812,3.556,2.3368,2.3368,2,20,1
0.2032,1.6002,46.5,0.2032,1.9812,42.95,3,3,3.55,2.54,1.6002,0.2032,1.6002,2.3368,2.7178,2.3368,2,30,0
0.2032,1.6002,41.21,1.0668,2.54,50.17,3,4,-8.96,0.2032,0.762,1.0668,2.54,1.3462,2.6416,2.6416,1,20,1
0.2032,1.9812,47.26,1.0668,2.54,42.49,4,3,4.77,1.0668,2.54,0.2032,1.9812,1.4224,0.0,1.4224,2,20,0
0.2032,1.9812,38.47,1.6764,0.2032,49.71,3,4,-11.24,0.2032,0.762,1.6764,0.2032,1.7272,2.032,2.032,1,30,1
1.0668,2.032,44.21,1.6764,0.2032,41.78,3,3,2.43,0.2032,0.762,1.0668,2.032,2.6416,2.032,2.6416,1,30,0
1.0668,2.032,37.86,2.286,2.54,53.22,3,4,-15.36,0.2032,1.143,2.286,2.54,2.2606,3.4798,3.4798,1,30,1
0.2032,1.9812,47.88,2.286,2.54,45.69,4,3,2.19,0.762,0.2032,0.2032,1.9812,2.3368,3.8608,2.3368,2,30,0
0.2032,1.9812,41.27,2.54,1.9812,49.41,3,4,-8.14,2.54,1.6002,2.54,1.9812,2.7178,0.889,0.889,3,10,1
1.6764,2.54,46.35,2.54,1.9812,42.19,3,3,4.16,0.2032,1.143,1.6764,2.54,2.8702,3.175,2.8702,1,30,0
1.6764,2.54,42.89,1.0668,0.7112,52.76,3,4,-9.87,1.6764,2.54,1.0668,0.7112,0.0,2.9464,2.9464,3,30,1
0.762,0.7112,46.35,1.0668,0.7112,42.7,3,3,3.65,0.2032,0.762,0.762,0.7112,1.1176,1.4224,1.1176,1,10,0
0.762,0.7112,41.57,0.2032,1.6002,53.06,3,4,-11.49,1.9812,0.2032,0.2032,1.6002,1.7272,3.175,3.175,2,10,1
2.54,1.9812,49.7,0.2032,1.6002,40.1,4,3,9.6,0.2032,0.762,2.54,1.9812,3.556,1.3462,3.556,1,20,0
2.54,1.9812,42.34,1.9812,0.2032,52.3,3,4,-9.96,2.286,0.2032,1.9812,0.2032,2.032,0.8128,0.8128,3,30,1
0.2032,1.9812,52.15,1.9812,0.2032,43.4,4,3,8.75,2.54,0.762,0.2032,1.9812,3.556,1.1176,3.556,2,30,0
0.2032,1.9812,45.54,0.2032,1.9812,51.53,3,4,-5.99,0.762,2.54,0.2032,1.9812,1.1176,1.1176,1.1176,2,10,1
0.2032,1.6002,56.27,0.2032,1.9812,43.41,4,3,12.86,1.9812,2.032,0.2032,1.6002,2.7178,2.3368,2.7178,2,30,0
0.2032,1.6002,45.79,0.2032,1.9812,49.25,3,4,-3.46,1.0668,2.54,0.2032,1.9812,1.8034,1.4224,1.4224,2,20,1
0.2032,1.9812,56.11,0.2032,1.9812,40.2,4,3,15.91,2.54,1.9812,0.2032,1.9812,2.9464,2.9464,2.9464,2,30,0
0.2032,1.9812,47.82,0.762,0.7112,46.36,3,4,1.46,0.2032,1.143,0.762,0.7112,1.3462,1.4986,1.4986,1,10,1
0.2032,1.9812,41.37,1.9812,2.54,52.35,3,4,-10.98,2.286,0.2032,1.9812,2.54,3.8608,2.6416,2.6416,3,10,1
1.6764,2.032,44.01,1.9812,2.54,46.97,3,4,-2.96,0.4572,2.54,1.6764,2.032,1.7272,2.032,1.7272,3,10,0
1.0668,0.2032,51.08,1.9812,2.54,36.39,4,3,14.69,0.2032,0.762,1.0668,0.2032,1.4224,3.556,1.4224,1,30,0
1.0668,0.2032,43.76,0.762,0.2032,42.39,3,3,1.37,0.2032,1.143,0.762,0.2032,1.8034,1.4986,1.4986,1,10,1
0.2032,1.6002,54.73,0.762,0.2032,39.7,4,3,15.03,2.54,1.6002,0.2032,1.6002,2.3368,3.175,2.3368,2,20,0
0.2032,1.6002,42.84,2.54,1.6002,44.78,3,3,-1.94,0.2032,1.143,2.54,1.6002,0.9652,2.794,2.794,1,10,1
0.2032,1.9812,51.22,2.54,1.6002,37.72,4,3,13.5,0.4572,2.54,0.2032,1.9812,0.8128,3.0226,0.8128,2,20,0
0.2032,1.9812,40.65,2.54,1.9812,47.88,3,3,-7.23,0.2032,1.143,2.54,1.9812,1.3462,3.175,3.175,1,30,1
0.2032,1.9812,44.51,2.54,1.9812,41.53,4,3,2.98,0.4572,2.54,0.2032,1.9812,0.8128,2.6416,0.8128,2,30,0
0.2032,1.9812,35.67,2.286,0.2032,44.83,3,3,-9.16,2.286,2.54,2.286,0.2032,2.6416,2.3368,2.3368,3,20,1
1.9812,2.032,44.97,2.286,0.2032,38.32,4,3,6.65,0.2032,1.143,1.9812,2.032,3.175,3.0226,3.175,1,20,0
1.9812,2.032,34.3,0.762,0.2032,47.42,3,3,-13.12,2.54,1.9812,0.762,0.2032,1.1176,3.556,3.556,3,20,1
2.286,0.2032,41.93,0.762,0.2032,41.83,4,3,0.1,1.6764,2.54,2.286,0.2032,2.9464,3.2512,2.9464,3,10,0
2.286,0.2032,36.19,1.6764,2.032,47.73,3,4,-11.54,0.4572,0.2032,1.6764,2.032,2.3368,3.556,3.556,3,10,1
2.54,1.9812,45.69,1.6764,2.032,42.59,3,3,3.1,0.2032,0.762,2.54,1.9812,3.556,3.2512,3.556,1,10,0
2.54,1.9812,38.02,1.6764,2.54,50.92,3,3,-12.9,0.2032,0.762,1.6764,2.54,3.556,3.2512,3.2512,1,10,1
0.762,0.2032,45.64,1.6764,2.54,46.85,3,3,-1.21,0.2032,0.762,0.762,0.2032,1.1176,3.2512,1.1176,1,30,0
0.762,0.2032,37.87,0.4572,2.54,48.78,3,3,-10.91,0.2032,1.143,0.4572,2.54,1.4986,1.651,1.651,1,10,1
1.9812,2.54,45.54,0.4572,2.54,47.15,3,3,-1.61,0.2032,1.143,1.9812,2.54,3.175,1.651,3.175,1,20,0
1.9812,2.54,38.63,0.2032,1.6002,54.11,3,3,-15.48,1.9812,0.2032,0.2032,1.6002,2.9464,3.175,3.175,2,10,1
0.2032,1.9812,40.86,0.2032,1.6002,48.88,3,3,-8.02,1.9812,2.54,0.2032,1.9812,2.3368,2.7178,2.3368,2,30,0
0.2032,1.6002,45.49,0.2032,1.6002,40.6,4,3,4.89,0.762,2.54,0.2032,1.6002,1.4986,1.4986,1.4986,2,20,0
0.2032,1.6002,36.13,0.2032,1.6002,50.86,3,3,-14.73,1.9812,2.032,0.2032,1.6002,2.7178,2.7178,2.7178,2,20,1
1.9812,0.7112,47.16,0.2032,1.6002,42.73,4,3,4.43,1.9812,2.54,1.9812,0.7112,2.9464,2.7178,2.9464,3,10,0
1.9812,0.7112,39.23,0.2032,1.9812,52.39,3,3,-13.16,2.54,1.9812,0.2032,1.9812,2.3368,2.9464,2.9464,2,10,1
0.2032,1.6002,43.15,0.2032,1.9812,46.55,3,3,-3.4,2.54,1.6002,0.2032,1.6002,2.3368,2.7178,2.3368,2,20,0
0.2032,1.6002,40.92,0.762,0.2032,56.11,3,4,-15.19,1.9812,0.7112,0.762,0.2032,3.175,1.7272,1.7272,3,30,1
2.54,1.9812,48.94,0.762,0.2032,48.43,3,3,0.51,1.6764,0.2032,2.54,1.9812,2.6416,1.4224,2.6416,3,30,0
2.54,1.9812,43.5,1.0668,0.7112,52.3,3,4,-8.8,0.2032,0.762,1.0668,0.7112,3.556,1.4224,1.4224,1,20,1
0.2032,1.9812,48.03,1.0668,0.7112,44.98,4,3,3.05,1.0668,2.54,0.2032,1.9812,1.4224,2.9464,1.4224,2,30,0
0.2032,1.9812,41.11,1.6764,0.7112,50.01,3,4,-8.9,1.9812,0.7112,1.6764,0.7112,3.556,0.8128,0.8128,3,10,1
2.54,1.9812,51.84,1.6764,0.7112,38.12,4,3,13.72,0.2032,0.762,2.54,1.9812,3.556,2.032,3.556,1,30,0
2.54,1.9812,43.25,0.2032,1.9812,47.62,3,4,-4.37,1.0668,0.7112,0.2032,1.9812,3.2512,2.6416,2.6416,2,10,1
0.762,0.7112,50.01,0.2032,1.9812,38.58,4,4,11.43,0.2032,1.143,0.762,0.7112,1.4986,1.3462,1.4986,1,30,0
0.762,0.7112,43.1,0.2032,1.9812,48.18,3,4,-5.08,1.9812,2.032,0.2032,1.9812,3.556,2.3368,2.3368,2,20,1
0.2032,1.6002,53.98,0.2032,1.9812,39.34,4,3,14.64,1.6764,2.032,0.2032,1.6002,2.413,2.032,2.413,2,30,0
0.2032,1.6002,47.06,0.762,0.2032,48.19,3,4,-1.13,0.2032,0.762,0.762,0.2032,1.3462,1.1176,1.1176,1,30,1
0.2032,1.6002,40.61,2.286,2.54,53.06,3,4,-12.45,2.54,1.9812,2.286,2.54,2.7178,0.8128,0.8128,3,20,1
0.762,2.032,44.52,2.286,2.54,46.05,3,4,-1.53,0.2032,1.143,0.762,2.032,1.9558,3.4798,1.9558,1,10,0
0.4572,2.54,52.91,2.286,2.54,39.44,4,3,13.47,0.2032,0.762,0.4572,2.54,2.032,3.8608,2.032,1,10,0
0.4572,2.54,43.91,0.2032,1.6002,48.79,3,4,-4.88,1.6764,0.2032,0.2032,1.6002,3.556,2.8702,2.8702,2,30,1
0.2032,1.6002,57.48,0.2032,1.6002,40.61,4,3,16.87,2.54,0.762,0.2032,1.6002,3.175,3.175,3.175,2,20,0
0.2032,1.6002,46.65,2.54,1.143,44.97,3,3,1.68,0.2032,1.143,2.54,1.143,0.9652,2.3368,2.3368,1,20,1
0.2032,1.6002,44.72,1.6764,2.54,57.07,3,4,-12.35,0.2032,0.762,1.6764,2.54,1.3462,3.2512,3.2512,1,10,1
2.54,1.143,48.94,1.6764,2.54,48.17,3,3,0.77,0.2032,0.762,2.54,1.143,2.7178,3.2512,2.7178,1,30,0
0.762,0.2032,56.71,1.6764,2.54,42.28,4,3,14.43,2.286,0.2032,0.762,0.2032,2.032,2.9464,2.032,3,20,0
0.762,0.2032,46.65,0.2032,1.6002,48.94,3,4,-2.29,1.9812,2.54,0.2032,1.6002,3.556,2.7178,2.7178,2,30,1
0.762,0.2032,40.2,0.2032,1.6002,58.54,3,4,-18.34,1.9812,2.54,0.2032,1.6002,3.556,2.7178,2.7178,2,30,1
0.2032,1.9812,46.66,0.2032,1.6002,47.87,4,3,-1.21,1.0668,0.2032,0.2032,1.9812,2.6416,2.2606,2.6416,2,30,0
0.2032,1.9812,53.42,0.2032,1.6002,42.43,4,3,10.99,0.762,0.2032,0.2032,1.9812,2.3368,1.9558,2.3368,2,30,0
0.2032,1.9812,46.05,0.4572,2.54,48.18,4,4,-2.13,0.2032,0.762,0.4572,2.54,1.7272,2.032,2.032,1,10,1
0.4572,0.2032,49.4,0.4572,2.54,41.07,4,3,8.33,0.2032,1.143,0.4572,0.2032,1.1938,1.651,1.1938,1,30,0
0.4572,0.2032,39.34,2.54,0.762,49.1,3,4,-9.76,0.2032,0.762,2.54,0.762,0.8128,2.9464,2.9464,1,10,1
0.2032,1.9812,47.73,2.54,0.762,41.27,4,3,6.46,1.0668,0.7112,0.2032,1.9812,2.6416,2.032,2.6416,2,30,0
0.2032,1.9812,39.95,0.762,0.2032,48.19,3,4,-8.24,0.2032,0.762,0.762,0.2032,1.7272,1.1176,1.1176,1,30,1
1.6764,2.032,51.23,0.762,0.2032,40.15,4,3,11.08,0.2032,0.762,1.6764,2.032,3.2512,1.1176,3.2512,1,20,0
1.6764,2.032,40.56,0.762,2.032,44.22,3,3,-3.66,1.0668,2.032,0.762,2.032,1.1176,0.8128,0.8128,3,20,1
1.0668,2.032,43.46,0.762,2.032,40.15,4,3,3.31,1.9812,2.032,1.0668,2.032,1.4224,1.7272,1.4224,3,10,0
1.0668,2.032,37.71,0.2032,1.9812,47.83,3,4,-10.12,0.762,0.2032,0.2032,1.9812,3.2512,2.3368,2.3368,2,30,1
0.762,0.2032,39.95,0.2032,1.9812,40.66,3,3,-0.71,1.0668,2.54,0.762,0.2032,3.2512,1.4224,3.2512,3,10,0
0.762,0.2032,36.49,1.0668,0.7112,43.0,3,3,-6.51,0.2032,1.143,1.0668,0.7112,1.4986,1.8034,1.8034,1,10,1
1.6764,0.7112,38.58,1.0668,0.7112,38.98,4,3,-0.4,0.4572,0.2032,1.6764,0.7112,1.7272,1.1176,1.7272,3,20,0
1.6764,0.7112,33.44,2.54,1.9812,44.83,3,3,-11.39,0.2032,0.762,2.54,1.9812,2.032,3.556,3.556,1,10,1
0.2032,1.9812,40.76,2.54,1.9812,38.93,3,3,1.83,2.286,2.54,0.2032,1.9812,2.6416,0.8128,2.6416,2,10,0
0.2032,1.9812,32.38,0.2032,1.9812,41.17,3,3,-8.79,1.0668,2.54,0.2032,1.9812,1.4224,1.4224,1.4224,2,20,1
1.9812,2.54,41.67,0.2032,1.9812,38.48,3,3,3.19,0.2032,1.143,1.9812,2.54,3.175,1.3462,3.175,1,10,0
1.9812,2.54,32.22,0.762,2.032,43.0,2,3,-10.78,0.2032,0.762,0.762,2.032,3.556,2.3368,2.3368,1,30,1
0.762,2.54,42.58,0.762,2.032,35.88,3,3,6.7,0.2032,1.143,0.762,2.54,1.9558,1.9558,1.9558,1,20,0
0.762,2.54,31.3,0.2032,1.6002,37.05,2,3,-5.75,0.762,2.54,0.2032,1.6002,0.0,1.4986,1.4986,2,30,1
0.2032,1.6002,44.72,0.2032,1.6002,32.98,3,3,11.74,2.286,2.54,0.2032,1.6002,3.0226,3.0226,3.0226,2,10,0
0.2032,1.6002,36.49,2.54,1.143,38.27,3,3,-1.78,0.2032,0.762,2.54,1.143,1.3462,2.7178,2.7178,1,20,1
0.2032,1.6002,46.14,2.54,1.143,31.31,3,3,14.83,1.9812,2.54,0.2032,1.6002,2.7178,1.9558,2.7178,2,20,0
0.2032,1.6002,38.47,2.54,1.6002,39.9,3,3,-1.43,0.2032,1.143,2.54,1.6002,0.9652,2.794,2.794,1,30,1
2.54,1.6002,44.77,2.54,1.6002,30.39,3,2,14.38,0.2032,1.143,2.54,1.6002,2.794,2.794,2.794,1,30,0
2.54,1.6002,37.56,1.0668,0.7112,42.89,3,3,-5.33,0.2032,1.143,1.0668,0.7112,2.794,1.8034,1.8034,1,30,1
1.9812,2.032,45.28,1.0668,0.7112,31.45,3,2,13.83,0.762,2.54,1.9812,2.032,1.7272,3.2512,1.7272,3,30,0
1.9812,2.032,39.85,2.286,2.54,40.91,3,3,-1.06,2.54,0.762,2.286,2.54,2.3368,2.032,2.032,3,10,1
0.2032,1.9812,46.2,2.286,2.54,34.66,3,3,11.54,0.762,0.2032,0.2032,1.9812,2.3368,3.8608,2.3368,2,10,0
0.2032,1.9812,44.27,1.0668,0.7112,44.47,3,3,-0.2,0.2032,0.762,1.0668,0.7112,1.7272,1.4224,1.4224,1,20,1
0.2032,1.9812,32.68,0.2032,1.9812,50.17,2,4,-17.49,1.6764,0.7112,0.2032,1.9812,3.2512,3.2512,3.2512,2,30,1
1.0668,0.2032,45.64,0.2032,1.9812,42.49,3,3,3.15,2.54,1.9812,1.0668,0.2032,3.2512,2.9464,3.2512,3,20,0
1.6764,2.032,51.54,0.2032,1.9812,35.43,3,3,16.11,2.54,1.143,1.6764,2.032,2.2606,3.175,2.2606,3,10,0
1.6764,2.032,44.93,1.9812,0.2032,45.08,3,3,-0.15,2.54,1.9812,1.9812,0.2032,1.4224,2.3368,2.3368,3,30,1
1.6764,2.032,38.02,2.286,2.54,55.05,3,4,-17.03,0.2032,1.143,2.286,2.54,2.8702,3.4798,3.4798,1,20,1
0.2032,1.6002,49.04,2.286,2.54,47.47,3,3,1.57,1.9812,0.2032,0.2032,1.6002,3.175,2.6416,3.175,2,30,0
1.6764,0.7112,55.19,2.286,2.54,41.07,4,3,14.12,0.762,0.7112,1.6764,0.7112,1.4224,3.8608,1.4224,3,20,0
1.6764,0.7112,46.96,0.2032,1.9812,51.03,3,3,-4.07,1.9812,0.7112,0.2032,1.9812,0.8128,3.556,3.556,2,30,1
0.2032,1.9812,55.65,0.2032,1.9812,43.2,4,3,12.45,1.0668,0.2032,0.2032,1.9812,2.6416,2.6416,2.6416,2,10,0
0.2032,1.9812,45.13,0.2032,1.9812,54.38,3,3,-9.25,2.54,1.143,0.2032,1.9812,3.175,3.175,3.175,2,30,1
1.0668,2.032,51.84,0.2032,1.9812,50.06,4,3,1.78,0.2032,1.143,1.0668,2.032,2.2606,1.3462,2.2606,1,20,0
1.0668,2.032,44.83,0.2032,1.9812,52.3,4,4,-7.47,1.0668,2.032,0.2032,1.9812,0.0,1.4224,1.4224,2,10,1
0.2032,1.9812,56.91,0.2032,1.9812,44.62,4,3,12.29,1.9812,0.2032,0.2032,1.9812,3.556,3.556,3.556,2,10,0
0.2032,1.9812,46.34,0.2032,1.6002,51.99,3,4,-5.65,0.762,0.2032,0.2032,1.6002,2.3368,1.9558,1.9558,2,20,1
0.2032,1.9812,44.1,1.6764,2.54,58.75,3,4,-14.65,2.54,1.9812,1.6764,2.54,2.9464,1.4224,1.4224,3,20,1
1.9812,0.2032,46.95,1.6764,2.54,52.91,3,4,-5.96,0.2032,1.143,1.9812,0.2032,2.7178,2.8702,2.7178,1,30,0
1.9812,0.2032,44.26,1.6764,2.032,59.56,3,4,-15.3,0.2032,0.762,1.6764,2.032,2.3368,3.2512,3.2512,1,30,1
1.9812,2.032,51.53,1.6764,2.032,56.71,3,4,-5.18,0.2032,0.762,1.9812,2.032,3.556,3.2512,3.556,1,20,0
1.9812,0.2032,62.82,1.6764,2.032,47.87,4,3,14.95,0.2032,0.762,1.9812,0.2032,2.3368,3.2512,2.3368,1,10,0
1.9812,0.2032,55.81,0.2032,1.9812,54.27,4,4,1.54,1.6764,2.54,0.2032,1.9812,3.2512,2.032,2.032,2,10,1
1.9812,0.2032,48.44,0.2032,1.9812,58.49,3,4,-10.05,1.6764,2.54,0.2032,1.9812,3.2512,2.032,2.032,2,10,1
0.2032,1.9812,58.25,0.2032,1.9812,53.05,4,4,5.2,2.54,1.9812,0.2032,1.9812,2.9464,2.9464,2.9464,2,10,0
0.2032,1.9812,50.42,0.2032,1.6002,56.66,3,4,-6.24,1.0668,2.54,0.2032,1.6002,1.4224,1.8034,1.8034,2,10,1
1.0668,0.7112,60.38,0.2032,1.6002,50.16,4,4,10.22,1.9812,2.032,1.0668,0.7112,3.2512,2.7178,3.2512,3,30,0
1.0668,0.7112,51.54,0.2032,1.6002,55.14,3,5,-3.6,0.762,2.032,0.2032,1.6002,3.2512,1.4986,1.4986,2,30,1
0.762,0.7112,63.33,0.2032,1.6002,48.63,4,4,14.7,0.762,2.54,0.762,0.7112,2.9464,1.4986,2.9464,3,20,0
0.762,0.7112,52.15,0.2032,1.9812,55.9,3,4,-3.75,2.54,1.9812,0.2032,1.9812,3.556,2.9464,2.9464,2,30,1
0.762,0.7112,48.74,1.9812,2.54,63.52,3,5,-14.78,1.0668,2.032,1.9812,2.54,3.2512,1.4224,1.4224,3,30,1
0.2032,1.6002,57.94,1.9812,2.54,53.46,4,4,4.48,2.54,1.6002,0.2032,1.6002,2.3368,1.4986,2.3368,2,20,0
0.2032,1.6002,51.48,0.2032,1.6002,65.35,3,5,-13.87,1.6764,0.7112,0.2032,1.6002,2.8702,2.8702,2.8702,2,20,1
1.9812,2.54,58.08,0.2032,1.6002,57.98,4,4,0.1,0.2032,1.143,1.9812,2.54,3.175,0.9652,3.175,1,10,0
0.762,2.54,60.17,0.2032,1.6002,47.26,4,3,12.91,1.6764,2.032,0.762,2.54,1.4224,2.413,1.4224,3,20,0
0.762,2.54,53.66,1.6764,2.54,57.52,4,4,-3.86,0.2032,0.762,1.6764,2.54,2.3368,3.2512,3.2512,1,30,1
1.6764,2.54,62.76,1.6764,2.54,50.46,5,4,12.3,2.54,1.143,1.6764,2.54,2.2606,2.2606,2.2606,3,20,0
1.6764,2.54,55.54,0.2032,1.6002,57.06,4,4,-1.52,2.286,2.54,0.2032,1.6002,1.1176,3.0226,3.0226,2,10,1
0.2032,1.6002,60.63,0.2032,1.6002,47.71,5,3,12.92,1.6764,2.032,0.2032,1.6002,2.413,2.413,2.413,2,10,0
0.2032,1.6002,52.04,0.762,2.032,63.01,4,4,-10.97,2.286,0.2032,0.762,2.032,3.4798,3.8608,3.8608,3,20,1
2.286,2.54,64.74,0.762,2.032,56.4,5,4,8.34,0.762,0.7112,2.286,2.54,3.8608,2.9464,3.8608,3,30,0
2.286,2.54,55.18,1.9812,2.032,66.52,4,4,-11.34,0.2032,0.762,1.9812,2.032,3.8608,3.556,3.556,1,30,1
1.9812,2.54,65.65,1.9812,2.032,58.24,4,4,7.41,0.2032,1.143,1.9812,2.54,3.175,3.175,3.175,1,10,0
1.9812,2.54,59.3,1.0668,2.032,62.1,4,4,-2.8,0.762,2.032,1.0668,2.032,1.7272,0.8128,0.8128,3,10,1
0.2032,1.6002,64.74,1.0668,2.032,54.89,5,4,9.85,0.762,2.032,0.2032,1.6002,1.4986,0.8128,1.4986,2,10,0
0.2032,1.6002,60.22,2.54,1.6002,65.76,4,4,-5.54,0.2032,0.762,2.54,1.6002,1.3462,3.175,3.175,1,20,1
0.4572,0.2032,68.55,2.54,1.6002,60.22,4,4,8.33,1.9812,2.032,0.4572,0.2032,3.8608,1.4986,3.8608,3,30,0
0.4572,0.2032,64.64,0.2032,1.9812,64.29,4,5,0.35,0.762,2.54,0.2032,1.9812,2.6416,1.1176,1.1176,2,20,1
1.6764,2.032,68.05,0.2032,1.9812,56.0,5,4,12.05,0.2032,0.762,1.6764,2.032,3.2512,1.7272,3.2512,1,30,0
1.6764,2.032,62.26,0.2032,1.9812,60.78,4,5,1.48,0.762,2.032,0.2032,1.9812,1.4224,1.1176,1.1176,2,10,1
1.6764,2.032,53.67,2.54,0.762,67.08,4,5,-13.41,1.6764,0.7112,2.54,0.762,2.9464,1.4224,1.4224,3,20,1
1.9812,0.7112,61.8,2.54,0.762,57.12,4,4,4.68,0.2032,0.762,1.9812,0.7112,2.3368,2.9464,2.3368,1,20,0
1.9812,0.7112,54.74,0.2032,1.9812,67.19,4,5,-12.45,0.762,0.7112,0.2032,1.9812,1.7272,2.3368,2.3368,2,30,1
1.9812,0.2032,63.48,0.2032,1.9812,60.18,4,5,3.3,0.2032,0.762,1.9812,0.2032,2.3368,1.7272,2.3368,1,30,0
1.9812,0.2032,55.65,1.9812,0.7112,66.63,4,5,-10.98,0.2032,0.762,1.9812,0.7112,2.3368,2.3368,2.3368,1,20,1
2.54,1.143,62.77,1.9812,0.7112,59.42,4,5,3.35,0.2032,0.762,2.54,1.143,2.7178,2.3368,2.7178,1,10,0
2.54,1.143,57.63,0.2032,1.9812,67.2,4,5,-9.57,0.762,0.2032,0.2032,1.9812,2.7178,2.3368,2.3368,2,20,1
1.9812,0.2032,64.75,0.2032,1.9812,58.96,4,4,5.79,0.2032,1.143,1.9812,0.2032,2.7178,1.3462,2.7178,1,10,0
1.9812,0.2032,59.51,0.2032,1.6002,67.34,4,5,-7.83,1.6764,2.54,0.2032,1.6002,3.2512,2.413,2.413,2,20,1
0.2032,1.6002,69.02,0.2032,1.6002,58.5,5,4,10.52,1.9812,2.54,0.2032,1.6002,2.7178,2.7178,2.7178,2,10,0
0.2032,1.6002,61.95,2.54,1.6002,68.25,4,5,-6.3,2.286,2.54,2.54,1.6002,3.0226,1.1938,1.1938,3,10,1
0.2032,1.6002,72.37,2.54,1.6002,57.58,5,4,14.79,1.6764,0.2032,0.2032,1.6002,2.8702,2.2606,2.8702,2,30,0
0.2032,1.6002,64.69,1.0668,0.2032,69.31,4,5,-4.62,0.2032,1.143,1.0668,0.2032,0.9652,1.8034,1.8034,1,30,1
0.2032,1.6002,58.09,1.0668,0.2032,69.11,4,5,-11.02,1.6764,0.2032,1.0668,0.2032,2.8702,1.1176,1.1176,3,20,1
1.9812,0.2032,63.78,1.0668,0.2032,65.65,4,5,-1.87,1.0668,0.2032,1.9812,0.2032,1.4224,0.0,1.4224,3,30,0
2.286,2.54,68.41,1.0668,0.2032,54.98,5,4,13.43,2.54,1.9812,2.286,2.54,0.8128,3.2512,0.8128,3,30,0
2.286,2.54,60.48,0.762,2.54,64.44,4,5,-3.96,0.2032,1.143,0.762,2.54,3.4798,1.9558,1.9558,1,30,1
2.286,2.54,54.59,0.2032,1.6002,69.41,4,5,-14.82,0.762,0.7112,0.2032,1.6002,3.8608,1.9558,1.9558,2,30,1
1.0668,0.7112,59.72,0.2032,1.6002,63.37,4,5,-3.65,0.2032,1.143,1.0668,0.7112,1.8034,0.9652,1.8034,1,10,0
0.2032,1.9812,66.79,0.2032,1.6002,54.48,5,4,12.31,0.762,0.7112,0.2032,1.9812,2.3368,1.9558,2.3368,2,20,0
0.2032,1.9812,59.88,0.762,2.54,61.24,5,5,-1.36,0.2032,1.143,0.762,2.54,1.3462,1.9558,1.9558,1,10,1
2.54,0.762,67.7,0.762,2.54,51.63,5,4,16.07,1.0668,0.7112,2.54,0.762,2.032,3.2512,2.032,3,30,0
2.54,0.762,60.03,1.0668,0.2032,58.34,5,4,1.69,2.54,1.143,1.0668,0.2032,0.889,2.413,2.413,3,20,1
0.2032,1.6002,69.23,1.0668,0.2032,54.73,5,4,14.5,0.762,2.032,0.2032,1.6002,1.4986,3.2512,1.4986,2,30,0
0.2032,1.6002,60.33,1.6764,2.54,60.17,4,4,0.16,0.2032,0.762,1.6764,2.54,1.3462,3.2512,3.2512,1,30,1
0.2032,1.6002,53.87,0.2032,1.6002,67.34,4,5,-13.47,1.9812,2.54,0.2032,1.6002,2.7178,2.7178,2.7178,2,30,1
0.2032,1.6002,59.41,0.2032,1.6002,57.43,4,4,1.98,1.6764,2.54,0.2032,1.6002,2.413,2.413,2.413,2,20,0
0.2032,1.6002,53.67,2.286,2.54,68.4,4,5,-14.73,0.2032,0.762,2.286,2.54,1.3462,3.8608,3.8608,1,10,1
1.0668,0.7112,58.14,2.286,2.54,60.88,4,4,-2.74,0.2032,1.143,1.0668,0.7112,1.8034,3.4798,1.8034,1,20,0
1.0668,0.7112,53.36,0.4572,0.2032,69.98,4,5,-16.62,2.286,2.54,0.4572,0.2032,3.556,4.1656,4.1656,3,10,1
0.2032,1.6002,59.71,0.4572,0.2032,59.15,4,4,0.56,2.286,0.2032,0.2032,1.6002,3.4798,2.3368,3.4798,2,20,0
2.54,0.762,67.19,0.4572,0.2032,56.3,5,4,10.89,1.0668,0.2032,2.54,0.762,2.032,1.1176,2.032,3,20,0
2.54,0.762,58.19,1.9812,0.7112,56.1,4,4,2.09,0.2032,0.762,1.9812,0.7112,2.9464,2.3368,2.3368,1,20,1
2.54,0.762,53.37,0.2032,1.9812,65.71,4,5,-12.34,2.54,1.143,0.2032,1.9812,0.889,3.175,3.175,2,30,1
2.54,1.9812,61.54,0.2032,1.9812,58.39,4,4,3.15,0.2032,0.762,2.54,1.9812,3.556,1.7272,3.556,1,30,0
2.54,1.9812,59.61,1.0668,0.2032,68.15,4,5,-8.54,1.9812,0.2032,1.0668,0.2032,2.3368,1.4224,1.4224,3,10,1
1.6764,0.2032,64.85,1.0668,0.2032,57.94,4,4,6.91,0.762,0.7112,1.6764,0.2032,1.4224,0.8128,1.4224,3,20,0
1.6764,0.2032,57.63,0.2032,1.9812,70.24,4,5,-12.61,2.54,1.143,0.2032,1.9812,1.8034,3.175,3.175,2,20,1
1.9812,0.2032,63.07,0.2032,1.9812,60.79,4,4,2.28,0.4572,0.2032,1.9812,0.2032,2.032,2.032,2.032,3,10,0
0.2032,1.6002,73.13,0.2032,1.9812,55.66,5,4,17.47,2.54,0.762,0.2032,1.6002,3.175,3.556,3.175,2,10,0
0.2032,1.6002,63.07,0.2032,1.9812,63.84,4,4,-0.77,0.762,0.7112,0.2032,1.9812,1.9558,2.3368,2.3368,2,20,1
1.9812,0.7112,70.55,0.2032,1.9812,56.42,5,4,14.13,0.2032,0.762,1.9812,0.7112,2.3368,1.7272,2.3368,1,20,0
1.9812,0.7112,63.54,0.4572,2.54,65.67,5,4,-2.13,1.0668,0.7112,0.4572,2.54,1.4224,2.9464,2.9464,3,10,1
1.9812,0.7112,55.25,0.2032,1.9812,69.63,4,5,-14.38,1.0668,2.032,0.2032,1.9812,3.2512,1.4224,1.4224,2,10,1
0.2032,1.6002,67.65,0.2032,1.9812,60.79,5,4,6.86,2.286,2.54,0.2032,1.6002,3.0226,2.6416,3.0226,2,20,0
0.2032,1.6002,57.69,0.2032,1.6002,74.2,4,5,-16.51,1.6764,0.7112,0.2032,1.6002,2.8702,2.8702,2.8702,2,30,1
1.6764,2.032,62.47,0.2032,1.6002,66.12,5,5,-3.65,1.0668,2.54,1.6764,2.032,1.1176,1.8034,1.1176,3,20,0
0.2032,1.6002,69.68,0.2032,1.6002,59.66,5,4,10.02,2.54,1.6002,0.2032,1.6002,2.3368,2.3368,2.3368,2,10,0
0.2032,1.6002,63.99,0.2032,1.9812,73.13,5,5,-9.14,2.286,0.2032,0.2032,1.9812,3.4798,3.8608,3.8608,2,20,1
0.2032,1.9812,72.36,0.2032,1.9812,64.23,5,4,8.13,1.6764,0.2032,0.2032,1.9812,3.2512,3.2512,3.2512,2,20,0
0.2032,1.9812,65.2,0.2032,1.6002,72.97,5,5,-7.77,1.0668,0.7112,0.2032,1.6002,2.6416,2.2606,2.2606,2,10,1
1.6764,0.2032,74.7,0.2032,1.6002,65.29,5,4,9.41,1.9812,2.54,1.6764,0.2032,3.2512,2.7178,3.2512,3,30,0
1.6764,0.2032,68.71,1.6764,0.7112,73.73,5,5,-5.02,1.0668,2.032,1.6764,0.7112,2.9464,2.9464,2.9464,3,30,1
2.54,0.762,76.99,1.6764,0.7112,68.04,5,4,8.95,0.2032,0.762,2.54,0.762,2.9464,2.032,2.9464,1,20,0
2.54,0.762,69.17,1.9812,0.7112,75.86,5,5,-6.69,0.2032,1.143,1.9812,0.7112,2.7178,2.7178,2.7178,1,20,1
1.9812,2.54,77.4,1.9812,0.7112,68.24,5,4,9.16,1.0668,2.032,1.9812,2.54,1.4224,3.2512,1.4224,3,30,0
1.9812,2.54,70.24,1.6764,0.2032,78.05,5,5,-7.81,0.2032,1.143,1.6764,0.2032,3.175,2.413,2.413,1,10,1
1.0668,2.54,81.88,1.6764,0.2032,71.75,5,5,10.13,0.2032,0.762,1.0668,2.54,2.6416,2.032,2.6416,1,20,0
1.0668,2.54,73.9,0.762,0.7112,76.37,5,5,-2.47,0.2032,1.143,0.762,0.7112,2.2606,1.4986,1.4986,1,10,1
1.0668,2.54,65.77,1.0668,2.032,81.76,4,6,-15.99,0.4572,0.2032,1.0668,2.032,2.9464,2.9464,2.9464,3,30,1
1.6764,0.7112,73.44,1.0668,2.032,74.09,5,5,-0.65,0.2032,1.143,1.6764,0.7112,2.413,2.2606,2.413,1,20,0
1.6764,0.7112,65.06,0.2032,1.9812,76.48,4,6,-11.42,1.0668,2.032,0.2032,1.9812,2.9464,1.4224,1.4224,2,30,1
2.286,2.54,78.78,0.2032,1.9812,68.19,5,5,10.59,0.2032,1.143,2.286,2.54,3.4798,1.3462,3.4798,1,30,0
2.286,2.54,66.89,0.4572,2.54,75.87,4,6,-8.98,0.2032,1.143,0.4572,2.54,3.4798,1.651,1.651,1,20,1
2.286,0.2032,75.63,0.4572,2.54,64.43,5,5,11.2,1.6764,0.2032,2.286,0.2032,1.1176,3.556,1.1176,3,20,0
2.286,0.2032,65.67,0.2032,1.6002,67.39,4,6,-1.72,0.4572,2.54,0.2032,1.6002,4.1656,1.1938,1.1938,2,10,1
2.286,0.2032,61.65,0.2032,1.6002,76.94,4,7,-15.29,1.9812,2.54,0.2032,1.6002,2.6416,2.7178,2.7178,2,30,1
1.9812,0.7112,71.76,0.2032,1.6002,70.94,5,6,0.82,0.2032,1.143,1.9812,0.7112,2.7178,0.9652,2.7178,1,30,0
1.9812,0.7112,64.24,1.0668,2.54,76.02,4,6,-11.78,0.762,0.7112,1.0668,2.54,1.7272,3.2512,3.2512,3,30,1
2.54,1.6002,77.25,1.0668,2.54,74.39,5,6,2.86,0.2032,1.143,2.54,1.6002,2.794,2.2606,2.794,1,10,0
2.54,1.6002,65.91,1.6764,0.2032,77.85,4,6,-11.94,0.2032,1.143,1.6764,0.2032,2.794,2.413,2.413,1,30,1
1.0668,0.2032,76.78,1.6764,0.2032,69.01,5,5,7.77,0.2032,1.143,1.0668,0.2032,1.8034,2.413,1.8034,1,10,0
0.762,2.54,77.34,1.6764,0.2032,66.32,5,5,11.02,0.2032,0.762,0.762,2.54,2.3368,2.032,2.3368,1,30,0
0.762,2.54,71.95,1.9812,0.7112,73.28,5,5,-1.33,0.2032,1.143,1.9812,0.7112,1.9558,2.7178,2.7178,1,30,1
1.9812,0.7112,78.56,1.9812,0.7112,64.89,5,4,13.67,2.286,2.54,1.9812,0.7112,2.6416,2.6416,2.6416,3,10,0
1.9812,0.7112,73.02,1.9812,0.2032,74.81,5,5,-1.79,0.2032,0.762,1.9812,0.2032,2.3368,2.3368,2.3368,1,20,1
1.9812,0.7112,67.18,0.2032,1.6002,82.99,5,6,-15.81,1.0668,2.54,0.2032,1.6002,3.2512,1.8034,1.8034,2,20,1
0.2032,1.9812,73.49,0.2032,1.6002,75.57,5,5,-2.08,1.0668,0.7112,0.2032,1.9812,2.6416,2.2606,2.6416,2,10,0
2.54,1.6002,81.16,0.2032,1.6002,68.56,6,5,12.6,0.2032,0.762,2.54,1.6002,3.175,1.3462,3.175,1,20,0
2.54,1.6002,73.99,1.6764,0.2032,75.32,5,5,-1.33,1.9812,0.2032,1.6764,0.2032,1.9558,0.8128,0.8128,3,20,1
2.54,1.6002,68.41,1.0668,2.54,84.37,5,6,-15.96,0.2032,0.762,1.0668,2.54,3.175,2.6416,2.6416,1,30,1
1.6764,0.7112,75.21,1.0668,2.54,75.93,5,5,-0.72,0.2032,1.143,1.6764,0.7112,2.413,2.2606,2.413,1,10,0
0.2032,1.9812,84.05,1.0668,2.54,68.72,6,5,15.33,2.54,1.6002,0.2032,1.9812,2.7178,2.413,2.7178,2,30,0
0.2032,1.9812,77.14,0.2032,1.6002,78.42,5,5,-1.28,1.6764,0.7112,0.2032,1.6002,3.2512,2.8702,2.8702,2,10,1
1.9812,2.54,81.16,0.2032,1.6002,73.74,6,5,7.42,0.762,2.032,1.9812,2.54,1.7272,1.4986,1.7272,3,30,0
1.9812,2.54,73.99,1.6764,0.2032,75.83,5,5,-1.84,0.2032,0.762,1.6764,0.2032,3.556,2.032,2.032,1,10,1
1.9812,2.54,67.03,0.2032,1.9812,84.07,5,6,-17.04,1.9812,0.7112,0.2032,1.9812,2.9464,3.556,3.556,2,20,1
0.2032,1.6002,72.31,0.2032,1.9812,74.46,5,5,-2.15,1.6764,2.54,0.2032,1.6002,2.413,2.032,2.413,2,10,0
0.2032,1.9812,79.18,0.2032,1.9812,69.22,6,5,9.96,0.762,0.2032,0.2032,1.9812,2.3368,2.3368,2.3368,2,10,0
0.2032,1.9812,71.1,1.6764,0.7112,77.66,5,5,-6.56,1.9812,2.032,1.6764,0.7112,2.3368,3.2512,3.2512,3,10,1
0.2032,1.9812,85.74,1.6764,0.7112,73.59,6,5,12.15,1.9812,0.2032,0.2032,1.9812,3.556,0.8128,3.556,2,30,0
0.2032,1.9812,74.91,0.2032,1.9812,78.27,5,5,-3.36,2.54,1.6002,0.2032,1.9812,2.7178,2.7178,2.7178,2,30,1
1.0668,0.7112,82.69,0.2032,1.9812,73.5,6,5,9.19,0.2032,0.762,1.0668,0.7112,1.4224,1.7272,1.4224,1,20,0
1.0668,0.7112,75.52,0.2032,1.6002,86.35,6,6,-10.83,2.54,0.762,0.2032,1.6002,2.032,3.175,3.175,2,10,1
0.2032,1.9812,81.31,0.2032,1.6002,79.59,6,5,1.72,0.4572,0.2032,0.2032,1.9812,2.032,1.651,2.032,2,30,0
0.2032,1.9812,71.86,1.6764,0.2032,84.83,5,6,-12.97,0.2032,1.143,1.6764,0.2032,1.3462,2.413,2.413,1,30,1
0.2032,1.6002,77.35,1.6764,0.2032,78.47,6,5,-1.12,0.762,2.032,0.2032,1.6002,1.4986,3.2512,1.4986,2,10,0
0.2032,1.6002,70.13,2.54,1.6002,82.69,5,6,-12.56,2.54,1.9812,2.54,1.6002,2.7178,0.889,0.889,3,20,1
0.2032,1.6002,80.09,2.54,1.6002,74.86,6,5,5.23,1.6764,0.7112,0.2032,1.6002,2.8702,2.2606,2.8702,2,10,0
0.2032,1.6002,72.26,1.0668,0.2032,82.83,5,6,-10.57,0.2032,0.762,1.0668,0.2032,1.3462,1.4224,1.4224,1,20,1
0.762,2.54,77.65,1.0668,0.2032,74.7,6,5,2.95,1.0668,2.032,0.762,2.54,0.8128,2.9464,0.8128,3,20,0
0.2032,1.9812,77.05,1.0668,0.2032,68.4,7,5,8.65,0.762,2.54,0.2032,1.9812,1.1176,3.2512,1.1176,2,20,0
0.2032,1.9812,69.83,0.762,2.032,73.99,6,5,-4.16,0.2032,0.762,0.762,2.032,1.7272,2.3368,2.3368,1,10,1
1.6764,0.7112,75.22,0.762,2.032,66.88,6,5,8.34,0.762,2.54,1.6764,0.7112,3.2512,0.508,3.2512,3,20,0
1.6764,0.7112,72.98,1.9812,0.7112,75.22,6,6,-2.24,0.2032,0.762,1.9812,0.7112,2.032,2.3368,2.3368,1,20,1
2.54,0.762,79.18,1.9812,0.7112,67.95,6,5,11.23,0.2032,1.143,2.54,0.762,2.7178,2.7178,2.7178,1,20,0
2.54,0.762,72.22,0.2032,1.9812,74.76,6,6,-2.54,1.0668,0.7112,0.2032,1.9812,2.032,2.6416,2.6416,2,10,1
0.2032,1.9812,80.05,0.2032,1.9812,66.48,6,5,13.57,1.6764,2.032,0.2032,1.9812,2.032,2.032,2.032,2,10,0
0.2032,1.9812,73.44,0.2032,1.6002,74.3,6,5,-0.86,2.54,1.6002,0.2032,1.6002,2.7178,2.3368,2.3368,2,10,1
1.0668,0.7112,77.61,0.2032,1.6002,68.46,6,5,9.15,0.2032,1.143,1.0668,0.7112,1.8034,0.9652,1.8034,1,20,0
1.0668,0.7112,66.89,0.2032,1.9812,73.7,5,5,-6.81,0.762,0.2032,0.2032,1.9812,0.8128,2.3368,2.3368,2,10,1
1.0668,2.032,77.51,0.2032,1.9812,70.85,6,5,6.66,1.9812,2.54,1.0668,2.032,1.4224,2.3368,1.4224,3,30,0
1.0668,2.032,71.76,1.6764,0.2032,73.7,5,5,-1.94,0.762,0.2032,1.6764,0.2032,3.2512,1.4224,1.4224,3,10,1
0.2032,1.9812,69.12,1.6764,0.2032,69.02,5,5,0.1,1.0668,2.54,0.2032,1.9812,1.4224,2.9464,1.4224,2,30,0
0.2032,1.9812,66.63,0.2032,1.6002,75.07,5,5,-8.44,2.54,1.9812,0.2032,1.6002,2.9464,2.7178,2.7178,2,30,1
1.6764,2.54,74.92,0.2032,1.6002,68.11,6,5,6.81,0.2032,0.762,1.6764,2.54,3.2512,1.3462,3.2512,1,10,0
1.6764,2.54,66.63,0.2032,1.9812,77.76,5,5,-11.13,2.286,2.54,0.2032,1.9812,1.1176,2.6416,2.6416,2,20,1
0.2032,1.6002,75.83,0.2032,1.9812,72.83,6,5,3.0,0.4572,0.2032,0.2032,1.6002,1.651,2.032,1.651,2,10,0
0.2032,1.6002,68.61,0.2032,1.6002,78.27,5,5,-9.66,1.9812,2.54,0.2032,1.6002,2.7178,2.7178,2.7178,2,10,1
1.6764,0.2032,70.34,0.2032,1.6002,74.35,5,5,-4.01,0.2032,0.762,1.6764,0.2032,2.032,1.3462,2.032,1,30,0
1.6764,0.2032,66.93,0.4572,2.54,74.91,5,5,-7.98,0.2032,1.143,0.4572,2.54,2.413,1.651,1.651,1,30,1
0.2032,1.6002,71.87,0.4572,2.54,70.23,6,5,1.64,0.762,0.2032,0.2032,1.6002,1.9558,2.6416,1.9558,2,30,0
0.2032,1.6002,66.73,0.762,0.7112,73.69,5,5,-6.96,0.2032,0.762,0.762,0.7112,1.3462,1.1176,1.1176,1,10,1
2.54,0.762,71.21,0.762,0.7112,68.41,5,5,2.8,0.2032,0.762,2.54,0.762,2.9464,1.1176,2.9464,1,30,0
2.54,0.762,63.84,0.762,0.7112,67.44,5,5,-3.6,0.2032,0.762,0.762,0.7112,2.9464,1.1176,1.1176,1,10,1
1.0668,2.032,69.54,0.762,0.7112,61.39,5,5,8.15,2.54,1.9812,1.0668,2.032,2.032,3.556,2.032,3,30,0
1.0668,2.032,62.93,0.2032,1.6002,69.73,5,6,-6.8,1.0668,2.54,0.2032,1.6002,0.508,1.8034,1.8034,2,20,1
0.4572,2.54,62.88,0.2032,1.6002,63.27,5,5,-0.39,1.0668,2.54,0.4572,2.54,1.1176,1.8034,1.1176,3,20,0
0.4572,2.54,56.68,0.762,2.54,67.29,5,6,-10.61,0.2032,1.143,0.762,2.54,1.651,1.9558,1.9558,1,30,1
0.762,2.032,62.21,0.762,2.54,60.02,5,5,2.19,0.2032,1.143,0.762,2.032,1.9558,1.9558,1.9558,1,30,0
0.762,2.032,54.99,0.2032,1.6002,59.72,5,5,-4.73,0.762,2.54,0.2032,1.6002,0.508,1.4986,1.4986,2,20,1
0.2032,1.9812,68.09,0.2032,1.6002,55.66,5,5,12.43,1.9812,0.7112,0.2032,1.9812,3.556,3.175,3.556,2,30,0
0.2032,1.9812,60.93,0.2032,1.6002,57.69,5,5,3.24,0.4572,2.54,0.2032,1.6002,0.8128,1.1938,1.1938,2,30,1
0.2032,1.9812,54.01,0.4572,0.2032,58.05,4,5,-4.04,0.2032,1.143,0.4572,0.2032,1.3462,1.1938,1.1938,1,20,1
0.2032,1.6002,56.91,0.4572,0.2032,54.04,5,5,2.87,0.762,2.54,0.2032,1.6002,1.4986,2.6416,1.4986,2,10,0
0.2032,1.6002,52.9,1.9812,2.54,60.19,4,6,-7.29,0.2032,0.762,1.9812,2.54,1.3462,3.556,3.556,1,30,1
2.54,1.6002,56.3,1.9812,2.54,54.75,4,5,1.55,0.2032,1.143,2.54,1.6002,2.794,3.175,2.794,1,10,0
2.54,1.6002,48.48,1.9812,2.032,66.28,4,5,-17.8,0.4572,0.2032,1.9812,2.032,3.4798,3.8608,3.8608,3,20,1
0.2032,1.9812,54.63,1.9812,2.032,57.28,4,4,-2.65,1.9812,2.54,0.2032,1.9812,2.3368,0.508,2.3368,2,20,0
1.6764,0.7112,63.37,1.9812,2.032,54.89,5,4,8.48,2.54,1.6002,1.6764,0.7112,2.2606,1.4986,2.2606,3,30,0
1.6764,0.7112,54.38,2.54,1.9812,65.3,4,4,-10.92,0.762,0.7112,2.54,1.9812,1.4224,3.556,3.556,3,30,1
2.286,2.54,65.82,2.54,1.9812,56.4,5,3,9.42,0.2032,0.762,2.286,2.54,3.8608,3.556,3.8608,1,20,0
2.286,2.54,59.01,2.54,1.143,67.52,4,4,-8.51,0.2032,1.143,2.54,1.143,3.4798,2.3368,2.3368,1,10,1
0.762,0.2032,66.89,2.54,1.143,58.68,5,3,8.21,0.2032,0.762,0.762,0.2032,1.1176,2.7178,1.1176,1,20,0
0.762,0.2032,60.38,0.2032,1.6002,68.19,4,4,-7.81,1.0668,2.54,0.2032,1.6002,3.2512,1.8034,1.8034,2,10,1
2.54,1.6002,64.3,0.2032,1.6002,60.52,4,4,3.78,0.2032,1.143,2.54,1.6002,2.794,0.9652,2.794,1,30,0
2.54,1.6002,61.2,1.0668,0.2032,66.87,4,4,-5.67,0.4572,2.54,1.0668,0.2032,3.0226,2.9464,2.9464,3,10,1
0.2032,1.6002,69.33,1.0668,0.2032,60.88,5,4,8.45,0.4572,0.2032,0.2032,1.6002,1.651,1.1176,1.651,2,30,0
0.2032,1.6002,62.26,2.54,1.143,65.5,4,5,-3.24,1.9812,0.7112,2.54,1.143,3.175,1.4986,1.4986,3,30,1
1.0668,0.7112,73.29,2.54,1.143,58.49,5,4,14.8,1.9812,2.032,1.0668,0.7112,3.2512,1.9558,3.2512,3,30,0
1.0668,0.7112,64.75,0.2032,1.9812,66.73,4,5,-1.98,1.6764,2.032,0.2032,1.9812,2.9464,2.032,2.032,2,30,1
1.0668,0.7112,60.12,1.9812,0.2032,73.19,4,6,-13.07,0.2032,1.143,1.9812,0.2032,1.8034,2.7178,2.7178,1,10,1
2.286,2.54,68.36,1.9812,0.2032,66.94,5,5,1.42,0.2032,0.762,2.286,2.54,3.8608,2.3368,3.8608,1,10,0
2.286,2.54,62.36,0.762,2.032,75.07,4,6,-12.71,0.2032,1.143,0.762,2.032,3.4798,1.9558,1.9558,1,10,1
0.2032,1.9812,69.17,0.762,2.032,67.8,4,5,1.37,1.9812,0.2032,0.2032,1.9812,3.556,3.556,3.556,2,30,0
0.2032,1.9812,65.92,0.2032,1.6002,69.03,4,6,-3.11,0.762,2.032,0.2032,1.6002,1.1176,1.4986,1.4986,2,30,1
0.4572,0.2032,72.83,0.2032,1.6002,62.07,5,5,10.76,1.0668,2.032,0.4572,0.2032,2.9464,1.8034,2.9464,3,20,0
0.4572,0.2032,65.31,1.9812,2.032,67.35,4,5,-2.04,0.2032,1.143,1.9812,2.032,1.1938,3.175,3.175,1,10,1
2.286,0.2032,71.92,1.9812,2.032,62.82,5,5,9.1,0.2032,1.143,2.286,0.2032,3.0226,3.175,3.0226,1,10,0
2.286,0.2032,64.14,1.0668,0.7112,68.72,4,5,-4.58,0.2032,0.762,1.0668,0.7112,2.6416,1.4224,1.4224,1,20,1
1.0668,0.2032,71.91,1.0668,0.7112,62.52,5,5,9.39,0.2032,0.762,1.0668,0.2032,1.4224,1.4224,1.4224,1,10,0
1.0668,0.2032,61.7,0.2032,1.6002,66.13,4,5,-4.43,1.0668,0.2032,0.2032,1.6002,0.0,2.2606,2.2606,2,10,1
0.2032,1.9812,71.15,0.2032,1.6002,60.69,5,5,10.46,0.762,2.032,0.2032,1.9812,1.1176,1.4986,1.1176,2,30,0
0.2032,1.9812,64.14,1.6764,0.7112,64.76,5,5,-0.62,1.9812,0.7112,1.6764,0.7112,3.556,0.8128,0.8128,3,10,1
0.2032,1.6002,73.64,1.6764,0.7112,55.76,5,4,17.88,1.9812,2.032,0.2032,1.6002,2.7178,3.2512,2.7178,2,20,0
0.2032,1.6002,66.58,2.286,0.2032,69.18,5,5,-2.6,0.2032,0.762,2.286,0.2032,1.3462,2.6416,2.6416,1,30,1
1.9812,2.54,73.18,2.286,0.2032,56.83,5,4,16.35,0.2032,1.143,1.9812,2.54,3.175,3.0226,3.175,1,30,0
1.9812,2.54,65.97,1.6764,0.7112,71.81,5,5,-5.84,1.0668,2.54,1.6764,0.7112,1.4224,2.9464,2.9464,3,30,1
1.6764,2.54,77.75,1.6764,0.7112,63.38,5,5,14.37,0.762,0.7112,1.6764,2.54,3.2512,1.4224,3.2512,3,30,0
1.6764,2.54,73.58,0.762,0.7112,71.15,5,5,2.43,0.2032,0.762,0.762,0.7112,3.2512,1.1176,1.1176,1,30,1
1.6764,2.54,62.4,1.9812,2.54,75.98,4,5,-13.58,2.54,1.143,1.9812,2.54,2.2606,1.9558,1.9558,3,20,1
2.54,1.6002,74.65,1.9812,2.54,69.63,5,5,5.02,1.6764,0.7112,2.54,1.6002,2.2606,3.2512,2.2606,3,30,0
2.54,1.6002,64.07,1.6764,2.54,81.61,4,5,-17.54,0.2032,0.762,1.6764,2.54,3.175,3.2512,3.2512,1,20,1
1.9812,2.54,76.47,1.6764,2.54,77.54,5,5,-1.07,0.2032,0.762,1.9812,2.54,3.556,3.2512,3.556,1,10,0
1.9812,2.54,69.25,1.0668,2.54,85.26,4,5,-16.01,2.286,0.2032,1.0668,2.54,2.6416,3.556,3.556,3,10,1
0.2032,1.9812,77.84,1.0668,2.54,78.15,5,5,-0.31,2.54,1.6002,0.2032,1.9812,2.7178,2.413,2.7178,2,10,0
2.54,1.9812,86.48,1.0668,2.54,71.75,5,5,14.73,0.2032,0.762,2.54,1.9812,3.556,2.6416,3.556,1,30,0
2.54,1.9812,79.37,0.2032,1.6002,82.77,5,5,-3.4,1.9812,0.2032,0.2032,1.6002,2.3368,3.175,3.175,2,20,1
0.2032,1.9812,84.66,0.2032,1.6002,72.81,5,4,11.85,1.9812,0.2032,0.2032,1.9812,3.556,3.175,3.556,2,10,0
0.2032,1.9812,81.26,1.9812,2.032,83.17,5,5,-1.91,0.2032,0.762,1.9812,2.032,1.7272,3.556,3.556,1,10,1
0.2032,1.9812,72.67,2.54,1.9812,84.04,5,5,-11.37,2.54,1.6002,2.54,1.9812,2.7178,0.889,0.889,3,10,1
1.9812,0.2032,80.96,2.54,1.9812,78.2,5,5,2.76,0.2032,0.762,1.9812,0.2032,2.3368,3.556,2.3368,1,10,0
2.54,1.9812,90.31,2.54,1.9812,71.75,6,5,18.56,0.2032,0.762,2.54,1.9812,3.556,3.556,3.556,1,10,0
2.54,1.9812,80.71,1.9812,0.7112,81.72,5,5,-1.01,0.2032,1.143,1.9812,0.7112,3.175,2.7178,2.7178,1,30,1
2.54,1.9812,77.72,1.0668,0.2032,91.37,5,6,-13.65,0.2032,1.143,1.0668,0.2032,3.175,1.8034,1.8034,1,20,1
0.2032,1.6002,79.95,1.0668,0.2032,81.77,5,6,-1.82,1.0668,2.54,0.2032,1.6002,1.8034,2.9464,1.8034,2,10,0
0.762,2.032,88.33,1.0668,0.2032,75.77,6,5,12.56,0.2032,1.143,0.762,2.032,1.9558,1.8034,1.9558,1,30,0
0.762,2.032,81.32,0.2032,1.9812,79.53,6,6,1.79,1.0668,0.2032,0.2032,1.9812,3.2512,2.6416,2.6416,2,30,1
0.762,2.032,73.03,1.9812,0.2032,84.82,5,6,-11.79,0.2032,1.143,1.9812,0.2032,1.9558,2.7178,2.7178,1,30,1
0.2032,1.9812,83.6,1.9812,0.2032,82.13,6,6,1.47,1.0668,0.7112,0.2032,1.9812,2.6416,1.4224,2.6416,2,30,0
0.2032,1.9812,75.22,0.2032,1.9812,83.15,5,6,-7.93,1.0668,0.2032,0.2032,1.9812,2.6416,2.6416,2.6416,2,10,1
0.2032,1.9812,81.01,0.2032,1.9812,80.15,6,6,0.86,0.4572,2.54,0.2032,1.9812,0.8128,0.8128,0.8128,2,20,0
2.54,1.143,85.23,0.2032,1.9812,71.86,6,5,13.37,0.2032,0.762,2.54,1.143,2.7178,1.7272,2.7178,1,30,0
2.54,1.143,77.04,1.9812,0.7112,80.15,6,6,-3.11,0.2032,1.143,1.9812,0.7112,2.3368,2.7178,2.7178,1,30,1
0.2032,1.6002,82.79,1.9812,0.7112,68.71,6,5,14.08,1.9812,2.54,0.2032,1.6002,2.7178,2.9464,2.7178,2,30,0
0.2032,1.6002,78.73,0.2032,1.9812,76.39,6,6,2.34,1.9812,0.7112,0.2032,1.9812,3.175,3.556,3.556,2,10,1
0.2032,1.6002,69.12,0.2032,1.6002,87.46,5,6,-18.34,2.286,0.2032,0.2032,1.6002,3.4798,3.4798,3.4798,2,20,1
1.6764,0.7112,76.44,0.2032,1.6002,82.74,6,6,-6.3,0.2032,0.762,1.6764,0.7112,2.032,1.3462,2.032,1,30,0
1.9812,0.2032,86.71,0.2032,1.6002,74.91,6,5,11.8,1.9812,2.032,1.9812,0.2032,2.9464,2.7178,2.9464,3,30,0
1.9812,0.2032,81.93,2.54,1.143,80.75,6,6,1.18,0.2032,1.143,2.54,1.143,2.7178,2.3368,2.3368,1,10,1
1.6764,2.032,87.83,2.54,1.143,72.31,6,5,15.52,0.2032,1.143,1.6764,2.032,2.8702,2.3368,2.8702,1,30,0
1.6764,2.032,78.58,1.9812,2.032,79.38,5,6,-0.8,1.0668,2.54,1.9812,2.032,1.1176,1.4224,1.4224,3,10,1
1.6764,2.032,75.13,0.762,0.2032,87.77,5,6,-12.64,2.286,2.54,0.762,0.2032,1.1176,3.8608,3.8608,3,30,1
2.54,1.9812,86.81,0.762,0.2032,80.45,6,6,6.36,0.2032,0.762,2.54,1.9812,3.556,1.1176,3.556,1,30,0
2.54,1.6002,92.34,0.762,0.2032,76.33,6,5,16.01,1.6764,2.032,2.54,1.6002,1.8034,3.2512,1.8034,3,30,0
2.54,1.6002,85.74,0.2032,1.6002,79.33,6,5,6.41,1.0668,2.032,0.2032,1.6002,2.413,1.8034,1.8034,2,30,1
2.54,1.6002,77.7,0.2032,1.9812,88.69,5,6,-10.99,0.4572,0.2032,0.2032,1.9812,3.4798,2.032,2.032,2,20,1
1.6764,0.2032,84.05,0.2032,1.9812,81.47,5,6,2.58,0.2032,0.762,1.6764,0.2032,2.032,1.7272,2.032,1,30,0
1.6764,0.2032,78.66,0.4572,0.2032,83.1,5,6,-4.44,0.2032,1.143,0.4572,0.2032,2.413,1.1938,1.1938,1,20,1
0.762,2.54,86.34,0.4572,0.2032,77.67,6,6,8.67,1.9812,2.54,0.762,2.54,1.7272,3.8608,1.7272,3,20,0
0.762,2.54,79.88,1.0668,0.2032,79.54,5,6,0.34,0.2032,0.762,1.0668,0.2032,2.3368,1.4224,1.4224,1,20,1
0.762,2.032,88.01,1.0668,0.2032,75.22,6,6,12.79,0.2032,0.762,0.762,2.032,2.3368,1.4224,2.3368,1,30,0
0.762,2.032,79.78,1.6764,2.54,80.1,5,6,-0.32,2.286,2.54,1.6764,2.54,2.032,1.1176,1.1176,3,20,1
0.2032,1.9812,93.5,1.6764,2.54,74.31,6,6,19.19,1.9812,0.7112,0.2032,1.9812,3.556,3.2512,3.556,2,30,0
0.2032,1.9812,86.49,0.2032,1.6002,82.28,6,6,4.21,0.4572,0.2032,0.2032,1.6002,2.032,1.651,1.651,2,30,1
0.2032,1.9812,78.66,2.54,0.762,89.66,5,7,-11.0,2.54,1.6002,2.54,0.762,2.7178,1.3462,1.3462,3,10,1
0.762,0.2032,83.9,2.54,0.762,80.05,6,6,3.85,0.2032,0.762,0.762,0.2032,1.1176,2.9464,1.1176,1,20,0
2.54,0.762,92.64,2.54,0.762,76.74,6,6,15.9,0.2032,1.143,2.54,0.762,2.7178,2.7178,2.7178,1,10,0
2.54,0.762,84.21,2.54,1.143,82.79,6,6,1.42,0.2032,1.143,2.54,1.143,2.7178,2.3368,2.3368,1,30,1
2.54,0.762,76.53,1.6764,2.032,92.24,5,7,-15.71,0.2032,1.143,1.6764,2.032,2.7178,2.8702,2.8702,1,10,1
0.2032,1.9812,86.49,1.6764,2.032,86.49,6,6,-0.0,1.9812,2.032,0.2032,1.9812,2.3368,0.8128,2.3368,2,30,0
0.2032,1.9812,77.04,0.2032,1.9812,88.73,5,6,-11.69,1.6764,2.54,0.2032,1.9812,2.032,2.032,2.032,2,30,1
0.2032,1.9812,93.8,0.2032,1.9812,82.73,6,6,11.07,2.286,0.2032,0.2032,1.9812,3.8608,3.8608,3.8608,2,30,0
0.2032,1.9812,83.13,1.0668,2.032,88.12,5,6,-4.99,0.2032,0.762,1.0668,2.032,1.7272,2.6416,2.6416,1,20,1
0.2032,1.6002,94.92,1.0668,2.032,84.72,6,6,10.2,1.0668,0.2032,0.2032,1.6002,2.2606,2.9464,2.2606,2,20,0
0.2032,1.6002,87.09,2.286,2.54,94.37,6,7,-7.28,0.2032,1.143,2.286,2.54,0.9652,3.4798,3.4798,1,30,1
0.762,0.7112,89.64,2.286,2.54,86.85,6,6,2.79,0.2032,0.762,0.762,0.7112,1.1176,3.8608,1.1176,1,30,0
0.762,0.7112,86.19,0.2032,1.9812,98.49,6,7,-12.3,2.286,0.2032,0.2032,1.9812,2.032,3.8608,3.8608,2,10,1
2.286,2.54,92.19,0.2032,1.9812,91.12,6,6,1.07,0.2032,0.762,2.286,2.54,3.8608,1.7272,3.8608,1,20,0
2.286,2.54,85.58,0.2032,1.9812,100.63,6,7,-15.05,0.762,0.2032,0.2032,1.9812,3.8608,2.3368,2.3368,2,30,1
1.6764,2.54,98.43,0.2032,1.9812,92.96,6,6,5.47,0.2032,0.762,1.6764,2.54,3.2512,1.7272,3.2512,1,10,0
1.6764,2.54,90.91,0.2032,1.9812,102.15,6,7,-11.24,2.54,1.6002,0.2032,1.9812,1.8034,2.7178,2.7178,2,10,1
0.2032,1.6002,96.14,0.2032,1.9812,93.92,6,6,2.22,1.9812,2.032,0.2032,1.6002,2.7178,2.3368,2.7178,2,30,0
0.2032,1.6002,89.69,2.54,0.762,101.09,6,7,-11.4,0.2032,1.143,2.54,0.762,0.9652,2.7178,2.7178,1,20,1
0.2032,1.6002,100.77,2.54,0.762,93.51,7,6,7.26,2.54,0.762,0.2032,1.6002,3.175,0.0,3.175,2,30,0
0.2032,1.6002,93.4,0.4572,0.2032,99.87,6,7,-6.47,0.2032,0.762,0.4572,0.2032,1.3462,0.8128,0.8128,1,30,1
0.2032,1.9812,103.51,0.4572,0.2032,92.65,7,6,10.86,1.6764,0.7112,0.2032,1.9812,3.2512,1.7272,3.2512,2,30,0
0.2032,1.9812,96.6,0.2032,1.6002,104.14,6,7,-7.54,1.9812,2.54,0.2032,1.6002,2.3368,2.7178,2.7178,2,20,1
0.2032,1.6002,102.29,0.2032,1.6002,96.92,6,6,5.37,1.9812,2.54,0.2032,1.6002,2.7178,2.7178,2.7178,2,10,0
0.2032,1.6002,100.05,0.4572,0.2032,107.94,6,7,-7.89,1.6764,0.2032,0.4572,0.2032,2.8702,1.7272,1.7272,3,10,1
0.4572,2.54,103.97,0.4572,0.2032,98.49,7,7,5.48,0.2032,0.762,0.4572,2.54,2.032,0.8128,2.032,1,30,0
0.4572,2.54,97.21,2.54,1.9812,105.4,6,7,-8.19,0.2032,1.143,2.54,1.9812,1.651,3.175,3.175,1,30,1
1.6764,2.032,106.41,2.54,1.9812,97.88,7,7,8.53,0.2032,1.143,1.6764,2.032,2.8702,3.175,2.8702,1,20,0
1.6764,2.032,93.91,1.0668,0.7112,105.25,6,7,-11.34,1.9812,2.032,1.0668,0.7112,0.8128,3.2512,3.2512,3,20,1
1.6764,2.54,109.77,1.0668,0.7112,99.41,7,7,10.36,0.2032,1.143,1.6764,2.54,2.8702,1.8034,2.8702,1,30,0
1.6764,2.54,98.33,0.2032,1.9812,103.78,6,7,-5.45,0.762,0.2032,0.2032,1.9812,3.2512,2.3368,2.3368,2,10,1
1.6764,2.032,111.49,0.2032,1.9812,97.58,7,7,13.91,0.2032,0.762,1.6764,2.032,3.2512,1.7272,3.2512,1,20,0
1.6764,2.032,105.8,0.2032,1.9812,103.27,7,7,2.53,1.6764,2.032,0.2032,1.9812,0.0,2.032,2.032,2,10,1
0.2032,1.9812,116.82,0.2032,1.9812,97.89,7,7,18.93,1.9812,0.2032,0.2032,1.9812,3.556,3.556,3.556,2,10,0
0.2032,1.9812,112.5,0.4572,2.54,101.13,7,7,11.37,0.2032,1.143,0.4572,2.54,1.3462,1.651,1.651,1,30,1
0.2032,1.9812,100.0,2.286,0.2032,109.88,6,8,-9.88,0.2032,0.762,2.286,0.2032,1.7272,2.6416,2.6416,1,20,1
1.6764,2.032,111.79,2.286,0.2032,101.95,7,8,9.84,0.2032,0.762,1.6764,2.032,3.2512,2.6416,3.2512,1,20,0
1.6764,2.032,105.19,0.2032,1.6002,111.91,7,8,-6.72,1.0668,2.032,0.2032,1.6002,1.1176,1.8034,1.8034,2,30,1
0.762,2.032,112.8,0.2032,1.6002,104.09,7,8,8.71,0.2032,1.143,0.762,2.032,1.9558,0.9652,1.9558,1,10,0
0.762,2.032,102.74,0.2032,1.9812,117.04,6,8,-14.3,1.9812,0.2032,0.2032,1.9812,3.556,3.556,3.556,2,20,1
0.4572,2.54,111.74,0.2032,1.9812,108.2,7,8,3.54,1.6764,2.032,0.4572,2.54,1.7272,2.032,1.7272,3,10,0
0.762,2.54,119.61,0.2032,1.9812,102.45,7,7,17.16,1.6764,0.2032,0.762,2.54,3.2512,3.2512,3.2512,3,20,0
0.762,2.54,116.21,0.2032,1.9812,112.01,7,8,4.2,1.0668,0.7112,0.2032,1.9812,3.2512,2.6416,2.6416,2,30,1
0.762,2.54,109.45,0.2032,1.6002,125.57,7,8,-16.12,2.286,0.2032,0.2032,1.6002,3.8608,3.4798,3.4798,2,10,1
0.4572,0.2032,113.32,0.2032,1.6002,114.9,7,7,-1.58,0.2032,1.143,0.4572,0.2032,1.1938,0.9652,1.1938,1,30,0
0.4572,2.54,119.62,0.2032,1.6002,110.83,8,7,8.79,0.2032,0.762,0.4572,2.54,2.032,1.3462,2.032,1,20,0
0.4572,2.54,110.12,1.9812,2.54,115.05,8,7,-4.93,0.2032,1.143,1.9812,2.54,1.651,3.175,3.175,1,30,1
1.9812,2.032,120.9,1.9812,2.54,112.36,8,7,8.54,0.2032,0.762,1.9812,2.032,3.556,3.556,3.556,1,30,0
1.9812,2.032,113.68,1.6764,2.54,113.63,8,7,0.05,1.0668,2.54,1.6764,2.54,1.4224,1.1176,1.1176,3,30,1
2.54,1.143,123.24,1.6764,2.54,106.57,8,7,16.67,0.2032,0.762,2.54,1.143,2.7178,3.2512,2.7178,1,20,0
2.54,1.143,119.78,1.6764,0.7112,115.36,8,7,4.42,0.2032,0.762,1.6764,0.7112,2.7178,2.032,2.032,1,30,1
2.54,1.143,110.79,0.4572,0.2032,120.44,8,8,-9.65,0.2032,0.762,0.4572,0.2032,2.7178,0.8128,0.8128,1,10,1
0.2032,1.6002,119.23,0.4572,0.2032,110.33,8,7,8.9,1.6764,0.7112,0.2032,1.6002,2.8702,1.7272,2.8702,2,20,0
0.2032,1.6002,111.71,2.54,1.9812,120.45,8,8,-8.74,0.2032,0.762,2.54,1.9812,1.3462,3.556,3.556,1,30,1
0.2032,1.6002,119.78,2.54,1.9812,112.62,8,8,7.16,1.6764,2.032,0.2032,1.6002,2.413,1.4224,2.413,2,10,0
0.2032,1.6002,110.33,0.2032,1.9812,118.52,7,8,-8.19,1.0668,2.54,0.2032,1.9812,1.8034,1.4224,1.4224,2,30,1
0.762,2.54,117.55,0.2032,1.9812,113.23,8,8,4.32,0.2032,1.143,0.762,2.54,1.9558,1.3462,1.9558,1,20,0
0.762,2.54,109.57,1.9812,2.032,116.99,8,8,-7.42,0.2032,1.143,1.9812,2.032,1.9558,3.175,3.175,1,20,1
0.762,0.2032,114.96,1.9812,2.032,111.15,8,8,3.81,0.2032,0.762,0.762,0.2032,1.1176,3.556,1.1176,1,10,0
0.762,0.2032,108.05,0.2032,1.9812,116.08,8,9,-8.03,0.762,2.54,0.2032,1.9812,2.9464,1.1176,1.1176,2,20,1
0.2032,1.9812,115.67,0.2032,1.9812,108.0,8,8,7.67,0.762,2.032,0.2032,1.9812,1.1176,1.1176,1.1176,2,10,0
0.2032,1.9812,105.61,0.2032,1.6002,118.98,7,9,-13.37,2.286,2.54,0.2032,1.6002,2.6416,3.0226,3.0226,2,10,1
0.762,2.032,118.11,0.2032,1.6002,111.05,8,8,7.06,0.762,0.7112,0.762,2.032,2.9464,1.9558,2.9464,3,10,0
0.762,2.032,109.73,0.762,2.032,115.93,8,9,-6.2,0.2032,1.143,0.762,2.032,1.9558,1.9558,1.9558,1,20,1
1.9812,2.54,119.53,0.762,2.032,109.32,8,8,10.21,0.2032,1.143,1.9812,2.54,3.175,1.9558,3.175,1,30,0
1.9812,2.54,114.15,0.762,0.2032,114.71,8,9,-0.56,0.2032,1.143,0.762,0.2032,3.175,1.4986,1.4986,1,10,1
1.9812,2.54,102.71,0.2032,1.6002,117.35,7,9,-14.64,0.762,0.7112,0.2032,1.6002,3.556,1.9558,1.9558,2,10,1
0.2032,1.6002,112.77,0.2032,1.6002,107.39,8,8,5.38,2.54,1.6002,0.2032,1.6002,2.3368,2.3368,2.3368,2,30,0
0.2032,1.6002,117.9,0.2032,1.6002,102.25,8,8,15.65,2.54,1.9812,0.2032,1.6002,2.7178,2.7178,2.7178,2,30,0
0.2032,1.6002,113.08,1.6764,2.54,107.84,8,8,5.24,0.2032,0.762,1.6764,2.54,1.3462,3.2512,3.2512,1,20,1
0.2032,1.9812,118.05,1.6764,2.54,103.77,8,8,14.28,1.0668,0.7112,0.2032,1.9812,2.6416,2.9464,2.6416,2,30,0
0.2032,1.9812,116.12,0.762,0.7112,109.67,8,8,6.45,0.762,2.54,0.762,0.7112,1.1176,2.9464,2.9464,3,20,1
0.2032,1.9812,106.21,0.2032,1.9812,121.26,7,9,-15.05,2.286,0.2032,0.2032,1.9812,3.8608,3.8608,3.8608,2,20,1
0.762,0.7112,118.11,0.2032,1.9812,112.42,8,8,5.69,1.6764,2.54,0.762,0.7112,3.2512,2.032,3.2512,3,30,0
0.762,0.7112,108.14,0.2032,1.9812,119.44,7,9,-11.3,0.762,2.032,0.2032,1.9812,2.9464,1.1176,1.1176,2,30,1
0.762,0.2032,114.45,0.2032,1.9812,110.08,8,8,4.37,0.2032,0.762,0.762,0.2032,1.1176,1.7272,1.1176,1,10,0
2.54,1.143,117.69,0.2032,1.9812,105.92,8,8,11.77,0.2032,1.143,2.54,1.143,2.3368,1.3462,2.3368,1,30,0
2.54,1.143,109.71,0.762,2.032,112.57,8,8,-2.86,2.54,1.143,0.762,2.032,0.0,3.175,3.175,3,30,1
1.0668,0.2032,115.25,0.762,2.032,106.22,8,8,9.03,0.762,0.7112,1.0668,0.2032,0.8128,2.9464,0.8128,3,30,0
1.0668,0.2032,108.04,0.2032,1.6002,107.24,8,8,0.8,0.762,2.032,0.2032,1.6002,3.2512,1.4986,1.4986,2,10,1
0.2032,1.6002,110.63,0.2032,1.6002,96.82,8,7,13.81,1.0668,0.2032,0.2032,1.6002,2.2606,2.2606,2.2606,2,30,0
0.2032,1.6002,104.13,0.2032,1.9812,115.26,8,8,-11.13,1.9812,0.2032,0.2032,1.9812,3.175,3.556,3.556,2,10,1
0.2032,1.9812,112.76,0.2032,1.9812,105.35,8,7,7.41,1.0668,0.7112,0.2032,1.9812,2.6416,2.6416,2.6416,2,30,0
0.2032,1.9812,107.33,2.54,0.762,112.52,8,8,-5.19,0.2032,1.143,2.54,0.762,1.3462,2.7178,2.7178,1,20,1
0.2032,1.9812,110.02,2.54,0.762,104.29,8,7,5.73,1.6764,2.54,0.2032,1.9812,2.032,2.6416,2.032,2,20,0
0.2032,1.9812,105.5,1.9812,2.54,115.72,8,8,-10.22,0.2032,1.143,1.9812,2.54,1.3462,3.175,3.175,1,20,1
1.0668,0.7112,110.03,1.9812,2.54,107.34,9,7,2.69,0.2032,1.143,1.0668,0.7112,1.8034,3.175,1.8034,1,10,0
1.0668,0.2032,115.66,1.9812,2.54,103.27,9,7,12.39,0.2032,1.143,1.0668,0.2032,1.8034,3.175,1.8034,1,10,0
1.0668,0.2032,109.26,2.286,2.54,108.56,9,8,0.7,2.54,0.762,2.286,2.54,2.032,2.032,2.032,3,30,1
0.762,0.2032,113.53,2.286,2.54,102.06,9,7,11.47,0.2032,1.143,0.762,0.2032,1.4986,3.4798,1.4986,1,10,0
0.762,0.2032,105.29,0.2032,1.9812,105.61,8,7,-0.32,1.9812,2.032,0.2032,1.9812,3.556,2.3368,2.3368,2,10,1
2.286,0.2032,109.87,0.2032,1.9812,99.77,9,7,10.1,1.0668,0.7112,2.286,0.2032,1.7272,2.6416,1.7272,3,20,0
2.286,0.2032,102.19,0.2032,1.9812,101.55,8,7,0.64,0.4572,0.2032,0.2032,1.9812,2.3368,2.032,2.032,2,20,1
2.286,0.2032,97.27,0.2032,1.6002,112.93,8,8,-15.66,1.9812,2.54,0.2032,1.6002,2.6416,2.7178,2.7178,2,10,1
0.2032,1.6002,103.62,0.2032,1.6002,107.24,8,7,-3.62,2.54,0.762,0.2032,1.6002,3.175,3.175,3.175,2,10,0
0.762,0.7112,111.65,0.2032,1.6002,98.8,8,7,12.85,1.9812,2.032,0.762,0.7112,3.556,2.7178,3.556,3,20,0
0.762,0.7112,107.13,0.2032,1.6002,106.07,8,7,1.06,1.9812,2.032,0.2032,1.6002,3.556,2.7178,2.7178,2,10,1
1.6764,2.032,110.59,0.2032,1.6002,103.38,8,7,7.21,0.2032,1.143,1.6764,2.032,2.8702,0.9652,2.8702,1,20,0
1.6764,2.032,106.52,1.9812,0.2032,105.31,8,7,1.21,0.2032,0.762,1.9812,0.2032,3.2512,2.3368,2.3368,1,10,1
1.0668,0.7112,111.81,1.9812,0.2032,99.87,8,7,11.94,0.2032,1.143,1.0668,0.7112,1.8034,2.7178,1.8034,1,30,0
1.0668,0.7112,109.12,2.54,0.762,110.49,8,8,-1.37,0.2032,1.143,2.54,0.762,1.8034,2.7178,2.7178,1,10,1
1.0668,2.032,113.14,2.54,0.762,101.9,8,7,11.24,1.6764,2.54,1.0668,2.032,1.1176,2.6416,1.1176,3,20,0
1.0668,2.032,106.53,1.0668,2.54,112.62,8,8,-6.09,0.2032,0.762,1.0668,2.54,2.6416,2.6416,2.6416,1,30,1
1.9812,0.2032,112.23,1.0668,2.54,105.2,8,7,7.03,1.0668,2.54,1.9812,0.2032,3.2512,0.0,3.2512,3,30,0
1.9812,0.2032,104.86,1.6764,0.7112,108.66,8,7,-3.8,0.762,2.032,1.6764,0.7112,3.556,3.2512,3.2512,3,30,1
0.2032,1.9812,113.85,1.6764,0.7112,104.59,8,7,9.26,0.762,0.7112,0.2032,1.9812,2.3368,1.4224,2.3368,2,10,0
0.2032,1.9812,103.89,1.6764,2.032,108.66,7,7,-4.77,1.9812,0.7112,1.6764,2.032,3.556,3.2512,3.2512,3,10,1
0.2032,1.9812,109.28,1.6764,2.032,103.99,8,7,5.29,1.0668,2.54,0.2032,1.9812,1.4224,1.1176,1.4224,2,20,0
0.2032,1.9812,101.6,1.6764,0.2032,112.63,7,8,-11.03,0.2032,0.762,1.6764,0.2032,1.7272,2.032,2.032,1,10,1
0.2032,1.9812,105.92,1.6764,0.2032,106.78,8,7,-0.86,0.4572,2.54,0.2032,1.9812,0.8128,3.556,0.8128,2,30,0
0.4572,2.54,104.8,1.6764,0.2032,98.96,8,7,5.84,0.2032,1.143,0.4572,2.54,1.651,2.413,1.651,1,20,0
0.4572,2.54,101.8,1.6764,0.7112,110.74,8,7,-8.94,1.9812,2.032,1.6764,0.7112,2.032,3.2512,3.2512,3,30,1
0.2032,1.9812,111.36,1.6764,0.7112,103.83,9,7,7.53,1.0668,0.7112,0.2032,1.9812,2.6416,1.1176,2.6416,2,30,0
0.2032,1.9812,104.75,1.6764,0.7112,110.89,8,7,-6.14,0.2032,0.762,1.6764,0.7112,1.7272,2.032,2.032,1,30,1
2.286,2.54,110.14,1.6764,0.7112,103.07,9,7,7.07,2.54,1.9812,2.286,2.54,0.8128,2.6416,0.8128,3,20,0
2.286,2.54,102.92,0.2032,1.6002,107.9,8,7,-4.98,1.0668,0.2032,0.2032,1.6002,3.556,2.2606,2.2606,2,30,1
0.2032,1.9812,107.7,0.2032,1.6002,102.0,9,7,5.7,0.4572,2.54,0.2032,1.9812,0.8128,1.1938,0.8128,2,20,0
0.2032,1.9812,102.56,0.4572,2.54,101.95,8,7,0.61,0.2032,1.143,0.4572,2.54,1.3462,1.651,1.651,1,30,1
0.2032,1.9812,108.41,0.4572,2.54,100.32,9,7,8.09,1.9812,2.54,0.2032,1.9812,2.3368,2.032,2.3368,2,10,0
0.2032,1.9812,101.95,0.762,2.54,102.56,8,7,-0.61,0.2032,0.762,0.762,2.54,1.7272,2.3368,2.3368,1,10,1
0.2032,1.6002,102.51,0.762,2.54,100.93,8,7,1.58,0.762,2.032,0.2032,1.6002,1.4986,0.508,1.4986,2,20,0
0.2032,1.6002,99.66,1.6764,2.032,105.61,8,7,-5.95,0.2032,0.762,1.6764,2.032,1.3462,3.2512,3.2512,1,10,1
0.4572,2.54,102.05,1.6764,2.032,100.37,8,7,1.68,0.2032,1.143,0.4572,2.54,1.651,2.8702,1.651,1,30,0
1.9812,0.2032,107.54,1.6764,2.032,93.16,8,7,14.38,1.0668,0.7112,1.9812,0.2032,1.4224,2.9464,1.4224,3,20,0
1.9812,0.2032,104.85,0.2032,1.9812,97.79,8,7,7.06,0.4572,2.54,0.2032,1.9812,3.8608,0.8128,0.8128,2,10,1
1.9812,0.2032,95.55,0.2032,1.9812,105.46,7,8,-9.91,1.9812,2.54,0.2032,1.9812,2.9464,2.3368,2.3368,2,30,1
0.2032,1.6002,105.76,0.2032,1.9812,96.47,8,7,9.29,1.0668,2.54,0.2032,1.6002,1.8034,1.4224,1.8034,2,10,0
0.2032,1.6002,94.48,0.2032,1.9812,112.62,7,8,-18.14,2.54,0.762,0.2032,1.9812,3.175,3.556,3.556,2,10,1
2.286,0.2032,104.29,0.2032,1.9812,102.56,8,7,1.73,2.54,1.6002,2.286,0.2032,1.651,2.7178,1.651,3,30,0
2.286,0.2032,94.94,1.0668,2.032,110.18,7,8,-15.24,0.762,2.54,1.0668,2.032,3.8608,0.8128,0.8128,3,10,1
2.286,0.2032,112.93,1.0668,2.032,99.66,8,7,13.27,0.4572,2.54,2.286,0.2032,4.1656,1.1176,4.1656,3,10,0
2.286,0.2032,105.3,0.2032,1.6002,102.16,7,8,3.14,1.0668,2.032,0.2032,1.6002,3.556,1.8034,1.8034,2,10,1
2.286,0.2032,100.62,0.2032,1.6002,110.28,7,8,-9.66,1.0668,0.2032,0.2032,1.6002,1.7272,2.2606,2.2606,2,30,1
0.2032,1.9812,105.91,0.2032,1.6002,103.83,7,8,2.08,1.6764,2.032,0.2032,1.9812,2.032,2.413,2.032,2,20,0
0.2032,1.9812,99.56,0.4572,2.54,107.08,7,8,-7.52,0.2032,1.143,0.4572,2.54,1.3462,1.651,1.651,1,10,1
1.6764,0.7112,106.27,0.4572,2.54,99.71,7,8,6.56,0.2032,1.143,1.6764,0.7112,2.413,1.651,2.413,1,30,0
1.9812,2.032,110.49,0.4572,2.54,92.39,7,7,18.1,1.6764,0.2032,1.9812,2.032,3.2512,3.556,3.2512,3,30,0
1.9812,2.032,104.59,0.2032,1.9812,106.26,7,8,-1.67,2.54,0.762,0.2032,1.9812,2.3368,3.556,3.556,2,20,1
1.9812,2.032,95.75,1.0668,2.032,111.18,6,8,-15.43,0.2032,1.143,1.0668,2.032,3.175,2.2606,2.2606,1,20,1
1.6764,0.7112,103.99,1.0668,2.032,100.0,7,7,3.99,1.0668,2.032,1.6764,0.7112,2.9464,0.0,2.9464,3,20,0
0.2032,1.9812,109.12,1.0668,2.032,95.99,7,7,13.13,1.9812,0.2032,0.2032,1.9812,3.556,3.2512,3.556,2,10,0
0.2032,1.9812,104.44,0.2032,1.9812,104.58,7,8,-0.14,0.4572,0.2032,0.2032,1.9812,2.032,2.032,2.032,2,30,1
2.54,1.143,110.03,0.2032,1.9812,95.74,7,7,14.29,0.2032,0.762,2.54,1.143,2.7178,1.7272,2.7178,1,30,0
2.54,1.143,103.58,0.762,0.7112,104.13,7,8,-0.55,0.762,2.54,0.762,0.7112,3.175,2.9464,2.9464,3,10,1
0.2032,1.9812,111.71,0.762,0.7112,100.01,8,7,11.7,2.54,0.762,0.2032,1.9812,3.556,2.3368,3.556,2,30,0
0.2032,1.9812,102.26,1.9812,0.2032,104.32,7,7,-2.06,0.2032,1.143,1.9812,0.2032,1.3462,2.7178,2.7178,1,10,1
1.6764,0.7112,109.88,1.9812,0.2032,95.58,8,7,14.3,0.2032,0.762,1.6764,0.7112,2.032,2.3368,2.032,1,10,0
1.6764,0.7112,99.82,1.6764,2.032,105.55,7,7,-5.73,0.2032,0.762,1.6764,2.032,2.032,3.2512,3.2512,1,20,1
1.6764,0.7112,97.13,1.9812,2.54,113.83,7,7,-16.7,0.2032,1.143,1.9812,2.54,2.413,3.175,3.175,1,10,1
0.4572,0.2032,97.99,1.9812,2.54,109.21,7,7,-11.22,0.2032,0.762,0.4572,0.2032,0.8128,3.556,0.8128,1,20,0
1.6764,0.7112,104.55,1.9812,2.54,101.84,8,7,2.71,2.286,0.2032,1.6764,0.7112,1.1176,2.6416,1.1176,3,30,0
1.6764,0.7112,96.87,0.2032,1.6002,106.67,7,7,-9.8,2.286,2.54,0.2032,1.6002,2.9464,3.0226,3.0226,2,10,1
0.762,0.7112,102.72,0.2032,1.6002,100.47,8,7,2.25,0.2032,0.762,0.762,0.7112,1.1176,1.3462,1.1176,1,10,0
0.762,0.7112,94.94,0.2032,1.6002,106.67,7,7,-11.73,1.0668,2.54,0.2032,1.6002,3.2512,1.8034,1.8034,2,20,1
2.286,0.2032,102.1,0.2032,1.6002,100.77,8,7,1.33,0.2032,0.762,2.286,0.2032,2.6416,1.3462,2.6416,1,20,0
2.286,0.2032,93.72,0.4572,2.54,101.94,7,7,-8.22,0.2032,1.143,0.4572,2.54,3.0226,1.651,1.651,1,10,1
2.54,0.762,103.94,0.4572,2.54,95.59,8,7,8.35,0.2032,0.762,2.54,0.762,2.9464,2.032,2.9464,1,10,0
2.54,0.762,96.01,2.54,1.143,103.31,7,7,-7.3,0.2032,0.762,2.54,1.143,2.9464,2.7178,2.7178,1,10,1
2.286,2.54,105.92,2.54,1.143,100.32,8,7,5.6,1.0668,2.54,2.286,2.54,1.7272,2.8702,1.7272,3,10,0
2.286,2.54,97.08,0.2032,1.9812,102.25,7,7,-5.17,2.54,1.6002,0.2032,1.9812,1.1938,2.7178,2.7178,2,20,1
2.286,2.54,106.53,0.2032,1.9812,97.57,8,7,8.96,1.0668,2.54,2.286,2.54,1.7272,1.4224,1.7272,3,20,0
2.286,2.54,96.47,0.2032,1.6002,101.79,7,8,-5.32,0.762,2.032,0.2032,1.6002,2.032,1.4986,1.4986,2,10,1
2.286,2.54,92.41,0.2032,1.6002,107.78,7,8,-15.37,0.4572,0.2032,0.2032,1.6002,4.1656,1.651,1.651,2,10,1
1.9812,2.032,100.84,0.2032,1.6002,99.65,7,8,1.19,1.9812,0.2032,1.9812,2.032,2.9464,3.175,2.9464,3,20,0
1.9812,2.032,93.17,0.2032,1.6002,104.02,7,8,-10.85,1.0668,2.54,0.2032,1.6002,1.4224,1.8034,1.8034,2,20,1
1.0668,0.2032,101.45,0.2032,1.6002,97.52,7,8,3.93,0.2032,1.143,1.0668,0.2032,1.8034,0.9652,1.8034,1,20,0
1.0668,0.2032,92.71,1.6764,2.032,105.54,6,8,-12.83,0.2032,0.762,1.6764,2.032,1.4224,3.2512,3.2512,1,10,1
1.9812,0.7112,100.33,1.6764,2.032,98.43,7,8,1.9,1.9812,0.2032,1.9812,0.7112,0.508,3.2512,0.508,3,20,0
2.54,1.6002,106.07,1.6764,2.032,90.91,7,7,15.16,0.2032,1.143,2.54,1.6002,2.794,2.8702,2.794,1,10,0
2.54,1.6002,100.78,0.2032,1.6002,94.16,7,7,6.62,1.9812,2.54,0.2032,1.6002,1.4986,2.7178,2.7178,2,20,1
2.54,1.6002,88.89,2.54,1.6002,103.62,6,8,-14.73,0.2032,1.143,2.54,1.6002,2.794,2.794,2.794,1,10,1
1.9812,2.54,102.81,2.54,1.6002,95.18,7,8,7.63,0.2032,1.143,1.9812,2.54,3.175,2.794,3.175,1,10,0
0.2032,1.9812,102.56,2.54,1.6002,90.25,7,7,12.31,1.0668,2.032,0.2032,1.9812,1.4224,2.413,1.4224,2,10,0
0.2032,1.9812,99.1,0.2032,1.9812,92.48,7,7,6.62,0.4572,2.54,0.2032,1.9812,0.8128,0.8128,0.8128,2,10,1
2.286,2.54,105.3,0.2032,1.9812,90.25,7,7,15.05,0.2032,1.143,2.286,2.54,3.4798,1.3462,3.4798,1,20,0
2.286,2.54,100.01,0.762,0.7112,95.03,7,7,4.98,1.9812,0.2032,0.762,0.7112,2.6416,1.7272,1.7272,3,10,1
2.286,2.54,91.12,2.54,0.762,99.35,7,7,-8.23,0.2032,0.762,2.54,0.762,3.8608,2.9464,2.9464,1,30,1
0.2032,1.6002,97.16,2.54,0.762,95.75,7,7,1.41,1.6764,2.032,0.2032,1.6002,2.413,2.6416,2.413,2,10,0
0.2032,1.6002,89.95,1.6764,2.54,103.32,7,7,-13.37,0.2032,1.143,1.6764,2.54,0.9652,2.8702,2.8702,1,20,1
1.6764,0.2032,95.14,1.6764,2.54,97.12,7,7,-1.98,0.2032,1.143,1.6764,0.2032,2.413,2.8702,2.413,1,30,0
1.6764,0.2032,87.01,0.2032,1.6002,101.19,6,7,-14.18,1.9812,2.54,0.2032,1.6002,3.2512,2.7178,2.7178,2,30,1
0.762,0.2032,101.09,0.2032,1.6002,95.45,7,7,5.64,0.762,2.032,0.762,0.2032,2.9464,1.4986,2.9464,3,10,0
0.762,0.2032,89.5,2.54,1.6002,102.66,6,7,-13.16,0.2032,0.762,2.54,1.6002,1.1176,3.175,3.175,1,30,1
0.2032,1.6002,96.06,2.54,1.6002,96.82,7,7,-0.76,1.0668,0.7112,0.2032,1.6002,2.2606,2.8702,2.2606,2,10,0
1.9812,2.032,105.61,2.54,1.6002,89.14,8,6,16.47,0.2032,0.762,1.9812,2.032,3.556,3.175,3.556,1,10,0
1.9812,2.032,97.17,0.762,2.54,100.63,7,7,-3.46,0.2032,0.762,0.762,2.54,3.556,2.3368,2.3368,1,10,1
1.0668,2.54,104.69,0.762,2.54,90.81,7,6,13.88,0.2032,1.143,1.0668,2.54,2.2606,1.9558,2.2606,1,30,0
1.0668,2.54,98.49,0.2032,1.9812,100.17,7,7,-1.68,1.0668,0.7112,0.2032,1.9812,2.9464,2.6416,2.6416,2,30,1
0.2032,1.9812,103.78,0.2032,1.9812,92.49,7,6,11.29,2.286,2.54,0.2032,1.9812,2.6416,2.6416,2.6416,2,10,0
0.2032,1.9812,98.04,1.6764,0.7112,98.34,7,7,-0.3,0.2032,1.143,1.6764,0.7112,1.3462,2.413,2.413,1,10,1
0.2032,1.9812,90.72,0.2032,1.9812,105.86,6,7,-15.14,1.6764,0.2032,0.2032,1.9812,3.2512,3.2512,3.2512,2,20,1
1.6764,2.032,99.41,0.2032,1.9812,97.27,7,7,2.14,0.2032,0.762,1.6764,2.032,3.2512,1.7272,3.2512,1,30,0
1.6764,2.032,91.43,1.6764,0.2032,102.96,6,7,-11.53,0.2032,1.143,1.6764,0.2032,2.8702,2.413,2.413,1,20,1
0.2032,1.9812,100.77,1.6764,0.2032,95.75,7,7,5.02,2.54,1.143,0.2032,1.9812,3.175,1.8034,3.175,2,30,0
0.2032,1.9812,92.39,2.286,0.2032,104.59,6,7,-12.2,0.2032,1.143,2.286,0.2032,1.3462,3.0226,3.0226,1,20,1
0.2032,1.6002,101.53,2.286,0.2032,97.58,7,7,3.95,2.54,1.6002,0.2032,1.6002,2.3368,1.651,2.3368,2,10,0
0.2032,1.6002,93.66,2.54,0.762,102.51,6,7,-8.85,1.0668,0.7112,2.54,0.762,2.2606,2.032,2.032,3,10,1
1.9812,0.7112,98.65,2.54,0.762,94.23,7,7,4.42,0.762,0.7112,1.9812,0.7112,1.7272,2.3368,1.7272,3,30,0
1.9812,0.7112,92.19,1.6764,0.7112,103.27,6,7,-11.08,0.2032,1.143,1.6764,0.7112,2.7178,2.413,2.413,1,10,1
0.2032,1.6002,103.68,1.6764,0.7112,98.49,7,7,5.19,1.0668,2.032,0.2032,1.6002,1.8034,2.9464,1.8034,2,20,0
0.2032,1.6002,93.16,0.2032,1.9812,100.73,6,7,-7.57,0.762,0.7112,0.2032,1.9812,1.9558,2.3368,2.3368,2,20,1
1.6764,0.7112,98.35,0.2032,1.9812,98.04,7,7,0.31,0.2032,0.762,1.6764,0.7112,2.032,1.7272,2.032,1,30,0
1.6764,0.7112,90.67,0.2032,1.9812,102.56,6,7,-11.89,1.9812,2.54,0.2032,1.9812,3.2512,2.3368,2.3368,2,30,1
0.2032,1.6002,100.17,0.2032,1.9812,96.05,7,7,4.12,1.6764,2.54,0.2032,1.6002,2.413,2.032,2.413,2,30,0
0.2032,1.6002,91.94,0.2032,1.9812,99.0,6,7,-7.06,0.762,2.54,0.2032,1.9812,1.4986,1.1176,1.1176,2,10,1
0.2032,1.9812,106.88,0.2032,1.9812,91.48,7,7,15.4,1.9812,0.7112,0.2032,1.9812,3.556,3.556,3.556,2,20,0
0.2032,1.9812,94.53,1.9812,0.7112,99.0,6,7,-4.47,0.2032,0.762,1.9812,0.7112,1.7272,2.3368,2.3368,1,30,1
1.0668,0.7112,101.9,1.9812,0.7112,91.79,7,7,10.11,0.2032,0.762,1.0668,0.7112,1.4224,2.3368,1.4224,1,10,0
1.0668,0.7112,96.06,2.286,0.2032,97.99,7,7,-1.93,2.54,1.9812,2.286,0.2032,3.2512,2.032,2.032,3,30,1
2.54,1.143,102.81,2.286,0.2032,94.53,7,7,8.28,0.2032,0.762,2.54,1.143,2.7178,2.6416,2.7178,1,20,0
2.54,1.143,95.14,0.762,0.2032,100.12,7,7,-4.98,2.54,1.6002,0.762,0.2032,0.9652,3.175,3.175,3,30,1
0.2032,1.9812,103.12,0.762,0.2032,94.69,7,7,8.43,2.286,2.54,0.2032,1.9812,2.6416,3.8608,2.6416,2,30,0
0.2032,1.9812,96.21,0.762,2.54,96.77,7,7,-0.56,0.2032,1.143,0.762,2.54,1.3462,1.9558,1.9558,1,10,1
0.2032,1.9812,104.95,0.762,2.54,93.92,7,7,11.03,0.762,0.7112,0.2032,1.9812,2.3368,2.9464,2.3368,2,20,0
0.2032,1.9812,96.82,1.9812,2.032,99.51,7,7,-2.69,0.2032,1.143,1.9812,2.032,1.3462,3.175,3.175,1,20,1
2.286,0.2032,104.04,1.9812,2.032,94.83,7,7,9.21,0.2032,1.143,2.286,0.2032,3.0226,3.175,3.0226,1,10,0
2.286,0.2032,97.43,2.54,0.762,103.16,7,7,-5.73,0.2032,0.762,2.54,0.762,2.6416,2.9464,2.9464,1,20,1
0.2032,1.9812,106.17,2.54,0.762,100.93,7,7,5.24,1.6764,2.032,0.2032,1.9812,2.032,2.6416,2.032,2,30,0
0.2032,1.9812,100.33,0.4572,2.54,106.16,7,7,-5.83,0.2032,1.143,0.4572,2.54,1.3462,1.651,1.651,1,10,1
2.54,1.9812,108.36,0.4572,2.54,99.25,8,7,9.11,0.2032,1.143,2.54,1.9812,3.175,1.651,3.175,1,30,0
2.54,1.9812,100.99,2.54,1.6002,107.68,7,7,-6.69,0.2032,1.143,2.54,1.6002,3.175,2.794,2.794,1,30,1
1.6764,2.54,112.17,2.54,1.6002,103.51,8,7,8.66,0.2032,1.143,1.6764,2.54,2.8702,2.794,2.8702,1,30,0
1.6764,2.54,105.21,2.286,2.54,112.0,7,7,-6.79,0.2032,1.143,2.286,2.54,2.8702,3.4798,3.4798,1,30,1
1.0668,0.2032,109.12,2.286,2.54,104.28,7,7,4.84,0.762,2.54,1.0668,0.2032,3.2512,2.032,3.2512,3,30,0
1.0668,0.2032,105.81,0.762,2.032,113.22,7,7,-7.41,0.2032,1.143,0.762,2.032,1.8034,1.9558,1.9558,1,20,1
2.54,1.143,108.81,0.762,2.032,106.71,7,7,2.1,0.2032,0.762,2.54,1.143,2.7178,2.3368,2.7178,1,30,0
2.54,1.143,104.13,0.2032,1.6002,116.82,7,7,-12.69,1.6764,0.2032,0.2032,1.6002,1.8034,2.8702,2.8702,2,30,1
1.0668,2.032,113.18,0.2032,1.6002,110.22,8,7,2.96,0.2032,0.762,1.0668,2.032,2.6416,1.3462,2.6416,1,30,0
1.0668,2.032,107.49,0.762,0.2032,112.72,7,7,-5.23,0.2032,0.762,0.762,0.2032,2.6416,1.1176,1.1176,1,10,1
2.54,1.143,112.16,0.762,0.2032,106.11,7,7,6.05,0.2032,0.762,2.54,1.143,2.7178,1.1176,2.7178,1,30,0
2.54,1.143,107.38,1.9812,2.54,113.08,7,8,-5.7,0.2032,1.143,1.9812,2.54,2.3368,3.175,3.175,1,20,1
0.2032,1.6002,115.06,1.9812,2.54,106.47,8,7,8.59,1.6764,2.032,0.2032,1.6002,2.413,0.8128,2.413,2,20,0
0.2032,1.6002,108.86,0.2032,1.6002,107.28,7,7,1.58,1.9812,2.032,0.2032,1.6002,2.7178,2.7178,2.7178,2,30,1
1.6764,2.032,110.18,0.2032,1.6002,103.98,7,7,6.2,0.2032,1.143,1.6764,2.032,2.8702,0.9652,2.8702,1,20,0
1.6764,2.032,106.17,0.2032,1.9812,106.98,7,7,-0.81,0.762,0.2032,0.2032,1.9812,3.2512,2.3368,2.3368,2,20,1
0.2032,1.9812,117.81,0.2032,1.9812,101.9,8,7,15.91,1.6764,0.2032,0.2032,1.9812,3.2512,3.2512,3.2512,2,10,0
0.2032,1.9812,109.98,0.2032,1.6002,110.94,7,8,-0.96,1.0668,0.2032,0.2032,1.6002,2.6416,2.2606,2.2606,2,10,1
0.2032,1.9812,102.92,0.2032,1.6002,120.59,7,8,-17.67,1.6764,0.2032,0.2032,1.6002,3.2512,2.8702,2.8702,2,10,1
1.0668,2.54,108.35,0.2032,1.6002,114.75,7,8,-6.4,0.2032,1.143,1.0668,2.54,2.2606,0.9652,2.2606,1,20,0
0.2032,1.9812,120.4,0.2032,1.6002,104.84,8,7,15.56,1.6764,0.7112,0.2032,1.9812,3.2512,2.8702,3.2512,2,20,0
0.2032,1.9812,112.47,0.762,2.032,111.3,7,8,1.17,0.2032,1.143,0.762,2.032,1.3462,1.9558,1.9558,1,20,1
0.2032,1.9812,107.03,1.0668,0.2032,117.3,7,9,-10.27,0.2032,0.762,1.0668,0.2032,1.7272,1.4224,1.4224,1,10,1
1.6764,0.7112,109.27,1.0668,0.2032,110.54,7,8,-1.27,0.2032,0.762,1.6764,0.7112,2.032,1.4224,2.032,1,10,0
1.6764,0.7112,103.99,0.762,0.2032,113.33,7,8,-9.34,1.9812,0.7112,0.762,0.2032,0.8128,1.7272,1.7272,3,30,1
2.54,1.143,113.39,0.762,0.2032,110.33,8,8,3.06,0.2032,0.762,2.54,1.143,2.7178,1.1176,2.7178,1,10,0
2.54,1.143,105.25,0.2032,1.9812,112.11,7,8,-6.86,0.762,2.032,0.2032,1.9812,3.175,1.1176,1.1176,2,20,1
2.54,1.6002,115.83,0.2032,1.9812,107.59,8,8,8.24,0.2032,0.762,2.54,1.6002,3.175,1.7272,3.175,1,20,0
2.54,1.6002,109.07,1.9812,0.2032,113.79,7,8,-4.72,0.2032,1.143,1.9812,0.2032,2.794,2.7178,2.7178,1,20,1
0.762,0.2032,116.9,1.9812,0.2032,109.87,8,8,7.03,0.2032,1.143,0.762,0.2032,1.4986,2.7178,1.4986,1,30,0
0.762,0.2032,110.29,0.2032,1.9812,115.77,7,8,-5.48,1.6764,2.032,0.2032,1.9812,3.2512,2.032,2.032,2,10,1
1.0668,0.7112,118.11,0.2032,1.9812,110.49,8,8,7.62,0.2032,1.143,1.0668,0.7112,1.8034,1.3462,1.8034,1,20,0
1.0668,0.7112,105.61,2.286,2.54,117.0,7,9,-11.39,2.54,1.9812,2.286,2.54,3.2512,0.8128,0.8128,3,20,1
0.4572,2.54,115.83,2.286,2.54,110.24,8,8,5.59,0.2032,1.143,0.4572,2.54,1.651,3.4798,1.651,1,10,0
2.54,1.9812,122.49,2.286,2.54,102.26,8,8,20.23,0.2032,0.762,2.54,1.9812,3.556,3.8608,3.556,1,10,0
2.54,1.9812,116.59,0.2032,1.6002,108.56,8,8,8.03,0.762,2.032,0.2032,1.6002,2.3368,1.4986,1.4986,2,20,1
2.54,1.9812,110.19,1.6764,0.7112,119.9,8,9,-9.71,1.9812,2.54,1.6764,0.7112,1.1176,3.2512,3.2512,3,30,1
0.2032,1.9812,120.61,1.6764,0.7112,111.76,8,8,8.85,2.286,0.2032,0.2032,1.9812,3.8608,1.1176,3.8608,2,20,0
0.2032,1.9812,111.87,1.0668,2.032,117.0,8,8,-5.13,1.9812,2.032,1.0668,2.032,2.3368,1.4224,1.4224,3,20,1
1.9812,2.032,116.49,1.0668,2.032,114.15,8,8,2.34,0.762,2.54,1.9812,2.032,1.7272,0.8128,1.7272,3,10,0
1.9812,2.032,109.89,1.0668,0.2032,118.83,8,8,-8.94,0.2032,1.143,1.0668,0.2032,3.175,1.8034,1.8034,1,10,1
0.2032,1.9812,120.0,1.0668,0.2032,112.94,8,8,7.06,0.762,0.2032,0.2032,1.9812,2.3368,0.8128,2.3368,2,10,0
0.2032,1.9812,111.72,0.2032,1.6002,118.93,8,8,-7.21,0.762,2.032,0.2032,1.6002,1.1176,1.4986,1.4986,2,30,1
0.2032,1.6002,118.93,0.2032,1.6002,112.17,8,8,6.76,1.6764,2.54,0.2032,1.6002,2.413,2.413,2.413,2,30,0
0.2032,1.6002,113.85,0.2032,1.6002,116.33,8,8,-2.48,0.762,2.54,0.2032,1.6002,1.4986,1.4986,1.4986,2,20,1
0.2032,1.9812,116.08,0.2032,1.6002,111.55,8,8,4.53,0.762,2.54,0.2032,1.9812,1.1176,1.4986,1.1176,2,10,0
0.2032,1.9812,108.82,0.2032,1.9812,116.08,8,8,-7.26,0.762,0.2032,0.2032,1.9812,2.3368,2.3368,2.3368,2,30,1
0.2032,1.6002,119.69,0.2032,1.9812,110.19,8,8,9.5,2.54,1.143,0.2032,1.6002,2.794,3.175,2.794,2,30,0
0.2032,1.6002,112.02,0.2032,1.6002,116.94,8,8,-4.92,1.6764,2.032,0.2032,1.6002,2.413,2.413,2.413,2,10,1
0.2032,1.9812,121.06,0.2032,1.6002,109.27,8,8,11.79,1.9812,2.032,0.2032,1.9812,2.3368,2.7178,2.3368,2,10,0
0.2032,1.9812,113.54,1.9812,0.7112,116.64,8,8,-3.1,2.54,0.762,1.9812,0.7112,3.556,1.1176,1.1176,3,30,1
0.2032,1.6002,121.06,1.9812,0.7112,108.82,8,8,12.24,1.6764,2.032,0.2032,1.6002,2.413,3.2512,2.413,2,30,0
0.2032,1.6002,113.38,0.2032,1.6002,118.37,8,8,-4.99,1.6764,2.032,0.2032,1.6002,2.413,2.413,2.413,2,30,1
1.0668,2.54,118.01,0.2032,1.6002,111.86,8,8,6.15,0.2032,0.762,1.0668,2.54,2.6416,1.3462,2.6416,1,20,0
1.0668,2.54,110.34,0.2032,1.6002,112.68,8,8,-2.34,0.4572,2.54,0.2032,1.6002,1.1176,1.1938,1.1938,2,30,1
0.2032,1.6002,118.01,0.2032,1.6002,105.01,8,8,13.0,1.9812,2.54,0.2032,1.6002,2.7178,2.7178,2.7178,2,30,0
0.2032,1.6002,109.88,1.6764,0.2032,110.09,8,8,-0.21,0.2032,0.762,1.6764,0.2032,1.3462,2.032,2.032,1,30,1
1.6764,2.032,117.39,1.6764,0.2032,105.93,8,8,11.46,0.2032,0.762,1.6764,2.032,3.2512,2.032,3.2512,1,20,0
1.6764,2.032,110.33,1.0668,2.54,110.4,8,8,-0.07,0.2032,1.143,1.0668,2.54,2.8702,2.2606,2.2606,1,30,1
1.6764,2.032,101.74,2.54,1.6002,112.13,7,8,-10.39,1.9812,2.54,2.54,1.6002,0.8128,1.4986,1.4986,3,30,1
0.2032,1.6002,110.02,2.54,1.6002,108.21,7,8,1.81,1.6764,0.7112,0.2032,1.6002,2.8702,2.2606,2.8702,2,30,0
0.2032,1.6002,104.18,0.762,2.54,113.04,7,8,-8.86,0.2032,1.143,0.762,2.54,0.9652,1.9558,1.9558,1,10,1
0.2032,1.9812,107.43,0.762,2.54,108.98,8,8,-1.55,0.4572,2.54,0.2032,1.9812,0.8128,0.8128,0.8128,2,30,0
0.2032,1.9812,99.75,0.762,2.032,107.4,7,8,-7.65,1.0668,2.54,0.762,2.032,1.4224,0.8128,0.8128,3,10,1
0.2032,1.9812,108.19,0.762,2.032,101.05,8,8,7.14,2.54,1.6002,0.2032,1.9812,2.7178,2.7178,2.7178,2,10,0
0.2032,1.9812,101.73,0.2032,1.9812,105.72,7,8,-3.99,1.6764,2.54,0.2032,1.9812,2.032,2.032,2.032,2,30,1
0.762,0.7112,106.36,0.2032,1.9812,99.72,8,8,6.64,0.2032,1.143,0.762,0.7112,1.4986,1.3462,1.4986,1,30,0
0.762,0.7112,99.14,0.2032,1.6002,114.41,7,9,-15.27,2.286,0.2032,0.2032,1.6002,2.032,3.4798,3.4798,2,20,1
0.762,2.032,103.92,0.2032,1.6002,106.68,8,8,-2.76,0.2032,1.143,0.762,2.032,1.9558,0.9652,1.9558,1,20,0
0.762,2.032,96.85,0.762,0.7112,110.44,7,8,-13.59,1.0668,0.2032,0.762,0.7112,3.2512,0.8128,0.8128,3,20,1
2.54,1.143,105.75,0.762,0.7112,103.63,8,8,2.12,0.2032,0.762,2.54,1.143,2.7178,1.1176,2.7178,1,10,0
2.54,1.143,98.99,1.6764,2.54,111.91,7,8,-12.92,0.2032,0.762,1.6764,2.54,2.7178,3.2512,3.2512,1,10,1
1.6764,2.54,110.48,1.6764,2.54,107.59,8,8,2.89,0.2032,0.762,1.6764,2.54,3.2512,3.2512,3.2512,1,10,0
1.6764,2.54,103.16,1.6764,2.54,107.54,7,8,-4.38,1.0668,2.54,1.6764,2.54,1.1176,1.1176,1.1176,3,20,1
1.6764,2.032,113.84,1.6764,2.54,101.19,8,8,12.65,2.54,0.762,1.6764,2.032,2.6416,2.6416,2.6416,3,10,0
1.6764,2.032,107.44,0.2032,1.9812,105.36,8,8,2.08,1.0668,2.54,0.2032,1.9812,1.1176,1.4224,1.4224,2,20,1
1.6764,2.032,99.72,2.286,0.2032,112.42,7,9,-12.7,0.2032,0.762,2.286,0.2032,3.2512,2.6416,2.6416,1,30,1
2.54,1.6002,108.91,2.286,0.2032,105.51,7,8,3.4,0.2032,1.143,2.54,1.6002,2.794,3.0226,2.794,1,30,0
2.54,1.6002,103.99,0.2032,1.9812,111.51,7,8,-7.52,1.0668,0.2032,0.2032,1.9812,2.8702,2.6416,2.6416,2,10,1
0.2032,1.9812,106.22,0.2032,1.9812,108.66,7,8,-2.44,1.6764,2.032,0.2032,1.9812,2.032,2.032,2.032,2,20,0
0.2032,1.9812,103.53,1.0668,2.54,111.81,7,8,-8.28,0.2032,1.143,1.0668,2.54,1.3462,2.2606,2.2606,1,20,1
2.54,1.6002,108.3,1.0668,2.54,104.6,7,8,3.7,0.2032,1.143,2.54,1.6002,2.794,2.2606,2.794,1,30,0
2.54,1.6002,100.63,1.9812,0.2032,114.26,7,9,-13.63,0.2032,0.762,1.9812,0.2032,3.175,2.3368,2.3368,1,30,1
0.2032,1.9812,109.52,1.9812,0.2032,104.9,7,8,4.62,1.9812,0.7112,0.2032,1.9812,3.556,0.508,3.556,2,10,0
0.2032,1.9812,102.15,1.0668,2.032,110.9,7,8,-8.75,0.2032,1.143,1.0668,2.032,1.3462,2.2606,2.2606,1,10,1
1.0668,0.7112,106.77,1.0668,2.032,108.66,7,8,-1.89,0.2032,1.143,1.0668,0.7112,1.8034,2.2606,1.8034,1,10,0
1.0668,0.7112,99.4,1.6764,0.7112,111.51,7,8,-12.11,0.2032,0.762,1.6764,0.7112,1.4224,2.032,2.032,1,20,1
0.2032,1.9812,108.35,1.6764,0.7112,109.28,7,8,-0.93,2.54,1.6002,0.2032,1.9812,2.7178,2.2606,2.7178,2,10,0
0.2032,1.9812,103.06,0.2032,1.6002,110.54,7,8,-7.48,1.6764,0.7112,0.2032,1.6002,3.2512,2.8702,2.8702,2,10,1
0.2032,1.6002,109.72,0.2032,1.6002,101.7,7,7,8.02,2.54,1.143,0.2032,1.6002,2.794,2.794,2.794,2,30,0
0.2032,1.6002,103.98,0.2032,1.9812,114.35,7,8,-10.37,1.9812,2.032,0.2032,1.9812,2.7178,2.3368,2.3368,2,10,1
