batch_id,group_id,task_id,batch_position,batch_size,r1_next_x,r1_next_y,r1_tuf,r2_next_x,r2_next_y,r2_tuf,r1_queue_length,r2_queue_length,tuf_difference,task_pl_x,task_pl_y,task_dl_x,task_dl_y,r1_dist_to_pickup,r2_dist_to_pickup,task_dist_to_dropoff,task_type,deadline,assigned_robot,sequence_rank,rank_label,batch_min_deadline,batch_avg_deadline,deadline_gap,group_size,avg_pickup_distance_to_others,nearest_pickup_distance,avg_dropoff_to_pickup_distance,nearest_dropoff_to_pickup_distance,estimated_completion_time,deadline_margin,deadline_margin_rank,completion_time_rank,deadline_margin_difference,lateness_rank
B00001,B00001_R2,1,1,10,1.3716,0.2032,0.0,1.3716,2.54,0.0,0,0,0.0,1.9812,0.7112,0.2032,1.6002,1.1176,2.9464,3.175,2,300,1,4,1,300,300.0,0,5,2.2730648303046554,1.7206508187310987,1.3473147040823645,0.8382000000000001,6.1213999999999995,293.8786,1.0,5.0,0.0,5.0
B00001,B00001_R2,2,2,10,1.3716,0.2032,0.0,1.3716,2.54,0.0,0,0,0.0,1.0668,0.7112,0.2032,1.9812,0.8128,2.6416,2.6416,2,300,1,5,0,300,300.0,0,5,1.2221949832674917,0.6138187354586042,1.490215914166386,0.8382000000000001,5.2832,294.7168,2.0,4.0,0.8381999999999721,4.0
B00001,B00001_R1,3,3,10,1.3716,0.2032,0.0,1.3716,2.54,0.0,0,0,0.0,2.54,1.6002,0.2032,1.9812,2.5654,2.1082,2.7178,2,300,0,3,2,300,300.0,0,5,1.0861997914691712,0.7935213670721161,1.2630257914280918,0.45720000000000005,5.2832,294.7168,1.0,5.0,0.0,5.0
B00001,B00001_R1,4,4,10,1.3716,0.2032,0.0,1.3716,2.54,0.0,0,0,0.0,0.4572,0.2032,0.2032,1.9812,1.4224,3.2512,2.032,2,300,0,4,1,300,300.0,0,5,1.1752899060387643,0.381,2.0372042157608163,1.276334203882353,3.4544,296.5456,4.0,2.0,1.828800000000001,2.0
B00001,B00001_R2,5,5,10,1.3716,0.2032,0.0,1.3716,2.54,0.0,0,0,0.0,2.54,0.762,1.6764,0.2032,1.7272,2.9464,1.4224,3,300,1,3,2,300,300.0,0,5,1.085623395408438,0.381,1.5057768232391036,1.2394054865135946,4.3688,295.6312,4.0,2.0,1.7525999999999726,2.0
B00001,B00001_R1,6,6,10,1.3716,0.2032,0.0,1.3716,2.54,0.0,0,0,0.0,1.0668,0.7112,0.2032,1.6002,0.8128,2.6416,2.2606,2,300,0,1,4,300,300.0,0,5,1.2898030226986834,0.5611043396731128,1.6160498785052155,0.45720000000000005,3.0734000000000004,296.9266,5.0,1.0,2.2098000000000297,1.0
B00001,B00001_R2,7,7,10,1.3716,0.2032,0.0,1.3716,2.54,0.0,0,0,0.0,2.286,2.54,0.2032,1.9812,3.2512,1.4224,2.6416,2,300,1,1,4,300,300.0,0,5,1.3879884530169058,0.9144000000000001,1.953845266458202,0.8382000000000001,4.064,295.936,5.0,1.0,2.057399999999973,1.0
B00001,B00001_R2,8,8,10,1.3716,0.2032,0.0,1.3716,2.54,0.0,0,0,0.0,0.2032,1.143,1.6764,0.2032,2.1082,2.5654,2.413,1,300,1,2,3,300,300.0,0,5,1.5497218075743069,0.5611043396731128,1.3870973218520875,0.5924247125162826,4.9784,295.0216,3.0,3.0,1.1429999999999723,3.0
B00001,B00001_R1,9,9,10,1.3716,0.2032,0.0,1.3716,2.54,0.0,0,0,0.0,0.2032,1.143,1.6764,2.54,2.1082,2.5654,2.8702,1,300,0,2,3,300,300.0,0,5,2.0889854305891484,1.7960512242138307,1.7986825384566143,0.8382000000000001,4.978400000000001,295.0216,2.0,4.0,0.3048000000000002,4.0
B00001,B00001_R1,10,10,10,1.3716,0.2032,0.0,1.3716,2.54,0.0,0,0,0.0,0.2032,0.762,1.0668,2.032,1.7272,2.9464,2.6416,1,300,0,5,0,300,300.0,0,5,1.9176980926265166,0.9655341526844091,1.2073930280442597,0.5924247125162826,4.3688,295.6312,3.0,3.0,0.9144000000000005,3.0
B00002,B00002_R1,11,1,10,1.0668,2.032,34.27,0.2032,1.9812,40.88,2,2,-6.61,2.54,1.143,2.54,0.762,2.8702,3.175,0.889,3,300,0,3,2,300,300.0,0,5,1.4796012284387743,0.9655341526844093,1.5158672145195475,0.8650928273890613,38.0292,261.9708,4.0,1.0,2.7432000000000016,1.0
B00002,B00002_R2,12,2,10,1.0668,2.032,34.27,0.2032,1.9812,40.88,2,2,-6.61,1.6764,0.2032,0.2032,1.9812,2.9464,3.2512,3.2512,2,300,1,5,0,300,300.0,0,5,1.5492445224565485,1.0500373517165948,1.7956598215899753,1.2192,47.3824,252.6176,1.0,5.0,0.0,5.0
B00002,B00002_R2,13,3,10,1.0668,2.032,34.27,0.2032,1.9812,40.88,2,2,-6.61,0.2032,0.762,1.9812,0.2032,2.6416,1.7272,2.3368,1,300,1,4,1,300,300.0,0,5,1.1011807058650027,0.6095999999999999,1.754078794285723,1.2192,44.944,255.05599999999998,4.0,2.0,2.438399999999973,2.0
B00002,B00002_R1,14,4,10,1.0668,2.032,34.27,0.2032,1.9812,40.88,2,2,-6.61,1.9812,2.032,0.2032,1.9812,1.4224,2.3368,2.3368,2,300,0,1,4,300,300.0,0,5,1.1540768058896935,0.6095999999999999,1.0958068922377304,0.0,38.0292,261.9708,4.0,1.0,2.7432000000000016,1.0
B00002,B00002_R2,15,5,10,1.0668,2.032,34.27,0.2032,1.9812,40.88,2,2,-6.61,0.762,2.54,0.2032,1.6002,0.8128,1.1176,1.4986,2,300,1,1,4,300,300.0,0,5,1.722953777907043,0.8650928273890611,1.5344990993475354,0.5924247125162825,43.49620000000001,256.5038,5.0,1.0,3.8862000000000023,1.0
B00002,B00002_R2,16,6,10,1.0668,2.032,34.27,0.2032,1.9812,40.88,2,2,-6.61,1.6764,2.032,0.2032,1.6002,1.1176,2.032,2.413,2,300,1,3,2,300,300.0,0,5,1.9152982027346335,1.5756191417979153,1.0804345351286129,0.7902625386540855,45.325,254.675,2.0,4.0,2.0574000000000012,4.0
B00002,B00002_R1,17,7,10,1.0668,2.032,34.27,0.2032,1.9812,40.88,2,2,-6.61,1.6764,0.7112,0.2032,1.9812,2.9464,3.2512,3.2512,2,300,0,4,1,300,300.0,0,5,1.4413531870412668,0.381,1.7014135478863912,0.3048000000000002,40.4676,259.5324,2.0,3.0,0.3048000000000002,3.0
B00002,B00002_R2,18,8,10,1.0668,2.032,34.27,0.2032,1.9812,40.88,2,2,-6.61,0.2032,1.143,2.54,1.6002,2.2606,1.3462,2.794,1,300,1,2,3,300,300.0,0,5,1.7309324730762623,1.046036022324279,1.215207585954215,0.45720000000000005,45.0202,254.9798,3.0,3.0,2.3622000000000014,3.0
B00002,B00002_R1,19,9,10,1.0668,2.032,34.27,0.2032,1.9812,40.88,2,2,-6.61,1.0668,0.7112,2.54,1.143,2.9464,2.6416,2.413,3,300,0,2,3,300,300.0,0,5,1.6351341291283914,1.046036022324279,1.1047584390285634,0.45720000000000005,39.6294,260.3706,3.0,2.0,1.143000000000029,2.0
B00002,B00002_R1,20,10,10,1.0668,2.032,34.27,0.2032,1.9812,40.88,2,2,-6.61,0.2032,0.762,2.286,2.54,2.6416,1.7272,3.8608,1,300,0,5,0,300,300.0,0,5,1.338426160756668,0.381,1.7753982442471012,0.9655341526844093,40.7724,259.2276,1.0,4.0,0.0,4.0
B00003,B00003_R2,21,1,9,2.286,2.54,0.0,0.2032,1.9812,0.0,0,0,0.0,0.762,2.032,0.2032,1.9812,2.032,1.1176,1.1176,2,300,1,4,1,300,300.0,0,5,1.7382814498311463,1.6064370513655368,1.2844837414046102,0.8382000000000001,2.2352,297.7648,5.0,1.0,3.352800000000002,1.0
B00003,B00003_R2,22,2,9,2.286,2.54,0.0,0.2032,1.9812,0.0,0,0,0.0,0.762,0.2032,1.6764,2.032,3.8608,2.3368,3.2512,3,300,1,1,4,300,300.0,0,5,1.0614003803469843,0.381,1.9621182396817252,1.3208,5.588,294.412,1.0,5.0,0.0,5.0
B00003,B00003_R2,23,3,9,2.286,2.54,0.0,0.2032,1.9812,0.0,0,0,0.0,0.4572,2.54,0.762,0.7112,2.3368,0.8128,2.6416,3,300,1,2,3,300,300.0,0,5,1.0645917319927902,0.6138187354586042,1.4141302059429426,0.8382000000000001,3.4543999999999997,296.5456,4.0,2.0,2.1336000000000013,2.0
B00003,B00003_R1,24,4,9,2.286,2.54,0.0,0.2032,1.9812,0.0,0,0,0.0,1.9812,0.7112,0.2032,1.9812,2.6416,3.556,3.556,2,300,0,1,3,300,300.0,0,4,0.9245147672332609,0.381,1.9796879451393437,1.0500373517165948,6.1975999999999996,293.8024,3.0,1.0,0.8381999999999721,1.0
B00003,B00003_R2,25,5,9,2.286,2.54,0.0,0.2032,1.9812,0.0,0,0,0.0,0.2032,0.762,0.762,2.54,3.8608,1.7272,2.3368,1,300,1,3,2,300,300.0,0,5,1.21469062326541,0.5924247125162825,1.1337406665918923,0.6138187354586042,4.064,295.936,3.0,3.0,1.524000000000001,3.0
B00003,B00003_R1,26,6,9,2.286,2.54,0.0,0.2032,1.9812,0.0,0,0,0.0,0.2032,1.143,1.9812,2.032,3.4798,1.3462,3.175,1,300,0,4,0,300,300.0,0,4,1.5172594299798683,0.7902625386540855,1.4752251235473213,0.9143999999999999,6.6548,293.3452,2.0,3.0,0.3809999999999718,2.0
B00003,B00003_R1,27,7,9,2.286,2.54,0.0,0.2032,1.9812,0.0,0,0,0.0,0.4572,0.2032,0.2032,1.9812,4.1656,2.032,2.032,2,300,0,2,2,300,300.0,0,4,1.5412433816515747,0.5924247125162825,0.7740243573538927,0.508,6.1976,293.8024,3.0,2.0,0.8381999999999721,1.0
B00003,B00003_R2,28,8,9,2.286,2.54,0.0,0.2032,1.9812,0.0,0,0,0.0,0.2032,1.143,1.9812,2.032,3.4798,1.3462,3.175,1,300,1,5,0,300,300.0,0,5,1.0887035479241698,0.381,1.1635537617783451,0.3048,4.5212,295.4788,2.0,4.0,1.0668000000000006,4.0
B00003,B00003_R1,29,9,9,2.286,2.54,0.0,0.2032,1.9812,0.0,0,0,0.0,0.2032,0.762,2.54,1.6002,3.8608,1.7272,3.175,1,300,0,3,1,300,300.0,0,4,0.9860803186326326,0.381,1.802142931679303,1.2192,7.0358,292.9642,1.0,4.0,0.0,3.0
B00004,B00004_R1,30,1,10,1.9812,2.032,65.93,1.9812,2.032,69.34,3,4,-3.41,0.2032,1.143,1.6764,2.032,3.175,3.175,2.8702,1,300,0,5,0,300,300.0,0,5,1.0482498485352578,0.381,1.766231342537818,1.3208,71.9752,228.0248,2.0,3.0,0.4572000000000003,3.0
B00004,B00004_R2,31,2,10,1.9812,2.032,65.93,1.9812,2.032,69.34,3,4,-3.41,0.2032,0.762,0.762,2.54,3.556,3.556,2.3368,1,300,1,4,1,300,300.0,0,5,2.1321061576231446,1.8637439309089647,0.9726046838646512,0.6138187354586042,75.2328,224.7672,2.0,3.0,0.22860000000000014,3.0
B00004,B00004_R1,32,3,10,1.9812,2.032,65.93,1.9812,2.032,69.34,3,4,-3.41,1.9812,0.2032,0.2032,1.9812,2.9464,2.9464,3.556,2,300,0,4,1,300,300.0,0,5,1.010198788780699,0.0,2.058302714975733,0.7902625386540855,72.4324,227.5676,1.0,4.0,0.0,4.0
B00004,B00004_R1,33,4,10,1.9812,2.032,65.93,1.9812,2.032,69.34,3,4,-3.41,0.2032,0.762,2.54,0.762,3.556,3.556,2.9464,1,300,0,3,2,300,300.0,0,5,1.950461538596503,1.4199031657123664,1.0986926786187843,0.45720000000000005,72.4324,227.5676,1.0,4.0,0.0,4.0
B00004,B00004_R2,34,5,10,1.9812,2.032,65.93,1.9812,2.032,69.34,3,4,-3.41,0.762,2.032,1.6764,2.54,1.7272,1.7272,1.4224,3,300,1,5,0,300,300.0,0,5,1.010198788780699,0.0,1.5772227304760869,0.3048,72.4896,227.5104,4.0,1.0,2.9718000000000018,1.0
B00004,B00004_R1,35,6,10,1.9812,2.032,65.93,1.9812,2.032,69.34,3,4,-3.41,0.4572,2.54,0.2032,1.6002,2.032,2.032,1.1938,2,300,0,2,3,300,300.0,0,5,0.9058940076722821,0.381,1.3904726632131421,0.508,69.1558,230.8442,4.0,1.0,3.276600000000002,1.0
B00004,B00004_R2,36,7,10,1.9812,2.032,65.93,1.9812,2.032,69.34,3,4,-3.41,0.2032,1.143,1.0668,2.032,3.175,3.175,2.2606,1,300,1,1,4,300,300.0,0,5,1.2735030459068721,1.0500373517165948,2.0495830629164087,1.8288,74.7756,225.2244,3.0,2.0,0.6858000000000004,2.0
B00004,B00004_R2,37,8,10,1.9812,2.032,65.93,1.9812,2.032,69.34,3,4,-3.41,1.6764,0.7112,0.2032,1.6002,3.2512,3.2512,2.8702,2,300,1,3,2,300,300.0,0,5,0.7415536741301927,0.0,1.1336759246645247,0.30479999999999996,75.4614,224.5386,1.0,4.0,0.0,4.0
B00004,B00004_R2,38,9,10,1.9812,2.032,65.93,1.9812,2.032,69.34,3,4,-3.41,0.2032,1.143,2.54,0.762,3.175,3.175,2.7178,1,300,1,2,3,300,300.0,0,5,1.5377168357085633,1.4740756018603658,0.6146982724356147,0.45720000000000005,75.2328,224.7672,2.0,3.0,0.22860000000000014,3.0
B00004,B00004_R1,39,10,10,1.9812,2.032,65.93,1.9812,2.032,69.34,3,4,-3.41,0.2032,0.762,0.762,2.54,3.556,3.556,2.3368,1,300,0,1,4,300,300.0,0,5,0.7415536741301927,0.0,1.9386348774419515,0.8650928273890613,71.8228,228.1772,3.0,2.0,0.6096000000000004,2.0
B00005,B00005_R1,40,1,9,1.6764,2.032,83.95,1.6764,2.54,110.21,4,5,-26.26,2.54,1.143,0.4572,2.54,2.2606,2.2606,3.4798,3,300,0,5,0,300,300.0,0,5,1.8788095428308063,1.4199031657123664,2.005075505128486,1.4199031657123664,89.6904,210.3096,1.0,5.0,0.0,5.0
B00005,B00005_R1,41,2,9,1.6764,2.032,83.95,1.6764,2.54,110.21,4,5,-26.26,2.286,2.54,0.2032,1.6002,1.1176,1.1176,3.0226,2,300,0,1,4,300,300.0,0,5,2.338349017806342,1.4199031657123664,1.496325421629761,0.45720000000000005,88.0902,211.90980000000002,5.0,1.0,1.6002000000000294,1.0
B00005,B00005_R1,42,3,9,1.6764,2.032,83.95,1.6764,2.54,110.21,4,5,-26.26,0.2032,1.143,1.9812,0.2032,2.8702,2.8702,2.7178,1,300,0,4,1,300,300.0,0,5,1.8036088455922348,1.0933807571015688,1.395893795316347,0.9144000000000001,89.538,210.462,2.0,4.0,0.1524000000000001,4.0
B00005,B00005_R2,43,4,9,1.6764,2.032,83.95,1.6764,2.54,110.21,4,5,-26.26,1.6764,2.032,0.2032,1.6002,0.0,0.508,2.413,2,300,1,1,3,300,300.0,0,4,1.5497793814440541,0.30479999999999996,1.3054893315498362,0.7935213670721161,113.13099999999999,186.86900000000003,4.0,1.0,3.048000000000002,1.0
B00005,B00005_R2,44,5,9,1.6764,2.032,83.95,1.6764,2.54,110.21,4,5,-26.26,1.9812,2.54,0.2032,1.6002,0.8128,0.8128,2.7178,2,300,1,4,0,300,300.0,0,4,1.4910762312366375,0.30479999999999996,1.6569832795377448,0.45720000000000005,113.74059999999999,186.25940000000003,3.0,2.0,2.4384000000000015,2.0
B00005,B00005_R1,45,6,9,1.6764,2.032,83.95,1.6764,2.54,110.21,4,5,-26.26,0.762,0.2032,1.6764,0.7112,3.2512,3.2512,1.4224,3,300,0,2,3,300,300.0,0,5,1.258959958162688,0.5924247125162826,1.743467430248361,0.8382000000000001,88.6236,211.3764,4.0,2.0,1.0668000000000006,2.0
B00005,B00005_R1,46,7,9,1.6764,2.032,83.95,1.6764,2.54,110.21,4,5,-26.26,1.0668,0.2032,0.2032,1.6002,2.9464,2.9464,2.2606,2,300,0,3,2,300,300.0,0,5,1.537170491176342,0.5924247125162826,1.5848278023735312,0.8382000000000001,89.157,210.84300000000002,3.0,3.0,0.5334000000000287,3.0
B00005,B00005_R2,47,8,9,1.6764,2.032,83.95,1.6764,2.54,110.21,4,5,-26.26,2.54,1.143,0.762,2.032,2.2606,2.2606,3.175,3,300,1,3,1,300,300.0,0,4,1.7038921993922973,1.2394054865135946,1.2075668096095875,0.9143999999999999,115.64559999999999,184.3544,2.0,3.0,0.5333999999999719,3.0
B00005,B00005_R2,48,9,9,1.6764,2.032,83.95,1.6764,2.54,110.21,4,5,-26.26,0.2032,0.762,2.54,1.143,3.2512,3.2512,2.7178,1,300,1,2,2,300,300.0,0,4,2.2757258179691555,1.9450496754581872,0.9146735112089918,0.0,116.17899999999999,183.82100000000003,1.0,4.0,0.0,4.0
B00006,B00006_R2,49,1,10,0.4572,2.54,121.54,0.2032,1.6002,107.49,6,6,14.05,0.2032,0.762,1.0668,0.7112,2.032,1.3462,1.4224,1,300,1,4,2,300,300.0,0,6,2.347085354849973,2.3368,1.7537989741154039,1.6423805770892446,110.25859999999999,189.7414,4.0,1.0,1.1429999999999723,1.0
B00006,B00006_R2,50,2,10,0.4572,2.54,121.54,0.2032,1.6002,107.49,6,6,14.05,0.2032,1.143,2.54,0.762,1.651,0.9652,2.7178,1,300,1,3,3,300,300.0,0,6,0.9059333333333335,0.0,1.773629360367502,0.45720000000000005,111.17299999999999,188.827,2.0,3.0,0.22859999999997171,3.0
B00006,B00006_R2,51,3,10,0.4572,2.54,121.54,0.2032,1.6002,107.49,6,6,14.05,0.762,2.54,1.6764,2.032,0.8128,1.4986,1.4224,3,300,1,6,0,300,300.0,0,6,0.9059333333333335,0.0,1.5331307076208205,1.276334203882353,110.41099999999999,189.589,3.0,2.0,0.9905999999999722,2.0
B00006,B00006_R1,52,4,10,0.4572,2.54,121.54,0.2032,1.6002,107.49,6,6,14.05,2.54,1.143,1.0668,2.54,3.4798,2.794,2.8702,3,300,0,2,2,300,300.0,0,4,1.0432186881833057,0.381,1.5602357079919305,1.2394054865135946,127.89,172.11,1.0,4.0,0.0,4.0
B00006,B00006_R2,53,5,10,0.4572,2.54,121.54,0.2032,1.6002,107.49,6,6,14.05,0.762,0.2032,0.2032,1.6002,2.6416,1.9558,1.9558,2,300,1,2,4,300,300.0,0,6,0.60700129391261,0.0,1.0284341078427421,0.5924247125162825,111.40159999999999,188.59840000000003,1.0,4.0,0.0,4.0
B00006,B00006_R2,54,6,10,0.4572,2.54,121.54,0.2032,1.6002,107.49,6,6,14.05,0.2032,0.762,0.762,2.54,2.032,1.3462,2.3368,1,300,1,5,1,300,300.0,0,6,0.7481991608429899,0.381,2.2777231289616657,1.8637439309089647,111.17299999999999,188.827,2.0,3.0,0.22859999999997171,3.0
B00006,B00006_R2,55,7,10,0.4572,2.54,121.54,0.2032,1.6002,107.49,6,6,14.05,0.2032,0.762,1.0668,0.7112,2.032,1.3462,1.4224,1,300,1,1,5,300,300.0,0,6,1.886529367968055,1.5046150471133806,1.9200920807462936,1.7206508187310985,110.25859999999999,189.7414,4.0,1.0,1.1429999999999723,1.0
B00006,B00006_R1,56,8,10,0.4572,2.54,121.54,0.2032,1.6002,107.49,6,6,14.05,0.2032,1.143,2.54,1.6002,1.651,0.9652,2.794,1,300,0,1,3,300,300.0,0,4,1.1601936746127648,0.7902625386540855,0.8130361514203137,0.45720000000000005,125.985,174.015,3.0,2.0,1.9049999999999727,2.0
B00006,B00006_R1,57,9,10,0.4572,2.54,121.54,0.2032,1.6002,107.49,6,6,14.05,0.2032,1.143,1.6764,0.2032,1.651,0.9652,2.413,1,300,0,3,1,300,300.0,0,4,0.60700129391261,0.0,1.513780581786262,0.0,125.604,174.39600000000002,4.0,1.0,2.2860000000000014,1.0
B00006,B00006_R1,58,10,10,0.4572,2.54,121.54,0.2032,1.6002,107.49,6,6,14.05,0.2032,0.762,1.6764,2.032,2.032,1.3462,3.2512,1,300,0,4,0,300,300.0,0,4,0.60700129391261,0.0,1.0284341078427421,0.5924247125162825,126.8232,173.17680000000001,2.0,3.0,1.0668000000000006,3.0
B00007,B00007_R1,59,1,10,1.6764,2.032,148.0,1.6764,2.032,152.18,7,8,-4.18,0.2032,0.762,1.0668,0.7112,3.2512,3.2512,1.4224,1,300,0,5,0,300,300.0,0,5,1.886780987735801,0.381,1.5847049122418082,0.9655341526844091,152.67360000000002,147.32639999999998,2.0,4.0,0.6096000000000004,4.0
B00007,B00007_R2,60,2,10,1.6764,2.032,148.0,1.6764,2.032,152.18,7,8,-4.18,0.2032,1.143,0.762,0.7112,2.8702,2.8702,1.4986,1,300,1,4,1,300,300.0,0,5,1.7476693256081335,0.381,1.8076658082337527,1.3208,156.54880000000003,143.45119999999997,3.0,3.0,0.9144000000000005,3.0
B00007,B00007_R1,61,3,10,1.6764,2.032,148.0,1.6764,2.032,152.18,7,8,-4.18,0.2032,1.143,0.4572,2.54,2.8702,2.8702,1.651,1,300,0,3,2,300,300.0,0,5,1.700685410735286,0.9655341526844093,1.278897338381339,0.45720000000000005,152.52120000000002,147.47879999999998,3.0,3.0,0.7620000000000005,3.0
B00007,B00007_R2,62,4,10,1.6764,2.032,148.0,1.6764,2.032,152.18,7,8,-4.18,2.54,1.6002,0.2032,1.6002,1.8034,1.8034,2.3368,2,300,1,3,2,300,300.0,0,5,1.7533633635775732,0.7935213670721163,1.5733006558801748,0.6138187354586042,156.32020000000003,143.67979999999997,4.0,2.0,1.1430000000000007,2.0
B00007,B00007_R2,63,5,10,1.6764,2.032,148.0,1.6764,2.032,152.18,7,8,-4.18,0.2032,1.143,1.6764,0.2032,2.8702,2.8702,2.413,1,300,1,2,3,300,300.0,0,5,1.3561890034864528,0.7935213670721163,1.645378642167974,0.8382000000000001,157.46320000000003,142.53679999999997,1.0,5.0,0.0,5.0
B00007,B00007_R2,64,6,10,1.6764,2.032,148.0,1.6764,2.032,152.18,7,8,-4.18,0.2032,0.762,1.0668,0.2032,3.2512,3.2512,1.4224,1,300,1,5,0,300,300.0,0,5,1.317506620925359,0.0,1.408931490657308,0.5611043396731128,156.85360000000003,143.14639999999997,2.0,4.0,0.6096000000000004,4.0
B00007,B00007_R2,65,7,10,1.6764,2.032,148.0,1.6764,2.032,152.18,7,8,-4.18,2.286,2.54,0.2032,1.9812,1.1176,1.1176,2.6416,2,300,1,1,4,300,300.0,0,5,2.0545783881432884,0.9735194091542294,1.0094030021802949,0.45720000000000005,155.93920000000003,144.06079999999997,5.0,1.0,1.524000000000001,1.0
B00007,B00007_R1,66,8,10,1.6764,2.032,148.0,1.6764,2.032,152.18,7,8,-4.18,2.54,1.6002,0.2032,1.6002,1.8034,1.8034,2.3368,2,300,0,2,3,300,300.0,0,5,1.317506620925359,0.0,1.8451107316767779,1.5756191417979153,152.14020000000002,147.85979999999998,4.0,2.0,1.1430000000000007,2.0
B00007,B00007_R1,67,9,10,1.6764,2.032,148.0,1.6764,2.032,152.18,7,8,-4.18,2.286,2.54,0.4572,0.2032,1.1176,1.1176,4.1656,3,300,0,4,1,300,300.0,0,5,1.4957685688712543,0.381,1.8046633376648484,1.276334203882353,153.28320000000002,146.71679999999998,1.0,5.0,0.0,5.0
B00007,B00007_R1,68,10,10,1.6764,2.032,148.0,1.6764,2.032,152.18,7,8,-4.18,1.6764,2.032,0.2032,1.9812,0.0,0.0,2.032,2,300,0,1,4,300,300.0,0,5,2.1819631271557984,0.9735194091542294,1.3158140161374792,0.8382000000000001,150.032,149.968,5.0,1.0,3.2512000000000114,1.0
B00008,B00008_R2,69,1,10,1.0668,0.7112,215.53,1.0668,0.2032,221.42,10,12,-5.89,0.2032,0.762,1.6764,0.7112,1.4224,1.4224,2.032,1,300,1,5,0,300,300.0,0,5,1.4258260736550992,0.381,1.738379075190545,1.0933807571015688,224.8744,75.12559999999999,4.0,2.0,2.1336000000000013,2.0
B00008,B00008_R1,70,2,10,1.0668,0.7112,215.53,1.0668,0.2032,221.42,10,12,-5.89,0.2032,1.143,2.54,1.143,1.8034,1.8034,2.3368,1,300,0,3,2,300,300.0,0,5,2.102396054215119,1.8637439309089647,1.0031723295427808,0.45720000000000005,219.67020000000002,80.32979999999998,4.0,2.0,0.5334000000000003,2.0
B00008,B00008_R1,71,3,10,1.0668,0.7112,215.53,1.0668,0.2032,221.42,10,12,-5.89,1.9812,0.2032,0.2032,1.6002,1.4224,1.4224,3.175,2,300,0,2,3,300,300.0,0,5,1.5366790184092727,0.381,1.6364600714878783,0.0,220.12740000000002,79.87259999999998,2.0,4.0,0.07620000000000005,4.0
B00008,B00008_R1,72,4,10,1.0668,0.7112,215.53,1.0668,0.2032,221.42,10,12,-5.89,0.2032,0.762,1.9812,0.2032,1.4224,1.4224,2.3368,1,300,0,1,4,300,300.0,0,5,2.108310607093625,1.3208,1.2811684093137574,0.30479999999999996,219.28920000000002,80.71079999999998,5.0,1.0,0.9144000000000005,1.0
B00008,B00008_R2,73,5,10,1.0668,0.7112,215.53,1.0668,0.2032,221.42,10,12,-5.89,0.2032,1.143,0.4572,0.2032,1.8034,1.8034,1.1938,1,300,1,4,1,300,300.0,0,5,1.4890704595170514,1.0500373517165948,1.608903911202082,0.8382000000000001,224.4172,75.58279999999999,5.0,1.0,2.5908000000000015,1.0
B00008,B00008_R2,74,6,10,1.0668,0.7112,215.53,1.0668,0.2032,221.42,10,12,-5.89,2.286,0.2032,0.2032,1.9812,1.7272,1.7272,3.8608,2,300,1,2,3,300,300.0,0,5,1.0833774320839524,0.0,1.5001795928148765,0.7935213670721163,227.008,72.99199999999999,1.0,5.0,0.0,5.0
B00008,B00008_R1,75,7,10,1.0668,0.7112,215.53,1.0668,0.2032,221.42,10,12,-5.89,1.9812,2.54,1.0668,2.032,3.2512,3.2512,1.4224,3,300,0,4,1,300,300.0,0,5,1.1167287936083865,0.381,1.348309367729302,0.6138187354586042,220.20360000000002,79.79639999999998,1.0,5.0,0.0,5.0
B00008,B00008_R1,76,8,10,1.0668,0.7112,215.53,1.0668,0.2032,221.42,10,12,-5.89,0.762,2.032,0.2032,1.9812,3.2512,3.2512,1.1176,2,300,0,5,0,300,300.0,0,5,2.3913188130600043,2.1564585041219786,0.9726046838646512,0.6138187354586042,219.89880000000002,80.10119999999998,3.0,3.0,0.3048000000000002,3.0
B00008,B00008_R2,77,9,10,1.0668,0.7112,215.53,1.0668,0.2032,221.42,10,12,-5.89,0.2032,0.762,2.286,0.2032,1.4224,1.4224,2.6416,1,300,1,1,4,300,300.0,0,5,1.0833774320839524,0.0,1.8522041870295096,0.0,225.484,74.51599999999999,2.0,4.0,1.524000000000001,4.0
B00008,B00008_R2,78,10,10,1.0668,0.7112,215.53,1.0668,0.2032,221.42,10,12,-5.89,0.4572,2.54,0.2032,1.9812,2.9464,2.9464,0.8128,2,300,1,3,2,300,300.0,0,5,1.994837962353727,1.4199031657123664,1.5037730641747327,0.8382000000000001,225.1792,74.82079999999999,3.0,3.0,1.828800000000001,3.0
B00009,B00009_R2,79,1,10,0.2032,1.9812,265.6,1.6764,0.7112,273.51,13,15,-7.91,0.2032,0.762,2.286,2.54,1.7272,2.032,3.8608,1,300,1,5,0,300,300.0,0,5,0.43920468386465106,0.381,2.0860393493020717,1.987864431997313,279.40279999999996,20.597200000000043,2.0,4.0,0.07620000000002847,4.0
B00009,B00009_R2,80,2,10,0.2032,1.9812,265.6,1.6764,0.7112,273.51,13,15,-7.91,0.2032,0.762,1.9812,2.54,1.7272,2.032,3.556,1,300,1,3,2,300,300.0,0,5,0.883594240730323,0.6138187354586042,0.9334500000000001,0.8382000000000001,279.09799999999996,20.902000000000044,3.0,3.0,0.38100000000002865,3.0
B00009,B00009_R2,81,3,10,0.2032,1.9812,265.6,1.6764,0.7112,273.51,13,15,-7.91,1.9812,2.54,0.2032,1.6002,2.3368,3.2512,2.7178,2,300,1,4,1,300,300.0,0,5,0.33862985228855735,0.0,1.9191003382459924,1.6423805770892446,279.479,20.521000000000015,1.0,5.0,0.0,5.0
B00009,B00009_R1,82,4,10,0.2032,1.9812,265.6,1.6764,0.7112,273.51,13,15,-7.91,0.2032,0.762,1.9812,2.032,1.7272,2.032,3.556,1,300,0,5,0,300,300.0,0,5,0.33862985228855735,0.0,0.8974206249574989,0.7935213670721161,270.8832,29.116800000000012,1.0,5.0,0.0,5.0
B00009,B00009_R1,83,5,10,0.2032,1.9812,265.6,1.6764,0.7112,273.51,13,15,-7.91,0.4572,0.2032,0.2032,1.9812,2.032,1.7272,2.032,2,300,0,2,3,300,300.0,0,5,0.33862985228855735,0.0,2.5848470595382764,2.4825820187860868,269.664,30.336000000000013,3.0,3.0,1.2192000000000007,3.0
B00009,B00009_R2,84,6,10,0.2032,1.9812,265.6,1.6764,0.7112,273.51,13,15,-7.91,1.6764,0.7112,0.2032,1.9812,3.2512,0.0,3.2512,2,300,1,2,3,300,300.0,0,5,1.4418182205002268,0.0,1.706260684393118,0.30479999999999996,276.7612,23.238800000000026,4.0,2.0,2.717800000000011,2.0
B00009,B00009_R1,85,7,10,0.2032,1.9812,265.6,1.6764,0.7112,273.51,13,15,-7.91,0.2032,1.143,1.0668,2.54,1.3462,2.413,2.2606,1,300,0,3,2,300,300.0,0,5,1.4418182205002268,0.0,1.5493244332835652,0.0,269.20680000000004,30.793199999999956,4.0,2.0,1.6763999999999442,2.0
B00009,B00009_R1,86,8,10,0.2032,1.9812,265.6,1.6764,0.7112,273.51,13,15,-7.91,0.2032,1.143,1.0668,0.7112,1.3462,2.413,1.8034,1,300,0,1,4,300,300.0,0,5,2.1779423617584057,1.8288,1.346228812682103,0.8382000000000001,268.74960000000004,31.250399999999956,5.0,1.0,2.1335999999999444,1.0
B00009,B00009_R2,87,9,10,0.2032,1.9812,265.6,1.6764,0.7112,273.51,13,15,-7.91,1.9812,0.7112,2.286,0.2032,3.556,0.8128,0.8128,3,300,1,1,4,300,300.0,0,5,1.2767443057389074,0.3048000000000002,1.621783637184448,1.2192,275.13559999999995,24.864400000000046,5.0,1.0,4.343400000000031,1.0
B00009,B00009_R1,88,10,10,0.2032,1.9812,265.6,1.6764,0.7112,273.51,13,15,-7.91,0.2032,1.143,2.54,1.9812,1.3462,2.413,3.175,1,300,0,4,1,300,300.0,0,5,1.4227627831205891,0.3048000000000002,1.865758199869973,0.7935213670721163,270.12120000000004,29.878799999999956,2.0,4.0,0.7619999999999436,4.0
B00010,B00010_R2,89,1,9,1.9812,2.032,339.64,2.286,2.54,348.06,16,18,-8.42,0.2032,0.762,2.54,1.9812,3.556,3.8608,3.556,1,300,1,4,0,300,300.0,0,4,1.0211680834255157,0.5924247125162825,1.0035834017928549,0.7061930897424584,355.47679999999997,-55.47679999999997,1.0,4.0,0.0,4.0
B00010,B00010_R1,90,2,9,1.9812,2.032,339.64,2.286,2.54,348.06,16,18,-8.42,1.0668,0.2032,0.2032,1.6002,3.2512,3.556,2.2606,2,300,0,3,2,300,300.0,0,5,1.6040881168246393,1.3208,1.2376302736295515,0.8382000000000001,345.1518,-45.15179999999998,3.0,2.0,0.3809999999999718,2.0
B00010,B00010_R2,91,3,9,1.9812,2.032,339.64,2.286,2.54,348.06,16,18,-8.42,1.0668,2.032,1.0668,0.7112,1.4224,1.7272,2.9464,3,300,1,1,3,300,300.0,0,4,0.8977612764778407,0.5611043396731128,1.1587896046094133,0.7935213670721161,352.73359999999997,-52.73359999999997,4.0,1.0,2.7432000000000016,1.0
B00010,B00010_R1,92,4,9,1.9812,2.032,339.64,2.286,2.54,348.06,16,18,-8.42,0.762,2.032,0.2032,1.6002,1.7272,2.032,1.4986,2,300,0,1,4,300,300.0,0,5,0.7666884411764194,0.5611043396731128,1.3882478330136665,0.5611043396731128,342.8658,-42.86579999999998,4.0,1.0,2.666999999999973,1.0
B00010,B00010_R1,93,5,9,1.9812,2.032,339.64,2.286,2.54,348.06,16,18,-8.42,0.2032,0.762,1.6764,0.7112,3.556,3.8608,2.032,1,300,0,2,3,300,300.0,0,5,0.917467366802446,0.5924247125162825,1.2861101341673993,0.5611043396731128,345.22799999999995,-45.22799999999995,2.0,3.0,0.3048000000000002,3.0
B00010,B00010_R1,94,6,9,1.9812,2.032,339.64,2.286,2.54,348.06,16,18,-8.42,0.762,0.7112,0.2032,1.9812,3.556,3.8608,2.3368,2,300,0,5,0,300,300.0,0,5,1.5191196412088888,0.8650928273890611,1.7383921671774614,1.474075601860366,345.53279999999995,-45.53279999999995,1.0,4.0,0.0,4.0
B00010,B00010_R2,95,7,9,1.9812,2.032,339.64,2.286,2.54,348.06,16,18,-8.42,1.0668,0.7112,1.9812,0.7112,3.2512,3.556,1.4224,3,300,1,2,2,300,300.0,0,4,1.6848505498794915,1.3208,0.7286309424630204,0.0,353.03839999999997,-53.03839999999997,3.0,2.0,2.4384000000000015,2.0
B00010,B00010_R1,96,8,9,1.9812,2.032,339.64,2.286,2.54,348.06,16,18,-8.42,0.4572,0.2032,0.2032,1.9812,3.8608,4.1656,2.032,2,300,0,4,1,300,300.0,0,5,1.1688976091296872,0.8650928273890611,1.3258624433743327,0.5924247125162825,345.53279999999995,-45.53279999999995,1.0,4.0,0.0,4.0
B00010,B00010_R2,97,9,9,1.9812,2.032,339.64,2.286,2.54,348.06,16,18,-8.42,2.286,0.2032,0.2032,1.6002,2.6416,2.3368,3.4798,2,300,1,3,1,300,300.0,0,4,1.8917341872149425,1.3208,1.014379879732668,0.8382000000000001,353.8766,-53.876599999999996,2.0,3.0,1.6001999999999725,3.0
B00011,B00011_R2,98,1,10,0.2032,1.9812,412.18,2.54,1.9812,388.32,20,20,23.86,1.9812,0.7112,1.6764,2.032,3.556,2.3368,3.2512,3,300,1,6,0,300,300.0,0,6,1.0379216327663068,0.508,1.55285435756896,1.2192,393.90799999999996,-93.90799999999996,1.0,4.0,0.0,4.0
B00011,B00011_R2,99,2,10,0.2032,1.9812,412.18,2.54,1.9812,388.32,20,20,23.86,1.0668,2.54,0.2032,1.6002,1.4224,2.032,1.8034,2,300,1,2,4,300,300.0,0,6,1.2201310439891546,0.5611043396731128,1.3863658699971146,0.508,392.1554,-92.15539999999999,3.0,2.0,1.7525999999999726,2.0
B00011,B00011_R1,100,3,10,0.2032,1.9812,412.18,2.54,1.9812,388.32,20,20,23.86,0.762,0.7112,0.2032,1.9812,2.3368,3.556,2.3368,2,300,0,4,0,300,300.0,0,4,2.287673901408166,2.0446605586258078,0.43275417955136186,0.0,416.8536,-116.85359999999997,3.0,2.0,0.6096000000000004,2.0
B00011,B00011_R2,101,4,10,0.2032,1.9812,412.18,2.54,1.9812,388.32,20,20,23.86,1.6764,0.7112,2.54,1.9812,3.2512,2.6416,2.6416,3,300,1,4,2,300,300.0,0,6,1.2691991435375036,0.508,1.2118920429662627,0.8382000000000001,393.60319999999996,-93.60319999999996,2.0,3.0,0.3048000000000002,3.0
B00011,B00011_R2,102,5,10,0.2032,1.9812,412.18,2.54,1.9812,388.32,20,20,23.86,2.286,2.54,0.2032,1.6002,2.6416,0.8128,3.0226,2,300,1,5,1,300,300.0,0,6,1.473942514586129,0.3048000000000002,1.1435970473982962,0.7935213670721161,392.1554,-92.15539999999999,3.0,2.0,1.7525999999999726,2.0
B00011,B00011_R1,103,6,10,0.2032,1.9812,412.18,2.54,1.9812,388.32,20,20,23.86,0.2032,0.762,1.6764,2.032,1.7272,3.556,3.2512,1,300,0,1,3,300,300.0,0,4,1.7487679860460177,1.2192,1.8398766647999019,0.8382000000000001,417.1584,-117.15839999999997,2.0,3.0,0.3048000000000002,3.0
B00011,B00011_R2,104,7,10,0.2032,1.9812,412.18,2.54,1.9812,388.32,20,20,23.86,2.54,1.9812,0.2032,1.9812,2.9464,0.0,2.9464,2,300,1,1,5,300,300.0,0,6,1.4340264234506563,0.3048000000000002,1.242534049993457,0.0,391.2664,-91.26639999999998,4.0,1.0,2.6415999999999826,1.0
B00011,B00011_R1,105,8,10,0.2032,1.9812,412.18,2.54,1.9812,388.32,20,20,23.86,1.6764,2.54,0.762,0.2032,2.032,1.4224,3.2512,3,300,0,2,2,300,300.0,0,4,1.670652294606215,0.6138187354586042,1.6381411038321363,0.8382000000000001,417.4632,-117.46319999999997,1.0,4.0,0.0,4.0
B00011,B00011_R2,106,9,10,0.2032,1.9812,412.18,2.54,1.9812,388.32,20,20,23.86,0.2032,0.762,1.6764,0.7112,1.7272,3.556,2.032,1,300,1,3,3,300,300.0,0,6,1.5496955684165825,0.6138187354586042,1.7068640798719752,1.0286216019508825,393.90799999999996,-93.90799999999996,1.0,4.0,0.0,4.0
B00011,B00011_R1,107,10,10,0.2032,1.9812,412.18,2.54,1.9812,388.32,20,20,23.86,0.762,0.2032,0.2032,1.6002,2.3368,3.556,1.9558,2,300,0,3,1,300,300.0,0,4,2.12073222737004,1.4740756018603658,1.139211303078583,0.0,416.4726,-116.4726,4.0,1.0,0.9905999999999722,1.0
B00012,B00012_R2,108,1,9,0.2032,1.9812,451.55,1.6764,2.032,493.94,22,25,-42.39,1.6764,2.032,0.2032,1.6002,2.032,0.0,2.413,2,300,1,1,2,300,300.0,0,3,1.3709981760121945,0.30479999999999996,1.5862022086343264,0.8650928273890611,496.353,-196.353,3.0,1.0,3.6322000000000116,1.0
B00012,B00012_R2,109,2,9,0.2032,1.9812,451.55,1.6764,2.032,493.94,22,25,-42.39,2.286,2.54,0.2032,1.6002,2.6416,1.1176,3.0226,2,300,1,3,0,300,300.0,0,3,1.930658364869449,1.7206508187310987,1.2019066728117316,0.5611043396731128,498.0802,-198.0802,2.0,2.0,1.9050000000000296,2.0
B00012,B00012_R1,110,3,9,0.2032,1.9812,451.55,1.6764,2.032,493.94,22,25,-42.39,0.762,2.032,0.2032,1.9812,1.1176,1.4224,1.1176,2,300,0,1,5,300,300.0,0,6,1.349114295952392,0.30479999999999996,1.3235834161729436,0.7061930897424584,453.7852,-153.78519999999997,5.0,1.0,4.114800000000059,1.0
B00012,B00012_R1,111,4,9,0.2032,1.9812,451.55,1.6764,2.032,493.94,22,25,-42.39,2.54,1.143,0.2032,1.9812,3.175,2.2606,3.175,2,300,0,6,0,300,300.0,0,6,1.4102622221768513,0.5924247125162825,1.2830274851878378,0.9143999999999999,457.90000000000003,-157.90000000000003,1.0,5.0,0.0,5.0
B00012,B00012_R2,112,5,9,0.2032,1.9812,451.55,1.6764,2.032,493.94,22,25,-42.39,0.2032,1.143,1.9812,2.54,1.3462,2.8702,3.175,1,300,1,2,1,300,300.0,0,3,1.3761380054236603,0.5611043396731128,1.514237074650045,0.9144000000000001,499.9852,-199.98520000000002,1.0,3.0,0.0,3.0
B00012,B00012_R1,113,6,9,0.2032,1.9812,451.55,1.6764,2.032,493.94,22,25,-42.39,1.0668,2.032,0.2032,1.6002,1.4224,1.1176,1.8034,2,300,0,2,4,300,300.0,0,6,1.131904770598271,0.5611043396731128,1.2588517586022612,0.7935213670721161,454.7758,-154.7758,4.0,2.0,3.1242000000000303,2.0
B00012,B00012_R1,114,7,9,0.2032,1.9812,451.55,1.6764,2.032,493.94,22,25,-42.39,1.0668,0.2032,1.6764,0.7112,2.6416,2.9464,1.1176,3,300,0,4,2,300,300.0,0,6,1.2570860929016074,0.7935213670721163,1.3711060043605898,0.45720000000000005,455.3092,-155.30919999999998,3.0,3.0,2.5908000000000584,3.0
B00012,B00012_R1,115,8,9,0.2032,1.9812,451.55,1.6764,2.032,493.94,22,25,-42.39,0.2032,0.762,1.9812,0.2032,1.7272,3.2512,2.3368,1,300,0,3,3,300,300.0,0,6,1.6507208942285667,0.7935213670721163,0.9961886724020879,0.45720000000000005,455.614,-155.61399999999998,2.0,4.0,2.286000000000058,4.0
B00012,B00012_R1,116,9,9,0.2032,1.9812,451.55,1.6764,2.032,493.94,22,25,-42.39,0.762,0.7112,1.6764,0.7112,2.3368,3.2512,1.4224,3,300,0,5,1,300,300.0,0,6,2.114285620058058,1.7206508187310985,0.4486123562581413,0.30479999999999996,455.3092,-155.30919999999998,3.0,3.0,2.5908000000000584,3.0
B00013,B00013_R2,117,1,10,0.2032,1.9812,523.36,0.2032,1.6002,506.75,26,26,16.61,0.2032,1.143,1.0668,2.54,1.3462,0.9652,2.2606,1,300,1,3,3,300,300.0,0,6,1.2402660699814847,0.0,0.9705001429429209,0.30479999999999996,509.9758,-209.9758,4.0,2.0,1.3716000000000008,2.0
B00013,B00013_R2,118,2,10,0.2032,1.9812,523.36,0.2032,1.6002,506.75,26,26,16.61,1.0668,2.032,0.2032,1.9812,1.4224,1.8034,1.4224,2,300,1,4,2,300,300.0,0,6,1.2402660699814847,0.0,1.2316574444095547,0.5924247125162826,509.9758,-209.9758,4.0,2.0,1.3716000000000008,2.0
B00013,B00013_R1,119,3,10,0.2032,1.9812,523.36,0.2032,1.6002,506.75,26,26,16.61,0.2032,0.762,0.762,2.032,1.7272,1.3462,2.3368,1,300,0,1,3,300,300.0,0,4,1.3286717280770846,0.9144000000000001,1.8904523757715441,0.7061930897424584,527.4240000000001,-227.4240000000001,3.0,2.0,0.9144000000000005,2.0
B00013,B00013_R1,120,4,10,0.2032,1.9812,523.36,0.2032,1.6002,506.75,26,26,16.61,0.2032,0.762,1.6764,2.54,1.7272,1.3462,3.2512,1,300,0,4,0,300,300.0,0,4,1.761460411885885,0.9144000000000001,1.1011642757963538,0.8650928273890611,528.3384000000001,-228.3384000000001,1.0,4.0,0.0,4.0
B00013,B00013_R1,121,5,10,0.2032,1.9812,523.36,0.2032,1.6002,506.75,26,26,16.61,1.0668,2.032,2.54,1.6002,1.4224,1.8034,2.413,3,300,0,2,2,300,300.0,0,4,0.46531971525121063,0.0,1.5246845883162217,0.508,527.1954000000001,-227.19540000000006,4.0,1.0,1.143000000000029,1.0
B00013,B00013_R1,122,6,10,0.2032,1.9812,523.36,0.2032,1.6002,506.75,26,26,16.61,1.9812,2.032,0.2032,1.9812,2.3368,2.7178,2.3368,2,300,0,3,1,300,300.0,0,4,1.3219074241143294,1.2394054865135946,1.0242600857657524,0.8382000000000001,528.0336000000001,-228.0336000000001,2.0,3.0,0.3048000000000002,3.0
B00013,B00013_R2,123,7,10,0.2032,1.9812,523.36,0.2032,1.6002,506.75,26,26,16.61,0.2032,1.143,0.762,0.7112,1.3462,0.9652,1.4986,1,300,1,1,5,300,300.0,0,6,0.46531971525121063,0.0,0.6658007176146532,0.0,509.2138,-209.2138,5.0,1.0,2.1336000000000013,1.0
B00013,B00013_R2,124,8,10,0.2032,1.9812,523.36,0.2032,1.6002,506.75,26,26,16.61,0.2032,0.762,1.6764,2.032,1.7272,1.3462,3.2512,1,300,1,6,0,300,300.0,0,6,0.647982386357748,0.381,1.4755979015117662,0.6095999999999999,511.3474,-211.3474,1.0,5.0,0.0,5.0
B00013,B00013_R2,125,9,10,0.2032,1.9812,523.36,0.2032,1.6002,506.75,26,26,16.61,0.2032,1.143,2.54,1.6002,1.3462,0.9652,2.794,1,300,1,5,1,300,300.0,0,6,0.46531971525121063,0.0,2.153567184044083,1.5351773448041761,510.50919999999996,-210.50919999999996,3.0,3.0,0.8382000000000289,3.0
B00013,B00013_R2,126,10,10,0.2032,1.9812,523.36,0.2032,1.6002,506.75,26,26,16.61,0.762,0.7112,0.2032,1.9812,2.3368,1.9558,2.3368,2,300,1,2,4,300,300.0,0,6,0.8070393355631449,0.5611043396731128,0.9197785654778123,0.8382000000000001,511.0426,-211.0426,2.0,4.0,0.3048000000000002,4.0
B00014,B00014_R1,127,1,10,1.6764,2.54,575.26,1.6764,2.032,597.32,28,30,-22.06,0.762,2.032,0.2032,1.9812,1.4224,1.4224,1.1176,2,300,0,2,4,300,300.0,0,6,1.4819702581392789,1.0500373517165948,1.5804371545903246,0.8382000000000001,577.8000000000001,-277.80000000000007,6.0,1.0,4.2672000000000025,1.0
B00014,B00014_R2,128,2,10,1.6764,2.54,575.26,1.6764,2.032,597.32,28,30,-22.06,0.4572,0.2032,1.9812,0.2032,3.556,3.556,2.032,3,300,1,2,2,300,300.0,0,4,1.299081841446537,0.381,1.8206194785065768,0.5611043396731128,602.9080000000001,-302.90800000000013,3.0,2.0,1.524000000000001,2.0
B00014,B00014_R1,129,3,10,1.6764,2.54,575.26,1.6764,2.032,597.32,28,30,-22.06,0.2032,1.143,2.54,0.762,2.8702,2.8702,2.7178,1,300,0,4,2,300,300.0,0,6,1.768226368081916,1.6064370513655368,1.2556598989591818,0.5611043396731128,580.848,-280.84799999999996,3.0,4.0,1.2192000000001144,4.0
B00014,B00014_R1,130,4,10,1.6764,2.54,575.26,1.6764,2.032,597.32,28,30,-22.06,1.9812,0.7112,0.2032,1.9812,3.2512,3.2512,3.556,2,300,0,5,1,300,300.0,0,6,2.143016593724097,1.3208,1.3199092363431542,0.5611043396731128,582.0672000000001,-282.06720000000007,1.0,6.0,0.0,6.0
B00014,B00014_R2,131,5,10,1.6764,2.54,575.26,1.6764,2.032,597.32,28,30,-22.06,0.2032,0.762,2.286,2.54,3.2512,3.2512,3.8608,1,300,1,4,0,300,300.0,0,4,1.3351032888855816,0.381,1.3561865315370931,0.5924247125162826,604.4320000000001,-304.43200000000013,1.0,4.0,0.0,4.0
B00014,B00014_R2,132,6,10,1.6764,2.54,575.26,1.6764,2.032,597.32,28,30,-22.06,1.9812,2.54,1.6764,0.2032,0.8128,0.8128,3.2512,3,300,1,1,3,300,300.0,0,4,1.56752835109185,0.6138187354586042,1.2001107500336872,0.45720000000000005,601.3840000000001,-301.3840000000001,4.0,1.0,3.048000000000002,1.0
B00014,B00014_R1,133,7,10,1.6764,2.54,575.26,1.6764,2.032,597.32,28,30,-22.06,1.9812,2.54,0.2032,1.9812,0.8128,0.8128,2.3368,2,300,0,1,5,300,300.0,0,6,1.6425530919015292,0.6138187354586042,1.4001813103029883,0.0,578.4096000000001,-278.40960000000007,5.0,2.0,3.657600000000002,2.0
B00014,B00014_R1,134,8,10,1.6764,2.54,575.26,1.6764,2.032,597.32,28,30,-22.06,0.2032,0.762,1.6764,2.032,3.2512,3.2512,3.2512,1,300,0,6,0,300,300.0,0,6,1.6640114600889773,0.6138187354586042,1.8762468864795663,0.30479999999999996,581.7624000000001,-281.76240000000007,2.0,5.0,0.3048000000000002,5.0
B00014,B00014_R1,135,9,10,1.6764,2.54,575.26,1.6764,2.032,597.32,28,30,-22.06,0.4572,0.2032,0.2032,1.6002,3.556,3.556,1.651,2,300,0,3,3,300,300.0,0,6,2.5470374180484487,2.3368,1.033206380599305,0.3048000000000002,580.467,-280.467,4.0,3.0,1.6002000000000862,3.0
B00014,B00014_R2,136,10,10,1.6764,2.54,575.26,1.6764,2.032,597.32,28,30,-22.06,1.9812,0.2032,0.2032,1.9812,3.2512,3.2512,3.556,2,300,1,3,1,300,300.0,0,4,1.9081813103029883,1.524,1.6263317183742652,1.2192,604.1272000000001,-304.12720000000013,2.0,3.0,0.3048000000000002,3.0
B00015,B00015_R2,137,1,9,1.6764,2.032,674.35,2.286,2.54,650.23,33,32,24.12,0.2032,1.143,1.6764,0.7112,2.8702,3.4798,2.413,1,300,1,2,3,300,300.0,0,5,1.583934810212586,0.0,1.0764152762369201,0.508,656.1228,-356.1228,3.0,3.0,1.143000000000029,3.0
B00015,B00015_R1,138,2,9,1.6764,2.032,674.35,2.286,2.54,650.23,33,32,24.12,0.4572,2.54,1.0668,0.7112,1.7272,2.3368,2.9464,3,300,0,1,3,300,300.0,0,4,1.761066666666667,0.6095999999999999,2.164693693497322,0.9144000000000001,679.0236000000001,-379.0236000000001,2.0,2.0,0.9144000000000005,2.0
B00015,B00015_R2,139,3,9,1.6764,2.032,674.35,2.286,2.54,650.23,33,32,24.12,1.6764,0.2032,0.2032,1.6002,2.9464,2.9464,2.8702,2,300,1,3,2,300,300.0,0,5,1.8132029537585048,0.6095999999999999,1.0078962317103464,0.6138187354586042,656.0466,-356.0466,4.0,2.0,1.2192000000000007,2.0
B00015,B00015_R1,140,4,9,1.6764,2.032,674.35,2.286,2.54,650.23,33,32,24.12,0.4572,0.2032,1.9812,0.2032,3.556,4.1656,2.032,3,300,0,2,2,300,300.0,0,4,1.583934810212586,0.0,2.274391810734803,1.524,679.9380000000001,-379.9380000000001,1.0,3.0,0.0,3.0
B00015,B00015_R2,141,5,9,1.6764,2.032,674.35,2.286,2.54,650.23,33,32,24.12,0.2032,0.762,2.54,1.6002,3.2512,3.8608,3.175,1,300,1,5,0,300,300.0,0,5,1.0974023729143325,0.0,1.3428197414748597,0.508,657.2658,-357.2658,1.0,5.0,0.0,5.0
B00015,B00015_R1,142,6,9,1.6764,2.032,674.35,2.286,2.54,650.23,33,32,24.12,1.0668,0.2032,0.2032,1.9812,2.9464,3.556,2.6416,2,300,0,3,1,300,300.0,0,4,1.8567727800815301,1.5756191417979153,0.9409240571071662,0.45720000000000005,679.9380000000001,-379.9380000000001,1.0,3.0,0.0,3.0
B00015,B00015_R1,143,7,9,1.6764,2.032,674.35,2.286,2.54,650.23,33,32,24.12,0.4572,2.54,1.9812,2.54,1.7272,2.3368,2.032,3,300,0,4,0,300,300.0,0,4,1.2130227139243197,0.381,1.8744933647059128,1.0933807571015688,678.1092000000001,-378.1092000000001,3.0,1.0,1.828800000000001,1.0
B00015,B00015_R2,144,8,9,1.6764,2.032,674.35,2.286,2.54,650.23,33,32,24.12,0.2032,1.143,2.286,0.2032,2.8702,3.4798,3.0226,1,300,1,4,1,300,300.0,0,5,1.0974023729143325,0.0,1.8519162342517443,0.6096000000000001,656.7324,-356.7324,2.0,4.0,0.5334000000000287,4.0
B00015,B00015_R2,145,9,9,1.6764,2.032,674.35,2.286,2.54,650.23,33,32,24.12,1.9812,2.54,0.2032,1.9812,0.8128,0.8128,2.3368,2,300,1,1,4,300,300.0,0,5,2.3483518917533637,2.2611707144751367,1.3011565634100664,0.8382000000000001,653.3796000000001,-353.3796000000001,5.0,1.0,3.886199999999917,1.0
B00016,B00016_R1,146,1,10,1.9812,2.54,609.73,2.54,1.6002,630.09,30,30,-20.36,1.0668,2.032,0.2032,1.6002,1.4224,2.413,1.8034,2,300,0,3,3,300,300.0,0,6,1.0209084075633927,0.0,0.9693145859733205,0.45720000000000005,612.9558000000001,-312.95580000000007,4.0,2.0,3.8862000000000307,2.0
B00016,B00016_R2,147,2,10,1.9812,2.54,609.73,2.54,1.6002,630.09,30,30,-20.36,0.2032,0.762,1.9812,2.032,3.556,3.175,3.556,1,300,1,4,0,300,300.0,0,4,1.152328287574304,0.0,1.4345028946046117,0.3048000000000002,636.821,-336.821,1.0,4.0,0.0,4.0
B00016,B00016_R1,148,3,10,1.9812,2.54,609.73,2.54,1.6002,630.09,30,30,-20.36,0.2032,0.762,1.9812,2.54,3.556,3.175,3.556,1,300,0,6,0,300,300.0,0,6,1.0209084075633927,0.0,1.1434623938373953,0.8382000000000001,616.8420000000001,-316.8420000000001,1.0,5.0,0.0,5.0
B00016,B00016_R1,149,4,10,1.9812,2.54,609.73,2.54,1.6002,630.09,30,30,-20.36,1.0668,2.032,0.2032,1.9812,1.4224,2.413,1.4224,2,300,0,2,4,300,300.0,0,6,1.0542127944079749,0.381,1.6259695269079046,1.0286216019508825,612.5748000000001,-312.5748000000001,5.0,1.0,4.2672000000000025,1.0
B00016,B00016_R1,150,5,10,1.9812,2.54,609.73,2.54,1.6002,630.09,30,30,-20.36,0.2032,1.143,1.0668,0.2032,3.175,2.794,1.8034,1,300,0,4,2,300,300.0,0,6,1.152328287574304,0.0,1.7350614840187746,1.6064370513655368,614.7084,-314.7084,3.0,3.0,2.133600000000115,3.0
B00016,B00016_R2,151,6,10,1.9812,2.54,609.73,2.54,1.6002,630.09,30,30,-20.36,0.2032,1.143,2.54,1.143,3.175,2.794,2.3368,1,300,1,2,2,300,300.0,0,4,1.6470696480874896,0.7935213670721161,1.0013571309556244,0.8382000000000001,635.2208,-335.22080000000005,2.0,3.0,1.6001999999999725,3.0
B00016,B00016_R1,152,7,10,1.9812,2.54,609.73,2.54,1.6002,630.09,30,30,-20.36,0.2032,0.762,1.9812,0.7112,3.556,3.175,2.3368,1,300,0,5,1,300,300.0,0,6,1.75437592614976,0.381,1.1819672612379692,0.508,615.6228000000001,-315.6228000000001,2.0,4.0,1.2192000000000007,4.0
B00016,B00016_R1,153,8,10,1.9812,2.54,609.73,2.54,1.6002,630.09,30,30,-20.36,1.6764,2.54,0.2032,1.9812,0.8128,1.8034,2.032,2,300,0,1,5,300,300.0,0,6,1.6596569048250458,0.381,1.2907570372210992,0.0,612.5748000000001,-312.5748000000001,5.0,1.0,4.2672000000000025,1.0
B00016,B00016_R2,154,9,10,1.9812,2.54,609.73,2.54,1.6002,630.09,30,30,-20.36,2.54,1.143,0.2032,1.9812,1.9558,0.9652,3.175,2,300,1,3,1,300,300.0,0,4,2.069690370554433,1.5046150471133806,1.307047976969655,0.8382000000000001,634.2302,-334.23019999999997,4.0,1.0,2.5908000000000584,1.0
B00016,B00016_R2,155,10,10,1.9812,2.54,609.73,2.54,1.6002,630.09,30,30,-20.36,1.9812,2.54,0.2032,1.6002,0.0,1.4986,2.7178,2,300,1,1,3,300,300.0,0,4,2.0934191584959603,1.5046150471133806,1.2255020207721394,0.45720000000000005,634.3064,-334.30640000000005,3.0,2.0,2.514599999999973,2.0
B00017,B00017_R1,156,1,9,1.9812,2.54,685.86,1.9812,2.032,692.11,34,33,-6.25,2.54,1.9812,0.2032,1.9812,1.1176,1.1176,2.9464,2,300,0,4,1,300,300.0,0,5,1.4780260100604146,0.8650928273890613,1.458236104779117,0.8382000000000001,689.9240000000001,-389.9240000000001,3.0,3.0,2.4384000000000015,3.0
B00017,B00017_R1,157,2,9,1.9812,2.54,685.86,1.9812,2.032,692.11,34,33,-6.25,1.6764,0.7112,0.2032,1.9812,3.2512,3.2512,3.2512,2,300,0,5,0,300,300.0,0,5,1.5551462342299507,1.3208,1.5561736859145703,0.8382000000000001,692.3624000000001,-392.3624000000001,1.0,5.0,0.0,5.0
B00017,B00017_R2,158,3,9,1.9812,2.54,685.86,1.9812,2.032,692.11,34,33,-6.25,2.54,0.762,2.286,0.2032,2.3368,2.3368,0.8128,3,300,1,1,3,300,300.0,0,4,1.9421657953335116,1.5351773448041757,0.8853783176013165,0.3048000000000002,695.2596000000001,-395.2596000000001,3.0,1.0,3.352800000000002,1.0
B00017,B00017_R2,159,4,9,1.9812,2.54,685.86,1.9812,2.032,692.11,34,33,-6.25,1.0668,0.7112,0.2032,1.6002,3.2512,3.2512,2.2606,2,300,1,3,1,300,300.0,0,4,1.10363591153004,0.508,1.2219186502408919,0.0,697.6218,-397.6218,2.0,2.0,0.9906000000000859,2.0
B00017,B00017_R2,160,5,9,1.9812,2.54,685.86,1.9812,2.032,692.11,34,33,-6.25,2.286,0.2032,0.2032,1.9812,2.6416,2.6416,3.8608,2,300,1,2,2,300,300.0,0,4,1.3489186502408919,0.508,1.5201710570212978,0.45720000000000005,698.6124000000001,-398.6124000000001,1.0,3.0,0.0,3.0
B00017,B00017_R1,161,6,9,1.9812,2.54,685.86,1.9812,2.032,692.11,34,33,-6.25,0.2032,1.143,1.9812,2.54,3.175,3.175,3.175,1,300,0,3,2,300,300.0,0,5,0.9843290549026773,0.6138187354586042,0.7047737890240388,0.0,692.2099999999999,-392.2099999999999,2.0,4.0,0.15240000000017062,4.0
B00017,B00017_R1,162,7,9,1.9812,2.54,685.86,1.9812,2.032,692.11,34,33,-6.25,1.6764,2.032,1.6764,2.54,0.8128,0.8128,0.508,3,300,0,1,4,300,300.0,0,5,1.134825200620122,0.6095999999999999,2.2370510863007342,1.7206508187310985,687.1808000000001,-387.1808000000001,5.0,1.0,5.181600000000003,1.0
B00017,B00017_R2,163,8,9,1.9812,2.54,685.86,1.9812,2.032,692.11,34,33,-6.25,1.6764,0.7112,0.2032,1.9812,3.2512,3.2512,3.2512,2,300,1,4,0,300,300.0,0,4,0.9093800341769068,0.6138187354586042,2.0388630704852724,1.535807592115627,698.6124000000001,-398.6124000000001,1.0,3.0,0.0,3.0
B00017,B00017_R1,164,9,9,1.9812,2.54,685.86,1.9812,2.032,692.11,34,33,-6.25,1.6764,2.54,0.2032,1.6002,0.8128,0.8128,2.413,2,300,0,2,3,300,300.0,0,5,0.7560713981537259,0.6095999999999999,2.3033439308988535,1.535807592115627,689.0858000000001,-389.08580000000006,4.0,2.0,3.2766000000000304,2.0
B00018,B00018_R2,165,1,10,0.2032,1.9812,758.29,0.2032,1.9812,741.6,37,35,16.69,0.2032,0.762,1.9812,0.7112,1.7272,1.7272,2.3368,1,300,1,3,3,300,300.0,0,6,1.740655904016575,0.6095999999999999,1.523836997385845,0.6138187354586042,745.6640000000001,-445.6640000000001,4.0,3.0,1.2192000000000007,3.0
B00018,B00018_R1,166,2,10,0.2032,1.9812,758.29,0.2032,1.9812,741.6,37,35,16.69,1.0668,2.54,0.2032,1.9812,1.4224,1.4224,1.4224,2,300,0,1,3,300,300.0,0,4,2.5865122277596204,2.1564585041219786,1.4230521260476359,0.5611043396731128,761.1348,-461.13480000000004,4.0,1.0,3.048000000000002,1.0
B00018,B00018_R1,167,3,10,0.2032,1.9812,758.29,0.2032,1.9812,741.6,37,35,16.69,2.286,0.2032,0.762,0.7112,3.8608,3.8608,2.032,3,300,0,3,1,300,300.0,0,4,1.976381832167844,1.7960512242138307,1.4146014768792525,0.6095999999999999,764.1828,-464.18280000000004,1.0,4.0,0.0,4.0
B00018,B00018_R2,168,4,10,0.2032,1.9812,758.29,0.2032,1.9812,741.6,37,35,16.69,1.0668,2.032,0.2032,1.6002,1.4224,1.4224,1.8034,2,300,1,2,4,300,300.0,0,6,1.7909991531629033,0.6095999999999999,1.4719369457944227,0.5924247125162825,744.8258000000001,-444.8258000000001,5.0,2.0,2.0574000000000296,2.0
B00018,B00018_R2,169,5,10,0.2032,1.9812,758.29,0.2032,1.9812,741.6,37,35,16.69,1.9812,2.54,0.2032,1.9812,2.3368,2.3368,2.3368,2,300,1,6,0,300,300.0,0,6,1.6574084998831595,0.8650928273890611,1.4645251730196336,0.5924247125162826,746.2736000000001,-446.2736000000001,2.0,5.0,0.6096000000000004,5.0
B00018,B00018_R1,170,6,10,0.2032,1.9812,758.29,0.2032,1.9812,741.6,37,35,16.69,0.2032,0.762,1.6764,2.54,1.7272,1.7272,3.2512,1,300,0,4,0,300,300.0,0,4,1.3247778886301333,0.7935213670721161,1.4184948246218345,0.8382000000000001,763.2684,-463.26840000000004,2.0,3.0,0.9144000000000005,3.0
B00018,B00018_R2,171,7,10,0.2032,1.9812,758.29,0.2032,1.9812,741.6,37,35,16.69,1.6764,0.2032,1.0668,0.2032,3.2512,3.2512,1.1176,3,300,1,4,2,300,300.0,0,6,1.897152543802654,1.0460360223242793,1.3085890817207118,0.6138187354586042,745.9688000000001,-445.9688000000001,3.0,4.0,0.9144000000000005,4.0
B00018,B00018_R1,172,8,10,0.2032,1.9812,758.29,0.2032,1.9812,741.6,37,35,16.69,0.4572,2.54,1.9812,0.7112,0.8128,0.8128,3.8608,3,300,0,2,2,300,300.0,0,4,1.8578382677108993,0.7935213670721161,1.6579521849094132,0.508,762.9636,-462.96360000000004,3.0,2.0,1.2192000000000007,2.0
B00018,B00018_R2,173,9,10,0.2032,1.9812,758.29,0.2032,1.9812,741.6,37,35,16.69,1.0668,0.7112,0.2032,1.9812,2.6416,2.6416,2.6416,2,300,1,5,1,300,300.0,0,6,1.3903598429451258,0.7935213670721161,1.3741763494793793,0.6138187354586042,746.8832000000001,-446.8832000000001,1.0,6.0,0.0,6.0
B00018,B00018_R2,174,10,10,0.2032,1.9812,758.29,0.2032,1.9812,741.6,37,35,16.69,0.4572,2.54,1.6764,2.54,0.8128,0.8128,1.7272,3,300,1,1,5,300,300.0,0,6,1.7354057993613186,0.7935213670721161,1.5343744164702051,0.3048000000000002,744.1400000000001,-444.1400000000001,6.0,1.0,2.7432000000000016,1.0
B00019,B00019_R1,175,1,10,1.6764,2.54,764.8,0.2032,1.9812,777.67,38,37,-12.87,0.2032,1.143,1.9812,0.7112,2.8702,1.3462,2.7178,1,300,0,2,3,300,300.0,0,5,1.8952916275350402,0.7061930897424584,1.4083612820530633,0.7061930897424584,770.3879999999999,-470.3879999999999,2.0,4.0,1.1368683772161603e-13,4.0
B00019,B00019_R1,176,2,10,1.6764,2.54,764.8,0.2032,1.9812,777.67,38,37,-12.87,0.762,0.7112,0.2032,1.9812,3.2512,2.3368,2.3368,2,300,0,4,1,300,300.0,0,5,1.7402748703678346,0.7061930897424584,1.7632149161764952,0.8382000000000001,770.388,-470.38800000000003,1.0,5.0,0.0,5.0
B00019,B00019_R2,177,3,10,1.6764,2.54,764.8,0.2032,1.9812,777.67,38,37,-12.87,0.4572,0.2032,2.286,0.2032,3.556,2.032,2.3368,3,300,1,2,3,300,300.0,0,5,1.8071913686720837,1.4199031657123664,1.384922034404992,0.45720000000000005,782.0388,-482.03880000000004,5.0,1.0,2.7432000000000016,1.0
B00019,B00019_R1,178,4,10,1.6764,2.54,764.8,0.2032,1.9812,777.67,38,37,-12.87,2.54,1.143,0.2032,1.6002,2.2606,3.175,2.794,2,300,0,3,2,300,300.0,0,5,1.7294969220784329,0.6096000000000001,1.4089455478038018,0.45720000000000005,769.8545999999999,-469.8545999999999,3.0,3.0,0.5334000000001424,3.0
B00019,B00019_R1,179,5,10,1.6764,2.54,764.8,0.2032,1.9812,777.67,38,37,-12.87,2.286,2.54,0.2032,1.6002,1.1176,2.6416,3.0226,2,300,0,5,0,300,300.0,0,5,1.5817235336819344,0.6096000000000001,1.5433388556885483,0.45720000000000005,768.9402,-468.9402,4.0,2.0,1.4478000000000293,2.0
B00019,B00019_R2,180,6,10,1.6764,2.54,764.8,0.2032,1.9812,777.67,38,37,-12.87,2.54,0.762,0.2032,1.9812,2.6416,3.556,3.556,2,300,1,5,0,300,300.0,0,5,2.364142343377744,2.1564585041219786,1.2656362668168333,0.6138187354586042,784.782,-484.78200000000004,1.0,5.0,0.0,5.0
B00019,B00019_R2,181,7,10,1.6764,2.54,764.8,0.2032,1.9812,777.67,38,37,-12.87,2.54,1.6002,1.6764,0.2032,1.8034,2.7178,2.2606,3,300,1,4,1,300,300.0,0,5,1.2428235680724251,0.0,2.093764593610916,1.5756191417979153,782.6483999999999,-482.6483999999999,3.0,3.0,2.133600000000115,3.0
B00019,B00019_R2,182,8,10,1.6764,2.54,764.8,0.2032,1.9812,777.67,38,37,-12.87,2.54,0.762,0.2032,1.6002,2.6416,3.556,3.175,2,300,1,3,2,300,300.0,0,5,1.3651636563168426,0.8382000000000001,1.4033108009754414,1.0286216019508827,784.401,-484.40099999999995,2.0,4.0,0.3810000000000855,4.0
B00019,B00019_R1,183,9,10,1.6764,2.54,764.8,0.2032,1.9812,777.67,38,37,-12.87,1.6764,2.54,0.2032,1.6002,0.0,2.032,2.413,2,300,0,1,4,300,300.0,0,5,1.2428235680724251,0.0,1.9966809904201617,1.4199031657123664,767.213,-467.21299999999997,5.0,1.0,3.175000000000068,1.0
B00019,B00019_R2,184,10,10,1.6764,2.54,764.8,0.2032,1.9812,777.67,38,37,-12.87,1.6764,2.54,0.2032,1.6002,0.0,2.032,2.413,2,300,1,1,4,300,300.0,0,5,1.96633442102495,1.276334203882353,2.180466800821135,1.4199031657123664,782.115,-482.115,4.0,2.0,2.66700000000003,2.0
B00020,B00020_R1,185,1,9,0.2032,1.6002,743.88,0.2032,1.9812,749.62,36,35,-5.74,2.54,1.9812,0.2032,1.9812,2.7178,2.9464,2.9464,2,300,0,5,0,300,300.0,0,5,2.4406428424577724,1.976635768167722,1.6527925461373074,1.2192,749.5442,-449.54420000000005,2.0,4.0,0.15239999999994325,4.0
B00020,B00020_R2,186,2,9,0.2032,1.6002,743.88,0.2032,1.9812,749.62,36,35,-5.74,0.2032,0.762,1.6764,0.7112,1.3462,1.7272,2.032,1,300,1,1,3,300,300.0,0,4,1.5105685129408881,0.9143999999999999,2.220160947275612,0.6138187354586042,753.3792000000001,-453.3792000000001,3.0,2.0,1.1429999999999154,2.0
B00020,B00020_R2,187,3,9,0.2032,1.6002,743.88,0.2032,1.9812,749.62,36,35,-5.74,0.2032,1.143,1.0668,2.032,0.9652,1.3462,2.2606,1,300,1,3,1,300,300.0,0,4,1.2523491978018833,0.7902625386540855,1.5185772658906505,0.8382000000000001,753.2267999999999,-453.2267999999999,4.0,1.0,1.295400000000086,1.0
B00020,B00020_R1,188,4,9,0.2032,1.6002,743.88,0.2032,1.9812,749.62,36,35,-5.74,1.6764,0.2032,2.286,2.54,2.8702,3.2512,2.9464,3,300,0,4,1,300,300.0,0,5,1.2504034060835008,0.0,1.5215274320839525,0.6096000000000001,749.6966,-449.6966,1.0,5.0,0.0,5.0
B00020,B00020_R2,189,5,9,0.2032,1.6002,743.88,0.2032,1.9812,749.62,36,35,-5.74,0.2032,1.143,1.6764,2.54,0.9652,1.3462,2.8702,1,300,1,4,0,300,300.0,0,4,1.2504034060835008,0.0,1.0750327449565549,0.508,753.8363999999999,-453.8363999999999,2.0,3.0,0.6858000000000857,3.0
B00020,B00020_R1,190,6,9,0.2032,1.6002,743.88,0.2032,1.9812,749.62,36,35,-5.74,0.762,0.2032,0.2032,1.6002,1.9558,2.3368,1.9558,2,300,0,2,3,300,300.0,0,5,0.5423642757963537,0.381,1.2266515632027837,0.6095999999999999,747.7915999999999,-447.7915999999999,4.0,2.0,1.9050000000000864,2.0
B00020,B00020_R1,191,7,9,0.2032,1.6002,743.88,0.2032,1.9812,749.62,36,35,-5.74,0.2032,0.762,2.286,0.2032,1.3462,1.7272,2.6416,1,300,0,3,2,300,300.0,0,5,0.44884471756146976,0.0,1.3653376928764072,1.2394054865135946,747.8678,-447.8678,3.0,3.0,1.828800000000001,3.0
B00020,B00020_R2,192,8,9,0.2032,1.6002,743.88,0.2032,1.9812,749.62,36,35,-5.74,1.0668,0.7112,0.2032,1.6002,2.2606,2.6416,2.2606,2,300,1,2,2,300,300.0,0,4,0.44884471756146976,0.0,2.089001238097198,1.927724461638644,754.5222,-454.5222,1.0,4.0,0.0,4.0
B00020,B00020_R1,193,9,9,0.2032,1.6002,743.88,0.2032,1.9812,749.62,36,35,-5.74,0.2032,0.762,0.762,0.7112,1.3462,1.7272,1.1176,1,300,0,1,4,300,300.0,0,5,0.9320537109192931,0.8650928273890611,0.5842,0.45720000000000005,746.3438,-446.3438,5.0,1.0,3.352800000000002,1.0
B00021,B00021_R1,194,1,10,0.2032,1.9812,805.7,1.6764,2.54,806.83,39,38,-1.13,0.2032,1.143,1.9812,0.7112,1.3462,2.8702,2.7178,1,300,0,3,2,300,300.0,0,5,0.48476339045965966,0.0,1.5450501287847462,0.9144000000000001,809.764,-509.764,4.0,1.0,1.5240000000001146,1.0
B00021,B00021_R2,195,2,10,0.2032,1.9812,805.7,1.6764,2.54,806.83,39,38,-1.13,0.762,0.7112,1.6764,0.7112,2.3368,3.2512,1.4224,3,300,1,2,3,300,300.0,0,5,0.48476339045965966,0.0,1.5450501287847462,0.9144000000000001,811.5036000000001,-511.5036000000001,4.0,2.0,2.4384000000000015,2.0
B00021,B00021_R2,196,3,10,0.2032,1.9812,805.7,1.6764,2.54,806.83,39,38,-1.13,0.2032,0.762,2.286,0.2032,1.7272,3.2512,2.6416,1,300,1,3,2,300,300.0,0,5,0.9225309562813359,0.7935213670721161,1.0776628060534577,0.8382000000000001,812.7228000000001,-512.7228000000001,2.0,4.0,1.2192000000000007,4.0
B00021,B00021_R2,197,4,10,0.2032,1.9812,805.7,1.6764,2.54,806.83,39,38,-1.13,0.2032,0.762,2.286,2.54,1.7272,3.2512,3.8608,1,300,1,5,0,300,300.0,0,5,0.48476339045965966,0.0,2.339210631955516,2.0446605586258078,813.9420000000001,-513.9420000000001,1.0,5.0,0.0,5.0
B00021,B00021_R1,198,5,10,0.2032,1.9812,805.7,1.6764,2.54,806.83,39,38,-1.13,0.2032,1.143,1.9812,0.7112,1.3462,2.8702,2.7178,1,300,0,1,4,300,300.0,0,5,0.9285198986337011,0.7935213670721161,1.6541607690555433,1.4546906200288774,809.764,-509.764,4.0,1.0,1.5240000000001146,1.0
B00021,B00021_R1,199,6,10,0.2032,1.9812,805.7,1.6764,2.54,806.83,39,38,-1.13,1.0668,0.7112,0.2032,1.9812,2.6416,2.9464,2.6416,2,300,0,2,3,300,300.0,0,5,1.0033480967293777,0.5611043396731128,1.5047840351601336,1.4740756018603658,810.9832000000001,-510.9832000000001,2.0,3.0,0.3048000000000002,3.0
B00021,B00021_R1,200,7,10,0.2032,1.9812,805.7,1.6764,2.54,806.83,39,38,-1.13,0.2032,1.143,1.9812,2.54,1.3462,2.8702,3.175,1,300,0,5,0,300,300.0,0,5,0.894459070888779,0.0,1.9609896971056315,1.6064370513655368,810.2212,-510.22119999999995,3.0,2.0,1.0668000000001712,2.0
B00021,B00021_R2,201,8,10,0.2032,1.9812,805.7,1.6764,2.54,806.83,39,38,-1.13,2.54,1.9812,2.54,0.762,2.9464,1.4224,1.7272,3,300,1,1,4,300,300.0,0,5,0.894459070888779,0.0,2.060198878689725,0.6138187354586042,809.9796000000001,-509.9796000000001,5.0,1.0,3.9624000000000024,1.0
B00021,B00021_R2,202,9,10,0.2032,1.9812,805.7,1.6764,2.54,806.83,39,38,-1.13,0.2032,1.143,2.54,1.6002,1.3462,2.8702,2.794,1,300,1,4,1,300,300.0,0,5,2.4847591310947297,2.184990617828827,2.204995407697774,1.7787255662411783,812.4942,-512.4942,3.0,3.0,1.447800000000143,3.0
B00021,B00021_R1,203,10,10,0.2032,1.9812,805.7,1.6764,2.54,806.83,39,38,-1.13,0.4572,0.2032,1.6764,2.032,2.032,3.556,3.556,3,300,0,4,1,300,300.0,0,5,0.9876937771321364,0.381,1.8335071173923718,0.381,811.2880000000001,-511.2880000000001,1.0,4.0,0.0,4.0
B00022,B00022_R1,204,1,9,1.9812,2.54,858.01,2.286,2.54,872.78,41,39,-14.77,2.54,0.762,1.6764,2.54,2.3368,2.032,2.6416,3,300,0,5,0,300,300.0,0,5,2.2369749622036394,1.5358075921156271,1.5863131268201327,0.508,862.9884000000001,-562.9884000000001,2.0,3.0,2.1336000000000013,3.0
B00022,B00022_R2,205,2,9,1.9812,2.54,858.01,2.286,2.54,872.78,41,39,-14.77,1.0668,0.7112,0.2032,1.9812,3.2512,3.556,2.6416,2,300,1,2,2,300,300.0,0,4,1.5194752249180046,0.0,1.763815363088169,0.7902625386540855,878.9776,-578.9776,1.0,4.0,0.0,4.0
B00022,B00022_R2,206,3,9,1.9812,2.54,858.01,2.286,2.54,872.78,41,39,-14.77,1.9812,0.2032,0.2032,1.6002,2.9464,2.6416,3.175,2,300,1,4,0,300,300.0,0,4,1.5194752249180046,0.0,1.7191208188482605,0.8650928273890613,878.5966,-578.5966,2.0,3.0,0.3810000000000855,3.0
B00022,B00022_R1,207,4,9,1.9812,2.54,858.01,2.286,2.54,872.78,41,39,-14.77,0.2032,0.762,0.762,0.2032,3.556,3.8608,1.1176,1,300,0,3,2,300,300.0,0,5,1.9128486762816481,1.3208,1.637051886435592,1.2192,862.6836000000001,-562.6836000000001,3.0,2.0,2.4384000000000015,2.0
B00022,B00022_R2,208,5,9,1.9812,2.54,858.01,2.286,2.54,872.78,41,39,-14.77,1.6764,0.7112,0.762,0.7112,3.2512,2.9464,1.4224,3,300,1,1,3,300,300.0,0,4,1.6866767357580004,1.3208,1.4219876698351517,0.6138187354586042,877.1488,-577.1488,4.0,1.0,1.828800000000001,1.0
B00022,B00022_R1,209,6,9,1.9812,2.54,858.01,2.286,2.54,872.78,41,39,-14.77,0.2032,0.762,2.54,1.9812,3.556,3.8608,3.556,1,300,0,4,1,300,300.0,0,5,0.8737233916695627,0.6095999999999999,1.76590712978585,0.8382000000000001,865.1220000000001,-565.1220000000001,1.0,4.0,0.0,4.0
B00022,B00022_R1,210,7,9,1.9812,2.54,858.01,2.286,2.54,872.78,41,39,-14.77,0.4572,2.54,0.2032,1.9812,2.032,2.3368,0.8128,2,300,0,2,3,300,300.0,0,5,1.2165189877564089,0.5924247125162826,1.1390854350815645,0.45720000000000005,860.8548000000001,-560.8548000000001,4.0,1.0,4.2672000000000025,1.0
B00022,B00022_R1,211,8,9,1.9812,2.54,858.01,2.286,2.54,872.78,41,39,-14.77,1.6764,2.032,0.2032,1.9812,0.8128,1.1176,2.032,2,300,0,1,4,300,300.0,0,5,0.9124006857734862,0.5924247125162826,0.777264363247486,0.30479999999999996,860.8548000000001,-560.8548000000001,4.0,1.0,4.2672000000000025,1.0
B00022,B00022_R2,212,9,9,1.9812,2.54,858.01,2.286,2.54,872.78,41,39,-14.77,0.2032,1.143,1.0668,2.54,3.175,3.4798,2.2606,1,300,1,3,1,300,300.0,0,4,1.503935908639083,0.9655341526844091,2.0886197845323564,1.8288,878.5203999999999,-578.5203999999999,3.0,2.0,0.4572000000001708,2.0
B00023,B00023_R1,213,1,10,1.6764,2.54,910.92,0.2032,1.6002,916.07,44,41,-5.15,1.6764,2.032,0.2032,1.6002,0.508,2.413,2.413,2,300,0,1,4,300,300.0,0,5,1.6528362949067836,0.7935213670721163,1.4009481464526061,0.8382000000000001,913.841,-613.841,5.0,1.0,2.97180000000003,1.0
B00023,B00023_R2,214,2,10,1.6764,2.54,910.92,0.2032,1.6002,916.07,44,41,-5.15,0.2032,0.762,1.6764,0.7112,3.2512,1.3462,2.032,1,300,1,1,4,300,300.0,0,5,1.428040883527,0.0,1.5815392838099596,0.7935213670721161,919.4482,-619.4482,3.0,2.0,2.7432000000000016,2.0
B00023,B00023_R1,215,3,10,1.6764,2.54,910.92,0.2032,1.6002,916.07,44,41,-5.15,0.2032,0.762,1.0668,2.54,3.2512,1.3462,2.6416,1,300,0,4,1,300,300.0,0,5,2.226559456087995,0.7935213670721163,1.472277842507022,1.2192,916.8128,-616.8128,1.0,5.0,0.0,5.0
B00023,B00023_R2,216,4,10,1.6764,2.54,910.92,0.2032,1.6002,916.07,44,41,-5.15,0.2032,1.143,1.6764,0.7112,2.8702,0.9652,2.413,1,300,1,4,1,300,300.0,0,5,1.6551749023556028,1.0286216019508825,1.3741473383813392,0.8382000000000001,919.4482,-619.4482,3.0,2.0,2.7432000000000016,2.0
B00023,B00023_R2,217,5,10,1.6764,2.54,910.92,0.2032,1.6002,916.07,44,41,-5.15,1.0668,0.7112,0.762,2.54,2.9464,2.2606,3.2512,3,300,1,2,3,300,300.0,0,5,1.428040883527,0.0,1.5085751691788976,1.0460360223242793,921.5818,-621.5818,2.0,3.0,0.6096000000000004,3.0
B00023,B00023_R1,218,6,10,1.6764,2.54,910.92,0.2032,1.6002,916.07,44,41,-5.15,2.286,2.54,0.2032,1.9812,1.1176,3.0226,2.6416,2,300,0,5,0,300,300.0,0,5,1.1713639750239853,0.381,1.1743594758574958,0.508,914.6792,-614.6792,4.0,2.0,2.1336000000000013,2.0
B00023,B00023_R2,219,7,10,1.6764,2.54,910.92,0.2032,1.6002,916.07,44,41,-5.15,0.762,2.54,0.2032,1.6002,1.4224,1.4986,1.4986,2,300,1,3,2,300,300.0,0,5,1.1496469942449958,0.381,1.1590840401215432,0.508,919.0672000000001,-619.0672000000001,4.0,1.0,3.1241999999999734,1.0
B00023,B00023_R1,220,8,10,1.6764,2.54,910.92,0.2032,1.6002,916.07,44,41,-5.15,1.0668,0.2032,0.2032,1.6002,2.9464,2.2606,2.2606,2,300,0,3,2,300,300.0,0,5,1.1195435915951208,0.7935213670721161,1.4694234674951927,0.0,916.127,-616.127,3.0,3.0,0.6858000000000857,3.0
B00023,B00023_R1,221,9,10,1.6764,2.54,910.92,0.2032,1.6002,916.07,44,41,-5.15,0.2032,0.762,1.9812,0.7112,3.2512,1.3462,2.3368,1,300,0,2,3,300,300.0,0,5,1.932929972303917,1.5046150471133806,1.1412646213815698,0.45720000000000005,916.508,-616.508,2.0,4.0,0.3048000000000002,4.0
B00023,B00023_R2,222,10,10,1.6764,2.54,910.92,0.2032,1.6002,916.07,44,41,-5.15,1.6764,0.2032,0.2032,1.9812,2.9464,2.8702,3.2512,2,300,1,5,0,300,300.0,0,5,1.6564785445026624,0.7935213670721161,1.095867532692428,0.7902625386540855,922.1914,-622.1914,1.0,4.0,0.0,4.0
B00024,B00024_R2,223,1,9,0.2032,1.9812,986.57,0.2032,1.9812,978.9,47,45,7.67,1.6764,0.7112,1.6764,2.032,3.2512,3.2512,2.9464,3,300,1,5,0,300,300.0,0,5,2.173459113106728,1.5756191417979153,1.2523049269905326,0.8382000000000001,985.0976,-685.0976,1.0,5.0,0.0,5.0
B00024,B00024_R1,224,2,9,0.2032,1.9812,986.57,0.2032,1.9812,978.9,47,45,7.67,0.2032,0.762,2.54,1.143,1.7272,1.7272,2.7178,1,300,0,2,2,300,300.0,0,4,1.880329771333536,1.0286216019508827,1.2172669735410666,0.5611043396731128,991.0150000000001,-691.0150000000001,2.0,1.0,2.0574000000000296,1.0
B00024,B00024_R1,225,3,9,0.2032,1.9812,986.57,0.2032,1.9812,978.9,47,45,7.67,2.54,1.9812,0.762,0.7112,2.9464,2.9464,3.556,3,300,0,3,1,300,300.0,0,4,1.9630183033218793,1.5756191417979153,1.5472959539393099,0.9143999999999999,993.0724000000001,-693.0724000000001,1.0,2.0,0.0,2.0
B00024,B00024_R1,226,4,9,0.2032,1.9812,986.57,0.2032,1.9812,978.9,47,45,7.67,1.6764,0.2032,0.762,2.54,3.2512,3.2512,3.2512,3,300,0,4,0,300,300.0,0,4,1.891482618530383,1.0286216019508827,1.7453696878542004,0.8382000000000001,993.0724000000001,-693.0724000000001,1.0,2.0,0.0,2.0
B00024,B00024_R1,227,5,9,0.2032,1.9812,986.57,0.2032,1.9812,978.9,47,45,7.67,1.6764,2.54,0.2032,1.6002,2.032,2.032,2.413,2,300,0,1,3,300,300.0,0,4,1.642584028893622,1.4546906200288774,1.0603449171111097,0.6095999999999999,991.0150000000001,-691.0150000000001,2.0,1.0,2.0574000000000296,1.0
B00024,B00024_R2,228,6,9,0.2032,1.9812,986.57,0.2032,1.9812,978.9,47,45,7.67,0.762,2.54,0.2032,1.6002,1.1176,1.1176,1.4986,2,300,1,1,4,300,300.0,0,5,1.5013610622911087,0.5924247125162825,1.3777602589913562,0.45720000000000005,981.5162,-681.5162,5.0,1.0,3.5814000000000306,1.0
B00024,B00024_R2,229,7,9,0.2032,1.9812,986.57,0.2032,1.9812,978.9,47,45,7.67,1.0668,2.032,2.286,0.2032,1.4224,1.4224,3.556,3,300,1,4,1,300,300.0,0,5,1.1901491052297801,0.5924247125162825,1.9161062850632777,0.7935213670721163,983.8784,-683.8784,3.0,3.0,1.2192000000000007,3.0
B00024,B00024_R2,230,8,9,0.2032,1.9812,986.57,0.2032,1.9812,978.9,47,45,7.67,0.2032,1.143,1.9812,2.54,1.3462,1.3462,3.175,1,300,1,2,3,300,300.0,0,5,1.6904449743043095,1.2394054865135946,1.2273811450533154,0.7902625386540855,983.4211999999999,-683.4211999999999,4.0,2.0,1.6764000000001715,2.0
B00024,B00024_R2,231,9,9,0.2032,1.9812,986.57,0.2032,1.9812,978.9,47,45,7.67,2.54,1.9812,0.762,2.54,2.9464,2.9464,2.3368,3,300,1,3,2,300,300.0,0,5,1.8390522859177612,1.474075601860366,1.0354250795638675,0.0,984.1832,-684.1832,2.0,4.0,0.9144000000000005,4.0
B00025,B00025_R2,232,1,10,0.762,2.54,1001.5,1.6764,2.032,1004.95,48,46,-3.45,1.0668,2.54,0.2032,1.9812,0.8128,1.1176,1.4224,2,300,1,3,2,300,300.0,0,5,1.512740967339976,0.5924247125162825,1.299639190217706,0.8382000000000001,1007.4900000000001,-707.4900000000001,5.0,1.0,3.1241999999998598,1.0
B00025,B00025_R2,233,2,10,0.762,2.54,1001.5,1.6764,2.032,1004.95,48,46,-3.45,0.4572,0.2032,0.2032,1.6002,2.6416,3.556,1.651,2,300,1,4,1,300,300.0,0,5,1.3633890795329087,0.5611043396731128,1.6358371358238817,1.046036022324279,1010.157,-710.157,2.0,4.0,0.45719999999994343,4.0
B00025,B00025_R1,234,3,10,0.762,2.54,1001.5,1.6764,2.032,1004.95,48,46,-3.45,0.4572,0.2032,0.2032,1.6002,2.6416,3.556,1.651,2,300,0,3,2,300,300.0,0,5,2.3158447202223993,1.987864431997313,1.0704149816457977,0.8382000000000001,1005.7926,-705.7926,4.0,2.0,0.7620000000000573,2.0
B00025,B00025_R1,235,4,10,0.762,2.54,1001.5,1.6764,2.032,1004.95,48,46,-3.45,0.2032,0.762,1.6764,0.2032,2.3368,3.2512,2.032,1,300,0,4,1,300,300.0,0,5,1.2488548758554014,0.5611043396731128,1.392105643716649,0.8382000000000001,1005.8688000000001,-705.8688000000001,3.0,3.0,0.685799999999972,3.0
B00025,B00025_R1,236,5,10,0.762,2.54,1001.5,1.6764,2.032,1004.95,48,46,-3.45,2.54,1.6002,0.2032,1.6002,2.7178,1.8034,2.3368,2,300,0,2,3,300,300.0,0,5,2.067972313042477,1.7960512242138307,2.264980500586097,0.9735194091542294,1006.5546,-706.5546,1.0,5.0,0.0,5.0
B00025,B00025_R2,237,6,10,0.762,2.54,1001.5,1.6764,2.032,1004.95,48,46,-3.45,1.0668,2.032,0.2032,1.6002,0.8128,1.1176,1.8034,2,300,1,1,4,300,300.0,0,5,1.5519413962040618,0.508,1.084386012900723,0.8382000000000001,1007.8710000000001,-707.8710000000001,4.0,2.0,2.743199999999888,2.0
B00025,B00025_R1,238,7,10,0.762,2.54,1001.5,1.6764,2.032,1004.95,48,46,-3.45,0.762,0.7112,0.2032,1.6002,2.9464,3.2512,1.9558,2,300,0,5,0,300,300.0,0,5,1.572441927646215,0.9735194091542294,0.7890670891416907,0.45720000000000005,1006.4022,-706.4022,2.0,4.0,0.15240000000005693,4.0
B00025,B00025_R2,239,8,10,0.762,2.54,1001.5,1.6764,2.032,1004.95,48,46,-3.45,0.2032,1.143,1.0668,2.54,1.9558,2.8702,2.2606,1,300,1,2,3,300,300.0,0,5,1.2286338586664582,0.508,0.90265934239868,0.45720000000000005,1010.0808,-710.0808,3.0,3.0,0.5334000000000287,3.0
B00025,B00025_R1,240,9,10,0.762,2.54,1001.5,1.6764,2.032,1004.95,48,46,-3.45,0.4572,2.54,2.286,2.54,0.8128,1.7272,2.3368,3,300,0,1,4,300,300.0,0,5,0.9638263681892671,0.0,1.1413462519317505,0.0,1004.6496000000001,-704.6496000000001,5.0,1.0,1.9049999999999727,1.0
B00025,B00025_R2,241,10,10,0.762,2.54,1001.5,1.6764,2.032,1004.95,48,46,-3.45,0.2032,1.143,2.54,1.6002,1.9558,2.8702,2.794,1,300,1,5,0,300,300.0,0,5,0.9638263681892671,0.0,2.0429106514219515,1.5351773448041761,1010.6142,-710.6142,1.0,5.0,0.0,5.0
B00026,B00026_R1,242,1,10,0.2032,1.6002,934.29,2.54,1.6002,897.83,44,42,36.46,0.2032,1.143,2.286,2.54,0.9652,2.794,3.4798,1,300,0,4,0,300,300.0,0,4,0.381,0.381,2.738492256698931,2.7384922566989305,938.7349999999999,-638.7349999999999,2.0,3.0,0.15240000000005693,3.0
B00026,B00026_R2,243,2,10,0.2032,1.6002,934.29,2.54,1.6002,897.83,44,42,36.46,2.54,0.762,0.2032,1.9812,3.175,1.3462,3.556,2,300,1,4,2,300,300.0,0,6,0.127,0.0,0.8985732691541771,0.8650928273890611,902.7322,-602.7322,4.0,3.0,1.371599999999944,3.0
B00026,B00026_R2,244,3,10,0.2032,1.6002,934.29,2.54,1.6002,897.83,44,42,36.46,0.2032,0.762,1.9812,0.7112,1.3462,3.175,2.3368,1,300,1,2,4,300,300.0,0,6,0.127,0.0,0.6094672563628947,0.5611043396731128,903.3418,-603.3418,3.0,4.0,0.7619999999999436,4.0
B00026,B00026_R1,245,4,10,0.2032,1.6002,934.29,2.54,1.6002,897.83,44,42,36.46,0.2032,0.762,1.0668,0.7112,1.3462,3.175,1.4224,1,300,0,2,2,300,300.0,0,4,0.127,0.0,2.216101835431072,2.0302529990126845,937.0586,-637.0586,3.0,2.0,1.828800000000001,2.0
B00026,B00026_R2,246,5,10,0.2032,1.6002,934.29,2.54,1.6002,897.83,44,42,36.46,1.9812,0.2032,2.54,1.143,3.175,1.9558,1.4986,3,300,1,3,3,300,300.0,0,6,2.039834933550784,0.7902625386540855,1.3258543427798726,0.8382000000000001,901.2844,-601.2844,6.0,1.0,2.8193999999999733,1.0
B00026,B00026_R2,247,6,10,0.2032,1.6002,934.29,2.54,1.6002,897.83,44,42,36.46,0.2032,1.143,0.4572,0.2032,0.9652,2.794,1.1938,1,300,1,1,5,300,300.0,0,6,0.9925087861817931,0.0,1.3014386739375476,0.508,901.8178,-601.8178,5.0,2.0,2.2859999999999445,2.0
B00026,B00026_R2,248,7,10,0.2032,1.6002,934.29,2.54,1.6002,897.83,44,42,36.46,0.2032,1.143,2.286,2.54,0.9652,2.794,3.4798,1,300,1,6,0,300,300.0,0,6,1.7079885714658691,0.7902625386540855,1.9579824258199667,0.381,904.1038,-604.1038,1.0,6.0,0.0,6.0
B00026,B00026_R2,249,8,10,0.2032,1.6002,934.29,2.54,1.6002,897.83,44,42,36.46,0.2032,0.762,1.0668,2.032,1.3462,3.175,2.6416,1,300,1,5,1,300,300.0,0,6,1.0281504585957164,0.0,1.1763230768386834,0.6138187354586042,903.6466,-603.6466,2.0,5.0,0.45719999999994343,5.0
B00026,B00026_R1,250,9,10,0.2032,1.6002,934.29,2.54,1.6002,897.83,44,42,36.46,0.2032,0.762,0.762,0.7112,1.3462,3.175,1.1176,1,300,0,1,3,300,300.0,0,4,1.0281504585957164,0.0,2.4275101166321056,1.7960512242138307,936.7538,-636.7538,4.0,1.0,2.1336000000000013,1.0
B00026,B00026_R1,251,10,10,0.2032,1.6002,934.29,2.54,1.6002,897.83,44,42,36.46,0.2032,0.762,1.6764,2.54,1.3462,3.175,3.2512,1,300,0,3,1,300,300.0,0,4,0.9925087861817931,0.0,1.600865759845362,1.2394054865135946,938.8874,-638.8874,1.0,4.0,0.0,4.0
B00027,B00027_R2,252,1,9,2.286,2.54,905.35,2.286,2.54,917.07,43,43,-11.72,0.2032,1.143,2.54,1.6002,3.4798,3.4798,2.794,1,300,1,3,1,300,300.0,0,4,1.0290351338267714,0.0,2.200313091316755,1.8288,923.3438,-623.3438,2.0,3.0,0.3809999999999718,3.0
B00027,B00027_R2,253,2,9,2.286,2.54,905.35,2.286,2.54,917.07,43,43,-11.72,0.2032,0.762,0.4572,0.2032,3.8608,3.8608,0.8128,1,300,1,2,2,300,300.0,0,4,1.8456693172600556,1.276334203882353,0.7260093677293022,0.6138187354586042,921.7436000000001,-621.7436000000001,3.0,2.0,1.9811999999998307,2.0
B00027,B00027_R1,254,3,9,2.286,2.54,905.35,2.286,2.54,917.07,43,43,-11.72,0.2032,1.143,2.286,2.54,3.4798,3.4798,3.4798,1,300,0,5,0,300,300.0,0,5,1.3137026905156226,0.0,0.8825749965608685,0.45720000000000005,912.3095999999999,-612.3095999999999,1.0,5.0,0.0,5.0
B00027,B00027_R1,255,4,9,2.286,2.54,905.35,2.286,2.54,917.07,43,43,-11.72,1.0668,0.2032,0.2032,1.9812,3.556,3.556,2.6416,2,300,0,4,1,300,300.0,0,5,1.0290351338267714,0.0,1.251667460182134,0.5924247125162825,911.5476000000001,-611.5476000000001,2.0,4.0,0.7619999999998299,4.0
B00027,B00027_R2,256,5,9,2.286,2.54,905.35,2.286,2.54,917.07,43,43,-11.72,2.54,1.6002,0.2032,1.6002,1.1938,1.1938,2.3368,2,300,1,1,3,300,300.0,0,4,1.3137026905156226,0.0,1.0667136259065817,0.6138187354586042,920.6006000000001,-620.6006000000001,4.0,1.0,3.1241999999998598,1.0
B00027,B00027_R1,257,6,9,2.286,2.54,905.35,2.286,2.54,917.07,43,43,-11.72,0.4572,2.54,0.2032,1.6002,2.3368,2.3368,1.1938,2,300,0,2,3,300,300.0,0,5,0.9207020207721396,0.0,1.6212293603675019,0.0,908.8806000000001,-608.8806000000001,4.0,2.0,3.42899999999986,2.0
B00027,B00027_R2,258,7,9,2.286,2.54,905.35,2.286,2.54,917.07,43,43,-11.72,0.2032,1.143,1.9812,2.032,3.4798,3.4798,3.175,1,300,1,4,0,300,300.0,0,4,1.0815273395953622,0.381,1.4849864132311585,0.9735194091542294,923.7248,-623.7248,1.0,4.0,0.0,4.0
B00027,B00027_R1,259,8,9,2.286,2.54,905.35,2.286,2.54,917.07,43,43,-11.72,0.2032,1.143,0.762,0.7112,3.4798,3.4798,1.4986,1,300,0,3,2,300,300.0,0,5,2.4149313811396413,2.3811060623164186,0.5842,0.45720000000000005,910.3284,-610.3284,3.0,3.0,1.9811999999999443,3.0
B00027,B00027_R1,260,9,9,2.286,2.54,905.35,2.286,2.54,917.07,43,43,-11.72,0.4572,2.54,0.2032,1.9812,2.3368,2.3368,0.8128,2,300,0,1,4,300,300.0,0,5,0.9207020207721396,0.0,1.6263493798561994,0.7061930897424584,908.4996000000001,-608.4996000000001,5.0,1.0,3.8099999999998317,1.0
B00028,B00028_R2,261,1,10,2.286,2.54,897.13,1.9812,2.032,902.24,43,42,-5.11,0.2032,0.762,1.0668,0.7112,3.8608,3.556,1.4224,1,300,1,2,3,300,300.0,0,5,1.1554530021802951,0.0,1.4117798522885574,0.0,907.2184000000001,-607.2184000000001,3.0,3.0,1.6763999999998305,3.0
B00028,B00028_R1,262,2,10,2.286,2.54,897.13,1.9812,2.032,902.24,43,42,-5.11,0.2032,1.143,2.54,1.143,3.4798,3.175,2.3368,1,300,0,3,2,300,300.0,0,5,1.9959798522885575,0.9735194091542294,0.9698801053462542,0.45720000000000005,902.9466,-602.9466,3.0,3.0,0.8381999999999152,3.0
B00028,B00028_R2,263,3,10,2.286,2.54,897.13,1.9812,2.032,902.24,43,42,-5.11,0.2032,1.143,2.286,2.54,3.4798,3.175,3.4798,1,300,1,5,0,300,300.0,0,5,1.1554530021802951,0.0,1.8998538154465012,0.8382000000000001,908.8947999999999,-608.8947999999999,1.0,5.0,0.0,5.0
B00028,B00028_R1,264,4,10,2.286,2.54,897.13,1.9812,2.032,902.24,43,42,-5.11,2.54,1.143,0.2032,1.6002,1.651,1.9558,2.794,2,300,0,1,4,300,300.0,0,5,1.9571388588294423,0.9735194091542294,1.249295504696522,0.8382000000000001,901.5749999999999,-601.5749999999999,5.0,1.0,2.209799999999973,1.0
B00028,B00028_R1,265,5,10,2.286,2.54,897.13,1.9812,2.032,902.24,43,42,-5.11,0.2032,1.143,2.54,1.9812,3.4798,3.175,3.175,1,300,0,5,0,300,300.0,0,5,1.1554530021802951,0.0,2.0787682470211575,1.4199031657123664,903.7847999999999,-603.7847999999999,1.0,5.0,0.0,5.0
B00028,B00028_R2,266,6,10,2.286,2.54,897.13,1.9812,2.032,902.24,43,42,-5.11,0.2032,0.762,0.762,0.2032,3.8608,3.556,1.1176,1,300,1,3,2,300,300.0,0,5,0.7587516173907626,0.0,1.0692694279561625,0.5924247125162825,906.9136000000001,-606.9136000000001,4.0,2.0,1.9811999999998307,2.0
B00028,B00028_R2,267,7,10,2.286,2.54,897.13,1.9812,2.032,902.24,43,42,-5.11,0.762,2.54,0.2032,1.6002,2.032,1.7272,1.4986,2,300,1,1,4,300,300.0,0,5,0.8399989510537373,0.381,2.447706263410961,1.524,905.4658000000001,-605.4658000000001,5.0,1.0,3.42899999999986,1.0
B00028,B00028_R1,268,8,10,2.286,2.54,897.13,1.9812,2.032,902.24,43,42,-5.11,2.286,0.2032,0.2032,1.9812,2.3368,2.6416,3.8608,2,300,0,4,1,300,300.0,0,5,0.7587516173907626,0.0,1.0551108239389135,0.0,903.3276000000001,-603.3276000000001,2.0,4.0,0.45719999999982974,4.0
B00028,B00028_R1,269,9,10,2.286,2.54,897.13,1.9812,2.032,902.24,43,42,-5.11,0.2032,1.143,0.4572,2.54,3.4798,3.175,1.651,1,300,0,2,3,300,300.0,0,5,1.8922257272328276,1.5046150471133806,0.9095537617783452,0.45720000000000005,902.2607999999999,-602.2607999999999,4.0,2.0,1.524000000000001,2.0
B00028,B00028_R2,270,10,10,2.286,2.54,897.13,1.9812,2.032,902.24,43,42,-5.11,0.762,0.2032,0.2032,1.9812,3.8608,3.556,2.3368,2,300,1,4,1,300,300.0,0,5,1.252676458602435,0.7902625386540855,1.0167156346635213,0.7902625386540855,908.1328000000001,-608.1328000000001,2.0,4.0,0.7619999999998299,4.0
B00029,B00029_R2,271,1,10,2.54,1.9812,861.47,2.286,2.54,842.01,41,40,19.46,0.2032,0.762,1.0668,2.032,3.556,3.8608,2.6416,1,300,1,5,1,300,300.0,0,6,1.1668307522329768,0.381,1.6719469475900113,0.0,848.5124000000001,-548.5124000000001,2.0,5.0,0.15239999999982956,5.0
B00029,B00029_R2,272,2,10,2.54,1.9812,861.47,2.286,2.54,842.01,41,40,19.46,0.2032,1.143,1.6764,0.2032,3.175,3.4798,2.413,1,300,1,4,2,300,300.0,0,6,0.9629734737950058,0.0,1.9457358300855783,0.9735194091542294,847.9028,-547.9028,3.0,4.0,0.7619999999999436,4.0
B00029,B00029_R1,273,3,10,2.54,1.9812,861.47,2.286,2.54,842.01,41,40,19.46,0.2032,0.762,2.286,2.54,3.556,3.8608,3.8608,1,300,0,4,0,300,300.0,0,4,0.9629734737950058,0.0,1.3479916106369647,1.0500373517165948,868.8868000000001,-568.8868000000001,1.0,4.0,0.0,4.0
B00029,B00029_R1,274,4,10,2.54,1.9812,861.47,2.286,2.54,842.01,41,40,19.46,0.2032,1.143,2.54,1.6002,3.175,3.4798,2.794,1,300,0,3,1,300,300.0,0,4,2.5847776998229883,2.507920421385017,0.9652000000000002,0.8382000000000001,867.439,-567.439,2.0,3.0,1.447800000000143,3.0
B00029,B00029_R2,275,5,10,2.54,1.9812,861.47,2.286,2.54,842.01,41,40,19.46,2.286,2.54,0.2032,1.9812,0.8128,0.0,2.6416,2,300,1,1,5,300,300.0,0,6,1.1355086961825525,0.381,1.1665075653225798,0.7935213670721161,844.6516,-544.6516,6.0,1.0,4.01319999999987,1.0
B00029,B00029_R2,276,6,10,2.54,1.9812,861.47,2.286,2.54,842.01,41,40,19.46,0.4572,2.54,2.54,1.143,2.6416,2.3368,3.4798,3,300,1,3,3,300,300.0,0,6,0.8617647174194767,0.0,2.024246614136412,1.5756191417979153,847.8266,-547.8266,4.0,3.0,0.8381999999999152,3.0
B00029,B00029_R1,277,7,10,2.54,1.9812,861.47,2.286,2.54,842.01,41,40,19.46,0.2032,1.143,0.762,2.032,3.175,3.4798,1.9558,1,300,0,2,2,300,300.0,0,4,2.4182107041707965,1.8288,0.869523747091721,0.6138187354586042,866.6007999999999,-566.6007999999999,3.0,2.0,2.286000000000172,2.0
B00029,B00029_R2,278,8,10,2.54,1.9812,861.47,2.286,2.54,842.01,41,40,19.46,0.2032,1.143,1.9812,2.54,3.175,3.4798,3.175,1,300,1,6,0,300,300.0,0,6,1.576912144270186,1.4199031657123664,2.159591846052457,1.4199031657123664,848.6647999999999,-548.6647999999999,1.0,6.0,0.0,6.0
B00029,B00029_R2,279,9,10,2.54,1.9812,861.47,2.286,2.54,842.01,41,40,19.46,0.2032,1.143,0.4572,2.54,3.175,3.4798,1.651,1,300,1,2,4,300,300.0,0,6,0.8617647174194767,0.0,1.773122628569927,0.30479999999999996,847.1407999999999,-547.1407999999999,5.0,2.0,1.524000000000001,2.0
B00029,B00029_R1,280,10,10,2.54,1.9812,861.47,2.286,2.54,842.01,41,40,19.46,2.286,2.54,0.2032,1.9812,0.8128,0.0,2.6416,2,300,0,1,3,300,300.0,0,4,0.8617647174194767,0.0,1.2929315111277127,0.0,864.9244000000001,-564.9244000000001,4.0,1.0,3.9624000000000024,1.0
B00030,B00030_R2,281,1,10,2.286,2.54,923.19,1.9812,2.54,927.99,43,44,-4.8,0.4572,2.54,0.2032,1.6002,2.3368,2.032,1.1938,2,300,1,1,4,300,300.0,0,5,1.5277698600153211,0.7935213670721161,1.7418973315867863,1.2192,931.2158000000001,-631.2158000000001,5.0,1.0,3.2766000000000304,1.0
B00030,B00030_R1,282,2,10,2.286,2.54,923.19,1.9812,2.54,927.99,43,44,-4.8,1.0668,2.032,0.2032,1.9812,1.7272,1.4224,1.4224,2,300,0,3,2,300,300.0,0,5,1.6886359008591398,0.9143999999999999,1.4029706281677017,0.0,926.3396000000001,-626.3396000000001,5.0,1.0,4.2672000000000025,1.0
B00030,B00030_R2,283,3,10,2.286,2.54,923.19,1.9812,2.54,927.99,43,44,-4.8,2.286,0.2032,0.2032,1.9812,2.3368,2.6416,3.8608,2,300,1,5,0,300,300.0,0,5,1.9871706281677017,0.7935213670721161,1.1044359008591398,0.0,934.4924000000001,-634.4924000000001,1.0,5.0,0.0,5.0
B00030,B00030_R1,284,4,10,2.286,2.54,923.19,1.9812,2.54,927.99,43,44,-4.8,1.6764,0.2032,1.6764,2.54,2.9464,3.2512,2.9464,3,300,0,2,3,300,300.0,0,5,1.5170058624618519,0.7902625386540855,1.4922345557068104,0.8650928273890611,929.0828000000001,-629.0828000000001,3.0,3.0,1.524000000000001,3.0
B00030,B00030_R1,285,5,10,2.286,2.54,923.19,1.9812,2.54,927.99,43,44,-4.8,1.6764,2.54,1.6764,0.2032,1.1176,0.8128,2.9464,3,300,0,1,4,300,300.0,0,5,1.5526788815519732,0.7902625386540855,1.5857905975925253,0.3048000000000002,927.2540000000001,-627.2540000000001,4.0,2.0,3.352800000000002,2.0
B00030,B00030_R2,286,6,10,2.286,2.54,923.19,1.9812,2.54,927.99,43,44,-4.8,0.2032,0.762,0.762,0.7112,3.8608,3.556,1.1176,1,300,1,2,3,300,300.0,0,5,2.0093316611089937,1.4199031657123664,1.213339443275403,0.45720000000000005,932.6636000000001,-632.6636000000001,4.0,2.0,1.828800000000001,2.0
B00030,B00030_R2,287,7,10,2.286,2.54,923.19,1.9812,2.54,927.99,43,44,-4.8,0.762,0.7112,0.2032,1.9812,3.8608,3.556,2.3368,2,300,1,3,2,300,300.0,0,5,2.253813449870894,1.6064370513655368,1.0146797910718417,0.6138187354586042,933.8828000000001,-633.8828000000001,3.0,3.0,0.6096000000000004,3.0
B00030,B00030_R2,288,8,10,2.286,2.54,923.19,1.9812,2.54,927.99,43,44,-4.8,0.2032,1.143,1.6764,2.032,3.4798,3.175,2.8702,1,300,1,4,1,300,300.0,0,5,1.2236535170022307,0.381,1.041664040085723,0.0,934.0351999999999,-634.0351999999999,2.0,4.0,0.4572000000001708,4.0
B00030,B00030_R1,289,9,10,2.286,2.54,923.19,1.9812,2.54,927.99,43,44,-4.8,0.762,0.2032,0.2032,1.9812,3.8608,3.556,2.3368,2,300,0,4,1,300,300.0,0,5,1.1819401250040014,0.5611043396731128,1.3524277480393838,0.6138187354586042,929.3876000000001,-629.3876000000001,2.0,4.0,1.2192000000000007,4.0
B00030,B00030_R1,290,10,10,2.286,2.54,923.19,1.9812,2.54,927.99,43,44,-4.8,0.2032,0.762,1.9812,2.54,3.8608,3.556,3.556,1,300,0,5,0,300,300.0,0,5,1.1980270660440013,0.381,1.700002797115592,1.3208,930.6068000000001,-630.6068000000001,1.0,5.0,0.0,5.0
B00031,B00031_R2,291,1,10,1.9812,2.54,987.32,0.2032,1.9812,1001.32,46,48,-14.0,0.2032,1.143,1.6764,2.032,3.175,1.3462,2.8702,1,300,1,2,2,300,300.0,0,4,1.3342747926874279,0.30479999999999996,1.5329328981659827,0.8382000000000001,1005.5364,-705.5364,2.0,3.0,0.22860000000014224,3.0
B00031,B00031_R1,292,2,10,1.9812,2.54,987.32,0.2032,1.9812,1001.32,46,48,-14.0,0.762,0.7112,0.2032,1.6002,3.556,2.3368,1.9558,2,300,0,4,2,300,300.0,0,6,1.9680040521913966,1.2192,1.5137005006960955,0.7902625386540855,992.8318,-692.8318,3.0,4.0,0.3810000000000855,4.0
B00031,B00031_R1,293,3,10,1.9812,2.54,987.32,0.2032,1.9812,1001.32,46,48,-14.0,1.9812,2.54,0.2032,1.9812,0.0,2.3368,2.3368,2,300,0,1,5,300,300.0,0,6,1.9935633625819744,1.474075601860366,1.3593028981014879,0.7902625386540855,989.6568000000001,-689.6568000000001,6.0,1.0,3.55600000000004,1.0
B00031,B00031_R1,294,4,10,1.9812,2.54,987.32,0.2032,1.9812,1001.32,46,48,-14.0,2.54,0.762,0.2032,1.9812,2.3368,3.556,3.556,2,300,0,6,0,300,300.0,0,6,1.3085310014220264,0.30479999999999996,1.612518954477465,0.5924247125162825,993.2128000000001,-693.2128000000001,1.0,6.0,0.0,6.0
B00031,B00031_R1,295,5,10,1.9812,2.54,987.32,0.2032,1.9812,1001.32,46,48,-14.0,1.0668,0.7112,1.0668,0.2032,3.2512,2.6416,0.508,3,300,0,3,3,300,300.0,0,6,1.8560483328086452,1.2192,0.9377257975750469,0.0,991.0792000000001,-691.0792000000001,5.0,2.0,2.1336000000000013,2.0
B00031,B00031_R1,296,6,10,1.9812,2.54,987.32,0.2032,1.9812,1001.32,46,48,-14.0,0.762,2.54,1.0668,0.7112,1.7272,1.1176,3.2512,3,300,0,2,4,300,300.0,0,6,1.6282425623741006,0.5611043396731128,1.2575558810499534,0.6095999999999999,992.2984000000001,-692.2984000000001,4.0,3.0,0.9144000000000005,3.0
B00031,B00031_R2,297,7,10,1.9812,2.54,987.32,0.2032,1.9812,1001.32,46,48,-14.0,1.6764,2.032,0.2032,1.6002,0.8128,2.032,2.413,2,300,1,4,0,300,300.0,0,4,1.5861842008150022,1.0500373517165948,0.40640000000000004,0.0,1005.7650000000001,-705.7650000000001,1.0,4.0,0.0,4.0
B00031,B00031_R2,298,8,10,1.9812,2.54,987.32,0.2032,1.9812,1001.32,46,48,-14.0,1.9812,2.032,2.54,1.6002,0.508,2.3368,1.4986,3,300,1,3,1,300,300.0,0,4,0.9799502729103663,0.3048000000000002,0.9976916072097275,0.45720000000000005,1005.1554000000001,-705.1554000000001,3.0,2.0,0.6096000000000004,2.0
B00031,B00031_R2,299,9,10,1.9812,2.54,987.32,0.2032,1.9812,1001.32,46,48,-14.0,0.762,2.032,0.2032,1.9812,1.7272,1.1176,1.1176,2,300,1,1,3,300,300.0,0,4,1.170621477332438,0.3048000000000002,1.7254406489625171,0.9655341526844093,1003.5552000000001,-703.5552000000001,4.0,1.0,2.209799999999973,1.0
B00031,B00031_R1,300,10,10,1.9812,2.54,987.32,0.2032,1.9812,1001.32,46,48,-14.0,0.2032,0.762,1.6764,0.7112,3.556,1.7272,2.032,1,300,0,5,1,300,300.0,0,6,1.0612124505721983,0.9143999999999999,1.363667056033848,0.8382000000000001,992.9080000000001,-692.9080000000001,2.0,5.0,0.3048000000000002,5.0
B00032,B00032_R2,301,1,9,0.2032,1.9812,1013.26,0.2032,1.6002,977.13,49,48,36.13,1.6764,0.2032,0.2032,1.9812,3.2512,2.8702,3.2512,2,300,1,6,0,300,300.0,0,6,0.9153134900367351,0.8650928273890611,1.0287000000000002,0.8382000000000001,983.2514,-683.2514,2.0,5.0,0.22859999999991487,5.0
B00032,B00032_R2,302,2,9,0.2032,1.9812,1013.26,0.2032,1.6002,977.13,49,48,36.13,1.9812,0.2032,2.54,0.762,3.556,3.175,1.1176,3,300,1,2,4,300,300.0,0,6,0.6732670763422046,0.381,1.4283037960578135,1.3208,981.4226,-681.4226,3.0,4.0,2.057399999999916,4.0
B00032,B00032_R2,303,3,9,0.2032,1.9812,1013.26,0.2032,1.6002,977.13,49,48,36.13,2.54,0.762,0.2032,1.6002,3.556,3.175,3.175,2,300,1,3,3,300,300.0,0,6,0.6230464136945306,0.381,1.2801027432567973,1.2394054865135946,983.4799999999999,-683.4799999999999,1.0,6.0,0.0,6.0
B00032,B00032_R2,304,4,9,0.2032,1.9812,1013.26,0.2032,1.6002,977.13,49,48,36.13,0.2032,1.143,1.0668,2.54,1.3462,0.9652,2.2606,1,300,1,5,1,300,300.0,0,6,1.2464197325457813,0.3048000000000002,1.685360731556273,0.8382000000000001,980.3557999999999,-680.3557999999999,5.0,2.0,3.1241999999999734,2.0
B00032,B00032_R1,305,5,9,0.2032,1.9812,1013.26,0.2032,1.6002,977.13,49,48,36.13,1.0668,0.7112,0.2032,1.9812,2.6416,2.2606,2.6416,2,300,0,2,1,300,300.0,0,3,1.366729325780136,0.3048000000000002,1.6139755333001602,0.0,1018.5432000000001,-718.5432000000001,1.0,3.0,0.0,3.0
B00032,B00032_R1,306,6,9,0.2032,1.9812,1013.26,0.2032,1.6002,977.13,49,48,36.13,0.2032,1.143,1.0668,2.032,1.3462,0.9652,2.2606,1,300,0,1,2,300,300.0,0,3,1.7720280410309772,0.7902625386540855,1.2850047426975646,0.45720000000000005,1016.8667999999999,-716.8667999999999,3.0,1.0,1.6764000000001715,1.0
B00032,B00032_R2,307,7,9,0.2032,1.9812,1013.26,0.2032,1.6002,977.13,49,48,36.13,0.2032,0.762,0.762,0.7112,1.7272,1.3462,1.1176,1,300,1,1,5,300,300.0,0,6,1.3776382140321553,0.381,2.237327422514378,1.976635768167722,979.5938,-679.5938,6.0,1.0,3.886199999999917,1.0
B00032,B00032_R2,308,8,9,0.2032,1.9812,1013.26,0.2032,1.6002,977.13,49,48,36.13,0.2032,0.762,0.762,2.54,1.7272,1.3462,2.3368,1,300,1,4,2,300,300.0,0,6,1.231432614541376,0.0,1.0825718035962058,0.5611043396731128,980.813,-680.813,4.0,3.0,2.6669999999999163,3.0
B00032,B00032_R1,309,9,9,0.2032,1.9812,1013.26,0.2032,1.6002,977.13,49,48,36.13,0.2032,0.762,1.0668,2.032,1.7272,1.3462,2.6416,1,300,0,3,0,300,300.0,0,3,1.231432614541376,0.0,2.2055795055524277,1.5046150471133806,1017.6288000000001,-717.6288000000001,2.0,2.0,0.9144000000000005,2.0
B00033,B00033_R2,310,1,10,1.0668,2.032,912.08,0.2032,1.9812,928.91,43,46,-16.83,1.6764,0.7112,0.2032,1.6002,2.9464,3.2512,2.8702,2,300,1,3,1,300,300.0,0,4,0.975725396014694,0.6095999999999999,1.748733594593661,0.8650928273890611,935.0314,-635.0314,2.0,3.0,1.295400000000086,3.0
B00033,B00033_R1,311,2,10,1.0668,2.032,912.08,0.2032,1.9812,928.91,43,46,-16.83,1.6764,2.032,0.2032,1.9812,1.1176,2.032,2.032,2,300,0,4,2,300,300.0,0,6,1.234175959855503,0.381,1.2268943876860459,0.5924247125162826,915.2296000000001,-615.2296000000001,3.0,3.0,3.048000000000002,3.0
B00033,B00033_R1,312,3,10,1.0668,2.032,912.08,0.2032,1.9812,928.91,43,46,-16.83,2.54,1.9812,1.9812,2.54,2.032,2.9464,1.1176,3,300,0,3,3,300,300.0,0,6,1.2118538838764015,0.381,1.157975959855503,0.0,915.2296000000001,-615.2296000000001,3.0,3.0,3.048000000000002,3.0
B00033,B00033_R1,313,4,10,1.0668,2.032,912.08,0.2032,1.9812,928.91,43,46,-16.83,2.54,1.6002,2.54,1.9812,2.413,2.7178,0.889,3,300,0,2,4,300,300.0,0,6,1.1093154816606372,0.0,0.8538053960146941,0.0,915.3820000000001,-615.3820000000001,2.0,4.0,2.8956000000000586,4.0
B00033,B00033_R2,314,5,10,1.0668,2.032,912.08,0.2032,1.9812,928.91,43,46,-16.83,0.2032,0.762,0.762,0.2032,2.6416,1.7272,1.1176,1,300,1,2,2,300,300.0,0,4,1.1093154816606372,0.0,1.8470841122102375,0.9655341526844091,931.7548,-631.7548,3.0,2.0,4.572000000000003,2.0
B00033,B00033_R1,315,6,10,1.0668,2.032,912.08,0.2032,1.9812,928.91,43,46,-16.83,1.0668,2.032,1.6764,2.032,0.0,1.4224,1.1176,3,300,0,1,5,300,300.0,0,6,1.8606530537068509,1.6423805770892448,1.581743464237681,0.8650928273890611,913.1976000000001,-613.1976000000001,5.0,1.0,5.080000000000041,1.0
B00033,B00033_R2,316,7,10,1.0668,2.032,912.08,0.2032,1.9812,928.91,43,46,-16.83,1.9812,0.2032,0.4572,2.54,3.2512,3.556,3.8608,3,300,1,4,0,300,300.0,0,4,1.421481457299832,0.5924247125162826,1.3576300412097888,0.8382000000000001,936.3268,-636.3268,1.0,4.0,0.0,4.0
B00033,B00033_R2,317,8,10,1.0668,2.032,912.08,0.2032,1.9812,928.91,43,46,-16.83,0.4572,2.54,0.2032,1.9812,1.1176,0.8128,0.8128,2,300,1,1,3,300,300.0,0,4,1.7112902523277205,1.4740756018603658,1.540610148829366,1.046036022324279,930.5356,-630.5356,4.0,1.0,5.7912000000000035,1.0
B00033,B00033_R1,318,9,10,1.0668,2.032,912.08,0.2032,1.9812,928.91,43,46,-16.83,1.0668,2.032,0.2032,1.6002,0.0,1.4224,1.8034,2,300,0,5,1,300,300.0,0,6,1.74866972789041,0.5924247125162826,1.3313317605788928,0.0,913.8834,-613.8834,4.0,2.0,4.394200000000069,2.0
B00033,B00033_R1,319,10,10,1.0668,2.032,912.08,0.2032,1.9812,928.91,43,46,-16.83,1.6764,0.2032,0.2032,1.9812,2.9464,3.2512,3.2512,2,300,0,6,0,300,300.0,0,6,2.261278607327554,1.7960512242138307,1.89290712978585,1.2192,918.2776000000001,-618.2776000000001,1.0,5.0,0.0,5.0
B00034,B00034_R1,320,1,9,0.2032,1.9812,899.72,0.4572,2.54,911.67,44,45,-11.95,2.54,1.6002,0.2032,1.9812,2.7178,3.0226,2.7178,2,300,0,5,0,300,300.0,0,5,1.9907646988944105,0.8382000000000001,1.6392189686977419,0.8382000000000001,905.1556,-605.1556,3.0,3.0,0.7620000000000573,3.0
B00034,B00034_R1,321,2,9,0.2032,1.9812,899.72,0.4572,2.54,911.67,44,45,-11.95,2.54,0.762,0.4572,0.2032,3.556,3.8608,2.6416,3,300,0,2,3,300,300.0,0,5,1.8515999988647205,0.8382000000000001,1.1000146414994627,0.3048,905.9176000000001,-605.9176000000001,1.0,5.0,0.0,5.0
B00034,B00034_R1,322,3,9,0.2032,1.9812,899.72,0.4572,2.54,911.67,44,45,-11.95,0.2032,0.762,1.6764,0.2032,1.7272,2.032,2.032,1,300,0,3,2,300,300.0,0,5,1.497661139360043,0.381,1.33321023905558,0.9143999999999999,903.4792000000001,-603.4792000000001,5.0,1.0,2.4384000000000015,1.0
B00034,B00034_R2,323,4,9,0.2032,1.9812,899.72,0.4572,2.54,911.67,44,45,-11.95,0.2032,1.143,2.286,0.2032,1.3462,1.651,3.0226,1,300,1,1,3,300,300.0,0,4,1.555785720991976,0.381,1.4285451013232373,0.6138187354586042,916.3435999999999,-616.3435999999999,3.0,2.0,0.6096000000000004,2.0
B00034,B00034_R1,324,5,9,0.2032,1.9812,899.72,0.4572,2.54,911.67,44,45,-11.95,0.2032,1.143,2.286,0.2032,1.3462,1.651,3.0226,1,300,0,1,4,300,300.0,0,5,1.5021394852849388,0.7902625386540855,1.9331917790962583,1.0933807571015688,904.0888,-604.0888,4.0,2.0,1.8288000000001148,2.0
B00034,B00034_R2,325,6,9,0.2032,1.9812,899.72,0.4572,2.54,911.67,44,45,-11.95,0.762,0.2032,0.2032,1.9812,2.3368,2.6416,2.3368,2,300,1,3,1,300,300.0,0,4,1.158162273139329,0.0,1.7429717248111822,1.4199031657123664,916.6484,-616.6484,2.0,3.0,0.3047999999998865,3.0
B00034,B00034_R2,326,7,9,0.2032,1.9812,899.72,0.4572,2.54,911.67,44,45,-11.95,0.2032,1.143,1.0668,2.032,1.3462,1.651,2.2606,1,300,1,4,0,300,300.0,0,4,1.4826440762260915,1.0933807571015688,1.3480186881833056,0.8382000000000001,915.5815999999999,-615.5815999999999,4.0,1.0,1.3716000000000577,1.0
B00034,B00034_R2,327,8,9,0.2032,1.9812,899.72,0.4572,2.54,911.67,44,45,-11.95,2.54,1.6002,1.6764,0.2032,2.7178,3.0226,2.2606,3,300,1,2,2,300,300.0,0,4,1.158162273139329,0.0,1.5428696168508893,1.2394054865135946,916.9531999999999,-616.9531999999999,1.0,4.0,0.0,4.0
B00034,B00034_R1,328,9,9,0.2032,1.9812,899.72,0.4572,2.54,911.67,44,45,-11.95,0.762,0.2032,1.9812,2.54,2.3368,2.6416,3.556,3,300,0,4,1,300,300.0,0,5,2.3411276130359915,2.2611707144751367,1.4697591847881288,0.9143999999999999,905.6128000000001,-605.6128000000001,2.0,4.0,0.3048000000000002,4.0
B00035,B00035_R2,329,1,9,0.2032,1.9812,968.25,1.0668,2.032,966.79,48,47,1.46,1.9812,2.032,0.2032,1.6002,2.3368,1.4224,2.7178,2,300,1,3,2,300,300.0,0,5,2.3670722338814154,2.1564585041219786,1.1505523209393016,0.30479999999999996,970.9302,-670.9302,2.0,4.0,1.143000000000029,4.0
B00035,B00035_R1,330,2,9,0.2032,1.9812,968.25,1.0668,2.032,966.79,48,47,1.46,2.54,1.9812,0.762,0.2032,2.9464,2.032,3.556,3,300,0,4,0,300,300.0,0,4,2.1225047196578557,1.7960512242138307,1.616078880546387,0.8382000000000001,974.7524000000001,-674.7524000000001,1.0,4.0,0.0,4.0
B00035,B00035_R2,331,3,9,0.2032,1.9812,968.25,1.0668,2.032,966.79,48,47,1.46,0.762,2.032,1.9812,2.032,1.1176,0.8128,1.7272,3,300,1,2,3,300,300.0,0,5,1.917550762076302,1.0286216019508825,1.3899395784862014,0.6138187354586042,969.33,-669.33,4.0,2.0,2.7432000000000016,2.0
B00035,B00035_R1,332,4,9,0.2032,1.9812,968.25,1.0668,2.032,966.79,48,47,1.46,0.4572,2.54,0.2032,1.6002,0.8128,1.1176,1.1938,2,300,0,1,3,300,300.0,0,4,1.8201349233489053,1.0286216019508825,1.8949640855663101,0.6095999999999999,970.2566,-670.2566,4.0,1.0,4.495800000000031,1.0
B00035,B00035_R2,333,5,9,0.2032,1.9812,968.25,1.0668,2.032,966.79,48,47,1.46,1.9812,2.54,0.2032,1.9812,2.3368,1.4224,2.3368,2,300,1,5,0,300,300.0,0,5,1.2828476544572067,0.508,1.0654206019783954,0.7061930897424584,970.5492,-670.5492,3.0,3.0,1.524000000000001,3.0
B00035,B00035_R1,334,6,9,0.2032,1.9812,968.25,1.0668,2.032,966.79,48,47,1.46,1.0668,0.2032,0.2032,1.9812,2.6416,2.9464,2.6416,2,300,0,3,1,300,300.0,0,4,0.9818751072071906,0.0,0.9780476544572068,0.0,973.5332000000001,-673.5332000000001,2.0,3.0,1.2192000000000007,3.0
B00035,B00035_R1,335,7,9,0.2032,1.9812,968.25,1.0668,2.032,966.79,48,47,1.46,0.2032,0.762,0.4572,0.2032,1.7272,2.6416,0.8128,1,300,0,2,2,300,300.0,0,4,1.4160179284748409,0.508,1.030033561396851,0.5611043396731128,970.7900000000001,-670.7900000000001,3.0,2.0,3.9624000000000024,2.0
B00035,B00035_R2,336,8,9,0.2032,1.9812,968.25,1.0668,2.032,966.79,48,47,1.46,0.2032,0.762,1.0668,2.54,1.7272,2.6416,2.6416,1,300,1,4,1,300,300.0,0,5,1.8686157973464286,1.3875004288287625,0.7863213618392111,0.5924247125162825,972.0732,-672.0732,1.0,5.0,0.0,5.0
B00035,B00035_R2,337,9,9,0.2032,1.9812,968.25,1.0668,2.032,966.79,48,47,1.46,0.762,2.032,0.2032,1.9812,1.1176,0.8128,1.1176,2,300,1,1,4,300,300.0,0,5,0.9818751072071906,0.0,1.3556934592058139,0.5611043396731128,968.7204,-668.7204,5.0,1.0,3.352800000000002,1.0
B00036,B00036_R2,338,1,10,0.762,0.2032,982.27,0.2032,1.9812,985.22,48,48,-2.95,2.286,2.54,0.2032,1.6002,3.8608,2.6416,3.0226,2,300,1,5,0,300,300.0,0,5,1.9215592245902786,0.5924247125162825,1.2004548158581878,0.8650928273890613,990.8842000000001,-690.8842000000001,1.0,5.0,0.0,5.0
B00036,B00036_R1,339,2,10,0.762,0.2032,982.27,0.2032,1.9812,985.22,48,48,-2.95,2.286,2.54,1.6764,0.7112,3.8608,2.6416,2.9464,3,300,0,5,0,300,300.0,0,5,1.9862273214448412,1.0933807571015688,1.85227900356129,0.8382000000000001,989.0772000000001,-689.0772000000001,1.0,5.0,0.0,5.0
B00036,B00036_R2,340,3,10,0.762,0.2032,982.27,0.2032,1.9812,985.22,48,48,-2.95,0.762,2.54,0.2032,1.9812,2.9464,1.1176,1.1176,2,300,1,1,4,300,300.0,0,5,1.9892054187584542,1.0933807571015688,1.2985915950668048,0.8650928273890613,987.4552000000001,-687.4552000000001,5.0,1.0,3.4289999999999736,1.0
B00036,B00036_R1,341,4,10,0.762,0.2032,982.27,0.2032,1.9812,985.22,48,48,-2.95,0.762,0.2032,0.2032,1.9812,0.0,2.3368,2.3368,2,300,0,1,4,300,300.0,0,5,1.5414334077163012,0.5924247125162825,1.8735335947282363,0.8382000000000001,984.6068,-684.6068,5.0,1.0,4.470400000000041,1.0
B00036,B00036_R2,342,5,10,0.762,0.2032,982.27,0.2032,1.9812,985.22,48,48,-2.95,2.54,1.6002,0.2032,1.6002,3.175,2.7178,2.3368,2,300,1,4,1,300,300.0,0,5,1.8537379121253688,1.3875004288287625,1.332157876437123,0.9144000000000001,990.2746000000001,-690.2746000000001,2.0,4.0,0.6096000000000004,4.0
B00036,B00036_R1,343,6,10,0.762,0.2032,982.27,0.2032,1.9812,985.22,48,48,-2.95,0.2032,1.143,1.6764,0.7112,1.4986,1.3462,2.413,1,300,0,2,3,300,300.0,0,5,1.9936259806380225,0.9735194091542294,1.2766451892753925,0.8382000000000001,986.1816,-686.1816,4.0,2.0,2.8956000000000586,2.0
B00036,B00036_R1,344,7,10,0.762,0.2032,982.27,0.2032,1.9812,985.22,48,48,-2.95,1.9812,2.032,0.2032,1.9812,3.556,2.3368,2.3368,2,300,0,4,1,300,300.0,0,5,1.8156460225616484,1.524,1.740628642167974,1.2192,988.1628000000001,-688.1628000000001,2.0,4.0,0.9144000000000005,4.0
B00036,B00036_R2,345,8,10,0.762,0.2032,982.27,0.2032,1.9812,985.22,48,48,-2.95,0.2032,0.762,2.54,1.143,1.1176,1.7272,2.7178,1,300,1,3,2,300,300.0,0,5,1.9874449187887668,0.9735194091542294,1.263698191455687,0.8382000000000001,989.6650000000001,-689.6650000000001,3.0,3.0,1.2192000000000007,3.0
B00036,B00036_R2,346,9,10,0.762,0.2032,982.27,0.2032,1.9812,985.22,48,48,-2.95,0.2032,0.762,1.0668,0.7112,1.1176,1.7272,1.4224,1,300,1,2,3,300,300.0,0,5,1.7712045515984953,0.0,1.6264824861843552,0.45720000000000005,988.3696000000001,-688.3696000000001,4.0,2.0,2.514599999999973,2.0
B00036,B00036_R1,347,10,10,0.762,0.2032,982.27,0.2032,1.9812,985.22,48,48,-2.95,2.54,0.762,1.0668,2.032,2.3368,3.556,3.2512,3,300,0,3,2,300,300.0,0,5,1.7712045515984953,0.0,1.6594284307194764,0.8650928273890611,987.8580000000001,-687.8580000000001,3.0,3.0,1.2192000000000007,3.0
B00037,B00037_R1,348,1,9,1.6764,0.7112,887.39,0.2032,1.6002,869.08,43,43,18.31,0.762,2.032,2.54,1.9812,3.2512,1.4986,2.3368,3,300,0,2,2,300,300.0,0,4,1.6822879642007365,1.3875004288287625,1.1325773146273344,0.381,892.9780000000001,-592.9780000000001,2.0,3.0,0.3048000000000002,3.0
B00037,B00037_R2,349,2,9,1.6764,0.7112,887.39,0.2032,1.6002,869.08,43,43,18.31,0.2032,0.762,0.762,0.2032,2.032,1.3462,1.1176,1,300,1,1,4,300,300.0,0,5,1.4374212502242703,0.0,1.293731029914153,0.7061930897424584,871.5438,-571.5438,5.0,1.0,3.886199999999917,1.0
B00037,B00037_R2,350,3,9,1.6764,0.7112,887.39,0.2032,1.6002,869.08,43,43,18.31,0.2032,0.762,1.9812,0.2032,2.032,1.3462,2.3368,1,300,1,4,1,300,300.0,0,5,2.1175548221336453,1.3875004288287625,1.1844919565579985,0.9735194091542294,872.763,-572.763,4.0,2.0,2.6669999999999163,2.0
B00037,B00037_R1,351,4,9,1.6764,0.7112,887.39,0.2032,1.6002,869.08,43,43,18.31,2.54,1.6002,0.2032,1.6002,2.2606,2.3368,2.3368,2,300,0,3,1,300,300.0,0,4,1.4374212502242703,0.0,1.6428841570003108,1.0933807571015688,891.9874,-591.9874,3.0,2.0,1.295400000000086,2.0
B00037,B00037_R2,352,5,9,1.6764,0.7112,887.39,0.2032,1.6002,869.08,43,43,18.31,1.9812,0.2032,0.2032,1.6002,0.8128,3.175,3.175,2,300,1,5,0,300,300.0,0,5,1.0578499988647205,0.0,1.202705326434209,0.7902625386540855,875.43,-575.43,1.0,5.0,0.0,5.0
B00037,B00037_R2,353,6,9,1.6764,0.7112,887.39,0.2032,1.6002,869.08,43,43,18.31,0.2032,0.762,2.54,1.143,2.032,1.3462,2.7178,1,300,1,2,3,300,300.0,0,5,1.0578499988647205,0.0,1.2052171547298745,0.0,873.144,-573.144,3.0,3.0,2.2859999999999445,3.0
B00037,B00037_R1,354,7,9,1.6764,0.7112,887.39,0.2032,1.6002,869.08,43,43,18.31,0.2032,0.762,2.286,2.54,2.032,1.3462,3.8608,1,300,0,4,0,300,300.0,0,4,1.6711531374571158,1.0933807571015688,1.2239265155791048,0.8382000000000001,893.2828000000001,-593.2828000000001,1.0,4.0,0.0,4.0
B00037,B00037_R2,355,8,9,1.6764,0.7112,887.39,0.2032,1.6002,869.08,43,43,18.31,2.54,1.143,0.2032,1.6002,1.8034,2.794,2.794,2,300,1,3,2,300,300.0,0,5,1.0578499988647205,0.0,1.4571732215503508,0.0,874.668,-574.668,2.0,4.0,0.7619999999999436,4.0
B00037,B00037_R1,356,9,9,1.6764,0.7112,887.39,0.2032,1.6002,869.08,43,43,18.31,2.54,1.6002,1.9812,2.54,2.2606,2.3368,1.4986,3,300,0,1,3,300,300.0,0,4,2.04908723768783,1.0933807571015688,1.1939426786187841,0.8382000000000001,891.1492,-591.1492,4.0,1.0,2.133600000000115,1.0
B00038,B00038_R1,357,1,10,2.286,2.54,855.01,0.2032,1.6002,866.88,41,43,-11.87,0.762,0.2032,0.2032,1.9812,3.8608,1.9558,2.3368,2,300,0,6,0,300,300.0,0,6,1.571394562554231,0.0,1.8437156931440146,1.3875004288287625,861.2076000000001,-561.2076000000001,1.0,5.0,0.0,5.0
B00038,B00038_R1,358,2,10,2.286,2.54,855.01,0.2032,1.6002,866.88,41,43,-11.87,2.54,1.9812,1.6764,2.54,0.8128,2.7178,1.4224,3,300,0,2,4,300,300.0,0,6,1.7385691216950439,0.6138187354586042,1.6361860685085319,0.508,857.2452000000001,-557.2452000000001,4.0,2.0,3.9624000000000024,2.0
B00038,B00038_R2,359,3,10,2.286,2.54,855.01,0.2032,1.6002,866.88,41,43,-11.87,2.286,0.2032,0.2032,1.9812,2.3368,3.4798,3.8608,2,300,1,3,1,300,300.0,0,4,1.470874472615666,0.7935213670721163,1.9216493589537342,1.3875004288287625,874.2206,-574.2206,1.0,4.0,0.0,4.0
B00038,B00038_R1,360,4,10,2.286,2.54,855.01,0.2032,1.6002,866.88,41,43,-11.87,1.6764,2.032,0.2032,1.9812,1.1176,2.413,2.032,2,300,0,3,3,300,300.0,0,6,1.4375983540821424,0.508,1.938964393560055,1.4740756018603658,858.1596000000001,-558.1596000000001,3.0,3.0,3.048000000000002,3.0
B00038,B00038_R1,361,5,10,2.286,2.54,855.01,0.2032,1.6002,866.88,41,43,-11.87,0.762,0.7112,0.2032,1.9812,3.8608,1.9558,2.3368,2,300,0,5,1,300,300.0,0,6,1.8735170568478068,0.6138187354586042,1.615805374603323,0.0,861.2076000000001,-561.2076000000001,1.0,5.0,0.0,5.0
B00038,B00038_R1,362,6,10,2.286,2.54,855.01,0.2032,1.6002,866.88,41,43,-11.87,2.286,2.54,2.54,1.9812,0.0,3.0226,0.8128,3,300,0,1,5,300,300.0,0,6,1.571394562554231,0.0,1.7602014524025882,0.3048,855.8228,-555.8228,5.0,1.0,5.384800000000041,1.0
B00038,B00038_R2,363,7,10,2.286,2.54,855.01,0.2032,1.6002,866.88,41,43,-11.87,2.54,0.762,1.9812,0.7112,2.032,3.175,1.1176,3,300,1,2,2,300,300.0,0,4,1.4065435813932614,0.6138187354586042,1.6699131786658767,0.8382000000000001,871.1726,-571.1726,3.0,2.0,3.048000000000002,2.0
B00038,B00038_R1,364,8,10,2.286,2.54,855.01,0.2032,1.6002,866.88,41,43,-11.87,0.762,0.2032,0.4572,0.2032,3.8608,1.9558,0.8128,3,300,0,4,2,300,300.0,0,6,1.4851834672896291,0.6138187354586042,1.112168814801002,0.5924247125162825,859.6836000000001,-559.6836000000001,2.0,4.0,1.524000000000001,4.0
B00038,B00038_R2,365,9,10,2.286,2.54,855.01,0.2032,1.6002,866.88,41,43,-11.87,0.2032,1.143,1.9812,0.2032,3.4798,0.9652,2.7178,1,300,1,1,3,300,300.0,0,4,1.872734075318502,0.9655341526844091,0.7136995203261215,0.30479999999999996,870.563,-570.563,4.0,1.0,3.657600000000002,1.0
B00038,B00038_R2,366,10,10,2.286,2.54,855.01,0.2032,1.6002,866.88,41,43,-11.87,1.0668,0.7112,0.2032,1.9812,3.556,2.2606,2.6416,2,300,1,4,0,300,300.0,0,4,1.2534699181815918,0.9655341526844091,2.070808066860311,0.8382000000000001,871.7822,-571.7822,2.0,3.0,2.4384000000000015,3.0
B00039,B00039_R2,367,1,10,0.2032,1.9812,795.47,0.2032,1.9812,812.29,40,40,-16.82,1.6764,2.54,0.2032,1.6002,2.032,2.032,2.413,2,300,1,2,2,300,300.0,0,4,1.5582074561800592,0.45720000000000005,1.737070144193223,0.8382000000000001,816.735,-516.735,2.0,3.0,2.2859999999999445,3.0
B00039,B00039_R1,368,2,10,0.2032,1.9812,795.47,0.2032,1.9812,812.29,40,40,-16.82,2.54,1.6002,2.54,1.9812,2.7178,2.7178,0.889,3,300,0,3,3,300,300.0,0,6,1.7661306218952366,0.381,1.461177510984537,0.5611043396731128,799.0768,-499.07680000000005,5.0,2.0,3.1241999999999734,2.0
B00039,B00039_R1,369,3,10,0.2032,1.9812,795.47,0.2032,1.9812,812.29,40,40,-16.82,0.2032,1.143,0.762,0.7112,1.3462,1.3462,1.4986,1,300,0,1,5,300,300.0,0,6,1.8080063379406313,0.381,1.2926236103757023,0.0,798.3148,-498.3148,6.0,1.0,3.8862000000000307,1.0
B00039,B00039_R2,370,4,10,0.2032,1.9812,795.47,0.2032,1.9812,812.29,40,40,-16.82,1.9812,0.7112,0.2032,1.6002,3.556,3.556,3.175,2,300,1,4,0,300,300.0,0,4,1.5449332305244374,0.9655341526844093,1.654895355358311,0.45720000000000005,819.021,-519.021,1.0,4.0,0.0,4.0
B00039,B00039_R1,371,5,10,0.2032,1.9812,795.47,0.2032,1.9812,812.29,40,40,-16.82,0.2032,0.762,1.9812,0.2032,1.7272,1.7272,2.3368,1,300,0,2,4,300,300.0,0,6,1.6653723965574954,1.0933807571015688,1.509696681424119,0.45720000000000005,799.5340000000001,-499.5340000000001,4.0,3.0,2.6669999999999163,3.0
B00039,B00039_R1,372,6,10,0.2032,1.9812,795.47,0.2032,1.9812,812.29,40,40,-16.82,1.6764,2.032,0.2032,1.6002,2.032,2.032,2.413,2,300,0,6,0,300,300.0,0,6,1.4988884616330163,0.45720000000000005,1.6187796280388338,0.30479999999999996,799.9150000000001,-499.9150000000001,2.0,5.0,2.2859999999999445,5.0
B00039,B00039_R2,373,7,10,0.2032,1.9812,795.47,0.2032,1.9812,812.29,40,40,-16.82,0.2032,1.143,1.6764,0.2032,1.3462,1.3462,2.413,1,300,1,3,1,300,300.0,0,4,1.9715106724200888,1.8540260192348974,0.9674214773324378,0.45720000000000005,816.0491999999999,-516.0491999999999,3.0,2.0,2.97180000000003,2.0
B00039,B00039_R2,374,8,10,0.2032,1.9812,795.47,0.2032,1.9812,812.29,40,40,-16.82,0.2032,1.143,1.0668,2.032,1.3462,1.3462,2.2606,1,300,1,1,3,300,300.0,0,4,1.837796494336115,1.8296817318867236,0.8872795923940645,0.45720000000000005,815.8967999999999,-515.8967999999999,4.0,1.0,3.124200000000087,1.0
B00039,B00039_R1,375,9,10,0.2032,1.9812,795.47,0.2032,1.9812,812.29,40,40,-16.82,1.9812,0.2032,0.2032,1.6002,3.556,3.556,3.175,2,300,0,5,1,300,300.0,0,6,1.2866449102998028,0.0,1.558887829899492,0.5924247125162826,802.201,-502.201,1.0,6.0,0.0,6.0
B00039,B00039_R1,376,10,10,0.2032,1.9812,795.47,0.2032,1.9812,812.29,40,40,-16.82,2.54,1.143,2.286,0.2032,3.175,3.175,1.1938,3,300,0,4,2,300,300.0,0,6,1.2866449102998028,0.0,1.2131213016504159,0.7935213670721161,799.8388,-499.8388,3.0,4.0,2.36220000000003,4.0
B00040,B00040_R1,377,1,10,0.2032,1.6002,822.12,0.2032,1.6002,776.64,41,38,45.48,0.4572,0.2032,0.762,0.2032,1.651,1.651,0.8128,3,300,0,1,3,300,300.0,0,4,1.3650861886659502,0.6138187354586042,1.3816046700769302,0.7902625386540855,824.5838,-524.5838,4.0,1.0,2.2098000000000866,1.0
B00040,B00040_R1,378,2,10,0.2032,1.6002,822.12,0.2032,1.6002,776.64,41,38,45.48,0.2032,1.143,2.286,2.54,0.9652,0.9652,3.4798,1,300,0,4,0,300,300.0,0,4,1.245208490490216,0.381,2.2264526337093464,0.9735194091542294,826.5649999999999,-526.5649999999999,2.0,3.0,0.22860000000014224,3.0
B00040,B00040_R1,379,3,10,0.2032,1.6002,822.12,0.2032,1.6002,776.64,41,38,45.48,0.2032,0.762,2.286,0.2032,1.3462,1.3462,2.6416,1,300,0,2,2,300,300.0,0,4,1.1591335847482303,0.381,1.844571724811182,1.4199031657123664,826.1078,-526.1078,3.0,2.0,0.6858000000000857,2.0
B00040,B00040_R1,380,4,10,0.2032,1.6002,822.12,0.2032,1.6002,776.64,41,38,45.48,2.54,1.6002,0.2032,1.6002,2.3368,2.3368,2.3368,2,300,0,3,1,300,300.0,0,4,2.457202834162507,2.3811060623164186,0.9051010552374555,0.45720000000000005,826.7936000000001,-526.7936000000001,1.0,4.0,0.0,4.0
B00040,B00040_R2,381,5,10,0.2032,1.6002,822.12,0.2032,1.6002,776.64,41,38,45.48,0.762,2.54,0.2032,1.9812,1.4986,1.4986,1.1176,2,300,1,1,5,300,300.0,0,6,1.0359967381077255,0.3048,1.0223861409291162,0.6138187354586042,779.2562,-479.25620000000004,6.0,1.0,2.1336000000000013,1.0
B00040,B00040_R2,382,6,10,0.2032,1.6002,822.12,0.2032,1.6002,776.64,41,38,45.48,1.0668,2.032,1.9812,2.54,1.8034,1.8034,1.4224,3,300,1,2,4,300,300.0,0,6,0.9909361050579472,0.5924247125162825,1.5647284856749,0.3048000000000002,779.8658,-479.86580000000004,5.0,2.0,1.524000000000001,2.0
B00040,B00040_R2,383,7,10,0.2032,1.6002,822.12,0.2032,1.6002,776.64,41,38,45.48,0.2032,1.143,1.9812,2.032,0.9652,0.9652,3.175,1,300,1,6,0,300,300.0,0,6,1.315035339670405,0.381,1.3238104763421294,0.5924247125162826,780.7801999999999,-480.7801999999999,3.0,4.0,0.609600000000114,4.0
B00040,B00040_R2,384,8,10,0.2032,1.6002,822.12,0.2032,1.6002,776.64,41,38,45.48,0.2032,0.762,2.286,0.2032,1.3462,1.3462,2.6416,1,300,1,5,1,300,300.0,0,6,1.5771258001757376,0.381,2.53102945448053,2.197944057522848,780.6278,-480.6278,4.0,3.0,0.7620000000000573,3.0
B00040,B00040_R2,385,9,10,0.2032,1.6002,822.12,0.2032,1.6002,776.64,41,38,45.48,1.6764,2.54,0.2032,1.9812,2.413,2.413,2.032,2,300,1,3,3,300,300.0,0,6,1.4532801239450133,0.7935213670721161,0.8653148203003502,0.6138187354586042,781.085,-481.08500000000004,2.0,5.0,0.3048000000000002,5.0
B00040,B00040_R2,386,10,10,0.2032,1.6002,822.12,0.2032,1.6002,776.64,41,38,45.48,0.4572,2.54,1.6764,0.7112,1.1938,1.1938,3.556,3,300,1,4,2,300,300.0,0,6,1.1066951513996626,0.3048,1.6674808250638453,1.4546906200288774,781.3898,-481.38980000000004,1.0,6.0,0.0,6.0
B00041,B00041_R1,387,1,10,2.286,2.54,858.99,1.9812,2.032,874.63,43,43,-15.64,1.6764,2.032,0.2032,1.6002,1.1176,0.8128,2.413,2,300,0,4,1,300,300.0,0,5,1.2386520234739602,0.6095999999999999,1.284695878280546,0.8382000000000001,862.5206000000001,-562.5206000000001,4.0,2.0,2.97180000000003,2.0
B00041,B00041_R1,388,2,10,2.286,2.54,858.99,1.9812,2.032,874.63,43,43,-15.64,0.2032,0.762,1.0668,2.54,3.8608,3.556,2.6416,1,300,0,2,3,300,300.0,0,5,1.6951134659864644,0.5611043396731128,1.0936868465767535,0.508,865.4924000000001,-565.4924000000001,1.0,5.0,0.0,5.0
B00041,B00041_R1,389,3,10,2.286,2.54,858.99,1.9812,2.032,874.63,43,43,-15.64,2.286,2.54,0.4572,0.2032,0.0,0.8128,4.1656,3,300,0,1,4,300,300.0,0,5,1.8083444312468488,0.7935213670721163,1.3329779917840947,0.5924247125162825,863.1556,-563.1556,3.0,3.0,2.3368000000000393,3.0
B00041,B00041_R2,390,4,10,2.286,2.54,858.99,1.9812,2.032,874.63,43,43,-15.64,2.54,1.143,0.2032,1.9812,1.651,1.9558,3.175,2,300,1,4,1,300,300.0,0,5,1.4759046402925582,0.5611043396731128,1.4287067333428514,0.8650928273890611,879.7607999999999,-579.7607999999999,2.0,4.0,0.762000000000171,4.0
B00041,B00041_R1,391,5,10,2.286,2.54,858.99,1.9812,2.032,874.63,43,43,-15.64,0.762,0.7112,0.2032,1.9812,3.8608,3.556,2.3368,2,300,0,5,0,300,300.0,0,5,1.2054301652577155,0.6095999999999999,1.5593086337027766,1.2192,865.1876000000001,-565.1876000000001,2.0,4.0,0.3048000000000002,4.0
B00041,B00041_R2,392,6,10,2.286,2.54,858.99,1.9812,2.032,874.63,43,43,-15.64,0.2032,1.143,0.4572,2.54,3.4798,3.175,1.651,1,300,1,2,3,300,300.0,0,5,1.849843205053748,1.0500373517165948,1.2736220581521869,0.6138187354586042,879.4559999999999,-579.4559999999999,3.0,3.0,1.0668000000001712,3.0
B00041,B00041_R1,393,7,10,2.286,2.54,858.99,1.9812,2.032,874.63,43,43,-15.64,1.0668,2.032,0.2032,1.9812,1.7272,1.4224,1.4224,2,300,0,3,2,300,300.0,0,5,2.001434578046204,1.4199031657123664,1.4095893681876386,0.0,862.1396000000001,-562.1396000000001,5.0,1.0,3.352800000000002,1.0
B00041,B00041_R2,394,8,10,2.286,2.54,858.99,1.9812,2.032,874.63,43,43,-15.64,1.9812,2.54,0.2032,1.9812,0.8128,0.508,2.3368,2,300,1,5,0,300,300.0,0,5,1.4494464403971292,0.508,1.4283315801214673,0.6138187354586042,877.4748000000001,-577.4748000000001,4.0,2.0,3.048000000000002,2.0
B00041,B00041_R2,395,9,10,2.286,2.54,858.99,1.9812,2.032,874.63,43,43,-15.64,0.4572,2.54,1.9812,0.7112,2.3368,2.032,3.8608,3,300,1,3,2,300,300.0,0,5,1.7645651596157301,1.4199031657123664,1.4213687054072957,0.7061930897424584,880.5228000000001,-580.5228000000001,1.0,5.0,0.0,5.0
B00041,B00041_R2,396,10,10,2.286,2.54,858.99,1.9812,2.032,874.63,43,43,-15.64,1.9812,2.032,0.2032,1.6002,0.8128,0.0,2.7178,2,300,1,1,4,300,300.0,0,5,1.288084708769861,0.508,1.4557304249748282,0.45720000000000005,877.3478,-577.3478,5.0,1.0,3.175000000000068,1.0
B00042,B00042_R1,397,1,9,0.2032,1.9812,926.31,0.2032,1.9812,950.19,47,46,-23.88,0.2032,1.143,1.0668,2.54,1.3462,1.3462,2.2606,1,300,0,1,4,300,300.0,0,5,1.240348247953319,0.0,1.05849992972179,0.508,929.9167999999999,-629.9167999999999,3.0,3.0,2.286000000000172,3.0
B00042,B00042_R2,398,2,9,0.2032,1.9812,926.31,0.2032,1.9812,950.19,47,46,-23.88,0.2032,1.143,0.4572,0.2032,1.3462,1.3462,1.1938,1,300,1,1,3,300,300.0,0,4,1.240348247953319,0.0,1.2858763244444453,0.7902625386540855,952.73,-652.73,3.0,1.0,2.7432000000001153,1.0
B00042,B00042_R1,399,3,9,0.2032,1.9812,926.31,0.2032,1.9812,950.19,47,46,-23.88,0.2032,1.143,1.9812,2.54,1.3462,1.3462,3.175,1,300,0,4,1,300,300.0,0,5,1.9783288103232264,1.474075601860366,0.8516464136945305,0.8382000000000001,930.8311999999999,-630.8311999999999,2.0,4.0,1.3716000000001713,4.0
B00042,B00042_R2,400,4,9,0.2032,1.9812,926.31,0.2032,1.9812,950.19,47,46,-23.88,1.9812,0.7112,0.762,0.2032,3.556,3.556,1.7272,3,300,1,2,2,300,300.0,0,4,0.9882216437218888,0.0,1.0618975543085816,0.45720000000000005,955.4732000000001,-655.4732000000001,1.0,3.0,0.0,3.0
B00042,B00042_R2,401,5,9,0.2032,1.9812,926.31,0.2032,1.9812,950.19,47,46,-23.88,0.2032,0.762,1.9812,2.54,1.7272,1.7272,3.556,1,300,1,3,1,300,300.0,0,4,0.9882216437218888,0.0,1.2195732068472653,0.8382000000000001,955.4732000000001,-655.4732000000001,1.0,3.0,0.0,3.0
B00042,B00042_R2,402,6,9,0.2032,1.9812,926.31,0.2032,1.9812,950.19,47,46,-23.88,1.6764,2.54,0.2032,1.9812,2.032,2.032,2.032,2,300,1,4,0,300,300.0,0,4,1.4136449102998025,0.381,1.6186625769020477,0.6138187354586042,954.2540000000001,-654.2540000000001,2.0,2.0,1.2192000000000007,2.0
B00042,B00042_R1,403,7,9,0.2032,1.9812,926.31,0.2032,1.9812,950.19,47,46,-23.88,2.54,1.9812,0.2032,1.9812,2.9464,2.9464,2.9464,2,300,0,5,0,300,300.0,0,5,1.8208111057875997,1.7787255662411783,1.46432606257136,0.7902625386540855,932.2028,-632.2028,1.0,5.0,0.0,5.0
B00042,B00042_R1,404,8,9,0.2032,1.9812,926.31,0.2032,1.9812,950.19,47,46,-23.88,1.0668,2.032,0.2032,1.6002,1.4224,1.4224,1.8034,2,300,0,3,2,300,300.0,0,5,1.4895839399604813,0.381,1.4649235714917124,0.3048000000000002,929.5358,-629.5358,4.0,2.0,2.66700000000003,2.0
B00042,B00042_R1,405,9,9,0.2032,1.9812,926.31,0.2032,1.9812,950.19,47,46,-23.88,1.0668,2.032,0.2032,1.9812,1.4224,1.4224,1.4224,2,300,0,2,3,300,300.0,0,5,2.0644350906292828,1.8540260192348974,1.4141302059429426,0.8382000000000001,929.1548,-629.1548,5.0,1.0,3.048000000000002,1.0
B00043,B00043_R1,406,1,10,0.2032,1.9812,983.6,0.2032,1.9812,992.67,50,48,-9.07,1.6764,2.54,0.2032,1.6002,2.032,2.032,2.413,2,300,0,4,1,300,300.0,0,5,2.2498782664765846,2.0446605586258078,1.1891725876823198,0.8382000000000001,988.0450000000001,-688.0450000000001,3.0,3.0,2.0574000000000296,3.0
B00043,B00043_R1,407,2,10,0.2032,1.9812,983.6,0.2032,1.9812,992.67,50,48,-9.07,0.2032,0.762,0.762,0.2032,1.7272,1.7272,1.1176,1,300,0,1,4,300,300.0,0,5,1.1114374337778234,0.0,1.1804993576531277,0.508,986.4448000000001,-686.4448000000001,5.0,1.0,3.657600000000002,1.0
B00043,B00043_R2,408,3,10,0.2032,1.9812,983.6,0.2032,1.9812,992.67,50,48,-9.07,1.9812,2.54,0.2032,1.6002,2.3368,2.3368,2.7178,2,300,1,4,1,300,300.0,0,5,1.1114374337778234,0.0,1.4497492524447124,1.046036022324279,997.7246,-697.7246,2.0,4.0,1.4478000000000293,4.0
B00043,B00043_R1,409,4,10,0.2032,1.9812,983.6,0.2032,1.9812,992.67,50,48,-9.07,0.2032,0.762,0.762,2.032,1.7272,1.7272,2.3368,1,300,0,3,2,300,300.0,0,5,1.6335185764800275,1.046036022324279,1.3503798926566692,1.2192,987.6640000000001,-687.6640000000001,4.0,2.0,2.4384000000000015,2.0
B00043,B00043_R2,410,5,10,0.2032,1.9812,983.6,0.2032,1.9812,992.67,50,48,-9.07,0.4572,0.2032,0.2032,1.9812,2.032,2.032,2.032,2,300,1,5,0,300,300.0,0,5,1.0532263150740782,0.5611043396731128,1.5807613488595451,1.2192,996.734,-696.734,4.0,2.0,2.4384000000000015,2.0
B00043,B00043_R2,411,6,10,0.2032,1.9812,983.6,0.2032,1.9812,992.67,50,48,-9.07,0.2032,1.143,1.0668,0.2032,1.3462,1.3462,1.8034,1,300,1,1,4,300,300.0,0,5,2.417412948741776,1.8288,1.3212176908555116,0.45720000000000005,995.8195999999999,-695.8195999999999,5.0,1.0,3.3528000000001157,1.0
B00043,B00043_R2,412,7,10,0.2032,1.9812,983.6,0.2032,1.9812,992.67,50,48,-9.07,1.9812,0.7112,1.9812,2.032,3.556,3.556,2.9464,3,300,1,3,2,300,300.0,0,5,1.3424492501914376,0.0,1.6707464432379058,0.8382000000000001,999.1724,-699.1724,1.0,5.0,0.0,5.0
B00043,B00043_R1,413,8,10,0.2032,1.9812,983.6,0.2032,1.9812,992.67,50,48,-9.07,1.6764,0.2032,0.2032,1.9812,3.2512,3.2512,3.2512,2,300,0,5,0,300,300.0,0,5,1.5094728161675797,0.9735194091542294,1.1936427285706763,0.6095999999999999,990.1024000000001,-690.1024000000001,1.0,5.0,0.0,5.0
B00043,B00043_R1,414,9,10,0.2032,1.9812,983.6,0.2032,1.9812,992.67,50,48,-9.07,0.762,0.7112,0.2032,1.9812,2.3368,2.3368,2.3368,2,300,0,2,3,300,300.0,0,5,1.7178389586544491,1.6064370513655368,1.8142481586075023,0.508,988.2736000000001,-688.2736000000001,2.0,4.0,1.828800000000001,4.0
B00043,B00043_R2,415,10,10,0.2032,1.9812,983.6,0.2032,1.9812,992.67,50,48,-9.07,0.4572,0.2032,2.54,0.762,2.032,2.032,2.6416,3,300,1,2,3,300,300.0,0,5,1.3424492501914376,0.0,1.7372407098134932,0.5611043396731128,997.3436,-697.3436,3.0,3.0,1.828800000000001,3.0
B00044,B00044_R1,416,1,9,0.2032,1.9812,1067.36,0.2032,1.9812,1040.15,53,51,27.21,0.2032,0.762,1.9812,0.7112,1.7272,1.7272,2.3368,1,300,0,1,3,300,300.0,0,4,1.191592263485003,0.0,1.3864298891525089,0.0,1071.424,-771.424,3.0,1.0,2.6669999999999163,1.0
B00044,B00044_R2,417,2,9,0.2032,1.9812,1067.36,0.2032,1.9812,1040.15,53,51,27.21,2.54,1.9812,0.762,2.032,2.9464,2.9464,2.3368,3,300,1,2,3,300,300.0,0,5,1.191592263485003,0.0,1.4554959961439373,0.3048,1045.4332000000002,-745.4332000000002,1.0,5.0,0.0,5.0
B00044,B00044_R1,418,3,9,0.2032,1.9812,1067.36,0.2032,1.9812,1040.15,53,51,27.21,0.2032,0.762,0.762,2.54,1.7272,1.7272,2.3368,1,300,0,3,1,300,300.0,0,4,1.9908888498813366,1.7960512242138307,1.813835072947431,0.7061930897424584,1071.424,-771.424,3.0,1.0,2.6669999999999163,1.0
B00044,B00044_R2,419,4,9,0.2032,1.9812,1067.36,0.2032,1.9812,1040.15,53,51,27.21,0.2032,1.143,2.54,1.143,1.3462,1.3462,2.3368,1,300,1,1,4,300,300.0,0,5,1.9793384112329016,1.7787255662411783,0.8833064697180765,0.8382000000000001,1043.833,-743.8330000000001,4.0,2.0,1.6002000000000862,2.0
B00044,B00044_R1,420,5,9,0.2032,1.9812,1067.36,0.2032,1.9812,1040.15,53,51,27.21,0.4572,2.54,2.54,1.143,0.8128,0.8128,3.4798,3,300,0,4,0,300,300.0,0,4,2.181443449299729,1.5756191417979155,1.003324853987368,0.5924247125162825,1071.6526,-771.6525999999999,2.0,2.0,2.4384000000000015,2.0
B00044,B00044_R1,421,6,9,0.2032,1.9812,1067.36,0.2032,1.9812,1040.15,53,51,27.21,1.9812,0.7112,0.2032,1.6002,3.556,3.556,3.175,2,300,0,2,2,300,300.0,0,4,1.2077889214044473,0.0,1.758733682724852,0.8382000000000001,1074.091,-774.0909999999999,1.0,3.0,0.0,3.0
B00044,B00044_R2,422,7,9,0.2032,1.9812,1067.36,0.2032,1.9812,1040.15,53,51,27.21,0.2032,1.143,1.9812,2.54,1.3462,1.3462,3.175,1,300,1,5,0,300,300.0,0,5,1.2077889214044473,0.0,1.5409443276630177,0.7902625386540855,1044.6712,-744.6712,2.0,4.0,0.762000000000171,4.0
B00044,B00044_R2,423,8,9,0.2032,1.9812,1067.36,0.2032,1.9812,1040.15,53,51,27.21,0.762,0.7112,0.2032,1.6002,2.3368,2.3368,1.9558,2,300,1,4,1,300,300.0,0,5,1.3628507041371605,0.7061930897424584,1.1395975671080676,0.45720000000000005,1044.4426,-744.4426000000001,3.0,3.0,0.9906000000000859,3.0
B00044,B00044_R2,424,9,9,0.2032,1.9812,1067.36,0.2032,1.9812,1040.15,53,51,27.21,1.0668,2.54,0.2032,1.9812,1.4224,1.4224,1.4224,2,300,1,3,2,300,300.0,0,5,1.6786015788028257,1.5756191417979155,1.3501751072071908,0.8382000000000001,1042.9948,-742.9947999999999,5.0,1.0,2.438400000000229,1.0
B00045,B00045_R1,425,1,10,2.54,1.143,1123.77,1.9812,2.54,1119.09,55,55,4.68,0.2032,0.762,2.54,0.762,2.7178,3.556,2.9464,1,300,0,5,0,300,300.0,0,5,0.7977856257118121,0.0,1.9285848146314777,1.474075601860366,1129.4342,-829.4341999999999,2.0,4.0,0.3047999999998865,4.0
B00045,B00045_R2,426,2,10,2.54,1.143,1123.77,1.9812,2.54,1119.09,55,55,4.68,0.762,2.54,0.2032,1.9812,3.175,1.7272,1.1176,2,300,1,3,2,300,300.0,0,5,0.7977856257118121,0.0,1.2800977785545409,0.0,1121.9348,-821.9348,4.0,1.0,3.657600000000002,1.0
B00045,B00045_R1,427,3,10,2.54,1.143,1123.77,1.9812,2.54,1119.09,55,55,4.68,0.2032,0.762,1.6764,2.032,2.7178,3.556,3.2512,1,300,0,3,2,300,300.0,0,5,0.8620462428538769,0.381,0.7583614326779405,0.30479999999999996,1129.7389999999998,-829.7389999999998,1.0,5.0,0.0,5.0
B00045,B00045_R2,428,4,10,2.54,1.143,1123.77,1.9812,2.54,1119.09,55,55,4.68,1.0668,0.2032,0.2032,1.9812,2.413,3.2512,2.6416,2,300,1,5,0,300,300.0,0,5,1.037602606872852,0.8650928273890611,0.8587097051135552,0.5611043396731128,1124.9827999999998,-824.9827999999998,2.0,3.0,0.6096000000002277,3.0
B00045,B00045_R1,429,5,10,2.54,1.143,1123.77,1.9812,2.54,1119.09,55,55,4.68,0.2032,1.143,0.762,0.7112,2.3368,3.175,1.4986,1,300,0,1,4,300,300.0,0,5,1.7663601974190875,1.4546906200288774,0.8432513716283987,0.45720000000000005,1127.6054,-827.6053999999999,4.0,2.0,2.1335999999998876,2.0
B00045,B00045_R2,430,6,10,2.54,1.143,1123.77,1.9812,2.54,1119.09,55,55,4.68,1.9812,0.7112,0.2032,1.9812,1.4986,2.9464,3.556,2,300,1,2,3,300,300.0,0,5,1.8195883822000116,1.2192,1.7158925792263786,0.8382000000000001,1125.5924,-825.5924,1.0,4.0,0.0,4.0
B00045,B00045_R1,431,7,10,2.54,1.143,1123.77,1.9812,2.54,1119.09,55,55,4.68,1.0668,0.7112,0.762,0.7112,2.413,3.2512,0.8128,3,300,0,2,3,300,300.0,0,5,1.7970748855822192,1.0460360223242793,1.4192992718479696,0.7902625386540855,1126.9958,-826.9957999999999,5.0,1.0,2.743199999999888,1.0
B00045,B00045_R2,432,8,10,2.54,1.143,1123.77,1.9812,2.54,1119.09,55,55,4.68,1.9812,2.54,1.9812,0.2032,1.9558,0.0,2.9464,3,300,1,1,4,300,300.0,0,5,1.7256154529334626,1.0460360223242793,1.367210559432693,0.7902625386540855,1122.0364,-822.0364,3.0,2.0,3.55600000000004,2.0
B00045,B00045_R1,433,9,10,2.54,1.143,1123.77,1.9812,2.54,1119.09,55,55,4.68,1.6764,2.032,0.2032,1.6002,2.2606,0.8128,2.413,2,300,0,4,1,300,300.0,0,5,1.9546264016083905,1.2192,1.517307043077667,0.508,1128.4436,-828.4436000000001,3.0,3.0,1.295399999999745,3.0
B00045,B00045_R2,434,10,10,2.54,1.143,1123.77,1.9812,2.54,1119.09,55,55,4.68,0.2032,1.143,2.54,0.762,2.3368,3.175,2.7178,1,300,1,4,1,300,300.0,0,5,1.7179504243393984,1.276334203882353,1.628734781569839,0.5611043396731128,1124.9827999999998,-824.9827999999998,2.0,3.0,0.6096000000002277,3.0
B00046,B00046_R2,435,1,9,2.54,0.762,1140.7,0.2032,1.9812,1131.5,57,56,9.2,0.762,2.54,0.2032,1.6002,3.556,1.1176,1.4986,2,300,1,3,2,300,300.0,0,5,1.5474358616757549,0.381,1.695958960634928,0.9735194091542294,1134.1162,-834.1161999999999,3.0,3.0,2.0574000000001433,3.0
B00046,B00046_R1,436,2,9,2.54,0.762,1140.7,0.2032,1.9812,1131.5,57,56,9.2,0.2032,0.762,0.4572,0.2032,2.9464,1.7272,0.8128,1,300,0,3,1,300,300.0,0,4,1.9712418109397003,1.0500373517165948,1.4141302059429426,0.8382000000000001,1144.4592,-844.4592,3.0,2.0,0.9143999999998869,2.0
B00046,B00046_R2,437,3,9,2.54,0.762,1140.7,0.2032,1.9812,1131.5,57,56,9.2,0.4572,2.54,0.2032,1.9812,3.8608,0.8128,0.8128,2,300,1,1,4,300,300.0,0,5,1.5305959314010475,0.381,1.6715565505438752,1.3875004288287625,1133.1255999999998,-833.1255999999998,5.0,1.0,3.048000000000229,1.0
B00046,B00046_R1,438,4,9,2.54,0.762,1140.7,0.2032,1.9812,1131.5,57,56,9.2,2.54,1.6002,0.2032,1.9812,1.3462,2.7178,2.7178,2,300,0,2,2,300,300.0,0,4,1.552814883281499,1.0500373517165948,1.6212293603675019,0.0,1144.764,-844.7639999999999,2.0,3.0,0.6096000000000004,3.0
B00046,B00046_R2,439,5,9,2.54,0.762,1140.7,0.2032,1.9812,1131.5,57,56,9.2,0.762,2.54,0.2032,1.9812,3.556,1.1176,1.1176,2,300,1,2,3,300,300.0,0,5,0.9095537617783451,0.0,0.8935343794930983,0.45720000000000005,1133.7352,-833.7352000000001,4.0,2.0,2.4384000000000015,2.0
B00046,B00046_R2,440,6,9,2.54,0.762,1140.7,0.2032,1.9812,1131.5,57,56,9.2,0.2032,1.143,1.0668,0.2032,2.7178,1.3462,1.8034,1,300,1,4,1,300,300.0,0,5,0.970882296236816,0.3048,0.9515563765342333,0.7902625386540855,1134.6496,-834.6496,2.0,4.0,1.5240000000001146,4.0
B00046,B00046_R1,441,7,9,2.54,0.762,1140.7,0.2032,1.9812,1131.5,57,56,9.2,0.2032,1.143,0.762,2.032,2.7178,1.3462,1.9558,1,300,0,4,0,300,300.0,0,4,0.9095537617783451,0.0,0.907445425735363,0.6138187354586042,1145.3736,-845.3735999999999,1.0,4.0,0.0,4.0
B00046,B00046_R2,442,8,9,2.54,0.762,1140.7,0.2032,1.9812,1131.5,57,56,9.2,0.762,0.7112,0.2032,1.9812,2.3368,2.3368,2.3368,2,300,1,5,0,300,300.0,0,5,1.2838315874203967,0.7061930897424584,1.9301544978704195,0.5924247125162825,1136.1736,-836.1736000000001,1.0,5.0,0.0,5.0
B00046,B00046_R1,443,9,9,2.54,0.762,1140.7,0.2032,1.9812,1131.5,57,56,9.2,1.9812,0.7112,2.54,1.6002,1.1176,3.556,1.9558,3,300,0,1,3,300,300.0,0,4,1.5544547772443391,0.7061930897424584,0.7581359531916938,0.6138187354586042,1143.7734,-843.7734,4.0,1.0,1.6001999999998588,1.0
B00047,B00047_R2,444,1,10,0.762,2.032,1108.84,0.2032,1.9812,1114.06,56,56,-5.22,0.2032,0.762,2.54,0.762,2.3368,1.7272,2.9464,1,300,1,5,0,300,300.0,0,5,1.0981037960578135,0.0,1.5052934685881618,0.6096000000000001,1118.7336,-818.7336,1.0,5.0,0.0,5.0
B00047,B00047_R1,445,2,10,0.762,2.032,1108.84,0.2032,1.9812,1114.06,56,56,-5.22,1.0668,2.032,1.6764,2.54,0.8128,1.4224,1.1176,3,300,0,1,4,300,300.0,0,5,2.0296461283494653,1.3208,1.0421464136945306,0.8650928273890611,1110.7703999999999,-810.7703999999999,4.0,1.0,3.5814000000000306,1.0
B00047,B00047_R2,446,3,10,0.762,2.032,1108.84,0.2032,1.9812,1114.06,56,56,-5.22,0.2032,1.143,0.4572,2.54,1.9558,1.3462,1.651,1,300,1,1,4,300,300.0,0,5,1.452526860232546,0.0,1.9615181239282402,1.5756191417979153,1117.0572,-817.0572,5.0,1.0,1.6764000000000578,1.0
B00047,B00047_R1,447,4,10,0.762,2.032,1108.84,0.2032,1.9812,1114.06,56,56,-5.22,2.286,2.54,0.2032,1.9812,2.032,2.6416,2.6416,2,300,0,3,2,300,300.0,0,5,1.0981037960578135,0.0,1.5052934685881618,0.6096000000000001,1113.5135999999998,-813.5135999999998,2.0,3.0,0.8382000000001426,3.0
B00047,B00047_R1,448,5,10,0.762,2.032,1108.84,0.2032,1.9812,1114.06,56,56,-5.22,0.2032,0.762,1.6764,0.2032,2.3368,1.7272,2.032,1,300,0,4,1,300,300.0,0,5,1.452526860232546,0.0,1.631614029387167,0.9735194091542294,1113.2087999999999,-813.2087999999999,3.0,2.0,1.143000000000029,2.0
B00047,B00047_R1,449,6,10,0.762,2.032,1108.84,0.2032,1.9812,1114.06,56,56,-5.22,1.0668,2.032,1.6764,2.54,0.8128,1.4224,1.1176,3,300,0,2,3,300,300.0,0,5,0.1905,0.0,2.352228032274959,2.3368,1110.7703999999999,-810.7703999999999,4.0,1.0,3.5814000000000306,1.0
B00047,B00047_R2,450,7,10,0.762,2.032,1108.84,0.2032,1.9812,1114.06,56,56,-5.22,0.2032,0.762,1.0668,0.2032,2.3368,1.7272,1.4224,1,300,1,2,3,300,300.0,0,5,0.28575,0.0,1.7020142095884645,1.4199031657123664,1117.2096,-817.2095999999999,4.0,2.0,1.5240000000001146,2.0
B00047,B00047_R2,451,8,10,0.762,2.032,1108.84,0.2032,1.9812,1114.06,56,56,-5.22,0.2032,0.762,0.762,2.032,2.3368,1.7272,2.3368,1,300,1,3,2,300,300.0,0,5,0.1905,0.0,1.1524779029166177,1.0286216019508825,1118.124,-818.124,2.0,4.0,0.6096000000000004,4.0
B00047,B00047_R1,452,9,10,0.762,2.032,1108.84,0.2032,1.9812,1114.06,56,56,-5.22,0.2032,0.762,2.54,1.6002,2.3368,1.7272,3.175,1,300,0,5,0,300,300.0,0,5,0.1905,0.0,1.2187688902726785,1.0500373517165948,1114.3518,-814.3517999999999,1.0,4.0,0.0,4.0
B00047,B00047_R2,453,10,10,0.762,2.032,1108.84,0.2032,1.9812,1114.06,56,56,-5.22,0.2032,1.143,1.9812,0.7112,1.9558,1.3462,2.7178,1,300,1,4,1,300,300.0,0,5,0.28575,0.0,1.7914646076525644,1.7787255662411783,1118.1239999999998,-818.1239999999998,3.0,3.0,0.6096000000002277,3.0
B00048,B00048_R1,454,1,10,2.54,1.6002,1171.44,2.54,0.762,1188.21,59,59,-16.77,1.6764,2.54,1.9812,2.032,1.8034,2.6416,0.8128,3,300,0,1,5,300,300.0,0,6,1.7991319205636107,0.5924247125162826,1.525365294797194,0.0,1174.0562,-874.0562,5.0,2.0,3.3528000000001157,2.0
B00048,B00048_R1,455,2,10,2.54,1.6002,1171.44,2.54,0.762,1188.21,59,59,-16.77,1.9812,2.032,1.9812,2.54,1.4986,2.3368,0.508,3,300,0,2,4,300,300.0,0,6,1.6438502373004507,0.5924247125162826,1.876227375906901,0.3048000000000002,1173.4466,-873.4466,6.0,1.0,3.962400000000116,1.0
B00048,B00048_R1,456,3,10,2.54,1.6002,1171.44,2.54,0.762,1188.21,59,59,-16.77,0.2032,1.143,1.9812,2.54,2.794,2.7178,3.175,1,300,0,6,0,300,300.0,0,6,1.251997157515352,0.0,1.525593233011874,0.3048000000000002,1177.409,-877.4090000000001,1.0,6.0,0.0,6.0
B00048,B00048_R1,457,4,10,2.54,1.6002,1171.44,2.54,0.762,1188.21,59,59,-16.77,1.0668,0.7112,0.2032,1.6002,2.8702,2.032,2.2606,2,300,0,3,3,300,300.0,0,6,1.1946459636745996,0.508,1.2267802172316322,0.45720000000000005,1176.5708000000002,-876.5708000000002,4.0,3.0,0.8381999999999152,3.0
B00048,B00048_R2,458,5,10,2.54,1.6002,1171.44,2.54,0.762,1188.21,59,59,-16.77,0.2032,1.143,1.9812,2.032,2.794,2.7178,3.175,1,300,1,3,1,300,300.0,0,4,1.5040666794056543,0.508,1.313310460030944,0.8382000000000001,1194.1028,-894.1027999999999,1.0,4.0,0.0,4.0
B00048,B00048_R2,459,6,10,2.54,1.6002,1171.44,2.54,0.762,1188.21,59,59,-16.77,1.9812,0.2032,0.2032,1.6002,1.9558,1.1176,3.175,2,300,1,1,3,300,300.0,0,4,1.251997157515352,0.0,1.622907434737003,0.7061930897424584,1192.5026,-892.5026,4.0,1.0,1.6001999999998588,1.0
B00048,B00048_R1,460,7,10,2.54,1.6002,1171.44,2.54,0.762,1188.21,59,59,-16.77,1.0668,0.2032,0.2032,1.9812,2.8702,2.032,2.6416,2,300,0,5,1,300,300.0,0,6,1.5156570166859489,0.7061930897424584,1.649029163638713,1.3208,1176.9518,-876.9518,3.0,4.0,0.4572000000000571,4.0
B00048,B00048_R1,461,8,10,2.54,1.6002,1171.44,2.54,0.762,1188.21,59,59,-16.77,0.2032,1.143,2.54,1.6002,2.794,2.7178,2.794,1,300,0,4,2,300,300.0,0,6,1.2799654094762216,0.508,1.165033927904636,0.45720000000000005,1177.0280000000002,-877.0280000000002,2.0,5.0,0.3809999999998581,5.0
B00048,B00048_R2,462,9,10,2.54,1.6002,1171.44,2.54,0.762,1188.21,59,59,-16.77,1.9812,0.7112,1.0668,2.54,1.9558,1.1176,3.2512,3,300,1,4,0,300,300.0,0,4,1.185627243962241,0.508,2.0019138294275223,1.6423805770892446,1192.5788,-892.5788,3.0,2.0,1.5239999999998872,2.0
B00048,B00048_R2,463,10,10,2.54,1.6002,1171.44,2.54,0.762,1188.21,59,59,-16.77,0.762,0.7112,0.2032,1.9812,3.175,2.3368,2.3368,2,300,1,2,2,300,300.0,0,4,1.0820643632474862,0.7061930897424584,1.8458874439093969,0.8382000000000001,1192.8836000000001,-892.8836000000001,2.0,3.0,1.2191999999997734,3.0
B00049,B00049_R2,464,1,9,1.9812,2.54,1225.66,1.0668,2.54,1225.7,62,60,-0.04,0.2032,1.143,1.0668,0.2032,3.175,2.2606,1.8034,1,300,1,1,4,300,300.0,0,5,1.1956186881833057,0.381,1.8961460277786681,0.8382000000000001,1229.7640000000001,-929.7640000000001,5.0,1.0,2.743199999999888,1.0
B00049,B00049_R2,465,2,9,1.9812,2.54,1225.66,1.0668,2.54,1225.7,62,60,-0.04,1.0668,0.2032,1.9812,0.7112,3.2512,2.9464,1.4224,3,300,1,2,3,300,300.0,0,5,1.2255020207721394,0.45720000000000005,1.773629360367502,0.45720000000000005,1230.0688,-930.0688,4.0,2.0,2.4384000000000015,2.0
B00049,B00049_R1,466,3,9,1.9812,2.54,1225.66,1.0668,2.54,1225.7,62,60,-0.04,2.54,0.762,0.2032,1.9812,2.3368,3.2512,3.556,2,300,0,3,1,300,300.0,0,4,1.0583333333333333,0.381,1.7588606729286955,0.45720000000000005,1231.5528000000002,-931.5528000000002,1.0,4.0,0.0,4.0
B00049,B00049_R2,467,4,9,1.9812,2.54,1225.66,1.0668,2.54,1225.7,62,60,-0.04,1.9812,0.2032,0.2032,1.9812,2.9464,3.2512,3.556,2,300,1,4,1,300,300.0,0,5,2.3618540422887784,2.3368,0.7724449270440553,0.5611043396731128,1232.5072,-932.5072,1.0,5.0,0.0,5.0
B00049,B00049_R2,468,5,9,1.9812,2.54,1225.66,1.0668,2.54,1225.7,62,60,-0.04,0.2032,1.143,1.0668,2.54,3.175,2.2606,2.2606,1,300,1,5,0,300,300.0,0,5,1.3931106102580495,0.0,0.8524835509705884,0.0,1230.2212000000002,-930.2212000000002,3.0,3.0,2.285999999999831,3.0
B00049,B00049_R1,469,6,9,1.9812,2.54,1225.66,1.0668,2.54,1225.7,62,60,-0.04,2.54,1.6002,0.2032,1.6002,1.4986,2.413,2.3368,2,300,0,1,3,300,300.0,0,4,1.1715671019411766,0.9144000000000001,1.1899470440724325,0.508,1229.4954,-929.4954,4.0,1.0,2.0574000000001433,1.0
B00049,B00049_R1,470,7,9,1.9812,2.54,1225.66,1.0668,2.54,1225.7,62,60,-0.04,2.54,1.143,0.2032,1.6002,1.9558,2.8702,2.794,2,300,0,4,0,300,300.0,0,4,1.3103481142143325,0.30479999999999996,1.597882006216663,0.8382000000000001,1230.4098000000001,-930.4098000000001,3.0,2.0,1.143000000000029,2.0
B00049,B00049_R1,471,8,9,1.9812,2.54,1225.66,1.0668,2.54,1225.7,62,60,-0.04,0.2032,1.143,1.9812,0.7112,3.175,2.2606,2.7178,1,300,0,2,2,300,300.0,0,4,1.3931106102580495,0.0,2.2810618532324183,1.6423805770892446,1231.5528,-931.5527999999999,2.0,3.0,2.2737367544323206e-13,3.0
B00049,B00049_R2,472,9,9,1.9812,2.54,1225.66,1.0668,2.54,1225.7,62,60,-0.04,2.286,0.2032,1.6764,0.7112,2.6416,3.556,1.1176,3,300,1,3,2,300,300.0,0,5,1.52350600436059,0.30479999999999996,1.1140751922991876,0.5924247125162826,1230.3736000000001,-930.3736000000001,2.0,4.0,2.1335999999998876,4.0
B00050,B00050_R2,473,1,10,0.2032,1.6002,1236.78,1.0668,2.54,1238.11,62,61,-1.33,1.6764,0.2032,0.2032,1.9812,2.8702,2.9464,3.2512,2,300,1,3,2,300,300.0,0,5,0.960423947945827,0.0,1.6152046370675819,1.5351773448041761,1244.3075999999999,-944.3075999999999,1.0,5.0,0.0,5.0
B00050,B00050_R2,474,2,10,0.2032,1.6002,1236.78,1.0668,2.54,1238.11,62,61,-1.33,0.2032,0.762,1.6764,2.54,1.3462,2.6416,3.2512,1,300,1,5,0,300,300.0,0,5,1.0157767740235644,0.0,2.322923186586282,0.9735194091542294,1244.0027999999998,-944.0027999999998,3.0,3.0,0.30480000000011387,3.0
B00050,B00050_R1,475,3,10,0.2032,1.6002,1236.78,1.0668,2.54,1238.11,62,61,-1.33,0.762,0.2032,1.0668,2.032,1.9558,3.2512,3.2512,3,300,0,5,0,300,300.0,0,5,0.960423947945827,0.0,1.3794537617783451,0.8382000000000001,1241.9869999999999,-941.9869999999999,1.0,4.0,0.0,4.0
B00050,B00050_R1,476,4,10,0.2032,1.6002,1236.78,1.0668,2.54,1238.11,62,61,-1.33,0.2032,0.762,2.286,2.54,1.3462,2.6416,3.8608,1,300,0,3,2,300,300.0,0,5,2.3718763666306115,2.2611707144751367,1.1714075235566903,0.8382000000000001,1241.9869999999999,-941.9869999999999,1.0,4.0,0.0,4.0
B00050,B00050_R2,477,5,10,0.2032,1.6002,1236.78,1.0668,2.54,1238.11,62,61,-1.33,0.4572,0.2032,1.0668,2.54,1.651,2.9464,2.9464,3,300,1,4,1,300,300.0,0,5,1.0157767740235644,0.0,0.7628583132823056,0.0,1244.0028,-944.0028,2.0,4.0,0.3047999999998865,4.0
B00050,B00050_R2,478,6,10,0.2032,1.6002,1236.78,1.0668,2.54,1238.11,62,61,-1.33,1.0668,2.032,0.2032,1.9812,1.8034,0.508,1.4224,2,300,1,1,4,300,300.0,0,5,1.617495595154688,1.2191999999999998,1.179636012900723,0.8382000000000001,1240.0403999999999,-940.0403999999999,5.0,1.0,4.2672000000000025,1.0
B00050,B00050_R1,479,7,10,0.2032,1.6002,1236.78,1.0668,2.54,1238.11,62,61,-1.33,0.762,0.2032,0.2032,1.6002,1.9558,3.2512,1.9558,2,300,0,2,3,300,300.0,0,5,1.0265613673430367,0.381,1.949076577491701,0.7935213670721161,1240.6915999999999,-940.6915999999999,3.0,2.0,1.2953999999999724,2.0
B00050,B00050_R2,480,8,10,0.2032,1.6002,1236.78,1.0668,2.54,1238.11,62,61,-1.33,0.2032,1.143,1.6764,0.2032,0.9652,2.2606,2.413,1,300,1,2,3,300,300.0,0,5,1.1835656515628694,0.6138187354586042,1.6355051939736809,0.508,1242.7836,-942.7836,4.0,2.0,1.5239999999998872,2.0
B00050,B00050_R1,481,9,10,0.2032,1.6002,1236.78,1.0668,2.54,1238.11,62,61,-1.33,2.54,1.6002,0.2032,1.6002,2.3368,2.413,2.3368,2,300,0,4,1,300,300.0,0,5,1.6576655004766274,1.2394054865135946,1.5406193694635242,0.8382000000000001,1241.4536,-941.4536,2.0,3.0,0.5333999999998014,3.0
B00050,B00050_R1,482,10,10,0.2032,1.6002,1236.78,1.0668,2.54,1238.11,62,61,-1.33,0.2032,0.762,0.762,0.2032,1.3462,2.6416,1.1176,1,300,0,1,4,300,300.0,0,5,1.0853409182125042,0.381,1.1806359008591398,0.0,1239.2438,-939.2438,4.0,1.0,2.743199999999888,1.0
B00051,B00051_R2,483,1,9,1.0668,2.032,1246.12,1.6764,2.54,1241.12,62,61,5.0,0.2032,1.143,1.6764,2.54,2.2606,2.8702,2.8702,1,300,1,5,0,300,300.0,0,5,0.46987386731696085,0.0,2.475780072102785,2.3090262536402655,1246.8604,-946.8604,2.0,4.0,0.6857999999997446,4.0
B00051,B00051_R2,484,2,9,1.0668,2.032,1246.12,1.6764,2.54,1241.12,62,61,5.0,0.2032,0.762,2.54,1.6002,2.6416,3.2512,3.175,1,300,1,4,1,300,300.0,0,5,1.1111924692613726,1.0286216019508825,2.448756699962864,2.3811060623164186,1247.5461999999998,-947.5461999999998,1.0,5.0,0.0,5.0
B00051,B00051_R1,485,3,9,1.0668,2.032,1246.12,1.6764,2.54,1241.12,62,61,5.0,0.2032,0.762,2.54,1.9812,2.6416,3.2512,3.556,1,300,0,4,0,300,300.0,0,4,0.679444734627451,0.381,1.5344957182688785,1.0460360223242793,1252.3175999999999,-952.3175999999999,1.0,4.0,0.0,4.0
B00051,B00051_R2,486,4,9,1.0668,2.032,1246.12,1.6764,2.54,1241.12,62,61,5.0,0.2032,0.762,1.9812,0.7112,2.6416,3.2512,2.3368,1,300,1,3,2,300,300.0,0,5,0.46987386731696085,0.0,1.876986273521318,1.4199031657123664,1246.7079999999999,-946.7079999999999,3.0,3.0,0.8381999999999152,3.0
B00051,B00051_R1,487,5,9,1.0668,2.032,1246.12,1.6764,2.54,1241.12,62,61,5.0,1.0668,0.2032,2.54,1.6002,2.9464,2.9464,2.8702,3,300,0,3,1,300,300.0,0,4,0.6874661079993283,0.0,1.8101825547023744,0.5924247125162826,1251.9366,-951.9366,2.0,3.0,0.3809999999998581,3.0
B00051,B00051_R2,488,6,9,1.0668,2.032,1246.12,1.6764,2.54,1241.12,62,61,5.0,1.9812,2.032,0.4572,2.54,1.4224,0.8128,2.032,3,300,1,1,4,300,300.0,0,5,0.7367476544572069,0.0,1.9877468082903458,0.7061930897424584,1243.9647999999997,-943.9647999999997,5.0,1.0,3.5814000000000306,1.0
B00051,B00051_R2,489,7,9,1.0668,2.032,1246.12,1.6764,2.54,1241.12,62,61,5.0,0.2032,1.143,0.762,0.2032,2.2606,2.8702,1.4986,1,300,1,2,3,300,300.0,0,5,0.7367476544572069,0.0,1.6897222575036563,1.3208,1245.4887999999999,-945.4887999999999,4.0,2.0,2.057399999999916,2.0
B00051,B00051_R1,490,8,9,1.0668,2.032,1246.12,1.6764,2.54,1241.12,62,61,5.0,0.2032,1.143,1.9812,0.7112,2.2606,2.8702,2.7178,1,300,0,2,2,300,300.0,0,4,2.08642752491307,1.987864431997313,1.6079771949630985,1.4199031657123664,1251.0983999999999,-951.0983999999999,3.0,2.0,1.2192000000000007,2.0
B00051,B00051_R1,491,9,9,1.0668,2.032,1246.12,1.6764,2.54,1241.12,62,61,5.0,0.2032,0.762,0.4572,2.54,2.6416,3.2512,2.032,1,300,0,1,3,300,300.0,0,4,0.6874661079993283,0.0,1.2179624729831469,0.7902625386540855,1250.7935999999997,-950.7935999999997,4.0,1.0,1.5240000000001146,1.0
B00052,B00052_R2,492,1,9,2.54,1.9812,1319.88,1.6764,2.54,1320.68,64,64,-0.8,0.4572,0.2032,1.6764,0.7112,3.8608,3.556,1.7272,3,300,1,2,3,300,300.0,0,5,1.6284317541400013,0.8650928273890611,0.6716082375054274,0.508,1325.9632000000001,-1025.9632000000001,2.0,4.0,1.5239999999998872,4.0
B00052,B00052_R2,493,2,9,2.54,1.9812,1319.88,1.6764,2.54,1320.68,64,64,-0.8,1.0668,0.2032,0.2032,1.6002,3.2512,2.9464,2.2606,2,300,1,3,2,300,300.0,0,5,1.071526651077748,0.30479999999999996,2.2172517153055558,1.927724461638644,1325.8870000000002,-1025.8870000000002,3.0,3.0,1.6001999999998588,3.0
B00052,B00052_R1,494,3,9,2.54,1.9812,1319.88,1.6764,2.54,1320.68,64,64,-0.8,0.2032,0.762,1.9812,0.7112,3.556,3.2512,2.3368,1,300,0,2,2,300,300.0,0,4,1.2606861680406596,0.30479999999999996,1.7564931020049965,1.2192,1325.7728000000002,-1025.7728000000002,1.0,4.0,0.0,4.0
B00052,B00052_R2,495,4,9,2.54,1.9812,1319.88,1.6764,2.54,1320.68,64,64,-0.8,1.6764,2.54,0.2032,1.9812,1.4224,0.0,2.032,2,300,1,1,4,300,300.0,0,5,1.0773096165711136,0.8650928273890611,1.8690970452867177,0.8382000000000001,1322.712,-1022.712,5.0,1.0,4.775200000000041,1.0
B00052,B00052_R1,496,5,9,2.54,1.9812,1319.88,1.6764,2.54,1320.68,64,64,-0.8,1.9812,0.2032,1.6764,2.54,2.3368,3.2512,3.2512,3,300,0,3,1,300,300.0,0,4,1.130912838259058,0.3048,1.3008836835501427,0.7935213670721161,1325.468,-1025.468,3.0,2.0,0.30480000000011387,2.0
B00052,B00052_R2,497,6,9,2.54,1.9812,1319.88,1.6764,2.54,1320.68,64,64,-0.8,0.762,0.2032,1.9812,2.032,3.556,3.2512,3.556,3,300,1,5,0,300,300.0,0,5,1.1514346586300277,0.30479999999999996,1.2822892475019851,0.45720000000000005,1327.4872,-1027.4872,1.0,5.0,0.0,5.0
B00052,B00052_R1,498,7,9,2.54,1.9812,1319.88,1.6764,2.54,1320.68,64,64,-0.8,2.286,0.2032,0.2032,1.9812,2.032,2.9464,3.8608,2,300,0,4,0,300,300.0,0,4,2.3975810663727173,2.0302529990126845,1.6186577308226293,0.8382000000000001,1325.7728,-1025.7728,2.0,3.0,2.2737367544323206e-13,3.0
B00052,B00052_R1,499,8,9,2.54,1.9812,1319.88,1.6764,2.54,1320.68,64,64,-0.8,1.0668,0.7112,0.2032,1.6002,3.2512,2.9464,2.2606,2,300,0,1,3,300,300.0,0,4,1.0530789122649984,0.30479999999999996,1.751378451088938,0.5924247125162826,1325.3918,-1025.3918,4.0,1.0,0.3810000000000855,1.0
B00052,B00052_R2,500,9,9,2.54,1.9812,1319.88,1.6764,2.54,1320.68,64,64,-0.8,0.2032,1.143,0.762,2.032,3.175,2.8702,1.9558,1,300,1,4,1,300,300.0,0,5,1.3433718422877088,0.9735194091542294,1.6457220151985186,1.046036022324279,1325.506,-1025.506,4.0,2.0,1.9811999999999443,2.0
B00053,B00053_R1,501,1,9,0.2032,1.9812,1354.36,1.9812,2.032,1350.23,65,66,4.13,1.0668,2.54,0.2032,1.6002,1.4224,1.4224,1.8034,2,300,0,1,3,300,300.0,0,4,1.7619397122267006,0.5924247125162825,1.2843962379816947,0.7061930897424584,1357.5857999999998,-1057.5857999999998,4.0,1.0,2.057399999999916,1.0
B00053,B00053_R1,502,2,9,0.2032,1.9812,1354.36,1.9812,2.032,1350.23,65,66,4.13,0.762,0.2032,0.2032,1.9812,2.3368,3.556,2.3368,2,300,0,2,2,300,300.0,0,4,1.4967314747212732,0.30479999999999996,1.1887872365972392,0.5611043396731128,1359.0336,-1059.0336,2.0,3.0,0.609599999999773,3.0
B00053,B00053_R2,503,3,9,0.2032,1.9812,1354.36,1.9812,2.032,1350.23,65,66,4.13,2.54,1.6002,0.2032,1.6002,2.7178,1.4986,2.3368,2,300,1,1,4,300,300.0,0,5,1.4985420064116326,0.30479999999999996,1.1511566241776532,0.5611043396731128,1354.0654,-1054.0654,5.0,1.0,2.6670000000001437,1.0
B00053,B00053_R1,504,4,9,0.2032,1.9812,1354.36,1.9812,2.032,1350.23,65,66,4.13,1.0668,0.2032,0.2032,1.9812,2.6416,3.2512,2.6416,2,300,0,4,0,300,300.0,0,4,1.4250835772503934,0.5924247125162825,1.3130014768792526,0.6095999999999999,1359.6431999999998,-1059.6431999999998,1.0,4.0,0.0,4.0
B00053,B00053_R2,505,5,9,0.2032,1.9812,1354.36,1.9812,2.032,1350.23,65,66,4.13,2.54,0.762,0.2032,1.6002,3.556,2.3368,3.175,2,300,1,3,2,300,300.0,0,5,1.780447811703718,0.8382000000000001,1.571475610042776,0.45720000000000005,1355.7418,-1055.7418,4.0,2.0,0.9906000000000859,2.0
B00053,B00053_R2,506,6,9,0.2032,1.9812,1354.36,1.9812,2.032,1350.23,65,66,4.13,0.2032,0.762,2.54,0.762,1.7272,3.556,2.9464,1,300,1,4,1,300,300.0,0,5,1.5391187000021305,0.6138187354586042,1.5350301053462543,0.45720000000000005,1356.7324,-1056.7324,1.0,5.0,0.0,5.0
B00053,B00053_R2,507,7,9,0.2032,1.9812,1354.36,1.9812,2.032,1350.23,65,66,4.13,0.2032,1.143,2.54,0.762,1.3462,3.175,2.7178,1,300,1,2,3,300,300.0,0,5,1.8392101307270163,0.381,0.9549187000021304,0.0,1356.1227999999999,-1056.1227999999999,3.0,3.0,0.6096000000002277,3.0
B00053,B00053_R2,508,8,9,0.2032,1.9812,1354.36,1.9812,2.032,1350.23,65,66,4.13,2.286,0.2032,0.2032,1.9812,3.8608,2.6416,3.8608,2,300,1,5,0,300,300.0,0,5,1.853693533896879,0.381,0.9472046838646511,0.0,1356.7323999999999,-1056.7323999999999,2.0,4.0,2.2737367544323206e-13,4.0
B00053,B00053_R1,509,9,9,0.2032,1.9812,1354.36,1.9812,2.032,1350.23,65,66,4.13,0.762,2.032,1.6764,0.2032,1.1176,1.7272,3.2512,3,300,0,3,1,300,300.0,0,4,1.6187981035035324,0.6138187354586042,1.7651970021079797,0.8382000000000001,1358.7287999999999,-1058.7287999999999,3.0,2.0,0.9143999999998869,2.0
B00054,B00054_R1,510,1,10,0.2032,1.9812,1301.76,0.2032,1.9812,1310.14,62,64,-8.38,1.6764,2.54,0.2032,1.9812,2.032,2.032,2.032,2,300,0,2,3,300,300.0,0,5,1.7294003137233322,0.6095999999999999,1.8112188336590829,1.0286216019508825,1305.8239999999998,-1005.8239999999998,4.0,2.0,3.048000000000229,2.0
B00054,B00054_R1,511,2,10,0.2032,1.9812,1301.76,0.2032,1.9812,1310.14,62,64,-8.38,0.2032,0.762,2.54,1.143,1.7272,1.7272,2.7178,1,300,0,3,2,300,300.0,0,5,2.1292655043167175,1.8637439309089647,1.1915035833008747,0.0,1306.205,-1006.2049999999999,3.0,3.0,2.6670000000001437,3.0
B00054,B00054_R2,512,3,10,0.2032,1.9812,1301.76,0.2032,1.9812,1310.14,62,64,-8.38,0.4572,2.54,2.54,1.9812,0.8128,0.8128,2.6416,3,300,1,1,4,300,300.0,0,5,1.781455914784708,0.6095999999999999,1.9479682186208414,1.2192,1313.5944,-1013.5944,5.0,1.0,3.6576000000002296,1.0
B00054,B00054_R2,513,4,10,0.2032,1.9812,1301.76,0.2032,1.9812,1310.14,62,64,-8.38,2.54,0.762,0.2032,1.9812,3.556,3.556,3.556,2,300,1,5,0,300,300.0,0,5,1.9557635010331944,1.0933807571015688,1.576505690633721,1.0286216019508825,1317.2520000000002,-1017.2520000000002,1.0,5.0,0.0,5.0
B00054,B00054_R1,514,5,10,0.2032,1.9812,1301.76,0.2032,1.9812,1310.14,62,64,-8.38,1.0668,2.54,0.2032,1.9812,1.4224,1.4224,1.4224,2,300,0,1,4,300,300.0,0,5,1.7834175994383539,1.0933807571015688,1.5307859238849209,0.8382000000000001,1304.6047999999998,-1004.6047999999998,5.0,1.0,4.26720000000023,1.0
B00054,B00054_R2,515,6,10,0.2032,1.9812,1301.76,0.2032,1.9812,1310.14,62,64,-8.38,2.54,1.143,0.2032,1.9812,3.175,3.175,3.175,2,300,1,3,2,300,300.0,0,5,2.2378319631293735,1.4199031657123664,1.230245504696522,0.381,1316.49,-1016.49,2.0,4.0,0.762000000000171,4.0
B00054,B00054_R2,516,7,10,0.2032,1.9812,1301.76,0.2032,1.9812,1310.14,62,64,-8.38,0.2032,1.143,1.9812,2.032,1.3462,1.3462,3.175,1,300,1,4,1,300,300.0,0,5,1.581337080312212,0.381,1.575564204698652,0.6138187354586042,1314.6612,-1014.6612,3.0,3.0,2.590800000000172,3.0
B00054,B00054_R1,517,8,10,0.2032,1.9812,1301.76,0.2032,1.9812,1310.14,62,64,-8.38,1.9812,0.2032,0.2032,1.9812,3.556,3.556,3.556,2,300,0,5,0,300,300.0,0,5,1.4207301053462544,0.381,1.613851685972631,0.6138187354586042,1308.872,-1008.8720000000001,1.0,5.0,0.0,5.0
B00054,B00054_R1,518,9,10,0.2032,1.9812,1301.76,0.2032,1.9812,1310.14,62,64,-8.38,2.54,1.143,0.2032,1.6002,3.175,3.175,2.794,2,300,0,4,1,300,300.0,0,5,2.1263663231446754,1.4199031657123664,1.1875419804133382,0.7061930897424584,1307.729,-1007.729,2.0,4.0,1.143000000000029,4.0
B00054,B00054_R2,519,10,10,0.2032,1.9812,1301.76,0.2032,1.9812,1310.14,62,64,-8.38,2.54,1.6002,2.54,1.143,2.7178,2.7178,0.9652,3,300,1,2,3,300,300.0,0,5,1.4903795177593997,0.45720000000000005,1.3064301053462544,0.0,1313.823,-1013.8230000000001,4.0,2.0,3.4290000000000873,2.0
B00055,B00055_R1,520,1,9,0.2032,1.9812,1375.41,0.2032,1.9812,1381.47,65,67,-6.06,0.762,2.54,0.4572,2.54,1.1176,1.1176,0.8128,3,300,0,1,4,300,300.0,0,5,1.6083579798351941,0.508,1.641272815540073,0.5924247125162825,1377.3404,-1077.3404,5.0,1.0,5.181600000000117,1.0
B00055,B00055_R2,521,2,9,0.2032,1.9812,1375.41,0.2032,1.9812,1381.47,65,67,-6.06,1.6764,2.032,2.54,1.9812,2.032,2.032,1.4224,3,300,1,4,0,300,300.0,0,4,1.2574924814947264,0.0,1.5691656346635214,0.7902625386540855,1384.9243999999999,-1084.9243999999999,2.0,3.0,1.2192000000000007,3.0
B00055,B00055_R1,522,3,9,0.2032,1.9812,1375.41,0.2032,1.9812,1381.47,65,67,-6.06,0.2032,0.762,0.762,0.2032,1.7272,1.7272,1.1176,1,300,0,3,2,300,300.0,0,5,1.2701220871434162,0.508,1.1894112972747206,0.8382000000000001,1378.2548000000002,-1078.2548000000002,3.0,3.0,4.2672000000000025,3.0
B00055,B00055_R1,523,4,9,0.2032,1.9812,1375.41,0.2032,1.9812,1381.47,65,67,-6.06,0.762,2.032,0.2032,1.6002,1.1176,1.1176,1.4986,2,300,0,2,3,300,300.0,0,5,1.2574924814947264,0.0,1.4435392786700416,0.0,1378.0262,-1078.0262,4.0,2.0,4.495800000000145,2.0
B00055,B00055_R2,524,5,9,0.2032,1.9812,1375.41,0.2032,1.9812,1381.47,65,67,-6.06,0.2032,1.143,0.4572,2.54,1.3462,1.3462,1.651,1,300,1,1,3,300,300.0,0,4,1.8882206702303361,1.7787255662411783,0.9474417195817995,0.5611043396731128,1384.4672,-1084.4672,4.0,1.0,1.6763999999998305,1.0
B00055,B00055_R1,525,6,9,0.2032,1.9812,1375.41,0.2032,1.9812,1381.47,65,67,-6.06,0.2032,0.762,1.9812,0.7112,1.7272,1.7272,2.3368,1,300,0,4,1,300,300.0,0,5,1.7464649587513155,1.3208,2.4591775932023316,2.1564585041219786,1379.4740000000002,-1079.4740000000002,2.0,4.0,3.048000000000002,4.0
B00055,B00055_R2,526,7,9,0.2032,1.9812,1375.41,0.2032,1.9812,1381.47,65,67,-6.06,0.4572,2.54,0.4572,0.2032,0.8128,0.8128,2.3368,3,300,1,2,2,300,300.0,0,4,1.3713577978658982,0.9735194091542294,1.2192,0.0,1384.6196,-1084.6196,3.0,2.0,1.5239999999998872,2.0
B00055,B00055_R2,527,8,9,0.2032,1.9812,1375.41,0.2032,1.9812,1381.47,65,67,-6.06,0.4572,0.2032,0.762,2.032,2.032,2.032,2.6416,3,300,1,3,1,300,300.0,0,4,1.6925010552374555,1.3208,1.0571544888923592,0.0,1386.1435999999999,-1086.1435999999999,1.0,4.0,0.0,4.0
B00055,B00055_R1,528,9,9,0.2032,1.9812,1375.41,0.2032,1.9812,1381.47,65,67,-6.06,1.9812,0.7112,0.2032,1.9812,3.556,3.556,3.556,2,300,0,5,0,300,300.0,0,5,1.8360878222256927,0.9735194091542294,0.8522873547442925,0.5924247125162825,1382.5220000000002,-1082.5220000000002,1.0,5.0,0.0,5.0
B00056,B00056_R1,529,1,9,0.2032,1.9812,1219.12,2.54,1.9812,1194.61,58,59,24.51,0.4572,2.54,0.2032,1.6002,0.8128,2.6416,1.1938,2,300,0,2,2,300,300.0,0,4,0.6765010552374555,0.0,0.9023512043455275,0.45720000000000005,1221.1265999999998,-921.1265999999998,3.0,2.0,2.2098000000000866,2.0
B00056,B00056_R1,530,2,9,0.2032,1.9812,1219.12,2.54,1.9812,1194.61,58,59,24.51,0.4572,2.54,0.2032,1.9812,0.8128,2.6416,0.8128,2,300,0,1,3,300,300.0,0,4,0.6765010552374555,0.0,0.826880112469829,0.6138187354586042,1220.7455999999997,-920.7455999999997,4.0,1.0,2.590800000000172,1.0
B00056,B00056_R2,531,3,9,0.2032,1.9812,1219.12,2.54,1.9812,1194.61,58,59,24.51,0.2032,1.143,1.9812,2.54,1.3462,3.175,3.175,1,300,1,5,0,300,300.0,0,5,1.4940623028379925,1.4199031657123664,1.1450404556907052,0.7935213670721161,1200.9599999999998,-900.9599999999998,1.0,4.0,0.0,4.0
B00056,B00056_R1,532,4,9,0.2032,1.9812,1219.12,2.54,1.9812,1194.61,58,59,24.51,0.2032,1.143,1.6764,2.032,1.3462,3.175,2.8702,1,300,0,3,1,300,300.0,0,4,0.9538601923630815,0.6095999999999999,0.6886124903057361,0.6138187354586042,1223.3364,-923.3363999999999,1.0,4.0,0.0,4.0
B00056,B00056_R2,533,5,9,0.2032,1.9812,1219.12,2.54,1.9812,1194.61,58,59,24.51,1.9812,2.54,0.2032,1.9812,2.3368,1.1176,2.3368,2,300,1,1,4,300,300.0,0,5,1.4685762295893725,0.0,1.5687801633867355,0.0,1198.0644,-898.0644,3.0,2.0,2.895599999999831,2.0
B00056,B00056_R1,534,6,9,0.2032,1.9812,1219.12,2.54,1.9812,1194.61,58,59,24.51,1.0668,2.54,0.2032,1.9812,1.4224,2.032,1.4224,2,300,0,4,0,300,300.0,0,4,2.1340728420055197,1.5046150471133806,1.5339044467384522,0.8382000000000001,1221.9647999999997,-921.9647999999997,2.0,3.0,1.3716000000001713,3.0
B00056,B00056_R2,535,7,9,0.2032,1.9812,1219.12,2.54,1.9812,1194.61,58,59,24.51,1.0668,0.2032,0.2032,1.6002,2.6416,3.2512,2.2606,2,300,1,4,1,300,300.0,0,5,1.7023605192263314,1.276334203882353,1.326650572686271,0.45720000000000005,1200.1218,-900.1217999999999,2.0,3.0,0.8381999999999152,3.0
B00056,B00056_R2,536,8,9,0.2032,1.9812,1219.12,2.54,1.9812,1194.61,58,59,24.51,2.54,1.143,2.54,0.762,3.175,1.3462,0.889,3,300,1,3,2,300,300.0,0,5,1.9814134560738936,1.5046150471133806,2.0436688004516785,1.5756191417979155,1196.8451999999997,-896.8451999999997,4.0,1.0,4.114800000000059,1.0
B00056,B00056_R2,537,9,9,0.2032,1.9812,1219.12,2.54,1.9812,1194.61,58,59,24.51,0.2032,1.143,2.54,1.143,1.3462,3.175,2.3368,1,300,1,2,3,300,300.0,0,5,1.4685762295893725,0.0,1.3972134560738936,0.0,1200.1218,-900.1217999999999,2.0,3.0,0.8381999999999152,3.0
B00057,B00057_R1,538,1,10,0.2032,1.9812,1249.27,1.9812,2.54,1258.02,60,62,-8.75,1.6764,0.2032,0.2032,1.9812,3.2512,3.2512,3.2512,2,300,0,4,1,300,300.0,0,5,1.8517359255321855,1.276334203882353,1.193200188561173,0.6138187354586042,1255.7723999999998,-955.7723999999998,1.0,5.0,0.0,5.0
B00057,B00057_R2,539,2,10,0.2032,1.9812,1249.27,1.9812,2.54,1258.02,60,62,-8.75,2.54,0.762,0.2032,1.9812,3.556,2.3368,3.556,2,300,1,3,2,300,300.0,0,5,1.3760354857236399,0.0,1.3772159088404534,0.5924247125162826,1263.9128,-963.9128000000001,4.0,2.0,1.2192000000000007,2.0
B00057,B00057_R2,540,3,10,0.2032,1.9812,1249.27,1.9812,2.54,1258.02,60,62,-8.75,0.2032,0.762,1.9812,2.032,1.7272,3.556,3.556,1,300,1,5,0,300,300.0,0,5,1.995864674172938,1.4199031657123664,2.009921643778654,1.6423805770892448,1265.132,-965.1320000000001,1.0,5.0,0.0,5.0
B00057,B00057_R1,541,4,10,0.2032,1.9812,1249.27,1.9812,2.54,1258.02,60,62,-8.75,0.2032,1.143,1.9812,0.7112,1.3462,3.175,2.7178,1,300,0,3,2,300,300.0,0,5,1.3760354857236399,0.0,1.9115950464380842,1.5046150471133806,1253.3339999999998,-953.3339999999998,4.0,2.0,2.4384000000000015,2.0
B00057,B00057_R1,542,5,10,0.2032,1.9812,1249.27,1.9812,2.54,1258.02,60,62,-8.75,0.4572,2.54,1.6764,2.54,0.8128,2.032,1.7272,3,300,0,1,4,300,300.0,0,5,2.1144636563168424,1.276334203882353,1.1498112472747173,0.6138187354586042,1251.81,-951.81,5.0,1.0,3.9623999999998887,1.0
B00057,B00057_R2,543,6,10,0.2032,1.9812,1249.27,1.9812,2.54,1258.02,60,62,-8.75,1.9812,2.032,0.2032,1.9812,2.3368,0.508,2.3368,2,300,1,1,4,300,300.0,0,5,2.10718912334467,1.3875004288287625,1.2638313915602946,0.8382000000000001,1260.8648,-960.8648000000001,5.0,1.0,4.2672000000000025,1.0
B00057,B00057_R2,544,7,10,0.2032,1.9812,1249.27,1.9812,2.54,1258.02,60,62,-8.75,0.2032,0.762,1.0668,2.032,1.7272,3.556,2.6416,1,300,1,4,1,300,300.0,0,5,1.225697654457207,0.0,1.3900888696637257,0.0,1264.2176,-964.2176,2.0,4.0,0.9144000000001142,4.0
B00057,B00057_R1,545,8,10,0.2032,1.9812,1249.27,1.9812,2.54,1258.02,60,62,-8.75,0.2032,1.143,1.9812,2.54,1.3462,3.175,3.175,1,300,0,5,0,300,300.0,0,5,1.9363365241209323,1.3875004288287625,1.4780829859705005,0.8382000000000001,1253.7912,-953.7911999999999,3.0,3.0,1.9811999999999443,3.0
B00057,B00057_R1,546,9,10,0.2032,1.9812,1249.27,1.9812,2.54,1258.02,60,62,-8.75,2.54,1.143,0.2032,1.9812,3.175,1.9558,3.175,2,300,0,2,3,300,300.0,0,5,1.225697654457207,0.0,1.4086656885218523,0.9144000000000001,1255.62,-955.6199999999999,2.0,4.0,0.15239999999994325,4.0
B00057,B00057_R2,547,10,10,0.2032,1.9812,1249.27,1.9812,2.54,1258.02,60,62,-8.75,0.2032,1.143,2.54,1.6002,1.3462,3.175,2.794,1,300,1,2,3,300,300.0,0,5,1.2793801241368077,0.381,1.6273892818286582,0.7061930897424584,1263.989,-963.989,3.0,3.0,1.143000000000029,3.0
B00058,B00058_R2,548,1,9,1.9812,2.54,1212.92,1.9812,2.032,1241.52,58,60,-28.6,0.4572,2.54,1.6764,2.032,2.032,2.032,1.7272,3,300,1,1,3,300,300.0,0,4,1.7347590469019738,0.0,1.498428939793468,0.5924247125162825,1245.2792,-945.2792,3.0,2.0,2.97180000000003,2.0
B00058,B00058_R1,549,2,9,1.9812,2.54,1212.92,1.9812,2.032,1241.52,58,60,-28.6,0.2032,0.762,1.9812,2.032,3.556,3.556,3.556,1,300,0,5,0,300,300.0,0,5,2.4074075404438777,1.7960512242138307,1.605038183315306,0.8382000000000001,1220.0320000000002,-920.0320000000002,1.0,5.0,0.0,5.0
B00058,B00058_R2,550,3,9,1.9812,2.54,1212.92,1.9812,2.032,1241.52,58,60,-28.6,0.2032,1.143,2.286,2.54,3.175,3.175,3.4798,1,300,1,4,0,300,300.0,0,4,1.8149784407169791,0.7902625386540855,1.9372566385328935,0.6138187354586042,1248.1748,-948.1748,2.0,3.0,0.07619999999997162,3.0
B00058,B00058_R1,551,4,9,1.9812,2.54,1212.92,1.9812,2.032,1241.52,58,60,-28.6,2.286,2.54,0.2032,1.6002,0.8128,0.8128,3.0226,2,300,0,1,4,300,300.0,0,5,1.7185862061589583,0.7902625386540855,1.610998506876817,0.8382000000000001,1216.7554,-916.7554,5.0,1.0,3.276600000000144,1.0
B00058,B00058_R2,552,5,9,1.9812,2.54,1212.92,1.9812,2.032,1241.52,58,60,-28.6,0.2032,0.762,2.54,1.6002,3.556,3.556,3.175,1,300,1,3,1,300,300.0,0,4,1.7347590469019738,0.0,1.230778440716979,0.0,1248.251,-948.251,1.0,4.0,0.0,4.0
B00058,B00058_R2,553,6,9,1.9812,2.54,1212.92,1.9812,2.032,1241.52,58,60,-28.6,0.762,2.032,0.2032,1.6002,1.7272,1.7272,1.4986,2,300,1,2,2,300,300.0,0,4,1.26945970081416,0.5924247125162825,1.526700164729762,0.9143999999999999,1244.7458,-944.7457999999999,4.0,1.0,3.505200000000059,1.0
B00058,B00058_R1,554,7,9,1.9812,2.54,1212.92,1.9812,2.032,1241.52,58,60,-28.6,2.54,0.762,2.54,1.9812,2.3368,2.3368,1.7272,3,300,0,3,2,300,300.0,0,5,0.9503135058096538,0.381,2.0579097693548225,1.6064370513655368,1216.9840000000002,-916.9840000000002,4.0,2.0,3.048000000000002,2.0
B00058,B00058_R1,555,8,9,1.9812,2.54,1212.92,1.9812,2.032,1241.52,58,60,-28.6,1.9812,0.2032,0.2032,1.6002,2.9464,2.9464,3.175,2,300,0,4,1,300,300.0,0,5,1.188183884347531,0.381,2.165266600974774,1.8296817318867236,1219.0414,-919.0414000000001,3.0,3.0,0.9906000000000859,3.0
B00058,B00058_R1,556,9,9,1.9812,2.54,1212.92,1.9812,2.032,1241.52,58,60,-28.6,0.2032,0.762,2.54,0.762,3.556,3.556,2.9464,1,300,0,2,3,300,300.0,0,5,1.0099874976872132,0.5924247125162825,0.7563064697180765,0.45720000000000005,1219.4224000000002,-919.4224000000002,2.0,4.0,0.6096000000000004,4.0
B00059,B00059_R1,557,1,9,1.9812,2.032,1284.15,2.286,2.54,1295.33,61,63,-11.18,0.2032,1.143,2.286,0.2032,3.175,3.4798,3.0226,1,300,0,5,0,300,300.0,0,5,0.9703940502471828,0.0,2.2490022486324563,2.1564585041219786,1290.3476,-990.3476,1.0,5.0,0.0,5.0
B00059,B00059_R2,558,2,9,1.9812,2.032,1284.15,2.286,2.54,1295.33,61,63,-11.18,0.2032,0.762,1.6764,2.54,3.556,3.8608,3.2512,1,300,1,4,0,300,300.0,0,4,2.0207122912934787,1.0460360223242793,0.6795335381711023,0.45720000000000005,1302.4419999999998,-1002.4419999999998,1.0,4.0,0.0,4.0
B00059,B00059_R1,559,3,9,1.9812,2.032,1284.15,2.286,2.54,1295.33,61,63,-11.18,1.9812,2.54,0.2032,1.6002,0.508,0.8128,2.7178,2,300,0,1,4,300,300.0,0,5,1.2030698265037476,0.381,1.2052137016857611,0.5924247125162825,1287.3758,-987.3758,4.0,2.0,2.97180000000003,2.0
B00059,B00059_R2,560,4,9,1.9812,2.032,1284.15,2.286,2.54,1295.33,61,63,-11.18,1.6764,2.54,0.2032,1.9812,0.8128,1.1176,2.032,2,300,1,1,3,300,300.0,0,4,1.2651636468667737,1.0460360223242793,1.1898359827272413,0.8382000000000001,1298.4796,-998.4795999999999,4.0,1.0,3.9623999999998887,1.0
B00059,B00059_R2,561,5,9,1.9812,2.032,1284.15,2.286,2.54,1295.33,61,63,-11.18,1.0668,2.54,0.2032,1.6002,1.4224,1.7272,1.8034,2,300,1,2,2,300,300.0,0,4,0.9703940502471828,0.0,1.5762257866243654,0.6138187354586042,1298.8606,-998.8606,3.0,2.0,3.581399999999803,2.0
B00059,B00059_R2,562,6,9,1.9812,2.032,1284.15,2.286,2.54,1295.33,61,63,-11.18,0.2032,0.762,0.762,0.2032,3.556,3.8608,1.1176,1,300,1,3,1,300,300.0,0,4,1.4285540072693292,0.0,0.9728754178800885,0.0,1300.3084,-1000.3083999999999,2.0,3.0,2.1335999999998876,3.0
B00059,B00059_R1,563,7,9,1.9812,2.032,1284.15,2.286,2.54,1295.33,61,63,-11.18,0.2032,0.762,0.762,2.54,3.556,3.8608,2.3368,1,300,0,3,2,300,300.0,0,5,1.742550835760177,0.6095999999999999,1.1556738673169609,1.0286216019508825,1290.0428000000002,-990.0428000000002,2.0,4.0,0.3047999999998865,4.0
B00059,B00059_R1,564,8,9,1.9812,2.032,1284.15,2.286,2.54,1295.33,61,63,-11.18,1.0668,2.032,0.2032,1.9812,1.4224,1.7272,1.4224,2,300,0,4,1,300,300.0,0,5,1.5209571787784812,0.6095999999999999,1.1412795923940646,0.8382000000000001,1286.9948,-986.9947999999999,5.0,1.0,3.3528000000001157,1.0
B00059,B00059_R1,565,9,9,1.9812,2.032,1284.15,2.286,2.54,1295.33,61,63,-11.18,0.2032,1.143,0.4572,0.2032,3.175,3.4798,1.1938,1,300,0,2,3,300,300.0,0,5,1.4285540072693292,0.0,1.8853972849254432,0.7902625386540855,1288.5188,-988.5188,3.0,3.0,1.828800000000001,3.0
B00060,B00060_R2,566,1,9,2.286,0.2032,1253.2,1.6764,2.54,1247.76,59,59,5.44,0.2032,0.762,1.6764,0.2032,2.6416,3.2512,2.032,1,300,1,4,1,300,300.0,0,5,0.8335704991628616,0.0,1.9878130954533004,1.5358075921156271,1253.0431999999998,-953.0431999999998,2.0,3.0,0.30480000000011387,3.0
B00060,B00060_R1,567,2,9,2.286,0.2032,1253.2,1.6764,2.54,1247.76,59,59,5.44,0.2032,1.143,2.54,1.9812,3.0226,2.8702,3.175,1,300,0,4,0,300,300.0,0,4,0.8335704991628616,0.0,1.612503832496195,0.9655341526844093,1259.3976,-959.3976,1.0,4.0,0.0,4.0
B00060,B00060_R2,568,3,9,2.286,0.2032,1253.2,1.6764,2.54,1247.76,59,59,5.44,1.0668,2.54,0.4572,0.2032,3.556,1.1176,2.9464,3,300,1,3,2,300,300.0,0,5,0.8468894351229395,0.6095999999999999,1.3213878212578158,0.3048000000000002,1251.824,-951.8240000000001,3.0,2.0,1.5239999999998872,2.0
B00060,B00060_R1,569,4,9,2.286,0.2032,1253.2,1.6764,2.54,1247.76,59,59,5.44,0.2032,1.143,2.54,1.143,3.0226,2.8702,2.3368,1,300,0,3,1,300,300.0,0,4,1.2266515632027837,0.6095999999999999,0.7179351621711983,0.45720000000000005,1258.5594,-958.5594000000001,2.0,3.0,0.8381999999999152,3.0
B00060,B00060_R2,570,5,9,2.286,0.2032,1253.2,1.6764,2.54,1247.76,59,59,5.44,0.2032,1.143,1.9812,0.7112,3.0226,2.8702,2.7178,1,300,1,5,0,300,300.0,0,5,1.1666655054519968,0.0,2.0187155874044667,1.5756191417979153,1253.348,-953.348,1.0,4.0,0.0,4.0
B00060,B00060_R2,571,6,9,2.286,0.2032,1253.2,1.6764,2.54,1247.76,59,59,5.44,0.2032,0.762,0.762,2.032,2.6416,3.2512,2.3368,1,300,1,2,3,300,300.0,0,5,1.551313028356172,0.6095999999999999,1.2092222059883602,0.6138187354586042,1253.348,-953.348,1.0,4.0,0.0,4.0
B00060,B00060_R1,572,7,9,2.286,0.2032,1253.2,1.6764,2.54,1247.76,59,59,5.44,1.0668,0.7112,1.9812,0.7112,1.7272,2.9464,1.4224,3,300,0,1,3,300,300.0,0,4,1.1086583940254822,0.381,1.8640344275857654,1.7787255662411783,1256.3496,-956.3496,4.0,1.0,3.048000000000002,1.0
B00060,B00060_R1,573,8,9,2.286,0.2032,1253.2,1.6764,2.54,1247.76,59,59,5.44,1.6764,0.7112,0.2032,1.6002,1.1176,2.9464,2.8702,2,300,0,2,2,300,300.0,0,4,1.1666655054519968,0.0,1.0189996288464798,0.5924247125162825,1257.1878000000002,-957.1878000000002,3.0,2.0,2.209799999999859,2.0
B00060,B00060_R2,574,9,9,2.286,0.2032,1253.2,1.6764,2.54,1247.76,59,59,5.44,1.6764,2.54,0.2032,1.9812,2.9464,0.0,2.032,2,300,1,1,4,300,300.0,0,5,1.8144763765733039,0.6095999999999999,1.0763054004877206,0.8382000000000001,1249.792,-949.7919999999999,4.0,1.0,3.55600000000004,1.0
B00061,B00061_R2,575,1,9,2.54,1.9812,1233.55,1.9812,0.7112,1230.11,58,59,3.44,0.2032,1.143,1.9812,2.032,3.175,2.7178,3.175,1,300,1,3,2,300,300.0,0,5,1.5227178588369696,0.5924247125162825,1.264316760233755,0.7061930897424584,1236.0027999999998,-936.0027999999998,1.0,5.0,0.0,5.0
B00061,B00061_R2,576,2,9,2.54,1.9812,1233.55,1.9812,0.7112,1230.11,58,59,3.44,0.762,0.7112,0.2032,1.9812,3.556,1.7272,2.3368,2,300,1,2,3,300,300.0,0,5,1.8694218517621055,0.5924247125162825,1.1517085220803929,0.8382000000000001,1234.174,-934.174,4.0,2.0,1.8287999999997737,2.0
B00061,B00061_R1,577,3,9,2.54,1.9812,1233.55,1.9812,0.7112,1230.11,58,59,3.44,1.9812,2.032,0.762,0.7112,1.1176,2.9464,3.556,3,300,0,4,0,300,300.0,0,4,1.4985949511274435,0.0,1.291891467694044,1.0500373517165948,1238.2236,-938.2236,3.0,2.0,0.7619999999999436,2.0
B00061,B00061_R1,578,4,9,2.54,1.9812,1233.55,1.9812,0.7112,1230.11,58,59,3.44,2.286,2.54,0.2032,1.9812,0.8128,2.6416,2.6416,2,300,0,1,3,300,300.0,0,4,1.4985949511274435,0.0,1.3025388664711746,1.0460360223242793,1237.0043999999998,-937.0043999999998,4.0,1.0,1.9812000000001717,1.0
B00061,B00061_R2,579,5,9,2.54,1.9812,1233.55,1.9812,0.7112,1230.11,58,59,3.44,0.2032,0.762,1.0668,0.7112,3.556,2.3368,1.4224,1,300,1,1,4,300,300.0,0,5,0.8640143804349429,0.381,1.5418671816434486,0.0,1233.8691999999999,-933.8691999999999,5.0,1.0,2.1335999999998876,1.0
B00061,B00061_R2,580,6,9,2.54,1.9812,1233.55,1.9812,0.7112,1230.11,58,59,3.44,0.2032,0.762,1.0668,2.032,3.556,2.3368,2.6416,1,300,1,5,0,300,300.0,0,5,0.906472315001206,0.5611043396731128,1.2638313915602946,0.8382000000000001,1235.0883999999999,-935.0883999999999,3.0,3.0,0.9143999999998869,3.0
B00061,B00061_R2,581,7,9,2.54,1.9812,1233.55,1.9812,0.7112,1230.11,58,59,3.44,1.9812,2.032,0.2032,1.6002,1.1176,2.9464,2.7178,2,300,1,4,1,300,300.0,0,5,0.781773739375485,0.0,0.9354660078597518,0.30479999999999996,1235.7741999999998,-935.7741999999998,2.0,4.0,0.22859999999991487,4.0
B00061,B00061_R1,582,8,9,2.54,1.9812,1233.55,1.9812,0.7112,1230.11,58,59,3.44,0.2032,1.143,0.762,2.032,3.175,2.7178,1.9558,1,300,0,2,2,300,300.0,0,4,0.781773739375485,0.0,1.261281536886114,0.9144000000000001,1238.6807999999999,-938.6807999999999,2.0,3.0,0.30480000000011387,3.0
B00061,B00061_R1,583,9,9,2.54,1.9812,1233.55,1.9812,0.7112,1230.11,58,59,3.44,0.2032,1.143,1.0668,2.54,3.175,2.7178,2.2606,1,300,0,3,1,300,300.0,0,4,2.0388332896427768,1.7974874909161398,0.7959093379291488,0.45720000000000005,1238.9856,-938.9856,1.0,4.0,0.0,4.0
B00062,B00062_R2,584,1,10,0.762,0.7112,1284.75,1.0668,2.032,1293.22,60,63,-8.47,1.0668,2.54,0.2032,1.9812,3.2512,0.508,1.4224,2,300,1,2,3,300,300.0,0,5,0.9944586089968379,0.508,1.7680708971883992,0.5611043396731128,1295.1504,-995.1504,5.0,1.0,5.181599999999889,1.0
B00062,B00062_R1,585,2,10,0.762,0.7112,1284.75,1.0668,2.032,1293.22,60,63,-8.47,1.0668,0.7112,0.2032,1.9812,0.8128,2.9464,2.6416,2,300,0,4,1,300,300.0,0,5,1.0477065048087244,0.508,1.382541025304087,0.0,1288.2043999999999,-988.2043999999999,4.0,2.0,2.4384000000000015,2.0
B00062,B00062_R2,586,3,10,0.762,0.7112,1284.75,1.0668,2.032,1293.22,60,63,-8.47,1.6764,2.032,0.2032,1.9812,3.2512,1.1176,2.032,2,300,1,3,2,300,300.0,0,5,1.687341025304087,1.2192,1.4673997310425733,0.5611043396731128,1296.3696,-996.3696,3.0,3.0,3.9623999999998887,3.0
B00062,B00062_R2,587,4,10,0.762,0.7112,1284.75,1.0668,2.032,1293.22,60,63,-8.47,0.2032,0.762,2.54,1.6002,1.1176,2.6416,3.175,1,300,1,4,1,300,300.0,0,5,1.8610323021503445,1.3555130689152355,2.0117467102990276,1.535807592115627,1299.0366,-999.0365999999999,2.0,4.0,1.2953999999999724,4.0
B00062,B00062_R2,588,5,10,0.762,0.7112,1284.75,1.0668,2.032,1293.22,60,63,-8.47,1.6764,2.54,1.0668,2.54,3.2512,1.1176,1.1176,3,300,1,1,4,300,300.0,0,5,1.2714868465767533,0.6095999999999999,2.057847468687013,1.3208,1295.4552,-995.4552000000001,4.0,2.0,4.8767999999997755,2.0
B00062,B00062_R2,589,6,10,0.762,0.7112,1284.75,1.0668,2.032,1293.22,60,63,-8.47,1.9812,0.2032,0.4572,2.54,1.7272,3.2512,3.8608,3,300,1,5,0,300,300.0,0,5,1.4722730067995657,0.6095999999999999,1.695841614389411,1.2192,1300.3319999999999,-1000.3319999999999,1.0,5.0,0.0,5.0
B00062,B00062_R1,590,7,10,0.762,0.7112,1284.75,1.0668,2.032,1293.22,60,63,-8.47,1.0668,0.2032,2.286,0.2032,0.8128,2.9464,1.7272,3,300,0,1,4,300,300.0,0,5,1.2751492654413001,0.508,1.5844781144120401,1.0286216019508825,1287.29,-987.29,5.0,1.0,3.3527999999998883,1.0
B00062,B00062_R1,591,8,10,0.762,0.7112,1284.75,1.0668,2.032,1293.22,60,63,-8.47,2.286,0.2032,0.2032,1.9812,2.032,3.556,3.8608,2,300,0,2,3,300,300.0,0,5,2.023613907043785,1.8637439309089647,1.373480545215584,0.9655341526844093,1290.6427999999999,-990.6427999999999,1.0,5.0,0.0,5.0
B00062,B00062_R1,592,9,10,0.762,0.7112,1284.75,1.0668,2.032,1293.22,60,63,-8.47,0.762,2.032,0.2032,1.9812,2.9464,0.8128,1.1176,2,300,0,3,2,300,300.0,0,5,1.4458051694510212,0.508,1.3198730067995659,0.0,1288.814,-988.8140000000001,3.0,3.0,1.8287999999997737,3.0
B00062,B00062_R1,593,10,10,0.762,0.7112,1284.75,1.0668,2.032,1293.22,60,63,-8.47,0.4572,0.2032,1.9812,2.54,0.8128,2.9464,3.8608,3,300,0,5,0,300,300.0,0,5,2.1459248165665263,1.8540260192348974,1.2364128060534576,0.6095999999999999,1289.4235999999999,-989.4235999999999,2.0,4.0,1.2192000000000007,4.0
B00063,B00063_R2,594,1,10,1.9812,2.54,1275.22,0.4572,2.54,1292.41,60,63,-17.19,0.2032,1.143,1.9812,2.54,3.175,1.651,3.175,1,300,1,5,0,300,300.0,0,5,0.7677565634100665,0.0,1.4637643889096408,1.2191999999999998,1297.236,-997.2360000000001,3.0,3.0,2.209799999999859,3.0
B00063,B00063_R2,595,2,10,1.9812,2.54,1275.22,0.4572,2.54,1292.41,60,63,-17.19,0.4572,2.54,0.2032,1.9812,2.032,0.0,0.8128,2,300,1,1,4,300,300.0,0,5,0.6980632497531711,0.0,1.2958101815920413,0.7902625386540855,1293.2228,-993.2228,5.0,1.0,6.222999999999956,1.0
B00063,B00063_R1,596,3,10,1.9812,2.54,1275.22,0.4572,2.54,1292.41,60,63,-17.19,0.2032,0.762,0.4572,2.54,3.556,2.032,2.032,1,300,0,3,2,300,300.0,0,5,2.1696396263264752,2.0302529990126845,0.6477000000000002,0.45720000000000005,1280.808,-980.808,3.0,3.0,1.828800000000001,3.0
B00063,B00063_R2,597,4,10,1.9812,2.54,1275.22,0.4572,2.54,1292.41,60,63,-17.19,1.9812,0.2032,0.2032,1.6002,2.9464,3.8608,3.175,2,300,1,4,1,300,300.0,0,5,0.7677565634100665,0.0,2.0909832748672414,0.6096000000000001,1299.4458,-999.4458,1.0,5.0,0.0,5.0
B00063,B00063_R1,598,5,10,1.9812,2.54,1275.22,0.4572,2.54,1292.41,60,63,-17.19,0.2032,1.143,0.762,0.2032,3.175,1.651,1.4986,1,300,0,2,3,300,300.0,0,5,0.6980632497531711,0.0,1.8987285355684658,0.3048000000000002,1279.8935999999999,-979.8935999999999,4.0,2.0,2.7432000000001153,2.0
B00063,B00063_R1,599,6,10,1.9812,2.54,1275.22,0.4572,2.54,1292.41,60,63,-17.19,1.6764,2.54,0.2032,1.6002,0.8128,1.7272,2.413,2,300,0,1,4,300,300.0,0,5,1.0482498485352578,0.381,2.222435856949682,1.524,1278.4458,-978.4458,5.0,1.0,4.191000000000031,1.0
B00063,B00063_R2,600,7,10,1.9812,2.54,1275.22,0.4572,2.54,1292.41,60,63,-17.19,0.2032,0.762,1.0668,0.7112,3.556,2.032,1.4224,1,300,1,2,3,300,300.0,0,5,1.950461538596503,1.4199031657123664,1.4477679284748408,0.8382000000000001,1295.8644,-995.8643999999999,4.0,2.0,3.5814000000000306,2.0
B00063,B00063_R2,601,8,10,1.9812,2.54,1275.22,0.4572,2.54,1292.41,60,63,-17.19,0.2032,0.762,2.54,0.762,3.556,2.032,2.9464,1,300,1,3,2,300,300.0,0,5,2.132106157623144,1.8637439309089647,0.7767798522885574,0.45720000000000005,1297.3884,-997.3884,2.0,4.0,2.057399999999916,4.0
B00063,B00063_R1,602,9,10,1.9812,2.54,1275.22,0.4572,2.54,1292.41,60,63,-17.19,0.2032,0.762,2.286,2.54,3.556,2.032,3.8608,1,300,0,5,0,300,300.0,0,5,1.010198788780699,0.0,1.2010968660090984,0.8650928273890611,1282.6368,-982.6368,1.0,5.0,0.0,5.0
B00063,B00063_R1,603,10,10,1.9812,2.54,1275.22,0.4572,2.54,1292.41,60,63,-17.19,0.2032,1.143,1.9812,2.54,3.175,1.651,3.175,1,300,0,4,1,300,300.0,0,5,1.010198788780699,0.0,2.058302714975733,0.7902625386540855,1281.57,-981.5699999999999,2.0,4.0,1.0668000000000575,4.0
B00064,B00064_R2,604,1,9,2.286,2.54,1231.94,1.9812,2.54,1250.64,58,61,-18.7,0.762,0.7112,0.2032,1.6002,3.8608,3.556,1.9558,2,300,1,2,2,300,300.0,0,4,1.492553971142783,0.8382000000000001,1.6268875260717375,0.8382000000000001,1256.1518,-956.1518000000001,2.0,2.0,0.3810000000000855,2.0
B00064,B00064_R1,605,2,9,2.286,2.54,1231.94,1.9812,2.54,1250.64,58,61,-18.7,2.54,1.143,0.2032,1.9812,1.651,1.9558,3.175,2,300,0,5,0,300,300.0,0,5,1.7651881133331804,0.7061930897424584,1.5012325273838945,1.3555130689152355,1236.766,-936.7660000000001,4.0,2.0,0.9906000000000859,2.0
B00064,B00064_R1,606,3,9,2.286,2.54,1231.94,1.9812,2.54,1250.64,58,61,-18.7,0.2032,1.143,1.0668,2.032,3.4798,3.175,2.2606,1,300,0,3,2,300,300.0,0,5,1.4088163598645023,0.7061930897424584,1.7316532363993584,0.45720000000000005,1237.6804000000002,-937.6804000000002,3.0,3.0,0.07619999999997162,3.0
B00064,B00064_R2,607,4,9,2.286,2.54,1231.94,1.9812,2.54,1250.64,58,61,-18.7,2.54,0.762,0.2032,1.6002,2.032,2.3368,3.175,2,300,1,4,0,300,300.0,0,4,1.7603950571826352,0.8382000000000001,1.4022485581910282,0.45720000000000005,1256.1518,-956.1518000000001,2.0,2.0,0.3810000000000855,2.0
B00064,B00064_R2,608,5,9,2.286,2.54,1231.94,1.9812,2.54,1250.64,58,61,-18.7,0.2032,0.762,0.762,2.54,3.8608,3.556,2.3368,1,300,1,3,1,300,300.0,0,4,1.237729772401053,0.9143999999999999,1.5639998696457327,0.45720000000000005,1256.5328000000002,-956.5328000000002,1.0,3.0,0.0,3.0
B00064,B00064_R1,609,6,9,2.286,2.54,1231.94,1.9812,2.54,1250.64,58,61,-18.7,0.762,0.7112,0.2032,1.6002,3.8608,3.556,1.9558,2,300,0,2,3,300,300.0,0,5,1.315422319093276,0.5611043396731128,1.618653121196754,0.8382000000000001,1237.7566,-937.7565999999999,2.0,4.0,2.2737367544323206e-13,4.0
B00064,B00064_R1,610,7,9,2.286,2.54,1231.94,1.9812,2.54,1250.64,58,61,-18.7,2.54,1.9812,0.2032,1.6002,0.8128,1.1176,2.7178,2,300,0,1,4,300,300.0,0,5,1.8837777194522685,1.5358075921156271,1.1411382321735901,0.8382000000000001,1235.4705999999999,-935.4705999999999,5.0,1.0,2.2860000000002856,1.0
B00064,B00064_R1,611,8,9,2.286,2.54,1231.94,1.9812,2.54,1250.64,58,61,-18.7,1.6764,0.7112,0.2032,1.6002,2.9464,3.2512,2.8702,2,300,0,4,1,300,300.0,0,5,1.6143180050437669,0.5611043396731128,1.7964359120745474,1.046036022324279,1237.7566000000002,-937.7566000000002,1.0,5.0,0.0,5.0
B00064,B00064_R2,612,9,9,2.286,2.54,1231.94,1.9812,2.54,1250.64,58,61,-18.7,1.6764,2.032,0.2032,1.9812,1.1176,0.8128,2.032,2,300,1,1,3,300,300.0,0,4,1.6957647729797838,1.5358075921156271,1.7474774575702552,1.2192,1253.4848,-953.4848,3.0,1.0,3.048000000000229,1.0
B00065,B00065_R1,613,1,9,0.2032,1.9812,1218.5,0.2032,1.6002,1224.38,58,59,-5.88,0.2032,1.143,1.0668,2.032,1.3462,0.9652,2.2606,1,300,0,1,3,300,300.0,0,4,1.202568289053182,0.381,1.300881204813302,1.0460360223242793,1222.1068,-922.1068,4.0,1.0,1.6764000000000578,1.0
B00065,B00065_R2,614,2,9,0.2032,1.9812,1218.5,0.2032,1.6002,1224.38,58,59,-5.88,0.2032,0.762,2.54,1.6002,1.7272,1.3462,3.175,1,300,1,3,2,300,300.0,0,5,2.2734343290001022,2.0446605586258078,0.8449351621711982,0.45720000000000005,1228.9012,-928.9012,2.0,4.0,1.6002000000000862,4.0
B00065,B00065_R2,615,3,9,0.2032,1.9812,1218.5,0.2032,1.6002,1224.38,58,59,-5.88,2.286,0.2032,2.54,0.762,3.8608,3.4798,0.8128,3,300,1,4,1,300,300.0,0,5,1.2535215137628082,0.381,1.7392980776327864,0.7902625386540855,1228.6726,-928.6726000000001,3.0,3.0,1.828800000000001,3.0
B00065,B00065_R1,616,4,9,0.2032,1.9812,1218.5,0.2032,1.6002,1224.38,58,59,-5.88,1.9812,2.54,0.2032,1.6002,2.3368,2.7178,2.7178,2,300,0,2,2,300,300.0,0,4,1.2917625128997592,0.8650928273890611,1.307047976969655,0.8382000000000001,1223.5546,-923.5545999999999,3.0,2.0,0.22860000000014224,2.0
B00065,B00065_R2,617,5,9,0.2032,1.9812,1218.5,0.2032,1.6002,1224.38,58,59,-5.88,1.6764,0.7112,1.9812,2.032,3.2512,2.8702,3.2512,3,300,1,5,0,300,300.0,0,5,1.1051991611591074,0.0,1.8507653463717961,1.2394054865135946,1230.5014,-930.5014000000001,1.0,5.0,0.0,5.0
B00065,B00065_R2,618,6,9,0.2032,1.9812,1218.5,0.2032,1.6002,1224.38,58,59,-5.88,0.762,0.2032,0.2032,1.6002,2.3368,1.9558,1.9558,2,300,1,2,3,300,300.0,0,5,1.6576095938290183,0.7935213670721163,1.8506091895745067,0.8650928273890613,1228.2916,-928.2916,4.0,2.0,2.2098000000000866,2.0
B00065,B00065_R1,619,7,9,0.2032,1.9812,1218.5,0.2032,1.6002,1224.38,58,59,-5.88,0.2032,0.762,2.54,1.9812,1.7272,1.3462,3.556,1,300,0,4,0,300,300.0,0,4,1.1969271482792818,0.7935213670721163,2.10548782810385,1.8540260192348974,1223.7832,-923.7832000000001,1.0,4.0,0.0,4.0
B00065,B00065_R2,620,8,9,0.2032,1.9812,1218.5,0.2032,1.6002,1224.38,58,59,-5.88,0.2032,0.762,0.762,0.7112,1.7272,1.3462,1.1176,1,300,1,1,4,300,300.0,0,5,1.0376402749081124,0.7902625386540855,1.4762428100290288,0.8382000000000001,1226.8438,-926.8438000000001,5.0,1.0,3.657600000000002,1.0
B00065,B00065_R1,621,9,9,0.2032,1.9812,1218.5,0.2032,1.6002,1224.38,58,59,-5.88,1.0668,0.7112,0.2032,1.9812,2.6416,2.2606,2.6416,2,300,0,3,1,300,300.0,0,4,1.1051991611591074,0.0,0.8974853477596623,0.508,1223.7831999999999,-923.7831999999999,2.0,3.0,2.2737367544323206e-13,3.0
B00066,B00066_R1,622,1,10,2.54,1.9812,1192.26,1.9812,2.032,1209.65,57,59,-17.39,1.6764,2.54,1.6764,2.032,1.4224,0.8128,0.508,3,300,0,2,4,300,300.0,0,6,1.8667318207209345,1.2191999999999998,1.561163581269041,1.2394054865135946,1194.1904,-894.1904,6.0,1.0,4.876800000000003,1.0
B00066,B00066_R2,623,2,10,2.54,1.9812,1192.26,1.9812,2.032,1209.65,57,59,-17.39,0.2032,0.762,1.0668,0.2032,3.556,3.556,1.4224,1,300,1,2,2,300,300.0,0,4,1.9399573942058055,1.2191999999999998,1.7363183556825657,1.2192,1214.6284,-914.6284,3.0,2.0,1.2192000000000007,2.0
B00066,B00066_R1,624,3,10,2.54,1.9812,1192.26,1.9812,2.032,1209.65,57,59,-17.39,0.4572,2.54,0.2032,1.9812,2.6416,2.032,0.8128,2,300,0,3,3,300,300.0,0,6,1.6502918217290383,0.0,1.2737536461774035,0.508,1195.7143999999998,-895.7143999999998,4.0,3.0,3.3528000000001157,3.0
B00066,B00066_R2,625,4,10,2.54,1.9812,1192.26,1.9812,2.032,1209.65,57,59,-17.39,0.2032,0.762,1.6764,0.2032,3.556,3.556,2.032,1,300,1,3,1,300,300.0,0,4,1.6502918217290383,0.0,1.3542307624135246,0.3048000000000002,1215.238,-915.238,2.0,3.0,0.6096000000000004,3.0
B00066,B00066_R1,626,5,10,2.54,1.9812,1192.26,1.9812,2.032,1209.65,57,59,-17.39,0.2032,0.762,1.6764,2.032,3.556,3.556,3.2512,1,300,0,6,0,300,300.0,0,6,1.699646868535212,0.7061930897424584,1.6724716949824212,0.3048000000000002,1199.0672,-899.0672,1.0,6.0,0.0,6.0
B00066,B00066_R2,627,6,10,2.54,1.9812,1192.26,1.9812,2.032,1209.65,57,59,-17.39,1.6764,0.2032,2.286,2.54,2.6416,3.2512,2.9464,3,300,1,4,0,300,300.0,0,4,1.9183612434633108,0.7061930897424584,1.9153095203784603,1.0500373517165948,1215.8476,-915.8476,1.0,4.0,0.0,4.0
B00066,B00066_R1,628,7,10,2.54,1.9812,1192.26,1.9812,2.032,1209.65,57,59,-17.39,0.2032,0.762,1.6764,0.7112,3.556,3.556,2.032,1,300,0,4,2,300,300.0,0,6,1.3633636185657594,0.0,1.3825188313031027,0.6095999999999999,1197.848,-897.848,2.0,5.0,1.2192000000000007,5.0
B00066,B00066_R1,629,8,10,2.54,1.9812,1192.26,1.9812,2.032,1209.65,57,59,-17.39,1.9812,0.7112,1.9812,2.54,2.3368,2.9464,2.9464,3,300,0,5,1,300,300.0,0,6,1.3633636185657594,0.0,1.3107378553205782,0.0,1197.5432,-897.5432000000001,3.0,4.0,1.5239999999998872,4.0
B00066,B00066_R1,630,9,10,2.54,1.9812,1192.26,1.9812,2.032,1209.65,57,59,-17.39,2.54,1.143,2.54,1.6002,1.3462,1.9558,0.9652,3,300,0,1,5,300,300.0,0,6,1.8359442359198832,1.5756191417979153,1.9272615044659538,0.30479999999999996,1194.5714,-894.5714,5.0,2.0,4.495799999999917,2.0
B00066,B00066_R2,631,10,10,2.54,1.9812,1192.26,1.9812,2.032,1209.65,57,59,-17.39,1.9812,2.54,0.2032,1.9812,1.1176,0.508,2.3368,2,300,1,1,3,300,300.0,0,4,2.461845950654182,2.356594424163819,1.5824754178800884,1.2192,1212.4948000000002,-912.4948000000002,4.0,1.0,3.3527999999998883,1.0
B00067,B00067_R1,632,1,9,1.6764,2.032,1282.42,2.286,2.54,1241.11,61,61,41.31,2.286,0.2032,0.2032,1.9812,2.9464,2.3368,3.8608,2,300,0,3,0,300,300.0,0,3,1.2306292520609894,0.30479999999999996,1.8668358569496815,1.2192,1289.2272,-989.2272,1.0,3.0,0.0,3.0
B00067,B00067_R1,633,2,9,1.6764,2.032,1282.42,2.286,2.54,1241.11,61,61,41.31,0.2032,0.762,1.6764,2.032,3.2512,3.8608,3.2512,1,300,0,2,1,300,300.0,0,3,2.0101012175154716,1.8637439309089647,1.8908752404367708,1.8540260192348974,1288.9224,-988.9223999999999,2.0,2.0,0.30480000000011387,2.0
B00067,B00067_R2,634,3,9,1.6764,2.032,1282.42,2.286,2.54,1241.11,61,61,41.31,0.762,0.2032,0.2032,1.6002,3.2512,3.8608,1.9558,2,300,1,3,3,300,300.0,0,6,1.0842719654544823,0.30479999999999996,1.6730602106925085,0.8382000000000001,1246.9265999999998,-946.9265999999998,3.0,3.0,0.9906000000000859,3.0
B00067,B00067_R2,635,4,9,1.6764,2.032,1282.42,2.286,2.54,1241.11,61,61,41.31,1.9812,0.7112,0.2032,1.6002,3.2512,2.6416,3.175,2,300,1,5,1,300,300.0,0,6,1.2777974453329237,0.7902625386540855,1.5507421765561424,0.45720000000000005,1246.9265999999998,-946.9265999999998,3.0,3.0,0.9906000000000859,3.0
B00067,B00067_R1,636,5,9,1.6764,2.032,1282.42,2.286,2.54,1241.11,61,61,41.31,1.9812,0.2032,0.2032,1.6002,3.2512,2.6416,3.175,2,300,0,1,2,300,300.0,0,3,1.098062327560203,0.0,1.4540922995793562,0.45720000000000005,1288.8462,-988.8462,3.0,1.0,0.3810000000000855,1.0
B00067,B00067_R2,637,6,9,1.6764,2.032,1282.42,2.286,2.54,1241.11,61,61,41.31,0.2032,0.762,2.54,0.762,3.2512,3.8608,2.9464,1,300,1,4,2,300,300.0,0,6,1.4131027342272884,0.381,1.0707217349610214,0.0,1247.9171999999999,-947.9171999999999,1.0,5.0,0.0,5.0
B00067,B00067_R2,638,7,9,1.6764,2.032,1282.42,2.286,2.54,1241.11,61,61,41.31,0.2032,1.143,0.4572,0.2032,2.8702,3.4798,1.1938,1,300,1,2,4,300,300.0,0,6,1.5002800570849866,0.381,1.2575902684623312,0.3048,1245.7836,-945.7836,5.0,1.0,2.1335999999998876,1.0
B00067,B00067_R2,639,8,9,1.6764,2.032,1282.42,2.286,2.54,1241.11,61,61,41.31,2.54,0.762,0.2032,1.6002,2.6416,2.032,3.175,2,300,1,1,5,300,300.0,0,6,1.5380817349610214,0.5611043396731128,1.3551487822216015,0.45720000000000005,1246.3169999999998,-946.3169999999998,4.0,2.0,1.6002000000000862,2.0
B00067,B00067_R2,640,9,9,1.6764,2.032,1282.42,2.286,2.54,1241.11,61,61,41.31,1.9812,0.7112,0.2032,1.9812,3.2512,2.6416,3.556,2,300,1,6,0,300,300.0,0,6,1.098062327560203,0.0,1.748373298523959,0.8382000000000001,1247.3075999999999,-947.3075999999999,2.0,4.0,0.6096000000000004,4.0
B00068,B00068_R1,641,1,10,0.2032,1.9812,1332.83,0.2032,1.9812,1346.9,63,66,-14.07,1.9812,2.54,1.0668,2.032,2.3368,2.3368,1.4224,3,300,0,1,5,300,300.0,0,6,1.6648845016443254,0.3048000000000002,0.9848495029233145,0.0,1336.5892,-1036.5892,4.0,2.0,1.5240000000001146,2.0
B00068,B00068_R2,642,2,10,0.2032,1.9812,1332.83,0.2032,1.9812,1346.9,63,66,-14.07,1.0668,2.54,0.2032,1.6002,1.4224,1.4224,1.8034,2,300,1,1,3,300,300.0,0,4,1.4964522356701748,0.3048000000000002,1.2347474374253578,0.8382000000000001,1350.1258,-1050.1258,4.0,1.0,3.505200000000059,1.0
B00068,B00068_R2,643,3,10,0.2032,1.9812,1332.83,0.2032,1.9812,1346.9,63,66,-14.07,1.0668,2.032,2.286,0.2032,1.4224,1.4224,3.556,3,300,1,3,1,300,300.0,0,4,1.323604457948775,0.381,1.6574377273683225,1.2192,1351.8784,-1051.8784,2.0,3.0,1.7526000000000295,3.0
B00068,B00068_R1,644,4,10,0.2032,1.9812,1332.83,0.2032,1.9812,1346.9,63,66,-14.07,1.6764,2.54,0.2032,1.9812,2.032,2.032,2.032,2,300,0,5,1,300,300.0,0,6,1.3730830228958926,0.5611043396731128,1.7881270180758928,0.6138187354586042,1336.8939999999998,-1036.8939999999998,3.0,3.0,1.219200000000228,3.0
B00068,B00068_R2,645,5,10,0.2032,1.9812,1332.83,0.2032,1.9812,1346.9,63,66,-14.07,2.54,0.762,0.2032,1.6002,3.556,3.556,3.175,2,300,1,4,0,300,300.0,0,4,1.4602819798656737,0.381,1.1600353270859471,0.508,1353.631,-1053.631,1.0,4.0,0.0,4.0
B00068,B00068_R1,646,6,10,0.2032,1.9812,1332.83,0.2032,1.9812,1346.9,63,66,-14.07,0.2032,1.143,1.9812,0.7112,1.3462,1.3462,2.7178,1,300,0,6,0,300,300.0,0,6,1.1940567073881705,0.7935213670721161,1.1019804091128456,0.0,1336.8939999999998,-1036.8939999999998,3.0,3.0,1.219200000000228,3.0
B00068,B00068_R1,647,7,10,0.2032,1.9812,1332.83,0.2032,1.9812,1346.9,63,66,-14.07,0.762,0.7112,0.4572,0.2032,2.3368,2.3368,0.8128,3,300,0,3,3,300,300.0,0,6,1.4864689435765033,0.508,1.3017720571568319,0.45720000000000005,1335.9796,-1035.9796,5.0,1.0,2.133600000000115,1.0
B00068,B00068_R1,648,8,10,0.2032,1.9812,1332.83,0.2032,1.9812,1346.9,63,66,-14.07,0.2032,0.762,1.9812,2.032,1.7272,1.7272,3.556,1,300,0,4,2,300,300.0,0,6,1.2308183873239271,0.508,1.8448542293539287,0.6138187354586042,1338.1132,-1038.1132,1.0,5.0,0.0,5.0
B00068,B00068_R2,649,9,10,0.2032,1.9812,1332.83,0.2032,1.9812,1346.9,63,66,-14.07,0.2032,1.143,1.0668,2.032,1.3462,1.3462,2.2606,1,300,1,2,2,300,300.0,0,4,2.20724399788279,1.9450496754581874,0.8996894521889208,0.45720000000000005,1350.5068,-1050.5068,3.0,2.0,3.1241999999999734,2.0
B00068,B00068_R1,650,10,10,0.2032,1.9812,1332.83,0.2032,1.9812,1346.9,63,66,-14.07,1.0668,2.032,0.762,0.7112,1.4224,1.4224,3.2512,3,300,0,2,4,300,300.0,0,6,1.7498140427175854,1.2394054865135946,0.8176832251527291,0.0,1337.5035999999998,-1037.5035999999998,2.0,4.0,0.6096000000002277,4.0
B00069,B00069_R1,651,1,10,1.9812,0.7112,1302.87,0.2032,1.6002,1291.7,61,63,11.17,0.2032,0.762,0.762,2.032,2.3368,1.3462,2.3368,1,300,0,5,0,300,300.0,0,5,1.549131180952793,0.381,1.5640596260746198,1.0500373517165948,1307.5436,-1007.5436,3.0,3.0,1.2191999999997734,3.0
B00069,B00069_R2,652,2,10,1.9812,0.7112,1302.87,0.2032,1.6002,1291.7,61,63,11.17,0.2032,0.762,2.54,1.9812,2.3368,1.3462,3.556,1,300,1,5,0,300,300.0,0,5,1.8455985344940682,1.3555130689152355,1.6852354830392795,0.8382000000000001,1296.6022,-996.6022,1.0,5.0,0.0,5.0
B00069,B00069_R1,653,3,10,1.9812,0.7112,1302.87,0.2032,1.6002,1291.7,61,63,11.17,1.9812,2.032,0.2032,1.9812,2.9464,2.7178,2.3368,2,300,0,4,1,300,300.0,0,5,1.5472634463806672,0.381,1.34863242649474,0.0,1308.1532,-1008.1532,2.0,4.0,0.609599999999773,4.0
B00069,B00069_R2,654,4,10,1.9812,0.7112,1302.87,0.2032,1.6002,1291.7,61,63,11.17,1.0668,0.7112,0.2032,1.6002,1.4224,2.2606,2.2606,2,300,1,3,2,300,300.0,0,5,1.772254474787543,0.7935213670721163,1.7392623301919352,0.8650928273890613,1296.2212000000002,-996.2212000000002,2.0,4.0,0.3809999999998581,4.0
B00069,B00069_R1,655,5,10,1.9812,0.7112,1302.87,0.2032,1.6002,1291.7,61,63,11.17,0.2032,1.143,1.9812,2.032,2.7178,0.9652,3.175,1,300,0,3,2,300,300.0,0,5,1.2895718456629732,0.7935213670721163,1.4082505383179351,0.45720000000000005,1308.7627999999997,-1008.7627999999997,1.0,5.0,0.0,5.0
B00069,B00069_R1,656,6,10,1.9812,0.7112,1302.87,0.2032,1.6002,1291.7,61,63,11.17,2.286,0.2032,2.54,0.762,0.8128,3.4798,0.8128,3,300,0,1,4,300,300.0,0,5,0.4067732068472653,0.0,2.3864864142280906,1.9450496754581874,1304.4955999999997,-1004.4955999999997,5.0,1.0,4.2672000000000025,1.0
B00069,B00069_R2,657,7,10,1.9812,0.7112,1302.87,0.2032,1.6002,1291.7,61,63,11.17,0.2032,1.143,2.286,0.2032,2.7178,0.9652,3.0226,1,300,1,4,1,300,300.0,0,5,0.9153134900367351,0.8650928273890611,0.6477,0.45720000000000005,1295.6878000000002,-995.6878000000002,3.0,3.0,0.9143999999998869,3.0
B00069,B00069_R2,658,8,10,1.9812,0.7112,1302.87,0.2032,1.6002,1291.7,61,63,11.17,0.2032,1.143,0.762,0.7112,2.7178,0.9652,1.4986,1,300,1,1,4,300,300.0,0,5,0.4318835381711023,0.0,1.9796822542412844,1.3208,1294.1638,-994.1638,5.0,1.0,2.4384000000000015,1.0
B00069,B00069_R2,659,9,10,1.9812,0.7112,1302.87,0.2032,1.6002,1291.7,61,63,11.17,0.2032,0.762,1.9812,0.7112,2.3368,1.3462,2.3368,1,300,1,2,3,300,300.0,0,5,0.4318835381711023,0.0,0.533300442272171,0.30479999999999996,1295.383,-995.383,4.0,2.0,1.2192000000000007,2.0
B00069,B00069_R1,660,10,10,1.9812,0.7112,1302.87,0.2032,1.6002,1291.7,61,63,11.17,1.6764,0.7112,0.2032,1.6002,0.8128,2.8702,2.8702,2,300,0,2,3,300,300.0,0,5,0.4067732068472653,0.0,1.5881222575036564,0.9144000000000001,1306.5529999999999,-1006.5529999999999,4.0,2.0,2.209799999999859,2.0
B00070,B00070_R2,661,1,9,0.762,2.032,1379.2,2.54,1.9812,1361.73,65,66,17.47,1.9812,2.032,0.2032,1.6002,1.7272,1.1176,2.7178,2,300,1,1,4,300,300.0,0,5,0.3316062451528681,0.0,2.5218276562068276,2.2611707144751367,1365.5654,-1065.5654,4.0,1.0,2.819400000000087,1.0
B00070,B00070_R1,662,2,9,0.762,2.032,1379.2,2.54,1.9812,1361.73,65,66,17.47,0.2032,0.762,1.9812,2.54,2.3368,3.556,3.556,1,300,0,4,0,300,300.0,0,4,0.7337189600238126,0.6138187354586042,1.0922,0.8382000000000001,1385.0928000000001,-1085.0928000000001,1.0,4.0,0.0,4.0
B00070,B00070_R2,663,3,9,0.762,2.032,1379.2,2.54,1.9812,1361.73,65,66,17.47,0.2032,1.143,2.286,2.54,1.9558,3.175,3.4798,1,300,1,4,1,300,300.0,0,5,0.5785064697180765,0.381,1.5430089589641407,1.3875004288287625,1368.3848,-1068.3848,1.0,4.0,0.0,4.0
B00070,B00070_R2,664,4,9,0.762,2.032,1379.2,2.54,1.9812,1361.73,65,66,17.47,1.9812,2.032,0.2032,1.6002,1.7272,1.1176,2.7178,2,300,1,3,2,300,300.0,0,5,0.3316062451528681,0.0,2.011340258631575,1.6423805770892446,1365.5654,-1065.5654,4.0,1.0,2.819400000000087,1.0
B00070,B00070_R1,665,5,9,0.762,2.032,1379.2,2.54,1.9812,1361.73,65,66,17.47,0.4572,0.2032,0.2032,1.9812,2.6416,3.8608,2.032,2,300,0,2,2,300,300.0,0,4,1.457438720807381,0.0,1.193583682724852,0.45720000000000005,1383.8736,-1083.8736,3.0,2.0,1.219200000000228,2.0
B00070,B00070_R1,666,6,9,0.762,2.032,1379.2,2.54,1.9812,1361.73,65,66,17.47,0.2032,1.143,0.762,2.032,1.9558,3.175,1.9558,1,300,0,1,3,300,300.0,0,4,1.4307919102942048,0.0,1.526943569263835,0.5924247125162825,1383.1116,-1083.1116,4.0,1.0,1.9812000000001717,1.0
B00070,B00070_R1,667,7,9,0.762,2.032,1379.2,2.54,1.9812,1361.73,65,66,17.47,0.2032,0.762,1.0668,2.54,2.3368,3.556,2.6416,1,300,0,3,1,300,300.0,0,4,1.457438720807381,0.0,1.193583682724852,0.45720000000000005,1384.1784,-1084.1784,2.0,3.0,0.9144000000001142,3.0
B00070,B00070_R2,668,8,9,0.762,2.032,1379.2,2.54,1.9812,1361.73,65,66,17.47,0.2032,1.143,1.6764,2.032,1.9558,3.175,2.8702,1,300,1,2,3,300,300.0,0,5,1.4307919102942048,0.0,1.0397627046827747,0.3048000000000002,1367.7752,-1067.7752,2.0,3.0,0.6096000000000004,3.0
B00070,B00070_R2,669,9,9,0.762,2.032,1379.2,2.54,1.9812,1361.73,65,66,17.47,1.6764,0.2032,0.2032,1.9812,3.2512,2.6416,3.2512,2,300,1,5,0,300,300.0,0,5,1.8007323982085452,1.7474387771821933,1.3084627831205893,0.8382000000000001,1367.6227999999999,-1067.6227999999999,3.0,2.0,0.762000000000171,2.0
B00071,B00071_R1,670,1,10,1.9812,2.54,1442.53,0.2032,1.9812,1445.2,67,69,-2.67,2.286,2.54,0.2032,1.6002,0.8128,2.6416,3.0226,2,300,0,5,0,300,300.0,0,5,1.1803362385423748,0.0,1.6646238539604434,0.45720000000000005,1446.3654,-1146.3654,3.0,3.0,1.6764000000000578,3.0
B00071,B00071_R2,671,2,10,1.9812,2.54,1442.53,0.2032,1.9812,1445.2,67,69,-2.67,2.54,0.762,0.2032,1.6002,2.3368,3.556,3.175,2,300,1,3,2,300,300.0,0,5,1.1803362385423748,0.0,1.7378290311921079,0.8382000000000001,1451.931,-1151.931,2.0,4.0,0.3810000000000855,4.0
B00071,B00071_R1,672,3,10,1.9812,2.54,1442.53,0.2032,1.9812,1445.2,67,69,-2.67,2.286,2.54,0.2032,1.9812,0.8128,2.6416,2.6416,2,300,0,4,1,300,300.0,0,5,2.268322915375283,1.7206508187310985,1.019802954484582,0.0,1445.9843999999998,-1145.9843999999998,4.0,2.0,2.0574000000001433,2.0
B00071,B00071_R2,673,4,10,1.9812,2.54,1442.53,0.2032,1.9812,1445.2,67,69,-2.67,0.2032,1.143,1.9812,0.2032,3.175,1.3462,2.7178,1,300,1,4,1,300,300.0,0,5,1.6040029544845817,1.2394054865135946,1.656298152526081,0.8382000000000001,1449.264,-1149.264,3.0,3.0,3.048000000000229,3.0
B00071,B00071_R2,674,5,10,1.9812,2.54,1442.53,0.2032,1.9812,1445.2,67,69,-2.67,0.762,2.54,0.2032,1.9812,1.7272,1.1176,1.1176,2,300,1,1,4,300,300.0,0,5,1.1367747598472313,0.7935213670721163,1.8520825199396946,0.45720000000000005,1447.4352000000001,-1147.4352000000001,5.0,1.0,4.876800000000003,1.0
B00071,B00071_R1,675,6,10,1.9812,2.54,1442.53,0.2032,1.9812,1445.2,67,69,-2.67,0.2032,1.143,2.54,1.143,3.175,1.3462,2.3368,1,300,0,2,3,300,300.0,0,5,1.9450080295305985,0.5611043396731128,1.0941612972747206,0.45720000000000005,1448.0418,-1148.0418,1.0,5.0,0.0,5.0
B00071,B00071_R1,676,7,10,1.9812,2.54,1442.53,0.2032,1.9812,1445.2,67,69,-2.67,2.54,1.143,0.2032,1.9812,1.9558,3.175,3.175,2,300,0,3,2,300,300.0,0,5,1.5207382108875054,0.381,1.4494346033612633,0.508,1447.6607999999999,-1147.6607999999999,2.0,4.0,0.3810000000000855,4.0
B00071,B00071_R2,677,8,10,1.9812,2.54,1442.53,0.2032,1.9812,1445.2,67,69,-2.67,0.2032,0.762,1.6764,0.7112,3.556,1.7272,2.032,1,300,1,2,3,300,300.0,0,5,2.020193687361139,1.5046150471133806,1.7195306404277075,0.8382000000000001,1448.9592,-1148.9592,4.0,2.0,3.3528000000001157,2.0
B00071,B00071_R2,678,9,10,1.9812,2.54,1442.53,0.2032,1.9812,1445.2,67,69,-2.67,1.9812,0.7112,0.2032,1.9812,2.9464,3.556,3.556,2,300,1,5,0,300,300.0,0,5,1.5900673742875358,0.381,1.1874326827047612,0.3048000000000002,1452.3120000000001,-1152.3120000000001,1.0,5.0,0.0,5.0
B00071,B00071_R1,679,10,10,1.9812,2.54,1442.53,0.2032,1.9812,1445.2,67,69,-2.67,1.6764,2.032,0.2032,1.6002,0.8128,2.032,2.413,2,300,0,1,4,300,300.0,0,5,1.5918639238309655,0.5611043396731128,1.370848620634022,0.7902625386540855,1445.7558,-1145.7558,5.0,1.0,2.286000000000058,1.0
B00072,B00072_R1,680,1,9,0.2032,1.6002,1529.4,0.2032,1.9812,1515.14,70,72,14.26,0.762,0.7112,0.2032,1.9812,1.9558,2.3368,2.3368,2,300,0,2,2,300,300.0,0,4,0.6578301730526765,0.5611043396731128,0.9652,0.8382000000000001,1533.6926,-1233.6926,1.0,4.0,0.0,4.0
B00072,B00072_R1,681,2,9,0.2032,1.6002,1529.4,0.2032,1.9812,1515.14,70,72,14.26,0.2032,1.143,0.4572,0.2032,0.9652,1.3462,1.1938,1,300,0,3,1,300,300.0,0,4,0.3623976965808195,0.0,0.7265876190430388,0.5924247125162825,1531.5590000000002,-1231.5590000000002,4.0,1.0,2.1335999999998876,1.0
B00072,B00072_R1,682,3,9,0.2032,1.6002,1529.4,0.2032,1.9812,1515.14,70,72,14.26,0.2032,1.143,0.762,0.7112,0.9652,1.3462,1.4986,1,300,0,1,3,300,300.0,0,4,0.3623976965808195,0.0,0.42243247647185705,0.0,1531.8638,-1231.8638,3.0,2.0,1.828800000000001,2.0
B00072,B00072_R2,683,4,9,0.2032,1.6002,1529.4,0.2032,1.9812,1515.14,70,72,14.26,0.4572,2.54,0.762,0.2032,1.1938,0.8128,2.6416,3,300,1,3,2,300,300.0,0,5,0.4410347798910376,0.381,1.6261878212578156,1.2192,1518.5944,-1218.5944,3.0,3.0,1.219200000000228,3.0
B00072,B00072_R2,684,5,9,0.2032,1.6002,1529.4,0.2032,1.9812,1515.14,70,72,14.26,0.2032,0.762,1.0668,2.54,1.3462,1.7272,2.6416,1,300,1,4,1,300,300.0,0,5,1.1764993259505574,0.5924247125162825,1.7772051254427463,0.7902625386540855,1519.5088,-1219.5088,2.0,4.0,0.30480000000011387,4.0
B00072,B00072_R2,685,6,9,0.2032,1.6002,1529.4,0.2032,1.9812,1515.14,70,72,14.26,0.762,2.032,0.4572,2.54,1.4986,1.1176,0.8128,3,300,1,2,3,300,300.0,0,5,1.8084577397643957,1.3875004288287625,0.6561061781290707,0.508,1517.0704,-1217.0704,5.0,1.0,2.7432000000001153,1.0
B00072,B00072_R1,686,7,9,0.2032,1.6002,1529.4,0.2032,1.9812,1515.14,70,72,14.26,0.2032,0.762,1.9812,0.7112,1.3462,1.7272,2.3368,1,300,0,4,0,300,300.0,0,4,0.9013812853362613,0.30479999999999996,1.0283931478214867,0.0,1533.083,-1233.083,2.0,3.0,0.6096000000000004,3.0
B00072,B00072_R2,687,8,9,0.2032,1.6002,1529.4,0.2032,1.9812,1515.14,70,72,14.26,1.0668,2.032,0.762,2.54,1.8034,1.4224,0.8128,3,300,1,1,4,300,300.0,0,5,0.9200412453780056,0.30479999999999996,0.9739359827272411,0.3048,1517.3752,-1217.3752,4.0,2.0,2.438400000000229,2.0
B00072,B00072_R2,688,9,9,0.2032,1.6002,1529.4,0.2032,1.9812,1515.14,70,72,14.26,1.9812,2.54,0.2032,1.9812,2.7178,2.3368,2.3368,2,300,1,5,0,300,300.0,0,5,1.6013269340559106,1.0460360223242793,0.8148039756301946,0.5611043396731128,1519.8136000000002,-1219.8136000000002,1.0,5.0,0.0,5.0
B00073,B00073_R1,689,1,9,1.9812,0.7112,1469.97,0.2032,1.9812,1488.77,69,72,-18.8,0.2032,1.143,1.6764,2.032,2.7178,1.3462,2.8702,1,300,0,3,2,300,300.0,0,5,2.003568079777402,1.7206508187310985,1.0872372935387316,0.0,1475.558,-1175.558,1.0,5.0,0.0,5.0
B00073,B00073_R1,690,2,9,1.9812,0.7112,1469.97,0.2032,1.9812,1488.77,69,72,-18.8,2.286,0.2032,1.9812,0.7112,0.8128,3.8608,0.8128,3,300,0,1,4,300,300.0,0,5,1.7947327236309107,0.6096000000000001,1.4016048783295605,0.5924247125162826,1471.5955999999999,-1171.5955999999999,5.0,1.0,3.962400000000116,1.0
B00073,B00073_R2,691,3,9,1.9812,0.7112,1469.97,0.2032,1.9812,1488.77,69,72,-18.8,1.0668,0.7112,0.2032,1.6002,1.4224,2.6416,2.2606,2,300,1,2,2,300,300.0,0,4,1.8916960688297644,0.5924247125162826,1.8399485280498904,0.8382000000000001,1493.6722,-1193.6722,2.0,3.0,0.5333999999998014,3.0
B00073,B00073_R2,692,4,9,1.9812,0.7112,1469.97,0.2032,1.9812,1488.77,69,72,-18.8,2.54,1.6002,0.762,2.032,1.9558,2.7178,2.7178,3,300,1,4,0,300,300.0,0,4,1.5173999982215063,0.5924247125162826,1.5228171650374906,0.9735194091542294,1494.2055999999998,-1194.2055999999998,1.0,4.0,0.0,4.0
B00073,B00073_R2,693,5,9,1.9812,0.7112,1469.97,0.2032,1.9812,1488.77,69,72,-18.8,0.2032,1.143,2.54,1.6002,2.7178,1.3462,2.794,1,300,1,3,1,300,300.0,0,4,1.6356083003365032,0.6096000000000001,1.6278484986544643,0.45720000000000005,1492.9102,-1192.9102,3.0,2.0,1.295399999999745,2.0
B00073,B00073_R1,694,6,9,1.9812,0.7112,1469.97,0.2032,1.9812,1488.77,69,72,-18.8,1.9812,2.54,0.2032,1.9812,2.9464,2.3368,2.3368,2,300,0,5,0,300,300.0,0,5,1.5379698110180506,0.9655341526844091,1.25583980305141,0.45720000000000005,1475.2532,-1175.2532,3.0,3.0,0.3047999999998865,3.0
B00073,B00073_R1,695,7,9,1.9812,0.7112,1469.97,0.2032,1.9812,1488.77,69,72,-18.8,1.6764,2.032,2.54,1.143,3.2512,2.032,2.2606,3,300,0,4,1,300,300.0,0,5,2.1289229632562328,1.7206508187310987,0.9993250443827044,0.5924247125162825,1475.4818,-1175.4818,2.0,4.0,0.07619999999997162,4.0
B00073,B00073_R1,696,8,9,1.9812,0.7112,1469.97,0.2032,1.9812,1488.77,69,72,-18.8,1.6764,0.2032,0.2032,1.6002,0.8128,3.2512,2.8702,2,300,0,2,3,300,300.0,0,5,1.5888477935710645,0.9655341526844091,1.3352209424840928,0.0,1473.653,-1173.653,4.0,2.0,1.9049999999999727,2.0
B00073,B00073_R2,697,9,9,1.9812,0.7112,1469.97,0.2032,1.9812,1488.77,69,72,-18.8,0.4572,2.54,0.762,0.7112,3.8608,0.8128,2.6416,3,300,1,1,3,300,300.0,0,4,1.8775465453573965,1.4199031657123664,0.9996191739132572,0.30479999999999996,1492.2243999999998,-1192.2243999999998,4.0,1.0,1.9811999999999443,1.0
B00074,B00074_R2,698,1,9,0.2032,1.9812,1534.48,0.762,2.032,1522.63,72,75,11.85,0.2032,0.762,2.54,1.9812,1.7272,2.3368,3.556,1,300,1,4,1,300,300.0,0,5,1.8381193072978068,1.5351773448041757,1.4675909067027828,0.7935213670721163,1528.5228000000002,-1228.5228000000002,3.0,3.0,1.4477999999999156,3.0
B00074,B00074_R1,699,2,9,0.2032,1.9812,1534.48,0.762,2.032,1522.63,72,75,11.85,0.2032,1.143,2.286,0.2032,1.3462,1.9558,3.0226,1,300,0,3,1,300,300.0,0,4,1.4761453197090761,0.9655341526844093,1.449801206912323,0.8382000000000001,1538.8488,-1238.8488,3.0,2.0,2.1335999999998876,2.0
B00074,B00074_R1,700,3,9,0.2032,1.9812,1534.48,0.762,2.032,1522.63,72,75,11.85,1.6764,0.7112,0.2032,1.9812,3.2512,3.2512,3.2512,2,300,0,4,0,300,300.0,0,4,1.8667860125801912,1.6423805770892446,1.9518493495786757,1.4199031657123664,1540.9823999999999,-1240.9823999999999,1.0,4.0,0.0,4.0
B00074,B00074_R1,701,4,9,0.2032,1.9812,1534.48,0.762,2.032,1522.63,72,75,11.85,1.0668,2.54,2.286,2.54,1.4224,0.8128,1.7272,3,300,0,1,3,300,300.0,0,4,1.777529050565698,0.9655341526844093,1.1513950075378172,0.45720000000000005,1537.6296,-1237.6296,4.0,1.0,3.3527999999998883,1.0
B00074,B00074_R2,702,5,9,0.2032,1.9812,1534.48,0.762,2.032,1522.63,72,75,11.85,1.6764,0.2032,0.2032,1.6002,3.2512,3.2512,2.8702,2,300,1,5,0,300,300.0,0,5,1.375144518687164,0.381,2.0084986443522044,1.7787255662411783,1528.7514,-1228.7514,2.0,4.0,1.2192000000000007,4.0
B00074,B00074_R2,703,6,9,0.2032,1.9812,1534.48,0.762,2.032,1522.63,72,75,11.85,2.286,0.2032,0.2032,1.6002,3.8608,3.8608,3.4798,2,300,1,3,2,300,300.0,0,5,1.494329619401479,0.6096000000000001,1.127378377781869,0.45720000000000005,1529.9706,-1229.9706,1.0,5.0,0.0,5.0
B00074,B00074_R2,704,7,9,0.2032,1.9812,1534.48,0.762,2.032,1522.63,72,75,11.85,0.2032,1.143,2.286,0.2032,1.3462,1.9558,3.0226,1,300,1,2,3,300,300.0,0,5,1.857908653514877,0.6096000000000001,1.0079615221887859,0.45720000000000005,1527.6084,-1227.6084,4.0,2.0,2.36220000000003,2.0
B00074,B00074_R1,705,8,9,0.2032,1.9812,1534.48,0.762,2.032,1522.63,72,75,11.85,2.54,1.143,0.2032,1.6002,3.175,3.175,2.794,2,300,0,2,2,300,300.0,0,4,1.3658720344049922,0.381,1.286655651334582,0.0,1540.449,-1240.449,2.0,3.0,0.5333999999998014,3.0
B00074,B00074_R2,706,9,9,0.2032,1.9812,1534.48,0.762,2.032,1522.63,72,75,11.85,0.762,2.032,0.2032,1.6002,1.1176,0.0,1.4986,2,300,1,1,4,300,300.0,0,5,1.7156906100968783,1.0500373517165948,1.4583933550994255,0.45720000000000005,1524.1286,-1224.1286,5.0,1.0,5.842000000000098,1.0
B00075,B00075_R1,707,1,10,0.2032,1.9812,1568.34,0.2032,1.6002,1593.47,74,78,-25.13,0.2032,0.762,0.762,2.032,1.7272,1.3462,2.3368,1,300,0,2,4,300,300.0,0,6,1.7545300228938019,0.0,1.2149685791112095,0.5924247125162825,1572.404,-1272.404,4.0,3.0,1.3715999999997166,3.0
B00075,B00075_R1,708,2,10,0.2032,1.9812,1568.34,0.2032,1.6002,1593.47,74,78,-25.13,1.6764,2.54,0.2032,1.9812,2.032,2.413,2.032,2,300,0,3,3,300,300.0,0,6,1.5412022847358333,0.5924247125162826,1.43972007324994,0.6138187354586042,1572.4039999999998,-1272.4039999999998,5.0,2.0,1.371599999999944,2.0
B00075,B00075_R2,709,3,10,0.2032,1.9812,1568.34,0.2032,1.6002,1593.47,74,78,-25.13,0.2032,0.762,2.54,0.762,1.7272,1.3462,2.9464,1,300,1,3,1,300,300.0,0,4,1.4550072178563866,0.5924247125162826,1.3990987883612873,0.6138187354586042,1597.7626,-1297.7626,4.0,1.0,1.828800000000001,1.0
B00075,B00075_R1,710,4,10,0.2032,1.9812,1568.34,0.2032,1.6002,1593.47,74,78,-25.13,1.9812,2.032,0.2032,1.9812,2.3368,2.7178,2.3368,2,300,0,6,0,300,300.0,0,6,1.8465406679836327,0.7061930897424584,1.2813126886995394,0.6138187354586042,1573.0136,-1273.0136,3.0,4.0,0.7619999999997162,4.0
B00075,B00075_R2,711,5,10,0.2032,1.9812,1568.34,0.2032,1.6002,1593.47,74,78,-25.13,1.6764,0.7112,1.9812,2.54,3.2512,2.8702,3.2512,3,300,1,4,0,300,300.0,0,4,1.7405503017028756,1.2191999999999998,1.5180641018137835,0.8382000000000001,1599.5914,-1299.5914,1.0,4.0,0.0,4.0
B00075,B00075_R2,712,6,10,0.2032,1.9812,1568.34,0.2032,1.6002,1593.47,74,78,-25.13,1.9812,2.032,0.2032,1.6002,2.3368,2.7178,2.7178,2,300,1,2,2,300,300.0,0,4,1.7545300228938019,0.0,1.3500242642264155,0.0,1598.9055999999998,-1298.9055999999998,2.0,3.0,0.6858000000001994,3.0
B00075,B00075_R1,713,7,10,0.2032,1.9812,1568.34,0.2032,1.6002,1593.47,74,78,-25.13,2.54,1.6002,0.2032,1.9812,2.7178,2.3368,2.7178,2,300,0,5,1,300,300.0,0,6,1.2196887398963978,0.0,1.529797752072608,0.8650928273890613,1573.7755999999997,-1273.7755999999997,1.0,6.0,0.0,6.0
B00075,B00075_R2,714,8,10,0.2032,1.9812,1568.34,0.2032,1.6002,1593.47,74,78,-25.13,0.2032,0.762,1.9812,2.032,1.7272,1.3462,3.556,1,300,1,1,3,300,300.0,0,4,1.4345547575453226,1.3555130689152355,1.845647809266242,0.508,1598.3722,-1298.3722,3.0,2.0,1.2192000000000007,2.0
B00075,B00075_R1,715,9,10,0.2032,1.9812,1568.34,0.2032,1.6002,1593.47,74,78,-25.13,0.4572,2.54,0.2032,1.6002,0.8128,1.1938,1.1938,2,300,0,1,5,300,300.0,0,6,1.9084981015242966,1.3555130689152355,1.1323502729103663,0.8382000000000001,1570.3465999999999,-1270.3465999999999,6.0,1.0,3.42899999999986,1.0
B00075,B00075_R1,716,10,10,0.2032,1.9812,1568.34,0.2032,1.6002,1593.47,74,78,-25.13,0.2032,0.762,2.54,1.6002,1.7272,1.3462,3.175,1,300,0,4,2,300,300.0,0,6,1.2196887398963978,0.0,1.1801678955813542,0.0,1573.2422,-1273.2422,2.0,5.0,0.5333999999998014,5.0
B00076,B00076_R1,717,1,10,0.2032,1.9812,1663.43,1.9812,2.54,1636.64,79,80,26.79,0.4572,2.54,0.2032,1.9812,0.8128,2.032,0.8128,2,300,0,1,4,300,300.0,0,5,1.6079771949630985,1.4199031657123664,1.0287000000000002,0.8382000000000001,1665.0556,-1365.0556,3.0,1.0,1.9812000000001717,1.0
B00076,B00076_R1,718,2,10,0.2032,1.9812,1663.43,1.9812,2.54,1636.64,79,80,26.79,0.2032,0.762,1.0668,0.2032,1.7272,3.556,1.4224,1,300,0,3,2,300,300.0,0,5,0.6395128060534576,0.0,1.4990736100883366,1.0286216019508825,1666.5796,-1366.5796,2.0,2.0,0.4572000000000571,2.0
B00076,B00076_R2,719,3,10,0.2032,1.9812,1663.43,1.9812,2.54,1636.64,79,80,26.79,1.6764,2.032,1.6764,0.7112,2.032,0.8128,2.9464,3,300,1,2,3,300,300.0,0,5,0.6395128060534576,0.0,1.4990736100883366,1.0286216019508825,1640.3992,-1340.3992,4.0,2.0,2.7432000000001153,2.0
B00076,B00076_R1,720,4,10,0.2032,1.9812,1663.43,1.9812,2.54,1636.64,79,80,26.79,0.2032,0.762,1.0668,0.2032,1.7272,3.556,1.4224,1,300,0,4,1,300,300.0,0,5,0.5454757914280917,0.0,1.437145459605469,1.0286216019508825,1666.5796,-1366.5796,2.0,2.0,0.4572000000000571,2.0
B00076,B00076_R2,721,5,10,0.2032,1.9812,1663.43,1.9812,2.54,1636.64,79,80,26.79,1.6764,0.2032,0.2032,1.6002,3.2512,3.2512,2.8702,2,300,1,3,2,300,300.0,0,5,0.5454757914280917,0.0,1.551313028356172,0.6095999999999999,1642.7614,-1342.7614,2.0,4.0,0.3810000000000855,4.0
B00076,B00076_R2,722,6,10,0.2032,1.9812,1663.43,1.9812,2.54,1636.64,79,80,26.79,0.2032,0.762,2.54,0.762,1.7272,3.556,2.9464,1,300,1,5,0,300,300.0,0,5,1.671108375900196,0.9655341526844093,1.1738891725585816,0.508,1643.1424000000002,-1343.1424000000002,1.0,5.0,0.0,5.0
B00076,B00076_R2,723,7,10,0.2032,1.9812,1663.43,1.9812,2.54,1636.64,79,80,26.79,0.2032,0.762,1.0668,0.2032,1.7272,3.556,1.4224,1,300,1,4,1,300,300.0,0,5,1.655604715171269,1.5756191417979153,1.3870943362010442,0.8382000000000001,1641.6184,-1341.6184,3.0,3.0,1.5240000000001146,3.0
B00076,B00076_R1,724,8,10,0.2032,1.9812,1663.43,1.9812,2.54,1636.64,79,80,26.79,0.2032,1.143,1.0668,0.2032,1.3462,3.175,1.8034,1,300,0,2,3,300,300.0,0,5,1.5008127090105474,0.0,1.4348572985166275,0.8382000000000001,1666.5796,-1366.5796,2.0,2.0,0.4572000000000571,2.0
B00076,B00076_R1,725,9,10,0.2032,1.9812,1663.43,1.9812,2.54,1636.64,79,80,26.79,0.2032,1.143,1.0668,2.54,1.3462,3.175,2.2606,1,300,0,5,0,300,300.0,0,5,1.5008127090105474,0.0,1.3990497656505527,0.6095999999999999,1667.0368,-1367.0368,1.0,3.0,0.0,3.0
B00076,B00076_R2,726,10,10,0.2032,1.9812,1663.43,1.9812,2.54,1636.64,79,80,26.79,2.54,1.6002,1.9812,2.54,2.7178,1.4986,1.4986,3,300,1,1,4,300,300.0,0,5,1.8932696918364567,0.9655341526844093,1.994490641119707,0.5924247125162826,1639.6372,-1339.6372,5.0,1.0,3.5052000000002863,1.0
B00077,B00077_R1,727,1,9,1.0668,2.54,1718.43,2.54,0.762,1697.67,82,83,20.76,0.2032,1.143,1.0668,0.7112,2.2606,2.7178,1.8034,1,300,0,3,1,300,300.0,0,4,0.8974726429352797,0.0,1.3832824071998815,0.9655341526844091,1722.4940000000001,-1422.4940000000001,2.0,3.0,0.4572000000000571,3.0
B00077,B00077_R1,728,2,9,1.0668,2.54,1718.43,2.54,0.762,1697.67,82,83,20.76,1.0668,2.54,0.4572,2.54,0.0,3.2512,1.1176,3,300,0,1,3,300,300.0,0,4,1.292395288898257,0.5924247125162825,1.144077014647005,0.5924247125162825,1719.5476,-1419.5476,4.0,1.0,3.4036000000000968,1.0
B00077,B00077_R2,729,3,9,1.0668,2.54,1718.43,2.54,0.762,1697.67,82,83,20.76,0.2032,0.762,2.54,1.143,2.6416,2.9464,2.7178,1,300,1,5,0,300,300.0,0,5,0.8974998053164907,0.5924247125162825,0.7302447346274511,0.45720000000000005,1703.3342,-1403.3342,1.0,5.0,0.0,5.0
B00077,B00077_R2,730,4,9,1.0668,2.54,1718.43,2.54,0.762,1697.67,82,83,20.76,2.54,1.143,0.2032,1.9812,2.8702,0.889,3.175,2,300,1,1,4,300,300.0,0,5,0.8974726429352797,0.0,0.6840684955045315,0.30479999999999996,1701.734,-1401.734,5.0,1.0,1.6002000000000862,1.0
B00077,B00077_R1,731,5,9,1.0668,2.54,1718.43,2.54,0.762,1697.67,82,83,20.76,0.762,2.032,0.2032,1.6002,0.8128,3.556,1.4986,2,300,0,2,2,300,300.0,0,4,0.5919140161374793,0.0,1.7757420484124378,0.0,1720.7413999999999,-1420.7413999999999,3.0,2.0,2.209800000000314,2.0
B00077,B00077_R1,732,6,9,1.0668,2.54,1718.43,2.54,0.762,1697.67,82,83,20.76,0.2032,1.143,1.0668,2.032,2.2606,2.7178,2.2606,1,300,0,4,0,300,300.0,0,4,2.367656064549917,2.367656064549917,1.2192,1.2192,1722.9512000000002,-1422.9512000000002,1.0,4.0,0.0,4.0
B00077,B00077_R2,733,7,9,1.0668,2.54,1718.43,2.54,0.762,1697.67,82,83,20.76,0.2032,0.762,0.762,0.7112,2.6416,2.9464,1.1176,1,300,1,2,3,300,300.0,0,5,0.5919140161374793,0.0,0.8782486877265157,0.5611043396731128,1701.7340000000002,-1401.7340000000002,4.0,2.0,1.6001999999998588,2.0
B00077,B00077_R2,734,8,9,1.0668,2.54,1718.43,2.54,0.762,1697.67,82,83,20.76,0.2032,0.762,1.0668,0.7112,2.6416,2.9464,1.4224,1,300,1,3,2,300,300.0,0,5,0.5919140161374793,0.0,1.0326139567428398,0.8650928273890611,1702.0388,-1402.0388,3.0,3.0,1.2953999999999724,3.0
B00077,B00077_R2,735,9,9,1.0668,2.54,1718.43,2.54,0.762,1697.67,82,83,20.76,0.2032,0.762,1.6764,0.2032,2.6416,2.9464,2.032,1,300,1,4,1,300,300.0,0,5,0.5919140161374793,0.0,1.5007979073190247,1.276334203882353,1702.6484,-1402.6484,2.0,4.0,0.685799999999972,4.0
B00078,B00078_R1,736,1,10,1.0668,2.032,1751.07,2.54,1.143,1774.21,84,87,-23.14,1.0668,0.2032,0.2032,1.6002,2.9464,2.413,2.2606,2,300,0,3,3,300,300.0,0,6,1.1807320471844442,1.0286216019508825,0.8395328863994628,0.45720000000000005,1756.277,-1456.277,3.0,4.0,1.2191999999997734,4.0
B00078,B00078_R2,737,2,10,1.0668,2.032,1751.07,2.54,1.143,1774.21,84,87,-23.14,2.54,0.762,0.4572,0.2032,3.2512,0.889,2.6416,3,300,1,2,2,300,300.0,0,4,0.7900694336384122,0.381,1.8479383350241563,0.5611043396731128,1777.7405999999999,-1477.7405999999999,3.0,2.0,1.5240000000001146,2.0
B00078,B00078_R2,738,3,10,1.0668,2.032,1751.07,2.54,1.143,1774.21,84,87,-23.14,1.6764,0.2032,2.286,0.2032,2.9464,1.8034,1.1176,3,300,1,1,3,300,300.0,0,4,0.6974031871538153,0.0,0.9553789210265199,0.6095999999999999,1777.131,-1477.131,4.0,1.0,2.1335999999998876,1.0
B00078,B00078_R2,739,4,10,1.0668,2.032,1751.07,2.54,1.143,1774.21,84,87,-23.14,0.762,0.7112,0.2032,1.9812,3.2512,2.7178,2.3368,2,300,1,3,1,300,300.0,0,4,1.6627613568451256,1.0460360223242793,0.7704361154178491,0.45720000000000005,1779.2646,-1479.2646,1.0,4.0,0.0,4.0
B00078,B00078_R1,740,5,10,1.0668,2.032,1751.07,2.54,1.143,1774.21,84,87,-23.14,0.2032,0.762,2.54,0.762,2.6416,2.7178,2.9464,1,300,0,5,1,300,300.0,0,6,0.6974031871538153,0.0,0.9205248105714446,0.30479999999999996,1756.658,-1456.658,2.0,5.0,0.8381999999999152,5.0
B00078,B00078_R2,741,6,10,1.0668,2.032,1751.07,2.54,1.143,1774.21,84,87,-23.14,0.2032,1.143,0.4572,2.54,2.2606,2.3368,1.651,1,300,1,4,0,300,300.0,0,4,0.6974031871538153,0.0,0.843712226551576,0.508,1778.1978000000001,-1478.1978000000001,2.0,3.0,1.06679999999983,3.0
B00078,B00078_R1,742,7,10,1.0668,2.032,1751.07,2.54,1.143,1774.21,84,87,-23.14,0.2032,1.143,0.4572,0.2032,2.2606,2.3368,1.1938,1,300,0,1,5,300,300.0,0,6,1.7250010775806597,1.0286216019508827,0.9283813738901706,0.5924247125162825,1754.5244,-1454.5244,6.0,1.0,2.971799999999803,1.0
B00078,B00078_R1,743,8,10,1.0668,2.032,1751.07,2.54,1.143,1774.21,84,87,-23.14,1.9812,0.7112,0.2032,1.6002,3.2512,1.4986,3.175,2,300,0,6,0,300,300.0,0,6,1.2740321338191183,1.0286216019508827,1.5017559318484401,0.6138187354586042,1757.4961999999998,-1457.4961999999998,1.0,6.0,0.0,6.0
B00078,B00078_R1,744,9,10,1.0668,2.032,1751.07,2.54,1.143,1774.21,84,87,-23.14,0.2032,1.143,0.762,0.2032,2.2606,2.3368,1.4986,1,300,0,4,2,300,300.0,0,6,1.1769848927693054,0.7061930897424584,1.9276527325074226,0.8382000000000001,1754.8292,-1454.8292,5.0,2.0,2.6669999999999163,2.0
B00078,B00078_R1,745,10,10,1.0668,2.032,1751.07,2.54,1.143,1774.21,84,87,-23.14,0.2032,1.143,1.0668,0.7112,2.2606,2.3368,1.8034,1,300,0,2,4,300,300.0,0,6,1.6070959771581899,0.7061930897424584,2.40941673993861,1.8540260192348974,1755.134,-1455.134,4.0,3.0,2.3621999999998025,3.0
B00079,B00079_R1,746,1,10,0.2032,1.6002,1827.21,0.4572,2.54,1807.97,88,89,19.24,0.2032,1.143,1.0668,0.2032,0.9652,1.651,1.8034,1,300,0,1,3,300,300.0,0,4,0.127,0.0,1.1937633365718627,1.0286216019508825,1829.9786000000001,-1529.9786000000001,3.0,2.0,1.371599999999944,2.0
B00079,B00079_R2,747,2,10,0.2032,1.6002,1827.21,0.4572,2.54,1807.97,88,89,19.24,0.2032,0.762,1.0668,0.2032,1.3462,2.032,1.4224,1,300,1,2,4,300,300.0,0,6,0.127,0.0,1.961978795922098,1.8637439309089647,1811.4243999999999,-1511.4243999999999,3.0,3.0,3.657600000000002,3.0
B00079,B00079_R2,748,3,10,0.2032,1.6002,1827.21,0.4572,2.54,1807.97,88,89,19.24,1.6764,0.7112,1.0668,0.7112,2.8702,3.556,1.1176,3,300,1,3,3,300,300.0,0,6,0.381,0.381,0.9655341526844091,0.9655341526844091,1812.6436,-1512.6436,2.0,4.0,2.438399999999774,4.0
B00079,B00079_R1,749,4,10,0.2032,1.6002,1827.21,0.4572,2.54,1807.97,88,89,19.24,0.2032,1.143,1.9812,0.2032,0.9652,1.651,2.7178,1,300,0,3,1,300,300.0,0,4,0.127,0.0,2.345604380949879,2.2611707144751367,1830.893,-1530.893,2.0,3.0,0.4572000000000571,3.0
B00079,B00079_R2,750,5,10,0.2032,1.6002,1827.21,0.4572,2.54,1807.97,88,89,19.24,1.9812,0.7112,1.0668,2.54,3.175,3.8608,3.2512,3,300,1,4,2,300,300.0,0,6,1.4812976320966196,0.381,1.5735392047833012,0.7935213670721161,1815.0819999999999,-1515.0819999999999,1.0,5.0,0.0,5.0
B00079,B00079_R1,751,6,10,0.2032,1.6002,1827.21,0.4572,2.54,1807.97,88,89,19.24,0.2032,0.762,1.0668,0.7112,1.3462,2.032,1.4224,1,300,0,2,2,300,300.0,0,4,1.4879442931652067,0.3048000000000002,1.300310288342423,0.8650928273890611,1829.9786,-1529.9786,4.0,1.0,1.3716000000001713,1.0
B00079,B00079_R2,752,7,10,0.2032,1.6002,1827.21,0.4572,2.54,1807.97,88,89,19.24,1.0668,2.54,0.2032,1.9812,1.8034,1.1176,1.4224,2,300,1,5,1,300,300.0,0,6,1.6676863915940117,0.3048000000000002,1.231268161379122,0.0,1810.51,-1510.51,4.0,2.0,4.571999999999889,2.0
B00079,B00079_R2,753,8,10,0.2032,1.6002,1827.21,0.4572,2.54,1807.97,88,89,19.24,0.4572,2.54,0.2032,1.9812,1.1938,0.0,0.8128,2,300,1,1,5,300,300.0,0,6,1.6402002731042837,0.6095999999999999,1.3602518057491237,0.6138187354586042,1808.7828,-1508.7828,5.0,1.0,6.299199999999928,1.0
B00079,B00079_R2,754,9,10,0.2032,1.6002,1827.21,0.4572,2.54,1807.97,88,89,19.24,0.2032,1.143,2.286,0.2032,0.9652,1.651,3.0226,1,300,1,6,0,300,300.0,0,6,1.6808125097330788,0.6095999999999999,1.4432123790475793,0.8382000000000001,1812.6436,-1512.6436,2.0,4.0,2.438399999999774,4.0
B00079,B00079_R1,755,10,10,0.2032,1.6002,1827.21,0.4572,2.54,1807.97,88,89,19.24,0.2032,1.143,1.9812,2.54,0.9652,1.651,3.175,1,300,0,4,0,300,300.0,0,4,1.361628563898502,0.381,1.8290965525734522,0.5924247125162825,1831.3502,-1531.3502,1.0,4.0,0.0,4.0
B00080,B00080_R2,756,1,10,1.9812,2.54,1883.22,2.286,0.2032,1876.68,91,93,6.54,1.9812,0.2032,0.2032,1.6002,2.9464,0.8128,3.175,2,300,1,1,4,300,300.0,0,5,2.1856699460057643,1.8637439309089647,1.2032231289907107,0.5611043396731128,1880.6678,-1580.6678,5.0,1.0,1.7526000000000295,1.0
B00080,B00080_R1,757,2,10,1.9812,2.54,1883.22,2.286,0.2032,1876.68,91,93,6.54,0.762,2.54,0.762,0.7112,1.7272,3.8608,2.9464,3,300,0,2,3,300,300.0,0,5,1.7200233951197723,1.0286216019508825,1.6734482204336016,0.8382000000000001,1887.8936,-1587.8936,4.0,1.0,2.1335999999998876,1.0
B00080,B00080_R1,758,3,10,1.9812,2.54,1883.22,2.286,0.2032,1876.68,91,93,6.54,1.0668,0.2032,0.2032,1.6002,3.2512,1.7272,2.2606,2,300,0,3,2,300,300.0,0,5,1.5940663890518119,0.0,1.6171700814019736,0.7902625386540855,1888.7318,-1588.7318,2.0,3.0,1.2953999999999724,3.0
B00080,B00080_R2,759,4,10,1.9812,2.54,1883.22,2.286,0.2032,1876.68,91,93,6.54,1.6764,0.2032,1.0668,2.54,3.2512,1.1176,2.9464,3,300,1,5,0,300,300.0,0,5,1.5940663890518119,0.0,1.6171700814019736,0.7902625386540855,1880.7440000000001,-1580.7440000000001,4.0,2.0,1.6763999999998305,2.0
B00080,B00080_R2,760,5,10,1.9812,2.54,1883.22,2.286,0.2032,1876.68,91,93,6.54,0.2032,1.143,1.9812,0.7112,3.175,3.0226,2.7178,1,300,1,4,1,300,300.0,0,5,1.9069194154899205,1.0286216019508825,1.363142864247528,1.046036022324279,1882.4204,-1582.4204,1.0,5.0,0.0,5.0
B00080,B00080_R1,761,6,10,1.9812,2.54,1883.22,2.286,0.2032,1876.68,91,93,6.54,2.54,1.143,0.2032,1.9812,1.9558,1.1938,3.175,2,300,0,1,4,300,300.0,0,5,1.3182552291097995,0.3048000000000002,1.4266897653322759,0.45720000000000005,1888.3508,-1588.3508,3.0,2.0,1.6764000000000578,2.0
B00080,B00080_R2,762,7,10,1.9812,2.54,1883.22,2.286,0.2032,1876.68,91,93,6.54,2.54,1.143,0.2032,1.9812,1.9558,1.1938,3.175,2,300,1,3,2,300,300.0,0,5,1.2260480307156154,0.3048000000000002,2.039651059057019,1.6423805770892446,1881.0488,-1581.0488,3.0,3.0,1.371599999999944,3.0
B00080,B00080_R1,763,8,10,1.9812,2.54,1883.22,2.286,0.2032,1876.68,91,93,6.54,2.54,1.143,0.2032,1.9812,1.9558,1.1938,3.175,2,300,0,5,0,300,300.0,0,5,1.6190837514027145,0.381,0.8963358421249799,0.508,1888.3508,-1588.3508,3.0,2.0,1.6764000000000578,2.0
B00080,B00080_R1,764,9,10,1.9812,2.54,1883.22,2.286,0.2032,1876.68,91,93,6.54,0.2032,0.762,1.6764,2.032,3.556,2.6416,3.2512,1,300,0,4,1,300,300.0,0,5,1.76854275638346,1.0933807571015688,1.7202244918849072,0.8382000000000001,1890.0272,-1590.0272,1.0,4.0,0.0,4.0
B00080,B00080_R2,765,10,10,1.9812,2.54,1883.22,2.286,0.2032,1876.68,91,93,6.54,0.2032,0.762,2.54,0.762,3.556,2.6416,2.9464,1,300,1,2,3,300,300.0,0,5,1.5470047843141992,0.381,1.1418850512887215,0.381,1882.268,-1582.268,2.0,4.0,0.15239999999994325,4.0
B00081,B00081_R1,766,1,10,0.2032,1.9812,1924.41,1.0668,2.54,1915.75,92,95,8.66,1.0668,0.7112,0.2032,1.9812,2.6416,2.9464,2.6416,2,300,0,2,3,300,300.0,0,5,1.0547756454834591,0.8650928273890611,1.7195306404277075,0.8382000000000001,1929.6932,-1629.6932,3.0,3.0,1.8288000000002285,3.0
B00081,B00081_R1,767,2,10,0.2032,1.9812,1924.41,1.0668,2.54,1915.75,92,95,8.66,2.54,0.762,1.0668,2.54,3.556,3.2512,3.2512,3,300,0,4,1,300,300.0,0,5,1.684909001520849,0.5611043396731128,1.8731192259706937,1.6423805770892446,1931.2172,-1631.2172,2.0,4.0,0.30480000000011387,4.0
B00081,B00081_R2,768,3,10,0.2032,1.9812,1924.41,1.0668,2.54,1915.75,92,95,8.66,0.2032,0.762,1.9812,2.032,1.7272,2.6416,3.556,1,300,1,3,2,300,300.0,0,5,1.3404045984075599,0.381,0.8385024386361938,0.0,1921.9476,-1621.9476,3.0,3.0,0.3047999999998865,3.0
B00081,B00081_R2,769,4,10,0.2032,1.9812,1924.41,1.0668,2.54,1915.75,92,95,8.66,0.2032,0.762,2.286,2.54,1.7272,2.6416,3.8608,1,300,1,5,0,300,300.0,0,5,1.2709779094502536,0.5611043396731128,1.5572348839994072,0.8382000000000001,1922.2523999999999,-1622.2523999999999,1.0,5.0,0.0,5.0
B00081,B00081_R2,770,5,10,0.2032,1.9812,1924.41,1.0668,2.54,1915.75,92,95,8.66,1.9812,0.7112,0.2032,1.6002,3.556,3.2512,3.175,2,300,1,4,1,300,300.0,0,5,1.3859679872802624,0.381,2.146628389417627,1.7960512242138307,1922.1761999999999,-1622.1761999999999,2.0,4.0,0.07619999999997162,4.0
B00081,B00081_R1,771,6,10,0.2032,1.9812,1924.41,1.0668,2.54,1915.75,92,95,8.66,0.2032,0.762,1.0668,0.7112,1.7272,2.6416,1.4224,1,300,0,1,4,300,300.0,0,5,0.9891221334310065,0.0,1.730733668837919,1.2192,1927.5596,-1627.5596,5.0,1.0,3.962400000000116,1.0
B00081,B00081_R1,772,7,10,0.2032,1.9812,1924.41,1.0668,2.54,1915.75,92,95,8.66,1.9812,0.7112,0.2032,1.9812,3.556,3.2512,3.556,2,300,0,5,0,300,300.0,0,5,0.9891221334310065,0.0,2.2471989668863372,1.6064370513655368,1931.5220000000002,-1631.5220000000002,1.0,5.0,0.0,5.0
B00081,B00081_R2,773,8,10,0.2032,1.9812,1924.41,1.0668,2.54,1915.75,92,95,8.66,0.762,0.2032,0.2032,1.6002,2.3368,3.2512,1.9558,2,300,1,2,3,300,300.0,0,5,1.668934655849624,1.3208,0.9718020342139597,0.7061930897424584,1920.9569999999999,-1620.9569999999999,4.0,2.0,1.2953999999999724,2.0
B00081,B00081_R2,774,9,10,0.2032,1.9812,1924.41,1.0668,2.54,1915.75,92,95,8.66,0.762,2.032,0.2032,1.9812,1.1176,0.8128,1.1176,2,300,1,1,4,300,300.0,0,5,1.1825312693270427,0.7902625386540855,1.0926143804349429,0.7061930897424584,1917.6804,-1617.6804,5.0,1.0,4.571999999999889,1.0
B00081,B00081_R1,775,10,10,0.2032,1.9812,1924.41,1.0668,2.54,1915.75,92,95,8.66,0.2032,1.143,2.286,2.54,1.3462,2.2606,3.4798,1,300,0,3,2,300,300.0,0,5,1.6003220871434163,1.3875004288287625,1.6217836371844478,1.2192,1929.236,-1629.236,4.0,2.0,2.286000000000058,2.0
B00082,B00082_R1,776,1,9,0.2032,1.9812,2006.37,2.286,2.54,1995.3,96,98,11.07,0.4572,0.2032,2.54,0.762,2.032,4.1656,2.6416,3,300,0,4,0,300,300.0,0,4,1.0272211633840354,0.6138187354586042,2.2861968726096094,2.184990617828827,2011.0435999999997,-1711.0435999999997,1.0,4.0,0.0,4.0
B00082,B00082_R2,777,2,9,0.2032,1.9812,2006.37,2.286,2.54,1995.3,96,98,11.07,0.4572,0.2032,0.2032,1.9812,2.032,4.1656,2.032,2,300,1,2,3,300,300.0,0,5,1.5430089589641407,1.3875004288287625,1.0321010552374557,0.8382000000000001,2001.4976,-1701.4976,2.0,2.0,0.30480000000011387,2.0
B00082,B00082_R2,778,3,9,0.2032,1.9812,2006.37,2.286,2.54,1995.3,96,98,11.07,0.2032,1.143,1.9812,0.2032,1.3462,3.4798,2.7178,1,300,1,3,2,300,300.0,0,5,0.6671063880957888,0.0,1.08050881602122,0.0,2001.4976,-1701.4976,2.0,2.0,0.30480000000011387,2.0
B00082,B00082_R2,779,4,9,0.2032,1.9812,2006.37,2.286,2.54,1995.3,96,98,11.07,1.0668,0.7112,1.0668,2.032,2.6416,3.556,2.9464,3,300,1,4,1,300,300.0,0,5,0.6671063880957888,0.0,1.6613549704405874,0.5924247125162825,2001.8024,-1701.8024,1.0,3.0,0.0,3.0
B00082,B00082_R1,780,5,9,0.2032,1.9812,2006.37,2.286,2.54,1995.3,96,98,11.07,0.762,2.032,0.2032,1.6002,1.1176,2.032,1.4986,2,300,0,2,2,300,300.0,0,4,1.2563930485254389,0.7935213670721161,1.4236974027254283,0.8382000000000001,2008.9861999999998,-1708.9861999999998,4.0,1.0,2.057399999999916,1.0
B00082,B00082_R1,781,6,9,0.2032,1.9812,2006.37,2.286,2.54,1995.3,96,98,11.07,0.2032,0.762,0.762,2.032,1.7272,3.8608,2.3368,1,300,0,1,3,300,300.0,0,4,1.0689633904596598,0.0,1.4186282519636282,1.0460360223242793,2010.434,-1710.434,3.0,2.0,0.609599999999773,2.0
B00082,B00082_R2,782,7,9,0.2032,1.9812,2006.37,2.286,2.54,1995.3,96,98,11.07,0.2032,1.143,2.54,0.762,1.3462,3.4798,2.7178,1,300,1,5,0,300,300.0,0,5,1.0649417543112776,0.7935213670721161,1.531796563349233,1.2394054865135946,2001.4976,-1701.4976,2.0,2.0,0.30480000000011387,2.0
B00082,B00082_R1,783,8,9,0.2032,1.9812,2006.37,2.286,2.54,1995.3,96,98,11.07,0.2032,0.762,1.0668,2.54,1.7272,3.8608,2.6416,1,300,0,3,1,300,300.0,0,4,1.0689633904596598,0.0,1.5947975426330656,0.381,2010.7387999999999,-1710.7387999999999,2.0,3.0,0.3047999999998865,3.0
B00082,B00082_R2,784,9,9,0.2032,1.9812,2006.37,2.286,2.54,1995.3,96,98,11.07,2.54,1.143,2.54,0.762,3.175,1.651,0.889,3,300,1,1,4,300,300.0,0,5,2.1234473383813395,1.5351773448041761,2.0914615587705447,1.474075601860366,1997.84,-1697.84,3.0,1.0,3.962400000000116,1.0
B00083,B00083_R1,785,1,9,2.54,0.762,1952.08,2.54,0.762,1965.47,93,96,-13.39,0.2032,1.143,1.9812,0.7112,2.7178,2.7178,2.7178,1,300,0,3,2,300,300.0,0,5,1.7321469485507857,0.381,0.8837390019250579,0.0,1957.5155999999997,-1657.5155999999997,2.0,4.0,1.0668000000002849,4.0
B00083,B00083_R2,786,2,9,2.54,0.762,1952.08,2.54,0.762,1965.47,93,96,-13.39,0.2032,1.143,1.6764,2.032,2.7178,2.7178,2.8702,1,300,1,4,0,300,300.0,0,4,1.3411594348967388,0.7061930897424584,1.5033265155791047,0.45720000000000005,1971.058,-1671.058,1.0,4.0,0.0,4.0
B00083,B00083_R1,787,3,9,2.54,0.762,1952.08,2.54,0.762,1965.47,93,96,-13.39,1.9812,0.7112,0.2032,1.6002,1.1176,1.1176,3.175,2,300,0,2,3,300,300.0,0,5,1.5927313582047753,0.45720000000000005,1.3690552291097995,0.508,1956.3726,-1656.3726,3.0,3.0,2.2098000000000866,3.0
B00083,B00083_R2,788,4,9,2.54,0.762,1952.08,2.54,0.762,1965.47,93,96,-13.39,2.54,1.143,0.762,0.2032,0.889,0.889,2.7178,3,300,1,1,3,300,300.0,0,4,1.466962288573094,0.45720000000000005,1.425423904340847,0.6138187354586042,1969.0767999999998,-1669.0767999999998,4.0,1.0,1.9812000000001717,1.0
B00083,B00083_R1,789,5,9,2.54,0.762,1952.08,2.54,0.762,1965.47,93,96,-13.39,2.54,1.6002,1.9812,0.2032,1.3462,1.3462,1.9558,3,300,0,1,4,300,300.0,0,5,1.7524909123942956,0.381,1.2662237183640916,0.7061930897424584,1955.3819999999998,-1655.3819999999998,5.0,1.0,3.2004000000001724,1.0
B00083,B00083_R2,790,6,9,2.54,0.762,1952.08,2.54,0.762,1965.47,93,96,-13.39,0.2032,0.762,0.762,0.2032,2.9464,2.9464,1.1176,1,300,1,2,2,300,300.0,0,4,1.0329333333333335,0.381,1.7098349458099895,1.2394054865135946,1969.534,-1669.534,3.0,2.0,1.5239999999998872,2.0
B00083,B00083_R2,791,7,9,2.54,0.762,1952.08,2.54,0.762,1965.47,93,96,-13.39,0.2032,0.762,0.762,2.032,2.9464,2.9464,2.3368,1,300,1,3,1,300,300.0,0,4,2.357370709699945,2.3368,0.8913019448032466,0.7902625386540855,1970.7532,-1670.7532,2.0,3.0,0.3047999999998865,3.0
B00083,B00083_R1,792,8,9,2.54,0.762,1952.08,2.54,0.762,1965.47,93,96,-13.39,2.54,1.143,0.4572,0.2032,0.889,0.889,3.0226,3,300,0,4,1,300,300.0,0,5,0.9162186881833057,0.0,1.2982465080614396,0.7902625386540855,1955.9915999999998,-1655.9915999999998,4.0,2.0,2.590800000000172,2.0
B00083,B00083_R1,793,9,9,2.54,0.762,1952.08,2.54,0.762,1965.47,93,96,-13.39,0.2032,0.762,1.9812,2.032,2.9464,2.9464,3.556,1,300,0,5,0,300,300.0,0,5,0.9162186881833057,0.0,1.4751340708475567,1.0500373517165948,1958.5824,-1658.5824,1.0,5.0,0.0,5.0
B00084,B00084_R1,794,1,9,1.9812,2.032,2006.18,1.6764,2.032,2020.58,96,98,-14.4,0.4572,2.54,0.2032,1.9812,2.032,1.7272,0.8128,2,300,0,3,2,300,300.0,0,5,1.560573651751025,1.4199031657123664,1.1685813915602945,0.8382000000000001,2009.0248,-1709.0248,4.0,2.0,4.572000000000116,2.0
B00084,B00084_R1,795,2,9,1.9812,2.032,2006.18,1.6764,2.032,2020.58,96,98,-14.4,0.2032,1.143,0.4572,2.54,3.175,2.8702,1.651,1,300,0,2,3,300,300.0,0,5,0.9471918994274199,0.0,1.2055978603229334,0.0,2011.006,-1711.006,3.0,3.0,2.5907999999999447,3.0
B00084,B00084_R1,796,3,9,1.9812,2.032,2006.18,1.6764,2.032,2020.58,96,98,-14.4,0.2032,1.143,1.6764,2.54,3.175,2.8702,2.8702,1,300,0,4,1,300,300.0,0,5,0.9471918994274199,0.0,1.537725991292308,0.5924247125162826,2012.2252,-1712.2252,2.0,4.0,1.371599999999944,4.0
B00084,B00084_R2,797,4,9,1.9812,2.032,2006.18,1.6764,2.032,2020.58,96,98,-14.4,0.2032,0.762,0.4572,0.2032,3.556,3.2512,0.8128,1,300,1,2,2,300,300.0,0,4,1.1857604605106644,0.381,1.8592663888215792,0.5924247125162825,2024.6439999999998,-1724.6439999999998,3.0,2.0,2.36220000000003,2.0
B00084,B00084_R2,798,5,9,1.9812,2.032,2006.18,1.6764,2.032,2020.58,96,98,-14.4,0.2032,0.762,2.54,1.6002,3.556,3.2512,3.175,1,300,1,3,1,300,300.0,0,4,1.9417891332972474,1.6064370513655368,2.3872941214837335,2.3368,2027.0061999999998,-1727.0061999999998,1.0,4.0,0.0,4.0
B00084,B00084_R1,799,6,9,1.9812,2.032,2006.18,1.6764,2.032,2020.58,96,98,-14.4,0.2032,0.762,2.286,2.54,3.556,3.2512,3.8608,1,300,0,5,0,300,300.0,0,5,0.9877065235422259,0.0,1.2290149182311672,0.6138187354586042,2013.5968,-1713.5968,1.0,5.0,0.0,5.0
B00084,B00084_R1,800,7,9,1.9812,2.032,2006.18,1.6764,2.032,2020.58,96,98,-14.4,1.9812,2.032,2.54,1.143,0.0,0.8128,1.9558,3,300,0,1,4,300,300.0,0,5,0.9877065235422259,0.0,1.984881442587352,1.6423805770892448,2008.1358,-1708.1358,5.0,1.0,5.461000000000013,1.0
B00084,B00084_R2,801,8,9,1.9812,2.032,2006.18,1.6764,2.032,2020.58,96,98,-14.4,0.762,2.032,0.2032,1.6002,1.7272,1.4224,1.4986,2,300,1,1,3,300,300.0,0,4,1.6065538054277777,1.3875004288287625,1.2355509996708949,0.8382000000000001,2023.5009999999997,-1723.5009999999997,4.0,1.0,3.505200000000059,1.0
B00084,B00084_R2,802,9,9,1.9812,2.032,2006.18,1.6764,2.032,2020.58,96,98,-14.4,1.6764,0.2032,1.9812,2.032,3.2512,2.9464,3.2512,3,300,1,4,0,300,300.0,0,4,1.731966280740546,1.5756191417979153,1.8630604118858847,1.2192,2026.7776,-1726.7776,2.0,3.0,0.22859999999991487,3.0
B00085,B00085_R1,803,1,9,2.286,2.54,1986.22,1.9812,2.032,1993.43,96,97,-7.21,1.0668,0.2032,2.54,1.6002,3.556,3.2512,2.8702,3,300,0,3,2,300,300.0,0,5,1.1987486060409547,0.6095999999999999,1.6789401370798802,1.4199031657123664,1992.6462000000001,-1692.6462000000001,1.0,4.0,0.0,4.0
B00085,B00085_R2,804,2,9,2.286,2.54,1986.22,1.9812,2.032,1993.43,96,97,-7.21,1.6764,0.2032,0.2032,1.9812,2.9464,3.2512,3.2512,2,300,1,4,0,300,300.0,0,4,1.307060135061496,0.6096000000000001,1.5691684089483926,0.5924247125162825,1999.9324,-1699.9324,2.0,3.0,2.2737367544323206e-13,3.0
B00085,B00085_R1,805,3,9,2.286,2.54,1986.22,1.9812,2.032,1993.43,96,97,-7.21,2.286,0.2032,1.0668,2.032,2.3368,2.6416,3.556,3,300,0,1,4,300,300.0,0,5,0.9321337229896063,0.0,1.9536042042902508,0.7902625386540855,1992.1128,-1692.1128,3.0,2.0,0.5334000000000287,2.0
B00085,B00085_R2,806,4,9,2.286,2.54,1986.22,1.9812,2.032,1993.43,96,97,-7.21,1.9812,0.2032,0.2032,1.9812,2.6416,2.9464,3.556,2,300,1,2,2,300,300.0,0,4,0.9321337229896063,0.0,1.9536042042902508,0.7902625386540855,1999.9324000000001,-1699.9324000000001,1.0,4.0,0.0,4.0
B00085,B00085_R1,807,5,9,2.286,2.54,1986.22,1.9812,2.032,1993.43,96,97,-7.21,1.6764,0.2032,0.2032,1.9812,2.9464,3.2512,3.2512,2,300,0,4,1,300,300.0,0,5,2.5412761870816634,2.356594424163819,2.0527017491249078,1.6423805770892446,1992.4176,-1692.4176,2.0,3.0,0.22860000000014224,3.0
B00085,B00085_R1,808,6,9,2.286,2.54,1986.22,1.9812,2.032,1993.43,96,97,-7.21,1.6764,0.2032,0.2032,1.9812,2.9464,3.2512,3.2512,2,300,0,5,0,300,300.0,0,5,1.0903314747212731,0.3048000000000002,2.11828380432535,1.8637439309089647,1992.4176,-1692.4176,2.0,3.0,0.22860000000014224,3.0
B00085,B00085_R2,809,7,9,2.286,2.54,1986.22,1.9812,2.032,1993.43,96,97,-7.21,1.9812,2.54,2.54,1.9812,0.8128,0.508,1.1176,3,300,1,1,3,300,300.0,0,4,1.1853333333333336,0.3048000000000002,2.049801984238984,1.8637439309089647,1995.0556000000001,-1695.0556000000001,4.0,1.0,4.876800000000003,1.0
B00085,B00085_R2,810,8,9,2.286,2.54,1986.22,1.9812,2.032,1993.43,96,97,-7.21,1.0668,0.2032,0.2032,1.9812,3.556,3.2512,2.6416,2,300,1,3,1,300,300.0,0,4,2.400909772040748,2.3368,2.049801984238984,1.8637439309089647,1999.3228,-1699.3228,3.0,2.0,0.6096000000002277,2.0
B00085,B00085_R1,811,9,9,2.286,2.54,1986.22,1.9812,2.032,1993.43,96,97,-7.21,0.762,2.54,0.2032,1.6002,2.032,1.7272,1.4986,2,300,0,2,3,300,300.0,0,5,1.3444449639861418,0.6095999999999999,2.229080632816198,1.8637439309089647,1989.7505999999998,-1689.7505999999998,4.0,1.0,2.895600000000286,1.0
B00086,B00086_R2,812,1,9,0.2032,1.9812,1997.65,0.2032,1.9812,1975.7,96,96,21.95,0.2032,0.762,1.9812,0.7112,1.7272,1.7272,2.3368,1,300,1,1,4,300,300.0,0,5,1.1778208462180286,0.7902625386540855,1.1627804636795498,0.5611043396731128,1979.7640000000001,-1679.7640000000001,4.0,2.0,2.6669999999999163,2.0
B00086,B00086_R1,813,2,9,0.2032,1.9812,1997.65,0.2032,1.9812,1975.7,96,96,21.95,0.762,0.2032,0.762,0.7112,2.3368,2.3368,0.508,3,300,0,1,3,300,300.0,0,4,1.328419501373993,0.30479999999999996,1.824044350026717,1.0933807571015688,2000.4948000000002,-1700.4948000000002,4.0,1.0,4.2672000000000025,1.0
B00086,B00086_R1,814,3,9,0.2032,1.9812,1997.65,0.2032,1.9812,1975.7,96,96,21.95,2.286,0.2032,2.54,1.143,3.8608,3.8608,1.1938,3,300,0,2,2,300,300.0,0,4,1.6034883245616764,0.7902625386540855,1.960256692252582,1.8288,2002.7046,-1702.7046,3.0,2.0,2.0574000000001433,2.0
B00086,B00086_R2,815,4,9,0.2032,1.9812,1997.65,0.2032,1.9812,1975.7,96,96,21.95,0.2032,0.762,2.286,2.54,1.7272,1.7272,3.8608,1,300,1,4,1,300,300.0,0,5,1.1292479769696548,0.30479999999999996,1.9404787292026315,1.2192,1981.288,-1681.288,3.0,3.0,1.143000000000029,3.0
B00086,B00086_R2,816,5,9,0.2032,1.9812,1997.65,0.2032,1.9812,1975.7,96,96,21.95,1.6764,0.7112,0.762,2.54,3.2512,3.2512,3.2512,3,300,1,5,0,300,300.0,0,5,0.9084502920253861,0.0,0.9783018245319755,0.0,1982.2024,-1682.2024,2.0,4.0,0.22860000000014224,4.0
B00086,B00086_R2,817,6,9,0.2032,1.9812,1997.65,0.2032,1.9812,1975.7,96,96,21.95,1.9812,0.7112,0.2032,1.6002,3.556,3.556,3.175,2,300,1,2,3,300,300.0,0,5,0.9084502920253861,0.0,2.2570407897393725,1.8540260192348974,1982.431,-1682.431,1.0,5.0,0.0,5.0
B00086,B00086_R2,818,7,9,0.2032,1.9812,1997.65,0.2032,1.9812,1975.7,96,96,21.95,0.2032,1.143,0.762,2.032,1.3462,1.3462,1.9558,1,300,1,3,2,300,300.0,0,5,1.197032137131227,0.3048000000000002,1.8575117416135396,1.5046150471133806,1979.002,-1679.002,5.0,1.0,3.4290000000000873,1.0
B00086,B00086_R1,819,8,9,0.2032,1.9812,1997.65,0.2032,1.9812,1975.7,96,96,21.95,0.2032,0.762,1.9812,2.032,1.7272,1.7272,3.556,1,300,0,4,0,300,300.0,0,4,1.4229832160922702,0.3048000000000002,0.9635627046827746,0.45720000000000005,2002.9332000000002,-1702.9332000000002,2.0,3.0,1.828800000000001,3.0
B00086,B00086_R1,820,9,9,0.2032,1.9812,1997.65,0.2032,1.9812,1975.7,96,96,21.95,1.9812,0.2032,0.2032,1.9812,3.556,3.556,3.556,2,300,0,3,1,300,300.0,0,4,1.0317147691727249,0.381,1.5447313499848003,1.3875004288287625,2004.7620000000002,-1704.7620000000002,1.0,4.0,0.0,4.0
B00087,B00087_R2,821,1,9,1.9812,2.032,2054.67,0.762,2.54,2064.06,98,99,-9.39,1.9812,0.2032,2.286,2.54,2.9464,3.556,2.6416,3,300,1,3,1,300,300.0,0,4,1.2930013770848625,0.381,1.1466624188645467,0.0,2070.2576,-1770.2576,2.0,3.0,0.3047999999998865,3.0
B00087,B00087_R2,822,2,9,1.9812,2.032,2054.67,0.762,2.54,2064.06,98,99,-9.39,0.2032,1.143,0.762,0.7112,3.175,1.9558,1.4986,1,300,1,2,2,300,300.0,0,4,1.0825132366661354,0.0,1.3691313193296382,0.8382000000000001,2067.5144,-1767.5144,3.0,2.0,3.0479999999997744,2.0
B00087,B00087_R2,823,3,9,1.9812,2.032,2054.67,0.762,2.54,2064.06,98,99,-9.39,1.0668,2.032,0.2032,1.9812,1.4224,0.8128,1.4224,2,300,1,1,3,300,300.0,0,4,1.0825132366661354,0.0,1.2466251235473214,0.0,2066.2952,-1766.2952,4.0,1.0,4.267199999999775,1.0
B00087,B00087_R1,824,4,9,1.9812,2.032,2054.67,0.762,2.54,2064.06,98,99,-9.39,0.2032,1.143,1.6764,2.032,3.175,1.9558,2.8702,1,300,0,4,1,300,300.0,0,5,1.5768251235473214,1.3208,1.1841754093655492,0.45720000000000005,2060.7152,-1760.7152,3.0,3.0,0.4572000000002845,3.0
B00087,B00087_R1,825,5,9,1.9812,2.032,2054.67,0.762,2.54,2064.06,98,99,-9.39,1.6764,0.7112,0.2032,1.9812,3.2512,3.2512,3.2512,2,300,0,3,2,300,300.0,0,5,1.3185502197947296,0.381,1.1480596942955483,0.508,2061.1724000000004,-1761.1724000000004,1.0,5.0,0.0,5.0
B00087,B00087_R1,826,6,9,1.9812,2.032,2054.67,0.762,2.54,2064.06,98,99,-9.39,1.6764,0.7112,1.6764,2.032,3.2512,3.2512,2.9464,3,300,0,5,0,300,300.0,0,5,1.3519189290181572,0.0,2.0617716151829453,1.3208,2060.8676,-1760.8676,2.0,4.0,0.30480000000034124,4.0
B00087,B00087_R1,827,7,9,1.9812,2.032,2054.67,0.762,2.54,2064.06,98,99,-9.39,1.6764,2.032,0.2032,1.6002,0.8128,1.4224,2.413,2,300,0,1,4,300,300.0,0,5,1.7538659811236412,1.2394054865135946,1.3323710229717454,1.3208,2057.8958000000002,-1757.8958000000002,5.0,1.0,3.276600000000144,1.0
B00087,B00087_R2,828,8,9,1.9812,2.032,2054.67,0.762,2.54,2064.06,98,99,-9.39,1.9812,0.2032,1.9812,2.032,2.9464,3.556,2.9464,3,300,1,4,0,300,300.0,0,4,1.77624220125507,1.2394054865135946,1.9557144759329088,0.8382000000000001,2070.5624,-1770.5623999999998,1.0,4.0,0.0,4.0
B00087,B00087_R1,829,9,9,1.9812,2.032,2054.67,0.762,2.54,2064.06,98,99,-9.39,0.2032,0.762,1.6764,0.2032,3.556,2.3368,2.032,1,300,0,2,3,300,300.0,0,5,1.3519189290181572,0.0,1.5770214773324376,0.9144000000000001,2060.2580000000003,-1760.2580000000003,4.0,2.0,0.9144000000001142,2.0
B00088,B00088_R2,830,1,9,1.6764,2.032,2084.72,1.9812,2.032,2089.12,99,100,-4.4,2.54,1.143,0.762,2.54,2.2606,1.9558,3.175,3,300,1,4,0,300,300.0,0,4,1.5595287212680105,1.2394054865135946,1.8429021256218807,0.0,2094.2508000000003,-1794.2508000000003,2.0,3.0,1.0667999999996027,3.0
B00088,B00088_R1,831,2,9,1.6764,2.032,2084.72,1.9812,2.032,2089.12,99,100,-4.4,1.0668,2.032,2.54,1.6002,1.1176,1.4224,2.413,3,300,0,1,4,300,300.0,0,5,2.2266964618229244,1.5351773448041761,0.9202093295991938,0.45720000000000005,2088.2506,-1788.2505999999998,5.0,1.0,2.9718000000002576,1.0
B00088,B00088_R1,832,3,9,1.6764,2.032,2084.72,1.9812,2.032,2089.12,99,100,-4.4,2.54,1.6002,0.2032,1.6002,1.8034,1.4986,2.3368,2,300,0,2,3,300,300.0,0,5,1.2533020865900797,0.381,1.373432257234589,0.6095999999999999,2088.8601999999996,-1788.8601999999996,4.0,2.0,2.3622000000004846,2.0
B00088,B00088_R1,833,4,9,1.6764,2.032,2084.72,1.9812,2.032,2089.12,99,100,-4.4,0.2032,0.762,1.6764,2.032,3.2512,3.556,3.2512,1,300,0,5,0,300,300.0,0,5,1.2437577394960606,0.381,1.374318650240892,0.6095999999999999,2091.2224,-1791.2224,1.0,5.0,0.0,5.0
B00088,B00088_R1,834,5,9,1.6764,2.032,2084.72,1.9812,2.032,2089.12,99,100,-4.4,0.2032,1.143,1.0668,0.2032,2.8702,3.175,1.8034,1,300,0,3,2,300,300.0,0,5,1.5057457569091237,0.6138187354586042,1.3225372229847445,0.8382000000000001,2089.3935999999994,-1789.3935999999994,3.0,3.0,1.8288000000006832,3.0
B00088,B00088_R2,835,6,9,1.6764,2.032,2084.72,1.9812,2.032,2089.12,99,100,-4.4,2.54,1.143,0.2032,1.6002,2.2606,1.9558,2.794,2,300,1,3,1,300,300.0,0,4,1.0686186881833057,0.0,1.996219525431022,1.8637439309089647,2093.8698,-1793.8698,3.0,2.0,1.4477999999999156,2.0
B00088,B00088_R2,836,7,9,1.6764,2.032,2084.72,1.9812,2.032,2089.12,99,100,-4.4,0.2032,0.762,2.286,0.2032,3.2512,3.556,2.6416,1,300,1,2,2,300,300.0,0,4,1.0686186881833057,0.0,1.8623207089554452,0.8382000000000001,2095.3176,-1795.3175999999999,1.0,4.0,0.0,4.0
B00088,B00088_R1,837,8,9,1.6764,2.032,2084.72,1.9812,2.032,2089.12,99,100,-4.4,0.4572,0.2032,0.2032,1.9812,3.556,3.8608,2.032,2,300,0,4,1,300,300.0,0,5,2.4570146909939456,2.367656064549917,1.247696680840763,0.9735194091542294,2090.308,-1790.308,2.0,4.0,0.9144000000001142,4.0
B00088,B00088_R2,838,9,9,1.6764,2.032,2084.72,1.9812,2.032,2089.12,99,100,-4.4,2.54,1.9812,0.2032,1.6002,1.4224,1.1176,2.7178,2,300,1,1,3,300,300.0,0,4,1.4373773146273343,0.8382000000000001,1.8668040415442793,0.8382000000000001,2092.9554,-1792.9553999999998,4.0,1.0,2.36220000000003,1.0
B00089,B00089_R2,839,1,10,1.6764,2.032,2141.2,0.762,2.54,2135.31,103,102,5.89,0.2032,1.143,1.6764,2.032,2.8702,1.9558,2.8702,1,300,1,3,1,300,300.0,0,4,1.4044260370864392,0.381,1.6723372564194843,0.9655341526844093,2140.136,-1840.136,2.0,3.0,1.9050000000002,3.0
B00089,B00089_R2,840,2,10,1.6764,2.032,2141.2,0.762,2.54,2135.31,103,102,5.89,1.9812,2.54,1.9812,0.7112,0.8128,1.7272,2.9464,3,300,1,4,0,300,300.0,0,4,1.0448740936051233,0.6095999999999999,1.201807653645587,0.6138187354586042,2139.9835999999996,-1839.9835999999996,3.0,2.0,2.057400000000598,2.0
B00089,B00089_R1,841,3,10,1.6764,2.032,2141.2,0.762,2.54,2135.31,103,102,5.89,0.2032,1.143,2.54,1.6002,2.8702,1.9558,2.794,1,300,0,6,0,300,300.0,0,6,1.5876206326430125,0.5924247125162826,0.9539261813285629,0.45720000000000005,2146.8641999999995,-1846.8641999999995,1.0,6.0,0.0,6.0
B00089,B00089_R2,842,4,10,1.6764,2.032,2141.2,0.762,2.54,2135.31,103,102,5.89,0.762,2.032,1.9812,0.2032,1.4224,0.508,3.556,3,300,1,1,3,300,300.0,0,4,1.6344760411374017,0.381,0.9334151563907884,0.3048,2139.374,-1839.3739999999998,4.0,1.0,2.667000000000371,1.0
B00089,B00089_R1,843,5,10,1.6764,2.032,2141.2,0.762,2.54,2135.31,103,102,5.89,1.0668,2.032,0.2032,1.9812,1.1176,0.8128,1.4224,2,300,0,2,4,300,300.0,0,6,1.3708551513996627,0.7935213670721161,1.2854383214438383,0.5611043396731128,2143.74,-1843.7399999999998,5.0,2.0,3.124199999999746,2.0
B00089,B00089_R1,844,6,10,1.6764,2.032,2141.2,0.762,2.54,2135.31,103,102,5.89,1.9812,2.54,0.2032,1.6002,0.8128,1.7272,2.7178,2,300,0,5,1,300,300.0,0,6,1.2377050413411137,0.5924247125162826,0.9229540936051233,0.0,2144.7306,-1844.7305999999999,4.0,3.0,2.13359999999966,3.0
B00089,B00089_R1,845,7,10,1.6764,2.032,2141.2,0.762,2.54,2135.31,103,102,5.89,0.2032,0.762,0.762,2.54,3.2512,2.3368,2.3368,1,300,0,4,2,300,300.0,0,6,1.8929547102472164,1.0500373517165948,1.0142107682106365,0.5924247125162826,2146.788,-1846.788,2.0,5.0,0.07619999999951688,5.0
B00089,B00089_R1,846,8,10,1.6764,2.032,2141.2,0.762,2.54,2135.31,103,102,5.89,0.4572,2.54,0.762,0.7112,1.7272,0.8128,2.6416,3,300,0,3,3,300,300.0,0,6,1.8152382151280337,1.3208,1.3960911874919921,0.5611043396731128,2145.5687999999996,-1845.5687999999996,3.0,4.0,1.2953999999999724,4.0
B00089,B00089_R2,847,9,10,1.6764,2.032,2141.2,0.762,2.54,2135.31,103,102,5.89,2.54,0.762,0.2032,1.6002,2.6416,3.556,3.175,2,300,1,2,2,300,300.0,0,4,1.5186093231818074,1.0500373517165948,1.7127195890275833,0.7902625386540855,2142.041,-1842.0410000000002,1.0,4.0,0.0,4.0
B00089,B00089_R1,848,10,10,1.6764,2.032,2141.2,0.762,2.54,2135.31,103,102,5.89,1.6764,2.032,1.0668,2.032,0.0,1.4224,1.1176,3,300,0,1,5,300,300.0,0,6,2.138796871095903,1.8637439309089647,1.0581631060570411,0.45720000000000005,2142.3176,-1842.3175999999999,6.0,1.0,4.546599999999671,1.0
B00090,B00090_R2,849,1,9,2.54,1.6002,2158.52,1.9812,0.7112,2151.75,105,102,6.77,1.0668,0.7112,1.0668,2.54,2.8702,1.4224,2.9464,3,300,1,1,4,300,300.0,0,5,1.5822233198908118,0.6138187354586042,2.452719501573674,2.367656064549917,2156.1187999999997,-1856.1187999999997,5.0,1.0,1.2192000000000007,1.0
B00090,B00090_R1,850,2,9,2.54,1.6002,2158.52,1.9812,0.7112,2151.75,105,102,6.77,2.286,2.54,0.2032,1.6002,1.1938,2.6416,3.0226,2,300,0,3,1,300,300.0,0,4,1.2096899865574784,0.6138187354586042,0.8032899865574783,0.0,2162.7364,-1862.7363999999998,2.0,3.0,0.9144000000001142,3.0
B00090,B00090_R1,851,3,9,2.54,1.6002,2158.52,1.9812,0.7112,2151.75,105,102,6.77,2.54,0.762,2.54,1.9812,1.3462,1.1176,1.7272,3,300,0,1,3,300,300.0,0,4,1.5822233198908118,0.6138187354586042,2.3784166973523946,2.28501200872118,2161.5933999999997,-1861.5933999999997,4.0,1.0,2.0574000000001433,1.0
B00090,B00090_R2,852,4,9,2.54,1.6002,2158.52,1.9812,0.7112,2151.75,105,102,6.77,1.6764,2.54,0.4572,2.54,1.8034,3.2512,1.7272,3,300,1,4,1,300,300.0,0,5,1.2096899865574784,0.6138187354586042,2.510227568234304,2.1564585041219786,2156.7284,-1856.7284,4.0,2.0,0.609599999999773,2.0
B00090,B00090_R2,853,5,9,2.54,1.6002,2158.52,1.9812,0.7112,2151.75,105,102,6.77,0.2032,1.143,1.6764,2.032,2.794,2.7178,2.8702,1,300,1,3,2,300,300.0,0,5,1.6667770724453101,0.9655341526844091,0.9568999297217899,0.0,2157.3379999999997,-1857.3379999999997,1.0,5.0,0.0,5.0
B00090,B00090_R2,854,6,9,2.54,1.6002,2158.52,1.9812,0.7112,2151.75,105,102,6.77,2.54,1.9812,0.2032,1.9812,0.889,2.3368,2.9464,2,300,1,5,0,300,300.0,0,5,1.399049765650553,0.6095999999999999,1.5284215328682471,0.6095999999999999,2157.0332,-1857.0331999999999,2.0,4.0,0.3047999999998865,4.0
B00090,B00090_R1,855,7,9,2.54,1.6002,2158.52,1.9812,0.7112,2151.75,105,102,6.77,2.286,0.2032,0.2032,1.6002,1.651,0.8128,3.4798,2,300,0,4,0,300,300.0,0,4,1.7801874368931063,0.9655341526844091,0.9053262036225137,0.508,2163.6508,-1863.6508,1.0,4.0,0.0,4.0
B00090,B00090_R1,856,8,9,2.54,1.6002,2158.52,1.9812,0.7112,2151.75,105,102,6.77,2.54,1.9812,0.2032,1.9812,0.889,2.3368,2.9464,2,300,0,2,2,300,300.0,0,4,1.7579681094982682,1.0286216019508827,1.2445620839661062,0.8382000000000001,2162.3554,-1862.3554,3.0,2.0,1.2953999999999724,2.0
B00090,B00090_R2,857,9,9,2.54,1.6002,2158.52,1.9812,0.7112,2151.75,105,102,6.77,1.0668,2.54,0.2032,1.6002,2.413,3.2512,1.8034,2,300,1,2,3,300,300.0,0,5,1.41409992972179,0.6095999999999999,1.4529250820614261,0.45720000000000005,2156.8046,-1856.8046,3.0,3.0,0.5333999999998014,3.0
B00091,B00091_R2,858,1,9,0.2032,1.6002,2167.35,0.2032,1.9812,2140.33,104,102,27.02,2.286,2.54,0.762,0.7112,3.0226,2.6416,3.8608,3,300,1,3,2,300,300.0,0,5,1.1478753441962135,0.0,1.1867395784862014,0.6095999999999999,2146.8324,-1846.8323999999998,1.0,5.0,0.0,5.0
B00091,B00091_R2,859,2,9,0.2032,1.6002,2167.35,0.2032,1.9812,2140.33,104,102,27.02,1.0668,0.7112,0.2032,1.6002,2.2606,2.6416,2.2606,2,300,1,4,1,300,300.0,0,5,1.1478753441962135,0.0,1.151366662081158,0.8382000000000001,2145.2322,-1845.2322,2.0,4.0,1.6001999999998588,4.0
B00091,B00091_R1,860,3,9,0.2032,1.6002,2167.35,0.2032,1.9812,2140.33,104,102,27.02,1.0668,0.2032,0.4572,0.2032,2.2606,2.6416,1.1176,3,300,0,2,2,300,300.0,0,4,2.208686695163115,1.7960512242138307,1.954177872971435,1.7474387771821938,2170.7282,-1870.7282,3.0,1.0,1.2953999999999724,1.0
B00091,B00091_R2,861,4,9,0.2032,1.6002,2167.35,0.2032,1.9812,2140.33,104,102,27.02,1.6764,2.032,0.2032,1.6002,2.413,2.032,2.413,2,300,1,5,0,300,300.0,0,5,1.2844314760385318,1.0286216019508825,1.2849773146273342,0.6095999999999999,2144.775,-1844.775,3.0,3.0,2.0573999999996886,3.0
B00091,B00091_R2,862,5,9,0.2032,1.6002,2167.35,0.2032,1.9812,2140.33,104,102,27.02,1.9812,2.032,2.286,2.54,2.7178,2.3368,0.8128,3,300,1,2,3,300,300.0,0,5,1.297581797119196,0.5924247125162825,1.2573811355704192,0.30479999999999996,2143.4796,-1843.4796000000001,4.0,2.0,3.352799999999661,2.0
B00091,B00091_R1,863,6,9,0.2032,1.6002,2167.35,0.2032,1.9812,2140.33,104,102,27.02,1.0668,0.2032,0.2032,1.6002,2.2606,2.6416,2.2606,2,300,0,3,1,300,300.0,0,4,1.6536461994581244,1.3555130689152355,1.5890160437886345,0.7061930897424584,2171.8712,-1871.8712,2.0,2.0,0.15239999999994325,2.0
B00091,B00091_R1,864,7,9,0.2032,1.6002,2167.35,0.2032,1.9812,2140.33,104,102,27.02,0.4572,2.54,2.54,1.143,1.1938,0.8128,3.4798,3,300,0,4,0,300,300.0,0,4,0.8668529967752485,0.3048000000000002,1.5150730792159892,0.7061930897424584,2172.0236,-1872.0236,1.0,3.0,0.0,3.0
B00091,B00091_R2,865,8,9,0.2032,1.6002,2167.35,0.2032,1.9812,2140.33,104,102,27.02,0.762,2.032,0.2032,1.9812,1.4986,1.1176,1.1176,2,300,1,1,4,300,300.0,0,5,0.9307154409704548,0.3048000000000002,1.1494756189901252,0.0,2142.5652,-1842.5652,5.0,1.0,4.267199999999775,1.0
B00091,B00091_R1,866,9,9,0.2032,1.6002,2167.35,0.2032,1.9812,2140.33,104,102,27.02,0.2032,0.762,1.6764,0.2032,1.3462,1.7272,2.032,1,300,0,1,3,300,300.0,0,4,1.273887530070193,0.9143999999999999,1.7362668160847874,1.4740756018603658,2170.7282,-1870.7282,3.0,1.0,1.2953999999999724,1.0
B00092,B00092_R2,867,1,10,2.54,1.143,2132.5,0.2032,1.6002,2129.89,103,102,2.61,0.2032,1.143,1.0668,0.7112,2.3368,0.9652,1.8034,1,300,1,1,4,300,300.0,0,5,1.345953002180295,0.381,1.3216091043495466,0.0,2132.6585999999998,-1832.6585999999998,5.0,1.0,2.0574000000001433,1.0
B00092,B00092_R2,868,2,10,2.54,1.143,2132.5,0.2032,1.6002,2129.89,103,102,2.61,0.2032,1.143,2.286,2.54,2.3368,0.9652,3.4798,1,300,1,5,0,300,300.0,0,5,1.226278642167974,0.0,1.3022480307156155,0.6096000000000001,2134.335,-1834.335,4.0,2.0,0.3809999999998581,2.0
B00092,B00092_R1,869,3,10,2.54,1.143,2132.5,0.2032,1.6002,2129.89,103,102,2.61,0.2032,1.143,2.286,0.2032,2.3368,0.9652,3.0226,1,300,0,2,3,300,300.0,0,5,1.226278642167974,0.0,2.0991660650949884,1.6423805770892448,2137.8594,-1837.8593999999998,2.0,4.0,0.6096000000002277,4.0
B00092,B00092_R2,870,4,10,2.54,1.143,2132.5,0.2032,1.6002,2129.89,103,102,2.61,1.0668,0.7112,0.2032,1.6002,2.413,2.2606,2.2606,2,300,1,2,3,300,300.0,0,5,1.8928621065298417,0.9735194091542294,1.8555640161374796,0.381,2134.4112,-1834.4112,3.0,3.0,0.3047999999998865,3.0
B00092,B00092_R2,871,5,10,2.54,1.143,2132.5,0.2032,1.6002,2129.89,103,102,2.61,0.2032,0.762,1.6764,2.032,2.7178,1.3462,3.2512,1,300,1,3,2,300,300.0,0,5,2.0114078845635164,0.9735194091542294,1.1603801053462544,0.45720000000000005,2134.4874,-1834.4874,2.0,4.0,0.22859999999991487,4.0
B00092,B00092_R1,872,6,10,2.54,1.143,2132.5,0.2032,1.6002,2129.89,103,102,2.61,0.2032,0.762,1.6764,0.2032,2.7178,1.3462,2.032,1,300,0,4,1,300,300.0,0,5,0.7667962428538769,0.0,0.8213294000255869,0.0,2137.2498,-1837.2498,3.0,3.0,1.2192000000000007,3.0
B00092,B00092_R1,873,7,10,2.54,1.143,2132.5,0.2032,1.6002,2129.89,103,102,2.61,0.2032,0.762,1.6764,2.54,2.7178,1.3462,3.2512,1,300,0,5,0,300,300.0,0,5,0.7667962428538769,0.0,2.0594695256697277,0.7935213670721163,2138.469,-1838.469,1.0,5.0,0.0,5.0
B00092,B00092_R1,874,8,10,2.54,1.143,2132.5,0.2032,1.6002,2129.89,103,102,2.61,2.286,0.2032,2.54,0.762,1.1938,3.4798,0.8128,3,300,0,3,2,300,300.0,0,5,1.062712938196689,0.8650928273890611,0.8219443362010439,0.45720000000000005,2134.5066,-1834.5066000000002,5.0,1.0,3.9623999999998887,1.0
B00092,B00092_R2,875,9,10,2.54,1.143,2132.5,0.2032,1.6002,2129.89,103,102,2.61,1.6764,2.032,0.2032,1.6002,2.2606,2.413,2.413,2,300,1,4,1,300,300.0,0,5,0.893035625711812,0.381,1.2239980643727686,0.0,2134.716,-1834.716,1.0,5.0,0.0,5.0
B00092,B00092_R1,876,10,10,2.54,1.143,2132.5,0.2032,1.6002,2129.89,103,102,2.61,2.54,1.143,0.2032,1.6002,0.0,2.794,2.794,2,300,0,1,4,300,300.0,0,5,1.7102604832373154,1.4546906200288774,0.7480013716283987,0.45720000000000005,2135.294,-1835.2939999999999,4.0,2.0,3.175000000000182,2.0
B00093,B00093_R1,877,1,9,1.6764,2.54,2149.53,2.286,2.54,2155.94,104,104,-6.41,0.4572,2.54,0.2032,1.6002,1.7272,2.3368,1.1938,2,300,0,3,2,300,300.0,0,5,1.6185026905156226,1.2191999999999998,1.0760548385678597,0.45720000000000005,2152.451,-1852.451,4.0,2.0,3.4290000000000873,2.0
B00093,B00093_R1,878,2,9,1.6764,2.54,2149.53,2.286,2.54,2155.94,104,104,-6.41,1.0668,0.2032,0.2032,1.9812,2.9464,3.556,2.6416,2,300,0,4,1,300,300.0,0,5,1.8456693172600553,1.276334203882353,0.96645946931413,0.6138187354586042,2155.118,-1855.118,2.0,4.0,0.762000000000171,4.0
B00093,B00093_R1,879,3,9,1.6764,2.54,2149.53,2.286,2.54,2155.94,104,104,-6.41,1.6764,2.54,0.2032,1.6002,0.0,1.1176,2.413,2,300,0,1,4,300,300.0,0,5,1.9236776071657817,1.2191999999999998,0.8825749965608687,0.45720000000000005,2151.943,-1851.9430000000002,5.0,1.0,3.936999999999898,1.0
B00093,B00093_R1,880,4,9,1.6764,2.54,2149.53,2.286,2.54,2155.94,104,104,-6.41,0.2032,1.143,2.286,2.54,2.8702,3.4798,3.4798,1,300,0,5,0,300,300.0,0,5,1.181622592151851,0.0,1.895513091316755,0.6096000000000001,2155.88,-1855.88,1.0,5.0,0.0,5.0
B00093,B00093_R2,881,5,9,1.6764,2.54,2149.53,2.286,2.54,2155.94,104,104,-6.41,1.6764,2.54,0.2032,1.9812,0.0,1.1176,2.032,2,300,1,1,3,300,300.0,0,4,1.181622592151851,0.0,1.263526899087531,0.0,2159.0896000000002,-1859.0896000000002,4.0,1.0,4.571999999999662,1.0
B00093,B00093_R2,882,6,9,1.6764,2.54,2149.53,2.286,2.54,2155.94,104,104,-6.41,0.2032,0.762,2.286,2.54,3.2512,3.8608,3.8608,1,300,1,4,0,300,300.0,0,4,1.8718711521784346,1.276334203882353,1.4750186881833056,0.8382000000000001,2163.6616,-1863.6616,1.0,4.0,0.0,4.0
B00093,B00093_R2,883,7,9,1.6764,2.54,2149.53,2.286,2.54,2155.94,104,104,-6.41,0.2032,1.143,2.54,1.9812,2.8702,3.4798,3.175,1,300,1,2,2,300,300.0,0,4,1.7242027574754506,0.381,1.3636799435130822,0.6096000000000001,2162.5948000000003,-1862.5948000000003,2.0,3.0,1.0667999999996027,3.0
B00093,B00093_R2,884,8,9,1.6764,2.54,2149.53,2.286,2.54,2155.94,104,104,-6.41,2.54,1.6002,0.2032,1.6002,1.8034,1.1938,2.3368,2,300,1,3,1,300,300.0,0,4,1.5974530204430344,0.381,1.348451181944295,0.381,2159.4706,-1859.4706,3.0,2.0,4.1909999999998035,2.0
B00093,B00093_R1,885,9,9,1.6764,2.54,2149.53,2.286,2.54,2155.94,104,104,-6.41,0.2032,1.143,0.4572,2.54,2.8702,3.4798,1.651,1,300,0,2,3,300,300.0,0,5,2.046674094994953,1.276334203882353,1.0142795923940646,0.45720000000000005,2154.0512,-1854.0511999999999,3.0,3.0,1.8288000000002285,3.0
B00094,B00094_R1,886,1,9,2.286,2.54,2220.47,2.286,2.54,2188.89,108,106,31.58,0.2032,0.762,1.0668,2.54,3.8608,3.8608,2.6416,1,300,0,3,0,300,300.0,0,3,0.1905,0.0,1.8095081726284832,1.6423805770892446,2226.9723999999997,-1926.9723999999997,1.0,3.0,0.0,3.0
B00094,B00094_R2,887,2,9,2.286,2.54,2220.47,2.286,2.54,2188.89,108,106,31.58,0.2032,0.762,0.762,2.032,3.8608,3.8608,2.3368,1,300,1,6,0,300,300.0,0,6,0.1905,0.0,1.5046264733322707,1.4740756018603658,2195.0876,-1895.0875999999998,1.0,4.0,0.0,4.0
B00094,B00094_R2,888,3,9,2.286,2.54,2220.47,2.286,2.54,2188.89,108,106,31.58,0.2032,1.143,0.762,0.7112,3.4798,3.4798,1.4986,1,300,1,2,4,300,300.0,0,6,0.381,0.381,0.7902625386540855,0.7902625386540855,2193.8684,-1893.8683999999998,3.0,2.0,1.2192000000000007,2.0
B00094,B00094_R2,889,4,9,2.286,2.54,2220.47,2.286,2.54,2188.89,108,106,31.58,1.0668,0.2032,0.2032,1.9812,3.556,3.556,2.6416,2,300,1,5,1,300,300.0,0,6,0.8559504390528522,0.0,1.331679964420907,1.046036022324279,2195.0876,-1895.0875999999998,1.0,4.0,0.0,4.0
B00094,B00094_R2,890,5,9,2.286,2.54,2220.47,2.286,2.54,2188.89,108,106,31.58,0.762,0.7112,0.2032,1.9812,3.8608,3.8608,2.3368,2,300,1,3,3,300,300.0,0,6,0.9549560585274992,0.381,0.7518587900976632,0.0,2195.0876,-1895.0875999999998,1.0,4.0,0.0,4.0
B00094,B00094_R1,891,6,9,2.286,2.54,2220.47,2.286,2.54,2188.89,108,106,31.58,0.2032,0.762,1.6764,0.7112,3.8608,3.8608,2.032,1,300,0,2,1,300,300.0,0,3,1.2682013101876317,0.5924247125162825,1.2479439141253357,0.8382000000000001,2226.3628,-1926.3627999999999,2.0,2.0,0.609599999999773,2.0
B00094,B00094_R2,892,7,9,2.286,2.54,2220.47,2.286,2.54,2188.89,108,106,31.58,1.6764,2.54,0.2032,1.6002,1.1176,1.1176,2.413,2,300,1,1,5,300,300.0,0,6,0.8930974080461549,0.5611043396731128,1.3657709819931276,0.8382000000000001,2192.4206,-1892.4206,4.0,1.0,2.6669999999999163,1.0
B00094,B00094_R1,893,8,9,2.286,2.54,2220.47,2.286,2.54,2188.89,108,106,31.58,0.2032,1.143,0.762,0.2032,3.4798,3.4798,1.4986,1,300,0,1,2,300,300.0,0,3,2.221594099111356,2.0302529990126845,0.9652035857611679,0.45720000000000005,2225.4483999999998,-1925.4483999999998,3.0,1.0,1.5239999999998872,1.0
B00094,B00094_R2,894,9,9,2.286,2.54,2220.47,2.286,2.54,2188.89,108,106,31.58,0.2032,0.762,1.0668,0.7112,3.8608,3.8608,1.4224,1,300,1,4,2,300,300.0,0,6,0.8559504390528522,0.0,0.9142302883424229,0.30479999999999996,2194.1731999999997,-1894.1731999999997,2.0,3.0,0.9144000000001142,3.0
B00095,B00095_R2,895,1,10,1.0668,2.54,2238.39,0.762,2.032,2270.43,109,110,-32.04,0.2032,1.143,0.762,2.032,2.2606,1.9558,1.9558,1,300,1,4,0,300,300.0,0,4,1.514240123945013,0.6095999999999999,1.9428274279445183,1.2192,2274.3416,-1974.3416000000002,1.0,4.0,0.0,4.0
B00095,B00095_R1,896,2,10,1.0668,2.54,2238.39,0.762,2.032,2270.43,109,110,-32.04,1.6764,2.54,2.286,2.54,1.1176,1.4224,1.1176,3,300,0,2,4,300,300.0,0,6,1.3328681613791222,0.508,1.2208200988378572,0.508,2240.6252,-1940.6252,4.0,3.0,3.9623999999998887,3.0
B00095,B00095_R2,897,3,10,1.0668,2.54,2238.39,0.762,2.032,2270.43,109,110,-32.04,0.2032,1.143,0.762,0.2032,2.2606,1.9558,1.4986,1,300,1,2,2,300,300.0,0,4,1.5353090431567962,0.381,1.3492784852943394,0.0,2273.8844,-1973.8844,2.0,3.0,0.4572000000002845,3.0
B00095,B00095_R2,898,4,10,1.0668,2.54,2238.39,0.762,2.032,2270.43,109,110,-32.04,0.2032,0.762,0.4572,0.2032,2.6416,2.3368,0.8128,1,300,1,3,1,300,300.0,0,4,1.6440936056664124,1.4546906200288774,1.1053467142275717,0.8382000000000001,2273.5796,-1973.5796,3.0,2.0,0.762000000000171,2.0
B00095,B00095_R1,899,5,10,1.0668,2.54,2238.39,0.762,2.032,2270.43,109,110,-32.04,1.0668,2.54,1.6764,2.032,0.0,0.8128,1.1176,3,300,0,1,5,300,300.0,0,6,1.1062850131460429,0.508,1.3213380838413968,0.8382000000000001,2239.5076,-1939.5076,6.0,1.0,5.079999999999927,1.0
B00095,B00095_R2,900,6,10,1.0668,2.54,2238.39,0.762,2.032,2270.43,109,110,-32.04,0.762,2.032,0.2032,1.6002,0.8128,0.0,1.4986,2,300,1,1,3,300,300.0,0,4,1.3656432814839399,0.381,1.6805494799321512,0.7935213670721161,2271.9285999999997,-1971.9285999999997,4.0,1.0,2.4130000000004657,1.0
B00095,B00095_R1,901,7,10,1.0668,2.54,2238.39,0.762,2.032,2270.43,109,110,-32.04,0.2032,0.762,1.6764,0.7112,2.6416,2.3368,2.032,1,300,0,5,1,300,300.0,0,6,0.47701245057219827,0.0,0.8125125935151191,0.0,2243.0636,-1943.0636,2.0,5.0,1.5239999999998872,5.0
B00095,B00095_R1,902,8,10,1.0668,2.54,2238.39,0.762,2.032,2270.43,109,110,-32.04,1.6764,0.7112,0.2032,1.9812,2.9464,3.2512,3.2512,2,300,0,6,0,300,300.0,0,6,0.47701245057219827,0.0,1.237481098585218,0.7902625386540855,2244.5876,-1944.5875999999998,1.0,6.0,0.0,6.0
B00095,B00095_R1,903,9,10,1.0668,2.54,2238.39,0.762,2.032,2270.43,109,110,-32.04,1.0668,2.032,0.2032,1.9812,0.508,0.8128,1.4224,2,300,0,3,3,300,300.0,0,6,0.7165001429429209,0.381,1.267021612514452,0.9735194091542294,2240.3203999999996,-1940.3203999999996,5.0,2.0,4.26720000000023,2.0
B00095,B00095_R1,904,10,10,1.0668,2.54,2238.39,0.762,2.032,2270.43,109,110,-32.04,0.2032,1.143,1.0668,0.2032,2.2606,1.9558,1.8034,1,300,0,4,2,300,300.0,0,6,1.1625250440873174,1.0500373517165948,0.5842,0.45720000000000005,2242.4539999999997,-1942.4539999999997,3.0,4.0,2.133600000000115,4.0
B00096,B00096_R2,905,1,10,0.2032,1.9812,2269.43,0.762,2.032,2254.79,111,111,14.64,2.54,0.762,1.0668,0.7112,3.556,3.556,2.032,3,300,1,4,1,300,300.0,0,5,0.6925693098951458,0.0,1.2450095708989577,0.6096000000000001,2260.378,-1960.3780000000002,2.0,4.0,0.3047999999998865,4.0
B00096,B00096_R1,906,2,10,0.2032,1.9812,2269.43,0.762,2.032,2254.79,111,111,14.64,0.2032,0.762,1.6764,0.2032,1.7272,2.3368,2.032,1,300,0,4,1,300,300.0,0,5,0.6925693098951458,0.0,0.8523312693270427,0.3048,2273.1892,-1973.1891999999998,4.0,2.0,2.4384000000000015,2.0
B00096,B00096_R1,907,3,10,0.2032,1.9812,2269.43,0.762,2.032,2254.79,111,111,14.64,0.2032,0.762,0.762,0.2032,1.7272,2.3368,1.1176,1,300,0,1,4,300,300.0,0,5,0.9175640515939532,0.6138187354586042,1.4740079481817234,0.30479999999999996,2272.2747999999997,-1972.2747999999997,5.0,1.0,3.3528000000001157,1.0
B00096,B00096_R2,908,4,10,0.2032,1.9812,2269.43,0.762,2.032,2254.79,111,111,14.64,1.9812,2.54,2.286,2.54,2.3368,1.7272,0.8128,3,300,1,1,4,300,300.0,0,5,2.074543878091484,1.8288,0.46036405159395316,0.0,2257.33,-1957.33,5.0,1.0,3.3528000000001157,1.0
B00096,B00096_R1,909,5,10,0.2032,1.9812,2269.43,0.762,2.032,2254.79,111,111,14.64,0.4572,0.2032,1.9812,0.2032,2.032,2.6416,2.032,3,300,0,2,3,300,300.0,0,5,0.6925693098951458,0.0,2.4515018421691916,1.7960512242138307,2273.494,-1973.4940000000001,3.0,3.0,2.13359999999966,3.0
B00096,B00096_R2,910,6,10,0.2032,1.9812,2269.43,0.762,2.032,2254.79,111,111,14.64,0.2032,0.762,2.54,1.143,1.7272,2.3368,2.7178,1,300,1,3,2,300,300.0,0,5,2.018287880756148,1.5358075921156271,1.3073842083582017,0.8650928273890611,2259.8446,-1959.8446,3.0,3.0,0.8382000000001426,3.0
B00096,B00096_R2,911,7,10,0.2032,1.9812,2269.43,0.762,2.032,2254.79,111,111,14.64,0.2032,0.762,2.54,1.9812,1.7272,2.3368,3.556,1,300,1,5,0,300,300.0,0,5,1.8712780178059933,0.5924247125162826,2.016639276170952,0.7935213670721163,2260.6828,-1960.6828,1.0,5.0,0.0,5.0
B00096,B00096_R1,912,8,10,0.2032,1.9812,2269.43,0.762,2.032,2254.79,111,111,14.64,2.286,0.2032,0.4572,0.2032,3.8608,3.8608,2.3368,3,300,0,3,2,300,300.0,0,5,1.6990803473393876,0.0,1.373169149544223,0.381,2275.6276,-1975.6275999999998,1.0,5.0,0.0,5.0
B00096,B00096_R2,913,9,10,0.2032,1.9812,2269.43,0.762,2.032,2254.79,111,111,14.64,1.6764,2.032,0.2032,1.6002,2.032,1.4224,2.413,2,300,1,2,3,300,300.0,0,5,1.6990803473393876,0.0,1.3775718274812871,0.7902625386540855,2258.6254,-1958.6254,4.0,2.0,2.0574000000001433,2.0
B00096,B00096_R1,914,10,10,0.2032,1.9812,2269.43,0.762,2.032,2254.79,111,111,14.64,0.2032,0.762,2.54,1.9812,1.7272,2.3368,3.556,1,300,0,5,0,300,300.0,0,5,1.504582913887071,0.5924247125162826,1.542519561803688,0.8382000000000001,2274.7131999999997,-1974.7131999999997,2.0,4.0,0.9144000000001142,4.0
B00097,B00097_R2,915,1,10,2.54,1.9812,2280.16,2.54,1.9812,2260.81,111,110,19.35,1.6764,0.7112,0.2032,1.9812,2.6416,2.6416,3.2512,2,300,1,3,3,300,300.0,0,6,1.2909247123656105,0.0,1.257992814134729,0.5611043396731128,2266.7028,-1966.7028,2.0,5.0,0.762000000000171,5.0
B00097,B00097_R2,916,2,10,2.54,1.9812,2280.16,2.54,1.9812,2260.81,111,110,19.35,2.54,0.762,0.2032,1.9812,1.7272,1.7272,3.556,2,300,1,5,1,300,300.0,0,6,1.2909247123656105,0.0,1.196132322977494,0.7935213670721163,2266.0932,-1966.0931999999998,4.0,3.0,1.3716000000003987,3.0
B00097,B00097_R1,917,3,10,2.54,1.9812,2280.16,2.54,1.9812,2260.81,111,110,19.35,1.6764,2.032,0.762,0.7112,1.4224,1.4224,3.2512,3,300,0,1,3,300,300.0,0,4,2.0039691424664223,1.927724461638644,1.318605325185841,1.046036022324279,2284.8336,-1984.8336,3.0,2.0,2.4384000000000015,2.0
B00097,B00097_R1,918,4,10,2.54,1.9812,2280.16,2.54,1.9812,2260.81,111,110,19.35,1.6764,2.032,1.6764,0.7112,1.4224,1.4224,2.9464,3,300,0,3,1,300,300.0,0,4,2.0155192850127843,1.9450496754581872,0.8212086730782993,0.3048000000000002,2284.5287999999996,-1984.5287999999996,4.0,1.0,2.7432000000003427,1.0
B00097,B00097_R1,919,5,10,2.54,1.9812,2280.16,2.54,1.9812,2260.81,111,110,19.35,2.286,0.2032,0.762,2.54,2.032,2.032,3.8608,3,300,0,4,0,300,300.0,0,4,1.4796698646880464,0.8650928273890613,1.2357907091665772,0.8382000000000001,2286.0528,-1986.0528,2.0,3.0,1.2192000000000007,3.0
B00097,B00097_R2,920,6,10,2.54,1.9812,2280.16,2.54,1.9812,2260.81,111,110,19.35,0.2032,1.143,2.286,2.54,3.175,3.175,3.4798,1,300,1,6,0,300,300.0,0,6,2.055417454935816,0.8650928273890613,1.0976542554818143,0.8382000000000001,2267.4648,-1967.4648000000002,1.0,6.0,0.0,6.0
B00097,B00097_R2,921,7,10,2.54,1.9812,2280.16,2.54,1.9812,2260.81,111,110,19.35,1.0668,2.54,0.2032,1.6002,2.032,2.032,1.8034,2,300,1,1,5,300,300.0,0,6,1.1090427972886676,0.0,1.9917633057245019,1.2192,2264.6454,-1964.6453999999999,6.0,1.0,2.8194000000003143,1.0
B00097,B00097_R2,922,8,10,2.54,1.9812,2280.16,2.54,1.9812,2260.81,111,110,19.35,0.2032,1.143,1.6764,0.7112,3.175,3.175,2.413,1,300,1,2,4,300,300.0,0,6,1.8327784893093289,1.6423805770892446,1.1149665675034373,0.45720000000000005,2266.398,-1966.3980000000001,3.0,4.0,1.0668000000000575,4.0
B00097,B00097_R2,923,9,10,2.54,1.9812,2280.16,2.54,1.9812,2260.81,111,110,19.35,0.2032,1.143,1.0668,0.2032,3.175,3.175,1.8034,1,300,1,4,2,300,300.0,0,6,1.1090427972886676,0.0,1.1726343957272112,0.0,2265.7884,-1965.7884,5.0,2.0,1.6764000000002852,2.0
B00097,B00097_R1,924,10,10,2.54,1.9812,2280.16,2.54,1.9812,2260.81,111,110,19.35,0.2032,0.762,1.9812,2.032,3.556,3.556,3.556,1,300,0,2,2,300,300.0,0,4,1.1090427972886676,0.0,1.4517217833269478,0.7935213670721161,2287.272,-1987.272,1.0,4.0,0.0,4.0
B00098,B00098_R1,925,1,9,0.762,2.54,2334.18,2.286,2.54,2366.72,113,115,-32.54,0.2032,1.143,0.762,0.7112,1.9558,3.4798,1.4986,1,300,0,2,4,300,300.0,0,6,1.1938686284933393,0.0,0.9803658224133475,0.0,2337.6344,-2037.6344,5.0,2.0,3.657600000000002,2.0
B00098,B00098_R1,926,2,9,0.762,2.54,2334.18,2.286,2.54,2366.72,113,115,-32.54,1.9812,0.2032,0.762,2.54,3.556,2.6416,3.556,3,300,0,6,0,300,300.0,0,6,1.6567048801478663,0.3048000000000002,1.4694729972370373,0.0,2341.292,-2041.292,1.0,6.0,0.0,6.0
B00098,B00098_R2,927,3,9,0.762,2.54,2334.18,2.286,2.54,2366.72,113,115,-32.54,1.6764,2.54,1.0668,2.54,1.4224,1.1176,1.1176,3,300,1,1,2,300,300.0,0,3,1.1938686284933393,0.0,1.1215219382929795,0.0,2368.9552,-2068.9552,3.0,1.0,4.267199999999775,1.0
B00098,B00098_R1,928,4,9,0.762,2.54,2334.18,2.286,2.54,2366.72,113,115,-32.54,0.2032,1.143,1.6764,0.2032,1.9558,3.4798,2.413,1,300,0,4,2,300,300.0,0,6,1.9966193860134378,1.5046150471133806,1.5326958639163692,1.0500373517165948,2338.5488,-2038.5488,4.0,3.0,2.743199999999888,3.0
B00098,B00098_R2,929,5,9,0.762,2.54,2334.18,2.286,2.54,2366.72,113,115,-32.54,0.2032,0.762,2.286,0.2032,2.3368,3.8608,2.6416,1,300,1,2,1,300,300.0,0,3,1.1216044403618393,0.7061930897424584,1.4580321012387427,0.7902625386540855,2373.2223999999997,-2073.2223999999997,1.0,3.0,0.0,3.0
B00098,B00098_R2,930,6,9,0.762,2.54,2334.18,2.286,2.54,2366.72,113,115,-32.54,1.9812,0.2032,0.762,2.54,3.556,2.6416,3.556,3,300,1,3,0,300,300.0,0,3,1.4710096937294181,0.3048000000000002,1.2737269362764423,0.7902625386540855,2372.9175999999998,-2072.9175999999998,2.0,2.0,0.3047999999998865,2.0
B00098,B00098_R1,931,7,9,0.762,2.54,2334.18,2.286,2.54,2366.72,113,115,-32.54,0.762,2.54,0.762,2.032,0.0,2.032,0.508,3,300,0,1,5,300,300.0,0,6,2.3328103389020423,2.3090262536402655,2.2429853300630738,1.976635768167722,2334.6879999999996,-2034.6879999999996,6.0,1.0,6.604000000000269,1.0
B00098,B00098_R1,932,8,9,0.762,2.54,2334.18,2.286,2.54,2366.72,113,115,-32.54,0.762,0.7112,0.2032,1.9812,2.9464,3.8608,2.3368,2,300,0,3,3,300,300.0,0,6,2.086385092274615,1.8637439309089647,1.3599022153188787,0.30479999999999996,2339.4631999999997,-2039.4631999999997,3.0,4.0,1.8288000000002285,4.0
B00098,B00098_R1,933,9,9,0.762,2.54,2334.18,2.286,2.54,2366.72,113,115,-32.54,1.6764,0.2032,0.2032,1.9812,3.2512,2.9464,3.2512,2,300,0,5,1,300,300.0,0,6,2.1101691775363918,1.8637439309089647,1.3890719654544823,0.9143999999999999,2340.6824,-2040.6824000000001,2.0,5.0,0.609599999999773,5.0
B00099,B00099_R2,934,1,9,0.762,2.54,2347.79,0.762,2.54,2322.14,114,112,25.65,0.762,2.54,0.2032,1.6002,0.0,0.0,1.4986,2,300,1,1,5,300,300.0,0,6,1.3743280322749585,0.381,1.8363167880509645,1.6423805770892448,2323.6385999999998,-2023.6385999999998,6.0,1.0,5.003799999999956,1.0
B00099,B00099_R1,935,2,9,0.762,2.54,2347.79,0.762,2.54,2322.14,114,112,25.65,0.2032,0.762,1.6764,2.54,2.3368,2.3368,3.2512,1,300,0,3,0,300,300.0,0,3,1.3589000000000002,0.381,2.009543380506372,1.5046150471133806,2353.378,-2053.378,2.0,2.0,0.762000000000171,2.0
B00099,B00099_R2,936,3,9,0.762,2.54,2347.79,0.762,2.54,2322.14,114,112,25.65,0.762,0.7112,1.9812,2.032,2.9464,2.9464,3.556,3,300,1,6,0,300,300.0,0,6,2.352228032274959,2.3368,1.0287000000000002,0.8382000000000001,2328.6423999999997,-2028.6423999999997,1.0,6.0,0.0,6.0
B00099,B00099_R2,937,4,9,0.762,2.54,2347.79,0.762,2.54,2322.14,114,112,25.65,0.762,0.2032,1.6764,0.2032,2.9464,2.9464,1.4224,3,300,1,4,2,300,300.0,0,6,2.176123128961666,1.8288,1.4760098929458887,0.8382000000000001,2326.5087999999996,-2026.5087999999996,5.0,2.0,2.133600000000115,2.0
B00099,B00099_R1,938,5,9,0.762,2.54,2347.79,0.762,2.54,2322.14,114,112,25.65,0.2032,1.143,1.9812,2.54,1.9558,1.9558,3.175,1,300,0,1,2,300,300.0,0,3,1.0369259811828582,0.508,1.8578358323406572,1.3208,2352.9208000000003,-2052.9208000000003,3.0,1.0,1.2192000000000007,1.0
B00099,B00099_R1,939,6,9,0.762,2.54,2347.79,0.762,2.54,2322.14,114,112,25.65,2.54,1.143,0.2032,1.9812,3.175,3.175,3.175,2,300,0,2,1,300,300.0,0,3,1.09976129391261,0.0,1.4148023316063005,0.9143999999999999,2354.1400000000003,-2054.1400000000003,1.0,3.0,0.0,3.0
B00099,B00099_R2,940,7,9,0.762,2.54,2347.79,0.762,2.54,2322.14,114,112,25.65,2.54,0.762,0.762,0.7112,3.556,3.556,2.3368,3,300,1,3,3,300,300.0,0,6,2.0714970283916943,1.7787255662411783,0.6811808679346226,0.0,2328.0328,-2028.0328,2.0,5.0,0.609599999999773,5.0
B00099,B00099_R2,941,8,9,0.762,2.54,2347.79,0.762,2.54,2322.14,114,112,25.65,0.762,0.2032,1.9812,0.7112,2.9464,2.9464,1.7272,3,300,1,5,1,300,300.0,0,6,1.09976129391261,0.0,1.415554792687428,0.5611043396731128,2326.8135999999995,-2026.8135999999995,4.0,3.0,1.8288000000002285,3.0
B00099,B00099_R2,942,9,9,0.762,2.54,2347.79,0.762,2.54,2322.14,114,112,25.65,0.2032,0.762,2.54,0.762,2.3368,2.3368,2.9464,1,300,1,2,4,300,300.0,0,6,1.2684346695780497,0.5611043396731128,1.604137028391694,0.0,2327.4231999999997,-2027.4231999999997,3.0,4.0,1.2192000000000007,4.0
B00100,B00100_R2,943,1,10,1.6764,2.54,2380.95,1.9812,2.032,2395.06,115,117,-14.11,1.0668,2.54,2.286,2.54,1.1176,1.4224,1.7272,3,300,1,3,2,300,300.0,0,5,1.3125003252568923,0.381,1.4052165112848505,0.508,2398.2095999999997,-2098.2095999999997,4.0,1.0,3.048000000000229,1.0
B00100,B00100_R2,944,2,10,1.6764,2.54,2380.95,1.9812,2.032,2395.06,115,117,-14.11,0.2032,0.762,1.0668,2.54,3.2512,3.556,2.6416,1,300,1,2,3,300,300.0,0,5,1.3890389514583088,0.9144000000000001,1.2082262295893724,0.45720000000000005,2401.2576,-2101.2576,1.0,4.0,0.0,4.0
B00100,B00100_R1,945,3,10,1.6764,2.54,2380.95,1.9812,2.032,2395.06,115,117,-14.11,0.2032,0.762,1.0668,2.032,3.2512,3.556,2.6416,1,300,0,4,1,300,300.0,0,5,1.3277027523500657,0.381,1.9412222105235866,1.5046150471133806,2386.8428,-2086.8428,1.0,5.0,0.0,5.0
B00100,B00100_R1,946,4,10,1.6764,2.54,2380.95,1.9812,2.032,2395.06,115,117,-14.11,1.0668,0.2032,0.2032,1.6002,2.9464,3.2512,2.2606,2,300,0,3,2,300,300.0,0,5,1.8246437628240137,0.9144000000000001,1.4326246938438254,0.7935213670721161,2386.1569999999997,-2086.1569999999997,3.0,3.0,0.6858000000001994,3.0
B00100,B00100_R2,947,5,10,1.6764,2.54,2380.95,1.9812,2.032,2395.06,115,117,-14.11,2.54,1.9812,0.2032,1.6002,1.4224,1.1176,2.7178,2,300,1,1,4,300,300.0,0,5,2.1162878093038477,1.6423805770892446,1.098799756563235,0.5924247125162826,2398.8954,-2098.8954,3.0,2.0,2.36220000000003,2.0
B00100,B00100_R2,948,6,10,1.6764,2.54,2380.95,1.9812,2.032,2395.06,115,117,-14.11,0.2032,0.762,2.286,0.2032,3.2512,3.556,2.6416,1,300,1,5,0,300,300.0,0,5,1.8897859192865112,1.5756191417979155,1.877676603642208,0.6138187354586042,2401.2576,-2101.2576,1.0,4.0,0.0,4.0
B00100,B00100_R1,949,7,10,1.6764,2.54,2380.95,1.9812,2.032,2395.06,115,117,-14.11,0.2032,1.143,2.54,1.6002,2.8702,3.175,2.794,1,300,0,5,0,300,300.0,0,5,1.7450059441499106,0.0,1.3956269772445806,0.0,2386.6141999999995,-2086.6141999999995,2.0,4.0,0.22860000000036962,4.0
B00100,B00100_R1,950,8,10,1.6764,2.54,2380.95,1.9812,2.032,2395.06,115,117,-14.11,1.9812,0.2032,1.6764,0.7112,3.2512,2.9464,0.8128,3,300,0,2,3,300,300.0,0,5,1.9213207573904802,0.8382000000000001,1.333460066549693,0.8382000000000001,2385.014,-2085.014,4.0,2.0,1.8287999999997737,2.0
B00100,B00100_R1,951,9,10,1.6764,2.54,2380.95,1.9812,2.032,2395.06,115,117,-14.11,1.0668,2.54,1.6764,0.7112,1.1176,1.4224,2.9464,3,300,0,1,4,300,300.0,0,5,1.7450059441499106,0.0,1.8904402703430103,0.9735194091542294,2385.0139999999997,-2085.0139999999997,5.0,1.0,1.8288000000002285,1.0
B00100,B00100_R2,952,10,10,1.6764,2.54,2380.95,1.9812,2.032,2395.06,115,117,-14.11,2.54,1.143,0.2032,1.6002,2.2606,1.9558,2.794,2,300,1,4,1,300,300.0,0,5,1.9009412820281302,0.8382000000000001,1.3300975671080675,0.8382000000000001,2399.8098,-2099.8098,2.0,3.0,1.4477999999999156,3.0
B00101,B00101_R1,953,1,10,2.54,1.6002,2357.91,2.286,0.2032,2348.56,114,115,9.35,1.9812,2.54,0.2032,1.9812,1.4986,2.6416,2.3368,2,300,0,5,0,300,300.0,0,5,0.8700926786187841,0.0,1.3389876001180037,0.7902625386540855,2361.7454,-2061.7454,2.0,2.0,2.133600000000115,2.0
B00101,B00101_R2,954,2,10,2.54,1.6002,2357.91,2.286,0.2032,2348.56,114,115,9.35,0.4572,0.2032,0.762,0.7112,3.4798,2.3368,0.8128,3,300,1,3,2,300,300.0,0,5,2.072031797634698,1.5046150471133806,1.0586328867178052,0.7902625386540855,2351.7096,-2051.7096,5.0,1.0,1.3715999999994892,1.0
B00101,B00101_R2,955,3,10,2.54,1.6002,2357.91,2.286,0.2032,2348.56,114,115,9.35,2.54,1.6002,0.2032,1.9812,0.0,1.651,2.7178,2,300,1,5,0,300,300.0,0,5,1.2905537617783451,1.2192,1.6073579481817235,0.8382000000000001,2352.9287999999997,-2052.9287999999997,2.0,4.0,0.15239999999994325,4.0
B00101,B00101_R1,956,4,10,2.54,1.6002,2357.91,2.286,0.2032,2348.56,114,115,9.35,0.2032,1.143,2.54,1.9812,2.794,3.0226,3.175,1,300,0,4,1,300,300.0,0,5,0.8700926786187841,0.0,0.9878840665219857,0.5924247125162826,2363.879,-2063.879,1.0,3.0,0.0,3.0
B00101,B00101_R2,957,5,10,2.54,1.6002,2357.91,2.286,0.2032,2348.56,114,115,9.35,0.2032,1.143,0.762,0.2032,2.794,3.0226,1.4986,1,300,1,2,3,300,300.0,0,5,0.8700926786187841,0.0,1.3389876001180039,0.7902625386540855,2353.0811999999996,-2053.0811999999996,1.0,5.0,0.0,5.0
B00101,B00101_R1,958,6,10,2.54,1.6002,2357.91,2.286,0.2032,2348.56,114,115,9.35,0.762,2.54,0.2032,1.9812,2.7178,3.8608,1.1176,2,300,0,3,2,300,300.0,0,5,1.5950676436797577,0.6138187354586042,1.271210898324902,0.5611043396731128,2361.7454,-2061.7454,2.0,2.0,2.133600000000115,2.0
B00101,B00101_R2,959,7,10,2.54,1.6002,2357.91,2.286,0.2032,2348.56,114,115,9.35,0.2032,0.762,1.0668,0.7112,3.175,2.6416,1.4224,1,300,1,4,1,300,300.0,0,5,1.9572021256218806,0.45720000000000005,1.5840083107499794,0.8382000000000001,2352.624,-2052.624,3.0,3.0,0.45719999999982974,3.0
B00101,B00101_R1,960,8,10,2.54,1.6002,2357.91,2.286,0.2032,2348.56,114,115,9.35,1.9812,2.54,1.6764,2.032,1.4986,2.6416,0.8128,3,300,0,1,4,300,300.0,0,5,1.518106367867662,0.381,1.3418323703894717,0.3048,2360.2214,-2060.2214,3.0,1.0,3.657600000000002,1.0
B00101,B00101_R2,961,9,10,2.54,1.6002,2357.91,2.286,0.2032,2348.56,114,115,9.35,2.54,1.143,0.2032,1.6002,0.9652,1.1938,2.794,2,300,1,1,4,300,300.0,0,5,1.4612642046986521,0.381,1.25372092082295,0.7935213670721161,2352.5478,-2052.5478,4.0,2.0,0.5333999999998014,2.0
B00101,B00101_R1,962,10,10,2.54,1.6002,2357.91,2.286,0.2032,2348.56,114,115,9.35,1.9812,2.54,0.2032,1.9812,1.4986,2.6416,2.3368,2,300,0,2,3,300,300.0,0,5,1.8616670183177741,0.45720000000000005,1.2630257914280918,0.45720000000000005,2361.7454,-2061.7454,2.0,2.0,2.133600000000115,2.0
B00102,B00102_R2,963,1,9,0.2032,1.9812,2393.19,0.2032,1.9812,2371.41,115,116,21.78,0.2032,1.143,1.0668,2.54,1.3462,1.3462,2.2606,1,300,1,2,3,300,300.0,0,5,1.8907967723677885,0.7902625386540855,1.270583823858902,0.45720000000000005,2375.0168,-2075.0168,3.0,3.0,3.505200000000059,3.0
B00102,B00102_R1,964,2,9,0.2032,1.9812,2393.19,0.2032,1.9812,2371.41,115,116,21.78,2.54,0.762,0.2032,1.6002,3.556,3.556,3.175,2,300,0,3,1,300,300.0,0,4,2.218272901631582,1.5046150471133806,1.7336509110870744,0.45720000000000005,2399.9210000000003,-2099.9210000000003,1.0,3.0,0.0,3.0
B00102,B00102_R2,965,3,9,0.2032,1.9812,2393.19,0.2032,1.9812,2371.41,115,116,21.78,2.54,0.762,0.2032,1.9812,3.556,3.556,3.556,2,300,1,5,0,300,300.0,0,5,1.9611224466973207,1.5046150471133806,1.1015780841844829,0.0,2378.522,-2078.522,1.0,5.0,0.0,5.0
B00102,B00102_R2,966,4,9,0.2032,1.9812,2393.19,0.2032,1.9812,2371.41,115,116,21.78,0.4572,2.54,0.2032,1.6002,0.8128,0.8128,1.1938,2,300,1,1,4,300,300.0,0,5,1.8123635703215843,0.7902625386540855,1.3443875919625519,0.45720000000000005,2373.4166,-2073.4166,5.0,1.0,5.105399999999918,1.0
B00102,B00102_R1,967,5,9,0.2032,1.9812,2393.19,0.2032,1.9812,2371.41,115,116,21.78,0.762,2.54,0.2032,1.6002,1.1176,1.1176,1.4986,2,300,0,1,3,300,300.0,0,4,1.9227776304566664,1.4199031657123664,0.9582565634100664,0.0,2395.8062,-2095.8062,3.0,1.0,4.114800000000287,1.0
B00102,B00102_R2,968,6,9,0.2032,1.9812,2393.19,0.2032,1.9812,2371.41,115,116,21.78,1.0668,2.54,0.2032,1.9812,1.4224,1.4224,1.4224,2,300,1,3,2,300,300.0,0,5,2.3197296264495195,1.8637439309089647,1.086096067079613,0.6138187354586042,2374.2547999999997,-2074.2547999999997,4.0,2.0,4.26720000000023,2.0
B00102,B00102_R2,969,7,9,0.2032,1.9812,2393.19,0.2032,1.9812,2371.41,115,116,21.78,1.9812,2.54,0.2032,1.9812,2.3368,2.3368,2.3368,2,300,1,4,1,300,300.0,0,5,1.572998855602824,0.6095999999999999,1.556803112774276,0.45720000000000005,2376.0836,-2076.0836,2.0,4.0,2.4384000000000015,4.0
B00102,B00102_R1,970,8,9,0.2032,1.9812,2393.19,0.2032,1.9812,2371.41,115,116,21.78,0.2032,1.143,2.54,0.762,1.3462,1.3462,2.7178,1,300,0,2,2,300,300.0,0,4,1.3688517076823774,0.6095999999999999,1.4878736525623928,0.6138187354586042,2397.254,-2097.254,2.0,2.0,2.667000000000371,2.0
B00102,B00102_R1,971,9,9,0.2032,1.9812,2393.19,0.2032,1.9812,2371.41,115,116,21.78,1.9812,0.2032,0.2032,1.6002,3.556,3.556,3.175,2,300,0,4,0,300,300.0,0,4,1.6408286613460255,0.9144000000000001,1.2790930703228722,0.6138187354586042,2399.9210000000003,-2099.9210000000003,1.0,3.0,0.0,3.0
B00103,B00103_R2,972,1,10,0.2032,1.6002,2448.1,0.2032,1.9812,2438.52,117,119,9.58,0.2032,1.143,0.762,0.2032,0.9652,1.3462,1.4986,1,300,1,2,3,300,300.0,0,5,0.0,0.0,2.3368,2.3368,2441.3648,-2141.3648,4.0,2.0,3.048000000000229,2.0
B00103,B00103_R1,973,2,10,0.2032,1.6002,2448.1,0.2032,1.9812,2438.52,117,119,9.58,0.2032,1.143,2.54,1.143,0.9652,1.3462,2.3368,1,300,0,3,2,300,300.0,0,5,0.0,0.0,2.4825820187860868,2.4825820187860868,2451.402,-2151.402,3.0,2.0,0.8382000000001426,2.0
B00103,B00103_R1,974,3,10,0.2032,1.6002,2448.1,0.2032,1.9812,2438.52,117,119,9.58,0.2032,1.143,2.54,1.9812,0.9652,1.3462,3.175,1,300,0,5,0,300,300.0,0,5,0.0,0.0,2.0110962284286646,2.0110962284286646,2452.2402,-2152.2402,1.0,4.0,0.0,4.0
B00103,B00103_R2,975,4,10,0.2032,1.6002,2448.1,0.2032,1.9812,2438.52,117,119,9.58,0.762,2.032,2.286,0.2032,1.4986,1.1176,3.8608,3,300,1,5,0,300,300.0,0,5,0.0,0.0,0.7061930897424584,0.7061930897424584,2443.4984,-2143.4984,2.0,4.0,0.9144000000001142,4.0
B00103,B00103_R1,976,5,10,0.2032,1.6002,2448.1,0.2032,1.9812,2438.52,117,119,9.58,0.2032,1.143,1.9812,0.2032,0.9652,1.3462,2.7178,1,300,0,4,1,300,300.0,0,5,0.0,0.0,0.7061930897424584,0.7061930897424584,2451.783,-2151.783,2.0,3.0,0.4572000000002845,3.0
B00103,B00103_R2,977,6,10,0.2032,1.6002,2448.1,0.2032,1.9812,2438.52,117,119,9.58,1.0668,0.7112,1.9812,2.032,2.2606,2.6416,3.2512,3,300,1,4,1,300,300.0,0,5,0.8616522140293998,0.381,1.2600718127925918,0.5924247125162825,2444.4128,-2144.4128,1.0,5.0,0.0,5.0
B00103,B00103_R1,978,7,10,0.2032,1.6002,2448.1,0.2032,1.9812,2438.52,117,119,9.58,0.2032,1.143,0.762,0.7112,0.9652,1.3462,1.4986,1,300,0,2,3,300,300.0,0,5,0.9482627123651483,0.0,2.0357086535148765,1.3208,2450.5638,-2150.5638,4.0,1.0,1.6764000000002852,1.0
B00103,B00103_R2,979,8,10,0.2032,1.6002,2448.1,0.2032,1.9812,2438.52,117,119,9.58,0.762,2.032,0.2032,1.6002,1.4986,1.1176,1.4986,2,300,1,1,4,300,300.0,0,5,1.1354132794759852,0.8650928273890611,1.652813762456535,1.2192,2441.1362,-2141.1362,5.0,1.0,3.276600000000144,1.0
B00103,B00103_R1,980,9,10,0.2032,1.6002,2448.1,0.2032,1.9812,2438.52,117,119,9.58,0.2032,1.143,0.762,0.7112,0.9652,1.3462,1.4986,1,300,0,1,4,300,300.0,0,5,0.9482627123651483,0.0,0.8102496440640133,0.45720000000000005,2450.5638,-2150.5638,4.0,1.0,1.6764000000002852,1.0
B00103,B00103_R2,981,10,10,0.2032,1.6002,2448.1,0.2032,1.9812,2438.52,117,119,9.58,0.2032,0.762,1.9812,0.7112,1.3462,1.7272,2.3368,1,300,1,3,2,300,300.0,0,5,1.0052734212616465,0.381,1.5847641784297508,0.9144000000000001,2442.584,-2142.584,3.0,3.0,1.8288000000002285,3.0
B00104,B00104_R2,982,1,10,2.54,1.9812,2523.25,2.286,0.2032,2507.86,120,123,15.39,0.2032,0.762,0.762,2.54,3.556,2.6416,2.3368,1,300,1,5,1,300,300.0,0,6,1.5434680682486557,0.8650928273890611,1.202617490333644,0.0,2512.8384,-2212.8384,4.0,3.0,1.5239999999998872,3.0
B00104,B00104_R2,983,2,10,2.54,1.9812,2523.25,2.286,0.2032,2507.86,120,123,15.39,0.2032,0.762,2.286,2.54,3.556,2.6416,3.8608,1,300,1,6,0,300,300.0,0,6,1.7655378648729183,1.0933807571015688,1.3629005716474196,0.8382000000000001,2514.3624,-2214.3624,1.0,6.0,0.0,6.0
B00104,B00104_R1,984,3,10,2.54,1.9812,2523.25,2.286,0.2032,2507.86,120,123,15.39,1.0668,0.7112,1.9812,2.54,3.2512,1.7272,3.2512,3,300,0,4,0,300,300.0,0,4,1.8841710098755797,1.0933807571015688,1.707554552221848,1.2192,2529.7524000000003,-2229.7524000000003,1.0,4.0,0.0,4.0
B00104,B00104_R2,985,4,10,2.54,1.9812,2523.25,2.286,0.2032,2507.86,120,123,15.39,2.54,0.762,0.2032,1.6002,1.7272,0.8128,3.175,2,300,1,2,4,300,300.0,0,6,1.9540488533581701,0.8650928273890611,1.3006711223761518,1.0460360223242793,2511.8478000000005,-2211.8478000000005,5.0,2.0,2.5145999999995183,2.0
B00104,B00104_R1,986,5,10,2.54,1.9812,2523.25,2.286,0.2032,2507.86,120,123,15.39,2.54,1.6002,0.2032,1.6002,0.889,1.651,2.3368,2,300,0,1,3,300,300.0,0,4,1.2956819519253486,0.0,1.9425931167760269,1.3208,2526.4758,-2226.4758,4.0,1.0,3.276600000000144,1.0
B00104,B00104_R1,987,6,10,2.54,1.9812,2523.25,2.286,0.2032,2507.86,120,123,15.39,1.9812,2.54,0.2032,1.9812,1.1176,2.6416,2.3368,2,300,0,3,1,300,300.0,0,4,1.2956819519253486,0.0,2.0099786090903637,0.5924247125162825,2526.7044,-2226.7044,3.0,2.0,3.048000000000229,2.0
B00104,B00104_R1,988,7,10,2.54,1.9812,2523.25,2.286,0.2032,2507.86,120,123,15.39,0.2032,0.762,1.0668,2.032,3.556,2.6416,2.6416,1,300,0,2,2,300,300.0,0,4,1.8914756190659126,1.0286216019508827,1.1987069461798816,0.45720000000000005,2529.4476,-2229.4476,2.0,3.0,0.30480000000034124,3.0
B00104,B00104_R2,989,8,10,2.54,1.9812,2523.25,2.286,0.2032,2507.86,120,123,15.39,1.6764,0.2032,2.54,0.762,2.6416,1.1176,1.4224,3,300,1,1,5,300,300.0,0,6,1.5562649363927608,1.0286216019508827,1.685751298675736,0.0,2510.4,-2210.4,6.0,1.0,3.9623999999998887,1.0
B00104,B00104_R2,990,9,10,2.54,1.9812,2523.25,2.286,0.2032,2507.86,120,123,15.39,0.2032,1.143,1.9812,2.032,3.175,3.0226,3.175,1,300,1,3,3,300,300.0,0,6,1.3729918547458848,0.381,1.5223015367442627,0.0,2514.0576,-2214.0576,2.0,5.0,0.3047999999998865,5.0
B00104,B00104_R2,991,10,10,2.54,1.9812,2523.25,2.286,0.2032,2507.86,120,123,15.39,1.9812,2.032,0.2032,1.6002,1.1176,2.6416,2.7178,2,300,1,4,2,300,300.0,0,6,1.9198744231437253,1.3875004288287625,1.3292870035597546,0.45720000000000005,2513.2194,-2213.2194,3.0,4.0,1.143000000000029,4.0
B00105,B00105_R1,992,1,10,1.9812,2.54,2590.68,2.286,2.54,2599.23,123,127,-8.55,1.6764,2.54,1.9812,0.7112,0.8128,1.1176,3.2512,3,300,0,1,4,300,300.0,0,5,2.1696396263264752,2.0302529990126845,1.8042036490639508,1.7787255662411783,2594.744,-2294.744,5.0,1.0,2.286000000000058,1.0
B00105,B00105_R1,993,2,10,1.9812,2.54,2590.68,2.286,2.54,2599.23,123,127,-8.55,0.2032,1.143,1.0668,2.032,3.175,3.4798,2.2606,1,300,0,4,1,300,300.0,0,5,0.6980632497531711,0.0,1.276135509454241,0.7935213670721161,2596.1156,-2296.1156,3.0,3.0,0.9144000000001142,3.0
B00105,B00105_R2,994,3,10,1.9812,2.54,2590.68,2.286,2.54,2599.23,123,127,-8.55,1.6764,0.2032,0.2032,1.6002,3.2512,2.9464,2.8702,2,300,1,2,3,300,300.0,0,5,0.7677565634100665,0.0,1.5933075728671793,1.4740756018603658,2605.0465999999997,-2305.0465999999997,3.0,3.0,1.6002000000003136,3.0
B00105,B00105_R2,995,4,10,1.9812,2.54,2590.68,2.286,2.54,2599.23,123,127,-8.55,0.2032,1.143,0.4572,2.54,3.175,3.4798,1.651,1,300,1,3,2,300,300.0,0,5,0.7677565634100665,0.0,1.371589736203912,0.7902625386540855,2604.3608,-2304.3608,4.0,2.0,2.286000000000058,2.0
B00105,B00105_R1,996,5,10,1.9812,2.54,2590.68,2.286,2.54,2599.23,123,127,-8.55,0.2032,0.762,1.6764,0.7112,3.556,3.8608,2.032,1,300,0,3,2,300,300.0,0,5,0.6980632497531711,0.0,2.1956668771252437,1.0286216019508827,2596.268,-2296.268,2.0,4.0,0.762000000000171,4.0
B00105,B00105_R2,997,6,10,1.9812,2.54,2590.68,2.286,2.54,2599.23,123,127,-8.55,0.762,0.2032,2.54,1.9812,3.556,3.8608,3.556,3,300,1,5,0,300,300.0,0,5,1.5595193885910967,0.9143999999999999,0.988548097979389,0.45720000000000005,2606.6468,-2306.6468,1.0,5.0,0.0,5.0
B00105,B00105_R2,998,7,10,1.9812,2.54,2590.68,2.286,2.54,2599.23,123,127,-8.55,0.2032,1.143,2.54,0.762,3.175,3.4798,2.7178,1,300,1,4,1,300,300.0,0,5,1.140367588253715,0.0,1.933257383439547,1.3208,2605.4276,-2305.4276,2.0,4.0,1.2192000000000007,4.0
B00105,B00105_R2,999,8,10,1.9812,2.54,2590.68,2.286,2.54,2599.23,123,127,-8.55,1.6764,2.032,1.9812,0.7112,0.8128,1.1176,3.2512,3,300,1,1,4,300,300.0,0,5,1.2864555182072364,0.9143999999999999,1.9517231582822392,0.8650928273890613,2603.5988,-2303.5988,5.0,1.0,3.0479999999997744,1.0
B00105,B00105_R1,1000,9,10,1.9812,2.54,2590.68,2.286,2.54,2599.23,123,127,-8.55,0.2032,0.762,0.762,0.2032,3.556,3.8608,1.1176,1,300,0,2,3,300,300.0,0,5,1.140367588253715,0.0,1.6989572973813478,1.0286216019508827,2595.3536,-2295.3536,4.0,2.0,1.6764000000002852,2.0
B00105,B00105_R1,1001,10,10,1.9812,2.54,2590.68,2.286,2.54,2599.23,123,127,-8.55,0.2032,1.143,2.54,1.9812,3.175,3.4798,3.175,1,300,0,5,0,300,300.0,0,5,1.8286905490220011,1.7206508187310985,1.3931470440724325,0.5924247125162826,2597.03,-2297.03,1.0,5.0,0.0,5.0
