batch_id,group_id,task_id,task_pl_node,task_dl_node,batch_position,batch_size,r1_next_x,r1_next_y,r1_tuf,r2_next_x,r2_next_y,r2_tuf,r1_queue_length,r2_queue_length,tuf_difference,task_pl_x,task_pl_y,task_dl_x,task_dl_y,r1_dist_to_pickup,r2_dist_to_pickup,task_dist_to_dropoff,task_type,pickup_time,dropoff_time,deadline,assigned_robot,sequence_rank,group_size,avg_pickup_distance_to_others,nearest_pickup_distance,avg_dropoff_to_pickup_distance,nearest_dropoff_to_pickup_distance,assigned_robot_tuf,other_robot_tuf,assigned_robot_queue_length,other_robot_queue_length,assigned_robot_dist_to_pickup,other_robot_dist_to_pickup,assigned_queue_minus_other_queue,assigned_tuf_minus_other_tuf,pickup_distance_advantage,total_direct_task_distance,total_direct_task_time,estimated_completion_time,deadline_margin,deadline_margin_difference,estimated_lateness_if_next,deadline_margin_ratio,urgency_per_meter,queue_context_load,best_successor_distance,average_successor_distance,best_predecessor_distance,average_predecessor_distance,best_successor_time,average_successor_time,best_predecessor_time,average_predecessor_time,current_base_to_pickup,current_base_to_pickup_time,finish_if_next,finish_if_last,remaining_queue_time_after_task,future_transition_cost,predecessor_transition_cost,finish_position_span,rank_label
B00001,B00001_R1,1,Yellow_1,Gate_4,1,1,1.3716,0.2032,0.0,1.3716,2.54,0.0,0,0,0.0,0.4572,0.2032,0.2032,1.9812,1.4224,3.2512,2.032,2,3,3,300,0,1,1,0.0,0.0,0.0,0.0,0.0,0.0,0,0,1.4224,3.2512,0,0.0,1.8287999999999998,3.4544,19.635968894327558,19.635968894327558,280.36403110567244,0.0,0.0,0.9345467703522414,86.84576192681797,0.0,0.0,0.0,0.0,0.0,0.0,0.0,0.0,0.0,1.4224,5.614810721193701,19.635968894327558,14.021158173133857,0.0,0.0,0.0,-5.614810721193701,0
B00002,B00002_R2,2,Gate_1,Orange_7,1,1,0.2032,1.9812,10.02,1.3716,2.54,0.0,1,0,10.02,0.2032,0.762,2.54,1.6002,1.7272,2.9464,3.175,1,3,3,300,1,1,1,0.0,0.0,0.0,0.0,0.0,10.02,0,1,2.9464,1.7272,-1,-10.02,-1.2192,6.1213999999999995,30.163738996565744,30.163738996565744,269.83626100343423,0.0,0.0,0.8994542033447808,49.00839677198027,0.0,0.0,0.0,0.0,0.0,0.0,0.0,0.0,0.0,2.9464,11.630679351044094,30.163738996565744,18.53305964552165,0.0,0.0,0.0,-11.630679351044094,0
B00003,B00003_R1,3,Gate_1,Orange_2,1,1,0.2032,1.9812,0.0,2.54,1.6002,21.04,0,1,-21.04,0.2032,0.762,1.9812,2.54,1.7272,3.175,3.556,1,3,3,300,0,1,1,0.0,0.0,0.0,0.0,0.0,21.04,0,1,1.7272,3.175,-1,-21.04,1.4477999999999998,5.2832,26.855011250148028,26.855011250148028,273.14498874985196,0.0,0.0,0.9104832958328398,56.78376741368867,0.0,0.0,0.0,0.0,0.0,0.0,0.0,0.0,0.0,1.7272,6.817984447163779,26.855011250148028,20.03702680298425,0.0,0.0,0.0,-6.817984447163777,0
B00004,B00004_R2,4,Yellow_1,Gate_3,1,1,1.9812,2.54,16.03,2.54,1.6002,11.22,1,1,4.81,0.4572,0.2032,0.2032,1.6002,3.8608,3.4798,1.651,2,3,3,300,1,1,1,0.0,0.0,0.0,0.0,11.22,16.03,1,1,3.4798,3.8608,0,-4.8100000000000005,0.3809999999999998,5.1308,26.253424387162987,37.473424387162986,262.526575612837,0.0,0.0,0.8750885853761233,58.47041397053091,12.22,0.0,0.0,0.0,0.0,0.0,0.0,0.0,0.0,3.4798,13.73623337149173,37.473424387162986,23.737191015671257,0.0,0.0,0.0,-13.736233371491728,0
B00005,B00005_R1,5,Gate_1,Orange_1,1,1,1.9812,2.54,6.41,0.2032,1.6002,26.25,1,1,-19.84,0.2032,0.762,1.6764,2.54,3.556,1.3462,3.2512,1,3,3,300,0,1,1,0.0,0.0,0.0,0.0,6.41,26.25,1,1,3.556,1.3462,0,-19.84,-2.2098,6.8072,32.87087987999842,39.28087987999842,260.71912012000155,0.0,0.0,0.8690637337333385,44.07098366435539,7.41,0.0,0.0,0.0,0.0,0.0,0.0,0.0,0.0,3.556,14.03702680298425,39.28087987999842,25.24385307701417,0.0,0.0,0.0,-14.037026802984254,0
B00006,B00006_R2,6,Gate_2,Purple_3,1,1,1.6764,2.54,29.46,0.2032,1.6002,16.23,1,1,13.23,0.2032,1.143,1.0668,2.54,2.8702,0.9652,2.2606,1,3,3,300,1,1,1,0.0,0.0,0.0,0.0,16.23,29.46,1,1,0.9652,2.8702,0,-13.23,1.9050000000000002,3.2258,18.73358859985,34.96358859985,265.03641140015,0.0,0.0,0.8834547046671666,93.000186000372,17.23,0.0,0.0,0.0,0.0,0.0,0.0,0.0,0.0,0.9652,3.810050132238582,34.96358859985,31.15353846761142,0.0,0.0,0.0,-3.8100501322385796,0
B00007,B00007_R1,7,Purple_4,Gate_3,1,1,1.6764,2.54,18.07,1.0668,2.54,24.54,1,2,-6.47,0.762,2.032,0.2032,1.6002,1.4224,0.8128,1.4986,2,3,3,300,0,1,1,0.0,0.0,0.0,0.0,18.07,24.54,1,2,1.4224,0.8128,-1,-6.469999999999999,-0.6096000000000001,2.9210000000000003,17.53041487387992,35.60041487387992,264.3995851261201,0.0,0.0,0.8813319504204002,102.70455323519342,19.07,0.0,0.0,0.0,0.0,0.0,0.0,0.0,0.0,1.4224,5.614810721193701,35.60041487387992,29.98560415268622,0.0,0.0,0.0,-5.614810721193699,0
B00008,B00008_R2,8,Purple_1,Gate_4,1,1,0.2032,1.6002,25.44,1.0668,2.54,14.32,2,1,11.12,0.4572,2.54,0.2032,1.9812,1.1938,1.1176,0.8128,2,3,3,300,1,1,1,0.0,0.0,0.0,0.0,14.32,25.44,1,2,1.1176,1.1938,-1,-11.120000000000001,0.07620000000000005,1.9304,13.620100264477163,27.940100264477163,272.05989973552283,0.0,0.0,0.9068663324517428,155.40820555325323,15.32,0.0,0.0,0.0,0.0,0.0,0.0,0.0,0.0,1.1176,4.411636995223621,27.940100264477163,23.528463269253542,0.0,0.0,0.0,-4.4116369952236205,0
B00009,B00009_R1,9,Gate_1,Purple_2,1,1,0.2032,1.6002,15.32,0.2032,1.9812,18.83,1,2,-3.5,0.2032,0.762,0.762,2.54,1.3462,1.7272,2.3368,1,3,3,300,0,1,1,0.0,0.0,0.0,0.0,15.32,18.83,1,2,1.3462,1.7272,-1,-3.509999999999998,0.381,3.6830000000000003,20.538349188805118,35.85834918880512,264.1416508111949,0.0,0.0,0.8804721693706496,81.45533532446375,16.32,0.0,0.0,0.0,0.0,0.0,0.0,0.0,0.0,1.3462,5.31401728970118,35.85834918880512,30.544331899103938,0.0,0.0,0.0,-5.314017289701184,0
B00010,B00010_R2,10,Green_1,Yellow_4,1,1,0.762,2.54,26.04,0.2032,1.9812,7.73,2,1,18.32,1.6764,0.2032,0.762,0.7112,3.2512,3.2512,1.4224,3,3,3,300,1,1,1,0.0,0.0,0.0,0.0,7.73,26.04,1,2,3.2512,3.2512,-1,-18.31,0.0,4.6736,24.44866379820787,32.17866379820787,267.8213362017921,0.0,0.0,0.8927377873393071,64.19034577199588,8.73,0.0,0.0,0.0,0.0,0.0,0.0,0.0,0.0,3.2512,12.83385307701417,32.17866379820787,19.344810721193703,0.0,0.0,0.0,-12.833853077014169,0
B00011,B00011_R1,11,Gate_1,Green_2,1,1,0.762,2.54,16.23,0.762,0.7112,23.45,1,1,-7.22,0.2032,0.762,1.9812,0.2032,2.3368,1.1176,2.3368,1,3,3,300,0,1,1,0.0,0.0,0.0,0.0,16.23,23.45,1,1,2.3368,1.1176,0,-7.219999999999999,-1.2192000000000003,4.6736,24.44866379820787,40.67866379820787,259.3213362017921,0.0,0.0,0.8644044540059738,64.19034577199588,17.23,0.0,0.0,0.0,0.0,0.0,0.0,0.0,0.0,2.3368,9.224331899103936,40.67866379820787,31.454331899103934,0.0,0.0,0.0,-9.224331899103937,0
B00012,B00012_R2,12,Orange_3,Purple_4,1,1,1.9812,0.2032,30.86,0.762,0.7112,12.62,2,1,18.24,2.286,2.54,0.762,2.032,2.6416,3.8608,2.032,3,3,3,300,1,1,1,0.0,0.0,0.0,0.0,12.62,30.86,1,2,3.8608,2.6416,-1,-18.240000000000002,-1.2191999999999998,5.892799999999999,29.261358702088184,41.881358702088185,258.11864129791184,0.0,0.0,0.8603954709930395,50.90958457778985,13.62,0.0,0.0,0.0,0.0,0.0,0.0,0.0,0.0,3.8608,15.240200528954327,41.881358702088185,26.641158173133856,0.0,0.0,0.0,-15.240200528954329,0
B00013,B00013_R1,13,Orange_7,Green_5,1,1,1.9812,0.2032,21.04,0.762,2.032,29.26,1,1,-8.22,2.54,1.6002,1.9812,0.7112,1.9558,2.7178,1.9558,3,3,3,300,0,1,1,0.0,0.0,0.0,0.0,21.04,29.26,1,1,1.9558,2.7178,0,-8.220000000000002,0.762,3.9116,21.440729483282674,42.48072948328267,257.5192705167173,0.0,0.0,0.8583975683890577,76.69495858472237,22.04,0.0,0.0,0.0,0.0,0.0,0.0,0.0,0.0,1.9558,7.720364741641338,42.48072948328267,34.76036474164134,0.0,0.0,0.0,-7.720364741641333,0
B00014,B00014_R1,13,Orange_7,Green_5,1,2,1.9812,0.7112,31.46,0.762,2.032,21.34,2,1,10.12,2.54,1.6002,1.9812,0.7112,1.9558,2.7178,1.9558,3,3,3,300,0,1,2,1.651,1.651,0.8128,0.8128,31.46,21.34,2,1,1.9558,2.7178,1,10.120000000000001,0.762,3.9116,21.440729483282674,52.900729483282674,247.09927051671733,1.503967157462597,0.0,0.8236642350557244,76.69495858472237,33.46,0.8128,0.8128,2.3367999999999998,2.3367999999999998,3.2084632692535426,3.2084632692535426,9.224331899103934,9.224331899103934,1.9558,7.720364741641338,52.900729483282674,77.34939328149053,26.153159909998813,3.2084632692535426,9.224331899103934,24.44866379820786,1
B00014,B00014_R1,14,Green_3,Gate_3,2,2,1.9812,0.7112,31.46,0.762,2.032,21.34,2,1,10.12,2.286,0.2032,0.2032,1.6002,0.8128,3.8608,3.4798,2,3,3,300,0,2,2,1.651,1.651,2.3367999999999998,2.3367999999999998,31.46,21.34,2,1,0.8128,3.8608,1,10.120000000000001,3.048,4.2926,22.944696640745274,54.40469664074527,245.59530335925473,0.0,0.0,0.8186510111975157,69.88771373992452,33.46,2.3367999999999998,2.3367999999999998,0.8128,0.8128,9.224331899103934,9.224331899103934,3.2084632692535426,3.2084632692535426,0.8128,3.2084632692535426,54.40469664074527,75.84542612402794,30.665061382386604,9.224331899103934,3.2084632692535426,21.440729483282666,0
B00015,B00015_R2,15,Orange_4,Gate_4,1,1,0.2032,1.6002,44.39,0.762,2.032,11.02,2,1,33.36,1.6764,2.032,0.2032,1.9812,2.413,1.4224,2.032,2,3,3,300,1,1,1,0.0,0.0,0.0,0.0,11.02,44.39,1,2,1.4224,2.413,-1,-33.370000000000005,0.9905999999999997,3.4544,19.635968894327558,30.655968894327557,269.34403110567246,0.0,0.0,0.8978134370189081,86.84576192681797,12.02,0.0,0.0,0.0,0.0,0.0,0.0,0.0,0.0,1.4224,5.614810721193701,30.655968894327557,25.04115817313386,0.0,0.0,0.0,-5.614810721193699,0
B00016,B00016_R2,15,Orange_4,Gate_4,1,2,0.2032,1.6002,33.75,0.2032,1.9812,19.64,2,1,14.11,1.6764,2.032,0.2032,1.9812,2.413,2.032,2.032,2,3,3,300,1,1,2,1.4223999999999999,1.4223999999999999,2.9463999999999997,2.9463999999999997,19.64,33.75,1,2,2.032,2.413,-1,-14.11,0.3809999999999998,4.064,22.042316346267715,41.68231634626771,258.3176836537323,6.316662061342896,0.0,0.8610589455124409,73.81889763779527,20.64,2.9463999999999997,2.9463999999999997,2.413,2.413,11.630679351044092,11.630679351044092,9.525125330596454,9.525125330596454,2.032,8.021158173133857,41.68231634626771,71.54526191134094,39.98965775865472,11.630679351044092,9.525125330596454,29.862945565073233,1
B00016,B00016_R2,16,Orange_6,Gate_3,2,2,0.2032,1.6002,33.75,0.2032,1.9812,19.64,2,1,14.11,2.54,1.9812,0.2032,1.6002,2.7178,2.9464,2.7178,2,3,3,300,1,2,2,1.4223999999999999,1.4223999999999999,2.413,2.413,19.64,33.75,1,2,2.9464,2.7178,-1,-14.11,-0.22860000000000014,5.6642,28.35897840761063,47.99897840761063,252.00102159238938,0.0,0.0,0.8400034053079646,52.964231489001094,20.64,2.413,2.413,2.9463999999999997,2.9463999999999997,9.525125330596454,9.525125330596454,11.630679351044092,11.630679351044092,2.9464,11.630679351044094,47.99897840761063,70.04129475387835,31.56744167686417,9.525125330596454,11.630679351044092,22.042316346267718,0
B00017,B00017_R1,14,Green_3,Gate_3,1,2,0.2032,1.6002,22.94,0.2032,1.6002,39.38,1,2,-16.44,2.286,0.2032,0.2032,1.6002,3.4798,3.4798,3.4798,2,3,3,300,0,1,2,2.6416,2.6416,1.3461999999999998,1.3461999999999998,22.94,39.38,1,2,3.4798,3.4798,-1,-16.44,0.0,6.9596,33.47246674298346,56.412466742983455,243.58753325701656,0.0,0.0,0.8119584441900553,43.10592562790965,23.94,1.3461999999999998,1.3461999999999998,3.556,3.556,5.314017289701179,5.314017289701179,14.03702680298425,14.03702680298425,3.4798,13.73623337149173,56.412466742983455,78.45478308925118,27.055540204476376,5.314017289701179,14.03702680298425,22.042316346267725,1
B00017,B00017_R1,17,Gate_1,Purple_5,2,2,0.2032,1.6002,22.94,0.2032,1.6002,39.38,1,2,-16.44,0.2032,0.762,1.0668,2.032,1.3462,1.3462,2.6416,1,3,3,300,0,2,2,2.6416,2.6416,3.556,3.556,22.94,39.38,1,2,1.3462,1.3462,-1,-16.44,0.0,3.9878,21.741522914775196,44.6815229147752,255.3184770852248,11.73094382820824,0.0,0.8510615902840827,75.22944982195696,23.94,3.556,3.556,1.3461999999999998,1.3461999999999998,14.03702680298425,14.03702680298425,5.314017289701179,5.314017289701179,1.3462,5.31401728970118,44.6815229147752,78.15398965775864,47.50949354596771,14.03702680298425,5.314017289701179,33.47246674298344,0
B00018,B00018_R2,16,Orange_6,Gate_3,1,2,1.0668,2.032,36.27,0.2032,1.6002,28.36,2,1,7.91,2.54,1.9812,0.2032,1.6002,2.032,2.7178,2.7178,2,3,3,300,1,1,2,2.032,2.032,1.8034,1.8034,28.36,36.27,1,2,2.7178,2.032,-1,-7.910000000000004,-0.6858,5.4356,27.45659811313307,55.81659811313307,244.18340188686693,0.0,0.0,0.8139446729562231,55.19169916844507,29.36,1.8034,1.8034,3.556,3.556,7.118777878656298,7.118777878656298,14.03702680298425,14.03702680298425,2.7178,10.728299056566534,55.81659811313307,85.07795681522126,33.07140883432677,7.118777878656298,14.03702680298425,29.261358702088188,1
B00018,B00018_R2,18,Purple_3,Yellow_4,2,2,1.0668,2.032,36.27,0.2032,1.6002,28.36,2,1,7.91,1.0668,2.54,0.762,0.7112,0.508,1.8034,3.2512,3,3,3,300,1,2,2,2.032,2.032,3.556,3.556,28.36,36.27,1,2,1.8034,0.508,-1,-7.910000000000004,-1.2953999999999999,5.0546,25.952630955670468,54.31263095567047,245.68736904432953,1.503967157462597,0.0,0.8189578968144318,59.35187749772485,29.36,3.556,3.556,1.8034,1.8034,14.03702680298425,14.03702680298425,7.118777878656298,7.118777878656298,1.8034,7.118777878656298,54.31263095567047,81.76922906880353,41.49362491611733,14.03702680298425,7.118777878656298,27.456598113133055,0
B00019,B00019_R1,17,Gate_1,Purple_5,1,2,1.0668,2.032,25.74,0.762,0.7112,44.89,2,2,-19.14,0.2032,0.762,1.0668,2.032,2.6416,1.1176,2.6416,1,3,3,300,0,1,2,0.889,0.889,2.2605999999999997,2.2605999999999997,25.74,44.89,2,2,2.6416,1.1176,0,-19.150000000000002,-1.524,5.2832,26.855011250148028,52.595011250148026,247.40498874985198,0.0,0.0,0.82468329583284,56.78376741368867,27.74,2.2605999999999997,2.2605999999999997,3.2512,3.2512,8.923538467611415,8.923538467611415,12.83385307701417,12.83385307701417,2.6416,10.427505625074014,52.595011250148026,81.25478308925116,35.1769628547744,8.923538467611415,12.83385307701417,28.659771839103136,1
B00019,B00019_R1,19,Gate_2,Orange_4,2,2,1.0668,2.032,25.74,0.762,0.7112,44.89,2,2,-19.14,0.2032,1.143,1.6764,2.032,2.2606,1.4986,2.8702,1,3,3,300,0,2,2,0.889,0.889,3.2512,3.2512,25.74,44.89,2,2,2.2606,1.4986,0,-19.150000000000002,-0.7620000000000002,5.130800000000001,26.25342438716299,51.99342438716299,248.00657561283703,0.6015868629850445,0.0,0.8266885853761234,58.470413970530906,27.74,3.2512,3.2512,2.2605999999999997,2.2605999999999997,12.83385307701417,12.83385307701417,8.923538467611415,8.923538467611415,2.2606,8.923538467611417,51.99342438716299,78.84843563731101,39.6888643271622,12.83385307701417,8.923538467611415,26.855011250148024,0
B00020,B00020_R1,20,Purple_1,Green_2,1,2,1.6764,2.032,41.2,0.762,0.7112,37.17,2,2,4.03,0.4572,2.54,1.9812,0.2032,1.7272,2.6416,3.8608,3,3,3,300,0,1,2,1.651,1.651,2.7178,2.7178,41.2,37.17,2,2,1.7272,2.6416,0,4.030000000000001,0.9143999999999999,5.588,28.058184976118106,69.25818497611812,230.74181502388188,0.6015868629850161,0.0,0.7691393834129396,53.686471009305656,43.2,2.7178,2.7178,1.7271999999999998,1.7271999999999998,10.728299056566534,10.728299056566534,6.817984447163778,6.817984447163778,1.7272,6.817984447163779,69.25818497611812,97.91795681522126,39.388070895669685,10.728299056566534,6.817984447163778,28.659771839103144,1
B00020,B00020_R1,19,Gate_2,Orange_4,2,2,1.6764,2.032,41.2,0.762,0.7112,37.17,2,2,4.03,0.2032,1.143,1.6764,2.032,2.8702,1.4986,2.8702,1,3,3,300,0,2,2,1.651,1.651,1.7271999999999998,1.7271999999999998,41.2,37.17,2,2,2.8702,1.4986,0,4.030000000000001,-1.3716000000000002,5.7404,28.659771839103147,69.85977183910315,230.14022816089687,0.0,0.0,0.7671340938696563,52.26116646923559,43.2,1.7271999999999998,1.7271999999999998,2.7178,2.7178,6.817984447163778,6.817984447163778,10.728299056566534,10.728299056566534,2.8702,11.329885919551574,69.85977183910315,97.31636995223622,34.87616942328189,6.817984447163778,10.728299056566534,27.45659811313307,0
B00021,B00021_R2,21,Gate_2,Orange_6,1,1,1.6764,2.032,58.92,0.762,0.7112,24.95,3,1,33.97,0.2032,1.143,2.54,1.9812,2.8702,1.4986,3.175,1,3,3,300,1,1,1,0.0,0.0,0.0,0.0,24.95,58.92,1,3,1.4986,2.8702,-2,-33.97,1.3716000000000002,4.6735999999999995,24.448663798207868,49.39866379820786,250.60133620179215,0.0,0.0,0.8353377873393072,64.1903457719959,25.95,0.0,0.0,0.0,0.0,0.0,0.0,0.0,0.0,1.4986,5.915604152686219,49.39866379820786,43.48305964552165,0.0,0.0,0.0,-5.915604152686214,0
B00022,B00022_R2,21,Gate_2,Orange_6,1,2,1.6764,2.032,48.38,2.54,1.9812,39.28,2,2,9.1,0.2032,1.143,2.54,1.9812,2.8702,3.175,3.175,1,3,3,300,1,1,2,2.8702,2.8702,1.4223999999999999,1.4223999999999999,39.28,48.38,2,2,3.175,2.8702,0,-9.100000000000001,-0.30479999999999974,6.35,31.0661192910433,70.3461192910433,229.6538807089567,0.0,0.0,0.7655129356965223,47.24409448818898,41.28,1.4223999999999999,1.4223999999999999,1.8034,1.8034,5.6148107211937,5.6148107211937,7.118777878656298,7.118777878656298,3.175,12.53305964552165,70.3461192910433,88.17732759641574,28.86030079343149,5.6148107211937,7.118777878656298,17.831208305372442,1
B00022,B00022_R2,22,Orange_4,Yellow_3,2,2,1.6764,2.032,48.38,2.54,1.9812,39.28,2,2,9.1,1.6764,2.032,1.0668,0.2032,0.0,1.4224,2.9464,3,3,3,300,1,2,2,2.8702,2.8702,1.8034,1.8034,39.28,48.38,2,2,1.4224,0.0,0,-9.100000000000001,-1.4224,4.3688,23.245490072237793,62.525490072237794,237.4745099277622,7.820629218805493,0.0,0.7915816997592073,68.66874198864676,41.28,1.8034,1.8034,1.4223999999999999,1.4223999999999999,7.118777878656298,7.118777878656298,5.6148107211937,5.6148107211937,1.4224,5.614810721193701,62.525490072237794,93.5916093632811,38.184897169699596,7.118777878656298,5.6148107211937,31.0661192910433,0
B00023,B00023_R1,19,Gate_2,Orange_4,1,2,1.6764,2.032,40.78,1.0668,0.2032,52.9,2,3,-12.12,0.2032,1.143,1.6764,2.032,2.8702,1.8034,2.8702,1,3,3,300,0,1,2,1.651,1.651,1.7271999999999998,1.7271999999999998,40.78,52.9,2,3,2.8702,1.8034,-1,-12.119999999999997,-1.0668000000000002,5.7404,28.659771839103147,69.43977183910314,230.56022816089686,0.0,0.0,0.7685340938696562,52.26116646923559,42.78,1.7271999999999998,1.7271999999999998,0.9652,0.9652,6.817984447163778,6.817984447163778,3.810050132238582,3.810050132238582,2.8702,11.329885919551574,69.43977183910314,79.45035092567008,24.348399321043694,6.817984447163778,3.810050132238582,10.010579086566935,1
B00023,B00023_R1,23,Purple_1,Gate_3,2,2,1.6764,2.032,40.78,1.0668,0.2032,52.9,2,3,-12.12,0.4572,2.54,0.2032,1.6002,1.7272,2.9464,1.1938,2,3,3,300,0,2,2,1.651,1.651,0.9652,0.9652,40.78,52.9,2,3,1.7272,2.9464,-1,-12.119999999999997,1.2192,2.9210000000000003,17.53041487387992,58.31041487387992,241.68958512612008,11.129356965223224,0.0,0.8056319504204003,102.70455323519342,42.78,0.9652,0.9652,1.7271999999999998,1.7271999999999998,3.810050132238582,3.810050132238582,6.817984447163778,6.817984447163778,1.7272,6.817984447163779,58.31041487387992,86.97018671298306,32.46982197134172,3.810050132238582,6.817984447163778,28.659771839103144,0
B00024,B00024_R1,24,Gate_2,Purple_4,1,3,0.2032,1.6002,45.59,1.0668,0.2032,41.66,2,2,3.93,0.2032,1.143,0.762,2.032,0.9652,1.8034,1.9558,1,3,3,300,0,1,3,0.8255,0.0,1.3843,0.8128,45.59,41.66,2,2,0.9652,1.8034,0,3.930000000000007,0.8382,2.921,17.53041487387992,63.12041487387992,236.87958512612008,3.6095211779102385,0.0,0.7895986170870669,102.70455323519343,47.59,0.8128,1.3843,0.9652,1.9177,3.2084632692535426,5.46441400544744,3.810050132238582,7.5699680258950774,0.9652,3.810050132238582,63.12041487387992,99.68521177910236,47.49362491611732,5.46441400544744,7.5699680258950774,36.56479690522244,2
B00024,B00024_R1,23,Purple_1,Gate_3,2,3,0.2032,1.6002,45.59,1.0668,0.2032,41.66,2,2,3.93,0.4572,2.54,0.2032,1.6002,1.1938,2.9464,1.1938,2,3,3,300,0,2,3,1.651,1.651,0.9652,0.9652,45.59,41.66,2,2,1.1938,2.9464,0,3.930000000000007,1.7526000000000002,2.3876,15.424860853432282,61.01486085343228,238.98513914656772,5.71507519835788,0.0,0.7966171304885591,125.64918746858771,47.59,0.9652,0.9652,0.8128,1.27,3.810050132238582,3.810050132238582,3.2084632692535426,5.013223858208661,1.1938,4.712430426716141,61.01486085343228,98.18124462163976,46.290451190147245,3.810050132238582,5.013223858208661,37.16638376820748,1
B00024,B00024_R1,19,Gate_2,Orange_4,3,3,0.2032,1.6002,45.59,1.0668,0.2032,41.66,2,2,3.93,0.2032,1.143,1.6764,2.032,0.9652,1.8034,2.8702,1,3,3,300,0,3,3,0.8255,0.0,2.2987,1.7271999999999998,45.59,41.66,2,2,0.9652,1.8034,0,3.930000000000007,0.8382,3.8354,21.139936051790155,66.72993605179016,233.27006394820984,0.0,0.0,0.7775668798273662,78.21869948375658,47.59,1.7271999999999998,2.2987,0.9652,1.4605,6.817984447163778,9.073935183357676,3.810050132238582,5.76520743693996,0.9652,3.810050132238582,66.72993605179016,99.68521177910236,51.10314609402755,9.073935183357676,5.76520743693996,32.9552757273122,0
B00025,B00025_R2,25,Orange_4,Orange_6,1,2,1.6764,2.032,49.78,1.0668,0.2032,32.36,3,2,17.42,1.6764,2.032,2.54,1.9812,0.0,2.9464,1.4224,3,3,3,300,1,1,2,0.0,0.0,1.4223999999999999,1.4223999999999999,32.36,49.78,2,3,2.9464,0.0,-1,-17.42,-2.9464,4.3688,23.245490072237793,55.60549007223779,244.39450992776221,6.015868629850388,0.0,0.814648366425874,68.66874198864676,34.36,1.4223999999999999,1.4223999999999999,2.9463999999999997,2.9463999999999997,5.6148107211937,5.6148107211937,11.630679351044092,11.630679351044092,2.9464,11.630679351044094,55.60549007223779,84.86684877432599,34.87616942328189,5.6148107211937,11.630679351044092,29.261358702088195,1
B00025,B00025_R2,22,Orange_4,Yellow_3,2,2,1.6764,2.032,49.78,1.0668,0.2032,32.36,3,2,17.42,1.6764,2.032,1.0668,0.2032,0.0,2.9464,2.9464,3,3,3,300,1,2,2,0.0,0.0,2.9463999999999997,2.9463999999999997,32.36,49.78,2,3,2.9464,0.0,-1,-17.42,-2.9464,5.8928,29.261358702088188,61.62135870208819,238.37864129791183,0.0,0.0,0.7945954709930394,50.90958457778984,34.36,2.9463999999999997,2.9463999999999997,1.4223999999999999,1.4223999999999999,11.630679351044092,11.630679351044092,5.6148107211937,5.6148107211937,2.9464,11.630679351044094,61.62135870208819,78.85098014447559,34.87616942328189,11.630679351044092,5.6148107211937,17.229621442387398,0
B00026,B00026_R1,23,Purple_1,Gate_3,1,3,1.6764,2.032,40.27,1.0668,0.2032,39.47,3,2,0.79,0.4572,2.54,0.2032,1.6002,1.7272,2.9464,1.1938,2,3,3,300,0,1,3,1.8415,1.651,1.8415,0.9652,40.27,39.47,3,2,1.7272,2.9464,1,0.8000000000000043,1.2192,2.9210000000000003,17.53041487387992,57.80041487387992,242.19958512612007,11.129356965223224,0.0,0.8073319504204002,102.70455323519342,43.27,0.9652,1.8415,0.8128,1.27,3.810050132238582,7.269174594402558,3.2084632692535426,5.013223858208661,1.7272,6.817984447163779,57.80041487387992,101.28346070343031,61.630916196265744,7.269174594402558,5.013223858208661,43.483045829550385,2
B00026,B00026_R1,19,Gate_2,Orange_4,2,3,1.6764,2.032,40.27,1.0668,0.2032,39.47,3,2,0.79,0.2032,1.143,1.6764,2.032,2.8702,1.8034,2.8702,1,3,3,300,0,2,3,2.413,1.651,1.27,0.8128,40.27,39.47,3,2,2.8702,1.8034,1,0.8000000000000043,-1.0668000000000002,5.7404,28.659771839103147,68.92977183910315,231.07022816089685,0.0,0.0,0.7702340938696561,52.26116646923559,43.27,0.8128,1.27,0.9652,1.1557,3.2084632692535426,5.013223858208661,3.810050132238582,4.562033710969881,2.8702,11.329885919551574,68.92977183910315,97.37314609402756,45.98965775865473,5.013223858208661,4.562033710969881,28.443374254924407,1
B00026,B00026_R1,26,Orange_5,Gate_4,3,3,1.6764,2.032,40.27,1.0668,0.2032,39.47,3,2,0.79,1.9812,2.032,0.2032,1.9812,0.8128,3.2512,2.3368,2,3,3,300,0,3,3,2.6035,2.032,1.0795,0.8128,40.27,39.47,3,2,0.8128,3.2512,1,0.8000000000000043,2.4383999999999997,3.1496000000000004,18.43279516835748,58.70279516835748,241.29720483164252,10.226976670745671,0.0,0.8043240161054751,95.250190500381,43.27,0.8128,1.0795,0.8128,1.7652999999999999,3.2084632692535426,4.261240279477361,3.2084632692535426,6.968381162910038,0.8128,3.2084632692535426,58.70279516835748,104.89298188134055,54.71266727193779,4.261240279477361,6.968381162910038,46.19018671298306,0
B00027,B00027_R2,22,Orange_4,Yellow_3,1,2,0.2032,1.9812,47.69,1.0668,0.2032,29.65,3,2,18.03,1.6764,2.032,1.0668,0.2032,2.032,2.9464,2.9464,3,3,3,300,1,1,2,3.2512,3.2512,0.8128,0.8128,29.65,47.69,2,3,2.9464,2.032,-1,-18.04,-0.9144000000000001,5.8928,29.261358702088188,58.91135870208819,241.0886412979118,0.0,0.0,0.8036288043263727,50.90958457778984,31.65,0.8128,0.8128,1.1176,1.1176,3.2084632692535426,3.2084632692535426,4.411636995223621,4.411636995223621,2.9464,11.630679351044094,58.91135870208819,73.73463269253543,25.250779615521253,3.2084632692535426,4.411636995223621,14.823273990447241,1
B00027,B00027_R2,27,Yellow_2,Purple_3,2,2,0.2032,1.9812,47.69,1.0668,0.2032,29.65,3,2,18.03,0.762,0.2032,1.0668,2.54,2.3368,0.8128,3.2512,3,3,3,300,1,2,2,3.2512,3.2512,1.1176,1.1176,29.65,47.69,2,3,0.8128,2.3368,-1,-18.04,1.5240000000000002,4.064,22.042316346267715,51.69231634626772,248.30768365373228,7.219042355820477,0.0,0.8276922788457742,73.81889763779527,31.65,1.1176,1.1176,0.8128,0.8128,4.411636995223621,4.411636995223621,3.2084632692535426,3.2084632692535426,0.8128,3.2084632692535426,51.69231634626772,80.95367504835589,33.672995697311805,4.411636995223621,3.2084632692535426,29.261358702088174,0
B00028,B00028_R2,28,Green_1,Green_3,1,2,0.2032,1.9812,38.57,1.0668,2.54,40.68,2,2,-2.11,1.6764,0.2032,2.286,0.2032,3.2512,2.9464,1.1176,3,3,3,300,1,1,2,1.4223999999999999,1.4223999999999999,2.032,2.032,40.68,38.57,2,2,2.9464,3.2512,0,2.1099999999999994,0.30479999999999974,4.064,22.042316346267715,62.72231634626772,237.27768365373228,9.625389807760627,0.0,0.7909256121791076,73.81889763779527,42.68,2.032,2.032,2.9463999999999997,2.9463999999999997,8.021158173133857,8.021158173133857,11.630679351044092,11.630679351044092,2.9464,11.630679351044094,62.72231634626772,94.39002250029606,39.6888643271622,8.021158173133857,11.630679351044092,31.667706154028338,1
B00028,B00028_R2,27,Yellow_2,Purple_3,2,2,0.2032,1.9812,38.57,1.0668,2.54,40.68,2,2,-2.11,0.762,0.2032,1.0668,2.54,2.3368,3.2512,3.2512,3,3,3,300,1,2,2,1.4223999999999999,1.4223999999999999,2.9463999999999997,2.9463999999999997,40.68,38.57,2,2,3.2512,2.3368,0,2.1099999999999994,-0.9143999999999997,6.5024,31.66770615402834,72.34770615402834,227.65229384597166,0.0,0.0,0.7588409794865721,46.13681102362205,42.68,2.9463999999999997,2.9463999999999997,2.032,2.032,11.630679351044092,11.630679351044092,8.021158173133857,8.021158173133857,3.2512,12.83385307701417,72.34770615402834,89.57732759641574,33.672995697311805,11.630679351044092,8.021158173133857,17.229621442387398,0
B00029,B00029_R1,26,Orange_5,Gate_4,1,2,0.2032,1.9812,29.96,1.0668,2.54,51.4,2,3,-21.44,1.9812,2.032,0.2032,1.9812,2.3368,1.4224,2.3368,2,3,3,300,0,1,2,3.556,3.556,1.7271999999999998,1.7271999999999998,29.96,51.4,2,3,2.3368,1.4224,-1,-21.439999999999998,-0.9144000000000001,4.6736,24.44866379820787,54.40866379820787,245.59133620179213,2.4063474519401495,0.0,0.8186377873393071,64.19034577199588,31.96,1.7271999999999998,1.7271999999999998,0.508,0.508,6.817984447163778,6.817984447163778,2.0052895432834643,2.0052895432834643,2.3368,9.224331899103936,54.40866379820787,74.04463269253543,33.672995697311805,6.817984447163778,2.0052895432834643,19.63596889432756,1
B00029,B00029_R1,29,Gate_1,Orange_2,2,2,0.2032,1.9812,29.96,1.0668,2.54,51.4,2,3,-21.44,0.2032,0.762,1.9812,2.54,1.7272,2.6416,3.556,1,3,3,300,0,2,2,3.556,3.556,0.508,0.508,29.96,51.4,2,3,1.7272,2.6416,-1,-21.439999999999998,0.9143999999999999,5.2832,26.855011250148028,56.81501125014803,243.18498874985198,0.0,0.0,0.8106166291661733,56.78376741368867,31.96,0.508,0.508,1.7271999999999998,1.7271999999999998,2.0052895432834643,2.0052895432834643,6.817984447163778,6.817984447163778,1.7272,6.817984447163779,56.81501125014803,81.2636750483559,26.453953341491335,2.0052895432834643,6.817984447163778,24.448663798207875,0
B00030,B00030_R2,30,Green_1,Purple_2,1,2,1.9812,2.54,44.29,1.0668,2.54,40.68,2,2,3.61,1.6764,0.2032,0.762,2.54,3.2512,2.9464,3.2512,3,3,3,300,1,1,2,1.4223999999999999,1.4223999999999999,2.9463999999999997,2.9463999999999997,40.68,44.29,2,2,2.9464,3.2512,0,-3.6099999999999994,0.30479999999999974,6.1975999999999996,30.464532428058263,71.14453242805826,228.85546757194174,1.203173725970089,0.0,0.7628515585731391,48.40583451658707,42.68,2.9463999999999997,2.9463999999999997,2.9463999999999997,2.9463999999999997,11.630679351044092,11.630679351044092,11.630679351044092,11.630679351044092,2.9464,11.630679351044094,71.14453242805826,102.81223858208661,43.29838550507243,11.630679351044092,11.630679351044092,31.66770615402835,1
B00030,B00030_R2,27,Yellow_2,Purple_3,2,2,1.9812,2.54,44.29,1.0668,2.54,40.68,2,2,3.61,0.762,0.2032,1.0668,2.54,3.556,3.2512,3.2512,3,3,3,300,1,2,2,1.4223999999999999,1.4223999999999999,2.9463999999999997,2.9463999999999997,40.68,44.29,2,2,3.2512,3.556,0,-3.6099999999999994,0.3048000000000002,6.5024,31.66770615402834,72.34770615402834,227.65229384597166,0.0,0.0,0.7588409794865721,46.13681102362205,42.68,2.9463999999999997,2.9463999999999997,2.9463999999999997,2.9463999999999997,11.630679351044092,11.630679351044092,11.630679351044092,11.630679351044092,3.2512,12.83385307701417,72.34770615402834,101.60906485611652,42.09521177910235,11.630679351044092,11.630679351044092,29.261358702088174,0
B00031,B00031_R1,29,Gate_1,Orange_2,1,2,1.9812,2.54,34.47,1.0668,2.54,53.71,2,3,-19.24,0.2032,0.762,1.9812,2.54,3.556,2.6416,3.556,1,3,3,300,0,1,2,2.6416,2.6416,2.6416,2.6416,34.47,53.71,2,3,3.556,2.6416,-1,-19.240000000000002,-0.9144000000000001,7.112,34.0740536059685,68.5440536059685,231.4559463940315,0.0,0.0,0.7715198213134383,42.1822272215973,36.47,2.6416,2.6416,1.7271999999999998,1.7271999999999998,10.427505625074014,10.427505625074014,6.817984447163778,6.817984447163778,3.556,14.03702680298425,68.5440536059685,92.99271740417637,42.09521177910235,10.427505625074014,6.817984447163778,24.448663798207875,1
B00031,B00031_R1,31,Green_3,Gate_4,2,2,1.9812,2.54,34.47,1.0668,2.54,53.71,2,3,-19.24,2.286,0.2032,0.2032,1.9812,2.6416,3.556,3.8608,2,3,3,300,0,2,2,2.6416,2.6416,1.7271999999999998,1.7271999999999998,34.47,53.71,2,3,2.6416,3.556,-1,-19.240000000000002,0.9144000000000001,6.5024,31.66770615402834,66.13770615402834,233.86229384597166,2.4063474519401495,0.0,0.7795409794865722,46.13681102362205,36.47,1.7271999999999998,1.7271999999999998,2.6416,2.6416,6.817984447163778,6.817984447163778,10.427505625074014,10.427505625074014,2.6416,10.427505625074014,66.13770615402834,100.21175975999685,40.89203805313228,6.817984447163778,10.427505625074014,34.074053605968516,0
B00032,B00032_R2,32,Gate_1,Purple_3,1,2,0.2032,1.9812,56.02,1.0668,2.54,46.7,2,2,9.32,0.2032,0.762,1.0668,2.54,1.7272,2.6416,2.6416,1,3,3,300,1,1,2,1.1176,1.1176,3.2512,3.2512,46.7,56.02,2,2,2.6416,1.7272,0,-9.32,-0.9143999999999999,5.2832,26.855011250148028,73.55501125014803,226.44498874985197,4.812694903880299,0.0,0.7548166291661732,56.78376741368867,48.7,3.2512,3.2512,2.6416,2.6416,12.83385307701417,12.83385307701417,10.427505625074014,10.427505625074014,2.6416,10.427505625074014,73.55501125014803,105.22271740417636,44.50155923104251,12.83385307701417,10.427505625074014,31.667706154028338,1
B00032,B00032_R2,27,Yellow_2,Purple_3,2,2,0.2032,1.9812,56.02,1.0668,2.54,46.7,2,2,9.32,0.762,0.2032,1.0668,2.54,2.3368,3.2512,3.2512,3,3,3,300,1,2,2,1.1176,1.1176,2.6416,2.6416,46.7,56.02,2,2,3.2512,2.3368,0,-9.32,-0.9143999999999997,6.5024,31.66770615402834,78.36770615402834,221.63229384597167,0.0,0.0,0.7387743128199056,46.13681102362205,48.7,2.6416,2.6416,3.2512,3.2512,10.427505625074014,10.427505625074014,12.83385307701417,12.83385307701417,3.2512,12.83385307701417,78.36770615402834,105.22271740417636,37.28251687522204,10.427505625074014,12.83385307701417,26.855011250148024,0
B00033,B00033_R1,33,Orange_1,Gate_4,1,2,0.2032,1.9812,46.2,1.0668,2.54,63.73,2,3,-17.53,1.6764,2.54,0.2032,1.9812,2.032,1.1176,2.032,2,3,3,300,0,1,2,2.9463999999999997,2.9463999999999997,3.8608,3.8608,46.2,63.73,2,3,2.032,1.1176,-1,-17.529999999999994,-0.9144000000000001,4.064,22.042316346267715,68.24231634626771,231.75768365373227,14.438084711640926,0.0,0.7725256121791075,73.81889763779527,48.2,3.8608,3.8608,2.032,2.032,15.240200528954327,15.240200528954327,8.021158173133857,8.021158173133857,2.032,8.021158173133857,68.24231634626771,104.72271740417636,51.720601586862976,15.240200528954327,8.021158173133857,36.48040105790865,1
B00033,B00033_R1,31,Green_3,Gate_4,2,2,0.2032,1.9812,46.2,1.0668,2.54,63.73,2,3,-17.53,2.286,0.2032,0.2032,1.9812,3.8608,3.556,3.8608,2,3,3,300,0,2,2,2.9463999999999997,2.9463999999999997,2.032,2.032,46.2,63.73,2,3,3.8608,3.556,-1,-17.529999999999994,-0.30479999999999974,7.7216,36.48040105790865,82.68040105790865,217.31959894209135,0.0,0.0,0.7243986631403044,38.852051388313306,48.2,2.032,2.032,3.8608,3.8608,8.021158173133857,8.021158173133857,15.240200528954327,15.240200528954327,3.8608,15.240200528954327,82.68040105790865,104.72271740417636,30.063474519401566,8.021158173133857,15.240200528954327,22.04231634626771,0
B00034,B00034_R2,34,Green_4,Gate_4,1,2,0.2032,1.9812,57.71,1.0668,2.54,53.91,3,2,3.8,1.6764,0.7112,0.2032,1.9812,3.2512,2.9464,3.2512,2,3,3,300,1,1,2,1.4223999999999999,1.4223999999999999,2.3367999999999998,2.3367999999999998,53.91,57.71,2,3,2.9464,3.2512,-1,-3.8000000000000043,0.30479999999999974,6.1975999999999996,30.464532428058263,84.37453242805826,215.62546757194173,1.2031737259700606,0.0,0.7187515585731391,48.40583451658707,55.91,2.3367999999999998,2.3367999999999998,2.9463999999999997,2.9463999999999997,9.224331899103934,9.224331899103934,11.630679351044092,11.630679351044092,2.9464,11.630679351044094,84.37453242805826,116.0422385820866,40.89203805313227,9.224331899103934,11.630679351044092,31.667706154028338,1
B00034,B00034_R2,27,Yellow_2,Purple_3,2,2,0.2032,1.9812,57.71,1.0668,2.54,53.91,3,2,3.8,0.762,0.2032,1.0668,2.54,2.3368,3.2512,3.2512,3,3,3,300,1,2,2,1.4223999999999999,1.4223999999999999,2.9463999999999997,2.9463999999999997,53.91,57.71,2,3,3.2512,2.3368,-1,-3.8000000000000043,-0.9143999999999997,6.5024,31.66770615402834,85.57770615402833,214.42229384597167,0.0,0.0,0.7147409794865722,46.13681102362205,55.91,2.9463999999999997,2.9463999999999997,2.3367999999999998,2.3367999999999998,11.630679351044092,11.630679351044092,9.224331899103934,9.224331899103934,3.2512,12.83385307701417,85.57770615402833,112.43271740417636,42.09521177910235,11.630679351044092,9.224331899103934,26.855011250148024,0
B00035,B00035_R1,35,Gate_1,Green_7,1,2,0.2032,1.9812,47.5,1.0668,2.54,70.95,2,3,-23.45,0.2032,0.762,2.54,1.143,1.7272,2.6416,2.7178,1,3,3,300,0,1,2,2.6416,2.6416,1.1938,1.1938,47.5,70.95,2,3,1.7272,2.6416,-1,-23.450000000000003,0.9143999999999999,4.445,23.546283503730315,71.04628350373031,228.9537164962697,12.934117554178329,0.0,0.7631790549875657,67.49156355455568,49.5,1.1938,1.1938,1.7271999999999998,1.7271999999999998,4.712430426716141,4.712430426716141,6.817984447163778,6.817984447163778,1.7272,6.817984447163779,71.04628350373031,107.52668456163897,41.19283148462479,4.712430426716141,6.817984447163778,36.480401057908665,1
B00035,B00035_R1,31,Green_3,Gate_4,2,2,0.2032,1.9812,47.5,1.0668,2.54,70.95,2,3,-23.45,2.286,0.2032,0.2032,1.9812,3.8608,3.556,3.8608,2,3,3,300,0,2,2,2.6416,2.6416,1.7271999999999998,1.7271999999999998,47.5,70.95,2,3,3.8608,3.556,-1,-23.450000000000003,-0.30479999999999974,7.7216,36.48040105790865,83.98040105790865,216.01959894209136,0.0,0.0,0.7200653298069712,38.852051388313306,49.5,1.7271999999999998,1.7271999999999998,1.1938,1.1938,6.817984447163778,6.817984447163778,4.712430426716141,4.712430426716141,3.8608,15.240200528954327,83.98040105790865,96.99891445940077,30.364267950894092,6.817984447163778,4.712430426716141,13.018513401492115,0
B00036,B00036_R1,36,Yellow_2,Gate_3,1,3,0.2032,1.9812,49.5,1.0668,2.54,58.52,2,2,-9.02,0.762,0.2032,0.2032,1.6002,2.3368,3.2512,1.9558,2,3,3,300,0,1,3,1.5748,1.1176,2.413,1.3461999999999998,49.5,58.52,2,2,2.3368,3.2512,0,-9.020000000000003,0.9143999999999997,4.2926,22.944696640745274,72.44469664074528,227.5553033592547,13.535704417163345,0.0,0.7585176778641823,69.88771373992452,51.5,1.3461999999999998,2.413,2.3367999999999998,2.5273,5.314017289701179,9.525125330596454,9.224331899103934,9.976315477835234,2.3368,9.224331899103936,72.44469664074528,132.47138120238424,79.07693522283186,9.525125330596454,9.976315477835234,60.02668456163896,2
B00036,B00036_R1,35,Gate_1,Green_7,2,3,0.2032,1.9812,49.5,1.0668,2.54,58.52,2,2,-9.02,0.2032,0.762,2.54,1.143,1.7272,2.6416,2.7178,1,3,3,300,0,2,3,1.8796,1.1176,1.9558,1.1938,49.5,58.52,2,2,1.7272,2.6416,0,-9.020000000000003,0.9143999999999999,4.445,23.546283503730315,73.04628350373031,226.9537164962697,12.934117554178329,0.0,0.756512388320899,67.49156355455568,51.5,1.1938,1.9558,1.3461999999999998,1.5366999999999997,4.712430426716141,7.720364741641338,5.314017289701179,6.066000868432479,1.7272,6.817984447163779,73.04628350373031,130.96741404492164,74.8658271819366,7.720364741641338,6.066000868432479,57.92113054119133,1
B00036,B00036_R1,31,Green_3,Gate_4,3,3,0.2032,1.9812,49.5,1.0668,2.54,58.52,2,2,-9.02,2.286,0.2032,0.2032,1.9812,3.8608,3.556,3.8608,2,3,3,300,0,3,3,2.3368,2.032,2.032,1.7271999999999998,49.5,58.52,2,2,3.8608,3.556,0,-9.020000000000003,-0.30479999999999974,7.7216,36.48040105790865,85.98040105790865,214.01959894209136,0.0,0.0,0.7133986631403045,38.852051388313306,51.5,1.7271999999999998,2.032,1.1938,2.3368,6.817984447163778,8.021158173133855,4.712430426716141,9.224331899103936,3.8608,15.240200528954327,85.98040105790865,121.94361110014606,62.5332964907433,8.021158173133855,9.224331899103936,35.96321004223741,0
B00037,B00037_R2,27,Yellow_2,Purple_3,1,2,0.2032,1.9812,61.44,1.0668,2.54,51.8,3,2,9.63,0.762,0.2032,1.0668,2.54,2.3368,3.2512,3.2512,3,3,3,300,1,1,2,1.1176,1.1176,2.6416,2.6416,51.8,61.44,2,3,3.2512,2.3368,-1,-9.64,-0.9143999999999997,6.5024,31.66770615402834,83.46770615402833,216.53229384597165,0.0,0.0,0.7217743128199055,46.13681102362205,53.8,2.6416,2.6416,3.556,3.556,10.427505625074014,10.427505625074014,14.03702680298425,14.03702680298425,3.2512,12.83385307701417,83.46770615402833,115.13541230805669,40.892038053132275,10.427505625074014,14.03702680298425,31.66770615402835,1
B00037,B00037_R2,37,Gate_1,Orange_5,2,2,0.2032,1.9812,61.44,1.0668,2.54,51.8,3,2,9.63,0.2032,0.762,1.9812,2.032,1.7272,2.6416,3.556,1,3,3,300,1,2,2,1.1176,1.1176,3.556,3.556,51.8,61.44,2,3,2.6416,1.7272,-1,-9.64,-0.9143999999999999,6.1975999999999996,30.464532428058263,82.26453242805826,217.73546757194174,1.203173725970089,0.0,0.7257848919064724,48.40583451658707,53.8,3.556,3.556,2.6416,2.6416,14.03702680298425,14.03702680298425,10.427505625074014,10.427505625074014,2.6416,10.427505625074014,82.26453242805826,113.9322385820866,45.70473295701259,14.03702680298425,10.427505625074014,31.667706154028338,0
B00038,B00038_R1,38,Yellow_3,Gate_4,1,3,0.2032,1.9812,52.0,1.9812,2.032,72.15,3,3,-20.15,1.0668,0.2032,0.2032,1.9812,2.6416,3.2512,2.6416,2,3,3,300,0,1,3,1.5747999999999998,1.4223999999999999,2.7939999999999996,1.7271999999999998,52.0,72.15,3,3,2.6416,3.2512,0,-20.150000000000006,0.6095999999999999,5.2832,26.855011250148028,78.85501125014802,221.14498874985196,9.625389807760598,0.0,0.7371499624995065,56.78376741368867,55.0,1.7271999999999998,2.7939999999999996,2.413,2.5273,6.817984447163778,11.029092488059053,9.525125330596454,9.976315477835234,2.6416,10.427505625074014,78.85501125014802,137.97931551730943,82.08486953775707,11.029092488059053,9.976315477835234,59.124304267161406,2
B00038,B00038_R1,35,Gate_1,Green_7,2,3,0.2032,1.9812,52.0,1.9812,2.032,72.15,3,3,-20.15,0.2032,0.762,2.54,1.143,1.7272,3.556,2.7178,1,3,3,300,0,2,3,2.032,1.4223999999999999,1.8034,1.1938,52.0,72.15,3,3,1.7272,3.556,0,-20.150000000000006,1.8288,4.445,23.546283503730315,75.54628350373031,224.4537164962697,12.934117554178329,0.0,0.7481790549875657,67.49156355455568,55.0,1.1938,1.8034,1.7271999999999998,1.7271999999999998,4.712430426716141,7.118777878656298,6.817984447163778,6.817984447163778,1.7272,6.817984447163779,75.54628350373031,138.88169581178698,77.57296806536928,7.118777878656298,6.817984447163778,63.335412308056675,1
B00038,B00038_R1,31,Green_3,Gate_4,3,3,0.2032,1.9812,52.0,1.9812,2.032,72.15,3,3,-20.15,2.286,0.2032,0.2032,1.9812,3.8608,2.6416,3.8608,2,3,3,300,0,3,3,2.1844,1.7271999999999998,2.1844,1.7271999999999998,52.0,72.15,3,3,3.8608,2.6416,0,-20.150000000000006,-1.2191999999999998,7.7216,36.48040105790865,88.48040105790865,211.51959894209136,0.0,0.0,0.7050653298069712,38.852051388313306,55.0,1.7271999999999998,2.1844,1.1938,2.5273,6.817984447163778,8.622745036118896,4.712430426716141,9.976315477835234,3.8608,15.240200528954327,88.48040105790865,128.3539257095488,67.64678482611615,8.622745036118896,9.976315477835234,39.87352465164015,0
B00039,B00039_R2,39,Gate_2,Green_7,1,3,0.2032,1.9812,68.13,1.9812,2.032,58.52,3,2,9.61,0.2032,1.143,2.54,1.143,1.3462,3.175,2.3368,1,3,3,300,1,1,3,1.1938,0.889,2.7178,2.7178,58.52,68.13,2,3,3.175,1.3462,-1,-9.609999999999992,-1.8287999999999998,5.5118,27.757391544625587,86.27739154462559,213.72260845537443,6.3166620613429245,0.0,0.7124086948512481,54.428680285932,60.52,2.7178,2.7178,2.2605999999999997,2.7177999999999995,10.728299056566534,10.728299056566534,8.923538467611415,10.728299056566533,3.175,12.53305964552165,86.27739154462559,149.61280385268228,88.40153159909998,10.728299056566534,10.728299056566533,63.33541230805669,2
B00039,B00039_R2,27,Yellow_2,Purple_3,2,3,0.2032,1.9812,68.13,1.9812,2.032,58.52,3,2,9.61,0.762,0.2032,1.0668,2.54,2.3368,3.556,3.2512,3,3,3,300,1,2,3,1.3081,1.1176,2.4511,2.2605999999999997,58.52,68.13,2,3,3.556,2.3368,-1,-9.609999999999992,-1.2191999999999998,6.8072,32.87087987999842,91.39087987999842,208.6091201200016,1.203173725970089,0.0,0.6953637337333386,44.07098366435539,60.52,2.2605999999999997,2.4511,2.7178,3.1369,8.923538467611415,9.675522046342714,10.728299056566534,12.382662929775393,3.556,14.03702680298425,91.39087987999842,149.91359728417478,81.18248924327952,9.675522046342714,12.382662929775393,58.52271740417636,1
B00039,B00039_R2,37,Gate_1,Orange_5,3,3,0.2032,1.9812,68.13,1.9812,2.032,58.52,3,2,9.61,0.2032,0.762,1.9812,2.032,1.7272,3.556,3.556,1,3,3,300,1,3,3,1.0032999999999999,0.889,3.3655,3.175,58.52,68.13,2,3,3.556,1.7272,-1,-9.609999999999992,-1.8288,7.112,34.0740536059685,92.5940536059685,207.4059463940315,0.0,0.0,0.6913531546467717,42.1822272215973,60.52,3.175,3.3655,2.6416,2.6797,12.53305964552165,13.28504322425295,10.427505625074014,10.577902340820273,3.556,14.03702680298425,92.5940536059685,149.61280385268228,87.19835787312991,13.28504322425295,10.577902340820273,57.01875024671378,0
B00040,B00040_R1,35,Gate_1,Green_7,1,3,0.2032,1.9812,58.31,1.9812,2.032,72.25,3,3,-13.94,0.2032,0.762,2.54,1.143,1.7272,3.556,2.7178,1,3,3,300,0,1,3,1.3208,0.0,1.9558,1.1938,58.31,72.25,3,3,1.7272,3.556,0,-13.939999999999998,1.8288,4.445,23.546283503730315,81.85628350373031,218.1437164962697,12.934117554178329,0.0,0.7271457216542323,67.49156355455568,61.31,1.1938,1.9558,1.7271999999999998,2.6416,4.712430426716141,7.720364741641338,6.817984447163778,10.427505625074014,1.7272,6.817984447163779,81.85628350373031,145.19169581178699,78.77614179133936,7.720364741641338,10.427505625074014,63.335412308056675,2
B00040,B00040_R1,31,Green_3,Gate_4,2,3,0.2032,1.9812,58.31,1.9812,2.032,72.25,3,3,-13.94,2.286,0.2032,0.2032,1.9812,3.8608,2.6416,3.8608,2,3,3,300,0,2,3,2.6416,2.6416,1.7271999999999998,1.7271999999999998,58.31,72.25,3,3,3.8608,2.6416,0,-13.939999999999998,-1.2191999999999998,7.7216,36.48040105790865,94.79040105790865,205.20959894209136,0.0,0.0,0.6840319964736379,38.852051388313306,61.31,1.7271999999999998,1.7271999999999998,1.1938,1.9177,6.817984447163778,6.817984447163778,4.712430426716141,7.5699680258950774,3.8608,15.240200528954327,94.79040105790865,134.6639257095488,64.03726364820591,6.817984447163778,7.5699680258950774,39.87352465164015,1
B00040,B00040_R1,40,Gate_1,Orange_5,3,3,0.2032,1.9812,58.31,1.9812,2.032,72.25,3,3,-13.94,0.2032,0.762,1.9812,2.032,1.7272,3.556,3.556,1,3,3,300,0,3,3,1.3208,0.0,3.0987999999999998,2.6416,58.31,72.25,3,3,1.7272,3.556,0,-13.939999999999998,1.8288,5.2832,26.855011250148028,85.16501125014803,214.83498874985196,9.625389807760598,0.0,0.7161166291661732,56.78376741368867,61.31,2.6416,3.0987999999999998,1.7271999999999998,2.2225,10.427505625074014,12.232266214029131,6.817984447163778,8.773141751865156,1.7272,6.817984447163779,85.16501125014803,145.191695811787,84.49121698969724,12.232266214029131,8.773141751865156,60.02668456163899,0
B00041,B00041_R2,27,Yellow_2,Purple_3,1,3,1.9812,2.032,75.35,1.9812,2.032,60.03,3,2,15.32,0.762,0.2032,1.0668,2.54,3.556,3.556,3.2512,3,3,3,300,1,1,3,2.3368,1.1176,2.032,1.4223999999999999,60.03,75.35,2,3,3.556,3.556,-1,-15.319999999999993,0.0,6.8072,32.87087987999842,92.90087987999843,207.09912012000157,1.2031737259700606,0.0,0.6903304004000053,44.07098366435539,62.03,1.4223999999999999,2.032,2.3367999999999998,2.9463999999999997,5.6148107211937,8.021158173133857,9.224331899103934,11.630679351044092,3.556,14.03702680298425,92.90087987999843,137.38657048119055,65.34070185134016,8.021158173133857,11.630679351044092,44.48569060119212,2
B00041,B00041_R2,37,Gate_1,Orange_5,2,3,1.9812,2.032,75.35,1.9812,2.032,60.03,3,2,15.32,0.2032,0.762,1.9812,2.032,3.556,3.556,3.556,1,3,3,300,1,2,3,2.3368,1.1176,1.778,0.0,60.03,75.35,2,3,3.556,3.556,-1,-15.319999999999993,0.0,7.112,34.0740536059685,94.1040536059685,205.8959463940315,0.0,0.0,0.6863198213134384,42.1822272215973,62.03,0.0,1.778,1.7271999999999998,2.1844,0.0,7.018513401492125,6.817984447163778,8.622745036118896,3.556,14.03702680298425,94.1040536059685,134.9802230292504,62.13223858208661,7.018513401492125,8.622745036118896,40.876169423281894,1
B00041,B00041_R2,41,Orange_5,Gate_4,3,3,1.9812,2.032,75.35,1.9812,2.032,60.03,3,2,15.32,1.9812,2.032,0.2032,1.9812,0.0,0.0,2.3368,2,3,3,300,1,3,3,3.556,3.556,2.032,1.7271999999999998,60.03,75.35,2,3,0.0,0.0,-1,-15.319999999999993,0.0,2.3368,15.224331899103936,75.25433189910393,224.74566810089607,18.849721706864557,0.0,0.7491522270029869,128.38069154399176,62.03,1.7271999999999998,2.032,0.0,0.7111999999999999,6.817984447163778,8.021158173133855,0.0,2.80740536059685,0.0,0.0,75.25433189910393,142.19926538507087,82.98724983223464,8.021158173133855,2.80740536059685,66.94493348596694,0
B00042,B00042_R2,42,Green_1,Gate_3,1,3,1.9812,2.032,65.53,0.2032,1.9812,66.73,3,3,-1.2,1.6764,0.2032,0.2032,1.6002,3.2512,3.2512,2.8702,2,3,3,300,1,1,3,2.6416,2.032,2.032,1.3461999999999998,66.73,65.53,3,3,3.2512,3.2512,0,1.2000000000000028,0.0,6.1213999999999995,30.163738996565744,96.89373899656574,203.10626100343427,0.0,0.0,0.6770208700114476,49.00839677198027,69.73,1.3461999999999998,2.032,3.2512,3.2512,5.314017289701179,8.021158173133857,12.83385307701417,12.83385307701417,3.2512,12.83385307701417,96.89373899656574,148.19741404492166,67.34599139462361,8.021158173133857,12.83385307701417,51.30367504835591,2
B00042,B00042_R2,37,Gate_1,Orange_5,2,3,1.9812,2.032,65.53,0.2032,1.9812,66.73,3,3,-1.2,0.2032,0.762,1.9812,2.032,3.556,1.7272,3.556,1,3,3,300,1,2,3,2.794,2.032,1.6256,0.0,66.73,65.53,3,3,1.7272,3.556,0,1.2000000000000028,1.8288,5.2832,26.855011250148028,93.58501125014803,206.41498874985197,3.308727746417702,0.0,0.6880499624995066,56.78376741368867,69.73,0.0,1.6256,1.3461999999999998,1.5366999999999997,0.0,6.416926538507085,5.314017289701179,6.066000868432479,1.7272,6.817984447163779,93.58501125014803,146.69344688745906,67.44625587178778,6.416926538507085,6.066000868432479,53.10843563731103,1
B00042,B00042_R2,41,Orange_5,Gate_4,3,3,1.9812,2.032,65.53,0.2032,1.9812,66.73,3,3,-1.2,1.9812,2.032,0.2032,1.9812,0.0,2.3368,2.3368,2,3,3,300,1,3,3,3.4036,3.2512,2.4892,1.7271999999999998,66.73,65.53,3,3,2.3368,0.0,0,1.2000000000000028,-2.3368,4.6736,24.44866379820787,91.17866379820788,208.82133620179212,5.715075198357852,0.0,0.6960711206726404,64.19034577199588,69.73,1.7271999999999998,2.4892,0.0,1.3589,6.817984447163778,9.825918762088975,0.0,5.364149528283267,2.3368,9.224331899103936,91.17866379820788,138.9730821458177,76.67058777089171,9.825918762088975,5.364149528283267,47.79441834760982,0
B00043,B00043_R1,43,Gate_1,Green_5,1,3,1.9812,2.032,52.81,0.2032,1.9812,81.96,2,4,-29.15,0.2032,0.762,1.9812,0.7112,3.556,1.7272,2.3368,1,3,3,300,0,1,3,1.3208,0.0,1.5747999999999998,0.8128,52.81,81.96,2,4,3.556,1.7272,-2,-29.14999999999999,-1.8288,5.8928,29.261358702088188,82.07135870208819,217.9286412979118,4.8126949038803275,0.0,0.7264288043263727,50.90958457778984,54.81,0.8128,1.5747999999999998,1.7271999999999998,2.6416,3.2084632692535426,6.216397584178738,6.817984447163778,10.427505625074014,3.556,14.03702680298425,82.07135870208819,140.59407610626457,78.17455492835431,6.216397584178738,10.427505625074014,58.522717404176376,2
B00043,B00043_R1,31,Green_3,Gate_4,2,3,1.9812,2.032,52.81,0.2032,1.9812,81.96,2,4,-29.15,2.286,0.2032,0.2032,1.9812,2.6416,3.8608,3.8608,2,3,3,300,0,2,3,2.6416,2.6416,1.7271999999999998,1.7271999999999998,52.81,81.96,2,4,2.6416,3.8608,-2,-29.14999999999999,1.2191999999999998,6.5024,31.66770615402834,84.47770615402834,215.52229384597166,2.406347451940178,0.0,0.7184076461532388,46.13681102362205,54.81,1.7271999999999998,1.7271999999999998,0.8128,1.7271999999999998,6.817984447163778,6.817984447163778,3.2084632692535426,6.817984447163778,2.6416,10.427505625074014,84.47770615402834,140.59407610626457,76.97138120238425,6.817984447163778,6.817984447163778,56.11636995223623,1
B00043,B00043_R1,40,Gate_1,Orange_5,3,3,1.9812,2.032,52.81,0.2032,1.9812,81.96,2,4,-29.15,0.2032,0.762,1.9812,2.032,3.556,1.7272,3.556,1,3,3,300,0,3,3,1.3208,0.0,3.0987999999999998,2.6416,52.81,81.96,2,4,3.556,1.7272,-2,-29.14999999999999,-1.8288,7.112,34.0740536059685,86.8840536059685,213.11594639403148,0.0,0.0,0.710386487980105,42.1822272215973,54.81,2.6416,3.0987999999999998,1.7271999999999998,2.032,10.427505625074014,12.232266214029131,6.817984447163778,8.021158173133855,3.556,14.03702680298425,86.8840536059685,140.59407610626457,85.39359728417479,12.232266214029131,8.021158173133855,53.71002250029606,0
B00044,B00044_R2,44,Gate_2,Green_7,1,4,1.9812,2.032,69.03,0.2032,1.9812,69.54,3,3,-0.5,0.2032,1.143,2.54,1.143,3.175,1.3462,2.3368,1,3,3,300,1,1,4,2.159,0.889,2.1590000000000003,1.8034,69.54,69.03,3,3,1.3462,3.175,0,0.5100000000000051,1.8287999999999998,3.6830000000000003,20.538349188805118,90.07834918880512,209.92165081119487,9.625389807760598,0.0,0.6997388360373162,81.45533532446375,72.54,1.8034,2.1590000000000003,0.9652,1.8288,7.118777878656298,8.522480558954722,3.810050132238582,7.219042355820471,1.3462,5.31401728970118,90.07834918880512,170.04179607626415,107.0348557217858,8.522480558954722,7.219042355820471,79.96344688745903,3
B00044,B00044_R2,42,Green_1,Gate_3,2,4,1.9812,2.032,69.03,0.2032,1.9812,69.54,3,3,-0.5,1.6764,0.2032,0.2032,1.6002,3.2512,3.2512,2.8702,2,3,3,300,1,2,4,2.5654,2.032,1.6764,0.9652,69.54,69.03,3,3,3.2512,3.2512,0,0.5100000000000051,0.0,6.1213999999999995,30.163738996565744,99.70373899656575,200.29626100343427,0.0,0.0,0.6676542033447809,49.00839677198027,72.54,0.9652,1.6764,1.8034,2.7685999999999997,3.810050132238582,6.6174554928354326,7.118777878656298,10.92882801089488,3.2512,12.83385307701417,99.70373899656575,165.8306880353689,91.69439071566731,6.6174554928354326,10.92882801089488,66.12694903880315,2
B00044,B00044_R2,37,Gate_1,Orange_5,3,4,1.9812,2.032,69.03,0.2032,1.9812,69.54,3,3,-0.5,0.2032,0.762,1.9812,2.032,3.556,1.7272,3.556,1,3,3,300,1,3,4,2.1590000000000003,0.889,2.1420666666666666,0.0,69.54,69.03,3,3,1.7272,3.556,0,0.5100000000000051,1.8288,5.2832,26.855011250148028,96.39501125014803,203.60498874985197,3.308727746417702,0.0,0.6786832958328399,56.78376741368867,72.54,0.0,2.1420666666666666,1.3461999999999998,1.9304,0.0,8.455637574178608,5.314017289701179,7.620100264477164,1.7272,6.817984447163779,96.39501125014803,170.04179607626418,100.51766470611454,8.455637574178608,7.620100264477164,73.64678482611615,1
B00044,B00044_R2,41,Orange_5,Gate_4,4,4,1.9812,2.032,69.03,0.2032,1.9812,69.54,3,3,-0.5,1.9812,2.032,0.2032,1.9812,0.0,2.3368,2.3368,2,3,3,300,1,4,4,3.3273999999999995,3.175,2.1081999999999996,1.3461999999999998,69.54,69.03,3,3,2.3368,0.0,0,0.5100000000000051,-2.3368,4.6736,24.44866379820787,93.98866379820788,206.01133620179212,5.715075198357852,0.0,0.6867044540059737,64.19034577199588,72.54,1.3461999999999998,2.1081999999999996,0.0,1.5578666666666667,5.314017289701179,8.321951604626376,0.0,6.149554599402624,2.3368,9.224331899103936,93.98866379820788,162.32143133462282,102.522954249398,8.321951604626376,6.149554599402624,68.33276753641493,0
B00045,B00045_R1,31,Green_3,Gate_4,1,3,1.9812,2.032,58.92,0.2032,1.9812,79.73,3,4,-20.81,2.286,0.2032,0.2032,1.9812,2.6416,3.8608,3.8608,2,3,3,300,0,1,3,1.9177,1.1938,2.4511,1.7271999999999998,58.92,79.73,3,4,2.6416,3.8608,-1,-20.810000000000002,1.2191999999999998,6.5024,31.66770615402834,90.58770615402834,209.41229384597165,2.4063474519401495,0.0,0.6980409794865722,46.13681102362205,61.92,1.7271999999999998,2.4511,2.6416,3.0606999999999998,6.817984447163778,9.675522046342714,10.427505625074014,12.081869498282872,2.6416,10.427505625074014,90.58770615402834,149.41121698969724,78.17455492835433,9.675522046342714,12.081869498282872,58.8235108356689,2
B00045,B00045_R1,40,Gate_1,Orange_5,2,3,1.9812,2.032,58.92,0.2032,1.9812,79.73,3,4,-20.81,0.2032,0.762,1.9812,2.032,3.556,1.7272,3.556,1,3,3,300,0,2,3,2.6797,2.6416,2.2987,1.9558,58.92,79.73,3,4,3.556,1.7272,-1,-20.810000000000002,-1.8288,7.112,34.0740536059685,92.9940536059685,207.0059463940315,0.0,0.0,0.6900198213134383,42.1822272215973,61.92,1.9558,2.2987,1.3461999999999998,1.5366999999999997,7.720364741641338,9.073935183357676,5.314017289701179,6.066000868432479,3.556,14.03702680298425,92.9940536059685,140.68820747641416,74.56503375044409,9.073935183357676,6.066000868432479,47.69415387044566,1
B00045,B00045_R1,45,Green_7,Gate_3,3,3,1.9812,2.032,58.92,0.2032,1.9812,79.73,3,4,-20.81,2.54,1.143,0.2032,1.6002,1.9558,3.175,2.794,2,3,3,300,0,3,3,1.9558,1.1938,2.413,1.3461999999999998,58.92,79.73,3,4,1.9558,3.175,-1,-20.810000000000002,1.2191999999999998,4.7498000000000005,24.749457229700393,83.6694572297004,216.3305427702996,9.32459637626809,0.0,0.721101809234332,63.16055412859488,61.92,1.3461999999999998,2.413,1.9558,2.5654,5.314017289701179,9.525125330596454,7.720364741641338,10.126712193581493,1.9558,7.720364741641338,83.6694572297004,149.41121698969724,84.79201042118974,9.525125330596454,10.126712193581493,65.74175975999684,0
B00046,B00046_R2,42,Green_1,Gate_3,1,4,0.2032,1.6002,73.85,0.2032,1.9812,72.64,3,4,1.21,1.6764,0.2032,0.2032,1.6002,2.8702,3.2512,2.8702,2,3,3,300,1,1,4,2.7432,2.032,1.9558,1.3461999999999998,72.64,73.85,4,3,3.2512,2.8702,1,-1.2099999999999937,-0.3809999999999998,6.1213999999999995,30.163738996565744,102.80373899656574,197.19626100343424,0.0,0.0,0.6573208700114475,49.00839677198027,76.64,1.3461999999999998,1.9558,2.9463999999999997,3.1495999999999995,5.314017289701179,7.720364741641338,11.630679351044092,12.432795168357478,3.2512,12.83385307701417,102.80373899656574,168.9306880353689,90.49121698969724,7.720364741641338,12.432795168357478,66.12694903880315,3
B00046,B00046_R2,37,Gate_1,Orange_5,2,4,0.2032,1.6002,73.85,0.2032,1.9812,72.64,3,4,1.21,0.2032,0.762,1.9812,2.032,1.3462,1.7272,3.556,1,3,3,300,1,2,4,2.7432,2.032,1.5578666666666665,0.0,72.64,73.85,4,3,1.7272,1.3462,1,-1.2099999999999937,-0.381,5.2832,26.855011250148028,99.49501125014802,200.50498874985198,3.3087277464177305,0.0,0.6683499624995066,56.78376741368867,76.64,0.0,1.5578666666666665,1.3461999999999998,2.1081999999999996,0.0,6.149554599402624,5.314017289701179,8.321951604626376,1.7272,6.817984447163779,99.49501125014802,168.62989460387638,89.08751430939881,6.149554599402624,8.321951604626376,69.13488335372836,2
B00046,B00046_R2,41,Orange_5,Gate_4,3,4,0.2032,1.6002,73.85,0.2032,1.9812,72.64,3,4,1.21,1.9812,2.032,0.2032,1.9812,2.7178,2.3368,2.3368,2,3,3,300,1,3,4,2.7432,1.4223999999999999,2.1336,1.4223999999999999,72.64,73.85,4,3,2.3368,2.7178,1,-1.2099999999999937,0.3809999999999998,4.6736,24.44866379820787,97.08866379820788,202.91133620179212,5.71507519835788,0.0,0.6763711206726404,64.19034577199588,76.64,1.4223999999999999,2.1336,0.0,1.1768666666666665,5.6148107211937,8.42221608179055,0.0,4.645587441940026,2.3368,9.224331899103936,97.08866379820788,160.90952986223502,98.31184620850274,8.42221608179055,4.645587441940026,63.82086606402714,1
B00046,B00046_R2,46,Purple_5,Orange_4,4,4,0.2032,1.6002,73.85,0.2032,1.9812,72.64,3,4,1.21,1.0668,2.032,1.6764,2.032,1.8034,1.4224,1.1176,3,3,3,300,1,4,4,2.3367999999999998,1.4223999999999999,2.3367999999999998,0.8128,72.64,73.85,4,3,1.4224,1.8034,1,-1.2099999999999937,0.3809999999999998,2.54,16.026447716417323,88.66644771641732,211.33355228358266,14.137291280148418,0.0,0.7044451742786089,118.11023622047244,76.64,0.8128,2.3367999999999998,1.4223999999999999,1.5493999999999997,3.2084632692535426,9.224331899103936,5.6148107211937,6.116133107014566,1.4224,5.614810721193701,88.66644771641732,170.13386176133898,109.14040974223344,9.224331899103936,6.116133107014566,81.46741404492165,0
B00047,B00047_R1,47,Purple_2,Gate_3,1,3,0.2032,1.6002,64.33,1.6764,2.032,76.14,3,4,-11.81,0.762,2.54,0.2032,1.6002,1.4986,1.4224,1.4986,2,3,3,300,0,1,3,2.7558999999999996,2.3367999999999998,2.0701,1.3461999999999998,64.33,76.14,3,4,1.4986,1.4224,-1,-11.810000000000002,-0.07619999999999982,2.9972,17.83120830537244,82.16120830537244,217.83879169462756,10.226976670745671,0.0,0.7261293056487585,100.0934205258241,67.33,1.3461999999999998,2.0701,1.4986,1.6128999999999998,5.314017289701179,8.171554888880117,5.915604152686219,6.366794299924999,1.4986,5.915604152686219,82.16120830537244,135.57043737417595,69.75233884656376,8.171554888880117,6.366794299924999,53.40922906880351,2
B00047,B00047_R1,40,Gate_1,Orange_5,2,3,0.2032,1.6002,64.33,1.6764,2.032,76.14,3,4,-11.81,0.2032,0.762,1.9812,2.032,1.3462,3.2512,3.556,1,3,3,300,0,2,3,2.5273,2.3367999999999998,1.8415,1.7271999999999998,64.33,76.14,3,4,1.3462,3.2512,-1,-11.810000000000002,1.9049999999999998,4.902200000000001,25.35104409268543,89.68104409268543,210.31895590731457,2.707140883432686,0.0,0.7010631863577153,61.19701358573701,67.33,1.7271999999999998,1.8415,1.3461999999999998,1.3461999999999998,6.817984447163778,7.269174594402558,5.314017289701179,5.314017289701179,1.3462,5.31401728970118,89.68104409268543,135.57043737417598,60.427742470295655,7.269174594402558,5.314017289701179,45.889393281490555,1
B00047,B00047_R1,45,Green_7,Gate_3,3,3,0.2032,1.6002,64.33,1.6764,2.032,76.14,3,4,-11.81,2.54,1.143,0.2032,1.6002,2.794,2.2606,2.794,2,3,3,300,0,3,3,2.9463999999999997,2.7178,1.4223999999999999,1.3461999999999998,64.33,76.14,3,4,2.794,2.2606,-1,-11.810000000000002,-0.5333999999999999,5.588,28.058184976118106,92.38818497611811,207.6118150238819,0.0,0.0,0.6920393834129396,53.686471009305656,67.33,1.3461999999999998,1.4223999999999999,1.9558,2.3749000000000002,5.314017289701179,5.614810721193699,7.720364741641338,9.374728614850195,2.794,11.029092488059053,92.38818497611811,132.26170962775825,54.41187384044526,5.614810721193699,9.374728614850195,39.87352465164014,0
B00048,B00048_R2,37,Gate_1,Orange_5,1,4,0.2032,1.6002,66.43,1.6764,2.032,66.02,3,4,0.41,0.2032,0.762,1.9812,2.032,1.3462,3.2512,3.556,1,3,3,300,1,1,4,2.0658666666666665,0.0,1.6594666666666666,0.0,66.02,66.43,4,3,3.2512,1.3462,1,-0.4100000000000108,-1.9049999999999998,6.8072,32.87087987999842,98.89087987999841,201.1091201200016,0.0,0.0,0.6703637337333387,44.07098366435539,70.02,0.0,1.6594666666666666,1.7271999999999998,2.7432,0.0,6.5506125080593165,6.817984447163778,10.828563533730707,3.2512,12.83385307701417,98.89087987999841,157.7987865629811,84.57561283701102,6.5506125080593165,10.828563533730707,58.907906682982684,3
B00048,B00048_R2,41,Orange_5,Gate_4,2,4,0.2032,1.6002,66.43,1.6764,2.032,66.02,3,4,0.41,1.9812,2.032,0.2032,1.9812,2.7178,0.8128,2.3368,2,3,3,300,1,2,4,2.8447999999999998,1.4223999999999999,1.6255999999999997,1.4223999999999999,66.02,66.43,4,3,0.8128,2.7178,1,-0.4100000000000108,1.905,3.1496000000000004,18.43279516835748,84.45279516835748,215.54720483164252,14.438084711640926,0.0,0.7184906827721417,95.250190500381,70.02,1.4223999999999999,1.6255999999999997,0.0,0.5418666666666666,5.6148107211937,6.416926538507085,0.0,2.138975512835695,0.8128,3.2084632692535426,84.45279516835748,160.60619192357794,98.61263963999525,6.416926538507085,2.138975512835695,76.15339675522046,2
B00048,B00048_R2,48,Gate_1,Orange_1,3,4,0.2032,1.6002,66.43,1.6764,2.032,66.02,3,4,0.41,0.2032,0.762,1.6764,2.54,1.3462,3.2512,3.2512,1,3,3,300,1,3,4,2.0658666666666665,0.0,1.7271999999999998,0.8128,66.02,66.43,4,3,3.2512,1.3462,1,-0.4100000000000108,-1.9049999999999998,6.5024,31.66770615402834,97.68770615402833,202.31229384597168,1.203173725970089,0.0,0.6743743128199056,46.13681102362205,70.02,0.8128,1.7271999999999998,1.7271999999999998,2.8447999999999998,3.2084632692535426,6.817984447163778,6.817984447163778,11.2296214423874,3.2512,12.83385307701417,97.68770615402833,157.7987865629811,86.58090238029448,6.817984447163778,11.2296214423874,60.11108040895276,1
B00048,B00048_R2,46,Purple_5,Orange_4,4,4,0.2032,1.6002,66.43,1.6764,2.032,66.02,3,4,0.41,1.0668,2.032,1.6764,2.032,1.8034,1.1176,1.1176,3,3,3,300,1,4,4,2.2352000000000003,1.4223999999999999,2.4384,0.8128,66.02,66.43,4,3,1.1176,1.8034,1,-0.4100000000000108,0.6858,2.2352,14.823273990447243,80.84327399044724,219.15672600955276,18.047605889551164,0.0,0.7305224200318425,134.21617752326415,70.02,0.8128,2.4384,1.1176,1.3208,3.2084632692535426,9.625389807760628,4.411636995223621,5.213752812537007,1.1176,4.411636995223621,80.84327399044724,163.81465519283148,111.84755062566612,9.625389807760628,5.213752812537007,82.97138120238424,0
B00049,B00049_R1,49,Green_7,Yellow_1,1,3,0.2032,1.6002,58.01,1.6764,2.032,80.05,3,4,-22.03,2.54,1.143,0.4572,0.2032,2.794,2.2606,3.0226,3,3,3,300,0,1,3,1.3589,0.0,1.9177,0.8128,58.01,80.05,3,4,2.794,2.2606,-1,-22.04,-0.5333999999999999,5.8166,28.960565270595666,86.97056527059567,213.02943472940433,0.0,0.0,0.7100981157646811,51.57652236701853,61.01,0.8128,1.9177,1.9558,2.3749000000000002,3.2084632692535426,7.569968025895077,7.720364741641338,9.374728614850195,2.794,11.029092488059053,86.97056527059567,137.07106659298148,68.5491651205937,7.569968025895077,9.374728614850195,50.10050132238581,2
B00049,B00049_R1,40,Gate_1,Orange_5,2,3,0.2032,1.6002,58.01,1.6764,2.032,80.05,3,4,-22.03,0.2032,0.762,1.9812,2.032,1.3462,3.2512,3.556,1,3,3,300,0,2,3,2.7178,2.7178,1.9558,1.9558,58.01,80.05,3,4,1.3462,3.2512,-1,-22.04,1.9049999999999998,4.902200000000001,25.35104409268543,83.36104409268543,216.63895590731457,3.6095211779102385,0.0,0.7221298530243819,61.19701358573701,61.01,1.9558,1.9558,0.8128,1.0795,7.720364741641338,7.720364741641338,3.2084632692535426,4.261240279477361,1.3462,5.31401728970118,83.36104409268543,138.27424031895157,72.45947972999646,7.720364741641338,4.261240279477361,54.91319622626614,1
B00049,B00049_R1,45,Green_7,Gate_3,3,3,0.2032,1.6002,58.01,1.6764,2.032,80.05,3,4,-22.03,2.54,1.143,0.2032,1.6002,2.794,2.2606,2.794,2,3,3,300,0,3,3,1.3589,0.0,2.0701,1.3461999999999998,58.01,80.05,3,4,2.794,2.2606,-1,-22.04,-0.5333999999999999,5.588,28.058184976118106,86.0681849761181,213.93181502388188,0.9023802944775525,0.0,0.7131060500796063,53.686471009305656,61.01,1.3461999999999998,2.0701,1.9558,2.4892,5.314017289701179,8.171554888880117,7.720364741641338,9.825918762088975,2.794,11.029092488059053,86.0681849761181,137.07106659298148,70.65471914104134,8.171554888880117,9.825918762088975,51.00288161686338,0
B00050,B00050_R2,41,Orange_5,Gate_4,1,4,0.2032,1.6002,75.95,1.6764,2.032,70.23,3,4,5.72,1.9812,2.032,0.2032,1.9812,2.7178,0.8128,2.3368,2,3,3,300,1,1,4,2.4384,1.4223999999999999,2.2352,1.4223999999999999,70.23,75.95,4,3,0.8128,2.7178,1,-5.719999999999999,1.905,3.1496000000000004,18.43279516835748,88.66279516835749,211.3372048316425,13.234910985670865,0.0,0.7044573494388083,95.250190500381,74.23,1.4223999999999999,2.2352,0.8128,1.4478,5.6148107211937,8.823273990447243,3.2084632692535426,5.715075198357873,0.8128,3.2084632692535426,88.66279516835749,164.1143405834287,101.92136738641298,8.823273990447243,5.715075198357873,75.45154541507122,3
B00050,B00050_R2,46,Purple_5,Orange_4,2,4,0.2032,1.6002,75.95,1.6764,2.032,70.23,3,4,5.72,1.0668,2.032,1.6764,2.032,1.8034,1.1176,1.1176,3,3,3,300,1,2,4,2.4383999999999997,1.4223999999999999,2.2352,0.8128,70.23,75.95,4,3,1.1176,1.8034,1,-5.719999999999999,0.6858,2.2352,14.823273990447243,85.05327399044725,214.94672600955275,16.844432163581104,0.0,0.7164890866985092,134.21617752326415,74.23,0.8128,2.2352,1.1176,1.4477999999999998,3.2084632692535426,8.823273990447243,4.411636995223621,5.715075198357873,1.1176,4.411636995223621,85.05327399044725,164.11434058342874,105.5308885643232,8.823273990447243,5.715075198357873,79.06106659298149,2
B00050,B00050_R2,50,Green_6,Gate_3,3,4,0.2032,1.6002,75.95,1.6764,2.032,70.23,3,4,5.72,2.54,0.762,0.2032,1.6002,3.175,2.6416,3.175,2,3,3,300,1,3,4,2.8447999999999993,2.3367999999999998,1.9558,1.3461999999999998,70.23,75.95,4,3,2.6416,3.175,1,-5.719999999999999,0.5333999999999999,5.816599999999999,28.960565270595662,99.19056527059567,200.80943472940433,2.707140883432686,0.0,0.6693647824313478,51.57652236701854,74.23,1.3461999999999998,1.9558,2.6416,2.9464,5.314017289701179,7.720364741641337,10.427505625074014,11.630679351044092,2.6416,10.427505625074014,99.19056527059567,164.11434058342874,88.08486953775707,7.720364741641337,11.630679351044092,64.92377531283307,1
B00050,B00050_R2,48,Gate_1,Orange_1,4,4,0.2032,1.6002,75.95,1.6764,2.032,70.23,3,4,5.72,0.2032,0.762,1.6764,2.54,1.3462,3.2512,3.2512,1,3,3,300,1,4,4,3.0479999999999996,2.6416,1.524,0.8128,70.23,75.95,4,3,3.2512,1.3462,1,-5.719999999999999,-1.9049999999999998,6.5024,31.66770615402834,101.89770615402834,198.10229384597164,0.0,0.0,0.6603409794865721,46.13681102362205,74.23,0.8128,1.524,1.3461999999999998,2.1081999999999996,3.2084632692535426,6.0158686298503925,5.314017289701179,8.321951604626376,3.2512,12.83385307701417,101.89770615402834,156.59450479611573,80.26424031895156,6.0158686298503925,8.321951604626376,54.69679864208739,0
B00051,B00051_R1,40,Gate_1,Orange_5,1,3,0.2032,1.6002,64.37,1.6764,2.54,88.36,3,5,-24.0,0.2032,0.762,1.9812,2.032,1.3462,3.2512,3.556,1,3,3,300,0,1,3,1.8034,0.889,2.5654,1.9558,64.37,88.36,3,5,1.3462,3.2512,-2,-23.989999999999995,1.9049999999999998,4.902200000000001,25.35104409268543,89.72104409268543,210.27895590731458,2.707140883432686,0.0,0.7009298530243819,61.19701358573701,67.37,1.9558,2.5654,1.3461999999999998,1.9939,7.720364741641338,10.126712193581493,5.314017289701179,7.870761457387596,1.3462,5.31401728970118,89.72104409268543,136.51281766865355,67.0451979631311,10.126712193581493,7.870761457387596,46.79177357596812,2
B00051,B00051_R1,45,Green_7,Gate_3,2,3,0.2032,1.6002,64.37,1.6764,2.54,88.36,3,5,-24.0,2.54,1.143,0.2032,1.6002,2.794,2.2606,2.794,2,3,3,300,0,2,3,2.5273,2.3367999999999998,1.1557,0.9652,64.37,88.36,3,5,2.794,2.2606,-2,-23.989999999999995,-0.5333999999999999,5.588,28.058184976118106,92.4281849761181,207.5718150238819,0.0,0.0,0.6919060500796064,53.686471009305656,67.37,0.9652,1.1557,1.9558,2.4130000000000003,3.810050132238582,4.562033710969881,7.720364741641338,9.525125330596456,2.794,11.029092488059053,92.4281849761181,133.20408992223582,53.20870011447519,4.562033710969881,9.525125330596456,40.77590494611772,1
B00051,B00051_R1,51,Gate_2,Purple_5,3,3,0.2032,1.6002,64.37,1.6764,2.54,88.36,3,5,-24.0,0.2032,1.143,1.0668,2.032,0.9652,2.8702,2.2606,1,3,3,300,0,3,3,1.6128999999999998,0.889,2.7559,2.6416,64.37,88.36,3,5,0.9652,2.8702,-2,-23.989999999999995,1.9050000000000002,3.2258,18.73358859985,83.10358859985,216.89641140015,9.32459637626809,0.0,0.7229880380004999,93.000186000372,67.37,2.6416,2.7559,0.9652,2.0701,10.427505625074014,10.878695772312794,3.810050132238582,8.171554888880117,0.9652,3.810050132238582,83.10358859985,136.51281766865355,75.16662061342913,10.878695772312794,8.171554888880117,53.409229068803555,0
B00052,B00052_R2,52,Gate_1,Orange_2,1,4,1.0668,2.032,73.44,1.6764,2.54,79.15,4,4,-5.72,0.2032,0.762,1.9812,2.54,2.6416,3.2512,3.556,1,3,3,300,1,1,4,1.8626666666666665,0.0,2.4383999999999997,1.4223999999999999,79.15,73.44,4,4,3.2512,2.6416,0,5.710000000000008,-0.6095999999999999,6.8072,32.87087987999842,112.02087987999843,187.97912012000157,0.0,0.0,0.6265970670666718,44.07098366435539,83.15,1.4223999999999999,2.4383999999999997,1.3461999999999998,2.6161999999999996,5.6148107211937,9.625389807760628,5.314017289701179,10.32724114790984,3.2512,12.83385307701417,112.02087987999843,179.9525895077567,104.32771483835313,9.625389807760628,10.32724114790984,67.93170962775827,3
B00052,B00052_R2,50,Green_6,Gate_3,2,4,1.0668,2.032,73.44,1.6764,2.54,79.15,4,4,-5.72,2.54,0.762,0.2032,1.6002,3.2512,2.6416,3.175,2,3,3,300,1,2,4,3.0479999999999996,2.9463999999999997,1.4985999999999997,1.3461999999999998,79.15,73.44,4,4,2.6416,3.2512,0,5.710000000000008,0.6095999999999999,5.816599999999999,28.960565270595662,108.11056527059567,191.88943472940434,3.910314609402775,0.0,0.6396314490980145,51.57652236701854,83.15,1.3461999999999998,1.4985999999999997,2.3367999999999998,2.5399999999999996,5.314017289701179,5.915604152686218,9.224331899103934,10.026447716417321,2.6416,10.427505625074014,108.11056527059567,186.2692515690996,97.10867248253265,5.915604152686218,10.026447716417321,78.15868629850392,2
B00052,B00052_R2,48,Gate_1,Orange_1,3,4,1.0668,2.032,73.44,1.6764,2.54,79.15,4,4,-5.72,0.2032,0.762,1.6764,2.54,2.6416,3.2512,3.2512,1,3,3,300,1,3,4,1.8626666666666665,0.0,2.3367999999999998,1.1176,79.15,73.44,4,4,3.2512,2.6416,0,5.710000000000008,-0.6095999999999999,6.5024,31.66770615402834,110.81770615402834,189.18229384597166,1.203173725970089,0.0,0.6306076461532388,46.13681102362205,83.15,1.1176,2.3367999999999998,1.3461999999999998,2.7178,4.411636995223621,9.224331899103936,5.314017289701179,10.728299056566534,3.2512,12.83385307701417,110.81770615402834,179.9525895077567,104.32771483835313,9.224331899103936,10.728299056566534,69.13488335372836,1
B00052,B00052_R2,46,Purple_5,Orange_4,4,4,1.0668,2.032,73.44,1.6764,2.54,79.15,4,4,-5.72,1.0668,2.032,1.6764,2.032,0.0,1.1176,1.1176,3,3,3,300,1,4,4,2.8447999999999998,2.6416,3.0479999999999996,2.6416,79.15,73.44,4,4,1.1176,0.0,0,5.710000000000008,-1.1176,2.2352,14.823273990447243,93.97327399044725,206.02672600955276,18.047605889551193,0.0,0.6867557533651759,134.21617752326415,83.15,2.6416,3.0479999999999996,1.1176,1.4477999999999998,10.427505625074014,12.031737259700785,4.411636995223621,5.715075198357873,1.1176,4.411636995223621,93.97327399044725,187.47242529506968,129.59436308372477,12.031737259700785,5.715075198357873,93.49915130462243,0
B00053,B00053_R1,53,Yellow_3,Orange_7,1,3,1.0668,2.032,62.92,1.6764,2.032,92.58,3,4,-29.66,1.0668,0.2032,2.54,1.6002,2.9464,2.9464,2.8702,3,3,3,300,0,1,3,2.1082,1.8034,1.8796,0.9652,62.92,92.58,3,4,2.9464,2.9464,-1,-29.659999999999997,0.0,5.8166,28.960565270595666,91.88056527059567,208.11943472940433,0.0,0.0,0.6937314490980144,51.57652236701853,65.92,0.9652,1.8796,2.2605999999999997,2.6034999999999995,3.810050132238582,7.419571310148817,8.923538467611415,10.277108909327755,2.9464,11.630679351044094,91.88056527059567,141.37947972999646,67.0451979631311,7.419571310148817,10.277108909327755,49.498914459400794,2
B00053,B00053_R1,45,Green_7,Gate_3,2,3,1.0668,2.032,62.92,1.6764,2.032,92.58,3,4,-29.66,2.54,1.143,0.2032,1.6002,2.8702,2.2606,2.794,2,3,3,300,0,2,3,2.3749,2.3367999999999998,1.6128999999999998,0.9652,62.92,92.58,3,4,2.8702,2.2606,-1,-29.659999999999997,-0.6095999999999999,5.6642,28.35897840761063,91.27897840761062,208.72102159238938,0.6015868629850445,0.0,0.6957367386412979,52.964231489001094,65.92,0.9652,1.6128999999999998,0.9652,1.9177,3.810050132238582,6.366794299924998,3.810050132238582,7.5699680258950774,2.8702,11.329885919551574,91.27897840761062,136.56678482611616,65.5412308056685,6.366794299924998,7.5699680258950774,45.28780641850554,1
B00053,B00053_R1,51,Gate_2,Purple_5,3,3,1.0668,2.032,62.92,1.6764,2.032,92.58,3,4,-29.66,0.2032,1.143,1.0668,2.032,2.2606,2.8702,2.2606,1,3,3,300,0,3,3,2.0701,1.8034,2.9082999999999997,2.8702,62.92,92.58,3,4,2.2606,2.8702,-1,-29.659999999999997,0.6095999999999999,4.5212,23.847076935222834,86.76707693522283,213.23292306477717,5.1134883353728355,0.0,0.7107764102159239,66.35406529240024,65.92,2.8702,2.9082999999999997,0.9652,1.8796,11.329885919551574,11.480282635297833,3.810050132238582,7.419571310148817,2.2606,8.923538467611417,86.76707693522283,138.9731322780563,80.28010894880197,11.480282635297833,7.419571310148817,52.20605534283348,0
B00054,B00054_R1,54,Yellow_3,Gate_3,1,4,1.0668,2.032,82.46,1.6764,2.032,82.76,4,4,-0.3,1.0668,0.2032,0.2032,1.6002,2.9464,2.9464,2.2606,2,3,3,300,0,1,4,1.4054666666666666,0.0,2.0066,0.9652,82.46,82.76,4,4,2.9464,2.9464,0,-0.30000000000001137,0.0,5.207000000000001,26.554217818655513,109.01421781865551,190.9857821813445,2.4063474519401495,0.0,0.6366192739378149,57.614749375840205,86.46,0.9652,2.0066,2.2605999999999997,2.6923999999999997,3.810050132238582,7.920893695969684,8.923538467611415,10.62803457940236,2.9464,11.630679351044094,109.01421781865551,187.47369754865196,104.92930170133818,7.920893695969684,10.62803457940236,78.45947972999645,3
B00054,B00054_R1,53,Yellow_3,Orange_7,2,4,1.0668,2.032,82.46,1.6764,2.032,82.76,4,4,-0.3,1.0668,0.2032,2.54,1.6002,2.9464,2.9464,2.8702,3,3,3,300,0,2,4,1.4054666666666666,0.0,2.2098,0.9652,82.46,82.76,4,4,2.9464,2.9464,0,-0.30000000000001137,0.0,5.8166,28.960565270595666,111.42056527059566,188.57943472940434,0.0,0.0,0.6285981157646812,51.57652236701853,86.46,0.9652,2.2098,2.2605999999999997,2.4892,3.810050132238582,8.723009513283069,8.923538467611415,9.825918762088975,2.9464,11.630679351044094,111.42056527059566,187.47369754865196,104.92930170133818,8.723009513283069,9.825918762088975,76.0531322780563,2
B00054,B00054_R1,45,Green_7,Gate_3,3,4,1.0668,2.032,82.46,1.6764,2.032,82.76,4,4,-0.3,2.54,1.143,0.2032,1.6002,2.8702,2.2606,2.794,2,3,3,300,0,3,4,2.3875999999999995,2.3367999999999998,1.8288,0.9652,82.46,82.76,4,4,2.8702,2.2606,0,-0.30000000000001137,-0.6095999999999999,5.6642,28.35897840761063,110.81897840761062,189.18102159238938,0.6015868629850445,0.0,0.6306034053079647,52.964231489001094,86.46,0.9652,1.8288,0.9652,2.2098,3.810050132238582,7.219042355820471,3.810050132238582,8.723009513283069,2.8702,11.329885919551574,110.81897840761062,182.66100264477166,101.01898709193541,7.219042355820471,8.723009513283069,71.84202423716104,1
B00054,B00054_R1,51,Gate_2,Purple_5,4,4,1.0668,2.032,82.46,1.6764,2.032,82.76,4,4,-0.3,0.2032,1.143,1.0668,2.032,2.2606,2.8702,2.2606,1,3,3,300,0,4,4,1.9812,1.8034,2.921,2.8702,82.46,82.76,4,4,2.2606,2.8702,0,-0.30000000000001137,0.6095999999999999,4.5212,23.847076935222834,106.30707693522282,193.69292306477718,5.1134883353728355,0.0,0.6456430768825906,66.35406529240024,86.46,2.8702,2.921,0.9652,1.5748,11.329885919551574,11.53041487387992,3.810050132238582,6.216397584178739,2.2606,8.923538467611417,106.30707693522282,185.0673500967118,118.46500611850156,11.53041487387992,6.216397584178739,78.76027316148898,0
B00055,B00055_R2,50,Green_6,Gate_3,1,4,1.0668,2.032,93.58,1.6764,2.032,73.14,4,4,20.45,2.54,0.762,0.2032,1.6002,3.2512,2.6416,3.175,2,3,3,300,1,1,4,2.9718,2.7178,1.3716,0.9652,73.14,93.58,4,4,2.6416,3.2512,0,-20.439999999999998,0.6095999999999999,5.816599999999999,28.960565270595662,102.10056527059567,197.89943472940433,2.7071408834326576,0.0,0.6596647824313477,51.57652236701854,77.14,0.9652,1.3716,2.6416,2.6416,3.810050132238582,5.414281766865353,10.427505625074014,10.427505625074014,2.6416,10.427505625074014,102.10056527059567,177.2513172541744,91.39359728417479,5.414281766865353,10.427505625074014,75.15075198357874,3
B00055,B00055_R2,48,Gate_1,Orange_1,2,4,1.0668,2.032,93.58,1.6764,2.032,73.14,4,4,20.45,0.2032,0.762,1.6764,2.54,2.6416,3.2512,3.2512,1,3,3,300,1,2,4,2.159,0.889,2.2098,1.1176,73.14,93.58,4,4,3.2512,2.6416,0,-20.439999999999998,-0.6095999999999999,6.5024,31.66770615402834,104.80770615402834,195.19229384597168,0.0,0.0,0.6506409794865723,46.13681102362205,77.14,1.1176,2.2098,1.3461999999999998,2.6161999999999996,4.411636995223621,8.723009513283069,5.314017289701179,10.32724114790984,3.2512,12.83385307701417,104.80770615402834,169.73148146686142,98.61263963999527,8.723009513283069,10.32724114790984,64.92377531283309,2
B00055,B00055_R2,46,Purple_5,Orange_4,3,4,1.0668,2.032,93.58,1.6764,2.032,73.14,4,4,20.45,1.0668,2.032,1.6764,2.032,0.0,1.1176,1.1176,3,3,3,300,1,3,4,2.7178,2.2605999999999997,2.921,2.6416,73.14,93.58,4,4,1.1176,0.0,0,-20.439999999999998,-1.1176,2.2352,14.823273990447243,87.96327399044725,212.03672600955275,16.844432163581075,0.0,0.7067890866985092,134.21617752326415,77.14,2.6416,2.921,1.1176,1.3461999999999998,10.427505625074014,11.53041487387992,4.411636995223621,5.31401728970118,1.1176,4.411636995223621,87.96327399044725,177.2513172541744,123.8792878853669,11.53041487387992,5.31401728970118,89.28804326372716,1
B00055,B00055_R2,55,Gate_2,Orange_1,4,4,1.0668,2.032,93.58,1.6764,2.032,73.14,4,4,20.45,0.2032,1.143,1.6764,2.54,2.2606,2.8702,2.8702,1,3,3,300,1,4,4,1.9558,0.889,2.3367999999999998,1.1176,73.14,93.58,4,4,2.8702,2.2606,0,-20.439999999999998,-0.6095999999999999,5.7404,28.659771839103147,101.79977183910314,198.20022816089687,3.007934314925194,0.0,0.6606674272029895,52.26116646923559,77.14,1.1176,2.3367999999999998,0.9652,2.2352000000000003,4.411636995223621,9.224331899103936,3.810050132238582,8.823273990447243,2.8702,11.329885919551574,101.79977183910314,169.73148146686142,103.12454111238306,9.224331899103936,8.823273990447243,67.93170962775828,0
B00056,B00056_R1,51,Gate_2,Purple_5,1,4,1.0668,2.032,82.96,1.6764,2.54,91.98,4,4,-9.02,0.2032,1.143,1.0668,2.032,2.2606,2.8702,2.2606,1,3,3,300,0,1,4,1.3800666666666668,0.0,2.6923999999999997,2.2605999999999997,82.96,91.98,4,4,2.2606,2.8702,0,-9.02000000000001,0.6095999999999999,4.5212,23.847076935222834,106.80707693522282,193.19292306477718,5.1134883353728355,0.0,0.6439764102159239,66.35406529240024,86.96,2.2605999999999997,2.6923999999999997,0.9652,1.905,8.923538467611415,10.62803457940236,3.810050132238582,7.519835787312991,2.2606,8.923538467611417,106.80707693522282,181.65703548730906,111.84755062566614,10.62803457940236,7.519835787312991,74.84995855208624,3
B00056,B00056_R1,53,Yellow_3,Orange_7,2,4,1.0668,2.032,82.96,1.6764,2.54,91.98,4,4,-9.02,1.0668,0.2032,2.54,1.6002,2.9464,2.9464,2.8702,3,3,3,300,0,2,4,2.0066,1.8034,2.1844,0.9652,82.96,91.98,4,4,2.9464,2.9464,0,-9.02000000000001,0.0,5.8166,28.960565270595666,111.92056527059566,188.07943472940434,0.0,0.0,0.6269314490980145,51.57652236701853,86.96,0.9652,2.1844,2.2605999999999997,2.8193999999999995,3.810050132238582,8.622745036118895,8.923538467611415,11.129356965223225,2.9464,11.630679351044094,111.92056527059566,184.0633829392492,100.7181936604429,8.622745036118895,11.129356965223225,72.14281766865355,2
B00056,B00056_R1,45,Green_7,Gate_3,3,4,1.0668,2.032,82.96,1.6764,2.54,91.98,4,4,-9.02,2.54,1.143,0.2032,1.6002,2.8702,2.2606,2.794,2,3,3,300,0,3,4,2.3621999999999996,2.3367999999999998,1.397,0.9652,82.96,91.98,4,4,2.8702,2.2606,0,-9.02000000000001,-0.6095999999999999,5.6642,28.35897840761063,111.31897840761062,188.68102159238938,0.6015868629850445,0.0,0.628936738641298,52.964231489001094,86.96,0.9652,1.397,0.9652,2.3367999999999998,3.810050132238582,5.514546244029526,3.810050132238582,9.224331899103936,2.8702,11.329885919551574,111.31897840761062,179.2506880353689,91.99518414715983,5.514546244029526,9.224331899103936,67.9317096277583,1
B00056,B00056_R1,56,Gate_2,Purple_2,4,4,1.0668,2.032,82.96,1.6764,2.54,91.98,4,4,-9.02,0.2032,1.143,0.762,2.54,2.2606,2.8702,1.9558,1,3,3,300,0,4,4,1.3800666666666668,0.0,2.794,1.9558,82.96,91.98,4,4,2.2606,2.8702,0,-9.02000000000001,0.6095999999999999,4.2164,22.643903209252755,105.60390320925275,194.39609679074727,6.3166620613429245,0.0,0.6479869893024909,71.15074471112797,86.96,1.9558,2.794,0.9652,2.0066,7.720364741641338,11.029092488059055,3.810050132238582,7.920893695969684,2.2606,8.923538467611417,105.60390320925275,181.65703548730903,114.2538980776063,11.029092488059055,7.920893695969684,76.05313227805628,0
B00057,B00057_R2,48,Gate_1,Orange_1,1,4,0.762,2.54,93.38,1.6764,2.54,80.66,5,4,12.72,0.2032,0.762,1.6764,2.54,2.3368,3.2512,3.2512,1,3,3,300,1,1,4,2.2352,0.889,1.9304,1.1176,80.66,93.38,4,5,3.2512,2.3368,-1,-12.719999999999999,-0.9143999999999997,6.5024,31.66770615402834,112.32770615402833,187.67229384597167,0.0,0.0,0.6255743128199055,46.13681102362205,84.66,1.1176,1.9304,3.2512,3.3528,4.411636995223621,7.620100264477164,12.83385307701417,13.234910985670865,3.2512,12.83385307701417,112.32770615402833,172.43878656298108,82.97138120238425,7.620100264477164,13.234910985670865,60.111080408952745,3
B00057,B00057_R2,46,Purple_5,Orange_4,2,4,0.762,2.54,93.38,1.6764,2.54,80.66,5,4,12.72,1.0668,2.032,1.6764,2.032,0.8128,1.1176,1.1176,3,3,3,300,1,2,4,2.4383999999999997,2.2605999999999997,2.6416,1.8034,80.66,93.38,4,5,1.1176,0.8128,-1,-12.719999999999999,-0.30479999999999996,2.2352,14.823273990447243,95.48327399044724,204.51672600955277,16.844432163581104,0.0,0.6817224200318426,134.21617752326415,84.66,1.8034,2.6416,1.1176,1.4223999999999999,7.118777878656298,10.427505625074014,4.411636995223621,5.6148107211937,1.1176,4.411636995223621,95.48327399044724,172.4387865629811,108.23802944775589,10.427505625074014,5.6148107211937,76.95551257253386,2
B00057,B00057_R2,55,Gate_2,Orange_1,3,4,0.762,2.54,93.38,1.6764,2.54,80.66,5,4,12.72,0.2032,1.143,1.6764,2.54,1.9558,2.8702,2.8702,1,3,3,300,1,3,4,1.9812,0.889,2.0574,1.1176,80.66,93.38,4,5,2.8702,1.9558,-1,-12.719999999999999,-0.9144000000000001,5.7404,28.659771839103147,109.31977183910314,190.68022816089686,3.007934314925194,0.0,0.6356007605363229,52.26116646923559,84.66,1.1176,2.0574,2.8702,2.9718,4.411636995223621,8.12142265029803,11.329885919551574,11.730943828208266,2.8702,11.329885919551574,109.31977183910314,172.43878656298108,87.48328267477204,8.12142265029803,11.730943828208266,63.11901472387794,1
B00057,B00057_R2,57,Orange_7,Orange_6,4,4,0.762,2.54,93.38,1.6764,2.54,80.66,5,4,12.72,2.54,1.6002,2.54,1.9812,2.7178,1.8034,0.889,3,3,3,300,1,4,4,2.794,2.413,2.921,2.032,80.66,93.38,4,5,1.8034,2.7178,-1,-12.719999999999999,0.9144000000000001,2.6924,16.62803457940236,97.28803457940236,202.71196542059764,15.03967157462597,0.0,0.6757065514019921,111.42475115138909,84.66,2.032,2.921,1.8034,1.8034,8.021158173133857,11.53041487387992,7.118777878656298,7.1187778786562985,1.8034,7.118777878656298,97.28803457940236,172.43878656298108,109.7419966052185,11.53041487387992,7.1187778786562985,75.15075198357871,0
B00058,B00058_R1,58,Gate_2,Green_3,1,4,0.762,2.54,83.26,2.54,1.9812,84.26,4,4,-1.0,0.2032,1.143,2.286,0.2032,1.9558,3.175,3.0226,1,3,3,300,0,1,4,1.3800666666666668,0.0,1.9812,1.1938,83.26,84.26,4,4,1.9558,3.175,0,-1.0,1.2191999999999998,4.978400000000001,25.651837524177953,108.91183752417795,191.08816247582206,4.5119014723878195,0.0,0.6369605415860735,60.26032460228185,87.26,1.1938,1.9812,0.9652,1.905,4.712430426716141,7.82062921880551,3.810050132238582,7.519835787312991,1.9558,7.720364741641338,108.91183752417795,186.16814352820433,104.62850826984567,7.82062921880551,7.519835787312991,77.25630600402637,3
B00058,B00058_R1,53,Yellow_3,Orange_7,2,4,0.762,2.54,83.26,2.54,1.9812,84.26,4,4,-1.0,1.0668,0.2032,2.54,1.6002,3.2512,3.2512,2.8702,3,3,3,300,0,2,4,2.0066,1.8034,2.1844,0.9652,83.26,84.26,4,4,3.2512,3.2512,0,-1.0,0.0,6.1213999999999995,30.163738996565744,113.42373899656575,186.57626100343424,0.0,0.0,0.6219208700114475,49.00839677198027,87.26,0.9652,2.1844,1.7271999999999998,2.413,3.810050132238582,8.622745036118895,6.817984447163778,9.525125330596454,3.2512,12.83385307701417,113.42373899656575,184.0625895077567,102.52295424939803,8.622745036118895,9.525125330596454,70.63885051119097,2
B00058,B00058_R1,45,Green_7,Gate_3,3,4,0.762,2.54,83.26,2.54,1.9812,84.26,4,4,-1.0,2.54,1.143,0.2032,1.6002,3.175,1.3462,2.794,2,3,3,300,0,3,4,2.3621999999999996,2.3367999999999998,1.397,0.9652,83.26,84.26,4,4,3.175,1.3462,0,-1.0,-1.8287999999999998,5.968999999999999,29.562152133580703,112.82215213358072,187.17784786641928,0.6015868629850445,0.0,0.623926159554731,50.25967498743508,87.26,0.9652,1.397,0.9652,1.7779999999999998,3.810050132238582,5.514546244029526,3.810050132238582,7.018513401492124,3.175,12.53305964552165,112.82215213358072,181.35544862432403,93.79994473611497,5.514546244029526,7.018513401492124,68.53329649074331,1
B00058,B00058_R1,56,Gate_2,Purple_2,4,4,0.762,2.54,83.26,2.54,1.9812,84.26,4,4,-1.0,0.2032,1.143,0.762,2.54,1.9558,3.175,1.9558,1,3,3,300,0,4,4,1.3800666666666668,0.0,2.794,1.9558,83.26,84.26,4,4,1.9558,3.175,0,-1.0,1.2191999999999998,3.9116,21.440729483282674,104.70072948328269,195.2992705167173,8.723009513283074,0.0,0.6509975683890578,76.69495858472237,87.26,1.9558,2.794,0.9652,2.2605999999999997,7.720364741641338,11.029092488059055,3.810050132238582,8.923538467611417,1.9558,7.720364741641338,104.70072948328269,186.16814352820433,118.46500611850158,11.029092488059055,8.923538467611417,81.46741404492164,0
B00059,B00059_R2,46,Purple_5,Orange_4,1,4,0.762,2.54,94.58,2.54,1.9812,76.82,5,4,17.75,1.0668,2.032,1.6764,2.032,0.8128,2.032,1.1176,3,3,3,300,1,1,4,1.9304,1.1176,1.5578666666666667,0.0,76.82,94.58,4,5,2.032,0.8128,-1,-17.760000000000005,-1.2192,3.1496,18.43279516835748,95.25279516835747,204.74720483164253,11.43015039671576,0.0,0.6824906827721418,95.250190500381,80.82,0.0,1.5578666666666667,1.1176,2.1336,0.0,6.149554599402624,4.411636995223621,8.42221608179055,2.032,8.021158173133857,95.25279516835747,158.97339675522048,85.7787865629811,6.149554599402624,8.42221608179055,63.72060158686301,3
B00059,B00059_R2,59,Orange_4,Green_2,2,4,0.762,2.54,94.58,2.54,1.9812,76.82,5,4,17.75,1.6764,2.032,1.9812,0.2032,1.4224,1.4224,3.2512,3,3,3,300,1,2,4,1.9304,1.1176,2.6416,1.9558,76.82,94.58,4,5,1.4224,1.4224,-1,-17.760000000000005,0.0,4.6736,24.44866379820787,101.26866379820787,198.73133620179215,5.414281766865372,0.0,0.6624377873393071,64.19034577199588,80.82,1.9558,2.6416,0.0,0.6434666666666666,7.720364741641338,10.427505625074014,0.0,2.5400334214923883,1.4224,5.614810721193701,101.26866379820787,156.96810721193697,92.59677101014486,10.427505625074014,2.5400334214923883,55.6994434137291,2
B00059,B00059_R2,55,Gate_2,Orange_1,3,4,0.762,2.54,94.58,2.54,1.9812,76.82,5,4,17.75,0.2032,1.143,1.6764,2.54,1.9558,3.175,2.8702,1,3,3,300,1,3,4,2.6416,2.2605999999999997,1.143,0.508,76.82,94.58,4,5,3.175,1.9558,-1,-17.760000000000005,-1.2191999999999998,6.0451999999999995,29.862945565073222,106.68294556507321,193.31705443492677,0.0,0.0,0.6443901814497559,49.62614967246741,80.82,0.508,1.143,2.7178,2.921,2.0052895432834643,4.511901472387795,10.728299056566534,11.53041487387992,3.175,12.53305964552165,106.68294556507321,160.77815734417558,69.43567678522086,4.511901472387795,11.53041487387992,54.09521177910237,1
B00059,B00059_R2,57,Orange_7,Orange_6,4,4,0.762,2.54,94.58,2.54,1.9812,76.82,5,4,17.75,2.54,1.6002,2.54,1.9812,2.7178,0.889,0.889,3,3,3,300,1,4,4,2.3368,1.8034,2.2098,1.4223999999999999,76.82,94.58,4,5,0.889,2.7178,-1,-17.760000000000005,1.8288,1.778,13.018513401492125,89.83851340149212,210.16148659850788,16.844432163581104,0.0,0.7005382886616929,168.7289088863892,80.82,1.4223999999999999,2.2098,1.8034,1.8541999999999998,5.6148107211937,8.723009513283069,7.118777878656298,7.319306832984644,0.889,3.5092567007460627,89.83851340149212,166.1924391110409,98.91343307148777,8.723009513283069,7.319306832984644,76.35392570954878,0
B00060,B00060_R2,57,Orange_7,Orange_6,1,5,0.762,2.54,84.76,2.54,1.9812,86.26,4,5,-1.5,2.54,1.6002,2.54,1.9812,2.7178,0.889,0.889,3,3,3,300,1,1,5,1.9939,0.9652,1.9938999999999998,1.3461999999999998,86.26,84.76,5,4,0.889,2.7178,1,1.5,1.8288,1.778,13.018513401492125,99.27851340149213,200.72148659850785,16.844432163581075,0.0,0.6690716219950261,168.7289088863892,91.26,1.3461999999999998,1.9938999999999998,1.8034,2.0701,5.314017289701179,7.870761457387596,7.118777878656298,8.171554888880117,0.889,3.5092567007460627,99.27851340149213,199.47951604626374,128.0745272964118,7.870761457387596,8.171554888880117,100.2010026447716,4
B00060,B00060_R2,60,Green_7,Gate_4,2,5,0.762,2.54,84.76,2.54,1.9812,86.26,4,5,-1.5,2.54,1.143,0.2032,1.9812,3.175,1.3462,3.175,2,3,3,300,1,2,5,2.1082,0.9652,1.8796,1.3461999999999998,86.26,84.76,5,4,1.3462,3.175,1,1.5,1.8287999999999998,4.5212,23.847076935222834,110.10707693522284,189.89292306477716,6.015868629850388,0.0,0.6329764102159239,66.35406529240024,91.26,1.3461999999999998,1.8796,1.3461999999999998,1.8415,5.314017289701179,7.419571310148818,5.314017289701179,7.269174594402557,1.3462,5.31401728970118,110.10707693522284,195.86999486835356,115.44120317372598,7.419571310148818,7.269174594402557,85.76291793313072,3
B00060,B00060_R2,55,Gate_2,Orange_1,3,5,0.762,2.54,84.76,2.54,1.9812,86.26,4,5,-1.5,0.2032,1.143,1.6764,2.54,1.9558,3.175,2.8702,1,3,3,300,1,3,5,2.5654,2.2605999999999997,1.4223999999999999,0.508,86.26,84.76,5,4,3.175,1.9558,1,1.5,-1.2191999999999998,6.0451999999999995,29.862945565073222,116.12294556507322,183.87705443492678,0.0,0.0,0.6129235147830893,49.62614967246741,91.26,0.508,1.4223999999999999,1.3461999999999998,2.5273,2.0052895432834643,5.614810721193699,5.314017289701179,9.976315477835234,3.175,12.53305964552165,116.12294556507322,188.65095251253308,102.20629218805512,5.614810721193699,9.976315477835234,72.52800694745986,2
B00060,B00060_R2,46,Purple_5,Orange_4,4,5,0.762,2.54,84.76,2.54,1.9812,86.26,4,5,-1.5,1.0668,2.032,1.6764,2.032,0.8128,2.032,1.1176,3,3,3,300,1,4,5,2.1653499999999997,1.1176,1.7335500000000001,0.0,86.26,84.76,5,4,2.032,0.8128,1,1.5,-1.2192,3.1496,18.43279516835748,104.69279516835749,195.3072048316425,11.430150396715732,0.0,0.651024016105475,95.250190500381,91.26,0.0,1.7335500000000001,1.1176,1.9557999999999998,0.0,6.843050566454821,4.411636995223621,7.720364741641337,2.032,8.021158173133857,104.69279516835749,192.26047369044335,118.54940196581535,6.843050566454821,7.720364741641337,87.56767852208586,1
B00060,B00060_R2,59,Orange_4,Green_2,5,5,0.762,2.54,84.76,2.54,1.9812,86.26,4,5,-1.5,1.6764,2.032,1.9812,0.2032,1.4224,1.4224,3.2512,3,3,3,300,1,5,5,2.01295,1.1176,2.35585,1.4986,86.26,84.76,5,4,1.4224,1.4224,1,1.5,0.0,4.6736,24.44866379820787,110.70866379820788,189.29133620179212,5.414281766865344,0.0,0.6309711206726404,64.19034577199588,91.26,1.4986,2.35585,0.0,0.9905999999999999,5.915604152686219,9.299530256977066,0.0,3.9103146094027554,1.4224,5.614810721193701,110.70866379820788,190.25518414715984,122.35945209805394,9.299530256977066,3.9103146094027554,79.54652034895196,0
B00061,B00061_R1,61,Gate_1,Yellow_3,1,4,0.762,2.54,76.45,1.9812,0.2032,93.37,4,5,-16.92,0.2032,0.762,1.0668,0.2032,2.3368,2.3368,1.4224,1,3,3,300,0,1,4,1.6764000000000001,0.889,1.4054666666666666,0.0,76.45,93.37,4,5,2.3368,2.3368,-1,-16.92,0.0,3.7592000000000003,20.839142620297636,97.28914262029764,202.71085737970236,9.324596376268119,0.0,0.6757028579323412,79.80421366248137,80.45,0.0,1.4054666666666666,1.3461999999999998,2.2859999999999996,0.0,5.547967736417584,5.314017289701179,9.023802944775587,2.3368,9.224331899103936,97.28914262029764,174.545448624324,97.81052382268187,5.547967736417584,9.023802944775587,77.25630600402636,3
B00061,B00061_R1,53,Yellow_3,Orange_7,2,4,0.762,2.54,76.45,1.9812,0.2032,93.37,4,5,-16.92,1.0668,0.2032,2.54,1.6002,3.2512,1.4224,2.8702,3,3,3,300,0,2,4,1.8796,1.4223999999999999,2.3114000000000003,0.9652,76.45,93.37,4,5,3.2512,1.4224,-1,-16.92,-1.8287999999999998,6.1213999999999995,30.163738996565744,106.61373899656574,193.38626100343424,0.0,0.0,0.6446208700114475,49.00839677198027,80.45,0.9652,2.3114000000000003,0.0,1.8372666666666664,3.810050132238582,9.124067421939762,0.0,7.252463848208528,3.2512,12.83385307701417,106.61373899656574,165.62191015671257,99.2142265029803,9.124067421939762,7.252463848208528,59.00817116014683,2
B00061,B00061_R1,45,Green_7,Gate_3,3,4,0.762,2.54,76.45,1.9812,0.2032,93.37,4,5,-16.92,2.54,1.143,0.2032,1.6002,3.175,1.4986,2.794,2,3,3,300,0,3,4,2.4892,2.3367999999999998,1.524,0.9652,76.45,93.37,4,5,3.175,1.4986,-1,-16.92,-1.6764,5.968999999999999,29.562152133580703,106.01215213358071,193.9878478664193,0.6015868629850445,0.0,0.6466261595547309,50.25967498743508,80.45,0.9652,1.524,0.9652,2.1843999999999997,3.810050132238582,6.0158686298503925,3.810050132238582,8.622745036118895,3.175,12.53305964552165,106.01215213358071,169.73275372044372,90.49121698969724,6.0158686298503925,8.622745036118895,63.72060158686301,1
B00061,B00061_R1,56,Gate_2,Purple_2,4,4,0.762,2.54,76.45,1.9812,0.2032,93.37,4,5,-16.92,0.2032,1.143,0.762,2.54,1.9558,2.7178,1.9558,1,3,3,300,0,4,4,1.6764,0.889,2.9209999999999994,2.3367999999999998,76.45,93.37,4,5,1.9558,2.7178,-1,-16.92,0.762,3.9116,21.440729483282674,97.89072948328268,202.10927051671732,8.723009513283074,0.0,0.6736975683890577,76.69495858472237,80.45,2.3367999999999998,2.9209999999999994,0.9652,1.8542000000000003,9.224331899103934,11.53041487387992,3.810050132238582,7.319306832984645,1.9558,7.720364741641338,97.89072948328268,174.54544862432402,115.15627837208385,11.53041487387992,7.319306832984645,76.65471914104134,0
B00062,B00062_R1,61,Gate_1,Yellow_3,1,5,0.762,2.54,77.74,1.9812,0.2032,80.15,4,4,-2.41,0.2032,0.762,1.0668,0.2032,2.3368,2.3368,1.4224,1,3,3,300,0,1,5,1.2573,0.0,1.4097,0.0,77.74,80.15,4,4,2.3368,2.3368,0,-2.410000000000011,0.0,3.7592000000000003,20.839142620297636,98.57914262029763,201.42085737970237,9.32459637626809,0.0,0.6714028579323412,79.80421366248137,81.74,0.0,1.4097,1.3461999999999998,2.6034999999999995,0.0,5.564678482611613,5.314017289701179,10.277108909327755,2.3368,9.224331899103936,98.57914262029763,205.09680732641218,132.68669324596377,5.564678482611613,10.277108909327755,106.51766470611454,4
B00062,B00062_R1,53,Yellow_3,Orange_7,2,5,0.762,2.54,77.74,1.9812,0.2032,80.15,4,4,-2.41,1.0668,0.2032,2.54,1.6002,3.2512,1.4224,2.8702,3,3,3,300,0,2,5,1.7652999999999999,1.4223999999999999,2.5273000000000003,0.9652,77.74,80.15,4,4,3.2512,1.4224,0,-2.410000000000011,-1.8287999999999998,6.1213999999999995,30.163738996565744,107.90373899656574,192.09626100343428,0.0,0.0,0.6403208700114476,49.00839677198027,81.74,0.9652,2.5273000000000003,0.0,2.1907499999999995,3.810050132238582,9.976315477835234,0.0,8.647811155409938,3.2512,12.83385307701417,107.90373899656574,196.17326885880075,141.00864485059014,9.976315477835234,8.647811155409938,88.26952986223502,3
B00062,B00062_R1,45,Green_7,Gate_3,3,5,0.762,2.54,77.74,1.9812,0.2032,80.15,4,4,-2.41,2.54,1.143,0.2032,1.6002,3.175,1.4986,2.794,2,3,3,300,0,3,5,2.54635,2.3367999999999998,1.47955,0.9652,77.74,80.15,4,4,3.175,1.4986,0,-2.410000000000011,-1.6764,5.968999999999999,29.562152133580703,107.3021521335807,192.6978478664193,0.6015868629850161,0.0,0.6423261595547309,50.25967498743508,81.74,0.9652,1.47955,0.9652,2.12725,3.810050132238582,5.84040579481309,3.810050132238582,8.397149962499507,3.175,12.53305964552165,107.3021521335807,200.2841124225319,125.06659298148661,5.84040579481309,8.397149962499507,92.9819602889512,2
B00062,B00062_R1,56,Gate_2,Purple_2,4,5,0.762,2.54,77.74,1.9812,0.2032,80.15,4,4,-2.41,0.2032,1.143,0.762,2.54,1.9558,2.7178,1.9558,1,3,3,300,0,4,5,1.47955,0.889,2.7749499999999996,2.3367999999999998,77.74,80.15,4,4,1.9558,2.7178,0,-2.410000000000011,0.762,3.9116,21.440729483282674,99.18072948328268,200.81927051671732,8.723009513283046,0.0,0.6693975683890577,76.69495858472237,81.74,2.3367999999999998,2.7749499999999996,0.9652,2.1844,9.224331899103934,10.953894130185923,3.810050132238582,8.622745036118896,1.9558,7.720364741641338,99.18072948328268,205.0968073264122,153.64196897327597,10.953894130185923,8.622745036118896,105.91607784312953,1
B00062,B00062_R1,62,Gate_1,Orange_2,5,5,0.762,2.54,77.74,1.9812,0.2032,80.15,4,4,-2.41,0.2032,0.762,1.9812,2.54,2.3368,2.3368,3.556,1,3,3,300,0,5,5,1.2573,0.0,2.9844999999999997,1.9558,77.74,80.15,4,4,2.3368,2.3368,0,-2.410000000000011,0.0,5.8928,29.261358702088188,107.00135870208818,192.99864129791183,0.9023802944775525,0.0,0.6433288043263727,50.90958457778984,81.74,1.9558,2.9844999999999997,1.3461999999999998,2.0700999999999996,7.720364741641338,11.781076066790352,5.314017289701179,8.171554888880117,2.3368,9.224331899103936,107.00135870208818,205.09680732641218,149.13006750088817,11.781076066790352,8.171554888880117,98.09544862432399,0
B00063,B00063_R2,55,Gate_2,Orange_1,1,4,1.9812,2.54,98.78,1.9812,0.2032,72.87,5,4,25.91,0.2032,1.143,1.6764,2.54,3.175,2.7178,2.8702,1,3,3,300,1,1,4,2.0066,0.889,1.6255999999999997,0.508,72.87,98.78,4,5,2.7178,3.175,-1,-25.909999999999997,0.45719999999999983,5.588,28.058184976118106,100.9281849761181,199.0718150238819,3.6095211779102385,0.0,0.6635727167462729,53.686471009305656,76.87,0.508,1.6255999999999997,2.7178,2.921,2.0052895432834643,6.416926538507085,10.728299056566534,11.53041487387992,2.7178,10.728299056566534,100.9281849761181,185.10273990447243,103.42533454387558,6.416926538507085,11.53041487387992,84.17455492835433,3
B00063,B00063_R2,46,Purple_5,Orange_4,2,4,1.9812,2.54,98.78,1.9812,0.2032,72.87,5,4,25.91,1.0668,2.032,1.6764,2.032,1.4224,3.2512,1.1176,3,3,3,300,1,2,4,2.0066,1.1176,2.0404666666666667,0.0,72.87,98.78,4,5,3.2512,1.4224,-1,-25.909999999999997,-1.8287999999999998,4.3688,23.245490072237793,96.1154900722378,203.8845099277622,8.422216081790538,0.0,0.6796150330925407,68.66874198864676,76.87,0.0,2.0404666666666667,1.1176,2.1336,0.0,8.054579665521915,4.411636995223621,8.42221608179055,3.2512,12.83385307701417,96.1154900722378,176.6805238226819,113.15098882880037,8.054579665521915,8.42221608179055,80.56503375044409,2
B00063,B00063_R2,59,Orange_4,Green_2,3,4,1.9812,2.54,98.78,1.9812,0.2032,72.87,5,4,25.91,1.6764,2.032,1.9812,0.2032,0.8128,3.2512,3.2512,3,3,3,300,1,3,4,2.413,1.1176,2.7685999999999997,2.3367999999999998,72.87,98.78,4,5,3.2512,0.8128,-1,-25.909999999999997,-2.4383999999999997,6.5024,31.66770615402834,104.53770615402834,195.46229384597166,0.0,0.0,0.6515409794865722,46.13681102362205,76.87,2.3367999999999998,2.7685999999999997,0.0,0.6434666666666666,9.224331899103934,10.92882801089488,0.0,2.5400334214923883,3.2512,12.83385307701417,104.53770615402834,172.26888682745826,113.35151778312873,10.92882801089488,2.5400334214923883,67.73118067342992,1
B00063,B00063_R2,63,Gate_1,Orange_6,4,4,1.9812,2.54,98.78,1.9812,0.2032,72.87,5,4,25.91,0.2032,0.762,2.54,1.9812,3.556,2.3368,3.556,1,3,3,300,1,4,4,2.2605999999999997,0.889,2.2098,1.4223999999999999,72.87,98.78,4,5,2.3368,3.556,-1,-25.909999999999997,1.2191999999999998,5.8928,29.261358702088188,102.13135870208819,197.8686412979118,2.4063474519401495,0.0,0.6595621376597061,50.90958457778984,76.87,1.4223999999999999,2.2098,2.3367999999999998,2.9464,5.6148107211937,8.723009513283069,9.224331899103934,11.630679351044092,2.3368,9.224331899103936,102.13135870208819,185.10273990447243,109.14040974223344,8.723009513283069,11.630679351044092,82.97138120238424,0
B00064,B00064_R1,53,Yellow_3,Orange_7,1,5,1.9812,2.54,88.96,2.54,1.9812,94.68,5,5,-5.72,1.0668,0.2032,2.54,1.6002,3.2512,3.2512,2.8702,3,3,3,300,0,1,5,2.1463,1.4223999999999999,2.3368,0.9652,88.96,94.68,5,5,3.2512,3.2512,0,-5.720000000000013,0.0,6.1213999999999995,30.163738996565744,119.12373899656573,180.87626100343425,3.9103146094027466,0.0,0.6029208700114475,49.00839677198027,93.96,0.9652,2.3368,2.2605999999999997,2.7558999999999996,3.810050132238582,9.224331899103934,8.923538467611415,10.878695772312792,3.2512,12.83385307701417,119.12373899656573,219.02394820984486,140.7078514190976,9.224331899103934,10.878695772312792,99.90020921327913,4
B00064,B00064_R1,45,Green_7,Gate_3,2,5,1.9812,2.54,88.96,2.54,1.9812,94.68,5,5,-5.72,2.54,1.143,0.2032,1.6002,1.9558,1.3462,2.794,2,3,3,300,0,2,5,2.58445,2.3367999999999998,1.5938499999999998,0.9652,88.96,94.68,5,5,1.9558,1.3462,0,-5.720000000000013,-0.6095999999999999,4.7498000000000005,24.749457229700393,113.70945722970039,186.29054277029962,9.324596376268119,0.0,0.6209684759009988,63.16055412859488,93.96,0.9652,1.5938499999999998,0.9652,2.2225,3.810050132238582,6.291595942051869,3.810050132238582,8.773141751865156,1.9558,7.720364741641338,113.70945722970039,219.0239482098449,134.3911893577547,6.291595942051869,8.773141751865156,105.3144909801445,3
B00064,B00064_R1,56,Gate_2,Purple_2,3,5,1.9812,2.54,88.96,2.54,1.9812,94.68,5,5,-5.72,0.2032,1.143,0.762,2.54,3.175,3.175,1.9558,1,3,3,300,0,3,5,1.8224500000000001,0.889,2.39395,0.8128,88.96,94.68,5,5,3.175,3.175,0,-5.720000000000013,0.0,5.1308,26.253424387162987,115.21342438716297,184.78657561283703,7.8206292188055215,0.0,0.6159552520427901,58.47041397053091,93.96,0.8128,2.39395,0.9652,1.97485,3.2084632692535426,9.449926972723325,3.810050132238582,7.7955630995144665,3.175,12.53305964552165,115.21342438716297,214.21125330596453,145.52054632297794,9.449926972723325,7.7955630995144665,98.99782891880156,2
B00064,B00064_R1,64,Purple_3,Gate_3,4,5,1.9812,2.54,88.96,2.54,1.9812,94.68,5,5,-5.72,1.0668,2.54,0.2032,1.6002,1.4224,2.032,1.8034,2,3,3,300,0,4,5,2.6797,2.2605999999999997,1.8415,0.9652,88.96,94.68,5,5,1.4224,2.032,0,-5.720000000000013,0.6095999999999999,3.2258,18.73358859985,107.69358859984999,192.30641140015,15.340465006118507,0.0,0.6410213713338334,93.000186000372,93.96,0.9652,1.8415,0.8128,1.6129,3.810050132238582,7.269174594402558,3.2084632692535426,6.366794299924998,1.4224,5.614810721193701,107.69358859984999,220.52791536730746,144.31737259700787,7.269174594402558,6.366794299924998,112.83432676745747,1
B00064,B00064_R1,62,Gate_1,Orange_2,5,5,1.9812,2.54,88.96,2.54,1.9812,94.68,5,5,-5.72,0.2032,0.762,1.9812,2.54,3.556,3.556,3.556,1,3,3,300,0,5,5,1.9177,0.889,2.4511,1.4223999999999999,88.96,94.68,5,5,3.556,3.556,0,-5.720000000000013,0.0,7.112,34.0740536059685,123.0340536059685,176.9659463940315,0.0,0.0,0.589886487980105,42.1822272215973,93.96,1.4223999999999999,2.4511,1.3461999999999998,2.0510499999999996,5.6148107211937,9.675522046342715,5.314017289701179,8.096356531006986,3.556,14.03702680298425,123.0340536059685,214.21125330596456,138.60229739865,9.675522046342715,8.096356531006986,91.17719969999607,0
B00065,B00065_R2,46,Purple_5,Orange_4,1,4,1.9812,2.54,92.17,2.54,1.9812,83.06,5,4,9.12,1.0668,2.032,1.6764,2.032,1.4224,2.032,1.1176,3,3,3,300,1,1,4,2.2352000000000003,1.1176,2.0658666666666665,0.0,83.06,92.17,4,5,2.032,1.4224,-1,-9.11,-0.6095999999999999,3.1496,18.43279516835748,101.49279516835747,198.50720483164253,15.641258437611043,0.0,0.6616906827721417,95.250190500381,87.06,0.0,2.0658666666666665,2.032,2.7432,0.0,8.154844142686088,8.021158173133857,10.828563533730707,2.032,8.021158173133857,101.49279516835747,180.8546551928315,103.82639245253226,8.154844142686088,10.828563533730707,79.36186002447403,3
B00065,B00065_R2,59,Orange_4,Green_2,2,4,1.9812,2.54,92.17,2.54,1.9812,83.06,5,4,9.12,1.6764,2.032,1.9812,0.2032,0.8128,1.4224,3.2512,3,3,3,300,1,2,4,2.4384,1.1176,2.1336,0.8128,83.06,92.17,4,5,1.4224,0.8128,-1,-9.11,-0.6096000000000001,4.6736,24.44866379820787,107.50866379820788,192.49133620179214,9.625389807760655,0.0,0.6416377873393071,64.19034577199588,87.06,0.8128,2.1336,0.0,1.4562666666666664,3.2084632692535426,8.42221608179055,0.0,5.748496690745931,1.4224,5.614810721193701,107.50866379820788,175.23984447163778,98.61263963999525,8.42221608179055,5.748496690745931,67.7311806734299,2
B00065,B00065_R2,65,Green_1,Yellow_3,3,4,1.9812,2.54,92.17,2.54,1.9812,83.06,5,4,9.12,1.6764,0.2032,1.0668,0.2032,3.2512,2.6416,1.1176,3,3,3,300,1,3,4,2.6416,2.032,2.4383999999999997,1.4223999999999999,83.06,92.17,4,5,2.6416,3.2512,-1,-9.11,0.6095999999999999,3.7592,20.839142620297636,103.89914262029764,196.10085737970235,13.234910985670865,0.0,0.6536695245990078,79.80421366248139,87.06,1.4223999999999999,2.4383999999999997,0.8128,2.1336,5.6148107211937,9.625389807760628,3.2084632692535426,8.42221608179055,2.6416,10.427505625074014,103.89914262029764,173.63561283701102,105.83168199581573,9.625389807760628,8.42221608179055,69.73647021671339,1
B00065,B00065_R2,63,Gate_1,Orange_6,4,4,1.9812,2.54,92.17,2.54,1.9812,83.06,5,4,9.12,0.2032,0.762,2.54,1.9812,3.556,3.556,3.556,1,3,3,300,1,4,4,2.6416,2.032,2.032,1.4223999999999999,83.06,92.17,4,5,3.556,3.556,-1,-9.11,0.0,7.112,34.0740536059685,117.1340536059685,182.86594639403148,0.0,0.0,0.6095531546467716,42.1822272215973,87.06,1.4223999999999999,2.032,1.4223999999999999,2.3367999999999998,5.6148107211937,8.021158173133857,5.6148107211937,9.224331899103936,3.556,14.03702680298425,117.1340536059685,172.43243911104094,87.78407610626456,8.021158173133857,9.224331899103936,55.29838550507243,0
B00066,B00066_R1,45,Green_7,Gate_3,1,5,1.9812,2.54,80.05,2.54,1.9812,84.45,4,5,-4.4,2.54,1.143,0.2032,1.6002,1.9558,1.3462,2.794,2,3,3,300,0,1,5,2.7749499999999996,2.3367999999999998,1.4033499999999999,0.9652,80.05,84.45,4,5,1.9558,1.3462,-1,-4.400000000000006,-0.6095999999999999,4.7498000000000005,24.749457229700393,104.7994572297004,195.2005427702996,9.32459637626809,0.0,0.6506684759009986,63.16055412859488,84.05,0.9652,1.4033499999999999,1.9558,2.77495,3.810050132238582,5.53961236332057,7.720364741641338,10.953894130185923,1.9558,7.720364741641338,104.7994572297004,201.09014526506928,118.44913748865116,5.53961236332057,10.953894130185923,96.29068803536889,4
B00066,B00066_R1,62,Gate_1,Orange_2,2,5,1.9812,2.54,80.05,2.54,1.9812,84.45,4,5,-4.4,0.2032,0.762,1.9812,2.54,3.556,3.556,3.556,1,3,3,300,0,2,5,2.1463,0.889,2.0701,1.4223999999999999,80.05,84.45,4,5,3.556,3.556,-1,-4.400000000000006,0.0,7.112,34.0740536059685,114.1240536059685,185.8759463940315,0.0,0.0,0.619586487980105,42.1822272215973,84.05,1.4223999999999999,2.0701,1.3461999999999998,1.6890999999999998,5.6148107211937,8.171554888880117,5.314017289701179,6.667587731417517,3.556,14.03702680298425,114.1240536059685,192.3671357517862,119.65231121462125,8.171554888880117,6.667587731417517,78.24308214581771,3
B00066,B00066_R1,64,Purple_3,Gate_3,3,5,1.9812,2.54,80.05,2.54,1.9812,84.45,4,5,-4.4,1.0668,2.54,0.2032,1.6002,1.4224,2.032,1.8034,2,3,3,300,0,3,5,2.1462999999999997,0.8128,1.651,0.9652,80.05,84.45,4,5,1.4224,2.032,-1,-4.400000000000006,0.6095999999999999,3.2258,18.73358859985,98.78358859984999,201.21641140015,15.340465006118507,0.0,0.6707213713338334,93.000186000372,84.05,0.9652,1.651,0.8128,1.3652499999999999,3.810050132238582,6.5171910156712585,3.2084632692535426,5.38921564757431,1.4224,5.614810721193701,98.78358859984999,198.6837978131291,128.37532072790432,6.5171910156712585,5.38921564757431,99.90020921327911,2
B00066,B00066_R1,56,Gate_2,Purple_2,4,5,1.9812,2.54,80.05,2.54,1.9812,84.45,4,5,-4.4,0.2032,1.143,0.762,2.54,3.175,3.175,1.9558,1,3,3,300,0,4,5,1.86055,0.889,1.7081499999999998,0.508,80.05,84.45,4,5,3.175,3.175,-1,-4.400000000000006,0.0,5.1308,26.253424387162987,106.30342438716298,193.69657561283702,7.8206292188055215,0.0,0.6456552520427901,58.47041397053091,84.05,0.508,1.7081499999999998,0.9652,1.6129,2.0052895432834643,6.7427860892906475,3.810050132238582,6.366794299924999,3.175,12.53305964552165,106.30342438716298,192.36713575178624,121.75786523506889,6.7427860892906475,6.366794299924999,86.06371136462326,1
B00066,B00066_R1,66,Purple_4,Gate_4,5,5,1.9812,2.54,80.05,2.54,1.9812,84.45,4,5,-4.4,0.762,2.032,0.2032,1.9812,1.7272,2.3368,1.1176,2,3,3,300,0,5,5,2.0701,0.8128,1.9176999999999997,1.3461999999999998,80.05,84.45,4,5,1.7272,2.3368,-1,-4.400000000000006,0.6096000000000001,2.8448,17.2296214423874,97.2796214423874,202.7203785576126,16.844432163581104,0.0,0.675734595192042,105.45556805399325,84.05,1.3461999999999998,1.9176999999999997,0.508,1.3080999999999998,5.314017289701179,7.569968025895077,2.0052895432834643,5.16362057395492,1.7272,6.817984447163779,97.2796214423874,196.27745036118898,134.0903959262622,7.569968025895077,5.16362057395492,98.99782891880159,0
B00067,B00067_R2,59,Orange_4,Green_2,1,4,0.2032,1.9812,87.06,2.54,1.9812,71.93,5,4,15.13,1.6764,2.032,1.9812,0.2032,2.032,1.4224,3.2512,3,3,3,300,1,1,4,3.1495999999999995,2.9463999999999997,1.8288,0.8128,71.93,87.06,4,5,1.4224,2.032,-1,-15.129999999999995,0.6095999999999999,4.6736,24.44866379820787,96.37866379820788,203.62133620179213,9.625389807760655,0.0,0.6787377873393071,64.19034577199588,75.93,0.8128,1.8288,1.4223999999999999,2.0574,3.2084632692535426,7.21904235582047,5.6148107211937,8.12142265029803,1.4224,5.614810721193701,96.37866379820788,183.86194647297992,109.14040974223346,7.21904235582047,8.12142265029803,87.48328267477204,3
B00067,B00067_R2,65,Green_1,Yellow_3,2,4,0.2032,1.9812,87.06,2.54,1.9812,71.93,5,4,15.13,1.6764,0.2032,1.0668,0.2032,3.2512,2.6416,1.1176,3,3,3,300,1,2,4,2.3367999999999998,2.032,1.9303999999999997,1.4223999999999999,71.93,87.06,4,5,2.6416,3.2512,-1,-15.129999999999995,0.6095999999999999,3.7592,20.839142620297636,92.76914262029764,207.23085737970234,13.234910985670865,0.0,0.6907695245990078,79.80421366248139,75.93,1.4223999999999999,1.9303999999999997,0.8128,1.905,5.6148107211937,7.620100264477164,3.2084632692535426,7.5198357873129895,2.6416,10.427505625074014,92.76914262029764,176.64290411715945,113.95310464611377,7.620100264477164,7.5198357873129895,83.8737614968618,2
B00067,B00067_R2,67,Gate_1,Orange_7,3,4,0.2032,1.9812,87.06,2.54,1.9812,71.93,5,4,15.13,0.2032,0.762,2.54,1.6002,1.7272,3.556,3.175,1,3,3,300,1,3,4,1.7610666666666666,0.0,2.413,1.8034,71.93,87.06,4,5,3.556,1.7272,-1,-15.129999999999995,-1.8288,6.731,32.570086448505904,104.50008644850591,195.4999135514941,1.5039671574626254,0.0,0.6516663785049803,44.56990046055564,75.93,1.8034,2.413,1.4223999999999999,2.4384,7.118777878656298,9.525125330596454,5.6148107211937,9.625389807760628,3.556,14.03702680298425,104.50008644850591,175.43973039118939,107.93723601626337,9.525125330596454,9.625389807760628,70.93964394268347,1
B00067,B00067_R2,63,Gate_1,Orange_6,4,4,0.2032,1.9812,87.06,2.54,1.9812,71.93,5,4,15.13,0.2032,0.762,2.54,1.9812,1.7272,3.556,3.556,1,3,3,300,1,4,4,1.7610666666666666,0.0,2.54,1.4223999999999999,71.93,87.06,4,5,3.556,1.7272,-1,-15.129999999999995,-1.8288,7.112,34.0740536059685,106.00405360596851,193.99594639403148,0.0,0.0,0.6466531546467716,42.1822272215973,75.93,1.4223999999999999,2.54,1.4223999999999999,2.3114,5.6148107211937,10.026447716417321,5.6148107211937,9.124067421939762,3.556,14.03702680298425,106.00405360596851,175.43973039118936,107.93723601626337,10.026447716417321,9.124067421939762,69.43567678522085,0
B00068,B00068_R1,56,Gate_2,Purple_2,1,5,0.2032,1.9812,74.03,2.54,1.9812,93.17,4,5,-19.14,0.2032,1.143,0.762,2.54,1.3462,3.175,1.9558,1,3,3,300,0,1,5,2.0701,0.889,1.3461999999999998,0.508,74.03,93.17,4,5,1.3462,3.175,-1,-19.14,1.8287999999999998,3.302,19.034382031342517,93.06438203134252,206.93561796865748,7.820629218805493,0.0,0.6897853932288582,90.85402786190187,78.03,0.508,1.3461999999999998,0.9652,2.05105,2.0052895432834643,5.314017289701179,3.810050132238582,8.096356531006986,1.3462,5.31401728970118,93.06438203134252,176.42095251253306,106.11660679745786,5.314017289701179,8.096356531006986,83.35657048119054,4
B00068,B00068_R1,66,Purple_4,Gate_4,2,5,0.2032,1.9812,74.03,2.54,1.9812,93.17,4,5,-19.14,0.762,2.032,0.2032,1.9812,1.1176,2.3368,1.1176,2,3,3,300,0,2,5,1.7081499999999998,0.8128,1.7081499999999998,1.3461999999999998,74.03,93.17,4,5,1.1176,2.3368,-1,-19.14,1.2192000000000003,2.2352,14.823273990447243,88.85327399044725,211.14672600955276,12.031737259700776,0.0,0.7038224200318426,134.21617752326415,78.03,1.3461999999999998,1.7081499999999998,0.508,1.82245,5.314017289701179,6.7427860892906475,2.0052895432834643,7.193976236529428,1.1176,4.411636995223621,88.85327399044725,175.5185722180555,116.042790036711,6.7427860892906475,7.193976236529428,86.66529822760826,3
B00068,B00068_R1,64,Purple_3,Gate_3,3,5,0.2032,1.9812,74.03,2.54,1.9812,93.17,4,5,-19.14,1.0668,2.54,0.2032,1.6002,1.4224,2.032,1.8034,2,3,3,300,0,3,5,1.7843499999999999,0.8128,1.6319499999999998,0.9652,74.03,93.17,4,5,1.4224,2.032,-1,-19.14,0.6095999999999999,3.2258,18.73358859985,92.76358859985,207.23641140015002,8.12142265029803,0.0,0.6907880380005,93.000186000372,78.03,0.9652,1.6319499999999998,0.8128,1.7271999999999998,3.810050132238582,6.441992657798129,3.2084632692535426,6.817984447163779,1.4224,5.614810721193701,92.76358859985,175.5185722180555,110.92930170133818,6.441992657798129,6.817984447163779,82.75498361820551,2
B00068,B00068_R1,62,Gate_1,Orange_2,4,5,0.2032,1.9812,74.03,2.54,1.9812,93.17,4,5,-19.14,0.2032,0.762,1.9812,2.54,1.7272,3.556,3.556,1,3,3,300,0,4,5,2.35585,0.889,1.5811499999999998,0.0,74.03,93.17,4,5,1.7272,3.556,-1,-19.14,1.8288,5.2832,26.855011250148028,100.88501125014803,199.114988749852,0.0,0.0,0.6637166291661732,56.78376741368867,78.03,0.0,1.5811499999999998,1.3461999999999998,2.08915,0.0,6.2414637034697815,5.314017289701179,8.246753246753245,1.7272,6.817984447163779,100.88501125014803,176.4209525125331,102.00576323372675,6.2414637034697815,8.246753246753245,75.53594126238507,1
B00068,B00068_R1,68,Orange_2,Green_6,5,5,0.2032,1.9812,74.03,2.54,1.9812,93.17,4,5,-19.14,1.9812,2.54,2.54,0.762,2.3368,1.1176,2.3368,3,3,3,300,0,5,5,2.47015,1.4223999999999999,3.11785,2.7178,74.03,93.17,4,5,2.3368,1.1176,-1,-19.14,-1.2192000000000003,4.6736,24.44866379820787,98.47866379820788,201.5213362017921,2.406347451940121,0.0,0.671737787339307,64.19034577199588,78.03,2.7178,3.11785,0.0,1.6954500000000001,10.728299056566534,12.307464571902262,0.0,6.692653850708561,2.3368,9.224331899103936,98.47866379820788,168.7005877708917,128.67611415939683,12.307464571902262,6.692653850708561,70.22192397268383,0
B00069,B00069_R1,66,Purple_4,Gate_4,1,5,2.54,0.762,81.44,2.54,1.9812,83.97,5,4,-2.52,0.762,2.032,0.2032,1.9812,3.556,2.3368,1.1176,2,3,3,300,0,1,5,1.7081499999999998,0.8128,1.7081499999999998,1.3461999999999998,81.44,83.97,5,4,3.556,2.3368,1,-2.530000000000001,-1.2191999999999998,4.6736,24.44866379820787,105.88866379820787,194.11133620179214,7.219042355820477,0.0,0.6470377873393072,64.19034577199588,86.44,1.3461999999999998,1.7081499999999998,1.4986,2.50825,5.314017289701179,6.7427860892906475,5.915604152686219,9.901117119962105,3.556,14.03702680298425,105.88866379820787,206.0896664429795,135.29356965223226,6.7427860892906475,9.901117119962105,100.20100264477163,4
B00069,B00069_R1,64,Purple_3,Gate_3,2,5,2.54,0.762,81.44,2.54,1.9812,83.97,5,4,-2.52,1.0668,2.54,0.2032,1.6002,3.2512,2.032,1.8034,2,3,3,300,0,2,5,1.7843499999999999,0.8128,1.6319499999999998,0.9652,81.44,83.97,5,4,3.2512,2.032,1,-2.530000000000001,-1.2191999999999998,5.0546,25.952630955670468,107.39263095567047,192.60736904432952,5.715075198357852,0.0,0.6420245634810984,59.35187749772485,86.44,0.9652,1.6319499999999998,1.4223999999999999,2.2605999999999997,3.810050132238582,6.441992657798129,5.6148107211937,8.923538467611415,3.2512,12.83385307701417,107.39263095567047,206.99204673745706,132.58642876879958,6.441992657798129,8.923538467611415,99.59941578178659,3
B00069,B00069_R1,69,Gate_2,Green_4,3,5,2.54,0.762,81.44,2.54,1.9812,83.97,5,4,-2.52,0.2032,1.143,1.6764,0.7112,2.7178,3.175,2.413,1,3,3,300,0,3,5,2.0701,0.889,2.8701999999999996,2.032,81.44,83.97,5,4,2.7178,3.175,1,-2.530000000000001,0.45719999999999983,5.1308,26.253424387162987,107.69342438716299,192.306575612837,5.414281766865344,0.0,0.6410219187094567,58.47041397053091,86.44,2.032,2.8701999999999996,0.9652,2.05105,8.021158173133857,11.329885919551572,3.810050132238582,8.096356531006986,2.7178,10.728299056566534,107.69342438716299,207.2928401689496,151.83720838432083,11.329885919551572,8.096356531006986,99.5994157817866,2
B00069,B00069_R1,62,Gate_1,Orange_2,4,5,2.54,0.762,81.44,2.54,1.9812,83.97,5,4,-2.52,0.2032,0.762,1.9812,2.54,2.9464,3.556,3.556,1,3,3,300,0,4,5,2.35585,0.889,1.5811499999999998,0.0,81.44,83.97,5,4,2.9464,3.556,1,-2.530000000000001,0.6095999999999999,6.5024,31.66770615402834,113.10770615402834,186.89229384597166,0.0,0.0,0.6229743128199056,46.13681102362205,86.44,0.0,1.5811499999999998,1.3461999999999998,2.01295,0.0,6.2414637034697815,5.314017289701179,7.945959815260727,2.9464,11.630679351044094,113.10770615402834,207.89442703193464,126.06923775312833,6.2414637034697815,7.945959815260727,94.7867208779063,1
B00069,B00069_R1,68,Orange_2,Green_6,5,5,2.54,0.762,81.44,2.54,1.9812,83.97,5,4,-2.52,1.9812,2.54,2.54,0.762,2.3368,1.1176,2.3368,3,3,3,300,0,5,5,2.47015,1.4223999999999999,3.11785,2.7178,81.44,83.97,5,4,2.3368,1.1176,1,-2.530000000000001,-1.2192000000000003,4.6736,24.44866379820787,105.88866379820787,194.11133620179214,7.219042355820477,0.0,0.6470377873393072,64.19034577199588,86.44,2.7178,3.11785,0.0,2.07645,10.728299056566534,12.307464571902262,0.0,8.19662100817116,2.3368,9.224331899103936,105.88866379820787,204.98675719417358,157.5522835826787,12.307464571902262,8.19662100817116,99.0980933959657,0
B00070,B00070_R2,65,Green_1,Yellow_3,1,4,2.54,0.762,92.77,2.54,1.9812,70.34,5,3,22.43,1.6764,0.2032,1.0668,0.2032,1.4224,2.6416,1.1176,3,3,3,300,1,1,4,2.032,2.032,1.4223999999999999,1.4223999999999999,70.34,92.77,3,5,2.6416,1.4224,-2,-22.429999999999993,-1.2191999999999998,3.7592,20.839142620297636,91.17914262029764,208.82085737970237,13.234910985670865,0.0,0.696069524599008,79.80421366248139,73.34,1.4223999999999999,1.4223999999999999,2.2605999999999997,2.7178,5.6148107211937,5.6148107211937,8.923538467611415,10.728299056566533,2.6416,10.427505625074014,91.17914262029764,190.39336912327795,117.56262582402401,5.6148107211937,10.728299056566533,99.21422650298031,3
B00070,B00070_R2,63,Gate_1,Orange_6,2,4,2.54,0.762,92.77,2.54,1.9812,70.34,5,3,22.43,0.2032,0.762,2.54,1.9812,2.9464,3.556,3.556,1,3,3,300,1,2,4,0.6773333333333333,0.0,3.2511999999999994,2.6416,70.34,92.77,3,5,3.556,2.9464,-2,-22.429999999999993,-0.6095999999999999,7.112,34.0740536059685,104.4140536059685,195.5859463940315,0.0,0.0,0.6519531546467717,42.1822272215973,73.34,2.6416,3.2511999999999994,1.4223999999999999,2.7178,10.427505625074014,12.83385307701417,5.6148107211937,10.728299056566533,3.556,14.03702680298425,104.4140536059685,183.47512019894998,125.98484190581456,12.83385307701417,10.728299056566533,79.06106659298148,2
B00070,B00070_R2,67,Gate_1,Orange_7,3,4,2.54,0.762,92.77,2.54,1.9812,70.34,5,3,22.43,0.2032,0.762,2.54,1.6002,2.9464,3.556,3.175,1,3,3,300,1,3,4,0.6773333333333333,0.0,2.870199999999999,2.2605999999999997,70.34,92.77,3,5,3.556,2.9464,-2,-22.429999999999993,-0.6095999999999999,6.731,32.570086448505904,102.91008644850591,197.08991355149408,1.5039671574625686,0.0,0.6569663785049803,44.56990046055564,73.34,2.2605999999999997,2.870199999999999,1.4223999999999999,2.8447999999999998,8.923538467611415,11.329885919551572,5.6148107211937,11.2296214423874,3.556,14.03702680298425,102.91008644850591,183.47512019895,122.97690759088935,11.329885919551572,11.2296214423874,80.5650337504441,1
B00070,B00070_R2,70,Gate_1,Orange_5,4,4,2.54,0.762,92.77,2.54,1.9812,70.34,5,3,22.43,0.2032,0.762,1.9812,2.032,2.9464,3.556,3.556,1,3,3,300,1,4,4,0.6773333333333333,0.0,3.4543999999999997,3.2512,70.34,92.77,3,5,3.556,2.9464,-2,-22.429999999999993,-0.6095999999999999,7.112,34.0740536059685,104.4140536059685,195.5859463940315,0.0,0.0,0.6519531546467717,42.1822272215973,73.34,3.2512,3.4543999999999997,1.4223999999999999,2.7178,12.83385307701417,13.635968894327556,5.6148107211937,10.728299056566533,3.556,14.03702680298425,104.4140536059685,183.47512019894998,128.3911893577547,13.635968894327556,10.728299056566533,79.06106659298148,0
B00071,B00071_R1,64,Purple_3,Gate_3,1,5,2.54,0.762,81.35,1.9812,2.032,97.2,4,4,-15.85,1.0668,2.54,0.2032,1.6002,3.2512,1.4224,1.8034,2,3,3,300,0,1,5,2.3177499999999998,1.4223999999999999,1.97485,0.9652,81.35,97.2,4,4,3.2512,1.4224,0,-15.850000000000009,-1.8287999999999998,5.0546,25.952630955670468,107.30263095567047,192.69736904432955,5.71507519835788,0.0,0.6423245634810985,59.35187749772485,85.35,0.9652,1.97485,1.4223999999999999,2.2605999999999997,3.810050132238582,7.795563099514467,5.6148107211937,8.923538467611415,3.2512,12.83385307701417,107.30263095567047,206.90204673745703,138.00071053566495,7.795563099514467,8.923538467611415,99.59941578178656,4
B00071,B00071_R1,69,Gate_2,Green_4,2,5,2.54,0.762,81.35,1.9812,2.032,97.2,4,4,-15.85,0.2032,1.143,1.6764,0.7112,2.7178,3.175,2.413,1,3,3,300,0,2,5,2.1844,0.889,2.0574,0.0,81.35,97.2,4,4,2.7178,3.175,0,-15.850000000000009,0.45719999999999983,5.1308,26.253424387162987,107.60342438716299,192.396575612837,5.414281766865344,0.0,0.6413219187094567,58.47041397053091,85.35,0.0,2.0574,0.9652,2.05105,0.0,8.12142265029803,3.810050132238582,8.096356531006986,2.7178,10.728299056566534,107.60342438716299,207.2028401689496,139.00335530730666,8.12142265029803,8.096356531006986,99.5994157817866,3
B00071,B00071_R1,71,Green_4,Gate_4,3,5,2.54,0.762,81.35,1.9812,2.032,97.2,4,4,-15.85,1.6764,0.7112,0.2032,1.9812,1.4224,3.2512,3.2512,2,3,3,300,0,3,5,2.6606499999999995,2.032,1.7081499999999998,1.3461999999999998,81.35,97.2,4,4,1.4224,3.2512,0,-15.850000000000009,1.8287999999999998,4.6736,24.44866379820787,105.79866379820787,194.20133620179212,7.219042355820449,0.0,0.647337787339307,64.19034577199588,85.35,1.3461999999999998,1.7081499999999998,0.0,1.8859499999999998,5.314017289701179,6.7427860892906475,0.0,7.444637429439861,1.4224,5.614810721193701,105.79866379820787,208.50627837208384,135.29356965223226,6.7427860892906475,7.444637429439861,102.70761457387597,2
B00071,B00071_R1,62,Gate_1,Orange_2,4,5,2.54,0.762,81.35,1.9812,2.032,97.2,4,4,-15.85,0.2032,0.762,1.9812,2.54,2.9464,3.556,3.556,1,3,3,300,0,4,5,2.27965,0.889,1.9621499999999998,0.0,81.35,97.2,4,4,2.9464,3.556,0,-15.850000000000009,0.6095999999999999,6.5024,31.66770615402834,113.01770615402833,186.98229384597167,0.0,0.0,0.6232743128199055,46.13681102362205,85.35,0.0,1.9621499999999998,1.3461999999999998,2.01295,0.0,7.74543086093238,5.314017289701179,7.945959815260727,2.9464,11.630679351044094,113.01770615402833,207.80442703193464,132.08510638297872,7.74543086093238,7.945959815260727,94.7867208779063,1
B00071,B00071_R1,68,Orange_2,Green_6,5,5,2.54,0.762,81.35,1.9812,2.032,97.2,4,4,-15.85,1.9812,2.54,2.54,0.762,2.3368,0.508,2.3368,3,3,3,300,0,5,5,2.8511499999999996,1.4223999999999999,2.5844499999999995,1.4223999999999999,81.35,97.2,4,4,2.3368,0.508,0,-15.850000000000009,-1.8288000000000002,4.6736,24.44866379820787,105.79866379820787,194.20133620179212,7.219042355820449,0.0,0.647337787339307,64.19034577199588,85.35,1.4223999999999999,2.5844499999999995,0.0,2.07645,5.6148107211937,10.201910551454624,0.0,8.19662100817116,2.3368,9.224331899103936,105.79866379820787,204.8967571941736,149.13006750088817,10.201910551454624,8.19662100817116,99.09809339596573,0
B00072,B00072_R2,67,Gate_1,Orange_7,1,3,2.54,0.762,90.37,1.9812,2.032,87.38,5,3,2.98,0.2032,0.762,2.54,1.6002,2.9464,3.556,3.175,1,3,3,300,1,1,3,1.5875,0.0,1.5875,0.0,87.38,90.37,3,5,3.556,2.9464,-2,-2.990000000000009,-0.6095999999999999,6.731,32.570086448505904,119.9500864485059,180.04991355149411,1.5039671574626254,0.0,0.6001663785049803,44.56990046055564,90.38,0.0,1.5875,1.3461999999999998,2.4511,0.0,6.266529822760825,5.314017289701179,9.675522046342715,3.556,14.03702680298425,119.9500864485059,166.44106659298149,67.7470493032803,6.266529822760825,9.675522046342715,46.490980144475586,2
B00072,B00072_R2,72,Orange_7,Gate_3,2,3,2.54,0.762,90.37,1.9812,2.032,87.38,5,3,2.98,2.54,1.6002,0.2032,1.6002,1.3462,1.4986,2.3368,2,3,3,300,1,2,3,3.175,3.175,1.3461999999999998,1.3461999999999998,87.38,90.37,3,5,1.4986,1.3462,-2,-2.990000000000009,-0.15239999999999987,3.8354,21.139936051790155,108.51993605179015,191.48006394820985,12.934117554178357,0.0,0.6382668798273662,78.21869948375658,90.38,1.3461999999999998,1.3461999999999998,0.0,0.7493,5.314017289701179,5.314017289701179,0.0,2.9578020763431097,1.4986,5.915604152686219,108.51993605179015,169.24847195357833,77.27217463387676,5.314017289701179,2.9578020763431097,60.72853590178818,1
B00072,B00072_R2,70,Gate_1,Orange_5,3,3,2.54,0.762,90.37,1.9812,2.032,87.38,5,3,2.98,0.2032,0.762,1.9812,2.032,2.9464,3.556,3.556,1,3,3,300,1,3,3,1.5875,0.0,2.5273,1.4986,87.38,90.37,3,5,3.556,2.9464,-2,-2.990000000000009,-0.6095999999999999,7.112,34.0740536059685,121.4540536059685,178.5459463940315,0.0,0.0,0.5951531546467717,42.1822272215973,90.38,1.4986,2.5273,1.3461999999999998,2.2605999999999997,5.915604152686219,9.976315477835236,5.314017289701179,8.923538467611415,3.556,14.03702680298425,121.4540536059685,166.4410665929815,73.66265345596653,9.976315477835236,8.923538467611415,44.98701298701302,0
B00073,B00073_R2,73,Orange_4,Gate_3,1,4,2.54,0.762,80.25,1.9812,2.032,85.87,4,4,-5.62,1.6764,2.032,0.2032,1.6002,2.6416,0.8128,2.413,2,3,3,300,1,1,4,2.7685999999999997,1.8034,1.6764,1.3461999999999998,85.87,80.25,4,4,0.8128,2.6416,0,5.6200000000000045,1.8288,3.2257999999999996,18.733588599849995,104.60358859985,195.39641140015,15.340465006118507,0.0,0.6513213713338333,93.00018600037201,89.87,1.3461999999999998,1.6764,0.8128,1.6764000000000001,5.314017289701179,6.617455492835432,3.2084632692535426,6.617455492835432,0.8128,3.2084632692535426,104.60358859985,192.38766470611458,107.63644258477086,6.617455492835432,6.617455492835432,87.78407610626458,3
B00073,B00073_R2,67,Gate_1,Orange_7,2,4,2.54,0.762,80.25,1.9812,2.032,85.87,4,4,-5.62,0.2032,0.762,2.54,1.6002,2.9464,3.556,3.175,1,3,3,300,1,2,4,2.1420666666666666,0.0,1.6594666666666666,0.0,85.87,80.25,4,4,3.556,2.9464,0,5.6200000000000045,-0.6095999999999999,6.731,32.570086448505904,118.44008644850591,181.5599135514941,1.5039671574626254,0.0,0.6051997118383137,44.56990046055564,89.87,0.0,1.6594666666666666,1.3461999999999998,2.0828,0.0,6.5506125080593165,5.314017289701179,8.221687127462204,3.556,14.03702680298425,118.44008644850591,183.6646551928315,93.5994157817866,6.5506125080593165,8.221687127462204,65.2245687443256,2
B00073,B00073_R2,72,Orange_7,Gate_3,3,4,2.54,0.762,80.25,1.9812,2.032,85.87,4,4,-5.62,2.54,1.6002,0.2032,1.6002,1.3462,1.4986,2.3368,2,3,3,300,1,3,4,2.7178,1.8034,1.7017999999999998,1.3461999999999998,85.87,80.25,4,4,1.4986,1.3462,0,5.6200000000000045,-0.15239999999999987,3.8354,21.139936051790155,107.00993605179016,192.99006394820984,12.934117554178357,0.0,0.6433002131606994,78.21869948375658,89.87,1.3461999999999998,1.7017999999999998,0.0,1.2784666666666666,5.314017289701179,6.717719969999604,0.0,5.046645350596718,1.4986,5.915604152686219,107.00993605179016,186.47206055342835,105.53088856432322,6.717719969999604,5.046645350596718,79.46212450163819,1
B00073,B00073_R2,70,Gate_1,Orange_5,4,4,2.54,0.762,80.25,1.9812,2.032,85.87,4,4,-5.62,0.2032,0.762,1.9812,2.032,2.9464,3.556,3.556,1,3,3,300,1,4,4,2.1420666666666666,0.0,1.9558,0.8128,85.87,80.25,4,4,3.556,2.9464,0,5.6200000000000045,-0.6095999999999999,7.112,34.0740536059685,119.9440536059685,180.05594639403148,0.0,0.0,0.600186487980105,42.1822272215973,89.87,0.8128,1.9558,1.3461999999999998,1.9557999999999998,3.2084632692535426,7.720364741641338,5.314017289701179,7.720364741641337,3.556,14.03702680298425,119.9440536059685,183.6646551928315,95.60470532507007,7.720364741641338,7.720364741641337,63.720601586863,0
B00074,B00074_R1,71,Green_4,Gate_4,1,4,2.54,0.762,72.44,1.9812,2.032,85.56,4,4,-13.13,1.6764,0.7112,0.2032,1.9812,1.4224,3.2512,3.2512,2,3,3,300,0,1,4,2.5654,2.032,1.8034,1.3461999999999998,72.44,85.56,4,4,1.4224,3.2512,0,-13.120000000000005,1.8287999999999998,4.6736,24.44866379820787,96.88866379820787,203.11133620179214,7.219042355820477,0.0,0.6770377873393071,64.19034577199588,76.44,1.3461999999999998,1.8034,1.4223999999999999,2.0319999999999996,5.314017289701179,7.118777878656297,5.6148107211937,8.021158173133857,1.4224,5.614810721193701,96.88866379820787,175.6489369596968,100.11660679745786,7.118777878656297,8.021158173133857,78.76027316148894,3
B00074,B00074_R1,74,Gate_2,Yellow_4,2,4,2.54,0.762,72.44,1.9812,2.032,85.56,4,4,-13.13,0.2032,1.143,0.762,0.7112,2.7178,3.175,1.4986,1,3,3,300,0,2,4,2.159,0.889,2.032,1.1176,72.44,85.56,4,4,2.7178,3.175,0,-13.120000000000005,0.45719999999999983,4.2164,22.643903209252755,95.08390320925275,204.91609679074725,9.023802944775582,0.0,0.6830536559691575,71.15074471112797,76.44,1.1176,2.032,1.3461999999999998,2.413,4.411636995223621,8.021158173133857,5.314017289701179,9.525125330596454,2.7178,10.728299056566534,95.08390320925275,170.2346551928315,104.62850826984567,8.021158173133857,9.525125330596454,75.15075198357874,2
B00074,B00074_R1,62,Gate_1,Orange_2,3,4,2.54,0.762,72.44,1.9812,2.032,85.56,4,4,-13.13,0.2032,0.762,1.9812,2.54,2.9464,3.556,3.556,1,3,3,300,0,3,4,2.1590000000000003,0.889,2.1420666666666666,0.0,72.44,85.56,4,4,2.9464,3.556,0,-13.120000000000005,0.6095999999999999,6.5024,31.66770615402834,104.10770615402834,195.89229384597166,0.0,0.0,0.6529743128199056,46.13681102362205,76.44,0.0,2.1420666666666666,1.1176,1.9304,0.0,8.455637574178608,4.411636995223621,7.620100264477164,2.9464,11.630679351044094,104.10770615402834,168.4298946038764,96.90814352820433,8.455637574178608,7.620100264477164,64.32218844984806,1
B00074,B00074_R1,68,Orange_2,Green_6,4,4,2.54,0.762,72.44,1.9812,2.032,85.56,4,4,-13.13,1.9812,2.54,2.54,0.762,2.3368,0.508,2.3368,3,3,3,300,0,4,4,3.3273999999999995,3.175,2.3622,1.4223999999999999,72.44,85.56,4,4,2.3368,0.508,0,-13.120000000000005,-1.8288000000000002,4.6736,24.44866379820787,96.88866379820787,203.11133620179214,7.219042355820477,0.0,0.6770377873393071,64.19034577199588,76.44,1.4223999999999999,2.3622,0.0,1.9642666666666664,5.6148107211937,9.32459637626811,0.0,7.753786234029395,2.3368,9.224331899103936,96.88866379820787,166.42460506059288,106.7340622902933,9.32459637626811,7.753786234029395,69.53594126238501,0
B00075,B00075_R1,74,Gate_2,Yellow_4,1,4,2.54,0.762,74.42,1.9812,2.032,76.95,4,4,-2.53,0.2032,1.143,0.762,0.7112,2.7178,3.175,1.4986,1,3,3,300,0,1,4,1.651,0.889,1.9304,1.1176,74.42,76.95,4,4,2.7178,3.175,0,-2.530000000000001,0.45719999999999983,4.2164,22.643903209252755,97.06390320925276,202.93609679074723,9.023802944775582,0.0,0.6764536559691574,71.15074471112797,78.42,1.1176,1.9304,2.7178,2.921,4.411636995223621,7.620100264477164,10.728299056566534,11.53041487387992,2.7178,10.728299056566534,97.06390320925276,183.64480558954722,109.44120317372597,7.620100264477164,11.53041487387992,86.58090238029446,3
B00075,B00075_R1,62,Gate_1,Orange_2,2,4,2.54,0.762,74.42,1.9812,2.032,76.95,4,4,-2.53,0.2032,0.762,1.9812,2.54,2.9464,3.556,3.556,1,3,3,300,0,2,4,1.4816666666666667,0.0,2.2436666666666665,0.0,74.42,76.95,4,4,2.9464,3.556,0,-2.530000000000001,0.6095999999999999,6.5024,31.66770615402834,106.08770615402834,193.91229384597165,0.0,0.0,0.6463743128199055,46.13681102362205,78.42,0.0,2.2436666666666665,1.1176,2.4384,0.0,8.8566954828353,4.411636995223621,9.625389807760628,2.9464,11.630679351044094,106.08770615402834,176.42576323372677,104.1271858840248,8.8566954828353,9.625389807760628,70.33805707969843,2
B00075,B00075_R1,68,Orange_2,Green_6,3,4,2.54,0.762,74.42,1.9812,2.032,76.95,4,4,-2.53,1.9812,2.54,2.54,0.762,2.3368,0.508,2.3368,3,3,3,300,0,3,4,3.429,3.175,2.870199999999999,2.7178,74.42,76.95,4,4,2.3368,0.508,0,-2.530000000000001,-1.8288000000000002,4.6736,24.44866379820787,98.86866379820788,201.13133620179212,7.219042355820477,0.0,0.670437787339307,64.19034577199588,78.42,2.7178,2.870199999999999,0.0,1.4562666666666668,10.728299056566534,11.329885919551574,0.0,5.748496690745931,2.3368,9.224331899103936,98.86866379820788,174.4204736904433,118.76579954999409,11.329885919551574,5.748496690745931,75.55180989223541,1
B00075,B00075_R1,75,Gate_1,Orange_1,4,4,2.54,0.762,74.42,1.9812,2.032,76.95,4,4,-2.53,0.2032,0.762,1.6764,2.54,2.9464,3.556,3.2512,1,3,3,300,0,4,4,1.4816666666666667,0.0,2.3114,0.8128,74.42,76.95,4,4,2.9464,3.556,0,-2.530000000000001,0.6095999999999999,6.1975999999999996,30.464532428058263,104.88453242805826,195.11546757194174,1.203173725970089,0.0,0.6503848919064724,48.40583451658707,78.42,0.8128,2.3114,1.1176,2.54,3.2084632692535426,9.124067421939762,4.411636995223621,10.026447716417321,2.9464,11.630679351044094,104.88453242805826,176.42576323372677,106.13247542730825,9.124067421939762,10.026447716417321,71.5412308056685,0
B00076,B00076_R2,76,Green_4,Gate_3,1,4,1.6764,2.54,96.48,1.9812,2.032,64.42,5,3,32.06,1.6764,0.7112,0.2032,1.6002,2.9464,3.2512,2.8702,2,3,3,300,1,1,4,2.1082,2.032,1.6764,1.3461999999999998,64.42,96.48,3,5,3.2512,2.9464,-2,-32.06,-0.30479999999999974,6.1213999999999995,30.163738996565744,94.58373899656574,205.41626100343427,3.910314609402775,0.0,0.6847208700114475,49.00839677198027,67.42,1.3461999999999998,1.6764,2.2605999999999997,2.794,5.314017289701179,6.617455492835432,8.923538467611415,11.029092488059051,3.2512,12.83385307701417,94.58373899656574,178.45750049342755,107.63644258477086,6.617455492835432,11.029092488059051,83.8737614968618,3
B00076,B00076_R2,67,Gate_1,Orange_7,2,4,1.6764,2.54,96.48,1.9812,2.032,64.42,5,3,32.06,0.2032,0.762,2.54,1.6002,3.2512,3.556,3.175,1,3,3,300,1,2,4,1.7356666666666667,0.0,1.8118666666666663,0.0,64.42,96.48,3,5,3.556,3.2512,-2,-32.06,-0.3048000000000002,6.731,32.570086448505904,96.9900864485059,203.0099135514941,1.503967157462597,0.0,0.6766997118383137,44.56990046055564,67.42,0.0,1.8118666666666663,1.3461999999999998,2.0828,0.0,7.152199371044355,5.314017289701179,8.221687127462204,3.556,14.03702680298425,96.9900864485059,173.64480558954725,106.83432676745747,7.152199371044355,8.221687127462204,76.65471914104134,2
B00076,B00076_R2,72,Orange_7,Gate_3,3,4,1.6764,2.54,96.48,1.9812,2.032,64.42,5,3,32.06,2.54,1.6002,0.2032,1.6002,1.8034,1.4986,2.3368,2,3,3,300,1,3,4,2.870199999999999,2.2605999999999997,1.8541999999999998,1.3461999999999998,64.42,96.48,3,5,1.4986,1.8034,-2,-32.06,0.30479999999999996,3.8354,21.139936051790155,85.55993605179016,214.44006394820985,12.934117554178357,0.0,0.7148002131606995,78.21869948375658,67.42,1.3461999999999998,1.8541999999999998,0.0,1.2784666666666666,5.314017289701179,7.319306832984644,0.0,5.046645350596718,1.4986,5.915604152686219,85.55993605179016,176.45221095014406,118.76579954999409,7.319306832984644,5.046645350596718,90.8922748983539,1
B00076,B00076_R2,70,Gate_1,Orange_5,4,4,1.6764,2.54,96.48,1.9812,2.032,64.42,5,3,32.06,0.2032,0.762,1.9812,2.032,3.2512,3.556,3.556,1,3,3,300,1,4,4,1.7356666666666667,0.0,2.7685999999999997,1.4986,64.42,96.48,3,5,3.556,3.2512,-2,-32.06,-0.3048000000000002,7.112,34.0740536059685,98.4940536059685,201.5059463940315,0.0,0.0,0.671686487980105,42.1822272215973,67.42,1.4986,2.7685999999999997,1.3461999999999998,1.9557999999999998,5.915604152686219,10.92882801089488,5.314017289701179,7.720364741641337,3.556,14.03702680298425,98.4940536059685,173.64480558954725,116.66024552954644,10.92882801089488,7.720364741641337,75.15075198357874,0
B00077,B00077_R1,77,Gate_1,Yellow_3,1,4,1.6764,2.54,84.86,1.9812,2.032,86.67,4,4,-1.8,0.2032,0.762,1.0668,0.2032,3.2512,3.556,1.4224,1,3,3,300,0,1,4,1.1853333333333333,0.0,2.0319999999999996,1.4223999999999999,84.86,86.67,4,4,3.2512,3.556,0,-1.8100000000000023,0.3048000000000002,4.6736,24.44866379820787,109.30866379820787,190.69133620179213,8.422216081790538,0.0,0.6356377873393071,64.19034577199588,88.86,1.4223999999999999,2.0319999999999996,2.9463999999999997,3.2511999999999994,5.6148107211937,8.021158173133857,11.630679351044092,12.83385307701417,3.2512,12.83385307701417,109.30866379820787,191.07687127462202,107.03485572178582,8.021158173133857,12.83385307701417,81.76820747641415,3
B00077,B00077_R1,62,Gate_1,Orange_2,2,4,1.6764,2.54,84.86,1.9812,2.032,86.67,4,4,-1.8,0.2032,0.762,1.9812,2.54,3.2512,3.556,3.556,1,3,3,300,0,2,4,1.1853333333333333,0.0,2.3706666666666667,0.0,84.86,86.67,4,4,3.2512,3.556,0,-1.8100000000000023,0.3048000000000002,6.8072,32.87087987999842,117.73087987999841,182.2691201200016,0.0,0.0,0.6075637337333386,44.07098366435539,88.86,0.0,2.3706666666666667,1.4223999999999999,2.5399999999999996,0.0,9.358017868656168,5.6148107211937,10.026447716417321,3.2512,12.83385307701417,117.73087987999841,185.06100264477163,102.6232187265622,9.358017868656168,10.026447716417321,67.33012276477322,2
B00077,B00077_R1,68,Orange_2,Green_6,3,4,1.6764,2.54,84.86,1.9812,2.032,86.67,4,4,-1.8,1.9812,2.54,2.54,0.762,0.8128,0.508,2.3368,3,3,3,300,0,3,4,3.5559999999999996,3.556,2.9463999999999992,2.9463999999999997,84.86,86.67,4,4,0.8128,0.508,0,-1.8100000000000023,-0.30479999999999996,3.1496000000000004,18.43279516835748,103.29279516835749,196.7072048316425,14.438084711640926,0.0,0.6556906827721417,95.250190500381,88.86,2.9463999999999997,2.9463999999999992,0.0,1.3546666666666667,11.630679351044092,11.630679351044092,0.0,5.347438782089238,0.8128,3.2084632692535426,103.29279516835749,189.07158173133857,123.87928788536689,11.630679351044092,5.347438782089238,85.77878656298108,1
B00077,B00077_R1,75,Gate_1,Orange_1,4,4,1.6764,2.54,84.86,1.9812,2.032,86.67,4,4,-1.8,0.2032,0.762,1.6764,2.54,3.2512,3.556,3.2512,1,3,3,300,0,4,4,1.1853333333333333,0.0,2.4384,0.8128,84.86,86.67,4,4,3.2512,3.556,0,-1.8100000000000023,0.3048000000000002,6.5024,31.66770615402834,116.52770615402834,183.47229384597165,1.2031737259700606,0.0,0.6115743128199055,46.13681102362205,88.86,0.8128,2.4384,1.4223999999999999,2.6416,3.2084632692535426,9.625389807760628,5.6148107211937,10.427505625074014,3.2512,12.83385307701417,116.52770615402834,185.06100264477163,104.62850826984567,9.625389807760628,10.427505625074014,68.5332964907433,0
B00078,B00078_R2,70,Gate_1,Orange_5,1,4,1.6764,2.54,92.57,1.9812,2.032,76.55,5,4,16.03,0.2032,0.762,1.9812,2.032,3.2512,3.556,3.556,1,3,3,300,1,1,4,2.1420666666666666,0.0,1.9558,0.8128,76.55,92.57,4,5,3.556,3.2512,-1,-16.019999999999996,-0.3048000000000002,7.112,34.0740536059685,110.6240536059685,189.3759463940315,0.0,0.0,0.6312531546467717,42.1822272215973,80.55,0.8128,1.9558,1.3461999999999998,1.9557999999999998,3.2084632692535426,7.720364741641338,5.314017289701179,7.720364741641337,3.556,14.03702680298425,110.6240536059685,174.34465519283148,95.60470532507007,7.720364741641338,7.720364741641337,63.72060158686298,3
B00078,B00078_R2,78,Orange_1,Gate_3,2,4,1.6764,2.54,92.57,1.9812,2.032,76.55,5,4,16.03,1.6764,2.54,0.2032,1.6002,0.0,0.8128,2.413,2,3,3,300,1,2,4,2.7685999999999997,1.8034,1.6764,1.3461999999999998,76.55,92.57,4,5,0.8128,0.0,-1,-16.019999999999996,-0.8128,3.2257999999999996,18.733588599849995,95.28358859984999,204.71641140015,15.340465006118507,0.0,0.6823880380005001,93.00018600037201,80.55,1.3461999999999998,1.6764,0.8128,1.6764,5.314017289701179,6.61745549283543,3.2084632692535426,6.617455492835432,0.8128,3.2084632692535426,95.28358859984999,183.06766470611456,107.63644258477086,6.61745549283543,6.617455492835432,87.78407610626456,2
B00078,B00078_R2,67,Gate_1,Orange_7,3,4,1.6764,2.54,92.57,1.9812,2.032,76.55,5,4,16.03,0.2032,0.762,2.54,1.6002,3.2512,3.556,3.175,1,3,3,300,1,3,4,2.1420666666666666,0.0,1.6594666666666666,0.0,76.55,92.57,4,5,3.556,3.2512,-1,-16.019999999999996,-0.3048000000000002,6.731,32.570086448505904,109.1200864485059,190.8799135514941,1.503967157462597,0.0,0.6362663785049804,44.56990046055564,80.55,0.0,1.6594666666666666,1.3461999999999998,2.0827999999999998,0.0,6.5506125080593165,5.314017289701179,8.221687127462204,3.556,14.03702680298425,109.1200864485059,174.3446551928315,93.5994157817866,6.5506125080593165,8.221687127462204,65.22456874432561,1
B00078,B00078_R2,72,Orange_7,Gate_3,4,4,1.6764,2.54,92.57,1.9812,2.032,76.55,5,4,16.03,2.54,1.6002,0.2032,1.6002,1.8034,1.4986,2.3368,2,3,3,300,1,4,4,2.7178,1.8034,1.7017999999999998,1.3461999999999998,76.55,92.57,4,5,1.4986,1.8034,-1,-16.019999999999996,0.30479999999999996,3.8354,21.139936051790155,97.68993605179016,202.31006394820986,12.934117554178357,0.0,0.6743668798273662,78.21869948375658,80.55,1.3461999999999998,1.7017999999999998,0.0,1.2784666666666666,5.314017289701179,6.717719969999604,0.0,5.046645350596718,1.4986,5.915604152686219,97.68993605179016,177.15206055342833,105.53088856432322,6.717719969999604,5.046645350596718,79.46212450163817,0
B00079,B00079_R1,79,Gate_1,Yellow_3,1,4,1.6764,2.54,81.56,0.2032,1.6002,83.16,4,4,-1.6,0.2032,0.762,1.0668,0.2032,3.2512,1.3462,1.4224,1,3,3,300,0,1,4,1.1853333333333333,0.0,2.0319999999999996,1.4223999999999999,81.56,83.16,4,4,3.2512,1.3462,0,-1.5999999999999943,-1.9049999999999998,4.6736,24.44866379820787,106.00866379820788,193.99133620179214,8.422216081790566,0.0,0.6466377873393071,64.19034577199588,85.56,1.4223999999999999,2.0319999999999996,2.9463999999999997,3.2511999999999994,5.6148107211937,8.021158173133857,11.630679351044092,12.83385307701417,3.2512,12.83385307701417,106.00866379820788,187.776871274622,107.03485572178582,8.021158173133857,12.83385307701417,81.76820747641413,3
B00079,B00079_R1,62,Gate_1,Orange_2,2,4,1.6764,2.54,81.56,0.2032,1.6002,83.16,4,4,-1.6,0.2032,0.762,1.9812,2.54,3.2512,1.3462,3.556,1,3,3,300,0,2,4,1.1853333333333333,0.0,2.3706666666666667,0.0,81.56,83.16,4,4,3.2512,1.3462,0,-1.5999999999999943,-1.9049999999999998,6.8072,32.87087987999842,114.43087987999843,185.56912012000157,0.0,0.0,0.6185637337333386,44.07098366435539,85.56,0.0,2.3706666666666667,1.4223999999999999,2.5399999999999996,0.0,9.358017868656168,5.6148107211937,10.026447716417321,3.2512,12.83385307701417,114.43087987999843,181.76100264477165,102.6232187265622,9.358017868656168,10.026447716417321,67.33012276477322,2
B00079,B00079_R1,68,Orange_2,Green_6,3,4,1.6764,2.54,81.56,0.2032,1.6002,83.16,4,4,-1.6,1.9812,2.54,2.54,0.762,0.8128,2.7178,2.3368,3,3,3,300,0,3,4,3.5559999999999996,3.556,2.9463999999999992,2.9463999999999997,81.56,83.16,4,4,0.8128,2.7178,0,-1.5999999999999943,1.905,3.1496000000000004,18.43279516835748,99.99279516835747,200.00720483164253,14.438084711640954,0.0,0.6666906827721417,95.250190500381,85.56,2.9463999999999997,2.9463999999999992,0.0,1.3546666666666667,11.630679351044092,11.630679351044092,0.0,5.347438782089238,0.8128,3.2084632692535426,99.99279516835747,185.77158173133856,123.87928788536689,11.630679351044092,5.347438782089238,85.77878656298108,1
B00079,B00079_R1,75,Gate_1,Orange_1,4,4,1.6764,2.54,81.56,0.2032,1.6002,83.16,4,4,-1.6,0.2032,0.762,1.6764,2.54,3.2512,1.3462,3.2512,1,3,3,300,0,4,4,1.1853333333333333,0.0,2.4384,0.8128,81.56,83.16,4,4,3.2512,1.3462,0,-1.5999999999999943,-1.9049999999999998,6.5024,31.66770615402834,113.22770615402834,186.77229384597166,1.203173725970089,0.0,0.6225743128199055,46.13681102362205,85.56,0.8128,2.4384,1.4223999999999999,2.6416,3.2084632692535426,9.625389807760628,5.6148107211937,10.427505625074014,3.2512,12.83385307701417,113.22770615402834,181.76100264477162,104.62850826984567,9.625389807760628,10.427505625074014,68.53329649074328,0
B00080,B00080_R2,78,Orange_1,Gate_3,1,4,1.6764,2.54,88.57,0.2032,1.6002,73.84,4,4,14.73,1.6764,2.54,0.2032,1.6002,0.0,2.413,2.413,2,3,3,300,1,1,4,2.0574,1.1176,1.8288,1.3461999999999998,73.84,88.57,4,4,2.413,0.0,0,-14.72999999999999,-2.413,4.826,25.05025066119291,98.89025066119291,201.1097493388071,0.0,0.0,0.670365831129357,62.16328222130129,77.84,1.3461999999999998,1.8288,1.7271999999999998,1.9812,5.314017289701179,7.21904235582047,6.817984447163778,7.82062921880551,2.413,9.525125330596454,98.89025066119291,162.00926538507088,87.48328267477203,7.21904235582047,7.82062921880551,63.11901472387797,3
B00080,B00080_R2,67,Gate_1,Orange_7,2,4,1.6764,2.54,88.57,0.2032,1.6002,73.84,4,4,14.73,0.2032,0.762,2.54,1.6002,3.2512,1.3462,3.175,1,3,3,300,1,2,4,3.0226,2.6416,1.4054666666666666,0.0,73.84,88.57,4,4,1.3462,3.2512,0,-14.72999999999999,1.9049999999999998,4.5212,23.847076935222834,97.68707693522283,202.31292306477718,1.203173725970089,0.0,0.674376410215924,66.35406529240024,77.84,0.0,1.4054666666666666,1.3461999999999998,1.5747999999999998,0.0,5.547967736417584,5.314017289701179,6.216397584178739,1.3462,5.31401728970118,97.68707693522283,164.71640626850353,83.67323254253346,5.547967736417584,6.216397584178739,67.0293293332807,2
B00080,B00080_R2,72,Orange_7,Gate_3,3,4,1.6764,2.54,88.57,0.2032,1.6002,73.84,4,4,14.73,2.54,1.6002,0.2032,1.6002,1.8034,2.3368,2.3368,2,3,3,300,1,3,4,2.4637999999999995,1.8034,1.8541999999999998,1.3461999999999998,73.84,88.57,4,4,2.3368,1.8034,0,-14.72999999999999,-0.5334000000000003,4.6736,24.44866379820787,98.28866379820788,201.7113362017921,0.6015868629850161,0.0,0.6723711206726404,64.19034577199588,77.84,1.3461999999999998,1.8541999999999998,0.0,1.7864666666666664,5.314017289701179,7.319306832984644,0.0,7.0519348938801825,2.3368,9.224331899103936,98.28866379820788,155.4920743693996,88.38566296924958,7.319306832984644,7.0519348938801825,57.203410571191725,1
B00080,B00080_R2,80,Purple_3,Purple_1,4,4,1.6764,2.54,88.57,0.2032,1.6002,73.84,4,4,14.73,1.0668,2.54,0.4572,2.54,1.1176,1.8034,1.1176,3,3,3,300,1,4,4,2.0574,1.1176,2.2605999999999997,1.7271999999999998,73.84,88.57,4,4,1.8034,1.1176,0,-14.72999999999999,-0.6858,2.921,17.53041487387992,91.37041487387992,208.62958512612008,7.519835787312985,0.0,0.6954319504204003,102.70455323519343,77.84,1.7271999999999998,2.2605999999999997,1.8034,2.0066,6.817984447163778,8.923538467611415,7.118777878656298,7.920893695969684,1.8034,7.118777878656298,91.37041487387992,164.71640626850353,100.11660679745785,8.923538467611415,7.920893695969684,73.34599139462361,0
B00081,B00081_R1,62,Gate_1,Orange_2,1,4,1.6764,2.54,78.95,0.4572,2.54,80.54,4,5,-1.59,0.2032,0.762,1.9812,2.54,3.2512,2.032,3.556,1,3,3,300,0,1,4,2.1674666666666664,0.0,1.9642666666666664,0.0,78.95,80.54,4,5,3.2512,2.032,-1,-1.5900000000000034,-1.2191999999999998,6.8072,32.87087987999842,111.82087987999842,188.17912012000158,0.0,0.0,0.6272637337333387,44.07098366435539,82.95,0.0,1.9642666666666664,1.3461999999999998,2.5145999999999997,0.0,7.753786234029395,5.314017289701179,9.926183239253147,3.2512,12.83385307701417,111.82087987999842,183.36211068566692,102.32242529506968,7.753786234029395,9.926183239253147,71.5412308056685,3
B00081,B00081_R1,68,Orange_2,Green_6,2,4,1.6764,2.54,78.95,0.4572,2.54,80.54,4,5,-1.59,1.9812,2.54,2.54,0.762,0.8128,2.032,2.3368,3,3,3,300,0,2,4,3.1495999999999995,2.3367999999999998,1.9642666666666664,0.0,78.95,80.54,4,5,0.8128,2.032,-1,-1.5900000000000034,1.2192,3.1496000000000004,18.43279516835748,97.38279516835749,202.6172048316425,14.438084711640926,0.0,0.6753906827721416,95.250190500381,82.95,0.0,1.9642666666666664,0.0,1.1768666666666665,0.0,7.753786234029395,0.0,4.645587441940026,0.8128,3.2084632692535426,97.38279516835749,187.67348320372636,116.7605100067106,7.753786234029395,4.645587441940026,90.29068803536887,2
B00081,B00081_R1,81,Green_6,Gate_3,3,4,1.6764,2.54,78.95,0.4572,2.54,80.54,4,5,-1.59,2.54,0.762,0.2032,1.6002,2.6416,3.8608,3.175,2,3,3,300,0,3,4,2.7431999999999994,2.3367999999999998,1.8034,1.3461999999999998,78.95,80.54,4,5,2.6416,3.8608,-1,-1.5900000000000034,1.2191999999999998,5.816599999999999,28.960565270595662,107.91056527059567,192.08943472940433,3.9103146094027466,0.0,0.6402981157646811,51.57652236701854,82.95,1.3461999999999998,1.8034,0.0,1.6594666666666666,5.314017289701179,7.1187778786562985,0.0,6.5506125080593165,2.6416,10.427505625074014,107.91056527059567,180.4544408479059,104.32771483835313,7.1187778786562985,6.5506125080593165,72.54387557731022,1
B00081,B00081_R1,75,Gate_1,Orange_1,4,4,1.6764,2.54,78.95,0.4572,2.54,80.54,4,5,-1.59,0.2032,0.762,1.6764,2.54,3.2512,2.032,3.2512,1,3,3,300,0,4,4,2.1674666666666664,0.0,2.2352000000000003,0.8128,78.95,80.54,4,5,3.2512,2.032,-1,-1.5900000000000034,-1.2191999999999998,6.5024,31.66770615402834,110.61770615402834,189.38229384597167,1.203173725970089,0.0,0.6312743128199055,46.13681102362205,82.95,0.8128,2.2352000000000003,1.3461999999999998,2.6161999999999996,3.2084632692535426,8.823273990447243,5.314017289701179,10.327241147909842,3.2512,12.83385307701417,110.61770615402834,183.36211068566692,106.7340622902933,8.823273990447243,10.327241147909842,72.74440453163858,0
B00082,B00082_R2,67,Gate_1,Orange_7,1,4,1.6764,2.54,81.35,0.4572,2.54,70.49,4,4,10.86,0.2032,0.762,2.54,1.6002,3.2512,2.032,3.175,1,3,3,300,1,1,4,2.3114000000000003,1.1176,1.8626666666666665,0.0,70.49,81.35,4,4,2.032,3.2512,0,-10.86,1.2191999999999998,5.207,26.55421781865551,97.04421781865551,202.9557821813445,0.6015868629850161,0.0,0.676519273937815,57.61474937584022,74.49,0.0,1.8626666666666665,1.3461999999999998,1.8034,0.0,7.352728325372702,5.314017289701179,7.1187778786562985,2.032,8.021158173133857,97.04421781865551,163.17116685745867,90.89227489835392,7.352728325372702,7.1187778786562985,66.12694903880316,3
B00082,B00082_R2,72,Orange_7,Gate_3,2,4,1.6764,2.54,81.35,0.4572,2.54,70.49,4,4,10.86,2.54,1.6002,0.2032,1.6002,1.8034,3.0226,2.3368,2,3,3,300,1,2,4,2.921,2.413,1.7017999999999998,1.3461999999999998,70.49,81.35,4,4,3.0226,1.8034,0,-10.86,-1.2192000000000003,5.359400000000001,27.15580468164055,97.64580468164054,202.35419531835947,0.0,0.0,0.6745139843945316,55.976415270366076,74.49,1.3461999999999998,1.7017999999999998,0.0,2.0150666666666663,5.314017289701179,6.717719969999604,0.0,7.95431518835774,3.0226,11.931472782536613,97.64580468164054,153.9468349583547,88.38566296924961,6.717719969999604,7.95431518835774,56.30103027671417,2
B00082,B00082_R2,82,Yellow_2,Purple_1,3,4,1.6764,2.54,81.35,0.4572,2.54,70.49,4,4,10.86,0.762,0.2032,0.4572,2.54,3.2512,2.6416,2.6416,3,3,3,300,1,3,4,2.5146,1.1176,2.0574,1.1176,70.49,81.35,4,4,2.6416,3.2512,0,-10.86,0.6095999999999999,5.2832,26.855011250148028,97.34501125014802,202.65498874985198,0.30079343149250803,0.0,0.6755166291661733,56.78376741368867,74.49,1.1176,2.0574,1.9558,2.5907999999999998,4.411636995223621,8.12142265029803,7.720364741641338,10.226976670745666,2.6416,10.427505625074014,97.34501125014802,163.17116685745864,92.8975644416374,8.12142265029803,10.226976670745666,65.82615560731062,1
B00082,B00082_R2,80,Purple_3,Purple_1,4,4,1.6764,2.54,81.35,0.4572,2.54,70.49,4,4,10.86,1.0668,2.54,0.4572,2.54,1.1176,1.1176,1.1176,3,3,3,300,1,4,4,2.7685999999999997,2.413,2.5654,2.032,70.49,81.35,4,4,1.1176,1.1176,0,-10.86,0.0,2.2352,14.823273990447243,85.31327399044724,214.68672600955276,12.332530691193284,0.0,0.7156224200318425,134.21617752326415,74.49,2.032,2.5654,1.1176,1.7779999999999998,8.021158173133857,10.126712193581495,4.411636995223621,7.018513401492124,1.1176,4.411636995223621,85.31327399044724,165.87830774089133,110.94517033118856,10.126712193581495,7.018513401492124,80.56503375044409,0
B00083,B00083_R1,68,Orange_2,Green_6,1,4,1.6764,2.54,70.63,0.4572,2.54,82.05,4,5,-11.41,1.9812,2.54,2.54,0.762,0.8128,2.032,2.3368,3,3,3,300,0,1,4,3.0225999999999993,2.3367999999999998,1.8880666666666663,0.0,70.63,82.05,4,5,0.8128,2.032,-1,-11.420000000000002,1.2192,3.1496000000000004,18.43279516835748,89.06279516835747,210.93720483164253,13.234910985670865,0.0,0.7031240161054751,95.250190500381,74.63,0.0,1.8880666666666663,0.8128,1.7526000000000002,0.0,7.452992802536876,3.2084632692535426,6.918248924327951,0.8128,3.2084632692535426,89.06279516835747,174.7413172541744,108.03750049342756,7.452992802536876,6.918248924327951,85.67852208581692,3
B00083,B00083_R1,81,Green_6,Gate_3,2,4,1.6764,2.54,70.63,0.4572,2.54,82.05,4,5,-11.41,2.54,0.762,0.2032,1.6002,2.6416,3.8608,3.175,2,3,3,300,0,2,4,2.667,2.3367999999999998,1.6764,0.9652,70.63,82.05,4,5,2.6416,3.8608,-1,-11.420000000000002,1.2191999999999998,5.816599999999999,28.960565270595662,99.59056527059566,200.40943472940432,2.7071408834326576,0.0,0.6680314490980144,51.57652236701854,74.63,0.9652,1.6764,0.0,2.0658666666666665,3.810050132238582,6.617455492835432,0.0,8.154844142686088,2.6416,10.427505625074014,99.59056527059566,164.3138116291004,95.00311846208503,6.617455492835432,8.154844142686088,64.72324635850474,2
B00083,B00083_R1,83,Gate_2,Purple_4,3,4,1.6764,2.54,70.63,0.4572,2.54,82.05,4,5,-11.41,0.2032,1.143,0.762,2.032,2.8702,1.651,1.9558,1,3,3,300,0,3,4,2.2605999999999997,0.889,2.5399999999999996,1.7271999999999998,70.63,82.05,4,5,2.8702,1.651,-1,-11.420000000000002,-1.2192,4.8260000000000005,25.050250661192912,95.6802506611929,204.3197493388071,6.6174554928354326,0.0,0.681065831129357,62.16328222130128,74.63,1.7271999999999998,2.5399999999999996,0.9652,2.1844,6.817984447163778,10.026447716417321,3.810050132238582,8.622745036118896,2.8702,11.329885919551574,95.6802506611929,167.2214814668614,109.14040974223346,10.026447716417321,8.622745036118896,71.5412308056685,1
B00083,B00083_R1,75,Gate_1,Orange_1,4,4,1.6764,2.54,70.63,0.4572,2.54,82.05,4,5,-11.41,0.2032,0.762,1.6764,2.54,3.2512,2.032,3.2512,1,3,3,300,0,4,4,2.4638,0.889,2.1082,0.8128,70.63,82.05,4,5,3.2512,2.032,-1,-11.420000000000002,-1.2191999999999998,6.5024,31.66770615402834,102.29770615402833,197.70229384597167,0.0,0.0,0.6590076461532389,46.13681102362205,74.63,0.8128,2.1082,1.3461999999999998,2.2097999999999995,3.2084632692535426,8.321951604626376,5.314017289701179,8.723009513283069,3.2512,12.83385307701417,102.29770615402833,167.2214814668614,97.40946591402519,8.321951604626376,8.723009513283069,64.92377531283307,0
B00084,B00084_R2,72,Orange_7,Gate_3,1,4,1.6764,2.54,79.35,0.4572,2.54,71.65,4,4,7.7,2.54,1.6002,0.2032,1.6002,1.8034,3.0226,2.3368,2,3,3,300,1,1,4,2.5146,1.9558,2.3114,1.8034,71.65,79.35,4,4,3.0226,1.8034,0,-7.699999999999989,-1.2192000000000003,5.359400000000001,27.15580468164055,98.80580468164055,201.19419531835945,6.918248924327941,0.0,0.6706473177278648,55.976415270366076,75.65,1.8034,2.3114,2.413,2.8193999999999995,7.118777878656298,9.124067421939762,9.525125330596454,11.129356965223225,3.0226,11.931472782536613,98.80580468164055,172.1517960762642,103.12454111238306,9.124067421939762,11.129356965223225,73.34599139462364,3
B00084,B00084_R2,84,Green_5,Purple_5,2,4,1.6764,2.54,79.35,0.4572,2.54,71.65,4,4,7.7,1.9812,0.7112,1.0668,2.032,3.2512,3.8608,3.2512,3,3,3,300,1,2,4,2.3114,1.7271999999999998,2.0574,0.508,71.65,79.35,4,4,3.8608,3.2512,0,-7.699999999999989,-0.6095999999999999,7.112,34.0740536059685,105.7240536059685,194.2759463940315,0.0,0.0,0.647586487980105,42.1822272215973,75.65,0.508,2.0574,3.175,3.6321999999999997,2.0052895432834643,8.12142265029803,12.53305964552165,14.337820234476768,3.8608,15.240200528954327,105.7240536059685,171.85100264477165,93.19835787312991,8.12142265029803,14.337820234476768,66.12694903880315,2
B00084,B00084_R2,80,Purple_3,Purple_1,3,4,1.6764,2.54,79.35,0.4572,2.54,71.65,4,4,7.7,1.0668,2.54,0.4572,2.54,1.1176,1.1176,1.1176,3,3,3,300,1,3,4,2.9717999999999996,2.413,3.1750000000000003,2.6416,71.65,79.35,4,4,1.1176,1.1176,0,-7.699999999999989,0.0,2.2352,14.823273990447243,86.47327399044725,213.52672600955276,19.250779615521253,0.0,0.7117557533651758,134.21617752326415,75.65,2.6416,3.1750000000000003,0.508,1.143,10.427505625074014,12.533059645521652,2.0052895432834643,4.511901472387795,1.1176,4.411636995223621,86.47327399044725,172.15179607626416,125.68404847432203,12.533059645521652,4.511901472387795,85.67852208581691,1
B00084,B00084_R2,82,Yellow_2,Purple_1,4,4,1.6764,2.54,79.35,0.4572,2.54,71.65,4,4,7.7,0.762,0.2032,0.4572,2.54,3.2512,2.6416,2.6416,3,3,3,300,1,4,4,2.7178,1.7271999999999998,2.667,1.1176,71.65,79.35,4,4,2.6416,3.2512,0,-7.699999999999989,0.6095999999999999,5.2832,26.855011250148028,98.50501125014803,201.49498874985198,7.219042355820477,0.0,0.6716499624995066,56.78376741368867,75.65,1.1176,2.667,1.9558,2.6161999999999996,4.411636995223621,10.527770102238186,7.720364741641338,10.32724114790984,2.6416,10.427505625074014,98.50501125014803,171.85100264477165,107.63644258477086,10.527770102238186,10.32724114790984,73.34599139462362,0
B00085,B00085_R1,81,Green_6,Gate_3,1,4,1.6764,2.54,72.94,0.4572,2.54,93.48,4,5,-20.54,2.54,0.762,0.2032,1.6002,2.6416,3.8608,3.175,2,3,3,300,0,1,4,2.3367999999999998,1.3461999999999998,1.5494,0.9652,72.94,93.48,4,5,2.6416,3.8608,-1,-20.540000000000006,1.2191999999999998,5.816599999999999,28.960565270595662,101.90056527059566,198.09943472940432,2.7071408834326576,0.0,0.6603314490980144,51.57652236701854,76.94,0.9652,1.5494,2.6416,3.2511999999999994,3.810050132238582,6.116133107014566,10.427505625074014,12.83385307701417,2.6416,10.427505625074014,101.90056527059566,182.46559902103976,98.91343307148779,6.116133107014566,12.83385307701417,80.5650337504441,3
B00085,B00085_R1,75,Gate_1,Orange_1,2,4,1.6764,2.54,72.94,0.4572,2.54,93.48,4,5,-20.54,0.2032,0.762,1.6764,2.54,3.2512,2.032,3.2512,1,3,3,300,0,2,4,2.3367999999999998,0.889,2.4384,1.8034,72.94,93.48,4,5,3.2512,2.032,-1,-20.540000000000006,-1.2191999999999998,6.5024,31.66770615402834,104.60770615402834,195.39229384597166,0.0,0.0,0.6513076461532389,46.13681102362205,76.94,1.8034,2.4384,1.3461999999999998,1.8034,7.118777878656298,9.625389807760628,5.314017289701179,7.118777878656297,3.2512,12.83385307701417,104.60770615402834,174.94576323372675,106.73406229029331,9.625389807760628,7.118777878656297,70.33805707969842,2
B00085,B00085_R1,85,Orange_7,Gate_4,3,4,1.6764,2.54,72.94,0.4572,2.54,93.48,4,5,-20.54,2.54,1.6002,0.2032,1.9812,1.8034,3.0226,2.7178,2,3,3,300,0,3,4,2.4383999999999997,1.3461999999999998,2.2098,1.3461999999999998,72.94,93.48,4,5,1.8034,3.0226,-1,-20.540000000000006,1.2192000000000003,4.5212,23.847076935222834,96.78707693522283,203.21292306477716,7.820629218805493,0.0,0.6773764102159239,66.35406529240024,76.94,1.3461999999999998,2.2098,1.8034,2.286,5.314017289701179,8.723009513283069,7.118777878656298,9.02380294477559,1.8034,7.118777878656298,96.78707693522283,182.46559902103974,111.84755062566613,8.723009513283069,9.02380294477559,85.67852208581691,1
B00085,B00085_R1,83,Gate_2,Purple_4,4,4,1.6764,2.54,72.94,0.4572,2.54,93.48,4,5,-20.54,0.2032,1.143,0.762,2.032,2.8702,1.651,1.9558,1,3,3,300,0,4,4,2.1336,0.889,2.8702,2.3367999999999998,72.94,93.48,4,5,2.8702,1.651,-1,-20.540000000000006,-1.2192,4.8260000000000005,25.050250661192912,97.9902506611929,202.0097493388071,6.6174554928354326,0.0,0.673365831129357,62.16328222130128,76.94,2.3367999999999998,2.8702,0.9652,1.7271999999999998,9.224331899103934,11.329885919551572,3.810050132238582,6.817984447163778,2.8702,11.329885919551574,97.9902506611929,174.94576323372675,118.46500611850155,11.329885919551572,6.817984447163778,76.95551257253385,0
B00086,B00086_R2,82,Yellow_2,Purple_1,1,4,0.762,2.032,83.28,0.4572,2.54,83.18,4,4,0.1,0.762,0.2032,0.4572,2.54,2.9464,2.6416,2.6416,3,3,3,300,1,1,4,2.159,1.4986,2.2098,1.1176,83.18,83.28,4,4,2.6416,2.9464,0,-0.09999999999999432,0.3048000000000002,5.2832,26.855011250148028,110.03501125014803,189.96498874985195,7.219042355820477,0.0,0.6332166291661732,56.78376741368867,87.18,1.1176,2.2098,2.6416,2.9464,4.411636995223621,8.723009513283069,10.427505625074014,11.630679351044092,2.6416,10.427505625074014,110.03501125014803,179.1698946038764,95.30391189357755,8.723009513283069,11.630679351044092,69.13488335372837,3
B00086,B00086_R2,86,Gate_2,Purple_2,2,4,0.762,2.032,83.28,0.4572,2.54,83.18,4,4,0.1,0.2032,1.143,0.762,2.54,1.9558,1.651,1.9558,1,3,3,300,1,2,4,2.1590000000000003,1.4986,2.4384,0.8128,83.18,83.28,4,4,1.651,1.9558,0,-0.09999999999999432,0.30479999999999996,3.6068,20.237555757312595,103.4175557573126,196.58244424268742,13.836497848655938,0.0,0.6552748141422914,83.17622269047355,87.18,0.8128,2.4384,1.651,1.8541999999999998,3.2084632692535426,9.625389807760628,6.517191015671259,7.319306832984644,1.651,6.517191015671259,103.4175557573126,179.16989460387637,104.62850826984567,9.625389807760628,7.319306832984644,75.75233884656377,2
B00086,B00086_R2,84,Green_5,Purple_5,3,4,0.762,2.032,83.28,0.4572,2.54,83.18,4,4,0.1,1.9812,0.7112,1.0668,2.032,3.556,3.8608,3.2512,3,3,3,300,1,3,4,2.5654,1.7271999999999998,2.0065999999999997,0.508,83.18,83.28,4,4,3.8608,3.556,0,-0.09999999999999432,-0.30479999999999974,7.112,34.0740536059685,117.25405360596851,182.74594639403148,0.0,0.0,0.6091531546467716,42.1822272215973,87.18,0.508,2.0065999999999997,3.556,3.7592,2.0052895432834643,7.920893695969682,14.03702680298425,14.839142620297634,3.8608,15.240200528954327,117.25405360596851,177.9667208779063,85.67852208581691,7.920893695969682,14.839142620297634,60.7126672719378,1
B00086,B00086_R2,80,Purple_3,Purple_1,4,4,0.762,2.032,83.28,0.4572,2.54,83.18,4,4,0.1,1.0668,2.54,0.4572,2.54,0.8128,1.1176,1.1176,3,3,3,300,1,4,4,2.9209999999999994,2.2605999999999997,2.7178,1.651,83.18,83.28,4,4,1.1176,0.8128,0,-0.09999999999999432,-0.30479999999999996,2.2352,14.823273990447243,98.00327399044725,201.99672600955273,19.250779615521253,0.0,0.6733224200318424,134.21617752326415,87.18,1.651,2.7178,0.508,0.8127999999999999,6.517191015671259,10.728299056566534,2.0052895432834643,3.2084632692535426,1.1176,4.411636995223621,98.00327399044725,176.76354715193622,113.35151778312871,10.728299056566534,3.2084632692535426,78.76027316148897,0
B00087,B00087_R1,83,Gate_2,Purple_4,1,4,0.762,2.032,74.64,0.4572,2.54,89.67,4,4,-15.03,0.2032,1.143,0.762,2.032,1.9558,1.651,1.9558,1,3,3,300,0,1,4,2.286,0.889,2.2606,1.7271999999999998,74.64,89.67,4,4,1.9558,1.651,0,-15.030000000000001,-0.30479999999999996,3.9116,21.440729483282674,96.08072948328268,203.91927051671732,6.6174554928354326,0.0,0.679730901722391,76.69495858472237,78.64,1.7271999999999998,2.2606,1.3461999999999998,2.3368,6.817984447163778,8.923538467611415,5.314017289701179,9.224331899103936,1.9558,7.720364741641338,96.08072948328268,167.9227537204437,101.0189870919354,8.923538467611415,9.224331899103936,71.84202423716101,3
B00087,B00087_R1,87,Orange_2,Orange_7,2,4,0.762,2.032,74.64,0.4572,2.54,89.67,4,4,-15.03,1.9812,2.54,2.54,1.6002,1.7272,2.032,1.4986,3,3,3,300,0,2,4,2.7432,1.4986,1.9896666666666665,0.0,74.64,89.67,4,4,1.7272,2.032,0,-15.030000000000001,0.30479999999999996,3.2258,18.73358859985,93.37358859985,206.62641140015,9.324596376268119,0.0,0.6887547046671667,93.000186000372,78.64,0.0,1.9896666666666665,0.8128,1.6256000000000002,0.0,7.854050711193568,3.2084632692535426,6.416926538507084,1.7272,6.817984447163779,93.37358859985,166.7195799944736,100.51766470611454,7.854050711193568,6.416926538507084,73.34599139462361,2
B00087,B00087_R1,85,Orange_7,Gate_4,3,4,0.762,2.032,74.64,0.4572,2.54,89.67,4,4,-15.03,2.54,1.6002,0.2032,1.9812,2.7178,3.0226,2.7178,2,3,3,300,0,3,4,2.4892,1.4986,1.8034,1.3461999999999998,74.64,89.67,4,4,2.7178,3.0226,0,-15.030000000000001,0.3048000000000002,5.4356,27.45659811313307,102.09659811313307,197.90340188686693,0.6015868629850445,0.0,0.6596780062895564,55.19169916844507,78.64,1.3461999999999998,1.8034,0.0,1.5070666666666668,5.314017289701179,7.118777878656297,0.0,5.9490256450742764,2.7178,10.728299056566534,102.09659811313307,159.60080211581732,89.58883669521967,7.118777878656297,5.9490256450742764,57.50420400268425,1
B00087,B00087_R1,75,Gate_1,Orange_1,4,4,0.762,2.032,74.64,0.4572,2.54,89.67,4,4,-15.03,0.2032,0.762,1.6764,2.54,2.3368,2.032,3.2512,1,3,3,300,0,4,4,2.54,0.889,1.8288,0.8128,74.64,89.67,4,4,2.3368,2.032,0,-15.030000000000001,-0.3048000000000002,5.588,28.058184976118106,102.69818497611811,197.3018150238819,0.0,0.0,0.6576727167462729,53.686471009305656,78.64,0.8128,1.8288,1.7271999999999998,2.413,3.2084632692535426,7.219042355820471,6.817984447163778,9.525125330596454,2.3368,9.224331899103936,102.69818497611811,167.92275372044367,89.28804326372715,7.219042355820471,9.525125330596454,65.22456874432555,0
B00088,B00088_R1,88,Orange_7,Gate_4,1,4,1.6764,2.54,74.63,0.4572,2.54,81.95,4,4,-7.32,2.54,1.6002,0.2032,1.9812,1.8034,3.0226,2.7178,2,3,3,300,0,1,4,1.5578666666666665,0.0,2.2606,1.7271999999999998,74.63,81.95,4,4,1.8034,3.0226,0,-7.320000000000007,1.2192000000000003,4.5212,23.847076935222834,98.47707693522283,201.52292306477716,7.820629218805493,0.0,0.6717430768825905,66.35406529240024,78.63,1.7271999999999998,2.2606,0.0,1.5070666666666668,6.817984447163778,8.923538467611415,0.0,5.9490256450742764,1.8034,7.118777878656298,98.47707693522283,161.99714956775745,97.40946591402519,8.923538467611415,5.9490256450742764,63.52007263253462,3
B00088,B00088_R1,75,Gate_1,Orange_1,2,4,1.6764,2.54,74.63,0.4572,2.54,81.95,4,4,-7.32,0.2032,0.762,1.6764,2.54,3.2512,2.032,3.2512,1,3,3,300,0,2,4,3.3019999999999996,3.175,1.4732,0.8128,74.63,81.95,4,4,3.2512,2.032,0,-7.320000000000007,-1.2191999999999998,6.5024,31.66770615402834,106.29770615402833,193.70229384597167,0.0,0.0,0.6456743128199055,46.13681102362205,78.63,0.8128,1.4732,1.7271999999999998,2.2098,3.2084632692535426,5.815339675522046,6.817984447163778,8.723009513283069,3.2512,12.83385307701417,106.29770615402833,163.10005881656338,80.26424031895156,5.815339675522046,8.723009513283069,56.80235266253504,2
B00088,B00088_R1,87,Orange_2,Orange_7,3,4,1.6764,2.54,74.63,0.4572,2.54,81.95,4,4,-7.32,1.9812,2.54,2.54,1.6002,0.8128,2.032,1.4986,3,3,3,300,0,3,4,2.1843999999999997,1.4986,1.0583333333333333,0.0,74.63,81.95,4,4,0.8128,2.032,0,-7.320000000000007,1.2192,2.3114,15.124067421939762,89.75406742193975,210.24593257806026,16.543638732088596,0.0,0.7008197752602009,129.79146837414555,78.63,0.0,1.0583333333333333,0.8128,1.8288,0.0,4.177686548507217,3.2084632692535426,7.21904235582047,0.8128,3.2084632692535426,89.75406742193975,169.1159274464138,91.89491966999566,4.177686548507217,7.21904235582047,79.36186002447404,1
B00088,B00088_R1,85,Orange_7,Gate_4,4,4,1.6764,2.54,74.63,0.4572,2.54,81.95,4,4,-7.32,2.54,1.6002,0.2032,1.9812,1.8034,3.0226,2.7178,2,3,3,300,0,4,4,1.5578666666666665,0.0,2.2606,1.7271999999999998,74.63,81.95,4,4,1.8034,3.0226,0,-7.320000000000007,1.2192000000000003,4.5212,23.847076935222834,98.47707693522283,201.52292306477716,7.820629218805493,0.0,0.6717430768825905,66.35406529240024,78.63,1.7271999999999998,2.2606,0.0,1.5070666666666668,6.817984447163778,8.923538467611415,0.0,5.9490256450742764,1.8034,7.118777878656298,98.47707693522283,161.99714956775745,97.40946591402519,8.923538467611415,5.9490256450742764,63.52007263253462,0
B00089,B00089_R2,89,Gate_2,Green_7,1,4,0.2032,1.9812,88.96,0.4572,2.54,72.24,5,4,16.73,0.2032,1.143,2.54,1.143,1.3462,1.651,2.3368,1,3,3,300,1,1,4,1.6594666666666666,0.0,2.2352000000000003,1.4986,72.24,88.96,4,5,1.651,1.3462,-1,-16.72,-0.30479999999999996,3.9878,21.741522914775196,93.98152291477518,206.01847708522482,12.332530691193313,0.0,0.6867282569507493,75.22944982195696,76.24,1.4986,2.2352000000000003,1.651,1.9558,5.915604152686219,8.823273990447243,6.517191015671259,7.720364741641337,1.651,6.517191015671259,93.98152291477518,163.1164062685035,95.60470532507006,8.823273990447243,7.720364741641337,69.13488335372833,3
B00089,B00089_R2,84,Green_5,Purple_5,2,4,0.2032,1.9812,88.96,0.4572,2.54,72.24,5,4,16.73,1.9812,0.7112,1.0668,2.032,3.556,3.8608,3.2512,3,3,3,300,1,2,4,2.8956,2.7178,1.6764,0.508,72.24,88.96,4,5,3.8608,3.556,-1,-16.72,-0.30479999999999974,7.112,34.0740536059685,106.3140536059685,193.6859463940315,0.0,0.0,0.6456198213134383,42.1822272215973,76.24,0.508,1.6764,1.4986,2.9718,2.0052895432834643,6.617455492835432,5.915604152686219,11.730943828208266,3.8608,15.240200528954327,106.3140536059685,153.79180989223542,76.65471914104133,6.617455492835432,11.730943828208266,47.477756286266924,2
B00089,B00089_R2,80,Purple_3,Purple_1,3,4,0.2032,1.9812,88.96,0.4572,2.54,72.24,5,4,16.73,1.0668,2.54,0.4572,2.54,1.4224,1.1176,1.1176,3,3,3,300,1,3,4,2.5907999999999998,2.2605999999999997,2.3876,1.651,72.24,88.96,4,5,1.1176,1.4224,-1,-16.72,0.3048000000000002,2.2352,14.823273990447243,87.06327399044724,212.93672600955276,19.250779615521253,0.0,0.7097890866985092,134.21617752326415,76.24,1.651,2.3876,0.508,1.397,6.517191015671259,9.424860853432282,2.0052895432834643,5.514546244029527,1.1176,4.411636995223621,87.06327399044724,160.71005881656336,104.32771483835313,9.424860853432282,5.514546244029527,73.64678482611612,1
B00089,B00089_R2,86,Gate_2,Purple_2,4,4,0.2032,1.9812,88.96,0.4572,2.54,72.24,5,4,16.73,0.2032,1.143,0.762,2.54,1.3462,1.651,1.9558,1,3,3,300,1,4,4,1.6594666666666666,0.0,2.1082,0.8128,72.24,88.96,4,5,1.651,1.3462,-1,-16.72,-0.30479999999999996,3.6068,20.237555757312595,92.47755575731259,207.5224442426874,13.83649784865591,0.0,0.691741480808958,83.17622269047355,76.24,0.8128,2.1082,1.651,2.0827999999999998,3.2084632692535426,8.321951604626376,6.517191015671259,8.221687127462202,1.651,6.517191015671259,92.47755575731259,163.11640626850354,95.60470532507006,8.321951604626376,8.221687127462202,70.63885051119095,0
B00090,B00090_R2,90,Green_7,Purple_1,1,4,0.2032,1.9812,78.84,0.762,2.54,75.44,4,4,3.41,2.54,1.143,0.4572,2.54,3.175,3.175,3.4798,3,3,3,300,1,1,4,2.2352000000000003,1.4986,2.2098,1.1176,75.44,78.84,4,4,3.175,3.175,0,-3.4000000000000057,0.0,6.6548,32.26929301701338,107.70929301701338,192.29070698298662,0.6015868629850445,0.0,0.6409690232766221,45.08024283224139,79.44,1.1176,2.2098,2.8702,3.1749999999999994,4.411636995223621,8.723009513283069,11.329885919551574,12.533059645521652,3.175,12.53305964552165,107.70929301701338,174.43782891880156,94.10073816760746,8.723009513283069,12.533059645521652,66.72853590178818,3
B00090,B00090_R2,86,Gate_2,Purple_2,2,4,0.2032,1.9812,78.84,0.762,2.54,75.44,4,4,3.41,0.2032,1.143,0.762,2.54,1.3462,1.9558,1.9558,1,3,3,300,1,2,4,2.4383999999999997,2.2605999999999997,2.5146,0.8128,75.44,78.84,4,4,1.9558,1.3462,0,-3.4000000000000057,-0.6095999999999999,3.9116,21.440729483282674,96.88072948328266,203.11927051671734,11.43015039671576,0.0,0.6770642350557244,76.69495858472237,79.44,0.8128,2.5146,1.651,1.8541999999999998,3.2084632692535426,9.926183239253147,6.517191015671259,7.319306832984644,1.9558,7.720364741641338,96.88072948328266,174.43782891880156,108.53882287924839,9.926183239253147,7.319306832984644,77.5570994355189,2
B00090,B00090_R2,84,Green_5,Purple_5,3,4,0.2032,1.9812,78.84,0.762,2.54,75.44,4,4,3.41,1.9812,0.7112,1.0668,2.032,3.556,3.556,3.2512,3,3,3,300,1,3,4,2.4892,1.4986,1.8796,0.508,75.44,78.84,4,4,3.556,3.556,0,-3.4000000000000057,0.0,6.8072,32.87087987999842,108.31087987999842,191.68912012000158,0.0,0.0,0.6389637337333386,44.07098366435539,79.44,0.508,1.8796,3.556,3.7592,2.0052895432834643,7.419571310148817,14.03702680298425,14.839142620297634,3.556,14.03702680298425,108.31087987999842,175.64100264477165,89.58883669521967,7.419571310148817,14.839142620297634,67.33012276477322,1
B00090,B00090_R2,80,Purple_3,Purple_1,4,4,0.2032,1.9812,78.84,0.762,2.54,75.44,4,4,3.41,1.0668,2.54,0.4572,2.54,1.4224,0.8128,1.1176,3,3,3,300,1,4,4,2.794,2.2605999999999997,2.9972,1.651,75.44,78.84,4,4,0.8128,1.4224,0,-3.4000000000000057,0.6096000000000001,1.9304,13.620100264477163,89.06010026447716,210.93989973552283,19.250779615521253,0.0,0.7031329991184094,155.40820555325323,79.44,1.651,2.9972,0.508,0.8127999999999999,6.517191015671259,11.83120830537244,2.0052895432834643,3.2084632692535426,0.8128,3.2084632692535426,89.06010026447716,174.43782891880156,122.07452729641179,11.83120830537244,3.2084632692535426,85.3777286543244,0
B00091,B00091_R1,91,Gate_1,Purple_1,1,4,0.2032,1.9812,70.23,0.4572,2.54,96.48,4,5,-26.25,0.2032,0.762,0.4572,2.54,1.7272,2.032,2.032,1,3,3,300,0,1,4,2.2436666666666665,0.0,2.3622,2.032,70.23,96.48,4,5,1.7272,2.032,-1,-26.25,0.30479999999999996,3.7592,20.839142620297636,91.06914262029764,208.93085737970236,6.6174554928354326,0.0,0.6964361912656746,79.80421366248139,74.23,2.032,2.3622,1.7271999999999998,2.7178,8.021158173133857,9.32459637626811,6.817984447163778,10.728299056566533,1.7272,6.817984447163779,91.06914262029764,165.31751430939883,102.2221608179055,9.32459637626811,10.728299056566533,74.24837168910119,3
B00091,B00091_R1,87,Orange_2,Orange_7,2,4,0.2032,1.9812,70.23,0.4572,2.54,96.48,4,5,-26.25,1.9812,2.54,2.54,1.6002,2.3368,2.032,1.4986,3,3,3,300,0,2,4,2.8702,1.4986,2.1166666666666667,0.0,70.23,96.48,4,5,2.3368,2.032,-1,-26.25,-0.3048000000000002,3.8354,21.139936051790155,91.36993605179016,208.63006394820985,6.3166620613429245,0.0,0.6954335464940329,78.21869948375658,74.23,0.0,2.1166666666666667,0.8128,1.7272,0.0,8.355373097014434,3.2084632692535426,6.817984447163778,2.3368,9.224331899103936,91.36993605179016,159.30164567954844,99.01369754865195,8.355373097014434,6.817984447163778,67.93170962775828,2
B00091,B00091_R1,85,Orange_7,Gate_4,3,4,0.2032,1.9812,70.23,0.4572,2.54,96.48,4,5,-26.25,2.54,1.6002,0.2032,1.9812,2.7178,3.0226,2.7178,2,3,3,300,0,3,4,2.6161999999999996,1.4986,1.9304,1.7271999999999998,70.23,96.48,4,5,2.7178,3.0226,-1,-26.25,0.3048000000000002,5.4356,27.45659811313307,97.68659811313307,202.31340188686693,0.0,0.0,0.6743780062895565,55.19169916844507,74.23,1.7271999999999998,1.9304,0.0,1.6086666666666665,6.817984447163778,7.620100264477163,0.0,6.350083553730969,2.7178,10.728299056566534,97.68659811313307,154.58921525283228,90.49121698969724,7.620100264477163,6.350083553730969,56.9026171396992,1
B00091,B00091_R1,75,Gate_1,Orange_1,4,4,0.2032,1.9812,70.23,0.4572,2.54,96.48,4,5,-26.25,0.2032,0.762,1.6764,2.54,1.7272,2.032,3.2512,1,3,3,300,0,4,4,2.2436666666666665,0.0,1.9558,0.8128,70.23,96.48,4,5,1.7272,2.032,-1,-26.25,0.30479999999999996,4.9784,25.65183752417795,95.88183752417795,204.11816247582203,1.804760588955105,0.0,0.6803938749194067,60.26032460228186,74.23,0.8128,1.9558,1.7271999999999998,2.3114,3.2084632692535426,7.720364741641338,6.817984447163778,9.124067421939762,1.7272,6.817984447163779,95.88183752417795,165.3175143093988,92.59677101014488,7.720364741641338,9.124067421939762,69.43567678522085,0
B00092,B00092_R1,91,Gate_1,Purple_1,1,5,1.6764,2.54,83.16,0.4572,2.54,83.06,4,4,0.09,0.2032,0.762,0.4572,2.54,3.2512,2.032,2.032,1,3,3,300,0,1,5,1.68275,0.0,2.27965,2.032,83.16,83.06,4,4,3.2512,2.032,0,0.09999999999999432,-1.2191999999999998,5.2832,26.855011250148028,110.01501125014802,189.984988749852,6.0158686298504165,0.0,0.6332832958328399,56.78376741368867,87.16,2.032,2.27965,1.7271999999999998,2.9273499999999997,8.021158173133857,8.998736825484546,6.817984447163778,11.555480993170962,3.2512,12.83385307701417,110.01501125014802,207.50887301148703,139.50467769312755,8.998736825484546,11.555480993170962,97.493861761339,4
B00092,B00092_R1,92,Gate_1,Orange_5,2,5,1.6764,2.54,83.16,0.4572,2.54,83.06,4,4,0.09,0.2032,0.762,1.9812,2.032,3.2512,2.032,3.556,1,3,3,300,0,2,5,1.68275,0.0,2.27965,0.508,83.16,83.06,4,4,3.2512,2.032,0,0.09999999999999432,-1.2191999999999998,6.8072,32.87087987999842,116.03087987999842,183.96912012000158,0.0,0.0,0.6132304004000052,44.07098366435539,87.16,0.508,2.27965,1.7271999999999998,2.54635,2.0052895432834643,8.998736825484546,6.817984447163778,10.051513835708365,3.2512,12.83385307701417,116.03087987999842,207.508873011487,133.48880906327713,8.998736825484546,10.051513835708365,91.47799313148857,3
B00092,B00092_R1,87,Orange_2,Orange_7,3,5,1.6764,2.54,83.16,0.4572,2.54,83.06,4,4,0.09,1.9812,2.54,2.54,1.6002,0.8128,2.032,1.4986,3,3,3,300,0,3,5,3.0416499999999997,1.4986,2.3812499999999996,0.0,83.16,83.06,4,4,0.8128,2.032,0,0.09999999999999432,1.2192,2.3114,15.124067421939762,98.28406742193975,201.71593257806023,17.746812458058656,0.0,0.6723864419268675,129.79146837414555,87.16,0.0,2.3812499999999996,0.508,1.4223999999999999,0.0,9.399794734141238,2.0052895432834643,5.614810721193699,0.8128,3.2084632692535426,98.28406742193975,212.3215679153673,152.8398531559626,9.399794734141238,5.614810721193699,114.03750049342754,2
B00092,B00092_R1,85,Orange_7,Gate_4,4,5,1.6764,2.54,83.16,0.4572,2.54,83.06,4,4,0.09,2.54,1.6002,0.2032,1.9812,1.8034,3.0226,2.7178,2,3,3,300,0,4,5,2.7558999999999996,1.4986,1.8796,1.7271999999999998,83.16,83.06,4,4,1.8034,3.0226,0,0.09999999999999432,1.2192000000000003,4.5212,23.847076935222834,107.00707693522283,192.9929230647772,9.02380294477561,0.0,0.6433097435492573,66.35406529240024,87.16,1.7271999999999998,1.8796,0.0,1.5811499999999998,6.817984447163778,7.419571310148817,0.0,6.2414637034697815,1.8034,7.118777878656298,107.00707693522283,206.4059637626811,136.19594994670982,7.419571310148817,6.2414637034697815,99.39888682745827,1
B00092,B00092_R1,75,Gate_1,Orange_1,5,5,1.6764,2.54,83.16,0.4572,2.54,83.06,4,4,0.09,0.2032,0.762,1.6764,2.54,3.2512,2.032,3.2512,1,3,3,300,0,5,5,1.68275,0.0,2.27965,0.8128,83.16,83.06,4,4,3.2512,2.032,0,0.09999999999999432,-1.2191999999999998,6.5024,31.66770615402834,114.82770615402833,185.17229384597167,1.203173725970089,0.0,0.6172409794865722,46.13681102362205,87.16,0.8128,2.27965,1.7271999999999998,2.62255,3.2084632692535426,8.998736825484546,6.817984447163778,10.352307267200885,3.2512,12.83385307701417,114.82770615402833,207.508873011487,134.69198278924722,8.998736825484546,10.352307267200885,92.68116685745866,0
B00093,B00093_R2,86,Gate_2,Purple_2,1,4,1.6764,2.54,95.54,0.4572,2.54,75.84,5,4,19.7,0.2032,1.143,0.762,2.54,2.8702,1.651,1.9558,1,3,3,300,1,1,4,2.667,2.2605999999999997,2.7432,0.8128,75.84,95.54,4,5,1.651,2.8702,-1,-19.700000000000003,1.2192,3.6068,20.237555757312595,96.0775557573126,203.9224442426874,13.836497848655881,0.0,0.679741480808958,83.17622269047355,79.84,0.8128,2.7432,1.4986,1.8034,3.2084632692535426,10.828563533730707,5.915604152686219,7.1187778786562985,1.651,6.517191015671259,96.0775557573126,174.83782891880156,111.84755062566613,10.828563533730707,7.1187778786562985,78.76027316148897,3
B00093,B00093_R2,93,Green_3,Yellow_4,2,4,1.6764,2.54,95.54,0.4572,2.54,75.84,5,4,19.7,2.286,0.2032,0.762,0.7112,2.9464,4.1656,2.032,3,3,3,300,1,2,4,2.4638,0.8128,2.159,1.4986,75.84,95.54,4,5,4.1656,2.9464,-1,-19.700000000000003,-1.2192000000000003,6.1976,30.464532428058266,106.30453242805827,193.69546757194172,3.60952117791021,0.0,0.645651558573139,48.40583451658706,79.84,1.4986,2.159,3.556,3.8608,5.915604152686219,8.522480558954724,14.03702680298425,15.240200528954327,4.1656,16.443374254924407,106.30453242805827,173.03306832984646,94.7023250305925,8.522480558954724,15.240200528954327,66.72853590178819,2
B00093,B00093_R2,84,Green_5,Purple_5,3,4,1.6764,2.54,95.54,0.4572,2.54,75.84,5,4,19.7,1.9812,0.7112,1.0668,2.032,3.2512,3.8608,3.2512,3,3,3,300,1,3,4,2.2605999999999997,0.8128,2.1081999999999996,0.508,75.84,95.54,4,5,3.8608,3.2512,-1,-19.700000000000003,-0.6095999999999999,7.112,34.0740536059685,109.9140536059685,190.0859463940315,0.0,0.0,0.6336198213134384,42.1822272215973,79.84,0.508,2.1081999999999996,1.7271999999999998,3.048,2.0052895432834643,8.321951604626376,6.817984447163778,12.031737259700785,3.8608,15.240200528954327,109.9140536059685,167.01719969999607,90.49121698969722,8.321951604626376,12.031737259700785,57.103146094027565,1
B00093,B00093_R2,80,Purple_3,Purple_1,4,4,1.6764,2.54,95.54,0.4572,2.54,75.84,5,4,19.7,1.0668,2.54,0.4572,2.54,1.1176,1.1176,1.1176,3,3,3,300,1,4,4,3.0225999999999993,2.2605999999999997,3.2257999999999996,1.651,75.84,95.54,4,5,1.1176,1.1176,-1,-19.700000000000003,0.0,2.2352,14.823273990447243,90.66327399044725,209.33672600955276,19.250779615521253,0.0,0.6977890866985093,134.21617752326415,79.84,1.651,3.2257999999999996,0.508,1.524,6.517191015671259,12.733588599849996,2.0052895432834643,6.0158686298503925,1.1176,4.411636995223621,90.66327399044725,173.03306832984646,122.97690759088934,12.733588599849996,6.0158686298503925,82.3697943393992,0
B00094,B00094_R1,75,Gate_1,Orange_1,1,5,1.6764,2.54,84.36,0.4572,2.54,85.36,4,4,-1.0,0.2032,0.762,1.6764,2.54,3.2512,2.032,3.2512,1,3,3,300,0,1,5,2.5717499999999998,0.0,1.67005,0.8128,84.36,85.36,4,4,3.2512,2.032,0,-1.0,-1.2191999999999998,6.5024,31.66770615402834,116.02770615402834,183.97229384597165,1.2031737259700606,0.0,0.6132409794865722,46.13681102362205,88.36,0.8128,1.67005,1.7271999999999998,2.77495,3.2084632692535426,6.592389373544388,6.817984447163778,10.953894130185923,3.2512,12.83385307701417,116.02770615402834,196.6771357517862,113.03485572178582,6.592389373544388,10.953894130185923,80.64942959775787,4
B00094,B00094_R1,87,Orange_2,Orange_7,2,5,1.6764,2.54,84.36,0.4572,2.54,85.36,4,4,-1.0,1.9812,2.54,2.54,1.6002,0.8128,2.032,1.4986,3,3,3,300,0,2,5,2.15265,0.0,1.9621499999999998,0.0,84.36,85.36,4,4,0.8128,2.032,0,-1.0,1.2192,2.3114,15.124067421939762,99.48406742193976,200.51593257806024,17.746812458058656,0.0,0.6683864419268675,129.79146837414555,88.36,0.0,1.9621499999999998,0.508,1.2699999999999998,0.0,7.74543086093238,2.0052895432834643,5.01322385820866,0.8128,3.2084632692535426,99.48406742193976,201.4898306556665,134.19066040342636,7.74543086093238,5.01322385820866,102.00576323372675,3
B00094,B00094_R1,85,Orange_7,Gate_4,3,5,1.6764,2.54,84.36,0.4572,2.54,85.36,4,4,-1.0,2.54,1.6002,0.2032,1.9812,1.8034,3.0226,2.7178,2,3,3,300,0,3,5,2.3367999999999998,1.4986,2.032,1.7271999999999998,84.36,85.36,4,4,1.8034,3.0226,0,-1.0,1.2192000000000003,4.5212,23.847076935222834,108.20707693522283,191.79292306477717,9.023802944775582,0.0,0.6393097435492572,66.35406529240024,88.36,1.7271999999999998,2.032,0.0,1.42875,6.817984447163778,8.021158173133855,0.0,5.639876840484742,1.8034,7.118777878656298,108.20707693522283,195.5742265029803,126.57056013894919,8.021158173133855,5.639876840484742,87.36714956775748,2
B00094,B00094_R1,92,Gate_1,Orange_5,4,5,1.6764,2.54,84.36,0.4572,2.54,85.36,4,4,-1.0,0.2032,0.762,1.9812,2.032,3.2512,2.032,3.556,1,3,3,300,0,4,5,2.5717499999999998,0.0,1.51765,0.508,84.36,85.36,4,4,3.2512,2.032,0,-1.0,-1.2191999999999998,6.8072,32.87087987999842,117.23087987999841,182.7691201200016,0.0,0.0,0.6092304004000053,44.07098366435539,88.36,0.508,1.51765,1.7271999999999998,2.69875,2.0052895432834643,5.990802510559349,6.817984447163778,10.653100698693404,3.2512,12.83385307701417,117.23087987999841,196.67713575178624,109.42533454387558,5.990802510559349,10.653100698693404,79.44625587178783,1
B00094,B00094_R1,94,Orange_2,Purple_3,5,5,1.6764,2.54,84.36,0.4572,2.54,85.36,4,4,-1.0,1.9812,2.54,1.0668,2.54,0.8128,2.032,1.4224,3,3,3,300,0,5,5,2.15265,0.0,2.27965,1.4223999999999999,84.36,85.36,4,4,0.8128,2.032,0,-1.0,1.2192,2.2352,14.823273990447243,99.18327399044725,200.81672600955275,18.047605889551164,0.0,0.6693890866985092,134.21617752326415,88.36,1.4223999999999999,2.27965,0.508,1.2890499999999998,5.6148107211937,8.998736825484546,2.0052895432834643,5.088422216081789,0.8128,3.2084632692535426,99.18327399044725,201.4898306556665,139.50467769312752,8.998736825484546,5.088422216081789,102.30655666521926,0
B00095,B00095_R2,93,Green_3,Yellow_4,1,4,1.0668,2.54,89.92,0.4572,2.54,75.24,5,4,14.68,2.286,0.2032,0.762,0.7112,3.556,4.1656,2.032,3,3,3,300,1,1,4,2.1336,0.8128,1.8288,0.508,75.24,89.92,4,5,4.1656,3.556,-1,-14.680000000000007,-0.6096000000000004,6.1976,30.464532428058266,105.70453242805826,194.29546757194174,3.6095211779102385,0.0,0.6476515585731392,48.40583451658706,79.24,0.508,1.8288,3.4798,3.7338,2.0052895432834643,7.219042355820471,13.73623337149173,14.738878143133462,4.1656,16.443374254924407,105.70453242805826,176.0425895077567,94.70232503059252,7.219042355820471,14.738878143133462,70.33805707969844,3
B00095,B00095_R2,95,Yellow_2,Gate_3,2,4,1.0668,2.54,89.92,0.4572,2.54,75.24,5,4,14.68,0.762,0.2032,0.2032,1.6002,3.2512,2.6416,1.9558,2,3,3,300,1,2,4,2.3367999999999998,1.7271999999999998,2.8194,1.8034,75.24,89.92,4,5,2.6416,3.2512,-1,-14.680000000000007,0.6095999999999999,4.5974,24.147870366715352,99.38787036671535,200.61212963328467,9.926183239253163,0.0,0.6687070987776156,65.25427415495714,79.24,1.8034,2.8194,0.508,2.1336,7.118777878656298,11.129356965223225,2.0052895432834643,8.42221608179055,2.6416,10.427505625074014,99.38787036671535,170.3275143093988,112.7499309201437,11.129356965223225,8.42221608179055,70.93964394268345,2
B00095,B00095_R2,84,Green_5,Purple_5,3,4,1.0668,2.54,89.92,0.4572,2.54,75.24,5,4,14.68,1.9812,0.7112,1.0668,2.032,3.2512,3.8608,3.2512,3,3,3,300,1,3,4,1.9304,0.8128,2.4384,0.508,75.24,89.92,4,5,3.8608,3.2512,-1,-14.680000000000007,-0.6095999999999999,7.112,34.0740536059685,109.3140536059685,190.6859463940315,0.0,0.0,0.6356198213134383,42.1822272215973,79.24,0.508,2.4384,1.7271999999999998,2.921,2.0052895432834643,9.625389807760628,6.817984447163778,11.530414873879918,3.8608,15.240200528954327,109.3140536059685,170.3275143093988,98.31184620850274,9.625389807760628,11.530414873879918,61.0134607034303,1
B00095,B00095_R2,80,Purple_3,Purple_1,4,4,1.0668,2.54,89.92,0.4572,2.54,75.24,5,4,14.68,1.0668,2.54,0.4572,2.54,0.0,1.1176,1.1176,3,3,3,300,1,4,4,3.3528,3.2512,3.5559999999999996,2.6416,75.24,89.92,4,5,1.1176,0.0,-1,-14.680000000000007,-1.1176,2.2352,14.823273990447243,90.06327399044724,209.93672600955276,19.250779615521253,0.0,0.6997890866985091,134.21617752326415,79.24,2.6416,3.5559999999999996,0.508,1.8541999999999998,10.427505625074014,14.037026802984249,2.0052895432834643,7.319306832984644,1.1176,4.411636995223621,90.06327399044724,176.34338293924918,130.79753680969486,14.037026802984249,7.319306832984644,86.28010894880194,0
B00096,B00096_R1,94,Orange_2,Purple_3,1,5,1.0668,2.54,80.24,0.4572,2.54,86.57,5,4,-6.32,1.9812,2.54,1.0668,2.54,1.4224,2.032,1.4224,3,3,3,300,0,1,5,1.26365,0.0,1.97485,1.4223999999999999,80.24,86.57,5,4,1.4224,2.032,1,-6.329999999999998,0.6095999999999999,2.8448,17.2296214423874,97.46962144238739,202.5303785576126,13.234910985670865,0.0,0.6751012618587087,105.45556805399325,85.24,1.4223999999999999,1.97485,0.508,1.6700499999999998,5.6148107211937,7.795563099514467,2.0052895432834643,6.592389373544388,1.4224,5.614810721193701,97.46962144238739,188.94761457387594,126.26976670745668,7.795563099514467,6.592389373544388,91.47799313148855,4
B00096,B00096_R1,96,Orange_2,Gate_4,2,5,1.0668,2.54,80.24,0.4572,2.54,86.57,5,4,-6.32,1.9812,2.54,0.2032,1.9812,1.4224,2.032,2.3368,2,3,3,300,0,2,5,1.26365,0.0,2.27965,1.7271999999999998,80.24,86.57,5,4,1.4224,2.032,1,-6.329999999999998,0.6095999999999999,3.7592000000000003,20.839142620297636,101.07914262029763,198.92085737970237,9.625389807760627,0.0,0.6630695245990079,79.80421366248137,85.24,1.7271999999999998,2.27965,0.508,1.44145,6.817984447163778,8.998736825484546,2.0052895432834643,5.690009079066829,1.4224,5.614810721193701,101.07914262029763,188.94761457387597,127.47294043342676,8.998736825484546,5.690009079066829,87.86847195357834,3
B00096,B00096_R1,92,Gate_1,Orange_5,3,5,1.0668,2.54,80.24,0.4572,2.54,86.57,5,4,-6.32,0.2032,0.762,1.9812,2.032,2.6416,2.032,3.556,1,3,3,300,0,3,5,3.46075,3.175,0.7556499999999999,0.508,80.24,86.57,5,4,2.6416,2.032,1,-6.329999999999998,-0.6095999999999999,6.1975999999999996,30.464532428058263,110.70453242805826,189.29546757194174,0.0,0.0,0.6309848919064724,48.40583451658707,85.24,0.508,0.7556499999999999,1.7271999999999998,2.31775,2.0052895432834643,2.982868195634153,6.817984447163778,9.149133541230805,2.6416,10.427505625074014,110.70453242805826,188.94761457387597,93.78407610626456,2.982868195634153,9.149133541230805,78.24308214581771,2
B00096,B00096_R1,87,Orange_2,Orange_7,4,5,1.0668,2.54,80.24,0.4572,2.54,86.57,5,4,-6.32,1.9812,2.54,2.54,1.6002,1.4224,2.032,1.4986,3,3,3,300,0,4,5,1.26365,0.0,1.54305,0.0,80.24,86.57,5,4,1.4224,2.032,1,-6.329999999999998,0.6095999999999999,2.9210000000000003,17.53041487387992,97.77041487387991,202.22958512612007,12.934117554178329,0.0,0.6740986170870669,102.70455323519342,85.24,0.0,1.54305,0.508,1.6509999999999998,0.0,6.091066987723522,2.0052895432834643,6.517191015671258,1.4224,5.614810721193701,97.77041487387991,188.94761457387597,119.15098882880038,6.091066987723522,6.517191015671258,91.17719969999605,1
B00096,B00096_R1,85,Orange_7,Gate_4,5,5,1.0668,2.54,80.24,0.4572,2.54,86.57,5,4,-6.32,2.54,1.6002,0.2032,1.9812,2.413,3.0226,2.7178,2,3,3,300,0,5,5,1.9177,1.4986,2.1843999999999997,1.7271999999999998,80.24,86.57,5,4,2.413,3.0226,1,-6.329999999999998,0.6096000000000004,5.1308,26.253424387162987,106.49342438716297,193.50657561283703,4.211108040895283,0.0,0.6450219187094568,58.47041397053091,85.24,1.7271999999999998,2.1843999999999997,0.0,1.6573499999999999,6.817984447163778,8.622745036118895,0.0,6.542257134962302,2.413,9.525125330596454,106.49342438716297,183.03201042118974,120.5546915090988,8.622745036118895,6.542257134962302,76.53858603402676,0
B00097,B00097_R2,95,Yellow_2,Gate_3,1,4,0.2032,1.9812,90.96,0.4572,2.54,77.24,5,4,13.72,0.762,0.2032,0.2032,1.6002,2.3368,2.6416,1.9558,2,3,3,300,1,1,4,2.6416,1.7271999999999998,2.159,1.4986,77.24,90.96,4,5,2.6416,2.3368,-1,-13.719999999999999,-0.30479999999999974,4.5974,24.147870366715352,101.38787036671535,198.61212963328467,9.926183239253163,0.0,0.6620404321109489,65.25427415495714,81.24,1.4986,2.159,2.6416,3.1495999999999995,5.915604152686219,8.522480558954724,10.427505625074014,12.432795168357478,2.6416,10.427505625074014,101.38787036671535,166.31164567954843,90.49121698969725,8.522480558954724,12.432795168357478,64.92377531283309,3
B00097,B00097_R2,84,Green_5,Purple_5,2,4,0.2032,1.9812,90.96,0.4572,2.54,77.24,5,4,13.72,1.9812,0.7112,1.0668,2.032,3.556,3.8608,3.2512,3,3,3,300,1,2,4,2.8447999999999998,1.7271999999999998,1.524,0.508,77.24,90.96,4,5,3.8608,3.556,-1,-13.719999999999999,-0.30479999999999974,7.112,34.0740536059685,111.3140536059685,188.6859463940315,0.0,0.0,0.6289531546467717,42.1822272215973,81.24,0.508,1.524,2.9463999999999997,3.3273999999999995,2.0052895432834643,6.0158686298503925,11.630679351044092,13.134646508506691,3.8608,15.240200528954327,111.3140536059685,162.70212450163817,73.0451979631311,6.0158686298503925,13.134646508506691,51.38807089566967,2
B00097,B00097_R2,80,Purple_3,Purple_1,3,4,0.2032,1.9812,90.96,0.4572,2.54,77.24,5,4,13.72,1.0668,2.54,0.4572,2.54,1.4224,1.1176,1.1176,3,3,3,300,1,3,4,2.4384,0.8128,2.4384,0.8128,77.24,90.96,4,5,1.1176,1.4224,-1,-13.719999999999999,0.3048000000000002,2.2352,14.823273990447243,92.06327399044724,207.93672600955276,19.250779615521253,0.0,0.6931224200318425,134.21617752326415,81.24,0.8128,2.4384,0.508,1.2446,3.2084632692535426,9.625389807760628,2.0052895432834643,4.912959381044487,1.1176,4.411636995223621,92.06327399044724,163.90529822760826,103.12454111238307,9.625389807760628,4.912959381044487,71.84202423716101,1
B00097,B00097_R2,97,Purple_2,Orange_5,4,4,0.2032,1.9812,90.96,0.4572,2.54,77.24,5,4,13.72,0.762,2.54,1.9812,2.032,1.1176,0.8128,1.7272,3,3,3,300,1,4,4,2.4384,0.8128,2.6416,1.4223999999999999,77.24,90.96,4,5,0.8128,1.1176,-1,-13.719999999999999,0.30479999999999996,2.54,16.026447716417323,93.26644771641732,206.7335522835827,18.047605889551193,0.0,0.6891118409452757,118.11023622047244,81.24,1.4223999999999999,2.6416,0.8128,1.0414,5.6148107211937,10.427505625074014,3.2084632692535426,4.110843563731101,0.8128,3.2084632692535426,93.26644771641732,166.31164567954843,104.32771483835315,10.427505625074014,4.110843563731101,73.04519796313112,0
B00098,B00098_R1,98,Purple_3,Gate_4,1,5,0.2032,1.9812,78.34,1.9812,2.032,81.94,4,5,-3.6,1.0668,2.54,0.2032,1.9812,1.4224,1.4224,1.4224,2,3,3,300,0,1,5,1.97485,1.4223999999999999,2.27965,1.7271999999999998,78.34,81.94,4,5,1.4224,1.4224,-1,-3.5999999999999943,0.0,2.8448,17.2296214423874,95.5696214423874,204.43037855761258,10.226976670745671,0.0,0.681434595192042,105.45556805399325,82.34,1.7271999999999998,2.27965,1.4223999999999999,1.6700499999999998,6.817984447163778,8.998736825484546,5.6148107211937,6.592389373544388,1.4224,5.614810721193701,95.5696214423874,195.4698306556665,135.8951565152173,8.998736825484546,6.592389373544388,99.9002092132791,4
B00098,B00098_R1,96,Orange_2,Gate_4,2,5,0.2032,1.9812,78.34,1.9812,2.032,81.94,4,5,-3.6,1.9812,2.54,0.2032,1.9812,2.3368,0.508,2.3368,2,3,3,300,0,2,5,1.6192499999999999,0.0,2.05105,1.4223999999999999,78.34,81.94,4,5,2.3368,0.508,-1,-3.5999999999999943,-1.8288000000000002,4.6736,24.44866379820787,102.78866379820788,197.2113362017921,3.007934314925194,0.0,0.6573711206726404,64.19034577199588,82.34,1.4223999999999999,2.05105,0.508,1.6700499999999998,5.6148107211937,8.096356531006986,2.0052895432834643,6.592389373544388,2.3368,9.224331899103936,102.78866379820788,188.25078829984602,125.0665929814866,8.096356531006986,6.592389373544388,85.46212450163814,3
B00098,B00098_R1,92,Gate_1,Orange_5,3,5,0.2032,1.9812,78.34,1.9812,2.032,81.94,4,5,-3.6,0.2032,0.762,1.9812,2.032,1.7272,3.556,3.556,1,3,3,300,0,3,5,3.23215,2.6416,0.9842499999999998,0.508,78.34,81.94,4,5,1.7272,3.556,-1,-3.5999999999999943,1.8288,5.2832,26.855011250148028,105.19501125014803,194.804988749852,0.6015868629850729,0.0,0.6493499624995066,56.78376741368867,82.34,0.508,0.9842499999999998,1.7271999999999998,2.08915,2.0052895432834643,3.885248490111712,6.817984447163778,8.246753246753247,1.7272,6.817984447163779,105.19501125014803,195.46983065566656,105.81581336596534,3.885248490111712,8.246753246753247,90.27481940551853,2
B00098,B00098_R1,87,Orange_2,Orange_7,4,5,0.2032,1.9812,78.34,1.9812,2.032,81.94,4,5,-3.6,1.9812,2.54,2.54,1.6002,2.3368,0.508,1.4986,3,3,3,300,0,4,5,1.6192499999999999,0.0,1.77165,0.0,78.34,81.94,4,5,2.3368,0.508,-1,-3.5999999999999943,-1.8288000000000002,3.8354,21.139936051790155,99.47993605179016,200.52006394820984,6.3166620613429245,0.0,0.6684002131606994,78.21869948375658,82.34,0.0,1.77165,0.508,1.8796,0.0,6.993447282201081,2.0052895432834643,7.419571310148816,2.3368,9.224331899103936,99.47993605179016,188.25078829984605,123.96368373268069,6.993447282201081,7.419571310148816,88.77085224805589,1
B00098,B00098_R1,85,Orange_7,Gate_4,5,5,0.2032,1.9812,78.34,1.9812,2.032,81.94,4,5,-3.6,2.54,1.6002,0.2032,1.9812,2.7178,1.4986,2.7178,2,3,3,300,0,5,5,2.1463,1.4986,1.9558,1.4223999999999999,78.34,81.94,4,5,2.7178,1.4986,-1,-3.5999999999999943,-1.2192,5.4356,27.45659811313307,105.79659811313307,194.2034018868669,0.0,0.0,0.647344672956223,55.19169916844507,82.34,1.4223999999999999,1.9558,0.0,1.73355,5.6148107211937,7.720364741641336,0.0,6.8430505664548225,2.7178,10.728299056566534,105.79659811313307,184.74153159909997,120.5546915090988,7.720364741641336,6.8430505664548225,78.9449334859669,0
B00099,B00099_R2,99,Gate_2,Green_5,1,4,0.2032,1.9812,85.96,1.9812,2.032,71.73,5,4,14.22,0.2032,1.143,1.9812,0.7112,1.3462,3.175,2.7178,1,3,3,300,1,1,4,2.3114,1.9558,2.269066666666667,0.0,71.73,85.96,4,5,3.175,1.3462,-1,-14.22999999999999,-1.8287999999999998,5.892799999999999,29.261358702088184,100.99135870208819,199.00864129791182,1.203173725970089,0.0,0.6633621376597061,50.90958457778985,75.73,0.0,2.269066666666667,1.651,2.3622,0.0,8.956959959999473,6.517191015671259,9.324596376268108,3.175,12.53305964552165,100.99135870208819,161.10243911104092,92.99782891880156,8.956959959999473,9.324596376268108,60.11108040895273,3
B00099,B00099_R2,84,Green_5,Purple_5,2,4,0.2032,1.9812,85.96,1.9812,2.032,71.73,5,4,14.22,1.9812,0.7112,1.0668,2.032,3.556,2.9464,3.2512,3,3,3,300,1,2,4,3.1749999999999994,2.7178,1.1937999999999998,0.508,71.73,85.96,4,5,2.9464,3.556,-1,-14.22999999999999,0.6095999999999999,6.1975999999999996,30.464532428058263,102.19453242805827,197.80546757194173,0.0,0.0,0.6593515585731391,48.40583451658707,75.73,0.508,1.1937999999999998,0.0,2.269066666666667,2.0052895432834643,4.71243042671614,0.0,8.956959959999473,2.9464,11.630679351044094,102.19453242805827,155.48762838984723,79.06106659298148,4.71243042671614,8.956959959999473,53.293095961788964,2
B00099,B00099_R2,80,Purple_3,Purple_1,3,4,0.2032,1.9812,85.96,1.9812,2.032,71.73,5,4,14.22,1.0668,2.54,0.4572,2.54,1.4224,1.4224,1.1176,3,3,3,300,1,3,4,2.1081999999999996,0.8128,2.1082,0.8128,71.73,85.96,4,5,1.4224,1.4224,-1,-14.22999999999999,0.0,2.54,16.026447716417323,87.75644771641733,212.2435522835827,14.438084711640954,0.0,0.7074785076119423,118.11023622047244,75.73,0.8128,2.1082,0.508,1.7271999999999998,3.2084632692535426,8.321951604626376,2.0052895432834643,6.817984447163778,1.4224,5.614810721193701,87.75644771641733,163.50878656298107,104.32771483835313,8.321951604626376,6.817984447163778,75.75233884656375,1
B00099,B00099_R2,97,Purple_2,Orange_5,4,4,0.2032,1.9812,85.96,1.9812,2.032,71.73,5,4,14.22,0.762,2.54,1.9812,2.032,1.1176,1.7272,1.7272,3,3,3,300,1,4,4,2.1082,0.8128,2.5145999999999997,1.4223999999999999,71.73,85.96,4,5,1.7272,1.1176,-1,-14.22999999999999,-0.6096000000000001,3.4544,19.635968894327558,91.36596889432757,208.63403110567242,10.828563533730687,0.0,0.6954467703522415,86.84576192681797,75.73,1.4223999999999999,2.5145999999999997,0.8128,1.7272,5.6148107211937,9.926183239253147,3.2084632692535426,6.817984447163778,1.7272,6.817984447163779,91.36596889432757,163.5087865629811,105.53088856432319,9.926183239253147,6.817984447163778,72.14281766865354,0
B00100,B00100_R2,100,Gate_1,Yellow_1,1,5,0.2032,1.9812,76.14,1.9812,2.032,67.82,4,4,8.32,0.2032,0.762,0.4572,0.2032,1.7272,3.556,0.8128,1,3,3,300,1,1,5,2.05105,0.889,2.20345,1.1938,67.82,76.14,4,4,3.556,1.7272,0,-8.320000000000007,-1.8288,4.3688,23.245490072237793,91.0654900722378,208.9345099277622,7.219042355820449,0.0,0.696448366425874,68.66874198864676,71.82,1.1938,2.20345,2.032,2.6416,4.712430426716141,8.697943393992025,8.021158173133857,10.427505625074014,3.556,14.03702680298425,91.0654900722378,180.43792918327873,130.18008131685943,8.697943393992025,10.427505625074014,89.37243911104093,4
B00100,B00100_R2,99,Gate_2,Green_5,2,5,0.2032,1.9812,76.14,1.9812,2.032,67.82,4,4,8.32,0.2032,1.143,1.9812,0.7112,1.3462,3.175,2.7178,1,3,3,300,1,2,5,1.9558,0.889,2.2859999999999996,0.0,67.82,76.14,4,4,3.175,1.3462,0,-8.320000000000007,-1.8287999999999998,5.892799999999999,29.261358702088184,97.08135870208818,202.91864129791182,1.2031737259700606,0.0,0.6763954709930394,50.90958457778985,71.82,0.0,2.2859999999999996,1.1938,2.0701,0.0,9.02380294477559,4.712430426716141,8.171554888880117,3.175,12.53305964552165,97.08135870208818,178.6331685943236,125.46765089014329,9.02380294477559,8.171554888880117,81.55180989223541,3
B00100,B00100_R2,84,Green_5,Purple_5,3,5,0.2032,1.9812,76.14,1.9812,2.032,67.82,4,4,8.32,1.9812,0.7112,1.0668,2.032,3.556,2.9464,3.2512,3,3,3,300,1,3,5,2.9654499999999997,2.3367999999999998,1.55575,0.508,67.82,76.14,4,4,2.9464,3.556,0,-8.320000000000007,0.6095999999999999,6.1975999999999996,30.464532428058263,98.28453242805826,201.71546757194176,0.0,0.0,0.6723848919064725,48.40583451658707,71.82,0.508,1.55575,0.0,2.2097999999999995,2.0052895432834643,6.141199226305608,0.0,8.723009513283069,2.9464,11.630679351044094,98.28453242805826,174.823118462085,112.7340622902933,6.141199226305608,8.723009513283069,76.53858603402675,2
B00100,B00100_R2,80,Purple_3,Purple_1,4,5,0.2032,1.9812,76.14,1.9812,2.032,67.82,4,4,8.32,1.0668,2.54,0.4572,2.54,1.4224,1.4224,1.1176,3,3,3,300,1,4,5,2.2415499999999997,0.8128,2.0891499999999996,0.8128,67.82,76.14,4,4,1.4224,1.4224,0,-8.320000000000007,0.0,2.54,16.026447716417323,83.84644771641732,216.15355228358268,14.438084711640926,0.0,0.7205118409452757,118.11023622047244,71.82,0.8128,2.0891499999999996,0.508,2.032,3.2084632692535426,8.246753246753247,2.0052895432834643,8.021158173133857,1.4224,5.614810721193701,83.84644771641732,182.84427663521888,135.59436308372477,8.246753246753247,8.021158173133857,98.99782891880156,1
B00100,B00100_R2,97,Purple_2,Orange_5,5,5,0.2032,1.9812,76.14,1.9812,2.032,67.82,4,4,8.32,0.762,2.54,1.9812,2.032,1.1176,1.7272,1.7272,3,3,3,300,1,5,5,2.16535,0.8128,2.7749499999999996,1.4223999999999999,67.82,76.14,4,4,1.7272,1.1176,0,-8.320000000000007,-0.6096000000000001,3.4544,19.635968894327558,87.45596889432755,212.54403110567245,10.828563533730687,0.0,0.7084801036855748,86.84576192681797,71.82,1.4223999999999999,2.7749499999999996,0.8128,1.9558,5.6148107211937,10.953894130185923,3.2084632692535426,7.720364741641337,1.7272,6.817984447163779,87.45596889432755,182.84427663521888,142.81340543954525,10.953894130185923,7.720364741641337,95.38830774089132,0
